domain,title,business_name,country,seo_score,tech_spend,crawled_at,technologies
clubsdock.us,ClubsDock Premium golf storage solutions,ClubsDock,USA,87,24744,2026-10-09T14:28:21.983892841Z,"['Alternate Protocol', 'Amazon WAF Blocked', 'Apture Linking Platform', 'Cisco/Arrowpoint Content Service Switch', 'Cloudflare', 'Cloudflare CDN', 'Express', 'Fastly CDN', 'Freshmarketer', 'Google Analytics', 'Google Related Website Sites', 'Google Tag Manager', 'GraphQL', 'IcoMoon', 'Icons8', 'Instagram Follow Button', 'Microdata for Google Shopping', 'Microsoft Clarity', 'NFOrce Internet', 'OmniConvert', 'PHP', 'PageFly', 'Pinterest Conversion Tracking', 'QUIC', 'Shopify', 'Shopify Collabs', 'Shopify Payments', 'Thank You', 'TinyIMG', 'UTF-8', 'YouTube', 'eLand', 'hCaptcha', 'jQuery', 'jsDelivr', 'reCAPTCHA']"
vectorelements.net,"Vector Illustrations, SVG Icons & Free Graphics | VectorElements",,,77,18960,2026-10-09T13:53:19.240829027Z,"['ADFOX', 'Alternate Protocol', 'Checkout.com', 'Facebook Conversion Tracking', 'Facebook Login', 'Facebook Messenger Platform', 'Facebook Pixel', 'Facebook Reseller', 'Facebook Tag API', 'GZIP Module', 'Google', 'Google Analytics', 'Google Cloud DNS', 'Google Font API', 'Google Related Website Sites', 'Google Tag Manager', 'Instagram Follow Button', 'LiveInternet', 'Microdata for Google Shopping', 'Nginx', 'Paddle', 'Pinterest Conversion Tracking', 'ProfitWell', 'QUIC', 'Stripe', 'Tailwind CSS', 'UTF-8', 'Vector Internet Services', 'Yandex Hosting', 'Yandex Metrika']"
s4suncare.com,S4 Suncare,,,52,8219,2026-10-09T12:58:01.015925303Z,"['Alternate Protocol', 'Apache', 'Astra Theme', 'Automattic', 'Elementor', 'EmbedPress', 'Fireblade', 'Formidable Pro Form', 'GZIP Module', 'Google', 'Google Analytics', 'Google Cloud DNS', 'Google Font API', 'Google Tag Manager', 'Instagram Follow Button', 'Jetpack', 'MailChimp', 'MailChimp for WordPress', 'NFOrce Internet', 'PHP', 'Pinterest Conversion Tracking', 'QUIC', 'Simple Banner for Wordpress', 'Theme In WP', 'UTF-8', 'Woo Themes', 'WooCommerce', 'WooCommerce Checkout', 'WordPress', 'WordPress Multisite', 'WordPress Related Posts', 'WordPress Stats', 'jQuery']"
miriinteriors.com.au,Miri Interiors | Melbourne Interior Designer,Miri Interiors,,82,76693,2026-10-09T12:58:00.990611814Z,"['Adobe Creative Cloud WebFonts', 'Amazon S3 CDN', 'Apture Linking Platform', 'Aruba', 'CDN JS', 'Cloudflare', 'Cloudflare CDN', 'Express', 'GZIP Module', 'Google Analytics', 'Google Tag Manager', 'Instagram Follow Button', 'Investor Relations', 'Line2', 'Magento Enterprise', 'Microdata for Google Shopping', 'Pinterest Conversion Tracking', 'QUIC', 'SiteW', 'Squarespace', 'Storyblocks', 'UTF-8', 'WordPress SEO Structured Data Schema Plugin', 'eLand']"
abodearc.store,"AbodeArc | Premium Home Decor, Furniture & Lifestyle | AbodeArc",AbodeArc,USA,87,11216,2026-10-09T10:26:16.786848331Z,"['Amazon WAF Blocked', 'Apture Linking Platform', 'Cloudflare', 'Cloudflare CDN', 'Express', 'Fastly', 'Google Analytics', 'Google My Business', 'Google Related Website Sites', 'Google Tag Manager', 'Instagram Follow Button', 'Klaviyo', 'Metricool', 'Microdata for Google Shopping', 'NFOrce Internet', 'Pinterest Conversion Tracking', 'QUIC', 'Shopify', 'Shopify Collabs', 'Thank You', 'UTF-8', 'hCaptcha', 'reCAPTCHA']"
theeclecticcottagespokane.com,"The Eclectic Cottage – Blossoms, Vines and Vintage Finds",,USA,87,1785,2026-10-09T10:02:45.189532811Z,"['Alternate Protocol', 'Automattic', 'CoBlocks', 'EmbedPress', 'Express', 'Google Related Website Sites', 'Gutenberg', 'Instagram Follow Button', 'Jetpack', 'Jetpack Site Accelerator', 'MailChimp', 'Nginx', 'Perl', 'Pinterest Conversion Tracking', 'The Events Calendar', 'UTF-8', 'Varia', 'Woo Themes', 'WooCommerce', 'WooCommerce Checkout', 'WooCommerce Payments', 'WordPress', 'WordPress Multisite', 'WordPress Stats', 'YouTube', 'jQuery']"
cardea-solutions.com,Safety & Security Specialists | Fingershield Door Guards | Window Restrictors | Cardea Solutions,,GBR,92,35644,2026-10-09T09:21:03.315241726Z,"['Alternate Protocol', 'Amazon WAF Blocked', 'Apture Linking Platform', 'Cloudflare', 'Cloudflare CDN', 'Content Delivery Network', 'Contento', 'Convertful', 'CookieYes', 'DoubleClick Bid Manager', 'EmbedPress', 'Facebook Reseller', 'Flexy Breadcrumb', 'Font Awesome', 'Google', 'Google Analytics', 'Google Cloud CDN', 'Google Cloud DNS', 'Google Font API', 'Google My Business', 'Google Related Website Sites', 'Google Tag Manager', 'Instagram Follow Button', 'Lazy Load for WordPress', 'Microdata for Google Shopping', 'PHP', 'Pinterest Conversion Tracking', 'RocketCDN', 'UTF-8', 'Vector Internet Services', 'WP Rocket', 'WPBakery', 'Woo Themes', 'WooCommerce', 'WooCommerce Checkout', 'WordPress', 'WordPress Multisite', 'reCAPTCHA']"
selfreflectionpodcast.com,Home - Self Reflection Podcast,unguardthesoul.com,,82,44087,2026-10-09T08:50:54.30339736Z,"['AWS WAF Challenge', 'Alternate Protocol', 'Amazon Widgets', 'Apture Linking Platform', 'Automattic', 'Cloudflare', 'Cloudflare CDN', 'Content Delivery Network', 'Element Pack Lite', 'Elementor', 'ElementsKit Elementor', 'EmbedPress', 'FormSubmit', 'Free Call', 'Full Media', 'Google', 'Google Analytics', 'Google Cloud DNS', 'Google Font API', 'Google My Business', 'Google Tag Manager', 'Gravity', 'Gravity Forms', 'HappyAddons', 'Header, Footer and Blocks for Elementor', 'Hello Elementor', 'Instagram Follow Button', 'Jetpack', 'LiteSpeed', 'Metform Elemento', 'Microdata for Google Shopping', 'PHP', 'Pinterest Conversion Tracking', 'Premium Addons for Elementor', 'QUIC', 'Sticky Header Effects for Elementor', 'Theme In WP', 'To Top', 'UTF-8', 'Woo Themes', 'WooCommerce', 'WooCommerce Checkout', 'WooCommerce Payments', 'WordPress', 'WordPress Multisite', 'WordPress Stats', 'YouTube']"
homebodyhq.com,homebodyHQ,,PHL,87,81333,2026-10-09T08:06:46.649583779Z,"['Adobe Creative Cloud WebFonts', 'Aruba', 'Express', 'GZIP Module', 'Google Adsense', 'Google Analytics', 'Google Funding Choices', 'Google Matched Content', 'Google Reseller', 'Google Tag Manager', 'Instagram Follow Button', 'Line2', 'Magento Enterprise', 'Microdata for Google Shopping', 'Pinterest Conversion Tracking', 'QUIC', 'SiteW', 'Squarespace', 'Subversion', 'UTF-8', 'Vector Internet Services', 'WordPress SEO Structured Data Schema Plugin', 'YouTube', 'eLand']"
keepinitrare.com,Once Upon A Gene- Rare Disease Podcast,,,67,1312,2026-10-09T07:31:08.492738617Z,"['Adobe Creative Cloud WebFonts', 'Alternate Protocol', 'Aruba', 'Express', 'GZIP Module', 'Instagram Follow Button', 'Line2', 'Microdata for Google Shopping', 'Newsletter for Wordpress', 'Pinterest Conversion Tracking', 'QUIC', 'Squarespace', 'Twitter Ads', 'UTF-8', 'WordPress SEO Structured Data Schema Plugin', 'YouTube', 'eLand']"
leyigallery.com,Hand-Painted Oil Paintings for Sale | Custom Wall Art | LeYiGallery,LeYiGallery,VAT,82,45284,2026-10-09T05:37:14.205992639Z,"['Apture Linking Platform', 'Aruba', 'Baidu Cloud', 'CDN JS', 'Cloudflare', 'Cloudflare CDN', 'Express', 'Fastly', 'Google Related Website Sites', 'IcoMoon', 'Klaviyo', 'Mapp', 'Microdata for Google Shopping', 'Perl', 'Pinterest Conversion Tracking', 'QUIC', 'Secomapp', 'Shopify', 'Shopify Collabs', 'Thank You', 'UTF-8', 'Yandex Hosting', 'YouTube', 'eLand', 'hCaptcha', 'reCAPTCHA']"
ateliercayelle.com,Recycled coffee grounds jewellery,,AUS,77,77260,2026-10-09T05:14:52.763685181Z,"['Aruba', 'Express', 'Facebook Login', 'Facebook Messenger Platform', 'Facebook Pixel', 'Facebook Reseller', 'Facebook Tag API', 'GZIP Module', 'Google Analytics', 'Google Related Website Sites', 'Google Tag Manager', 'IcoMoon', 'Instagram Follow Button', 'Line2', 'Magento Enterprise', 'Microdata for Google Shopping', 'Newsletter for Wordpress', 'Pinterest Conversion Tracking', 'QUIC', 'SiteW', 'Squarespace', 'UTF-8', 'WordPress SEO Structured Data Schema Plugin', 'eLand']"
buddinggems.ca,Budding Gems Gardens: Successfully garden & grow food at home!,Budding Gems Gardens,CAN,87,96333,2026-10-09T04:50:19.696135721Z,"['Adobe Creative Cloud WebFonts', 'Aruba', 'Express', 'Fireblade', 'GZIP Module', 'Instagram Follow Button', 'Line2', 'Magento Enterprise', 'Microdata for Google Shopping', 'Pinterest Conversion Tracking', 'QUIC', 'SiteW', 'Squarespace', 'UTF-8', 'Vector Internet Services', 'WordPress SEO Structured Data Schema Plugin', 'eLand']"
creasources.ca,Accueil,,,62,7320,2026-10-09T04:32:43.225567011Z,"['Angular', 'Angular Material', 'Content Delivery Network', 'Express', 'Fastly', 'Financial Services Guide', 'Google', 'Google Analytics', 'Google Cloud', 'Google Cloud CDN', 'Google Tag Manager', 'Pinterest Conversion Tracking', 'SiteW', 'Tailwind CSS', 'UTF-8']"
meetthesocialpro.com,Hire a Freelance Social Media Manager or Ads Manager,,,62,5106,2026-10-09T03:52:24.687659531Z,"['Content Delivery Network', 'ConvertBox', 'CookieYes', 'Deadline Funnel', 'Facebook Conversion Tracking', 'Facebook Login', 'Facebook Messenger Platform', 'Facebook Pixel', 'Facebook Reseller', 'Facebook Tag API', 'GZIP Module', 'Google', 'Google Analytics', 'Google Cloud DNS', 'Google Font API', 'Google My Business', 'Google Tag Manager', 'Instagram Follow Button', 'LinkedIn Insights', 'LinkedIn Pixel', 'Microsoft Clarity', 'Nginx', 'Pinterest Conversion Tracking', 'TrustPulse', 'UTF-8', 'WP Engine']"
motormedia.co.uk,"Motoring & Transport Books, Car Brochures & Scale Models | Motormedia",Motormedia,GBR,82,6564,2026-10-09T03:09:56.178963421Z,"['AJAX Libraries API', 'Apture Linking Platform', 'Cloudflare', 'Cloudflare CDN', 'DAV', 'Express', 'Facebook Conversion Tracking', 'Facebook Login', 'Facebook Messenger Platform', 'Facebook Pixel', 'Facebook Reseller', 'Facebook Tag API', 'Google Analytics', 'Google Cloud DNS', 'Google Font API', 'Google Related Website Sites', 'Google Tag Manager', 'IcoMoon', 'Instagram Follow Button', 'Microdata for Google Shopping', 'Pinterest Conversion Tracking', 'QUIC', 'Shopify', 'Shopify Collabs', 'Shopify Plus', 'UTF-8', 'hCaptcha', 'reCAPTCHA']"
studio6f.com,"Gil Melott Studio: | Luxury Interior Designer, Chicago | New York",,USA,82,82053,2026-10-09T02:45:19.759413557Z,"['Adobe Creative Cloud WebFonts', 'Aruba', 'Express', 'GZIP Module', 'Google Analytics', 'Google Related Website Sites', 'Google Tag Manager', 'Instagram Follow Button', 'Line2', 'Magento Enterprise', 'Microdata for Google Shopping', 'Pinterest Conversion Tracking', 'QUIC', 'SiteW', 'Squarespace', 'UTF-8', 'Vector Internet Services', 'WordPress SEO Structured Data Schema Plugin', 'eLand']"
amydesigntemplates.com,Amy Design Templates | DIY Wedding Stationery & Event Printables,Amy Design Templates,,72,40150,2026-10-09T02:23:57.134779996Z,"['AWS WAF Challenge', 'Advanced Woo Search', 'Akismet', 'Alternate Protocol', 'Amazon WAF Blocked', 'Apture Linking Platform', 'Cloudflare', 'Cloudflare CDN', 'Cloudflare Web Analytics', 'Contact Form Plugin', 'DoubleClick Bid Manager', 'Download Monitor', 'EmbedPress', 'Flatsome', 'Funding Choices', 'Google', 'Google Adsense', 'Google Analytics', 'Google Cloud DNS', 'Google Font API', 'Google Funding Choices', 'Google Matched Content', 'Google My Business', 'Google Related Website Sites', 'Google Reseller', 'Google Tag Manager', 'Gtranslate for Wordpress', 'IcoMoon', 'Instagram Follow Button', 'KVH', 'Lazy Load for WordPress', 'LiteSpeed', 'Microdata for Google Shopping', 'Ntent', 'PHP', 'Pinterest Conversion Tracking', 'QUIC', 'Sign In With Google', 'Site Kit', 'Sitelinks Search Box', 'Thank You', 'Theme In WP', 'Tidio', 'UTF-8', 'WP Rocket', 'Woo Themes', 'WooCommerce', 'WooCommerce Checkout', 'WordPress', 'WordPress Multisite', 'YouTube', 'jQuery']"
feaglebranding.agency,Strategic Marketing Agency | FEAGLE Strategy - Branding - Campaign Agency,Feagle,,87,111028,2026-10-09T02:16:18.275243916Z,"['AWS WAF Challenge', 'Alternate Protocol', 'Amazon WAF Blocked', 'Apture Linking Platform', 'Cloudflare', 'Content Delivery Network', 'DC74', 'Express', 'Fastly', 'Fastly CDN', 'GZIP Module', 'Google Related Website Sites', 'Instagram Follow Button', 'LinkedIn Insights', 'LinkedIn Pixel', 'Microdata for Google Shopping', 'NFOrce Internet', 'PWA', 'Perl', 'Pinterest Conversion Tracking', 'QUIC', 'Rush', 'SMC', 'Seflow Italy', 'Sentry', 'SiteW', 'UTF-8', 'Vector Internet Services', 'Wix', 'Wix Media', 'eLand', 'mlcom']"
temperfactory.co.uk,"Home - Linear Lighting - Industrial Style - Temper, UK",Temper,,67,18846,2026-10-09T02:08:11.873111002Z,"['AWS WAF Challenge', 'Alternate Protocol', 'Apache', 'Cloudflare', 'Cloudflare CDN', 'ElementUI', 'Elementor', 'EmbedPress', 'Express', 'Facebook Conversion Tracking', 'Facebook Login', 'Facebook Messenger Platform', 'Facebook Pixel', 'Facebook Reseller', 'Facebook Tag API', 'GZIP Module', 'Google', 'Google Analytics', 'Google My Business', 'Google Related Website Sites', 'Google Tag Manager', 'Hello Elementor', 'Instagram Follow Button', 'Microdata for Google Shopping', 'PHP', 'Pinterest Conversion Tracking', 'Sitelinks Search Box', 'Table Addons for Elementor', 'UTF-8', 'WPForms', 'Woo Themes', 'WooCommerce', 'WooCommerce Checkout', 'WooCommerce Payments', 'WordPress', 'WordPress Multisite', 'jQuery']"
primehealthcaree.com,"Buy Pain Pills Online | Prime HealthCaree | Miami, FL 33145, USA",Prime HealthCaree,USA,87,149281,2026-10-09T00:52:19.679135476Z,"['123FormBuilder', 'Alternate Protocol', 'Amazon WAF Blocked', 'Apture Linking Platform', 'Cloudflare', 'Content Delivery Network', 'DAV', 'Ethy', 'Express', 'Fastly', 'Fastly CDN', 'Fireblade', 'GZIP Module', 'Google Related Website Sites', 'Microdata for Google Shopping', 'NFOrce Internet', 'ON24', 'PWA', 'Perl', 'Pinterest Conversion Tracking', 'QUIC', 'SMC', 'Seflow Italy', 'Sentry', 'SiteW', 'Thank You', 'Twitter Ads', 'UTF-8', 'Vector Internet Services', 'WP Booking Calendar', 'Wix', 'Wix Media', 'Yandex Hosting', 'eLand', 'mlcom']"
furnicher.com,"Furnicher: Modern Design Furniture, Lighting & Home Décor | Furnicher",Furnicher,PRT,87,33908,2026-10-09T00:16:00.277468347Z,"['Adobe Creative Cloud WebFonts', 'Alternate Protocol', 'Amazon WAF Blocked', 'Cloudflare', 'Express', 'Facebook Login', 'Facebook Messenger Platform', 'Facebook Pixel', 'Facebook Reseller', 'Google Analytics', 'Google Cloud DNS', 'Google Maps', 'Google Tag Manager', 'IcoMoon', 'Instagram Follow Button', 'Iubenda', 'Klaviyo', 'Line2', 'Magento', 'Microdata for Google Shopping', 'PWA', 'Pico CSS', 'Pinterest Conversion Tracking', 'QUIC', 'ReviewsOnMyWebsite', 'Richpanel', 'Twitter Ads', 'UTF-8', 'YouTube', 'reCAPTCHA']"
nancylondon.com,Martha London UK,Martha London UK,GBR,70,16920,2026-10-09T00:06:08.53188489Z,"['17TRACK', 'AJAX Libraries API', 'Amazon CloudFront', 'Apture Linking Platform', 'Baidu Cloud', 'Cloudflare', 'Cloudflare CDN', 'Express', 'Facebook Conversion Tracking', 'Facebook Login', 'Facebook Messenger Platform', 'Facebook Pixel', 'Facebook Reseller', 'Facebook Tag API', 'Google Analytics', 'Google Cloud DNS', 'Google Cloud Storage', 'Google Related Website Sites', 'Google Tag Manager', 'IcoMoon', 'Klaviyo', 'Microdata for Google Shopping', 'Pinterest Conversion Tracking', 'QUIC', 'Reamaze', 'Shopify', 'Shopify Collabs', 'UTF-8', 'Yandex Hosting', 'Zipify', 'hCaptcha', 'jQuery', 'reCAPTCHA']"
staceykohlart.com,Stacey Kohl Art,Stacey Kohl Art,FRA,77,11256,2026-10-08T22:47:58.506326916Z,"['Amazon', 'Apture Linking Platform', 'Baidu Cloud', 'Cloudflare', 'Cloudflare CDN', 'Express', 'Google Related Website Sites', 'Instagram Follow Button', 'Microdata for Google Shopping', 'Pinterest Conversion Tracking', 'QUIC', 'Shopify', 'Shopify Collabs', 'UTF-8', 'Yandex Hosting', 'hCaptcha', 'reCAPTCHA']"
kelisofficial.com,Kelis - Official Website,,,82,31888,2026-10-08T20:50:16.966904211Z,"['Adobe Creative Cloud WebFonts', 'Adult Content', 'Alternate Protocol', 'Amazon', 'Amazon S3 CDN', 'Bandsintown', 'CheryFramework', 'Cloudflare', 'Column Shortcodes', 'Content Delivery Network', 'Contento', 'EmbedPress', 'Express', 'Facebook Conversion Tracking', 'Facebook Login', 'Facebook Messenger Platform', 'Facebook Pixel', 'Facebook Reseller', 'Facebook Tag API', 'GoDaddy', 'Google', 'Google Analytics', 'Google Cloud CDN', 'Google Cloud DNS', 'Google Font API', 'Google Related Website Sites', 'Google Tag Manager', 'Instagram Follow Button', 'Kriesi.at', 'Microdata for Google Shopping', 'PHP', 'Pinterest Conversion Tracking', 'Storyblocks', 'Theme In WP', 'Twitter Ads', 'UTF-8', 'WordPress', 'WordPress Multisite', 'YouTube', 'eLand', 'jQuery']"
pesupiste.fi,Pesu Piste – Puhdas auto rennolla otteella,,FIN,70,763592,2026-10-08T20:50:16.903213425Z,"['AB Tasty', 'ADFOX', 'AJAX Libraries API', 'AWS WAF Challenge', 'Active Campaign', 'AdRoll', 'AddThis for Wordpress', 'Adobe Analytics', 'Adobe Marketing Cloud', 'Alternate Protocol', 'Amazon Associates Affiliate Shop', 'Amazon WAF Blocked', 'Amplitude', 'AppNexus Direct', 'Astra Theme', 'Authorize.net', 'Automattic', 'Bing Cashback', 'Bing Conversion Tracking', 'Braintree', 'Brevo', 'Brightcove', 'Bunny Fonts', 'BunnyCDN General', 'ByteDance', 'CDN JS', 'CDN77 Hosted', 'Calendly', 'Cart.com', 'Chartbeat', 'Clicky', 'Cloudflare', 'Cloudflare CDN', 'Cloudflare Web Analytics', 'ConvertKit', 'CrazyEgg', 'Crisp', 'Criteo', 'Criteo Reseller', 'DailyMotion Video', 'Disqus Comment System for WordPress', 'DoubleClick Bid Manager', 'Drift', 'ElementUI', 'Elementor', 'EmbedPress', 'Engage', 'Facebook Embedded Posts', 'Facebook Reseller', 'Firebase', 'Font Awesome', 'Freshworks Bot', 'Giphy', 'Google', 'Google Adsense', 'Google Analytics', 'Google Cloud CDN', 'Google Cloud DNS', 'Google Font API', 'Google Maps', 'Google Matched Content', 'Google My Business', 'Google Pay', 'Google Reseller', 'Google Tag Manager', 'Heap', 'Help Scout', 'Hubspot', 'Impact', 'Infolinks', 'Inspectlet', 'Instagram Follow Button', 'Intercom', 'Iubenda', 'JW Player Platform', 'Jetpack', 'JotForm', 'Kinsta', 'Klaviyo', 'LiteSpeed', 'LiveChat', 'LiveChat Monitoring', 'MailChimp', 'MailerLite', 'Marketo', 'Matomo', 'Media.net', 'Media.net Reseller', 'Mediavine Publisher', 'Microsoft Clarity', 'Mixpanel', 'Mouseflow', 'New Relic', 'NitroPack', 'Olark', 'OpenX Direct', 'OptiMole', 'Optimizely Recommendations', 'Outbrain Direct', 'PHP', 'Pardot', 'Parse.ly', 'PayPal Adaptive Payments', 'Pinterest Conversion Tracking', 'Piwik PRO', 'Plausible Analytics', 'PubMatic Direct', 'Pubmatic', 'PushEngage', 'Quantcast Direct', 'RM Education', 'Recart', 'RocketCDN', 'Rumble Player', 'Seflow Italy', 'Segment', 'ShareThis', 'Sign In With Google', 'Square', 'Squarespace Online Appointment Scheduling', 'StatCounter', 'Statically', 'Stripe', 'Sumo', 'Swell Rewards', 'Taboola Direct', 'Taboola Reseller', 'Tealium', 'Theme In WP', 'Thrive Direct', 'Twitch', 'Twitter Ads', 'Twitter Analytics', 'Typeform', 'UTF-8', 'VigLink', 'Vimeo', 'Vine Embed', 'Visual Website Optimizer', 'Way', 'Wistia', 'Woo Themes', 'Woopra', 'WordPress', 'WordPress Multisite', 'WordPress Related Posts', 'Yandex Hosting', 'Yotpo', 'YouTube', 'comScore', 'jQuery', 'jsDelivr', 'reCAPTCHA']"
sport9design.com,"#1 for Exclusive NFL Sports Merch, Clothes & Apparel in the US - Sport9Design",,USA,77,9635,2026-10-08T20:25:15.745721315Z,"['Amazon WAF Blocked', 'Apture Linking Platform', 'Checkout.com', 'Cisco/Arrowpoint Content Service Switch', 'Coming Soon Page', 'Content Delivery Network', 'Express', 'Google Cloud DNS', 'Google Font API', 'Google My Business', 'Instagram Follow Button', 'Klaviyo', 'PayPal Adaptive Payments', 'Pinterest Conversion Tracking', 'QUIC', 'ShopBase', 'Tailwind CSS', 'Thank You', 'UTF-8', 'YouTube', 'eLand', 'shadcn ui']"
thesoulcialdesign.com,High Vibe Biz | Tech Tips & Automation for Seamless Online Business Setup,High Vibe Biz,,67,85897,2026-10-08T19:48:41.170244082Z,"['AJAX Libraries API', 'Adobe Creative Cloud WebFonts', 'Amazon Widgets', 'Aruba', 'ArvanCloud', 'BunnyCDN', 'BunnyCDN General', 'ConvertBox', 'Express', 'Facebook Login', 'Facebook Messenger Platform', 'Facebook Reseller', 'Font Awesome', 'GZIP Module', 'Google Analytics', 'Google Cloud DNS', 'Google Tag Manager', 'Instagram Follow Button', 'Line2', 'Magento Enterprise', 'Microdata for Google Shopping', 'Pinterest Conversion Tracking', 'QUIC', 'Shareaholic', 'SiteW', 'Squarespace', 'UTF-8', 'Vector Internet Services', 'WordPress SEO Structured Data Schema Plugin', 'eLand', 'jQuery', 'jsDelivr']"
ladyhermosa.co.uk,"Women's Fashion in UK |Dresses, Tops and More | Lady Hermosa",SELF INTERNATIONAL CLOTHING BRANDS LTD,GBR,77,8385,2026-10-08T18:41:53.87593404Z,"['Alternate Protocol', 'ByteDance', 'Contact Form Plugin', 'Elementor', 'EmbedPress', 'Google', 'Google Analytics', 'Google Cloud DNS', 'Google Font API', 'Google Tag Manager', 'Microdata for Google Shopping', 'PHP', 'Pinterest Conversion Tracking', 'QUIC', 'Tailwind CSS', 'Theme In WP', 'TikTok Conversion Tracking Pixel', 'Trustpilot Reviews for WordPress', 'UTF-8', 'W3 Total Cache', 'Woo Themes', 'WooCommerce', 'WooCommerce Checkout', 'WooCommerce Pixel Manager by woopt', 'WordPress', 'WordPress Multisite', 'Yandex Hosting', 'jQuery']"
hipstartrailers.com,Hands Free Travel Cart Solution | Traveling Cart Solutions,HipStar LLC,,72,35250,2026-10-08T18:32:35.820388014Z,"['AJAX Libraries API', 'AWS WAF Challenge', 'Alternate Protocol', 'Apture Linking Platform', 'Contact Form Plugin', 'Content Delivery Network', 'ElementUI', 'Elementor', 'EmbedPress', 'Express', 'Facebook Conversion Tracking', 'Facebook Login', 'Facebook Messenger Platform', 'Facebook Pixel', 'Facebook Reseller', 'Facebook Tag API', 'GZIP Module', 'Google', 'Google Analytics', 'Google Cloud DNS', 'Google Font API', 'Google My Business', 'Google Related Website Sites', 'Google Tag Manager', 'Instagram Follow Button', 'Microdata for Google Shopping', 'Microsoft Clarity', 'PHP', 'Photo Gallery for WordPress', 'Pinterest Conversion Tracking', 'QUIC', 'Sticky Header Effects for Elementor', 'Sucuri Cloudproxy', 'Thank You', 'Theme In WP', 'Twitter Ads', 'UTF-8', 'Ultimate Social Media', 'WP Rocket', 'Wangsu', 'Woo Themes', 'WooCommerce', 'WooCommerce Checkout', 'WooCommerce Payments', 'WooFramework', 'WordPress', 'WordPress Multisite', 'XTemos Studio', 'YouTube', 'jQuery', 'reCAPTCHA']"
theriokitchen.com,The Rio Kitchen,,BRA,65,107281,2026-10-08T17:54:21.036605163Z,"['Adobe Creative Cloud WebFonts', 'Adult Content', 'Aruba', 'Contento', 'Express', 'GZIP Module', 'Instagram Follow Button', 'Line2', 'Magento Enterprise', 'Microdata for Google Shopping', 'Pinterest Conversion Tracking', 'QUIC', 'Shopify', 'SiteW', 'Squarespace', 'UTF-8', 'Vector Internet Services', 'WordPress SEO Structured Data Schema Plugin', 'YouTube', 'eLand']"
takeboost.com,BOOST: The No.1 Immunity Gummy Vitamin,,USA,82,240,2026-10-08T17:27:32.265810546Z,"['Alternate Protocol', 'Angular', 'Content Delivery Network', 'Facebook Conversion Tracking', 'Facebook Login', 'Facebook Messenger Platform', 'Facebook Pixel', 'Facebook Reseller', 'Facebook Tag API', 'Google Analytics', 'Google Tag Manager', 'Instagram Follow Button', 'Next.js', 'Pinterest Conversion Tracking', 'Pleroma', 'Quantcast Direct', 'UTF-8', 'Vercel']"
donnyevans.com,Donny Evans – Music & Celebrity Portrait Photographer,,,62,131801,2026-10-08T15:28:37.019034901Z,"['Adobe Creative Cloud WebFonts', 'Aruba', 'Express', 'Facebook Login', 'Facebook Messenger Platform', 'Facebook Pixel', 'Facebook Reseller', 'Facebook Tag API', 'GZIP Module', 'Google Analytics', 'Google Tag Manager', 'IcoMoon', 'Instagram Follow Button', 'Line2', 'Magento Enterprise', 'Microdata for Google Shopping', 'Pinterest Conversion Tracking', 'QUIC', 'SMC', 'SiteW', 'Squarespace', 'UTF-8', 'Vector Internet Services', 'WordPress SEO Structured Data Schema Plugin', 'eLand']"
stephanievandemotter.com,"California Employees Are ""Silenced No More”",Silenced No More Fondation,,77,78421,2026-10-08T14:08:36.380277203Z,"['Adobe Creative Cloud WebFonts', 'Alternate Protocol', 'Aruba', 'CrazyEgg', 'Express', 'GZIP Module', 'Google Analytics', 'Google Tag Manager', 'Instagram Follow Button', 'Line2', 'Magento Enterprise', 'Microdata for Google Shopping', 'NFOrce Internet', 'Pinterest Conversion Tracking', 'QUIC', 'SiteW', 'Squarespace', 'Twitter Ads', 'UTF-8', 'WordPress SEO Structured Data Schema Plugin', 'eLand']"
seatbeltscolorado.com,Seat Belts — Colorado Department of Transportation,,USA,65,179008,2026-10-08T13:24:56.33764703Z,"['Amazon Associates Affiliate Shop', 'Amazon Widgets', 'ByteDance', 'Cloudflare', 'Content Delivery Network', 'DoubleClick Bid Manager', 'Express', 'Facebook Conversion Tracking', 'Facebook Login', 'Facebook Messenger Platform', 'Facebook Pixel', 'Facebook Reseller', 'Facebook Tag API', 'Fireblade', 'FreeCSSTemplates', 'Google Analytics', 'Google Cloud DNS', 'Google Conversion Tracking', 'Google Font API', 'Google Tag Manager', 'IcoMoon', 'Instagram Follow Button', 'Microdata for Google Shopping', 'NFOrce Internet', 'PWA', 'Perl', 'Pinterest Conversion Tracking', 'Python', 'QUIC', 'Salesforce Hosted', 'Schema Plugin', 'Siteimprove', 'The Trade Desk Direct', 'TikTok Conversion Tracking Pixel', 'Twitter Ads', 'UTF-8', 'Volto CMS', 'YouTube', 'Zope']"
mountdimension.com,/MOUNT DIMENSION/,Mount Dimension,CHN,87,25720,2026-10-08T13:12:19.75434747Z,"['Adult Content', 'Alternate Protocol', 'Aruba', 'Astra Theme', 'Cloudflare', 'Content Delivery Network', 'DAV', 'Elegant Themes', 'Elementor', 'EmbedPress', 'Facebook CDN', 'Fastly', 'Font Awesome', 'GitHub Hosting', 'Gravity Forms', 'Instagram Follow Button', 'KVH', 'Line2', 'MailPoet', 'Microdata for Google Shopping', 'NFOrce Internet', 'Ninja Forms', 'PHP', 'Perfmatters', 'Perl', 'Pinterest Conversion Tracking', 'Popup Maker for Wordpress', 'QUIC', 'Simple Banner for Wordpress', 'Theme In WP', 'TranslatePress', 'UTF-8', 'Variation Swatches for WooCommerce', 'WP Statistics', 'Woo Themes', 'WooCommerce', 'WooCommerce Checkout', 'WordPress', 'WordPress Multisite', 'WordPress Related Posts', 'eLand', 'jQuery', 'jsDelivr']"
goldhedgepro.com,Goldhedge Pro - Gold & Silver Investment,Vaulted,USA,87,2088,2026-10-08T12:57:39.644303901Z,"['Alternate Protocol', 'Anti-spam for WordPress', 'CleanTalk Spam Protect', 'Cloudflare', 'Facebook Conversion Tracking', 'Facebook Login', 'Facebook Messenger Platform', 'Facebook Pixel', 'Facebook Reseller', 'Facebook Tag API', 'Google Analytics', 'Google My Business', 'Google Tag Manager', 'Instagram Follow Button', 'LinkedIn Insights', 'LiteSpeed', 'LiveChat', 'LiveChat Monitoring', 'Microdata for Google Shopping', 'PHP', 'Pinterest Conversion Tracking', 'Rocket Chat', 'Sitelinks Search Box', 'Tailwind CSS', 'Twitter Ads', 'WordPress', 'WordPress Multisite', 'jQuery']"
ironpanstudios.com,Ironpan Jade Studios,Ironpan Studios,,57,26897,2026-10-08T12:04:11.803688404Z,"['Adobe Creative Cloud WebFonts', 'Aruba', 'Express', 'GZIP Module', 'IcoMoon', 'Line2', 'Magento Enterprise', 'Microdata for Google Shopping', 'Pinterest Conversion Tracking', 'QUIC', 'SiteW', 'Squarespace', 'UTF-8', 'Vector Internet Services', 'WordPress SEO Structured Data Schema Plugin', 'eLand']"
acreativegrey.com,CREATIVE GREY - Watercolor Paintings and Prints,Creative Grey,USA,87,1552,2026-10-08T11:28:05.450977809Z,"['Adobe Creative Cloud WebFonts', 'Alternate Protocol', 'Aruba', 'Express', 'Facebook Login', 'Facebook Messenger Platform', 'Facebook Pixel', 'Facebook Reseller', 'Facebook Tag API', 'GZIP Module', 'Google Analytics', 'Google Tag Manager', 'Instagram Follow Button', 'Line2', 'MailChimp', 'Microdata for Google Shopping', 'Newsletter for Wordpress', 'Pico CSS', 'Pinterest Conversion Tracking', 'QUIC', 'Squarespace', 'UTF-8', 'WordPress SEO Structured Data Schema Plugin', 'eLand']"
artcopenhagen.com,Art Copenhagen | Buy online » ⭐⭐⭐⭐⭐ Shopping | Danish Art,,DNK,72,30931,2026-10-08T09:47:59.598319905Z,"['AJAX Libraries API', 'Active Campaign', 'Alternate Protocol', 'Apture Linking Platform', 'Aruba', 'Baidu Cloud', 'Bold Commerce', 'BunnyCDN General', 'ClickOn', 'Cloudflare', 'Cloudflare CDN', 'Google Analytics', 'Google Cloud DNS', 'Google Font API', 'Google Related Website Sites', 'Google Tag Manager', 'IcoMoon', 'Instagram Follow Button', 'Klaviyo', 'Microsoft Ajax Content Delivery Network', 'Pico CSS', 'Pinterest Conversion Tracking', 'Pure Chat', 'QUIC', 'Rechat', 'Shopify', 'Shopify Collabs', 'Subversion', 'Tailwind CSS', 'Triggered Messaging', 'Trustpilot Reviews for WordPress', 'UTF-8', 'Yandex Hosting', 'YouTube', 'eLand', 'hCaptcha', 'jQuery', 'reCAPTCHA']"
annaweatherley.com,Anna Weatherley,Anna Weatherley,FRA,87,1213,2026-10-08T07:33:57.422829417Z,"['Adobe Creative Cloud WebFonts', 'Aruba', 'Express', 'Facebook Login', 'Facebook Messenger Platform', 'Facebook Pixel', 'Facebook Reseller', 'Facebook Tag API', 'GZIP Module', 'Instagram Follow Button', 'Line2', 'Microdata for Google Shopping', 'Pinterest Conversion Tracking', 'QUIC', 'Squarespace', 'UTF-8', 'WordPress SEO Structured Data Schema Plugin', 'eLand']"
thehost.co,Add revenue to your rentals with hotel-style amenities,,,72,106093,2026-10-08T07:33:57.394912906Z,"['AJAX Libraries API', 'Accordion Blocks', 'Accordion FAQ', 'Apture Linking Platform', 'Aruba', 'Booking Affiliate', 'Calendly', 'Contento', 'Express', 'Facebook Conversion Tracking', 'Facebook Login', 'Facebook Messenger Platform', 'Facebook Pixel', 'Facebook Reseller', 'Facebook Tag API', 'GZIP Module', 'Google Adsense', 'Google Analytics', 'Google Cloud DNS', 'Google Funding Choices', 'Google Matched Content', 'Google Reseller', 'Google Tag Manager', 'Instagram Follow Button', 'Klaviyo', 'Line2', 'Magento Enterprise', 'Microdata for Google Shopping', 'Pinterest Conversion Tracking', 'QUIC', 'SiteW', 'Squarespace', 'UTF-8', 'VigLink', 'WordPress SEO Structured Data Schema Plugin', 'YouTube', 'Zendesk Embeddables', 'Zendesk Guide', 'eLand', 'jQuery']"
giantchic.com,Men's & Women's Clothing: The Best Fashion - Giantchic Motorcycle Style - Giantchic,,,62,19252,2026-10-08T06:27:31.247852148Z,"['Adult Content', 'Amazon', 'Amazon CloudFront', 'Apture Linking Platform', 'CloudFront', 'Cloudflare', 'ElementUI', 'Express', 'Facebook Login', 'Facebook Messenger Platform', 'Facebook Pixel', 'Facebook Reseller', 'Fireblade', 'GZIP Module', 'GetResponse', 'Google Analytics', 'Google Customer Reviews', 'Google Related Website Sites', 'Google Tag Manager', 'Klarna', 'Microdata for Google Shopping', 'Pinterest Conversion Tracking', 'QUIC', 'Tailwind CSS', 'UTF-8', 'Vue.js', 'jsDelivr']"
spray-net.com,Exterior House Painting & Cabinet Refinishing | Spray-Net Painting & Finishing,spraynet,CAN,87,85403,2026-10-08T05:04:43.759694135Z,"['AWS WAF Challenge', 'Add to Any', 'Alternate Protocol', 'Amazon', 'Amazon CloudFront', 'Amazon Route 53', 'Amazon WAF Blocked', 'Apture Linking Platform', 'BJ Lazy Load for WordPress', 'Better Lead Generation Services', 'CloudFront', 'Cloudflare', 'Contact Form Plugin', 'Content Delivery Network', 'CrazyEgg', 'EWWW Image Optimizer', 'EmbedPress', 'Facebook Conversion Tracking', 'Facebook Login', 'Facebook Messenger Platform', 'Facebook Pixel', 'Facebook Reseller', 'Facebook Tag API', 'FrontApp', 'Google', 'Google Analytics', 'Google Cloud CDN', 'Google Cloud DNS', 'Google Font API', 'Google My Business', 'Google Related Website Sites', 'Google Tag Manager', 'Gravity', 'Gravity Forms', 'JotForm', 'LinkedIn Insights', 'LinkedIn Pixel', 'Max Mega Menu', 'Microdata for Google Shopping', 'Microsoft Azure', 'PHP', 'Perl', 'Pinterest Conversion Tracking', 'PixelYourSite', 'QUIC', 'RM Education', 'TVSquared', 'Tailwind CSS', 'Theme In WP', 'Twitter Ads', 'UTF-8', 'WP Engine', 'WPML Multilingual', 'WordPress', 'WordPress Multisite', 'YouTube', 'a3 Lazy Load', 'jQuery', 'reCAPTCHA']"
lisahu.com,Lisa Hu,,AUS,82,77940,2026-10-08T05:04:43.745637027Z,"['Adobe Creative Cloud WebFonts', 'Aruba', 'Express', 'Facebook Login', 'Facebook Messenger Platform', 'Facebook Pixel', 'Facebook Reseller', 'Facebook Tag API', 'GZIP Module', 'Google Analytics', 'Google Tag Manager', 'Hotjar', 'IcoMoon', 'Instagram Follow Button', 'Line2', 'Magento Enterprise', 'Microdata for Google Shopping', 'Newsletter for Wordpress', 'Pico CSS', 'Pinterest Conversion Tracking', 'QUIC', 'SiteW', 'Squarespace', 'UTF-8', 'WordPress SEO Structured Data Schema Plugin', 'eLand']"
shadowfoam.com,Shadow Foam Official Store | Ultimate Toolbox Organiser | Foam Inserts,Shadow Foam,USA,82,150658,2026-10-08T03:59:51.132631572Z,"['AJAX Libraries API', 'Affiliatly', 'Alternate Protocol', 'Amazon CloudFront', 'Amazon WAF Blocked', 'Amazon Widgets', 'Apture Linking Platform', 'Aruba', 'Baidu Cloud', 'Bing Cashback', 'Bing Conversion Tracking', 'CDN JS', 'Cart.com', 'CloudFront', 'Cloudflare', 'Cloudflare CDN', 'ConvertCart', 'Cookie Information', 'DAV', 'Ethy', 'Express', 'Facebook Conversion Tracking', 'Facebook Login', 'Facebook Messenger Platform', 'Facebook Pixel', 'Facebook Reseller', 'Facebook Tag API', 'Financial Services Guide', 'Fireblade', 'FormSubmit', 'Google Adsense', 'Google Analytics', 'Google Cloud DNS', 'Google Font API', 'Google Funding Choices', 'Google Matched Content', 'Google My Business', 'Google Recommendations AI', 'Google Related Website Sites', 'Google Reseller', 'Google Tag Manager', 'Heroku', 'IcoMoon', 'Instagram Follow Button', 'Klaviyo', 'LipScore', 'M247', 'Microdata for Google Shopping', 'Microsoft Clarity', 'Pinterest Conversion Tracking', 'QUIC', 'ReviewsOnMyWebsite', 'Shopify', 'Shopify Collabs', 'Storyblocks', 'Tailwind CSS', 'Tidio', 'Triggered Messaging', 'UTF-8', 'Yandex Hosting', 'YouTube', 'eLand', 'hCaptcha', 'jQuery', 'reCAPTCHA']"
fiberyarns.com,"Fiber Yarns - Yarn Shop Bigfork, MT",Fiber LLC,GBR,82,2152,2026-10-08T02:46:08.772447765Z,"['Adobe Creative Cloud WebFonts', 'Aruba', 'Express', 'Facebook Conversion Tracking', 'Facebook Login', 'Facebook Messenger Platform', 'Facebook Pixel', 'Facebook Reseller', 'Facebook Tag API', 'GZIP Module', 'Google Analytics', 'Google Related Website Sites', 'Google Tag Manager', 'Instagram Follow Button', 'Line2', 'Microdata for Google Shopping', 'Newsletter for Wordpress', 'Pinterest Conversion Tracking', 'QUIC', 'SiteW', 'Squarespace', 'UTF-8', 'WordPress SEO Structured Data Schema Plugin', 'YouTube', 'eLand']"
dothepot.com,A Woman’s Guide To Cannabis | How To Do The Pot,How To Do The Pot,,72,3669,2026-10-08T02:10:13.309182745Z,"['Alibaba Cloud CDN', 'Alternate Protocol', 'Amazon Widgets', 'Ametys', 'Apture Linking Platform', 'Content Delivery Network', 'ElementUI', 'Elementor', 'EmbedPress', 'Express', 'GZIP Module', 'Gambling Content', 'Genesis Blocks', 'Google Analytics', 'Google My Business', 'Google Tag Manager', 'Hello Elementor', 'Instagram Follow Button', 'JetElements', 'Lazy Load for WordPress', 'Microdata for Google Shopping', 'NFOrce Internet', 'Nginx', 'PHP', 'Pinterest Conversion Tracking', 'SearchWP', 'Sitelinks Search Box', 'Theme In WP', 'Twitter Ads', 'UTF-8', 'Vue.js', 'WP Engine', 'WP Rocket', 'WordPress', 'WordPress Multisite', 'jQuery', 'jsDelivr']"
gospelcinemaint.com,HOME - Gospel Cinema International,Gospel Cinema International,NGA,82,763592,2026-10-08T00:12:20.198698222Z,"['AB Tasty', 'ADFOX', 'AJAX Libraries API', 'AWS WAF Challenge', 'Active Campaign', 'AdRoll', 'AddThis for Wordpress', 'Adobe Analytics', 'Adobe Marketing Cloud', 'Alternate Protocol', 'Amazon Associates Affiliate Shop', 'Amazon WAF Blocked', 'Amplitude', 'AppNexus Direct', 'Astra Theme', 'Authorize.net', 'Automattic', 'Bing Cashback', 'Bing Conversion Tracking', 'Braintree', 'Brevo', 'Brightcove', 'Bunny Fonts', 'BunnyCDN General', 'ByteDance', 'CDN JS', 'CDN77 Hosted', 'Calendly', 'Cart.com', 'Chartbeat', 'Clicky', 'Cloudflare', 'Cloudflare CDN', 'Cloudflare Web Analytics', 'ConvertKit', 'CrazyEgg', 'Crisp', 'Criteo', 'Criteo Reseller', 'DailyMotion Video', 'Disqus Comment System for WordPress', 'DoubleClick Bid Manager', 'Drift', 'ElementUI', 'Elementor', 'EmbedPress', 'Engage', 'Facebook Embedded Posts', 'Facebook Reseller', 'Firebase', 'Font Awesome', 'Freshworks Bot', 'Giphy', 'Global Privacy Control', 'Google', 'Google Adsense', 'Google Analytics', 'Google Cloud CDN', 'Google Cloud DNS', 'Google Font API', 'Google Maps', 'Google Matched Content', 'Google My Business', 'Google Pay', 'Google Reseller', 'Google Tag Manager', 'Header, Footer and Blocks for Elementor', 'Heap', 'Help Scout', 'Hubspot', 'Impact', 'Infolinks', 'Inspectlet', 'Instagram Follow Button', 'Intercom', 'Iubenda', 'JW Player Platform', 'Jetpack', 'JotForm', 'Kinsta', 'Klaviyo', 'LiveChat', 'LiveChat Monitoring', 'MailChimp', 'MailerLite', 'Marketo', 'Matomo', 'Media.net', 'Media.net Reseller', 'Mediavine Publisher', 'Microdata for Google Shopping', 'Microsoft Clarity', 'Mixpanel', 'Mouseflow', 'New Relic', 'NitroPack', 'Olark', 'OpenX Direct', 'OptiMole', 'Optimizely Recommendations', 'Outbrain Direct', 'PHP', 'Pardot', 'Parse.ly', 'PayPal Adaptive Payments', 'Pinterest Conversion Tracking', 'Piwik PRO', 'Plausible Analytics', 'PubMatic Direct', 'Pubmatic', 'PushEngage', 'Quantcast Direct', 'RM Education', 'Recart', 'RocketCDN', 'Rumble Player', 'Seflow Italy', 'Segment', 'ShareThis', 'Sign In With Google', 'Square', 'Squarespace Online Appointment Scheduling', 'StatCounter', 'Statically', 'Stripe', 'Sumo', 'Swell Rewards', 'Taboola Direct', 'Taboola Reseller', 'Tealium', 'Theme In WP', 'Thrive Direct', 'Twitch', 'Twitter Ads', 'Twitter Analytics', 'Typeform', 'UTF-8', 'VigLink', 'Vimeo', 'Vine Embed', 'Visual Website Optimizer', 'Way', 'Wistia', 'Woo Themes', 'Woopra', 'WordPress', 'WordPress Multisite', 'WordPress Related Posts', 'Yandex Hosting', 'Yotpo', 'YouTube', 'comScore', 'jQuery', 'jsDelivr', 'reCAPTCHA']"
housethirteen.com,HouseThirteen | British Jewellery | Sterling Silver,,ZAF,92,92260,2026-10-07T23:30:20.439528291Z,"['Aruba', 'Express', 'Fireblade', 'GZIP Module', 'Google Analytics', 'Google Related Website Sites', 'Google Tag Manager', 'IcoMoon', 'Instagram Follow Button', 'Line2', 'Magento Enterprise', 'Microdata for Google Shopping', 'Newsletter for Wordpress', 'Pico CSS', 'Pinterest Conversion Tracking', 'QUIC', 'SiteW', 'Squarespace', 'UTF-8', 'WordPress SEO Structured Data Schema Plugin', 'eLand']"
janesfoods.com,Janes* Ready for Anything! | Ready For Family Favourites,Janes Family Foods Ltd.,GBR,92,4563,2026-10-07T23:18:57.452542479Z,"['Add to Any', 'Alternate Protocol', 'AutoComplete', 'ByteDance', 'Cloudflare', 'Cloudflare CDN', 'Content Delivery Network', 'ElementUI', 'Elementor', 'EmbedPress', 'Facebook Conversion Tracking', 'Facebook Login', 'Facebook Messenger Platform', 'Facebook Pixel', 'Facebook Reseller', 'Facebook Tag API', 'Formidable Pro Form', 'Google', 'Google Analytics', 'Google Cloud DNS', 'Google Font API', 'Google Tag Manager', 'Instagram Follow Button', 'Microdata for Google Shopping', 'PHP', 'PWA', 'Pinterest Conversion Tracking', 'Popup Maker for Wordpress', 'Pure.css', 'QUIC', 'Theme In WP', 'TikTok Conversion Tracking Pixel', 'Twenty Seventeen', 'UTF-8', 'WPML Multilingual', 'WordPress', 'WordPress Multisite', 'YouTube', 'accessiBe', 'jQuery']"
anissa.online,Anissa Online - Travel Blog & Dogs,,ESP,87,9670,2026-10-07T23:13:13.922412863Z,"['ADFOX', 'Alternate Protocol', 'Coming Soon Page', 'Contact Form Plugin', 'Easy Fancybox', 'EmbedPress', 'Facebook Login', 'Facebook Messenger Platform', 'Facebook Reseller', 'GZIP Module', 'Google Cloud DNS', 'Google Font API', 'Instagram Feed for WordPress', 'Instagram Follow Button', 'Jetpack', 'Metricool', 'Microdata for Google Shopping', 'No-Q', 'OpenResty', 'PHP', 'Pinterest Conversion Tracking', 'Pleroma', 'Responsive Lightbox', 'Sitelinks Search Box', 'Theme In WP', 'Twitter Ads', 'UTF-8', 'WordPress', 'WordPress Multisite', 'Yandex Hosting', 'Yandex Metrika', 'YouTube', 'jQuery', 'jQuery Pin It Button for Images']"
villaliphoto.com,Villa Li Photography | Washington D.C. Wedding Photographer,,USA,82,18640,2026-10-07T21:45:05.192893857Z,"['AJAX Libraries API', 'AWS WAF Challenge', 'Alternate Protocol', 'Apture Linking Platform', 'CDN JS', 'Cloudflare', 'Cloudflare CDN', 'Content Delivery Network', 'DAV', 'Express', 'Facebook Conversion Tracking', 'Facebook Login', 'Facebook Messenger Platform', 'Facebook Pixel', 'Facebook Reseller', 'Facebook Tag API', 'Google', 'Google Analytics', 'Google Cloud DNS', 'Google Font API', 'Google Tag Manager', 'Instagram Follow Button', 'Microdata for Google Shopping', 'Pinterest Conversion Tracking', 'Thank You', 'UTF-8', 'WP Engine', 'jQuery']"
helenakolan-nyc.com,Wedding Dresses Designer Shop in New York » Helena Kolan NYC,,USA,77,6932,2026-10-07T20:20:44.716312392Z,"['Alternate Protocol', 'ByteDance', 'DuracellTomi Google Tag Manager for WordPress', 'Elementor', 'EmbedPress', 'Facebook Conversion Tracking', 'Facebook Login', 'Facebook Messenger Platform', 'Facebook Pixel', 'Facebook Reseller', 'Facebook Tag API', 'Fastly', 'GZIP Module', 'Google', 'Google Analytics', 'Google Cloud CDN', 'Google Cloud DNS', 'Google Font API', 'Google Related Website Sites', 'Google Tag Manager', 'IcoMoon', 'Instagram Follow Button', 'Microdata for Google Shopping', 'Nginx', 'PHP', 'Pinterest Conversion Tracking', 'PixelYourSite', 'Squarespace Online Appointment Scheduling', 'Theme In WP', 'TikTok Conversion Tracking Pixel', 'UTF-8', 'Woo Themes', 'WooCommerce', 'WooCommerce Checkout', 'WordPress', 'WordPress Multisite', 'YouTube', 'jQuery']"
lostcowboys.com,Lost Cowboys | Luxe metalen interieurontwerp op maat,Lostcowboys,,72,16375,2026-10-07T18:23:56.421659132Z,"['AWS WAF Challenge', 'Alternate Protocol', 'Content Delivery Network', 'EmbedPress', 'Flatsome', 'GZIP Module', 'Google Analytics', 'Google Related Website Sites', 'Google Tag Manager', 'IcoMoon', 'Instagram Follow Button', 'Microdata for Google Shopping', 'Nginx', 'PHP', 'Pinterest Conversion Tracking', 'Site Kit', 'Theme In WP', 'UTF-8', 'Woo Themes', 'WooCommerce', 'WooCommerce Checkout', 'WordPress', 'WordPress Multisite', 'jQuery']"
caitlynpaige.com,Caitlyn Paige Photography,Caitlyn Paige Photography,,52,25541,2026-10-07T17:28:29.108625857Z,"['Adobe Creative Cloud WebFonts', 'Apture Linking Platform', 'Aruba', 'Express', 'GZIP Module', 'Instagram Follow Button', 'Line2', 'Magento Enterprise', 'Microdata for Google Shopping', 'Pinterest Conversion Tracking', 'QUIC', 'SiteW', 'Squarespace', 'UTF-8', 'WordPress SEO Structured Data Schema Plugin', 'eLand']"
shift.supply,Shift UI: Figma design system and UI Kit for Shopify — Shift Supply,,GBR,62,5408,2026-10-07T16:17:18.906063681Z,"['Alternate Protocol', 'Content Delivery Network', 'Google Analytics', 'Google Tag Manager', 'Lemon Squeezy', 'Netlify', 'Perl', 'Pinterest Conversion Tracking', 'Prismic', 'QUIC', 'Svelte', 'Tailwind CSS', 'Vector Internet Services', 'jsDelivr']"
iconic-ei.com,"Home - MERCEDES-BENZ,BMW,RANGE ROVER,AUDI",,,72,33575,2026-10-07T14:54:45.443154368Z,"['ADFOX', 'Advanced Woo Search', 'Alternate Protocol', 'Automattic', 'Cisco/Arrowpoint Content Service Switch', 'Content Delivery Network', 'DAV', 'Elementor', 'EmbedPress', 'Google', 'Google Analytics', 'Google Cloud CDN', 'Google My Business', 'Google Recommendations AI', 'Google Related Website Sites', 'Google Tag Manager', 'Jetpack', 'Jupiter X Core', 'Line2', 'LiteSpeed', 'Microdata for Google Shopping', 'PHP', 'Perl', 'Pinterest Conversion Tracking', 'QUIC', 'QUIC.cloud', 'QuadLayers', 'Schema Plugin', 'UTF-8', 'Vercel', 'Woo Themes', 'WordPress', 'WordPress Multisite', 'WordPress Stats', 'Yandex Hosting', 'Yandex Metrika', 'eLand']"
boldrecruitment.com.au,Bold Recruitment | Staffing & Recruitment Agency,Bold Recruitment,AUS,87,29766,2026-10-07T14:32:22.638225848Z,"['AWS WAF Challenge', 'Alternate Protocol', 'Astra Theme', 'Automattic', 'Autoptimize', 'BatCache', 'Cloudflare', 'Cloudflare CDN', 'Elementor', 'EmbedPress', 'Facebook Customer Chat SDK', 'Facebook Login', 'Facebook Messenger Platform', 'Facebook Reseller', 'Fastly', 'Google', 'Google Analytics', 'Google Maps', 'Google My Business', 'Google Related Website Sites', 'Google Tag Manager', 'Hotjar', 'Instagram Follow Button', 'Jetpack', 'Jetpack Site Accelerator', 'Microdata for Google Shopping', 'Nginx', 'OneSignal', 'PHP', 'Pinterest Conversion Tracking', 'Schema Plugin', 'Theme In WP', 'Twitter Ads', 'UTF-8', 'Vector Internet Services', 'WPForms', 'Woo Themes', 'WordPress', 'WordPress Multisite', 'WordPress Related Posts', 'WordPress Stats', 'jQuery']"
whitepeakcreative.com,Web Design in Littlehampton - WhitePeak Creative,WhitePeakCreative,,82,5994,2026-10-07T14:26:13.400803211Z,"['Alternate Protocol', 'Apture Linking Platform', 'Content Delivery Network', 'Cybot', 'EmbedPress', 'GZIP Module', 'Google', 'Google Analytics', 'Google Cloud DNS', 'Google Font API', 'Google Related Website Sites', 'Google Tag Manager', 'Instagram Follow Button', 'LiteSpeed', 'Microdata for Google Shopping', 'PHP', 'Pinterest Conversion Tracking', 'QUIC', 'Theme In WP', 'UTF-8', 'WP Accessibility', 'WordPress', 'WordPress Multisite', 'Yandex Hosting']"
awazelabsofficial.com,Awaze Labs,Awaze Labs,,55,15746,2026-10-07T12:37:08.146738677Z,"['3 Products', 'Alternate Protocol', 'Amazon WAF Blocked', 'Apture Linking Platform', 'Aruba', 'Baidu Cloud', 'ByteDance', 'Cloudflare', 'Cloudflare CDN', 'Content Delivery Network', 'Express', 'Facebook Reseller', 'Google', 'Google Analytics', 'Google Cloud CDN', 'Google Cloud DNS', 'Google Cloud Storage', 'Google Related Website Sites', 'Google Tag Manager', 'Microdata for Google Shopping', 'Microsoft Clarity', 'Pinterest Conversion Tracking', 'QUIC', 'Shopify', 'Shopify Collabs', 'TikTok Conversion Tracking Pixel', 'Twitter Ads', 'Twitter Analytics', 'UTF-8', 'Vimeo', 'Yandex Hosting', 'YouTube', 'eLand', 'hCaptcha', 'iAPPS', 'reCAPTCHA']"
strongmoonmetals.com,Strong Moon Metals HANDCRAFTED // JEWELRY Custom Jewelry Design,,,67,77559,2026-10-07T09:25:24.281002842Z,"['Aruba', 'Cornerstone', 'Express', 'Facebook Login', 'Facebook Messenger Platform', 'Facebook Pixel', 'Facebook Reseller', 'Facebook Tag API', 'GZIP Module', 'Google Analytics', 'Google Related Website Sites', 'Google Tag Manager', 'IcoMoon', 'Instagram Follow Button', 'Line2', 'Magento Enterprise', 'Microdata for Google Shopping', 'Newsletter for Wordpress', 'Pinterest Conversion Tracking', 'QUIC', 'SiteW', 'Squarespace', 'UTF-8', 'Vimeo', 'WordPress SEO Structured Data Schema Plugin', 'eLand']"
linkoutdoor.com,LINK | Modern Luxury Furnishings For Indoor And Outdoor Living,LINK outdoor,USA,77,77189,2026-10-07T09:25:24.243942944Z,"['AJAX Libraries API', 'Adobe Creative Cloud WebFonts', 'Aruba', 'Express', 'Facebook Conversion Tracking', 'Facebook Login', 'Facebook Messenger Platform', 'Facebook Pixel', 'Facebook Reseller', 'Facebook Tag API', 'FormSubmit', 'GZIP Module', 'Google Analytics', 'Google Cloud DNS', 'Google Conversion Tracking', 'Google Related Website Sites', 'Google Tag Manager', 'Instagram Follow Button', 'Line2', 'Magento Enterprise', 'Microdata for Google Shopping', 'Pinterest Conversion Tracking', 'QUIC', 'SiteW', 'Squarespace', 'UTF-8', 'WordPress SEO Structured Data Schema Plugin', 'eLand', 'jQuery']"
classicallyjill.com,Classically Jill | Affordable Design Grandmillennial Style,Classically Jill,FRA,67,136949,2026-10-07T08:11:49.387741257Z,"['AWS WAF Challenge', 'Adobe Creative Cloud WebFonts', 'Alternate Protocol', 'Amazon WAF Blocked', 'Amazon Widgets', 'Apture Linking Platform', 'Aruba', 'Content Delivery Network', 'Divi', 'Elegant Themes', 'EmbedPress', 'Facebook Conversion Tracking', 'Facebook Login', 'Facebook Messenger Platform', 'Facebook Pixel', 'Facebook Reseller', 'Facebook Tag API', 'Font Awesome', 'Genius Link', 'Google', 'Google Analytics', 'Google Cloud CDN', 'Google Cloud DNS', 'Google Font API', 'Google Tag Manager', 'Gravity', 'Gravity Forms', 'Harbor', 'Instagram Feed for WordPress', 'Instagram Follow Button', 'Investor Relations', 'KVH', 'Microdata for Google Shopping', 'Monster', 'Nginx', 'OptinMonster', 'PHP', 'Pinterest Conversion Tracking', 'QUIC', 'SMC', 'Search and Filter Pro', 'TermsFeed', 'Theme In WP', 'UTF-8', 'Vignette OpenText', 'WP Rocket', 'Woo Themes', 'WordPress', 'WordPress Multisite', 'eLand', 'jQuery', 'jQuery Pin It Button for Images']"
the-elliance.com,The Èlliance - Personalized Wedding Flutes and Cake Cutting Sets, The Èlliance ,USA,77,35404,2026-10-07T07:38:18.324365916Z,"['Alternate Protocol', 'Amazon WAF Blocked', 'Apture Linking Platform', 'Baidu Cloud', 'Cloudflare', 'Cloudflare CDN', 'Ethy', 'Express', 'Fastly', 'Fireblade', 'GoAffPro', 'Google', 'Google Analytics', 'Google Cloud DNS', 'Google Cloud Storage', 'Google Font API', 'Google Related Website Sites', 'Google Tag Manager', 'Hotjar', 'Instagram Follow Button', 'Klaviyo', 'Microdata for Google Shopping', 'Perl', 'Pinterest Conversion Tracking', 'QUIC', 'Shopify', 'Shopify Collabs', 'Tailwind CSS', 'UTF-8', 'Yandex Hosting', 'YouTube', 'hCaptcha', 'jsDelivr', 'reCAPTCHA']"
bigfigmattress.com,The Cooling Mattress For Heavy People | Big Fig,Big Fig,USA,82,289548,2026-10-07T07:38:18.299209964Z,"['AWS WAF Challenge', 'Adobe Creative Cloud WebFonts', 'Affirm', 'Alternate Protocol', 'Amazon', 'Amazon Associates Affiliate Shop', 'Amazon CloudFront', 'Amazon Route 53', 'AppNexus Direct', 'Attentive', 'Bing Cashback', 'Bing Conversion Tracking', 'BlueKai', 'CloudFront', 'Cloudflare', 'Cloudflare CDN', 'ContextWeb', 'Criteo', 'DemDex', 'DoubleClick Bid Manager', 'Ethy', 'Facebook Login', 'Facebook Messenger Platform', 'Facebook Pixel', 'Facebook Reseller', 'Fastly CDN', 'Fireblade', 'FormSubmit', 'Google', 'Google Analytics', 'Google Cloud DNS', 'Google Font API', 'Google My Business', 'Google Tag Manager', 'IcoMoon', 'Instagram Follow Button', 'IponWeb BidSwitch', 'Jebbit', 'Klaviyo', 'Line2', 'Media.net', 'Media.net Reseller', 'Microdata for Google Shopping', 'Microsoft Clarity', 'NFOrce Internet', 'Northbeam', 'Ntent', 'Pinterest Conversion Tracking', 'Pubmatic', 'QUIC', 'RM Education', 'Radix UI', 'Sanity', 'ShareASale', 'Shopify', 'Shopify Collabs', 'Swell Rewards', 'Tailwind CSS', 'Triple Lift Direct', 'Twitter Ads', 'UserWay', 'Vimeo', 'YouTube', 'Zendesk Embeddables', 'eLand']"
happyfish.co.za,HappyFish.co.za,,,72,25420,2026-10-07T06:51:19.806157188Z,"['17TRACK', 'AJAX Libraries API', 'Apture Linking Platform', 'Cloudflare', 'Cloudflare CDN', 'Facebook Conversion Tracking', 'Facebook Login', 'Facebook Messenger Platform', 'Facebook Pixel', 'Facebook Reseller', 'Facebook Tag API', 'GitHub Hosting', 'Google Analytics', 'Google Cloud DNS', 'Google Related Website Sites', 'Pinterest Conversion Tracking', 'QUIC', 'Shopify', 'Shopify Collabs', 'Slotti', 'UTF-8', 'Waveform Technology', 'Zope', 'hCaptcha', 'reCAPTCHA']"
subtlebody.me,subtlebody,subtlebody,,62,17496,2026-10-07T06:32:33.457794955Z,"['Apture Linking Platform', 'Baidu Cloud', 'Cloudflare', 'Cloudflare CDN', 'Google Analytics', 'Google Related Website Sites', 'Google Tag Manager', 'GraphQL', 'Hotjar', 'Instagram Follow Button', 'Microdata for Google Shopping', 'Pinterest Conversion Tracking', 'RM Education', 'Shopify', 'Shopify Collabs', 'UTF-8', 'Yandex Hosting', 'hCaptcha', 'reCAPTCHA']"
evomotiondesign.co.uk,EVO Design – VW CAMPERVAN AND MOTORHOME FLAT PACK FURNITURE DIY & TRADE,,,55,264,2026-10-07T05:25:39.689589547Z,"['Alternate Protocol', 'Coming Soon Page', 'Contact Form Plugin', 'Content Delivery Network', 'EmbedPress', 'Express', 'Facebook Conversion Tracking', 'Facebook Login', 'Facebook Messenger Platform', 'Facebook Pixel', 'Facebook Reseller', 'Facebook Tag API', 'FiboSearch', 'Flatsome', 'GZIP Module', 'Google Analytics', 'Google My Business', 'Google Related Website Sites', 'Google Tag Manager', 'IcoMoon', 'Instagram Follow Button', 'LiteSpeed', 'PHP', 'Pinterest Conversion Tracking', 'QUIC', 'Tailwind CSS', 'Theme In WP', 'UTF-8', 'W3 Total Cache', 'Woo Themes', 'WooCommerce', 'WooCommerce Checkout', 'WordPress', 'WordPress Multisite', 'jQuery', 'reCAPTCHA', 'shadcn ui']"
jonathanwilliamskitchens.ie,"Home - JONATHAN WILLIAMS | Luxury handmade kitchen, bedrooms, winerooms, bathrooms","JONATHAN WILLIAMS | Luxury handmade kitchen, bedrooms, winerooms, bathrooms",IRL,92,3768,2026-10-07T05:10:23.334327597Z,"['Adobe Creative Cloud WebFonts', 'Alternate Protocol', 'Content Delivery Network', 'Elementor', 'EmbedPress', 'Facebook Conversion Tracking', 'Facebook Login', 'Facebook Messenger Platform', 'Facebook Pixel', 'Facebook Reseller', 'Facebook Tag API', 'Fastly', 'Foundation', 'GZIP Module', 'Google Analytics', 'Google Cloud DNS', 'Google Font API', 'Google Maps', 'Google Related Website Sites', 'Google Tag Manager', 'Instagram Follow Button', 'Lazy Load for WordPress', 'Microdata for Google Shopping', 'PHP', 'Perl', 'Pinterest Conversion Tracking', 'Sitelinks Search Box', 'Theme In WP', 'UTF-8', 'WordPress', 'WordPress Multisite', 'eLand', 'jQuery']"
shutterstory.se,Shutter Story - Exclusive Photo Prints from Sweden,Shutter Story,,72,31910,2026-10-07T04:54:28.411455738Z,"['AWS WAF Challenge', 'Alternate Protocol', 'Amazon WAF Blocked', 'Apture Linking Platform', 'Cloudflare', 'Cloudflare CDN', 'Content Delivery Network', 'ElementUI', 'EmbedPress', 'Facebook CDN', 'Facebook Conversion Tracking', 'Facebook Login', 'Facebook Messenger Platform', 'Facebook Pixel', 'Facebook Reseller', 'Facebook Tag API', 'Google', 'Google Analytics', 'Google Cloud CDN', 'Google Cloud DNS', 'Google Font API', 'Google My Business', 'Google Related Website Sites', 'Google Tag Manager', 'Instagram Feed for WordPress', 'Instagram Follow Button', 'Jetpack', 'LiteSpeed', 'Microdata for Google Shopping', 'No-Q', 'PHP', 'Phew', 'Pinterest Conversion Tracking', 'Polylang', 'QUIC', 'Share Link', 'Twitter Ads', 'UTF-8', 'WPBakery', 'WPForms', 'Woo Themes', 'WooCommerce', 'WooCommerce Checkout', 'WooCommerce Payments', 'WordPress', 'WordPress Multisite', 'WordPress Related Posts']"
bookmyyacht.us,Book My Yacht,,,67,3007,2026-10-07T02:48:20.48315375Z,"['AJAX Libraries API', 'Bulma', 'CDN JS', 'Cloudflare', 'Cloudflare CDN', 'Font Awesome', 'Google', 'Google Cloud CDN', 'Google Cloud DNS', 'Google Font API', 'IcoMoon', 'Instagram Follow Button', 'PHP', 'Pinterest Conversion Tracking', 'QUIC', 'Tailwind CSS', 'Twitter Ads', 'UTF-8', 'jQuery']"
school-online.com,School Online University - Formations en ligne à distance,,,67,130549,2026-10-07T02:32:44.98792236Z,"['Bitrix24', 'CDN JS', 'Chatra', 'Cloudflare', 'Cloudflare CDN', 'Content Square', 'Cybot', 'ElementUI', 'Envoy', 'Fireblade', 'Google Analytics', 'Google Cloud DNS', 'Google Font API', 'Google My Business', 'Google Tag Manager', 'IcoMoon', 'Instagram Follow Button', 'PHP', 'Parallels Plesk Panel', 'Pinterest Conversion Tracking', 'RM Education', 'Tailwind CSS', 'Trustpilot Reviews for WordPress', 'UTF-8', 'University or College', 'Vimeo', 'jsDelivr', 'reCAPTCHA']"
tajikhome.com,Tajik Home | Coastal Pillows & Table Linens,Tajik Home,,77,21012,2026-10-07T01:52:50.757579272Z,"['Alternate Protocol', 'Cloudflare', 'Cloudflare CDN', 'Contact Form Plugin', 'Content Delivery Network', 'ElementUI', 'EmbedPress', 'Express', 'Facebook Conversion Tracking', 'Facebook Login', 'Facebook Messenger Platform', 'Facebook Pixel', 'Facebook Reseller', 'Facebook Tag API', 'Fireblade', 'Flatsome', 'Google Analytics', 'Google Cloud DNS', 'Google Font API', 'Google My Business', 'Google Related Website Sites', 'Google Tag Manager', 'IcoMoon', 'Jetpack', 'Klaviyo', 'Klaviyo for WordPress', 'LiteSpeed', 'Microdata for Google Shopping', 'Ninja Forms', 'PHP', 'Pinterest Conversion Tracking', 'QUIC', 'Tailwind CSS', 'Thank You', 'Theme In WP', 'UTF-8', 'Woo Themes', 'WooCommerce', 'WooCommerce Checkout', 'WooCommerce Payments', 'WordPress', 'WordPress Multisite', 'WordPress Stats', 'jQuery', 'reCAPTCHA']"
ortorex.com,Ortorex™ - Orthopedic Treatment from Head to Toe,,USA,70,18580,2026-10-07T01:02:17.081730365Z,"['Alternate Protocol', 'Angular', 'Cloudflare', 'Cloudflare CDN', 'Contact Form Plugin', 'Content ad', 'ElementUI', 'EmbedPress', 'Express', 'Facebook Login', 'Facebook Messenger Platform', 'Facebook Pixel', 'Facebook Reseller', 'Facebook Tag API', 'Google', 'Google Analytics', 'Google Cloud CDN', 'Google Tag Manager', 'Klaviyo', 'LiteSpeed', 'Microdata for Google Shopping', 'Microsoft Clarity', 'Perl', 'Pinterest Conversion Tracking', 'UTF-8', 'VWO Engage', 'Variation Swatches for WooCommerce', 'Visual Website Optimizer', 'WPForms', 'Woo Themes', 'WooCommerce', 'WooCommerce Checkout', 'WordPress', 'WordPress Multisite', 'YouTube', 'jQuery']"
patchadventures.com.au,Women Only Multi-Day Trips and Travel | Patch Adventures,,LKA,82,19186,2026-10-06T23:55:12.372821057Z,"['AWS WAF Challenge', 'Alternate Protocol', 'Amazon WAF Blocked', 'Aruba', 'Cloudflare', 'Content Delivery Network', 'EmbedPress', 'Font Awesome', 'GitHub Hosting', 'Google', 'Google Analytics', 'Google Cloud CDN', 'Google My Business', 'Google Tag Manager', 'Gravity', 'Gravity Forms', 'Instagram Follow Button', 'Microdata for Google Shopping', 'Ntent', 'PHP', 'Pinterest Conversion Tracking', 'QUIC', 'Tailwind CSS', 'The Deck', 'Theme In WP', 'UTF-8', 'WP Engine', 'Woo Themes', 'WordPress', 'WordPress Multisite', 'eLand', 'jQuery']"
twiceshystudio.co.uk,Twice Shy Studio | home of handmade eco friendly cards - all designed in Devon,,,45,1446,2026-10-06T19:55:32.942163243Z,"['3 Products', 'Alternate Protocol', 'Cisco/Arrowpoint Content Service Switch', 'Content Delivery Network', 'DAV', 'Divi', 'Elegant Themes', 'EmbedPress', 'Google Cloud DNS', 'Google Font API', 'Instagram Follow Button', 'Line2', 'Nginx', 'PHP', 'Perl', 'Pinterest Conversion Tracking', 'QUIC', 'Theme In WP', 'UTF-8', 'Vercel', 'Woo Themes', 'WooCommerce', 'WooCommerce Checkout', 'WooCommerce Payments', 'WordPress', 'WordPress Multisite', 'eLand', 'jQuery']"
hibou.com,HIBOU is a Polish clothing brand which was created out of love for simplicity and comfort,,POL,87,4118,2026-10-06T19:22:47.485427964Z,"['Amazon WAF Blocked', 'ByteDance', 'DAV', 'Facebook Conversion Tracking', 'Facebook Login', 'Facebook Messenger Platform', 'Facebook Pixel', 'Facebook Reseller', 'Facebook Tag API', 'GZIP Module', 'Google', 'Google Analytics', 'Google Cloud DNS', 'Google Font API', 'Google My Business', 'Google Tag Manager', 'IcoMoon', 'Instagram Follow Button', 'Lightwidget', 'Microdata for Google Shopping', 'Nginx', 'PWA', 'Parcel', 'Pinterest Conversion Tracking', 'TikTok Conversion Tracking Pixel', 'UTF-8', 'eLand', 'reCAPTCHA']"
rangeroverenginespecialists.co.uk,Range Rover Engine Specialists UK | Reconditioned Engines Supply & Fit,,USA,77,1647,2026-10-06T18:11:31.453404427Z,"['AJAX Libraries API', 'Apache', 'CDN JS', 'Cloudflare', 'Cloudflare CDN', 'DAV', 'ElementUI', 'Facebook Conversion Tracking', 'Facebook Login', 'Facebook Messenger Platform', 'Facebook Pixel', 'Facebook Reseller', 'Facebook Tag API', 'Font Awesome', 'GZIP Module', 'Google Adsense', 'Google Analytics', 'Google Cloud DNS', 'Google Conversion Tracking', 'Google Font API', 'Google Funding Choices', 'Google Matched Content', 'Google Reseller', 'Google Tag Manager', 'Hotjar', 'IcoMoon', 'Instagram Follow Button', 'Microdata for Google Shopping', 'Microsoft Clarity', 'Pinterest Conversion Tracking', 'QUIC', 'Tailwind CSS', 'Twitter Ads', 'UTF-8', 'eLand', 'jQuery', 'jsDelivr']"
artfullyquilted.com,Fabric Jigsaw Puzzles! - Artfully Quilted Design®,Artfully Quilted Design®,USA,77,90931,2026-10-06T17:22:43.294339919Z,"['501c3 Status Nonprofit', 'AWS WAF Challenge', 'Alternate Protocol', 'Aruba', 'Automattic', 'BatCache', 'Cloudflare', 'Cloudflare CDN', 'Content Delivery Network', 'DAV', 'EmbedPress', 'Fastly', 'Fireblade', 'Fonts Plugin', 'FormSubmit', 'Google', 'Google Analytics', 'Google Cloud CDN', 'Google My Business', 'Google Related Website Sites', 'Google Tag Manager', 'Instagram Follow Button', 'Jetpack', 'Jetpack Site Accelerator', 'Kinsta', 'MailChimp', 'MonsterInsights', 'Nginx', 'Oracle Cloud', 'PHP', 'Pinterest Conversion Tracking', 'SMC', 'Site Kit', 'Tailwind CSS', 'Thank You', 'UTF-8', 'Woo Themes', 'WooCommerce', 'WooCommerce Checkout', 'WordPress', 'WordPress Multisite', 'WordPress Stats', 'YouTube', 'eLand', 'jQuery']"
prestigecaregroup.com,Prestige Care Group | Care Homes,Prestige Care Group,AUS,82,1841051,2026-10-06T16:29:50.227833452Z,"['33 Across Direct', 'AB Tasty', 'ADFOX', 'AWS WAF Challenge', 'Active Campaign', 'AdRoll', 'AddThis for Wordpress', 'Adform Direct', 'Adobe Analytics', 'Adobe Marketing Cloud', 'Adpushup', 'Aimtell', 'Akamai Global Host', 'Alibaba Cloud CDN', 'Alternate Protocol', 'Amazon Associates Affiliate Shop', 'Amazon CloudFront', 'Amped', 'Amplitude', 'Analytify', 'AnyChat', 'AppNexus Direct', 'Automattic', 'BLR', 'Baidu Ads', 'Baidu Analytics', 'Baidu Cloud', 'Band Camp', 'Bazaarvoice', 'Bazaarvoice Curations', 'BidSwitch Direct', 'Bing Cashback', 'Bing Conversion Tracking', 'Birdeye', 'Brevo', 'Brightcove', 'ByteDance', 'CDN JS', 'Calendly', 'Camp', 'Chartbeat', 'Chatra', 'Clicky', 'CloudFront', 'Cloudflare', 'Cloudflare CDN', 'Cloudflare Stream', 'Cloudflare Web Analytics', 'Cognito Forms', 'Connatix Reseller', 'Constant Contact', 'Content Square', 'Convert', 'ConvertKit', 'Cookie First', 'CookieYes', 'Countly', 'CrazyEgg', 'Crisp', 'Criteo', 'Criteo Reseller', 'Crowdsignal', 'Customer.io', 'Cybot', 'DailyMotion Video', 'Dailymotion Reseller', 'Decibel Insight', 'DemDex', 'Didomi', 'Disqus Comment System for WordPress', 'DoubleClick Bid Manager', 'Drift', 'Drip', 'DuracellTomi Google Tag Manager for WordPress', 'Dynamic Yield', 'Eber', 'Eloqua', 'EmbedPress', 'Engage', 'Ensighten', 'Enzuzo', 'ExactTarget', 'Ezoic Direct', 'Ezoic Publisher', 'Facebook Embedded Posts', 'Facebook Pixel', 'Facebook Reseller', 'Feefo', 'Fomo', 'Font Awesome', 'Fonts.com', 'Formstack', 'Freshdesk Support', 'Freshpaint', 'Freshworks Bot', 'FullStory', 'GetGist', 'GetResponse', 'GetSiteControl', 'Giphy', 'GoatCounter', 'Google', 'Google Adsense', 'Google Analytics', 'Google Calendar', 'Google Cloud CDN', 'Google Cloud DNS', 'Google Flights Conversion Tracking', 'Google Font API', 'Google Funding Choices', 'Google Maps', 'Google Matched Content', 'Google My Business', 'Google Related Website Sites', 'Google Reseller', 'Google Tag Manager', 'Gorgias', 'GumGum', 'GumGum Direct', 'Heap', 'Hello Bar', 'Help Scout', 'HelpCrunch', 'Hotjar', 'HubSpot Conversations', 'Hubspot', 'Infolinks', 'Inspectlet', 'Instagram Follow Button', 'Intercom', 'IponWeb BidSwitch', 'Iterable', 'Iubenda', 'JW Player Platform', 'Jetpack', 'JivoSite', 'JotForm', 'Kakao', 'Kaltura', 'Kameleoon', 'Kampyle Analytics', 'Klaviyo', 'Leadfeeder', 'Lijit Reseller', 'LinkedIn Insights', 'LiteSpeed', 'LiveChat', 'LiveChat Monitoring', 'LiveRamp', 'MGID', 'MGID Reseller', 'MailChimp', 'MailerLite', 'Mailjet Widget', 'Marketo', 'Matomo', 'Mautic', 'Media.net', 'Media.net Reseller', 'Mediavine Publisher', 'Microdata for Google Shopping', 'Microsoft Azure Blob Storage', 'Microsoft Clarity', 'Mixpanel', 'Monetate', 'Monster', 'Monumetric Publisher', 'Mouseflow', 'New Relic', 'Ntent', 'Nudgify', 'OSS CDN', 'Okendo', 'Olark', 'OmniConvert', 'Omnisend', 'OneTrust Domain Verification', 'Ontraport', 'OpenX Direct', 'Optimizely Recommendations', 'OptinMonster', 'Outbrain Direct', 'PHP', 'Paperform', 'Pardot', 'Parse.ly', 'PayPal', 'PayPal Adaptive Payments', 'Pendo', 'Personyze', 'Pinterest Conversion Tracking', 'Pirsch', 'Piwik PRO', 'Plausible Analytics', 'Podium', 'PollDaddy', 'PubMatic Direct', 'Pubmatic', 'PushAlert', 'PushEngage', 'Qualtrics Site Intercept', 'Quantcast Direct', 'Quantum Metric', 'RM Education', 'RTB House Direct', 'Reamaze', 'Revcontent Reseller', 'ReviewsOnMyWebsite', 'Rumble Player', 'ScarabResearch', 'Seflow Italy', 'Segment', 'Segment Consent Manager', 'SendPulse', 'Sentry', 'ShareThis', 'Shopper Approved', 'Simple Analytics', 'SiteW', 'SiteWit', 'SmartAdServer Direct', 'SmartSupp', 'SnapEngage', 'Sourcepoint', 'SproutVideo', 'Stamped', 'StatCounter', 'Streamable', 'Sumo', 'Swell Rewards', 'Taboola Direct', 'Taboola Reseller', 'Tailwind CSS', 'Tally', 'Tealium', 'Telegram', 'The Trade Desk Direct', 'Theme In WP', 'Thrive Direct', 'TikTok Conversion Tracking Pixel', 'Triple Lift Direct', 'TrustPulse', 'Tumblr', 'Twitch', 'Twitter Ads', 'Twitter Analytics', 'Typeform', 'UK Cookie Consent', 'UTF-8', 'Unix', 'Vercel', 'Vimeo', 'Vimeo CDN', 'Vine Embed', 'Visual Website Optimizer', 'Webpushr', 'Wistia', 'Woo Themes', 'Woopra', 'WordPress', 'WordPress Multisite', 'Wufoo', 'Yahoo Image CDN', 'Yahoo Web Analytics', 'Yandex Hosting', 'Yieldmo Direct', 'Yotpo', 'YouTube', 'Zendesk Embeddables', 'Zoho SalesIQ', 'arsys.es', 'comScore', 'eKomi', 'iZooto', 'jQuery', 'jsDelivr', 'mParticle', 'reCAPTCHA']"
juanibeachbungalow.com,Home - Juani Beach Bungalow,Juani Beach Bungalow,TZA,77,834018,2026-10-06T15:13:26.339648872Z,"['AB Tasty', 'ADFOX', 'AJAX Libraries API', 'AWS WAF Challenge', 'Active Campaign', 'AdRoll', 'AddThis for Wordpress', 'Adobe Analytics', 'Adobe Marketing Cloud', 'Alternate Protocol', 'Amazon Associates Affiliate Shop', 'Amazon WAF Blocked', 'Amplitude', 'AppNexus Direct', 'Astra Theme', 'Authorize.net', 'Automattic', 'Bing Cashback', 'Bing Conversion Tracking', 'Braintree', 'Brevo', 'Brightcove', 'Bunny Fonts', 'BunnyCDN General', 'ByteDance', 'CDN JS', 'CDN77 Hosted', 'Calendly', 'Cart.com', 'Chartbeat', 'Clicky', 'Cloudflare', 'Cloudflare CDN', 'Cloudflare Web Analytics', 'ConvertKit', 'CrazyEgg', 'Crisp', 'Criteo', 'Criteo Reseller', 'DAV', 'DailyMotion Video', 'Disqus Comment System for WordPress', 'DoubleClick Bid Manager', 'Drift', 'ElementUI', 'Elementor', 'EmbedPress', 'Engage', 'Facebook Embedded Posts', 'Facebook Reseller', 'Firebase', 'Font Awesome', 'FormSubmit', 'Freshworks Bot', 'Giphy', 'Google', 'Google Adsense', 'Google Analytics', 'Google Cloud CDN', 'Google Cloud DNS', 'Google Customer Reviews', 'Google Font API', 'Google Maps', 'Google Matched Content', 'Google My Business', 'Google Pay', 'Google Reseller', 'Google Tag Manager', 'Header, Footer and Blocks for Elementor', 'Heap', 'Help Scout', 'Hubspot', 'Impact', 'Infolinks', 'Inspectlet', 'Instagram Follow Button', 'Intercom', 'Iubenda', 'JW Player Platform', 'Jetpack', 'JotForm', 'KVH', 'Kinsta', 'Klaviyo', 'LiteSpeed', 'LiveChat', 'LiveChat Monitoring', 'MailChimp', 'MailerLite', 'Marketo', 'Matomo', 'Media.net', 'Media.net Reseller', 'Mediavine Publisher', 'Microdata for Google Shopping', 'Microsoft Clarity', 'Mixpanel', 'Mouseflow', 'New Relic', 'NitroPack', 'No-Q', 'Olark', 'OpenX Direct', 'OptiMole', 'Optimizely Recommendations', 'Outbrain Direct', 'PHP', 'Pardot', 'Parse.ly', 'PayPal Adaptive Payments', 'Pinterest Conversion Tracking', 'Piwik PRO', 'Plausible Analytics', 'PubMatic Direct', 'Pubmatic', 'PushEngage', 'QUIC', 'Quantcast Direct', 'RM Education', 'Recart', 'RocketCDN', 'Rumble Player', 'SMC', 'Seflow Italy', 'Segment', 'ShareThis', 'Sign In With Google', 'Square', 'Squarespace Online Appointment Scheduling', 'StatCounter', 'Statically', 'Stripe', 'Subversion', 'Sumo', 'Swell Rewards', 'Table Addons for Elementor', 'Taboola Direct', 'Taboola Reseller', 'Tealium', 'Theme In WP', 'Thrive Direct', 'Twitch', 'Twitter Ads', 'Twitter Analytics', 'Typeform', 'UTF-8', 'VigLink', 'Vimeo', 'Vine Embed', 'Visual Website Optimizer', 'Way', 'Wistia', 'Woo Themes', 'Woopra', 'WordPress', 'WordPress Multisite', 'WordPress Related Posts', 'Yandex Hosting', 'Yotpo', 'YouTube', 'comScore', 'jQuery', 'jsDelivr', 'reCAPTCHA']"
twentyfoursixlife.com,Home - Twenty-Four Six,,,65,4259,2026-10-06T14:07:12.064283259Z,"['Alternate Protocol', 'Automattic', 'EmbedPress', 'Fastly', 'GZIP Module', 'Google Analytics', 'Google Tag Manager', 'Instagram Follow Button', 'Jetpack', 'KeyCDN', 'Microdata for Google Shopping', 'Nginx', 'PHP', 'Pinterest Conversion Tracking', 'Sitelinks Search Box', 'Social Pug', 'Theme In WP', 'UTF-8', 'WP Recipe Maker', 'Woo Themes', 'WooCommerce', 'WooCommerce Checkout', 'WooCommerce Payments', 'WordPress', 'WordPress Multisite', 'WordPress Stats', 'YouTube', 'jQuery']"
soundsandscene.com,Sounds&Scene | Explore Events & More,Sounds & Scene,,72,84597,2026-10-06T12:48:42.369303034Z,"['3 Products', 'Aruba', 'DAV', 'Express', 'FormSubmit', 'GZIP Module', 'IcoMoon', 'Instagram Follow Button', 'Line2', 'Magento Enterprise', 'Microdata for Google Shopping', 'Pinterest Conversion Tracking', 'QUIC', 'SiteW', 'Squarespace', 'UTF-8', 'Vector Internet Services', 'Weglot', 'WordPress SEO Structured Data Schema Plugin', 'eLand']"
germaniaconstruction.com,Custom Home Builders Park City - Germania Construction & Contractors - Germania Homes: Luxury Custom Home Builders,,,72,7824,2026-10-06T12:27:23.349980051Z,"['Alternate Protocol', 'Apache', 'Apture Linking Platform', 'Contact Form Plugin', 'Content Delivery Network', 'Elementor', 'EmbedPress', 'Font Awesome', 'GZIP Module', 'Google', 'Google Analytics', 'Google Cloud CDN', 'Google Cloud DNS', 'Google Font API', 'Google My Business', 'Google Related Website Sites', 'Google Tag Manager', 'Instagram Follow Button', 'Microdata for Google Shopping', 'NFOrce Internet', 'NitroPack', 'PHP', 'Pinterest Conversion Tracking', 'Simple Social Icons', 'Slider Revolution', 'Social Warfare', 'UTF-8', 'Ubuntu', 'WPBakery', 'WordPress', 'WordPress Multisite', 'Yandex Hosting', 'eLand']"
revivemarketing.uk,Bespoke marketing for businesses ready to grow,Revive Marketing Management,CAN,77,32127,2026-10-06T10:58:37.735370711Z,"['Alternate Protocol', 'Amazon WAF Blocked', 'Apache', 'Automattic', 'Bing Cashback', 'Bing Conversion Tracking', 'ByteDance', 'Content Delivery Network', 'CrazyEgg', 'DoubleClick Bid Manager', 'EmbedPress', 'Facebook Embedded Posts', 'Facebook Reseller', 'Fireblade', 'GZIP Module', 'Google', 'Google Analytics', 'Google Cloud DNS', 'Google Font API', 'Google Maps', 'Google My Business', 'Google Tag Manager', 'Hubspot', 'InitiativeS', 'Instagram Follow Button', 'Jetpack', 'LinkedIn Pixel', 'Matomo', 'Microdata for Google Shopping', 'Microsoft Clarity', 'Mouseflow', 'PHP', 'Pinterest Conversion Tracking', 'Seflow Italy', 'Site Kit', 'Tailwind CSS', 'Theme In WP', 'Twitter Ads', 'Twitter Analytics', 'UTF-8', 'Vimeo', 'WordPress', 'WordPress Multisite', 'YouTube', 'shadcn ui']"
perhamprinting.com,Home - Perham Printing,,,67,40,2026-10-06T10:03:50.62840377Z,"['Apache', 'GZIP Module', 'Gambling Content', 'Google Analytics', 'Google Cloud DNS', 'Google Font API', 'Pinterest Conversion Tracking', 'Share Link', 'UTF-8', 'jQuery']"
xn--boutique-sotrique-jtbd.com,Metaphysical Store: Metaphysical Supply Store | Witchcraft Store,,USA,77,29464,2026-10-06T09:30:44.677732398Z,"['Alternate Protocol', 'Apture Linking Platform', 'Baidu Cloud', 'Cloudflare', 'Cloudflare CDN', 'Ethy', 'Express', 'Fireblade', 'Google Analytics', 'Google Cloud DNS', 'Google Cloud Storage', 'Google Related Website Sites', 'Google Tag Manager', 'IcoMoon', 'Instagram Follow Button', 'Microdata for Google Shopping', 'Microsoft Clarity', 'Oracle Cloud', 'Parcel', 'ParcelPanel Order Tracking', 'Pinterest Conversion Tracking', 'Shopify', 'Shopify Collabs', 'Tailwind CSS', 'UTF-8', 'Yandex Hosting', 'hCaptcha', 'reCAPTCHA']"
ruth-marysmith.com,Ruth-Mary Smith | Children's Illustration,Kalang Ave,AUS,82,81333,2026-10-06T07:51:36.381200533Z,"['Adobe Creative Cloud WebFonts', 'Aruba', 'DC74', 'Express', 'Facebook Conversion Tracking', 'Facebook Login', 'Facebook Messenger Platform', 'Facebook Pixel', 'Facebook Reseller', 'Facebook Tag API', 'Financial Services Guide', 'GZIP Module', 'Google Analytics', 'Google Tag Manager', 'Instagram Follow Button', 'Line2', 'Magento Enterprise', 'Microdata for Google Shopping', 'Pinterest Conversion Tracking', 'QUIC', 'SiteW', 'Squarespace', 'UTF-8', 'WordPress SEO Structured Data Schema Plugin', 'eLand']"
wowhonest.com,WowHonest,,ITA,65,7035,2026-10-06T07:45:00.092782122Z,"['Amazon WAF Blocked', 'Apture Linking Platform', 'Checkout.com', 'Cisco/Arrowpoint Content Service Switch', 'Coming Soon Page', 'Content Delivery Network', 'Express', 'Google My Business', 'Instagram Follow Button', 'PayPal Adaptive Payments', 'Pinterest Conversion Tracking', 'QUIC', 'ShopBase', 'Tailwind CSS', 'Thank You', 'UTF-8', 'Umbler', 'YouTube', 'eLand', 'shadcn ui']"
legacylens.store,Legacy Lens | See the World as the Masters Do,,VEN,65,5466,2026-10-06T06:43:44.751907641Z,"['Alternate Protocol', 'Cisco/Arrowpoint Content Service Switch', 'Content Delivery Network', 'Divi', 'Elegant Themes', 'EmbedPress', 'Google Cloud DNS', 'Google Font API', 'LiteSpeed', 'MailPoet', 'PHP', 'Pinterest Conversion Tracking', 'Theme In WP', 'UTF-8', 'Woo Themes', 'WooCommerce', 'WooCommerce Checkout', 'WordPress', 'WordPress Multisite', 'jQuery']"
fitnesseddy.com,"Fitness Eddy | Home Gym Equipment, Activewear & Gear",Fitness Eddy,GBR,77,42444,2026-10-06T04:18:32.200712258Z,"['AWS WAF Challenge', 'Alternate Protocol', 'Astra Theme', 'Automattic', 'Bing Cashback', 'Bing Conversion Tracking', 'CartFlows', 'Cloudflare', 'Cloudflare CDN', 'EmbedPress', 'Express', 'Facebook Conversion Tracking', 'Facebook Login', 'Facebook Messenger Platform', 'Facebook Pixel', 'Facebook Reseller', 'Facebook Tag API', 'FormSubmit', 'GenerateBlocks', 'Google', 'Google Analytics', 'Google Cloud CDN', 'Google Maps', 'Google My Business', 'Google Recommendations AI', 'Google Related Website Sites', 'Google Tag Manager', 'Instagram Follow Button', 'Jetpack', 'Jetpack Site Accelerator', 'Kitco', 'LiteSpeed', 'Microdata for Google Shopping', 'PHP', 'Perl', 'Pinterest Conversion Tracking', 'QUIC', 'Site Kit', 'Sitelinks Search Box', 'Theme In WP', 'Twitter Ads', 'Twitter Analytics', 'UTF-8', 'Ultimate Addons for Gutenberg', 'WP Live Chat Support', 'WPForms', 'Woo Themes', 'WooCommerce', 'WooCommerce Checkout', 'WordPress', 'WordPress Multisite', 'WordPress Related Posts', 'WordPress Stats', 'Yandex Hosting', 'YouTube', 'jQuery']"
lindsaymaloney.com,lindsay maloney,"Lindsay Maloney Consulting, LLC",,72,94013,2026-10-06T03:13:22.377973707Z,"['AJAX Libraries API', 'AWS WAF Challenge', 'Active Campaign', 'Adobe Creative Cloud WebFonts', 'Alternate Protocol', 'AnyChat', 'Aruba', 'Cart.com', 'Express', 'Facebook Conversion Tracking', 'Facebook Login', 'Facebook Messenger Platform', 'Facebook Pixel', 'Facebook Reseller', 'Facebook Tag API', 'GZIP Module', 'Google Analytics', 'Google Cloud DNS', 'Google Tag Manager', 'Instagram Follow Button', 'Line2', 'Microdata for Google Shopping', 'NFOrce Internet', 'Pinterest Conversion Tracking', 'QUIC', 'Squarespace', 'UTF-8', 'WordPress SEO Structured Data Schema Plugin', 'eLand', 'jQuery']"
otflourish.com,OT Flourish: SNF & Home Health Occupational Therapy,OT Flourish,,72,20253,2026-10-06T03:09:41.851274605Z,"['AWS WAF Challenge', 'Add to Any', 'Alternate Protocol', 'Amazon WAF Blocked', 'Astra Theme', 'Cloudflare', 'Content Delivery Network', 'Elementor', 'EmbedPress', 'GDPR Cookie Compliance', 'GetResponse', 'Google', 'Google Adsense', 'Google Cloud DNS', 'Google Font API', 'Google Funding Choices', 'Google Matched Content', 'Google Reseller', 'Google Tag Manager', 'Instagram Follow Button', 'Microdata for Google Shopping', 'PHP', 'Pinterest Conversion Tracking', 'QUIC', 'Sitelinks Search Box', 'Table Addons for Elementor', 'Theme In WP', 'UTF-8', 'WP Engine', 'Woo Themes', 'WooCommerce', 'WooCommerce Checkout', 'WordPress', 'WordPress Multisite', 'WordPress Related Posts', 'YouTube', 'jQuery']"
flatstacks.ca,Flat Stacks Canada | Collapsible silicone Food Storage Containers,,CAN,82,60870,2026-10-06T01:14:40.157153242Z,"['AWS WAF Challenge', 'Afterpay', 'Amazon WAF Blocked', 'Apture Linking Platform', 'Baidu Cloud', 'Beeketing', 'Cloudflare', 'Cloudflare CDN', 'Disqus Comment System for WordPress', 'Express', 'Google', 'Google Cloud DNS', 'Google Font API', 'Google Related Website Sites', 'IcoMoon', 'Instagram Follow Button', 'Microsoft Clarity', 'NFOrce Internet', 'Omnisend', 'PageFly', 'Pinterest Conversion Tracking', 'QUIC', 'Shopify', 'Shopify Collabs', 'Thank You', 'The Fresh', 'TrackingMore', 'UTF-8', 'Yandex Hosting', 'YouTube', 'hCaptcha', 'reCAPTCHA']"
jamiegircys.com,Cedar + Mint Collective — Niagara Website Design Studio,,USA,87,107032,2026-10-06T00:55:13.996140628Z,"['Adobe Creative Cloud WebFonts', 'Alternate Protocol', 'Aruba', 'ArvanCloud', 'Coming Soon Page', 'Contento', 'Express', 'GZIP Module', 'Google Analytics', 'Google Tag Manager', 'Instagram Follow Button', 'Line2', 'Magento Enterprise', 'Microdata for Google Shopping', 'Pinterest Conversion Tracking', 'QUIC', 'SiteW', 'Squarespace', 'UTF-8', 'Vector Internet Services', 'WordPress SEO Structured Data Schema Plugin', 'eLand', 'jsDelivr']"
hexehstudio.com,HEXEH - Vegan and Cruelty Free Skincare and Fragrances – HEXEH Studio,,,62,41155,2026-10-06T00:51:10.887974218Z,"['3 Products', 'AJAX Libraries API', 'Amazon', 'Amazon S3 CDN', 'Amazon WAF Blocked', 'Apture Linking Platform', 'BLR', 'Baidu Cloud', 'Bing Cashback', 'Bing Conversion Tracking', 'Cloudflare', 'Cloudflare CDN', 'Express', 'Fireblade', 'Google', 'Google Cloud CDN', 'Google Cloud DNS', 'Google Related Website Sites', 'Instagram Follow Button', 'Meta Slider for WordPress', 'Microdata for Google Shopping', 'NFOrce Internet', 'Omega Commerce', 'Pinterest Conversion Tracking', 'QUIC', 'Schema Plugin', 'Shipping Rates Calculator', 'Shopify', 'Shopify Collabs', 'Shopify Payments', 'Storyblocks', 'Thank You', 'Tumblr', 'UTF-8', 'Yandex Hosting', 'hCaptcha', 'jQuery', 'reCAPTCHA']"
icp.bike,Bike Instructor Certification Program – The Global Certification for Bike Skills,,BOL,70,24303,2026-10-06T00:42:11.611922295Z,"['AWS WAF Challenge', 'Alternate Protocol', 'Apture Linking Platform', 'Cloudflare', 'Cloudflare CDN', 'Cloudflare Turnstile', 'Content Delivery Network', 'DuracellTomi Google Tag Manager for WordPress', 'Eduma', 'Elementor', 'Embed Any Document', 'EmbedPress', 'Express', 'Font Awesome', 'GZIP Module', 'GitHub Hosting', 'Google', 'Google Analytics', 'Google My Business', 'Google Related Website Sites', 'Google Tag Manager', 'IcoMoon', 'Instagram Follow Button', 'LearnDash', 'MailChimp', 'NFOrce Internet', 'PHP', 'PayPal', 'Pinterest Conversion Tracking', 'SiteOrigin', 'Theme In WP', 'Tickera', 'Twitter Ads', 'UTF-8', 'Ultimate Blocks', 'University or College', 'WP Engine', 'WP Google Maps', 'WPBakery', 'WPForms', 'Woo Themes', 'WooCommerce', 'WooCommerce Checkout', 'WordPress', 'WordPress Multisite', 'jQuery', 'reCAPTCHA']"
firewithinco.com,Overwhelmed Mom Coaching: Real-Time Strategies for Burnout & Confident Parenting,Fire Within Co,USA,77,97273,2026-10-06T00:26:08.322777388Z,"['AWS WAF Challenge', 'Accordion Blocks', 'Accordion FAQ', 'Aruba', 'Express', 'GZIP Module', 'Google Analytics', 'Google Tag Manager', 'Instagram Follow Button', 'Line2', 'Magento Enterprise', 'Microdata for Google Shopping', 'Oddle', 'Pinterest Conversion Tracking', 'QUIC', 'SiteW', 'Squarespace', 'UTF-8', 'Vector Internet Services', 'WordPress SEO Structured Data Schema Plugin', 'YouTube', 'eLand']"
bigfundraisingideas.com,Top School Fundraisers for 2026 | Best Fundraising for Schools | Big Fundraising Ideas,,,72,30129,2026-10-06T00:11:58.528330651Z,"['Amazon CloudFront', 'Amped', 'Backdrop', 'CloudFront', 'Content Delivery Network', 'CookieYes', 'Drupal', 'Elfsight', 'Facebook Conversion Tracking', 'Facebook Login', 'Facebook Messenger Platform', 'Facebook Pixel', 'Facebook Reseller', 'Facebook Tag API', 'Financial Services Guide', 'GZIP Module', 'GitHub Hosting', 'Google Analytics', 'Google My Business', 'Google Tag Manager', 'Google Workspace', 'IcoMoon', 'Instagram Follow Button', 'Investor Relations', 'KVH', 'Kommunicate', 'LinkedIn Insights', 'LinkedIn Pixel', 'Microdata for Google Shopping', 'Microsoft Clarity', 'PHP', 'Pinterest Conversion Tracking', 'QUIC', 'Stamped', 'Sucuri Cloudproxy', 'Sucuri Firewall', 'UTF-8', 'Umbler', 'University or College', 'YouTube']"
ruggedstrap.com,RuggedStrap® | Premium Handcrafted Leather Belts for Rugged Men,Rugged Strap,GBR,82,24631,2026-10-05T22:42:24.685445279Z,"['Alternate Protocol', 'Blocksy', 'CleanTalk Spam Protect', 'Cloudflare', 'Cloudflare CDN', 'Cloudflare Turnstile', 'Cloudflare Web Analytics', 'Elegant Themes', 'ElementUI', 'Elementor', 'EmbedPress', 'Facebook Conversion Tracking', 'Facebook Login', 'Facebook Messenger Platform', 'Facebook Pixel', 'Facebook Reseller', 'Facebook Tag API', 'Fireblade', 'Google Analytics', 'Google Cloud DNS', 'Google Font API', 'Google Related Website Sites', 'Google Tag Manager', 'Gravity Forms', 'Instagram Follow Button', 'Kitco', 'MailPoet', 'Microdata for Google Shopping', 'NFOrce Internet', 'Ninja Forms', 'PHP', 'Pico CSS', 'Pinterest Conversion Tracking', 'Popup Maker for Wordpress', 'QUIC', 'Site Kit', 'Table Addons for Elementor', 'Theme In WP', 'UTF-8', 'Variation Swatches for WooCommerce', 'W3 Total Cache', 'WP Statistics', 'Woo Themes', 'WooCommerce', 'WooCommerce Checkout', 'WordPress', 'WordPress Multisite', 'WordPress Related Posts', 'jQuery', 'reCAPTCHA']"
shopwelsh.com,Rose and Alexander Gift Shop Personalised Wood Acrylic Slate Card Foil Gift Ticket Custom Keyrings,Rose and Alexander,,77,138341,2026-10-05T22:26:12.999493003Z,"['Alternate Protocol', 'Amazon WAF Blocked', 'Apture Linking Platform', 'Content Delivery Network', 'DAV', 'DC74', 'Express', 'Fastly', 'Fastly CDN', 'Financial Services Guide', 'GZIP Module', 'Google Related Website Sites', 'Instagram Follow Button', 'Metricool', 'Microdata for Google Shopping', 'NFOrce Internet', 'ON24', 'PWA', 'Perl', 'Pinterest Conversion Tracking', 'QUIC', 'SMC', 'Seflow Italy', 'Sentry', 'SiteW', 'Sitelinks Search Box', 'Thank You', 'Trustpilot Reviews for WordPress', 'UTF-8', 'Vector Internet Services', 'WP Booking Calendar', 'Wix', 'Wix Media', 'mlcom']"
karacaorange.ca,KaraCa Orange – Cute Handmade Accessories & Unique Gifts Online,KaraCa Orange,,72,1416,2026-10-05T21:47:47.223854221Z,"['Alternate Protocol', 'Automattic', 'EmbedPress', 'GZIP Module', 'Google Cloud DNS', 'Google Font API', 'Gutenberg Blocks by Kadence Blocks', 'Instagram Feed for WordPress', 'Instagram Follow Button', 'Jetpack', 'Kadence WP', 'Microdata for Google Shopping', 'Nginx', 'PHP', 'Pinterest Conversion Tracking', 'Sitelinks Search Box', 'The SEO Framework', 'Theme In WP', 'UTF-8', 'W3 Total Cache', 'Woo Themes', 'WooCommerce', 'WooCommerce Checkout', 'WordPress', 'WordPress Multisite', 'WordPress Stats', 'jQuery']"
andresorianopatriot.com,"Andre Soriano Patriot | Land of the Free, Fashion is Freedom!",,BRA,65,39078,2026-10-05T20:37:20.643810676Z,"['AWS WAF Challenge', 'Alternate Protocol', 'Automattic', 'Cisco/Arrowpoint Content Service Switch', 'Content Delivery Network', 'CookieYes', 'DAV', 'Divi', 'Elegant Themes', 'ElementUI', 'EmbedPress', 'Express', 'Facebook Conversion Tracking', 'Facebook Login', 'Facebook Messenger Platform', 'Facebook Pixel', 'Facebook Reseller', 'Facebook Tag API', 'Fireblade', 'Google Analytics', 'Google Cloud DNS', 'Google Font API', 'Google My Business', 'Google Related Website Sites', 'Google Tag Manager', 'Instagram Follow Button', 'Jetpack', 'Line2', 'MailChimp', 'Nginx', 'Ntent', 'PHP', 'Perl', 'Pinterest Conversion Tracking', 'PixelYourSite', 'QUIC', 'Sign In With Google', 'Site Kit', 'Theme In WP', 'USPS', 'UTF-8', 'Vercel', 'Woo Themes', 'WooCommerce', 'WooCommerce Checkout', 'WooCommerce Payments', 'WordPress', 'WordPress Multisite', 'WordPress Stats', 'YouTube', 'eLand', 'jQuery', 'reCAPTCHA']"
conversionminded.com,Amplify Your Profits and Accelerate Your Growth - Conversion Minded,,,82,43145,2026-10-05T20:30:20.636042704Z,"['AWS WAF Challenge', 'Alternate Protocol', 'Apture Linking Platform', 'Better Lead Generation Services', 'Bing Cashback', 'Cloudflare', 'Content Delivery Network', 'ContentBox', 'ConvertKit for Wordpress', 'DAV', 'DuracellTomi Google Tag Manager for WordPress', 'EmbedPress', 'Font Awesome', 'Google', 'Google Analytics', 'Google Cloud DNS', 'Google Font API', 'Google Related Website Sites', 'Google Tag Manager', 'Hotjar', 'Instagram Follow Button', 'KVH', 'Lazy Load for WordPress', 'Microdata for Google Shopping', 'No-Q', 'PHP', 'Perl', 'Pinterest Conversion Tracking', 'PixelYourSite', 'Podia', 'QUIC', 'Sitelinks Search Box', 'Theme In WP', 'Twitter Ads', 'UTF-8', 'Ultimate Blocks', 'WP Engine', 'WP Rocket', 'WordPress', 'WordPress Multisite', 'YouTube', 'jQuery', 'reCAPTCHA']"
sosanda.com,Sosandar - The British Fashion Brand Everyone Is Talking About,Sosandar,,72,219835,2026-10-05T19:05:15.424348349Z,"['Amazon WAF Blocked', 'Apture Linking Platform', 'Azion', 'Bing Cashback', 'Bing Conversion Tracking', 'Cloudflare', 'Coming Soon Page', 'Content Delivery Network', 'Elastic Suite', 'Exponea', 'Express', 'Facebook Login', 'Facebook Messenger Platform', 'Facebook Pixel', 'Facebook Reseller', 'Facebook Tag API', 'Fireblade', 'GetResponse', 'Giropay', 'GitHub Hosting', 'Google', 'Google Analytics', 'Google Cloud DNS', 'Google Font API', 'Google Related Website Sites', 'Google Tag Manager', 'IcoMoon', 'Instagram Follow Button', 'Intercom', 'Investor Relations', 'Magento', 'Magento Enterprise', 'Matomo Tag Manager', 'Microdata for Google Shopping', 'NFOrce Internet', 'New Relic', 'PWA', 'Parcel', 'Pinterest Conversion Tracking', 'QUIC', 'Thank You', 'Twitter Ads', 'UTF-8', 'Zendesk Guide']"
theautoretail.com,Online Store With Free Shipping | The Auto Retail Store,theautoretail.com,USA,70,18016,2026-10-05T17:47:17.340584159Z,"['Alternate Protocol', 'Aruba', 'CanvasJS', 'Cloudflare', 'Cloudflare CDN', 'EmbedPress', 'Facebook Conversion Tracking', 'Facebook Login', 'Facebook Messenger Platform', 'Facebook Pixel', 'Facebook Reseller', 'Facebook Tag API', 'Fireblade', 'Google Analytics', 'Google Related Website Sites', 'Google Tag Manager', 'Hotjar', 'IcoMoon', 'Instagram Follow Button', 'LiteSpeed', 'MailChimp', 'Microdata for Google Shopping', 'PHP', 'Pinterest Conversion Tracking', 'QUIC', 'Sitelinks Search Box', 'Tailwind CSS', 'Theme In WP', 'Twitter Ads', 'UTF-8', 'WordPress', 'WordPress Multisite', 'eLand', 'jQuery']"
vinoq.wine,VinoQ,,,67,12164,2026-10-05T17:36:55.9091051Z,"['Apture Linking Platform', 'Baidu Cloud', 'Bing Cashback', 'Bing Conversion Tracking', 'ByteDance', 'Cloudflare', 'Cloudflare CDN', 'Express', 'Facebook Conversion Tracking', 'Facebook Login', 'Facebook Messenger Platform', 'Facebook Pixel', 'Facebook Reseller', 'Facebook Tag API', 'Google Analytics', 'Google My Business', 'Google Related Website Sites', 'Google Tag Manager', 'Instagram Follow Button', 'MailChimp', 'Microdata for Google Shopping', 'Microsoft Clarity', 'Newsletter for Wordpress', 'No-Q', 'OnlineWebFonts', 'OpenAI', 'Pinterest Conversion Tracking', 'QUIC', 'Reddit Conversion Tracking', 'Shopify', 'Shopify Collabs', 'TikTok Conversion Tracking Pixel', 'Twitter Ads', 'Twitter Analytics', 'UTF-8', 'Umbler', 'Yandex Hosting', 'hCaptcha', 'reCAPTCHA']"
bakd.nl,Bakvaste sprinkles en lekkers – BAKD,BAKD,,77,9324,2026-10-05T17:00:58.560144668Z,"['Apture Linking Platform', 'Baidu Cloud', 'Cloudflare', 'Cloudflare CDN', 'Google My Business', 'Google Related Website Sites', 'IcoMoon', 'Instagram Follow Button', 'Microdata for Google Shopping', 'Pinterest Conversion Tracking', 'Shopify', 'Shopify Collabs', 'Shopify Payments', 'Tailwind CSS', 'Twitter Ads', 'UTF-8', 'Yandex Hosting', 'hCaptcha', 'reCAPTCHA']"
raydianceprints.com,Raydiance Prints,,USA,72,25348,2026-10-05T11:25:31.223593591Z,"['Alternate Protocol', 'Contento', 'GZIP Module', 'Instagram Follow Button', 'Nginx', 'Pinterest Conversion Tracking', 'Plausible Analytics', 'UTF-8', 'Webador', 'WhatsApp Sharing', 'YouTube']"
mugspot.com.au,"Custom Coffee Mugs Australia | Funny, Cute & Personalised Designs | Mug Spot",,,82,10326,2026-10-05T11:15:43.344654102Z,"['Alternate Protocol', 'Amazon WAF Blocked', 'Apache', 'Apture Linking Platform', 'BunnyCDN', 'BunnyCDN General', 'DoubleClick Bid Manager', 'DuracellTomi Google Tag Manager for WordPress', 'Elementor', 'EmbedPress', 'Facebook Reseller', 'Foundation', 'GZIP Module', 'Google', 'Google Analytics', 'Google Cloud CDN', 'Google Cloud DNS', 'Google Font API', 'Google Related Website Sites', 'Google Tag Manager', 'Instagram Follow Button', 'Lazy Load for WordPress', 'MailerLite', 'Microdata for Google Shopping', 'NFOrce Internet', 'PHP', 'Pinterest Conversion Tracking', 'PixelYourSite', 'Python', 'QUIC', 'Site Kit', 'Sitelinks Search Box', 'Thank You', 'UTF-8', 'Variation Swatches for WooCommerce', 'WP Rocket', 'Woo Themes', 'WooCommerce', 'WooCommerce Checkout', 'WooCommerce Stripe Payment Gateway', 'WordPress', 'WordPress Multisite', 'WordPress Related Posts', 'reCAPTCHA']"
theliteracygarden.com,The Literacy Garden,,GBR,62,15941,2026-10-05T11:15:43.339037151Z,"['AWS WAF Challenge', 'Alternate Protocol', 'Apache', 'ConvertKit for Wordpress', 'CoreUI', 'EmbedPress', 'Font Awesome', 'Google Analytics', 'Google Cloud DNS', 'Google Font API', 'Google Tag Manager', 'Instagram Follow Button', 'Jetpack', 'Microdata for Google Shopping', 'PHP', 'Perl', 'Pinterest Conversion Tracking', 'QUIC', 'Schema Plugin', 'Shoelace Style', 'Sitelinks Search Box', 'Theme In WP', 'UTF-8', 'WordPress', 'WordPress Multisite', 'jQuery']"
theposifygroup.com.au,The Posify Group | Home : Posify,The Posify Group,AUS,77,3746,2026-10-05T10:59:09.354236013Z,"['Alternate Protocol', 'Autoptimize', 'Bridge', 'Canva Websites', 'Elementor', 'Font Awesome', 'GZIP Module', 'Google', 'Google Cloud CDN', 'Google Cloud DNS', 'Google Font API', 'Google Related Website Sites', 'Instagram Follow Button', 'LiteSpeed', 'Microdata for Google Shopping', 'Pinterest Conversion Tracking', 'Qi Addons For Elementor', 'Schema Plugin', 'UTF-8', 'University or College', 'W3 Total Cache', 'WordPress', 'WordPress Multisite', 'YouTube', 'eLand', 'jQuery']"
meteor.pl,Meteor Sport,,POL,72,5828,2026-10-05T08:52:08.207493929Z,"['Alternate Protocol', 'DAV', 'Express', 'Facebook Conversion Tracking', 'Facebook Login', 'Facebook Messenger Platform', 'Facebook Pixel', 'Facebook Reseller', 'Facebook Tag API', 'GZIP Module', 'Google', 'Google Analytics', 'Google Cloud CDN', 'Google My Business', 'Google Related Website Sites', 'Google Tag Manager', 'Hotjar', 'IcoMoon', 'Instagram Follow Button', 'Microdata for Google Shopping', 'Nginx', 'PWA', 'Pinterest Conversion Tracking', 'Twitter Ads', 'Twitter Analytics', 'Twitter Conversion Tracking', 'UTF-8', 'YouTube', 'reCAPTCHA']"
mountsapo.com,Mount Sapo | Multi-use organic skincare,,SYC,77,21796,2026-10-05T08:18:35.436828785Z,"['Amazon WAF Blocked', 'Cisco/Arrowpoint Content Service Switch', 'DAV', 'Efilli', 'ElementUI', 'EmbedPress', 'Facebook Conversion Tracking', 'Facebook Login', 'Facebook Messenger Platform', 'Facebook Pixel', 'Facebook Reseller', 'Facebook Tag API', 'Fireblade', 'Google Analytics', 'Google Tag Manager', 'Instagram Follow Button', 'MailChimp', 'Oddle', 'PHP', 'Pinterest Conversion Tracking', 'QUIC', 'Tailwind CSS', 'Theme In WP', 'UTF-8', 'Vimeo', 'Woo Themes', 'WooCommerce', 'WooCommerce Checkout', 'WordPress', 'WordPress Multisite', 'jQuery']"
customsden.com.au,Customs Den - Custom Sneakers Australia,Customs Den,AUS,77,48966,2026-10-05T06:55:18.19924482Z,"['17TRACK', 'AddThis for Wordpress', 'Apture Linking Platform', 'Baidu Cloud', 'Cloudflare', 'Cloudflare CDN', 'Coming Soon Page', 'Facebook Reseller', 'Fastly', 'Google', 'Google Analytics', 'Google Cloud DNS', 'Google Font API', 'Google Related Website Sites', 'Google Tag Manager', 'Gravity', 'HERO', 'Hotjar', 'Instagram Follow Button', 'Microdata for Google Shopping', 'NFOrce Internet', 'POWr', 'PageFly', 'PayPal', 'Pinterest Conversion Tracking', 'Privy', 'QUIC', 'Shopify', 'Shopify Collabs', 'Smile IO', 'Thank You', 'UTF-8', 'Yandex Hosting', 'YouTube', 'hCaptcha', 'reCAPTCHA']"
thecabinetface.com,Custom Doors for IKEA Cabinets - The Cabinet Face,The Cabinet Face,USA,82,28532,2026-10-05T06:48:31.452269714Z,"['AWS WAF Challenge', 'Agile CRM', 'Alternate Protocol', 'Amazon', 'Amazon CloudFront', 'Amazon WAF Blocked', 'CloudFront', 'Cloudflare', 'Content Delivery Network', 'EmbedPress', 'Express', 'Facebook Conversion Tracking', 'Facebook Login', 'Facebook Messenger Platform', 'Facebook Pixel', 'Facebook Reseller', 'Facebook Tag API', 'Google Analytics', 'Google Cloud DNS', 'Google Font API', 'Google My Business', 'Google Tag Manager', 'Gravity', 'Gravity Forms', 'Instagram Follow Button', 'Meta Slider for WordPress', 'Microdata for Google Shopping', 'PHP', 'Pagekit', 'Pinterest Conversion Tracking', 'QUIC', 'RM Education', 'Smush Image Optimization', 'Tailwind CSS', 'Theme In WP', 'UTF-8', 'Variation Swatches for WooCommerce', 'WP Engine', 'WPBakery', 'Woo Themes', 'WooCommerce', 'WooCommerce Checkout', 'WordPress', 'WordPress Multisite', 'YouTube', 'jQuery', 'reCAPTCHA']"
wearebrothersister.com,BrotherSister™,,USA,70,102533,2026-10-05T05:20:58.115074428Z,"['Adobe Creative Cloud WebFonts', 'Aruba', 'Band Camp', 'Camp', 'Contento', 'Express', 'GZIP Module', 'Google Analytics', 'Google Conversion Tracking', 'Google Tag Manager', 'Instagram Follow Button', 'Line2', 'Magento Enterprise', 'Microdata for Google Shopping', 'Pinterest Conversion Tracking', 'QUIC', 'SiteW', 'Squarespace', 'UTF-8', 'WordPress SEO Structured Data Schema Plugin', 'eLand']"
astralspot.com,Astral Spot | Cool items for modern witches,,,72,21023,2026-10-05T04:55:27.498507318Z,"['Alternate Protocol', 'Apture Linking Platform', 'Baidu Cloud', 'Cloudflare', 'Cloudflare CDN', 'Etsy', 'Express', 'Fastly', 'Font Awesome', 'Google My Business', 'Google Related Website Sites', 'IcoMoon', 'Instagram Follow Button', 'Microdata for Google Shopping', 'Pinterest Conversion Tracking', 'QUIC', 'Rackspace CDN', 'Schema Plugin', 'Shopify', 'Shopify Collabs', 'Tailwind CSS', 'UTF-8', 'Yandex Hosting', 'hCaptcha', 'reCAPTCHA', 'route']"
cwinterceptwine.com,Charles Woodson's Intercept Wines – CW Intercept Wines,,,72,28667,2026-10-05T03:50:54.490161087Z,"['AWS WAF Challenge', 'AdRoll', 'Alternate Protocol', 'Amazon S3 CDN', 'Amazon WAF Blocked', 'Apture Linking Platform', 'Baidu Cloud', 'Bing Cashback', 'Bing Conversion Tracking', 'ByteDance', 'Cloudflare', 'Cloudflare CDN', 'DoubleClick Bid Manager', 'ElementUI', 'Equally AI', 'Express', 'GitHub Hosting', 'Google My Business', 'Instagram Follow Button', 'Klaviyo', 'Microdata for Google Shopping', 'Perl', 'Pinterest Conversion Tracking', 'QUIC', 'Shopify', 'Shopify Collabs', 'Shopify Payments', 'Storyblocks', 'Swell Rewards', 'Tailwind CSS', 'Thank You', 'TikTok Conversion Tracking Pixel', 'Twitter Ads', 'Twitter Analytics', 'UTF-8', 'Vimeo', 'Yandex Hosting', 'YouTube', 'hCaptcha', 'reCAPTCHA']"
mzeazrk.com,MZEAZRK,MZEAZRK,USA,70,9364,2026-10-05T03:39:19.8320934Z,"['Apture Linking Platform', 'Baidu Cloud', 'Cloudflare', 'Cloudflare CDN', 'Google Cloud DNS', 'Instagram Follow Button', 'Microdata for Google Shopping', 'PageFly', 'Pinterest Conversion Tracking', 'QUIC', 'Shopify', 'Shopify Collabs', 'Tailwind CSS', 'Triggered Messaging', 'Twitter Ads', 'UTF-8', 'Yandex Hosting', 'hCaptcha', 'jQuery', 'reCAPTCHA']"
melissacreativestudio.com,Melissa Creative Studio | Brand & Web Designer for Small Businesses | Michigan,,USA,77,82373,2026-10-05T01:56:29.030742655Z,"['AJAX Libraries API', 'Adobe Creative Cloud WebFonts', 'Aruba', 'Express', 'GZIP Module', 'Google Cloud DNS', 'Google Cloud Storage', 'Instagram Follow Button', 'Line2', 'Magento Enterprise', 'Microdata for Google Shopping', 'Perl', 'Pinterest Conversion Tracking', 'QUIC', 'SiteW', 'Squarespace', 'UTF-8', 'University or College', 'Vector Internet Services', 'WordPress SEO Structured Data Schema Plugin', 'eLand', 'jQuery']"
ntaco.com,Home - Nashville Tent and Awning,Nashville Tent and Awning,,72,21366,2026-10-05T01:07:28.810157027Z,"['AWS WAF Challenge', 'Alternate Protocol', 'Cloudflare', 'Cloudflare CDN', 'Contact Form Plugin', 'Content Delivery Network', 'DuracellTomi Google Tag Manager for WordPress', 'Elementor', 'EmbedPress', 'Google', 'Google Analytics', 'Google Cloud DNS', 'Google Font API', 'Google My Business', 'Google Related Website Sites', 'Google Tag Manager', 'Gravity Forms', 'Instagram Follow Button', 'Microdata for Google Shopping', 'PHP', 'Pinterest Conversion Tracking', 'Theme In WP', 'UTF-8', 'WP Engine', 'WPForms', 'WordPress', 'WordPress Multisite', 'eLand', 'jQuery', 'reCAPTCHA']"
jostitch.com,"Jo Stitch – embroidery any design(chain, sequin, neck, curtain, t-shirt)",,TUR,70,20880,2026-10-05T00:58:45.848136657Z,"['AWS WAF Challenge', 'Alternate Protocol', 'Apture Linking Platform', 'Astra Theme', 'Cloudflare', 'Cloudflare CDN', 'EmbedPress', 'Google', 'Google Analytics', 'Google Cloud DNS', 'Google Font API', 'Google My Business', 'Google Tag Manager', 'Instagram Follow Button', 'Microdata for Google Shopping', 'NFOrce Internet', 'PHP', 'PayPal', 'Pinterest Conversion Tracking', 'QUIC', 'Sitelinks Search Box', 'Theme In WP', 'UTF-8', 'Woo Themes', 'WooCommerce', 'WooCommerce Checkout', 'WooCommerce Pixel Manager by woopt', 'WordPress', 'WordPress Download Manager', 'WordPress Multisite', 'WordPress Related Posts', 'jQuery', 'reCAPTCHA']"
bedding-sets.com,Bedding Sets ™ | Cosy and Funny Bedding sets and Comforter Sets,,USA,77,25651,2026-10-04T22:22:46.605265175Z,"['AWS WAF Challenge', 'Apture Linking Platform', 'Baidu Cloud', 'CDN JS', 'Cloudflare', 'Cloudflare CDN', 'Facebook Conversion Tracking', 'Facebook Login', 'Facebook Messenger Platform', 'Facebook Pixel', 'Facebook Reseller', 'Facebook Tag API', 'Font Awesome', 'Google Analytics', 'Google Cloud DNS', 'Google Font API', 'Google Related Website Sites', 'Google Tag Manager', 'IcoMoon', 'Instagram Follow Button', 'Microdata for Google Shopping', 'Oddle', 'Pinterest Conversion Tracking', 'Schema Plugin', 'Shopify', 'Shopify Collabs', 'Tailwind CSS', 'Twitter Ads', 'UTF-8', 'Yandex Hosting', 'hCaptcha', 'reCAPTCHA']"
lushdesignshop.com,LUSH DESIGN SHOP - Lush Design Shop,,,60,119,2026-10-04T22:21:07.263618674Z,"['Alternate Protocol', 'Apture Linking Platform', 'Cornerstone', 'EmbedPress', 'Facebook Conversion Tracking', 'Facebook Login', 'Facebook Messenger Platform', 'Facebook Pixel', 'Facebook Reseller', 'Facebook Tag API', 'Google', 'Google Cloud CDN', 'Instagram Follow Button', 'LiteSpeed', 'Microdata for Google Shopping', 'PHP', 'Pinterest Conversion Tracking', 'QUIC', 'Theme In WP', 'UTF-8', 'WordPress', 'WordPress Multisite', 'jQuery']"
aquarellebysurbhi.com,Home - Aquarelle by Surbhi,Aquarelle by Surbhi,,60,724,2026-10-04T21:30:22.688380901Z,"['AWS WAF Challenge', 'Alternate Protocol', 'Amazon WAF Blocked', 'Apture Linking Platform', 'Automattic', 'Complianz', 'Contact Form Plugin', 'DuracellTomi Google Tag Manager for WordPress', 'Elementor', 'EmbedPress', 'Facebook Conversion Tracking', 'Facebook Login', 'Facebook Messenger Platform', 'Facebook Pixel', 'Facebook Reseller', 'Facebook Tag API', 'Google Analytics', 'Google Cloud DNS', 'Google Font API', 'Google Related Website Sites', 'Google Tag Manager', 'Instagram Feed for WordPress', 'Instagram Follow Button', 'Jetpack', 'Line2', 'LiteSpeed', 'MailChimp', 'Microdata for Google Shopping', 'PHP', 'Pinterest Conversion Tracking', 'QUIC', 'Subversion', 'TI WooCommerce Wishlist', 'The7', 'Theme In WP', 'UTF-8', 'Woo Themes', 'WooCommerce', 'WooCommerce Checkout', 'WordPress', 'WordPress Multisite', 'WordPress Stats', 'jQuery', 'jQuery Pin It Button for Images']"
linenmart.ca,Linen towels | linen sheets | wholesale hotel supplies | Linen Mart,Linen Mart,USA,82,3715,2026-10-04T21:01:54.427502099Z,"['Alternate Protocol', 'Amazon WAF Blocked', 'Apture Linking Platform', 'Contact Form Plugin', 'DuracellTomi Google Tag Manager for WordPress', 'Elementor', 'EmbedPress', 'Essential Addons for Elementor', 'Google', 'Google Analytics', 'Google Cloud DNS', 'Google Font API', 'Google My Business', 'Google Related Website Sites', 'Google Tag Manager', 'Instagram Follow Button', 'Microdata for Google Shopping', 'Microsoft Clarity', 'Nginx', 'PHP', 'Pinterest Conversion Tracking', 'QUIC', 'Tawk', 'Theme In WP', 'Twitter Ads', 'UTF-8', 'WP Rocket', 'Woo Themes', 'WooCommerce', 'WooCommerce Checkout', 'WooFramework', 'WordPress', 'WordPress Multisite', 'XTemos Studio', 'YouTube', 'jQuery']"
girlbossvibes.com,Trendy SVG Files & PNG Designs - Girl Boss Vibes,Girl Boss Vibes LLC,,67,1134,2026-10-04T20:54:13.932607477Z,"['Alternate Protocol', 'Contact Form Plugin', 'Content Delivery Network', 'Customer Reviews for WooCommerce', 'EmbedPress', 'Etsy', 'Flatsome', 'Google Adsense', 'Google Analytics', 'Google Funding Choices', 'Google Matched Content', 'Google Reseller', 'Google Tag Manager', 'IcoMoon', 'Instagram Follow Button', 'Klarna', 'Microdata for Google Shopping', 'Nginx', 'PHP', 'Perl', 'Pinterest Conversion Tracking', 'QUIC', 'Sassy Social Share', 'Tailwind CSS', 'Theme In WP', 'UTF-8', 'Woo Themes', 'WooCommerce', 'WooCommerce Checkout', 'WooCommerce Pixel Manager by woopt', 'WordPress', 'WordPress Multisite', 'YouTube', 'jQuery']"
wesendhelp.com,Medical Alert Systems and Emergency Monitoring Devices That Support Independent Living,,,62,133908,2026-10-04T20:40:42.48485171Z,"['AWS WAF Challenge', 'Bing Cashback', 'Bing Conversion Tracking', 'Cart.com', 'Column Shortcodes', 'Ember.js', 'Express', 'Facebook Conversion Tracking', 'Facebook Login', 'Facebook Messenger Platform', 'Facebook Pixel', 'Facebook Reseller', 'Facebook Tag API', 'Fireblade', 'GZIP Module', 'Google Analytics', 'Google Cloud DNS', 'Google Conversion Tracking', 'Google Flights Conversion Tracking', 'Google Font API', 'Help.com', 'ISO/IEC 8859', 'IcoMoon', 'Instagram Follow Button', 'Matomo Tag Manager', 'Pinterest Conversion Tracking', 'Roxen', 'StackPath', 'YouTube', 'jQuery']"
khyberwear.com,Peshawari Chappal Price in Pakistan - Khyber Wear,,PAK,82,1904,2026-10-04T20:02:01.242796888Z,"['Adult Content', 'Alternate Protocol', 'Content Delivery Network', 'ElementUI', 'EmbedPress', 'Facebook Conversion Tracking', 'Facebook Login', 'Facebook Messenger Platform', 'Facebook Pixel', 'Facebook Reseller', 'Facebook Tag API', 'GZIP Module', 'Google Analytics', 'Google My Business', 'Google Related Website Sites', 'Google Tag Manager', 'Instagram Follow Button', 'Microdata for Google Shopping', 'Nginx', 'Ntent', 'PHP', 'Pinterest Conversion Tracking', 'QUIC', 'Sitelinks Search Box', 'Theme In WP', 'TrustIndex', 'UTF-8', 'Variation Swatches for WooCommerce', 'Woo Themes', 'WooCommerce', 'WooCommerce Checkout', 'WooCommerce Pixel Manager by woopt', 'WordPress', 'WordPress Multisite', 'jQuery']"
loriputnam.com,Putnam Fine Art Studio,Putnam Fine Art Studio,USA,82,81879,2026-10-04T19:54:48.677238972Z,"['Aruba', 'Express', 'Facebook Conversion Tracking', 'Facebook Login', 'Facebook Messenger Platform', 'Facebook Pixel', 'Facebook Reseller', 'Facebook Tag API', 'Font Awesome', 'GZIP Module', 'Google Analytics', 'Google Tag Manager', 'IcoMoon', 'Instagram Follow Button', 'Line2', 'Magento Enterprise', 'MailChimp', 'Microdata for Google Shopping', 'Newsletter for Wordpress', 'Pico CSS', 'Pinterest Conversion Tracking', 'QUIC', 'SiteW', 'Squarespace', 'Tailwind CSS', 'UTF-8', 'Vector Internet Services', 'WordPress SEO Structured Data Schema Plugin', 'YouTube', 'eLand']"
kansascitycaramels.com,Kansas City Caramels,,GUF,82,107620,2026-10-04T19:54:48.673859582Z,"['Adobe Creative Cloud WebFonts', 'Aruba', 'Express', 'Facebook Login', 'Facebook Messenger Platform', 'Facebook Pixel', 'Facebook Reseller', 'Facebook Tag API', 'GZIP Module', 'Google Related Website Sites', 'IcoMoon', 'Instagram Follow Button', 'Line2', 'Magento Enterprise', 'Microdata for Google Shopping', 'Newsletter for Wordpress', 'Pico CSS', 'Pinterest Conversion Tracking', 'QUIC', 'SiteW', 'Squarespace', 'The Fresh', 'UTF-8', 'WordPress SEO Structured Data Schema Plugin', 'eLand']"
everythingprintly.com,Everything Printly | Affordable Prices | Wall Art | T-shirts | Hats,Everything Printly,,77,9587,2026-10-04T19:35:06.887409433Z,"['Alternate Protocol', 'Automattic', 'ByteDance', 'Contact Form Plugin', 'Content Delivery Network', 'ConvertKit for Wordpress', 'ElementUI', 'Elementor', 'EmbedPress', 'Facebook Conversion Tracking', 'Facebook Login', 'Facebook Messenger Platform', 'Facebook Pixel', 'Facebook Reseller', 'Facebook Tag API', 'Google Adsense', 'Google Analytics', 'Google Funding Choices', 'Google Matched Content', 'Google My Business', 'Google Related Website Sites', 'Google Reseller', 'Google Tag Manager', 'Instagram Follow Button', 'Jetpack', 'Kitco', 'LiteSpeed', 'MailChimp for WordPress', 'Microdata for Google Shopping', 'Ntent', 'PHP', 'Pinterest Conversion Tracking', 'QUIC', 'Sign In With Google', 'Site Kit', 'TI WooCommerce Wishlist', 'Theme In WP', 'TikTok Conversion Tracking Pixel', 'Twitter Ads', 'UTF-8', 'Woo Themes', 'WooCommerce', 'WooCommerce Checkout', 'WordPress', 'WordPress Multisite', 'WordPress Stats', 'Yandex Hosting', 'YouTube', 'eLand', 'jQuery']"
austin360photo.com,"Customized & Personalised Photo Booth Rental Photo Booth Rental in Austin, TX",Austin360 Photo,USA,87,5078,2026-10-04T16:18:44.964698855Z,"['Alternate Protocol', 'Apture Linking Platform', 'Astra Theme', 'CartFlows', 'ElementUI', 'Elementor', 'EmbedPress', 'Facebook Conversion Tracking', 'Facebook Login', 'Facebook Messenger Platform', 'Facebook Pixel', 'Facebook Reseller', 'Facebook Tag API', 'FormSubmit', 'Google', 'Google Analytics', 'Google Cloud DNS', 'Google Font API', 'Google Maps', 'Google My Business', 'Google Tag Manager', 'Header, Footer and Blocks for Elementor', 'Lazy Load for WordPress', 'Microdata for Google Shopping', 'MonsterInsights', 'NFOrce Internet', 'PHP', 'Pinterest Conversion Tracking', 'QUIC', 'Theme In WP', 'UTF-8', 'WP Rocket', 'Woo Themes', 'WooCommerce', 'WooCommerce Checkout', 'WooCommerce Stripe Payment Gateway', 'WordPress', 'WordPress Multisite', 'WordPress Related Posts', 'jQuery']"
tpstravels.com,Essential Cruise Packing Tips & Packing Guide | TP's Travels,,,77,3754,2026-10-04T16:01:03.017721751Z,"['Alternate Protocol', 'Express', 'GOV.UK Design System', 'Google', 'Google Adsense', 'Google Cloud DNS', 'Google Font API', 'Google Funding Choices', 'Google Matched Content', 'Google Reseller', 'Instagram Follow Button', 'Microdata for Google Shopping', 'Pexels', 'Pinterest Conversion Tracking', 'Thank You', 'Unsplash', 'YouTube', 'Zyro', 'reCAPTCHA']"
tioit.co,"TIOIT, Surf Apparel and Lifestyle Brand",TIOIT,,77,81540,2026-10-04T15:47:38.423144364Z,"['Aruba', 'Express', 'Facebook Login', 'Facebook Messenger Platform', 'Facebook Pixel', 'Facebook Reseller', 'Facebook Tag API', 'GZIP Module', 'IcoMoon', 'Instagram Follow Button', 'Line2', 'Magento Enterprise', 'Microdata for Google Shopping', 'Microsoft Clarity', 'Newsletter for Wordpress', 'Pico CSS', 'Pinterest Conversion Tracking', 'QUIC', 'SiteW', 'Squarespace', 'UTF-8', 'Vector Internet Services', 'WordPress SEO Structured Data Schema Plugin', 'eLand']"
ugophotograph.com,Ugo Photography | Timeless and Elegant Wedding Photography,UGO PHOTOGRAPHY,CAN,82,128733,2026-10-04T15:01:39.371095986Z,"['Adobe Creative Cloud WebFonts', 'Apture Linking Platform', 'Aruba', 'Express', 'Facebook Login', 'Facebook Messenger Platform', 'Facebook Pixel', 'Facebook Reseller', 'Facebook Tag API', 'Fastly', 'GZIP Module', 'Google Analytics', 'Google Tag Manager', 'Instagram Follow Button', 'Line2', 'Magento Enterprise', 'Microdata for Google Shopping', 'Pinterest Conversion Tracking', 'QUIC', 'SMC', 'SiteW', 'Squarespace', 'UTF-8', 'WordPress SEO Structured Data Schema Plugin', 'eLand']"
ragaba.de,"Ragaba - unique, beautiful furniture in many colors for small spaces",,POL,87,2388,2026-10-04T14:10:20.791925882Z,"['Alternate Protocol', 'DAV', 'Express', 'Facebook Conversion Tracking', 'Facebook Login', 'Facebook Messenger Platform', 'Facebook Pixel', 'Facebook Reseller', 'Facebook Tag API', 'GZIP Module', 'Google Analytics', 'Google My Business', 'Google Related Website Sites', 'Google Tag Manager', 'IcoMoon', 'Instagram Follow Button', 'Microdata for Google Shopping', 'Nginx', 'PWA', 'Pinterest Conversion Tracking', 'UTF-8', 'eLand', 'reCAPTCHA']"
londonembroideryschool.com,London Embroidery School | Embroidery Classes & Materials,London Embroidery School,GBR,77,22830,2026-10-04T13:05:49.93458987Z,"['AWS WAF Challenge', 'Alternate Protocol', 'Amazon', 'Amazon S3 CDN', 'Astra Theme', 'CartFlows', 'Cloudflare', 'Cloudflare CDN', 'Contact Form Plugin', 'Content Delivery Network', 'Customer Reviews for WooCommerce', 'DuracellTomi Google Tag Manager for WordPress', 'ElementUI', 'Elementor', 'Elementor Custom Skin', 'EmbedPress', 'Essential Addons for Elementor', 'Facebook Conversion Tracking', 'Facebook Login', 'Facebook Messenger Platform', 'Facebook Pixel', 'Facebook Reseller', 'Facebook Tag API', 'Google', 'Google Analytics', 'Google Cloud DNS', 'Google Font API', 'Google My Business', 'Google Related Website Sites', 'Google Tag Manager', 'Instagram Follow Button', 'Iubenda', 'MailChimp', 'Microdata for Google Shopping', 'Nginx', 'PHP', 'Pinterest Conversion Tracking', 'QUIC', 'Simple Social Icons', 'Storyblocks', 'Table Addons for Elementor', 'Theme In WP', 'Twitter Ads', 'UTF-8', 'WP Fastest Cache', 'WPForms', 'Woo Themes', 'WooCommerce', 'WooCommerce Checkout', 'WooLentor', 'WordPress', 'WordPress Multisite', 'WordPress Related Posts', 'YouTube', 'jQuery']"
risehall.com,Exclusive Country House Wedding Venue - Rise Hall,,,67,6885,2026-10-04T12:39:40.175611008Z,"['Alternate Protocol', 'Amazon WAF Blocked', 'Apture Linking Platform', 'Cybot', 'EWWW Image Optimizer', 'EmbedPress', 'Facebook Conversion Tracking', 'Facebook Login', 'Facebook Messenger Platform', 'Facebook Pixel', 'Facebook Reseller', 'Facebook Tag API', 'FreeCSSTemplates', 'GZIP Module', 'Google', 'Google Analytics', 'Google Conversion Tracking', 'Google My Business', 'Google Related Website Sites', 'Google Tag Manager', 'HandL UTM Grabber', 'Instagram Follow Button', 'Lazy Load for WordPress', 'MailChimp', 'MailMunch', 'Microdata for Google Shopping', 'Nginx', 'OpenAI', 'PHP', 'Photo Gallery for WordPress', 'Pinterest Conversion Tracking', 'ProfilePress', 'Site Reviews for Wordpress', 'Tailwind CSS', 'Theme In WP', 'UTF-8', 'WP Bootstrap Starter', 'WP Rocket', 'WordPress', 'WordPress Multisite', 'jQuery']"
knitosophy.com,Knitosophy Designs – a colorful knitting philosophy,,,72,19854,2026-10-04T12:39:40.145280469Z,"['AWS WAF Challenge', 'Alternate Protocol', 'Automattic', 'Brevo', 'CDN JS', 'Cloudflare', 'Cloudflare CDN', 'ElementUI', 'EmbedPress', 'Facebook Conversion Tracking', 'Facebook Login', 'Facebook Messenger Platform', 'Facebook Pixel', 'Facebook Reseller', 'Facebook Tag API', 'Google', 'Google Analytics', 'Google My Business', 'Google Related Website Sites', 'Google Tag Manager', 'Gutenberg', 'IcoMoon', 'Instagram Follow Button', 'Jetpack', 'Jetpack Site Accelerator', 'Nginx', 'PHP', 'Pinterest Conversion Tracking', 'Theme In WP', 'UTF-8', 'WonderPush', 'Woo Themes', 'WooCommerce', 'WooCommerce Checkout', 'WordPress', 'WordPress Multisite', 'WordPress Stats', 'eLand', 'jQuery']"
wellnesslifestylecouple.com,Homemade Ice Cream and Healthy Desserts | Wellness Lifestyle Kitchen,,,67,114828,2026-10-04T12:02:04.178725752Z,"['Alternate Protocol', 'Amazon WAF Blocked', 'Apture Linking Platform', 'Content Delivery Network', 'Express', 'Fastly', 'Fastly CDN', 'GZIP Module', 'Google Related Website Sites', 'Instagram Follow Button', 'K2F', 'Microdata for Google Shopping', 'NFOrce Internet', 'PWA', 'Perl', 'Pinterest Conversion Tracking', 'QUIC', 'SMC', 'Seflow Italy', 'Sentry', 'SiteW', 'Subversion', 'UTF-8', 'Vector Internet Services', 'Wix', 'Wix Media', 'WordPress Related Posts', 'YouTube', 'mlcom']"
abovebeyond.cc,AboveBeyond,,DNK,77,81333,2026-10-04T11:15:50.963896389Z,"['Adobe Creative Cloud WebFonts', 'Alternate Protocol', 'Apture Linking Platform', 'Aruba', 'DC74', 'Express', 'Facebook Login', 'Facebook Messenger Platform', 'Facebook Pixel', 'Facebook Reseller', 'Facebook Tag API', 'GZIP Module', 'Instagram Follow Button', 'Line2', 'Magento Enterprise', 'Microdata for Google Shopping', 'Pinterest Conversion Tracking', 'QUIC', 'SiteW', 'Squarespace', 'Twitter Ads', 'UTF-8', 'WordPress SEO Structured Data Schema Plugin', 'eLand']"
continuumfc.ca,Continuum Financial Centre,,CAN,60,173503,2026-10-04T11:03:53.786067515Z,"['Adobe Analytics', 'Adobe Marketing Cloud', 'Alternate Protocol', 'Amazon', 'AppDynamics', 'AppNexus Direct', 'Bing Cashback', 'Bing Conversion Tracking', 'ByteDance', 'DAV', 'DemDex', 'DoubleClick Bid Manager', 'Facebook Login', 'Facebook Messenger Platform', 'Facebook Pixel', 'Facebook Reseller', 'Fireblade', 'GZIP Module', 'Google', 'Google Analytics', 'Google Cloud DNS', 'Google Font API', 'Google Maps', 'Google Matched Content', 'Google My Business', 'Google Reseller', 'Google Tag Manager', 'LinkedIn Pixel', 'LiveAgent', 'Mouseflow', 'OneTrust Domain Verification', 'Perl', 'Pinterest Conversion Tracking', 'Qualtrics Site Intercept', 'Reddit Conversion Tracking', 'SMC', 'Salesforce', 'Salesforce Experience Cloud', 'Salesforce Hosted', 'Salesforce Live Agent', 'Seflow Italy', 'Ticker Technologies', 'Twitter Ads', 'Twitter Analytics', 'UTF-8', 'Vimeo', 'YouTube', 'reCAPTCHA']"
aurora-jewels.com,Homepage - Aurora Jewels,Aurora Jewels,,60,1485,2026-10-04T07:32:47.291220581Z,"['10Web', 'AWS WAF Challenge', 'Alternate Protocol', 'Automattic', 'Cisco/Arrowpoint Content Service Switch', 'Cloudflare', 'Cloudflare CDN', 'Complianz', 'Content Delivery Network', 'DuracellTomi Google Tag Manager for WordPress', 'Elementor', 'EmbedPress', 'FiboSearch', 'Google', 'Google Analytics', 'Google Cloud DNS', 'Google Font API', 'Google My Business', 'Google Related Website Sites', 'Google Tag Manager', 'Instagram Feed for WordPress', 'Instagram Follow Button', 'Jetpack', 'MailPoet', 'Microdata for Google Shopping', 'Nginx', 'PHP', 'Pinterest Conversion Tracking', 'Theme In WP', 'UTF-8', 'Woo Themes', 'WooCommerce', 'WooCommerce Checkout', 'WordPress', 'WordPress Multisite', 'jQuery']"
curatedbymaj.com,"CURATED by Maj Toronto | Event Rentals, Wedding Planning & Coordination",Curated By Maj,,72,105286,2026-10-04T07:17:42.999150091Z,"['Amazon WAF Blocked', 'Apture Linking Platform', 'Aruba', 'Cloudflare', 'Content Delivery Network', 'Express', 'Fastly', 'Fastly CDN', 'Fireblade', 'FormSubmit', 'GZIP Module', 'Google Customer Reviews', 'Google My Business', 'Google Related Website Sites', 'Instagram Follow Button', 'Microdata for Google Shopping', 'NFOrce Internet', 'POWr', 'PWA', 'Perl', 'Pico CSS', 'Pinterest Conversion Tracking', 'QUIC', 'SMC', 'Seflow Italy', 'Sentry', 'SiteW', 'Subversion', 'Tailwind CSS', 'UTF-8', 'Vector Internet Services', 'Wix', 'Wix Media', 'eLand', 'mlcom']"
educationedventures.net,Home - Education Edventures,Education Edventures,,82,3866,2026-10-04T06:23:03.318143186Z,"['Alternate Protocol', 'Amazon Widgets', 'Automattic', 'BuddyBoss', 'Coming Soon Page', 'Cookie Accept', 'Cookie Notice', 'ElementUI', 'Elementor', 'Elementor Addon Elements', 'Embed Any Document', 'EmbedPress', 'Essential Addons for Elementor', 'Facebook Conversion Tracking', 'Facebook Login', 'Facebook Messenger Platform', 'Facebook Pixel', 'Facebook Reseller', 'Facebook Tag API', 'FiboSearch', 'Google Analytics', 'Google Related Website Sites', 'Google Tag Manager', 'Header, Footer and Blocks for Elementor', 'Hello Elementor', 'Instagram Follow Button', 'Jetpack', 'Jetpack Site Accelerator', 'Microdata for Google Shopping', 'NFOrce Internet', 'Nginx', 'PHP', 'Pinterest Conversion Tracking', 'QUIC', 'TI WooCommerce Wishlist', 'Thank You', 'Theme In WP', 'UTF-8', 'Woo Themes', 'WooCommerce Payments', 'WooLentor', 'WordPress', 'WordPress Multisite', 'WordPress Stats', 'YouTube', 'jQuery']"
essonnetourisme.com,"Tourism in Essonne | Idées sorties, randonnées et loisirs en Essonne",,,72,4896,2026-10-04T04:32:13.603357931Z,"['Alternate Protocol', 'Apache', 'CDN JS', 'CheryFramework', 'Cloudflare', 'Cloudflare CDN', 'Column Shortcodes', 'EmbedPress', 'GZIP Module', 'Google', 'Google Analytics', 'Google Cloud DNS', 'Google Font API', 'Google Maps', 'Google Tag Manager', 'Instagram Follow Button', 'Matomo', 'Matomo Tag Manager', 'Microdata for Google Shopping', 'PHP', 'Parcel', 'Pinterest Conversion Tracking', 'Polylang', 'Theme In WP', 'UTF-8', 'WordPress', 'WordPress Multisite', 'YouTube', 'jQuery', 'jsDelivr', 'shadcn ui']"
sneaker-trends.com,SneakersTrend - sneakerstrend,,,55,180,2026-10-04T00:23:53.350933111Z,"['Amazon WAF Blocked', 'Apture Linking Platform', 'ByteDance', 'Checkout.com', 'Coming Soon Page', 'Content Delivery Network', 'Express', 'Google My Business', 'Instagram Follow Button', 'Klaviyo', 'Microsoft Clarity', 'PayPal Adaptive Payments', 'Pinterest Conversion Tracking', 'QUIC', 'ShopBase', 'Tailwind CSS', 'Telegram', 'Thank You', 'TikTok Conversion Tracking Pixel', 'Twitter Ads', 'Twitter Analytics', 'UTF-8', 'University or College', 'YouTube', 'eLand', 'shadcn ui']"
mehmetali.co,Mehmet Ali Demir Portfolio | ios developer,,,47,28222,2026-10-03T21:21:07.857583999Z,"['Alternate Protocol', 'Amazon WAF Blocked', 'Apture Linking Platform', 'Content Delivery Network', 'CoolText', 'DC74', 'Express', 'Fastly', 'Fastly CDN', 'GZIP Module', 'GitHub Hosting', 'Google Related Website Sites', 'Medium', 'Microdata for Google Shopping', 'NFOrce Internet', 'POWr', 'PWA', 'Pinterest Conversion Tracking', 'QUIC', 'SMC', 'Seflow Italy', 'Sentry', 'SiteW', 'Sitelinks Search Box', 'UTF-8', 'Vector Internet Services', 'Wix', 'Wix Media', 'Yandex Hosting', 'eLand', 'mlcom']"
zerowastefest.com,Home - Zero Waste Event Productions,Zero Waste Event Productions,,67,1567,2026-10-03T20:00:39.78180118Z,"['Alternate Protocol', 'Apache', 'Automattic', 'Better Lead Generation Services', 'ElementUI', 'EmbedPress', 'Express', 'Facebook Conversion Tracking', 'Facebook Login', 'Facebook Messenger Platform', 'Facebook Pixel', 'Facebook Reseller', 'Facebook Tag API', 'Font Awesome', 'GZIP Module', 'Google Analytics', 'Google Related Website Sites', 'Google Tag Manager', 'Instagram Follow Button', 'Jetpack', 'Microdata for Google Shopping', 'PHP', 'Pinterest Conversion Tracking', 'ThemeFusion', 'UTF-8', 'Woo Themes', 'WooCommerce', 'WooCommerce Checkout', 'WooCommerce Payments', 'WordPress', 'WordPress Multisite', 'WordPress Stats', 'YouTube', 'jQuery']"
kurtandjupiter.com,"modern wall art for living room | Berf and Bash, United Kingdom online",,GBR,72,95141,2026-10-03T19:04:28.837244101Z,"['Alternate Protocol', 'Amazon WAF Blocked', 'Apture Linking Platform', 'Content Delivery Network', 'DAV', 'DC74', 'Express', 'Fastly', 'Fastly CDN', 'GZIP Module', 'Google Related Website Sites', 'Instagram Follow Button', 'Microdata for Google Shopping', 'NFOrce Internet', 'PWA', 'Perl', 'Pinterest Conversion Tracking', 'QUIC', 'SMC', 'Seflow Italy', 'Sentry', 'SiteW', 'Sitelinks Search Box', 'Thank You', 'UTF-8', 'Vector Internet Services', 'WP Booking Calendar', 'Wix', 'Wix Media', 'mlcom']"
wilsonacreswonders.com,Wilson Acres Wonders - Homesteading Adventures in Michigan | Join Us Today!,Wilson Acres,,77,89990,2026-10-03T18:39:15.083664286Z,"['Alternate Protocol', 'Amazon WAF Blocked', 'Apture Linking Platform', 'Cloudflare', 'Content Delivery Network', 'DAV', 'Express', 'Fastly', 'Fastly CDN', 'Financial Services Guide', 'GZIP Module', 'Google Adsense', 'Google Analytics', 'Google Custom Search', 'Google Funding Choices', 'Google Matched Content', 'Google My Business', 'Google Related Website Sites', 'Google Reseller', 'Google Tag Manager', 'Microdata for Google Shopping', 'NFOrce Internet', 'POWr', 'PWA', 'Perl', 'Pinterest Conversion Tracking', 'QUIC', 'SMC', 'Seflow Italy', 'Sentry', 'SiteW', 'Sitelinks Search Box', 'Subversion', 'Thank You', 'UTF-8', 'Vector Internet Services', 'Wix', 'Wix Media', 'YouTube', 'mlcom']"
cutcatvector.com,Home - CutCatVector.Pro - Files for Laser Cutting,,GEO,82,7762,2026-10-03T17:48:12.081479829Z,"['Alternate Protocol', 'Elementor', 'ElementsKit Elementor', 'EmbedPress', 'FreeCSSTemplates', 'GZIP Module', 'Google Analytics', 'Google Related Website Sites', 'Google Tag Manager', 'Microdata for Google Shopping', 'NFOrce Internet', 'Nginx', 'Pinterest Conversion Tracking', 'Royal Elementor Addons', 'Site Kit', 'Site Reviews for Wordpress', 'Sitelinks Search Box', 'UTF-8', 'Vector Internet Services', 'WP Super Cache', 'Woo Themes', 'WooCommerce', 'WooCommerce Checkout', 'WordPress', 'WordPress Multisite', 'jQuery']"
dragonflycovestudio.blog,Dragonfly Cove Studio -,Dragonfly Cove Studio,,65,71342,2026-10-03T16:29:26.606127238Z,"['AWS WAF Challenge', 'Alternate Protocol', 'Amazon Widgets', 'Apture Linking Platform', 'Automattic', 'Cloudflare', 'Cloudflare CDN', 'Content Delivery Network', 'ElementUI', 'EmbedPress', 'Express', 'Facebook Conversion Tracking', 'Facebook Login', 'Facebook Messenger Platform', 'Facebook Pixel', 'Facebook Reseller', 'Facebook Tag API', 'FormSubmit', 'Google', 'Google Analytics', 'Google My Business', 'Google Related Website Sites', 'Google Tag Manager', 'Gutenberg', 'Jetpack', 'Jetpack Site Accelerator', 'Microdata for Google Shopping', 'Nginx', 'Oracle Cloud', 'PHP', 'Perl', 'Pinterest Conversion Tracking', 'QUIC', 'SMC', 'Site Kit', 'Theme In WP', 'UTF-8', 'Woo Themes', 'WooCommerce', 'WooCommerce Checkout', 'WooCommerce Payments', 'WordPress', 'WordPress Multisite', 'WordPress Stats', 'jQuery']"
newayaerotech.com,Custom Turbine Parts Manufacturing Service | Superalloy Casting & CNC Machining,Superalloy High temperature alloy Parts Manufacturer,CHN,77,50000,2026-10-03T12:28:28.826354253Z,"['AWS WAF Challenge', 'Amazon WAF Blocked', 'Angular', 'Fireblade', 'GZIP Module', 'Google Analytics', 'Google Conversion Tracking', 'Google Tag Manager', 'M247', 'Microdata for Google Shopping', 'Nginx', 'Pinterest Conversion Tracking', 'Tailwind CSS', 'UTF-8', 'shadcn ui']"
viridiantampa.com,Viridian Apartments | Live BH,,USA,67,61024,2026-10-03T10:57:20.42205628Z,"['Alternate Protocol', 'Amazon S3 CDN', 'Better Lead Generation Services', 'Cornerstone', 'Divi', 'Elegant Themes', 'EmbedPress', 'Express', 'Fireblade', 'GZIP Module', 'Google', 'Google Analytics', 'Google Cloud CDN', 'Google Cloud DNS', 'Google Font API', 'Google My Business', 'Google Tag Manager', 'Gravity', 'Gravity Forms', 'HandL UTM Grabber', 'Instagram Follow Button', 'Microdata for Google Shopping', 'PHP', 'Perl', 'Pinterest Conversion Tracking', 'RealPage', 'Storyblocks', 'Tailwind CSS', 'Theme In WP', 'UTF-8', 'University or College', 'WebToffee GDPR Plugin', 'WordPress', 'WordPress Multisite', 'accessiBe', 'eLand', 'jQuery', 'reCAPTCHA']"
dayenahstudio.com,Dayenah Studio | Brand Identity Design for Luxury & Lifestyle Brands,,,77,82521,2026-10-03T08:30:55.304449376Z,"['Adobe Creative Cloud WebFonts', 'Alternate Protocol', 'Aruba', 'Express', 'Facebook Login', 'Facebook Messenger Platform', 'Facebook Pixel', 'Facebook Reseller', 'Facebook Tag API', 'GZIP Module', 'Google Related Website Sites', 'IcoMoon', 'Instagram Follow Button', 'Line2', 'Magento Enterprise', 'Microdata for Google Shopping', 'Pinterest Conversion Tracking', 'QUIC', 'SiteW', 'Squarespace', 'UTF-8', 'Vector Internet Services', 'WordPress SEO Structured Data Schema Plugin', 'eLand']"
amicabay.com,"Authentic real Leather Bags, Vera Pelle",AMICA,,67,135320,2026-10-03T08:30:55.231807332Z,"['Alternate Protocol', 'Amazon WAF Blocked', 'Apture Linking Platform', 'Content Delivery Network', 'Express', 'Fastly', 'Fastly CDN', 'GZIP Module', 'Google Related Website Sites', 'K2F', 'KVH', 'Microdata for Google Shopping', 'NFOrce Internet', 'No-Q', 'POWr', 'PWA', 'Pinterest Conversion Tracking', 'QUIC', 'SMC', 'Seflow Italy', 'Sentry', 'SiteW', 'Sitelinks Search Box', 'Subversion', 'Thank You', 'UTF-8', 'Vector Internet Services', 'Wix', 'Wix Media', 'eLand', 'mlcom']"
michelleterris.com,Michelle Terris Photography Los Angeles,,USA,77,77560,2026-10-03T03:19:43.642606545Z,"['Adobe Creative Cloud WebFonts', 'Aruba', 'ArvanCloud', 'DAV', 'Express', 'GZIP Module', 'IcoMoon', 'Instagram Follow Button', 'Line2', 'Magento Enterprise', 'Microdata for Google Shopping', 'Newsletter for Wordpress', 'Pico CSS', 'Pinterest Conversion Tracking', 'QUIC', 'SiteW', 'Squarespace', 'Tailwind CSS', 'UTF-8', 'WordPress SEO Structured Data Schema Plugin', 'eLand', 'jsDelivr']"
ameltygosy.se,Hem - Tygaffär och skrädderi,Amel Tyg & Sy,NLD,82,783116,2026-10-03T03:19:43.608966185Z,"['AB Tasty', 'ADFOX', 'AJAX Libraries API', 'AWS WAF Challenge', 'Active Campaign', 'AdRoll', 'AddThis for Wordpress', 'Adobe Analytics', 'Adobe Marketing Cloud', 'Alternate Protocol', 'Amazon Associates Affiliate Shop', 'Amazon WAF Blocked', 'Amplitude', 'AppNexus Direct', 'Astra Theme', 'Authorize.net', 'Automattic', 'Bing Cashback', 'Bing Conversion Tracking', 'Braintree', 'Brevo', 'Brightcove', 'Bunny Fonts', 'BunnyCDN General', 'ByteDance', 'CDN JS', 'CDN77 Hosted', 'Calendly', 'Cart.com', 'Chartbeat', 'CleanTalk Spam Protect', 'Clicky', 'Cloudflare', 'Cloudflare CDN', 'Cloudflare Web Analytics', 'Content Delivery Network', 'ConvertKit', 'CrazyEgg', 'Crisp', 'Criteo', 'Criteo Reseller', 'DailyMotion Video', 'Disqus Comment System for WordPress', 'DoubleClick Bid Manager', 'Drift', 'ElementUI', 'Elementor', 'EmbedPress', 'Engage', 'Facebook Embedded Posts', 'Facebook Reseller', 'Firebase', 'Font Awesome', 'Freshworks Bot', 'Giphy', 'Google', 'Google Adsense', 'Google Analytics', 'Google Cloud CDN', 'Google Cloud DNS', 'Google Font API', 'Google Maps', 'Google Matched Content', 'Google My Business', 'Google Pay', 'Google Reseller', 'Google Tag Manager', 'Header, Footer and Blocks for Elementor', 'Heap', 'Help Scout', 'Hubspot', 'Impact', 'Infolinks', 'Inspectlet', 'Instagram Follow Button', 'Intercom', 'Iubenda', 'JW Player Platform', 'Jetpack', 'JotForm', 'Kinsta', 'Klaviyo', 'LiteSpeed', 'LiveChat', 'LiveChat Monitoring', 'MailChimp', 'MailerLite', 'Marketo', 'Matomo', 'Media.net', 'Media.net Reseller', 'Mediavine Publisher', 'Microdata for Google Shopping', 'Microsoft Clarity', 'Mixpanel', 'Mouseflow', 'NFOrce Internet', 'New Relic', 'NitroPack', 'Olark', 'On The Map', 'OpenX Direct', 'OptiMole', 'Optimizely Recommendations', 'Outbrain Direct', 'PHP', 'Pardot', 'Parse.ly', 'PayPal Adaptive Payments', 'Pinterest Conversion Tracking', 'Piwik PRO', 'Plausible Analytics', 'PubMatic Direct', 'Pubmatic', 'PushEngage', 'QUIC', 'Quantcast Direct', 'RM Education', 'Recart', 'RocketCDN', 'Rumble Player', 'Seflow Italy', 'Segment', 'ShareThis', 'Sign In With Google', 'Site Kit', 'Square', 'Squarespace Online Appointment Scheduling', 'StatCounter', 'Statically', 'Stripe', 'Sumo', 'Swell Rewards', 'Table Addons for Elementor', 'Taboola Direct', 'Taboola Reseller', 'Tealium', 'Theme In WP', 'Thrive Direct', 'Twitch', 'Twitter Ads', 'Twitter Analytics', 'Typeform', 'UTF-8', 'VigLink', 'Vimeo', 'Vine Embed', 'Visual Website Optimizer', 'Way', 'Wistia', 'Woo Themes', 'Woopra', 'WordPress', 'WordPress Multisite', 'WordPress Related Posts', 'Yandex Hosting', 'Yotpo', 'YouTube', 'comScore', 'eLand', 'jQuery', 'jsDelivr', 'reCAPTCHA']"
charliedarwintextiles.com,"Naturally Dyed Clothing, Fabric, and Sewing Patterns | Charlie Darwin Textiles",Charlie Darwin Textiles,,87,123803,2026-10-03T02:01:50.295201744Z,"['AWS WAF Challenge', 'Alternate Protocol', 'Amazon WAF Blocked', 'Apture Linking Platform', 'Cloudflare', 'Content Delivery Network', 'DAV', 'Express', 'Fastly', 'Fastly CDN', 'Financial Services Guide', 'GZIP Module', 'Google Adsense', 'Google Funding Choices', 'Google Matched Content', 'Google Related Website Sites', 'Google Reseller', 'Heroku', 'Instagram Follow Button', 'Microdata for Google Shopping', 'NFOrce Internet', 'Ntent', 'On The Map', 'POWr', 'PWA', 'Perl', 'Pinterest Conversion Tracking', 'QUIC', 'SMC', 'Seflow Italy', 'Sentry', 'Share Link', 'SiteW', 'Sitelinks Search Box', 'Subversion', 'Thank You', 'UTF-8', 'Vector Internet Services', 'WP Booking Calendar', 'Wix', 'Wix Media', 'WordPress Related Posts', 'YouTube', 'eLand', 'mlcom']"
antiquebuildingsolutions.com,Reclaimed and Re-purposed Barnwood | Antique Building Solutions | Pennsylvania,Antique Building Solutions,,77,90493,2026-10-02T23:11:15.561208288Z,"['Alternate Protocol', 'Amazon WAF Blocked', 'Apture Linking Platform', 'Content Delivery Network', 'Ecwid Ecommerce Shopping Cart', 'Express', 'Fastly', 'Fastly CDN', 'GZIP Module', 'Google Related Website Sites', 'Instagram Follow Button', 'Microdata for Google Shopping', 'NFOrce Internet', 'POWr', 'PWA', 'Pinterest Conversion Tracking', 'QUIC', 'SMC', 'Seflow Italy', 'Sentry', 'SiteW', 'Thank You', 'UTF-8', 'University or College', 'Vector Internet Services', 'Wix', 'Wix Media', 'eLand', 'mlcom']"
garciashandmadehideaway.com,Shop Unique Handmade Hideaway Gifts | Handmade Hideaway - Free Shipping Over $75,Garcia's Handmade Hideaway LLC,,72,149828,2026-10-02T22:59:17.230084924Z,"['Alternate Protocol', 'Amazon WAF Blocked', 'Apture Linking Platform', 'Content Delivery Network', 'DC74', 'Express', 'Fastly', 'Fastly CDN', 'Fireblade', 'GZIP Module', 'Google Related Website Sites', 'Instagram Follow Button', 'Microdata for Google Shopping', 'NFOrce Internet', 'ON24', 'PWA', 'Pinterest Conversion Tracking', 'QUIC', 'SMC', 'Seflow Italy', 'Sentry', 'SiteW', 'Thank You', 'UTF-8', 'Vector Internet Services', 'Way', 'Wix', 'Wix Media', 'mlcom']"
lambrightleatherco.com,"Amish Handcrafted Leather - Belts, Wallets, Bags, Purses etc.",Lambright Leather Company,USA,82,39181,2026-10-02T22:59:17.175591283Z,"['AWS WAF Challenge', 'Alternate Protocol', 'Amazon WAF Blocked', 'Anti-spam for WordPress', 'Aruba', 'ByteDance', 'CleanTalk Spam Protect', 'Cloudflare', 'Content Delivery Network', 'Customer Reviews for WooCommerce', 'DAV', 'ElementUI', 'Elementor', 'EmbedPress', 'Facebook Conversion Tracking', 'Facebook Login', 'Facebook Messenger Platform', 'Facebook Pixel', 'Facebook Reseller', 'Facebook Tag API', 'Fireblade', 'Font Awesome', 'Google Analytics', 'Google Related Website Sites', 'Google Tag Manager', 'Hello Elementor', 'Instagram Follow Button', 'Kitco', 'Microdata for Google Shopping', 'PHP', 'Pinterest Conversion Tracking', 'QUIC', 'Rev', 'Site Kit', 'Theme In WP', 'TikTok Conversion Tracking Pixel', 'UTF-8', 'Variation Swatches for WooCommerce', 'Verified Profile', 'WP Engine', 'Woo Themes', 'WooCommerce', 'WooCommerce Checkout', 'WordPress', 'WordPress Multisite', 'YouTube', 'eLand', 'jQuery']"
chubsandstubs.com,Chubs & Stubs Services LLC - Rebooting Raven,Tricky Old Bird LLC - Rebooting Raven,SGP,60,20598,2026-10-02T22:43:40.837221942Z,"['Alternate Protocol', 'Amazon Associates Affiliate Shop', 'AppNexus Direct', 'Aruba', 'Automattic', 'BidSwitch Direct', 'Content Delivery Network', 'Criteo', 'Criteo Reseller', 'DAV', 'DoubleClick Bid Manager', 'ElementUI', 'EmbedPress', 'Express', 'Facebook Conversion Tracking', 'Facebook Login', 'Facebook Messenger Platform', 'Facebook Pixel', 'Facebook Reseller', 'Facebook Tag API', 'FormSubmit', 'GDPR Consent Management Platform', 'Google Adsense', 'Google Analytics', 'Google Funding Choices', 'Google Matched Content', 'Google My Business', 'Google Related Website Sites', 'Google Reseller', 'Google Tag Manager', 'Gutenberg', 'Harbor', 'Instagram Follow Button', 'IponWeb BidSwitch', 'Jetpack', 'Jetpack Site Accelerator', 'KVH', 'Line2', 'Microdata for Google Shopping', 'Nginx', 'No-Q', 'Oracle Cloud', 'Perl', 'Pinterest Conversion Tracking', 'PubMatic Direct', 'Pubmatic', 'SMC', 'Thank You', 'ThirstyAffiliates', 'UTF-8', 'Woo Themes', 'WooCommerce', 'WooCommerce Checkout', 'WooCommerce Payments', 'WordPress', 'WordPress Multisite', 'WordPress Related Posts', 'WordPress Stats', 'YouTube', 'eLand', 'jQuery']"
wind-adventures.com,Wind Adventures - Wind Adventures,Wind Adventures,GLP,67,20458,2026-10-02T22:26:47.612720467Z,"['Alternate Protocol', 'Click to Chat for WhatsApp', 'Contact Form Plugin', 'DuracellTomi Google Tag Manager for WordPress', 'Elementor', 'EmbedPress', 'Essential Addons for Elementor', 'Event Tickets for Wordpress', 'Fireblade', 'GTranslate', 'Google', 'Google Analytics', 'Google Cloud CDN', 'Google Cloud DNS', 'Google Customer Reviews', 'Google Font API', 'Google Related Website Sites', 'Google Tag Manager', 'Gtranslate for Wordpress', 'IcoMoon', 'Instagram Feed for WordPress', 'Instagram Follow Button', 'Microdata for Google Shopping', 'Ntent', 'PHP', 'Pinterest Conversion Tracking', 'Sassy Social Share', 'Sitelinks Search Box', 'Slider Revolution', 'Tailwind CSS', 'The Events Calendar', 'Theme In WP', 'TrustIndex', 'UTF-8', 'Woo Themes', 'WooCommerce', 'WooCommerce Checkout', 'WordPress', 'WordPress Multisite', 'YouTube', 'jQuery']"
thepillowhq.com,PillowHQ – Clear sleep advice you can trust,,,55,60,2026-10-02T21:28:26.154180955Z,"['Alternate Protocol', 'Digital Ocean Spaces', 'EmbedPress', 'Google Analytics', 'Google Tag Manager', 'LiteSpeed', 'PHP', 'Pinterest Conversion Tracking', 'Theme In WP', 'UTF-8', 'WordPress', 'WordPress Multisite']"
menawoodwork.co.uk,Contemporary Garden Furniture in the UK from Mena Carpentry,Mena Woodwork,,72,40635,2026-10-02T18:46:24.97959381Z,"['Alternate Protocol', 'Amazon WAF Blocked', 'Anti-spam for WordPress', 'CDN JS', 'CleanTalk Spam Protect', 'Cloudflare', 'Cloudflare CDN', 'Cloudflare Web Analytics', 'Contento', 'CookieYes', 'EmbedPress', 'Fireblade', 'Font Awesome', 'GZIP Module', 'Gambling Content', 'Google Analytics', 'Google Cloud DNS', 'Google Font API', 'Google Tag Manager', 'Instagram Feed for WordPress', 'Instagram Follow Button', 'Microdata for Google Shopping', 'PHP', 'Pinterest Conversion Tracking', 'QUIC', 'Tailwind CSS', 'Theme In WP', 'UTF-8', 'Woo Themes', 'WooCommerce', 'WooCommerce Checkout', 'WordPress', 'WordPress Multisite', 'jQuery']"
dyeraid.com,Naturally Dyed Textiles | Dyeraid,Dyeraid,,67,110493,2026-10-02T17:43:40.771151857Z,"['Alternate Protocol', 'Amazon WAF Blocked', 'Apture Linking Platform', 'Content Delivery Network', 'Ecwid Ecommerce Shopping Cart', 'Express', 'Fastly', 'Fastly CDN', 'GZIP Module', 'Google Related Website Sites', 'Instagram Follow Button', 'KVH', 'Microdata for Google Shopping', 'NFOrce Internet', 'POWr', 'PWA', 'Pinterest Conversion Tracking', 'QUIC', 'SMC', 'Seflow Italy', 'Sentry', 'SiteW', 'UTF-8', 'Vector Internet Services', 'Wix', 'Wix Media', 'mlcom']"
idcostudio.com,Home | IDCO Studio,IDCO Studio,USA,65,159324,2026-10-02T16:45:33.912484642Z,"['Alternate Protocol', 'Amazon WAF Blocked', 'Apture Linking Platform', 'Cloudflare', 'Content Delivery Network', 'DAV', 'DC74', 'Express', 'Fastly', 'Fastly CDN', 'Fireblade', 'FormSubmit', 'GZIP Module', 'GitHub Hosting', 'Google Analytics', 'Google Related Website Sites', 'Google Tag Manager', 'Instagram Follow Button', 'Microdata for Google Shopping', 'Microsoft Azure', 'NFOrce Internet', 'ON24', 'PWA', 'Perl', 'Pico CSS', 'Pinterest Conversion Tracking', 'Prospective', 'QUIC', 'SMC', 'Seflow Italy', 'Sentry', 'SiteW', 'Sitelinks Search Box', 'Thank You', 'UTF-8', 'Vector Internet Services', 'Wix', 'Wix Media', 'mlcom']"
immerhealth.co,"ImmerHealth - Always, Health",ImmerHealth,USA,82,41646,2026-10-02T16:01:38.288983304Z,"['AWS WAF Challenge', 'Adobe Creative Cloud WebFonts', 'Alternate Protocol', 'Animate It', 'Bookly', 'Call to Visit', 'Cloudflare', 'Cloudflare CDN', 'Contact Form Plugin', 'Content Delivery Network', 'Elegant Themes', 'Elementor', 'EmbedPress', 'Essential Addons for Elementor', 'Fireblade', 'Fontello', 'GoDaddy', 'Google', 'Google Analytics', 'Google Cloud DNS', 'Google Font API', 'Google My Business', 'Google Related Website Sites', 'Google Tag Manager', 'Gravity Forms', 'Harbor', 'Instagram Follow Button', 'Line2', 'MailPoet', 'Microdata for Google Shopping', 'Nginx', 'Ninja Forms', 'PHP', 'Pinterest Conversion Tracking', 'Popup Maker for Wordpress', 'QUIC', 'Slider Revolution', 'TI WooCommerce Wishlist', 'Theme In WP', 'UTF-8', 'Vector Internet Services', 'WP Statistics', 'Woo Themes', 'WooCommerce', 'WooCommerce Checkout', 'WordPress', 'WordPress Multisite', 'eLand', 'jQuery']"
softlywished.com,"SoftlyWished | Done-for-You AI Text-to-Video Messages, Human-Edited",SoftlyWished,CAN,77,150086,2026-10-02T15:49:13.53090731Z,"['Alternate Protocol', 'Amazon WAF Blocked', 'Apture Linking Platform', 'Content Delivery Network', 'Contento', 'Express', 'Fastly', 'Fastly CDN', 'Fireblade', 'FormSubmit', 'GZIP Module', 'Google Related Website Sites', 'HMDG', 'Instagram Follow Button', 'Medium', 'Microdata for Google Shopping', 'NFOrce Internet', 'POWr', 'PWA', 'Pico CSS', 'Pinterest Conversion Tracking', 'Product Hunt', 'QUIC', 'SMC', 'Say what', 'Seflow Italy', 'Sentry', 'SiteW', 'Sitelinks Search Box', 'Thank You', 'UTF-8', 'Vector Internet Services', 'Wix', 'Wix Media', 'YouTube', 'mlcom']"
ntriwaacatering.com,Ntriwaa Catering - Ghanaian Food with Passion in UK.,Ntriwaa Catering,GBR,82,22135,2026-10-02T13:35:07.009726321Z,"['AWS WAF Challenge', 'Alternate Protocol', 'Apture Linking Platform', 'Better Lead Generation Services', 'ByteDance', 'Contact Form Plugin', 'Content Delivery Network', 'Elementor', 'EmbedPress', 'GZIP Module', 'Gambling Content', 'Google Analytics', 'Google Cloud DNS', 'Google Font API', 'Google My Business', 'Google Related Website Sites', 'Google Tag Manager', 'Hello Elementor', 'Instagram Follow Button', 'Microdata for Google Shopping', 'NFOrce Internet', 'Nginx', 'Pinterest Conversion Tracking', 'Schema Plugin', 'Table Addons for Elementor', 'Tidio', 'TikTok Conversion Tracking Pixel', 'Trustpilot Reviews for WordPress', 'UTF-8', 'Woo Themes', 'WooCommerce', 'WooCommerce Checkout', 'WooCommerce Payments', 'WooCommerce Stripe Payment Gateway', 'WordPress', 'WordPress Multisite', 'YouTube', 'jQuery', 'reCAPTCHA']"
wrightfashions.com,"WrightFahions - A fashion, beauty, and lifestyle blog",WrightFashions,SYC,82,9435,2026-10-02T12:20:34.164448772Z,"['Adult Content', 'Alternate Protocol', 'Apache', 'CoBlocks', 'Contact Form Plugin', 'EmbedPress', 'Funding Choices', 'GZIP Module', 'Google', 'Google Adsense', 'Google Analytics', 'Google Cloud DNS', 'Google Font API', 'Google Funding Choices', 'Google Matched Content', 'Google My Business', 'Google Reseller', 'Google Tag Manager', 'Graphy', 'Gravity', 'Instagram Follow Button', 'Kitco', 'Microdata for Google Shopping', 'PHP', 'Pinterest Conversion Tracking', 'PixelYourSite', 'QUIC', 'Site Kit', 'Soledad', 'Tailwind CSS', 'Theme In WP', 'UTF-8', 'University or College', 'WPForms', 'Woo Themes', 'WooCommerce', 'WooCommerce Checkout', 'WordPress', 'WordPress Multisite', 'YouTube', 'bbPress', 'jQuery', 'reCAPTCHA']"
vakantiehuizenmetstijl.nl,Vakantiehuizen met Stijl: dé plek voor beste en mooiste vakantiehuizen!Vakantiehuizen met Stijl,,CUB,82,456,2026-10-02T10:36:32.358977168Z,"['Adult Content', 'Alternate Protocol', 'Apache', 'Contact Form Plugin', 'DAV', 'EmbedPress', 'GZIP Module', 'Google Analytics', 'Google Cloud DNS', 'Google Font API', 'Google Maps', 'Google My Business', 'Google Tag Manager', 'Jetpack', 'Microdata for Google Shopping', 'PHP', 'Perl', 'Pinterest Conversion Tracking', 'Real Homes', 'Subversion', 'Tailwind CSS', 'Theme In WP', 'UTF-8', 'WordPress', 'WordPress Multisite', 'WordPress Stats', 'eLand', 'jQuery']"
pwscontracting.ca,PWS Contracting Vancouver,,CAN,72,75973,2026-10-02T09:26:46.604766226Z,"['Aruba', 'Express', 'GZIP Module', 'Google Analytics', 'Google Tag Manager', 'Instagram Follow Button', 'Line2', 'Magento Enterprise', 'Microdata for Google Shopping', 'Pinterest Conversion Tracking', 'QUIC', 'SiteW', 'Squarespace', 'UTF-8', 'WordPress SEO Structured Data Schema Plugin', 'eLand']"
alifbaypay.co,Upcademy — online classes for kids,Upcademy,USA,87,1480,2026-10-02T08:17:33.202786903Z,"['ByteDance', 'Content Delivery Network', 'Facebook Login', 'Facebook Messenger Platform', 'Facebook Pixel', 'Facebook Reseller', 'FirstPromoter', 'Google Analytics', 'Google Tag Manager', 'Instagram Follow Button', 'Microdata for Google Shopping', 'Pinterest Conversion Tracking', 'TikTok Conversion Tracking Pixel', 'UTF-8', 'Vercel', 'YouTube']"
muyfragilshop.com,MUY FRÁGIL - Barcelona,MUY FRÁGIL,ESP,77,186873,2026-10-02T08:17:33.198382879Z,"['AWS WAF Challenge', 'Alternate Protocol', 'Amazon WAF Blocked', 'Brevo', 'ByteDance', 'Cloudflare', 'Complianz', 'DAV', 'ElementUI', 'Elementor', 'EmbedPress', 'Event Tickets for Wordpress', 'Express', 'Facebook Conversion Tracking', 'Facebook Login', 'Facebook Messenger Platform', 'Facebook Pixel', 'Facebook Reseller', 'Facebook Tag API', 'Font Awesome', 'FreeBSD', 'Google Analytics', 'Google Cloud DNS', 'Google Font API', 'Google Related Website Sites', 'Google Tag Manager', 'Gravity', 'Gravity Forms', 'Instagram Follow Button', 'KeyCDN', 'Microdata for Google Shopping', 'NFOrce Internet', 'Nginx', 'PHP', 'Perl', 'Pinterest Conversion Tracking', 'Python', 'QUIC', 'Salesforce Hosted', 'Shopware', 'Site Kit', 'Sitelinks Search Box', 'Slider Revolution', 'Thank You', 'The Events Calendar', 'ThemeFusion', 'TikTok Conversion Tracking Pixel', 'UTF-8', 'University or College', 'Vector Internet Services', 'WonderPush', 'Woo Themes', 'WooCommerce', 'WooCommerce Checkout', 'WordPress', 'WordPress Multisite', 'WordPress Related Posts', 'Yandex Hosting', 'jQuery', 'symfony PHP Framework']"
emtek-locks.com,Builders Hardware | Shop Decorative Hardware | Hardware Hut,Hardware Hut,USA,82,18610,2026-10-02T04:52:51.544869091Z,"['Adobe Creative Cloud WebFonts', 'Bing Cashback', 'Bing Conversion Tracking', 'DoubleClick Bid Manager', 'Facebook Conversion Tracking', 'Facebook Login', 'Facebook Messenger Platform', 'Facebook Pixel', 'Facebook Reseller', 'Facebook Tag API', 'Fireblade', 'GZIP Module', 'Google Analytics', 'Google Flights Conversion Tracking', 'Google Tag Manager', 'Instagram Follow Button', 'Lightwidget', 'MailChimp', 'Microdata for Google Shopping', 'Pinterest Conversion Tracking', 'QUIC', 'Schema Plugin', 'Shopper Approved', 'Tailwind CSS', 'Twitter Ads', 'UTF-8', 'YouTube']"
womo-health.com,WOMO Health — Bio-Intelligence for Women,,GBR,70,5250,2026-10-02T04:08:49.215283281Z,"['Amazon', 'Amazon CloudFront', 'Amazon Route 53', 'Amazon S3 CDN', 'App Store', 'CloudFront', 'Content Delivery Network', 'Google', 'Google Cloud DNS', 'Google Font API', 'Google My Business', 'Google Play', 'Instagram Follow Button', 'Pinterest Conversion Tracking', 'QUIC', 'Storyblocks', 'Tailwind CSS', 'UTF-8', 'YouTube']"
cadogangallery.com,Cadogan Gallery,,GBR,67,1296,2026-10-02T03:57:25.243991154Z,"['FormSubmit', 'GZIP Module', 'Google Analytics', 'Google Tag Manager', 'Instagram Follow Button', 'Microsoft Authentication Library for JavaScript', 'PHP', 'Pinterest Conversion Tracking', 'Python', 'UTF-8', 'reCAPTCHA']"
startacookiebusiness.com,Turning Cookies to Cash - Summer's Sweet Shoppe,,,67,19624,2026-10-02T03:42:33.738409686Z,"['AWS WAF Challenge', 'Alternate Protocol', 'Amazon Widgets', 'Cloudflare', 'Contact Form Plugin', 'Content Delivery Network', 'EmbedPress', 'Facebook Conversion Tracking', 'Facebook Login', 'Facebook Messenger Platform', 'Facebook Pixel', 'Facebook Reseller', 'Facebook Tag API', 'Google Analytics', 'Google My Business', 'Google Tag Manager', 'IcoMoon', 'Instagram Follow Button', 'Kajabi', 'MailChimp', 'Microdata for Google Shopping', 'MonsterInsights', 'PHP', 'Pinterest Conversion Tracking', 'Tailwind CSS', 'Theme In WP', 'UTF-8', 'WP Engine', 'Woo Themes', 'WooCommerce', 'WooCommerce Checkout', 'WordPress', 'WordPress Multisite', 'YouTube', 'jQuery']"
themarketingonion.com,The Marketing Onion,Marketingonion,,60,54,2026-10-02T01:55:44.424636156Z,"['Alternate Protocol', 'Apache', 'BJ Lazy Load for WordPress', 'Better Click To Tweet', 'Blocksy', 'Contact Form Plugin', 'EmbedPress', 'GZIP Module', 'Google Analytics', 'Google Related Website Sites', 'Google Tag Manager', 'Instagram Follow Button', 'Microdata for Google Shopping', 'PHP', 'Perl', 'Pinterest Conversion Tracking', 'PixelYourSite', 'Recent Posts Widget With Thumbnails', 'Social Warfare', 'Theme In WP', 'Twitter Ads', 'UTF-8', 'W3 Total Cache', 'WordPress', 'YouTube', 'a3 Lazy Load']"
nobleisle.com,Noble Isle | Luxury Bath Body & Home Collections | Real Perfume,Noble Isle,,67,10277,2026-10-02T01:41:05.921256172Z,"['Advanced Woo Search', 'Content Delivery Network', 'ElementUI', 'Elementor', 'Facebook Login', 'Facebook Messenger Platform', 'Facebook Pixel', 'Facebook Reseller', 'Facebook Tag API', 'GZIP Module', 'Google', 'Google Analytics', 'Google My Business', 'Google Tag Manager', 'ImageEngine', 'Instagram Follow Button', 'Line2', 'LiteSpeed', 'MailChimp', 'Microdata for Google Shopping', 'NFOrce Internet', 'Pico CSS', 'Pinterest Conversion Tracking', 'QUIC', 'QUIC.cloud', 'Thank You', 'Trustpilot Reviews for WordPress', 'Twitter Ads', 'UTF-8', 'Woo Themes', 'WordPress', 'WordPress Multisite', 'eLand', 'jsDelivr', 'reCAPTCHA']"
codarab.com,CODARAB – WooCommerce High Risk Payment Gateway Plugin,My Blog,,72,42368,2026-10-02T01:13:15.912298345Z,"['AWS WAF Challenge', 'Alternate Protocol', 'Astra Theme', 'CDN JS', 'Cloudflare', 'Cloudflare CDN', 'Content Delivery Network', 'CoreUI', 'ETranslate', 'ElementUI', 'Elementor', 'EmbedPress', 'Express', 'Facebook Login', 'Facebook Messenger Platform', 'Facebook Pixel', 'Facebook Reseller', 'Facebook Tag API', 'Fireblade', 'FormSubmit', 'GTranslate', 'GitHub Hosting', 'Google', 'Google Analytics', 'Google Cloud DNS', 'Google Font API', 'Google My Business', 'Google Related Website Sites', 'Google Tag Manager', 'Kitco', 'Line2', 'LiteSpeed', 'Microdata for Google Shopping', 'PHP', 'Pinterest Conversion Tracking', 'QUIC', 'QUIC.cloud', 'Sitelinks Search Box', 'Tailwind CSS', 'Telegram', 'Twitter Ads', 'UTF-8', 'University or College', 'Woo Themes', 'WooCommerce Checkout', 'WordPress', 'WordPress Multisite', 'WordPress Related Posts', 'YouTube']"
goodbyeclassrooms.com,Goodbye Classrooms,Goodbye Classrooms,,72,81540,2026-10-02T00:45:56.707908381Z,"['Aruba', 'Express', 'GZIP Module', 'IcoMoon', 'Instagram Follow Button', 'Line2', 'Magento Enterprise', 'Microdata for Google Shopping', 'Newsletter for Wordpress', 'Pico CSS', 'Pinterest Conversion Tracking', 'QUIC', 'SiteW', 'Squarespace', 'UTF-8', 'Vector Internet Services', 'WordPress SEO Structured Data Schema Plugin', 'eLand']"
sarahroberts.co.uk,"Jewellery for All | Bridal & Wedding Hair Accessories by Sarah Roberts London, England UK",Sarah Roberts,GBR,82,180068,2026-10-02T00:18:45.808405946Z,"['Alternate Protocol', 'Amazon WAF Blocked', 'Apture Linking Platform', 'Cloudflare', 'Content Delivery Network', 'DC74', 'Express', 'Fastly', 'Fastly CDN', 'GZIP Module', 'Google Related Website Sites', 'Instagram Follow Button', 'K2F', 'KVH', 'MailChimp', 'Microdata for Google Shopping', 'NFOrce Internet', 'ON24', 'PWA', 'Perl', 'Pinterest Conversion Tracking', 'QUIC', 'SMC', 'Seflow Italy', 'Sentry', 'SiteW', 'Sitelinks Search Box', 'Subversion', 'Thank You', 'Twitter Ads', 'UTF-8', 'Vector Internet Services', 'Wix', 'Wix Media', 'eLand', 'mlcom']"
theodoreandraffy.co.uk,Home - Theodore and Raffy,My Store,,77,6173,2026-10-01T23:25:20.808430265Z,"['Alternate Protocol', 'Automattic', 'Contact Form Plugin', 'Content Delivery Network', 'DuracellTomi Google Tag Manager for WordPress', 'EmbedPress', 'Google Analytics', 'Google Cloud DNS', 'Google Font API', 'Google My Business', 'Google Tag Manager', 'Instagram Follow Button', 'Jetpack', 'Microdata for Google Shopping', 'Newsletter for Wordpress', 'Nginx', 'Otter Blocks', 'PHP', 'Parallels Plesk Panel', 'Pinterest Conversion Tracking', 'PixelYourSite', 'SVG Support', 'SiteOrigin', 'SiteOrigin Panels', 'Slider Revolution', 'Subversion', 'Theme In WP', 'Trustpilot Reviews for WordPress', 'UTF-8', 'Vantage', 'WP Super Cache', 'WPForms', 'Woo Themes', 'WooCommerce', 'WooCommerce Checkout', 'WooCommerce Stripe Payment Gateway', 'WordPress', 'WordPress Multisite', 'WordPress Stats', 'jQuery', 'reCAPTCHA']"
decodedartstudio.com,Kibbi Linga Art,,USA,62,1312,2026-10-01T22:57:01.56004157Z,"['Accordion Blocks', 'Adobe Creative Cloud WebFonts', 'Alternate Protocol', 'Aruba', 'Express', 'Facebook Login', 'Facebook Messenger Platform', 'Facebook Pixel', 'Facebook Reseller', 'Facebook Tag API', 'GZIP Module', 'Instagram Follow Button', 'Line2', 'Microdata for Google Shopping', 'Newsletter for Wordpress', 'Pico CSS', 'Pinterest Conversion Tracking', 'QUIC', 'Squarespace', 'UTF-8', 'WordPress SEO Structured Data Schema Plugin', 'eLand']"
alignthymind.com,Align Thy Mind,Align Thy Mind,,77,76540,2026-10-01T22:27:59.916160812Z,"['Aruba', 'Express', 'GZIP Module', 'Google Analytics', 'Google Tag Manager', 'IcoMoon', 'Instagram Follow Button', 'Line2', 'Magento Enterprise', 'Microdata for Google Shopping', 'Newsletter for Wordpress', 'Pinterest Conversion Tracking', 'QUIC', 'Share Link', 'SiteW', 'Squarespace', 'UTF-8', 'WordPress SEO Structured Data Schema Plugin', 'eLand']"
officialorso.co.uk,Shop Handcrafted Bespoke Furniture at Orso Woodworking | Unique Solid Wood Pieces | Order Now!,Orso Woodworking,,77,155141,2026-10-01T21:33:27.980470173Z,"['Alternate Protocol', 'Amazon WAF Blocked', 'Apture Linking Platform', 'Cloudflare', 'Content Delivery Network', 'DAV', 'DC74', 'Express', 'Fastly', 'Fastly CDN', 'GZIP Module', 'Google Related Website Sites', 'Instagram Follow Button', 'KVH', 'Microdata for Google Shopping', 'NFOrce Internet', 'ON24', 'PWA', 'Parcel', 'Perl', 'Pinterest Conversion Tracking', 'QUIC', 'SMC', 'Seflow Italy', 'Sentry', 'SiteW', 'Sitelinks Search Box', 'Thank You', 'UTF-8', 'Vector Internet Services', 'WP Booking Calendar', 'Wix', 'Wix Media', 'mlcom']"
aaturning.com,"Decorate with Handcrafted Wood Bowls, Wood Art and Wood Jewelry | AATurning",AATURNING,,67,89828,2026-10-01T19:57:01.750009983Z,"['Alternate Protocol', 'Amazon WAF Blocked', 'Apture Linking Platform', 'Cloudflare', 'Content Delivery Network', 'Etsy', 'Express', 'Fastly', 'Fastly CDN', 'GZIP Module', 'Google Analytics', 'Google Conversion Tracking', 'Google Related Website Sites', 'Google Tag Manager', 'Instagram Follow Button', 'Microdata for Google Shopping', 'NFOrce Internet', 'PWA', 'Perl', 'Pinterest Conversion Tracking', 'QUIC', 'SMC', 'Seflow Italy', 'Sentry', 'SiteW', 'Sitelinks Search Box', 'Thank You', 'UTF-8', 'Vector Internet Services', 'Wix', 'Wix Media', 'mlcom']"
alohasunshinedesigns.com,Home - Aloha Sunshine Designs,Aloha Sunshine Designs,,65,18750,2026-10-01T19:44:33.997232978Z,"['Alternate Protocol', 'Amazon WAF Blocked', 'Anti-spam for WordPress', 'Apture Linking Platform', 'Automattic', 'CleanTalk Spam Protect', 'Content Delivery Network', 'Elementor', 'EmbedPress', 'FiboSearch', 'Fireblade', 'Google My Business', 'Hello Elementor', 'Instagram Follow Button', 'Jetpack', 'Microdata for Google Shopping', 'NFOrce Internet', 'Nginx', 'PHP', 'Pinterest Conversion Tracking', 'Theme In WP', 'UTF-8', 'Woo Themes', 'WooCommerce', 'WooCommerce Checkout', 'WooCommerce Payments', 'WooCommerce Stripe Payment Gateway', 'WordPress', 'WordPress Multisite', 'WordPress Stats', 'YouTube', 'jQuery', 'reCAPTCHA']"
sarkissian.pro,CAD For Jewelry e-Commerce Brands & Manufacturers - Sarkissian Luxury Studio,Sarkissian Luxury Studio,USA,82,18583,2026-10-01T18:50:32.599578818Z,"['AWS WAF Challenge', 'Alternate Protocol', 'Amazon S3 CDN', 'Amazon WAF Blocked', 'Apache', 'Aruba', 'DAV', 'EWWW Image Optimizer', 'Easy Table of Contents', 'EmbedPress', 'Facebook Conversion Tracking', 'Facebook Login', 'Facebook Messenger Platform', 'Facebook Pixel', 'Facebook Reseller', 'Facebook Tag API', 'Flatsome', 'FormSubmit', 'FreeCSSTemplates', 'GZIP Module', 'Google Analytics', 'Google Cloud DNS', 'Google Font API', 'Google Maps', 'Google My Business', 'Google Related Website Sites', 'Google Tag Manager', 'Gravity', 'Gravity Forms', 'IcoMoon', 'Instagram Follow Button', 'Microdata for Google Shopping', 'Microsoft Clarity', 'PHP', 'Pinterest Conversion Tracking', 'QUIC', 'Storyblocks', 'TablePress', 'Tailwind CSS', 'Theme In WP', 'UTF-8', 'W3 Total Cache', 'WordPress', 'WordPress Multisite', 'eLand', 'jQuery', 'jsDelivr', 'reCAPTCHA']"
gregrudolph.com,Beyond Business Institute,Beyond Business Institute,,62,1432,2026-10-01T18:08:36.13398957Z,"['Adobe Creative Cloud WebFonts', 'Aruba', 'DoubleClick Bid Manager', 'Express', 'GZIP Module', 'Google Analytics', 'Google Flights Conversion Tracking', 'Google My Business', 'Google Tag Manager', 'Instagram Follow Button', 'Line2', 'Microdata for Google Shopping', 'Newsletter for Wordpress', 'Pinterest Conversion Tracking', 'QUIC', 'SiteW', 'Squarespace', 'UTF-8', 'WordPress SEO Structured Data Schema Plugin', 'eLand']"
bnation.co,Heylist,,,57,1584,2026-10-01T18:08:36.112167157Z,"['Alternate Protocol', 'Amazon', 'Amazon CloudFront', 'Amplitude', 'CloudFront', 'Cloudflare', 'Content Delivery Network', 'DC74', 'ElementUI', 'Facebook Conversion Tracking', 'Facebook Login', 'Facebook Messenger Platform', 'Facebook Pixel', 'Facebook Reseller', 'Facebook Tag API', 'GZIP Module', 'Google My Business', 'Google Tag Manager', 'Hotjar', 'HubSpot Conversations', 'Hubspot', 'IcoMoon', 'Instagram Follow Button', 'Pinterest Conversion Tracking', 'QUIC', 'Tailwind CSS', 'Thank You', 'UTF-8', 'Vercel', 'WF Cookie Consent', 'Webflow', 'jsDelivr']"
angelapainalchemist.com,Angela Pain Alchemist – For people who collect diagnoses like stamps.,,,62,51926,2026-10-01T16:31:22.654550385Z,"['Alternate Protocol', 'Automattic', 'Content Delivery Network', 'EmbedPress', 'Google Analytics', 'Google My Business', 'Google Tag Manager', 'Jetpack', 'Jetpack Site Accelerator', 'Nginx', 'Pinterest Conversion Tracking', 'SMC', 'Site Kit', 'UTF-8', 'Woo Themes', 'WooCommerce Payments', 'WordPress', 'WordPress Multisite', 'WordPress Related Posts', 'WordPress Stats', 'jQuery', 'reCAPTCHA']"
haleyivers.com,HALEY IVERS,,,62,9952,2026-10-01T16:04:02.456740587Z,"['AJAX Libraries API', 'Adobe Creative Cloud WebFonts', 'Alternate Protocol', 'Amazon WAF Blocked', 'Apture Linking Platform', 'Aruba', 'AutoComplete', 'Cisco/Arrowpoint Content Service Switch', 'ElementUI', 'Express', 'Facebook Login', 'Facebook Messenger Platform', 'Facebook Pixel', 'Facebook Reseller', 'Facebook Tag API', 'Fastly', 'GZIP Module', 'Google Adsense', 'Google Cloud DNS', 'Google Cloud Storage', 'Google Funding Choices', 'Google Matched Content', 'Google Reseller', 'Instagram Follow Button', 'Line2', 'Microdata for Google Shopping', 'MyFonts', 'Newsletter for Wordpress', 'Pinterest Conversion Tracking', 'QUIC', 'Squarespace', 'UTF-8', 'WordPress SEO Structured Data Schema Plugin', 'YouTube', 'eLand', 'jQuery', 'rewardStyle']"
liveandbegreat.com,Spiritual Psychological Life Coaching & Astrology Readings | with Latonya McDonald | Live & Be Great,,,67,114983,2026-10-01T14:28:42.414038398Z,"['Alternate Protocol', 'Apyl', 'DAV', 'Express', 'Federal Deposit Insurance Corporation', 'Financial Services Guide', 'GZIP Module', 'Google', 'Google Cloud DNS', 'Google Customer Reviews', 'Google Font API', 'HHVM', 'Hexo', 'Idaq', 'Instagram Follow Button', 'K2F', 'KVH', 'Microdata for Google Shopping', 'Nationwide Mortgage Licensing System and Registry', 'No-Q', 'Perl', 'Pexels', 'Phew', 'Pinterest Conversion Tracking', 'QUIC', 'SMC', 'Silicon Valley Web Hosting', 'Subversion', 'Thank You', 'University or College', 'Unsplash', 'Visx', 'W3 Total Cache', 'YouTube', 'Zyro']"
pinpromotions.com,Custom Lapel Pins - Design Your Own Custom Enamel Pins – Lapel Pins Plus,Lapel Pins Plus,USA,82,30493,2026-10-01T13:19:23.829109318Z,"['AWS WAF Challenge', 'Adobe Creative Cloud WebFonts', 'Alternate Protocol', 'Amazon', 'Amazon CloudFront', 'Amazon Route 53', 'Amazon S3 CDN', 'Apture Linking Platform', 'Bing Cashback', 'Bing Conversion Tracking', 'CloudFront', 'Content Delivery Network', 'Express', 'Facebook Login', 'Facebook Messenger Platform', 'Facebook Pixel', 'Facebook Reseller', 'Fancybox for WordPress', 'Font Awesome', 'GZIP Module', 'Google Analytics', 'Google My Business', 'Google Tag Manager', 'Hotjar', 'IcoMoon', 'Instagram Follow Button', 'NFOrce Internet', 'Ntent', 'Pinterest Conversion Tracking', 'Podium', 'QUIC', 'Reddit Conversion Tracking', 'ReviewsOnMyWebsite', 'Sign In With Google', 'UTF-8', 'University or College', 'jsDelivr', 'reCAPTCHA', 'shadcn ui']"
impactwrap.com,"For Gyms - Fitness Striking Tracker For Boxing, Kickboxing & Martial Arts",,GBR,82,2493,2026-10-01T11:24:59.751827189Z,"['Alternate Protocol', 'Apache', 'Apture Linking Platform', 'Chatbase', 'Divi', 'DoubleClick Bid Manager', 'Elegant Themes', 'EmbedPress', 'Facebook Conversion Tracking', 'Facebook Login', 'Facebook Messenger Platform', 'Facebook Pixel', 'Facebook Reseller', 'Facebook Tag API', 'Font Awesome', 'GZIP Module', 'Google Analytics', 'Google Calendar', 'Google Cloud DNS', 'Google Font API', 'Google My Business', 'Google Tag Manager', 'InMotion Hosting', 'Instagram Feed for WordPress', 'Instagram Follow Button', 'LinkedIn Insights', 'LinkedIn Pixel', 'Microdata for Google Shopping', 'PHP', 'Perl', 'Pinterest Conversion Tracking', 'PixelYourSite', 'Sitelinks Search Box', 'Theme In WP', 'UTF-8', 'Vimeo', 'WP Fastest Cache', 'Woo Themes', 'WordPress', 'WordPress Multisite', 'YouTube', 'jQuery']"
anytechkey.com,Home - Any Tech Key,Any Tech Key Solution to Digital World,,62,8684,2026-10-01T09:22:22.449504859Z,"['Advanced Woo Search', 'Alternate Protocol', 'Astra Theme', 'Elementor', 'EmbedPress', 'GZIP Module', 'Google', 'Google Cloud DNS', 'Google Font API', 'Google Related Website Sites', 'Header, Footer and Blocks for Elementor', 'Microdata for Google Shopping', 'Oracle Cloud', 'PHP', 'Pagekit', 'Pinterest Conversion Tracking', 'QUIC', 'Sitelinks Search Box', 'Smush Image Optimization', 'Stripe', 'Table Addons for Elementor', 'Theme In WP', 'UTF-8', 'Woo Themes', 'WooCommerce', 'WooCommerce Checkout', 'WooCommerce Payments', 'WooLentor', 'WordPress', 'WordPress Download Manager', 'WordPress Multisite', 'WordPress Related Posts', 'Yandex Hosting', 'YouTube', 'jQuery']"
thepositivemom.com,★ The Positive MOM by Elayna Fernandez ♥ ~ The Positive Mom,The Positive MOM,ITA,77,17449,2026-10-01T08:40:27.365509356Z,"['Alternate Protocol', 'Clockwork', 'DoubleClick Bid Manager', 'EmbedPress', 'Express', 'Fireblade', 'GZIP Module', 'Google Analytics', 'Google My Business', 'Google Tag Manager', 'Instagram Follow Button', 'Microdata for Google Shopping', 'Nginx', 'PHP', 'Pinterest Conversion Tracking', 'Playwire', 'QUIC', 'Theme In WP', 'WordPress', 'WordPress Multisite', 'Yandex Hosting', 'YouTube']"
ad-adhesive.com,China Adhesive Tape Supplier & Manufacturer - SLAA,SLAA - China Adhesive Tape Supplier &amp; Manufacturer,CHN,67,31495,2026-10-01T08:27:57.835250353Z,"['AWS WAF Challenge', 'Complianz', 'EmbedPress', 'Facebook Conversion Tracking', 'Facebook Login', 'Facebook Messenger Platform', 'Facebook Pixel', 'Facebook Reseller', 'Facebook Tag API', 'Fireblade', 'GZIP Module', 'Google Analytics', 'Google Tag Manager', 'Instagram Follow Button', 'Microdata for Google Shopping', 'Nginx', 'PHP', 'Pico CSS', 'Pinterest Conversion Tracking', 'ShareThis', 'Theme In WP', 'Twitter Ads', 'UTF-8', 'Woo Themes', 'WooCommerce', 'WooCommerce Checkout', 'WordPress', 'WordPress Multisite', 'YouTube', 'hCaptcha', 'jQuery']"
kohinoor-joy.com,"Kohinoor | Authentic Indian Sauces, Sides & Snacks",Kohinoor,MDA,82,14376,2026-10-01T08:13:33.760349628Z,"['Adobe Creative Cloud WebFonts', 'Amazon', 'Apture Linking Platform', 'Baidu Cloud', 'Cloudflare', 'Cloudflare CDN', 'DAV', 'Google Related Website Sites', 'Instagram Follow Button', 'Klaviyo', 'Microdata for Google Shopping', 'Pinterest Conversion Tracking', 'Shopify', 'Shopify Collabs', 'Tailwind CSS', 'UTF-8', 'Yandex Hosting', 'YouTube', 'hCaptcha', 'reCAPTCHA', 'shadcn ui']"
drsracks.com,DRS Racks,DRS Racks,USA,72,2128,2026-10-01T07:28:46.640147859Z,"['Adobe Creative Cloud WebFonts', 'Alternate Protocol', 'Aruba', 'Express', 'Facebook Login', 'Facebook Messenger Platform', 'Facebook Pixel', 'Facebook Reseller', 'Facebook Tag API', 'FormSubmit', 'GZIP Module', 'Google Analytics', 'Google Related Website Sites', 'Google Tag Manager', 'Instagram Follow Button', 'Line2', 'Microdata for Google Shopping', 'Newsletter for Wordpress', 'Pico CSS', 'Pinterest Conversion Tracking', 'QUIC', 'Squarespace', 'UTF-8', 'WordPress SEO Structured Data Schema Plugin', 'eLand']"
spanish-learning-edge.com,Spanish Learning Edge | Spanish Teaching Materials,Spanish Learning Edge LLC,PHL,72,130141,2026-10-01T06:38:22.428396736Z,"['AWS WAF Challenge', 'Alternate Protocol', 'Amazon WAF Blocked', 'Apture Linking Platform', 'Cloudflare', 'Content Delivery Network', 'DAV', 'Express', 'Fastly', 'Fastly CDN', 'GZIP Module', 'Google Related Website Sites', 'K2F', 'Microdata for Google Shopping', 'NFOrce Internet', 'PWA', 'Perl', 'Pinterest Conversion Tracking', 'QUIC', 'SMC', 'Seflow Italy', 'Sentry', 'SiteW', 'Sitelinks Search Box', 'Thank You', 'UTF-8', 'University or College', 'Vector Internet Services', 'WP Booking Calendar', 'Wix', 'Wix Media', 'WordPress Related Posts', 'YouTube', 'mlcom']"
councilroad.org,Council Road Baptist Church,Council Road Baptist Church ,GBR,82,76013,2026-10-01T05:31:22.539667251Z,"['AJAX Libraries API', 'Aruba', 'Express', 'GZIP Module', 'Google Cloud DNS', 'Instagram Follow Button', 'Line2', 'Magento Enterprise', 'Microdata for Google Shopping', 'Pinterest Conversion Tracking', 'QUIC', 'SiteW', 'Squarespace', 'TicketWeb', 'UTF-8', 'WordPress SEO Structured Data Schema Plugin', 'eLand', 'jQuery']"
athomeauthor.com,How to Write a Children’s Book and Get It Published | At Home Author,At Home Author,,77,131883,2026-10-01T04:10:25.122800673Z,"['AWS WAF Challenge', 'Alternate Protocol', 'Amazon WAF Blocked', 'Apture Linking Platform', 'Cloudflare', 'Commoninja', 'Content Delivery Network', 'DAV', 'DC74', 'Elfsight', 'Express', 'Facebook Conversion Tracking', 'Facebook Login', 'Facebook Messenger Platform', 'Facebook Pixel', 'Facebook Reseller', 'Facebook Tag API', 'Fastly', 'Fastly CDN', 'GZIP Module', 'Google Analytics', 'Google My Business', 'Google Related Website Sites', 'Google Tag Manager', 'Heroku', 'Hotjar', 'Instagram Follow Button', 'Microdata for Google Shopping', 'NFOrce Internet', 'Netlify', 'No-Q', 'Ntent', 'On The Map', 'PWA', 'Perl', 'Pinterest Conversion Tracking', 'QUIC', 'SMC', 'Seflow Italy', 'Sentry', 'SiteW', 'Social Intents', 'Thank You', 'UTF-8', 'Vector Internet Services', 'WP Booking Calendar', 'Wix', 'Wix Media', 'WordPress Related Posts', 'YouTube', 'mlcom']"
sharellkatelynn.com,Sharell Katelynn,,USA,82,81432,2026-10-01T03:31:40.527620237Z,"['Adobe Creative Cloud WebFonts', 'Aruba', 'Express', 'Facebook Conversion Tracking', 'Facebook Login', 'Facebook Messenger Platform', 'Facebook Pixel', 'Facebook Reseller', 'Facebook Tag API', 'GZIP Module', 'Instagram Follow Button', 'Line2', 'Magento Enterprise', 'Microdata for Google Shopping', 'Newsletter for Wordpress', 'Pico CSS', 'Pinterest Conversion Tracking', 'QUIC', 'SiteW', 'Squarespace', 'UTF-8', 'Vector Internet Services', 'WordPress SEO Structured Data Schema Plugin', 'eLand']"
andrewharnois.com,"Apex Hue Digital | Richmond, Virginia Graphic Design Solutions",,USA,77,207373,2026-10-01T01:29:00.522424709Z,"['Adobe Creative Cloud WebFonts', 'Aruba', 'Content Square', 'Contento', 'Express', 'GZIP Module', 'Google Analytics', 'Google Tag Manager', 'Hotjar', 'Instagram Follow Button', 'Line2', 'Magento Enterprise', 'Microdata for Google Shopping', 'Pinterest Conversion Tracking', 'QUIC', 'SiteW', 'Squarespace', 'UTF-8', 'University or College', 'Vector Internet Services', 'WordPress SEO Structured Data Schema Plugin', 'eLand']"
levelagent.com,Home Page - LevelAgent,,,67,4048,2026-09-30T21:17:38.49467967Z,"['Amazon S3 CDN', 'App Store', 'Bulma', 'GZIP Module', 'Google Analytics', 'Google Cloud DNS', 'Google Code Prettify', 'Google Font API', 'Google My Business', 'Google Play', 'Google Tag Manager', 'IcoMoon', 'Instagram Follow Button', 'MailChimp', 'Microsoft Azure', 'PHP', 'Pinterest Conversion Tracking', 'QUIC', 'Storyblocks', 'Tailwind CSS', 'Twitter Ads', 'UTF-8', 'Visual Studio', 'WordPress', 'jQuery', 'jsDelivr']"
coachedbysue.com.au,CoachedBySue - Zest Again,,AUS,77,33350,2026-09-30T18:22:55.235383319Z,"['AWS WAF Challenge', 'Alternate Protocol', 'Calendly', 'Cloudflare', 'Content Delivery Network', 'Divi', 'Elegant Themes', 'EmbedPress', 'GoDaddy', 'Google Analytics', 'Google Cloud DNS', 'Google Font API', 'Google My Business', 'Google Tag Manager', 'Instagram Follow Button', 'Line2', 'MailChimp', 'Metricool', 'Microdata for Google Shopping', 'PHP', 'Pinterest Conversion Tracking', 'Stripe', 'Tailwind CSS', 'Theme In WP', 'UTF-8', 'Wangsu', 'Website Tonight', 'Woo Themes', 'WooCommerce', 'WooCommerce Checkout', 'WooCommerce Payments', 'WordPress', 'WordPress Multisite', 'jQuery', 'reCAPTCHA']"
eables.com,Home - Eables CBD - Hemp-Derived Wellness Products - Made in USA,,,72,10768,2026-09-30T18:06:31.106063754Z,"['Affiliatly', 'Alternate Protocol', 'Automattic', 'Content Delivery Network', 'Elementor', 'EmbedPress', 'Fastly', 'GZIP Module', 'Google Cloud DNS', 'Google Font API', 'Google Related Website Sites', 'Instagram Feed for WordPress', 'Instagram Follow Button', 'Jetpack', 'Klaviyo', 'Klaviyo for WordPress', 'LinkedIn Insights', 'LinkedIn Pixel', 'Microdata for Google Shopping', 'NFOrce Internet', 'Nginx', 'PHP', 'Pinterest Conversion Tracking', 'PixelYourSite', 'Popup Maker for Wordpress', 'Show.co', 'Sitelinks Search Box', 'Thank You', 'Theme In WP', 'UTF-8', 'Woo Themes', 'WooCommerce', 'WooCommerce Checkout', 'WordPress', 'WordPress Multisite', 'WordPress Related Posts', 'WordPress Stats', 'eLand', 'jQuery']"
texasmusictherapyservices.com,"Home | Texas Music Therapy Servies, LLC",,,62,140651,2026-09-30T17:11:09.29310052Z,"['Alternate Protocol', 'Amazon WAF Blocked', 'Apture Linking Platform', 'Cloudflare', 'Content Delivery Network', 'DAV', 'DC74', 'Express', 'Fastly', 'Fastly CDN', 'Financial Services Guide', 'GZIP Module', 'Google Related Website Sites', 'Instagram Follow Button', 'K2F', 'KVH', 'Microdata for Google Shopping', 'NFOrce Internet', 'POWr', 'PWA', 'Perl', 'Pinterest Conversion Tracking', 'QUIC', 'SMC', 'Seflow Italy', 'Sentry', 'SiteW', 'Subversion', 'Thank You', 'UTF-8', 'Vector Internet Services', 'WP Booking Calendar', 'Wix', 'Wix Media', 'WordPress Related Posts', 'YouTube', 'mlcom', 'smoove']"
kerricarlile.com,Kerri Carlile,,,65,1057,2026-09-30T15:46:49.786934931Z,"['Alternate Protocol', 'Amazon WAF Blocked', 'AnyChat', 'Aruba', 'ConvertKit', 'Express', 'Facebook Login', 'Facebook Messenger Platform', 'Facebook Pixel', 'Facebook Reseller', 'Facebook Tag API', 'GZIP Module', 'Google Tag Manager', 'Line2', 'Microdata for Google Shopping', 'OSS CDN', 'Pinterest Conversion Tracking', 'QUIC', 'Squarespace', 'UTF-8', 'WordPress SEO Structured Data Schema Plugin', 'eLand']"
glenfieldkitchens.com,"Glenfield Kitchens | Bespoke kitchens Leicestershire | 120 Station Rd, Glenfield, Leicester LE3 8BR, UK",Glenfield Kitchens,GBR,77,90733,2026-09-30T13:48:47.392673935Z,"['34SP.com', 'Alternate Protocol', 'Amazon WAF Blocked', 'Apture Linking Platform', 'Calendly', 'Content Delivery Network', 'DAV', 'Express', 'Facebook Conversion Tracking', 'Facebook Login', 'Facebook Messenger Platform', 'Facebook Pixel', 'Facebook Reseller', 'Facebook Tag API', 'Fastly', 'Fastly CDN', 'GZIP Module', 'GitHub Hosting', 'Google Analytics', 'Google Customer Reviews', 'Google Related Website Sites', 'Google Tag Manager', 'Instagram Follow Button', 'Microdata for Google Shopping', 'NFOrce Internet', 'PWA', 'Perl', 'Pinterest Conversion Tracking', 'QUIC', 'SMC', 'Seflow Italy', 'Sentry', 'SiteW', 'Thank You', 'UTF-8', 'Vector Internet Services', 'WP Booking Calendar', 'Wix', 'Wix Media', 'mlcom']"
nikatiandco.com,Nikati and Company | Photography | Nashville • TN,Nikati and Company,,77,13626,2026-09-30T13:07:11.213157267Z,"['Alternate Protocol', 'Amazon', 'Amazon CloudFront', 'Amazon Route 53', 'CDN JS', 'CloudFront', 'Cloudflare', 'Cloudflare CDN', 'Content Delivery Network', 'Crisp', 'DoubleClick Bid Manager', 'EmbedPress', 'Express', 'Font Awesome', 'Genius Link', 'Google', 'Google Analytics', 'Google Cloud DNS', 'Google Font API', 'Google My Business', 'Google Tag Manager', 'Gravity', 'Gutenberg Blocks by Kadence Blocks', 'Instagram Follow Button', 'Jetpack', 'Kadence WP', 'Klaviyo', 'Microdata for Google Shopping', 'NFOrce Internet', 'PHP', 'Perfmatters', 'Pexels', 'Pinterest Conversion Tracking', 'Report URI', 'Shopify', 'Sitelinks Search Box', 'The SEO Framework', 'Theme In WP', 'UTF-8', 'Woo Themes', 'WooCommerce', 'WooCommerce Checkout', 'WordPress', 'WordPress Multisite', 'jQuery']"
semi-stitched.com,THE SEMI BRAND,SEMI stitched,,67,75973,2026-09-30T12:37:45.24022549Z,"['Aruba', 'Express', 'GZIP Module', 'Instagram Follow Button', 'Line2', 'Magento Enterprise', 'Microdata for Google Shopping', 'Pinterest Conversion Tracking', 'QUIC', 'SiteW', 'Squarespace', 'UTF-8', 'WordPress SEO Structured Data Schema Plugin', 'eLand']"
cbcurates.com,C&B Curates,,SYC,72,76897,2026-09-30T11:39:49.613807028Z,"['Adobe Creative Cloud WebFonts', 'Aruba', 'DAV', 'Express', 'FormSubmit', 'GZIP Module', 'IcoMoon', 'Instagram Follow Button', 'Line2', 'Magento Enterprise', 'Microdata for Google Shopping', 'Pinterest Conversion Tracking', 'QUIC', 'SiteW', 'Squarespace', 'Tailwind CSS', 'UTF-8', 'WordPress SEO Structured Data Schema Plugin', 'eLand']"
mordecaicreative.com,Mordecai Creative,Mordecai Creative,,57,25421,2026-09-30T10:30:03.937399281Z,"['Apture Linking Platform', 'Aruba', 'Express', 'Facebook Conversion Tracking', 'Facebook Login', 'Facebook Messenger Platform', 'Facebook Pixel', 'Facebook Reseller', 'Facebook Tag API', 'GZIP Module', 'Google Analytics', 'Google Tag Manager', 'Instagram Follow Button', 'Line2', 'Magento Enterprise', 'Microdata for Google Shopping', 'Pinterest Conversion Tracking', 'QUIC', 'SiteW', 'Squarespace', 'UTF-8', 'WordPress SEO Structured Data Schema Plugin', 'eLand']"
travelinfo2go.com,Unique Global Travel Made Simple | Travel Info 2 Go,,USA,82,10473,2026-09-30T10:30:03.901378021Z,"['Alternate Protocol', 'Coming Soon Page', 'Contact Form Plugin', 'Content Delivery Network', 'EmbedPress', 'Font Awesome', 'Gambling Content', 'Google Analytics', 'Google Cloud DNS', 'Google Font API', 'Google My Business', 'Google Related Website Sites', 'Google Tag Manager', 'Instagram Follow Button', 'LiteSpeed', 'Microdata for Google Shopping', 'PHP', 'Pinterest Conversion Tracking', 'Popup Maker for Wordpress', 'QUIC', 'RM Education', 'Slider Revolution', 'Tailwind CSS', 'Theme In WP', 'To Top', 'Twitter Ads', 'Typeform', 'UTF-8', 'WordPress', 'WordPress Multisite', 'YouTube', 'eLand', 'jQuery', 'reCAPTCHA']"
diamondnails.co.uk,Diamond Nails -Gel Polish- Nail Accessories,Nail Shop Bt.,HUN,77,42440,2026-09-30T08:34:37.70001712Z,"['Cloudflare', 'Cloudflare CDN', 'Contento', 'Fireblade', 'Google', 'Google Analytics', 'Google Cloud DNS', 'Google Font API', 'Google Maps', 'Google My Business', 'Google Tag Manager', 'Instagram Follow Button', 'Microdata for Google Shopping', 'Pinterest Conversion Tracking', 'QUIC', 'Sitelinks Search Box', 'UTF-8', 'YouTube', 'shadcn ui']"
kraftysupply.com,Krafty Supply,,,62,36256,2026-09-30T08:18:12.047280917Z,"['AWS WAF Challenge', 'Alternate Protocol', 'Apps4BigCommerce', 'Apture Linking Platform', 'BigCommerce', 'ByteDance', 'Cloudflare', 'Cloudflare CDN', 'Doofinder', 'Express', 'Facebook Login', 'Facebook Messenger Platform', 'Facebook Pixel', 'Facebook Reseller', 'Fireblade', 'Google', 'Google Analytics', 'Google Cloud CDN', 'Google Cloud DNS', 'Google Font API', 'Google Related Website Sites', 'Google Tag Manager', 'Instagram Follow Button', 'MailChimp', 'Pinterest Conversion Tracking', 'QUIC', 'Subversion', 'TikTok Conversion Tracking Pixel', 'UTF-8']"
poffxcreations.com,One of a Kind Gifts for Every Occasion,,,65,8220,2026-09-30T07:19:49.977186909Z,"['3 Products', 'Alternate Protocol', 'Automattic', 'ElementUI', 'EmbedPress', 'Facebook Conversion Tracking', 'Facebook Login', 'Facebook Messenger Platform', 'Facebook Pixel', 'Facebook Reseller', 'Facebook Tag API', 'GZIP Module', 'Google Analytics', 'Google Cloud DNS', 'Google Font API', 'Google My Business', 'Google Related Website Sites', 'Google Tag Manager', 'Instagram Follow Button', 'Jetpack', 'License Buttons', 'Microdata for Google Shopping', 'PHP', 'PayPal Adaptive Payments', 'Pinterest Conversion Tracking', 'Sitelinks Search Box', 'TI WooCommerce Wishlist', 'Theme In WP', 'UTF-8', 'Vector Internet Services', 'W3 Total Cache', 'Woo Themes', 'WooCommerce', 'WooCommerce Checkout', 'WooCommerce Payments', 'WooFramework', 'Woostify', 'WordPress', 'WordPress Multisite', 'WordPress Stats', 'jQuery', 'reCAPTCHA']"
simpletome.com,"simpletome | Make Home More Like Home, NOT Just A House ! | simple design simple life | houseware & household home products brand since 2017",simpletome | choose a simple life to me,,67,2700,2026-09-30T07:07:13.928779146Z,"['ByteDance', 'Cloudflare', 'ETranslate', 'ElementUI', 'Facebook Conversion Tracking', 'Facebook Login', 'Facebook Messenger Platform', 'Facebook Pixel', 'Facebook Reseller', 'Facebook Tag API', 'GTranslate', 'Google My Business', 'Google Tag Manager', 'Instagram Follow Button', 'Microdata for Google Shopping', 'Ntent', 'PHP', 'PayPal Adaptive Payments', 'Pico CSS', 'Pinterest Conversion Tracking', 'Pleroma', 'Sign In With Google', 'TikTok Conversion Tracking Pixel', 'Twitter Ads', 'UTF-8', 'YouTube']"
voyelle.co,"Voyelle - Your Home, Your Haven, Our Décor - VOYELLE",,USA,77,5530,2026-09-30T05:51:24.164178683Z,"['3 Products', 'Alternate Protocol', 'Apture Linking Platform', 'CartFlows', 'Contact Form Plugin', 'Elementor', 'EmbedPress', 'GZIP Module', 'Google Analytics', 'Google Cloud DNS', 'Google Font API', 'Google Tag Manager', 'IcoMoon', 'ImageKit.io', 'Microdata for Google Shopping', 'MouseWheel Smooth Scroll', 'Nginx', 'PHP', 'Pinterest Conversion Tracking', 'QUIC', 'Sitelinks Search Box', 'Slider Revolution', 'Tailwind CSS', 'Theme In WP', 'TranslatePress', 'UTF-8', 'WP Fastest Cache', 'Woo Themes', 'WooCommerce', 'WooCommerce Checkout', 'WordPress', 'WordPress Multisite', 'WordPress Stats', 'eLand', 'jQuery']"
mindfulmuslimahteam.com,Thrive Muslimah - Be part of the Sisterhood | Mindful Muslimah Inc.,,,55,30518,2026-09-30T05:06:52.30108192Z,"['AWS WAF Challenge', 'Amazon', 'Amazon CloudFront', 'Amazon S3 CDN', 'Angular', 'Apture Linking Platform', 'Aruba', 'Cart.com', 'CloudFront', 'Facebook Conversion Tracking', 'Facebook Login', 'Facebook Messenger Platform', 'Facebook Pixel', 'Facebook Reseller', 'Facebook Tag API', 'GZIP Module', 'Google Analytics', 'Google Cloud DNS', 'Google Font API', 'Google My Business', 'Google Tag Manager', 'Nginx', 'PHP', 'Perl', 'Pinterest Conversion Tracking', 'Storyblocks', 'Stripe', 'UTF-8', 'Vimeo', 'eLand', 'reCAPTCHA']"
marthajackson.co.uk,Affordable Sterling Silver Jewellery - Martha Jackson - 10% Off First Order,Martha Jackson,GBR,87,59549,2026-09-30T04:08:13.99109113Z,"['Add to Any', 'Alternate Protocol', 'Apture Linking Platform', 'ByteDance', 'Cloudflare', 'Cloudflare CDN', 'Content Delivery Network', 'CookieYes', 'Doofinder', 'ElementUI', 'Facebook CDN', 'Facebook Conversion Tracking', 'Facebook Login', 'Facebook Messenger Platform', 'Facebook Pixel', 'Facebook Reseller', 'Facebook Tag API', 'GitHub Hosting', 'Google Analytics', 'Google Tag Manager', 'Instagram Follow Button', 'Kitco', 'Klarna', 'Klaviyo', 'Max Mega Menu Pro', 'Microdata for Google Shopping', 'PHP', 'Pinterest Conversion Tracking', 'QUIC', 'SMC', 'Tailwind CSS', 'TikTok Conversion Tracking Pixel', 'UTF-8', 'Woo Themes', 'WordPress', 'WordPress Multisite', 'YouTube', 'jQuery']"
sogueteamwear.com,Sogueteamwear,Sogueteamwear ,PHL,72,15508,2026-09-30T02:09:22.360728236Z,"['Alibaba Cloud Object Storage Service', 'Apture Linking Platform', 'Baidu Cloud', 'Better Lead Generation Services', 'DAV', 'Express', 'Facebook Pixel', 'GZIP Module', 'GitHub Hosting', 'Google', 'Google Cloud CDN', 'IcoMoon', 'Microdata for Google Shopping', 'PayPal', 'Pinterest Conversion Tracking', 'QUIC', 'RM Education', 'Taboola Direct', 'Tailwind CSS', 'UTF-8', 'Vimeo', 'Yandex Hosting', 'YouTube', 'jQuery', 'shadcn ui']"
retrobananadesigns.com,HOME -,Retro Banana Designs,,60,17150,2026-09-30T01:54:49.844604615Z,"['AWS WAF Challenge', 'Adobe Creative Cloud WebFonts', 'Alternate Protocol', 'Apture Linking Platform', 'Astra Theme', 'Automattic', 'BatCache', 'Cisco/Arrowpoint Content Service Switch', 'Cloudflare', 'Cloudflare CDN', 'Content Delivery Network', 'EmbedPress', 'Fastly', 'FormSubmit', 'Google', 'Google My Business', 'Gutenberg', 'Instagram Follow Button', 'Jetpack', 'Jetpack Site Accelerator', 'MailPoet', 'Microdata for Google Shopping', 'Nginx', 'Oracle Cloud', 'Pagekit', 'Perl', 'Pinterest Conversion Tracking', 'QUIC', 'SMC', 'Smush Image Optimization', 'Thank You', 'UTF-8', 'WP Live Chat Support', 'Woo Themes', 'WooCommerce', 'WooCommerce Checkout', 'WooCommerce Payments', 'WordPress', 'WordPress Multisite', 'WordPress Related Posts', 'WordPress Stats', 'YouTube', 'jQuery']"
michaelbina.com,Michael Bina Photography,Michael Bina Photography,USA,67,92541,2026-09-30T00:28:15.672995287Z,"['Alternate Protocol', 'Amazon', 'Amazon WAF Blocked', 'Apture Linking Platform', 'Cloudflare', 'Content Delivery Network', 'DAV', 'Express', 'Fastly', 'Fastly CDN', 'GZIP Module', 'Google Related Website Sites', 'Instagram Follow Button', 'Microdata for Google Shopping', 'NFOrce Internet', 'PWA', 'Perl', 'Pinterest Conversion Tracking', 'QUIC', 'SMC', 'Seflow Italy', 'Sentry', 'SiteW', 'Thank You', 'UTF-8', 'Vector Internet Services', 'WP Booking Calendar', 'Wix', 'Wix Media', 'Yelp Badge', 'eLand', 'mlcom']"
littlepinkbrickhouse.com,Home Decor Canada | Little Pink Brick House,Little Pink Brick House,CAN,77,130050,2026-09-29T23:40:39.893035616Z,"['Alternate Protocol', 'Amazon WAF Blocked', 'Apture Linking Platform', 'Boo Box', 'Cloudflare', 'Content Delivery Network', 'Express', 'Fastly', 'Fastly CDN', 'GZIP Module', 'Google Customer Reviews', 'Google Related Website Sites', 'Instagram Follow Button', 'Microdata for Google Shopping', 'NFOrce Internet', 'ON24', 'PWA', 'Perl', 'Pinterest Conversion Tracking', 'QUIC', 'SMC', 'Seflow Italy', 'Sentry', 'SiteW', 'Sitelinks Search Box', 'Thank You', 'UTF-8', 'Vector Internet Services', 'VocalReferences', 'Wix', 'Wix Media', 'WordPress Related Posts', 'mlcom']"
thesmarterboss.com,Foluke Akapo,,,52,630,2026-09-29T23:25:59.852984713Z,"['ByteDance', 'Facebook Conversion Tracking', 'Facebook Login', 'Facebook Messenger Platform', 'Facebook Pixel', 'Facebook Reseller', 'Facebook Tag API', 'Font Awesome', 'GZIP Module', 'Google', 'Google Analytics', 'Google Cloud DNS', 'Google Font API', 'Google Tag Manager', 'Landingi', 'OSS CDN', 'Pinterest Conversion Tracking', 'Render', 'TikTok Conversion Tracking Pixel', 'UTF-8']"
thepostadoptionmomcoach.org,HOME,,,62,25227,2026-09-29T22:39:51.973010547Z,"['AWS WAF Challenge', 'Alternate Protocol', 'Amazon CloudFront', 'Apache', 'Apture Linking Platform', 'Aruba', 'BunnyCDN', 'BunnyCDN General', 'CloudFront', 'Fingerprint Pro', 'Font Awesome', 'GZIP Module', 'Google', 'Google Analytics', 'Google Cloud DNS', 'Google Font API', 'Google My Business', 'Google Related Website Sites', 'Google Tag Manager', 'IcoMoon', 'Instagram Follow Button', 'Iubenda', 'PHP', 'Perl', 'Pinterest Conversion Tracking', 'QUIC', 'Subversion', 'Tailwind CSS', 'UTF-8', 'eLand', 'jQuery', 'jsDelivr']"
thevintagebazar.com,Home | The Vintage Bazar,The Vintage Bazar,CAN,82,9480,2026-09-29T22:10:15.848170995Z,"['Alternate Protocol', 'Apture Linking Platform', 'ByteDance', 'Content Delivery Network', 'DAV', 'ElementUI', 'Elementor', 'EmbedPress', 'Facebook Conversion Tracking', 'Facebook Login', 'Facebook Messenger Platform', 'Facebook Pixel', 'Facebook Reseller', 'Facebook Tag API', 'FiboSearch', 'Google Analytics', 'Google Related Website Sites', 'Google Tag Manager', 'Hello Elementor', 'IcoMoon', 'Instagram Follow Button', 'LiteSpeed', 'Matomo', 'Matomo Tag Manager', 'Microdata for Google Shopping', 'Nginx', 'Ntent', 'Pinterest Conversion Tracking', 'QUIC', 'Sitelinks Search Box', 'TikTok Conversion Tracking Pixel', 'TrustIndex', 'Twitter Ads', 'UTF-8', 'University or College', 'Vector Internet Services', 'WhatsApp Sharing', 'Woo Themes', 'WordPress', 'WordPress Multisite', 'YouTube', 'jQuery']"
bridalbymorgan.com,Bridal by Morgan - Designer Wedding Dresses North AL,,USA,77,106445,2026-09-29T19:14:17.766248812Z,"['Accordion Blocks', 'Accordion FAQ', 'Adobe Creative Cloud WebFonts', 'Aruba', 'Express', 'Financial Services Guide', 'GZIP Module', 'Google Analytics', 'Google Tag Manager', 'K2F', 'Line2', 'Magento Enterprise', 'Microdata for Google Shopping', 'Pinterest Conversion Tracking', 'QUIC', 'SiteW', 'Squarespace', 'UTF-8', 'Vector Internet Services', 'WordPress SEO Structured Data Schema Plugin', 'eLand']"
classeepoder.com.br,Frases Elegantes – Guia de Comunicação para Mulheres de Classe | My Portfolio,,IND,87,17554,2026-09-29T18:27:56.709291528Z,"['Alternate Protocol', 'Express', 'Google', 'Google Cloud DNS', 'Google Font API', 'Kiwify', 'Microdata for Google Shopping', 'Pinterest Conversion Tracking', 'Poder', 'Unsplash', 'Zyro']"
belliregali.com,"Masonic Family Gifts | Explore, Celebrate, Gift Today",,,77,103441,2026-09-29T15:18:11.949461547Z,"['Aruba', 'DAV', 'Express', 'Fireblade', 'GZIP Module', 'IcoMoon', 'Line2', 'Magento Enterprise', 'Microdata for Google Shopping', 'Pinterest Conversion Tracking', 'Prospective', 'QUIC', 'SiteW', 'Squarespace', 'UTF-8', 'Vector Internet Services', 'WordPress SEO Structured Data Schema Plugin', 'eLand']"
ashleydanielek.com,ashley danielek,,,55,41837,2026-09-29T15:04:20.121148628Z,"['Apture Linking Platform', 'Aruba', 'Express', 'FormSubmit', 'GZIP Module', 'Google Analytics', 'Google Tag Manager', 'IcoMoon', 'Instagram Follow Button', 'Line2', 'Magento Enterprise', 'Microdata for Google Shopping', 'Newsletter for Wordpress', 'Pico CSS', 'Pinterest Conversion Tracking', 'QUIC', 'SMC', 'SiteW', 'Squarespace', 'Tailwind CSS', 'UTF-8', 'Vector Internet Services', 'WordPress SEO Structured Data Schema Plugin', 'YouTube', 'eLand']"
snpcconsulting.com,SNPC Design | Design Resources | Educator Resources,,USA,77,75973,2026-09-29T15:04:20.061187669Z,"['Aruba', 'Express', 'Facebook Login', 'Facebook Messenger Platform', 'Facebook Pixel', 'Facebook Reseller', 'Facebook Tag API', 'GZIP Module', 'Google Analytics', 'Google Tag Manager', 'Instagram Follow Button', 'Line2', 'Magento Enterprise', 'Microdata for Google Shopping', 'Perl', 'Pinterest Conversion Tracking', 'QUIC', 'SiteW', 'Squarespace', 'UTF-8', 'WordPress SEO Structured Data Schema Plugin', 'eLand']"
wholeandwild.com,Whole & Wild,Whole & Wild,,60,541,2026-09-29T12:30:58.570771609Z,"['Adobe Creative Cloud WebFonts', 'Alternate Protocol', 'Aruba', 'Express', 'Facebook Login', 'Facebook Messenger Platform', 'Facebook Pixel', 'Facebook Reseller', 'Facebook Tag API', 'GZIP Module', 'Google Related Website Sites', 'Line2', 'Microdata for Google Shopping', 'Pinterest Conversion Tracking', 'QUIC', 'SiteW', 'Squarespace', 'UTF-8', 'WordPress SEO Structured Data Schema Plugin', 'eLand']"
judahrose.com,"Judah Rose | Floral Designer & Stylist | Wedding & Event Florist | Bendigo, Melbourne & Daylesford",,AUS,92,77335,2026-09-29T12:30:58.556410145Z,"['AJAX Libraries API', 'Accordion Blocks', 'Accordion FAQ', 'Adobe Creative Cloud WebFonts', 'Aruba', 'Better Lead Generation Services', 'CDN JS', 'Cloudflare', 'Cloudflare CDN', 'Elfsight', 'Express', 'Facebook Login', 'Facebook Messenger Platform', 'Facebook Pixel', 'Facebook Reseller', 'Facebook Tag API', 'GZIP Module', 'Google Analytics', 'Google Cloud DNS', 'Google Customer Reviews', 'Google Tag Manager', 'Instagram Follow Button', 'Line2', 'Magento Enterprise', 'Microdata for Google Shopping', 'Pinterest Conversion Tracking', 'QUIC', 'SiteW', 'Squarespace', 'Thank You', 'UTF-8', 'UserWay', 'WordPress SEO Structured Data Schema Plugin', 'eLand', 'jQuery']"
kadodomarketplace.com,Kadodo Marketplace,,GHA,72,426,2026-09-29T10:45:17.529159929Z,"['Angular', 'ByteDance', 'CDN JS', 'Cloudflare', 'Cloudflare CDN', 'Content Delivery Network', 'Daily Deals', 'Facebook Conversion Tracking', 'Facebook Login', 'Facebook Messenger Platform', 'Facebook Pixel', 'Facebook Reseller', 'Facebook Tag API', 'Font Awesome', 'GZIP Module', 'Google Analytics', 'Google My Business', 'Google Tag Manager', 'Instagram Follow Button', 'Juicer DMP', 'LinkedIn Insights', 'Nginx', 'PHP', 'Pinterest Conversion Tracking', 'QUIC', 'Tailwind CSS', 'TikTok Conversion Tracking Pixel', 'Twitter Ads', 'Twitter Analytics', 'UTF-8', 'WoWonder', 'YouTube']"
philadelphiaweddingdesigners.com,DFW EVENT DESIGN,DFW Event Design,USA,87,18752,2026-09-29T08:46:34.458447128Z,"['AJAX Libraries API', 'AWS WAF Challenge', 'Adobe Creative Cloud WebFonts', 'Alternate Protocol', 'Aruba', 'Express', 'Fastly', 'Font Awesome', 'GZIP Module', 'Google Analytics', 'Google Cloud DNS', 'Google Tag Manager', 'Instagram Follow Button', 'Line2', 'Microdata for Google Shopping', 'Pinterest Conversion Tracking', 'QUIC', 'Squarespace', 'UTF-8', 'WordPress SEO Structured Data Schema Plugin', 'eLand', 'jQuery']"
blackwidowmetal.com.au,Black Widow Metal | chainmail jewellery,Black Widow Metal,,82,129828,2026-09-29T08:31:24.388236389Z,"['Alternate Protocol', 'Amazon WAF Blocked', 'Apture Linking Platform', 'Cloudflare', 'Content Delivery Network', 'Express', 'Fastly', 'Fastly CDN', 'GZIP Module', 'Google Related Website Sites', 'HHVM', 'Instagram Follow Button', 'Microdata for Google Shopping', 'NFOrce Internet', 'ON24', 'PWA', 'Pinterest Conversion Tracking', 'QUIC', 'SMC', 'Seflow Italy', 'Sentry', 'SiteW', 'Sitelinks Search Box', 'Thank You', 'UTF-8', 'Vector Internet Services', 'Wix', 'Wix Media', 'eLand', 'mlcom']"
outofthisworldproductions.com,Out of This World Productions – Innovative Educational Videos,,USA,60,123,2026-09-29T06:17:04.050912406Z,"['AJAX Libraries API', 'Alternate Protocol', 'Contact Form Plugin', 'Content Delivery Network', 'EmbedPress', 'Facebook Conversion Tracking', 'Facebook Login', 'Facebook Messenger Platform', 'Facebook Pixel', 'Facebook Reseller', 'Facebook Tag API', 'GZIP Module', 'Google Analytics', 'Google Cloud DNS', 'Google Font API', 'Gravity', 'Gravity Forms', 'Instagram Follow Button', 'LayerSlider Responsive', 'Nginx', 'PHP', 'Pinterest Conversion Tracking', 'Pleroma', 'QUIC', 'Slider Revolution', 'Theme In WP', 'ThemeFusion', 'Twitter Ads', 'UTF-8', 'University or College', 'W3 Total Cache', 'Woo Themes', 'WordPress', 'WordPress Multisite', 'WordPress Related Posts', 'jQuery']"
navigatecf.com,Navigate Commercial Finance - Navigate Commercial Finance,,GBR,92,799062,2026-09-29T05:02:22.706150474Z,"['AB Tasty', 'ADFOX', 'AJAX Libraries API', 'AWS WAF Challenge', 'Active Campaign', 'AdRoll', 'AddThis for Wordpress', 'Adobe Analytics', 'Adobe Marketing Cloud', 'Alternate Protocol', 'Amazon Associates Affiliate Shop', 'Amazon WAF Blocked', 'Amplitude', 'AppNexus Direct', 'Astra Theme', 'Authorize.net', 'Automattic', 'Bing Cashback', 'Bing Conversion Tracking', 'Braintree', 'Brevo', 'Brightcove', 'Bunny Fonts', 'BunnyCDN General', 'ByteDance', 'CDN JS', 'CDN77 Hosted', 'Calendly', 'Cart.com', 'Chartbeat', 'Clicky', 'Cloudflare', 'Cloudflare CDN', 'Cloudflare Web Analytics', 'Content Delivery Network', 'ConvertKit', 'CrazyEgg', 'Crisp', 'Criteo', 'Criteo Reseller', 'DailyMotion Video', 'Disqus Comment System for WordPress', 'DoubleClick Bid Manager', 'Drift', 'ElementUI', 'EmbedPress', 'Engage', 'Express', 'Facebook Embedded Posts', 'Facebook Reseller', 'Firebase', 'Fireblade', 'Font Awesome', 'Freshworks Bot', 'Freshworks CRM', 'GZIP Module', 'GenerateBlocks', 'Giphy', 'Google', 'Google Adsense', 'Google Analytics', 'Google Cloud CDN', 'Google Cloud DNS', 'Google Font API', 'Google Maps', 'Google Matched Content', 'Google My Business', 'Google Pay', 'Google Reseller', 'Google Tag Manager', 'Heap', 'Help Scout', 'Hubspot', 'Impact', 'Infolinks', 'Inspectlet', 'Instagram Follow Button', 'Intercom', 'Iubenda', 'JW Player Platform', 'Jetpack', 'JotForm', 'Kinsta', 'Klaviyo', 'LiveChat', 'LiveChat Monitoring', 'MailChimp', 'MailerLite', 'Marketo', 'Matomo', 'Media.net', 'Media.net Reseller', 'Mediavine Publisher', 'Microdata for Google Shopping', 'Microsoft Clarity', 'Mixpanel', 'Mouseflow', 'New Relic', 'Nginx', 'NitroPack', 'Olark', 'On The Map', 'OpenX Direct', 'OptiMole', 'Optimizely Recommendations', 'Outbrain Direct', 'PHP', 'Parallels Plesk Panel', 'Pardot', 'Parse.ly', 'PayPal Adaptive Payments', 'Pinterest Conversion Tracking', 'Piwik PRO', 'Plausible Analytics', 'PubMatic Direct', 'Pubmatic', 'PushEngage', 'QUIC', 'Quantcast Direct', 'RM Education', 'Recart', 'RocketCDN', 'Rumble Player', 'Seflow Italy', 'Segment', 'ShareThis', 'Sign In With Google', 'Site Kit', 'Sitelinks Search Box', 'Square', 'Squarespace Online Appointment Scheduling', 'StatCounter', 'Statically', 'Stripe', 'Sumo', 'Swell Rewards', 'Taboola Direct', 'Taboola Reseller', 'Tealium', 'Theme In WP', 'Thrive Direct', 'Twitch', 'Twitter Ads', 'Twitter Analytics', 'Typeform', 'UTF-8', 'Ultimate Addons for Gutenberg', 'VigLink', 'Vimeo', 'Vine Embed', 'Visual Website Optimizer', 'Way', 'Wistia', 'Woopra', 'WordPress', 'WordPress Multisite', 'WordPress Related Posts', 'Yandex Hosting', 'Yotpo', 'YouTube', 'comScore', 'jQuery', 'jsDelivr', 'reCAPTCHA']"
natoorales.com,Nervous System Regulation Coaching | Natoorales,Natoorales,PHL,92,7823,2026-09-29T03:34:10.187996655Z,"['Alternate Protocol', 'Apture Linking Platform', 'Astra Theme', 'Botpress', 'Content Delivery Network', 'Elementor', 'EmbedPress', 'Essential Addons for Elementor', 'GTranslate', 'Google', 'Google Cloud DNS', 'Google Customer Reviews', 'Google Font API', 'Google Related Website Sites', 'Instagram Follow Button', 'Line2', 'LiteSpeed', 'Microdata for Google Shopping', 'NFOrce Internet', 'PHP', 'Pinterest Conversion Tracking', 'QUIC', 'QUIC.cloud', 'UTF-8', 'Woo Themes', 'WooCommerce Checkout', 'WordPress', 'WordPress Multisite', 'WordPress Related Posts', 'YouTube']"
brithottubs.co.uk,Brit Hot Tubs - The Best Economical British Hot Tubs In The United Kingdom 🇬🇧 & The Republic Of Ireland 🇮🇪 - Brit Hot Tubs,Brit Hot Tubs - Luxury Hot Tubs for Ultimate Relaxation,GBR,82,23035,2026-09-29T02:03:25.46204268Z,"['Alternate Protocol', 'Amazon WAF Blocked', 'Apture Linking Platform', 'Complianz', 'Contact Form Plugin', 'Content ad', 'Elementor', 'EmbedPress', 'Fireblade', 'Flying Pages by WP Speed Matters', 'Google Analytics', 'Google My Business', 'Google Related Website Sites', 'Google Tag Manager', 'Hello Elementor', 'Instagram Follow Button', 'Microdata for Google Shopping', 'NFOrce Internet', 'PHP', 'Pinterest Conversion Tracking', 'PixelYourSite', 'QUIC', 'Schema Plugin', 'Sitelinks Search Box', 'Table Addons for Elementor', 'Theme In WP', 'Trustpilot Reviews for WordPress', 'UTF-8', 'WP Fastest Cache', 'Woo Themes', 'WooCommerce', 'WooCommerce Checkout', 'WordPress', 'WordPress Multisite', 'Yandex Hosting', 'YouTube', 'eLand', 'jQuery']"
weddingphotographermontreal.ca,Montreal wedding photographer - Majolicaphoto.com,Majolicaphoto,CAN,77,23784,2026-09-29T00:33:16.902416081Z,"['Alternate Protocol', 'Amazon WAF Blocked', 'Anti-spam for WordPress', 'Apture Linking Platform', 'CDN JS', 'CleanTalk Spam Protect', 'Cloudflare', 'Cloudflare CDN', 'Contact Form Plugin', 'Content Delivery Network', 'EmbedPress', 'Facebook Conversion Tracking', 'Facebook Login', 'Facebook Messenger Platform', 'Facebook Pixel', 'Facebook Reseller', 'Facebook Tag API', 'Fireblade', 'GZIP Module', 'Google', 'Google Analytics', 'Google Cloud DNS', 'Google Font API', 'Google Tag Manager', 'Instagram Follow Button', 'Microdata for Google Shopping', 'Nginx', 'Pinterest Conversion Tracking', 'QUIC', 'UTF-8', 'Vector Internet Services', 'WP Engine', 'WordPress', 'WordPress Multisite', 'jQuery', 'jQuery Pin It Button for Images']"
swagmasha.com,SwagMasha,,NLD,60,225,2026-09-29T00:13:06.930942656Z,"['ADFOX', 'GZIP Module', 'Google Analytics', 'Google Tag Manager', 'Line2', 'Nginx', 'Pinterest Conversion Tracking', 'Tailwind CSS', 'Telegram', 'Ubuntu', 'Yandex Hosting', 'Yandex Metrika']"
biblo.co.uk,Biblo,,USA,87,78180,2026-09-28T23:08:50.160440793Z,"['Adobe Creative Cloud WebFonts', 'Aruba', 'Express', 'Facebook Login', 'Facebook Messenger Platform', 'Facebook Pixel', 'Facebook Reseller', 'Facebook Tag API', 'GZIP Module', 'Google Cloud DNS', 'Google Cloud Storage', 'IcoMoon', 'Instagram Follow Button', 'Line2', 'Magento Enterprise', 'MailChimp', 'Microdata for Google Shopping', 'Newsletter for Wordpress', 'Pico CSS', 'Pinterest Conversion Tracking', 'QUIC', 'SiteW', 'Squarespace', 'UTF-8', 'University or College', 'WordPress SEO Structured Data Schema Plugin', 'eLand']"
pillr.com.au,"Pillr | Architectural, CGI & Interactive 3D Studio",,AUS,92,22366,2026-09-28T21:39:43.290261449Z,"['AWS WAF Challenge', 'Alternate Protocol', 'Amazon', 'Apture Linking Platform', 'Astra Theme', 'Cloudflare', 'Cloudflare CDN', 'Content Delivery Network', 'ElementUI', 'Elementor', 'EmbedPress', 'Essential Addons for Elementor', 'Facebook Conversion Tracking', 'Facebook Login', 'Facebook Messenger Platform', 'Facebook Pixel', 'Facebook Reseller', 'Facebook Tag API', 'FormSubmit', 'GZIP Module', 'Google', 'Google Analytics', 'Google Cloud CDN', 'Google Cloud DNS', 'Google Font API', 'Google My Business', 'Google Tag Manager', 'LoftLoader', 'Microdata for Google Shopping', 'NFOrce Internet', 'PHP', 'Pinterest Conversion Tracking', 'PixelYourSite', 'QUIC', 'Site Kit', 'Sitelinks Search Box', 'Table Addons for Elementor', 'Theme In WP', 'UTF-8', 'Vimeo', 'Woo Themes', 'WordPress', 'WordPress Multisite', 'WordPress Related Posts', 'jQuery']"
thepatientslawyer.com,Attorney Jack T. Cook I Morgan & Morgan,,USA,77,720033,2026-09-28T21:34:57.383915708Z,"['AB Tasty', 'AJAX Libraries API', 'Accelerated Mobile Pages', 'AdRoll', 'Adobe Creative Cloud WebFonts', 'Akamai Global Host', 'Alphonso', 'Amazon', 'Amazon CloudFront', 'Amazon Route 53', 'Amazon S3 CDN', 'App Store', 'Bing Cashback', 'Bing Conversion Tracking', 'ByteDance', 'CDN JS', 'Cadent Publisher', 'Calendly', 'CloudFront', 'Cloudflare', 'Cloudflare CDN', 'Content Delivery Network', 'Criteo', 'Criteo Reseller', 'DAV', 'DoubleClick Bid Manager', 'ElementUI', 'Facebook Reseller', 'Fastly', 'Fastly CDN', 'Font Awesome', 'GZIP Module', 'Google', 'Google Analytics', 'Google Cloud CDN', 'Google Cloud DNS', 'Google Flights Conversion Tracking', 'Google Font API', 'Google Maps', 'Google Matched Content', 'Google My Business', 'Google Play', 'Google Reseller', 'Google Tag Manager', 'Greenhouse', 'Heroku', 'Instagram Follow Button', 'LinkedIn Insights', 'LivePerson', 'M247', 'Media.net', 'Microsoft Clarity', 'Mouseflow', 'NFOrce Internet', 'New Relic', 'Nudgify', 'OneTrust Domain Verification', 'OpenAI', 'Oribi Analytics', 'Pinterest Conversion Tracking', 'Piwik PRO', 'QUIC', 'Quantcast Direct', 'Reddit Conversion Tracking', 'Salesforce', 'Salesforce Audience Studio', 'Salesforce Experience Cloud', 'Salesforce Hosted', 'Seflow Italy', 'Segment', 'Sentry', 'Storyblocks', 'Subversion', 'TVSquared', 'Thank You', 'The Trade Desk Direct', 'Twitter Ads', 'Twitter Analytics', 'UTF-8', 'University or College', 'UserWay', 'Visual Website Optimizer', 'Wistia', 'WordPress', 'Yahoo Image CDN', 'YouTube', 'iGoDigital', 'jsDelivr']"
gunswrap.com,"GunsWrap | Premium Vinyl Gun Wraps for AR-15s, Rifles, and More",GunsWrap LLC,USA,72,182152,2026-09-28T21:34:57.376845426Z,"['123FormBuilder', 'ADFOX', 'Alternate Protocol', 'Amazon WAF Blocked', 'Apture Linking Platform', 'Cloudflare', 'Content Delivery Network', 'DC74', 'Express', 'Fastly', 'Fastly CDN', 'Fireblade', 'GZIP Module', 'Google Customer Reviews', 'Google Related Website Sites', 'Instagram Follow Button', 'K2F', 'KVH', 'Line.me', 'Microdata for Google Shopping', 'NFOrce Internet', 'On The Map', 'POWr', 'PWA', 'Perl', 'Pinterest Conversion Tracking', 'QUIC', 'SMC', 'Seflow Italy', 'Sentry', 'SiteW', 'Subversion', 'Thank You', 'Twitter Ads', 'UTF-8', 'Vector Internet Services', 'VocalReferences', 'Wix', 'Wix Media', 'Yandex Hosting', 'YouTube', 'mlcom']"
harzo.eu,"Home page - HARZO Falfelújítás, csempefelújítás bontás nélkül",,HUN,75,98465,2026-09-28T16:24:28.658737001Z,"['Alternate Protocol', 'Apache', 'Contento', 'ConvertPlug', 'Dun and BradStreet', 'EmbedPress', 'Fireblade', 'Flatsome', 'Font Awesome', 'GZIP Module', 'Google Analytics', 'Google Cloud DNS', 'Google Font API', 'Google My Business', 'Google Tag Manager', 'Gravity', 'IcoMoon', 'Instagram Follow Button', 'Kitco', 'Lazy Load for WordPress', 'MailChimp for WordPress', 'Microdata for Google Shopping', 'PHP', 'Pinterest Conversion Tracking', 'Polylang', 'QUIC', 'SMC', 'Site Kit', 'Tailwind CSS', 'Theme In WP', 'UTF-8', 'Variation Swatches for WooCommerce', 'WPForms', 'Woo Themes', 'WooCommerce', 'WooCommerce Checkout', 'WordPress', 'WordPress Multisite', 'YouTube', 'jQuery', 'jsDelivr', 'reCAPTCHA']"
yescontainers.co,New & Used Shipping Containers for Sale | YES Containers,Yes Containers,USA,77,42932,2026-09-28T13:57:57.378241211Z,"['Alternate Protocol', 'Amazon WAF Blocked', 'Apture Linking Platform', 'Automattic', 'BatCache', 'Better Lead Generation Services', 'Bing Cashback', 'Content Delivery Network', 'DAV', 'Dun and BradStreet', 'ElementUI', 'EmbedPress', 'Facebook Conversion Tracking', 'Facebook Login', 'Facebook Messenger Platform', 'Facebook Pixel', 'Facebook Reseller', 'Facebook Tag API', 'Fastly', 'Fireblade', 'Google Analytics', 'Google My Business', 'Google Recommendations AI', 'Google Related Website Sites', 'Google Tag Manager', 'Instagram Follow Button', 'Jetpack', 'Jetpack Site Accelerator', 'Lazy Load for WordPress', 'Microdata for Google Shopping', 'Microsoft Clarity', 'Nginx', 'Oxygen', 'Oxygen Builder', 'PHP', 'Pico CSS', 'Pinterest Conversion Tracking', 'QUIC', 'Trustpilot Reviews for WordPress', 'Twenty Twenty-Three', 'UTF-8', 'Vector Internet Services', 'WP Rocket', 'Woo Themes', 'WooCommerce Payments', 'WooCommerce Pixel Manager by woopt', 'WordPress', 'WordPress Multisite', 'WordPress Stats', 'YouTube', 'eLand', 'shadcn ui']"
zuriamara.site,Zuri Amara: Celebrating Black Women's Sensuality and Power | Zuri Amara,,IRQ,87,2470,2026-09-28T10:55:19.866843026Z,"['Alternate Protocol', 'Express', 'Financial Services Guide', 'Google', 'Google Cloud DNS', 'Google Font API', 'Microdata for Google Shopping', 'Perl', 'Pexels', 'Pinterest Conversion Tracking', 'Thank You', 'Zyro']"
artforintrovert.com,"Online lectures on art, psychology and science",,USA,77,54080,2026-09-28T10:16:47.397547625Z,"['ADFOX', 'Amazon WAF Blocked', 'App Store', 'Baidu Cloud', 'DDoS-GUARD', 'Facebook Conversion Tracking', 'Facebook Login', 'Facebook Messenger Platform', 'Facebook Pixel', 'Facebook Reseller', 'Facebook Tag API', 'Fireblade', 'GZIP Module', 'Google Adsense', 'Google Analytics', 'Google Cloud DNS', 'Google Font API', 'Google Funding Choices', 'Google Matched Content', 'Google My Business', 'Google Play', 'Google Reseller', 'Google Tag Manager', 'Instagram Follow Button', 'KVH', 'Microdata for Google Shopping', 'Pinterest Conversion Tracking', 'Schema Plugin', 'Tilda', 'UTF-8', 'Vector Internet Services', 'Yandex Hosting', 'Yandex Metrika', 'YouTube']"
ds2lb.com,Design-Build Renovations - Design Studio on 2nd,,USA,77,75973,2026-09-28T06:58:50.810844421Z,"['Aruba', 'Express', 'GZIP Module', 'Instagram Follow Button', 'Line2', 'Magento Enterprise', 'Microdata for Google Shopping', 'Pinterest Conversion Tracking', 'QUIC', 'SiteW', 'Squarespace', 'UTF-8', 'WordPress SEO Structured Data Schema Plugin', 'YouTube', 'eLand']"
childhealth.ca,"The best possible care, because of you. | Children's Health Foundation",Children's Health Foundation,USA,82,50901,2026-09-28T04:27:04.540320736Z,"['AWS WAF Challenge', 'Alternate Protocol', 'Apture Linking Platform', 'Cloudflare', 'Cloudflare CDN', 'Content Delivery Network', 'Convio', 'Cornerstone', 'DoubleClick Bid Manager', 'Elementor', 'EmbedPress', 'Facebook Conversion Tracking', 'Facebook Login', 'Facebook Messenger Platform', 'Facebook Pixel', 'Facebook Reseller', 'Facebook Tag API', 'FormSubmit', 'Fundraise Up', 'GZIP Module', 'Google', 'Google Analytics', 'Google Cloud DNS', 'Google Font API', 'Google Maps', 'Google My Business', 'Google Tag Manager', 'Hotjar', 'Instagram Follow Button', 'LinkedIn Insights', 'LinkedIn Pixel', 'Microdata for Google Shopping', 'NFOrce Internet', 'Nginx', 'PHP', 'Pinterest Conversion Tracking', 'PixelYourSite', 'QUIC', 'Schema Plugin', 'Storybook', 'Tailwind CSS', 'Theme In WP', 'UTF-8', 'University or College', 'UserWay', 'WP Engine', 'WP Rocket', 'WordPress', 'WordPress Multisite', 'YouTube', 'jQuery']"
josh.pictures,Welcome to — Candiloro & Co. Photography,Candiloro & Co.,USA,80,101333,2026-09-28T04:19:56.288878126Z,"['Adobe Creative Cloud WebFonts', 'Apture Linking Platform', 'Aruba', 'Contento', 'Express', 'Facebook Conversion Tracking', 'Facebook Login', 'Facebook Messenger Platform', 'Facebook Pixel', 'Facebook Reseller', 'Facebook Tag API', 'GZIP Module', 'Google Analytics', 'Google Tag Manager', 'Instagram Follow Button', 'Line2', 'Magento Enterprise', 'Microdata for Google Shopping', 'Pinterest Conversion Tracking', 'QUIC', 'SiteW', 'Squarespace', 'UTF-8', 'WordPress SEO Structured Data Schema Plugin', 'eLand']"
snoutandaboutpetcare.com,"Snout & About Pet Care | Warm, Dependable Pet Care in Covington, GA","Snout & About Pet Care, LLC",GBR,82,4039,2026-09-28T02:33:45.870241048Z,"['CDN JS', 'Cloudflare', 'Cloudflare CDN', 'Facebook Conversion Tracking', 'Facebook Login', 'Facebook Messenger Platform', 'Facebook Pixel', 'Facebook Reseller', 'Facebook Tag API', 'Font Awesome', 'Google', 'Google Analytics', 'Google Cloud DNS', 'Google Font API', 'Google My Business', 'Google Tag Manager', 'ID Services', 'Instagram Follow Button', 'Microdata for Google Shopping', 'NFOrce Internet', 'Neighborhoods', 'Pinterest Conversion Tracking', 'Pleroma', 'Python', 'QUIC', 'Stripe', 'Tailwind CSS', 'UTF-8', 'Yelp Badge', 'YouTube', 'jsDelivr']"
axolotl.au,Axolotl,Axolotl,,57,9285,2026-09-28T02:22:06.344819987Z,"['Adobe Creative Cloud WebFonts', 'Alternate Protocol', 'Aruba', 'Express', 'Facebook Login', 'Facebook Messenger Platform', 'Facebook Pixel', 'Facebook Reseller', 'Facebook Tag API', 'Fireblade', 'GZIP Module', 'Google Analytics', 'Google Related Website Sites', 'Google Tag Manager', 'IcoMoon', 'Instagram Follow Button', 'Line2', 'Microdata for Google Shopping', 'NFOrce Internet', 'Newsletter for Wordpress', 'Pinterest Conversion Tracking', 'QUIC', 'SiteGPT', 'Squarespace', 'UTF-8', 'Vimeo', 'WordPress SEO Structured Data Schema Plugin', 'YouTube', 'eLand']"
vanillaarts.com,Alcohol Marker + Colored Pencil Illustration and Art Instruction,Vanilla Art Company,GBR,77,102521,2026-09-28T00:25:19.72115029Z,"['Adobe Creative Cloud WebFonts', 'Aruba', 'Contento', 'Express', 'GZIP Module', 'Google Adsense', 'Google Analytics', 'Google Funding Choices', 'Google Matched Content', 'Google Related Website Sites', 'Google Reseller', 'Google Tag Manager', 'IcoMoon', 'Line2', 'Magento Enterprise', 'Microdata for Google Shopping', 'Pinterest Conversion Tracking', 'QUIC', 'SiteW', 'Squarespace', 'UTF-8', 'WordPress SEO Structured Data Schema Plugin', 'YouTube', 'eLand']"
bathtubinthekitchen.com,"Marble & Milkweed: Slow Beauty for Skin & Spirit | Handcrafted Botanical Skincare, Perfumes & Teas",,USA,77,112331,2026-09-28T00:25:19.711574791Z,"['AJAX Libraries API', 'Adobe Creative Cloud WebFonts', 'Aruba', 'Express', 'Facebook Login', 'Facebook Messenger Platform', 'Facebook Pixel', 'Facebook Reseller', 'Facebook Tag API', 'GZIP Module', 'Google Analytics', 'Google Cloud DNS', 'Google Tag Manager', 'IcoMoon', 'Instagram Follow Button', 'Line2', 'Magento Enterprise', 'Microdata for Google Shopping', 'Pinterest Conversion Tracking', 'QUIC', 'SiteW', 'Squarespace', 'Thank You', 'The Fresh', 'UTF-8', 'UserWay', 'Vector Internet Services', 'WordPress SEO Structured Data Schema Plugin', 'eLand', 'jQuery']"
dscr-genie.com,Home - DSCR Genie,,,60,264451,2026-09-27T23:49:26.152133456Z,"['AB Tasty', 'ADFOX', 'AJAX Libraries API', 'AWS WAF Challenge', 'Active Campaign', 'AdRoll', 'AddThis for Wordpress', 'Adobe Analytics', 'Adobe Marketing Cloud', 'Alternate Protocol', 'Amazon Associates Affiliate Shop', 'Amazon WAF Blocked', 'Amplitude', 'AppNexus Direct', 'Astra Theme', 'Authorize.net', 'Automattic', 'Bing Cashback', 'Bing Conversion Tracking', 'Braintree', 'Brevo', 'Brightcove', 'Bunny Fonts', 'BunnyCDN General', 'ByteDance', 'CDN JS', 'CDN77 Hosted', 'Calendly', 'Cart.com', 'Chartbeat', 'Clicky', 'Cloudflare', 'Cloudflare CDN', 'Cloudflare Web Analytics', 'Content Delivery Network', 'ConvertKit', 'CrazyEgg', 'Crisp', 'Criteo', 'Criteo Reseller', 'DailyMotion Video', 'Disqus Comment System for WordPress', 'DoubleClick Bid Manager', 'Drift', 'ElementUI', 'EmbedPress', 'Engage', 'Facebook Embedded Posts', 'Facebook Reseller', 'Firebase', 'Font Awesome', 'Freshworks Bot', 'Giphy', 'Google', 'Google Adsense', 'Google Analytics', 'Google Cloud CDN', 'Google Cloud DNS', 'Google Font API', 'Google Maps', 'Google Matched Content', 'Google My Business', 'Google Pay', 'Google Reseller', 'Google Tag Manager', 'Heap', 'Help Scout', 'Hubspot', 'Impact', 'Infolinks', 'Inspectlet', 'Instagram Follow Button', 'Intercom', 'JW Player Platform', 'Jetpack', 'JotForm', 'Kinsta', 'Klaviyo', 'LiteSpeed', 'LiveChat', 'LiveChat Monitoring', 'MailChimp', 'MailerLite', 'Marketo', 'Matomo', 'Media.net', 'Media.net Reseller', 'Mediavine Publisher', 'Microdata for Google Shopping', 'Microsoft Clarity', 'Mixpanel', 'Mouseflow', 'New Relic', 'NitroPack', 'Olark', 'OpenX Direct', 'OptiMole', 'Optimizely Recommendations', 'Outbrain Direct', 'PHP', 'Pardot', 'Parse.ly', 'PayPal Adaptive Payments', 'Pinterest Conversion Tracking', 'Piwik PRO', 'Plausible Analytics', 'PubMatic Direct', 'Pubmatic', 'PushEngage', 'QUIC', 'Quantcast Direct', 'RM Education', 'Recart', 'RocketCDN', 'Rumble Player', 'Seflow Italy', 'Segment', 'ShareThis', 'Sign In With Google', 'Sitelinks Search Box', 'Square', 'Squarespace Online Appointment Scheduling', 'StatCounter', 'Statically', 'Stripe', 'Sumo', 'Swell Rewards', 'Taboola Direct', 'Taboola Reseller', 'Tealium', 'Theme In WP', 'Thrive Direct', 'Twitch', 'Twitter Ads', 'Twitter Analytics', 'Typeform', 'UTF-8', 'VigLink', 'Vimeo', 'Vine Embed', 'Visual Website Optimizer', 'Way', 'Wistia', 'Woopra', 'WordPress', 'WordPress Multisite', 'WordPress Related Posts', 'Yandex Hosting', 'Yotpo', 'YouTube', 'comScore', 'jsDelivr', 'reCAPTCHA']"
cryoballmd.com,Home - Cryoball MD,,,60,342,2026-09-27T23:47:34.469396026Z,"['AdRoll', 'Alternate Protocol', 'Content Delivery Network', 'Elementor', 'EmbedPress', 'GZIP Module', 'Google', 'Google Analytics', 'Google Cloud CDN', 'Google Cloud DNS', 'Google Font API', 'Google Tag Manager', 'Hello Elementor', 'Instagram Follow Button', 'Microdata for Google Shopping', 'Nginx', 'PayPal Adaptive Payments', 'Pinterest Conversion Tracking', 'QUIC', 'UTF-8', 'WP Engine', 'Woo Themes', 'WooCommerce', 'WooCommerce Checkout', 'WooLentor', 'WordPress', 'WordPress Multisite', 'jQuery']"
laurenquigleycreations.com,Lauren Quigley Creations | Epoxy Free Tumblers,,,77,113028,2026-09-27T23:15:46.742151946Z,"['Alternate Protocol', 'Amazon WAF Blocked', 'Apture Linking Platform', 'Cloudflare', 'Content Delivery Network', 'DC74', 'Express', 'Fastly', 'Fastly CDN', 'GZIP Module', 'Google Adsense', 'Google Matched Content', 'Google Related Website Sites', 'Google Reseller', 'Instagram Follow Button', 'Microdata for Google Shopping', 'NFOrce Internet', 'On The Map', 'PWA', 'Perl', 'Pinterest Conversion Tracking', 'QUIC', 'SMC', 'Seflow Italy', 'Sentry', 'SiteW', 'Subversion', 'Thank You', 'UTF-8', 'Umbler', 'Vector Internet Services', 'Wix', 'Wix Media', 'YouTube', 'eLand', 'mlcom']"
marinagarden.center,Flora Grubb Gardens Plant Nursery,,USA,77,85453,2026-09-27T22:38:01.815960606Z,"['Adobe Creative Cloud WebFonts', 'Aruba', 'Better Lead Generation Services', 'Cisco/Arrowpoint Content Service Switch', 'Express', 'GZIP Module', 'Google Analytics', 'Google Cloud DNS', 'Google Font API', 'Google Related Website Sites', 'Google Tag Manager', 'Help Scout', 'Instagram Follow Button', 'Klaviyo', 'Line2', 'Magento Enterprise', 'Microdata for Google Shopping', 'Pinterest Conversion Tracking', 'QUIC', 'SiteW', 'Squarespace', 'UTF-8', 'WordPress SEO Structured Data Schema Plugin', 'eLand']"
shonobo.com,Shonobo,Shonobo,SGP,65,35492,2026-09-27T21:01:31.666486986Z,"['Apture Linking Platform', 'Baidu Cloud', 'CDN JS', 'Cloudflare', 'Cloudflare CDN', 'DAV', 'DC74', 'Express', 'Facebook Reseller', 'Fireblade', 'Google', 'Google Analytics', 'Google Cloud DNS', 'Google Font API', 'Google Tag Manager', 'Gravity', 'IcoMoon', 'Klaviyo', 'Microdata for Google Shopping', 'PageFly', 'Perl', 'Pinterest Conversion Tracking', 'QUIC', 'Shopify', 'Shopify Collabs', 'Subversion', 'TrackingMore', 'UTF-8', 'Yandex Hosting', 'eLand', 'hCaptcha', 'jQuery', 'jsDelivr', 'reCAPTCHA']"
kikitonesitup.com,Kelly Wirht,,USA,72,7093,2026-09-27T20:41:28.850053211Z,"['Adobe Creative Cloud WebFonts', 'Alternate Protocol', 'Aruba', 'Express', 'Facebook Login', 'Facebook Messenger Platform', 'Facebook Pixel', 'Facebook Reseller', 'Facebook Tag API', 'Fastly', 'GZIP Module', 'Google Analytics', 'Google Related Website Sites', 'Google Tag Manager', 'Instagram Follow Button', 'Klaviyo', 'Line2', 'Microdata for Google Shopping', 'Pinterest Conversion Tracking', 'QUIC', 'Sapper', 'Squarespace', 'UTF-8', 'WordPress SEO Structured Data Schema Plugin', 'YouTube', 'eLand']"
brookedaniellephotography.com,Virginia Wedding and Branding Photographer | Brooke Danielle Photography | Home,,,67,8640,2026-09-27T20:05:59.281647928Z,"['AJAX Libraries API', 'Apture Linking Platform', 'CDN JS', 'Cloudflare', 'Cloudflare CDN', 'Content Delivery Network', 'GZIP Module', 'Google', 'Google Analytics', 'Google Cloud DNS', 'Google Font API', 'Google Tag Manager', 'Instagram Follow Button', 'Nginx', 'Pinterest Conversion Tracking', 'UTF-8', 'Vector Internet Services', 'WP Engine', 'jQuery']"
morewellbeing.com,More. Longevity And Wellbeing - Vitamins & Natural Supplements,,,82,27322,2026-09-27T20:05:59.279437197Z,"['AWS WAF Challenge', 'Akismet', 'Alternate Protocol', 'Apache', 'Apture Linking Platform', 'Automattic', 'Cloudflare', 'Cloudflare CDN', 'Cloudflare Turnstile', 'Contact Form Plugin', 'CoreUI', 'Customer Reviews for WooCommerce', 'EmbedPress', 'Express', 'GZIP Module', 'Google Analytics', 'Google Customer Reviews', 'Google My Business', 'Google Related Website Sites', 'Google Tag Manager', 'IcoMoon', 'Instagram Follow Button', 'Jetpack', 'Kitco', 'Klaviyo', 'Klaviyo for WordPress', 'Microdata for Google Shopping', 'PHP', 'PWA', 'Pinterest Conversion Tracking', 'Shipping Rates Calculator', 'Side Cart Woocommerce', 'Site Kit', 'Sitelinks Search Box', 'Theme In WP', 'UTF-8', 'UserWay', 'WP PageNavi', 'WP Rocket', 'Woo Themes', 'WooCommerce', 'WooCommerce Checkout', 'WooCommerce Payments', 'WordPress', 'WordPress Multisite', 'WordPress Stats', 'Yahoo Finance Widget', 'YouTube', 'jQuery', 'reCAPTCHA']"
multihullnets.com,"Catamaran Nets, Trampolines & Supplies | Sunrise Yacht Products",,GBR,82,17980,2026-09-27T19:54:07.480781289Z,"['Better Lead Generation Services', 'Bing Cashback', 'Bing Conversion Tracking', 'ETranslate', 'Facebook Conversion Tracking', 'Facebook Login', 'Facebook Messenger Platform', 'Facebook Pixel', 'Facebook Reseller', 'Facebook Tag API', 'GTranslate', 'Google Analytics', 'Google Customer Reviews', 'Google My Business', 'Google Tag Manager', 'HostGator', 'HubSpot Conversations', 'Hubspot', 'Instagram Follow Button', 'Microdata for Google Shopping', 'Microsoft Azure', 'Microsoft Clarity', 'Microsoft IIS', 'NFOrce Internet', 'Parallels Plesk Panel', 'Pinterest Conversion Tracking', 'QUIC', 'Tawk', 'UTF-8', 'Visual Studio', 'YouTube']"
guitarsandbasses.eu,Guitars and Basses - All about guitars and basses - online store quality instruments and parts,Guitars and basses,ESP,82,26564,2026-09-27T19:39:07.91286128Z,"['AWS WAF Challenge', 'Alternate Protocol', 'Amazon WAF Blocked', 'Apture Linking Platform', 'Automattic', 'Cloudflare', 'Cloudflare CDN', 'Elementor', 'EmbedPress', 'GDPR Cookie Compliance', 'Google', 'Google Analytics', 'Google Cloud DNS', 'Google Font API', 'Google My Business', 'Google Related Website Sites', 'Google Tag Manager', 'Instagram Follow Button', 'Jetpack', 'Kitco', 'Line2', 'MailChimp', 'Max Mega Menu', 'Microdata for Google Shopping', 'MonsterInsights', 'NFOrce Internet', 'PHP', 'Pinterest Conversion Tracking', 'Schema Plugin', 'Site Kit', 'Theme In WP', 'TranslatePress', 'UTF-8', 'Woo Themes', 'WooCommerce', 'WooCommerce Checkout', 'WooCommerce Payments', 'WordPress', 'WordPress Multisite', 'WordPress Stats', 'YITH WooCommerce Compare', 'YouTube', 'jQuery']"
jennychohaninteriors.com,Jenny Chohan Interiors,Jenny Chohan Interiors,USA,77,17932,2026-09-27T17:36:22.929497944Z,"['Adobe Creative Cloud WebFonts', 'Alternate Protocol', 'Aruba', 'Express', 'Facebook Conversion Tracking', 'Facebook Login', 'Facebook Messenger Platform', 'Facebook Pixel', 'Facebook Reseller', 'Facebook Tag API', 'Financial Services Guide', 'Fireblade', 'GZIP Module', 'Google Analytics', 'Google Tag Manager', 'Instagram Follow Button', 'Investor Relations', 'Line2', 'Microdata for Google Shopping', 'NFOrce Internet', 'Newsletter for Wordpress', 'Perl', 'Pico CSS', 'Pinterest Conversion Tracking', 'QUIC', 'SiteW', 'Squarespace', 'UTF-8', 'WordPress SEO Structured Data Schema Plugin', 'eLand']"
housekeepingservicecalgary.com,Calgary Cleaner | Professional Cleaners & Best Cleaning Company in AB,Clean Club Calgary,CAN,77,22767,2026-09-27T14:56:43.085823466Z,"['AWS WAF Challenge', 'Alternate Protocol', 'Apache', 'Apture Linking Platform', 'Broadly', 'Cornerstone', 'Elementor', 'EmbedPress', 'Facebook Pixel', 'Facebook Tag API', 'GZIP Module', 'Google Analytics', 'Google Related Website Sites', 'Google Tag Manager', 'Hello Elementor', 'Instagram Follow Button', 'LiteSpeed', 'MailChimp', 'Microdata for Google Shopping', 'NFOrce Internet', 'PHP', 'Pinterest Conversion Tracking', 'Theme In WP', 'UTF-8', 'WordPress', 'WordPress Multisite', 'YouTube', 'jQuery']"
sauceysauce.co,The Saucey Sauce Co | All-Natural Vietnamese Sauce,The Saucey Sauce Co.,,82,132324,2026-09-27T14:32:41.970369298Z,"['Alternate Protocol', 'Amazon', 'Amazon WAF Blocked', 'Apture Linking Platform', 'Cloudflare', 'Content Delivery Network', 'Contento', 'Express', 'Fastly', 'Fastly CDN', 'Fireblade', 'FormSubmit', 'GZIP Module', 'Google Customer Reviews', 'Google Related Website Sites', 'Instagram Follow Button', 'Microdata for Google Shopping', 'NFOrce Internet', 'PWA', 'Pico CSS', 'Pinterest Conversion Tracking', 'QUIC', 'SMC', 'Seflow Italy', 'Sentry', 'SiteW', 'Sitelinks Search Box', 'Thank You', 'UTF-8', 'Vector Internet Services', 'Wix', 'Wix Media', 'WordPress Related Posts', 'YouTube', 'eLand', 'mlcom']"
fosteringexcellenceproductions.com,Home - Fostering Excellence Productions,Fostering Excellence Productions,USA,77,19413,2026-09-27T13:55:10.865102165Z,"['AWS WAF Challenge', 'Alternate Protocol', 'Astra Theme', 'Automattic', 'ByteDance', 'Cloudflare', 'Cloudflare CDN', 'Content Delivery Network', 'DAV', 'DuracellTomi Google Tag Manager for WordPress', 'Elementor', 'EmbedPress', 'Essential Addons for Elementor', 'Essential Blocks for Gutenberg', 'Facebook Conversion Tracking', 'Facebook Login', 'Facebook Messenger Platform', 'Facebook Pixel', 'Facebook Reseller', 'Facebook Tag API', 'Google', 'Google Analytics', 'Google Cloud DNS', 'Google Font API', 'Google My Business', 'Google Tag Manager', 'InitiativeS', 'Jetpack', 'LinkedIn Insights', 'LinkedIn Pixel', 'Metricool', 'Microdata for Google Shopping', 'Nginx', 'PHP', 'Pinterest Conversion Tracking', 'PixelYourSite', 'Reddit Conversion Tracking', 'Theme In WP', 'TikTok Conversion Tracking Pixel', 'Twitter Ads', 'Twitter Analytics', 'Twitter Conversion Tracking', 'UTF-8', 'University or College', 'WP Event Manager', 'Woo Themes', 'WordPress', 'WordPress Multisite', 'WordPress Related Posts', 'WordPress Stats', 'jQuery']"
maisoncitrose.com,Slow living Home & Wardrobe - Maison Citrose,Maison Citrose,,62,3573,2026-09-27T13:35:38.119858734Z,"['Alternate Protocol', 'Automattic', 'Coming Soon Page', 'Content Delivery Network', 'EmbedPress', 'Fastly', 'GZIP Module', 'Google Analytics', 'Google Cloud DNS', 'Google Font API', 'Google Tag Manager', 'Gutenberg Blocks by Kadence Blocks', 'Jetpack', 'Kadence WP', 'Pinterest Conversion Tracking', 'Woo Themes', 'WooCommerce', 'WooCommerce Checkout', 'WooCommerce Payments', 'WordPress', 'WordPress Multisite', 'WordPress Stats', 'jQuery']"
fitnesschic.es,Calidad y Estilo Incomparables para la Mujer Empoderada en FitnessChic,Fitnesschic,PHL,77,1080,2026-09-27T13:35:38.117821446Z,"['Alternate Protocol', 'Apache', 'Facebook Login', 'Facebook Messenger Platform', 'Facebook Pixel', 'Facebook Reseller', 'Facebook Tag API', 'GZIP Module', 'Google Analytics', 'Google Cloud DNS', 'Google Font API', 'Google Tag Manager', 'Instagram Follow Button', 'MailChimp', 'Metricool', 'Microdata for Google Shopping', 'PHP', 'Parallels Plesk Panel', 'Pinterest Conversion Tracking', 'PrestaShop', 'Tailwind CSS', 'UTF-8']"
glynns.ie,"Glynn’s Agrichoice | Farm Supplies, Animal Health & Hardware",Glynns Agrichoice,,67,98055,2026-09-27T12:52:45.905809067Z,"['Amazon WAF Blocked', 'Apture Linking Platform', 'Bing Cashback', 'Bing Conversion Tracking', 'ByteDance', 'Cloudflare', 'Cloudflare CDN', 'Contento', 'DAV', 'Facebook Conversion Tracking', 'Facebook Login', 'Facebook Messenger Platform', 'Facebook Pixel', 'Facebook Reseller', 'Facebook Tag API', 'Fireblade', 'Font Awesome', 'Google Analytics', 'Google My Business', 'Google Related Website Sites', 'Google Tag Manager', 'Instagram Follow Button', 'Microdata for Google Shopping', 'Microsoft Clarity', 'NFOrce Internet', 'Ntent', 'OpenAI', 'Pinterest Conversion Tracking', 'QUIC', 'Reddit Conversion Tracking', 'SMC', 'Shopify', 'Shopify Collabs', 'Thank You', 'TikTok Conversion Tracking Pixel', 'Twitter Ads', 'Twitter Analytics', 'UTF-8', 'eLand', 'hCaptcha', 'jQuery', 'reCAPTCHA']"
getteez.com,GetTeez | Wear Your Vibe - GetTeez,,GBR,77,5315,2026-09-27T10:40:26.150445877Z,"['Amazon WAF Blocked', 'Apture Linking Platform', 'ByteDance', 'Checkout.com', 'Coming Soon Page', 'Content Delivery Network', 'DAV', 'Express', 'Google Analytics', 'Google My Business', 'Google Related Website Sites', 'Google Tag Manager', 'Instagram Follow Button', 'Klaviyo', 'PayPal Adaptive Payments', 'Pinterest Conversion Tracking', 'QUIC', 'ShopBase', 'Tailwind CSS', 'Thank You', 'TikTok Conversion Tracking Pixel', 'Twitter Ads', 'Twitter Analytics', 'UTF-8', 'YouTube', 'eLand', 'shadcn ui']"
marinaandcamera.com,Marina and Camera | Travel Photographer and Content Creator,Marina and Camera,GBR,82,18834,2026-09-27T10:09:36.384362112Z,"['AWS WAF Challenge', 'Alternate Protocol', 'Apache', 'Astra Theme', 'Elementor', 'EmbedPress', 'GZIP Module', 'Google', 'Google Analytics', 'Google Cloud DNS', 'Google Font API', 'Google Related Website Sites', 'Google Tag Manager', 'Header, Footer and Blocks for Elementor', 'Instagram Feed for WordPress', 'Instagram Follow Button', 'Jetpack', 'Lazy Load for WordPress', 'Microdata for Google Shopping', 'PHP', 'Pinterest Conversion Tracking', 'QUIC', 'Theme In WP', 'UTF-8', 'WP Fastest Cache', 'Woo Themes', 'WooCommerce', 'WooCommerce Checkout', 'WooCommerce Payments', 'WordPress', 'WordPress Multisite', 'WordPress Related Posts', 'jQuery']"
nellieedge.com,Nellie Edge Teacher Resources and Seminars for Early Literacy,,USA,77,1531,2026-09-27T09:23:40.661454388Z,"['Alternate Protocol', 'Beaver Builder Lite', 'DuracellTomi Google Tag Manager for WordPress', 'Dynamik', 'EmbedPress', 'Essential Grid', 'Fontello', 'GZIP Module', 'Google Analytics', 'Google Cloud DNS', 'Google Font API', 'Google Tag Manager', 'Microdata for Google Shopping', 'PHP', 'Perl', 'Pinterest Conversion Tracking', 'QUIC', 'StudioPress', 'Tailwind CSS', 'Theme In WP', 'UTF-8', 'UberMenu', 'WordPress', 'WordPress Multisite', 'YouTube', 'YouTube Advanced by Embed Plus', 'jQuery', 'jQuery Pin It Button for Images']"
lovestruckstyle.com,Micro Wedding Planning | Lovestruck Style – United States,,NLD,87,130254,2026-09-27T08:38:25.261568453Z,"['Alternate Protocol', 'Amazon WAF Blocked', 'Apture Linking Platform', 'Cloudflare', 'Content Delivery Network', 'Contento', 'Express', 'Fastly', 'Fastly CDN', 'Fireblade', 'FormSubmit', 'GZIP Module', 'Google Related Website Sites', 'Microdata for Google Shopping', 'NFOrce Internet', 'No-Q', 'Ntent', 'PWA', 'Pico CSS', 'Pinterest Conversion Tracking', 'QUIC', 'SMC', 'Seflow Italy', 'Sentry', 'SiteW', 'Sitelinks Search Box', 'Thank You', 'UTF-8', 'Vector Internet Services', 'Wix', 'Wix Media', 'WordPress Related Posts', 'eLand', 'mlcom']"
monarchrugs.com,"Best Atlanta Rug Store, Hand Knotted Wool Area Rugs & Carpets Online - Monarch Rugs, USA",,USA,72,19700,2026-09-27T08:33:34.216535672Z,"['Cloudflare', 'Cloudflare CDN', 'Cloudflare Web Analytics', 'DoubleClick Bid Manager', 'Facebook Conversion Tracking', 'Facebook Login', 'Facebook Messenger Platform', 'Facebook Pixel', 'Facebook Reseller', 'Facebook Tag API', 'Fireblade', 'Google Analytics', 'Google Conversion Tracking', 'Google Flights Conversion Tracking', 'Google Related Website Sites', 'Google Tag Manager', 'Hotjar', 'Instagram Follow Button', 'Microdata for Google Shopping', 'Microsoft Azure', 'Pinterest Conversion Tracking', 'Schema Plugin', 'Twitter Ads', 'UTF-8', 'Visual Studio', 'jQuery']"
hendratanjung.id,Home - HENDRA TANJUNG,HENDRA TANJUNG,,77,780200,2026-09-27T06:44:08.975531858Z,"['AB Tasty', 'ADFOX', 'AJAX Libraries API', 'AWS WAF Challenge', 'Active Campaign', 'AdRoll', 'AddThis for Wordpress', 'Adobe Analytics', 'Adobe Marketing Cloud', 'Alternate Protocol', 'Amazon Associates Affiliate Shop', 'Amazon WAF Blocked', 'Amplitude', 'AppNexus Direct', 'Astra Theme', 'Authorize.net', 'Automattic', 'Bing Cashback', 'Bing Conversion Tracking', 'Braintree', 'Brevo', 'Brightcove', 'Bunny Fonts', 'BunnyCDN General', 'ByteDance', 'CDN JS', 'CDN77 Hosted', 'Calendly', 'Cart.com', 'Chartbeat', 'Clicky', 'Cloudflare', 'Cloudflare CDN', 'Cloudflare Web Analytics', 'Content Delivery Network', 'ConvertKit', 'CrazyEgg', 'Crisp', 'Criteo', 'Criteo Reseller', 'DailyMotion Video', 'Disqus Comment System for WordPress', 'DoubleClick Bid Manager', 'Drata', 'Drift', 'ElementUI', 'Elementor', 'EmbedPress', 'Engage', 'Facebook Embedded Posts', 'Facebook Reseller', 'Firebase', 'Font Awesome', 'Freshworks Bot', 'GenerateBlocks', 'Giphy', 'Google', 'Google Adsense', 'Google Analytics', 'Google Cloud CDN', 'Google Cloud DNS', 'Google Font API', 'Google Maps', 'Google Matched Content', 'Google My Business', 'Google Pay', 'Google Reseller', 'Google Tag Manager', 'Heap', 'Help Scout', 'Hubspot', 'Impact', 'Infolinks', 'Inspectlet', 'Instagram Follow Button', 'Intercom', 'Iubenda', 'JW Player Platform', 'Jetpack', 'JotForm', 'Kinsta', 'Klaviyo', 'LiteSpeed', 'LiveChat', 'LiveChat Monitoring', 'MailChimp', 'MailerLite', 'Marketo', 'Matomo', 'Media.net', 'Media.net Reseller', 'Mediavine Publisher', 'Microdata for Google Shopping', 'Microsoft Clarity', 'Mixpanel', 'Mouseflow', 'NFOrce Internet', 'New Relic', 'NitroPack', 'Olark', 'OpenX Direct', 'OptiMole', 'Optimizely Recommendations', 'Outbrain Direct', 'PHP', 'Pardot', 'Parse.ly', 'PayPal Adaptive Payments', 'Pinterest Conversion Tracking', 'Piwik PRO', 'Plausible Analytics', 'PubMatic Direct', 'Pubmatic', 'PushEngage', 'QUIC', 'Quantcast Direct', 'RM Education', 'Recart', 'RocketCDN', 'Rumble Player', 'Seflow Italy', 'Segment', 'ShareThis', 'Sign In With Google', 'Square', 'Squarespace Online Appointment Scheduling', 'StatCounter', 'Statically', 'Stripe', 'Sumo', 'Swell Rewards', 'Taboola Direct', 'Taboola Reseller', 'Tealium', 'Theme In WP', 'Thrive Direct', 'Twitch', 'Twitter Ads', 'Twitter Analytics', 'Typeform', 'UTF-8', 'Ultimate Addons for Gutenberg', 'VigLink', 'Vimeo', 'Vine Embed', 'Visual Website Optimizer', 'Way', 'Wistia', 'Woo Themes', 'Woopra', 'WordPress', 'WordPress Multisite', 'WordPress Related Posts', 'Yandex Hosting', 'Yotpo', 'YouTube', 'comScore', 'jQuery', 'jsDelivr', 'reCAPTCHA']"
craftpod.co.uk,"Craftpod - Beautiful Craft and Embroidery Kits, inspired by nature.",Craftpod,GBR,72,4552,2026-09-27T04:10:38.284927213Z,"['Adobe Creative Cloud WebFonts', 'Aruba', 'Express', 'Fastly', 'GZIP Module', 'Google Related Website Sites', 'Instagram Follow Button', 'Line2', 'Microdata for Google Shopping', 'Newsletter for Wordpress', 'Pico CSS', 'Pinterest Conversion Tracking', 'QUIC', 'Share Link', 'SiteW', 'Squarespace', 'UTF-8', 'WordPress SEO Structured Data Schema Plugin', 'YouTube', 'eLand']"
heydewdrop.com,Droplet Sparkling Adaptogen Drinks | self-care in every sip | woman-owned,,USA,77,4312,2026-09-27T03:00:23.862772976Z,"['AJAX Libraries API', 'Accordion Blocks', 'Accordion FAQ', 'Adobe Creative Cloud WebFonts', 'Alternate Protocol', 'Aruba', 'CDN JS', 'Cloudflare', 'Cloudflare CDN', 'Express', 'Facebook Conversion Tracking', 'Facebook Customer Chat SDK', 'Facebook Login', 'Facebook Messenger Platform', 'Facebook Pixel', 'Facebook Reseller', 'Facebook Tag API', 'Fomo', 'GZIP Module', 'Google Analytics', 'Google Cloud DNS', 'Google Cloud Storage', 'Google Conversion Tracking', 'Google Tag Manager', 'Instagram Follow Button', 'Line2', 'Microdata for Google Shopping', 'Newsletter for Wordpress', 'Pinterest Conversion Tracking', 'QUIC', 'Shopify', 'Squarespace', 'Twitter Ads', 'UTF-8', 'WordPress SEO Structured Data Schema Plugin', 'eLand', 'jQuery']"
lucentset.com,Home Jewellery - Lucentset,Lucentset,,92,46490,2026-09-27T00:34:18.045738131Z,"['Agoda', 'Alternate Protocol', 'Apture Linking Platform', 'Content Delivery Network', 'CookieYes', 'DC74', 'Elementor', 'EmbedPress', 'Express', 'Google', 'Google Analytics', 'Google Cloud CDN', 'Google Cloud DNS', 'Google Font API', 'Google My Business', 'Google Tag Manager', 'Instagram Follow Button', 'Kitco', 'Line2', 'LiteSpeed', 'Microdata for Google Shopping', 'NFOrce Internet', 'PHP', 'Pinterest Conversion Tracking', 'QUIC', 'QUIC.cloud', 'Share Link', 'Sitelinks Search Box', 'Slider Revolution', 'The Fresh', 'Twitter Ads', 'UTF-8', 'Woo Themes', 'WooCommerce Checkout', 'WooFramework', 'WordPress', 'WordPress Multisite', 'XTemos Studio', 'reCAPTCHA']"
decoraonline.com,Decoración de Interiores Puerto Rico | Ideas para Remodelar la Casa,Decora Online,,67,15837,2026-09-26T23:16:40.946308525Z,"['Alternate Protocol', 'Amazon Widgets', 'BLR', 'Content Delivery Network', 'DAV', 'EmbedPress', 'Express', 'Fastly', 'GZIP Module', 'GenerateBlocks', 'GeneratePress Company', 'GoDaddy', 'Google', 'Google Adsense', 'Google Analytics', 'Google Cloud CDN', 'Google Cloud DNS', 'Google Font API', 'Google Tag Manager', 'Instagram Follow Button', 'LiteSpeed', 'MailChimp', 'Microdata for Google Shopping', 'Microsoft Clarity', 'Perl', 'Pinterest Conversion Tracking', 'Post Grid', 'Smart Slider 3', 'Social Pug', 'Tumblr', 'UTF-8', 'WordPress', 'WordPress Multisite', 'YouTube', 'eLand', 'jQuery']"
kaptivatingkrystals.com,"Handmade Waist Beads, Crystals & Spiritual Supplies | Kaptivating Krystals | United States",,GBR,77,111341,2026-09-26T21:30:08.507522708Z,"['Alternate Protocol', 'Amazon WAF Blocked', 'Apture Linking Platform', 'Cloudflare', 'Content Delivery Network', 'DAV', 'DC74', 'Ethy', 'Express', 'Fastly', 'Fastly CDN', 'Fireblade', 'GZIP Module', 'Google Related Website Sites', 'Instagram Follow Button', 'Microdata for Google Shopping', 'NFOrce Internet', 'PWA', 'Perl', 'Pinterest Conversion Tracking', 'QUIC', 'SMC', 'Seflow Italy', 'Sentry', 'SiteW', 'Sitelinks Search Box', 'Thank You', 'Twitter Ads', 'UTF-8', 'Vector Internet Services', 'WP Booking Calendar', 'Wix', 'Wix Media', 'WordPress Related Posts', 'YouTube', 'mlcom']"
shenandsam.com,Shen & Sam Co. — Home,Shen and Sam Co. ,USA,77,1612,2026-09-26T21:05:21.054111853Z,"['Adobe Creative Cloud WebFonts', 'Alternate Protocol', 'Aruba', 'Express', 'GZIP Module', 'Google Analytics', 'Google Tag Manager', 'Instagram Follow Button', 'Line2', 'Microdata for Google Shopping', 'Newsletter for Wordpress', 'Perl', 'Pinterest Conversion Tracking', 'Privy', 'QUIC', 'Squarespace', 'UTF-8', 'WordPress SEO Structured Data Schema Plugin', 'eLand']"
marymooredesign.com,marymoore DESIGN,marymoore DESIGN,,35,697,2026-09-26T21:00:35.506274068Z,"['Adobe Creative Cloud WebFonts', 'Aruba', 'Express', 'GZIP Module', 'IcoMoon', 'Instagram Follow Button', 'Line2', 'Microdata for Google Shopping', 'Pinterest Conversion Tracking', 'QUIC', 'Squarespace', 'UTF-8', 'WordPress SEO Structured Data Schema Plugin', 'eLand']"
hekatesflame.com,Mythology and Fantasy Inspired Candles - Hekate's Flame,,USA,82,121540,2026-09-26T19:41:36.147912716Z,"['Aruba', 'Contento', 'Express', 'Fireblade', 'GZIP Module', 'Google Analytics', 'Google Tag Manager', 'IcoMoon', 'Instagram Follow Button', 'Line2', 'Magento Enterprise', 'Microdata for Google Shopping', 'Newsletter for Wordpress', 'Pico CSS', 'Pinterest Conversion Tracking', 'QUIC', 'SiteW', 'Squarespace', 'UTF-8', 'Vector Internet Services', 'WordPress SEO Structured Data Schema Plugin', 'eLand']"
anniesloan.uk,Annie Sloan | Revolutionising The World of Paint,Annie Sloan,GBR,87,33834,2026-09-26T19:01:23.434070998Z,"['AWS WAF Challenge', 'Adobe Creative Cloud WebFonts', 'Alternate Protocol', 'Amazon Link Enchancer', 'Ametys', 'Apture Linking Platform', 'CDN JS', 'Cloudflare', 'Cloudflare Bot Manager', 'Cloudflare CDN', 'Content Delivery Network', 'CookieYes', 'DoubleClick Bid Manager', 'DuracellTomi Google Tag Manager for WordPress', 'EmbedPress', 'Facebook Conversion Tracking', 'Facebook Login', 'Facebook Messenger Platform', 'Facebook Pixel', 'Facebook Reseller', 'Facebook Tag API', 'Font Awesome', 'Fonts.com', 'FormSite', 'GetResponse', 'Google Analytics', 'Google Cloud DNS', 'Google Conversion Tracking', 'Google Maps', 'Google My Business', 'Google Related Website Sites', 'Google Tag Manager', 'Hotjar', 'Instagram Follow Button', 'Kitco', 'MailChimp', 'Microdata for Google Shopping', 'New Relic', 'Ntent', 'PHP', 'Pinterest Conversion Tracking', 'QUIC', 'Theme In WP', 'Trustpilot Reviews for WordPress', 'Twitter Ads', 'UK Cookie Consent', 'UTF-8', 'WP Engine', 'Woo Themes', 'WooCommerce', 'WooCommerce Checkout', 'WordPress', 'WordPress Multisite', 'YouTube', 'jQuery', 'jsDelivr']"
mokopounamu.co.nz,New Zealand Pounamu | Jewellery | Sculptures | Moko Pounamu,,NZL,82,4582,2026-09-26T18:51:54.602563283Z,"['Alternate Protocol', 'Amazon CloudFront', 'Apture Linking Platform', 'CloudFront', 'Commoninja', 'Duda', 'FormSubmit', 'GZIP Module', 'Google Analytics', 'Google Related Website Sites', 'Google Tag Manager', 'HelpCrunch', 'Idaq', 'Instagram Follow Button', 'LinkedIn Insights', 'LinkedIn Pixel', 'MailChimp', 'Microdata for Google Shopping', 'Nginx', 'POWr', 'Pinterest Conversion Tracking', 'QUIC', 'Tailwind CSS', 'Thank You', 'UTF-8', 'YouTube']"
alittlecake.com,A Little Cake - Custom Birthday Cakes & Wedding Cakes NJ / NYC / CT,ALittleCake.com,NOR,92,77623,2026-09-26T18:21:36.492087765Z,"['Ajax Search Pro for Wordpress', 'Alternate Protocol', 'Automattic', 'Baidu Cloud', 'BatCache', 'Better Lead Generation Services', 'Content Delivery Network', 'Contento', 'EmbedPress', 'Facebook Conversion Tracking', 'Facebook Login', 'Facebook Messenger Platform', 'Facebook Pixel', 'Facebook Reseller', 'Facebook Tag API', 'Fastly', 'GDPR Consent Management Platform', 'Gambling Content', 'GitHub Hosting', 'Google', 'Google Analytics', 'Google Cloud CDN', 'Google My Business', 'Google Tag Manager', 'IcoMoon', 'Instagram Follow Button', 'Jetpack', 'Media.net', 'Microdata for Google Shopping', 'Muffin Group', 'Nginx', 'Onyx Internet', 'PHP', 'Perfmatters', 'Perl', 'Pinterest Conversion Tracking', 'QUIC', 'Sitelinks Search Box', 'The Fresh', 'Theme In WP', 'UTF-8', 'UserWay', 'Woo Themes', 'WooCommerce', 'WooCommerce Checkout', 'WordPress', 'WordPress Multisite', 'WordPress Stats', 'Yandex Hosting', 'eLand', 'jQuery', 'qTranslate', 'reCAPTCHA']"
hannahcantellowstudio.co.uk,Hannah Cantellow Artist Printmaker in Devizes Wiltshire UK,,GBR,82,804,2026-09-26T17:13:36.724590132Z,"['Alternate Protocol', 'Amazon CloudFront', 'Apture Linking Platform', 'CloudFront', 'Duda', 'Express', 'Facebook Conversion Tracking', 'Facebook Login', 'Facebook Messenger Platform', 'Facebook Pixel', 'Facebook Reseller', 'Facebook Tag API', 'FormSubmit', 'GZIP Module', 'Google Tag Manager', 'Instagram Follow Button', 'MailChimp', 'Microdata for Google Shopping', 'Nginx', 'Pinterest Conversion Tracking', 'Tailwind CSS', 'Thank You', 'Twitter Ads', 'UTF-8']"
hideawaystthomas.com,The Hideaway | Luxury Private Estate & Wedding Venue | St. Thomas USVI,The Hideaway,USA,77,120728,2026-09-26T17:03:40.621575065Z,"['AJAX Libraries API', 'Accordion Blocks', 'Adobe Creative Cloud WebFonts', 'Airbnb', 'Aruba', 'ArvanCloud', 'ElementUI', 'Express', 'FormSubmit', 'GZIP Module', 'Google', 'Google Analytics', 'Google Cloud DNS', 'Google Font API', 'Google My Business', 'Google Related Website Sites', 'Google Tag Manager', 'HubSpot Conversations', 'Hubspot', 'Instagram Follow Button', 'Line2', 'Magento Enterprise', 'Microdata for Google Shopping', 'Newsletter for Wordpress', 'Perl', 'Pico CSS', 'Pinterest Conversion Tracking', 'QUIC', 'SiteW', 'Squarespace', 'Tailwind CSS', 'The Fresh', 'UTF-8', 'Vimeo', 'WordPress SEO Structured Data Schema Plugin', 'YouTube', 'eLand', 'jQuery', 'jsDelivr']"
thetravelinglocals.com,Home | The Traveling Locals,,USA,72,112924,2026-09-26T16:40:59.807320629Z,"['Alternate Protocol', 'Amazon WAF Blocked', 'Apture Linking Platform', 'Cloudflare', 'Commoninja', 'Content Delivery Network', 'DC74', 'Express', 'Fastly', 'Fastly CDN', 'GZIP Module', 'Google Adsense', 'Google Funding Choices', 'Google Matched Content', 'Google Related Website Sites', 'Google Reseller', 'Instagram Follow Button', 'Microdata for Google Shopping', 'NFOrce Internet', 'On The Map', 'PWA', 'Pinterest Conversion Tracking', 'QUIC', 'SMC', 'Seflow Italy', 'Sentry', 'SiteW', 'Sitelinks Search Box', 'Twitter Ads', 'UTF-8', 'Vector Internet Services', 'Wix', 'Wix Media', 'YouTube', 'eLand', 'mlcom']"
daverandall.art,Home - Dave Randall Art,,GBR,77,95883,2026-09-26T16:19:32.301388997Z,"['AWS WAF Challenge', 'Alternate Protocol', 'Apture Linking Platform', 'Automattic', 'Cloudflare', 'Cloudflare CDN', 'Contact Form Plugin', 'Content Delivery Network', 'DAV', 'Elementor', 'EmbedPress', 'Express', 'Google', 'Google Analytics', 'Google Cloud CDN', 'Google Cloud DNS', 'Google Font API', 'Google My Business', 'Google Related Website Sites', 'Google Tag Manager', 'Instagram Follow Button', 'Jetpack', 'K2F', 'Microdata for Google Shopping', 'MonsterInsights', 'NFOrce Internet', 'Nginx', 'PHP', 'PayPal', 'Pinterest Conversion Tracking', 'QUIC', 'SMC', 'Slider Revolution', 'Telegram', 'Theme In WP', 'Twitter Ads', 'UTF-8', 'Way', 'Woo Themes', 'WooCommerce', 'WooCommerce Checkout', 'WooCommerce Payments', 'WooFramework', 'WordPress', 'WordPress Multisite', 'WordPress Stats', 'XTemos Studio', 'YouTube', 'jQuery']"
hellolunajoy.com,Online Therapy & Counseling For Women & Mental Health Services by LunaJoy,,,72,108409,2026-09-26T16:01:42.918234572Z,"['AWS WAF Challenge', 'Accordion Blocks', 'Accordion FAQ', 'Aruba', 'Cisco/Arrowpoint Content Service Switch', 'Express', 'FormSubmit', 'GZIP Module', 'Google Analytics', 'Google Tag Manager', 'Hotjar', 'Instagram Follow Button', 'LegitScript', 'Line2', 'Magento Enterprise', 'Microdata for Google Shopping', 'Oddle', 'Pinterest Conversion Tracking', 'Product Hunt', 'QUIC', 'SiteW', 'Squarespace', 'Twitter Ads', 'UTF-8', 'University or College', 'Vector Internet Services', 'WordPress SEO Structured Data Schema Plugin', 'eLand']"
eyelashlabco.com,Eyelash Manufacturer & Private Label Lash Factory | Eyelash Lab,,USA,77,81333,2026-09-26T15:48:39.86333931Z,"['Adobe Creative Cloud WebFonts', 'Aruba', 'Express', 'GZIP Module', 'Instagram Follow Button', 'Line2', 'Magento Enterprise', 'Microdata for Google Shopping', 'Pinterest Conversion Tracking', 'QUIC', 'SiteW', 'Squarespace', 'UTF-8', 'Vector Internet Services', 'WordPress SEO Structured Data Schema Plugin', 'eLand']"
healnaturally.com,Heal Naturally - Gwen Khanna Homeopathy In Boston MA,Heal Naturally,,82,43667,2026-09-26T15:17:05.941645631Z,"['AWS WAF Challenge', 'Adobe Creative Cloud WebFonts', 'Alternate Protocol', 'Cloudflare', 'Content Delivery Network', 'EmbedPress', 'Google Analytics', 'Google My Business', 'Google Tag Manager', 'Gravity', 'Gravity Forms', 'Instagram Follow Button', 'Klaviyo', 'Klaviyo for WordPress', 'Microdata for Google Shopping', 'PHP', 'Pinterest Conversion Tracking', 'Rally', 'Tailwind CSS', 'The Events Calendar', 'Theme In WP', 'UTF-8', 'Wangsu', 'WordPress', 'WordPress Multisite', 'jQuery']"
fibernests.com,Fiber Nest Garments LLC – Fiber Nest Garments LLC,,,55,221,2026-09-26T14:31:18.172234439Z,"['Alternate Protocol', 'Apture Linking Platform', 'Contact Form Plugin', 'Elementor', 'EmbedPress', 'Express', 'GZIP Module', 'Google', 'Google Cloud CDN', 'Google Cloud DNS', 'Google Font API', 'Google My Business', 'Google Play', 'Instagram Follow Button', 'LiteSpeed', 'MailChimp for WordPress', 'Microdata for Google Shopping', 'Nginx', 'PHP', 'PayPal', 'Pinterest Conversion Tracking', 'QUIC', 'Schema Plugin', 'TI WooCommerce Wishlist', 'Tailwind CSS', 'Theme In WP', 'UTF-8', 'User Registration for Wordpress', 'Woo Themes', 'WooCommerce', 'WooCommerce Checkout', 'WordPress', 'WordPress Multisite', 'YouTube', 'jQuery', 'reCAPTCHA']"
statusfinder.org,The Perfect Domestic Violence ADVOCATE TOOL - Find Statutes (laws) in seconds! ⏰,,,67,97434,2026-09-26T13:50:48.930421226Z,"['501c3 Status Nonprofit', 'App Store', 'Aruba', 'Elfsight', 'Express', 'Fastbots AI', 'Fireblade', 'GZIP Module', 'Google Analytics', 'Google My Business', 'Google Play', 'Google Tag Manager', 'Instagram Follow Button', 'Line2', 'Magento Enterprise', 'Metricool', 'Microdata for Google Shopping', 'Microsoft Clarity', 'Perl', 'Pinterest Conversion Tracking', 'QUIC', 'SiteW', 'Squarespace', 'Tailwind CSS', 'Twitter Ads', 'UTF-8', 'Vector Internet Services', 'WordPress SEO Structured Data Schema Plugin', 'YouTube', 'eLand']"
mod-re.com,Mid Century Modern Sacramento Homes,Mod Real Estate,USA,67,76732,2026-09-26T11:25:44.223161694Z,"['Adobe Creative Cloud WebFonts', 'Amazon Widgets', 'Aruba', 'DAV', 'Express', 'GZIP Module', 'Google Analytics', 'Google My Business', 'Google Tag Manager', 'Instagram Follow Button', 'Keller Williams Realty', 'Line2', 'Magento Enterprise', 'Microdata for Google Shopping', 'Modern', 'Newsletter for Wordpress', 'Pinterest Conversion Tracking', 'QUIC', 'SiteW', 'Squarespace', 'UTF-8', 'WordPress SEO Structured Data Schema Plugin', 'Yelp Badge', 'eLand']"
artdream.co.uk,Wall Art Decor That Transforms Your Space with Style,Art Dream,USA,92,4783,2026-09-26T09:34:09.564933526Z,"['Alternate Protocol', 'Amazon WAF Blocked', 'Apture Linking Platform', 'Astra Theme', 'Complianz', 'Customer Reviews for WooCommerce', 'ElementUI', 'Elementor', 'EmbedPress', 'Essential Addons for Elementor', 'Express', 'Facebook Conversion Tracking', 'Facebook Login', 'Facebook Messenger Platform', 'Facebook Pixel', 'Facebook Reseller', 'Facebook Tag API', 'Google Analytics', 'Google Conversion Tracking', 'Google Related Website Sites', 'Google Tag Manager', 'Instagram Follow Button', 'Lazy Load for WordPress', 'Microdata for Google Shopping', 'Microsoft Clarity', 'PHP', 'Perl', 'Pinterest Conversion Tracking', 'RocketCDN', 'Simple Banner for Wordpress', 'Stripe', 'To Top', 'Trustpilot Reviews for WordPress', 'Twitter Ads', 'Twitter Analytics', 'UTF-8', 'WP Rocket', 'Woo Themes', 'WooCommerce', 'WooCommerce Checkout', 'WooCommerce Pixel Manager by woopt', 'WordPress', 'WordPress Multisite', 'YouTube', 'jQuery']"
7marvels.co.uk,"Exceptional cakes for unique occasions, baked with love",7Marvels Ltd,GBR,67,2650,2026-09-26T08:59:23.357500124Z,"['Alternate Protocol', 'Apache', 'ArvanCloud', 'Contact Form Plugin', 'DuracellTomi Google Tag Manager for WordPress', 'EmbedPress', 'Express', 'Flatsome', 'GZIP Module', 'Google Analytics', 'Google My Business', 'Google No Site Links Search', 'Google Tag Manager', 'IcoMoon', 'Instagram Follow Button', 'Microdata for Google Shopping', 'PHP', 'Pagekit', 'Performance Lab', 'Pinterest Conversion Tracking', 'Smush Image Optimization', 'Tailwind CSS', 'The Events Calendar', 'Theme In WP', 'Twitter Ads', 'UTF-8', 'Woo Themes', 'WooCommerce', 'WooCommerce Checkout', 'WordPress', 'WordPress Multisite', 'jQuery', 'jsDelivr', 'reCAPTCHA']"
thedreamers21.com,The Dreamers 21,,GBR,55,1723,2026-09-26T08:25:05.490536513Z,"['Adobe Creative Cloud WebFonts', 'Alternate Protocol', 'Animate It', 'Apache', 'Elementor', 'EmbedPress', 'Fontello', 'GZIP Module', 'Google Cloud DNS', 'Google Font API', 'IcoMoon', 'Instagram Follow Button', 'Line2', 'PHP', 'Pinterest Conversion Tracking', 'QUIC', 'TI WooCommerce Wishlist', 'Theme In WP', 'Twitter Ads', 'UTF-8', 'Vector Internet Services', 'Woo Themes', 'WooCommerce', 'WooCommerce Checkout', 'WordPress', 'WordPress Multisite', 'eLand', 'jQuery']"
holyokeyouthfootball.org,HYF | Holyoke Youth Football,,,65,22180,2026-09-26T05:48:32.819786858Z,"['Add to Any', 'Alternate Protocol', 'Amazon Widgets', 'Automattic', 'Contact Form Plugin', 'EmbedPress', 'GoFundMe', 'Google Cloud DNS', 'Google Font API', 'Google Maps', 'Google Related Website Sites', 'Gutenberg', 'IcoMoon', 'Instagram Follow Button', 'Jetpack', 'Jetpack Site Accelerator', 'KVH', 'LeagueLineup', 'Login and Pay with Amazon', 'MailChimp for WordPress', 'Nginx', 'PHP', 'Pinterest Conversion Tracking', 'QUIC', 'Slider Revolution', 'Stripe', 'Theme In WP', 'Twitter Ads', 'UTF-8', 'WPBakery', 'Woo Themes', 'WooCommerce', 'WooCommerce Checkout', 'WooCommerce Payments', 'WordPress', 'WordPress Multisite', 'WordPress Stats', 'jQuery']"
ketonihaircare.com,Natural Hair Care Products | Ketoni Hair Care - Sulfate-Free Hair Growth Solutions,Ketoni Hair Care,CAN,87,24747,2026-09-26T03:40:16.211292976Z,"['AWS WAF Challenge', 'Alternate Protocol', 'Apture Linking Platform', 'Automattic', 'Cloudflare', 'Cloudflare CDN', 'Content Delivery Network', 'Customer Reviews for WooCommerce', 'Elementor', 'EmbedPress', 'Google', 'Google Analytics', 'Google My Business', 'Google Related Website Sites', 'Google Tag Manager', 'Instagram Follow Button', 'Jetpack', 'Klaviyo', 'Line2', 'LiteSpeed', 'Microdata for Google Shopping', 'NFOrce Internet', 'PHP', 'Pinterest Conversion Tracking', 'QUIC', 'UTF-8', 'Woo Themes', 'WordPress', 'WordPress Multisite', 'WordPress Stats', 'jQuery', 'reCAPTCHA']"
thebrightonflorist.com,The Brighton Florist - The Brighton Florist,The Brighton Florist,GBR,92,4063,2026-09-26T03:27:51.20549598Z,"['Alternate Protocol', 'Automattic', 'ByteDance', 'CDN JS', 'Cloudflare', 'Cloudflare CDN', 'Coming Soon Page', 'EmbedPress', 'Express', 'Google Related Website Sites', 'Gutenberg', 'Instagram Follow Button', 'Jetpack', 'Jetpack Site Accelerator', 'Microdata for Google Shopping', 'Nginx', 'Oracle Cloud', 'Organic Themes', 'PHP', 'Perl', 'Pinterest Conversion Tracking', 'QUIC', 'Simple Banner for Wordpress', 'Theme In WP', 'TikTok Conversion Tracking Pixel', 'UTF-8', 'Woo Themes', 'WooCommerce', 'WooCommerce Checkout', 'WooCommerce Payments', 'WordPress', 'WordPress Multisite', 'WordPress Stats', 'jQuery']"
blacktuskcreative.com,Creative strategy and design | Black Tusk Creative,Black Tusk Creative,,82,87828,2026-09-26T03:13:05.718353669Z,"['Alternate Protocol', 'Amazon WAF Blocked', 'Apture Linking Platform', 'Cloudflare', 'Content Delivery Network', 'Fastly', 'Fastly CDN', 'GZIP Module', 'Google Related Website Sites', 'Instagram Follow Button', 'Microdata for Google Shopping', 'NFOrce Internet', 'PWA', 'Pinterest Conversion Tracking', 'QUIC', 'SMC', 'Sentry', 'SiteW', 'Sitelinks Search Box', 'Thank You', 'UTF-8', 'Vector Internet Services', 'Wix', 'Wix Media', 'eLand', 'mlcom']"
inharmony.com,In Harmony: Seattle Sustainable Landscape Company,In Harmony Sustainable Landscapes,FRA,77,9254,2026-09-26T01:33:47.273194281Z,"['Alternate Protocol', 'Angies List', 'Apture Linking Platform', 'Divi', 'Elegant Themes', 'EmbedPress', 'Facebook Conversion Tracking', 'Facebook Login', 'Facebook Messenger Platform', 'Facebook Pixel', 'Facebook Reseller', 'Facebook Tag API', 'Font Awesome', 'FreeCSSTemplates', 'GZIP Module', 'Google', 'Google Analytics', 'Google Cloud CDN', 'Google Cloud DNS', 'Google Font API', 'Google Tag Manager', 'Instagram Follow Button', 'Jetpack', 'Microdata for Google Shopping', 'Nginx', 'PHP', 'Pinterest Conversion Tracking', 'QUIC', 'Slider Revolution', 'Strong Testimonials', 'TablePress', 'Thank You', 'The Deck', 'Theme In WP', 'UTF-8', 'WP Video Lightbox', 'Woo Themes', 'WordPress', 'WordPress Multisite', 'WordPress Stats', 'YouTube', 'eLand', 'jQuery']"
trimurtiprojectengineers.com,Home - Trimurti Project Engineers,Trimurti Project Engineers,IND,77,783142,2026-09-26T00:35:14.632600301Z,"['AB Tasty', 'ADFOX', 'AJAX Libraries API', 'AWS WAF Challenge', 'Active Campaign', 'AdRoll', 'AddThis for Wordpress', 'Adobe Analytics', 'Adobe Marketing Cloud', 'Alibaba Cloud CDN', 'Alternate Protocol', 'Amazon Associates Affiliate Shop', 'Amazon WAF Blocked', 'Amplitude', 'AppNexus Direct', 'Astra Theme', 'Authorize.net', 'Automattic', 'Bing Cashback', 'Bing Conversion Tracking', 'Braintree', 'Brevo', 'Brightcove', 'Bunny Fonts', 'BunnyCDN General', 'ByteDance', 'CDN JS', 'CDN77 Hosted', 'Calendly', 'Cart.com', 'Chartbeat', 'Clicky', 'Cloudflare', 'Cloudflare CDN', 'Cloudflare Web Analytics', 'ConvertKit', 'CrazyEgg', 'Crisp', 'Criteo', 'Criteo Reseller', 'DailyMotion Video', 'Disqus Comment System for WordPress', 'DoubleClick Bid Manager', 'Drift', 'ElementUI', 'Elementor', 'EmbedPress', 'Engage', 'Essential Addons for Elementor', 'Facebook Embedded Posts', 'Facebook Reseller', 'Firebase', 'Font Awesome', 'Freshworks Bot', 'Giphy', 'Google', 'Google Adsense', 'Google Analytics', 'Google Cloud CDN', 'Google Cloud DNS', 'Google Font API', 'Google Maps', 'Google Matched Content', 'Google My Business', 'Google Pay', 'Google Reseller', 'Google Tag Manager', 'Heap', 'Help Scout', 'Hubspot', 'Impact', 'Infolinks', 'Inspectlet', 'Instagram Follow Button', 'Intercom', 'Iubenda', 'JW Player Platform', 'Jetpack', 'JotForm', 'Kinsta', 'Klaviyo', 'LiveChat', 'LiveChat Monitoring', 'MailChimp', 'MailerLite', 'Marketo', 'Matomo', 'Media.net', 'Media.net Reseller', 'Mediavine Publisher', 'Microdata for Google Shopping', 'Microsoft Clarity', 'Mixpanel', 'Mouseflow', 'NFOrce Internet', 'New Relic', 'NitroPack', 'Olark', 'On The Map', 'OpenX Direct', 'OptiMole', 'Optimizely Recommendations', 'Outbrain Direct', 'PHP', 'Pardot', 'Parse.ly', 'PayPal Adaptive Payments', 'Pinterest Conversion Tracking', 'Piwik PRO', 'Plausible Analytics', 'PubMatic Direct', 'Pubmatic', 'PushEngage', 'QUIC', 'Quantcast Direct', 'RM Education', 'Recart', 'RocketCDN', 'Rumble Player', 'Seflow Italy', 'Segment', 'ShareThis', 'Sign In With Google', 'Square', 'Squarespace Online Appointment Scheduling', 'StatCounter', 'Statically', 'Stripe', 'Sumo', 'Swell Rewards', 'Taboola Direct', 'Taboola Reseller', 'Tealium', 'Theme In WP', 'Thrive Direct', 'Twitch', 'Twitter Ads', 'Twitter Analytics', 'Typeform', 'UTF-8', 'VigLink', 'Vimeo', 'Vine Embed', 'Visual Website Optimizer', 'Way', 'Wistia', 'Woo Themes', 'Woopra', 'WordPress', 'WordPress Multisite', 'WordPress Related Posts', 'Yandex Hosting', 'Yotpo', 'YouTube', 'comScore', 'jQuery', 'jsDelivr', 'reCAPTCHA']"
violeta-ink.com,Violeta Ink,,USA,72,82219,2026-09-26T00:25:32.472842743Z,"['AJAX Libraries API', 'Affiliatly', 'Alternate Protocol', 'Aruba', 'Coming Soon Page', 'Express', 'Facebook Conversion Tracking', 'Facebook Login', 'Facebook Messenger Platform', 'Facebook Pixel', 'Facebook Reseller', 'Facebook Tag API', 'GZIP Module', 'Google Analytics', 'Google Cloud DNS', 'Google Tag Manager', 'IcoMoon', 'Instagram Follow Button', 'Line2', 'Magento Enterprise', 'Microdata for Google Shopping', 'Newsletter for Wordpress', 'Pico CSS', 'Pinterest Conversion Tracking', 'QUIC', 'SiteW', 'Squarespace', 'UTF-8', 'Vector Internet Services', 'WordPress SEO Structured Data Schema Plugin', 'YouTube', 'eLand', 'jQuery']"
tisanes.ca,Herbal Tea Blends In Canada | Tisanes Canada,Tisanes Canada,,67,3645,2026-09-25T23:32:01.073737412Z,"['Alternate Protocol', 'Contact Form Plugin', 'Elementor', 'EmbedPress', 'Google', 'Google Analytics', 'Google Cloud DNS', 'Google Font API', 'Google Related Website Sites', 'Google Tag Manager', 'Header, Footer and Blocks for Elementor', 'Instagram Follow Button', 'LiteSpeed', 'Microdata for Google Shopping', 'PHP', 'Pinterest Conversion Tracking', 'Polylang', 'QUIC', 'Slider Revolution', 'Tailwind CSS', 'Theme In WP', 'UTF-8', 'Woo Themes', 'WooCommerce', 'WooCommerce Checkout', 'WooCommerce Payments', 'WordPress', 'WordPress Multisite', 'YouTube', 'jQuery']"
coolradiatorscovered.com,Cool Radiators? It's Covered!,Jason Muteham,,62,1933,2026-09-25T20:06:01.421926704Z,"['Adobe Creative Cloud WebFonts', 'Alternate Protocol', 'Aruba', 'Express', 'GZIP Module', 'Google Related Website Sites', 'Line2', 'Microdata for Google Shopping', 'Pinterest Conversion Tracking', 'QUIC', 'Squarespace', 'UTF-8', 'WordPress SEO Structured Data Schema Plugin', 'eLand']"
sayerautos.co.uk,Sayer Autos - Car Servicing & Repairs In Dereham,Sayer Autos,USA,87,782627,2026-09-25T19:15:46.691892791Z,"['AB Tasty', 'ADFOX', 'AJAX Libraries API', 'AWS WAF Challenge', 'Active Campaign', 'AdRoll', 'AddThis for Wordpress', 'Adobe Analytics', 'Adobe Marketing Cloud', 'Alternate Protocol', 'Amazon Associates Affiliate Shop', 'Amazon WAF Blocked', 'Amplitude', 'AppNexus Direct', 'Astra Theme', 'Authorize.net', 'Automattic', 'Bing Cashback', 'Bing Conversion Tracking', 'Braintree', 'Brevo', 'Brightcove', 'Bunny Fonts', 'BunnyCDN General', 'ByteDance', 'CDN JS', 'CDN77 Hosted', 'Calendly', 'Cart.com', 'Chartbeat', 'Clicky', 'Cloudflare', 'Cloudflare CDN', 'Cloudflare Web Analytics', 'ConvertKit', 'CrazyEgg', 'Crisp', 'Criteo', 'Criteo Reseller', 'DailyMotion Video', 'Disqus Comment System for WordPress', 'DoubleClick Bid Manager', 'Drift', 'ElementUI', 'Elementor', 'ElementsKit Elementor', 'EmbedPress', 'Engage', 'Facebook Embedded Posts', 'Facebook Reseller', 'Firebase', 'Font Awesome', 'Freshworks Bot', 'GZIP Module', 'Giphy', 'Google', 'Google Adsense', 'Google Analytics', 'Google Cloud CDN', 'Google Cloud DNS', 'Google Font API', 'Google Maps', 'Google Matched Content', 'Google My Business', 'Google Pay', 'Google Reseller', 'Google Tag Manager', 'Google Workspace', 'Heap', 'Help Scout', 'Hubspot', 'Impact', 'Infolinks', 'Inspectlet', 'Instagram Follow Button', 'Intercom', 'Iubenda', 'JW Player Platform', 'Jetpack', 'JotForm', 'Kinsta', 'Klaviyo', 'LiteSpeed', 'LiveChat', 'LiveChat Monitoring', 'MailChimp', 'MailerLite', 'Marketo', 'Matomo', 'Media.net', 'Media.net Reseller', 'Mediavine Publisher', 'Microdata for Google Shopping', 'Microsoft Clarity', 'Mixpanel', 'Mouseflow', 'New Relic', 'NitroPack', 'Ntent', 'Olark', 'On The Map', 'OpenX Direct', 'OptiMole', 'Optimizely Recommendations', 'Outbrain Direct', 'PHP', 'Pardot', 'Parse.ly', 'PayPal Adaptive Payments', 'Pinterest Conversion Tracking', 'Piwik PRO', 'Plausible Analytics', 'PubMatic Direct', 'Pubmatic', 'PushEngage', 'QUIC', 'Quantcast Direct', 'RM Education', 'Recart', 'RocketCDN', 'Rumble Player', 'Seflow Italy', 'Segment', 'ShareThis', 'Sign In With Google', 'Square', 'Squarespace Online Appointment Scheduling', 'StatCounter', 'Statically', 'Stripe', 'Sumo', 'Swell Rewards', 'Table Addons for Elementor', 'Taboola Direct', 'Taboola Reseller', 'Tealium', 'Thank You', 'Theme In WP', 'Thrive Direct', 'TrustIndex', 'Twitch', 'Twitter Ads', 'Twitter Analytics', 'Typeform', 'UTF-8', 'VigLink', 'Vimeo', 'Vine Embed', 'Visual Website Optimizer', 'Way', 'Wistia', 'Woo Themes', 'Woopra', 'WordPress', 'WordPress Multisite', 'WordPress Related Posts', 'Yandex Hosting', 'Yotpo', 'YouTube', 'comScore', 'jQuery', 'jsDelivr', 'reCAPTCHA']"
allthingsdressy.com,All Things Dressy,All Things Dressy,LBR,67,79773,2026-09-25T16:21:04.269364381Z,"['Adobe Creative Cloud WebFonts', 'Alternate Protocol', 'Aruba', 'Express', 'GZIP Module', 'Google', 'Google Analytics', 'Google Cloud DNS', 'Google Cloud Storage', 'Google Font API', 'Google Tag Manager', 'Instagram Follow Button', 'Line2', 'Magento Enterprise', 'Microdata for Google Shopping', 'Pinterest Conversion Tracking', 'QUIC', 'SiteW', 'Squarespace', 'Twitter Ads', 'UTF-8', 'WordPress SEO Structured Data Schema Plugin', 'eLand']"
parkatthehill.com,Park at The Hill | Live BH,,USA,77,61024,2026-09-25T14:56:59.889121678Z,"['Alternate Protocol', 'Amazon S3 CDN', 'Better Lead Generation Services', 'Cornerstone', 'Divi', 'Elegant Themes', 'EmbedPress', 'Express', 'Fireblade', 'GZIP Module', 'Google', 'Google Analytics', 'Google Cloud CDN', 'Google Cloud DNS', 'Google Font API', 'Google My Business', 'Google Tag Manager', 'Gravity', 'Gravity Forms', 'HandL UTM Grabber', 'Instagram Follow Button', 'Microdata for Google Shopping', 'PHP', 'Perl', 'Pinterest Conversion Tracking', 'QUIC', 'RealPage', 'Storyblocks', 'Tailwind CSS', 'Theme In WP', 'UTF-8', 'WebToffee GDPR Plugin', 'WordPress', 'WordPress Multisite', 'accessiBe', 'eLand', 'jQuery', 'reCAPTCHA']"
viaandres.nl,Via Andres,,,62,5560,2026-09-25T10:28:00.838223655Z,"['AJAX Libraries API', 'Amazon', 'Amazon CloudFront', 'CloudFront', 'Cloudflare', 'Content Delivery Network', 'GZIP Module', 'Google', 'Google Analytics', 'Google Cloud DNS', 'Google Font API', 'Google My Business', 'Google Related Website Sites', 'Google Tag Manager', 'Instagram Follow Button', 'Pinterest Conversion Tracking', 'Tailwind CSS', 'UTF-8', 'WF Cookie Consent']"
wisdomchroniclespublishing.com,Blue Egg Leadership | Leadership Coaching and Consulting,,,77,109680,2026-09-25T08:51:10.079738626Z,"['34SP.com', 'AWS WAF Challenge', 'Active Campaign', 'Alternate Protocol', 'Amazon WAF Blocked', 'Apture Linking Platform', 'Calendly', 'Cloudflare', 'Content Delivery Network', 'DAV', 'DC74', 'Fastly', 'Fastly CDN', 'GZIP Module', 'GitHub Hosting', 'Google Analytics', 'Google Related Website Sites', 'Google Tag Manager', 'Instagram Follow Button', 'Microdata for Google Shopping', 'NFOrce Internet', 'PWA', 'Pinterest Conversion Tracking', 'QUIC', 'SMC', 'Sentry', 'SiteW', 'Tailwind CSS', 'Twitter Ads', 'UTF-8', 'Vector Internet Services', 'Wix', 'Wix Media', 'YouTube', 'eLand', 'mlcom']"
sassysistas.com.au,Sassy Sistas,,USA,75,102860,2026-09-25T08:46:54.520724487Z,"['Adobe Creative Cloud WebFonts', 'Aruba', 'Express', 'Facebook Login', 'Facebook Messenger Platform', 'Facebook Pixel', 'Facebook Reseller', 'Facebook Tag API', 'GZIP Module', 'Google Analytics', 'Google Related Website Sites', 'Google Tag Manager', 'IcoMoon', 'Instagram Follow Button', 'Line2', 'M247', 'Magento Enterprise', 'MailChimp', 'Microdata for Google Shopping', 'Newsletter for Wordpress', 'Pico CSS', 'Pinterest Conversion Tracking', 'QUIC', 'SiteW', 'Squarespace', 'Thank You', 'UTF-8', 'Vector Internet Services', 'WordPress SEO Structured Data Schema Plugin', 'eLand']"
vertiplants.com,Verti Copenhagen • Plant Wall Pots for Indoor & Outdoor,Verti Copenhagen,,67,13664,2026-09-25T08:39:27.385409719Z,"['AJAX Libraries API', 'Alternate Protocol', 'BLR', 'Content Delivery Network', 'Cookie Accept', 'Divi', 'Elegant Themes', 'ElementUI', 'EmbedPress', 'Facebook Conversion Tracking', 'Facebook Login', 'Facebook Messenger Platform', 'Facebook Pixel', 'Facebook Reseller', 'Facebook Tag API', 'Font Awesome', 'Google', 'Google Analytics', 'Google Cloud CDN', 'Google Cloud DNS', 'Google Related Website Sites', 'Google Tag Manager', 'Instagram Follow Button', 'LiteSpeed', 'Microdata for Google Shopping', 'Pinterest Conversion Tracking', 'Tumblr', 'UTF-8', 'WPML Multilingual', 'Woo Themes', 'WordPress', 'WordPress Multisite', 'YouTube', 'jQuery']"
comealivestudio.com,Come Alive Studio,,FRA,87,4273,2026-09-25T07:50:24.787993533Z,"['Alternate Protocol', 'Aruba', 'Express', 'Fastly', 'GZIP Module', 'Google Related Website Sites', 'Line2', 'Microdata for Google Shopping', 'Pinterest Conversion Tracking', 'Privy', 'QUIC', 'Squarespace', 'UTF-8', 'WordPress SEO Structured Data Schema Plugin', 'eLand']"
y2kjewelers.com,Y2K Jewelers | Engagement ring and luxury gemstone jewelerY2K Jewelers,Y2K Jewelers,SYC,92,132161,2026-09-25T07:21:13.420985598Z,"['Aruba', 'Better Lead Generation Services', 'Express', 'Facebook Login', 'Facebook Messenger Platform', 'Facebook Pixel', 'Facebook Reseller', 'Facebook Tag API', 'GZIP Module', 'Google Related Website Sites', 'IcoMoon', 'Instagram Follow Button', 'Line2', 'Magento Enterprise', 'Microdata for Google Shopping', 'Pinterest Conversion Tracking', 'QUIC', 'SMC', 'SiteW', 'Squarespace', 'Twitter Ads', 'UTF-8', 'Vector Internet Services', 'WordPress SEO Structured Data Schema Plugin', 'Yelp Badge', 'eLand']"
wineweather.co,wine weather ® | Discover Cozy Wine Apparel – Shop Now,,,72,81897,2026-09-25T05:14:00.997901405Z,"['Adobe Creative Cloud WebFonts', 'Aruba', 'Express', 'FormSubmit', 'GZIP Module', 'IcoMoon', 'Instagram Follow Button', 'Line2', 'Magento Enterprise', 'Microdata for Google Shopping', 'Pinterest Conversion Tracking', 'QUIC', 'SiteW', 'Squarespace', 'Tailwind CSS', 'UTF-8', 'Vector Internet Services', 'WordPress SEO Structured Data Schema Plugin', 'eLand']"
soniakapasi.com,"Unlock your subconscious! Sonia Kapasi - Spiritual Coach, Past Life Regressionist trained by Dr Brian Weiss, Clinical Hypnotist, Reiki master, and Intuitive Energy Therapist",,CAN,82,4106,2026-09-25T05:11:54.710836359Z,"['Alternate Protocol', 'Apache', 'Apture Linking Platform', 'CDN JS', 'Cloudflare', 'Cloudflare CDN', 'Contact Form Plugin', 'DoubleClick Bid Manager', 'EmbedPress', 'Express', 'GZIP Module', 'Google', 'Google Analytics', 'Google Cloud DNS', 'Google Font API', 'Google Related Website Sites', 'Google Tag Manager', 'Gravity Forms', 'Instagram Feed for WordPress', 'Instagram Follow Button', 'LiteSpeed', 'Microdata for Google Shopping', 'Microsoft Clarity', 'PHP', 'Perl', 'Pinterest Conversion Tracking', 'QUIC', 'Share Link', 'Tailwind CSS', 'Theme In WP', 'UTF-8', 'Vimeo', 'WPForms', 'WordPress', 'WordPress Multisite', 'YouTube', 'jQuery']"
culturebasics.com,Coming soon | Culture Basics,,,35,177,2026-09-25T04:09:05.052943459Z,"['Alternate Protocol', 'Coming Soon Page', 'Express', 'Google', 'Google Cloud DNS', 'Google Font API', 'Instagram Follow Button', 'Pinterest Conversion Tracking', 'QUIC', 'Thank You', 'Twitter Ads', 'Unsplash', 'Zyro']"
lamb.photography,Lamb Photography | Capture Your Story,,,67,81432,2026-09-25T03:56:12.393811058Z,"['Adobe Creative Cloud WebFonts', 'Apture Linking Platform', 'Aruba', 'Express', 'GZIP Module', 'Instagram Follow Button', 'Line2', 'Magento Enterprise', 'Microdata for Google Shopping', 'Newsletter for Wordpress', 'Pico CSS', 'Pinterest Conversion Tracking', 'QUIC', 'SiteW', 'Squarespace', 'UTF-8', 'Vector Internet Services', 'WordPress SEO Structured Data Schema Plugin', 'eLand']"
houseofgibson.com,"HOUSE of GIBSON | Fine Art, Design, Leather Bag | Stratford, Ontario, Canada",,GBR,77,3709,2026-09-25T02:56:33.537843575Z,"['Adobe Creative Cloud WebFonts', 'Alternate Protocol', 'Automattic', 'Content Delivery Network', 'Elementor', 'EmbedPress', 'Google Analytics', 'Google My Business', 'Google Related Website Sites', 'Google Tag Manager', 'Hello Elementor', 'IcoMoon', 'Instagram Follow Button', 'Jetpack', 'Microdata for Google Shopping', 'Nginx', 'PHP', 'Pinterest Conversion Tracking', 'QUIC', 'Sitelinks Search Box', 'SmartCrawl', 'Theme In WP', 'UTF-8', 'Woo Themes', 'WooCommerce', 'WooCommerce Checkout', 'WordPress', 'WordPress Multisite', 'WordPress Stats', 'YouTube', 'jQuery', 'reCAPTCHA']"
knappdesignco.com,Knapp Design Co. - Luxury Wedding Invitations,,,62,2548,2026-09-25T01:46:21.540316345Z,"['AJAX Libraries API', 'Adobe Creative Cloud WebFonts', 'Apture Linking Platform', 'CDN JS', 'Cloudflare', 'Cloudflare CDN', 'Content Delivery Network', 'Etsy', 'Facebook Login', 'Facebook Messenger Platform', 'Facebook Reseller', 'GZIP Module', 'Google Analytics', 'Google Cloud DNS', 'Google Tag Manager', 'Instagram Follow Button', 'Nginx', 'Pinterest Conversion Tracking', 'Shopify', 'UTF-8', 'WP Engine', 'YouTube', 'jQuery']"
alixgindre.com,Alix Gindre | Contemporary Figurative Artist & Illustrator,,,72,76441,2026-09-25T01:22:58.847010096Z,"['Aruba', 'Express', 'GZIP Module', 'IcoMoon', 'Instagram Follow Button', 'Line2', 'Magento Enterprise', 'Microdata for Google Shopping', 'Pinterest Conversion Tracking', 'QUIC', 'SiteW', 'Squarespace', 'UTF-8', 'WordPress SEO Structured Data Schema Plugin', 'eLand']"
christinetustin.com,Christine Tustin Photography,,DEU,57,6141,2026-09-24T23:32:08.295143059Z,"['Adobe Creative Cloud WebFonts', 'Aruba', 'Express', 'Facebook Conversion Tracking', 'Facebook Login', 'Facebook Messenger Platform', 'Facebook Pixel', 'Facebook Reseller', 'Facebook Tag API', 'Fastly', 'GZIP Module', 'Google Analytics', 'Google Related Website Sites', 'Google Tag Manager', 'INETu', 'Instagram Follow Button', 'Line2', 'Microdata for Google Shopping', 'Pinterest Conversion Tracking', 'QUIC', 'Squarespace', 'UTF-8', 'WordPress SEO Structured Data Schema Plugin', 'eLand']"
farewellstudio.com.au,Order of Service Booklets & Funeral Stationery Australia | The Farewell Studio,Farewell Studio,AUS,87,76801,2026-09-24T22:40:49.507990066Z,"['Adobe Creative Cloud WebFonts', 'Aruba', 'Express', 'Facebook Login', 'Facebook Messenger Platform', 'Facebook Pixel', 'Facebook Reseller', 'Facebook Tag API', 'GZIP Module', 'IcoMoon', 'Instagram Follow Button', 'Line2', 'Magento Enterprise', 'Microdata for Google Shopping', 'Pinterest Conversion Tracking', 'QUIC', 'SiteW', 'Squarespace', 'UTF-8', 'WordPress SEO Structured Data Schema Plugin', 'eLand']"
amandajamesbridal.com,AMANDA JAMES,Amanda James,USA,67,3653,2026-09-24T22:27:36.748385464Z,"['AJAX Libraries API', 'Adobe Creative Cloud WebFonts', 'Alternate Protocol', 'Amazon', 'Aruba', 'Express', 'Facebook Login', 'Facebook Messenger Platform', 'Facebook Pixel', 'Facebook Reseller', 'Facebook Tag API', 'GZIP Module', 'Google Analytics', 'Google Cloud DNS', 'Google Tag Manager', 'Instagram Follow Button', 'Line2', 'Microdata for Google Shopping', 'Pinterest Conversion Tracking', 'QUIC', 'Squarespace', 'UTF-8', 'WordPress SEO Structured Data Schema Plugin', 'eLand', 'jQuery']"
getouttoronto.com,Get Out Toronto | Local Travel,,USA,82,90141,2026-09-24T21:51:20.399083669Z,"['Alternate Protocol', 'Amazon WAF Blocked', 'Apture Linking Platform', 'Cloudflare', 'Content Delivery Network', 'DAV', 'Express', 'Fastly', 'Fastly CDN', 'GZIP Module', 'Google Customer Reviews', 'Google My Business', 'Google Related Website Sites', 'Instagram Follow Button', 'Microdata for Google Shopping', 'NFOrce Internet', 'PWA', 'Perl', 'Pinterest Conversion Tracking', 'QUIC', 'SMC', 'Seflow Italy', 'Sentry', 'SiteW', 'Thank You', 'UTF-8', 'Vector Internet Services', 'WP Booking Calendar', 'Wix', 'Wix Media', 'eLand', 'mlcom']"
carlacontreras.com,Carla Contreras - Food Creative. Substack Strategist. Podcast Host,,,67,18697,2026-09-24T20:18:33.168492747Z,"['AWS WAF Challenge', 'Adobe Creative Cloud WebFonts', 'Alternate Protocol', 'Aruba', 'Express', 'FormSubmit', 'GZIP Module', 'Instagram Follow Button', 'Kajabi', 'Line2', 'Microdata for Google Shopping', 'Pinterest Conversion Tracking', 'QUIC', 'Squarespace', 'UTF-8', 'WordPress SEO Structured Data Schema Plugin', 'eLand']"
salayidesigns.com,Salayi Designs,Salayi Designs,,67,81900,2026-09-24T20:18:33.166375787Z,"['Adobe Creative Cloud WebFonts', 'Aruba', 'Express', 'GZIP Module', 'Google Analytics', 'Google Tag Manager', 'IcoMoon', 'Instagram Follow Button', 'Line2', 'Magento Enterprise', 'Microdata for Google Shopping', 'Newsletter for Wordpress', 'Pico CSS', 'Pinterest Conversion Tracking', 'QUIC', 'SiteW', 'Squarespace', 'UTF-8', 'Vector Internet Services', 'WordPress SEO Structured Data Schema Plugin', 'eLand']"
miamiflyingdress.com,"Hi Flying Dress USA Rental, Sales and Maui Photoshoots",Hi Flying Dress,USA,87,101801,2026-09-24T20:18:33.164515935Z,"['Adobe Creative Cloud WebFonts', 'Apture Linking Platform', 'Aruba', 'Contento', 'Express', 'Facebook Login', 'Facebook Messenger Platform', 'Facebook Pixel', 'Facebook Reseller', 'Facebook Tag API', 'GZIP Module', 'Google Analytics', 'Google Tag Manager', 'IcoMoon', 'Instagram Follow Button', 'Line2', 'Magento Enterprise', 'Microdata for Google Shopping', 'Pinterest Conversion Tracking', 'QUIC', 'SiteW', 'Squarespace', 'UTF-8', 'WordPress SEO Structured Data Schema Plugin', 'eLand']"
jarkisarkifi.com,Järki Särki,,FIN,65,46013,2026-09-24T19:28:37.865805144Z,"['Adobe Creative Cloud WebFonts', 'Alternate Protocol', 'Cloudflare', 'Cloudflare CDN', 'Content Delivery Network', 'Express', 'Facebook Conversion Tracking', 'Facebook Login', 'Facebook Messenger Platform', 'Facebook Pixel', 'Facebook Reseller', 'Facebook Tag API', 'Fireblade', 'Instagram Follow Button', 'Line2', 'Microdata for Google Shopping', 'Perl', 'Pinterest Conversion Tracking', 'QUIC', 'Squarespace', 'Tailwind CSS', 'The Fresh', 'Twitter Ads', 'UTF-8', 'WordPress SEO Structured Data Schema Plugin']"
seumanto.com.br,Camisas De Futebol | www.seumanto.com.br,Seu Manto,BRA,87,121329,2026-09-24T18:12:48.17044945Z,"['Alternate Protocol', 'Amazon WAF Blocked', 'Apture Linking Platform', 'Content Delivery Network', 'DAV', 'DC74', 'Express', 'Fastly', 'Fastly CDN', 'GZIP Module', 'Google Analytics', 'Google Related Website Sites', 'Google Tag Manager', 'Instagram Follow Button', 'K2F', 'Microdata for Google Shopping', 'NFOrce Internet', 'PWA', 'Perl', 'Pinterest Conversion Tracking', 'QUIC', 'SMC', 'Seflow Italy', 'Sentry', 'SiteW', 'Sitelinks Search Box', 'Social Intents', 'Subversion', 'Thank You', 'UTF-8', 'Vector Internet Services', 'WP Booking Calendar', 'Wix', 'Wix Media', 'eLand', 'mlcom']"
ladybossstudio.com,Lady Boss Studio | WordPress Website Templates,Lady Boss Studio,,72,53496,2026-09-24T17:06:44.00455154Z,"['Alternate Protocol', 'Cloudflare', 'Content Delivery Network', 'Deadline Funnel', 'Elementor', 'EmbedPress', 'Google Analytics', 'Google My Business', 'Google Related Website Sites', 'Google Tag Manager', 'Hello Elementor', 'Instagram Feed for WordPress', 'Instagram Follow Button', 'Linktree', 'Microdata for Google Shopping', 'PHP', 'Perl', 'Pico CSS', 'Pinterest Conversion Tracking', 'PixelYourSite', 'QUIC', 'SMC', 'Table Addons for Elementor', 'Theme In WP', 'UTF-8', 'WordPress', 'WordPress Multisite', 'YouTube', 'jQuery', 'reCAPTCHA']"
carshippingtospain.com,Car Transport UK to Spain | Car Shipping to Spain,Car Shipping To Spain,GIB,77,797012,2026-09-24T16:31:13.607231999Z,"['AB Tasty', 'ADFOX', 'AJAX Libraries API', 'AWS WAF Challenge', 'Active Campaign', 'AdRoll', 'AddThis for Wordpress', 'Adobe Analytics', 'Adobe Marketing Cloud', 'Alternate Protocol', 'Amazon Associates Affiliate Shop', 'Amazon WAF Blocked', 'Amplitude', 'AppNexus Direct', 'Astra Theme', 'Authorize.net', 'Automattic', 'Better Lead Generation Services', 'Bing Cashback', 'Bing Conversion Tracking', 'Braintree', 'Brevo', 'Brightcove', 'Bunny Fonts', 'BunnyCDN General', 'ByteDance', 'CDN JS', 'CDN77 Hosted', 'Calendly', 'Cart.com', 'Chartbeat', 'Clicky', 'Cloudflare', 'Cloudflare CDN', 'Cloudflare Web Analytics', 'Contact Form Plugin', 'ConvertKit', 'CrazyEgg', 'Crisp', 'Criteo', 'Criteo Reseller', 'DailyMotion Video', 'Disqus Comment System for WordPress', 'DoubleClick Bid Manager', 'Drift', 'ElementUI', 'Elementor', 'EmbedPress', 'Engage', 'Facebook Embedded Posts', 'Facebook Reseller', 'Firebase', 'Fireblade', 'Font Awesome', 'Freshworks Bot', 'GZIP Module', 'Giphy', 'Google', 'Google Adsense', 'Google Analytics', 'Google Cloud CDN', 'Google Cloud DNS', 'Google Font API', 'Google Maps', 'Google Matched Content', 'Google My Business', 'Google Pay', 'Google Related Website Sites', 'Google Reseller', 'Google Tag Manager', 'Heap', 'Help Scout', 'Hubspot', 'Impact', 'Infolinks', 'Inspectlet', 'Instagram Follow Button', 'Intercom', 'JW Player Platform', 'Jetpack', 'JotForm', 'Kinsta', 'Klaviyo', 'LiveChat', 'LiveChat Monitoring', 'MailChimp', 'MailerLite', 'Marketo', 'Matomo', 'Media.net', 'Media.net Reseller', 'Mediavine Publisher', 'Microdata for Google Shopping', 'Microsoft Clarity', 'Mixpanel', 'Mouseflow', 'New Relic', 'Nginx', 'NitroPack', 'Olark', 'On The Map', 'OpenX Direct', 'OptiMole', 'Optimizely Recommendations', 'Outbrain Direct', 'PHP', 'Pardot', 'Parse.ly', 'PayPal Adaptive Payments', 'Pinterest Conversion Tracking', 'Piwik PRO', 'Plausible Analytics', 'PubMatic Direct', 'Pubmatic', 'PushEngage', 'QUIC', 'Quantcast Direct', 'RM Education', 'Recart', 'RocketCDN', 'Rumble Player', 'Seflow Italy', 'Segment', 'ShareThis', 'Sign In With Google', 'Square', 'Squarespace Online Appointment Scheduling', 'StatCounter', 'Statically', 'Stripe', 'Sumo', 'Swell Rewards', 'Table Addons for Elementor', 'Taboola Direct', 'Taboola Reseller', 'Tealium', 'Theme In WP', 'Thrive Direct', 'Twitch', 'Twitter Ads', 'Twitter Analytics', 'Typeform', 'UTF-8', 'VigLink', 'Vimeo', 'Vine Embed', 'Visual Website Optimizer', 'Way', 'Wistia', 'Woo Themes', 'Woopra', 'WordPress', 'WordPress Multisite', 'WordPress Related Posts', 'Yandex Hosting', 'Yotpo', 'YouTube', 'comScore', 'jQuery', 'jsDelivr', 'reCAPTCHA']"
designerspec.co.uk,Design Spec | Leading Architectural Desinger,Design Spec Ltd.,GBR,77,107930,2026-09-24T16:22:26.706424388Z,"['123FormBuilder', 'Alternate Protocol', 'Amazon', 'Amazon WAF Blocked', 'Apture Linking Platform', 'Cloudflare', 'Content Delivery Network', 'Express', 'Facebook Conversion Tracking', 'Facebook Pixel', 'Facebook Reseller', 'Facebook Tag API', 'Fastly', 'Fastly CDN', 'Fireblade', 'GZIP Module', 'Google Analytics', 'Google Conversion Tracking', 'Google Related Website Sites', 'Google Tag Manager', 'Instagram Follow Button', 'Investor Relations', 'Microdata for Google Shopping', 'NFOrce Internet', 'POWr', 'PWA', 'Pinterest Conversion Tracking', 'QUIC', 'SMC', 'Seflow Italy', 'Sentry', 'SiteW', 'Twitter Ads', 'UTF-8', 'Vector Internet Services', 'Wix', 'Wix Media', 'mlcom']"
nailepoch.com,Nail Epoch – Best Nail Accessory for At-Home Salon,,USA,70,4906,2026-09-24T15:09:34.617445912Z,"['Alternate Protocol', 'Automattic', 'Contact Form Plugin', 'Content Delivery Network', 'Elementor', 'EmbedPress', 'Facebook Conversion Tracking', 'Facebook Login', 'Facebook Messenger Platform', 'Facebook Pixel', 'Facebook Reseller', 'Facebook Tag API', 'Google Analytics', 'Google Cloud DNS', 'Google Font API', 'Google My Business', 'Google Tag Manager', 'Instagram Follow Button', 'Jetpack', 'LiteSpeed', 'MailChimp for WordPress', 'NFOrce Internet', 'PHP', 'Pinterest Conversion Tracking', 'QUIC', 'Shopify', 'Shopify Collabs', 'Slider Revolution', 'Thank You', 'Theme In WP', 'UTF-8', 'Woo Themes', 'WooCommerce', 'WooCommerce Checkout', 'WooFramework', 'WooLentor', 'WordPress', 'WordPress Multisite', 'WordPress Stats', 'XTemos Studio', 'jQuery', 'reCAPTCHA']"
buzzri.com,Buzzri,,,60,411,2026-09-24T14:40:16.67128149Z,"['CDN JS', 'Cloudflare', 'Cloudflare CDN', 'Facebook Conversion Tracking', 'Facebook Login', 'Facebook Messenger Platform', 'Facebook Pixel', 'Facebook Reseller', 'Facebook Tag API', 'Google', 'Google Analytics', 'Google Cloud DNS', 'Google Font API', 'Google Tag Manager', 'LiteSpeed', 'PHP', 'Pinterest Conversion Tracking', 'Tailwind CSS', 'Tidio', 'UTF-8', 'jsDelivr']"
veterinarypetcbd.com,Farley's Green Paw Consulting - Pet CBD Services | CBD for pets,Farley's Green Paw Consulting - Pet CBD Services,USA,77,106495,2026-09-24T14:02:49.553426374Z,"['123FormBuilder', 'Alternate Protocol', 'Amazon WAF Blocked', 'Apture Linking Platform', 'Cloudflare', 'Content Delivery Network', 'DAV', 'Ecwid Ecommerce Shopping Cart', 'Express', 'Fastly', 'Fastly CDN', 'Fireblade', 'GZIP Module', 'Google Adsense', 'Google Analytics', 'Google Conversion Tracking', 'Google Funding Choices', 'Google Matched Content', 'Google Related Website Sites', 'Google Reseller', 'Google Tag Manager', 'Instagram Follow Button', 'Microdata for Google Shopping', 'Microsoft Clarity', 'NFOrce Internet', 'POWr', 'PWA', 'Perl', 'Pinterest Conversion Tracking', 'QUIC', 'SMC', 'Seflow Italy', 'Sentry', 'SiteW', 'Subversion', 'Thank You', 'UTF-8', 'Vector Internet Services', 'WP Booking Calendar', 'Wix', 'Wix Media', 'WordPress SEO Structured Data Schema Plugin', 'mlcom']"
lemoiredesign.com,LEMÒIRE DESIGN,Lemoire Design,,57,33197,2026-09-24T13:19:07.522713674Z,"['Adobe Creative Cloud WebFonts', 'Aruba', 'Express', 'Fireblade', 'GZIP Module', 'IcoMoon', 'Instagram Follow Button', 'Line2', 'Magento Enterprise', 'Microdata for Google Shopping', 'Newsletter for Wordpress', 'Pinterest Conversion Tracking', 'QUIC', 'SiteW', 'Squarespace', 'UTF-8', 'WordPress SEO Structured Data Schema Plugin', 'eLand']"
charmingfoods.store,Groceries You Should Buy for Healthy Living -,Charming Food&#039;s,,82,4565,2026-09-24T12:53:10.435356366Z,"['Akismet', 'Alternate Protocol', 'Automattic', 'BatCache', 'Contact Form Plugin', 'Content Delivery Network', 'EmbedPress', 'Fastly', 'Font Awesome', 'GTranslate', 'Google Analytics', 'Google Related Website Sites', 'Google Tag Manager', 'Gtranslate for Wordpress', 'Gutenberg', 'Instagram Follow Button', 'Jetpack', 'Jetpack Site Accelerator', 'Microdata for Google Shopping', 'Nginx', 'PHP', 'Pinterest Conversion Tracking', 'QUIC', 'Tailwind CSS', 'Theme In WP', 'Twitter Ads', 'UTF-8', 'Woo Themes', 'WooCommerce', 'WooCommerce Checkout', 'WooCommerce Payments', 'WordPress', 'WordPress Multisite', 'WordPress Stats', 'jQuery']"
mkcustomequinecreations.com,Discover Custom Equestrian Creations | MK Custom Equine Creations - Shop Now!,MK Custom Equine Creations,,72,90141,2026-09-24T12:47:02.417846359Z,"['Alternate Protocol', 'Amazon WAF Blocked', 'Apture Linking Platform', 'Cloudflare', 'Content Delivery Network', 'DAV', 'Express', 'Fastly', 'Fastly CDN', 'GZIP Module', 'Google Related Website Sites', 'Instagram Follow Button', 'Microdata for Google Shopping', 'NFOrce Internet', 'PWA', 'Perl', 'Pinterest Conversion Tracking', 'QUIC', 'SMC', 'Seflow Italy', 'Sentry', 'SiteW', 'Thank You', 'UTF-8', 'Vector Internet Services', 'WP Booking Calendar', 'Wix', 'Wix Media', 'mlcom']"
garmentweight.com,Dress Downs - THE ORIGINAL REUSABLE DRESS WEIGHTS,,USA,72,2152,2026-09-24T11:14:33.452408468Z,"['Adobe Creative Cloud WebFonts', 'Amazon Widgets', 'Aruba', 'Express', 'Financial Services Guide', 'GZIP Module', 'Google Analytics', 'Google Related Website Sites', 'Google Tag Manager', 'Instagram Follow Button', 'Line2', 'Microdata for Google Shopping', 'Newsletter for Wordpress', 'Pinterest Conversion Tracking', 'QUIC', 'SiteW', 'Squarespace', 'UTF-8', 'WordPress SEO Structured Data Schema Plugin', 'eLand']"
ashleyferreiradesign.com,Ashley Ferreira Design | Showit Website Templates | Showit Design Partner,,BOL,82,24680,2026-09-24T11:09:47.770640872Z,"['AJAX Libraries API', 'AWS WAF Challenge', 'Apture Linking Platform', 'CDN JS', 'Cisco/Arrowpoint Content Service Switch', 'Cloudflare', 'Cloudflare CDN', 'Content Delivery Network', 'DAV', 'Google', 'Google Analytics', 'Google Cloud DNS', 'Google Font API', 'Google Tag Manager', 'Hotjar', 'Instagram Follow Button', 'Pinterest Conversion Tracking', 'QUIC', 'Thank You', 'UTF-8', 'WP Engine', 'jQuery']"
dunedin.gives,Dunedin Florida | Pinellas County Florida Tourism | Visit Dunedin FL | DunedinLove®,,,62,76664,2026-09-24T10:16:58.095065439Z,"['Aruba', 'CDN JS', 'Cloudflare', 'Cloudflare CDN', 'Express', 'Facebook Conversion Tracking', 'Facebook Customer Chat SDK', 'Facebook Login', 'Facebook Messenger Platform', 'Facebook Pixel', 'Facebook Reseller', 'Facebook Tag API', 'Font Awesome', 'GZIP Module', 'Google Analytics', 'Google Cloud DNS', 'Google Font API', 'Google Tag Manager', 'IcoMoon', 'Instagram Follow Button', 'Line2', 'Magento Enterprise', 'Microdata for Google Shopping', 'Pinterest Conversion Tracking', 'QUIC', 'SiteW', 'Squarespace', 'Taboola Direct', 'Taboola Reseller', 'Twitter Ads', 'UTF-8', 'Unsplash', 'WordPress SEO Structured Data Schema Plugin', 'eLand']"
mountainmaidenart.com,MOUNTAIN MAIDEN HOMEPAGE,Mountain Maiden,,57,1022,2026-09-24T10:16:58.066270334Z,"['AWS WAF Challenge', 'Alternate Protocol', 'Automattic', 'BatCache', 'Cloudflare', 'Cloudflare CDN', 'Content Delivery Network', 'Custom Facebook Feed', 'Custom Twitter Feeds', 'EmbedPress', 'Fastly', 'Font Awesome', 'Google', 'Google Cloud DNS', 'Google Font API', 'Google My Business', 'Google Related Website Sites', 'Gutenberg', 'Instagram Follow Button', 'Jetpack', 'Jetpack Site Accelerator', 'Microdata for Google Shopping', 'Nginx', 'Oracle Cloud', 'Pinterest Conversion Tracking', 'UTF-8', 'Woo Themes', 'WooCommerce', 'WooCommerce Checkout', 'WooCommerce Payments', 'WordPress', 'WordPress Multisite', 'WordPress Related Posts', 'WordPress Stats', 'YouTube', 'jQuery']"
asana.hn,Work & Project Management for Human-Agent Teams • Asana,Asana,,82,350200,2026-09-24T10:00:35.679981868Z,"['Adalyser', 'Alternate Protocol', 'Amazon', 'Amazon Associates Affiliate Shop', 'Amazon CloudFront', 'Amazon Route 53', 'Amazon WAF Blocked', 'Apple Auto Link Maker', 'Apture Linking Platform', 'Asana', 'Bing Cashback', 'Bing Conversion Tracking', 'Bizo', 'ByteDance', 'CDN JS', 'CloudFront', 'Cloudflare', 'Cloudflare CDN', 'Content Delivery Network', 'Content Square', 'Contentful', 'Crowdsignal', 'DoubleClick Bid Manager', 'Facebook Reseller', 'Global Privacy Control', 'Google', 'Google Analytics', 'Google Cloud CDN', 'Google Cloud DNS', 'Google Matched Content', 'Google My Business', 'Google Play', 'Google Recommendations AI', 'Google Related Website Sites', 'Google Reseller', 'Google Tag Manager', 'Greenhouse', 'IcoMoon', 'InitiativeS', 'Instagram Follow Button', 'Investor Relations', 'JotForm', 'LinkedIn Pixel', 'Microdata for Google Shopping', 'Microsoft Ajax Content Delivery Network', 'Netlify', 'Next.js', 'OneTrust Domain Verification', 'OpenAI', 'Optimizely Recommendations', 'Perl', 'Pico CSS', 'Pinterest Conversion Tracking', 'Pleroma', 'Plivo', 'Postie', 'QUIC', 'RM Education', 'Recurly', 'Reddit Conversion Tracking', 'Share Link', 'Sign In With Google', 'StatusPage IO', 'Storyblocks', 'TVSquared', 'Thank You', 'TikTok Conversion Tracking Pixel', 'Twitter Ads', 'UTF-8', 'Vector Internet Services', 'Vimeo CDN', 'Wistia', 'Yandex Hosting', 'YouTube', 'ZoomInfo', 'jsDelivr', 'reCAPTCHA']"
harmonyvita.cz,Hair Jazz,,,67,,2026-09-24T08:23:08.185048198Z,"['Apache', 'Arastta', 'Bing Cashback', 'Bing Conversion Tracking', 'CDN JS', 'Cloudflare', 'Cloudflare CDN', 'Facebook Pixel', 'Facebook Tag API', 'GZIP Module', 'Google Analytics', 'Google Tag Manager', 'Instagram Follow Button', 'Klarna', 'PayPal', 'Pinterest Conversion Tracking', 'Stripe', 'Subversion', 'Twitter Ads', 'Twitter Analytics', 'Twitter Conversion Tracking', 'UTF-8']"
brooklynartlibrary.org,Brooklyn Art Library / The Sketchbook Project,Brooklyn Art Library,USA,87,20704,2026-09-24T08:23:08.181928699Z,"['AdRoll', 'Adobe Creative Cloud WebFonts', 'Alternate Protocol', 'Apture Linking Platform', 'Aruba', 'CrazyEgg', 'Drip', 'Express', 'Facebook Login', 'Facebook Messenger Platform', 'Facebook Pixel', 'Facebook Reseller', 'Facebook Tag API', 'Fireblade', 'GZIP Module', 'Google Analytics', 'Google Conversion Tracking', 'Google Tag Manager', 'Instagram Follow Button', 'License Buttons', 'Line2', 'MailChimp', 'Microdata for Google Shopping', 'NFOrce Internet', 'Newsletter for Wordpress', 'Oribi Analytics', 'Pinterest Conversion Tracking', 'QUIC', 'Squarespace', 'UTF-8', 'WordPress SEO Structured Data Schema Plugin', 'eLand']"
ancestryphotostore.com,Ancestry Photo Store | Antique Family Photos & Genealogy Research Archive,Ancestry Photo Store,USA,92,41285,2026-09-24T07:52:57.192453725Z,"['AWS WAF Challenge', 'Alternate Protocol', 'Amazon Associates Affiliate Shop', 'AppNexus Direct', 'Automattic', 'BatCache', 'BidSwitch Direct', 'Cloudflare', 'Cloudflare CDN', 'Coming Soon Page', 'Content Delivery Network', 'Criteo', 'Criteo Reseller', 'DoubleClick Bid Manager', 'EmbedPress', 'Etsy', 'Express', 'Fastly', 'GDPR Consent Management Platform', 'Google', 'Google Analytics', 'Google My Business', 'Google Related Website Sites', 'Google Reseller', 'Google Tag Manager', 'Gutenberg', 'IponWeb BidSwitch', 'Jetpack', 'Jetpack Site Accelerator', 'KVH', 'Microdata for Google Shopping', 'Microsoft Clarity', 'Nginx', 'Perl', 'Pinterest Conversion Tracking', 'PubMatic Direct', 'Pubmatic', 'QUIC', 'Twenty Fourteen', 'UTF-8', 'Woo Themes', 'WooCommerce', 'WooCommerce Checkout', 'WooCommerce Payments', 'WordPress', 'WordPress Multisite', 'WordPress Stats', 'jQuery']"
durhamswaterputty.com,Rock Hard Water Putty | Durhams Water Putty,Durham&#039;s Rock Hard Water Putty,USA,77,4814,2026-09-24T07:14:39.968008629Z,"['Alternate Protocol', 'Automattic', 'Content Delivery Network', 'Customer Reviews for WooCommerce', 'Elementor', 'EmbedPress', 'Facebook Conversion Tracking', 'Facebook Login', 'Facebook Messenger Platform', 'Facebook Pixel', 'Facebook Reseller', 'Facebook Tag API', 'Google Analytics', 'Google My Business', 'Google Related Website Sites', 'Google Tag Manager', 'Hello Elementor', 'Instagram Follow Button', 'Jetpack', 'LiteSpeed', 'Microdata for Google Shopping', 'NFOrce Internet', 'PHP', 'Pinterest Conversion Tracking', 'Sitelinks Search Box', 'Table Addons for Elementor', 'Theme In WP', 'UTF-8', 'Woo Themes', 'WooCommerce', 'WooCommerce Checkout', 'WooCommerce Payments', 'WooCommerce Pixel Manager by woopt', 'WordPress', 'WordPress Multisite', 'WordPress Stats', 'jQuery', 'reCAPTCHA']"
hoiltd.com,Home & Office Improvements – Delivering The Digital Enterprise Step by Step with Microsoft,,GBR,77,61431,2026-09-24T05:51:04.932959357Z,"['Alternate Protocol', 'Automattic', 'Blog Designer Pack', 'ByteDance', 'Cloudflare', 'CoBlocks', 'Contact Form Plugin', 'Content Delivery Network', 'ElementUI', 'Elementor', 'ElementsKit Elementor', 'EmbedPress', 'Facebook Conversion Tracking', 'Facebook Login', 'Facebook Messenger Platform', 'Facebook Pixel', 'Facebook Reseller', 'Facebook Tag API', 'Fireblade', 'GoDaddy', 'Google Analytics', 'Google My Business', 'Google Related Website Sites', 'Google Tag Manager', 'Hello Elementor', 'Instagram Follow Button', 'Investor Relations', 'Jetpack', 'Jetpack Site Accelerator', 'Kitco', 'M247', 'Metform Elemento', 'Microsoft Clarity', 'Ntent', 'Oracle Cloud', 'PHP', 'Parallels Plesk Panel', 'Perl', 'Pinterest Conversion Tracking', 'QUIC', 'Sign In With Google', 'Site Kit', 'Table Addons for Elementor', 'Theme In WP', 'TikTok Conversion Tracking Pixel', 'Twitter Ads', 'UTF-8', 'Wangsu', 'Website Tonight', 'WhatsApp Sharing', 'Woo Themes', 'WooCommerce', 'WooCommerce Checkout', 'WooCommerce Payments', 'WordPress', 'WordPress Multisite', 'WordPress Stats', 'YouTube', 'eLand', 'jQuery', 'reCAPTCHA']"
kentcrystalcabin.com,Kent Crystal Cabin | Crystals & Spiritual Gifts UK,Kent Crystal Cabin,,82,97740,2026-09-24T02:03:22.7509511Z,"['Aruba', 'Ethy', 'Express', 'Fireblade', 'GZIP Module', 'Google Analytics', 'Google Tag Manager', 'IcoMoon', 'Instagram Follow Button', 'Line2', 'Magento Enterprise', 'Microdata for Google Shopping', 'Newsletter for Wordpress', 'Pico CSS', 'Pinterest Conversion Tracking', 'QUIC', 'SiteW', 'Squarespace', 'UTF-8', 'Vector Internet Services', 'WordPress SEO Structured Data Schema Plugin', 'eLand']"
careid.us,Healthcare Websites | Branding For DPCs | Private-Pay Practices - Care Identity,Care Identity ,USA,77,91910,2026-09-23T23:15:54.460718121Z,"['34SP.com', 'Alternate Protocol', 'Amazon WAF Blocked', 'Apture Linking Platform', 'Calendly', 'Cloudflare', 'Content Delivery Network', 'Express', 'Fastly', 'Fastly CDN', 'GZIP Module', 'GitHub Hosting', 'Google Analytics', 'Google My Business', 'Google Related Website Sites', 'Google Tag Manager', 'Instagram Follow Button', 'Microdata for Google Shopping', 'NFOrce Internet', 'PWA', 'Pinterest Conversion Tracking', 'QUIC', 'SMC', 'Seflow Italy', 'Sentry', 'SiteW', 'Thank You', 'UTF-8', 'Vector Internet Services', 'Wix', 'Wix Media', 'accessiBe', 'mlcom']"
beverlyhighrye.com,Beverly Spirits | Award-Winning American Whiskey,Beverly Spirits,VEN,92,27822,2026-09-23T22:54:26.900640093Z,"['AWS WAF Challenge', 'Age Gate', 'Alternate Protocol', 'Cisco/Arrowpoint Content Service Switch', 'Content Delivery Network', 'Elementor', 'EmbedPress', 'Express', 'Fastly', 'GZIP Module', 'Google Analytics', 'Google My Business', 'Google Tag Manager', 'Gtranslate for Wordpress', 'Hello Elementor', 'Instagram Follow Button', 'JetElements', 'Klaviyo', 'Klaviyo for WordPress', 'Microdata for Google Shopping', 'NFOrce Internet', 'Pinterest Conversion Tracking', 'PixelYourSite', 'QUIC', 'Sitelinks Search Box', 'Store Locator WordPress', 'UTF-8', 'WordPress', 'WordPress Multisite', 'jQuery']"
skylightjewelers.com,Custom Jeweler Boston | Handmade Jewelry | Skylight Jewelers,Skylight Jewelers,USA,82,18959,2026-09-23T16:31:52.949669899Z,"['Alternate Protocol', 'Amazon WAF Blocked', 'Anti-spam for WordPress', 'Automattic', 'CleanTalk Spam Protect', 'Content Delivery Network', 'EmbedPress', 'Fastly', 'Fireblade', 'Google Analytics', 'Google My Business', 'Google Related Website Sites', 'Google Tag Manager', 'Instagram Follow Button', 'Jetpack', 'LiteSpeed', 'Microdata for Google Shopping', 'PHP', 'Perfmatters', 'Pinterest Conversion Tracking', 'Site Kit', 'Sitelinks Search Box', 'ThemeFusion', 'Twitter Ads', 'UTF-8', 'Woo Themes', 'WooCommerce', 'WooCommerce Checkout', 'WordPress', 'WordPress Multisite', 'WordPress Stats', 'jQuery']"
witteha.us,Wittehaus - Create your own Luxury Sustainable Modern Home - Virginia / North Carolina / South Carolina / Georgia,Wittehaus,USA,77,97945,2026-09-23T15:25:28.905057264Z,"['AJAX Libraries API', 'Adobe Creative Cloud WebFonts', 'Aruba', 'DAV', 'Elfsight', 'Express', 'Facebook Login', 'Facebook Messenger Platform', 'Facebook Pixel', 'Facebook Reseller', 'Facebook Tag API', 'Fireblade', 'FormSubmit', 'GZIP Module', 'Google Analytics', 'Google Cloud DNS', 'Google Tag Manager', 'IcoMoon', 'Instagram Follow Button', 'Line2', 'Magento Enterprise', 'Microdata for Google Shopping', 'Pinterest Conversion Tracking', 'QUIC', 'SiteW', 'Squarespace', 'Thank You', 'Tidio', 'UTF-8', 'Wonder', 'WordPress SEO Structured Data Schema Plugin', 'YouTube', 'Zope', 'eLand', 'jQuery']"
taylorhassebroek.com,Colorado Elopement Photographer | Taylor Hassebroek Photo,,,52,303,2026-09-23T14:39:57.229411715Z,"['AJAX Libraries API', 'CDN JS', 'Cloudflare', 'Cloudflare CDN', 'Content Delivery Network', 'GZIP Module', 'Google', 'Google Analytics', 'Google Cloud DNS', 'Google Font API', 'Google Tag Manager', 'Instagram Follow Button', 'Nginx', 'Pinterest Conversion Tracking', 'UTF-8', 'WP Engine', 'jQuery']"
avitaclinicalresearch.com,Home - Avita Clinical Research,Avita Clinical Research,USA,92,36015,2026-09-23T14:39:57.209406474Z,"['AWS WAF Challenge', 'Alternate Protocol', 'Cloudflare', 'Cloudflare CDN', 'Contact Form Plugin', 'Content Delivery Network', 'Elementor', 'EmbedPress', 'Essential Addons for Elementor', 'Fireblade', 'Font Awesome', 'GeneratePress Company', 'Google', 'Google Analytics', 'Google Cloud DNS', 'Google Font API', 'Google Maps', 'Google My Business', 'Google Tag Manager', 'LiteSpeed', 'Microdata for Google Shopping', 'MonsterInsights', 'NFOrce Internet', 'PHP', 'Pinterest Conversion Tracking', 'PixelYourSite', 'QUIC', 'Slider Revolution', 'Theme In WP', 'Twitter Ads', 'Twitter Analytics', 'UTF-8', 'WP Engine', 'WordPress', 'WordPress Multisite', 'jQuery']"
foxslanestyling.com,Foxs Lane Styling,,AUS,77,101333,2026-09-23T11:26:40.077843064Z,"['Adobe Creative Cloud WebFonts', 'Aruba', 'Contento', 'Express', 'GZIP Module', 'Instagram Follow Button', 'Line2', 'Magento Enterprise', 'Microdata for Google Shopping', 'Pinterest Conversion Tracking', 'QUIC', 'SiteW', 'Squarespace', 'UTF-8', 'WordPress SEO Structured Data Schema Plugin', 'eLand']"
pelzerdesigns.com,"Pelzer Designs | Nature-Inspired T-Shirts, Mugs, Tote Bags, Gifts",Pelzer Designs,,77,20905,2026-09-23T08:40:04.174890206Z,"['AWS WAF Challenge', 'Alternate Protocol', 'Automattic', 'ByteDance', 'Cloudflare', 'Cloudflare CDN', 'Content Delivery Network', 'Customer Reviews for WooCommerce', 'ElementUI', 'EmbedPress', 'Facebook Conversion Tracking', 'Facebook Login', 'Facebook Messenger Platform', 'Facebook Pixel', 'Facebook Reseller', 'Facebook Tag API', 'Font Awesome', 'Google', 'Google Analytics', 'Google My Business', 'Google Related Website Sites', 'Google Tag Manager', 'Instagram Follow Button', 'Jetpack', 'LiteSpeed', 'Metricool', 'Microdata for Google Shopping', 'Oddle', 'PHP', 'Pinterest Conversion Tracking', 'Site Kit', 'Thank You', 'ThemeFusion', 'TikTok Conversion Tracking Pixel', 'UTF-8', 'Umbler', 'Woo Themes', 'WooCommerce', 'WooCommerce Checkout', 'WooCommerce Payments', 'WooCommerce Stripe Payment Gateway', 'WordPress', 'WordPress Multisite', 'WordPress Stats', 'jQuery']"
retropond.com,Home – RETROPOND,RETROPOND,FRA,72,26499,2026-09-23T08:10:51.481141358Z,"['AWS WAF Challenge', 'Alternate Protocol', 'Apache', 'Astra Theme', 'Automattic', 'CDN JS', 'Cisco/Arrowpoint Content Service Switch', 'Cloudflare', 'Cloudflare CDN', 'Elementor', 'EmbedPress', 'GZIP Module', 'Google', 'Google Adsense', 'Google Analytics', 'Google Cloud DNS', 'Google Font API', 'Google Funding Choices', 'Google Matched Content', 'Google My Business', 'Google Related Website Sites', 'Google Reseller', 'Google Tag Manager', 'Instagram Follow Button', 'Jetpack', 'Lazy Load for WordPress', 'MailPoet', 'Microdata for Google Shopping', 'MonsterInsights', 'NFOrce Internet', 'PHP', 'Pinterest Conversion Tracking', 'Sitelinks Search Box', 'StatCounter', 'Theme In WP', 'Twitter Ads', 'UTF-8', 'Woo Themes', 'WordPress', 'WordPress Multisite', 'WordPress Related Posts', 'WordPress Stats', 'YouTube', 'jQuery']"
natifstore.com,NATIF | Jewelry | Everyday simplicity | Minimalist fine jewelry,,,72,1013,2026-09-23T08:03:48.806363965Z,"['Alternate Protocol', 'Elementor', 'EmbedPress', 'Facebook Customer Chat SDK', 'Facebook Login', 'Facebook Messenger Platform', 'Facebook Pixel', 'Facebook Reseller', 'Google Analytics', 'Hello Elementor', 'Instagram Follow Button', 'Jetpack', 'MailChimp', 'Microdata for Google Shopping', 'OpenResty', 'Pinterest Conversion Tracking', 'UTF-8', 'Variation Swatches for WooCommerce', 'WP Fastest Cache', 'WPML Multilingual', 'Woo Themes', 'WooCommerce Checkout', 'WordPress', 'WordPress Multisite', 'WordPress Stats', 'jQuery']"
stoicwoman.life,Sarah Mikutel,,,62,19069,2026-09-23T07:52:22.364380952Z,"['AWS WAF Challenge', 'Adobe Creative Cloud WebFonts', 'Alternate Protocol', 'Apple Auto Link Maker', 'Apture Linking Platform', 'Aruba', 'Express', 'Facebook Conversion Tracking', 'Facebook Login', 'Facebook Messenger Platform', 'Facebook Pixel', 'Facebook Reseller', 'Facebook Tag API', 'GZIP Module', 'Google Analytics', 'Google Tag Manager', 'Instagram Follow Button', 'Kajabi', 'Line2', 'Microdata for Google Shopping', 'Pinterest Conversion Tracking', 'QUIC', 'Squarespace', 'Sumo', 'UTF-8', 'WordPress SEO Structured Data Schema Plugin', 'eLand']"
venturephotography.in,Venture Photography Studios | Professional Family Photoshoots,"Family, Couples &amp; Pet Photoshoots - Venture Photography",IND,82,11115,2026-09-23T06:57:34.341321462Z,"['Adobe Creative Cloud WebFonts', 'Alternate Protocol', 'Apture Linking Platform', 'Automattic', 'Click to Chat for WhatsApp', 'Content Delivery Network', 'CookieYes', 'Easy Fancybox', 'EmbedPress', 'Express', 'Facebook Conversion Tracking', 'Facebook Login', 'Facebook Messenger Platform', 'Facebook Pixel', 'Facebook Reseller', 'Facebook Tag API', 'GZIP Module', 'Google', 'Google Analytics', 'Google Related Website Sites', 'Google Tag Manager', 'Hotjar', 'Instagram Follow Button', 'Jetpack', 'Microdata for Google Shopping', 'Nginx', 'Ninja Forms', 'PHP', 'Pinterest Conversion Tracking', 'Search and Filter Pro', 'Smart Coupons for WooCommerce', 'Tailwind CSS', 'Theme In WP', 'Twitter Ads', 'UTF-8', 'Vector Internet Services', 'Vimeo', 'Woo Themes', 'WooCommerce', 'WooCommerce Checkout', 'WooCommerce Payments', 'WordPress', 'WordPress Multisite', 'WordPress Stats', 'YouTube', 'jQuery', 'jQuery Pin It Button for Images', 'jsDelivr', 'shadcn ui']"
beccajeanphotography.com,Becca Jean Photography: Portland Oregon Family Photographer,Becca Jean Photography,CAN,82,4165,2026-09-23T06:20:41.911270311Z,"['Accordion Blocks', 'Alternate Protocol', 'Apture Linking Platform', 'Content Delivery Network', 'EmbedPress', 'Facebook Conversion Tracking', 'Facebook Login', 'Facebook Messenger Platform', 'Facebook Pixel', 'Facebook Reseller', 'Facebook Tag API', 'Fastly', 'GZIP Module', 'Google Analytics', 'Google Cloud DNS', 'Google Customer Reviews', 'Google Font API', 'Google My Business', 'Google Tag Manager', 'Gutenberg Blocks by Kadence Blocks', 'Instagram Follow Button', 'Kadence WP', 'Microdata for Google Shopping', 'Nginx', 'Oddle', 'Pinterest Conversion Tracking', 'Rakuten Affiliate', 'SiteW', 'UTF-8', 'WordPress', 'WordPress Multisite', 'Yelp Badge', 'YouTube']"
197designstore.com,197 Design Store: Shop online for your home.,,ITA,92,13061,2026-09-23T05:24:34.801031973Z,"['AJAX Libraries API', 'Alternate Protocol', 'Amazon', 'Amazon CloudFront', 'Apache', 'Azion', 'Brevo', 'CloudFront', 'Cybot', 'Debian', 'Facebook Conversion Tracking', 'Facebook Login', 'Facebook Messenger Platform', 'Facebook Pixel', 'Facebook Reseller', 'Facebook Tag API', 'GZIP Module', 'Google Analytics', 'Google Cloud DNS', 'Google Related Website Sites', 'Google Tag Manager', 'Hotjar', 'Instagram Follow Button', 'Klaviyo', 'Matomo', 'Matomo Tag Manager', 'Microdata for Google Shopping', 'PHP', 'Pinterest Conversion Tracking', 'Tailwind CSS', 'Trusted Shops', 'Twitter Ads', 'UTF-8', 'YouTube', 'Zopim', 'jQuery', 'shadcn ui']"
favojewelry.com,FavoJewelry,LikyPrint,,62,23407,2026-09-23T03:59:20.602871264Z,"['AWS WAF Challenge', 'Alternate Protocol', 'Cloudflare', 'Cloudflare CDN', 'Cloudflare Web Analytics', 'Content Delivery Network', 'EmbedPress', 'Express', 'Flatsome', 'Google', 'Google Analytics', 'Google Cloud DNS', 'Google Font API', 'Google My Business', 'Google Related Website Sites', 'Google Tag Manager', 'IcoMoon', 'Line2', 'LiteSpeed', 'Microdata for Google Shopping', 'Pinterest Conversion Tracking', 'QUIC', 'QUIC.cloud', 'Sitelinks Search Box', 'Tailwind CSS', 'Trustpilot Reviews for WordPress', 'UTF-8', 'Woo Themes', 'WordPress', 'WordPress Multisite', 'YouTube', 'eLand', 'reCAPTCHA']"
growingwisdomacademy.in,Home - growingwisdomacademy.in,growingwisdomacademy.in,,67,783047,2026-09-22T23:21:28.861509563Z,"['AB Tasty', 'ADFOX', 'AJAX Libraries API', 'AWS WAF Challenge', 'Active Campaign', 'AdRoll', 'AddThis for Wordpress', 'Adobe Analytics', 'Adobe Marketing Cloud', 'Adult Content', 'Alternate Protocol', 'Amazon Associates Affiliate Shop', 'Amazon WAF Blocked', 'Amplitude', 'AppNexus Direct', 'Astra Theme', 'Authorize.net', 'Automattic', 'Bing Cashback', 'Bing Conversion Tracking', 'Braintree', 'Brevo', 'Brightcove', 'Bunny Fonts', 'BunnyCDN General', 'ByteDance', 'CDN JS', 'CDN77 Hosted', 'Calendly', 'Cart.com', 'Chartbeat', 'Clicky', 'Cloudflare', 'Cloudflare CDN', 'Cloudflare Web Analytics', 'ConvertKit', 'CrazyEgg', 'Crisp', 'Criteo', 'Criteo Reseller', 'DailyMotion Video', 'Disqus Comment System for WordPress', 'DoubleClick Bid Manager', 'Drift', 'ElementUI', 'Elementor', 'EmbedPress', 'Engage', 'Facebook Embedded Posts', 'Facebook Reseller', 'Firebase', 'Font Awesome', 'Freshworks Bot', 'Giphy', 'Google', 'Google Adsense', 'Google Analytics', 'Google Cloud CDN', 'Google Cloud DNS', 'Google Font API', 'Google Maps', 'Google Matched Content', 'Google My Business', 'Google Pay', 'Google Reseller', 'Google Tag Manager', 'Header, Footer and Blocks for Elementor', 'Heap', 'Help Scout', 'Hubspot', 'Impact', 'Infolinks', 'Inspectlet', 'Instagram Follow Button', 'Intercom', 'JW Player Platform', 'Jetpack', 'JotForm', 'Kinsta', 'Klaviyo', 'LiveChat', 'LiveChat Monitoring', 'MailChimp', 'MailerLite', 'Marketo', 'Matomo', 'Media.net', 'Media.net Reseller', 'Mediavine Publisher', 'Microdata for Google Shopping', 'Microsoft Clarity', 'Mixpanel', 'Mouseflow', 'NFOrce Internet', 'New Relic', 'NitroPack', 'Olark', 'On The Map', 'OpenX Direct', 'OptiMole', 'Optimizely Recommendations', 'Outbrain Direct', 'PHP', 'Pardot', 'Parse.ly', 'PayPal Adaptive Payments', 'Pinterest Conversion Tracking', 'Piwik PRO', 'Plausible Analytics', 'Presto Player', 'PubMatic Direct', 'Pubmatic', 'PushEngage', 'QUIC', 'Quantcast Direct', 'RM Education', 'Recart', 'RocketCDN', 'Royal Elementor Addons', 'Rumble Player', 'Seflow Italy', 'Segment', 'ShareThis', 'Sign In With Google', 'Square', 'Squarespace Online Appointment Scheduling', 'StatCounter', 'Statically', 'Stripe', 'Sumo', 'Swell Rewards', 'Taboola Direct', 'Taboola Reseller', 'Tealium', 'Theme In WP', 'Thrive Direct', 'Twitch', 'Twitter Ads', 'Twitter Analytics', 'Typeform', 'UTF-8', 'VigLink', 'Vimeo', 'Vine Embed', 'Visual Website Optimizer', 'Way', 'Wistia', 'Woo Themes', 'WooCommerce', 'WooCommerce Checkout', 'WooCommerce Payments', 'Woopra', 'WordPress', 'WordPress Multisite', 'WordPress Related Posts', 'Yandex Hosting', 'Yotpo', 'YouTube', 'comScore', 'jQuery', 'jsDelivr', 'reCAPTCHA']"
noordoutdoorfitness.com,NOORD | Outdoor Gym & Fitness Equipment in Superior Quality,,DNK,77,35807,2026-09-22T23:13:44.038033488Z,"['AWS WAF Challenge', 'Alternate Protocol', 'Apache', 'Contact Form Plugin', 'CookieYes', 'DoubleClick Bid Manager', 'Download Monitor', 'Elementor', 'EmbedPress', 'Essential Addons for Elementor', 'Fireblade', 'GZIP Module', 'Google Analytics', 'Google Cloud DNS', 'Google Flights Conversion Tracking', 'Google Font API', 'Google My Business', 'Google Related Website Sites', 'Google Tag Manager', 'Hotjar', 'IcoMoon', 'Instagram Follow Button', 'LinkedIn Insights', 'LinkedIn Pixel', 'Microdata for Google Shopping', 'NFOrce Internet', 'Nectar Slide Plugin', 'PHP', 'Pinterest Conversion Tracking', 'Premium Addons for Elementor', 'QUIC', 'Salient', 'Tawk', 'Thank You', 'Theme In WP', 'UTF-8', 'University or College', 'WPBakery', 'WPML Multilingual', 'WordPress', 'WordPress Multisite', 'jQuery', 'reCAPTCHA']"
enterthevertex.com,TheVertex – Enter The Vertex,,GBR,80,9816,2026-09-22T22:41:00.702880898Z,"['Alternate Protocol', 'AutomateWoo', 'Automattic', 'Cloudflare', 'Coming Soon Page', 'Content Delivery Network', 'DAV', 'EmbedPress', 'GitHub Hosting', 'GoDaddy', 'Google', 'Google Cloud DNS', 'Google Font API', 'Instagram Follow Button', 'Jetpack', 'Klaviyo', 'Klaviyo for WordPress', 'Line2', 'MailChimp', 'Oracle Cloud', 'PHP', 'Page scroll to id', 'Pinterest Conversion Tracking', 'Theme In WP', 'UTF-8', 'Website Tonight', 'Woo Themes', 'WooCommerce Payments', 'WordPress', 'WordPress Multisite', 'WordPress Stats', 'jQuery']"
shoopeace.com,shoopeace - Shoopeace,,VEN,72,10635,2026-09-22T21:22:18.424899437Z,"['Amazon WAF Blocked', 'Apture Linking Platform', 'Checkout.com', 'Cisco/Arrowpoint Content Service Switch', 'Coming Soon Page', 'Content Delivery Network', 'Express', 'Facebook Conversion Tracking', 'Facebook Login', 'Facebook Messenger Platform', 'Facebook Pixel', 'Facebook Reseller', 'Facebook Tag API', 'Google Analytics', 'Google My Business', 'Google Tag Manager', 'Hotjar', 'Instagram Follow Button', 'Klaviyo', 'Microsoft Clarity', 'PayPal Adaptive Payments', 'Pinterest Conversion Tracking', 'QUIC', 'ShopBase', 'Tailwind CSS', 'Thank You', 'Twitter Ads', 'Twitter Analytics', 'Twitter Conversion Tracking', 'UTF-8', 'YouTube', 'eLand', 'shadcn ui']"
forashop.gr,"Wearable Art, Silk Scarves & Greek Luxury Accessories",Fora Shop,GRC,72,9190,2026-09-22T20:33:47.214534727Z,"['Alternate Protocol', 'Autoptimize', 'ByteDance', 'Cisco/Arrowpoint Content Service Switch', 'CookieYes', 'DAV', 'Elegant Themes', 'EmbedPress', 'Facebook Conversion Tracking', 'Facebook Login', 'Facebook Messenger Platform', 'Facebook Pixel', 'Facebook Reseller', 'Facebook Tag API', 'FiboSearch', 'Google', 'Google Analytics', 'Google Conversion Tracking', 'Google Related Website Sites', 'Google Tag Manager', 'Instagram Feed for WordPress', 'Instagram Follow Button', 'Line2', 'Microdata for Google Shopping', 'Nginx', 'PHP', 'Perl', 'Pinterest Conversion Tracking', 'QUIC', 'Theme In WP', 'TikTok Conversion Tracking Pixel', 'UTF-8', 'Vercel', 'WP Super Cache', 'Woo Themes', 'WooCommerce', 'WooCommerce Checkout', 'WordPress', 'WordPress Multisite', 'eLand', 'jQuery']"
deletasdomain.com,Deleta’s Domain,,,55,1109,2026-09-22T19:58:14.396122748Z,"['Alternate Protocol', 'Amazon', 'Amazon CloudFront', 'Amazon S3 CDN', 'ByteDance', 'CloudFront', 'ETranslate', 'Ecwid Ecommerce Shopping Cart', 'GZIP Module', 'Google Cloud DNS', 'Google Maps', 'Google My Business', 'Instagram Follow Button', 'MailChimp', 'Nginx', 'POWr', 'PWA', 'Pinterest Conversion Tracking', 'QUIC', 'Storyblocks', 'Stripe', 'TikTok Conversion Tracking Pixel', 'UTF-8', 'Unsplash', 'eLand']"
localark.com,"Local Ark - Event Venue - Franklin, TN",Local Ark,,82,82413,2026-09-22T19:58:14.387682452Z,"['Adobe Creative Cloud WebFonts', 'Amazon CloudFront', 'Aruba', 'CloudFront', 'Elfsight', 'Express', 'Facebook Conversion Tracking', 'Facebook Login', 'Facebook Messenger Platform', 'Facebook Pixel', 'Facebook Reseller', 'Facebook Tag API', 'GZIP Module', 'Google Analytics', 'Google Customer Reviews', 'Google Related Website Sites', 'Google Tag Manager', 'InitiativeS', 'Instagram Follow Button', 'Line2', 'Magento Enterprise', 'Microdata for Google Shopping', 'Pinterest Conversion Tracking', 'QUIC', 'SiteW', 'Squarespace', 'UTF-8', 'Vector Internet Services', 'WordPress SEO Structured Data Schema Plugin', 'YouTube', 'eLand']"
kellybazzle.com,Kelly Bazzle Creative Studio | Personalized Gifts,Kelly Bazzle Creative Studio,USA,87,95303,2026-09-22T19:45:23.828362022Z,"['Alternate Protocol', 'Amazon WAF Blocked', 'Amazon Widgets', 'Apture Linking Platform', 'Cloudflare', 'Content Delivery Network', 'DAV', 'DC74', 'Express', 'Fastly', 'Fastly CDN', 'GZIP Module', 'Google Analytics', 'Google Customer Reviews', 'Google Related Website Sites', 'Google Tag Manager', 'Instagram Follow Button', 'Microdata for Google Shopping', 'NFOrce Internet', 'POWr', 'PWA', 'Perl', 'Pinterest Conversion Tracking', 'QUIC', 'SMC', 'Seflow Italy', 'Sentry', 'SiteW', 'Sitelinks Search Box', 'Thank You', 'Twitter Ads', 'UTF-8', 'Vector Internet Services', 'WP Booking Calendar', 'Wix', 'Wix Media', 'YouTube', 'eLand', 'mlcom']"
vetadn.com,U.S Veterans - Proudly Served - VETADN,,USA,72,16156,2026-09-22T19:02:53.299875208Z,"['ADFOX', 'Apture Linking Platform', 'Checkout.com', 'Content Delivery Network', 'Ethy', 'Express', 'Facebook Conversion Tracking', 'Facebook Login', 'Facebook Messenger Platform', 'Facebook Pixel', 'Facebook Reseller', 'Facebook Tag API', 'Google Cloud DNS', 'Google Font API', 'Google My Business', 'Google Related Website Sites', 'Hotjar', 'Instagram Follow Button', 'Klaviyo', 'Microsoft Clarity', 'PayPal Adaptive Payments', 'Pinterest Conversion Tracking', 'QUIC', 'ShopBase', 'Tailwind CSS', 'Thank You', 'UTF-8', 'Umbler', 'Yandex Hosting', 'Yandex Metrika', 'YouTube', 'shadcn ui']"
trycabinets.com,USA CABINETS | America's #1 Online Kitchen Cabinet Wholesaler,USA Cabinets,CHL,77,159190,2026-09-22T18:36:50.802987807Z,"['Algolia', 'Alternate Protocol', 'Apture Linking Platform', 'ArvanCloud', 'ByteDance', 'Content Delivery Network', 'Elementor', 'Elementor Custom Skin', 'ElementsKit Elementor', 'EmbedPress', 'Facebook Conversion Tracking', 'Facebook Login', 'Facebook Messenger Platform', 'Facebook Pixel', 'Facebook Reseller', 'Facebook Tag API', 'Fastly', 'FormSubmit', 'GZIP Module', 'Google Analytics', 'Google Customer Reviews', 'Google My Business', 'Google Tag Manager', 'Harbor', 'Hello Elementor', 'Instagram Follow Button', 'Jetpack', 'Lazy Load for WordPress', 'LiteSpeed', 'Microdata for Google Shopping', 'Microsoft Clarity', 'MonsterInsights', 'NFOrce Internet', 'Ntent', 'PHP', 'Pinterest Conversion Tracking', 'QUIC', 'Salesforce Hosted', 'Site Kit', 'Table Addons for Elementor', 'Theme In WP', 'TikTok Conversion Tracking Pixel', 'UTF-8', 'WP Rocket', 'WP Search with Algolia', 'Woo Themes', 'WooCommerce', 'WooCommerce Checkout', 'WooCommerce Payments', 'WooCommerce Stripe Payment Gateway', 'WordPress', 'WordPress Multisite', 'WordPress Stats', 'YouTube', 'jQuery', 'jsDelivr']"
dubaicontent.pro,Book a Top Photographer in Dubai & Abu Dhabi,DubaiContent.Pro,,82,50869,2026-09-22T18:36:50.791014868Z,"['Alternate Protocol', 'Apture Linking Platform', 'Business Promotion', 'Express', 'Facebook Conversion Tracking', 'Facebook Customer Chat SDK', 'Facebook Login', 'Facebook Messenger Platform', 'Facebook Pixel', 'Facebook Reseller', 'Facebook Tag API', 'GZIP Module', 'Google Analytics', 'Google Customer Reviews', 'Google Related Website Sites', 'Google Tag Manager', 'Instagram Follow Button', 'Joomla!', 'Microdata for Google Shopping', 'Nginx', 'Pinterest Conversion Tracking', 'RokNavMenu', 'Telegram', 'The Fresh', 'Twitter Ads', 'UTF-8', 'WhatsApp Sharing', 'WordPress SEO Structured Data Schema Plugin', 'YouTube']"
shoestringsightseeing.com,Becca at Home and Abroad | Travel & Lifestyle,Shoestring Flings,USA,87,91168,2026-09-22T17:22:42.072347892Z,"['AWS WAF Challenge', 'Aruba', 'Express', 'Facebook Login', 'Facebook Messenger Platform', 'Facebook Pixel', 'Facebook Reseller', 'Facebook Tag API', 'FormSubmit', 'GZIP Module', 'Google Analytics', 'Google Tag Manager', 'Instagram Follow Button', 'Line2', 'Magento Enterprise', 'Microdata for Google Shopping', 'Newsletter for Wordpress', 'Pico CSS', 'Pinterest Conversion Tracking', 'QUIC', 'SiteW', 'Squarespace', 'UTF-8', 'University or College', 'WordPress SEO Structured Data Schema Plugin', 'eLand']"
crystalangelsjewelry.com,Crystal Angels Jewelry - About,Crystal Angels,USA,92,16325,2026-09-22T16:47:09.908116674Z,"['Accordion Blocks', 'Accordion FAQ', 'Adobe Creative Cloud WebFonts', 'Alternate Protocol', 'Aruba', 'Express', 'Facebook Login', 'Facebook Messenger Platform', 'Facebook Pixel', 'Facebook Reseller', 'Facebook Tag API', 'Fireblade', 'GZIP Module', 'Instagram Follow Button', 'Line2', 'Microdata for Google Shopping', 'Pinterest Conversion Tracking', 'QUIC', 'Squarespace', 'UTF-8', 'WordPress SEO Structured Data Schema Plugin', 'eLand']"
abbikirstencheckout.com,Giant Paper Flower Bundle | Abbi Kirsten,,,40,30518,2026-09-22T16:25:35.895888477Z,"['AWS WAF Challenge', 'Alternate Protocol', 'Amazon', 'Amazon CloudFront', 'Amazon S3 CDN', 'Angular', 'Apture Linking Platform', 'Aruba', 'Cart.com', 'CloudFront', 'Facebook Pixel', 'Facebook Tag API', 'GZIP Module', 'Google Cloud DNS', 'Google Font API', 'Google My Business', 'Nginx', 'PHP', 'PayPal Adaptive Payments', 'Pinterest Conversion Tracking', 'Storyblocks', 'Stripe', 'UTF-8', 'Wiser Notify', 'eLand', 'reCAPTCHA']"
vinocotto.us,Vino Cotto - Authentic Italian Condiment,,BRA,67,4243,2026-09-22T16:04:44.670997028Z,"['Alternate Protocol', 'Content Delivery Network', 'Elementor', 'EmbedPress', 'Essential Addons for Elementor', 'Facebook Conversion Tracking', 'Facebook Login', 'Facebook Messenger Platform', 'Facebook Pixel', 'Facebook Reseller', 'Facebook Tag API', 'FastPixel', 'FormSubmit', 'Google', 'Google Analytics', 'Google Cloud CDN', 'Google Cloud DNS', 'Google Font API', 'Google Tag Manager', 'Microdata for Google Shopping', 'Nginx', 'OceanWP', 'PHP', 'Parallels Plesk Panel', 'Pinterest Conversion Tracking', 'QUIC', 'StatCounter', 'Tawk', 'Theme In WP', 'Twitter Ads', 'UTF-8', 'WPForms', 'Woo Themes', 'WooCommerce', 'WooCommerce Checkout', 'WooCommerce Payments', 'WordPress', 'WordPress Multisite', 'jQuery']"
mollyzemek.com,Private Chef DC | Molly Zemek,,,57,27051,2026-09-22T15:55:05.980901232Z,"['Alternate Protocol', 'Amazon WAF Blocked', 'Apture Linking Platform', 'Bing Cashback', 'Bing Conversion Tracking', 'Content Delivery Network', 'DAV', 'Express', 'Facebook Conversion Tracking', 'Facebook Login', 'Facebook Messenger Platform', 'Facebook Pixel', 'Facebook Reseller', 'Facebook Tag API', 'Fastly', 'Fastly CDN', 'GZIP Module', 'Google Related Website Sites', 'Instagram Follow Button', 'Microdata for Google Shopping', 'NFOrce Internet', 'POWr', 'PWA', 'Perl', 'Pinterest Conversion Tracking', 'QUIC', 'SMC', 'Seflow Italy', 'Sentry', 'SiteW', 'Thank You', 'UTF-8', 'University or College', 'Vector Internet Services', 'WP Booking Calendar', 'Wix', 'Wix Media', 'mlcom']"
sportsletterings.com,Sports Letters Tackle Twill,,USA,77,15617,2026-09-22T14:38:20.562591649Z,"['Alternate Protocol', 'Apache', 'DAV', 'GZIP Module', 'Google Analytics', 'Google Tag Manager', 'IcoMoon', 'Microdata for Google Shopping', 'Perl', 'Pinterest Conversion Tracking', 'Subversion', 'UTF-8', 'University or College', 'Wangsu', 'WordPress SEO Structured Data Schema Plugin']"
aimeevancebooks.com,Aimee Vance | Small Town Romantic Comedy Books,Aimee Vance Books,,67,175164,2026-09-22T14:28:30.702653096Z,"['Alternate Protocol', 'Amazon WAF Blocked', 'Amazon Widgets', 'Apture Linking Platform', 'Content Delivery Network', 'Contento', 'Etsy', 'Express', 'Fastly', 'Fastly CDN', 'Fireblade', 'FormSubmit', 'GZIP Module', 'Google Related Website Sites', 'Instagram Follow Button', 'K2F', 'KVH', 'MailChimp', 'Microdata for Google Shopping', 'NFOrce Internet', 'PWA', 'Pico CSS', 'Pinterest Conversion Tracking', 'QUIC', 'SMC', 'Seflow Italy', 'Sentry', 'SiteW', 'Sitelinks Search Box', 'Subversion', 'Thank You', 'UTF-8', 'Vector Internet Services', 'Wix', 'Wix Media', 'mlcom']"
kindofwicked.com,Kind of Wicked,Kind of Wicked,USA,77,2472,2026-09-22T13:48:35.022892825Z,"['Adult Content', 'Alternate Protocol', 'CDN JS', 'Cloudflare', 'Cloudflare CDN', 'Contact Form Plugin', 'DAV', 'ElementUI', 'EmbedPress', 'Facebook Conversion Tracking', 'Facebook Login', 'Facebook Messenger Platform', 'Facebook Pixel', 'Facebook Reseller', 'Facebook Tag API', 'Flatsome', 'GZIP Module', 'Google Cloud DNS', 'Google Font API', 'Gumlet', 'IcoMoon', 'Instagram Follow Button', 'Lazy Load for WordPress', 'LiteSpeed', 'Microdata for Google Shopping', 'OptiMonk', 'PHP', 'Pinterest Conversion Tracking', 'QUIC', 'Tailwind CSS', 'Theme In WP', 'UTF-8', 'WP Rocket', 'Woo Themes', 'WooCommerce', 'WooCommerce Checkout', 'WordPress', 'WordPress Multisite', 'jQuery']"
toocheapart.com,Too Cheap Art,Too Cheap Art,,67,76681,2026-09-22T13:16:30.404434191Z,"['AJAX Libraries API', 'Aruba', 'Express', 'Facebook Login', 'Facebook Messenger Platform', 'Facebook Pixel', 'Facebook Reseller', 'Facebook Tag API', 'GZIP Module', 'Google Analytics', 'Google Cloud DNS', 'Google Tag Manager', 'IcoMoon', 'Instagram Follow Button', 'Line2', 'Magento Enterprise', 'Microdata for Google Shopping', 'Pinterest Conversion Tracking', 'QUIC', 'SiteW', 'Squarespace', 'UTF-8', 'Umbler', 'WordPress SEO Structured Data Schema Plugin', 'eLand', 'jQuery']"
podolsky.com,Podolsky,"Podolsky & Associates, Ltd.",USA,77,1841029,2026-09-22T09:43:16.354255061Z,"['33 Across Direct', 'AB Tasty', 'ADFOX', 'AWS WAF Challenge', 'Active Campaign', 'AdRoll', 'AddThis for Wordpress', 'Adform Direct', 'Adobe Analytics', 'Adobe Marketing Cloud', 'Adpushup', 'Aimtell', 'Akamai Global Host', 'Alibaba Cloud CDN', 'Alternate Protocol', 'Amazon Associates Affiliate Shop', 'Amazon CloudFront', 'Amazon WAF Blocked', 'Amped', 'Amplitude', 'Analytify', 'AnyChat', 'Apache', 'AppNexus Direct', 'Apture Linking Platform', 'Automattic', 'BLR', 'Baidu Ads', 'Baidu Analytics', 'Baidu Cloud', 'Band Camp', 'Bazaarvoice', 'Bazaarvoice Curations', 'BidSwitch Direct', 'Bing Cashback', 'Bing Conversion Tracking', 'Birdeye', 'Brevo', 'Brightcove', 'ByteDance', 'Calendly', 'Camp', 'Chartbeat', 'Chatra', 'Clicky', 'CloudFront', 'Cloudflare', 'Cloudflare CDN', 'Cloudflare Stream', 'Cloudflare Web Analytics', 'Cognito Forms', 'Connatix Reseller', 'Constant Contact', 'Content Square', 'Convert', 'ConvertKit', 'Cookie First', 'CookieYes', 'Countly', 'CrazyEgg', 'Crisp', 'Criteo', 'Criteo Reseller', 'Crowdsignal', 'Customer.io', 'Cybot', 'DailyMotion Video', 'Dailymotion Reseller', 'Decibel Insight', 'DemDex', 'Didomi', 'Disqus Comment System for WordPress', 'DoubleClick Bid Manager', 'Drift', 'Drip', 'Dynamic Yield', 'Eber', 'Elegant Themes', 'Eloqua', 'EmbedPress', 'Engage', 'Ensighten', 'Enzuzo', 'ExactTarget', 'Ezoic Direct', 'Ezoic Publisher', 'Facebook Embedded Posts', 'Facebook Pixel', 'Facebook Reseller', 'Feefo', 'Fomo', 'Font Awesome', 'Fonts.com', 'Formstack', 'Freshdesk Support', 'Freshpaint', 'Freshworks Bot', 'FullStory', 'GZIP Module', 'GetGist', 'GetResponse', 'GetSiteControl', 'Giphy', 'Global Privacy Control', 'GoatCounter', 'Google', 'Google Adsense', 'Google Analytics', 'Google Calendar', 'Google Cloud CDN', 'Google Cloud DNS', 'Google Flights Conversion Tracking', 'Google Font API', 'Google Funding Choices', 'Google Maps', 'Google Matched Content', 'Google My Business', 'Google Reseller', 'Google Tag Manager', 'Gorgias', 'GumGum', 'GumGum Direct', 'Heap', 'Hello Bar', 'Help Scout', 'HelpCrunch', 'Hotjar', 'HubSpot Conversations', 'Hubspot', 'IcoMoon', 'Infolinks', 'Inspectlet', 'Instagram Follow Button', 'Intercom', 'IponWeb BidSwitch', 'Iterable', 'Iubenda', 'JW Player Platform', 'Jetpack', 'JivoSite', 'JotForm', 'Kakao', 'Kaltura', 'Kameleoon', 'Kampyle Analytics', 'Klaviyo', 'Lazy Load for WordPress', 'Leadfeeder', 'Lijit Reseller', 'LinkedIn Insights', 'LiteSpeed', 'LiveChat', 'LiveChat Monitoring', 'LiveRamp', 'MGID', 'MGID Reseller', 'MailChimp', 'MailerLite', 'Mailjet Widget', 'Marketo', 'Matomo', 'Mautic', 'Media.net', 'Media.net Reseller', 'Mediavine Publisher', 'Microdata for Google Shopping', 'Microsoft Azure Blob Storage', 'Microsoft Clarity', 'Mixpanel', 'Monetate', 'Monster', 'Monumetric Publisher', 'Mouseflow', 'New Relic', 'Ntent', 'Nudgify', 'OSS CDN', 'Okendo', 'Olark', 'OmniConvert', 'Omnisend', 'OneTrust Domain Verification', 'Ontraport', 'OpenX Direct', 'Optimizely Recommendations', 'OptinMonster', 'Outbrain Direct', 'PHP', 'Paperform', 'Pardot', 'Parse.ly', 'PayPal', 'PayPal Adaptive Payments', 'Pendo', 'Personyze', 'Pinterest Conversion Tracking', 'Pirsch', 'Piwik PRO', 'Plausible Analytics', 'Podium', 'PollDaddy', 'PubMatic Direct', 'Pubmatic', 'PushAlert', 'PushEngage', 'Qualtrics Site Intercept', 'Quantcast Direct', 'Quantum Metric', 'RM Education', 'RTB House Direct', 'Reamaze', 'Revcontent Reseller', 'ReviewsOnMyWebsite', 'Rumble Player', 'ScarabResearch', 'Seflow Italy', 'Segment', 'Segment Consent Manager', 'SendPulse', 'Sentry', 'ShareThis', 'Shopper Approved', 'Simple Analytics', 'SiteW', 'SiteWit', 'Sitelinks Search Box', 'SmartAdServer Direct', 'SmartSupp', 'SnapEngage', 'Sourcepoint', 'SproutVideo', 'Stamped', 'StatCounter', 'Streamable', 'Stripe', 'Sumo', 'Swell Rewards', 'Taboola Direct', 'Taboola Reseller', 'Tally', 'Tealium', 'Telegram', 'The Trade Desk Direct', 'Theme In WP', 'ThemeFusion', 'Thrive Direct', 'TikTok Conversion Tracking Pixel', 'Triple Lift Direct', 'TrustPulse', 'Tumblr', 'Twitch', 'Twitter Ads', 'Twitter Analytics', 'Typeform', 'UK Cookie Consent', 'UTF-8', 'Vercel', 'Vimeo', 'Vimeo CDN', 'Vine Embed', 'Visual Website Optimizer', 'WP Rocket', 'WP jQuery Lightbox', 'Webpushr', 'WhatsApp Sharing', 'Wistia', 'Woo Themes', 'Woopra', 'WordPress', 'WordPress Multisite', 'Wufoo', 'Yahoo Image CDN', 'Yahoo Web Analytics', 'Yandex Hosting', 'Yieldmo Direct', 'Yotpo', 'YouTube', 'Zendesk Embeddables', 'Zoho SalesIQ', 'arsys.es', 'comScore', 'eKomi', 'iZooto', 'jQuery', 'jsDelivr', 'mParticle', 'reCAPTCHA']"
trendaurahub.com,TrendAura,,VEN,67,52035,2026-09-22T08:50:29.086914212Z,"['3 Products', 'AWS WAF Challenge', 'Amazon WAF Blocked', 'Apture Linking Platform', 'Checkout.com', 'Cisco/Arrowpoint Content Service Switch', 'Coming Soon Page', 'Content Delivery Network', 'Contento', 'Express', 'Facebook Conversion Tracking', 'Facebook Login', 'Facebook Messenger Platform', 'Facebook Pixel', 'Facebook Reseller', 'Facebook Tag API', 'Google Analytics', 'Google My Business', 'Google Tag Manager', 'Instagram Follow Button', 'PayPal Adaptive Payments', 'Pinterest Conversion Tracking', 'QUIC', 'ShopBase', 'Tailwind CSS', 'Thank You', 'UTF-8', 'Vector Internet Services', 'YouTube', 'eLand', 'shadcn ui']"
tiffanyhill.co.uk,Fashion Trend Forecasting | Trend Suite by Tiffany Hill Studio,Tiffany Hill Studio Limited,GBR,87,138291,2026-09-22T08:33:20.057423978Z,"['AWS WAF Challenge', 'Alternate Protocol', 'Amazon WAF Blocked', 'Apture Linking Platform', 'ClickCease', 'Cloudflare', 'Content Delivery Network', 'DAV', 'DC74', 'Express', 'Fastly', 'Fastly CDN', 'GZIP Module', 'Google Analytics', 'Google Related Website Sites', 'Google Tag Manager', 'Instagram Follow Button', 'K2F', 'Microdata for Google Shopping', 'NFOrce Internet', 'POWr', 'PWA', 'Perl', 'Pinterest Conversion Tracking', 'QUIC', 'SMC', 'Seflow Italy', 'Sentry', 'Share Link', 'SiteW', 'Sitelinks Search Box', 'Social Intents', 'Subversion', 'Thank You', 'UTF-8', 'Vector Internet Services', 'WP Booking Calendar', 'Wix', 'Wix Media', 'WordPress Related Posts', 'eLand', 'mlcom']"
havjo.com,Havjo Shop - Wear Black Heritage with Style - HavJo Shop,,,67,1835,2026-09-22T07:22:45.37209558Z,"['Amazon WAF Blocked', 'Apture Linking Platform', 'Checkout.com', 'Coming Soon Page', 'Content Delivery Network', 'Express', 'Google Analytics', 'Google My Business', 'Google Tag Manager', 'Instagram Follow Button', 'PayPal Adaptive Payments', 'Pinterest Conversion Tracking', 'QUIC', 'ShopBase', 'Tailwind CSS', 'Thank You', 'Twitter Ads', 'UTF-8', 'YouTube', 'shadcn ui']"
jennifertaylorhome.com,"Jennifer Taylor Home | Modern, Mid-Century and Contemporary Furniture",,,67,76692,2026-09-22T05:57:02.932102927Z,"['AWS WAF Challenge', 'Apps4BigCommerce', 'BigCommerce', 'Bing Cashback', 'Bing Conversion Tracking', 'Cloudflare', 'Cloudflare CDN', 'Express', 'Fireblade', 'FormSubmit', 'Google', 'Google Analytics', 'Google Cloud CDN', 'Google Cloud DNS', 'Google Font API', 'Google My Business', 'Google Recommendations AI', 'Google Related Website Sites', 'Google Tag Manager', 'Gorgias', 'IcoMoon', 'Instagram Follow Button', 'Klaviyo', 'M247', 'Microdata for Google Shopping', 'Perl', 'Pinterest Conversion Tracking', 'QUIC', 'Site.pro', 'Tailwind CSS', 'UTF-8', 'YouTube']"
travelswithted.com,RV Living and RV Camping Blog - Travels with Ted,,,67,17680,2026-09-22T05:16:47.967820543Z,"['AWS WAF Challenge', 'Alternate Protocol', 'Cloudflare', 'Cloudflare CDN', 'Content Delivery Network', 'EmbedPress', 'Fonts Plugin', 'GeneratePress Company', 'Google', 'Google Analytics', 'Google My Business', 'Google Tag Manager', 'MailChimp for WordPress', 'Mediavine Publisher', 'Microdata for Google Shopping', 'PHP', 'Pagekit', 'Pinterest Conversion Tracking', 'Quantcast Direct', 'Sassy Social Share', 'Sitelinks Search Box', 'Smush Image Optimization', 'Table of Contents Plus', 'Theme In WP', 'Twitter Ads', 'UTF-8', 'Vine Embed', 'WordPress', 'WordPress Multisite', 'jQuery']"
hotricosmetics.com,Herbal Skincare for natural beauty,Hotri Cosmetics,,67,10547,2026-09-22T05:09:22.793514039Z,"['Alternate Protocol', 'Astra Theme', 'CartFlows', 'Click to Chat for WhatsApp', 'Content Delivery Network', 'ElementUI', 'Elementor', 'EmbedPress', 'Express', 'Facebook Conversion Tracking', 'Facebook Login', 'Facebook Messenger Platform', 'Facebook Pixel', 'Facebook Reseller', 'Facebook Tag API', 'FormSubmit', 'Google', 'Google Analytics', 'Google Cloud DNS', 'Google Font API', 'Google My Business', 'Google Related Website Sites', 'Google Tag Manager', 'Instagram Follow Button', 'Kitco', 'LiteSpeed', 'Microdata for Google Shopping', 'NFOrce Internet', 'Ntent', 'PHP', 'Pinterest Conversion Tracking', 'Pleroma', 'QUIC', 'Sign In With Google', 'Site Kit', 'Smart Slider 3', 'Theme In WP', 'UTF-8', 'Woo Themes', 'WooCommerce', 'WooCommerce Checkout', 'WooCommerce Payments', 'WordPress', 'WordPress Multisite', 'WordPress Related Posts', 'eLand', 'jQuery']"
sami-k.co.uk,SAMI-K,Sami-K,,57,481,2026-09-22T03:23:04.636554807Z,"['Alternate Protocol', 'Aruba', 'Express', 'FormSubmit', 'GZIP Module', 'Instagram Follow Button', 'Line2', 'Microdata for Google Shopping', 'Newsletter for Wordpress', 'Pinterest Conversion Tracking', 'QUIC', 'Squarespace', 'UTF-8', 'WordPress SEO Structured Data Schema Plugin', 'eLand']"
blissbooksandwine.com,Bliss Books & Wine - Home,Bliss Books & Wine,USA,87,114299,2026-09-22T01:54:53.639649725Z,"['Adobe Creative Cloud WebFonts', 'Aruba', 'Coming Soon Page', 'Contento', 'Express', 'Facebook Login', 'Facebook Messenger Platform', 'Facebook Pixel', 'Facebook Reseller', 'Facebook Tag API', 'FormSubmit', 'GZIP Module', 'Google Analytics', 'Google Tag Manager', 'HubSpot Conversations', 'Hubspot', 'IcoMoon', 'Instagram Follow Button', 'Line2', 'Magento Enterprise', 'MailChimp', 'Microdata for Google Shopping', 'Newsletter for Wordpress', 'Pico CSS', 'Pinterest Conversion Tracking', 'QUIC', 'RatingWidget', 'SiteW', 'Square', 'Squarespace', 'Swell Rewards', 'Twitter Ads', 'UTF-8', 'WordPress SEO Structured Data Schema Plugin', 'Yotpo', 'YouTube', 'eLand']"
thereviewwire.com,"The Review Wire | Reviews, Gift Guides & Giveaways",The Review Wire,USA,82,7898,2026-09-21T23:50:57.494360087Z,"['Ajax Search Lite', 'Alternate Protocol', 'Amazon Associates Affiliate Shop', 'Amazon Widgets', 'Apache', 'Contextual Related Posts', 'ElementUI', 'EmbedPress', 'Express', 'Facebook Conversion Tracking', 'Facebook Login', 'Facebook Messenger Platform', 'Facebook Pixel', 'Facebook Reseller', 'Facebook Tag API', 'Font Awesome', 'GZIP Module', 'Google', 'Google Analytics', 'Google Cloud DNS', 'Google Font API', 'Google Related Website Sites', 'Google Tag Manager', 'Instagram Follow Button', 'Microdata for Google Shopping', 'PHP', 'Perl', 'Pinterest Conversion Tracking', 'Rakuten Affiliate', 'Restored 316 Designs', 'Simple Social Icons', 'Sitelinks Search Box', 'Smart Slider 3', 'StatCounter', 'StudioPress', 'Theme In WP', 'Twitter Ads', 'UTF-8', 'Umbler', 'University or College', 'WP Recipe Maker', 'WP Rocket', 'Woo Themes', 'WooCommerce', 'WooCommerce Checkout', 'WooCommerce Payments', 'WordPress', 'WordPress Multisite', 'WordPress Related Posts', 'Yandex Hosting', 'YouTube', 'eLand', 'jQuery', 'qTranslate']"
viralib.com,ViraLib® 4 fluid ounces - Health and Wisdom,Health and Wisdom,USA,77,44921,2026-09-21T23:34:52.554100764Z,"['AWS WAF Challenge', 'Alternate Protocol', 'Amazon Widgets', 'Apture Linking Platform', 'Aruba', 'Attentive', 'Cisco/Arrowpoint Content Service Switch', 'Cloudflare', 'Cloudflare CDN', 'Content Delivery Network', 'DAV', 'DuracellTomi Google Tag Manager for WordPress', 'Easy Accordio', 'ElementUI', 'Elementor', 'Express', 'Facebook Conversion Tracking', 'Facebook Login', 'Facebook Messenger Platform', 'Facebook Pixel', 'Facebook Reseller', 'Facebook Tag API', 'Google', 'Google Analytics', 'Google Cloud CDN', 'Google Cloud DNS', 'Google Font API', 'Google My Business', 'Google Related Website Sites', 'Google Tag Manager', 'Instagram Follow Button', 'Kinsta', 'Line2', 'Microdata for Google Shopping', 'Microsoft Clarity', 'NFOrce Internet', 'Newsletter for Wordpress', 'Ntent', 'OceanWP', 'PHP', 'PayPal', 'Perl', 'Pinterest Conversion Tracking', 'QUIC', 'Stripe', 'TI WooCommerce Wishlist', 'TrustIndex', 'UTF-8', 'Vercel', 'WP Mobile Menu', 'WPForms', 'Woo Themes', 'WooCommerce Checkout', 'WordPress', 'WordPress Multisite', 'eLand', 'jQuery', 'reCAPTCHA']"
verasartsanddice.com,Vera's Arts & Dice • Home,,NLD,67,4480,2026-09-21T23:24:03.264182526Z,"['Advanced Woo Search', 'Apache', 'Automattic', 'ElementUI', 'EmbedPress', 'Etsy', 'Facebook Login', 'Facebook Messenger Platform', 'Facebook Pixel', 'Facebook Reseller', 'Facebook Tag API', 'Federal Deposit Insurance Corporation', 'GZIP Module', 'Google', 'Google Analytics', 'Google Cloud DNS', 'Google Font API', 'Google My Business', 'Google Related Website Sites', 'Google Tag Manager', 'Instagram Follow Button', 'Jetpack', 'MailChimp', 'Microdata for Google Shopping', 'PHP', 'Pinterest Conversion Tracking', 'Storefront', 'Theme In WP', 'Twitter Ads', 'UTF-8', 'Woo Themes', 'WooCommerce', 'WooCommerce Checkout', 'WooCommerce Payments', 'WooCommerce Pixel Manager by woopt', 'WordPress', 'WordPress Multisite', 'YouTube', 'jQuery']"
decaturilphoto.com,Your Go-To Photographer,The Studio Downtown,,57,25577,2026-09-21T23:10:27.356874547Z,"['Apture Linking Platform', 'Aruba', 'Express', 'Facebook Conversion Tracking', 'Facebook Login', 'Facebook Messenger Platform', 'Facebook Pixel', 'Facebook Reseller', 'Facebook Tag API', 'GZIP Module', 'Google Analytics', 'Google My Business', 'Google Tag Manager', 'IcoMoon', 'Instagram Follow Button', 'Line2', 'Magento Enterprise', 'Microdata for Google Shopping', 'Pinterest Conversion Tracking', 'QUIC', 'SiteW', 'Squarespace', 'UTF-8', 'University or College', 'WordPress SEO Structured Data Schema Plugin', 'eLand']"
sweeteventswv.com,"Home - Sweet Events | Sugar Cookie Decorating, Catering, Classes, & Courses","Sweet Events | Sugar Cookie Decorating, Classes, Catering, and Courses",USA,72,16726,2026-09-21T20:48:53.58656992Z,"['Alternate Protocol', 'Apache', 'Brevo', 'Divi', 'Elegant Themes', 'EmbedPress', 'GZIP Module', 'Google Analytics', 'Google Cloud DNS', 'Google Font API', 'Google Related Website Sites', 'Google Tag Manager', 'Instagram Follow Button', 'Microdata for Google Shopping', 'PHP', 'Pinterest Conversion Tracking', 'Pirsch', 'Sitelinks Search Box', 'Theme In WP', 'UTF-8', 'WP Super Cache', 'Wangsu', 'WonderPush', 'Woo Themes', 'WordPress', 'WordPress Multisite', 'jQuery']"
luxurywatchesrep.com,The Lager Collection of Luxury Swiss Clone Watches - Replica,,,62,19626,2026-09-21T20:10:24.205830922Z,"['AWS WAF Challenge', 'Alternate Protocol', 'Apture Linking Platform', 'Astra Theme', 'Cloudflare', 'Cloudflare CDN', 'Elementor', 'EmbedPress', 'Google', 'Google Analytics', 'Google Cloud DNS', 'Google Font API', 'Google My Business', 'Google Tag Manager', 'Gravity', 'Gravity Forms', 'HappyAddons', 'Header, Footer and Blocks for Elementor', 'Instagram Follow Button', 'Microdata for Google Shopping', 'NFOrce Internet', 'PHP', 'Pinterest Conversion Tracking', 'QUIC', 'Sitelinks Search Box', 'Table Addons for Elementor', 'Telegram', 'Theme In WP', 'To Top', 'UTF-8', 'Woo Themes', 'WooCommerce', 'WooCommerce Checkout', 'WooCommerce Payments', 'WordPress', 'WordPress Multisite', 'WordPress Related Posts', 'jQuery']"
storybookinvites.com,Apply To Receive A Princess Portrait Session,,USA,60,1505,2026-09-21T20:02:29.778639934Z,"['AWS WAF Challenge', 'Amazon S3 CDN', 'Aruba', 'ByteDance', 'CDN JS', 'Cloudflare', 'Cloudflare CDN', 'Cloudflare Web Analytics', 'Content Delivery Network', 'Facebook Like', 'Facebook Login', 'Facebook Messenger Platform', 'Facebook Reseller', 'Font Awesome', 'Giphy', 'Google Analytics', 'Google Cloud DNS', 'Google Font API', 'Google Tag Manager', 'Pinterest Conversion Tracking', 'Proof', 'Storyblocks', 'TikTok Conversion Tracking Pixel', 'UTF-8', 'eLand', 'jsDelivr']"
candacerae-art.com,Candace Rae Art,Candace Rae Art,,62,77053,2026-09-21T19:20:54.551582687Z,"['Adobe Creative Cloud WebFonts', 'Aruba', 'Express', 'GZIP Module', 'Google Analytics', 'Google Related Website Sites', 'Google Tag Manager', 'Instagram Follow Button', 'Line2', 'Magento Enterprise', 'Microdata for Google Shopping', 'Pinterest Conversion Tracking', 'QUIC', 'SiteW', 'Squarespace', 'UTF-8', 'WordPress SEO Structured Data Schema Plugin', 'eLand']"
dewittheating.com,Tyler Heating & Cooling - Professional HVAC - Greater Lansing,,PER,82,1840625,2026-09-21T18:49:29.592897363Z,"['33 Across Direct', 'AB Tasty', 'ADFOX', 'AWS WAF Challenge', 'Active Campaign', 'AdRoll', 'AddThis for Wordpress', 'Adform Direct', 'Adobe Analytics', 'Adobe Marketing Cloud', 'Adpushup', 'Aimtell', 'Akamai Global Host', 'Alibaba Cloud CDN', 'Amazon Associates Affiliate Shop', 'Amazon CloudFront', 'Amazon WAF Blocked', 'Amped', 'Amplitude', 'Analytify', 'AnyChat', 'AppNexus Direct', 'Apture Linking Platform', 'Automattic', 'BLR', 'Baidu Ads', 'Baidu Analytics', 'Baidu Cloud', 'Band Camp', 'Bazaarvoice', 'Bazaarvoice Curations', 'BidSwitch Direct', 'Bing Cashback', 'Bing Conversion Tracking', 'Birdeye', 'Brevo', 'Brightcove', 'ByteDance', 'CDN JS', 'Calendly', 'Camp', 'Chartbeat', 'Chatra', 'Clicky', 'CloudFront', 'Cloudflare', 'Cloudflare CDN', 'Cloudflare Stream', 'Cloudflare Turnstile', 'Cloudflare Web Analytics', 'Cognito Forms', 'Connatix Reseller', 'Constant Contact', 'Content Square', 'Convert', 'ConvertKit', 'Cookie First', 'CookieYes', 'Countly', 'CrazyEgg', 'Crisp', 'Criteo', 'Criteo Reseller', 'Crowdsignal', 'Customer.io', 'Cybot', 'DailyMotion Video', 'Dailymotion Reseller', 'Decibel Insight', 'DemDex', 'Didomi', 'Disqus Comment System for WordPress', 'DoubleClick Bid Manager', 'Drift', 'Drip', 'Dynamic Yield', 'Eber', 'Elegant Themes', 'Eloqua', 'EmbedPress', 'Engage', 'Ensighten', 'Enzuzo', 'ExactTarget', 'Ezoic Direct', 'Ezoic Publisher', 'Facebook Embedded Posts', 'Facebook Pixel', 'Facebook Reseller', 'Feefo', 'Fomo', 'Font Awesome', 'Fonts.com', 'Formstack', 'Freshdesk Support', 'Freshpaint', 'Freshworks Bot', 'FullStory', 'GZIP Module', 'GetGist', 'GetResponse', 'GetSiteControl', 'Giphy', 'Global Privacy Control', 'GoatCounter', 'Google', 'Google Adsense', 'Google Analytics', 'Google Calendar', 'Google Cloud CDN', 'Google Cloud DNS', 'Google Flights Conversion Tracking', 'Google Font API', 'Google Funding Choices', 'Google Maps', 'Google Matched Content', 'Google My Business', 'Google Reseller', 'Google Tag Manager', 'Gorgias', 'GumGum', 'GumGum Direct', 'Heap', 'Hello Bar', 'Help Scout', 'HelpCrunch', 'Hotjar', 'HubSpot Conversations', 'Hubspot', 'Infolinks', 'Inspectlet', 'Instagram Follow Button', 'Intercom', 'IponWeb BidSwitch', 'Iterable', 'Iubenda', 'JW Player Platform', 'Jetpack', 'JivoSite', 'JotForm', 'Kakao', 'Kaltura', 'Kameleoon', 'Kampyle Analytics', 'Klaviyo', 'Lazy Load for WordPress', 'Leadfeeder', 'Lijit Reseller', 'LinkedIn Insights', 'LiteSpeed', 'LiveChat', 'LiveChat Monitoring', 'LiveRamp', 'MGID', 'MGID Reseller', 'MailChimp', 'MailerLite', 'Mailjet Widget', 'Marketo', 'Matomo', 'Mautic', 'Media.net', 'Media.net Reseller', 'Mediavine Publisher', 'Microdata for Google Shopping', 'Microsoft Azure Blob Storage', 'Microsoft Clarity', 'Mixpanel', 'Monetate', 'Monster', 'Monumetric Publisher', 'Mouseflow', 'New Relic', 'Nginx', 'NitroPack', 'Ntent', 'Nudgify', 'OSS CDN', 'Okendo', 'Olark', 'OmniConvert', 'Omnisend', 'OneTrust Domain Verification', 'Ontraport', 'OpenX Direct', 'Optimizely Recommendations', 'OptinMonster', 'Outbrain Direct', 'PHP', 'Paperform', 'Pardot', 'Parse.ly', 'PayPal', 'PayPal Adaptive Payments', 'Pendo', 'Personyze', 'Pinterest Conversion Tracking', 'Pirsch', 'Piwik PRO', 'Plausible Analytics', 'Podium', 'PollDaddy', 'PubMatic Direct', 'Pubmatic', 'PushAlert', 'PushEngage', 'Qualtrics Site Intercept', 'Quantcast Direct', 'Quantum Metric', 'RM Education', 'RTB House Direct', 'Reamaze', 'Revcontent Reseller', 'ReviewsOnMyWebsite', 'Rumble Player', 'ScarabResearch', 'Seflow Italy', 'Segment', 'Segment Consent Manager', 'SendPulse', 'Sentry', 'ShareThis', 'Shopper Approved', 'Simple Analytics', 'SiteW', 'SiteWit', 'SmartAdServer Direct', 'SmartSupp', 'SnapEngage', 'Sourcepoint', 'SproutVideo', 'Stamped', 'StatCounter', 'Streamable', 'Stripe', 'Sumo', 'Swell Rewards', 'Taboola Direct', 'Taboola Reseller', 'Tailwind CSS', 'Tally', 'Tealium', 'Telegram', 'The Trade Desk Direct', 'Theme In WP', 'Thrive Direct', 'TikTok Conversion Tracking Pixel', 'Triple Lift Direct', 'TrustPulse', 'Tumblr', 'Twitch', 'Twitter Ads', 'Twitter Analytics', 'Typeform', 'UK Cookie Consent', 'UTF-8', 'Vercel', 'Vimeo', 'Vimeo CDN', 'Vine Embed', 'Visual Website Optimizer', 'Webpushr', 'Wistia', 'Woo Themes', 'Woopra', 'WordPress', 'WordPress Multisite', 'Wufoo', 'Yahoo Image CDN', 'Yahoo Web Analytics', 'Yandex Hosting', 'Yieldmo Direct', 'Yotpo', 'YouTube', 'Zendesk Embeddables', 'Zoho SalesIQ', 'arsys.es', 'comScore', 'eKomi', 'iZooto', 'jQuery', 'jsDelivr', 'mParticle', 'reCAPTCHA']"
intuiti.it,Intùiti® Creative Cards,,ITA,72,10668,2026-09-21T16:59:16.683584814Z,"['ADFOX', 'Adobe Creative Cloud WebFonts', 'Apache', 'Azion', 'Bulma', 'ByteDance', 'Express', 'Facebook Conversion Tracking', 'Facebook Login', 'Facebook Messenger Platform', 'Facebook Pixel', 'Facebook Reseller', 'Facebook Tag API', 'GZIP Module', 'Google My Business', 'Google Tag Manager', 'IcoMoon', 'Perl', 'Pinterest Conversion Tracking', 'Tailwind CSS', 'The Deck', 'TikTok Conversion Tracking Pixel', 'UTF-8', 'Ubuntu', 'University or College', 'Vimeo', 'Yandex Hosting', 'Yandex Metrika']"
buttersbarkery.com,"Butters Barkery & Pawtisserie | Gourmet Dog Birthday Cakes, Subscription Boxes and Decorated Dog Cookie Gift Boxes",Butters Barkery &amp; Pawtisserie,USA,87,129939,2026-09-21T16:08:07.978475531Z,"['AWS WAF Challenge', 'Alternate Protocol', 'Amazon WAF Blocked', 'Apture Linking Platform', 'Commoninja', 'Constant Contact', 'Content Delivery Network', 'DAV', 'DC74', 'Express', 'Fastly', 'Fastly CDN', 'GZIP Module', 'Google Analytics', 'Google Related Website Sites', 'Google Tag Manager', 'Instagram Follow Button', 'Microdata for Google Shopping', 'Microsoft Azure Blob Storage', 'NFOrce Internet', 'On The Map', 'POWr', 'PWA', 'Perl', 'Pinterest Conversion Tracking', 'QUIC', 'SMC', 'Seflow Italy', 'Sentry', 'SiteW', 'Thank You', 'UTF-8', 'Vector Internet Services', 'WP Booking Calendar', 'Wix', 'Wix Media', 'eLand', 'mlcom']"
abeec.com.au,ABeeC Hives - Australian Native Bee Hives - Stingless OATH Beehives,ABeeC Hives - Australian Native Bee Hives,,67,4324,2026-09-21T14:05:26.25832645Z,"['Alternate Protocol', 'Apture Linking Platform', 'DoubleClick Bid Manager', 'ElementUI', 'EmbedPress', 'Express', 'Facebook Conversion Tracking', 'Facebook Login', 'Facebook Messenger Platform', 'Facebook Pixel', 'Facebook Reseller', 'Facebook Tag API', 'FiboSearch', 'Fontello', 'GZIP Module', 'Google', 'Google Adsense', 'Google Analytics', 'Google Cloud CDN', 'Google Cloud DNS', 'Google Font API', 'Google Funding Choices', 'Google Matched Content', 'Google My Business', 'Google Related Website Sites', 'Google Reseller', 'Google Tag Manager', 'IcoMoon', 'Instagram Follow Button', 'Lazy Load for WordPress', 'LiteSpeed', 'Microdata for Google Shopping', 'PHP', 'Parallels Plesk Panel', 'Pinterest Conversion Tracking', 'QUIC', 'Schema Plugin', 'Slider Revolution', 'Theme In WP', 'UTF-8', 'WP Rocket', 'WPBakery', 'Woo Themes', 'WooCommerce', 'WooCommerce Checkout', 'WooCommerce Payments', 'WordPress', 'WordPress Multisite', 'eLand', 'jQuery']"
edgecatering.ca,Edge Catering,Edge Catering,CAN,82,76333,2026-09-21T14:05:26.244953607Z,"['Adobe Creative Cloud WebFonts', 'Apture Linking Platform', 'Aruba', 'Express', 'GZIP Module', 'Google Analytics', 'Google Tag Manager', 'Instagram Follow Button', 'Line2', 'Magento Enterprise', 'Microdata for Google Shopping', 'Pinterest Conversion Tracking', 'QUIC', 'SiteW', 'Squarespace', 'Thank You', 'Twitter Ads', 'UTF-8', 'WordPress SEO Structured Data Schema Plugin', 'eLand']"
turtlebackcase.com,The Official Turtleback Case Store,Turtleback,USA,77,55928,2026-09-21T09:09:03.115233393Z,"['AWS WAF Challenge', 'AdRoll', 'Alternate Protocol', 'Apps4BigCommerce', 'BigCommerce', 'Bing Cashback', 'Bing Conversion Tracking', 'Cloudflare', 'Cloudflare CDN', 'Express', 'Facebook Conversion Tracking', 'Facebook Login', 'Facebook Messenger Platform', 'Facebook Pixel', 'Facebook Reseller', 'Facebook Tag API', 'Fireblade', 'Giropay', 'Google', 'Google Analytics', 'Google Cloud CDN', 'Google Cloud DNS', 'Google Font API', 'Google My Business', 'Google Recommendations AI', 'Google Related Website Sites', 'Google Tag Manager', 'Instagram Follow Button', 'JustUno', 'Klaviyo', 'Lightwidget', 'Microdata for Google Shopping', 'Pinterest Conversion Tracking', 'QUIC', 'RevenueHunt', 'UTF-8', 'UserWay', 'YouTube', 'jQuery']"
noaart.co.uk,Noa Art - Capturing the Spirit of Scotland in Paint,,,77,6301,2026-09-21T08:33:40.635569258Z,"['Alternate Protocol', 'Astra Theme', 'Cisco/Arrowpoint Content Service Switch', 'ElementUI', 'Elementor', 'EmbedPress', 'Facebook Conversion Tracking', 'Facebook Login', 'Facebook Messenger Platform', 'Facebook Pixel', 'Facebook Reseller', 'Facebook Tag API', 'GZIP Module', 'Google Analytics', 'Google Cloud DNS', 'Google Font API', 'Google Related Website Sites', 'Google Tag Manager', 'Instagram Follow Button', 'LiteSpeed', 'MailPoet', 'Microdata for Google Shopping', 'Pinterest Conversion Tracking', 'QUIC', 'Sitelinks Search Box', 'UTF-8', 'Woo Themes', 'WooCommerce Payments', 'WordPress']"
praetoriansgame.com,Press Release: Dungeon Lords Acquires PraetoriansGame.com,,GBR,77,10123,2026-09-21T07:22:47.687413625Z,"['Alternate Protocol', 'Amazon Widgets', 'Baidu Cloud', 'Content Delivery Network', 'DAV', 'Divi', 'Download Monitor', 'Duoban', 'Elegant Themes', 'EmbedPress', 'Express', 'Facebook Conversion Tracking', 'Facebook Login', 'Facebook Messenger Platform', 'Facebook Pixel', 'Facebook Reseller', 'Facebook Tag API', 'Funnelytics', 'Google', 'Google Analytics', 'Google Cloud CDN', 'Google Cloud DNS', 'Google Font API', 'Google Related Website Sites', 'Google Tag Manager', 'LiteSpeed', 'Loomly', 'Microdata for Google Shopping', 'PHP', 'Pinterest Conversion Tracking', 'Theme In WP', 'UTF-8', 'Woo Themes', 'WooCommerce', 'WooCommerce Checkout', 'WooCommerce Payments', 'WordPress', 'WordPress Multisite', 'Yandex Hosting', 'YouTube', 'jQuery']"
stealthangelgear.com,Stealth Angel Survival - Outdoor & Urban Survival Products,Stealth Angel Survival,USA,77,68430,2026-09-21T05:28:36.498309077Z,"['AJAX Libraries API', 'Amazon', 'Amazon CloudFront', 'Amazon Route 53', 'Amped', 'Angular', 'Apture Linking Platform', 'Attentive', 'Azure Edge', 'BLR', 'Baidu Cloud', 'Bing Cashback', 'Bing Conversion Tracking', 'CDN JS', 'CloudFront', 'Cloudflare', 'Cloudflare CDN', 'Criteo', 'DoubleClick Bid Manager', 'Facebook Login', 'Facebook Messenger Platform', 'Facebook Reseller', 'Fireblade', 'Google Cloud DNS', 'Google Flights Conversion Tracking', 'Google My Business', 'Google Related Website Sites', 'IcoMoon', 'Instagram Follow Button', 'Microdata for Google Shopping', 'Microsoft Azure Verified CDN', 'Outbrain Direct', 'Pingdom RUM', 'Pinterest Conversion Tracking', 'QUIC', 'Reamaze', 'Refersion', 'Shopify', 'Shopify Collabs', 'Stamped', 'Tailwind CSS', 'Tumblr', 'Twitter Ads', 'Twitter Analytics', 'Twitter Conversion Tracking', 'UTF-8', 'Yahoo Image CDN', 'Yandex Hosting', 'YouTube', 'hCaptcha', 'jQuery', 'reCAPTCHA']"
mommyfromtheblock.com,Home - Mommy from the Block,,,75,8470,2026-09-21T04:56:32.482892304Z,"['Alternate Protocol', 'Automattic', 'BatCache', 'Elementor', 'EmbedPress', 'Fastly', 'Fonts Plugin', 'Google', 'Google Adsense', 'Google Analytics', 'Google Cloud CDN', 'Google Funding Choices', 'Google Matched Content', 'Google My Business', 'Google Related Website Sites', 'Google Reseller', 'Google Tag Manager', 'Gravity', 'Gravity Forms', 'Gutenberg', 'HappyAddons', 'Jetpack', 'Jetpack Site Accelerator', 'Microdata for Google Shopping', 'NFOrce Internet', 'Nginx', 'PHP', 'Pinterest Conversion Tracking', 'Theme In WP', 'To Top', 'Twitter Ads', 'UTF-8', 'WP Advanced Ads', 'Woo Themes', 'WooCommerce', 'WooCommerce Checkout', 'WooCommerce Payments', 'WordPress', 'WordPress Ad Manager and AdSense Ads', 'WordPress Multisite', 'WordPress Stats', 'jQuery']"
tcsscleaningsupply.com,TCSS Cleaning Supply | TCSS Cleaning Supply,TCSS Cleaning Supply,,60,622,2026-09-21T03:23:40.57394182Z,"['Alternate Protocol', 'ClickOn', 'Content Delivery Network', 'ElementUI', 'Elementor', 'EmbedPress', 'Facebook Conversion Tracking', 'Facebook Login', 'Facebook Messenger Platform', 'Facebook Pixel', 'Facebook Reseller', 'Facebook Tag API', 'Google', 'Google Analytics', 'Google Cloud CDN', 'Google Cloud DNS', 'Google Font API', 'Google Related Website Sites', 'Google Tag Manager', 'Microdata for Google Shopping', 'NFOrce Internet', 'Nginx', 'PHP', 'Pinterest Conversion Tracking', 'QUIC', 'SiteGround Optimizer', 'Telegram', 'Theme In WP', 'UTF-8', 'Woo Themes', 'WooCommerce', 'WooCommerce Checkout', 'WooCommerce Payments', 'WooFramework', 'WordPress', 'WordPress Multisite', 'XTemos Studio', 'jQuery']"
polkadoodles.co.uk,"Card making craft supplies, stamps, Stencils, Ink Pads, Cutting dies, Scrapbook paper, Digital Stamp printable stickers",,GBR,62,41897,2026-09-21T02:54:55.840221113Z,"['AJAX Libraries API', 'AWS WAF Challenge', 'Alternate Protocol', 'Amazon', 'Amazon CloudFront', 'Amazon S3 CDN', 'Apps4BigCommerce', 'BigCommerce', 'CloudFront', 'Cloudflare', 'Cloudflare CDN', 'Cloudflare Web Analytics', 'Elfsight', 'Express', 'Facebook Login', 'Facebook Messenger Platform', 'Facebook Pixel', 'Facebook Reseller', 'Fireblade', 'Font Awesome', 'FormSubmit', 'GoAffPro', 'Google', 'Google Analytics', 'Google Cloud CDN', 'Google Cloud DNS', 'Google Conversion Tracking', 'Google Font API', 'Google Tag Manager', 'Instagram Follow Button', 'OpenAI', 'Perl', 'Pinterest Conversion Tracking', 'Poptin', 'QUIC', 'Search Magic', 'Site.pro', 'Storyblocks', 'Twitter Ads', 'UTF-8', 'Vello', 'YouTube']"
tckitchenandbath.com,Treasured Craft Kitchen and Bath | home blog,Treasured Craft Kitchen &amp; Bath,,77,156665,2026-09-21T01:28:46.585203901Z,"['Alternate Protocol', 'Amazon WAF Blocked', 'Apture Linking Platform', 'Cloudflare', 'Content Delivery Network', 'Contento', 'DAV', 'Ethy', 'Express', 'Fastly', 'Fastly CDN', 'Fireblade', 'FormSubmit', 'GZIP Module', 'Google Related Website Sites', 'Juicer DMP', 'K2F', 'Microdata for Google Shopping', 'NFOrce Internet', 'Ntent', 'PWA', 'Perl', 'Pico CSS', 'Pinterest Conversion Tracking', 'QUIC', 'SMC', 'Seflow Italy', 'Sentry', 'SiteW', 'Sitelinks Search Box', 'Subversion', 'UTF-8', 'Vector Internet Services', 'WP Booking Calendar', 'Wix', 'Wix Media', 'WordPress Related Posts', 'eLand', 'mlcom']"
mitsurohikime.ch,Mitsuro Hikime Suisse,,,52,353,2026-09-20T21:58:57.531210083Z,"['Alternate Protocol', 'Bulma', 'CDN JS', 'Cloudflare', 'Cloudflare CDN', 'Font Awesome', 'GZIP Module', 'Google Cloud DNS', 'Google Font API', 'Instagram Follow Button', 'Matomo', 'Matomo Tag Manager', 'Nginx', 'Pinterest Conversion Tracking', 'Tailwind CSS', 'UTF-8', 'YouTube', 'jQuery', 'jsDelivr']"
energeticfacialmapping.com,Shaman & Mobile Massage Therapist San Diego | Royal Hummingbird,Royal Hummingbird Sacred Healing Arts,,77,104761,2026-09-20T20:56:56.042626233Z,"['Adobe Creative Cloud WebFonts', 'Aruba', 'Contento', 'Ethy', 'Express', 'GZIP Module', 'Google Adsense', 'Google Analytics', 'Google Cloud DNS', 'Google Cloud Storage', 'Google Funding Choices', 'Google Matched Content', 'Google Related Website Sites', 'Google Reseller', 'Google Tag Manager', 'Harbor', 'IcoMoon', 'Instagram Follow Button', 'Line2', 'Magento Enterprise', 'Microdata for Google Shopping', 'Pinterest Conversion Tracking', 'QUIC', 'SiteW', 'Squarespace', 'UTF-8', 'WordPress SEO Structured Data Schema Plugin', 'YouTube', 'eLand']"
tuscany-exclusive.net,Rent your Holiday House — Tuscany Exclusive,Tuscany Exclusive Ltd. & Co. KG,ITA,70,15289,2026-09-20T19:50:00.0879154Z,"['Alternate Protocol', 'Apache', 'Azion', 'CDN JS', 'Cisco/Arrowpoint Content Service Switch', 'Cloudflare', 'Cloudflare CDN', 'Contact Form Plugin', 'Elementor', 'EmbedPress', 'Fastly', 'Google Analytics', 'Google Cloud DNS', 'Google Customer Reviews', 'Google Font API', 'Google My Business', 'Google Tag Manager', 'Gravity Forms', 'Instagram Follow Button', 'Jetpack', 'Kitco', 'MailChimp for WordPress', 'MailPoet', 'Microdata for Google Shopping', 'Ntent', 'PHP', 'Pinterest Conversion Tracking', 'Pixelmate', 'QUIC', 'Site Kit', 'Sitelinks Search Box', 'Slider Revolution', 'SmartCrawl', 'Tailwind CSS', 'Theme In WP', 'TrustIndex', 'UTF-8', 'WPBakery', 'WPML Multilingual', 'Woo Themes', 'WordPress', 'WordPress Multisite', 'YouTube', 'jQuery']"
beneaththemaple.com,"Gardening Tips, Outdoor Living Ideas, and More | Beneath the Maple",,,72,25127,2026-09-20T18:33:49.659652071Z,"['Alternate Protocol', 'EmbedPress', 'GZIP Module', 'Google', 'Google Adsense', 'Google Analytics', 'Google Funding Choices', 'Google Matched Content', 'Google My Business', 'Google Reseller', 'Google Tag Manager', 'Idaq', 'Instagram Follow Button', 'KVH', 'Microdata for Google Shopping', 'Nginx', 'Pinterest Conversion Tracking', 'Tailwind CSS', 'Twitter Ads', 'UTF-8', 'W3 Total Cache', 'Woo Themes', 'WooCommerce Payments', 'WordPress', 'WordPress Multisite', 'YouTube']"
rmlandscape.net,Outdoor Living Company | Rocky Mountain Outdoor Living,Rocky Mountain Outdoor Living,USA,87,155658,2026-09-20T16:19:30.987834373Z,"['Alternate Protocol', 'Amazon WAF Blocked', 'Apture Linking Platform', 'Bing Cashback', 'Bing Conversion Tracking', 'Content Delivery Network', 'DC74', 'Express', 'Fastly', 'Fastly CDN', 'Fireblade', 'GZIP Module', 'Google Customer Reviews', 'Google My Business', 'Google Related Website Sites', 'Heroku', 'Instagram Follow Button', 'K2F', 'KVH', 'Microdata for Google Shopping', 'NFOrce Internet', 'No-Q', 'PWA', 'Pinterest Conversion Tracking', 'QUIC', 'SMC', 'Seflow Italy', 'Sentry', 'SiteW', 'Subversion', 'Thank You', 'UTF-8', 'Vector Internet Services', 'Wix', 'Wix Media', 'eLand', 'mlcom']"
goldartpub.com,Goldart Publishing LLC | Books That Help Small Businesses Succeed,,USA,77,89828,2026-09-20T15:16:46.378154752Z,"['Alternate Protocol', 'Amazon WAF Blocked', 'Apture Linking Platform', 'Content Delivery Network', 'Express', 'Fastly', 'Fastly CDN', 'GZIP Module', 'Google Related Website Sites', 'Microdata for Google Shopping', 'NFOrce Internet', 'PWA', 'Perl', 'Pinterest Conversion Tracking', 'QUIC', 'SMC', 'Seflow Italy', 'Sentry', 'SiteW', 'Sitelinks Search Box', 'Thank You', 'UTF-8', 'Vector Internet Services', 'Wix', 'Wix Media', 'mlcom']"
umatter2inc.org,Home - U Matter 2,U Matter 2,,62,781014,2026-09-20T12:22:57.629593666Z,"['501c3 Status Nonprofit', 'AB Tasty', 'ADFOX', 'AJAX Libraries API', 'AWS WAF Challenge', 'Active Campaign', 'AdRoll', 'AddThis for Wordpress', 'Adobe Analytics', 'Adobe Marketing Cloud', 'Alternate Protocol', 'Amazon Associates Affiliate Shop', 'Amazon WAF Blocked', 'Amplitude', 'Apache', 'AppNexus Direct', 'Astra Theme', 'Authorize.net', 'Automattic', 'Bing Cashback', 'Bing Conversion Tracking', 'Braintree', 'Brevo', 'Brightcove', 'Bunny Fonts', 'BunnyCDN General', 'ByteDance', 'CDN JS', 'CDN77 Hosted', 'Calendly', 'Cart.com', 'Chartbeat', 'Clicky', 'Cloudflare', 'Cloudflare CDN', 'Cloudflare Web Analytics', 'ConvertKit', 'CrazyEgg', 'Crisp', 'Criteo', 'Criteo Reseller', 'DailyMotion Video', 'Disqus Comment System for WordPress', 'DoubleClick Bid Manager', 'Drift', 'ElementUI', 'EmbedPress', 'Engage', 'Facebook Embedded Posts', 'Facebook Reseller', 'Firebase', 'Font Awesome', 'Freshworks Bot', 'GZIP Module', 'Giphy', 'Google', 'Google Adsense', 'Google Analytics', 'Google Cloud CDN', 'Google Cloud DNS', 'Google Font API', 'Google Maps', 'Google Matched Content', 'Google My Business', 'Google Pay', 'Google Reseller', 'Google Tag Manager', 'Heap', 'Help Scout', 'Hubspot', 'Impact', 'Infolinks', 'Inspectlet', 'Instagram Follow Button', 'Intercom', 'JW Player Platform', 'Jetpack', 'JotForm', 'Kinsta', 'Klaviyo', 'LiveChat', 'LiveChat Monitoring', 'MailChimp', 'MailerLite', 'Marketo', 'Matomo', 'Media.net', 'Media.net Reseller', 'Mediavine Publisher', 'Microdata for Google Shopping', 'Microsoft Clarity', 'Mixpanel', 'Mouseflow', 'New Relic', 'NitroPack', 'Olark', 'On The Map', 'OpenX Direct', 'OptiMole', 'Optimizely Recommendations', 'Outbrain Direct', 'PHP', 'Pardot', 'Parse.ly', 'PayPal Adaptive Payments', 'Pinterest Conversion Tracking', 'Piwik PRO', 'Plausible Analytics', 'PubMatic Direct', 'Pubmatic', 'PushEngage', 'QUIC', 'Quantcast Direct', 'RM Education', 'Recart', 'RocketCDN', 'Rumble Player', 'Seflow Italy', 'Segment', 'ShareThis', 'Sign In With Google', 'Square', 'Squarespace Online Appointment Scheduling', 'StatCounter', 'Statically', 'Stripe', 'Sumo', 'Swell Rewards', 'Taboola Direct', 'Taboola Reseller', 'Tealium', 'Theme In WP', 'Thrive Direct', 'Twitch', 'Twitter Ads', 'Twitter Analytics', 'Typeform', 'UTF-8', 'VigLink', 'Vimeo', 'Vine Embed', 'Visual Website Optimizer', 'Way', 'Wistia', 'Woopra', 'WordPress', 'WordPress Multisite', 'WordPress Related Posts', 'Yandex Hosting', 'Yotpo', 'YouTube', 'Zeffy', 'comScore', 'jsDelivr', 'reCAPTCHA']"
theportablesink.com,Ozark River Manufacturing | Self Contained Portable Sinks,Ozark River Manufacturing,USA,92,35206,2026-09-20T11:47:33.441560035Z,"['AWS WAF Challenge', 'Add to Any', 'Alternate Protocol', 'AutomateWoo', 'ByteDance', 'Call to Visit', 'Cloudflare', 'Content Delivery Network', 'Customer Reviews for WooCommerce', 'DAV', 'DuracellTomi Google Tag Manager for WordPress', 'Elegant Themes', 'Elementor', 'EmbedPress', 'Fireblade', 'Font Awesome', 'GitHub Hosting', 'Google Analytics', 'Google Customer Reviews', 'Google Related Website Sites', 'Google Tag Manager', 'Gravity', 'Gravity Forms', 'IcoMoon', 'Instagram Follow Button', 'LinkedIn Insights', 'LinkedIn Pixel', 'MailPoet', 'Microdata for Google Shopping', 'Microsoft Clarity', 'Ninja Forms', 'PHP', 'Perl', 'Pinterest Conversion Tracking', 'Popup Maker for Wordpress', 'QUIC', 'Sitelinks Search Box', 'Smart Coupons for WooCommerce', 'Table Addons for Elementor', 'Tawk', 'Theme In WP', 'TikTok Conversion Tracking Pixel', 'UTF-8', 'UnderStrap', 'Woo Themes', 'WooCommerce', 'WooCommerce Checkout', 'WordPress', 'WordPress Multisite', 'YouTube', 'accessiBe', 'jQuery']"
lifepathcounseling-co.com,Finding Your Path-Lifepath Counseling LLC,Lifepath Counseling LLC,,67,16543,2026-09-20T07:14:36.545848948Z,"['AWS WAF Challenge', 'Adobe Creative Cloud WebFonts', 'Alternate Protocol', 'Aruba', 'Express', 'GZIP Module', 'Instagram Follow Button', 'Line2', 'Microdata for Google Shopping', 'No-Q', 'Pinterest Conversion Tracking', 'QUIC', 'Squarespace', 'UTF-8', 'WordPress SEO Structured Data Schema Plugin', 'eLand']"
doodlesbyneets.com,Neets | Artist & Illustrator,,,67,102841,2026-09-20T06:43:04.672825934Z,"['AJAX Libraries API', 'Adobe Creative Cloud WebFonts', 'Aruba', 'Contento', 'Express', 'Facebook Login', 'Facebook Messenger Platform', 'Facebook Pixel', 'Facebook Reseller', 'Facebook Tag API', 'GZIP Module', 'Google Analytics', 'Google Cloud DNS', 'Google Cloud Storage', 'Google Tag Manager', 'IcoMoon', 'Instagram Follow Button', 'Line2', 'Magento Enterprise', 'Microdata for Google Shopping', 'Pinterest Conversion Tracking', 'QUIC', 'SiteW', 'Squarespace', 'UTF-8', 'WordPress SEO Structured Data Schema Plugin', 'eLand', 'jQuery']"
trinetrblessings.com,Shop Now | Healing Natural Bracelet - Trinetr Blessings,Trinetr Blessings - Know Yourself Better,IND,87,20265,2026-09-20T05:15:13.677497534Z,"['AWS WAF Challenge', 'Agoda', 'Alternate Protocol', 'Apture Linking Platform', 'Automattic', 'Cloudflare', 'Cloudflare CDN', 'Content Delivery Network', 'ElementUI', 'EmbedPress', 'Facebook Login', 'Facebook Messenger Platform', 'Facebook Pixel', 'Facebook Reseller', 'Facebook Tag API', 'Flatsome', 'Google', 'Google Analytics', 'Google My Business', 'Google Related Website Sites', 'Google Tag Manager', 'IcoMoon', 'Instagram Follow Button', 'Jetpack', 'Line2', 'LiteSpeed', 'Microdata for Google Shopping', 'MonsterInsights', 'PHP', 'Pinterest Conversion Tracking', 'QUIC', 'QUIC.cloud', 'Shoelace Style', 'Tailwind CSS', 'Twitter Ads', 'UTF-8', 'Woo Themes', 'WordPress', 'WordPress Multisite', 'WordPress Stats', 'YouTube']"
recorrer.in,Recorrer- Online Fashion Store,,,72,2526,2026-09-20T04:19:49.94952026Z,"['Agoda', 'Alternate Protocol', 'Content Delivery Network', 'Elementor', 'EmbedPress', 'Express', 'Facebook Login', 'Facebook Messenger Platform', 'Facebook Pixel', 'Facebook Reseller', 'Facebook Tag API', 'Google Analytics', 'Google Cloud DNS', 'Google Font API', 'Google Related Website Sites', 'Google Tag Manager', 'IcoMoon', 'Instagram Follow Button', 'Line2', 'LiteSpeed', 'MailChimp', 'Microdata for Google Shopping', 'Nginx', 'PHP', 'Pinterest Conversion Tracking', 'QUIC', 'QUIC.cloud', 'Sitelinks Search Box', 'Slider Revolution', 'UTF-8', 'Woo Themes', 'WooCommerce', 'WooCommerce Checkout', 'WordPress', 'WordPress Multisite']"
homebiotic.com,Homebiotic - Homebiotic - Probiotics For Your Home,Homebiotic - Probiotics For Your Home,USA,87,32239,2026-09-20T01:38:34.064790003Z,"['AWS WAF Challenge', 'Alternate Protocol', 'Amazon WAF Blocked', 'Better Click To Tweet', 'Cloudflare', 'Cloudflare CDN', 'Content Delivery Network', 'DAV', 'ElementUI', 'Elementor', 'EmbedPress', 'Essential Addons for Elementor', 'Facebook Conversion Tracking', 'Facebook Login', 'Facebook Messenger Platform', 'Facebook Pixel', 'Facebook Reseller', 'Facebook Tag API', 'Financial Services Guide', 'Google', 'Google Analytics', 'Google Cloud DNS', 'Google Font API', 'Google My Business', 'Google Related Website Sites', 'Google Tag Manager', 'Gorgias', 'Instagram Follow Button', 'Klaviyo', 'Klaviyo for WordPress', 'Microdata for Google Shopping', 'MonsterInsights', 'NFOrce Internet', 'PHP', 'Pinterest Conversion Tracking', 'SiteW', 'Storefront', 'Subversion', 'Tapfiliate', 'Theme In WP', 'Twitter Ads', 'UTF-8', 'WP Engine', 'Woo Themes', 'WooCommerce', 'WooCommerce Checkout', 'WooCommerce Pixel Manager by woopt', 'WordPress', 'WordPress Multisite', 'YouTube', 'accessiBe', 'jQuery', 'reCAPTCHA']"
haventravel.co,Haven Travel | Professional Travel Advisor Services,,USA,87,130237,2026-09-20T00:50:37.366608605Z,"['Alternate Protocol', 'Amazon WAF Blocked', 'Apture Linking Platform', 'Content Delivery Network', 'Contento', 'DAV', 'Express', 'Fastly', 'Fastly CDN', 'Fireblade', 'FormSubmit', 'GZIP Module', 'Google Related Website Sites', 'Instagram Follow Button', 'Microdata for Google Shopping', 'NFOrce Internet', 'PWA', 'Perl', 'Pico CSS', 'Pinterest Conversion Tracking', 'QUIC', 'SMC', 'Seflow Italy', 'Sentry', 'SiteW', 'Sitelinks Search Box', 'UTF-8', 'Vector Internet Services', 'WP Booking Calendar', 'Wix', 'Wix Media', 'YouTube', 'eLand', 'mlcom']"
taffetadesign.com,Taffeta - Hair & Makeup | Salon - Weddings - Barber Club - Events,,MYS,77,4906,2026-09-20T00:37:05.551485759Z,"['CallRail', 'Content Delivery Network', 'Financial Services Guide', 'GZIP Module', 'Google', 'Google Analytics', 'Google Cloud DNS', 'Google Font API', 'Google Tag Manager', 'Instagram Follow Button', 'MailChimp', 'Nginx', 'Perl', 'Pinterest Conversion Tracking', 'UTF-8', 'WP Engine', 'YouTube']"
debraadelsonjewelry.com,"Debra Adelson Jewelry | Luxury Art Jewelry in Glass, Silver, Gold & Gemstones",Debra Adelson Jewelry,USA,87,107596,2026-09-19T23:27:30.966915072Z,"['Alternate Protocol', 'Aruba', 'Contento', 'Express', 'Facebook Login', 'Facebook Messenger Platform', 'Facebook Pixel', 'Facebook Reseller', 'Facebook Tag API', 'FormSubmit', 'GZIP Module', 'Google Analytics', 'Google Related Website Sites', 'Google Tag Manager', 'IcoMoon', 'Instagram Follow Button', 'Line2', 'Magento Enterprise', 'MailChimp', 'Microdata for Google Shopping', 'Newsletter for Wordpress', 'Pico CSS', 'Pinterest Conversion Tracking', 'QUIC', 'SiteW', 'Squarespace', 'UTF-8', 'Vector Internet Services', 'WordPress SEO Structured Data Schema Plugin', 'eLand']"
weddingdancepros.com,Home – Your Night Choreo Dance lessons and Choreography,Your Night Choreo,USA,77,34209,2026-09-19T23:07:07.052289969Z,"['10to8', 'Alternate Protocol', 'Apture Linking Platform', 'Automattic', 'BatCache', 'ByteDance', 'Cisco/Arrowpoint Content Service Switch', 'Content Delivery Network', 'CookieYes', 'DAV', 'Elementor', 'EmbedPress', 'Engage', 'Express', 'Fastly', 'Fireblade', 'Google Adsense', 'Google Analytics', 'Google Funding Choices', 'Google Matched Content', 'Google My Business', 'Google Related Website Sites', 'Google Reseller', 'Google Tag Manager', 'Jetpack', 'Jetpack Site Accelerator', 'Kinsta', 'Kitco', 'Line2', 'LiteSpeed', 'MonsterInsights', 'NFOrce Internet', 'Nginx', 'PayPal', 'Perl', 'Pinterest Conversion Tracking', 'PushEngage', 'QUIC', 'QUIC.cloud', 'Sign In With Google', 'SiteW', 'Square', 'Table Addons for Elementor', 'TikTok Conversion Tracking Pixel', 'UTF-8', 'Vercel', 'Woo Themes', 'WooCommerce Payments', 'WordPress', 'WordPress Multisite', 'WordPress Stats', 'YouTube', 'eLand']"
bestchinesemedicines.com,Home,Best Chinese Medicines,,72,4317,2026-09-19T20:37:09.462018562Z,"['Alternate Protocol', 'Content Delivery Network', 'Customer Reviews for WooCommerce', 'ElementUI', 'EmbedPress', 'Express', 'Facebook Conversion Tracking', 'Facebook Login', 'Facebook Messenger Platform', 'Facebook Pixel', 'Facebook Reseller', 'Facebook Tag API', 'Google Analytics', 'Google Related Website Sites', 'Google Tag Manager', 'Instagram Follow Button', 'Klaviyo', 'Klaviyo for WordPress', 'Microdata for Google Shopping', 'Nginx', 'Pinterest Conversion Tracking', 'QUIC', 'Reddit Conversion Tracking', 'UTF-8', 'Woo Themes', 'WooCommerce', 'WooCommerce Checkout', 'WooCommerce Payments', 'WooCommerce Pixel Manager by woopt', 'WordPress', 'WordPress Multisite', 'YouTube', 'jQuery']"
firelightfables.com,Explore Fantasy Themed Candles | Firelight Fables Candle Co. | Shop Now,Firelight Fables Candle Company LLC,,87,115390,2026-09-19T20:23:59.682725582Z,"['Alternate Protocol', 'Amazon WAF Blocked', 'Apture Linking Platform', 'Cloudflare', 'Content Delivery Network', 'DAV', 'DC74', 'Express', 'Fastly', 'Fastly CDN', 'GZIP Module', 'Google Related Website Sites', 'Instagram Follow Button', 'Microdata for Google Shopping', 'NFOrce Internet', 'On The Map', 'POWr', 'PWA', 'Perl', 'Pinterest Conversion Tracking', 'QUIC', 'SMC', 'Seflow Italy', 'Sentry', 'SiteW', 'Sitelinks Search Box', 'Thank You', 'UTF-8', 'Vector Internet Services', 'Wix', 'Wix Media', 'Yandex Hosting', 'eLand', 'mlcom']"
thehomeplacenc.com,"Active Adult Communities in Southport, NC | Retirement-Friendly Homes",,USA,87,22928,2026-09-19T20:11:37.678800539Z,"['AWS WAF Challenge', 'Alternate Protocol', 'Amazon S3 CDN', 'Apture Linking Platform', 'Cloudflare', 'Content Delivery Network', 'EmbedPress', 'Google', 'Google Analytics', 'Google Cloud DNS', 'Google Font API', 'Google My Business', 'Google Tag Manager', 'Gravity', 'Gravity Forms', 'IcoMoon', 'LiveChat', 'LiveChat Monitoring', 'Microdata for Google Shopping', 'PHP', 'Pinterest Conversion Tracking', 'Rocket Chat', 'Storyblocks', 'Tailwind CSS', 'Theme In WP', 'UTF-8', 'WP Engine', 'WordPress', 'WordPress Multisite', 'jQuery', 'reCAPTCHA']"
digforcent.com,Make Money Online - DigForCent.com,,GBR,82,18703,2026-09-19T20:11:37.647959714Z,"['Adult Content', 'Alternate Protocol', 'Astra Theme', 'BLR', 'Contact Form Plugin', 'Content Delivery Network', 'Elementor', 'EmbedPress', 'Essential Addons for Elementor', 'Facebook Conversion Tracking', 'Facebook Login', 'Facebook Messenger Platform', 'Facebook Pixel', 'Facebook Reseller', 'Facebook Tag API', 'GetResponse', 'Google Adsense', 'Google Analytics', 'Google Cloud DNS', 'Google Customer Reviews', 'Google Font API', 'Google Funding Choices', 'Google Matched Content', 'Google Reseller', 'Google Tag Manager', 'HostGator', 'Instagram Follow Button', 'Microdata for Google Shopping', 'NFOrce Internet', 'Nginx', 'OneSignal', 'Outbrain Direct', 'PHP', 'Pagekit', 'Parallels Plesk Panel', 'Perl', 'Pinterest Conversion Tracking', 'Piotnet Addons', 'Q2W3 Fixed Widget', 'Sassy Social Share', 'ShareASale', 'Smush Image Optimization', 'Table Addons for Elementor', 'Theme In WP', 'ThirstyAffiliates', 'Tumblr', 'Twitter Ads', 'UTF-8', 'Umbler', 'WP Advanced Ads', 'WP Fastest Cache', 'Woo Themes', 'WordPress', 'WordPress Ad Manager and AdSense Ads', 'WordPress Multisite', 'WordPress Related Posts', 'Yandex Hosting']"
oneathleteclothing.com,Home One Athlete | Women's Sports | Female Athletes,One Athlete,DEU,82,82828,2026-09-19T16:48:48.127246395Z,"['Accordion Blocks', 'Accordion FAQ', 'Adobe Creative Cloud WebFonts', 'Aruba', 'Express', 'Facebook Login', 'Facebook Messenger Platform', 'Facebook Pixel', 'Facebook Reseller', 'Facebook Tag API', 'FormSubmit', 'GZIP Module', 'Google Analytics', 'Google Related Website Sites', 'Google Tag Manager', 'IcoMoon', 'Instagram Follow Button', 'Line2', 'Magento Enterprise', 'Microdata for Google Shopping', 'Newsletter for Wordpress', 'Pico CSS', 'Pinterest Conversion Tracking', 'QUIC', 'SiteW', 'Squarespace', 'UTF-8', 'Vector Internet Services', 'WordPress SEO Structured Data Schema Plugin', 'eLand']"
daycarestudio.net,Voted #1 Guide To Starting A Daycare Center | Daycare Studio,,,67,77593,2026-09-19T16:22:22.080835586Z,"['AddThis', 'AddThis for Wordpress', 'Aruba', 'Express', 'Facebook Login', 'Facebook Messenger Platform', 'Facebook Pixel', 'Facebook Reseller', 'Facebook Tag API', 'GZIP Module', 'Google Analytics', 'Google Related Website Sites', 'Google Tag Manager', 'IcoMoon', 'Instagram Follow Button', 'Line2', 'Magento Enterprise', 'MailChimp', 'Microdata for Google Shopping', 'Pinterest Conversion Tracking', 'QUIC', 'SiteW', 'Squarespace', 'UTF-8', 'Wiser Notify', 'WordPress SEO Structured Data Schema Plugin', 'YouTube', 'eLand']"
innatmeadowbrook.com,The Inn at Meadowbrook - Boutique Hotel near Kansas City,The Inn at Meadowbrook,,67,4707,2026-09-19T16:07:58.436079734Z,"['Alternate Protocol', 'EmbedPress', 'Font Awesome', 'Formidable Pro Form', 'GZIP Module', 'Google Analytics', 'Google Cloud DNS', 'Google Font API', 'Google Related Website Sites', 'Google Tag Manager', 'Instagram Follow Button', 'Microdata for Google Shopping', 'Nginx', 'PHP', 'Pinterest Conversion Tracking', 'QUIC', 'Theme In WP', 'Think Reservations', 'Twitter Ads', 'UTF-8', 'WordPress', 'WordPress Multisite', 'jQuery', 'jsDelivr']"
michellektraining.co.uk,Microsoft 365 Training for Small Businesses | Michelle Kaye,Michelle Kaye Training Ltd,,67,22074,2026-09-19T15:34:23.715492171Z,"['AWS WAF Challenge', 'Alternate Protocol', 'Amazon WAF Blocked', 'Astra Theme', 'Automattic', 'Cloudflare', 'Cloudflare CDN', 'Complianz', 'Content ad', 'Elementor', 'EmbedPress', 'GZIP Module', 'Google', 'Google Analytics', 'Google My Business', 'Google Related Website Sites', 'Google Tag Manager', 'Instagram Follow Button', 'Jetpack', 'Jetpack Site Accelerator', 'Microdata for Google Shopping', 'MonsterInsights', 'NFOrce Internet', 'Nginx', 'PHP', 'Pinterest Conversion Tracking', 'QUIC', 'Theme In WP', 'UTF-8', 'Woo Themes', 'WooCommerce', 'WooCommerce Checkout', 'WordPress', 'WordPress Multisite', 'WordPress Related Posts', 'YouTube', 'jQuery', 'reCAPTCHA']"
theharpshop.com,The Harp Shop - Home - Idaho's Harp Store,,,52,658,2026-09-19T15:06:36.528737728Z,"['AWS WAF Challenge', 'Alternate Protocol', 'Automattic', 'Cloudflare', 'Cloudflare CDN', 'Coming Soon Page', 'Creative Mail by Constant Contact', 'Divi', 'Elegant Themes', 'EmbedPress', 'GZIP Module', 'Google', 'Google My Business', 'Instagram Follow Button', 'Jetpack', 'Microdata for Google Shopping', 'Nginx', 'PHP', 'Pinterest Conversion Tracking', 'Theme In WP', 'UTF-8', 'Woo Themes', 'WooCommerce', 'WooCommerce Checkout', 'WooCommerce Payments', 'WordPress', 'WordPress Multisite', 'WordPress Stats', 'YITH WooCommerce Compare', 'YouTube', 'jQuery']"
judylanfredi.com,Judy Lanfredi Art,,,57,481,2026-09-19T14:59:38.772164163Z,"['Aruba', 'Coming Soon Page', 'Express', 'GZIP Module', 'Instagram Follow Button', 'Line2', 'Microdata for Google Shopping', 'Oracle Cloud', 'Pinterest Conversion Tracking', 'QUIC', 'Squarespace', 'UTF-8', 'WordPress SEO Structured Data Schema Plugin', 'eLand']"
makerfaire.gent,Maker Faire Gent,,NLD,82,42045,2026-09-19T14:21:04.319589019Z,"['AWS WAF Challenge', 'Accordion Blocks', 'Accordion FAQ', 'Adobe Creative Cloud WebFonts', 'Alternate Protocol', 'Aruba', 'ByteDance', 'CDN JS', 'Cloudflare', 'Cloudflare CDN', 'Ektron', 'Express', 'Facebook Login', 'Facebook Messenger Platform', 'Facebook Pixel', 'Facebook Reseller', 'Facebook Tag API', 'GZIP Module', 'Google Analytics', 'Google Related Website Sites', 'Google Tag Manager', 'Instagram Follow Button', 'Line2', 'Microdata for Google Shopping', 'Perl', 'Pinterest Conversion Tracking', 'QUIC', 'Squarespace', 'TikTok Conversion Tracking Pixel', 'UTF-8', 'WordPress SEO Structured Data Schema Plugin', 'YouTube', 'eLand']"
revivified.co,"Revivified | Self-care for your body, mind and soul.",,,57,147,2026-09-19T14:15:16.165573067Z,"['Angular', 'Content Delivery Network', 'DAV', 'GZIP Module', 'Google', 'Google Analytics', 'Google Cloud CDN', 'Google Cloud DNS', 'Google Font API', 'Google Tag Manager', 'Instagram Follow Button', 'Next.js', 'Nginx', 'Pinterest Conversion Tracking', 'Pleroma', 'UTF-8', 'Unsplash', 'YouTube']"
candlemap.eu,candlemap.eu,ZenithDeals Kft,HUN,77,35814,2026-09-19T10:42:03.245929244Z,"['Amazon WAF Blocked', 'Apache', 'ByteDance', 'Facebook Conversion Tracking', 'Facebook Login', 'Facebook Messenger Platform', 'Facebook Pixel', 'Facebook Reseller', 'Facebook Tag API', 'Fastly', 'Font Awesome', 'GZIP Module', 'Google', 'Google Analytics', 'Google Cloud DNS', 'Google Font API', 'Google Maps', 'Google My Business', 'Google Tag Manager', 'IcoMoon', 'Instagram Follow Button', 'Microdata for Google Shopping', 'Microsoft Clarity', 'Molin AI', 'Perl', 'Pinterest Conversion Tracking', 'Sitelinks Search Box', 'Tailwind CSS', 'The Fresh', 'TikTok Conversion Tracking Pixel', 'UTF-8', 'YouTube']"
tradewindservices.com,Tradewind Services – Archipelago Companies,Archipelago Companies,,67,50256,2026-09-19T10:05:56.941985538Z,"['AWS WAF Challenge', 'Alternate Protocol', 'Amazon', 'Amazon Associates Affiliate Shop', 'Amazon CloudFront', 'Ambassador', 'Apture Linking Platform', 'Baidu Cloud', 'Bing Cashback', 'Bing Conversion Tracking', 'CloudFront', 'Cloudflare', 'Cloudflare CDN', 'Express', 'Google Analytics', 'Google Related Website Sites', 'Google Tag Manager', 'Microdata for Google Shopping', 'Microsoft Clarity', 'Outbrain Direct', 'Pinterest Conversion Tracking', 'QUIC', 'Reddit Conversion Tracking', 'Shopify', 'Shopify Collabs', 'Tailwind CSS', 'Twitter Ads', 'Twitter Analytics', 'UTF-8', 'Yandex Hosting', 'hCaptcha', 'jsDelivr', 'reCAPTCHA', 'shadcn ui']"
madegoods.com,"Designer Furniture, Lighting, Decor & Mirrors | Made Goods",,USA,72,117161,2026-09-19T08:20:45.462231987Z,"['Algolia', 'Alternate Protocol', 'Amazon WAF Blocked', 'Apture Linking Platform', 'Content Delivery Network', 'Cybot', 'Express', 'Fastly', 'GetResponse', 'GitHub Hosting', 'Google Analytics', 'Google Cloud DNS', 'Google Maps', 'Google Tag Manager', 'Instagram Follow Button', 'Interchange', 'Klaviyo', 'Magento', 'Magento Enterprise', 'Microdata for Google Shopping', 'Microsoft Clarity', 'New Relic', 'Pinterest Conversion Tracking', 'QUIC', 'RM Education', 'Schema Plugin', 'Tailwind CSS', 'Typescale', 'UTF-8', 'YouTube']"
corderohomeandlighting.com,Cordero Home & Lighting,Cordero Home And Lighting,GBR,82,9618,2026-09-19T08:17:55.9566977Z,"['Alternate Protocol', 'Amazon', 'Apture Linking Platform', 'Cloudflare', 'Cloudflare CDN', 'Content Delivery Network', 'EmbedPress', 'Express', 'Facebook Conversion Tracking', 'Facebook Login', 'Facebook Messenger Platform', 'Facebook Pixel', 'Facebook Reseller', 'Facebook Tag API', 'Flatsome', 'FooBox', 'FormSubmit', 'GitHub Hosting', 'Google Analytics', 'Google My Business', 'Google Related Website Sites', 'Google Tag Manager', 'IcoMoon', 'Instagram Follow Button', 'Matomo', 'Matomo Tag Manager', 'Microdata for Google Shopping', 'Ntent', 'OpenAI', 'PHP', 'Pagekit', 'Photo Gallery by FooGallery', 'Pinterest Conversion Tracking', 'PixelYourSite', 'QUIC', 'Sign In With Google', 'Site Kit', 'Subversion', 'Tailwind CSS', 'Theme In WP', 'UTF-8', 'Vello', 'Woo Themes', 'WooCommerce', 'WooCommerce Checkout', 'WooCommerce Pixel Manager by woopt', 'WordPress', 'WordPress Multisite', 'jQuery']"
twpinc.com,"Wire Mesh for Home, Industrial & Decorative Use | TWP, Inc.",TWP Inc.,GBR,87,481837,2026-09-19T07:54:44.24641184Z,"['AWS WAF Challenge', 'Adobe Analytics', 'Adobe GoLive', 'Adobe Marketing Cloud', 'Amazon', 'Amazon CloudFront', 'Amazon Route 53', 'Braintree', 'CloudFront', 'Cloudflare', 'Cloudflare CDN', 'Content Delivery Network', 'CrazyEgg', 'DemDex', 'DoubleClick Bid Manager', 'ElementUI', 'Express', 'Facebook Reseller', 'Fastly', 'Font Awesome', 'GoDaddy', 'Google', 'Google Analytics', 'Google Cloud DNS', 'Google Font API', 'Google Maps', 'Google My Business', 'Google Tag Manager', 'IcoMoon', 'Instagram Follow Button', 'LiveChat', 'LiveChat Monitoring', 'Magento', 'Magento Enterprise', 'MailChimp', 'Microdata for Google Shopping', 'New Relic', 'Ntent', 'PayPal Adaptive Payments', 'Pinterest Conversion Tracking', 'QUIC', 'Sitelinks Search Box', 'Storyblocks', 'Tealium', 'Twitter Ads', 'UK Cookie Consent', 'UTF-8', 'Vimeo', 'Vimeo CDN', 'Way', 'Website Tonight', 'Wirecard', 'YouTube']"
hustleandhush.com,Developing Leaders | Authentic Leadership | HUSTLE + hush,HUSTLE + hush LTD,,77,25642,2026-09-19T05:57:40.036004301Z,"['AWS WAF Challenge', 'Aruba', 'Calendly', 'Express', 'FormSubmit', 'GZIP Module', 'Google Analytics', 'Google My Business', 'Google Tag Manager', 'Hotjar', 'Instagram Follow Button', 'Line2', 'LinkedIn Insights', 'LinkedIn Pixel', 'MailerLite', 'Microdata for Google Shopping', 'Monster', 'Newsletter for Wordpress', 'Pico CSS', 'Pinterest Conversion Tracking', 'QUIC', 'Squarespace', 'Tailwind CSS', 'UTF-8', 'WordPress SEO Structured Data Schema Plugin', 'eLand', 'reCAPTCHA']"
zahaka.com,Zahaka Massage Chair Cambodia | Japanese-Grade Wellness,,,67,3193,2026-09-19T04:03:23.384389177Z,"['Advanced Woo Search', 'Alternate Protocol', 'Contact Form Plugin', 'ElementUI', 'Elementor', 'EmbedPress', 'Express', 'Facebook Conversion Tracking', 'Facebook Embedded Posts', 'Facebook Login', 'Facebook Messenger Platform', 'Facebook Pixel', 'Facebook Reseller', 'Facebook Tag API', 'Google Analytics', 'Google Cloud DNS', 'Google Font API', 'Google My Business', 'Google Related Website Sites', 'Google Tag Manager', 'Gravity', 'IcoMoon', 'LiteSpeed', 'Martfury', 'Microdata for Google Shopping', 'NFOrce Internet', 'PHP', 'Pinterest Conversion Tracking', 'QUIC', 'Site Kit', 'Table Addons for Elementor', 'Telegram', 'Theme In WP', 'WP Fastest Cache', 'Woo Themes', 'WooCommerce', 'WooCommerce Checkout', 'WordPress', 'WordPress Multisite', 'YouTube', 'eLand', 'jQuery']"
inspirationalblingtees.com,Inspirational Bling Tees & Accessories – Inspirationalblingtees,,USA,77,11856,2026-09-19T02:55:21.918983226Z,"['Amazon', 'Apture Linking Platform', 'Baidu Cloud', 'Beeketing', 'Bulma', 'Cloudflare', 'Cloudflare CDN', 'Express', 'Facebook Conversion Tracking', 'Facebook Login', 'Facebook Messenger Platform', 'Facebook Pixel', 'Facebook Reseller', 'Facebook Tag API', 'Google Analytics', 'Google My Business', 'Google Related Website Sites', 'Google Tag Manager', 'Microdata for Google Shopping', 'Pinterest Conversion Tracking', 'QUIC', 'Schema Plugin', 'Shopify', 'Shopify Collabs', 'Shopify Payments', 'Subversion', 'Tailwind CSS', 'Twitter Ads', 'UTF-8', 'Vimeo', 'Yandex Hosting', 'YouTube', 'hCaptcha', 'jQuery', 'reCAPTCHA']"
theoldmillgroup.com,The Old Mill Group Your Source For Real Estate,The Old Mill Group Real Estate,ZAF,77,24053,2026-09-19T02:05:08.22935284Z,"['AWS WAF Challenge', 'Amazon', 'Amazon S3 CDN', 'Apture Linking Platform', 'Cloudflare', 'Cloudflare CDN', 'Cloudflare Web Analytics', 'Content Delivery Network', 'Easy Agent PRO', 'EmbedPress', 'Facebook Conversion Tracking', 'Facebook Login', 'Facebook Messenger Platform', 'Facebook Pixel', 'Facebook Reseller', 'Facebook Tag API', 'Google', 'Google Analytics', 'Google Cloud DNS', 'Google Font API', 'Google Related Website Sites', 'Google Tag Manager', 'Material Design Icons', 'Microdata for Google Shopping', 'Neighborhoods', 'No-Q', 'PWA', 'Pinterest Conversion Tracking', 'Sitelinks Search Box', 'Storyblocks', 'Twitter Ads', 'UTF-8', 'WordPress', 'WordPress Multisite', 'YouTube', 'jQuery']"
formulamom.com,The Simple Parent - Easy Ideas for Busy Parents | Houston Texas Mom Blog,,,82,89779,2026-09-19T01:19:19.361001463Z,"['Adobe ColdFusion', 'Alternate Protocol', 'Amazon Associates Affiliate Shop', 'Amazon WAF Blocked', 'Angular', 'Apache', 'Apture Linking Platform', 'Baidu Cloud', 'BigScoots', 'Cloudflare', 'Cloudflare CDN', 'Content Delivery Network', 'Content ad', 'ConvertKit', 'DoubleClick Bid Manager', 'EmbedPress', 'Facebook Login', 'Facebook Messenger Platform', 'Facebook Reseller', 'Fastly', 'Fireblade', 'GDPR Consent Management Platform', 'Google', 'Google Analytics', 'Google Cloud DNS', 'Google Font API', 'Google My Business', 'Google Related Website Sites', 'Google Tag Manager', 'Header Tag by Index Exchange', 'Instagram Follow Button', 'KVH', 'Lazy Load for WordPress', 'Microdata for Google Shopping', 'Microsoft Clarity', 'MiloTree', 'MonsterInsights', 'PHP', 'Perl', 'Pinterest Conversion Tracking', 'Python', 'QUIC', 'Slickstream', 'Squid', 'Thrive Direct', 'Twitter Ads', 'UTF-8', 'WP Rocket', 'WordPress', 'WordPress Multisite', 'Yandex Hosting', 'YouTube', 'comScore', 'eLand']"
musikvert.com,Musikvert,,GBR,82,106528,2026-09-19T01:00:01.367081878Z,"['Adobe Creative Cloud WebFonts', 'Aruba', 'Contento', 'Express', 'FormSubmit', 'GZIP Module', 'Google Adsense', 'Google Analytics', 'Google Funding Choices', 'Google Matched Content', 'Google Reseller', 'Google Tag Manager', 'Instagram Follow Button', 'Line2', 'Magento Enterprise', 'Microdata for Google Shopping', 'Newsletter for Wordpress', 'Pinterest Conversion Tracking', 'QUIC', 'SiteW', 'Squarespace', 'UTF-8', 'Vector Internet Services', 'WordPress SEO Structured Data Schema Plugin', 'YouTube', 'eLand']"
classykit.com,Classy Kit Gemstone Jewelry - Classy Kit,Classy Kit,LVA,77,4166,2026-09-18T22:15:51.96798222Z,"['Alternate Protocol', 'ElementUI', 'Elementor', 'EmbedPress', 'Ethy', 'Facebook Conversion Tracking', 'Facebook Login', 'Facebook Messenger Platform', 'Facebook Pixel', 'Facebook Reseller', 'Facebook Tag API', 'Google Analytics', 'Google My Business', 'Google Related Website Sites', 'Google Tag Manager', 'Hello Elementor', 'Microdata for Google Shopping', 'NFOrce Internet', 'Nginx', 'PHP', 'Pinterest Conversion Tracking', 'QUIC', 'Table Addons for Elementor', 'Theme In WP', 'UTF-8', 'Woo Themes', 'WooCommerce', 'WooCommerce Checkout', 'WooCommerce Payments', 'WooCommerce Pixel Manager by woopt', 'WordPress', 'WordPress Multisite', 'jQuery']"
thejacksonranch.com.au,Destination Wedding Venue NSW | Bawley Point | The Jackson Ranch,,AUS,92,17694,2026-09-18T21:56:12.757997039Z,"['AWS WAF Challenge', 'Alternate Protocol', 'Amazon WAF Blocked', 'Apture Linking Platform', 'Apyl', 'Aruba', 'Bulma', 'Cloudflare', 'Content Delivery Network', 'DAV', 'EmbedPress', 'Facebook Conversion Tracking', 'Facebook Login', 'Facebook Messenger Platform', 'Facebook Pixel', 'Facebook Reseller', 'Facebook Tag API', 'Google Analytics', 'Google Related Website Sites', 'Google Tag Manager', 'Gravity', 'Gravity Forms', 'Instagram Follow Button', 'Modern', 'No-Q', 'PHP', 'Pagekit', 'Pinterest Conversion Tracking', 'Share Link', 'Smush Image Optimization', 'Subversion', 'Tailwind CSS', 'Theme In WP', 'UTF-8', 'WP Engine', 'WordPress', 'WordPress Multisite', 'eLand', 'jQuery']"
qallo.fr,"Boost your water with Qallo | Flavoured water, sugar-free",Qallo,,72,103456,2026-09-18T20:41:19.953060908Z,"['AWS WAF Challenge', 'AdRoll', 'Adobe GoLive', 'Alternate Protocol', 'Amazon CloudFront', 'Amazon WAF Blocked', 'Apture Linking Platform', 'Baidu Cloud', 'Bing Cashback', 'Bing Conversion Tracking', 'ByteDance', 'CCSI', 'CloudFront', 'Cloudflare', 'Cloudflare CDN', 'Converge', 'DoubleClick Bid Manager', 'Express', 'Facebook Reseller', 'FormSubmit', 'Google Analytics', 'Google My Business', 'Google Related Website Sites', 'Google Tag Manager', 'IcoMoon', 'Instagram Follow Button', 'K2F', 'Klaviyo', 'Microdata for Google Shopping', 'NFOrce Internet', 'Perl', 'Pinterest Conversion Tracking', 'QUIC', 'Run Converge', 'Sapper', 'Shopify', 'Shopify Collabs', 'Snowplow', 'Subversion', 'Swell Rewards', 'Thank You', 'TikTok Conversion Tracking Pixel', 'Twitter Ads', 'Twitter Analytics', 'UTF-8', 'Vector Internet Services', 'Yandex Hosting', 'Yotpo', 'YouTube', 'eLand', 'hCaptcha', 'jsDelivr', 'reCAPTCHA']"
cantaproject.org,Home -,,BRA,72,780778,2026-09-18T18:19:44.892823492Z,"['AB Tasty', 'ADFOX', 'AJAX Libraries API', 'AWS WAF Challenge', 'Active Campaign', 'AdRoll', 'AddThis for Wordpress', 'Adobe Analytics', 'Adobe Marketing Cloud', 'Alternate Protocol', 'Amazon Associates Affiliate Shop', 'Amazon WAF Blocked', 'Amplitude', 'AppNexus Direct', 'Apture Linking Platform', 'Astra Theme', 'Authorize.net', 'Automattic', 'Bing Cashback', 'Bing Conversion Tracking', 'Braintree', 'Brevo', 'Brightcove', 'Bunny Fonts', 'BunnyCDN General', 'ByteDance', 'CDN JS', 'CDN77 Hosted', 'Calendly', 'Cart.com', 'Chartbeat', 'Clicky', 'Cloudflare', 'Cloudflare CDN', 'Cloudflare Web Analytics', 'Content Delivery Network', 'ConvertKit', 'CrazyEgg', 'Crisp', 'Criteo', 'Criteo Reseller', 'DailyMotion Video', 'Disqus Comment System for WordPress', 'DoubleClick Bid Manager', 'Drift', 'ElementUI', 'Elementor', 'ElementsKit Elementor', 'EmbedPress', 'Engage', 'Facebook Embedded Posts', 'Facebook Reseller', 'Firebase', 'Font Awesome', 'Freshworks Bot', 'Giphy', 'GoDaddy', 'Google', 'Google Adsense', 'Google Analytics', 'Google Cloud CDN', 'Google Cloud DNS', 'Google Customer Reviews', 'Google Font API', 'Google Maps', 'Google Matched Content', 'Google My Business', 'Google Pay', 'Google Reseller', 'Google Tag Manager', 'Header, Footer and Blocks for Elementor', 'Heap', 'Help Scout', 'Hubspot', 'Impact', 'Infolinks', 'Inspectlet', 'Instagram Follow Button', 'Intercom', 'JW Player Platform', 'Jetpack', 'JotForm', 'Kinsta', 'Klaviyo', 'LiveChat', 'LiveChat Monitoring', 'MailChimp', 'MailerLite', 'Marketo', 'Matomo', 'Media.net', 'Media.net Reseller', 'Mediavine Publisher', 'Microdata for Google Shopping', 'Microsoft Clarity', 'Mixpanel', 'Mouseflow', 'NFOrce Internet', 'New Relic', 'NitroPack', 'Olark', 'OpenX Direct', 'OptiMole', 'Optimizely Recommendations', 'Outbrain Direct', 'PHP', 'Pardot', 'Parse.ly', 'PayPal Adaptive Payments', 'Pinterest Conversion Tracking', 'Piwik PRO', 'Plausible Analytics', 'PubMatic Direct', 'Pubmatic', 'PushEngage', 'QUIC', 'Quantcast Direct', 'RM Education', 'Recart', 'RocketCDN', 'Rumble Player', 'Seflow Italy', 'Segment', 'ShareThis', 'Sign In With Google', 'Square', 'Squarespace Online Appointment Scheduling', 'StatCounter', 'Statically', 'Stripe', 'Sumo', 'Swell Rewards', 'Taboola Direct', 'Taboola Reseller', 'Tealium', 'Thank You', 'Theme In WP', 'Thrive Direct', 'Twitch', 'Twitter Ads', 'Twitter Analytics', 'Typeform', 'UTF-8', 'VigLink', 'Vimeo', 'Vine Embed', 'Visual Website Optimizer', 'WPForms', 'Wangsu', 'Way', 'Wistia', 'Woo Themes', 'Woopra', 'WordPress', 'WordPress Multisite', 'WordPress Related Posts', 'Yandex Hosting', 'Yotpo', 'YouTube', 'comScore', 'jQuery', 'jsDelivr', 'reCAPTCHA']"
myfamilyyard.store,Home - Your Skin. Our Passion.,Your Skin. Our Passion.,,72,6236,2026-09-18T17:45:06.582424744Z,"['Alternate Protocol', 'Apture Linking Platform', 'Astra Theme', 'ByteDance', 'Content Delivery Network', 'Custom Facebook Feed', 'Custom Twitter Feeds', 'Elementor', 'EmbedPress', 'GitHub Hosting', 'Google Adsense', 'Google Analytics', 'Google Funding Choices', 'Google Matched Content', 'Google My Business', 'Google Related Website Sites', 'Google Reseller', 'Google Tag Manager', 'Instagram Feed for WordPress', 'Jetpack', 'Klaviyo', 'Klaviyo for WordPress', 'LiteSpeed', 'Microdata for Google Shopping', 'NFOrce Internet', 'Ntent', 'PHP', 'Pinterest Conversion Tracking', 'QUIC', 'Schema Plugin', 'Sign In With Google', 'Site Kit', 'Table Addons for Elementor', 'Theme In WP', 'TikTok Conversion Tracking Pixel', 'UTF-8', 'WP PageNavi', 'Woo Themes', 'WooCommerce', 'WooCommerce Checkout', 'WordPress', 'WordPress Multisite', 'WordPress Related Posts', 'WordPress Stats', 'jQuery']"
trendytash.com,Trendy Tash – The Style You’re Looking For,,IND,82,13787,2026-09-18T17:26:23.669566517Z,"['Alternate Protocol', 'Apture Linking Platform', 'Content Delivery Network', 'EmbedPress', 'Facebook Login', 'Facebook Messenger Platform', 'Facebook Pixel', 'Facebook Reseller', 'Facebook Tag API', 'Flatsome', 'Google', 'Google Analytics', 'Google Cloud DNS', 'Google Font API', 'Google My Business', 'Google Tag Manager', 'IcoMoon', 'Instagram Follow Button', 'Kitco', 'Line2', 'LiteSpeed', 'Microdata for Google Shopping', 'Ntent', 'PHP', 'Pinterest Conversion Tracking', 'QUIC', 'QUIC.cloud', 'Sign In With Google', 'Sitelinks Search Box', 'Tailwind CSS', 'UTF-8', 'University or College', 'Vector Internet Services', 'Woo Themes', 'WordPress', 'WordPress Multisite', 'YouTube']"
bruidshuisdiana.nl,Bruidshuis Diana | De Beste Bruidsmodespeciaalzaak,,NLD,77,5900,2026-09-18T17:09:04.955695889Z,"['Facebook Conversion Tracking', 'Facebook Login', 'Facebook Messenger Platform', 'Facebook Pixel', 'Facebook Reseller', 'Facebook Tag API', 'Google Analytics', 'Google My Business', 'Google Related Website Sites', 'Google Tag Manager', 'Hotjar', 'Instagram Follow Button', 'Microsoft Azure', 'Microsoft IIS', 'Pinterest Conversion Tracking', 'Tailwind CSS', 'UTF-8', 'Visual Studio', 'WF Cookie Consent', 'Zope', 'reCAPTCHA']"
bestgraphicsdesign.com,Creative Graphic Design Services - Best Graphics Design Limited,Best Graphic Design Agency,USA,77,9738,2026-09-18T15:10:23.559152016Z,"['Amazon', 'Amazon CloudFront', 'Better Lead Generation Services', 'CloudFront', 'ElementUI', 'Facebook Conversion Tracking', 'Facebook Login', 'Facebook Messenger Platform', 'Facebook Pixel', 'Facebook Reseller', 'Facebook Tag API', 'Font Awesome', 'GZIP Module', 'GenerateBlocks', 'Google Analytics', 'Google Cloud DNS', 'Google Customer Reviews', 'Google Font API', 'Google My Business', 'Google Related Website Sites', 'Google Tag Manager', 'Instagram Follow Button', 'Microdata for Google Shopping', 'Nginx', 'Pinterest Conversion Tracking', 'Pleroma', 'Tailwind CSS', 'Tawk', 'UTF-8', 'Ubuntu', 'Vector Internet Services', 'Vimeo', 'YouTube', 'reCAPTCHA']"
spakoclay.com,Julie Spako - Work,,,62,3808,2026-09-18T13:48:50.951502203Z,"['Adobe Creative Cloud WebFonts', 'Alternate Protocol', 'Aruba', 'Express', 'Fastly', 'FormSubmit', 'GZIP Module', 'Instagram Follow Button', 'Line2', 'Microdata for Google Shopping', 'Newsletter for Wordpress', 'Pinterest Conversion Tracking', 'QUIC', 'Squarespace', 'UTF-8', 'WordPress SEO Structured Data Schema Plugin', 'eLand']"
clinicadrboboc.ro,Acasă - Dr. Boboc - Clinică Stomatologică Pitești,,,72,718974,2026-09-18T13:12:53.420301341Z,"['ADFOX', 'AWS WAF Challenge', 'Active Campaign', 'AddThis for Wordpress', 'Adobe Analytics', 'Adobe Marketing Cloud', 'Akamai Global Host', 'Alternate Protocol', 'Amazon Associates Affiliate Shop', 'Amazon CloudFront', 'Amplitude', 'Analytify', 'Automattic', 'BLR', 'Baidu Ads', 'Baidu Analytics', 'Baidu Cloud', 'Bing Cashback', 'Bing Conversion Tracking', 'ByteDance', 'Calendly', 'Clicky', 'CloudFront', 'Cloudflare', 'Cloudflare CDN', 'Cloudflare Web Analytics', 'Content Square', 'Convert', 'ConvertKit', 'CrazyEgg', 'Crisp', 'Criteo', 'Criteo Reseller', 'Customer.io', 'Cybot', 'DailyMotion Video', 'Dailymotion Reseller', 'DemDex', 'Disqus Comment System for WordPress', 'DoubleClick Bid Manager', 'Drift', 'Drip', 'ElementUI', 'Elementor', 'EmbedPress', 'Facebook Embedded Posts', 'Facebook Pixel', 'Facebook Reseller', 'Freshdesk Support', 'Freshworks Bot', 'FullStory', 'Google', 'Google Adsense', 'Google Analytics', 'Google Cloud CDN', 'Google Cloud DNS', 'Google Customer Reviews', 'Google Flights Conversion Tracking', 'Google Font API', 'Google Funding Choices', 'Google Maps', 'Google Matched Content', 'Google My Business', 'Google Related Website Sites', 'Google Reseller', 'Google Tag Manager', 'Heap', 'Hello Bar', 'Hello Elementor', 'Hotjar', 'HubSpot Conversations', 'Hubspot', 'Instagram Follow Button', 'Intercom', 'Jetpack', 'JivoSite', 'Klaviyo', 'LinkedIn Insights', 'LiteSpeed', 'LiveChat', 'LiveChat Monitoring', 'MailChimp', 'Marketo', 'Matomo', 'Mautic', 'Microdata for Google Shopping', 'Microsoft Azure Blob Storage', 'Microsoft Clarity', 'Mixpanel', 'Monster', 'Mouseflow', 'New Relic', 'Olark', 'OneTrust Domain Verification', 'Optimizely Recommendations', 'OptinMonster', 'Outbrain Direct', 'PHP', 'Pardot', 'PayPal', 'PayPal Adaptive Payments', 'Pendo', 'Pinterest Conversion Tracking', 'Plausible Analytics', 'PollDaddy', 'QUIC', 'Quantcast Direct', 'RM Education', 'Seflow Italy', 'Segment', 'Segment Consent Manager', 'Sentry', 'ShareThis', 'SiteW', 'SiteWit', 'Sitelinks Search Box', 'Stripe', 'Sumo', 'Taboola Direct', 'Taboola Reseller', 'Theme In WP', 'TikTok Conversion Tracking Pixel', 'Tumblr', 'Twitch', 'Twitter Ads', 'Twitter Analytics', 'Typeform', 'UTF-8', 'Vimeo', 'Vimeo CDN', 'Visual Website Optimizer', 'Wistia', 'Woo Themes', 'WordPress', 'WordPress Multisite', 'Yandex Hosting', 'YouTube', 'Zendesk Embeddables', 'Zoho SalesIQ', 'jQuery', 'jsDelivr', 'reCAPTCHA']"
mayandjamesco.com,Coming Soon | M&Jco | Creative Design and Marketing,,,57,303,2026-09-18T12:56:50.041848124Z,"['AJAX Libraries API', 'CDN JS', 'Cloudflare', 'Cloudflare CDN', 'Coming Soon Page', 'Content Delivery Network', 'Facebook Conversion Tracking', 'Facebook Login', 'Facebook Messenger Platform', 'Facebook Pixel', 'Facebook Reseller', 'Facebook Tag API', 'GZIP Module', 'Google', 'Google Analytics', 'Google Cloud DNS', 'Google Font API', 'Google Tag Manager', 'Instagram Follow Button', 'Nginx', 'Pinterest Conversion Tracking', 'UTF-8', 'WP Engine', 'jQuery']"
keywestlights.com,Keywest Lights & Electric | Home and Business Service,Keywest Lights & Electric | Residential Service & Commercial Construction,USA,82,778706,2026-09-18T11:33:33.421299409Z,"['AB Tasty', 'ADFOX', 'AJAX Libraries API', 'AWS WAF Challenge', 'Active Campaign', 'AdRoll', 'AddThis for Wordpress', 'Adobe Analytics', 'Adobe Marketing Cloud', 'Alternate Protocol', 'Amazon Associates Affiliate Shop', 'Amazon WAF Blocked', 'Amplitude', 'AppNexus Direct', 'Astra Theme', 'Authorize.net', 'Automattic', 'Bing Cashback', 'Bing Conversion Tracking', 'Braintree', 'Brevo', 'Brightcove', 'Bunny Fonts', 'BunnyCDN General', 'ByteDance', 'CDN JS', 'CDN77 Hosted', 'Calendly', 'Cart.com', 'Chartbeat', 'Clicky', 'Cloudflare', 'Cloudflare CDN', 'Cloudflare Web Analytics', 'Content Delivery Network', 'ConvertKit', 'CrazyEgg', 'Crisp', 'Criteo', 'Criteo Reseller', 'DailyMotion Video', 'Disqus Comment System for WordPress', 'DoubleClick Bid Manager', 'Drift', 'ElementUI', 'EmbedPress', 'Engage', 'Facebook Embedded Posts', 'Facebook Reseller', 'Firebase', 'Fireblade', 'Font Awesome', 'Freshworks Bot', 'Giphy', 'Google', 'Google Adsense', 'Google Analytics', 'Google Cloud CDN', 'Google Cloud DNS', 'Google Customer Reviews', 'Google Font API', 'Google Maps', 'Google Matched Content', 'Google My Business', 'Google Pay', 'Google Reseller', 'Google Tag Manager', 'Heap', 'Help Scout', 'Hubspot', 'Impact', 'Infolinks', 'Inspectlet', 'Instagram Follow Button', 'Intercom', 'JW Player Platform', 'Jetpack', 'JotForm', 'Kinsta', 'Klaviyo', 'Line2', 'LiteSpeed', 'LiveChat', 'LiveChat Monitoring', 'MailChimp', 'MailerLite', 'Marketo', 'Matomo', 'Media.net', 'Media.net Reseller', 'Mediavine Publisher', 'Microdata for Google Shopping', 'Microsoft Clarity', 'Mixpanel', 'Mouseflow', 'New Relic', 'NitroPack', 'Olark', 'OpenX Direct', 'OptiMole', 'Optimizely Recommendations', 'Outbrain Direct', 'Pardot', 'Parse.ly', 'PayPal Adaptive Payments', 'Pinterest Conversion Tracking', 'Piwik PRO', 'Plausible Analytics', 'PubMatic Direct', 'Pubmatic', 'PushEngage', 'QUIC', 'QUIC.cloud', 'Quantcast Direct', 'RM Education', 'Recart', 'RocketCDN', 'Rumble Player', 'Seflow Italy', 'Segment', 'ShareThis', 'Sign In With Google', 'Square', 'Squarespace Online Appointment Scheduling', 'StatCounter', 'Statically', 'Stripe', 'Sumo', 'Swell Rewards', 'Taboola Direct', 'Taboola Reseller', 'Tealium', 'Thrive Direct', 'Twitch', 'Twitter Ads', 'Twitter Analytics', 'Typeform', 'UTF-8', 'VigLink', 'Vimeo', 'Vine Embed', 'Visual Website Optimizer', 'Way', 'Wistia', 'Woopra', 'WordPress', 'WordPress Multisite', 'WordPress Related Posts', 'Yandex Hosting', 'Yotpo', 'YouTube', 'comScore', 'jsDelivr', 'reCAPTCHA']"
modernmuseplanner.com,Modern Muse Planner,,THA,65,38938,2026-09-18T11:28:30.66340274Z,"['AWS WAF Challenge', 'Alternate Protocol', 'Astra Theme', 'Automattic', 'ByteDance', 'Cisco/Arrowpoint Content Service Switch', 'Cloudflare', 'Coming Soon Page', 'Content Delivery Network', 'DAV', 'ElementUI', 'Elementor', 'EmbedPress', 'Facebook Conversion Tracking', 'Facebook Login', 'Facebook Messenger Platform', 'Facebook Pixel', 'Facebook Reseller', 'Facebook Tag API', 'GoDaddy', 'Google Cloud DNS', 'Google Font API', 'Google Related Website Sites', 'Instagram Follow Button', 'Jetpack', 'MailPoet', 'NFOrce Internet', 'PHP', 'Pinterest Conversion Tracking', 'QUIC', 'Theme In WP', 'TikTok Conversion Tracking Pixel', 'UTF-8', 'Wangsu', 'Woo Themes', 'WooCommerce', 'WooCommerce Checkout', 'WooCommerce Payments', 'WordPress', 'WordPress Multisite', 'WordPress Related Posts', 'WordPress Stats', 'jQuery']"
shotsbysummer.com,Myrtle Beach Family Photographer Shots By Summer,,USA,70,2440,2026-09-18T10:16:48.384471391Z,"['AJAX Libraries API', 'Apture Linking Platform', 'CDN JS', 'Cloudflare', 'Cloudflare CDN', 'Facebook Conversion Tracking', 'Facebook Login', 'Facebook Messenger Platform', 'Facebook Pixel', 'Facebook Reseller', 'Facebook Tag API', 'GZIP Module', 'Google', 'Google Cloud DNS', 'Google Font API', 'Instagram Follow Button', 'Pinterest Conversion Tracking', 'UTF-8', 'jQuery']"
reviseandco.com,Home - Revise and Co,,,72,16877,2026-09-18T09:57:50.383053049Z,"['AWS WAF Challenge', 'Alternate Protocol', 'Cloudflare', 'Content Delivery Network', 'ElementUI', 'EmbedPress', 'Events Manager for WordPress', 'Facebook Conversion Tracking', 'Facebook Login', 'Facebook Messenger Platform', 'Facebook Pixel', 'Facebook Reseller', 'Facebook Tag API', 'Formidable Pro Form', 'Google Analytics', 'Google My Business', 'Google Tag Manager', 'Instagram Follow Button', 'Microdata for Google Shopping', 'MonsterInsights', 'PHP', 'Pinterest Conversion Tracking', 'Slider Revolution', 'ThemeFusion', 'UTF-8', 'WP Engine', 'Woo Themes', 'WooCommerce', 'WooCommerce Checkout', 'WooCommerce Payments', 'WordPress', 'WordPress Multisite', 'jQuery']"
knoxglowaesthetics.com,"#1 Med Spa in Knoxville, Tennessee (TN) | KnoxGlow Aesthetics",,USA,82,47303,2026-09-18T08:46:58.214284504Z,"['Alternate Protocol', 'Amazon WAF Blocked', 'Apture Linking Platform', 'Automattic', 'Beaver Builder Lite', 'Cloudflare', 'CoBlocks', 'Content Delivery Network', 'Contento', 'Elementor', 'EmbedPress', 'Facebook Conversion Tracking', 'Facebook Login', 'Facebook Messenger Platform', 'Facebook Pixel', 'Facebook Reseller', 'Facebook Tag API', 'FiboSearch', 'GoDaddy', 'Google', 'Google Analytics', 'Google Cloud DNS', 'Google Font API', 'Google My Business', 'Google Related Website Sites', 'Google Tag Manager', 'Instagram Follow Button', 'Jetpack', 'Line2', 'Microdata for Google Shopping', 'NFOrce Internet', 'PHP', 'Pagekit', 'Pinterest Conversion Tracking', 'Popup Maker for Wordpress', 'Schema Plugin', 'Shipping Rates Calculator', 'Smart Coupons for WooCommerce', 'UTF-8', 'WP Rocket', 'Wangsu', 'Website Tonight', 'Woo Themes', 'WooCommerce', 'WooCommerce Checkout', 'WordPress', 'WordPress Multisite', 'WordPress Stats', 'jQuery']"
premierwindowsatx.com,Premier Windows & Doors - Central Texas Windows & Doors,Premier Windows &amp; Doors,,57,756,2026-09-18T06:53:09.082830173Z,"['Alternate Protocol', 'Divi', 'Elegant Themes', 'Google', 'Google Analytics', 'Google Cloud DNS', 'Google Font API', 'Google Tag Manager', 'Matomo', 'Matomo Tag Manager', 'Microdata for Google Shopping', 'Nginx', 'PHP', 'Pinterest Conversion Tracking', 'Sitelinks Search Box', 'SmartCrawl', 'UTF-8', 'VisitorTracking', 'Woo Themes', 'WordPress']"
treverk.dk,Treverk | Køkkenarkitekt | Snedkerkøkken | Træskuffer,,,67,110828,2026-09-18T06:01:19.403520926Z,"['Amazon WAF Blocked', 'Apture Linking Platform', 'Cloudflare', 'Content Delivery Network', 'DC74', 'Fastly', 'Fastly CDN', 'GZIP Module', 'GitHub Hosting', 'Google Related Website Sites', 'Instagram Follow Button', 'Microdata for Google Shopping', 'NFOrce Internet', 'On The Map', 'PWA', 'Pinterest Conversion Tracking', 'QUIC', 'SMC', 'Sentry', 'SiteW', 'UTF-8', 'Vector Internet Services', 'Wix', 'Wix Media', 'mlcom']"
yudomontessori.com,Yudo Montessori | Digital Montessori Materials & Printables,yudo montessori,,82,7524,2026-09-18T05:21:47.848604168Z,"['Alternate Protocol', 'Automattic', 'Content Delivery Network', 'Cookie Accept', 'Cookie Notice', 'Elementor', 'EmbedPress', 'Etsy', 'Google Analytics', 'Google Tag Manager', 'Hello Elementor', 'Instagram Feed for WordPress', 'Instagram Follow Button', 'Jetpack', 'Kitco', 'LiteSpeed', 'Microdata for Google Shopping', 'Microsoft Clarity', 'NFOrce Internet', 'PHP', 'Pinterest Conversion Tracking', 'Schema Plugin', 'Table Addons for Elementor', 'Theme In WP', 'UTF-8', 'Woo Themes', 'WooCommerce', 'WooCommerce Checkout', 'WooCommerce Stripe Payment Gateway', 'WordPress', 'WordPress Multisite', 'WordPress Stats', 'jQuery']"
truewearoriginals.com,"TRUEWEAR - THE TRUE YOU. Sports Leisure, Casual, Fashion clothing - TRUEWEAR ORIGINALS",TRUEWEAR,,60,1643,2026-09-18T05:06:49.750235282Z,"['Alternate Protocol', 'Amazon WAF Blocked', 'Complianz', 'Content Delivery Network', 'ElementUI', 'Elementor', 'EmbedPress', 'Etsy', 'Facebook Conversion Tracking', 'Facebook Login', 'Facebook Messenger Platform', 'Facebook Pixel', 'Facebook Reseller', 'Facebook Tag API', 'GZIP Module', 'Google Analytics', 'Google Related Website Sites', 'Google Tag Manager', 'Hello Elementor', 'Instagram Follow Button', 'LiteSpeed', 'Microdata for Google Shopping', 'Mouseflow', 'NFOrce Internet', 'PHP', 'Pinterest Conversion Tracking', 'Seflow Italy', 'Theme In WP', 'UTF-8', 'UserWay', 'Variation Swatches for WooCommerce', 'Woo Themes', 'WooCommerce', 'WooCommerce Checkout', 'WooCommerce Payments', 'WordPress', 'WordPress Multisite', 'jQuery']"
coppertist.com,Coppertist,Coppertist,,67,9096,2026-09-18T03:58:04.914593561Z,"['Alternate Protocol', 'Apture Linking Platform', 'Baidu Cloud', 'Cloudflare', 'Cloudflare CDN', 'Google My Business', 'Google Related Website Sites', 'MailChimp', 'Microdata for Google Shopping', 'Pinterest Conversion Tracking', 'Shopify', 'Shopify Collabs', 'Twitter Ads', 'Twitter Analytics', 'UTF-8', 'Yandex Hosting', 'hCaptcha', 'reCAPTCHA']"
juxtaposedecor.ie,Juxtapose Decor,,NLD,60,1881,2026-09-18T02:46:21.193243988Z,"['Alternate Protocol', 'Amazon', 'Amazon S3 CDN', 'Amazon WAF Blocked', 'Complianz', 'Content Delivery Network', 'EWWW Image Optimizer', 'Elementor', 'EmbedPress', 'Fastly', 'FiboSearch', 'GZIP Module', 'Google Analytics', 'Google Cloud DNS', 'Google Font API', 'Google Tag Manager', 'Instagram Follow Button', 'MailChimp', 'NFOrce Internet', 'Newsletter for Wordpress', 'Nginx', 'OceanWP', 'PHP', 'Pinterest Conversion Tracking', 'Storyblocks', 'Table Addons for Elementor', 'Tailwind CSS', 'Theme In WP', 'UTF-8', 'WP Mobile Menu', 'WPForms', 'Woo Themes', 'WooCommerce', 'WooCommerce Checkout', 'WordPress', 'WordPress Multisite', 'eLand', 'jQuery']"
mitsurohikime.com,Mitsuro Hikime Wax,,JPN,87,2427,2026-09-18T01:49:09.24684403Z,"['Alternate Protocol', 'Bulma', 'CDN JS', 'Cloudflare', 'Cloudflare CDN', 'Font Awesome', 'Google Cloud DNS', 'Google Font API', 'Instagram Follow Button', 'Matomo', 'Matomo Tag Manager', 'Microdata for Google Shopping', 'Nginx', 'Pinterest Conversion Tracking', 'QUIC', 'Tailwind CSS', 'UTF-8', 'YouTube', 'jQuery', 'jsDelivr']"
whimsybrooke.com,Whimsy Brooke – Musings + Feats of Natalie Brooke,,,52,445,2026-09-17T23:40:26.150100902Z,"['AWS WAF Challenge', 'Alternate Protocol', 'Automattic', 'Cloudflare', 'Cloudflare CDN', 'EmbedPress', 'Google', 'Google Analytics', 'Google My Business', 'Google Related Website Sites', 'Google Tag Manager', 'Instagram Follow Button', 'Jetpack', 'Jetpack Site Accelerator', 'Kadence WP', 'LiteSpeed', 'PHP', 'Pagekit', 'Pico CSS', 'Pinterest Conversion Tracking', 'Smush Image Optimization', 'Theme In WP', 'UTF-8', 'Umbler', 'Woo Themes', 'WooCommerce', 'WooCommerce Checkout', 'WordPress', 'WordPress Multisite', 'WordPress Stats', 'YouTube', 'hCaptcha', 'jQuery']"
oaakcollective.com,"OAAK Collective | Interior Design, Landscape Design & Styling | Australia, Bali & NZ | OAAK Collective",,MEX,77,17470,2026-09-17T23:31:40.43515984Z,"['AWS WAF Challenge', 'Alternate Protocol', 'Content Delivery Network', 'Express', 'Google', 'Google Cloud DNS', 'Google Font API', 'Instagram Follow Button', 'Microdata for Google Shopping', 'Pinterest Conversion Tracking', 'Subversion', 'Thank You', 'Zyro']"
