domain,title,business_name,country,seo_score,tech_spend,crawled_at,technologies
360v.co.uk,Home - 360 Visualise,360 Visualise,GBR,77,43042,2026-08-23T16:39:55.872613358Z,"['AWS WAF Challenge', 'Alternate Protocol', 'Apture Linking Platform', 'Astra Theme', 'Automattic', 'CleanTalk Spam Protect', 'Cloudflare', 'Cloudflare CDN', 'Content Delivery Network', 'Elementor', 'EmbedPress', 'Express', 'Fireblade', 'Google', 'Google Analytics', 'Google Cloud DNS', 'Google Font API', 'Google My Business', 'Google Related Website Sites', 'Google Tag Manager', 'Jetpack', 'LearnDash', 'Microdata for Google Shopping', 'NFOrce Internet', 'PHP', 'Perl', 'QUIC', 'Shifter', 'Site Kit', 'Sitelinks Search Box', 'Theme In WP', 'UTF-8', 'Vector Internet Services', 'Vercel', 'WP Engine', 'Woo Themes', 'WooCommerce', 'WooCommerce Checkout', 'WooCommerce Payments', 'WordPress', 'WordPress Multisite', 'WordPress Related Posts', 'WordPress Stats', 'YouTube', 'jQuery', 'jsDelivr']"
pathwayslanguagecenter.com,Pathways Language Center,,USA,65,17325,2026-08-23T15:17:20.272325309Z,"['AWS WAF Challenge', 'Alternate Protocol', 'Apture Linking Platform', 'Elementor', 'EmbedPress', 'H5P for WordPress', 'Hello Elementor', 'LearnDash', 'LiteSpeed', 'NFOrce Internet', 'PHP', 'The Events Calendar', 'Theme In WP', 'UTF-8', 'Woo Themes', 'WooCommerce', 'WooCommerce Checkout', 'WooCommerce Payments', 'WordPress', 'WordPress Multisite', 'jQuery']"
weagree.be,Weagree - Accelerating contract flow - Weagree,Weagree,NLD,77,173862,2026-08-23T11:39:15.168753832Z,"['Alternate Protocol', 'BetterDocs', 'Content Delivery Network', 'CookieYes', 'Elementor', 'Elementor Addon Elements', 'EmbedPress', 'Essential Addons for Elementor', 'Facebook Conversion Tracking', 'Facebook Login', 'Facebook Messenger Platform', 'Facebook Pixel', 'Facebook Reseller', 'Facebook Tag API', 'Google Analytics', 'Google Related Website Sites', 'Google Tag Manager', 'Hello Elementor', 'INETu', 'LearnDash', 'Microdata for Google Shopping', 'NFOrce Internet', 'PHP', 'Perl', 'QUIC', 'Salesforce Hosted', 'Sitelinks Search Box', 'Sucuri Cloudproxy', 'Theme In WP', 'UTF-8', 'Vimeo', 'WordPress', 'WordPress Multisite', 'jQuery']"
rosewoodacademy.io,Home - Rosewood Academy,Rosewood Academy,CAN,75,20375,2026-08-23T08:59:45.648339273Z,"['AWS WAF Challenge', 'Alternate Protocol', 'Astra Theme', 'Cloudflare', 'Cloudflare CDN', 'Content Delivery Network', 'Elementor', 'EmbedPress', 'Google', 'Google Cloud DNS', 'Google Font API', 'Google My Business', 'Header, Footer and Blocks for Elementor', 'LearnDash', 'Microdata for Google Shopping', 'NFOrce Internet', 'Nginx', 'PHP', 'Presto Player', 'Python', 'Schema Plugin', 'Table Addons for Elementor', 'Theme In WP', 'UTF-8', 'WPForms', 'Woo Themes', 'WordPress', 'WordPress Multisite', 'WordPress Related Posts', 'jQuery']"
everydayenglishhub.com,"Everyday English Hub – Learn together, Grow together",,GBR,80,3225,2026-08-23T06:50:25.297707901Z,"['Alternate Protocol', 'Contact Form Plugin', 'Content Delivery Network', 'DoubleClick Bid Manager', 'EmbedPress', 'Font Awesome', 'Fontello', 'Google', 'Google Cloud CDN', 'Google Cloud DNS', 'Google Flights Conversion Tracking', 'Google Font API', 'Google My Business', 'Instagram Feed for WordPress', 'LearnDash', 'LiteSpeed', 'PHP', 'Slider Revolution', 'Theme In WP', 'UTF-8', 'WPBakery', 'Woo Themes', 'WooCommerce', 'WooCommerce Checkout', 'WordPress', 'WordPress Multisite', 'eLand', 'jQuery']"
brittanywashburn.com,Technology Teaching Resources with Brittany Washburn,Technology Teaching Resources with Brittany Washburn,,72,18528,2026-08-23T03:03:15.961350409Z,"['AWS WAF Challenge', 'Alternate Protocol', 'Amazon Widgets', 'Cloudflare', 'Cloudflare CDN', 'Content Delivery Network', 'DuracellTomi Google Tag Manager for WordPress', 'EmbedPress', 'GenerateBlocks', 'Google Analytics', 'Google Tag Manager', 'Gutenberg Blocks by Kadence Blocks', 'Instagram API', 'Instagram Follow Button', 'Kadence WP', 'Kinsta', 'LearnDash', 'MailChimp', 'Microdata for Google Shopping', 'PHP', 'Perfmatters', 'Pinterest Conversion Tracking', 'Smart Coupons for WooCommerce', 'Storyblocks', 'Theme In WP', 'UTF-8', 'Vimeo', 'Woo Themes', 'WooCommerce', 'WooCommerce Checkout', 'WordPress', 'WordPress Multisite', 'YouTube', 'jQuery']"
abeducate.com,California Income Tax Preparer Training - ABEducate.com,ABEducate.com,USA,77,9779,2026-08-22T22:45:33.517292848Z,"['Alternate Protocol', 'Astra Theme', 'Authorize.net', 'Content Delivery Network', 'Elementor', 'EmbedPress', 'Google', 'Google Analytics', 'Google Cloud DNS', 'Google Font API', 'Google My Business', 'Google Related Website Sites', 'Google Tag Manager', 'Gravity', 'Header, Footer and Blocks for Elementor', 'LearnDash', 'Microdata for Google Shopping', 'Microsoft 365', 'NFOrce Internet', 'Nginx', 'PHP', 'Pagekit', 'Perl', 'QUIC', 'Theme In WP', 'UTF-8', 'WPForms', 'Woo Themes', 'WooCommerce', 'WooCommerce Checkout', 'WordPress', 'WordPress Multisite', 'WordPress Related Posts', 'jQuery']"
bioscience.academy,Landing Page – Bioscience,,,65,7620,2026-08-22T20:37:47.082751008Z,"['Alternate Protocol', 'Astra Theme', 'Elementor', 'EmbedPress', 'GZIP Module', 'Google', 'Google Analytics', 'Google Cloud DNS', 'Google Cloud Storage', 'Google Font API', 'Google Related Website Sites', 'Google Tag Manager', 'InitiativeS', 'Instagram Follow Button', 'LearnDash', 'NFOrce Internet', 'Nginx', 'PHP', 'Theme In WP', 'UTF-8', 'Woo Themes', 'WordPress', 'WordPress Multisite', 'WordPress Related Posts', 'arsys.es', 'eLand', 'iStockPhoto', 'jQuery', 'jsDelivr']"
autoupkeepacademy.com,Auto Upkeep Academy – Auto Learning Starts Here,,,55,1232,2026-08-22T17:28:19.72180273Z,"['Alternate Protocol', 'BuddyBoss', 'Cloudflare', 'Cloudflare CDN', 'Content Delivery Network', 'Elementor', 'EmbedPress', 'Google Analytics', 'Google Tag Manager', 'H5P for WordPress', 'IcoMoon', 'Instagram Follow Button', 'LearnDash', 'Microdata for Google Shopping', 'NFOrce Internet', 'PHP', 'Premium Addons for Elementor', 'QUIC', 'Schema Plugin', 'SiteW', 'Table Addons for Elementor', 'Theme In WP', 'Twitter Ads', 'UTF-8', 'Uncanny Toolkit for LearnDash', 'Woo Themes', 'WooCommerce', 'WooCommerce Checkout', 'WordPress', 'WordPress Download Manager', 'WordPress Multisite', 'YouTube', 'jQuery']"
learnnetwork.org,Learn Network – Learn Network,,,55,819,2026-08-22T16:09:02.344413858Z,"['Alternate Protocol', 'Amazon WAF Blocked', 'Apache', 'BuddyBoss', 'Elementor', 'EmbedPress', 'GZIP Module', 'Google', 'Google Cloud CDN', 'Google Cloud DNS', 'Google Font API', 'Instagram Follow Button', 'LearnDash', 'MemberPress', 'PHP', 'SiteW', 'Table Addons for Elementor', 'Theme In WP', 'UTF-8', 'Uncanny Toolkit for LearnDash', 'University or College', 'WordPress', 'WordPress Multisite', 'eLand', 'jQuery']"
gailbiddulph.co.uk,"Gail Biddulph | Peaceful, purposeful, profitable business.",,GBR,77,20491,2026-08-22T12:38:25.032406617Z,"['AWS WAF Challenge', 'Alternate Protocol', 'Apture Linking Platform', 'Automattic', 'CDN JS', 'Cloudflare', 'Cloudflare CDN', 'Complianz', 'EmbedPress', 'Font Awesome', 'Google', 'Google Analytics', 'Google My Business', 'Google Tag Manager', 'Jetpack', 'LearnDash', 'LiteSpeed', 'LiveCanvas', 'Microdata for Google Shopping', 'PHP', 'Sitelinks Search Box', 'Tailwind CSS', 'Theme In WP', 'UTF-8', 'Unsplash', 'WPForms', 'WonderPush', 'Woo Themes', 'WooCommerce', 'WooCommerce Checkout', 'WordPress', 'WordPress Multisite', 'jQuery', 'reCAPTCHA']"
mcemcourses.org,Bromley Emergency Courses | RCEM & Ultrasound Courses,Bromley Emergency Training & Research Ltd,GBR,77,20730,2026-08-22T11:52:22.218114713Z,"['AJAX Libraries API', 'AWS WAF Challenge', 'Alternate Protocol', 'AutomateWoo', 'Cloudflare', 'Cloudflare CDN', 'Contact Form Plugin', 'Content Delivery Network', 'DuracellTomi Google Tag Manager for WordPress', 'EmbedPress', 'GitHub Hosting', 'Google', 'Google Analytics', 'Google Cloud DNS', 'Google My Business', 'Google Related Website Sites', 'Google Tag Manager', 'Kadence WP', 'LearnDash', 'MailChimp for WordPress', 'Microdata for Google Shopping', 'PHP', 'QUIC', 'Theme In WP', 'UTF-8', 'Woo Themes', 'WooCommerce', 'WooCommerce Checkout', 'WooCommerce Pixel Manager by woopt', 'WooCommerce Stripe Payment Gateway', 'WordPress', 'WordPress Multisite', 'YouTube', 'jQuery', 'jsDelivr', 'reCAPTCHA']"
medicalcompliancecertification.com,HIPAA Compliance Certification - Medical Compliance Certification,Medical Compliance Certification,USA,77,27616,2026-08-22T10:43:56.178232403Z,"['3 Products', 'Alternate Protocol', 'Amazon WAF Blocked', 'Apollo IO', 'Automattic', 'Cisco/Arrowpoint Content Service Switch', 'Column Shortcodes', 'Content Delivery Network', 'DAV', 'Elementor', 'EmbedPress', 'Essential Addons for Elementor', 'Express', 'Fireblade', 'GZIP Module', 'GitHub Hosting', 'Google Analytics', 'Google My Business', 'Google Related Website Sites', 'Google Tag Manager', 'Gravity', 'Gravity Forms', 'Hello Elementor', 'Hotjar', 'Jetpack', 'LearnDash', 'Line2', 'Microdata for Google Shopping', 'NFOrce Internet', 'Nginx', 'PHP', 'Perl', 'Popup Maker for Wordpress', 'QUIC', 'Thank You', 'Theme In WP', 'UTF-8', 'Uncanny Toolkit for LearnDash', 'Underscores', 'Vercel', 'WPBakery', 'Woo Themes', 'WooCommerce', 'WooCommerce Checkout', 'WordPress', 'WordPress Multisite', 'eLand', 'jQuery', 'reCAPTCHA']"
informationgovernanceservices.com,Data Protection & Information Governance Services - IGS,Information Governance Services,GBR,77,41822,2026-08-22T09:23:22.066461059Z,"['AWS WAF Challenge', 'Alibaba Cloud CDN', 'Alternate Protocol', 'Content Delivery Network', 'CookieYes', 'DC74', 'DuracellTomi Google Tag Manager for WordPress', 'Elementor', 'EmbedPress', 'Fastly', 'Fireblade', 'GZIP Module', 'Google Analytics', 'Google My Business', 'Google Related Website Sites', 'Google Tag Manager', 'Hello Elementor', 'JetElements', 'LearnDash', 'Microdata for Google Shopping', 'NFOrce Internet', 'Nginx', 'QUIC', 'Table Addons for Elementor', 'UTF-8', 'Woo Themes', 'WooCommerce', 'WooCommerce Checkout', 'WordPress', 'WordPress Multisite', 'jQuery', 'reCAPTCHA']"
wellnessrenegades.com,Home » Wellness Renegades,Wellness Renegades,USA,75,6163,2026-08-22T09:02:49.097947061Z,"['Ajax Search Lite', 'Alternate Protocol', 'Beaver Builder Lite', 'Coming Soon Page', 'DAV', 'EmbedPress', 'Express', 'Fastly', 'GZIP Module', 'GeneratePress Company', 'Google', 'Google Analytics', 'Google Cloud DNS', 'Google Font API', 'Google Tag Manager', 'Instagram Follow Button', 'LearnDash', 'Metronet Profile Picture', 'Microdata for Google Shopping', 'Nginx', 'Ninja Forms', 'PHP', 'Theme In WP', 'UTF-8', 'Uncanny Toolkit for LearnDash', 'Vimeo', 'WordPress', 'WordPress Multisite', 'YouTube', 'jQuery']"
nutri.academy,nutri.academy – Nutriční akademie,,CZE,70,43359,2026-08-22T05:05:14.867358542Z,"['Alternate Protocol', 'Apture Linking Platform', 'Divi', 'Ektron', 'Elegant Themes', 'EmbedPress', 'Everest Forms', 'Facebook Conversion Tracking', 'Facebook Login', 'Facebook Messenger Platform', 'Facebook Pixel', 'Facebook Reseller', 'Facebook Tag API', 'Financial Services Guide', 'Fireblade', 'GZIP Module', 'Google', 'Google Analytics', 'Google Cloud CDN', 'Google Cloud DNS', 'Google Font API', 'Google Tag Manager', 'Instagram Follow Button', 'Lazy Load for WordPress', 'LearnDash', 'Nginx', 'PHP', 'Polylang', 'Theme In WP', 'UTF-8', 'WordPress', 'WordPress Multisite', 'jQuery']"
movetotasmania.com.au,"About Jo Reardon, ThermoJo - Expert Thermomix TM7 & TM6 Trainer in Cairns Queensland Australia and helping you Worldwide",,AUS,92,30776,2026-08-22T04:43:28.634289956Z,"['AWS WAF Challenge', 'Alternate Protocol', 'Astra Theme', 'BLR', 'CartFlows', 'Cloudflare', 'Cloudflare CDN', 'Cloudflare Turnstile', 'Content Delivery Network', 'Elegant Themes', 'Elementor', 'EmbedPress', 'Fastly', 'Google My Business', 'Google Tag Manager', 'Instagram Follow Button', 'LearnDash', 'Mastodon', 'Microdata for Google Shopping', 'MonsterInsights', 'NFOrce Internet', 'PHP', 'Pagekit', 'Perfmatters', 'QUIC', 'Theme In WP', 'Tumblr', 'UTF-8', 'Uncanny Toolkit for LearnDash', 'WP Accessibility', 'WP Advanced Ads', 'WhatsApp Sharing', 'Woo Themes', 'WooCommerce', 'WooCommerce Checkout', 'WordPress', 'WordPress Ad Manager and AdSense Ads', 'WordPress Multisite', 'YouTube', 'jQuery']"
grumbolds.com,Business Skills | Leadership and Management Training | Business Owner Coaching,Grumbolds Leadership & Management Training Company,,72,26858,2026-08-22T04:13:54.571837077Z,"['Alternate Protocol', 'Apache', 'Column Shortcodes', 'Contento', 'EmbedPress', 'Facebook Conversion Tracking', 'Facebook Login', 'Facebook Messenger Platform', 'Facebook Pixel', 'Facebook Reseller', 'Facebook Tag API', 'GZIP Module', 'Google Analytics', 'Google Cloud DNS', 'Google Font API', 'Google Maps', 'Google Related Website Sites', 'Google Tag Manager', 'Gravity', 'Gravity Forms', 'Instagram Follow Button', 'Kriesi.at', 'LearnDash', 'Line2', 'MailChimp', 'Microdata for Google Shopping', 'PHP', 'Theme In WP', 'Twitter Ads', 'UTF-8', 'WordPress', 'WordPress Multisite', 'YouTube', 'jQuery']"
paliversity.com,"Oracle Training Online, On-Demand with Paliversity",Paliversity,,82,22386,2026-08-22T03:33:13.686732026Z,"['AWS WAF Challenge', 'Alternate Protocol', 'Content Delivery Network', 'DuracellTomi Google Tag Manager for WordPress', 'Elementor', 'EmbedPress', 'Fastly', 'GZIP Module', 'Google Analytics', 'Google Tag Manager', 'Hello Elementor', 'LearnDash', 'Microdata for Google Shopping', 'NFOrce Internet', 'Oracle Cloud', 'PHP', 'Theme In WP', 'UTF-8', 'Uncanny Toolkit for LearnDash', 'Vimeo', 'WordPress', 'WordPress Multisite', 'YouTube', 'jQuery']"
lifeunleashed.online,LifeUnleashed! – It's Time To Live Your Ultimate Dream Life,,,70,41003,2026-08-21T11:30:50.694881201Z,"['AJAX Libraries API', 'AWS WAF Challenge', 'Alternate Protocol', 'Aruba', 'BuddyBoss', 'Cloudflare', 'Content Delivery Network', 'DAV', 'DuracellTomi Google Tag Manager for WordPress', 'Elementor', 'EmbedPress', 'Essential Addons for Elementor', 'GoDaddy', 'Google', 'Google Analytics', 'Google Cloud CDN', 'Google Cloud DNS', 'Google Font API', 'Google Tag Manager', 'IcoMoon', 'Instagram Follow Button', 'LearnDash', 'Line2', 'Metricool', 'Newsletter for Wordpress', 'PHP', 'Perl', 'SiteW', 'Stripe', 'Theme In WP', 'UTF-8', 'Vector Internet Services', 'Vercel', 'Wangsu', 'Website Tonight', 'Woo Themes', 'WooCommerce', 'WooCommerce Checkout', 'WooCommerce Payments', 'WordPress', 'WordPress Multisite', 'YouTube', 'eLand', 'jQuery']"
christyrepetto.com,Christy Repetto,,ESP,60,373,2026-08-21T10:12:27.329984136Z,"['Alternate Protocol', 'Astra Theme', 'Beaver Builder Lite', 'CleanTalk Spam Protect', 'DAV', 'EmbedPress', 'GenerateBlocks', 'Google', 'Google Cloud DNS', 'Google Font API', 'Instagram Follow Button', 'LearnDash', 'LiteSpeed', 'Microdata for Google Shopping', 'PHP', 'QUIC', 'Schema Plugin', 'Theme In WP', 'UTF-8', 'Vimeo', 'Woo Themes', 'WooCommerce', 'WooCommerce Checkout', 'WooCommerce Stripe Payment Gateway', 'WordPress', 'WordPress Multisite', 'WordPress Related Posts', 'YouTube', 'jQuery']"
beautyperfectionsacademy.com,Beauty Perfections Academy,,GBR,70,6204,2026-08-21T07:36:53.175537685Z,"['Alternate Protocol', 'Contact Form Plugin', 'CoreUI', 'Elementor', 'EmbedPress', 'Fresha', 'Google', 'Google Cloud CDN', 'Google Cloud DNS', 'Google Font API', 'Google My Business', 'LearnDash', 'Microdata for Google Shopping', 'NFOrce Internet', 'PHP', 'QUIC', 'Schema Plugin', 'Slider Revolution', 'Theme In WP', 'UTF-8', 'Woo Themes', 'WooCommerce', 'WooCommerce Checkout', 'WooCommerce Payments', 'WordPress', 'WordPress Multisite', 'jQuery', 'reCAPTCHA', 'shadcn ui']"
karunacareservices.com,Karuna Care Services,,USA,75,19287,2026-08-21T07:07:46.694962609Z,"['AWS WAF Challenge', 'Accordion Blocks', 'Alternate Protocol', 'Automattic', 'CDN JS', 'Cloudflare', 'Cloudflare CDN', 'Content Delivery Network', 'Elementor', 'EmbedPress', 'Essential Addons for Elementor', 'Essential Blocks for Gutenberg', 'Frontend Reset Password', 'GoDaddy', 'Google Analytics', 'Google Cloud DNS', 'Google Font API', 'Google Tag Manager', 'IcoMoon', 'Instagram Follow Button', 'Jetpack', 'LearnDash', 'Material-UI', 'NFOrce Internet', 'Neve', 'PHP', 'Popup Maker for Wordpress', 'Site Kit', 'Smart Slider 3', 'Table Addons for Elementor', 'Theme In WP', 'UTF-8', 'WordPress', 'WordPress Multisite', 'WordPress Stats', 'eLand', 'jQuery', 'jsDelivr']"
legacylifeu.org,Legacy Life – University,,,55,1463,2026-08-21T05:36:03.643693481Z,"['AWS WAF Challenge', 'Alternate Protocol', 'Astra Theme', 'Automattic', 'Content Delivery Network', 'Cornerstone', 'Elementor', 'ElementsKit Elementor', 'EmbedPress', 'Express', 'Gravity', 'Gravity Forms', 'HappyAddons', 'Jetpack', 'LearnDash', 'NFOrce Internet', 'Nginx', 'PHP', 'Paid Memberships Pro', 'QUIC', 'Theme In WP', 'To Top', 'UTF-8', 'University or College', 'Woo Themes', 'WooCommerce', 'WooCommerce Checkout', 'WordPress', 'WordPress Multisite', 'WordPress Related Posts', 'WordPress Stats', 'YouTube', 'Zoom Video Conferencing', 'jQuery']"
kidsthatcode.org,"Kids That Code | Workshops, Camps and Online Courses",,USA,82,35788,2026-08-21T04:55:04.089752743Z,"['AWS WAF Challenge', 'Alternate Protocol', 'Apache', 'Astra Theme', 'CDN JS', 'Cloudflare', 'Cloudflare CDN', 'Elementor', 'EmbedPress', 'Essential Addons for Elementor', 'Facebook Conversion Tracking', 'Facebook Login', 'Facebook Messenger Platform', 'Facebook Pixel', 'Facebook Reseller', 'Facebook Tag API', 'Font Awesome', 'GZIP Module', 'Google Analytics', 'Google Cloud DNS', 'Google Font API', 'Google My Business', 'Google Recommendations AI', 'Google Tag Manager', 'Hotjar', 'Instagram Follow Button', 'Jetpack', 'LearnDash', 'LiteSpeed', 'Microdata for Google Shopping', 'NFOrce Internet', 'PHP', 'Paid Memberships Pro', 'Perl', 'Slider Revolution', 'Theme In WP', 'Twitter Ads', 'UTF-8', 'University or College', 'WPForms', 'Woo Themes', 'WooCommerce Checkout', 'WordPress', 'WordPress Multisite', 'WordPress Related Posts', 'YouTube', 'jQuery', 'reCAPTCHA']"
studyfmge.com,StudyFMGE -Best FMGE Online Coaching in India,StudyMedic,UGA,77,57935,2026-08-21T02:11:04.362172042Z,"['AJAX Libraries API', 'Alternate Protocol', 'App Store', 'CDN JS', 'Cloudflare', 'Cloudflare CDN', 'Contact Form Plugin', 'ElementUI', 'EmbedPress', 'Facebook Conversion Tracking', 'Facebook Login', 'Facebook Messenger Platform', 'Facebook Pixel', 'Facebook Reseller', 'Facebook Tag API', 'Flat Icon', 'Google', 'Google Analytics', 'Google Cloud DNS', 'Google Font API', 'Google My Business', 'Google Play', 'Google Related Website Sites', 'Google Tag Manager', 'Gravity Forms', 'Instagram Follow Button', 'LearnDash', 'LiteSpeed', 'Microdata for Google Shopping', 'PHP', 'SMC', 'StackPath', 'Telegram', 'Theme In WP', 'UTF-8', 'WPForms', 'Woo Themes', 'WooCommerce', 'WooCommerce Checkout', 'WordPress', 'WordPress Multisite', 'jQuery', 'jsDelivr', 'reCAPTCHA', 'shadcn ui']"
knowledgebenefit.com,ABOUT US - Knowledge benefit,Knowledge benefit,GBR,77,3914,2026-08-21T01:58:06.320583936Z,"['Alternate Protocol', 'Divi', 'EWWW Image Optimizer', 'Elegant Themes', 'EmbedPress', 'Express', 'Facebook Conversion Tracking', 'Facebook Login', 'Facebook Messenger Platform', 'Facebook Pixel', 'Facebook Reseller', 'Facebook Tag API', 'Google Analytics', 'Google Cloud DNS', 'Google Font API', 'Google Tag Manager', 'Instagram Follow Button', 'LearnDash', 'LiteSpeed', 'Microdata for Google Shopping', 'Oracle Cloud', 'PHP', 'Popup Maker for Wordpress', 'Theme In WP', 'Twitter Ads', 'UTF-8', 'Uncanny Toolkit for LearnDash', 'University or College', 'WPForms', 'Woo Themes', 'WooCommerce', 'WooCommerce Checkout', 'WordPress', 'WordPress Multisite', 'jQuery']"
smallsurgerycourses.com,Small Surgery Courses,,AUS,77,4803,2026-08-21T01:46:28.669504076Z,"['Alternate Protocol', 'Amazon WAF Blocked', 'Angular', 'Apture Linking Platform', 'Divi', 'Elegant Themes', 'EmbedPress', 'Google', 'Google Cloud CDN', 'Google My Business', 'Google Tag Manager', 'LearnDash', 'LiteSpeed', 'Microdata for Google Shopping', 'Ninja Forms', 'PHP', 'Pagekit', 'Popup Builder', 'Sitelinks Search Box', 'Smush Image Optimization', 'Thank You', 'Theme In WP', 'UTF-8', 'Uncanny Toolkit for LearnDash', 'WP Rocket', 'Woo Themes', 'WordPress', 'WordPress Multisite', 'jQuery', 'reCAPTCHA']"
mathapes.com,"Mathapes – Elevate your math skills with Mathapes, your personal guide to conquering mathematics.",,GBR,70,20233,2026-08-21T00:35:57.015629275Z,"['AWS WAF Challenge', 'Alternate Protocol', 'CDN JS', 'Cloudflare', 'Cloudflare CDN', 'Contact Form Plugin', 'Elementor', 'EmbedPress', 'Financial Services Guide', 'Font Awesome', 'Google', 'Google Cloud DNS', 'Google Font API', 'Gutenberg', 'IcoMoon', 'Instagram Follow Button', 'LearnDash', 'LiteSpeed', 'Microdata for Google Shopping', 'NFOrce Internet', 'PHP', 'QUIC', 'Schema Plugin', 'Theme In WP', 'UTF-8', 'Woo Themes', 'WooCommerce', 'WooCommerce Checkout', 'WordPress', 'WordPress Multisite', 'YouTube', 'jQuery']"
vdds.com,Home New | The Vancouver and District Dental Society (VDDS),The Vancouver And District Dental Society,CAN,72,917,2026-08-20T21:31:26.185285946Z,"['Alternate Protocol', 'Content Delivery Network', 'EmbedPress', 'Instagram Follow Button', 'LearnDash', 'Microdata for Google Shopping', 'Nginx', 'PHP', 'Paid Memberships Pro', 'Thank You', 'ThemeFusion', 'UTF-8', 'University or College', 'WordPress', 'WordPress Multisite', 'jQuery']"
onlinenotaryinstitute.com,Online Notary Institute |,,,55,1227,2026-08-20T20:50:33.389403638Z,"['Alternate Protocol', 'Contact Form Plugin', 'Divi', 'Elegant Themes', 'EmbedPress', 'Font Awesome', 'Google', 'Google Cloud CDN', 'Google Cloud DNS', 'Google Font API', 'LearnDash', 'LiteSpeed', 'NFOrce Internet', 'PHP', 'Slider Revolution', 'Theme In WP', 'UTF-8', 'Uncanny Toolkit for LearnDash', 'Woo Themes', 'WooCommerce', 'WooCommerce Checkout', 'WordPress', 'WordPress Multisite', 'eLand', 'jQuery']"
adoptiondoctors.com,Home - Adoption Doctors,,,65,21448,2026-08-20T19:57:31.430725184Z,"['Alternate Protocol', 'Amazon WAF Blocked', 'Anti-spam for WordPress', 'CleanTalk Spam Protect', 'Constant Contact', 'Contact Form Plugin', 'Content Delivery Network', 'Edubin Theme', 'Elementor', 'EmbedPress', 'Fireblade', 'GZIP Module', 'Google', 'Google Cloud DNS', 'Google Font API', 'IcoMoon', 'LearnDash', 'MemberPress', 'Microdata for Google Shopping', 'NFOrce Internet', 'Nginx', 'PHP', 'QUIC', 'Sitelinks Search Box', 'Table Addons for Elementor', 'Theme In WP', 'Twitter Ads', 'UTF-8', 'WPForms', 'Woo Themes', 'WooCommerce', 'WooCommerce Checkout', 'WordPress', 'WordPress Multisite', 'YouTube', 'jQuery']"
nsba.cc,NSBA – Studio,,,55,1078,2026-08-20T19:00:07.867327639Z,"['Alternate Protocol', 'Apture Linking Platform', 'Contact Form Plugin', 'Elementor', 'EmbedPress', 'Google Cloud DNS', 'Google Font API', 'IcoMoon', 'LearnDash', 'Line2', 'NFOrce Internet', 'PHP', 'Tailwind CSS', 'Theme In WP', 'UTF-8', 'WPO365', 'Woo Themes', 'WooCommerce', 'WooCommerce Checkout', 'WordPress', 'WordPress Multisite', 'jQuery']"
ghskills.academy,Global Health Skills Academy,,CAN,70,17415,2026-08-20T17:25:16.736688631Z,"['AWS WAF Challenge', 'Alternate Protocol', 'Cornerstone', 'Elementor', 'ElementsKit Elementor', 'EmbedPress', 'Hello Elementor', 'Instagram Follow Button', 'JetElements', 'LearnDash', 'NFOrce Internet', 'PHP', 'QUIC', 'Theme In WP', 'UTF-8', 'University or College', 'Woo Themes', 'WooCommerce', 'WooCommerce Checkout', 'WordPress', 'WordPress Multisite', 'jQuery']"
divinecomedy.com,Divine Comedy,,,55,1213,2026-08-20T14:32:35.016519864Z,"['AWS WAF Challenge', 'Alternate Protocol', 'Amazon WAF Blocked', 'Coming Soon Page', 'Contact Form Plugin', 'Content Delivery Network', 'DAV', 'Elementor', 'EmbedPress', 'Essential Addons for Elementor', 'Fonts Plugin', 'Google', 'Google Cloud DNS', 'Google Font API', 'IcoMoon', 'LearnDash', 'LiteSpeed', 'Microdata for Google Shopping', 'NFOrce Internet', 'PHP', 'Schema Plugin', 'Shoelace Style', 'Theme In WP', 'UTF-8', 'Woo Themes', 'WooCommerce', 'WooCommerce Checkout', 'WordPress', 'WordPress Multisite', 'jQuery', 'wpForo Forum']"
belfioreaestheticacademy.com,Home -,,,77,3571,2026-08-20T06:25:23.988702605Z,"['Alternate Protocol', 'BuddyBoss', 'Content Delivery Network', 'Elementor', 'ElementsKit Elementor', 'EmbedPress', 'Essential Addons for Elementor', 'Header, Footer and Blocks for Elementor', 'IcoMoon', 'Jeg Elementor Kit', 'LearnDash', 'LiteSpeed', 'Metform Elemento', 'Microdata for Google Shopping', 'Microsoft Clarity', 'NFOrce Internet', 'PHP', 'Presto Player', 'SiteW', 'Table Addons for Elementor', 'Theme In WP', 'UTF-8', 'University or College', 'Woo Themes', 'WooCommerce', 'WooCommerce Checkout', 'WordPress', 'WordPress Multisite', 'YouTube', 'eLand', 'jQuery']"
ynrcenter.org,ynrcenter.org – My WordPress Blog,,,55,762,2026-08-19T22:38:19.968921808Z,"['Alternate Protocol', 'Amazon', 'Cloudflare', 'Content Delivery Network', 'Elementor', 'EmbedPress', 'Google Cloud DNS', 'Google Font API', 'Hello Elementor', 'LearnDash', 'NFOrce Internet', 'PHP', 'QUIC', 'Theme In WP', 'UTF-8', 'University or College', 'Woo Themes', 'WooCommerce', 'WooCommerce Checkout', 'WordPress', 'WordPress Multisite', 'jQuery']"
professionalcoaching.institute,Alexandra Claes – Leadership Development,,ZAF,82,31350,2026-08-19T18:21:17.499643159Z,"['AWS WAF Challenge', 'Agile CRM', 'Alternate Protocol', 'Astra Theme', 'Automattic', 'BatCache', 'Calendly', 'Cloudflare', 'Cloudflare CDN', 'Content Delivery Network', 'Elementor', 'EmbedPress', 'Express', 'Fastly', 'Google', 'Google My Business', 'Gutenberg', 'Jetpack', 'Jetpack Site Accelerator', 'LearnDash', 'NFOrce Internet', 'Nginx', 'Perl', 'QUIC', 'RM Education', 'UTF-8', 'Vimeo', 'Woo Themes', 'WordPress', 'WordPress Multisite', 'WordPress Related Posts', 'WordPress Stats', 'jQuery']"
digitalmediact.com,Home - Digital Media Connecticut,Digital Media CT,USA,85,19866,2026-08-19T16:09:05.756051158Z,"['501c3 Status Nonprofit', 'AWS WAF Challenge', 'Alternate Protocol', 'Beaver Builder Lite', 'Content Delivery Network', 'DAV', 'EmbedPress', 'Eventbrite', 'Fast', 'Fastly', 'GZIP Module', 'GitHub Hosting', 'Google Analytics', 'Google Analytics Dashboard for WordPress', 'Google Cloud DNS', 'Google Font API', 'Google My Business', 'Google Tag Manager', 'IcoMoon', 'Instagram Follow Button', 'LearnDash', 'Material Design Icons', 'Max Mega Menu', 'Max Mega Menu Pro', 'Microdata for Google Shopping', 'Nginx', 'PHP', 'Theme In WP', 'Twitter Ads', 'UTF-8', 'University or College', 'WordPress', 'WordPress Multisite', 'YouTube', 'jQuery']"
thecoachingcentre.com.au,Certified High Performance Coach | The Coaching Centre,The Coaching Centre Australia,,67,5309,2026-08-19T15:20:06.854135574Z,"['Alternate Protocol', 'Amazon WAF Blocked', 'Apture Linking Platform', 'Content Delivery Network', 'Edubin Theme', 'Elementor', 'EmbedPress', 'GZIP Module', 'Google Analytics', 'Google My Business', 'Google Related Website Sites', 'Google Tag Manager', 'Gravity', 'Gravity Forms', 'Instagram Follow Button', 'Lazy Load for WordPress', 'LearnDash', 'Max Mega Menu', 'Microdata for Google Shopping', 'NFOrce Internet', 'Nginx', 'PHP', 'Poptin', 'QUIC', 'The Events Calendar', 'Theme In WP', 'UTF-8', 'WP Rocket', 'Woo Themes', 'WordPress', 'WordPress Multisite', 'jQuery', 'reCAPTCHA']"
nomoreperfectdatenight.com,Now open | Easy Date Nights,Easy Date Nights,,72,101136,2026-08-19T14:59:13.736816017Z,"['AWS WAF Challenge', 'Alternate Protocol', 'Baidu Cloud', 'CDN JS', 'Cart.com', 'Cloudflare', 'Cloudflare CDN', 'Compact WP Audio Player', 'Contact Form Plugin', 'Content Delivery Network', 'ConvertKit for Wordpress', 'Divi', 'Download Monitor', 'Duoban', 'Elegant Themes', 'Elementor', 'EmbedPress', 'Express', 'Facebook Conversion Tracking', 'Facebook Login', 'Facebook Messenger Platform', 'Facebook Pixel', 'Facebook Reseller', 'Facebook Tag API', 'Fastly', 'GZIP Module', 'Google Analytics', 'Google Cloud DNS', 'Google Font API', 'LearnDash', 'Loomly', 'Microdata for Google Shopping', 'NFOrce Internet', 'Nginx', 'PHP', 'QUIC', 'Sitelinks Search Box', 'SmartCrawl', 'Theme In WP', 'UTF-8', 'Uncanny Toolkit for LearnDash', 'Woo Themes', 'WordPress', 'WordPress Multisite', 'Yandex Hosting', 'jQuery']"
mindbodywellness.org.uk,Home - Mindbody Wellness,Mindbody Wellness,GBR,77,35008,2026-08-19T11:12:29.140692489Z,"['AWS WAF Challenge', 'Alternate Protocol', 'Astra Theme', 'CDN JS', 'Cloudflare', 'Cloudflare CDN', 'Coming Soon Page', 'Elementor', 'EmbedPress', 'Essential Addons for Elementor', 'Fireblade', 'Google', 'Google My Business', 'Header, Footer and Blocks for Elementor', 'Instagram Follow Button', 'LearnDash', 'LiteSpeed', 'Microdata for Google Shopping', 'NFOrce Internet', 'PHP', 'QUIC', 'Sticky Header Effects for Elementor', 'Theme In WP', 'UTF-8', 'Uncanny Toolkit for LearnDash', 'Woo Themes', 'WooCommerce', 'WooCommerce Checkout', 'WooCommerce Payments', 'WordPress', 'WordPress Multisite', 'WordPress Related Posts', 'jQuery']"
ioniqlearning.com,IonIQ Learning – The Home of Smarter Revision,,,60,1364,2026-08-19T02:26:13.539821293Z,"['AWS WAF Challenge', 'Alternate Protocol', 'Contact Form Plugin', 'Edubin Theme', 'Elementor', 'EmbedPress', 'Essential Addons for Elementor', 'Google Cloud DNS', 'Google Font API', 'IcoMoon', 'Instagram Follow Button', 'Jeg Elementor Kit', 'LearnDash', 'NFOrce Internet', 'PHP', 'Paid Memberships Pro', 'QUIC', 'Theme In WP', 'UTF-8', 'WordPress', 'WordPress Multisite', 'jQuery']"
evangelizationschool.com,St. Paul School of Evangelization,,USA,70,3482,2026-08-18T22:49:14.064461038Z,"['Alternate Protocol', 'Apache', 'Contact Form Plugin', 'EmbedPress', 'Express', 'Font Awesome', 'Frontend Reset Password', 'GZIP Module', 'Google Analytics', 'Google Cloud DNS', 'Google Font API', 'Google My Business', 'Google Tag Manager', 'Gravity', 'Gravity Forms', 'Instagram Follow Button', 'Jetpack', 'LearnDash', 'MemberPress', 'PHP', 'Poptin', 'QUIC', 'Share Link', 'Theme In WP', 'Twitter Ads', 'UTF-8', 'Vimeo', 'WordPress', 'WordPress Multisite', 'WordPress Stats', 'YouTube', 'bbPress', 'jQuery', 'reCAPTCHA']"
mission.guru,Turning Creative Ideas into Business Realities | Mission Accomplished,Mission Accomplished Ltd,USA,87,231964,2026-08-18T21:55:02.60480375Z,"['Alternate Protocol', 'Amazon WAF Blocked', 'BLR', 'Cloudflare', 'Content Delivery Network', 'DAV', 'EmbedPress', 'Event Tickets for Wordpress', 'Express', 'Font Awesome', 'FreeBSD', 'GZIP Module', 'Google Analytics', 'Google My Business', 'Google Related Website Sites', 'Google Tag Manager', 'Gravity', 'Gravity Forms', 'Gtranslate for Wordpress', 'Instagram Follow Button', 'KeyCDN', 'LearnDash', 'Microdata for Google Shopping', 'Nginx', 'PHP', 'Perl', 'Python', 'QUIC', 'SMC', 'Salesforce Hosted', 'Shopware', 'Sitelinks Search Box', 'Telegram', 'The Events Calendar', 'Theme In WP', 'ThemeFusion', 'Tumblr', 'Twitter Ads', 'UTF-8', 'Uncanny Toolkit for LearnDash', 'University or College', 'UserWay', 'Vector Internet Services', 'WP jQuery Lightbox', 'WhatsApp Sharing', 'Woo Themes', 'WooCommerce', 'WooCommerce Checkout', 'WooCommerce Stripe Payment Gateway', 'WordPress', 'WordPress Multisite', 'WordPress Related Posts', 'Yandex Hosting', 'YouTube', 'jQuery', 'reCAPTCHA', 'symfony PHP Framework']"
cosmetologyguru.com,Home - Cosmetology Guru,CPT Guru,USA,85,18974,2026-08-18T21:27:30.450557066Z,"['AWS WAF Challenge', 'Alternate Protocol', 'Apture Linking Platform', 'BigScoots', 'ByteDance', 'Cloudflare', 'Cloudflare CDN', 'Cloudflare Web Analytics', 'Content Delivery Network', 'Elementor', 'Elementor Custom Skin', 'EmbedPress', 'Essential Addons for Elementor', 'Font Awesome', 'GeneratePress Company', 'Google Analytics', 'Google Tag Manager', 'Instagram Follow Button', 'LearnDash', 'Microdata for Google Shopping', 'NFOrce Internet', 'OoohBoi Steroids for Elementor', 'PHP', 'Perfmatters', 'PixelYourSite', 'Popup Maker for Wordpress', 'QUIC', 'Table Addons for Elementor', 'Table of Contents Plus', 'Theme In WP', 'Thrive Direct', 'TikTok Conversion Tracking Pixel', 'UTF-8', 'Uncanny Toolkit for LearnDash', 'WordPress', 'WordPress Multisite', 'YouTube', 'jQuery', 'myStickymenu']"
princeofpeacetaylors.org,Welcome - Prince of Peace Catholic Church & School,Prince of Peace Catholic Church &amp; School,,65,4843,2026-08-18T19:04:21.715711175Z,"['Alternate Protocol', 'Amazon WAF Blocked', 'Content Delivery Network', 'Divi', 'Elegant Themes', 'EmbedPress', 'Font Awesome', 'GZIP Module', 'Google', 'Google Analytics', 'Google Cloud CDN', 'Google Cloud DNS', 'Google Font API', 'Google Forms', 'Google My Business', 'Google Tag Manager', 'Gravity', 'Gravity Forms', 'Instagram Follow Button', 'LearnDash', 'LiteSpeed', 'MailMunch', 'Microdata for Google Shopping', 'PHP', 'QUIC', 'Sitelinks Search Box', 'Theme In WP', 'UTF-8', 'Woo Themes', 'WordPress', 'WordPress Multisite', 'YouTube', 'eLand', 'jQuery', 'reCAPTCHA']"
doctortaz.com,"Wellness Expert & Best Selling Author - Dr. Taz Bhatia, M.D. | Dr Taz",,GBR,82,39403,2026-08-18T17:51:35.521266889Z,"['AWS WAF Challenge', 'Adult Content', 'Alternate Protocol', 'Amazon Widgets', 'Cloudflare', 'Content Delivery Network', 'ContentBox', 'EmbedPress', 'Facebook Conversion Tracking', 'Facebook Login', 'Facebook Messenger Platform', 'Facebook Pixel', 'Facebook Reseller', 'Facebook Tag API', 'Google', 'Google Analytics', 'Google Cloud DNS', 'Google Font API', 'Google My Business', 'Google Recommendations AI', 'Google Related Website Sites', 'Google Tag Manager', 'Gravity', 'Gravity Forms', 'Instagram Feed for WordPress', 'Instagram Follow Button', 'Klaviyo', 'LearnDash', 'Microdata for Google Shopping', 'Microsoft Clarity', 'PHP', 'Share Link', 'Sign In With Google', 'The Events Calendar', 'Theme In WP', 'Twitter Ads', 'UTF-8', 'Uncanny Toolkit for LearnDash', 'University or College', 'WP Engine', 'Woo Themes', 'WooCommerce', 'WooCommerce Checkout', 'WooCommerce Stripe Payment Gateway', 'WordPress', 'WordPress Multisite', 'YouTube', 'jQuery', 'reCAPTCHA']"
h2omethod.com,Home - h2omethod.com,h2omethod.com,,67,21517,2026-08-18T16:22:58.590385756Z,"['AWS WAF Challenge', 'Alternate Protocol', 'Astra Theme', 'Automattic', 'Cloudflare', 'Cloudflare CDN', 'Content Delivery Network', 'DAV', 'Elementor', 'EmbedPress', 'Event Tickets for Wordpress', 'Google', 'Google Analytics', 'Google Cloud DNS', 'Google Font API', 'Google My Business', 'Google Tag Manager', 'Header, Footer and Blocks for Elementor', 'Jetpack', 'LearnDash', 'LiteSpeed', 'Microdata for Google Shopping', 'MonsterInsights', 'NFOrce Internet', 'PHP', 'Presto Player', 'QUIC', 'Schema Plugin', 'The Events Calendar', 'Theme In WP', 'UTF-8', 'WP Event Manager', 'WPForms', 'Woo Themes', 'WooCommerce', 'WooCommerce Checkout', 'WooCommerce Payments', 'WordPress', 'WordPress Multisite', 'WordPress Related Posts', 'WordPress Stats', 'jQuery']"
translatorcertification.com,Certification in Translation - Translating Certificates Online | Certified Translator Course,,USA,77,23120,2026-08-18T13:54:34.008729046Z,"['AWS WAF Challenge', 'Adobe Creative Cloud WebFonts', 'Akismet', 'Alternate Protocol', 'Amazon WAF Blocked', 'CallRail', 'Cloudflare', 'Cloudflare CDN', 'Content Delivery Network', 'Elementor', 'Embed Any Document', 'EmbedPress', 'Frontend Reset Password', 'GZIP Module', 'Google', 'Google Analytics', 'Google Cloud CDN', 'Google Cloud DNS', 'Google Font API', 'Google Tag Manager', 'Gravity', 'Gravity Forms', 'Instagram Follow Button', 'LearnDash', 'Microsoft Clarity', 'PHP', 'Share Link', 'Shoelace Style', 'Shopper Approved', 'Slider Revolution', 'Tawk', 'Theme In WP', 'Theme My Login', 'Twitter Ads', 'UTF-8', 'Uncanny Toolkit for LearnDash', 'WPBakery', 'Woo Themes', 'WooCommerce', 'WooCommerce Checkout', 'WordPress', 'WordPress Multisite', 'YouTube', 'jQuery']"
camberdynamics.com,Revenue Operations Experts - The Workflow Academy,The Workflow Academy,,77,22404,2026-08-18T12:01:31.852538314Z,"['AWS WAF Challenge', 'Alternate Protocol', 'Amazon CloudFront', 'Baidu Cloud', 'CloudFront', 'Cloudflare', 'Cloudflare CDN', 'Content Delivery Network', 'Elementor', 'EmbedPress', 'GitHub Hosting', 'Gravity', 'Gravity Forms', 'Kadence WP', 'LearnDash', 'Microdata for Google Shopping', 'NFOrce Internet', 'PHP', 'Table Addons for Elementor', 'Theme In WP', 'UTF-8', 'Woo Themes', 'WooCommerce Checkout', 'WordPress', 'WordPress Multisite', 'Yandex Hosting', 'jQuery', 'jsDelivr']"
fencepostlearning.com,Fence Post Learning | Training Staff to Support Kids,Fence Post Learning,,72,21206,2026-08-18T08:54:49.55014524Z,"['AWS WAF Challenge', 'Alternate Protocol', 'Apture Linking Platform', 'CDN JS', 'Cloudflare', 'Cloudflare CDN', 'Content Delivery Network', 'DAV', 'EWWW Image Optimizer', 'Elementor', 'EmbedPress', 'Express', 'Facebook Pixel', 'Fastly', 'GZIP Module', 'Google Analytics', 'Google My Business', 'Google Tag Manager', 'Hello Elementor', 'Instagram Follow Button', 'Lazy Load for WordPress', 'LearnDash', 'Line2', 'Microdata for Google Shopping', 'NFOrce Internet', 'Nginx', 'PHP', 'Perl', 'QUIC', 'Search and Filter Pro', 'Sitelinks Search Box', 'Table Addons for Elementor', 'TermsFeed', 'The SEO Framework', 'Theme In WP', 'UTF-8', 'Woo Themes', 'WooCommerce', 'WooCommerce Checkout', 'WordPress', 'WordPress Multisite', 'YouTube', 'jQuery', 'reCAPTCHA']"
gamequality.org,GameQuality.org - The professional body for game quality,GameQuality.org,,77,20298,2026-08-18T08:49:42.772507552Z,"['AWS WAF Challenge', 'Active Campaign', 'Alternate Protocol', 'Amazon WAF Blocked', 'Complianz', 'Content Delivery Network', 'Content ad', 'Corporate Governance and Regulatory Compliance', 'Elementor', 'EmbedPress', 'Facebook Conversion Tracking', 'Facebook Login', 'Facebook Messenger Platform', 'Facebook Pixel', 'Facebook Reseller', 'Facebook Tag API', 'Google Analytics', 'Google Tag Manager', 'Hello Elementor', 'Hotjar', 'InitiativeS', 'Instagram Follow Button', 'JetElements', 'LearnDash', 'LiteSpeed', 'MemberPress', 'Microdata for Google Shopping', 'NFOrce Internet', 'PHP', 'QUIC', 'The Events Calendar', 'Theme In WP', 'UTF-8', 'Vimeo', 'WordPress', 'WordPress Multisite', 'jQuery']"
mobiletechrx.com,Mobile Tech RX | Auto Reconditioning Software that Grows Your Business,,USA,77,77582,2026-08-18T03:42:29.727117484Z,"['Alternate Protocol', 'App Store', 'BetterDocs', 'CDN JS', 'Calibermind', 'Cloudflare', 'Cloudflare CDN', 'Content Delivery Network', 'CookieYes', 'EmbedPress', 'Fireblade', 'FirstPromoter', 'GZIP Module', 'Google Analytics', 'Google My Business', 'Google Play', 'Google Related Website Sites', 'Google Tag Manager', 'Instagram Follow Button', 'Lazy Load for WordPress', 'LearnDash', 'LinkedIn Insights', 'LinkedIn Pixel', 'Microdata for Google Shopping', 'Nginx', 'PHP', 'SalesLoft', 'Stripe', 'Tailwind CSS', 'Theme In WP', 'Twitter Ads', 'UTF-8', 'WP Engine', 'WP Rocket', 'Wistia', 'WordPress', 'WordPress Multisite', 'YouTube', 'jQuery']"
onlinececredits.com,Online CE Credits | Earn Approved CEU Credits from Your Home,Online CE Credits,USA,82,96840,2026-08-18T01:02:56.508327868Z,"['AWS WAF Challenge', 'Alternate Protocol', 'Apture Linking Platform', 'Cloudflare', 'Cloudflare CDN', 'Content Delivery Network', 'DAV', 'Divi', 'Elegant Themes', 'EmbedPress', 'Express', 'Favorites for WordPress', 'Font Awesome', 'Google', 'Google Analytics', 'Google Cloud CDN', 'Google Tag Manager', 'Gravity Forms', 'Instagram Follow Button', 'K2F', 'Klaviyo', 'Klaviyo for WordPress', 'LearnDash', 'LiteSpeed', 'Max Mega Menu', 'Max Mega Menu Pro', 'Microdata for Google Shopping', 'Microsoft Clarity', 'NitroPack', 'Ntent', 'QUIC', 'SMC', 'Subversion', 'Supreme Modules Lite', 'Termly', 'UTF-8', 'Woo Themes', 'WooCommerce', 'WooCommerce Checkout', 'WordPress', 'WordPress Multisite', 'YouTube', 'bbPress', 'eLand']"
psychnaw.com,Psych Naw - Giving People the Tools for Psychological Health and Well-Being,Psych Naw,,60,1266,2026-08-17T23:34:29.574548946Z,"['AWS WAF Challenge', 'Alternate Protocol', 'Cloudflare', 'Cloudflare CDN', 'Contact Form Plugin', 'Edubin Theme', 'Elementor', 'EmbedPress', 'Google', 'Google Analytics', 'Google Cloud DNS', 'Google Font API', 'Google My Business', 'Google Tag Manager', 'Hotjar', 'IcoMoon', 'LearnDash', 'Microdata for Google Shopping', 'NFOrce Internet', 'Nginx', 'PHP', 'QUIC', 'Table Addons for Elementor', 'Thank You', 'Theme In WP', 'UTF-8', 'University or College', 'WPForms', 'Woo Themes', 'WordPress', 'WordPress Multisite', 'jQuery', 'reCAPTCHA']"
inspirationalinsightscounselling.com,Counselling in Red Deer Alberta — Make An Appointment Today!,"Inspirational Insights Counselling, Inc.",CAN,77,21015,2026-08-17T22:23:11.550264137Z,"['AWS WAF Challenge', 'Alternate Protocol', 'Cloudflare', 'Contact Form Plugin', 'Content Delivery Network', 'Elementor', 'EmbedPress', 'Google Analytics', 'Google My Business', 'Google Tag Manager', 'IcoMoon', 'LearnDash', 'MailChimp for WordPress', 'Microdata for Google Shopping', 'NFOrce Internet', 'Newsletter for Wordpress', 'OceanWP', 'PHP', 'Subversion', 'Tailwind CSS', 'Theme In WP', 'UTF-8', 'WP Engine', 'WP Mobile Menu', 'WPForms', 'Woo Themes', 'WooCommerce Checkout', 'WordPress', 'WordPress Multisite', 'WordPress Related Posts', 'jQuery', 'reCAPTCHA']"
investmentbankacademy.com,Investment Banking Training | Investment Bank Academy,,USA,75,8858,2026-08-17T22:14:34.088536744Z,"['Alternate Protocol', 'Apache', 'Cisco/Arrowpoint Content Service Switch', 'DAV', 'Elementor', 'EmbedPress', 'Facebook Conversion Tracking', 'Facebook Login', 'Facebook Messenger Platform', 'Facebook Pixel', 'Facebook Reseller', 'Facebook Tag API', 'Fontshare', 'GZIP Module', 'Google Analytics', 'Google My Business', 'Google Tag Manager', 'H5P for WordPress', 'Hello Elementor', 'LearnDash', 'Line2', 'Microdata for Google Shopping', 'NFOrce Internet', 'PHP', 'Perl', 'QUIC', 'Site Kit', 'Table Addons for Elementor', 'Theme In WP', 'UTF-8', 'Ubuntu', 'University or College', 'Vercel', 'Woo Themes', 'WooCommerce', 'WooCommerce Checkout', 'WooCommerce Stripe Payment Gateway', 'WordPress', 'WordPress Multisite', 'eLand', 'jQuery', 'reCAPTCHA']"
eurekiiflex.online,"Eurekii – Engage, Discover, Learn",,USA,70,100653,2026-08-17T20:51:33.917602939Z,"['AWS WAF Challenge', 'Alternate Protocol', 'Amazon', 'Blocksy', 'Cloudflare', 'Content Delivery Network', 'Elementor', 'EmbedPress', 'Fireblade', 'Gambling Content', 'GoDaddy', 'Google Analytics', 'Google Cloud DNS', 'Google Font API', 'Google Tag Manager', 'Instagram Follow Button', 'LearnDash', 'Line2', 'Microdata for Google Shopping', 'NFOrce Internet', 'PHP', 'Pagekit', 'QUIC', 'SMC', 'Site Kit', 'Smush Image Optimization', 'Theme In WP', 'UTF-8', 'University or College', 'Wangsu', 'Website Tonight', 'Woo Themes', 'WooCommerce', 'WooCommerce Checkout', 'WooCommerce Payments', 'WordPress', 'WordPress Multisite', 'YouTube', 'jQuery']"
thirdlevelselling.com,Third Level Selling,,GBR,55,262,2026-08-17T14:55:16.510830144Z,"['Alternate Protocol', 'Content Delivery Network', 'EmbedPress', 'Google', 'Google Cloud DNS', 'Google Font API', 'LearnDash', 'LiteSpeed', 'Meks Flexible Shortcodes', 'PHP', 'QUIC', 'Theme In WP', 'Twenty Seventeen', 'UTF-8', 'WordPress', 'WordPress Multisite', 'jQuery']"
fearfreehappyhomes.com,Fear Free Happy Homes for Pets,Fear Free Happy Homes,,72,6835,2026-08-17T14:17:24.717847593Z,"['Active Campaign', 'Alternate Protocol', 'Cloudflare', 'Cloudflare CDN', 'Content Delivery Network', 'Download Monitor', 'DuracellTomi Google Tag Manager for WordPress', 'EmbedPress', 'Font Awesome', 'Google Analytics', 'Google Tag Manager', 'Homes.com CMS', 'Hotjar', 'Instagram Follow Button', 'LearnDash', 'Microdata for Google Shopping', 'PHP', 'Theme In WP', 'Theme My Login', 'Twenty Twenty', 'UTF-8', 'Vimeo', 'WP Video Lightbox', 'Woo Themes', 'WooCommerce', 'WooCommerce Checkout', 'WordPress', 'WordPress Multisite', 'jQuery']"
chr-aau.org,Center for Human Rights Addis Ababa University,Center for Human Rights,ETH,82,20522,2026-08-17T06:18:45.408395255Z,"['Alternate Protocol', 'Coming Soon Page', 'Content Delivery Network', 'Elementor', 'Elementor Addon Elements', 'ElementsKit Elementor', 'EmbedPress', 'Essential Addons for Elementor', 'Fireblade', 'Google', 'Google Cloud CDN', 'Google Cloud DNS', 'Google Font API', 'Google Related Website Sites', 'LearnDash', 'LiteSpeed', 'Microdata for Google Shopping', 'NFOrce Internet', 'PHP', 'Slider Revolution', 'Table Addons for Elementor', 'Theme In WP', 'UTF-8', 'University or College', 'WordPress', 'WordPress Multisite', 'YouTube', 'jQuery']"
recoveredtruth.com,Soteria,,,65,34137,2026-08-16T21:57:33.204395825Z,"['AWS WAF Challenge', 'Alternate Protocol', 'Astra Theme', 'Cloudflare', 'Cloudflare CDN', 'Content Delivery Network', 'Elementor', 'ElementsKit Elementor', 'EmbedPress', 'GoDaddy', 'Google', 'Google Cloud DNS', 'Google Font API', 'Google My Business', 'LearnDash', 'LiteSpeed', 'MemberPress', 'Ntent', 'PHP', 'Theme In WP', 'UTF-8', 'Wangsu', 'Woo Themes', 'WordPress', 'WordPress Multisite', 'WordPress Related Posts', 'jQuery']"
myclassmag.com,My Class Mag | Class Mags for World Languages,,,55,440,2026-08-16T20:26:38.34890573Z,"['Alternate Protocol', 'Automattic', 'Divi', 'Elegant Themes', 'EmbedPress', 'Google', 'Google Cloud CDN', 'Google Cloud DNS', 'Google Font API', 'Google My Business', 'Jetpack', 'Jetpack Site Accelerator', 'LearnDash', 'License Buttons', 'Nginx', 'PHP', 'Theme In WP', 'UTF-8', 'WP PageNavi', 'Woo Themes', 'WordPress', 'WordPress Multisite', 'WordPress Stats', 'jQuery']"
barreamped.com,Become a Better Barre Instructor - Get Barre Certified by BarreAmped®,BarreAmped®,,72,23419,2026-08-16T20:21:59.59135035Z,"['AWS WAF Challenge', 'Alternate Protocol', 'Automattic', 'BuddyBoss', 'CDN JS', 'Cloudflare', 'Cloudflare CDN', 'Contact Form Plugin', 'Content Delivery Network', 'EmbedPress', 'Event Tickets for Wordpress', 'Express', 'Font Awesome', 'GZIP Module', 'Google', 'Google Analytics', 'Google Cloud DNS', 'Google Font API', 'Google My Business', 'Google Related Website Sites', 'Google Tag Manager', 'IcoMoon', 'Instagram Follow Button', 'Jetpack', 'LearnDash', 'MailChimp', 'Microdata for Google Shopping', 'Nginx', 'PHP', 'QUIC', 'Simple Banner for Wordpress', 'SiteW', 'Strong Testimonials', 'The Events Calendar', 'Theme In WP', 'UTF-8', 'Uncanny Toolkit for LearnDash', 'WP Engine', 'WPBakery', 'Woo Themes', 'WooCommerce', 'WooCommerce Checkout', 'WooCommerce Stripe Payment Gateway', 'WordPress', 'WordPress Multisite', 'WordPress Stats', 'YouTube', 'jQuery', 'reCAPTCHA']"
consumerscu.org,Consumers Credit Union | Serving Michigan and Northern Indiana,Consumers Credit Union,USA,92,26586,2026-08-16T16:01:21.78653316Z,"['Alternate Protocol', 'Apple Auto Link Maker', 'Automattic', 'Autoptimize', 'Cloudflare', 'Cloudflare Web Analytics', 'Content Delivery Network', 'ETranslate', 'EmbedPress', 'Express', 'Fastly', 'GTranslate', 'GZIP Module', 'Google Analytics', 'Google My Business', 'Google Play', 'Google Tag Manager', 'Gravity', 'Gravity Forms', 'Gtranslate for Wordpress', 'HubSpot Conversations', 'HubSpot WordPress Plugin', 'Hubspot', 'Instagram Follow Button', 'Jetpack', 'LearnDash', 'Max Mega Menu Pro', 'Nationwide Mortgage Licensing System and Registry', 'PHP', 'PWA', 'QUIC', 'Smart App Banner', 'Theme In WP', 'UTF-8', 'WP Ulike', 'WordPress', 'WordPress Multisite', 'WordPress Popular Posts', 'WordPress Stats', 'YouTube', 'jQuery', 'jsDelivr']"
cookforyourlife.org,Healthy Cooking for People Affected By Cancer | Cook for Your Life,Cook for Your Life,USA,87,20373,2026-08-16T11:24:47.513555283Z,"['501c3 Status Nonprofit', 'Alternate Protocol', 'Amazon', 'Amazon CloudFront', 'Amazon Route 53', 'Apache', 'CloudFront', 'Contact Form Plugin', 'Content Delivery Network', 'DAV', 'Debian', 'EmbedPress', 'FreeCSSTemplates', 'GZIP Module', 'Google Analytics', 'Google Cloud DNS', 'Google Font API', 'Google My Business', 'Google Related Website Sites', 'Google Tag Manager', 'Instagram Follow Button', 'LearnDash', 'Microdata for Google Shopping', 'Microsoft Clarity', 'PHP', 'Popup Maker for Wordpress', 'Print-O-Matic', 'QUIC', 'Qualtrics Site Intercept', 'Site Reviews for Wordpress', 'Tailwind CSS', 'Theme In WP', 'Twitter Ads', 'UTF-8', 'User Access Manager', 'Vimeo', 'WP Fastest Cache', 'WPML Multilingual', 'WordPress', 'WordPress Multisite', 'YouTube', 'jQuery', 'reCAPTCHA']"
doortotunisia.com,Door to Tunisia,,,55,601,2026-08-16T10:25:16.999215331Z,"['Alternate Protocol', 'Apache', 'Astra Theme', 'Contact Form Plugin', 'Creative Mail by Constant Contact', 'EmbedPress', 'GZIP Module', 'GenerateBlocks', 'Google', 'Google Analytics', 'Google Cloud DNS', 'Google Font API', 'Google My Business', 'Google Tag Manager', 'Jetpack', 'LearnDash', 'PHP', 'QUIC', 'Theme In WP', 'UTF-8', 'Ultimate Addons for Gutenberg', 'Woo Themes', 'WooCommerce', 'WooCommerce Checkout', 'WooCommerce Payments', 'WooCommerce Pixel Manager by woopt', 'WordPress', 'WordPress Multisite', 'WordPress Related Posts', 'YouTube', 'YouTube Advanced by Embed Plus', 'jQuery', 'reCAPTCHA']"
tripp.co.za,Home - TRIPP,,ZAF,70,16627,2026-08-16T05:06:59.502557158Z,"['3 Products', 'AWS WAF Challenge', 'Alternate Protocol', 'EmbedPress', 'Font Awesome', 'GZIP Module', 'Google Analytics', 'Google Cloud DNS', 'Google Font API', 'Google Tag Manager', 'IcoMoon', 'LearnDash', 'Line2', 'Microdata for Google Shopping', 'Nectar Slide Plugin', 'Nginx', 'PHP', 'QUIC', 'Salient', 'Theme In WP', 'UTF-8', 'Ubuntu', 'WPBakery', 'Woo Themes', 'WooCommerce', 'WooCommerce Checkout', 'WordPress', 'WordPress Multisite', 'YouTube', 'jQuery']"
exportandexpand.com,Let's go global - Export and Expand,Weben Partners,JPN,92,18940,2026-08-16T01:29:36.629456267Z,"['AWS WAF Challenge', 'Alternate Protocol', 'Astra Theme', 'Automattic', 'CartFlows', 'Elementor', 'EmbedPress', 'Google Analytics', 'Google Related Website Sites', 'Google Tag Manager', 'Jetpack', 'Jetpack Site Accelerator', 'LearnDash', 'Microdata for Google Shopping', 'NFOrce Internet', 'Nginx', 'PHP', 'QUIC', 'UTF-8', 'Woo Themes', 'WooCommerce', 'WooCommerce Checkout', 'WordPress', 'WordPress Multisite', 'WordPress Related Posts', 'WordPress Stats', 'jQuery']"
nexusschools.com,"School of Real Estate in Miami, Florida | nexusschools.com",NEXUSSCHOOLS,USA,82,8733,2026-08-15T23:50:14.384598683Z,"['Adult Content', 'Alternate Protocol', 'Cisco/Arrowpoint Content Service Switch', 'Click to Chat for WhatsApp', 'Contact Form Plugin', 'Content Delivery Network', 'DAV', 'EmbedPress', 'Event Tickets for Wordpress', 'Facebook Conversion Tracking', 'Facebook Login', 'Facebook Messenger Platform', 'Facebook Pixel', 'Facebook Reseller', 'Facebook Tag API', 'GZIP Module', 'Google Analytics', 'Google My Business', 'Google Related Website Sites', 'Google Tag Manager', 'H5P for WordPress', 'Hotjar', 'IcoMoon', 'Instagram Follow Button', 'LearnDash', 'MailChimp', 'Microdata for Google Shopping', 'MonsterInsights', 'Ntent', 'PHP', 'Perl', 'QUIC', 'Sucuri Cloudproxy', 'Theme In WP', 'Twitter Ads', 'UTF-8', 'University or College', 'W3 Total Cache', 'W3.CSS', 'WP Show Posts', 'WPBakery', 'Woo Themes', 'WooCommerce', 'WooCommerce Checkout', 'WordPress', 'WordPress Multisite', 'YouTube', 'jQuery']"
gruvstudio.com,Gruv Studio – | Drum Lessons Personalized | Omaha Metro and Surrounding Area,,USA,70,22527,2026-08-15T21:00:51.108235934Z,"['AWS WAF Challenge', 'Alternate Protocol', 'Cloudflare', 'Cloudflare CDN', 'CoBlocks', 'Content Delivery Network', 'EmbedPress', 'GoDaddy', 'Google', 'Google Analytics', 'Google Cloud DNS', 'Google Font API', 'Google My Business', 'Google Tag Manager', 'Instagram Follow Button', 'LearnDash', 'Line2', 'LiteSpeed', 'MonsterInsights', 'MouseWheel Smooth Scroll', 'NFOrce Internet', 'Oddle', 'PHP', 'Primer', 'StatCounter', 'Stripe', 'Sucuri Cloudproxy', 'Theme In WP', 'Twitter Ads', 'UTF-8', 'WPFront Scroll Top', 'Website Tonight', 'Woo Themes', 'WooCommerce', 'WooCommerce Checkout', 'WordPress', 'WordPress Multisite', 'jQuery']"
theosisacademy.org,"Theosis Academy – Learn about the One, Holy, Catholic, and Apostolic Church by the Light of the East",,GBR,70,5608,2026-08-15T20:33:27.462434918Z,"['Accordion Blocks', 'Alternate Protocol', 'Amazon WAF Blocked', 'DAV', 'EmbedPress', 'Fastly', 'Google Analytics', 'Google Cloud DNS', 'Google Font API', 'Google My Business', 'Google Related Website Sites', 'Google Tag Manager', 'Gravity', 'Gravity Forms', 'Gutenberg Blocks by Kadence Blocks', 'Jetpack', 'Kadence WP', 'KeyCDN', 'LearnDash', 'MailChimp', 'Nginx', 'PHP', 'Theme In WP', 'UTF-8', 'Woo Themes', 'WooCommerce', 'WooCommerce Checkout', 'WordPress', 'WordPress Multisite', 'YouTube', 'jQuery']"
thevessel.io,The Vessel - Your Space for Self-Discovery,The Vessel,,92,46531,2026-08-15T19:11:02.878812918Z,"['AWS WAF Challenge', 'Alternate Protocol', 'Apture Linking Platform', 'Astra Theme', 'BigScoots', 'Bunny Fonts', 'Cloudflare', 'Cloudflare CDN', 'Cloudflare Web Analytics', 'Content Delivery Network', 'Elementor', 'EmbedPress', 'Express', 'Facebook Conversion Tracking', 'Facebook Login', 'Facebook Messenger Platform', 'Facebook Pixel', 'Facebook Reseller', 'Facebook Tag API', 'Fastly', 'Google Analytics', 'Google Cloud DNS', 'Google Font API', 'Google Tag Manager', 'Help Scout', 'KVH', 'Klarna', 'LearnDash', 'Mediavine Publisher', 'Microdata for Google Shopping', 'NFOrce Internet', 'OneSignal', 'PHP', 'PayPal', 'Perfmatters', 'Plausible Analytics', 'QUIC', 'Sitelinks Search Box', 'Slider Revolution', 'Theme In WP', 'ThirstyAffiliates', 'Trustpilot Reviews for WordPress', 'UTF-8', 'Vine Embed', 'WP Advanced Ads', 'Woo Themes', 'WooCommerce', 'WooCommerce Checkout', 'WooCommerce Stripe Payment Gateway', 'WordPress', 'WordPress Ad Manager and AdSense Ads', 'WordPress Multisite', 'jQuery']"
english-steps.net,English Steps,,TUR,75,19215,2026-08-15T11:55:44.290831515Z,"['AWS WAF Challenge', 'Alternate Protocol', 'AutoComplete', 'Contact Form Plugin', 'Content Delivery Network', 'Elementor', 'EmbedPress', 'Font Awesome', 'Google Analytics', 'Google Cloud DNS', 'Google Font API', 'Google My Business', 'Google Tag Manager', 'IcoMoon', 'Instagram Follow Button', 'LearnDash', 'LiteSpeed', 'NFOrce Internet', 'PHP', 'QUIC', 'Telegram', 'Theme In WP', 'TranslatePress', 'UTF-8', 'Woo Themes', 'WooCommerce', 'WooCommerce Checkout', 'WordPress', 'WordPress Multisite', 'YouTube', 'jQuery', 'reCAPTCHA']"
athometitleuniversity.com,At Home Title University – An online learning platform to train and equip our title agents,,,60,16299,2026-08-15T04:01:45.84072941Z,"['Alternate Protocol', 'Coming Soon Page', 'Elementor', 'Elementor Addon Elements', 'EmbedPress', 'Essential Addons for Elementor', 'Fastly', 'GZIP Module', 'Hello Elementor', 'LearnDash', 'LiteSpeed', 'NFOrce Internet', 'PHP', 'Premium Addons for Elementor', 'QUIC', 'SMC', 'Table Addons for Elementor', 'UTF-8', 'University or College', 'WordPress', 'WordPress Multisite', 'jQuery']"
trackthatadvisor.com,Track That Advisor - We turn advisor data into a competitive advantage for independent financial advisors,,,72,64354,2026-08-15T03:07:42.117324823Z,"['AWS WAF Challenge', 'Adobe Creative Cloud WebFonts', 'Alternate Protocol', 'Amazon WAF Blocked', 'Anti-spam for WordPress', 'Apache', 'Beaver Builder Lite', 'Calendly', 'CleanTalk Spam Protect', 'Content Delivery Network', 'Contento', 'Elementor', 'Embed Any Document', 'EmbedPress', 'Fireblade', 'GZIP Module', 'GitHub Hosting', 'Google', 'Google Analytics', 'Google Cloud DNS', 'Google Font API', 'Google Tag Manager', 'LearnDash', 'MailChimp', 'Matomo', 'Matomo Tag Manager', 'MemberPress', 'Microdata for Google Shopping', 'PHP', 'Schema Plugin', 'Theme In WP', 'UTF-8', 'Uncanny Toolkit for LearnDash', 'WordPress', 'WordPress Multisite', 'Yandex Hosting', 'jQuery']"
self-compassion.org,Self-Compassion by Kristin Neff: Join the Community Now,Self-Compassion,GBR,92,165134,2026-08-14T23:16:27.507435676Z,"['AWS WAF Challenge', 'AiNET', 'Alternate Protocol', 'Amazon Associates', 'Amazon Widgets', 'Apture Linking Platform', 'Apyl', 'CDN JS', 'Cisco/Arrowpoint Content Service Switch', 'Cloudflare', 'Cloudflare CDN', 'Content Delivery Network', 'ContentBox', 'DAV', 'Elementor', 'EmbedPress', 'Essential Addons for Elementor', 'Ethy', 'Federal Deposit Insurance Corporation', 'Financial Services Guide', 'GZIP Module', 'Google Analytics', 'Google My Business', 'Google Tag Manager', 'HHVM', 'HandL UTM Grabber', 'Hexo', 'IPFS', 'Idaq', 'Instagram Follow Button', 'K2F', 'KVH', 'Lazy Load for WordPress', 'LearnDash', 'Line2', 'Microdata for Google Shopping', 'Microsoft Clarity', 'NFOrce Internet', 'No-Q', 'Paessler', 'Perl', 'Phew', 'QUIC', 'SMC', 'Silicon Valley Web Hosting', 'Slider Revolution', 'Subversion', 'Table Addons for Elementor', 'The Events Calendar', 'Twitter Ads', 'UTF-8', 'Vercel', 'Visx', 'WP Lightbox 2', 'Woo Themes', 'WooCommerce', 'WooCommerce Checkout', 'WooCommerce Payments', 'WooCommerce Pixel Manager by woopt', 'WordPress', 'WordPress Multisite', 'Zope', 'eLand', 'jQuery', 'reCAPTCHA']"
currancleaningsupplies.com.au,Home - Curran Cleaning Supplies,,SYC,70,33484,2026-08-14T21:03:43.815506237Z,"['AWS WAF Challenge', 'Alternate Protocol', 'Automattic', 'Cloudflare', 'Cloudflare CDN', 'Contact Form Plugin', 'ElementUI', 'EmbedPress', 'Fireblade', 'Google', 'Google Cloud DNS', 'Google Font API', 'Google My Business', 'Instagram Follow Button', 'Jetpack', 'LiteSpeed', 'Microdata for Google Shopping', 'PHP', 'QUIC', 'Slider Revolution', 'Theme In WP', 'UTF-8', 'Uncanny Toolkit for LearnDash', 'WPBakery', 'Woo Themes', 'WooCommerce', 'WooCommerce Checkout', 'WooFramework', 'WordPress', 'WordPress Multisite', 'WordPress Stats', 'XTemos Studio', 'jQuery']"
standoutclubs.org,Standout Clubs,,IND,65,17385,2026-08-14T15:40:48.507643403Z,"['AWS WAF Challenge', 'Alternate Protocol', 'CDN JS', 'Cloudflare', 'Cloudflare CDN', 'Contact Form Plugin', 'Content Delivery Network', 'Elementor', 'ElementsKit Elementor', 'EmbedPress', 'Express', 'Frontend Reset Password', 'HappyAddons', 'Header, Footer and Blocks for Elementor', 'Hello Elementor', 'Instagram Follow Button', 'LearnDash', 'LiteSpeed', 'NFOrce Internet', 'PHP', 'Popup Builder', 'QUIC', 'Table Addons for Elementor', 'Theme In WP', 'UTF-8', 'Underscores', 'University or College', 'WordPress', 'WordPress Multisite', 'YouTube', 'jQuery']"
nudging360mooc.eu,Nudging 360 MOOC,,,55,902,2026-08-14T13:43:59.514265971Z,"['Alternate Protocol', 'Cookie Accept', 'Cookie Notice', 'Download Monitor', 'Dynamic Visibility for Elementor', 'Elementor', 'EmbedPress', 'Google Analytics', 'Google Tag Manager', 'Gtranslate for Wordpress', 'Hello Elementor', 'LearnDash', 'NFOrce Internet', 'Nginx', 'PHP', 'Parallels Plesk Panel', 'Theme In WP', 'Twitter Ads', 'UTF-8', 'University or College', 'WordPress', 'WordPress Multisite', 'jQuery']"
supportingpositively.co.uk,Supporting Positively,,,60,851,2026-08-14T12:39:51.494277888Z,"['Alternate Protocol', 'Elementor', 'ElementsKit Elementor', 'EmbedPress', 'Express', 'Google Cloud DNS', 'Google Font API', 'Hello Elementor', 'LearnDash', 'NFOrce Internet', 'PHP', 'Theme In WP', 'UTF-8', 'Uncanny Toolkit for LearnDash', 'Woo Themes', 'WooCommerce', 'WooCommerce Checkout', 'WordPress', 'WordPress Multisite', 'jQuery']"
angceramics.com.au,Home - ANG CERAMICS,,AUS,67,2719,2026-08-14T12:03:39.003177637Z,"['Alternate Protocol', 'Astra Theme', 'Big Cartel', 'DuracellTomi Google Tag Manager for WordPress', 'Elementor', 'EmbedPress', 'Facebook CDN', 'Lazy Load for WordPress', 'MailChimp', 'Microdata for Google Shopping', 'NFOrce Internet', 'Nginx', 'PHP', 'QUIC', 'Theme In WP', 'UTF-8', 'Uncanny Toolkit for LearnDash', 'WP Rocket', 'Woo Themes', 'WooCommerce', 'WooCommerce Checkout', 'WooCommerce Stripe Payment Gateway', 'WordPress', 'WordPress Multisite', 'WordPress Related Posts', 'YouTube', 'jQuery']"
oiaedu.com,oiaedu.com – Outstanding International Academy,,USA,60,442,2026-08-13T22:43:59.57939328Z,"['Alternate Protocol', 'Apache', 'Astra Theme', 'CDN JS', 'Cloudflare', 'Cloudflare CDN', 'EmbedPress', 'GZIP Module', 'Google Cloud DNS', 'Google Font API', 'Google My Business', 'LearnDash', 'PHP', 'Pagekit', 'QUIC', 'Smush Image Optimization', 'StackPath', 'Theme In WP', 'Twitter Ads', 'UTF-8', 'Ubuntu', 'Woo Themes', 'WooCommerce', 'WooCommerce Checkout', 'WordPress', 'WordPress Multisite', 'WordPress Related Posts', 'bbPress', 'jQuery']"
digitalnimarketing.hr,Digitalni marketing | Online Tečajevi,,,62,4841,2026-08-13T13:48:31.666583121Z,"['Adult Content', 'Alternate Protocol', 'Apache', 'Astra Theme', 'Elementor', 'EmbedPress', 'Facebook Conversion Tracking', 'Facebook Login', 'Facebook Messenger Platform', 'Facebook Pixel', 'Facebook Reseller', 'Facebook Tag API', 'GZIP Module', 'Google Analytics', 'Google My Business', 'Google Tag Manager', 'Hotjar', 'LearnDash', 'Microdata for Google Shopping', 'NFOrce Internet', 'PHP', 'Theme In WP', 'TranslatePress', 'UTF-8', 'W3 Total Cache', 'Woo Themes', 'WooCommerce', 'WooCommerce Checkout', 'WordPress', 'WordPress Multisite', 'WordPress Related Posts', 'jQuery', 'reCAPTCHA']"
academy-for-investors.com,Trading & Investment Courses Online | Academy For Investors,,ESP,92,7125,2026-08-13T10:42:16.443070134Z,"['Alternate Protocol', 'Amazon WAF Blocked', 'Astra Theme', 'Cloudflare', 'Cloudflare CDN', 'Content Delivery Network', 'Elementor', 'EmbedPress', 'Essential Addons for Elementor', 'Font Awesome', 'Frontend Reset Password', 'Google Analytics', 'Google Cloud DNS', 'Google Font API', 'Google Related Website Sites', 'Google Tag Manager', 'Gravity', 'Gravity Forms', 'Header, Footer and Blocks for Elementor', 'Instagram Follow Button', 'LearnDash', 'Microdata for Google Shopping', 'NFOrce Internet', 'Ntent', 'PHP', 'Perl', 'PixelYourSite', 'QUIC', 'Tawk', 'Theme In WP', 'TrustIndex', 'Trustpilot Reviews for WordPress', 'UTF-8', 'University or College', 'Vimeo', 'Woo Themes', 'WooCommerce', 'WooCommerce Checkout', 'WordPress', 'WordPress Multisite', 'WordPress Related Posts', 'YouTube', 'jQuery']"
sabinmathew.com,Home » Sabin Mathew's Engineering Courses,,,87,22210,2026-08-13T10:34:36.730675444Z,"['AWS WAF Challenge', 'Alternate Protocol', 'Automattic', 'BatCache', 'Coming Soon Page', 'Content Delivery Network', 'Elementor', 'EmbedPress', 'Fancybox for WordPress', 'Fastly', 'Google Analytics', 'Google My Business', 'Google Tag Manager', 'Gutenberg', 'IcoMoon', 'Instagram Follow Button', 'Jetpack', 'Jetpack Site Accelerator', 'LearnDash', 'Microdata for Google Shopping', 'NFOrce Internet', 'Nginx', 'Ntent', 'PHP', 'Say what', 'Sign In With Google', 'Site Kit', 'Sitelinks Search Box', 'Slider Revolution', 'Svelte', 'Theme In WP', 'Twitter Ads', 'UTF-8', 'Vimeo', 'Woo Themes', 'WordPress', 'WordPress Multisite', 'WordPress Stats', 'YouTube', 'jQuery', 'reCAPTCHA']"
thestudioteachertraining.com,The Studio Pilates- Atlanta Group & Semiprivate Reformer Classes,The Studio Pilates,USA,87,26981,2026-08-13T06:01:17.590672435Z,"['AWS WAF Challenge', 'Adobe Creative Cloud WebFonts', 'Alternate Protocol', 'Cloudflare', 'Content Delivery Network', 'DC74', 'Elementor', 'ElementsKit Elementor', 'EmbedPress', 'Google Analytics', 'Google Maps', 'Google My Business', 'Google Related Website Sites', 'Google Tag Manager', 'Instagram Follow Button', 'LearnDash', 'MailChimp', 'Microdata for Google Shopping', 'Momence', 'PHP', 'Pagekit', 'Table Addons for Elementor', 'Theme In WP', 'UTF-8', 'WP Engine', 'Woo Themes', 'WordPress', 'WordPress Multisite', 'Zendesk Guide', 'jQuery']"
fieldofgreenslandscaping.com,Field of Greens Landscaping,Field of Greens Landscaping,USA,72,2210,2026-08-12T23:23:12.165470754Z,"['Alternate Protocol', 'Astra Theme', 'Cloudflare', 'Cloudflare CDN', 'Content Delivery Network', 'Elementor', 'EmbedPress', 'Essential Addons for Elementor', 'Financial Services Guide', 'Google Cloud DNS', 'Google Font API', 'Header, Footer and Blocks for Elementor', 'Microdata for Google Shopping', 'NFOrce Internet', 'PHP', 'Theme In WP', 'UTF-8', 'Uncanny Toolkit for LearnDash', 'Woo Themes', 'WordPress', 'WordPress Multisite', 'WordPress Related Posts', 'jQuery']"
carmensederino.com,Illuminated Story | Carmen Sederino,THE ILLUMINATED STORY,,67,19452,2026-08-12T19:25:03.758936961Z,"['Alternate Protocol', 'Apture Linking Platform', 'Astra Theme', 'Cloudflare', 'Content Delivery Network', 'Elementor', 'EmbedPress', 'GoDaddy', 'Google Analytics', 'Google My Business', 'Google Tag Manager', 'Instagram Follow Button', 'Iubenda', 'LearnDash', 'Microdata for Google Shopping', 'NFOrce Internet', 'PHP', 'Shield Security for Wordpress', 'Stripe', 'Table Addons for Elementor', 'Theme In WP', 'UTF-8', 'Wangsu', 'Woo Themes', 'WordPress', 'WordPress Multisite', 'WordPress Related Posts', 'YouTube', 'jQuery', 'reCAPTCHA']"
unstuckchurch.net,The Unstuck Group | Consulting & Leadership Coaching,The Unstuck Group,USA,77,103635,2026-08-12T19:19:39.193216517Z,"['AWS WAF Challenge', 'Alternate Protocol', 'Beaver Builder Lite', 'CDN JS', 'Cart.com', 'Cloudflare', 'Cloudflare CDN', 'Cloudflare Web Analytics', 'Content Delivery Network', 'DAV', 'EmbedPress', 'Google Analytics', 'Google Tag Manager', 'HubSpot Conversations', 'Hubspot', 'Instagram Follow Button', 'LearnDash', 'Microdata for Google Shopping', 'Nginx', 'PHP', 'Perfmatters', 'Recart', 'Schema Plugin', 'SiteW', 'Theme In WP', 'Twitter Ads', 'UTF-8', 'Vimeo', 'WordPress', 'WordPress Multisite', 'YouTube', 'jQuery', 'jsDelivr']"
ultimateimagecoach.academy,"UIC Leadership & Soft Skills Academy – We Engage, Educate and Empower Business Professionals to Achieve Their Highest Potential",,GBR,70,50176,2026-08-12T12:19:24.460793132Z,"['AWS WAF Challenge', 'Alternate Protocol', 'Astra Theme', 'Content Delivery Network', 'DC74', 'Elementor', 'ElementsKit Elementor', 'EmbedPress', 'Fastly', 'GZIP Module', 'Google Cloud DNS', 'Google Font API', 'K2F', 'LearnDash', 'NFOrce Internet', 'Nginx', 'PHP', 'QUIC', 'Shipping Rates Calculator', 'Side Cart Woocommerce', 'Theme In WP', 'UTF-8', 'Uncanny Toolkit for LearnDash', 'University or College', 'Woo Themes', 'WooCommerce', 'WooCommerce Checkout', 'WooCommerce Stripe Payment Gateway', 'WordPress', 'WordPress Multisite', 'WordPress Related Posts', 'YouTube', 'jQuery']"
restorativeinterface.com,Restorative Interface | Advanced Dental Academy in London,,,77,22637,2026-08-12T09:23:32.138581673Z,"['AddThis for Wordpress', 'Alternate Protocol', 'CDN JS', 'Cloudflare', 'Cloudflare CDN', 'Disqus Comment System for WordPress', 'DoubleClick Bid Manager', 'EWWW Image Optimizer', 'Elementor', 'ElementsKit Elementor', 'EmbedPress', 'Facebook Reseller', 'Font Awesome', 'Google', 'Google Analytics', 'Google Cloud DNS', 'Google Maps', 'Google Matched Content', 'Google My Business', 'Google Recommendations AI', 'Google Related Website Sites', 'Google Reseller', 'Google Tag Manager', 'Hello Elementor', 'Instagram Follow Button', 'LearnDash', 'LiteSpeed', 'Microdata for Google Shopping', 'Microsoft Ajax Content Delivery Network', 'PHP', 'Perfmatters', 'QUIC', 'Sitelinks Search Box', 'StackPath', 'Storyblocks', 'Theme In WP', 'Twitter Ads', 'UTF-8', 'Uncanny Toolkit for LearnDash', 'Vimeo', 'WP Rocket', 'Woo Themes', 'WooCommerce', 'WooCommerce Checkout', 'WordPress', 'WordPress Multisite', 'YouTube', 'jQuery']"
heroscore.com,HeRO by MPSC – The Power to Predict,,USA,72,221575,2026-08-12T07:38:54.125302253Z,"['Alternate Protocol', 'Amazon WAF Blocked', 'Apache', 'Cloudflare', 'DAV', 'EmbedPress', 'Event Tickets for Wordpress', 'FreeBSD', 'GZIP Module', 'Google', 'Google Cloud CDN', 'Gravity', 'Gravity Forms', 'KeyCDN', 'LearnDash', 'PHP', 'Python', 'QUIC', 'SMC', 'Salesforce Hosted', 'Shopware', 'SiteW', 'The Events Calendar', 'Theme In WP', 'ThemeFusion', 'UTF-8', 'University or College', 'Vector Internet Services', 'W3 Total Cache', 'Woo Themes', 'WordPress', 'WordPress Multisite', 'WordPress Related Posts', 'Yandex Hosting', 'jQuery', 'symfony PHP Framework']"
ciian.org,Home - Canadian International Institute of Applied Negotiation,Canadian International Institute of Applied Negotiation,,72,1172,2026-08-12T04:56:45.507016627Z,"['Alternate Protocol', 'Apache', 'Astra Theme', 'Elementor', 'ElementsKit Elementor', 'EmbedPress', 'Facebook Conversion Tracking', 'Facebook Login', 'Facebook Messenger Platform', 'Facebook Pixel', 'Facebook Reseller', 'Facebook Tag API', 'GZIP Module', 'Google Analytics', 'Google Cloud DNS', 'Google Font API', 'Google Tag Manager', 'Header, Footer and Blocks for Elementor', 'LearnDash', 'MailChimp for WordPress', 'Microdata for Google Shopping', 'PHP', 'QUIC', 'Table Addons for Elementor', 'Theme In WP', 'Twitter Ads', 'UTF-8', 'WP Rocket', 'Woo Themes', 'WooCommerce', 'WooCommerce Checkout', 'WooCommerce Payments', 'WordPress', 'WordPress Multisite', 'jQuery']"
facepaintingclasses.tv,Face Painting Course | Complete Online Face Paint School,Lets Paint - Online Face Painting Classes,TUR,82,36734,2026-08-12T04:56:45.473667692Z,"['AWS WAF Challenge', 'Alternate Protocol', 'Amazon', 'Amazon S3 CDN', 'Apache', 'Baidu Cloud', 'Cloudflare', 'Cloudflare CDN', 'Contact Form Plugin', 'Content Delivery Network', 'EmbedPress', 'Flatsome', 'GDPR Consent Management Platform', 'GZIP Module', 'GitHub Hosting', 'Google', 'Google Adsense', 'Google Analytics', 'Google Funding Choices', 'Google Matched Content', 'Google My Business', 'Google Related Website Sites', 'Google Reseller', 'Google Tag Manager', 'IcoMoon', 'Instagram Follow Button', 'Klarna', 'LearnDash', 'Media.net', 'Microdata for Google Shopping', 'Onyx Internet', 'PHP', 'Perl', 'QUIC', 'Sign In With Google', 'Site Kit', 'Storyblocks', 'Tailwind CSS', 'Theme In WP', 'UTF-8', 'Woo Themes', 'WooCommerce', 'WooCommerce Checkout', 'WooCommerce Payments', 'WordPress', 'WordPress Multisite', 'Yandex Hosting', 'YouTube', 'eLand', 'jQuery']"
tides-society.com,Talent Identification & Development Environments in Sport Society – The global home for talent identification and talent development research and practice expertise,,,70,3750,2026-08-12T04:18:50.032537252Z,"['Alternate Protocol', 'Astra Theme', 'Cloudflare', 'Content Delivery Network', 'EmbedPress', 'GoDaddy', 'Google', 'Google Cloud DNS', 'Google Font API', 'LearnDash', 'PHP', 'Theme In WP', 'UTF-8', 'Ultimate Addons for Gutenberg', 'Uncanny Toolkit for LearnDash', 'WordPress', 'WordPress Multisite', 'WordPress Related Posts', 'jQuery']"
dnettraining.com,PMP® Project Management Certification Training – Enroll Now,,,72,3017,2026-08-12T02:26:02.147930072Z,"['Alternate Protocol', 'Astra Theme', 'Click to Chat for WhatsApp', 'Contact Form Plugin', 'Content Delivery Network', 'Elementor', 'ElementsKit Elementor', 'EmbedPress', 'Event Tickets for Wordpress', 'GZIP Module', 'HappyAddons', 'Header, Footer and Blocks for Elementor', 'Instagram Follow Button', 'LearnDash', 'LiteSpeed', 'Microdata for Google Shopping', 'NFOrce Internet', 'PHP', 'QUIC', 'The Events Calendar', 'Theme In WP', 'UTF-8', 'Unlimited Elements For Elementor', 'W3 Total Cache', 'Woo Themes', 'WooCommerce', 'WooCommerce Checkout', 'WooCommerce Payments', 'WooCommerce Stripe Payment Gateway', 'WooLentor', 'WordPress', 'WordPress Multisite', 'WordPress Related Posts', 'jQuery']"
sneakerfactory.net,Shoemaking Courses Online | Now Enrolling Shoemakers Academy,Shoemakers Academy,USA,92,41104,2026-08-11T21:03:02.795104285Z,"['AWS WAF Challenge', 'Alternate Protocol', 'Amazon WAF Blocked', 'Anti-spam for WordPress', 'Apture Linking Platform', 'Automattic', 'Calendly', 'CleanTalk Spam Protect', 'Contact Form Plugin', 'Content Delivery Network', 'Edubin Theme', 'Elementor', 'EmbedPress', 'Etsy', 'Event Tickets for Wordpress', 'Facebook Conversion Tracking', 'Facebook Login', 'Facebook Messenger Platform', 'Facebook Pixel', 'Facebook Reseller', 'Facebook Tag API', 'Fireblade', 'GZIP Module', 'GitHub Hosting', 'Google', 'Google Analytics', 'Google Cloud CDN', 'Google Cloud DNS', 'Google Font API', 'Google Related Website Sites', 'Google Tag Manager', 'IcoMoon', 'Instagram Follow Button', 'Jetpack', 'Klaviyo', 'Klaviyo for WordPress', 'LearnDash', 'LoftLoader', 'Microdata for Google Shopping', 'NFOrce Internet', 'PHP', 'QUIC', 'Sucuri Cloudproxy', 'Table Addons for Elementor', 'The Events Calendar', 'Theme In WP', 'UTF-8', 'University or College', 'Variation Swatches for WooCommerce', 'WPForms', 'Woo Themes', 'WooCommerce', 'WooCommerce Checkout', 'WooCommerce Payments', 'WooCommerce Pixel Manager by woopt', 'WordPress', 'WordPress Multisite', 'WordPress Stats', 'YouTube', 'jQuery']"
thebalazs.com,The Source CODΞ Academy – the most endorsed sourcing training that combine live courses with e-learning and AI elements,,,62,20435,2026-08-11T16:56:58.246465817Z,"['AWS WAF Challenge', 'Alternate Protocol', 'Amazon WAF Blocked', 'Automattic', 'Booking Affiliate', 'BuddyBoss', 'Complianz', 'Content ad', 'Elementor', 'EmbedPress', 'Express', 'GZIP Module', 'Google My Business', 'Google Tag Manager', 'IcoMoon', 'Jetpack', 'Jetpack Site Accelerator', 'LearnDash', 'LiteSpeed', 'MemberPress', 'NFOrce Internet', 'PHP', 'Perl', 'QUIC', 'SiteW', 'Table Addons for Elementor', 'Theme In WP', 'UTF-8', 'Vercel', 'Widget Options', 'WordPress', 'WordPress Multisite', 'eLand', 'jQuery', 'reCAPTCHA']"
market-stride.online,BDR | Business Development Resources | Driving Profit & Growth,,USA,92,66708,2026-08-11T14:38:41.977661541Z,"['Alternate Protocol', 'Amazon WAF Blocked', 'Ametys', 'Apture Linking Platform', 'Beaver Builder Lite', 'Cloudflare', 'Cloudflare CDN', 'Content Delivery Network', 'Contento', 'CookieYes', 'Cvent', 'DoubleClick Bid Manager', 'EmbedPress', 'Facebook Conversion Tracking', 'Facebook Login', 'Facebook Messenger Platform', 'Facebook Pixel', 'Facebook Reseller', 'Facebook Tag API', 'Fireblade', 'Font Awesome', 'FormSubmit', 'Google', 'Google Analytics', 'Google Cloud DNS', 'Google Font API', 'Google My Business', 'Google Related Website Sites', 'Google Tag Manager', 'Gravity', 'Instagram Follow Button', 'Lazy Load for WordPress', 'LearnDash', 'Line2', 'LinkedIn Insights', 'LinkedIn Pixel', 'Max Mega Menu', 'Max Mega Menu Pro', 'Microdata for Google Shopping', 'PHP', 'Perl', 'SVG Support', 'Schema Plugin', 'Sitelinks Search Box', 'UTF-8', 'Uncanny Toolkit for LearnDash', 'UserWay', 'WP Rocket', 'WPO365', 'Woo Themes', 'WooCommerce', 'WooCommerce Checkout', 'WordPress', 'WordPress Multisite', 'YouTube', 'reCAPTCHA']"
wordsfirst.uk,Home - Multidisciplinary Services for Schools,,GBR,92,22320,2026-08-11T11:47:25.328533236Z,"['Alternate Protocol', 'Apache', 'Contact Form Plugin', 'Content Delivery Network', 'Elementor', 'EmbedPress', 'Essential Addons for Elementor', 'Fireblade', 'GZIP Module', 'Google', 'Google Analytics', 'Google Cloud CDN', 'Google Cloud DNS', 'Google Font API', 'Google My Business', 'Google Tag Manager', 'Gtranslate for Wordpress', 'Hive.co', 'Instagram Follow Button', 'JetElements', 'LearnDash', 'LinkedIn Insights', 'LinkedIn Pixel', 'Microdata for Google Shopping', 'NFOrce Internet', 'PHP', 'Perl', 'Porto Wordpress', 'QUIC', 'Site Kit', 'Slider Revolution', 'Theme In WP', 'UTF-8', 'Woo Themes', 'WooCommerce', 'WooCommerce Checkout', 'WooCommerce Stripe Payment Gateway', 'WordPress', 'WordPress Download Manager', 'WordPress Multisite', 'YouTube', 'jQuery', 'reCAPTCHA']"
ba-cube.com,Landing Page - BA-Cube by BA-Squared LLC,,,60,879,2026-08-11T11:36:22.234922764Z,"['AJAX Libraries API', 'AWS WAF Challenge', 'Alternate Protocol', 'Autoptimize', 'CDN JS', 'Cloudflare', 'Cloudflare CDN', 'Content Delivery Network', 'Divi', 'Elegant Themes', 'EmbedPress', 'Flying Pages by WP Speed Matters', 'Google', 'Google Analytics', 'Google Cloud DNS', 'Google Font API', 'Google Tag Manager', 'Lazy Load for WordPress', 'LearnDash', 'MemberPress', 'Microdata for Google Shopping', 'PHP', 'Perl', 'QUIC', 'Tailwind CSS', 'Theme In WP', 'UTF-8', 'Vercel', 'WP Rocket', 'WordPress', 'WordPress Multisite', 'eLand', 'jQuery']"
homelesshostelstaff.co.uk,"Concierges, Support Worker Staff, Security for Homeless Hostels",,GBR,77,18208,2026-08-11T09:29:14.799337755Z,"['AWS WAF Challenge', 'Alternate Protocol', 'Cloudflare', 'Cloudflare CDN', 'Content Delivery Network', 'EmbedPress', 'Genesis Blocks', 'Google', 'Google My Business', 'LearnDash', 'Mastodon', 'Microdata for Google Shopping', 'PHP', 'Twitter Ads', 'UTF-8', 'WordPress', 'WordPress Multisite', 'YouTube', 'jQuery']"
mannleg.is,mannleg – Being more and more alive every moment,,,55,8637,2026-08-11T08:45:52.940049108Z,"['AWS WAF Challenge', 'Alternate Protocol', 'Baidu Cloud', 'Divi', 'Duoban', 'Elegant Themes', 'EmbedPress', 'Express', 'Fireblade', 'GZIP Module', 'Google', 'Google Analytics', 'Google Cloud CDN', 'Google Cloud DNS', 'Google Font API', 'Google Related Website Sites', 'Google Tag Manager', 'Gtranslate for Wordpress', 'LearnDash', 'LiteSpeed', 'Loomly', 'Monarch Social Sharing Plugin For WordPress', 'PHP', 'QUIC', 'SiteW', 'Theme In WP', 'UTF-8', 'Woo Themes', 'WooCommerce Checkout', 'WordPress', 'WordPress Multisite', 'Yandex Hosting', 'jQuery']"
samirahatami.com,samirahatami,,,50,400,2026-08-11T07:53:56.457382928Z,"['Alternate Protocol', 'Elementor', 'EmbedPress', 'Express', 'Google', 'Google Cloud CDN', 'Google Cloud DNS', 'Google Font API', 'Hello Elementor', 'Instagram Follow Button', 'LearnDash', 'LiteSpeed', 'PHP', 'Presto Player', 'QUIC', 'Slider Revolution', 'Theme In WP', 'UTF-8', 'Woo Themes', 'WooCommerce', 'WooCommerce Checkout', 'WordPress', 'WordPress Multisite', 'YouTube', 'jQuery']"
nimhanselearning.org,"NIMHANS e-Learning Hub – Centre for Addiction Medicine & NIMHANS Digital Academy, NIMHANS, Bengaluru",,IND,55,9158,2026-08-10T22:41:55.705570889Z,"['1Password', 'AJAX Libraries API', 'AWS WAF Challenge', 'Accordion Blocks', 'Alternate Protocol', 'Amazon WAF Blocked', 'Anti-spam for WordPress', 'CDN JS', 'CleanTalk Spam Protect', 'Cloudflare', 'Cloudflare CDN', 'EmbedPress', 'Fastly', 'Fireblade', 'Google Analytics', 'Google Cloud DNS', 'Google Font API', 'Google My Business', 'Google Tag Manager', 'Gutenberg Blocks by Kadence Blocks', 'H5P for WordPress', 'JotForm', 'Kadence WP', 'LearnDash', 'Nginx', 'PHP', 'Shoelace Style', 'Theme In WP', 'UTF-8', 'UptimeRobot', 'WPML Multilingual', 'WordPress', 'WordPress Multisite', 'YouTube', 'jQuery']"
superautomotivetraining.com,Super Automotive Training,,USA,72,22568,2026-08-10T20:57:40.000585811Z,"['AWS WAF Challenge', 'Alternate Protocol', 'Astra Theme', 'Calendly', 'Cloudflare', 'Cloudflare CDN', 'Elementor', 'EmbedPress', 'Fastly', 'Google', 'Google Analytics', 'Google Cloud DNS', 'Google Font API', 'Google My Business', 'Google Tag Manager', 'Instagram Follow Button', 'LearnDash', 'NFOrce Internet', 'Nginx', 'PHP', 'Presto Player', 'QUIC', 'Site Kit', 'Theme In WP', 'Theme My Login', 'UTF-8', 'Woo Themes', 'WooCommerce', 'WooCommerce Checkout', 'WordPress', 'WordPress Multisite', 'WordPress Related Posts', 'YouTube', 'jQuery']"
caringquiz.com,Quiz | Rayna Neises: A Season of Caring,,,55,786,2026-08-10T18:08:18.101113077Z,"['Alternate Protocol', 'Content Delivery Network', 'Divi', 'Elegant Themes', 'EmbedPress', 'Facebook Login', 'Facebook Messenger Platform', 'Facebook Reseller', 'Font Awesome', 'Google', 'Google Analytics', 'Google Cloud CDN', 'Google Cloud DNS', 'Google Font API', 'Google Tag Manager', 'Instagram Follow Button', 'Jetpack', 'LearnDash', 'LiteSpeed', 'PHP', 'Paid Memberships Pro', 'Perl', 'Theme In WP', 'Twitter Ads', 'UTF-8', 'Usercentrics', 'Woo Themes', 'WordPress', 'WordPress Multisite', 'WordPress Stats', 'jQuery']"
owneroperatorscoop.com,Owner Operators Co-op - Flat monthly fee! Sign on today,Owner Operators Co-op,IRL,82,3041,2026-08-10T17:50:17.133001634Z,"['Alternate Protocol', 'Colibri', 'Contact Form Plugin', 'Content Delivery Network', 'EmbedPress', 'Facebook Conversion Tracking', 'Facebook Login', 'Facebook Messenger Platform', 'Facebook Pixel', 'Facebook Reseller', 'Facebook Tag API', 'Fancybox for WordPress', 'Font Awesome', 'FormSubmit', 'GZIP Module', 'GoDaddy', 'Google Cloud DNS', 'Google Font API', 'Google Maps', 'Google My Business', 'Google Related Website Sites', 'IcoMoon', 'Icons8', 'LearnDash', 'Microdata for Google Shopping', 'PHP', 'Pagekit', 'Pleroma', 'QUIC', 'Smush Image Optimization', 'Sucuri Cloudproxy', 'Theme My Login', 'UTF-8', 'Woo Themes', 'WordPress', 'WordPress Multisite', 'jQuery', 'shadcn ui']"
acpacprogram.ca,ACPAC Program – Advanced Clinical Practitioner in Arthritis Care,,USA,72,3446,2026-08-10T17:39:29.477211965Z,"['Adobe Creative Cloud WebFonts', 'Alternate Protocol', 'Amazon CloudFront', 'Amazon S3 CDN', 'CloudFront', 'EmbedPress', 'GZIP Module', 'Google Analytics', 'Google Related Website Sites', 'Google Tag Manager', 'Gravity', 'Gravity Forms', 'LearnDash', 'Nginx', 'PHP', 'PWA', 'QUIC', 'Storyblocks', 'Theme In WP', 'UTF-8', 'Uncanny Toolkit for LearnDash', 'University or College', 'WP Engine', 'WordPress', 'WordPress Multisite', 'jQuery']"
bluebytesystems.com,BLUE BYTE SYSTEMS INC. - Certified SOLIDWORKS® Solution Partner,BLUE BYTE SYSTEMS INC.,CAN,92,194721,2026-08-10T15:40:30.721510423Z,"['AWS WAF Challenge', 'Alternate Protocol', 'Amazon WAF Blocked', 'Anti-spam for WordPress', 'CDN JS', 'Cisco/Arrowpoint Content Service Switch', 'CleanTalk Spam Protect', 'Cloudflare', 'Cloudflare CDN', 'Content Delivery Network', 'Customer Reviews for WooCommerce', 'DAV', 'Elementor', 'EmbedPress', 'Fireblade', 'GitHub Hosting', 'GoDaddy', 'Google', 'Google Analytics', 'Google Cloud DNS', 'Google Font API', 'Google My Business', 'Google Related Website Sites', 'Google Tag Manager', 'LearnDash', 'Line2', 'Microdata for Google Shopping', 'NFOrce Internet', 'Newsletter for Wordpress', 'PHP', 'Perl', 'QUIC', 'Royal Elementor Addons', 'Salesforce Hosted', 'Shipping Rates Calculator', 'Side Cart Woocommerce', 'Theme In WP', 'UTF-8', 'Variation Swatches for WooCommerce', 'Vercel', 'Woo Themes', 'WooCommerce', 'WooCommerce Checkout', 'WooCommerce Stripe Payment Gateway', 'WordPress', 'WordPress Multisite', 'YouTube', 'eLand', 'jQuery', 'monday.com']"
aspired.online,AspirEd – Aspire 2Be – Learning Community,,,70,9895,2026-08-10T14:57:53.792526037Z,"['Alternate Protocol', 'BuddyBoss', 'Cloudflare', 'Cloudflare CDN', 'Content Delivery Network', 'Elementor', 'EmbedPress', 'Google', 'Google Analytics', 'Google Cloud DNS', 'Google Font API', 'Google My Business', 'Google Tag Manager', 'IcoMoon', 'Jetpack', 'LearnDash', 'MonsterInsights', 'NFOrce Internet', 'PHP', 'SiteW', 'Squid', 'StackPath', 'Table Addons for Elementor', 'Theme In WP', 'Twitter Ads', 'UTF-8', 'WPForms', 'Woo Themes', 'WooCommerce', 'WooCommerce Checkout', 'WordPress', 'WordPress Multisite', 'YouTube', 'jQuery', 'reCAPTCHA']"
curriculead.com,Online Learning Portal - Online Training for Real World Success,,USA,75,18404,2026-08-10T14:35:30.353636993Z,"['AWS WAF Challenge', 'Alternate Protocol', 'Bulma', 'CDN JS', 'Cloudflare', 'Cloudflare CDN', 'Contact Form Plugin', 'Content Delivery Network', 'Elementor', 'EmbedPress', 'Google', 'Google Analytics', 'Google Cloud CDN', 'Google Cloud DNS', 'Google Font API', 'Google My Business', 'Google Tag Manager', 'Instagram Follow Button', 'LearnDash', 'Microdata for Google Shopping', 'PHP', 'Pagekit', 'QUIC', 'Site Kit', 'Slider Revolution', 'Theme In WP', 'UTF-8', 'Uncanny Toolkit for LearnDash', 'University or College', 'Woo Themes', 'WordPress', 'WordPress Multisite', 'YouTube', 'jQuery']"
austenhempstead.com,Austen Hempstead,Austen Hempstead,,67,27635,2026-08-10T14:10:25.311558421Z,"['AWS WAF Challenge', 'Alternate Protocol', 'Astra Theme', 'Beaver Builder Lite', 'CDN JS', 'CartFlows', 'Cloudflare', 'Cloudflare CDN', 'Content Delivery Network', 'DuracellTomi Google Tag Manager for WordPress', 'EmbedPress', 'Express', 'Google', 'Google Analytics', 'Google Cloud DNS', 'Google Font API', 'Google Tag Manager', 'Gravity', 'LearnDash', 'LiteSpeed', 'Microdata for Google Shopping', 'NFOrce Internet', 'PHP', 'Prospective', 'QUIC', 'Schema Plugin', 'Theme In WP', 'UTF-8', 'Vimeo', 'Vimeo CDN', 'Woo Themes', 'WooCommerce', 'WooCommerce Checkout', 'WooCommerce Stripe Payment Gateway', 'WordPress', 'WordPress Multisite', 'WordPress Related Posts', 'jQuery']"
indicosystems.com,Davidhorn,Davidhorn,GBR,72,26106,2026-08-10T13:49:57.440707698Z,"['Alternate Protocol', 'Amazon', 'Amazon CloudFront', 'Amazon Route 53', 'Amazon WAF Blocked', 'Apture Linking Platform', 'CloudFront', 'Cloudflare', 'Cloudflare CDN', 'Cogeco Peer 1', 'Content Delivery Network', 'Cookie Information', 'DAV', 'DoubleClick Bid Manager', 'EmbedPress', 'Facebook Conversion Tracking', 'Facebook Login', 'Facebook Messenger Platform', 'Facebook Pixel', 'Facebook Reseller', 'Facebook Tag API', 'FormSubmit', 'Getwid Gutenberg Blocks', 'Google', 'Google Analytics', 'Google Cloud DNS', 'Google Font API', 'Google Matched Content', 'Google My Business', 'Google Reseller', 'Google Tag Manager', 'Gravity', 'Gravity Forms', 'Instagram Follow Button', 'LearnDash', 'LinkedIn Pixel', 'Microdata for Google Shopping', 'Microsoft Clarity', 'PHP', 'Theme In WP', 'UTF-8', 'WPML Multilingual', 'WordPress', 'WordPress Multisite', 'jQuery']"
trades2trainer.com,Trades2Trainer - Professional Development for New and Transitioning CTE Teachers,,USA,87,4794,2026-08-10T11:54:23.281362056Z,"['Adult Content', 'Alternate Protocol', 'Automattic', 'BatCache', 'Elfsight', 'EmbedPress', 'Fastly', 'Google Analytics', 'Google Cloud DNS', 'Google Font API', 'Google Related Website Sites', 'Google Tag Manager', 'Gutenberg', 'Gutenberg Blocks by Kadence Blocks', 'Instagram Follow Button', 'Jetpack', 'Jetpack Site Accelerator', 'LearnDash', 'Microdata for Google Shopping', 'Nginx', 'PHP', 'Perl', 'Schema Plugin', 'Sitelinks Search Box', 'UTF-8', 'Woo Themes', 'WordPress', 'WordPress Multisite', 'WordPress Stats', 'YouTube', 'eLand', 'jQuery']"
fredla.org,| FREDLA,FREDLA,,80,1168,2026-08-09T10:37:14.746881422Z,"['Alternate Protocol', 'Cloudflare', 'Cloudflare CDN', 'Content Delivery Network', 'DAV', 'EmbedPress', 'GitHub Hosting', 'Google Analytics', 'Google Related Website Sites', 'Google Tag Manager', 'LearnDash', 'Microdata for Google Shopping', 'PHP', 'Theme In WP', 'Twitter Ads', 'UTF-8', 'WordPress', 'WordPress Multisite', 'jQuery']"
leadrugs.org,Youth Drug and Violence Prevention Program Taught in Schools,,USA,87,40250,2026-08-09T09:26:20.210117221Z,"['AWS WAF Challenge', 'Alternate Protocol', 'Apture Linking Platform', 'Aruba', 'Cloudflare', 'Content Delivery Network', 'EmbedPress', 'Event Tickets for Wordpress', 'Express', 'Facebook Reseller', 'Font Awesome', 'Genesis Blocks', 'Givebutter', 'Google Analytics', 'Google Tag Manager', 'Gravity Forms', 'Instagram Follow Button', 'KVH', 'LearnDash', 'Line2', 'MailChimp for WordPress', 'Microdata for Google Shopping', 'NFOrce Internet', 'PHP', 'PayPal Adaptive Payments', 'PixelYourSite', 'Popup Maker for Wordpress', 'RocketCDN', 'Site Kit', 'Team Members', 'Theme In WP', 'UTF-8', 'Ultimate Blocks', 'Uncanny Toolkit for LearnDash', 'WP Engine', 'WP Rocket', 'Woo Themes', 'WooCommerce', 'WooCommerce Checkout', 'WooCommerce Payments', 'WooCommerce Stripe Payment Gateway', 'WordPress', 'WordPress Multisite', 'YouTube', 'eLand', 'jQuery']"
churchacademies.com,The Neighborhood University – Building Better Churches for God,,USA,82,22934,2026-08-09T01:07:31.567975317Z,"['AWS WAF Challenge', 'Alternate Protocol', 'Astra Theme', 'Automattic', 'BatCache', 'Cloudflare', 'Cloudflare CDN', 'Content Delivery Network', 'Elementor', 'EmbedPress', 'Fastly', 'Google', 'Google Analytics', 'Google My Business', 'Google Tag Manager', 'Header, Footer and Blocks for Elementor', 'Jetpack', 'Jetpack Site Accelerator', 'LearnDash', 'NFOrce Internet', 'Nginx', 'PHP', 'Perl', 'Presto Player', 'Python', 'QUIC', 'Share Link', 'Table Addons for Elementor', 'Theme In WP', 'UTF-8', 'University or College', 'Woo Themes', 'WordPress', 'WordPress Multisite', 'WordPress Related Posts', 'WordPress Stats', 'jQuery']"
torontocentreforneonatalhealth.com,TCNH - Toronto Centre for Neonatal Health,,CAN,82,41997,2026-08-09T01:07:31.504815998Z,"['AWS WAF Challenge', 'Alternate Protocol', 'Cloudflare', 'Cloudflare CDN', 'Cloudflare Turnstile', 'Content Delivery Network', 'Elegant Themes', 'EmbedPress', 'GetResponse', 'Google Analytics', 'Google Cloud DNS', 'Google Font API', 'Google Maps', 'Google Tag Manager', 'InitiativeS', 'LearnDash', 'Microdata for Google Shopping', 'Monarch Social Sharing Plugin For WordPress', 'PHP', 'QUIC', 'ScholarOne', 'Theme In WP', 'Twitter Ads', 'UTF-8', 'Uncanny Toolkit for LearnDash', 'University or College', 'WordPress', 'WordPress Multisite', 'YouTube', 'eLand', 'jQuery']"
healthyendoflifeprogram.org,Website Transition | Healthy End of Life Program,Healthy End of Life Program,,75,6239,2026-08-08T22:37:23.962130972Z,"['Akismet', 'Alternate Protocol', 'Amazon WAF Blocked', 'Astra Theme', 'Cloudflare', 'Cloudflare CDN', 'Content Delivery Network', 'Elementor', 'EmbedPress', 'Google', 'Google Analytics', 'Google Cloud DNS', 'Google Font API', 'Google My Business', 'Google Tag Manager', 'Gravity', 'Gravity Forms', 'LearnDash', 'Microdata for Google Shopping', 'NFOrce Internet', 'PHP', 'Theme In WP', 'UTF-8', 'University or College', 'Woo Themes', 'WordPress', 'WordPress Multisite', 'WordPress Related Posts', 'jQuery', 'reCAPTCHA']"
cityvisioninstitute.org,Free Courses for Christian Nonprofit and Ministry Leaders - City Vision Institute,,GBR,82,5938,2026-08-08T17:50:20.961769575Z,"['501c3 Status Nonprofit', 'Alternate Protocol', 'Apache', 'Astra Theme', 'BunnyCDN', 'BunnyCDN General', 'Elementor', 'EmbedPress', 'Font Awesome', 'GZIP Module', 'Google Analytics', 'Google Tag Manager', 'Lazy Load for WordPress', 'Microdata for Google Shopping', 'NFOrce Internet', 'PHP', 'Sitelinks Search Box', 'Tailwind CSS', 'Theme In WP', 'UTF-8', 'Ubuntu', 'Uncanny Toolkit for LearnDash', 'University or College', 'WP Rocket', 'Woo Themes', 'WordPress', 'WordPress Multisite', 'WordPress Related Posts', 'YouTube', 'jQuery']"
sgcdigital.com,"SG Collaborative Solutions – See, understand and manage risk",,USA,80,44283,2026-08-08T17:50:20.958510166Z,"['Alternate Protocol', 'Content Delivery Network', 'Easy Accordio', 'EmbedPress', 'Google', 'Google Analytics', 'Google Cloud CDN', 'Google Cloud DNS', 'Google Font API', 'Google Tag Manager', 'HealthStream', 'IcoMoon', 'InitiativeS', 'LearnDash', 'PHP', 'QUIC', 'SVG Support', 'Slider Revolution', 'Sucuri Cloudproxy', 'Tailwind CSS', 'The Events Calendar', 'Theme In WP', 'UTF-8', 'Uncanny Toolkit for LearnDash', 'University or College', 'Woo Themes', 'WordPress', 'WordPress Download Manager', 'WordPress Multisite', 'YouTube', 'jQuery']"
lifeivfcenter.com,"Life IVF Center: Effective, Personalized Fertility Care",,GBR,92,9335,2026-08-08T17:50:20.951114627Z,"['Alternate Protocol', 'ClickMeeting', 'Complianz', 'Contact Form Plugin', 'Content Delivery Network', 'EmbedPress', 'GZIP Module', 'Global Privacy Control', 'Google Analytics', 'Google Cloud DNS', 'Google Font API', 'Google Maps', 'Google My Business', 'Google Related Website Sites', 'Google Tag Manager', 'IcoMoon', 'Instagram Follow Button', 'LearnDash', 'LiteSpeed', 'Microdata for Google Shopping', 'NFOrce Internet', 'PHP', 'Polylang', 'QUIC', 'SiteW', 'Sucuri Cloudproxy', 'Theme In WP', 'UTF-8', 'University or College', 'Vector Internet Services', 'WPFront Notification Bar', 'Woo Themes', 'WooCommerce Checkout', 'WordPress', 'WordPress Multisite', 'Yelp Badge', 'YouTube', 'jQuery', 'jsDelivr']"
familylife.co.nz,FamilyLife NZ - Home,FamilyLife® New Zealand,NZL,82,26442,2026-08-08T13:54:14.158025631Z,"['Alternate Protocol', 'Automattic', 'DAV', 'Elementor', 'EmbedPress', 'Facebook Conversion Tracking', 'Facebook Login', 'Facebook Messenger Platform', 'Facebook Pixel', 'Facebook Reseller', 'Facebook Tag API', 'GiveWP', 'Google Analytics', 'Google Cloud DNS', 'Google Conversion Tracking', 'Google Font API', 'Google My Business', 'Google Tag Manager', 'Hello Elementor', 'HubSpot Conversations', 'HubSpot WordPress Plugin', 'Hubspot', 'Instagram Follow Button', 'Jetpack', 'LearnDash', 'Microdata for Google Shopping', 'Microsoft Clarity', 'NFOrce Internet', 'Nginx', 'PHP', 'Stripe', 'Table Addons for Elementor', 'Tolstoy', 'UTF-8', 'Woo Themes', 'WooCommerce', 'WooCommerce Checkout', 'WordPress', 'WordPress Multisite', 'WordPress Stats', 'YouTube', 'reCAPTCHA']"
mtendoscopy.com,Micro-Tech Endoscopy | Top-Notch Endoscopic Medical Devices,Micro-Tech Endoscopy,USA,92,30373,2026-08-08T11:59:20.837958353Z,"['Adobe Creative Cloud WebFonts', 'Akismet', 'Alternate Protocol', 'Amazon WAF Blocked', 'Apture Linking Platform', 'Aruba', 'Beaver Builder Lite', 'CallRail', 'Content Delivery Network', 'Contento', 'EmbedPress', 'Facebook Conversion Tracking', 'Facebook Login', 'Facebook Messenger Platform', 'Facebook Pixel', 'Facebook Reseller', 'Facebook Tag API', 'Fastly', 'GDPR Cookie Compliance', 'GZIP Module', 'GitHub Hosting', 'Google Analytics', 'Google My Business', 'Google Tag Manager', 'Gravity', 'Gravity Forms', 'Lazy Load for WordPress', 'LearnDash', 'LinkedIn Insights', 'LinkedIn Pixel', 'Max Mega Menu Pro', 'Microdata for Google Shopping', 'PHP', 'Schema Plugin', 'Theme In WP', 'Twitter Ads', 'Twitter Analytics', 'UTF-8', 'Vimeo', 'Woo Themes', 'WordPress', 'WordPress Multisite', 'YouTube', 'eLand', 'jQuery']"
xperiencefusion.com,Xperience Fusion,XFusion,USA,77,17562,2026-08-07T22:23:58.380031322Z,"['AJAX Libraries API', 'AWS WAF Challenge', 'Alternate Protocol', 'CDN JS', 'Cloudflare', 'Cloudflare CDN', 'Content Delivery Network', 'Elementor', 'ElementsKit Elementor', 'EmbedPress', 'Essential Addons for Elementor', 'Google Analytics', 'Google Cloud DNS', 'Google Font API', 'Google Tag Manager', 'Gravity', 'Gravity Forms', 'Hello Elementor', 'Instagram Follow Button', 'LearnDash', 'LiteSpeed', 'Microdata for Google Shopping', 'NFOrce Internet', 'Nginx', 'PHP', 'QUIC', 'Theme In WP', 'UTF-8', 'Woo Themes', 'WooCommerce', 'WooCommerce Checkout', 'WooCommerce Stripe Payment Gateway', 'WordPress', 'WordPress Multisite', 'YouTube', 'jQuery']"
ground-app.co.za,GroundApp – Ground Yourself in Knowledge,,,67,3469,2026-08-07T22:09:46.555933678Z,"['Alternate Protocol', 'Amazon WAF Blocked', 'Apache', 'BuddyBoss', 'Elementor', 'EmbedPress', 'Essential Addons for Elementor', 'Financial Services Guide', 'GZIP Module', 'IcoMoon', 'LearnDash', 'Material-UI', 'NFOrce Internet', 'PHP', 'Presto Player', 'QUIC', 'SiteW', 'Subversion', 'Table Addons for Elementor', 'Theme In WP', 'UTF-8', 'WordPress', 'WordPress Multisite', 'jQuery']"
platinumhr.com,Platinum HR – Affordable HR Solutions for Small Business,,,55,2215,2026-08-07T17:06:32.942735866Z,"['Alternate Protocol', 'Apache', 'CheryFramework', 'DC74', 'EmbedPress', 'Facebook Login', 'Facebook Messenger Platform', 'Facebook Reseller', 'GZIP Module', 'Google Analytics', 'Google Cloud DNS', 'Google Font API', 'Google My Business', 'Google Tag Manager', 'Kallyas', 'LearnDash', 'PHP', 'Paid Memberships Pro', 'QUIC', 'Subversion', 'Theme In WP', 'Tidio', 'UTF-8', 'Uncanny Toolkit for LearnDash', 'Woo Themes', 'WooCommerce', 'WooCommerce Checkout', 'WordPress', 'WordPress Download Manager', 'WordPress Multisite', 'YouTube', 'bbPress', 'jQuery']"
conversationalleader.com,Conversation Matters!© | Center for Coaching Excellence,Center for Coaching Excellence,USA,92,17624,2026-08-07T11:12:55.411421141Z,"['AWS WAF Challenge', 'Adobe Creative Cloud WebFonts', 'Alternate Protocol', 'CheryFramework', 'Cloudflare', 'Content Delivery Network', 'Cornerstone', 'EmbedPress', 'FreeCSSTemplates', 'Google Analytics', 'Google Cloud DNS', 'Google Font API', 'Google Tag Manager', 'Gravity Forms', 'LearnDash', 'MailChimp', 'Microdata for Google Shopping', 'PHP', 'Post Views Counter', 'Slider Revolution', 'TablePress', 'Theme In WP', 'UTF-8', 'WP Engine', 'Woo Themes', 'WooCommerce', 'WooCommerce Checkout', 'WooCommerce Stripe Payment Gateway', 'WordPress', 'WordPress Multisite', 'jQuery']"
espinosa-baseball.com,Espinosa Baseball: Training & Coaching for All Levels,Espinosa Baseball,USA,82,23071,2026-08-07T09:36:22.078085624Z,"['AWS WAF Challenge', 'Alternate Protocol', 'Amazon WAF Blocked', 'Cloudflare', 'Cloudflare CDN', 'Content Delivery Network', 'Elementor', 'EmbedPress', 'Genesis Blocks', 'Google', 'Google Analytics', 'Google My Business', 'Google Related Website Sites', 'Google Tag Manager', 'Gravity', 'Gravity Forms', 'HappyAddons', 'Hello Elementor', 'Instagram Follow Button', 'LearnDash', 'Microdata for Google Shopping', 'NFOrce Internet', 'PHP', 'Sitelinks Search Box', 'Table Addons for Elementor', 'Theme In WP', 'To Top', 'UTF-8', 'University or College', 'Vagaro', 'Vimeo', 'WP Engine', 'Woo Themes', 'WooCommerce', 'WooCommerce Checkout', 'WooCommerce Stripe Payment Gateway', 'WordPress', 'WordPress Multisite', 'YouTube', 'jQuery']"
justtruthguide.org,Just Truth,,USA,65,29567,2026-08-07T08:03:27.699795687Z,"['Alternate Protocol', 'CDN JS', 'Cisco/Arrowpoint Content Service Switch', 'Cloudflare', 'Cloudflare CDN', 'Content Delivery Network', 'EmbedPress', 'Fastly', 'Fonts.com', 'GZIP Module', 'Google Analytics', 'Google My Business', 'Google Tag Manager', 'LearnDash', 'M247', 'Nginx', 'PHP', 'Search and Filter Pro', 'Tailwind CSS', 'Twitter Ads', 'UTF-8', 'WordPress', 'WordPress Multisite', 'YouTube', 'jQuery', 'reCAPTCHA']"
mindfulnessuk.com,MindfulnessUK – Accredited Mindfulness Training & Courses UK,Mindfulness UK,,67,60428,2026-08-07T05:49:15.312868135Z,"['Active Campaign', 'Alternate Protocol', 'Calendly', 'Cisco/Arrowpoint Content Service Switch', 'Corporate Governance and Regulatory Compliance', 'DAV', 'Divi', 'Elegant Themes', 'EmbedPress', 'GZIP Module', 'Google', 'Google Analytics', 'Google Cloud CDN', 'Google Cloud DNS', 'Google Font API', 'Google Tag Manager', 'Instagram Follow Button', 'LearnDash', 'Line2', 'Microdata for Google Shopping', 'Microsoft Clarity', 'Nginx', 'PHP', 'Parallels Plesk Panel', 'Perl', 'QUIC', 'SMC', 'Site Kit', 'Theme In WP', 'UTF-8', 'University or College', 'Vercel', 'W3 Total Cache', 'Woo Themes', 'WooCommerce', 'WooCommerce Checkout', 'WooCommerce Stripe Payment Gateway', 'WordPress', 'WordPress Multisite', 'YouTube', 'eLand', 'jQuery']"
thesalesdream.com,Sales Training & Business Consulting | The Sales DREAM,The Sales Dream,,67,9285,2026-08-07T01:43:20.606186978Z,"['Alternate Protocol', 'Amazon WAF Blocked', 'Apture Linking Platform', 'Cloudflare', 'EmbedPress', 'Google', 'Google Analytics', 'Google Cloud CDN', 'Google Cloud DNS', 'Google Font API', 'Google Tag Manager', 'IcoMoon', 'Lazy Load for WordPress', 'LearnDash', 'Line2', 'LinkedIn Insights', 'LinkedIn Pixel', 'LiteSpeed', 'Menu Icons by ThemeIsle', 'Microdata for Google Shopping', 'Nectar Slide Plugin', 'PHP', 'Popup Maker for Wordpress', 'Post Grid', 'QUIC', 'Salient', 'Schema Plugin', 'SiteW', 'Sitelinks Search Box', 'Tailwind CSS', 'Theme In WP', 'Tolstoy', 'UTF-8', 'WP Rocket', 'WPBakery', 'WPForms', 'Woo Themes', 'WooCommerce', 'WooCommerce Checkout', 'WordPress', 'WordPress Multisite', 'WordPress Related Posts', 'YouTube', 'hCaptcha', 'jQuery', 'reCAPTCHA']"
strategymanage.com,Home - Strategy Management Group,Strategy Manage Group,USA,77,40623,2026-08-06T22:02:30.195925448Z,"['501c3 Status Nonprofit', 'AWS WAF Challenge', 'Alternate Protocol', 'Divi', 'Elegant Themes', 'EmbedPress', 'Google', 'Google Analytics', 'Google Cloud CDN', 'Google Cloud DNS', 'Google Font API', 'Google Tag Manager', 'HubSpot Conversations', 'HubSpot WordPress Plugin', 'Hubspot', 'LearnDash', 'MailMunch', 'MaxCDN', 'Microdata for Google Shopping', 'Nginx', 'PHP', 'QUIC', 'Theme In WP', 'Twitter Ads', 'UTF-8', 'University or College', 'WP Paginate', 'WP Statistics', 'Woo Themes', 'WooCommerce', 'WooCommerce Checkout', 'WordPress', 'WordPress Multisite', 'YouTube', 'eLand', 'jQuery']"
studentpilotworld.com,Student Pilot World – Learn to Fly | Start Your Journey Here!,,USA,70,17474,2026-08-06T21:09:45.633190822Z,"['AWS WAF Challenge', 'Alternate Protocol', 'Cloudflare', 'Contact Form Plugin', 'Content Delivery Network', 'DAV', 'Edubin Theme', 'Elementor', 'EmbedPress', 'Genesis Blocks', 'Google Cloud DNS', 'Google Font API', 'LearnDash', 'Microdata for Google Shopping', 'PHP', 'Perl', 'Python', 'Schema Plugin', 'The Events Calendar', 'Theme In WP', 'UTF-8', 'WP Engine', 'Woo Themes', 'WooCommerce', 'WooCommerce Checkout', 'WordPress', 'WordPress Multisite', 'jQuery']"
neuven-consult.com,"Neuven Consult – Audit, Compliance, Bid Management and Training",,GBR,65,7878,2026-08-06T20:47:49.035446785Z,"['Alternate Protocol', 'Cloudflare', 'Cloudflare CDN', 'Content Delivery Network', 'CookieYes', 'Elementor', 'EmbedPress', 'Google Analytics', 'Google Tag Manager', 'Hello Elementor', 'Kitco', 'LearnDash', 'NFOrce Internet', 'PHP', 'QUIC', 'Site Kit', 'Theme In WP', 'UTF-8', 'University or College', 'Woo Themes', 'WooCommerce', 'WooCommerce Checkout', 'WooCommerce Pixel Manager by woopt', 'WooCommerce Stripe Payment Gateway', 'WordPress', 'WordPress Multisite', 'eLand', 'jQuery']"
selfmadewebdesigner.com,Self-Made Web Designer,,,72,22947,2026-08-06T20:37:57.155528859Z,"['Alternate Protocol', 'BigScoots', 'CDN JS', 'Cloudflare', 'Cloudflare CDN', 'Digital Ocean Spaces', 'Easy Table of Contents', 'EmbedPress', 'Facebook Conversion Tracking', 'Facebook Login', 'Facebook Messenger Platform', 'Facebook Pixel', 'Facebook Reseller', 'Facebook Tag API', 'Google Analytics', 'Google Tag Manager', 'Instagram Follow Button', 'Jetpack', 'LearnDash', 'M247', 'Microdata for Google Shopping', 'PHP', 'Termageddon', 'Theme In WP', 'UTF-8', 'Usercentrics', 'WordPress', 'WordPress Multisite', 'WordPress Stats', 'YouTube', 'jQuery', 'jsDelivr']"
menkingtutoring.com,Menking Tutoring | Take Your Learning to the Next Level,,COL,55,8736,2026-08-06T19:08:32.546920519Z,"['Alternate Protocol', 'Amazon WAF Blocked', 'Anti-spam for WordPress', 'Baidu Cloud', 'CleanTalk Spam Protect', 'DAV', 'Divi', 'Duoban', 'Elegant Themes', 'EmbedPress', 'Express', 'Fireblade', 'GZIP Module', 'Google', 'Google Analytics', 'Google Cloud CDN', 'Google Cloud DNS', 'Google Font API', 'Google My Business', 'Google Tag Manager', 'Gravity', 'Gravity Forms', 'IcoMoon', 'Instagram Follow Button', 'LearnDash', 'Loomly', 'Nginx', 'PHP', 'Pico CSS', 'Theme In WP', 'UTF-8', 'Uncanny Toolkit for LearnDash', 'University or College', 'W3 Total Cache', 'WP PageNavi', 'Woo Themes', 'WordPress', 'WordPress Multisite', 'WordPress Related Posts', 'Yandex Hosting', 'YouTube', 'hCaptcha', 'jQuery', 'reCAPTCHA']"
1mind.ac,Transform Your Life with ICF Coaching Courses | 1 Mind Academy,,,67,5212,2026-08-06T16:15:02.046404258Z,"['Alternate Protocol', 'Elementor', 'EmbedPress', 'Essential Addons for Elementor', 'Facebook Conversion Tracking', 'Facebook Login', 'Facebook Messenger Platform', 'Facebook Pixel', 'Facebook Reseller', 'Facebook Tag API', 'FormSubmit', 'GZIP Module', 'Google', 'Google Analytics', 'Google Tag Manager', 'Instagram Follow Button', 'LearnDash', 'LiteSpeed', 'Microdata for Google Shopping', 'NFOrce Internet', 'SiteW', 'Sitelinks Search Box', 'Twitter Ads', 'UTF-8', 'WPForms', 'WordPress', 'WordPress Multisite', 'YouTube', 'jQuery']"
humorinpsychotherapy.com,Homepage | humorinpsychotherapy.com,,NLD,75,19077,2026-08-06T15:51:37.788725218Z,"['Alternate Protocol', 'Amazon WAF Blocked', 'Anti-spam for WordPress', 'CartFlows', 'CleanTalk Spam Protect', 'Content Delivery Network', 'Elementor', 'EmbedPress', 'Facebook Conversion Tracking', 'Facebook Login', 'Facebook Messenger Platform', 'Facebook Pixel', 'Facebook Reseller', 'Facebook Tag API', 'Fireblade', 'Font Awesome', 'Google', 'Google Analytics', 'Google Cloud CDN', 'Google Cloud DNS', 'Google Font API', 'Google Tag Manager', 'Hello Elementor', 'LearnDash', 'Nginx', 'Parallels Plesk Panel', 'Perfmatters', 'Twitter Ads', 'UTF-8', 'WP Rocket', 'Woo Themes', 'WooCommerce', 'WooCommerce Checkout', 'WordPress', 'WordPress Multisite']"
websitealchemy.com,Home - Holistic Web Design - Website Alchemy,,,67,8164,2026-08-06T15:07:11.663933274Z,"['Ajax Search Lite', 'Alternate Protocol', 'Apture Linking Platform', 'Beaver Builder Lite', 'EmbedPress', 'Facebook Conversion Tracking', 'Facebook Login', 'Facebook Messenger Platform', 'Facebook Pixel', 'Facebook Reseller', 'Facebook Tag API', 'GZIP Module', 'GeneratePress Company', 'Google', 'Google Analytics', 'Google Cloud DNS', 'Google Font API', 'Google Tag Manager', 'LiteSpeed', 'Microdata for Google Shopping', 'Ninja Forms', 'PHP', 'Site Kit', 'Theme In WP', 'UTF-8', 'Uncanny Toolkit for LearnDash', 'Vector Internet Services', 'Woo Themes', 'WordPress', 'WordPress Multisite', 'jQuery']"
idabwellsmediadefense.org,Home - Ida B. Wells Media Defense Network,,USA,77,20054,2026-08-06T13:56:55.676817861Z,"['Alternate Protocol', 'Apache', 'Apture Linking Platform', 'Cloudflare', 'Cloudflare Web Analytics', 'Divi', 'Elegant Themes', 'EmbedPress', 'Express', 'Fireblade', 'GZIP Module', 'Giphy', 'GiveWP', 'Google', 'Google Cloud DNS', 'Google Font API', 'Instagram Follow Button', 'LearnDash', 'NFOrce Internet', 'PHP', 'QUIC', 'Share Link', 'Theme In WP', 'UTF-8', 'WP Job Manager', 'Woo Themes', 'WordPress', 'WordPress Multisite', 'YouTube', 'eLand', 'jQuery']"
learnepr.com,EPR Compliance Training for Businesses | EPR Academy,EPR Academy,,72,18825,2026-08-06T10:00:42.019699241Z,"['AWS WAF Challenge', 'Alternate Protocol', 'Amazon WAF Blocked', 'Cloudflare', 'Content Delivery Network', 'Elementor', 'EmbedPress', 'Google Analytics', 'Google Tag Manager', 'Gravity', 'Gravity Forms', 'Hello Elementor', 'LearnDash', 'Microdata for Google Shopping', 'NFOrce Internet', 'PHP', 'QUIC', 'Site Kit', 'Theme In WP', 'UTF-8', 'University or College', 'Vimeo', 'WP Engine', 'Woo Themes', 'WooCommerce', 'WooCommerce Checkout', 'WooCommerce Stripe Payment Gateway', 'WordPress', 'WordPress Multisite', 'jQuery']"
learnersacademy.com.au,Learners Academy | A Learning Planet for Kids,,,55,500,2026-08-06T08:46:36.5992296Z,"['Alternate Protocol', 'Elegant Themes', 'EmbedPress', 'GZIP Module', 'Google', 'Google Cloud CDN', 'Google Cloud DNS', 'Google Font API', 'Google My Business', 'H5P for WordPress', 'LearnDash', 'Nginx', 'PHP', 'ProfilePress', 'Theme In WP', 'UTF-8', 'Uncanny Toolkit for LearnDash', 'Woo Themes', 'WordPress', 'WordPress Multisite', 'jQuery', 'reCAPTCHA']"
hcalondon.co.uk,HCA London | Healthcare Academy | Healthcare CPD Courses,HCA London,GBR,77,20082,2026-08-05T15:31:05.795571529Z,"['Alternate Protocol', 'Apture Linking Platform', 'CDN JS', 'Cloudflare', 'Cloudflare CDN', 'Contact Form Plugin', 'CookieYes', 'DAV', 'Elementor', 'ElementsKit Elementor', 'EmbedPress', 'FiboSearch', 'Fireblade', 'Font Awesome', 'Google Analytics', 'Google Cloud DNS', 'Google Font API', 'Google My Business', 'Google Related Website Sites', 'Google Tag Manager', 'Hello Elementor', 'Instagram Follow Button', 'LearnDash', 'Microdata for Google Shopping', 'Microsoft Clarity', 'NFOrce Internet', 'PHP', 'PixelYourSite', 'QUIC', 'Shipping Rates Calculator', 'Side Cart Woocommerce', 'Sitelinks Search Box', 'Smart Slider 3', 'Stripe', 'Table Addons for Elementor', 'Theme In WP', 'UTF-8', 'Woo Themes', 'WooCommerce', 'WooCommerce Checkout', 'WooCommerce Payments', 'WordPress', 'WordPress Multisite', 'WordPress Related Posts', 'YouTube', 'eLand', 'jQuery', 'reCAPTCHA']"
atc-coaching.com,Andy Craig Coaching – Storytelling Workshops | Executive Presentation Coaching | Keynotes | Media Training,,,55,15536,2026-08-05T14:53:25.610882565Z,"['Alternate Protocol', 'Amazon Widgets', 'Apache', 'Bazaarvoice', 'EmbedPress', 'GZIP Module', 'Google Cloud DNS', 'Google Font API', 'IcoMoon', 'Instagram Follow Button', 'Jetpack', 'Lazy Load for WordPress', 'LearnDash', 'PHP', 'SiteOrigin', 'SiteOrigin Panels', 'Theme In WP', 'Twitter Ads', 'UTF-8', 'Uncanny Toolkit for LearnDash', 'Vantage', 'Woo Themes', 'WordPress', 'WordPress Multisite', 'jQuery']"
mumsinmarketing.net,Mums in Marketing | Women who do marketing and raise humans.,Mums in Marketing,GBR,70,21641,2026-08-05T09:28:19.017206841Z,"['AWS WAF Challenge', 'Ajax Search Pro for Wordpress', 'Alternate Protocol', 'Ametys', 'Cloudflare', 'Cloudflare Bot Manager', 'Comms', 'Contact Form Plugin', 'Content Delivery Network', 'CookieYes', 'Elementor', 'Embed Any Document', 'EmbedPress', 'Facebook Conversion Tracking', 'Facebook Login', 'Facebook Messenger Platform', 'Facebook Pixel', 'Facebook Reseller', 'Facebook Tag API', 'Flatsome', 'Font Awesome', 'GZIP Module', 'Google Analytics', 'Google Cloud DNS', 'Google Font API', 'Google Maps', 'Google My Business', 'Google Tag Manager', 'IcoMoon', 'Instagram Follow Button', 'Jetpack', 'LearnDash', 'LinkedIn Insights', 'LinkedIn Pixel', 'LiteSpeed', 'Microdata for Google Shopping', 'Modern Events Calendar Lite', 'PHP', 'Perl', 'QUIC', 'Tailwind CSS', 'Theme In WP', 'UTF-8', 'Uncanny Toolkit for LearnDash', 'Vimeo', 'WPForms', 'Woo Themes', 'WooCommerce', 'WooCommerce Checkout', 'WordPress', 'WordPress Multisite', 'jQuery', 'reCAPTCHA']"
globalgyan.in,Building India's Next Generation of Leaders. Practitioner-Led. Rigour-Backed. Outcome-Focused. - GlobalGyan Leadership Academy,Globalgyan Leadership Academy,IND,82,31998,2026-08-05T08:47:47.162804805Z,"['AWS WAF Challenge', 'Alternate Protocol', 'Amazon WAF Blocked', 'Apache', 'BuddyBoss', 'Calendly', 'Cisco/Arrowpoint Content Service Switch', 'Elementor', 'ElementsKit Elementor', 'EmbedPress', 'Essential Addons for Elementor', 'Facebook Login', 'Facebook Messenger Platform', 'Facebook Pixel', 'Facebook Reseller', 'Facebook Tag API', 'GZIP Module', 'Google', 'Google Analytics', 'Google Cloud DNS', 'Google Font API', 'Google My Business', 'Google Tag Manager', 'Header, Footer and Blocks for Elementor', 'IcoMoon', 'Instagram Follow Button', 'JetElements', 'Kitco', 'LearnDash', 'Microdata for Google Shopping', 'NFOrce Internet', 'PHP', 'Paid Memberships Pro', 'QUIC', 'Site Kit', 'SiteW', 'Theme In WP', 'UTF-8', 'Ubuntu', 'Uncanny Toolkit for LearnDash', 'Unix', 'Vimeo', 'W3 Total Cache', 'Woo Themes', 'WooCommerce', 'WooCommerce Checkout', 'WordPress', 'WordPress Download Manager', 'WordPress Multisite', 'YouTube', 'jQuery', 'jsDelivr']"
norlok.com,Norlok Technology,,USA,72,3856,2026-08-05T07:29:11.466500079Z,"['Adobe Creative Cloud WebFonts', 'Alternate Protocol', 'Content Delivery Network', 'EmbedPress', 'Google', 'Google Analytics', 'Google Cloud CDN', 'Google Cloud DNS', 'Google Font API', 'Google Tag Manager', 'IcoMoon', 'Instagram Follow Button', 'LearnDash', 'LiteSpeed', 'PHP', 'QUIC', 'Slider Revolution', 'ThemeFusion', 'Twitter Ads', 'UTF-8', 'University or College', 'Woo Themes', 'WooCommerce', 'WooCommerce Checkout', 'WordPress', 'WordPress Multisite', 'jQuery']"
earlychildhoodchristiannetwork.com,Early Childhood Christian Network - Early Childhood Christian Network,Early Childhood Christian Network,,82,41722,2026-08-05T07:16:37.531422049Z,"['AWS WAF Challenge', 'Adobe Creative Cloud WebFonts', 'Alternate Protocol', 'Amazon WAF Blocked', 'Apture Linking Platform', 'Automattic', 'BatCache', 'Cloudflare', 'Cloudflare CDN', 'Content Delivery Network', 'ConvertKit for Wordpress', 'ElementUI', 'EmbedPress', 'Fastly', 'Fireblade', 'Google Analytics', 'Google My Business', 'Google Tag Manager', 'Gravity', 'Gravity Forms', 'Gutenberg Blocks by Kadence Blocks', 'Instagram Follow Button', 'Jetpack', 'Kadence WP', 'Kinsta', 'LearnDash', 'Matomo', 'Matomo Tag Manager', 'Microdata for Google Shopping', 'MonsterInsights', 'Oddle', 'PHP', 'Pagekit', 'Paid Memberships Pro', 'Pico CSS', 'QUIC', 'Sitelinks Search Box', 'Theme In WP', 'UTF-8', 'Uncanny Toolkit for LearnDash', 'Woo Themes', 'WooCommerce', 'WooCommerce Checkout', 'WooCommerce Stripe Payment Gateway', 'WordPress', 'WordPress Multisite', 'WordPress Stats', 'YouTube', 'hCaptcha', 'jQuery']"
wellform.international,Home - WellForm.International,WellForm International,AUS,75,6712,2026-08-05T04:17:34.462427954Z,"['Alternate Protocol', 'Astra Theme', 'Beaver Builder Lite', 'CartFlows', 'Content Delivery Network', 'EmbedPress', 'Event Tickets for Wordpress', 'Facebook Conversion Tracking', 'Facebook Login', 'Facebook Messenger Platform', 'Facebook Pixel', 'Facebook Reseller', 'Facebook Tag API', 'Google', 'Google Analytics', 'Google Cloud DNS', 'Google Font API', 'Google My Business', 'Google Related Website Sites', 'Google Tag Manager', 'Gravity', 'Gravity Forms', 'Instagram Follow Button', 'LearnDash', 'LiteSpeed', 'Microdata for Google Shopping', 'NFOrce Internet', 'PHP', 'QUIC', 'Theme In WP', 'UTF-8', 'University or College', 'Vimeo', 'WPForms', 'Woo Themes', 'WooCommerce', 'WooCommerce Checkout', 'WooCommerce Stripe Payment Gateway', 'WordPress', 'WordPress Multisite', 'WordPress Related Posts', 'YouTube', 'jQuery']"
juanitarealestate.co.za,Dunamis Properties Mossel Bay,,ZAF,65,30168,2026-08-05T02:49:55.566036682Z,"['Alibaba Cloud CDN', 'Alternate Protocol', 'Amazon WAF Blocked', 'Better Lead Generation Services', 'BuddyBoss', 'Elementor', 'EmbedPress', 'Express', 'Facebook Conversion Tracking', 'Facebook Login', 'Facebook Messenger Platform', 'Facebook Pixel', 'Facebook Reseller', 'Facebook Tag API', 'Fireblade', 'GZIP Module', 'Google Analytics', 'Google Cloud DNS', 'Google Font API', 'Google Maps', 'Google My Business', 'Google Tag Manager', 'Gravity', 'Gravity Forms', 'IcoMoon', 'Klarna', 'LearnDash', 'LiteSpeed', 'NFOrce Internet', 'OneSignal', 'PHP', 'Perl', 'Piwik PRO', 'QUIC', 'Say what', 'SiteW', 'Theme In WP', 'To Top', 'UTF-8', 'Woo Themes', 'WooCommerce', 'WooCommerce Checkout', 'WordPress', 'WordPress Multisite', 'jQuery', 'wpDataTables']"
musichelps.training,Music Helps - Music as Therapy International,Music as Therapy International,,72,2387,2026-08-05T01:48:09.089349019Z,"['Alternate Protocol', 'Apache', 'Elementor', 'EmbedPress', 'GZIP Module', 'Hello Elementor', 'Instagram Follow Button', 'LearnDash', 'Microdata for Google Shopping', 'NFOrce Internet', 'PHP', 'Theme In WP', 'UTF-8', 'Vimeo', 'WordPress', 'WordPress Multisite', 'jQuery']"
cognitive-connect.com,Cognitive Connect,,,45,199,2026-08-04T23:48:47.745569775Z,"['Alternate Protocol', 'Apache', 'Apture Linking Platform', 'EmbedPress', 'GZIP Module', 'Gravity', 'LearnDash', 'PHP', 'UTF-8', 'WordPress', 'WordPress Multisite', 'jQuery']"
anatta.academy,"Anatta Academy 依心 – Understand yourself, liberate your SELF.",,,55,327,2026-08-04T23:40:46.268761999Z,"['Alternate Protocol', 'Apture Linking Platform', 'Elementor', 'EmbedPress', 'GZIP Module', 'Gambling Content', 'H5P for WordPress', 'Jetpack', 'Lazy Load for WordPress', 'LearnDash', 'Microdata for Google Shopping', 'Nginx', 'PHP', 'Schema Plugin', 'Sinatra', 'Slide Anything', 'Theme In WP', 'UTF-8', 'WP Rocket', 'WordPress', 'WordPress Multisite', 'WordPress Stats', 'jQuery']"
printcutcraft.net,Home. - Print Cut Craft,Print Cut Craft,,65,11307,2026-08-04T18:00:48.866912959Z,"['Alternate Protocol', 'Astra Theme', 'Content Delivery Network', 'DC74', 'ElementUI', 'Elementor', 'EmbedPress', 'Event Tickets for Wordpress', 'Facebook Conversion Tracking', 'Facebook Login', 'Facebook Messenger Platform', 'Facebook Pixel', 'Facebook Reseller', 'Facebook Tag API', 'GZIP Module', 'Google', 'Google Analytics', 'Google Cloud DNS', 'Google Font API', 'Google Tag Manager', 'Gutenberg Blocks by Kadence Blocks', 'Instagram Follow Button', 'Interchange', 'Klarna', 'LearnDash', 'Microdata for Google Shopping', 'NFOrce Internet', 'Nginx', 'PHP', 'QUIC', 'Thank You', 'The Events Calendar', 'Theme In WP', 'UTF-8', 'WP Engine', 'Woo Themes', 'WooCommerce', 'WooCommerce Checkout', 'WordPress', 'WordPress Multisite', 'WordPress Related Posts', 'YouTube', 'jQuery']"
expertspeaker.co.uk,Expert Speaker,,USA,70,16158,2026-08-04T18:00:48.853766561Z,"['AWS WAF Challenge', 'Alternate Protocol', 'Astra Theme', 'Cookie Accept', 'Cookie Notice', 'Elementor', 'EmbedPress', 'Express', 'Google Cloud DNS', 'Google Font API', 'LearnDash', 'LiteSpeed', 'PHP', 'QUIC', 'Theme In WP', 'UTF-8', 'Uncanny Toolkit for LearnDash', 'University or College', 'W3 Total Cache', 'Woo Themes', 'WooCommerce', 'WooCommerce Checkout', 'WordPress', 'WordPress Multisite', 'YouTube', 'jQuery']"
traininginpartnership.co.uk,Home - Training in partnership,Training in partnership,,60,1351,2026-08-04T14:29:16.50274434Z,"['AWS WAF Challenge', 'Alternate Protocol', 'Cloudflare', 'Cloudflare CDN', 'Contact Form Plugin', 'Elementor', 'EmbedPress', 'Event Tickets for Wordpress', 'GZIP Module', 'Google', 'Google Analytics', 'Google Cloud DNS', 'Google Font API', 'Google My Business', 'Google Tag Manager', 'Instagram Follow Button', 'Jetpack', 'Lazy Load for WordPress', 'LearnDash', 'Microdata for Google Shopping', 'NFOrce Internet', 'Nginx', 'PHP', 'Premium Addons for Elementor', 'QUIC', 'StudioPress', 'The Events Calendar', 'Theme In WP', 'UTF-8', 'Uncanny Toolkit for LearnDash', 'Woo Themes', 'WooCommerce', 'WooCommerce Checkout', 'WordPress', 'WordPress Multisite', 'jQuery']"
dlglearningcenter.com,DLG Learning Center - Online Law Enforcement Training,DLG Learning Center,,72,25959,2026-08-04T13:16:05.496347482Z,"['Alternate Protocol', 'Amazon WAF Blocked', 'Astra Theme', 'Cloudflare', 'Content Delivery Network', 'Elementor', 'Embed Any Document', 'EmbedPress', 'Fastly', 'Google Related Website Sites', 'Gravity', 'Gravity Forms', 'HappyAddons', 'HubSpot Conversations', 'HubSpot WordPress Plugin', 'Hubspot', 'LearnDash', 'Microdata for Google Shopping', 'NFOrce Internet', 'PHP', 'Presto Player', 'Table Addons for Elementor', 'Thank You', 'Theme In WP', 'To Top', 'UTF-8', 'Ultimate Addons for Gutenberg', 'Uncanny Toolkit for LearnDash', 'Woo Themes', 'WordPress', 'WordPress Multisite', 'WordPress Related Posts', 'YouTube', 'bbPress', 'jQuery']"
meltingpottech.com,Home - Meltingpottech,,,67,27476,2026-08-04T11:15:23.041116256Z,"['Alternate Protocol', 'Apache', 'Better Lead Generation Services', 'Citrix', 'Elementor', 'EmbedPress', 'GZIP Module', 'Google Cloud DNS', 'Google Font API', 'HostGator', 'IcoMoon', 'Jetpack', 'Lazy Load for WordPress', 'LearnDash', 'Microdata for Google Shopping', 'Muffin Group', 'NFOrce Internet', 'PHP', 'QUIC', 'Table Addons for Elementor', 'Theme In WP', 'Twitter Ads', 'UTF-8', 'WP Rocket', 'Woo Themes', 'WordPress', 'WordPress Multisite', 'jQuery']"
thejackiejackson.net,The Jackie Jackson – The Jackie Jackson | Tax Deed Genius,,ZAF,72,8988,2026-08-04T09:28:48.958383472Z,"['Affirm', 'Alternate Protocol', 'EmbedPress', 'Facebook Login', 'Facebook Messenger Platform', 'Facebook Reseller', 'Font Awesome', 'Frontend Reset Password', 'Google Analytics', 'Google My Business', 'Google Tag Manager', 'Instagram Follow Button', 'LearnDash', 'MailChimp', 'MonsterInsights', 'Nginx', 'PHP', 'Parallels Plesk Panel', 'RM Education', 'Taboola Direct', 'Taboola Reseller', 'ThemeFusion', 'Twitter Ads', 'UTF-8', 'Woo Themes', 'WooCommerce', 'WooCommerce Checkout', 'WooCommerce Stripe Payment Gateway', 'WordPress', 'WordPress Multisite', 'YouTube', 'eLand', 'jQuery']"
sawbladeuniversity.com,SawbladeUniversity.com - Home,SawbladeUniversity.com,,67,15270,2026-08-04T08:28:30.054125864Z,"['AJAX Libraries API', 'AdRoll', 'Alternate Protocol', 'Amazon CloudFront', 'Amazon WAF Blocked', 'Apache', 'CloudFront', 'Elementor', 'EmbedPress', 'Essential Addons for Elementor', 'Font Awesome', 'Fonts Plugin', 'GZIP Module', 'Google', 'Google Analytics', 'Google Cloud CDN', 'Google Cloud DNS', 'Google My Business', 'Google Related Website Sites', 'Google Tag Manager', 'Gravity', 'Gravity Forms', 'LearnDash', 'Max Mega Menu', 'Max Mega Menu Pro', 'Microdata for Google Shopping', 'MonsterInsights', 'NFOrce Internet', 'PHP', 'PixelYourSite', 'RM Education', 'Theme In WP', 'UTF-8', 'University or College', 'Vimeo', 'Woo Themes', 'WordPress', 'WordPress Multisite', 'YouTube', 'bbPress', 'jQuery', 'reCAPTCHA']"
fillingamehomestead.com,Fillingame Homestead,,,65,20581,2026-08-04T06:42:19.703018036Z,"['Alternate Protocol', 'Amazon WAF Blocked', 'BuddyBoss', 'Cloudflare', 'Contact Form Plugin', 'Content Delivery Network', 'Customer Reviews for WooCommerce', 'Efilli', 'ElementUI', 'Elementor', 'EmbedPress', 'Event Tickets for Wordpress', 'Facebook Conversion Tracking', 'Facebook Login', 'Facebook Messenger Platform', 'Facebook Pixel', 'Facebook Reseller', 'Facebook Tag API', 'GZIP Module', 'GoDaddy', 'Google Analytics', 'Google My Business', 'Google Tag Manager', 'Gravity', 'Homestead', 'IcoMoon', 'LearnDash', 'MailChimp', 'Microsoft Clarity', 'NFOrce Internet', 'PHP', 'Premium Addons for Elementor', 'QUIC', 'Site Kit', 'SiteW', 'The Events Calendar', 'Theme In WP', 'UTF-8', 'W3.CSS', 'Wangsu', 'Woo Themes', 'WooCommerce', 'WooCommerce Checkout', 'WordPress', 'WordPress Multisite', 'jQuery', 'reCAPTCHA']"
pinkgold.uk,PinkGold - Pink Gold. Knowledge For All.,,GBR,70,18487,2026-08-04T05:16:56.175684115Z,"['AWS WAF Challenge', 'Alternate Protocol', 'Amazon WAF Blocked', 'Apache', 'Bunny Fonts', 'Calendly', 'Complianz', 'Content ad', 'EmbedPress', 'Fastly', 'GZIP Module', 'Google Cloud DNS', 'Google Font API', 'Instagram Follow Button', 'LearnDash', 'Material Design Icons', 'Oxygen', 'Oxygen Builder', 'PHP', 'TidyCal', 'Twenty Twenty-Two', 'Twitter Ads', 'UTF-8', 'WP Accessibility', 'WhatsApp Sharing', 'Woo Themes', 'WooCommerce', 'WooCommerce Checkout', 'WordPress', 'WordPress Multisite', 'jQuery']"
investigationscience.ca,CSPIS – Canada's #1 Private Law Enforcement College,,,55,8420,2026-08-04T05:00:34.584277676Z,"['Alternate Protocol', 'Amazon WAF Blocked', 'Apture Linking Platform', 'Astra Theme', 'Contact Form Plugin', 'DuracellTomi Google Tag Manager for WordPress', 'Elementor', 'EmbedPress', 'Fireblade', 'Google', 'Google Analytics', 'Google Cloud CDN', 'Google Cloud DNS', 'Google Font API', 'Google My Business', 'Google Tag Manager', 'Instagram Follow Button', 'Lazy Load for WordPress', 'LearnDash', 'LiteSpeed', 'Meta Slider for WordPress', 'NFOrce Internet', 'PHP', 'QUIC', 'UTF-8', 'University or College', 'Vimeo', 'WP Rocket', 'WoWonder', 'WordPress', 'WordPress Multisite', 'YouTube', 'reCAPTCHA']"
vfiteducation.com,VFit Education - CPD courses,VFit Education,,72,37376,2026-08-04T04:46:31.276483752Z,"['AWS WAF Challenge', 'Alternate Protocol', 'Astra Theme', 'Cloudflare', 'Cloudflare CDN', 'Contact Form Plugin', 'Elementor', 'EmbedPress', 'Fastly', 'Fireblade', 'Google', 'Google Cloud DNS', 'Google Font API', 'Google My Business', 'Header, Footer and Blocks for Elementor', 'Instagram Follow Button', 'LearnDash', 'Microdata for Google Shopping', 'NFOrce Internet', 'Nginx', 'PHP', 'Presto Player', 'Schema Plugin', 'Theme In WP', 'UTF-8', 'Woo Themes', 'WordPress', 'WordPress Multisite', 'WordPress Related Posts', 'jQuery']"
pascalvanloenhout.com,Pascal van Loenhout | Bespoke hairdressing by Pascal van Loenhout,,,40,963,2026-08-04T04:23:33.477886272Z,"['Adobe Creative Cloud WebFonts', 'Alternate Protocol', 'Aruba', 'Convertful', 'EmbedPress', 'GZIP Module', 'Google Cloud DNS', 'Google Font API', 'Google Maps', 'Google My Business', 'Gravity Forms', 'LearnDash', 'Nginx', 'PHP', 'Presto Player', 'QUIC', 'StatCounter', 'Tailwind CSS', 'Theme In WP', 'UTF-8', 'Woo Themes', 'WooCommerce', 'WooCommerce Checkout', 'WordPress', 'WordPress Multisite', 'bbPress', 'eLand', 'jQuery']"
medd.com.au,MEDD Australia - Medical Education for Medical Professionals,MEDD,,67,25056,2026-08-04T01:49:36.734139004Z,"['AFIB QR', 'AWS WAF Challenge', 'Alternate Protocol', 'Amazon WAF Blocked', 'Analytify', 'Aruba', 'BuddyBoss', 'Cloudflare', 'Cloudflare CDN', 'Cloudflare Web Analytics', 'Coming Soon Page', 'Elementor', 'EmbedPress', 'Facebook Conversion Tracking', 'Facebook Login', 'Facebook Messenger Platform', 'Facebook Pixel', 'Facebook Reseller', 'Facebook Tag API', 'Fastly', 'Font Awesome', 'GZIP Module', 'Google', 'Google Analytics', 'Google Cloud DNS', 'Google Font API', 'Google Related Website Sites', 'Google Tag Manager', 'Gravity', 'Gravity Forms', 'IcoMoon', 'LearnDash', 'LinkedIn Insights', 'LinkedIn Pixel', 'LiteSpeed', 'Microdata for Google Shopping', 'NFOrce Internet', 'PHP', 'Paid Memberships Pro', 'QUIC', 'SearchWP', 'SiteW', 'Sitelinks Search Box', 'Table Addons for Elementor', 'Theme In WP', 'UTF-8', 'WoWonder', 'WonderPush', 'Woo Themes', 'WordPress', 'WordPress Multisite', 'WordPress Related Posts', 'eLand', 'jQuery', 'jsDelivr']"
aceleradoraai.com,"Bootcamp Online #1 en el mundo sobre IA Generativa, LLM Apps, Agentes IA",Aceleradora AI,VEN,77,15390,2026-08-04T01:22:23.656631468Z,"['Alternate Protocol', 'Anti-spam for WordPress', 'Apache', 'Cisco/Arrowpoint Content Service Switch', 'CleanTalk Spam Protect', 'DC74', 'Edubin Theme', 'Elementor', 'EmbedPress', 'Express', 'GZIP Module', 'Google', 'Google Cloud DNS', 'Google Font API', 'LearnDash', 'MailMunch', 'Microdata for Google Shopping', 'NFOrce Internet', 'QUIC', 'UTF-8', 'WPForms', 'Woo Themes', 'WordPress', 'WordPress Multisite', 'YouTube']"
nationaldisabilitycenter.org,National Disability Center - National Disability Center for Student Success,National Disability Center for Student Success,USA,82,19462,2026-08-03T23:52:12.565801051Z,"['AWS WAF Challenge', 'Adobe Creative Cloud WebFonts', 'Alternate Protocol', 'Amazon WAF Blocked', 'Animate It', 'CDN JS', 'Cloudflare', 'Cloudflare CDN', 'Content Delivery Network', 'EmbedPress', 'Google Analytics', 'Google My Business', 'Google Tag Manager', 'Gravity', 'Gravity Forms', 'IcoMoon', 'InitiativeS', 'Instagram Follow Button', 'LearnDash', 'Line2', 'Menu Icons by ThemeIsle', 'Microdata for Google Shopping', 'Nectar Slide Plugin', 'PHP', 'Post Grid', 'QUIC', 'Salient', 'Say what', 'Theme In WP', 'Twitter Ads', 'UTF-8', 'Uncanny Toolkit for LearnDash', 'University or College', 'WP Accessibility', 'WP Engine', 'WPBakery', 'WordPress', 'WordPress Multisite', 'YouTube', 'jQuery', 'reCAPTCHA', 'wpDataTables']"
dukesplus.com,Dukes Plus - Educational Consultancy & Application Support,Dukes Education,GBR,92,28803,2026-08-03T22:25:26.550900701Z,"['AWS WAF Challenge', 'Alternate Protocol', 'Amazon WAF Blocked', 'Apture Linking Platform', 'ArvanCloud', 'Bing Cashback', 'Bing Conversion Tracking', 'Chatbase', 'Cloudflare', 'Cloudflare CDN', 'Content Delivery Network', 'CoreUI', 'DuracellTomi Google Tag Manager for WordPress', 'EmbedPress', 'Free Call', 'Google Analytics', 'Google My Business', 'Google Related Website Sites', 'Google Tag Manager', 'Gravity', 'Gravity Forms', 'Hubspot', 'Instagram Follow Button', 'Iubenda', 'LearnDash', 'Microdata for Google Shopping', 'Microsoft Clarity', 'Ntent', 'PHP', 'Perl', 'QUIC', 'Search and Filter Pro', 'Tailwind CSS', 'Theme In WP', 'UTF-8', 'Uncanny Toolkit for LearnDash', 'University or College', 'WP Rocket', 'Woo Themes', 'WooCommerce', 'WooCommerce Checkout', 'WordPress', 'WordPress Multisite', 'jQuery', 'jsDelivr', 'shadcn ui']"
learnerpython.com,Home - LernerPython,REUVEN LERNER - COMMUNICATIONS CONSULTING LTD,,55,3480,2026-08-03T21:03:20.848583205Z,"['AWS WAF Challenge', 'Adult Content', 'Alternate Protocol', 'Cisco/Arrowpoint Content Service Switch', 'Cloudflare', 'Cloudflare CDN', 'Content Delivery Network', 'DAV', 'Drip', 'DuracellTomi Google Tag Manager for WordPress', 'EmbedPress', 'GitHub Hosting', 'Google Analytics', 'Google Tag Manager', 'LearnDash', 'Line2', 'Microdata for Google Shopping', 'NFOrce Internet', 'PHP', 'Perl', 'Python', 'QUIC', 'RightMessage', 'SavvyCal', 'The Events Calendar', 'Theme In WP', 'UTF-8', 'Vercel', 'Woo Themes', 'WooCommerce', 'WooCommerce Checkout', 'WooCommerce Stripe Payment Gateway', 'WordPress', 'WordPress Multisite', 'YouTube', 'eLand', 'jQuery']"
whisperher.com,WhisperHer – dr. cherry,,,55,1146,2026-08-03T20:05:49.947732922Z,"['Alternate Protocol', 'Amazon WAF Blocked', 'Apache', 'BuddyBoss', 'Elementor', 'EmbedPress', 'GZIP Module', 'Google', 'Google Cloud DNS', 'Google Font API', 'IcoMoon', 'Instagram Follow Button', 'LearnDash', 'NFOrce Internet', 'PHP', 'QUIC', 'SiteW', 'Theme In WP', 'Twitter Ads', 'UTF-8', 'University or College', 'Woo Themes', 'WooCommerce', 'WooCommerce Checkout', 'WordPress', 'WordPress Multisite', 'YouTube', 'jQuery']"
personalitymatters360.com,Personality Matters Inc.,,,50,1146,2026-08-03T18:51:00.038332492Z,"['Alternate Protocol', 'Amazon WAF Blocked', 'Apache', 'BuddyBoss', 'Contact Form Plugin', 'Elementor', 'EmbedPress', 'GZIP Module', 'Google', 'Google Cloud DNS', 'Google Font API', 'IcoMoon', 'LearnDash', 'LiteSpeed', 'NFOrce Internet', 'PHP', 'QUIC', 'SiteW', 'Theme In WP', 'UTF-8', 'Woo Themes', 'WooCommerce', 'WooCommerce Checkout', 'WordPress', 'WordPress Multisite', 'YouTube', 'jQuery']"
simplepowertraining.com,Home - Simple Power Training,Simple Power Training,USA,82,2360,2026-08-03T18:20:41.861177518Z,"['Alternate Protocol', 'Astra Theme', 'Elementor', 'EmbedPress', 'Google Analytics', 'Google Cloud DNS', 'Google Font API', 'Google Tag Manager', 'Header, Footer and Blocks for Elementor', 'Instagram Follow Button', 'LearnDash', 'Microdata for Google Shopping', 'NFOrce Internet', 'PHP', 'QUIC', 'Sitelinks Search Box', 'Table Addons for Elementor', 'Theme In WP', 'UTF-8', 'Woo Themes', 'WooCommerce', 'WooCommerce Checkout', 'WordPress', 'WordPress Multisite', 'WordPress Related Posts', 'YouTube', 'jQuery']"
brainiactestprep.com,Brainiac Test Prep | Ahead of the Curve,,USA,92,18767,2026-08-03T17:05:00.985909677Z,"['AWS WAF Challenge', 'Alternate Protocol', 'Animate It', 'Content Delivery Network', 'EmbedPress', 'Fastly', 'GZIP Module', 'Google Cloud DNS', 'Google Font API', 'IcoMoon', 'Instagram Follow Button', 'LearnDash', 'Line2', 'Microdata for Google Shopping', 'Nectar Slide Plugin', 'Ninja Forms', 'PHP', 'Tailwind CSS', 'Theme In WP', 'Twitter Ads', 'UTF-8', 'University or College', 'WPBakery', 'Woo Themes', 'WooCommerce', 'WooCommerce Checkout', 'WordPress', 'WordPress Multisite', 'YouTube', 'jQuery']"
ijazainstitute.com,ijazahinstitute.com,,,50,262,2026-08-03T14:43:49.246281224Z,"['Alternate Protocol', 'Apture Linking Platform', 'EmbedPress', 'GeneratePress Company', 'Google', 'Google Cloud DNS', 'Google Font API', 'LearnDash', 'PHP', 'Perl', 'Say what', 'Theme In WP', 'UTF-8', 'Woo Themes', 'WooCommerce', 'WooCommerce Checkout', 'WordPress', 'WordPress Multisite', 'jQuery']"
soyeraannemersbedrijf.nl,Soyer,,NLD,55,711,2026-08-03T12:21:14.088706736Z,"['Alternate Protocol', 'Apache', 'CleanTalk Spam Protect', 'Elementor', 'EmbedPress', 'GZIP Module', 'Hello Elementor', 'LearnDash', 'NFOrce Internet', 'PHP', 'Theme In WP', 'UTF-8', 'WordPress', 'WordPress Multisite', 'jQuery']"
compassionfatigueandburnout.org,"Compassion Fatigue and Burnout – Resources, Courses, and Community for Grieving Staff",,,50,457,2026-08-03T07:39:44.547593611Z,"['Alternate Protocol', 'Astra Theme', 'Beaver Builder Lite', 'EmbedPress', 'GZIP Module', 'Google Cloud DNS', 'Google Font API', 'Jetpack', 'LearnDash', 'MailChimp', 'MailChimp for WordPress', 'Nginx', 'PHP', 'QUIC', 'SiteW', 'Theme In WP', 'UTF-8', 'Ubuntu', 'Vimeo', 'Woo Themes', 'WooCommerce', 'WooCommerce Checkout', 'WordPress', 'WordPress Multisite', 'WordPress Related Posts', 'jQuery']"
letslearnirish.com,Let's Learn Irish - the online Irish community!,Let's Learn Irish,USA,77,36894,2026-08-02T21:37:07.244774598Z,"['AWS WAF Challenge', 'Alternate Protocol', 'Amazon WAF Blocked', 'Anti-spam for WordPress', 'BuddyBoss', 'CleanTalk Spam Protect', 'Cloudflare', 'Cloudflare CDN', 'Content Delivery Network', 'DAV', 'Elementor', 'EmbedPress', 'Essential Addons for Elementor', 'Fireblade', 'Google', 'Google Analytics', 'Google Cloud DNS', 'Google Font API', 'Google My Business', 'Google Related Website Sites', 'Google Tag Manager', 'IcoMoon', 'Instagram Follow Button', 'LearnDash', 'LiteSpeed', 'Microdata for Google Shopping', 'NFOrce Internet', 'PHP', 'Paid Memberships Pro', 'Perl', 'Quiz Maker', 'Shoelace Style', 'SiteW', 'Stripe', 'Theme In WP', 'UTF-8', 'University or College', 'Woo Themes', 'WooCommerce', 'WooCommerce Checkout', 'WooCommerce Stripe Payment Gateway', 'WordPress', 'WordPress Multisite', 'WordPress Related Posts', 'YouTube', 'eLand', 'jQuery']"
retailtenants.org,Home - NRTA,,,60,22132,2026-08-02T20:32:05.104717163Z,"['Alternate Protocol', 'Amazon WAF Blocked', 'Apture Linking Platform', 'CDN JS', 'Cloudflare', 'Cloudflare CDN', 'Contento', 'DAV', 'Divi', 'DuracellTomi Google Tag Manager for WordPress', 'Elegant Themes', 'EmbedPress', 'Event Tickets for Wordpress', 'Facebook Conversion Tracking', 'Facebook Login', 'Facebook Messenger Platform', 'Facebook Pixel', 'Facebook Reseller', 'Facebook Tag API', 'Fastly', 'Font Awesome', 'GZIP Module', 'Google', 'Google Analytics', 'Google Cloud CDN', 'Google Cloud DNS', 'Google Conversion Tracking', 'Google Font API', 'Google My Business', 'Google Related Website Sites', 'Google Tag Manager', 'Gravity', 'Gravity Forms', 'Instagram Follow Button', 'LearnDash', 'LinkedIn Insights', 'LinkedIn Pixel', 'MRI Software', 'Matomo', 'Matomo Tag Manager', 'Microdata for Google Shopping', 'Nginx', 'PDF Embedder for Wordpress', 'PHP', 'Pagekit', 'Smart Slider 3', 'The Events Calendar', 'Theme In WP', 'UTF-8', 'WP Advanced Ads', 'WP PageNavi', 'WP Rocket', 'Woo Themes', 'WooCommerce', 'WooCommerce Checkout', 'WordPress', 'WordPress Ad Manager and AdSense Ads', 'WordPress Multisite', 'accessiBe', 'eLand', 'jQuery', 'reCAPTCHA']"
shaareihoraah.org,Kollel Shaarei Horaah,Kollel Shaarei Horaah,GBR,77,33552,2026-08-02T18:22:54.112914937Z,"['501c3 Status Nonprofit', 'AWS WAF Challenge', 'Alternate Protocol', 'Apache', 'Automattic', 'Cloudflare', 'Cloudflare CDN', 'EmbedPress', 'GZIP Module', 'Google', 'Google Analytics', 'Google My Business', 'Google Tag Manager', 'Jetpack', 'LearnDash', 'MailChimp for WordPress', 'PHP', 'PayPal Adaptive Payments', 'PayPal Button', 'PayPal Form', 'Perl', 'Twenty Eleven', 'UTF-8', 'Wangsu', 'WordPress', 'WordPress Multisite', 'WordPress Stats', 'jQuery']"
abrahamcarle.com,"Abraham Carlé | Ciencia, salud y técnología",,ESP,80,25964,2026-08-02T11:12:31.022530176Z,"['Alternate Protocol', 'Cisco/Arrowpoint Content Service Switch', 'Content Delivery Network', 'Divi', 'Elegant Themes', 'EmbedPress', 'GDPR Cookie Compliance', 'Google Analytics', 'Instagram Follow Button', 'LiteSpeed', 'M247', 'PHP', 'QUIC', 'Theme In WP', 'UTF-8', 'Uncanny Toolkit for LearnDash', 'WPForms', 'Woo Themes', 'WooCommerce', 'WooCommerce Checkout', 'WordPress', 'WordPress Multisite', 'jQuery']"
hth.co.za,HTH® | Premium Pool Care & Water Treatment Solutions,HTH,,82,20646,2026-08-02T07:40:16.775228548Z,"['AWS WAF Challenge', 'Alternate Protocol', 'Apture Linking Platform', 'Astra Theme', 'Cloudflare', 'Content Delivery Network', 'Elementor', 'ElementsKit Elementor', 'EmbedPress', 'Google Analytics', 'Google My Business', 'Google Related Website Sites', 'Google Tag Manager', 'Instagram Follow Button', 'Lazy Load for WordPress', 'LearnDash', 'Microdata for Google Shopping', 'NFOrce Internet', 'PHP', 'QUIC', 'Theme In WP', 'UTF-8', 'WP Engine', 'WP Rocket', 'Woo Themes', 'WooCommerce', 'WooCommerce Checkout', 'WordPress', 'WordPress Multisite', 'WordPress Related Posts', 'YouTube', 'jQuery', 'reCAPTCHA']"
contractorpathway.com,One of the Most Competitive Contractor Exam Prep | Contractor Pathway,Contractor Pathway,USA,82,40326,2026-08-02T04:08:49.132693359Z,"['AWS WAF Challenge', 'Alternate Protocol', 'Amazon WAF Blocked', 'Cisco/Arrowpoint Content Service Switch', 'Cloudflare', 'Cloudflare CDN', 'Content Delivery Network', 'DAV', 'EmbedPress', 'Fireblade', 'Google', 'Google Analytics', 'Google Cloud CDN', 'Google Cloud DNS', 'Google Font API', 'Google My Business', 'Google Related Website Sites', 'Google Tag Manager', 'Microdata for Google Shopping', 'Nginx', 'Perl', 'QUIC', 'Shoelace Style', 'SiteGround Optimizer', 'Sitelinks Search Box', 'Theme My Login', 'UTF-8', 'Uncanny Toolkit for LearnDash', 'Vercel', 'WP Accessibility', 'WPForms', 'Way', 'Woo Themes', 'WooCommerce', 'WooCommerce Checkout', 'WordPress', 'WordPress Multisite', 'eLand', 'jQuery', 'reCAPTCHA']"
atlantisrail.com,Atlantis Rail Systems - Steel Cable Railing - Home,Atlantis Rail Systems,GBR,77,13608,2026-08-02T03:29:47.404373553Z,"['Alternate Protocol', 'Content Delivery Network', 'Embed Any Document', 'EmbedPress', 'Express', 'Fastly', 'FooBox', 'Free Call', 'GZIP Module', 'Google Analytics', 'Google Cloud DNS', 'Google Font API', 'Google Tag Manager', 'Gravity Forms', 'Gutenberg Blocks by Kadence Blocks', 'LearnDash', 'Microdata for Google Shopping', 'Onyx Internet', 'PHP', 'Photo Gallery by FooGallery', 'Smart Slider 3', 'Social Warfare', 'Store Locator WordPress', 'Theme In WP', 'Twitter Ads', 'UTF-8', 'WordPress', 'WordPress Multisite', 'YouTube', 'eLand', 'jQuery']"
novity.gr,Novity Digital Agency,Novity,,82,6224,2026-08-02T02:50:21.862152699Z,"['Alternate Protocol', 'Astra Theme', 'Cloudflare', 'Content Delivery Network', 'EmbedPress', 'Facebook Conversion Tracking', 'Facebook Login', 'Facebook Messenger Platform', 'Facebook Pixel', 'Facebook Reseller', 'Facebook Tag API', 'FormSubmit', 'GenerateBlocks', 'Google Analytics', 'Google Tag Manager', 'Instagram Follow Button', 'Kitco', 'LearnDash', 'LinkedIn Insights', 'LinkedIn Pixel', 'LiteSpeed', 'Microdata for Google Shopping', 'PHP', 'QUIC', 'Site Kit', 'Theme In WP', 'UTF-8', 'Ultimate Addons for Gutenberg', 'WPForms', 'Woo Themes', 'WooCommerce', 'WooCommerce Checkout', 'WooCommerce Stripe Payment Gateway', 'WordPress', 'WordPress Multisite', 'WordPress Related Posts', 'jQuery']"
deilearninghub.com,DEI Learning Hub,DEI Learning Hub,,77,19550,2026-08-01T23:39:33.688205372Z,"['AWS WAF Challenge', 'Alternate Protocol', 'Apture Linking Platform', 'Cloudflare', 'Content Delivery Network', 'Elementor', 'EmbedPress', 'Express', 'Genesis Blocks', 'Google Analytics', 'Google Tag Manager', 'IcoMoon', 'Instagram Follow Button', 'LearnDash', 'Line2', 'Livemesh Addons for Elementor', 'Microdata for Google Shopping', 'NFOrce Internet', 'PHP', 'Pagekit', 'Perl', 'Sitelinks Search Box', 'SmartCrawl', 'Theme In WP', 'UTF-8', 'WP Engine', 'Woo Themes', 'WooCommerce', 'WooCommerce Checkout', 'WooCommerce Payments', 'WordPress', 'WordPress Multisite', 'YouTube', 'jQuery']"
behaviortechcourse.com,RBT Online Training for Aspiring Behavior Technicians - 40 Hour RBT® Online Training,Behavior Technician Course,GBR,92,28993,2026-08-01T23:07:06.684524132Z,"['AWS WAF Challenge', 'Alternate Protocol', 'Apture Linking Platform', 'Astra Theme', 'BatCache', 'Bing Cashback', 'Bing Conversion Tracking', 'CartFlows', 'Cloudflare', 'Content Delivery Network', 'Elementor', 'EmbedPress', 'Facebook Conversion Tracking', 'Facebook Login', 'Facebook Messenger Platform', 'Facebook Pixel', 'Facebook Reseller', 'Facebook Tag API', 'Fastly', 'Google', 'Google Analytics', 'Google Cloud DNS', 'Google Font API', 'Google Maps', 'Google My Business', 'Google Related Website Sites', 'Google Tag Manager', 'H5P for WordPress', 'Kitco', 'Lazy Load for WordPress', 'LearnDash', 'Microdata for Google Shopping', 'NFOrce Internet', 'PHP', 'Premium Addons for Elementor', 'QUIC', 'Simple Banner for Wordpress', 'Site Kit', 'Theme In WP', 'UTF-8', 'Uncanny Toolkit for LearnDash', 'WP-Members', 'Woo Themes', 'WooCommerce', 'WooCommerce Checkout', 'WooCommerce Pixel Manager by woopt', 'WordPress', 'WordPress Multisite', 'WordPress Related Posts', 'YouTube', 'jQuery']"
pslms.org,Public Safety Learning Management System,,ZAF,60,862,2026-08-01T20:18:54.086220558Z,"['Alternate Protocol', 'Content Delivery Network', 'Elementor', 'EmbedPress', 'Essential Addons for Elementor', 'Fastly', 'GZIP Module', 'Google', 'Google Cloud CDN', 'Google Cloud DNS', 'Google Font API', 'Hello Elementor', 'Instagram Follow Button', 'LearnDash', 'Nginx', 'PHP', 'ProfilePress', 'Theme In WP', 'Twitter Ads', 'UTF-8', 'University or College', 'WordPress', 'WordPress Multisite', 'YouTube', 'jQuery']"
tendtoolkit.com,Home | The TEND Toolkit,The TEND Toolkit,AUS,82,19968,2026-08-01T19:36:55.665966478Z,"['AWS WAF Challenge', 'Alternate Protocol', 'Cloudflare', 'Cloudflare CDN', 'Content Delivery Network', 'ElementUI', 'EmbedPress', 'Favorites for WordPress', 'Flatsome', 'Font Awesome', 'GZIP Module', 'Google', 'Google Analytics', 'Google Cloud DNS', 'Google Font API', 'Google My Business', 'Google Tag Manager', 'Gravity', 'IcoMoon', 'LearnDash', 'LiteSpeed', 'Microdata for Google Shopping', 'PHP', 'Paid Memberships Pro', 'QUIC', 'Smart Slider 3', 'Theme In WP', 'UTF-8', 'Uncanny Toolkit for LearnDash', 'Vimeo', 'WPBakery', 'WPForms', 'WordPress', 'WordPress Download Manager', 'WordPress Multisite', 'YouTube', 'eLand', 'jQuery']"
sbdn.org.uk,SBDN – Society of British Dental Nurses,,,55,1139,2026-08-01T16:43:17.106286825Z,"['AWS WAF Challenge', 'Alternate Protocol', 'Astra Theme', 'Cloudflare', 'Cloudflare CDN', 'Elementor', 'EmbedPress', 'GZIP Module', 'Google', 'Google Analytics', 'Google My Business', 'Google Tag Manager', 'Header, Footer and Blocks for Elementor', 'Instagram Follow Button', 'LearnDash', 'MemberPress', 'NFOrce Internet', 'Nginx', 'PHP', 'Perl', 'Theme In WP', 'Twitter Ads', 'UTF-8', 'WP Job Manager', 'Woo Themes', 'WordPress', 'WordPress Multisite', 'WordPress Related Posts', 'jQuery']"
nicolesleethatelier.com,Nicole Sleeth Atelier | Online Art Atelier | Online Art Classes,Nicole Sleeth Atelier,,67,3337,2026-08-01T16:13:51.832248282Z,"['Alternate Protocol', 'Custom Facebook Feed', 'Elementor', 'EmbedPress', 'Font Awesome', 'Google Analytics', 'Google Cloud DNS', 'Google Font API', 'Google My Business', 'Google Tag Manager', 'IcoMoon', 'Instagram Feed for WordPress', 'Instagram Follow Button', 'LearnDash', 'LiteSpeed', 'MemberPress', 'Microdata for Google Shopping', 'MonsterInsights', 'Newsletter for Wordpress', 'OceanWP', 'PHP', 'Perl', 'QUIC', 'Tailwind CSS', 'Theme In WP', 'UTF-8', 'Uncanny Toolkit for LearnDash', 'Vercel', 'WP Mobile Menu', 'WPForms', 'WPFront Notification Bar', 'Woo Themes', 'WooCommerce', 'WooCommerce Checkout', 'WordPress', 'WordPress Multisite', 'WordPress Related Posts', 'YouTube', 'eLand', 'jQuery']"
zappeducation.com,Zapp Education | Online radiology continuing education since 2006,,,70,20628,2026-08-01T15:55:40.669108556Z,"['Alternate Protocol', 'Amazon WAF Blocked', 'Anti-spam for WordPress', 'CleanTalk Spam Protect', 'Coming Soon Page', 'Content Delivery Network', 'Divi', 'Elegant Themes', 'EmbedPress', 'Fastly', 'Fireblade', 'GZIP Module', 'Google', 'Google Cloud CDN', 'Google Cloud DNS', 'Google Font API', 'Instagram Follow Button', 'LearnDash', 'PHP', 'Popup Maker for Wordpress', 'Theme In WP', 'Twitter Ads', 'UTF-8', 'WordPress', 'WordPress Multisite', 'jQuery']"
evolation.edu.au,Evolation Learning,,AUS,60,9245,2026-08-01T14:01:13.591331684Z,"['AWS WAF Challenge', 'Alternate Protocol', 'Automattic', 'Cloudflare', 'Cloudflare CDN', 'Content Delivery Network', 'Elementor', 'EmbedPress', 'Engintron', 'Fireblade', 'GZIP Module', 'Google', 'Google My Business', 'Header, Footer and Blocks for Elementor', 'Jetpack', 'Kadence WP', 'Kinsta', 'LearnDash', 'NFOrce Internet', 'Nginx', 'PHP', 'Theme In WP', 'UTF-8', 'Uncanny Toolkit for LearnDash', 'University or College', 'WPForms', 'WPFront Notification Bar', 'Woo Themes', 'WordPress', 'WordPress Multisite', 'WordPress Stats', 'jQuery', 'reCAPTCHA']"
glyniskareklas.co.za,Lew Geffen Sotheby's Realty International,,ZAF,65,30367,2026-08-01T13:35:45.844653662Z,"['Alternate Protocol', 'Amazon WAF Blocked', 'Better Lead Generation Services', 'BuddyBoss', 'Elementor', 'EmbedPress', 'Express', 'Facebook Conversion Tracking', 'Facebook Login', 'Facebook Messenger Platform', 'Facebook Pixel', 'Facebook Reseller', 'Facebook Tag API', 'Fireblade', 'GZIP Module', 'Google Analytics', 'Google Cloud DNS', 'Google Font API', 'Google Maps', 'Google My Business', 'Google Tag Manager', 'Gravity', 'Gravity Forms', 'IcoMoon', 'Instagram Follow Button', 'Klarna', 'LearnDash', 'LiteSpeed', 'NFOrce Internet', 'OneSignal', 'PHP', 'Perl', 'Piwik PRO', 'QUIC', 'RankMath', 'Say what', 'SiteW', 'Theme In WP', 'To Top', 'UTF-8', 'Woo Themes', 'WooCommerce', 'WooCommerce Checkout', 'WordPress', 'WordPress Multisite', 'jQuery', 'wpDataTables']"
thechizone.com,Build Stronger Health for the Long-Term - The Chi Zone,,,82,8010,2026-08-01T10:27:37.649929863Z,"['Alternate Protocol', 'Amazon WAF Blocked', 'BunnyCDN', 'BunnyCDN General', 'CDN JS', 'CleanTalk Spam Protect', 'Cloudflare', 'Cloudflare CDN', 'Content Delivery Network', 'DAV', 'Divi', 'Elegant Themes', 'EmbedPress', 'Google', 'Google Analytics', 'Google Cloud CDN', 'Google Cloud DNS', 'Google Font API', 'Google Tag Manager', 'Instagram Follow Button', 'LearnDash', 'LiteSpeed', 'Microdata for Google Shopping', 'Monarch Social Sharing Plugin For WordPress', 'PHP', 'Perl', 'Popup Maker for Wordpress', 'Presto Player', 'QUIC', 'Sitelinks Search Box', 'Smart Slider 3', 'Theme In WP', 'UTF-8', 'Woo Themes', 'WooCommerce', 'WooCommerce Checkout', 'WooCommerce Stripe Payment Gateway', 'WordPress', 'WordPress Multisite', 'eLand', 'jQuery', 'uPress']"
ilearntamilnow.com,ILEARNTAMILNOW.COM - தமிழ் இனி... இணையத்தில் வளரும் ...ILEARNTAMILNOW.COM | தமிழ் இனி… இணையத்தில் வளரும் …,Ilearntamilnow.com,,67,647,2026-08-01T10:19:23.309649374Z,"['Alternate Protocol', 'Apache', 'Contact Form Plugin', 'EmbedPress', 'GZIP Module', 'LearnDash', 'Microdata for Google Shopping', 'PHP', 'PayPal Button', 'PayPal Form', 'Stripe', 'Twenty Eleven', 'UTF-8', 'Uncanny Toolkit for LearnDash', 'WordPress', 'WordPress Multisite', 'YouTube', 'jQuery']"
movesetmastery.com,Moveset Mastery,,JPN,65,20260,2026-08-01T03:40:58.969939826Z,"['Alternate Protocol', 'Astra Theme', 'Cloudflare', 'Content Delivery Network', 'Elementor', 'EmbedPress', 'GoDaddy', 'Google', 'Google Cloud DNS', 'Google Font API', 'Google My Business', 'Header, Footer and Blocks for Elementor', 'Image Hotspot by DevVN', 'Instagram Follow Button', 'LearnDash', 'Microdata for Google Shopping', 'NFOrce Internet', 'PHP', 'Schema Plugin', 'Theme In WP', 'UTF-8', 'Wangsu', 'Woo Themes', 'WordPress', 'WordPress Multisite', 'WordPress Related Posts', 'YouTube', 'jQuery']"
superpowerspeech.com,Welcome to Super Power Speech,Super Power Speech,,72,9180,2026-08-01T02:37:38.318138187Z,"['Alternate Protocol', 'Apache', 'EmbedPress', 'Facebook Login', 'Facebook Messenger Platform', 'Facebook Pixel', 'Facebook Reseller', 'Facebook Tag API', 'GZIP Module', 'Google Analytics', 'Google My Business', 'Google Tag Manager', 'Gutenberg Blocks by Kadence Blocks', 'Instagram Follow Button', 'Jetpack', 'Kadence WP', 'LearnDash', 'Microdata for Google Shopping', 'Monster', 'MonsterInsights', 'OptinMonster', 'PHP', 'Sitelinks Search Box', 'Theme In WP', 'UTF-8', 'Uncanny Toolkit for LearnDash', 'WP Fastest Cache', 'Woo Themes', 'WooCommerce', 'WooCommerce Checkout', 'WordPress', 'WordPress Multisite', 'WordPress Stats']"
careerdevelopmentcollege.uk,Career Development College UK • London,Career Development College London,GBR,77,78494,2026-08-01T01:52:34.543039979Z,"['1Password', 'Alternate Protocol', 'Cart.com', 'EmbedPress', 'Google Analytics', 'Google Tag Manager', 'Gutenberg Blocks by Kadence Blocks', 'Instagram Follow Button', 'Kadence WP', 'LearnDash', 'Microdata for Google Shopping', 'PHP', 'Perl', 'Popup Maker for Wordpress', 'QUIC', 'Recart', 'Sitelinks Search Box', 'Theme In WP', 'Twitter Ads', 'UTF-8', 'University or College', 'Woo Themes', 'WooCommerce', 'WooCommerce Checkout', 'WooCommerce Stripe Payment Gateway', 'WordPress', 'WordPress Multisite', 'YouTube', 'jQuery']"
wendycastelino.com,"12 Easy Steps to Overcome Stress, Anxiety & Overwhelm | Wendy Castelino",Wendy Castelino,GBR,67,18869,2026-07-31T23:44:50.238330411Z,"['AWS WAF Challenge', 'Alternate Protocol', 'Astra Theme', 'Elementor', 'ElementsKit Elementor', 'EmbedPress', 'Express', 'Facebook Conversion Tracking', 'Facebook Login', 'Facebook Messenger Platform', 'Facebook Pixel', 'Facebook Reseller', 'Facebook Tag API', 'Google Analytics', 'Google My Business', 'Google Related Website Sites', 'Google Tag Manager', 'Instagram Follow Button', 'LearnDash', 'LiteSpeed', 'Metricool', 'Microdata for Google Shopping', 'NFOrce Internet', 'PDF Embedder for Wordpress', 'PHP', 'PixelYourSite', 'QUIC', 'Site Kit', 'Thank You', 'Theme In WP', 'UTF-8', 'Woo Themes', 'WooCommerce', 'WooCommerce Checkout', 'WooCommerce Payments', 'WooCommerce Stripe Payment Gateway', 'WordPress', 'WordPress Multisite', 'WordPress Related Posts', 'YouTube', 'jQuery']"
stagsafety.com,Home - Stag Safety,Stag Safety,,67,139426,2026-07-31T23:05:42.797716928Z,"['Alternate Protocol', 'Content Delivery Network', 'Corporate Governance and Regulatory Compliance', 'Elementor', 'EmbedPress', 'Fastly', 'Fireblade', 'GZIP Module', 'Microdata for Google Shopping', 'NFOrce Internet', 'Nginx', 'PHP', 'Salesforce Experience Cloud', 'Table Addons for Elementor', 'Theme In WP', 'UTF-8', 'Uncanny Toolkit for LearnDash', 'Woo Themes', 'WooCommerce', 'WooCommerce Checkout', 'WordPress', 'WordPress Multisite', 'jQuery']"
schooldogs.com,"School Dogs – The Peace, Love, and Understanding Company",,USA,70,6663,2026-07-31T23:02:13.627394848Z,"['Alternate Protocol', 'Amazon WAF Blocked', 'BuddyBoss', 'Content Delivery Network', 'Elementor', 'EmbedPress', 'GZIP Module', 'Google', 'Google Cloud DNS', 'Google Font API', 'Google My Business', 'IcoMoon', 'LearnDash', 'LiteSpeed', 'NFOrce Internet', 'PHP', 'QUIC', 'SiteW', 'Table Addons for Elementor', 'Theme In WP', 'UTF-8', 'WordPress', 'WordPress Multisite', 'jQuery', 'reCAPTCHA']"
motherbabysupport.net,Happy Mama Healthy Baby Alliance | Community Doula Program & Training,Happy Mama Healthy Baby Alliance,USA,82,25847,2026-07-31T18:48:06.581091449Z,"['501c3 Status Nonprofit', 'Alternate Protocol', 'DAV', 'EmbedPress', 'Eventbrite', 'Express', 'Fireblade', 'GZIP Module', 'Givebutter', 'Google Cloud DNS', 'Google Font API', 'Gtranslate for Wordpress', 'InitiativeS', 'JotForm', 'LearnDash', 'Microdata for Google Shopping', 'Nginx', 'PHP', 'Parallels Plesk Panel', 'Quform', 'RM Education', 'Sapper', 'Simple Lightbox', 'StatCounter', 'Theme In WP', 'UTF-8', 'University or College', 'WP Fastest Cache', 'WoWonder', 'Woo Themes', 'WooCommerce', 'WooCommerce Checkout', 'WordPress', 'WordPress Multisite', 'YouTube', 'jQuery']"
floridacourtclasses.com,Florida Court Classes - #1 Online Court Class Provider in Florida,Florida Court Classes,,72,1858,2026-07-31T06:30:26.133683723Z,"['Alternate Protocol', 'Amazon WAF Blocked', 'Apture Linking Platform', 'Coming Soon Page', 'DuracellTomi Google Tag Manager for WordPress', 'Elementor', 'EmbedPress', 'GZIP Module', 'Google Analytics', 'Google Customer Reviews', 'Google Related Website Sites', 'Google Tag Manager', 'Hello Elementor', 'Klarna', 'Lazy Load for WordPress', 'LearnDash', 'Microdata for Google Shopping', 'Nginx', 'PHP', 'Perfmatters', 'QUIC', 'Sitelinks Search Box', 'Table Addons for Elementor', 'UTF-8', 'Uncanny Toolkit for LearnDash', 'WP Rocket', 'Woo Themes', 'WooCommerce', 'WooCommerce Checkout', 'WordPress', 'WordPress Multisite']"
recruitment-bootcamp.com,Home - Recruitment Bootcamp,Recruitment Bootcamp,,75,21944,2026-07-31T05:59:02.212006545Z,"['AWS WAF Challenge', 'Alternate Protocol', 'Apache', 'BunnyCDN', 'BunnyCDN General', 'Camp', 'DAV', 'Divi', 'Elegant Themes', 'EmbedPress', 'Formidable Pro Form', 'GZIP Module', 'Google Analytics', 'Google Cloud DNS', 'Google Font API', 'Google My Business', 'Google Tag Manager', 'Instagram Follow Button', 'LearnDash', 'Metronet Profile Picture', 'Microdata for Google Shopping', 'PHP', 'Pico CSS', 'Theme In WP', 'UTF-8', 'WP Fastest Cache', 'Woo Themes', 'WooCommerce', 'WooCommerce Checkout', 'WooCommerce Stripe Payment Gateway', 'WordPress', 'WordPress Multisite', 'jQuery', 'reCAPTCHA']"
u-learns.com,Home Main - U-learns,Ulearns,GBR,70,5760,2026-07-31T05:05:36.958450355Z,"['Alternate Protocol', 'Apache', 'Elementor', 'EmbedPress', 'Font Awesome', 'GZIP Module', 'Google', 'Google Analytics', 'Google Cloud DNS', 'Google Font API', 'Google Tag Manager', 'IcoMoon', 'Lazy Load for WordPress', 'LearnDash', 'Microdata for Google Shopping', 'NFOrce Internet', 'PHP', 'PixelYourSite', 'QUIC', 'Schema Plugin', 'Theme In WP', 'UTF-8', 'Uncanny Toolkit for LearnDash', 'WP Rocket', 'Woo Themes', 'WooCommerce', 'WooCommerce Checkout', 'WordPress', 'WordPress Multisite', 'YouTube', 'jQuery']"
elearning.vib.be,E-Learning@VIB – Science Meets Life,,,67,5065,2026-07-31T02:40:34.791749114Z,"['AJAX Libraries API', 'Alternate Protocol', 'Elementor', 'EmbedPress', 'Font Awesome', 'Google Analytics', 'Google Cloud DNS', 'Google Tag Manager', 'H5P for WordPress', 'Hello Elementor', 'LearnDash', 'Material-UI', 'Mermaid', 'Microdata for Google Shopping', 'NFOrce Internet', 'Nginx', 'PHP', 'Perl', 'Sitelinks Search Box', 'StackPath', 'Twitter Ads', 'UTF-8', 'Uncanny Toolkit for LearnDash', 'WordPress', 'WordPress Multisite', 'WordPress Related Posts', 'YouTube', 'jQuery']"
huizemarkbenoni.co.za,Huizemark - Benoni Monique Kriek,,ZAF,55,8645,2026-07-31T01:09:01.269873819Z,"['Alibaba Cloud CDN', 'Alternate Protocol', 'Amazon WAF Blocked', 'Better Lead Generation Services', 'BuddyBoss', 'Elementor', 'EmbedPress', 'Express', 'Fireblade', 'GZIP Module', 'Google Cloud DNS', 'Google Font API', 'Google Maps', 'Google My Business', 'Gravity', 'Gravity Forms', 'IcoMoon', 'Klarna', 'LearnDash', 'LiteSpeed', 'NFOrce Internet', 'OneSignal', 'PHP', 'Perl', 'Piwik PRO', 'QUIC', 'RankMath', 'Say what', 'SiteW', 'Thank You', 'Theme In WP', 'To Top', 'UTF-8', 'Woo Themes', 'WooCommerce', 'WooCommerce Checkout', 'WordPress', 'WordPress Multisite', 'jQuery', 'wpDataTables']"
communityheroes.us,Community Heroes – Helping People Help Others,,,55,1437,2026-07-30T22:42:08.440431929Z,"['AWS WAF Challenge', 'Alternate Protocol', 'Apture Linking Platform', 'Astra Theme', 'Automattic', 'CartFlows', 'Cloudflare', 'Cloudflare CDN', 'Content Delivery Network', 'Elementor', 'EmbedPress', 'Essential Addons for Elementor', 'Express', 'Font Awesome', 'Google', 'Google Cloud DNS', 'Google Font API', 'Google My Business', 'Header, Footer and Blocks for Elementor', 'Jetpack', 'LearnDash', 'Lucky Orange', 'NFOrce Internet', 'PHP', 'Pagekit', 'Paid Memberships Pro', 'PayPal', 'QUIC', 'Smush Image Optimization', 'Theme In WP', 'UTF-8', 'Woo Themes', 'WooCommerce Checkout', 'WooCommerce Payments', 'WordPress', 'WordPress Multisite', 'WordPress Related Posts', 'WordPress Stats', 'jQuery']"
critical-knowledge.org,Critical Knowledge – We Train Leaders in Emergency Response,,,70,18805,2026-07-30T15:54:37.695921073Z,"['AWS WAF Challenge', 'Alternate Protocol', 'Cloudflare', 'Content Delivery Network', 'Elementor', 'EmbedPress', 'Google Analytics', 'Google Cloud DNS', 'Google Font API', 'Google Tag Manager', 'Kadence WP', 'LearnDash', 'NFOrce Internet', 'PHP', 'Theme In WP', 'Twitter Ads', 'UTF-8', 'Uncanny Toolkit for LearnDash', 'WP Engine', 'WordPress', 'WordPress Multisite', 'jQuery']"
ieltsonlinepractice.com,IELTS Online Practice | IELTS Twenty20 Course - Study 20 min a day for 20 days and acheive your target IELTS band score,,GBR,77,16604,2026-07-30T13:52:53.034517935Z,"['Alternate Protocol', 'Automattic', 'Baidu Cloud', 'CDN JS', 'Cloudflare', 'Cloudflare CDN', 'Contact Form Plugin', 'Corporate Governance and Regulatory Compliance', 'EmbedPress', 'Essential Grid', 'Facebook Login', 'Facebook Messenger Platform', 'Facebook Reseller', 'Font Awesome', 'Fontello', 'GDPR Consent Management Platform', 'GitHub Hosting', 'Go Pricing', 'Google Analytics', 'Google Cloud DNS', 'Google Font API', 'Google My Business', 'Google Tag Manager', 'IcoMoon', 'Jetpack', 'LearnDash', 'LiteSpeed', 'Media.net', 'Microdata for Google Shopping', 'Onyx Internet', 'PHP', 'Pagekit', 'Perl', 'QUIC', 'Slider Revolution', 'Thank You', 'Theme In WP', 'UTF-8', 'University or College', 'WPBakery', 'WordPress', 'WordPress Multisite', 'WordPress Stats', 'Yandex Hosting', 'YouTube', 'eLand', 'jQuery']"
themathsspecialist.com,The Maths Specialist | Specialist Maths Teaching | Tutors with a passion for maths,,GBR,75,21844,2026-07-30T10:17:29.850436153Z,"['AWS WAF Challenge', 'Alternate Protocol', 'BunnyCDN Header', 'Content Delivery Network', 'Divi', 'Elegant Themes', 'EmbedPress', 'Fastly', 'Font Awesome', 'Google Cloud DNS', 'Google Font API', 'Investor Relations', 'LearnDash', 'PHP', 'TRUSTist', 'Theme In WP', 'UTF-8', 'WP Super Cache', 'Woo Themes', 'WooCommerce', 'WooCommerce Checkout', 'WooCommerce Payments', 'WordPress', 'WordPress Multisite', 'YouTube', 'jQuery']"
breastglobal.org,Breast Research Education And Surgical Training - BreastGlobal,BreastGlobal,,72,35264,2026-07-30T09:59:27.316996021Z,"['AWS WAF Challenge', 'Alternate Protocol', 'Animate It', 'Cloudflare', 'Cloudflare CDN', 'Coming Soon Page', 'Contact Form Plugin', 'EmbedPress', 'Fireblade', 'Google', 'Google Analytics', 'Google Cloud DNS', 'Google Font API', 'Google My Business', 'Google Related Website Sites', 'Google Tag Manager', 'Gravity Forms', 'IcoMoon', 'Jetpack', 'LearnDash', 'Line2', 'Menu Icons by ThemeIsle', 'Microdata for Google Shopping', 'Nectar Slide Plugin', 'PHP', 'QUIC', 'Salient', 'Site Kit', 'Tailwind CSS', 'Theme In WP', 'Twitter Ads', 'UTF-8', 'WPBakery', 'WPForms', 'WordPress', 'WordPress Multisite', 'WordPress Stats', 'jQuery']"
medischola.or.tz,Medischola Tanzania,,TZA,50,262,2026-07-30T08:55:21.66308439Z,"['Alternate Protocol', 'Astra Theme', 'Content Delivery Network', 'Elementor', 'EmbedPress', 'Essential Addons for Elementor', 'GZIP Module', 'Google', 'Google Adsense', 'Google Analytics', 'Google Cloud CDN', 'Google Cloud DNS', 'Google Font API', 'Google Funding Choices', 'Google Matched Content', 'Google My Business', 'Google Reseller', 'Google Tag Manager', 'Header, Footer and Blocks for Elementor', 'LearnDash', 'LiteSpeed', 'PHP', 'QUIC', 'Sticky Header Effects for Elementor', 'Theme In WP', 'UTF-8', 'Woo Themes', 'WordPress', 'WordPress Multisite', 'WordPress Related Posts', 'bbPress', 'jQuery']"
roymatheson.com,Roy Matheson | The Leader in Occupational Rehabilitation Training,,USA,82,18025,2026-07-29T22:44:44.140879745Z,"['AWS WAF Challenge', 'Alternate Protocol', 'Contact Form Plugin', 'Content Delivery Network', 'Elementor', 'EmbedPress', 'Google Analytics', 'Google Cloud DNS', 'Google Font API', 'Google Related Website Sites', 'Google Tag Manager', 'Kava', 'LearnDash', 'LiteSpeed', 'Microdata for Google Shopping', 'NFOrce Internet', 'PHP', 'Premium Addons for Elementor', 'QUIC', 'Site Kit', 'Theme In WP', 'UTF-8', 'Woo Themes', 'WooCommerce', 'WooCommerce Checkout', 'WooCommerce Payments', 'WooCommerce Stripe Payment Gateway', 'WordPress', 'WordPress Multisite', 'jQuery']"
cpfvaccines.com,Home - Vaccine Site,,,65,34190,2026-07-29T20:35:42.453027969Z,"['AWS WAF Challenge', 'Adobe Creative Cloud WebFonts', 'Alternate Protocol', 'Cloudflare', 'Cloudflare CDN', 'Contact Form Plugin', 'Elementor', 'EmbedPress', 'Event Tickets for Wordpress', 'Fireblade', 'Fonts Plugin', 'Google', 'Google Analytics', 'Google Cloud CDN', 'Google Cloud DNS', 'Google Font API', 'Google Tag Manager', 'Hello Elementor', 'Instagram Feed for WordPress', 'Instagram Follow Button', 'LearnDash', 'Microdata for Google Shopping', 'Ninja Forms', 'PHP', 'SiteW', 'Table Addons for Elementor', 'The Events Calendar', 'Twitter Ads', 'UTF-8', 'W3 Total Cache', 'Woo Themes', 'WooCommerce Checkout', 'WordPress', 'WordPress Multisite', 'jQuery']"
livethelifestyle.com,Live The Lifestyle – Jessica Kelly,,,67,26656,2026-07-29T18:49:13.814751829Z,"['Alternate Protocol', 'Cloudflare', 'Content Delivery Network', 'Contento', 'EmbedPress', 'Express', 'GoDaddy', 'Google Cloud DNS', 'Google Font API', 'IcoMoon', 'Instagram Follow Button', 'LearnDash', 'Muffin Group', 'PHP', 'QUIC', 'Quform', 'Slider Revolution', 'Theme In WP', 'UTF-8', 'University or College', 'Woo Themes', 'WooCommerce', 'WooCommerce Checkout', 'WordPress', 'WordPress Multisite', 'jQuery']"
adoptionassociates.net,Adoption in Michigan | Unplanned Pregnancy Options,Adoption Associates,USA,92,7626,2026-07-29T18:49:13.785317226Z,"['501c3 Status Nonprofit', 'Alternate Protocol', 'Amazon WAF Blocked', 'ByteDance', 'Cloudflare', 'Cloudflare CDN', 'Complianz', 'Content Delivery Network', 'Elementor', 'EmbedPress', 'Facebook Conversion Tracking', 'Facebook Login', 'Facebook Messenger Platform', 'Facebook Pixel', 'Facebook Reseller', 'Facebook Tag API', 'Google Analytics', 'Google My Business', 'Google Related Website Sites', 'Google Tag Manager', 'Gravity', 'Gravity Forms', 'Harbor', 'Instagram Follow Button', 'JetElements', 'Kinsta', 'Lazy Load for WordPress', 'LearnDash', 'Microdata for Google Shopping', 'NFOrce Internet', 'Oddle', 'QUIC', 'Table Addons for Elementor', 'TikTok Conversion Tracking Pixel', 'Twitter Ads', 'UTF-8', 'UserWay', 'Vue.js', 'WordPress', 'WordPress Multisite', 'YouTube', 'reCAPTCHA']"
ieltscourses.pk,IELTS Courses,,PAK,75,17783,2026-07-29T11:19:59.654369087Z,"['AWS WAF Challenge', 'Alternate Protocol', 'Contact Form Plugin', 'Content Delivery Network', 'Edubin Theme', 'Elementor', 'EmbedPress', 'Google Cloud DNS', 'Google Font API', 'IcoMoon', 'Instagram Follow Button', 'LearnDash', 'LiteSpeed', 'Microdata for Google Shopping', 'NFOrce Internet', 'PHP', 'Schema Plugin', 'Theme In WP', 'Twitter Ads', 'UTF-8', 'University or College', 'Woo Themes', 'WooCommerce', 'WooCommerce Checkout', 'WordPress', 'WordPress Multisite', 'YouTube', 'jQuery']"
madhatterwellness.com,Mad Hatter Wellness - Mad Hatter Wellness Main,,,60,10586,2026-07-16T09:17:19.967943154Z,"['AWS WAF Challenge', 'Alternate Protocol', 'Automattic', 'Beaver Builder Lite', 'Coming Soon Page', 'Content Delivery Network', 'Contento', 'EmbedPress', 'Event Tickets for Wordpress', 'Google', 'Google Cloud DNS', 'Google Font API', 'Gravity', 'Instagram Follow Button', 'Jetpack', 'LearnDash', 'Menu Icons by ThemeIsle', 'Microdata for Google Shopping', 'Nginx', 'PHP', 'Perfmatters', 'Perl', 'Schema Plugin', 'Theme In WP', 'UTF-8', 'Woo Themes', 'WooCommerce', 'WooCommerce Checkout', 'WooCommerce Payments', 'WordPress', 'WordPress Multisite', 'WordPress Stats', 'YouTube', 'jQuery']"
fulfilmentsourcecode.com,"TFSC - Upgrade Your Brain's OS. Adapt, Thrive",,USA,77,21133,2026-07-16T05:29:19.968890561Z,"['Alternate Protocol', 'BuddyBoss', 'CDN JS', 'Cloudflare', 'Cloudflare CDN', 'CoBlocks', 'Content Delivery Network', 'DuracellTomi Google Tag Manager for WordPress', 'Elementor', 'ElementsKit Elementor', 'EmbedPress', 'GZIP Module', 'GoDaddy', 'Google', 'Google Analytics', 'Google Cloud CDN', 'Google Cloud DNS', 'Google Font API', 'Google Related Website Sites', 'Google Tag Manager', 'H5P for WordPress', 'IcoMoon', 'Instagram Follow Button', 'Klarna', 'Metricool', 'Microdata for Google Shopping', 'Microsoft Clarity', 'NitroPack', 'PHP', 'Popup Maker for Wordpress', 'QUIC', 'Site Kit', 'SiteW', 'Stripe', 'Theme In WP', 'UTF-8', 'Uncanny Toolkit for LearnDash', 'User Registration for Wordpress', 'Wangsu', 'Woo Themes', 'WooCommerce', 'WooCommerce Checkout', 'WooCommerce Stripe Payment Gateway', 'WordPress', 'WordPress Multisite', 'jQuery']"
empower-learning.co.uk,Empower Learning,,GBR,65,5634,2026-07-15T08:14:19.969241678Z,"['Alternate Protocol', 'Automattic', 'Coming Soon Page', 'Contact Form Plugin', 'Content Delivery Network', 'Elementor', 'ElementsKit Elementor', 'EmbedPress', 'Google', 'Google Cloud CDN', 'Google Cloud DNS', 'Google Font API', 'Header, Footer and Blocks for Elementor', 'Instagram Follow Button', 'Jetpack', 'LearnDash', 'LiteSpeed', 'Metform Elemento', 'NFOrce Internet', 'PHP', 'Perl', 'QUIC', 'Shoelace Style', 'Slider Revolution', 'The Events Calendar', 'Theme In WP', 'UTF-8', 'WonderPush', 'Woo Themes', 'WooCommerce', 'WooCommerce Checkout', 'WooCommerce Payments', 'WooCommerce Stripe Payment Gateway', 'WordPress', 'WordPress Multisite', 'WordPress Stats', 'jQuery']"
englishliteracyhub.com,"English Literacy Hub – Empowering Learners, Building Literacy",,GBR,65,2654,2026-07-13T13:14:19.974216062Z,"['Alternate Protocol', 'Elementor', 'EmbedPress', 'Essential Addons for Elementor', 'Google Cloud DNS', 'Google Font API', 'Header, Footer and Blocks for Elementor', 'LearnDash', 'NFOrce Internet', 'Neve', 'PHP', 'QUIC', 'Theme In WP', 'UTF-8', 'Uncanny Toolkit for LearnDash', 'University or College', 'Unlimited Elements For Elementor', 'WordPress', 'WordPress Multisite', 'jQuery']"
embodydivinewellness.com,Homepage | Embody Divine Wellness,,USA,82,3983,2026-07-11T17:08:19.96860065Z,"['Alternate Protocol', 'CleanTalk Spam Protect', 'Content Delivery Network', 'Elementor', 'ElementsKit Elementor', 'EmbedPress', 'Ethy', 'Google Cloud DNS', 'Google Font API', 'Gtranslate for Wordpress', 'Hello Elementor', 'Instagram Follow Button', 'LearnDash', 'Metform Elemento', 'Microdata for Google Shopping', 'NFOrce Internet', 'Nginx', 'PHP', 'QUIC', 'Table Addons for Elementor', 'Theme In WP', 'UTF-8', 'Woo Themes', 'WooCommerce', 'WooCommerce Checkout', 'WooCommerce Payments', 'WooCommerce Stripe Payment Gateway', 'WordPress', 'WordPress Multisite', 'jQuery']"
wainfleet-online.com,Wainfleet Learning | personalised language learning,,,60,1444,2026-07-11T14:05:19.967875257Z,"['AWS WAF Challenge', 'Alternate Protocol', 'Apache', 'Cloudflare', 'Cloudflare CDN', 'Complianz', 'Content Delivery Network', 'Divi', 'Elegant Themes', 'EmbedPress', 'GZIP Module', 'Google', 'Google Cloud DNS', 'Google Font API', 'Google Maps', 'Google My Business', 'Google Tag Manager', 'LearnDash', 'Matomo', 'Matomo Tag Manager', 'NFOrce Internet', 'PHP', 'Theme In WP', 'UTF-8', 'WordPress', 'WordPress Multisite', 'eLand', 'jQuery']"
rivercoast.com,Home - NDK Kayaks and ACA Instruction NDK Kayak Northstar Canoe,RiverCoast,USA,77,33699,2026-07-11T08:50:19.973451581Z,"['AWS WAF Challenge', 'Alternate Protocol', 'Beaver Builder Lite', 'Cloudflare', 'Cloudflare CDN', 'CoBlocks', 'Content Delivery Network', 'EmbedPress', 'Facebook Login', 'Facebook Messenger Platform', 'Facebook Reseller', 'GoDaddy', 'Google', 'Google Cloud DNS', 'Google Font API', 'Google My Business', 'Instagram Follow Button', 'LearnDash', 'Microdata for Google Shopping', 'PHP', 'Primer', 'QUIC', 'Theme In WP', 'UTF-8', 'Wangsu', 'Woo Themes', 'WordPress', 'WordPress Multisite', 'YouTube', 'jQuery']"
shiningmindsacademy.com,Shining Minds Academy – Nurturing Leaders of Tomorrow with Islamic Values,,USA,65,4113,2026-07-07T01:05:19.974625588Z,"['Alternate Protocol', 'Apache', 'Contact Form Plugin', 'Elementor', 'EmbedPress', 'GZIP Module', 'Google', 'Google Cloud DNS', 'Google Font API', 'IcoMoon', 'Instagram Feed for WordPress', 'LearnDash', 'MailChimp for WordPress', 'PHP', 'Slider Revolution', 'TI WooCommerce Wishlist', 'The Events Calendar', 'Theme In WP', 'UTF-8', 'University or College', 'Woo Themes', 'WooCommerce', 'WooCommerce Checkout', 'WordPress', 'WordPress Multisite', 'jQuery']"
pscprotectsvault.com,PSC Training Solutions | Serving Tribal Communities with Integrity – A Licensed and Bonded Private Investigation Company,,,55,8604,2026-07-06T22:26:19.968986053Z,"['AWS WAF Challenge', 'Alternate Protocol', 'Amazon WAF Blocked', 'Complianz', 'Elementor', 'EmbedPress', 'Fireblade', 'FreeCSSTemplates', 'GZIP Module', 'Google Cloud DNS', 'Google Font API', 'Google My Business', 'Hello Elementor', 'LearnDash', 'NFOrce Internet', 'PHP', 'TablePress', 'The Events Calendar', 'Theme In WP', 'UTF-8', 'Uncanny Toolkit for LearnDash', 'WP Super Cache', 'Woo Themes', 'WooCommerce', 'WooCommerce Checkout', 'WordPress', 'WordPress Multisite', 'jQuery', 'reCAPTCHA']"
linkmagnet.ca,LinkMagnet – Attract • Manage • Grow,,USA,65,90507,2026-07-04T06:35:19.968594212Z,"['Alternate Protocol', 'Amazon', 'Apache', 'CentOS', 'Elementor', 'EmbedPress', 'Express', 'Federal Deposit Insurance Corporation', 'Financial Services Guide', 'Fireblade', 'Google Cloud DNS', 'Google Font API', 'Google My Business', 'Hello Elementor', 'KVH', 'LearnDash', 'NFOrce Internet', 'Network Advertising Initiative', 'No-Q', 'OpenSSL', 'PHP', 'Perl', 'PrivacyPolicies', 'QUIC', 'SMC', 'Table Addons for Elementor', 'Theme In WP', 'TranslatePress', 'UTF-8', 'Vimeo', 'Woo Themes', 'WooCommerce', 'WooCommerce Checkout', 'WooLentor', 'WordPress', 'WordPress Multisite', 'jQuery']"
downlearnable.com,Downlearnable – Just another WordPress site,,,55,699,2026-06-21T21:08:19.970856111Z,"['Alternate Protocol', 'Apache', 'Astra Theme', 'Elementor', 'EmbedPress', 'Essential Addons for Elementor', 'GZIP Module', 'H5P for WordPress', 'LearnDash', 'NFOrce Internet', 'PHP', 'Page scroll to id', 'SiteW', 'Theme In WP', 'Theme My Login', 'UTF-8', 'University or College', 'Woo Themes', 'WordPress', 'WordPress Multisite', 'WordPress Related Posts', 'jQuery']"
discprofile.co.nz,Personality Profiling for Game Changing Results » High Performance Profiling,High Performance Profiling,AUS,77,4562,2026-06-20T03:35:19.968993821Z,"['Advanced Woo Search', 'Alternate Protocol', 'Cloudflare', 'Content Delivery Network', 'Cookie Accept', 'Cookie Notice', 'Divi', 'Elegant Themes', 'EmbedPress', 'Express', 'Google', 'Google Analytics', 'Google Cloud CDN', 'Google Cloud DNS', 'Google Font API', 'Google Related Website Sites', 'Google Tag Manager', 'LearnDash', 'Microdata for Google Shopping', 'PHP', 'Thank You', 'Theme In WP', 'UTF-8', 'Uncanny Toolkit for LearnDash', 'Woo Themes', 'WooCommerce', 'WooCommerce Checkout', 'WooCommerce Pixel Manager by woopt', 'WordPress', 'WordPress Multisite', 'YouTube', 'jQuery']"
capsdental.com.au,Home - CAPS DENTAL,CAPS DENTAL,AUS,60,1355,2026-06-19T22:59:19.969923495Z,"['Alternate Protocol', 'Apture Linking Platform', 'BuddyBoss', 'CleanTalk Spam Protect', 'Content Delivery Network', 'Dynamic Visibility for Elementor', 'Elementor', 'EmbedPress', 'Facebook Conversion Tracking', 'Facebook Login', 'Facebook Messenger Platform', 'Facebook Pixel', 'Facebook Reseller', 'Facebook Tag API', 'Google Analytics', 'Google Cloud DNS', 'Google Font API', 'Google Tag Manager', 'IcoMoon', 'LearnDash', 'Microdata for Google Shopping', 'NFOrce Internet', 'Nginx', 'No-Q', 'PHP', 'QUIC', 'SiteW', 'Table Addons for Elementor', 'Theme In WP', 'UTF-8', 'Woo Themes', 'WooCommerce', 'WooCommerce Checkout', 'WooCommerce Stripe Payment Gateway', 'WordPress', 'WordPress Multisite', 'jQuery']"
pfrlty.com,Flanders Realty Group | Your Next Place Real Estate | Minnesota Real Estate,Your Next Place Real Estate | Minnesota Real Estate,,67,27645,2026-06-17T01:56:19.969477306Z,"['AWS WAF Challenge', 'Akismet', 'Alternate Protocol', 'Amazon WAF Blocked', 'Cloudflare', 'Content Delivery Network', 'Digital Ocean Spaces', 'Element Pack Lite', 'Elementor', 'EmbedPress', 'Essential Addons for Elementor', 'Font Awesome', 'Google Analytics', 'Google Cloud DNS', 'Google Font API', 'Google My Business', 'Gravity', 'Gravity Forms', 'Instagram Follow Button', 'Jupiter X Core', 'LearnDash', 'Microdata for Google Shopping', 'NFOrce Internet', 'Negate', 'PHP', 'Popup Maker for Wordpress', 'Premium Addons for Elementor', 'ProfilePress', 'QUIC', 'Schema Plugin', 'Sitelinks Search Box', 'Slider Revolution', 'SmartCrawl', 'Theme In WP', 'Twitter Ads', 'UTF-8', 'WP Engine', 'WPBakery', 'WordPress', 'WordPress Multisite', 'YouTube', 'jQuery']"
kgprehab.com,KG Prehab | Rehabilitation Made Simple and Effective,KG Prehab,IMN,77,16860,2026-06-15T03:11:19.970067863Z,"['AWS WAF Challenge', 'Adobe Creative Cloud WebFonts', 'Alternate Protocol', 'CookieYes', 'EmbedPress', 'Font Awesome', 'Google Analytics', 'Google Related Website Sites', 'Google Tag Manager', 'LearnDash', 'LiteSpeed', 'Microdata for Google Shopping', 'PHP', 'QUIC', 'Tailwind CSS', 'Theme In WP', 'UTF-8', 'WordPress', 'WordPress Multisite', 'jQuery']"
jacobsladderfamilyservices.org,Home - Jacobs Ladder Family Services,Jacobs Ladder Family Services,,72,34633,2026-06-13T17:20:19.96845949Z,"['AWS WAF Challenge', 'Alternate Protocol', 'Amazon WAF Blocked', 'Anti-spam for WordPress', 'CleanTalk Spam Protect', 'Cloudflare', 'Cloudflare CDN', 'Content Delivery Network', 'Elementor', 'EmbedPress', 'Essential Addons for Elementor', 'Fireblade', 'GZIP Module', 'Google', 'Google My Business', 'Hello Elementor', 'LearnDash', 'LiteSpeed', 'Microdata for Google Shopping', 'NFOrce Internet', 'PHP', 'QUIC', 'Table Addons for Elementor', 'To Top', 'UTF-8', 'WordPress', 'WordPress Multisite', 'YouTube', 'jQuery']"
atomicathlete.com,Atomic Athlete | Austin Fitness Gym for Strength & Performance,Atomic Athlete,USA,77,21959,2026-06-13T06:44:19.969975749Z,"['AWS WAF Challenge', 'Alpine.js', 'Alternate Protocol', 'Cloudflare', 'Content Delivery Network', 'DuracellTomi Google Tag Manager for WordPress', 'Elementor', 'EmbedPress', 'Essential Addons for Elementor', 'Express', 'GitHub Hosting', 'Google Analytics', 'Google Cloud DNS', 'Google Customer Reviews', 'Google Font API', 'Google My Business', 'Google Tag Manager', 'Instagram Follow Button', 'Klaviyo', 'Klaviyo for WordPress', 'LearnDash', 'Microdata for Google Shopping', 'NFOrce Internet', 'Neve', 'PHP', 'Pagekit', 'QUIC', 'Smush Image Optimization', 'Table Addons for Elementor', 'Theme In WP', 'To Top', 'UTF-8', 'Uncanny Toolkit for LearnDash', 'University or College', 'WP Engine', 'Woo Themes', 'WooCommerce', 'WooCommerce Checkout', 'WooCommerce Stripe Payment Gateway', 'WooLentor', 'WordPress', 'WordPress Multisite', 'Yelp Badge', 'YouTube', 'jQuery']"
generalmanagementacademy.com,GMInst General Management Academy® – Empowering Management Professionals,GMInst General Management Academy,ITA,77,10824,2026-06-12T00:26:19.970955372Z,"['Alternate Protocol', 'Aruba', 'Azion', 'Content Delivery Network', 'Elementor', 'EmbedPress', 'GZIP Module', 'Hello Elementor', 'Instagram Follow Button', 'LearnDash', 'Microdata for Google Shopping', 'NFOrce Internet', 'PHP', 'Prospective', 'Stripe', 'Theme In WP', 'UTF-8', 'University or College', 'W3 Total Cache', 'WPML Multilingual', 'Woo Themes', 'WooCommerce', 'WooCommerce Checkout', 'WooCommerce Stripe Payment Gateway', 'WordPress', 'WordPress Multisite', 'jQuery']"
closertofarmproject.eu,Closer to farm,,USA,50,1146,2026-06-11T12:53:19.968800829Z,"['Alternate Protocol', 'Content Delivery Network', 'Elementor', 'EmbedPress', 'Express', 'FreeCSSTemplates', 'Google', 'Google Analytics', 'Google Cloud DNS', 'Google Font API', 'Google Tag Manager', 'IcoMoon', 'LearnDash', 'Microdata for Google Shopping', 'NFOrce Internet', 'Nginx', 'PHP', 'Schema Plugin', 'TablePress', 'Theme In WP', 'UTF-8', 'Uncanny Toolkit for LearnDash', 'User Registration for Wordpress', 'WordPress', 'WordPress Multisite', 'jQuery']"
elevatemypractice.ca,"Grow Your Clinic & Profits, Elevate Your Healthcare Practice",Elevate Practice Intelligence,CAN,82,17514,2026-06-11T05:47:58.801925764Z,"['AWS WAF Challenge', 'Alternate Protocol', 'Cloudflare', 'Cloudflare CDN', 'Content Delivery Network', 'Elementor', 'EmbedPress', 'Google Analytics', 'Google Cloud DNS', 'Google Font API', 'Google My Business', 'Google Tag Manager', 'Instagram Follow Button', 'Jupiter X Core', 'LearnDash', 'Microdata for Google Shopping', 'Microsoft Clarity', 'NFOrce Internet', 'PHP', 'QUIC', 'Schema Plugin', 'Simple Banner for Wordpress', 'Stripe', 'Theme In WP', 'UTF-8', 'Uncanny Toolkit for LearnDash', 'University or College', 'Woo Themes', 'WordPress', 'WordPress Multisite', 'jQuery']"
mimshackbase.com,MIMSHACK BASE – Evergreen library of business templates and process documents.,,USA,70,22820,2026-06-11T04:45:59.969081479Z,"['Alternate Protocol', 'Click to Chat for WhatsApp', 'Content Delivery Network', 'DMCA Badge', 'ElementUI', 'Elementor', 'EmbedPress', 'Fireblade', 'Google Analytics', 'Google Analytics Dashboard for WordPress', 'Google Cloud DNS', 'Google Font API', 'Google My Business', 'Google Tag Manager', 'Instagram Follow Button', 'LearnDash', 'License Buttons', 'LiteSpeed', 'NFOrce Internet', 'PHP', 'QUIC', 'Site Kit', 'TI WooCommerce Wishlist', 'Table Addons for Elementor', 'Theme In WP', 'UTF-8', 'Vector Internet Services', 'Woo Themes', 'WooCommerce', 'WooCommerce Checkout', 'WooCommerce Payments', 'WooCommerce Stripe Payment Gateway', 'WooFramework', 'Woostify', 'WordPress', 'WordPress Multisite', 'jQuery']"
bamematernity.com,"BAME Birthing With Colour Online Academy – Improving maternity outcomes for BAME women, babies and their families through teaching, training and community building.",,,67,19024,2026-06-10T22:35:14.114761102Z,"['Alternate Protocol', 'Automattic', 'BatCache', 'Content Delivery Network', 'DC74', 'Elementor', 'EmbedPress', 'Fastly', 'GZIP Module', 'Google My Business', 'Gutenberg', 'Jetpack', 'Jetpack Site Accelerator', 'LearnDash', 'NFOrce Internet', 'Nginx', 'PHP', 'Perl', 'RM Education', 'Stripe', 'Table Addons for Elementor', 'UTF-8', 'Varia', 'Woo Themes', 'WooCommerce', 'WooCommerce Checkout', 'WooCommerce Payments', 'WordPress', 'WordPress Multisite', 'WordPress Stats', 'eLand', 'jQuery', 'reCAPTCHA']"
leadershipgenius.net,Leadership Genius,,,50,1002,2026-06-10T22:13:13.146774152Z,"['AWS WAF Challenge', 'Alternate Protocol', 'Content Delivery Network', 'EmbedPress', 'Fastly', 'Google Cloud DNS', 'Google Font API', 'LearnDash', 'LiteSpeed', 'Menu Icons by ThemeIsle', 'PHP', 'QUIC', 'Theme In WP', 'Twitter Ads', 'UTF-8', 'WP PageNavi', 'Woo Themes', 'WooCommerce', 'WooCommerce Checkout', 'WordPress', 'WordPress Multisite', 'YouTube', 'jQuery']"
1lifehealthcoaching.com,MyWellPortal,,,45,1780,2026-06-10T21:25:16.765663184Z,"['AJAX Libraries API', 'AWS WAF Challenge', 'Adobe Creative Cloud WebFonts', 'Alternate Protocol', 'App Store', 'CDN JS', 'Cloudflare', 'Cloudflare CDN', 'EmbedPress', 'Fastly', 'Font Awesome', 'GZIP Module', 'Google Cloud DNS', 'Google My Business', 'Google Play', 'Gravity Forms', 'LearnDash', 'Lightweight Grid Columns', 'NFOrce Internet', 'Newsletter for Wordpress', 'Ninja Forms', 'PHP', 'QUIC', 'Theme In WP', 'TranslatePress', 'UTF-8', 'Woo Themes', 'WooCommerce Checkout', 'WordPress', 'WordPress Multisite', 'jQuery', 'jsDelivr', 'reCAPTCHA']"
sacramentovoicelessons.com,Services: Dollars have never been so disruptive. Let me coach you,The SpeakEasy Cooperative®,,67,8284,2026-06-10T20:22:31.507725251Z,"['Alternate Protocol', 'Azion', 'Content Delivery Network', 'ConvertBox', 'Digital Ocean Spaces', 'Divi', 'Elegant Themes', 'EmbedPress', 'Font Awesome', 'Google', 'Google Analytics', 'Google Cloud DNS', 'Google Font API', 'Google Tag Manager', 'Instagram Follow Button', 'LearnDash', 'Matomo', 'Matomo Tag Manager', 'Microdata for Google Shopping', 'Nginx', 'PHP', 'Pagekit', 'Perl', 'QUIC', 'Sitelinks Search Box', 'SmartCrawl', 'Telegram', 'Termageddon', 'Theme In WP', 'Twitter Ads', 'UTF-8', 'Uncanny Toolkit for LearnDash', 'University or College', 'Usercentrics', 'WhatsApp Sharing', 'Woo Themes', 'WordPress', 'WordPress Multisite', 'jQuery']"
nativeamericanhistorycourse.com,Native American Culture Course - California Curriculum Center,California Curriculum Center,,72,46896,2026-06-10T19:52:07.525712843Z,"['Alternate Protocol', 'Amazon WAF Blocked', 'Apture Linking Platform', 'Beaver Builder Lite', 'Cloudflare', 'CoBlocks', 'Content Delivery Network', 'Contento', 'EmbedPress', 'FiboSearch', 'GitHub Hosting', 'GoDaddy', 'Google', 'Google Cloud DNS', 'Google Font API', 'Google My Business', 'Gravity', 'LearnDash', 'Max Mega Menu Pro', 'Microdata for Google Shopping', 'PHP', 'Pagekit', 'QUIC', 'Schema Plugin', 'SiteW', 'UTF-8', 'Vimeo', 'WP Rocket', 'Wangsu', 'Website Tonight', 'Woo Themes', 'WooCommerce', 'WooCommerce Checkout', 'WordPress', 'WordPress Multisite', 'Yandex Hosting', 'YouTube', 'jQuery']"
nanonextmindsolutions.com,NextMind Solutions – Empowering Growth Through AI Enabeled Learning Management Systems,,USA,65,18947,2026-06-10T18:51:33.586698344Z,"['AWS WAF Challenge', 'Alternate Protocol', 'Cloudflare', 'Contact Form Plugin', 'Content Delivery Network', 'Elementor', 'EmbedPress', 'Genesis Blocks', 'Google Analytics', 'Google Cloud DNS', 'Google Font API', 'Google My Business', 'Google Tag Manager', 'LearnDash', 'MonsterInsights', 'NFOrce Internet', 'PHP', 'QUIC', 'Theme In WP', 'Twitter Ads', 'UTF-8', 'WP Engine', 'WordPress', 'WordPress Multisite', 'jQuery']"
naturalhealthandnutrition.com.au,Natural Health & Nutrition – A clinical Naturopathic service offering professional advice and support for both people and dogs,,,55,7879,2026-06-10T18:16:55.414496966Z,"['Alternate Protocol', 'Apache', 'Contact Form Plugin', 'EmbedPress', 'Express', 'Fireblade', 'GZIP Module', 'Google Cloud DNS', 'Google Font API', 'Jetpack', 'LearnDash', 'MailChimp', 'PHP', 'Theme In WP', 'UTF-8', 'WPBakery', 'Woo Themes', 'WooCommerce', 'WooCommerce Checkout', 'WooCommerce Stripe Payment Gateway', 'WordPress', 'WordPress Multisite', 'WordPress Related Posts', 'jQuery']"
additive-manufacturing-defence.com,Additive Manufacturing for Defense - AM Defense,AM Academy,,67,39500,2026-06-10T15:24:25.204394671Z,"['AWS WAF Challenge', 'Alternate Protocol', 'Amazon WAF Blocked', 'Apache', 'Apture Linking Platform', 'Astra Theme', 'Borlabs Cookie', 'Elementor', 'EmbedPress', 'Essential Addons for Elementor', 'GZIP Module', 'Google', 'Google Analytics', 'Google Cloud DNS', 'Google Font API', 'Google Tag Manager', 'H5P for WordPress', 'HubSpot WordPress Plugin', 'Hubspot', 'Instagram Follow Button', 'LearnDash', 'Microdata for Google Shopping', 'NFOrce Internet', 'PHP', 'QUIC', 'Sitelinks Search Box', 'Theme In WP', 'UTF-8', 'Uncanny Toolkit for LearnDash', 'WP Rocket', 'Woo Themes', 'WordPress', 'WordPress Multisite', 'WordPress Related Posts', 'jQuery']"
beyondautism.org.uk,Home - BeyondAutism,,GBR,82,20745,2026-06-10T15:13:07.522431127Z,"['AJAX Libraries API', 'AWS WAF Challenge', 'Alternate Protocol', 'CDN JS', 'Cloudflare', 'Cloudflare CDN', 'Content Delivery Network', 'DuracellTomi Google Tag Manager for WordPress', 'ETranslate', 'EmbedPress', 'Facebook Login', 'Facebook Reseller', 'Font Awesome', 'Fonts.com', 'GTranslate', 'Gambling Content', 'Google Analytics', 'Google Cloud DNS', 'Google Maps', 'Google My Business', 'Google Related Website Sites', 'Google Tag Manager', 'Hotjar', 'Instagram Follow Button', 'LearnDash', 'Microdata for Google Shopping', 'PHP', 'QUIC', 'Tailwind CSS', 'Termly', 'Thank You', 'Theme In WP', 'UTF-8', 'Woo Themes', 'WooCommerce', 'WooCommerce Checkout', 'WordPress', 'WordPress Multisite', 'YouTube', 'jQuery', 'jsDelivr']"
aeastheticspalaceonline.co.uk,Aesthetics Professionals,,,55,1083,2026-06-10T13:14:19.973973882Z,"['Alternate Protocol', 'Apache', 'BuddyBoss', 'Content Delivery Network', 'Elementor', 'Embed Any Document', 'EmbedPress', 'GZIP Module', 'IcoMoon', 'Instagram Follow Button', 'LearnDash', 'NFOrce Internet', 'PHP', 'QUIC', 'SiteW', 'Theme In WP', 'UTF-8', 'Woo Themes', 'WooCommerce', 'WooCommerce Checkout', 'WordPress', 'WordPress Multisite', 'jQuery']"
moneymindfulcoaching.com,MoneyMindful Coaching | Personal Finance Coaching for Individuals and Couples,,USA,70,4345,2026-06-10T12:53:31.332426495Z,"['Alternate Protocol', 'Content Delivery Network', 'DAV', 'Divi', 'Elegant Themes', 'EmbedPress', 'Google', 'Google Cloud CDN', 'Google Cloud DNS', 'Google Font API', 'Google My Business', 'LearnDash', 'Nginx', 'PHP', 'Theme In WP', 'UTF-8', 'Woo Themes', 'WordPress', 'WordPress Multisite', 'YouTube', 'jQuery', 'reCAPTCHA']"
pdhclass.net,Professional Development Hours & Continuing Education,PDHClass,USA,82,22863,2026-06-10T12:18:21.066205741Z,"['Alternate Protocol', 'Cloudflare', 'Contact Form Plugin', 'Content Delivery Network', 'Elementor', 'EmbedPress', 'GoDaddy', 'Google', 'Google Analytics', 'Google Cloud CDN', 'Google Cloud DNS', 'Google Font API', 'Google My Business', 'Google Related Website Sites', 'Google Tag Manager', 'Header, Footer and Blocks for Elementor', 'LearnDash', 'MailChimp', 'Material Design Icons', 'Microdata for Google Shopping', 'NFOrce Internet', 'PHP', 'QUIC', 'Slider Revolution', 'Table Addons for Elementor', 'The Events Calendar', 'Theme In WP', 'Twitter Ads', 'UTF-8', 'WPForms', 'Wangsu', 'Woo Themes', 'WooCommerce', 'WooCommerce Checkout', 'WooCommerce Stripe Payment Gateway', 'WordPress', 'WordPress Multisite', 'YouTube', 'jQuery', 'reCAPTCHA']"
churchofdivineman.org,Spiritual Learning Center | Everett | Church of Divine Man,,USA,72,17762,2026-06-10T08:59:59.845440059Z,"['501c3 Status Nonprofit', 'Alternate Protocol', 'Apache', 'BLR', 'Constant Contact Wordpress Forms', 'DuracellTomi Google Tag Manager for WordPress', 'EmbedPress', 'Facebook Login', 'Facebook Messenger Platform', 'Facebook Pixel', 'Facebook Reseller', 'Facebook Tag API', 'GZIP Module', 'Google', 'Google Analytics', 'Google Cloud DNS', 'Google Font API', 'Google My Business', 'Google Related Website Sites', 'Google Tag Manager', 'Gravity', 'Instagram Follow Button', 'LearnDash', 'Modern Events Calendar Lite', 'PHP', 'Perl', 'Qgiv', 'Theme In WP', 'ThemeFusion', 'Tumblr', 'Twitter Ads', 'UTF-8', 'WP Rocket', 'WP jQuery Lightbox', 'WP-Members', 'Woo Themes', 'WooCommerce', 'WooCommerce Checkout', 'WordPress', 'WordPress Multisite', 'YouTube', 'accessiBe', 'jQuery', 'reCAPTCHA']"
karankataria.in,Best French Tutor in India I Karan Kataria,Best French Tutor in India,IND,77,17882,2026-06-10T08:45:40.295033963Z,"['AWS WAF Challenge', 'Alternate Protocol', 'Apture Linking Platform', 'Content Delivery Network', 'Elementor', 'EmbedPress', 'Express', 'Google Cloud DNS', 'Google Font API', 'Instagram Follow Button', 'LearnDash', 'LiteSpeed', 'Microdata for Google Shopping', 'NFOrce Internet', 'OceanWP', 'PHP', 'QUIC', 'Table Addons for Elementor', 'Tailwind CSS', 'Theme In WP', 'Tutor LMS', 'UTF-8', 'WP Mobile Menu', 'Woo Themes', 'WooCommerce', 'WooCommerce Checkout', 'WordPress', 'WordPress Multisite', 'YouTube', 'eLand', 'jQuery']"
itinstruktor.com,ITInstruktor,,,50,521,2026-06-10T08:38:13.735395078Z,"['Alternate Protocol', 'Beaver Builder Lite', 'Contact Form Plugin', 'DAV', 'EmbedPress', 'Google Cloud DNS', 'Google Font API', 'LearnDash', 'Newsletter for Wordpress', 'Nginx', 'OceanWP', 'PHP', 'Tailwind CSS', 'Theme In WP', 'UTF-8', 'WP Mobile Menu', 'WPForms', 'Woo Themes', 'WordPress', 'WordPress Multisite', 'WordPress Related Posts', 'jQuery']"
dnavcourse.com,[Signup] – DNA-V for Young People Evergreen – Praxis Continuing Education and Training,,,60,4253,2026-06-10T05:54:31.964724503Z,"['AWS WAF Challenge', 'Alternate Protocol', 'Astra Theme', 'Beaver Builder Lite', 'Cloudflare', 'Cloudflare CDN', 'Cloudflare Web Analytics', 'Content Delivery Network', 'DAV', 'DuracellTomi Google Tag Manager for WordPress', 'EmbedPress', 'Express', 'Financial Services Guide', 'Friendly Captcha', 'Google', 'Google Analytics', 'Google Cloud DNS', 'Google Font API', 'Google Tag Manager', 'LearnDash', 'Monster', 'NFOrce Internet', 'OptinMonster', 'PHP', 'Stripe', 'Theme In WP', 'UTF-8', 'University or College', 'Vimeo', 'WordPress', 'WordPress Download Manager', 'WordPress Multisite', 'WordPress Related Posts', 'YouTube', 'jQuery']"
roladvisor.com,ROL Advisor -- Mitch Anthony and Steve Sanduski,ROL Advisor - Life Centered Planning and Return on Life,USA,77,25861,2026-06-10T03:32:56.420533176Z,"['Adobe Creative Cloud WebFonts', 'Alternate Protocol', 'Automattic', 'BatCache', 'Contact Form Plugin', 'Content Delivery Network', 'ConvertKit for Wordpress', 'EmbedPress', 'Fastly', 'Fireblade', 'Font Awesome', 'FormSubmit', 'Google', 'Google Analytics', 'Google Cloud CDN', 'Google Cloud DNS', 'Google Font API', 'Google My Business', 'Google Related Website Sites', 'Google Tag Manager', 'Gravity', 'Jetpack', 'Kinsta', 'LearnDash', 'Microdata for Google Shopping', 'MonsterInsights', 'Nginx', 'PHP', 'QUIC', 'Slider Revolution', 'Theme In WP', 'ThemeFusion', 'Twitter Ads', 'UTF-8', 'Uncanny Toolkit for LearnDash', 'University or College', 'Vimeo', 'WP jQuery Lightbox', 'WordPress', 'WordPress Multisite', 'WordPress Stats', 'jQuery', 'reCAPTCHA']"
compassionategeek.com,IT Customer Service Training | Compassionate Geek,Compassionate Geek IT Training Center,USA,82,150638,2026-06-10T03:13:57.249993784Z,"['AWS WAF Challenge', 'Accordion Blocks', 'Alternate Protocol', 'Astra Theme', 'Automattic', 'CartFlows', 'DAV', 'EmbedPress', 'GZIP Module', 'GenerateBlocks', 'Google', 'Google Analytics', 'Google Cloud DNS', 'Google Font API', 'Google Related Website Sites', 'Google Tag Manager', 'H5P for WordPress', 'Instagram Follow Button', 'Jetpack', 'Jetpack Site Accelerator', 'LearnDash', 'Microdata for Google Shopping', 'Nginx', 'PHP', 'QUIC', 'RM Education', 'Salesforce Experience Cloud', 'Smart Slider 3', 'Theme In WP', 'TranslatePress', 'Twitter Ads', 'UTF-8', 'Ultimate Addons for Gutenberg', 'Uncanny Toolkit for LearnDash', 'WP Super Cache', 'Woo Themes', 'WooCommerce', 'WooCommerce Checkout', 'WooCommerce Pixel Manager by woopt', 'WooCommerce Stripe Payment Gateway', 'WordPress', 'WordPress Multisite', 'WordPress Related Posts', 'WordPress Stats', 'Yandex Hosting', 'YouTube', 'eLand', 'jQuery']"
lettersandwordsservices.com,- Letters & Words,,NGA,77,17616,2026-06-10T01:05:13.290248906Z,"['AWS WAF Challenge', 'Alternate Protocol', 'Astra Theme', 'Elementor', 'ElementsKit Elementor', 'EmbedPress', 'Instagram Follow Button', 'LearnDash', 'Microdata for Google Shopping', 'NFOrce Internet', 'PHP', 'QUIC', 'Schema Plugin', 'Sitelinks Search Box', 'Theme In WP', 'University or College', 'WP Portfolio Astra', 'WhatsApp Sharing', 'Woo Themes', 'WordPress', 'WordPress Multisite', 'WordPress Related Posts', 'jQuery']"
wildfare.co.uk,Wildfare Nutrition Eli Sarre gut health and fertility nutrition,Wildfare Nutrition,,72,31289,2026-06-10T00:19:22.659741716Z,"['AWS WAF Challenge', 'Alternate Protocol', 'Cloudflare', 'Content Delivery Network', 'EmbedPress', 'GoDaddy', 'Google Analytics', 'Google Tag Manager', 'LearnDash', 'MailChimp', 'Microdata for Google Shopping', 'PHP', 'Perl', 'Theme In WP', 'Theme My Login', 'ThemeFusion', 'UTF-8', 'WP jQuery Lightbox', 'Wangsu', 'Woo Themes', 'WooCommerce', 'WooCommerce Checkout', 'WooCommerce Stripe Payment Gateway', 'WordPress', 'WordPress Multisite', 'jQuery']"
gerigr.org,Grow Engage Read Imagine – Books that promote healthy communities,,USA,70,2674,2026-06-09T23:29:19.969834662Z,"['Alternate Protocol', 'Apache', 'Elementor', 'EmbedPress', 'Font Awesome', 'GTranslate', 'GZIP Module', 'Google My Business', 'Hello Elementor', 'LearnDash', 'NFOrce Internet', 'PHP', 'Plausible Analytics', 'UTF-8', 'WordPress', 'WordPress Multisite', 'jQuery']"
helloitfactory.ro,Hello IT Factory,,,55,1065,2026-06-09T22:49:46.228262521Z,"['Alternate Protocol', 'Aruba', 'BuddyBoss', 'Dynamic Visibility for Elementor', 'Elementor', 'ElementsKit Elementor', 'EmbedPress', 'GZIP Module', 'Google', 'Google Cloud CDN', 'Google Cloud DNS', 'Google Font API', 'IcoMoon', 'Instagram Follow Button', 'LearnDash', 'LiteSpeed', 'Metform Elemento', 'Microdata for Google Shopping', 'PHP', 'Paid Memberships Pro', 'Python', 'QUIC', 'Schema Plugin', 'SiteW', 'Theme In WP', 'UTF-8', 'WP Rocket', 'Woo Themes', 'WooCommerce', 'WooCommerce Checkout', 'WordPress', 'WordPress Multisite', 'YouTube', 'eLand', 'jQuery']"
nevadacareconnection.org,Nevada Care Connection | Adult & Caregiver Support Services,Nevada Care Connection,,67,7475,2026-06-09T21:10:05.035953297Z,"['Alternate Protocol', 'Elementor', 'EmbedPress', 'Google Analytics', 'Google My Business', 'Google Tag Manager', 'LearnDash', 'Microdata for Google Shopping', 'Microsoft 365', 'NFOrce Internet', 'Nginx', 'PHP', 'Parallels Plesk Panel', 'Simple Banner for Wordpress', 'Theme In WP', 'UTF-8', 'Uncanny Toolkit for LearnDash', 'University or College', 'WordPress', 'WordPress Multisite', 'jQuery', 'reCAPTCHA']"
wvwelcome.com,WV Hospitality & Travel Association Education Foundation – Education Center,,,55,678,2026-06-09T20:25:10.430556066Z,"['Alternate Protocol', 'Content Delivery Network', 'EmbedPress', 'Google Analytics', 'Google My Business', 'Google Tag Manager', 'Gravity', 'Gravity Forms', 'LearnDash', 'No-Q', 'PHP', 'QUIC', 'Sucuri Cloudproxy', 'Theme In WP', 'ThemeFusion', 'Twitter Ads', 'UTF-8', 'University or College', 'WP jQuery Lightbox', 'Woo Themes', 'WooCommerce', 'WooCommerce Checkout', 'WordPress', 'WordPress Multisite', 'jQuery', 'reCAPTCHA']"
gingerprogram.org,Home - GINGER,GINGER,USA,77,3846,2026-06-09T18:35:19.969750761Z,"['Alternate Protocol', 'ArvanCloud', 'Cloudflare', 'Cloudflare CDN', 'Content Delivery Network', 'EmbedPress', 'Google', 'Google Cloud DNS', 'Google Font API', 'Instagram Follow Button', 'Jetpack', 'LearnDash', 'Microdata for Google Shopping', 'PHP', 'Theme In WP', 'Twitter Ads', 'UTF-8', 'University or College', 'WordPress', 'WordPress Multisite', 'WordPress Stats', 'bbPress', 'jQuery', 'jsDelivr']"
americanpatriotmedical.com,American Patriot Medical – Brilliantly serving those who have served,,,70,53039,2026-06-09T18:17:00.325271615Z,"['Alternate Protocol', 'Astra Theme', 'Automattic', 'Elementor', 'EmbedPress', 'Google Analytics', 'Google Forms', 'Google My Business', 'Google Tag Manager', 'Gravity', 'Gravity Forms', 'HappyAddons', 'Jetpack', 'Jetpack Site Accelerator', 'LearnDash', 'NFOrce Internet', 'Nginx', 'PHP', 'QUIC', 'SMC', 'To Top', 'UTF-8', 'Woo Themes', 'WordPress', 'WordPress Multisite', 'WordPress Related Posts', 'jQuery']"
econologics.com,Econologics | Financial Advisor for Practice Owners,Econologics Financial Advisors,USA,77,54246,2026-06-09T18:02:23.302036133Z,"['AWS WAF Challenge', 'Alternate Protocol', 'Cloudflare', 'Content Delivery Network', 'Elementor', 'EmbedPress', 'Facebook Conversion Tracking', 'Facebook Login', 'Facebook Messenger Platform', 'Facebook Pixel', 'Facebook Reseller', 'Facebook Tag API', 'Fireblade', 'Google Analytics', 'Google My Business', 'Google Related Website Sites', 'Google Tag Manager', 'Hello Elementor', 'HubSpot Conversations', 'HubSpot WordPress Plugin', 'Hubspot', 'Instagram Follow Button', 'LearnDash', 'LinkedIn Insights', 'LinkedIn Pixel', 'Microdata for Google Shopping', 'NFOrce Internet', 'PHP', 'Perl', 'Thank You', 'Theme In WP', 'Twitter Ads', 'UTF-8', 'Uncanny Toolkit for LearnDash', 'Vimeo', 'WP Engine', 'WordPress', 'WordPress Multisite', 'YouTube', 'jQuery', 'jsDelivr']"
oliveridleyproject.org,Olive Ridley Project,Olive Ridley Project,,67,5288,2026-06-09T13:26:19.968935261Z,"['Alternate Protocol', 'Cloudflare', 'Cloudflare CDN', 'Content Delivery Network', 'CookieYes', 'Corporate Governance and Regulatory Compliance', 'EmbedPress', 'Financial Services Guide', 'Font Awesome', 'GenerateBlocks', 'GeneratePress Company', 'Google', 'Google Analytics', 'Google Cloud DNS', 'Google Font API', 'Google My Business', 'Google Related Website Sites', 'Google Tag Manager', 'Instagram Follow Button', 'LearnDash', 'Microdata for Google Shopping', 'Microsoft Clarity', 'PHP', 'Theme In WP', 'Twitter Ads', 'UTF-8', 'Woo Themes', 'WooCommerce', 'WooCommerce Checkout', 'WooCommerce Stripe Payment Gateway', 'WordPress', 'WordPress Multisite', 'YouTube', 'jQuery', 'reCAPTCHA']"
dentalasp.com,Dental Antibiotic Stewardship Program | DentalASP,,,55,380,2026-06-09T12:52:49.211401566Z,"['Alternate Protocol', 'Apache', 'Divi', 'Elegant Themes', 'EmbedPress', 'Google Analytics', 'Google Cloud DNS', 'Google Font API', 'Google Tag Manager', 'LearnDash', 'PHP', 'Perl', 'Theme In WP', 'UTF-8', 'University or College', 'Woo Themes', 'WordPress', 'WordPress Multisite', 'eLand', 'jQuery']"
blinkmobility.com,"Blink Mobility : Los Angeles, CA Electric Car Sharing Service",Blink Mobility,USA,82,24659,2026-06-09T10:13:29.2811039Z,"['AWS WAF Challenge', 'Alternate Protocol', 'App Store', 'Bablic', 'Cloudflare', 'Cloudflare CDN', 'Content Delivery Network', 'EmbedPress', 'Envoy', 'FormSubmit', 'Google', 'Google Analytics', 'Google Cloud DNS', 'Google Font API', 'Google My Business', 'Google Play', 'Google Related Website Sites', 'Google Tag Manager', 'Instagram Follow Button', 'LearnDash', 'Material Design Icons', 'Microdata for Google Shopping', 'Microsoft Azure', 'PHP', 'Schema Plugin', 'Sitelinks Search Box', 'Tailwind CSS', 'Theme In WP', 'Twitter Ads', 'UTF-8', 'WP Engine', 'WPForms', 'WordPress', 'WordPress Multisite', 'YouTube', 'jQuery', 'reCAPTCHA']"
mergermd.com,Mergers & Acquisitions – kueselconsulting.com,,,55,710,2026-06-09T09:53:19.969223616Z,"['AWS WAF Challenge', 'Alternate Protocol', 'Astra Theme', 'Cloudflare', 'Cloudflare CDN', 'Content Delivery Network', 'EmbedPress', 'Font Awesome', 'Google', 'Google Cloud DNS', 'Google Font API', 'Google My Business', 'LearnDash', 'LiteSpeed', 'PHP', 'QUIC', 'Tailwind CSS', 'Theme In WP', 'UTF-8', 'Uncanny Toolkit for LearnDash', 'W3 Total Cache', 'Woo Themes', 'WordPress', 'WordPress Multisite', 'WordPress Related Posts', 'jQuery']"
webaccessibilityexplained.ca,Web accessibility - AODA resources & the web accessibility Act,,,67,647,2026-06-09T08:56:15.762868525Z,"['Alternate Protocol', 'Content Delivery Network', 'EmbedPress', 'Google Analytics', 'Google Tag Manager', 'LearnDash', 'LiteSpeed', 'Microdata for Google Shopping', 'PHP', 'QUIC', 'Theme In WP', 'UTF-8', 'Uncanny Toolkit for LearnDash', 'WordPress', 'WordPress Multisite', 'jQuery']"
ukftacademy.org,UKFT Academy,UKFT Academy,,67,21713,2026-06-09T07:43:03.80943616Z,"['AWS WAF Challenge', 'Alternate Protocol', 'Cloudflare', 'Contact Form Plugin', 'Content Delivery Network', 'Elementor', 'EmbedPress', 'Essential Addons for Elementor', 'Facebook Conversion Tracking', 'Facebook Login', 'Facebook Messenger Platform', 'Facebook Pixel', 'Facebook Reseller', 'Facebook Tag API', 'Genesis Blocks', 'Google', 'Google Analytics', 'Google Cloud CDN', 'Google Cloud DNS', 'Google Font API', 'Google My Business', 'Google Tag Manager', 'Jetpack', 'LearnDash', 'Microdata for Google Shopping', 'PHP', 'Theme In WP', 'UTF-8', 'Uncanny Toolkit for LearnDash', 'Vimeo', 'WP Engine', 'Woo Themes', 'WooCommerce', 'WooCommerce Checkout', 'WooCommerce Payments', 'WordPress', 'WordPress Multisite', 'WordPress Stats', 'jQuery', 'reCAPTCHA']"
starralbion.org,Trauma Informed Care Training - Starr Commonwealth,Starr Commonwealth,GBR,77,66241,2026-06-09T05:14:19.968404845Z,"['AWS WAF Challenge', 'Add to Any', 'Alternate Protocol', 'Amazon', 'Amazon S3 CDN', 'Classy', 'Cloudflare', 'Cloudflare CDN', 'Content Delivery Network', 'Cookie Accept', 'Cookie Notice', 'EmbedPress', 'Facebook Conversion Tracking', 'Facebook Login', 'Facebook Messenger Platform', 'Facebook Pixel', 'Facebook Reseller', 'Facebook Tag API', 'Google', 'Google Analytics', 'Google Cloud DNS', 'Google Font API', 'Google My Business', 'Google Related Website Sites', 'Google Tag Manager', 'HubSpot Conversations', 'HubSpot WordPress Plugin', 'Hubspot', 'Instagram Feed for WordPress', 'Instagram Follow Button', 'LinkedIn Insights', 'LinkedIn Pixel', 'MailChimp', 'Max Mega Menu', 'Max Mega Menu Pro', 'Microdata for Google Shopping', 'MyFonts', 'PHP', 'Qualtrics Site Intercept', 'Schema Plugin', 'SiteOrigin', 'SiteOrigin Panels', 'Storyblocks', 'Theme In WP', 'Twitter Ads', 'UTF-8', 'Uncanny Toolkit for LearnDash', 'University or College', 'Vantage', 'WP Engine', 'WP Event Manager', 'WP Mobile Menu', 'WP Slick Slider and Image Carousel', 'WP Statistics', 'Widget Options', 'Woo Themes', 'WooCommerce', 'WooCommerce Checkout', 'WooCommerce Pixel Manager by woopt', 'WordPress', 'WordPress Download Manager', 'WordPress Multisite', 'YouTube', 'jQuery', 'reCAPTCHA']"
brainbasedforehand.com,The Brain Based Forehand | Learn the winningest forehand in history!,,USA,65,94885,2026-06-09T02:18:17.694800249Z,"['AWS WAF Challenge', 'Alternate Protocol', 'Cart.com', 'Content Delivery Network', 'ContentBox', 'EmbedPress', 'Google Analytics', 'Google Cloud DNS', 'Google Font API', 'Infusionsoft', 'LearnDash', 'LiteSpeed', 'PHP', 'QUIC', 'Subversion', 'Theme In WP', 'Thrive Themes', 'UTF-8', 'WordPress', 'WordPress Multisite', 'jQuery', 'reCAPTCHA']"
acousticcamera.de,NL Acoustics is now part of Flir - NL Acoustics,NL Acoustics,FIN,65,6270,2026-06-08T23:29:19.985543926Z,"['Adobe Creative Cloud WebFonts', 'Alternate Protocol', 'Apture Linking Platform', 'Content Delivery Network', 'Cybot', 'DoubleClick Bid Manager', 'Elementor', 'EmbedPress', 'Font Awesome', 'GZIP Module', 'Google Analytics', 'Google Cloud DNS', 'Google Font API', 'Google Related Website Sites', 'Google Tag Manager', 'Hello Elementor', 'Help.com', 'Lazy Load for WordPress', 'LearnDash', 'Microdata for Google Shopping', 'NFOrce Internet', 'Nginx', 'PHP', 'StackPath', 'Theme In WP', 'UTF-8', 'WP Rocket', 'WordPress', 'WordPress Multisite', 'jQuery']"
agramsportshub.com,Agram sports hub,,HRV,65,1732,2026-06-08T19:14:39.527780087Z,"['Alternate Protocol', 'Contact Form Plugin', 'Content Delivery Network', 'Elementor', 'EmbedPress', 'Engintron', 'GZIP Module', 'Google Cloud DNS', 'Google Font API', 'Google No Site Links Search', 'IcoMoon', 'Instagram Feed for WordPress', 'Instagram Follow Button', 'LearnDash', 'Microdata for Google Shopping', 'Nginx', 'PHP', 'Theme In WP', 'UTF-8', 'WPForms', 'Woo Themes', 'WooCommerce', 'WooCommerce Checkout', 'WooCommerce Stripe Payment Gateway', 'WordPress', 'WordPress Multisite', 'jQuery']"
cprsociety.org,CPR Society® | Las Vegas CPR Certification Classes,,USA,70,10714,2026-06-08T18:42:24.786954499Z,"['Alternate Protocol', 'Content Delivery Network', 'Divi', 'Elegant Themes', 'EmbedPress', 'GZIP Module', 'Google Adsense', 'Google Cloud DNS', 'Google Font API', 'Google Funding Choices', 'Google Matched Content', 'Google My Business', 'Google Reseller', 'Instagram Follow Button', 'JotForm', 'LearnDash', 'PHP', 'QUIC', 'RM Education', 'Sucuri Cloudproxy', 'Theme In WP', 'TrustIndex', 'UTF-8', 'Vimeo', 'WP-Members', 'Woo Themes', 'WordPress', 'WordPress Multisite', 'YouCanBookMe', 'jQuery']"
clickregion.org.au,Click Region – Building digital confidence,,SYC,65,2749,2026-06-08T17:38:57.145356866Z,"['Alternate Protocol', 'Astra Theme', 'Elementor', 'EmbedPress', 'Font Awesome', 'Google Cloud DNS', 'Google Font API', 'Header, Footer and Blocks for Elementor', 'Instagram Follow Button', 'LearnDash', 'MemberPress', 'NFOrce Internet', 'Nginx', 'PHP', 'QUIC', 'Theme In WP', 'UTF-8', 'WP Fastest Cache', 'Woo Themes', 'WordPress', 'WordPress Multisite', 'WordPress Related Posts']"
cep.org.nz,Home - Carbon and Energy Professionals,Carbon and Energy Professionals,NZL,87,4648,2026-06-08T16:31:50.192589104Z,"['Alternate Protocol', 'Apture Linking Platform', 'BuddyBoss', 'Cloudflare', 'Cloudflare CDN', 'Content Delivery Network', 'DuracellTomi Google Tag Manager for WordPress', 'Elegant Themes', 'EmbedPress', 'Event Tickets for Wordpress', 'Font Awesome', 'GZIP Module', 'Google', 'Google Analytics', 'Google Tag Manager', 'IcoMoon', 'Instagram Follow Button', 'LearnDash', 'Microdata for Google Shopping', 'PHP', 'QUIC', 'SiteW', 'The Events Calendar', 'Theme In WP', 'Twitter Ads', 'UTF-8', 'Unix', 'WP Job Manager', 'Woo Themes', 'WooCommerce', 'WooCommerce Checkout', 'WordPress', 'WordPress Multisite', 'WordPress Related Posts', 'YouTube', 'arsys.es', 'eLand', 'jQuery']"
illuminateyourhealth.com,Illuminate - Illuminate Your Health,Illuminate,USA,82,2263,2026-06-08T06:02:17.756045428Z,"['Alternate Protocol', 'Astra Theme', 'Beaver Builder Lite', 'CartFlows', 'Collapse-O-Matic', 'Content Delivery Network', 'DAV', 'Embed Any Document', 'EmbedPress', 'Google Analytics', 'Google Cloud DNS', 'Google Customer Reviews', 'Google Font API', 'Google My Business', 'Google Tag Manager', 'Instagram Feed for WordPress', 'Instagram Follow Button', 'LearnDash', 'LiteSpeed', 'MailChimp for WordPress', 'Microdata for Google Shopping', 'Ninja Forms', 'Ntent', 'PHP', 'Page scroll to id', 'QUIC', 'Site Kit', 'Sitelinks Search Box', 'The SEO Framework', 'Theme In WP', 'TrustIndex', 'UTF-8', 'Woo Themes', 'WooCommerce', 'WooCommerce Checkout', 'WordPress', 'WordPress Multisite', 'WordPress Related Posts', 'YouTube', 'jQuery']"
walkerstone.com,Business Writing Courses and Coaching Online | Walkerstone,,GBR,82,10507,2026-06-08T04:30:37.98024542Z,"['AJAX Libraries API', 'Alternate Protocol', 'Cloudflare', 'Cloudflare CDN', 'Content Delivery Network', 'DAV', 'DoubleClick Bid Manager', 'DuracellTomi Google Tag Manager for WordPress', 'EmbedPress', 'Engage', 'Fastly', 'Google Analytics', 'Google Cloud DNS', 'Google Cloud Storage', 'Google Flights Conversion Tracking', 'Google Font API', 'Google My Business', 'Google Related Website Sites', 'Google Tag Manager', 'Kinsta', 'LearnDash', 'Microdata for Google Shopping', 'NFOrce Internet', 'PHP', 'SnapEngage', 'Theme In WP', 'Twenty Sixteen', 'UTF-8', 'Uncanny Toolkit for LearnDash', 'WordPress', 'WordPress Multisite', 'jQuery', 'reCAPTCHA']"
1v1academy.com,How To Become A Professional Soccer Player - 1v1 Academy,,USA,82,18240,2026-06-08T02:53:44.866928412Z,"['AWS WAF Challenge', 'Alternate Protocol', 'Astra Theme', 'Content Delivery Network', 'Elementor', 'EmbedPress', 'GTranslate', 'Google Adsense', 'Google Analytics', 'Google Forms', 'Google Funding Choices', 'Google Maps', 'Google Matched Content', 'Google My Business', 'Google Related Website Sites', 'Google Reseller', 'Google Tag Manager', 'LearnDash', 'LiteSpeed', 'Microdata for Google Shopping', 'NFOrce Internet', 'PHP', 'QUIC', 'Site Kit', 'Sitelinks Search Box', 'Theme In WP', 'Theme My Login', 'UTF-8', 'Woo Themes', 'WooCommerce', 'WooCommerce Checkout', 'WordPress', 'WordPress Multisite', 'WordPress Related Posts', 'jQuery']"
sensory-u.com,The Sensory Coach,,,50,700,2026-06-08T00:29:08.203424178Z,"['AWS WAF Challenge', 'Accordion Blocks', 'Alternate Protocol', 'Content Delivery Network', 'EmbedPress', 'Event Tickets for Wordpress', 'Google Cloud DNS', 'Google Font API', 'Gutenberg Blocks by Kadence Blocks', 'Instagram Follow Button', 'Kadence WP', 'LearnDash', 'LiteSpeed', 'PHP', 'Pagekit', 'QUIC', 'Theme In WP', 'UTF-8', 'Uncanny Toolkit for LearnDash', 'University or College', 'WordPress', 'WordPress Multisite', 'YouTube', 'bbPress', 'jQuery']"
directus-ni.co.uk,Home New - Directus,Directus,GBR,80,18853,2026-06-07T22:52:36.78314765Z,"['Alternate Protocol', 'Amazon', 'Amazon S3 CDN', 'Astra Theme', 'Content Delivery Network', 'CookieYes', 'Directus', 'Elementor', 'EmbedPress', 'Fireblade', 'GZIP Module', 'Google Cloud DNS', 'Google Font API', 'Instagram Follow Button', 'LearnDash', 'Microdata for Google Shopping', 'Nginx', 'Perl', 'Storyblocks', 'Twitter Ads', 'UTF-8', 'Woo Themes', 'WooCommerce Checkout', 'WordPress', 'WordPress Related Posts', 'eLand']"
eqmw.com,"Equestrian Management Workshops, LLC – Equestrian safety training since 1995",,,65,18688,2026-06-07T20:47:33.953815731Z,"['AWS WAF Challenge', 'Alternate Protocol', 'Automattic', 'Cloudflare', 'Cloudflare CDN', 'Content Delivery Network', 'EmbedPress', 'GoDaddy', 'Google', 'Google Cloud DNS', 'Google Font API', 'Google My Business', 'LearnDash', 'PHP', 'Theme In WP', 'UTF-8', 'WordPress', 'WordPress Multisite', 'jQuery']"
logosforensics.org,Logos Forensic Association – Equipping Leaders for Christ,,USA,75,32778,2026-06-07T18:57:38.235700482Z,"['AWS WAF Challenge', 'Alternate Protocol', 'BetterDocs', 'Cloudflare', 'Cloudflare CDN', 'Content Delivery Network', 'Elementor', 'EmbedPress', 'Essential Addons for Elementor', 'Essential Blocks for Gutenberg', 'Fireblade', 'FreeCSSTemplates', 'Google Analytics', 'Google Tag Manager', 'Hello Elementor', 'LearnDash', 'NFOrce Internet', 'PHP', 'SiteW', 'Thank You', 'Theme In WP', 'To Top', 'UTF-8', 'University or College', 'Vimeo', 'WordPress', 'WordPress Multisite', 'jQuery']"
wyospecialdistricts.com,Wyoming Association of Special Districts – Representing Wyoming's Special Districts,,,60,746,2026-06-07T17:54:02.820034567Z,"['AWS WAF Challenge', 'Alternate Protocol', 'Apache', 'Automattic', 'Cloudflare', 'Cloudflare CDN', 'EmbedPress', 'Everest Forms', 'GZIP Module', 'Google', 'Google Analytics', 'Google My Business', 'Google Tag Manager', 'Jetpack', 'LearnDash', 'MonsterInsights', 'PHP', 'Placehold IT', 'Spacious', 'Theme In WP', 'UTF-8', 'Uncanny Toolkit for LearnDash', 'Woo Themes', 'WordPress', 'WordPress Multisite', 'WordPress Stats', 'jQuery']"
nextlevelkidmin.com,nextlevelkidmin.com - Taking Apostolic Children's Ministry to the Next Level,,USA,82,2162,2026-06-07T12:50:35.697855775Z,"['Alternate Protocol', 'Apache', 'DAV', 'Elementor', 'EmbedPress', 'GZIP Module', 'Google Analytics', 'Google Cloud DNS', 'Google Font API', 'Google My Business', 'HT Mega', 'Instagram Feed for WordPress', 'Instagram Follow Button', 'LearnDash', 'Magazine Pro', 'Microdata for Google Shopping', 'PHP', 'QUIC', 'Simple Social Icons', 'StudioPress', 'Theme In WP', 'Twitter Ads', 'UTF-8', 'WP Super Cache', 'WordPress', 'WordPress Multisite', 'YouTube', 'bbPress', 'jQuery']"
theacademyofadjusters.org,Home - The Academy of Adjusters,The Academy of Adjusters,,72,9521,2026-06-07T10:59:25.786833493Z,"['Alternate Protocol', 'Amazon WAF Blocked', 'Apache', 'Aruba', 'Astra Theme', 'Automattic', 'Complianz', 'Creative Mail by Constant Contact', 'Elementor', 'EmbedPress', 'Endurance Page Cache', 'Fastly', 'GZIP Module', 'GitHub Hosting', 'Google', 'Google Cloud DNS', 'Google Font API', 'Header, Footer and Blocks for Elementor', 'Jetpack', 'LearnDash', 'Line2', 'Microdata for Google Shopping', 'NFOrce Internet', 'PHP', 'Paid Memberships Pro', 'Presto Player', 'Python', 'QUIC', 'Sitelinks Search Box', 'Theme In WP', 'Uncanny Toolkit for LearnDash', 'User Registration for Wordpress', 'Woo Themes', 'WooCommerce', 'WooCommerce Checkout', 'WooCommerce Stripe Payment Gateway', 'WordPress', 'WordPress Multisite', 'WordPress Related Posts', 'eLand', 'jQuery']"
apollo-u.com,Tracy Carvalho Site – Your SUPER-powered WP Engine Site,,,60,900,2026-06-07T09:03:11.06792082Z,"['Alternate Protocol', 'Cloudflare', 'Content Delivery Network', 'Element Pack Lite', 'Elementor', 'EmbedPress', 'Essential Addons for Elementor', 'Essential Blocks for Gutenberg', 'FreeCSSTemplates', 'Genesis Blocks', 'Google', 'Google Cloud CDN', 'Google Cloud DNS', 'Google Font API', 'Header, Footer and Blocks for Elementor', 'LearnDash', 'Nginx', 'PHP', 'Paid Memberships Pro', 'Qi Addons For Elementor', 'Simple Membership', 'Theme In WP', 'UTF-8', 'WP Engine', 'WPForms', 'WordPress', 'WordPress Multisite', 'jQuery']"
24hourinvesting.cz,24Hour Investing – Remove the Mystery and Fear from Investing,,USA,70,7305,2026-06-07T00:39:58.210963516Z,"['Alternate Protocol', 'AutoComplete', 'Contact Form Plugin', 'Content Delivery Network', 'EmbedPress', 'Facebook Login', 'Facebook Messenger Platform', 'Facebook Pixel', 'Facebook Reseller', 'Font Awesome', 'Frontend Reset Password', 'GZIP Module', 'Genesis Blocks', 'Google', 'Google Analytics', 'Google Cloud DNS', 'Google Font API', 'Google My Business', 'Google Related Website Sites', 'Google Tag Manager', 'Gtranslate for Wordpress', 'LearnDash', 'Nginx', 'PHP', 'Perl', 'Rate my Post', 'Theme In WP', 'UTF-8', 'Vimeo', 'WP Engine', 'WP Responsive Menu', 'WPBakery', 'Woo Themes', 'WooCommerce', 'WooCommerce Checkout', 'WooCommerce Payments', 'WordPress', 'WordPress Multisite', 'eLand', 'jQuery', 'reCAPTCHA']"
altamedspec.com,Alta Medical Specialties – Advancing Effective Clinical Solutions,,,67,39088,2026-06-06T23:25:09.918360115Z,"['AWS WAF Challenge', 'Alternate Protocol', 'Cloudflare', 'Cloudflare CDN', 'Content Delivery Network', 'EWWW Image Optimizer', 'EmbedPress', 'Font Awesome', 'GoDaddy', 'Google', 'Google Analytics', 'Google Cloud CDN', 'Google Cloud DNS', 'Google Font API', 'Google My Business', 'Google Tag Manager', 'Instagram Follow Button', 'Kitco', 'LearnDash', 'LinkedIn Insights', 'LinkedIn Pixel', 'PHP', 'Site Kit', 'Slider Revolution', 'The7', 'Theme In WP', 'Twitter Ads', 'Twitter Analytics', 'UTF-8', 'Visual Composer Ultimate Addons', 'WPBakery', 'WPForms', 'Wangsu', 'WordPress', 'WordPress Multisite', 'jQuery']"
sharonsheppard.com,HOME | Couple and Individual Therapy | Hope Encounter Therapy,Hope Encounter Therapy,FRA,87,57233,2026-06-06T22:42:35.004953142Z,"['Alternate Protocol', 'Apache', 'Constant Contact', 'Constant Contact Wordpress Forms', 'Divi', 'Elegant Themes', 'EmbedPress', 'Event Tickets for Wordpress', 'Facebook Login', 'Facebook Messenger Platform', 'Facebook Reseller', 'GZIP Module', 'Google', 'Google Analytics', 'Google Cloud CDN', 'Google Cloud DNS', 'Google Font API', 'Google My Business', 'Google Related Website Sites', 'Google Tag Manager', 'Instagram Follow Button', 'LearnDash', 'Mentaya', 'Microdata for Google Shopping', 'Monarch Social Sharing Plugin For WordPress', 'MonsterInsights', 'PHP', 'Pagekit', 'Paid Memberships Pro', 'SMC', 'Simple Banner for Wordpress', 'Theme In WP', 'UTF-8', 'Ultimate Social Media', 'Uncanny Toolkit for LearnDash', 'Woo Themes', 'WooCommerce', 'WooCommerce Checkout', 'WordPress', 'WordPress Multisite', 'jQuery', 'reCAPTCHA']"
formationsantene.ca,"Formation Santé – Nova Scotia – Naviguer à travers les différentes carrières en santé et pour améliorer vos connaissances en tant qu’étudiant-e, professionnel-le de la santé et personnes aidant-e-s.",,,45,301,2026-06-06T21:43:30.242641587Z,"['Accordion Blocks', 'Alternate Protocol', 'Apache', 'Contact Form Plugin', 'EmbedPress', 'Font Awesome', 'Google Cloud DNS', 'Google Font API', 'Koko Analytics', 'LearnDash', 'PHP', 'Polylang', 'Theme In WP', 'Twitter Ads', 'UTF-8', 'WP Bootstrap Starter', 'WPFront Scroll Top', 'WordPress', 'WordPress Multisite', 'YouTube', 'jQuery']"
thepsbta.org,Public Safety Broadband Technology Association,Public Safety Broadband Technology Association Public Safety Broadband Technology Association,USA,82,33470,2026-06-06T18:19:35.313585677Z,"['AWS WAF Challenge', 'Alternate Protocol', 'Amazon WAF Blocked', 'Apture Linking Platform', 'BuddyBoss', 'Cloudflare', 'Cloudflare CDN', 'Content Delivery Network', 'Corporate Governance and Regulatory Compliance', 'Elegant Themes', 'EmbedPress', 'Event Tickets for Wordpress', 'Facebook Conversion Tracking', 'Facebook Login', 'Facebook Messenger Platform', 'Facebook Pixel', 'Facebook Reseller', 'Facebook Tag API', 'Fireblade', 'GZIP Module', 'Gambling Content', 'Google Analytics', 'Google Cloud DNS', 'Google Font API', 'Google My Business', 'Google Tag Manager', 'IcoMoon', 'LearnDash', 'Microdata for Google Shopping', 'NFOrce Internet', 'PHP', 'QUIC', 'SiteW', 'The Events Calendar', 'Theme In WP', 'Twitter Ads', 'UTF-8', 'Vimeo', 'Woo Themes', 'WooCommerce', 'WooCommerce Checkout', 'WooCommerce Stripe Payment Gateway', 'WordPress', 'WordPress Multisite', 'YouTube', 'eLand', 'jQuery']"
simplysuccessful.gr,simplysuccessful.gr,,CHE,65,2679,2026-06-06T18:01:21.444020218Z,"['Alternate Protocol', 'Apache', 'Calendly', 'Cookie Accept', 'Cookie Notice', 'Elementor', 'EmbedPress', 'Essential Addons for Elementor', 'Hello Elementor', 'LearnDash', 'MemberPress', 'NFOrce Internet', 'PHP', 'Theme In WP', 'UTF-8', 'WordPress', 'WordPress Multisite', 'jQuery']"
brandingschool.ng,Home - BrandingSchool.NG,,,72,28782,2026-06-06T17:35:36.56963316Z,"['Alternate Protocol', 'BuddyBoss', 'Elementor', 'EmbedPress', 'Facebook Login', 'Facebook Messenger Platform', 'Facebook Pixel', 'Facebook Reseller', 'Fireblade', 'Google', 'Google Analytics', 'Google Cloud DNS', 'Google Font API', 'Google My Business', 'Google Related Website Sites', 'Google Tag Manager', 'Instagram Follow Button', 'Kitco', 'LearnDash', 'LiteSpeed', 'Microdata for Google Shopping', 'NFOrce Internet', 'OneSignal', 'PHP', 'Site Kit', 'SiteW', 'Sitelinks Search Box', 'Table Addons for Elementor', 'Theme In WP', 'Twitter Ads', 'UTF-8', 'Vue.js', 'WP Fastest Cache', 'Woo Themes', 'WooCommerce', 'WooCommerce Checkout', 'WordPress', 'WordPress Multisite', 'reCAPTCHA']"
turnwoodbowl.com,Home - Turn A Wood Bowl,Turn A Wood Bowl,,67,9376,2026-06-06T15:34:27.460290205Z,"['Alternate Protocol', 'Amazon Associates Affiliate Shop', 'Amazon WAF Blocked', 'Apture Linking Platform', 'Automattic', 'BigScoots', 'Cloudflare', 'Cloudflare CDN', 'Cloudflare Web Analytics', 'Content Delivery Network', 'ConvertKit', 'ConvertKit for Wordpress', 'DoubleClick Bid Manager', 'Elementor', 'EmbedPress', 'Essential Addons for Elementor', 'Etsy', 'Fastly', 'Google', 'Google Analytics', 'Google Cloud CDN', 'Google Cloud DNS', 'Google Font API', 'Google Tag Manager', 'Hello Elementor', 'Instagram Follow Button', 'Jetpack', 'Lazy Load for WordPress', 'LearnDash', 'Mediavine Publisher', 'Microdata for Google Shopping', 'NFOrce Internet', 'PHP', 'QUIC', 'Slider Revolution', 'Theme In WP', 'UTF-8', 'University or College', 'Vine Embed', 'WP Rocket', 'Woo Themes', 'WooCommerce', 'WooCommerce Checkout', 'WooCommerce Payments', 'WordPress', 'WordPress Multisite', 'WordPress Stats', 'YouTube', 'jQuery']"
pdic-intl.com,Scuba Educators International – See the Difference,,,55,1563,2026-06-06T14:23:58.865161951Z,"['AWS WAF Challenge', 'Alternate Protocol', 'Astra Theme', 'CDN JS', 'CartFlows', 'Cloudflare', 'Cloudflare CDN', 'Content Delivery Network', 'Elementor', 'EmbedPress', 'GTranslate', 'Genesis Blocks', 'Google Analytics', 'Google Tag Manager', 'LearnDash', 'NFOrce Internet', 'PHP', 'QUIC', 'Theme In WP', 'UTF-8', 'WP Engine', 'Woo Themes', 'WooCommerce', 'WooCommerce Checkout', 'WooCommerce Pixel Manager by woopt', 'WooCommerce Stripe Payment Gateway', 'WordPress', 'WordPress Multisite', 'WordPress Related Posts', 'jQuery']"
signaltom.com,SignalTom投資迷你大學 – 行為技術分析 Price Action,,CHN,60,1062,2026-06-06T12:31:33.848121317Z,"['AWS WAF Challenge', 'Alternate Protocol', 'Bulma', 'Cloudflare', 'Cloudflare CDN', 'CoBlocks', 'Contact Form Plugin', 'Content Delivery Network', 'Elementor', 'EmbedPress', 'GoDaddy', 'Google', 'Google Analytics', 'Google Cloud DNS', 'Google Font API', 'Google My Business', 'Google Tag Manager', 'H5P for WordPress', 'Header, Footer and Blocks for Elementor', 'LearnDash', 'NFOrce Internet', 'Newsletter for Wordpress', 'PHP', 'QUIC', 'Theme In WP', 'UTF-8', 'Woo Themes', 'WooCommerce', 'WooCommerce Checkout', 'WordPress', 'WordPress Multisite', 'YouTube', 'jQuery']"
mystery-solvers.nl,Murder Mystery Dinner at home - Complete game | Mystery Solvers,Mystery Solvers,GBR,92,105538,2026-06-06T01:06:36.729994169Z,"['Alternate Protocol', 'Amazon WAF Blocked', 'Anti-spam for WordPress', 'CCSI', 'Cisco/Arrowpoint Content Service Switch', 'CleanTalk Spam Protect', 'Content Delivery Network', 'CookieYes', 'DAV', 'Divi', 'Elegant Themes', 'EmbedPress', 'Fastly', 'Fireblade', 'Google Analytics', 'Google My Business', 'Google Related Website Sites', 'Google Tag Manager', 'K2F', 'KVH', 'Kitco', 'LearnDash', 'Line2', 'LiteSpeed', 'Microdata for Google Shopping', 'No-Q', 'Onyx Internet', 'Perl', 'QUIC', 'QUIC.cloud', 'Subversion', 'Theme My Login', 'TranslatePress', 'UTF-8', 'Vercel', 'Woo Themes', 'WooCommerce', 'WooCommerce Checkout', 'WordPress', 'WordPress Multisite', 'eLand']"
minimumstandardssupport.com.au,Home - Online Literacy & Numeracy Assessment NSW,,,75,23638,2026-06-05T11:42:23.727621934Z,"['Alternate Protocol', 'Automattic', 'BatCache', 'Content Delivery Network', 'Divi', 'Elegant Themes', 'EmbedPress', 'Facebook Conversion Tracking', 'Facebook Login', 'Facebook Messenger Platform', 'Facebook Pixel', 'Facebook Reseller', 'Facebook Tag API', 'Fastly', 'Fireblade', 'Google', 'Google Analytics', 'Google Cloud CDN', 'Google Cloud DNS', 'Google Font API', 'Google My Business', 'Google Tag Manager', 'Jetpack', 'Jetpack Site Accelerator', 'Kinsta', 'LearnDash', 'MonsterInsights', 'Nginx', 'PHP', 'Paid Memberships Pro', 'Theme In WP', 'UTF-8', 'UptimeRobot', 'Woo Themes', 'WooCommerce Checkout', 'WordPress', 'WordPress Multisite', 'WordPress Stats', 'jQuery']"
nitutoringschool.com,Home - NI Tutoring School,NI Tutoring School,,40,1207,2026-06-05T11:30:18.854725472Z,"['AWS WAF Challenge', 'Alternate Protocol', 'Astra Theme', 'Automattic', 'Cloudflare', 'Cloudflare CDN', 'Coming Soon Page', 'Content Delivery Network', 'Elementor', 'ElementsKit Elementor', 'EmbedPress', 'Google', 'Google My Business', 'Gutenberg', 'Instagram Follow Button', 'Jetpack', 'Jetpack Site Accelerator', 'LearnDash', 'MailChimp for WordPress', 'Microdata for Google Shopping', 'NFOrce Internet', 'Nginx', 'PHP', 'Presto Player', 'Theme In WP', 'UTF-8', 'Uncanny Toolkit for LearnDash', 'Woo Themes', 'WordPress', 'WordPress Multisite', 'WordPress Related Posts', 'WordPress Stats', 'jQuery', 'jsDelivr']"
spireinsight.com,Spire Insight,,,65,33453,2026-06-05T10:24:36.374200124Z,"['Alternate Protocol', 'Astra Theme', 'Content Delivery Network', 'Elementor', 'ElementsKit Elementor', 'EmbedPress', 'Endis', 'Fireblade', 'Google', 'Google Cloud CDN', 'Google Cloud DNS', 'Google Font API', 'Klarna', 'LearnDash', 'LiteSpeed', 'Metform Elemento', 'PHP', 'QUIC', 'Table Addons for Elementor', 'Theme In WP', 'Theme My Login', 'UTF-8', 'Woo Themes', 'WooCommerce', 'WooCommerce Checkout', 'WordPress', 'WordPress Multisite', 'WordPress Related Posts', 'YouTube', 'jQuery']"
akovet.pro,AkoVet – Helping people understand animals and each other,AkoVet,,67,5016,2026-06-05T09:59:50.782957611Z,"['Alternate Protocol', 'Amazon WAF Blocked', 'Apture Linking Platform', 'Complianz', 'Content Delivery Network', 'Elementor', 'EmbedPress', 'Fastly', 'FreeCSSTemplates', 'GZIP Module', 'Google Analytics', 'Google Tag Manager', 'H5P for WordPress', 'Header, Footer and Blocks for Elementor', 'Hello Elementor', 'LearnDash', 'MemberPress', 'Microdata for Google Shopping', 'NFOrce Internet', 'Nginx', 'PHP', 'QUIC', 'TablePress', 'Thank You', 'Theme In WP', 'UTF-8', 'WordPress', 'WordPress Multisite', 'YouTube', 'jQuery']"
changlearningcenter.com,Chang Learning – 718-256-4699 | 1661-1663 Bath Ave Brooklyn NY 11214,,,60,701,2026-06-05T09:43:41.888532349Z,"['Alternate Protocol', 'Content Delivery Network', 'Countdown Timer Ultimate', 'Elementor', 'EmbedPress', 'GZIP Module', 'Google', 'Google Cloud DNS', 'Google Font API', 'Google Maps', 'Google My Business', 'Lazy Load for WordPress', 'LearnDash', 'Nginx', 'PHP', 'Smart Coupons for WooCommerce', 'Table Addons for Elementor', 'The Events Calendar', 'Theme In WP', 'UTF-8', 'Uncanny Toolkit for LearnDash', 'University or College', 'WP Rocket', 'WPForms', 'Woo Themes', 'WooCommerce', 'WooCommerce Checkout', 'WordPress', 'WordPress Multisite', 'jQuery']"
frontlinebudfoundation.org,Frontline Bud Foundation,,,62,20925,2026-06-05T07:21:19.136408902Z,"['AWS WAF Challenge', 'Alternate Protocol', 'Automattic', 'BatCache', 'Content Delivery Network', 'EmbedPress', 'Fastly', 'Gutenberg', 'Jetpack', 'Jetpack Site Accelerator', 'LearnDash', 'Nginx', 'Oracle Cloud', 'PHP', 'Perl', 'UTF-8', 'Woo Themes', 'WooCommerce', 'WooCommerce Checkout', 'WordPress', 'WordPress Multisite', 'WordPress Stats', 'jQuery']"
ethicsmasterclass.com,Ethics Master Class | Top Ethics & Leadership Speaker Corey Ciocchetti,,AUS,82,5383,2026-06-05T06:20:17.923285156Z,"['Alternate Protocol', 'Constant Contact Wordpress Forms', 'Divi', 'Elegant Themes', 'EmbedPress', 'GZIP Module', 'Google', 'Google Analytics', 'Google Cloud CDN', 'Google Cloud DNS', 'Google Font API', 'Google My Business', 'Google Tag Manager', 'Instagram Follow Button', 'LearnDash', 'MemberPress', 'Microdata for Google Shopping', 'Monarch Social Sharing Plugin For WordPress', 'Nginx', 'PHP', 'Perl', 'Theme In WP', 'Twitter Ads', 'UTF-8', 'University or College', 'WP Rocket', 'Woo Themes', 'WordPress', 'WordPress Multisite', 'jQuery', 'reCAPTCHA']"
badminton.org.nz,Badminton New Zealand - Inspiring Kiwis to Love Badminton for Life,,NZL,65,3410,2026-06-05T05:05:54.408410483Z,"['Alternate Protocol', 'CleanTalk Spam Protect', 'Cloudflare', 'Cloudflare CDN', 'EmbedPress', 'Fastly', 'GiveWP', 'Google Cloud DNS', 'Google Font API', 'Instagram Follow Button', 'LearnDash', 'Oxygen', 'Oxygen Builder', 'PHP', 'QUIC', 'Subversion', 'The Events Calendar', 'UTF-8', 'WP Fastest Cache', 'WordPress', 'WordPress Multisite', 'YouTube']"
steeluniversity.cn,steeluniversity - Learning for the steel industry,steeluniversity,CHN,92,27813,2026-06-05T02:36:49.055077484Z,"['AWS WAF Challenge', 'Ajax Search Pro for Wordpress', 'Alternate Protocol', 'Amazon', 'Amazon CloudFront', 'Amazon Route 53', 'Amazon WAF Blocked', 'Brevo', 'BuddyBoss', 'CloudFront', 'Cloudflare', 'Cloudflare CDN', 'Cloudflare Turnstile', 'Complianz', 'Content Delivery Network', 'Content ad', 'EmbedPress', 'Font Awesome', 'GZIP Module', 'Google', 'Google Analytics', 'Google Cloud CDN', 'Google Cloud DNS', 'Google Font API', 'Google Tag Manager', 'Gravity', 'Gravity Forms', 'IcoMoon', 'LearnDash', 'Microdata for Google Shopping', 'Microsoft Teams', 'PHP', 'Pico CSS', 'QUIC', 'SendinBlue Subscribe Form And WP SMTP', 'SiteW', 'Slider Revolution', 'Theme In WP', 'Twitter Ads', 'UTF-8', 'Uncanny Toolkit for LearnDash', 'University or College', 'WPBakery', 'WPML Multilingual', 'WonderPush', 'Woo Themes', 'WooCommerce', 'WooCommerce Checkout', 'WooCommerce Stripe Payment Gateway', 'WordPress', 'WordPress Multisite', 'YouTube', 'Zoom', 'Zoom Video Conferencing', 'jQuery', 'qTranslate', 'reCAPTCHA']"
securitytrainingontario.ca,Security Training Ontario,,USA,65,2442,2026-06-05T01:31:21.331766125Z,"['Alternate Protocol', 'Content Delivery Network', 'Elementor', 'EmbedPress', 'Hello Elementor', 'LearnDash', 'LiteSpeed', 'NFOrce Internet', 'PHP', 'Presto Player', 'QUIC', 'Theme In WP', 'UTF-8', 'Woo Themes', 'WooCommerce', 'WooCommerce Checkout', 'WooCommerce Payments', 'WordPress', 'WordPress Multisite', 'jQuery']"
keys2empower.org,"Keys 2 Empower & Grow – Unlock Your Potential, Ignite Your Success",,USA,70,19720,2026-06-05T00:50:26.280916496Z,"['AWS WAF Challenge', 'Alternate Protocol', 'Astra Theme', 'BatCache', 'Contact Form Plugin', 'Content Delivery Network', 'Elementor', 'EmbedPress', 'Express', 'Fastly', 'Instagram Follow Button', 'LearnDash', 'NFOrce Internet', 'Neighborhoods', 'Nginx', 'PHP', 'Theme In WP', 'UTF-8', 'Woo Themes', 'WordPress', 'WordPress Multisite', 'WordPress Related Posts', 'jQuery']"
sam.org,Home - Sigma Alpha Mu,,USA,70,8497,2026-06-05T00:21:33.413885463Z,"['Alternate Protocol', 'Apache', 'CDN JS', 'Cloudflare', 'Cloudflare CDN', 'EmbedPress', 'Font Awesome', 'GZIP Module', 'Google Analytics', 'Instagram Follow Button', 'LearnDash', 'Microdata for Google Shopping', 'PHP', 'Perl', 'Prospective', 'Theme In WP', 'Twitter Ads', 'UTF-8', 'University or College', 'Wistia', 'WordPress', 'WordPress Multisite', 'jQuery']"
intqts.com,The QTP Trading Class - QTP Int,,,65,16783,2026-06-04T23:27:27.286364162Z,"['Alternate Protocol', 'Apture Linking Platform', 'Aruba', 'Astra Theme', 'CDN JS', 'CartFlows', 'Cisco/Arrowpoint Content Service Switch', 'Clicky', 'Cloudflare', 'Cloudflare CDN', 'Content Delivery Network', 'DAV', 'Download Monitor', 'Elementor', 'EmbedPress', 'Express', 'Facebook Conversion Tracking', 'Facebook Login', 'Facebook Messenger Platform', 'Facebook Pixel', 'Facebook Reseller', 'Facebook Tag API', 'Fastly', 'Google', 'Google Cloud CDN', 'Google Cloud DNS', 'Google Font API', 'Klarna', 'LearnDash', 'Line2', 'Microdata for Google Shopping', 'Outbrain Direct', 'PHP', 'Perl', 'QUIC', 'Stripe', 'Theme In WP', 'UTF-8', 'Vector Internet Services', 'Vercel', 'Woo Themes', 'WooCommerce', 'WooCommerce Checkout', 'WordPress', 'WordPress Multisite', 'WordPress Related Posts', 'eLand', 'jQuery']"
aaenics.com,Aaenics – Circuiting the future,,,50,1271,2026-06-04T22:45:48.741356062Z,"['Alternate Protocol', 'Amazon WAF Blocked', 'Automattic', 'BuddyBoss', 'Elementor', 'Elementor Custom Skin', 'EmbedPress', 'Google', 'Google Cloud DNS', 'Google Font API', 'Google Related Website Sites', 'IcoMoon', 'Instagram Follow Button', 'Jetpack', 'LearnDash', 'LiteSpeed', 'NFOrce Internet', 'PHP', 'QUIC', 'SiteW', 'Table Addons for Elementor', 'Theme In WP', 'Twitter Ads', 'UTF-8', 'WP-Members', 'WordPress', 'WordPress Multisite', 'WordPress Stats', 'YouTube', 'jQuery']"
ourmo.co,My account - OurMO,OurMO,,35,1082,2026-06-04T17:44:16.933448833Z,"['AWS WAF Challenge', 'Adobe Creative Cloud WebFonts', 'Alternate Protocol', 'Apache', 'Apture Linking Platform', 'CDN JS', 'Cloudflare', 'Cloudflare CDN', 'Elementor', 'EmbedPress', 'Express', 'GZIP Module', 'Google', 'Google Cloud DNS', 'Google Font API', 'Google My Business', 'Hello Elementor', 'LearnDash', 'Microdata for Google Shopping', 'NFOrce Internet', 'PHP', 'Perl', 'Theme In WP', 'UTF-8', 'Ubuntu', 'Woo Themes', 'WooCommerce', 'WooCommerce Checkout', 'WordPress', 'WordPress Multisite', 'jQuery']"
bosoninstitute.in,"Coaching institute for CSIR-NET, GATE, JEST, TIFR and IIT-JAM in Physics.",S. N. Bose Physics Learning Center,IND,77,3882,2026-06-04T14:08:14.819781545Z,"['Alternate Protocol', 'Automattic', 'CDN JS', 'Cloudflare', 'Cloudflare CDN', 'CoBlocks', 'Content Delivery Network', 'Elementor', 'EmbedPress', 'FreeCSSTemplates', 'GoDaddy', 'Google Analytics', 'Google Tag Manager', 'Gravity Forms', 'Instagram Follow Button', 'Jetpack', 'Jetpack Site Accelerator', 'LearnDash', 'Microdata for Google Shopping', 'NFOrce Internet', 'Nginx', 'PHP', 'Perl', 'TablePress', 'Telegram', 'Theme In WP', 'UTF-8', 'University or College', 'WPForms', 'WhatsApp Sharing', 'Woo Themes', 'WooCommerce', 'WooCommerce Checkout', 'WordPress', 'WordPress Multisite', 'WordPress Stats', 'YouTube', 'jQuery']"
mooreemsconsulting.com,Home - WMK Law Group,WMK Law Group,USA,65,4249,2026-06-04T10:17:19.970332653Z,"['Alternate Protocol', 'Apture Linking Platform', 'Constant Contact Wordpress Forms', 'Contact Form Plugin', 'Content Delivery Network', 'ConvertKit for Wordpress', 'DAV', 'EmbedPress', 'Genesis Blocks', 'GitHub Hosting', 'Google Cloud DNS', 'Google Font API', 'Google My Business', 'Gravity', 'Gravity Forms', 'Instagram Follow Button', 'LearnDash', 'Microdata for Google Shopping', 'Nginx', 'PHP', 'Page scroll to id', 'Perl', 'QUIC', 'StudioPress', 'Theme In WP', 'UTF-8', 'Uncanny Toolkit for LearnDash', 'Woo Themes', 'WooCommerce', 'WooCommerce Checkout', 'WooCommerce Stripe Payment Gateway', 'WordPress', 'WordPress Multisite', 'jQuery', 'reCAPTCHA']"
finalmilecertified.com,Final Mile Certified – Non CDL Courses,,,60,702,2026-06-04T07:59:51.592638324Z,"['Alternate Protocol', 'Astra Theme', 'Content Delivery Network', 'Elementor', 'EmbedPress', 'Google Cloud DNS', 'Google Font API', 'Header, Footer and Blocks for Elementor', 'Jetpack', 'LearnDash', 'LiteSpeed', 'NFOrce Internet', 'PHP', 'Table Addons for Elementor', 'Theme In WP', 'UTF-8', 'Woo Themes', 'WordPress', 'WordPress Multisite', 'WordPress Related Posts', 'WordPress Stats', 'jQuery']"
qsca.coach,Quantum Success Coaching Academy | by Christy Whitman,,USA,60,1463,2026-06-04T05:24:07.626759277Z,"['Alternate Protocol', 'Content Delivery Network', 'Divi', 'Elegant Themes', 'EmbedPress', 'Google', 'Google Cloud CDN', 'Google Cloud DNS', 'Google Font API', 'LearnDash', 'Memberium', 'Nginx', 'PHP', 'Popup Anything', 'Theme In WP', 'UTF-8', 'WP Engine', 'Woo Themes', 'WordPress', 'WordPress Multisite', 'jQuery']"
wellnessnsoul.com,Wellness N Soul Home | Wellness N Soul,Wellness N Soul,,72,8016,2026-06-03T21:31:22.354066354Z,"['Akismet', 'Alternate Protocol', 'Amazon WAF Blocked', 'Automattic', 'BatCache', 'Content Delivery Network', 'EmbedPress', 'Event Tickets for Wordpress', 'Fastly', 'Google Analytics', 'Google My Business', 'Google Tag Manager', 'Gravity', 'Gravity Forms', 'IcoMoon', 'Jetpack', 'LearnDash', 'Matomo', 'Matomo Tag Manager', 'Microdata for Google Shopping', 'Nginx', 'PHP', 'Perl', 'Sitelinks Search Box', 'SmartCrawl', 'Square', 'The Events Calendar', 'ThemeFusion', 'UTF-8', 'Woo Themes', 'WooCommerce', 'WooCommerce Checkout', 'WordPress', 'WordPress Multisite', 'WordPress Stats', 'YouTube', 'jQuery', 'reCAPTCHA']"
cdlidaho.com,CDL Idaho - Intercheck Driving Service,CDL Idaho - Intercheck Driving Service,,72,2824,2026-06-03T19:18:05.461452804Z,"['Alternate Protocol', 'Apache', 'Apture Linking Platform', 'Automattic', 'EmbedPress', 'Express', 'Formidable Pro Form', 'Google Analytics', 'Google My Business', 'Google Tag Manager', 'Jetpack', 'LearnDash', 'Microdata for Google Shopping', 'NFOrce Internet', 'Nirvana', 'PHP', 'PayPal', 'Theme In WP', 'UTF-8', 'Woo Themes', 'WooCommerce', 'WooCommerce Checkout', 'WordPress', 'WordPress Multisite', 'WordPress Stats', 'YouTube', 'jQuery']"
angelbeautypoint.com,Angel Beauty Point – A Unique Beauty Point,,IND,65,3266,2026-06-03T14:35:19.008236713Z,"['Alternate Protocol', 'Amazon', 'Content Delivery Network', 'Elementor', 'EmbedPress', 'Google Maps', 'Google My Business', 'Kadence WP', 'LearnDash', 'LiteSpeed', 'PHP', 'QUIC', 'Theme In WP', 'UTF-8', 'WordPress', 'WordPress Multisite', 'jQuery']"
solopreneursacademy.com,The Solopreneurs Academy - Online Business Community,,,72,16588,2026-06-03T10:48:39.899222096Z,"['Alternate Protocol', 'Apache', 'EmbedPress', 'Facebook Login', 'Facebook Messenger Platform', 'Facebook Reseller', 'Font Awesome', 'Google Analytics', 'Google Cloud DNS', 'Google Font API', 'Google My Business', 'Hatch', 'LearnDash', 'Material Design Icons', 'Meks Easy Ads Widget', 'Ninja Forms', 'PHP', 'Pagekit', 'Paid Memberships Pro', 'QUIC', 'Shortcodes Ultimate', 'Silverlight', 'Simple Share Buttons Adder', 'Sitelinks Search Box', 'Slider Revolution', 'The Events Calendar', 'Theme In WP', 'Thrive', 'Twitter Ads', 'UTF-8', 'WP Polls', 'WPBakery', 'Woo Themes', 'WordPress', 'WordPress Multisite', 'Yoast Plugins', 'YouTube', 'eLand', 'jQuery']"
newhopemills.com,New Hope Mills – Making Memories Around the Table Since 1823,,,60,16954,2026-06-03T10:39:56.444931317Z,"['Ajax Search Pro for Wordpress', 'Alternate Protocol', 'Amazon WAF Blocked', 'AudioEye', 'Automattic', 'Contact Form Plugin', 'Content Delivery Network', 'Elegant Themes', 'EmbedPress', 'Facebook Conversion Tracking', 'Facebook Login', 'Facebook Messenger Platform', 'Facebook Pixel', 'Facebook Reseller', 'Facebook Tag API', 'Flatsome', 'GZIP Module', 'Google', 'Google Analytics', 'Google Cloud CDN', 'Google My Business', 'Google Tag Manager', 'IcoMoon', 'Instagram Follow Button', 'Jetpack', 'LearnDash', 'PHP', 'QUIC', 'Receiptful', 'SMC', 'StackPath', 'Sucuri Cloudproxy', 'Theme In WP', 'Twitter Ads', 'UTF-8', 'Woo Themes', 'WooCommerce', 'WooCommerce Checkout', 'WordPress', 'WordPress Multisite', 'WordPress Stats', 'Yelp Badge', 'jQuery', 'qTranslate', 'reCAPTCHA']"
fastpitchonlineacademy.com,Home - Fastpitch Online Academy,Fastpitch Online Academy,USA,87,36611,2026-06-03T09:29:14.589384833Z,"['AWS WAF Challenge', 'Akismet', 'Alternate Protocol', 'CDN JS', 'Cloudflare', 'Cloudflare CDN', 'Contact Form Plugin', 'Content Delivery Network', 'Divi', 'Elegant Themes', 'EmbedPress', 'Facebook Login', 'Facebook Messenger Platform', 'Facebook Reseller', 'Font Awesome', 'Google', 'Google Cloud CDN', 'Google Cloud DNS', 'Google Font API', 'Google My Business', 'Google Recommendations AI', 'Google Related Website Sites', 'Gravity Forms', 'Instagram Follow Button', 'LearnDash', 'MailChimp', 'Microdata for Google Shopping', 'PHP', 'Popup Maker for Wordpress', 'Sucuri Cloudproxy', 'Theme In WP', 'Theme My Login', 'Twitter Ads', 'UTF-8', 'Ultimate Social Media', 'University or College', 'User Submitted Posts', 'WPForms', 'Woo Themes', 'WooCommerce', 'WooCommerce Checkout', 'WooCommerce Payments', 'WooCommerce Stripe Payment Gateway', 'WordPress', 'WordPress Multisite', 'YouTube', 'eLand', 'jQuery', 'reCAPTCHA']"
brantfordinstitute.ca,Brantford Institute of Sustainable Education & Skills Development,Brantford Institute of Sustainable Education & Skills Development,CAN,92,37895,2026-06-03T04:30:47.268978217Z,"['Alternate Protocol', 'Astra Theme', 'Contact Form Plugin', 'Content Delivery Network', 'Elementor', 'Embed Any Document', 'EmbedPress', 'Essential Addons for Elementor', 'FiboSearch', 'Fireblade', 'Google Analytics', 'Google Cloud DNS', 'Google Font API', 'Google Tag Manager', 'Header, Footer and Blocks for Elementor', 'InitiativeS', 'Instagram Follow Button', 'LearnDash', 'LiteSpeed', 'M247', 'Material-UI', 'Microdata for Google Shopping', 'NFOrce Internet', 'PHP', 'Popup Maker for Wordpress', 'QUIC', 'Royal Elementor Addons', 'Site Kit', 'Sticky Header Effects for Elementor', 'Tawk', 'Theme In WP', 'TinyIMG', 'UTF-8', 'University or College', 'Woo Themes', 'WooCommerce', 'WooCommerce Checkout', 'WooCommerce Stripe Payment Gateway', 'WordPress', 'WordPress Multisite', 'WordPress Related Posts', 'YouTube', 'jQuery']"
mandorlaacademy.com,"Psychic Medium Heather Oelschlager |Mandorla Academy Courses – Online classes, private sessions. Psychic development, grief support, mindfulness, meditation with Heather Oelschlager, MN author, spiritual consultant & medium.",,,55,15507,2026-06-03T02:39:14.741797971Z,"['Alternate Protocol', 'Contact Form Plugin', 'Contento', 'EmbedPress', 'FreeCSSTemplates', 'Genesis Blocks', 'Google Analytics', 'Google Cloud DNS', 'Google Font API', 'Google My Business', 'Google Tag Manager', 'H5P for WordPress', 'IcoMoon', 'Instagram Feed for WordPress', 'Instagram Follow Button', 'K2F', 'LearnDash', 'Medium', 'MonsterInsights', 'PHP', 'PayPal Adaptive Payments', 'PayPal Button', 'PayPal Form', 'Pico CSS', 'QUIC', 'Responsive Lightbox', 'Tailwind CSS', 'The Events Calendar', 'Theme In WP', 'UTF-8', 'Ultimate Addons for Gutenberg', 'Uncanny Toolkit for LearnDash', 'Virtue Premium', 'WP Lightbox 2', 'Woo Themes', 'WooCommerce', 'WooCommerce Checkout', 'WordPress', 'WordPress Download Manager', 'WordPress Multisite', 'YouTube', 'bbPress', 'hCaptcha', 'hCaptcha for WordPress', 'jQuery']"
hub-hayleyhall.com.au,Hayley Hall Member's Hub – Helping Female Business Earn Consistent Income and Find Ideal Clients Just using their Facebook Group,,,45,990,2026-06-02T22:28:41.409772265Z,"['Adult Content', 'Alternate Protocol', 'Apache', 'BuddyBoss', 'Elementor', 'EmbedPress', 'Freshdesk Support', 'GZIP Module', 'Google', 'Google Cloud DNS', 'Google Font API', 'Jetpack', 'Lazy Load for WordPress', 'LearnDash', 'NFOrce Internet', 'PHP', 'QUIC', 'SiteW', 'Theme In WP', 'UTF-8', 'Woo Themes', 'WordPress', 'WordPress Multisite', 'jQuery']"
nickienou.com,eLearning School - My Blog,,USA,75,23484,2026-06-02T16:41:58.077050013Z,"['Alternate Protocol', 'Apache', 'Automattic', 'Bulma', 'Coming Soon Page', 'Contact Form Plugin', 'Creative Mail by Constant Contact', 'DAV', 'Elementor', 'EmbedPress', 'Endis', 'Endurance Page Cache', 'Fastly', 'GZIP Module', 'Google', 'Google Cloud DNS', 'Google Font API', 'Header, Footer and Blocks for Elementor', 'HostGator', 'InitiativeS', 'Jetpack', 'Lazy Load for WordPress', 'LearnDash', 'Microdata for Google Shopping', 'NFOrce Internet', 'Newsletter for Wordpress', 'PHP', 'Python', 'QUIC', 'Theme In WP', 'UTF-8', 'University or College', 'Woo Themes', 'WooCommerce', 'WooCommerce Checkout', 'WordPress', 'WordPress Multisite', 'WordPress Stats', 'YouTube', 'jQuery']"
phec.co.za,Pre-Hospital Emergency Care – Online training provider,,ZAF,70,5799,2026-06-02T13:43:26.570963831Z,"['Alternate Protocol', 'Astra Theme', 'ContentViews', 'Elementor', 'EmbedPress', 'Fastly', 'Google Cloud DNS', 'Google Font API', 'Header, Footer and Blocks for Elementor', 'KeyCDN', 'LearnDash', 'NFOrce Internet', 'Nginx', 'PHP', 'QUIC', 'Table Addons for Elementor', 'Theme In WP', 'UTF-8', 'Woo Themes', 'WooCommerce', 'WooCommerce Checkout', 'WordPress', 'WordPress Multisite', 'WordPress Related Posts', 'jQuery']"
theforexscalper.nl,Trading courses / Master Trading with Expert Courses,TFS International BV,NLD,77,22468,2026-06-02T11:23:18.016577135Z,"['AWS WAF Challenge', 'Alternate Protocol', 'Apache', 'Apture Linking Platform', 'Automattic', 'Cookie Accept', 'Cookie Notice', 'Easy Fancybox', 'ElementUI', 'Elementor', 'ElementsKit Elementor', 'EmbedPress', 'Facebook Conversion Tracking', 'Facebook Login', 'Facebook Messenger Platform', 'Facebook Pixel', 'Facebook Reseller', 'Facebook Tag API', 'GZIP Module', 'Google Analytics', 'Google Analytics Dashboard for WordPress', 'Google Cloud DNS', 'Google Font API', 'Google My Business', 'Google Related Website Sites', 'Google Tag Manager', 'Gtranslate for Wordpress', 'Instagram Follow Button', 'Jetpack', 'LearnDash', 'Line2', 'MailChimp', 'Metform Elemento', 'Microdata for Google Shopping', 'NFOrce Internet', 'Ntent', 'PHP', 'QUIC', 'Site Kit', 'Tailwind CSS', 'Tawk', 'Theme In WP', 'Trustpilot Reviews for WordPress', 'Twenty Seventeen', 'Twitter Ads', 'UTF-8', 'Woo Themes', 'WooCommerce', 'WooCommerce Checkout', 'WooCommerce Payments', 'WordPress', 'WordPress Multisite', 'WordPress Stats', 'YouTube', 'jQuery', 'jQuery Pin It Button for Images']"
discovermindworks.com,MindWorks,,,45,13202,2026-06-02T10:18:01.698969634Z,"['Alternate Protocol', 'AutoConvert', 'Contento', 'EmbedPress', 'Google Cloud DNS', 'Google Font API', 'LearnDash', 'PHP', 'QUIC', 'Theme In WP', 'Theme My Login', 'UTF-8', 'Vimeo', 'Woo Themes', 'WooCommerce', 'WooCommerce Checkout', 'WordPress', 'WordPress Multisite', 'jQuery']"
audiotrain.co.uk,Home - Audio Train,,GBR,65,32360,2026-06-02T05:32:53.653288056Z,"['AWS WAF Challenge', 'Alternate Protocol', 'Apture Linking Platform', 'Astra Theme', 'Content Delivery Network', 'Corporate Governance and Regulatory Compliance', 'DAV', 'Elementor', 'EmbedPress', 'Fireblade', 'Gambling Content', 'Google Cloud DNS', 'Google Font API', 'Instagram Follow Button', 'LearnDash', 'Microdata for Google Shopping', 'NFOrce Internet', 'Nginx', 'PHP', 'QUIC', 'Theme In WP', 'UTF-8', 'University or College', 'Woo Themes', 'WordPress', 'WordPress Multisite', 'WordPress Related Posts', 'eLand', 'jQuery']"
organiclandcare.net,Northeast Organic Farming Assoc's Organic Land Care Program,Northeast Organic Farming Associations' Organic Land Care Program,,67,56965,2026-06-02T05:29:07.101011651Z,"['Alternate Protocol', 'Amazon WAF Blocked', 'Beaver Builder Lite', 'Cloudflare', 'Cloudflare CDN', 'Coming Soon Page', 'Content Delivery Network', 'Contento', 'EmbedPress', 'Font Awesome', 'Google', 'Google Analytics', 'Google Cloud DNS', 'Google Font API', 'Google Tag Manager', 'Gravity', 'Gravity Forms', 'LearnDash', 'Microdata for Google Shopping', 'Neon One', 'On The Map', 'PHP', 'RM Education', 'Schema Plugin', 'The Events Calendar', 'Theme In WP', 'UTF-8', 'WP Dark Mode', 'WP Job Manager', 'WordPress', 'WordPress Multisite', 'jQuery']"
vitalityinmotion.com,Welcome - Vitality In Motion,Vitality In Motion,MYS,82,17548,2026-06-02T03:44:19.973876911Z,"['Alternate Protocol', 'CDN JS', 'Cloudflare', 'Cloudflare CDN', 'Contact Form Plugin', 'Content Delivery Network', 'EmbedPress', 'Endis', 'GZIP Module', 'Google Analytics', 'Google Cloud DNS', 'Google Font API', 'Google Maps', 'Google My Business', 'Google Tag Manager', 'InMotion Hosting', 'Instagram Follow Button', 'LearnDash', 'Microdata for Google Shopping', 'MonsterInsights', 'PHP', 'Schema Plugin', 'Slider Revolution', 'Sucuri Cloudproxy', 'Theme In WP', 'UTF-8', 'WPBakery', 'WordPress', 'WordPress Multisite', 'YouTube', 'jQuery', 'reCAPTCHA']"
tryopenstudiojazz.com,Open Studio - Everything You Need to Play Jazz Better,Open Studio,GBR,77,42690,2026-06-02T02:37:14.944368589Z,"['AWS WAF Challenge', 'Accordion Blocks', 'Alternate Protocol', 'Amazon', 'Amazon CloudFront', 'Apture Linking Platform', 'Aruba', 'BatCache', 'CloudFront', 'Content Delivery Network', 'Drip', 'DuracellTomi Google Tag Manager for WordPress', 'EmbedPress', 'Express', 'Fastly', 'GZIP Module', 'Google Analytics', 'Google Cloud DNS', 'Google Font API', 'Google Tag Manager', 'Gutenberg Blocks by Kadence Blocks', 'Help Scout', 'Instagram Follow Button', 'Kadence WP', 'Klarna', 'LearnDash', 'Login With Ajax', 'Microdata for Google Shopping', 'Mixpanel', 'Nginx', 'PHP', 'PixelYourSite', 'QUIC', 'ReviewsOnMyWebsite', 'Smart Coupons for WooCommerce', 'Theme In WP', 'UTF-8', 'VWO Engage', 'Vimeo', 'Visual Website Optimizer', 'Woo Themes', 'WooCommerce', 'WooCommerce Checkout', 'WooCommerce Stripe Payment Gateway', 'WordPress', 'WordPress Multisite', 'YouTube', 'eLand', 'jQuery']"
cpsacademy.co.za,CPS Academy | An Academy with a blended and online approach,CPS Academy,,72,10290,2026-06-02T01:28:44.624039392Z,"['Alibaba Cloud CDN', 'Alternate Protocol', 'Amazon WAF Blocked', 'Astra Theme', 'Content Delivery Network', 'Elementor', 'EmbedPress', 'FreeCSSTemplates', 'Google Cloud DNS', 'Google Font API', 'Gravity', 'InitiativeS', 'JetWooBuilder', 'LearnDash', 'LiteSpeed', 'Matomo', 'Matomo Tag Manager', 'Microdata for Google Shopping', 'PHP', 'Prospective', 'QUIC', 'The Events Calendar', 'Theme In WP', 'UTF-8', 'Woo Themes', 'WooCommerce', 'WooCommerce Checkout', 'WordPress', 'WordPress Multisite', 'WordPress Related Posts', 'jQuery']"
onacc.org,Home - Northwest Native Chamber,,USA,82,19660,2026-06-01T21:24:41.309683724Z,"['AWS WAF Challenge', 'Adult Content', 'Alternate Protocol', 'Amazon WAF Blocked', 'Apture Linking Platform', 'Cloudflare', 'Coming Soon Page', 'Content Delivery Network', 'DAV', 'Elementor', 'EmbedPress', 'Essential Addons for Elementor', 'Event Tickets for Wordpress', 'Font Awesome', 'GDPR Cookie Compliance', 'GTranslate', 'Google Analytics', 'Google My Business', 'Google Tag Manager', 'Gravity', 'Hello Elementor', 'Instagram Follow Button', 'JetElements', 'LearnDash', 'MemberPress', 'Microdata for Google Shopping', 'NFOrce Internet', 'PHP', 'Pagekit', 'QUIC', 'Search and Filter Pro', 'Shoelace Style', 'Smush Image Optimization', 'Stream', 'The Events Calendar', 'UTF-8', 'WP Job Manager', 'WP Rocket', 'WordPress', 'WordPress Multisite', 'YouTube', 'jQuery', 'reCAPTCHA']"
lifeentrepreneurs.com,LIFE Entrepreneurs - GREGG VANOUREK,Gregg Vanourek LLC,VEN,77,27896,2026-06-01T11:59:39.332087318Z,"['AWS WAF Challenge', 'Alternate Protocol', 'Amazon WAF Blocked', 'Amazon Widgets', 'Apture Linking Platform', 'Cisco/Arrowpoint Content Service Switch', 'Cloudflare', 'Cloudflare CDN', 'Cloudflare Turnstile', 'Content Delivery Network', 'Elementor', 'EmbedPress', 'GeneratePress Company', 'Google', 'Google Analytics', 'Google Cloud DNS', 'Google Font API', 'Google Related Website Sites', 'Google Tag Manager', 'Gravity', 'Gravity Forms', 'LearnDash', 'Microdata for Google Shopping', 'NFOrce Internet', 'PHP', 'Pico CSS', 'Theme In WP', 'Twitter Ads', 'UTF-8', 'University or College', 'WP Engine', 'WordPress', 'WordPress Multisite', 'YouTube', 'jQuery', 'reCAPTCHA']"
ecuinc.biz,Educational Concepts Unlimited – Insurance Continuing Education Ethics Prelicensing,,CAN,70,8122,2026-06-01T11:27:29.389485973Z,"['Alternate Protocol', 'Aruba', 'Astra Theme', 'Constant Contact Wordpress Forms', 'Contact Form Plugin', 'Content Delivery Network', 'DAV', 'Elementor', 'Embed Any Document', 'EmbedPress', 'GitHub Hosting', 'Google', 'Google Analytics', 'Google Cloud DNS', 'Google Customer Reviews', 'Google Font API', 'Google Maps', 'Google My Business', 'Google Tag Manager', 'Header, Footer and Blocks for Elementor', 'LearnDash', 'Line2', 'NFOrce Internet', 'Nginx', 'PHP', 'QUIC', 'Theme In WP', 'UTF-8', 'WP Engine', 'Woo Themes', 'WooCommerce', 'WooCommerce Checkout', 'WordPress', 'WordPress Multisite', 'WordPress Related Posts', 'eLand', 'jQuery', 'reCAPTCHA']"
ribaeducates.com,RIBA Educates– RI Contractor License Renewal & Registration – RI Builders Assoication,Rhode Island Builders Association Continuing Education,,67,4031,2026-06-01T09:25:41.406104446Z,"['Alternate Protocol', 'Apache', 'Edubin Theme', 'Elementor', 'EmbedPress', 'GZIP Module', 'Google', 'Google Analytics', 'Google Cloud DNS', 'Google Font API', 'Google Tag Manager', 'LearnDash', 'Microdata for Google Shopping', 'PHP', 'QUIC', 'Table Addons for Elementor', 'The Events Calendar', 'Theme In WP', 'UTF-8', 'Uncanny Toolkit for LearnDash', 'WP Rocket', 'WPForms', 'Woo Themes', 'WooCommerce', 'WooCommerce Checkout', 'WordPress', 'WordPress Multisite', 'jQuery']"
bekidsafe.org,Home - BeKidSafe,BeKidSafe,USA,80,21667,2026-06-01T06:45:33.956359403Z,"['501c3 Status Nonprofit', 'AWS WAF Challenge', 'Alternate Protocol', 'Amazon', 'Astra Theme', 'Cloudflare', 'Cloudflare CDN', 'Content Delivery Network', 'Elementor', 'Elementor Custom Skin', 'EmbedPress', 'Essential Addons for Elementor', 'Font Awesome', 'Google Cloud DNS', 'Google Font API', 'H5P for WordPress', 'Instagram Follow Button', 'Kinsta', 'LearnDash', 'Microdata for Google Shopping', 'NFOrce Internet', 'PHP', 'QUIC', 'Table Addons for Elementor', 'Tailwind CSS', 'Theme In WP', 'Twitter Ads', 'UTF-8', 'Uncanny Toolkit for LearnDash', 'Woo Themes', 'WooCommerce', 'WooCommerce Checkout', 'WooCommerce Stripe Payment Gateway', 'WordPress', 'WordPress Multisite', 'YouTube', 'jQuery']"
revivalseminars.org,WELCOME ( Cloned ) | Revival Seminars,Revival Seminars,GBR,82,24012,2026-05-31T23:45:37.642569246Z,"['AWS WAF Challenge', 'Alternate Protocol', 'BatCache', 'Cloudflare', 'Cloudflare CDN', 'Content Delivery Network', 'EmbedPress', 'Express', 'Fastly', 'Font Awesome', 'Google', 'Google Cloud DNS', 'Google Font API', 'Google My Business', 'Instagram Follow Button', 'LearnDash', 'Matomo', 'Matomo Tag Manager', 'Microdata for Google Shopping', 'Nginx', 'PHP', 'Perl', 'Sitelinks Search Box', 'SmartCrawl', 'Stripe', 'ThemeFusion', 'UTF-8', 'Woo Themes', 'WooCommerce Payments', 'WordPress', 'WordPress Multisite', 'YouTube', 'jQuery', 'reCAPTCHA']"
worklifepeople.com,Work Life People | For Companies that Care,Work Life People,,72,19513,2026-05-31T21:16:07.548696586Z,"['AWS WAF Challenge', 'Accordion Blocks', 'Alternate Protocol', 'CDN JS', 'Cloudflare', 'Cloudflare CDN', 'CookieYes', 'EmbedPress', 'FEEDZY RSS Feeds', 'Formidable Pro Form', 'GZIP Module', 'Google', 'Google Analytics', 'Google Cloud DNS', 'Google Font API', 'Google Tag Manager', 'Gutenberg Blocks by Kadence Blocks', 'InitiativeS', 'Kadence WP', 'LearnDash', 'Max Mega Menu', 'Max Mega Menu Pro', 'Microdata for Google Shopping', 'Nginx', 'PHP', 'Parallels Plesk Panel', 'QUIC', 'Simple Banner for Wordpress', 'Theme In WP', 'UTF-8', 'Vimeo', 'Woo Themes', 'WooCommerce', 'WooCommerce Checkout', 'WordPress', 'WordPress Multisite', 'eLand', 'jQuery']"
marketingmdxhealth.com,Marketing mdxhealth,,,62,7423,2026-05-31T21:03:07.801377294Z,"['Alternate Protocol', 'Astra Theme', 'Automattic', 'BatCache', 'Content Delivery Network', 'Elementor', 'EmbedPress', 'Fastly', 'Google Related Website Sites', 'Hotjar', 'Jetpack', 'Jetpack Site Accelerator', 'LearnDash', 'NFOrce Internet', 'Nginx', 'PHP', 'UTF-8', 'Uncanny Toolkit for LearnDash', 'WP Event Manager', 'Woo Themes', 'WooCommerce', 'WooCommerce Checkout', 'WordPress', 'WordPress Multisite', 'WordPress Related Posts', 'WordPress Stats', 'YouTube', 'jQuery']"
gbtraining.de,Home - Global Business Training,Global Business Training,,60,970,2026-05-31T20:28:59.649299033Z,"['Alternate Protocol', 'Amazon WAF Blocked', 'Apture Linking Platform', 'Astra Theme', 'Elementor', 'EmbedPress', 'Google', 'Google Analytics', 'Google Cloud CDN', 'Google Cloud DNS', 'Google Font API', 'Google Related Website Sites', 'Google Tag Manager', 'Lazy Load for WordPress', 'LearnDash', 'Microdata for Google Shopping', 'NFOrce Internet', 'Nginx', 'PHP', 'Table Addons for Elementor', 'Theme In WP', 'UTF-8', 'Uncanny Toolkit for LearnDash', 'WP Rocket', 'Woo Themes', 'WooCommerce', 'WooCommerce Checkout', 'WordPress', 'WordPress Multisite', 'jQuery']"
hingeconsulting.ca,Hinge Consulting - Global Industry Experts to Address Your Challenges,,,72,16260,2026-05-31T15:53:19.97678267Z,"['AWS WAF Challenge', 'Alternate Protocol', 'Cloudflare', 'Cloudflare CDN', 'Content Delivery Network', 'Cornerstone', 'Divi', 'Elegant Themes', 'EmbedPress', 'Font Awesome', 'Google Analytics', 'Google Tag Manager', 'Jetpack', 'LearnDash', 'Microdata for Google Shopping', 'Newsletter for Wordpress', 'PHP', 'Perl', 'Theme In WP', 'UTF-8', 'Woo Themes', 'WooCommerce', 'WooCommerce Checkout', 'WooCommerce Payments', 'WordPress', 'WordPress Multisite', 'WordPress Stats', 'eLand', 'jQuery']"
nexalabs.de,Nexalabs,,,55,7367,2026-05-31T15:08:08.16159996Z,"['AWS WAF Challenge', 'Alternate Protocol', 'Apache', 'Cloudflare', 'Cloudflare CDN', 'Elementor', 'EmbedPress', 'Google', 'Google My Business', 'LearnDash', 'PHP', 'Qi Addons For Elementor', 'SVG Support', 'Salesforce Hosted', 'Theme In WP', 'UTF-8', 'University or College', 'Userback', 'Vector Internet Services', 'WordPress', 'WordPress Multisite', 'jQuery']"
hidesertlofilitfest.store,Hi-Desert Lo-Fi Lit Weekend - Circe Consulting,Circe Consulting,USA,70,45111,2026-05-31T08:32:19.968650364Z,"['AWS WAF Challenge', 'Alternate Protocol', 'Amazon Widgets', 'Band Camp', 'Camp', 'Cisco/Arrowpoint Content Service Switch', 'Cloudflare', 'Content Delivery Network', 'DAV', 'Elementor', 'EmbedPress', 'Express', 'GoDaddy', 'Google Analytics', 'Google Cloud DNS', 'Google Font API', 'Google My Business', 'Google Tag Manager', 'Gravity', 'Instagram Follow Button', 'KVH', 'LearnDash', 'Microdata for Google Shopping', 'NFOrce Internet', 'Newsletter for Wordpress', 'No-Q', 'OceanWP', 'PHP', 'Theme In WP', 'Turner CDN', 'UTF-8', 'University or College', 'WP Mobile Menu', 'WPForms', 'Woo Themes', 'WooCommerce', 'WooCommerce Checkout', 'WordPress', 'WordPress Multisite', 'YouTube', 'jQuery']"
ourcourses.com,Our Courses | English Language Courses & Programmes In Carlow Ireland,,IRL,77,5942,2026-05-31T04:47:52.965345167Z,"['Alternate Protocol', 'App Store', 'Coming Soon Page', 'Contact Form Plugin', 'Educavo Theme', 'Elementor', 'EmbedPress', 'Fastly', 'Font Awesome', 'FreeCSSTemplates', 'GZIP Module', 'Google', 'Google Analytics', 'Google Cloud CDN', 'Google Cloud DNS', 'Google Font API', 'Google My Business', 'Google Play', 'Google Tag Manager', 'LearnDash', 'LearnPress', 'Microdata for Google Shopping', 'Nginx', 'PHP', 'Slider Revolution', 'Theme In WP', 'UTF-8', 'University or College', 'Woo Themes', 'WordPress', 'WordPress Multisite', 'eLand', 'jQuery']"
svhsicu.org,SVHS ICU | Login,,SYC,50,6099,2026-05-31T04:17:48.652541062Z,"['Alternate Protocol', 'AutoComplete', 'Bridge', 'Content Delivery Network', 'EmbedPress', 'Font Awesome', 'GZIP Module', 'Google Cloud DNS', 'Google Font API', 'Google My Business', 'Imperva Bot Detection and Mitigation', 'Incapsula CDN', 'Instagram Follow Button', 'LearnDash', 'Microdata for Google Shopping', 'Nginx', 'PHP', 'Schema Plugin', 'Theme In WP', 'Twitter Ads', 'UTF-8', 'WPBakery', 'WordPress', 'WordPress Multisite', 'jQuery']"
taylordlewis.com,WordPress Website Design & Branding | Recurring Revenue Websites,Taylor D. Lewis,USA,82,45428,2026-05-31T03:50:10.788445317Z,"['AWS WAF Challenge', 'Alternate Protocol', 'Apture Linking Platform', 'Astra Theme', 'Cookie Accept', 'Cookie Notice', 'Elementor', 'EmbedPress', 'GZIP Module', 'Google', 'Google Analytics', 'Google Cloud DNS', 'Google Font API', 'Google My Business', 'Google Related Website Sites', 'Google Tag Manager', 'Hotjar', 'HubSpot Conversations', 'HubSpot WordPress Plugin', 'Hubspot', 'Instagram Follow Button', 'Lazy Load for WordPress', 'LearnDash', 'MailChimp', 'Microdata for Google Shopping', 'NFOrce Internet', 'Nginx', 'PHP', 'Pico CSS', 'PixelYourSite', 'QUIC', 'Theme In WP', 'UTF-8', 'WP Rocket', 'Woo Themes', 'WooCommerce', 'WooCommerce Checkout', 'WordPress', 'WordPress Multisite', 'WordPress Related Posts', 'Yandex Hosting', 'YouTube', 'jQuery', 'reCAPTCHA']"
lozexteriors.com,Home - LOZ Exteriors LLC,Bass Restoration Group,,65,3387,2026-05-31T03:17:23.394628538Z,"['Alternate Protocol', 'BuddyBoss', 'Content Delivery Network', 'Elementor', 'EmbedPress', 'Essential Addons for Elementor', 'Essential Blocks for Gutenberg', 'Google Analytics', 'Google Tag Manager', 'Gravity', 'Gravity Forms', 'HappyAddons', 'Header, Footer and Blocks for Elementor', 'IcoMoon', 'LearnDash', 'LiteSpeed', 'Microdata for Google Shopping', 'NFOrce Internet', 'PHP', 'Perl', 'QUIC', 'SiteW', 'Table Addons for Elementor', 'Theme In WP', 'To Top', 'UTF-8', 'WordPress', 'WordPress Multisite', 'jQuery']"
gymfluencers.agency,Home - Gymfluencers Agency,Gymfluencers Agency,,72,22895,2026-05-31T02:20:20.079485123Z,"['AWS WAF Challenge', 'Adobe Creative Cloud WebFonts', 'Alternate Protocol', 'Astra Theme', 'Calendly', 'Cloudflare', 'Cloudflare CDN', 'Contact Form Plugin', 'Content Delivery Network', 'Elementor', 'EmbedPress', 'FormSubmit', 'Google', 'Google Analytics', 'Google My Business', 'Google Tag Manager', 'Gravity Forms', 'Header, Footer and Blocks for Elementor', 'Instagram API', 'Instagram Follow Button', 'LearnDash', 'LiteSpeed', 'MemberPress', 'Microdata for Google Shopping', 'MonsterInsights', 'NFOrce Internet', 'PHP', 'Perl', 'QUIC', 'Royal Elementor Addons', 'Schema Plugin', 'Sitelinks Search Box', 'Theme In WP', 'UTF-8', 'Vercel', 'WPForms', 'Woo Themes', 'WordPress', 'WordPress Multisite', 'WordPress Related Posts', 'eLand', 'jQuery', 'reCAPTCHA']"
learn2rollerskate.com,Home - learn2rollerskate.com,learn2rollerskate.com,,77,20892,2026-05-31T00:43:09.745020915Z,"['AWS WAF Challenge', 'Alternate Protocol', 'Apture Linking Platform', 'Astra Theme', 'Calendly', 'Cloudflare', 'Cloudflare CDN', 'Content Delivery Network', 'ElementUI', 'Elementor', 'EmbedPress', 'Essential Addons for Elementor', 'Facebook Conversion Tracking', 'Facebook Login', 'Facebook Messenger Platform', 'Facebook Pixel', 'Facebook Reseller', 'Facebook Tag API', 'GiveWP', 'Google', 'Google Cloud DNS', 'Google Font API', 'Google My Business', 'Gravity', 'Header, Footer and Blocks for Elementor', 'Instagram Follow Button', 'Jetpack', 'LearnDash', 'LearnPress', 'Line2', 'LiteSpeed', 'Microdata for Google Shopping', 'NFOrce Internet', 'PHP', 'QUIC', 'Stripe', 'Theme In WP', 'UTF-8', 'Woo Themes', 'WooCommerce', 'WooCommerce Checkout', 'WooCommerce Stripe Payment Gateway', 'WordPress', 'WordPress Multisite', 'WordPress Related Posts', 'WordPress Stats', 'YouTube', 'jQuery']"
iscdt.com,Online Dog Trainer Courses | Online Dog Training Certification,International School for Certified Dog Trainers,PER,82,34154,2026-05-30T22:20:09.312543808Z,"['AWS WAF Challenge', 'Amazon WAF Blocked', 'Anti-spam for WordPress', 'CleanTalk Spam Protect', 'Content Delivery Network', 'Divi', 'Elegant Themes', 'Elfsight', 'EmbedPress', 'Facebook Conversion Tracking', 'Facebook Login', 'Facebook Messenger Platform', 'Facebook Pixel', 'Facebook Reseller', 'Facebook Tag API', 'Fireblade', 'Font Awesome', 'Google', 'Google Analytics', 'Google Cloud CDN', 'Google Cloud DNS', 'Google Font API', 'Google Tag Manager', 'Gravity Forms', 'Instagram Follow Button', 'LearnDash', 'Microdata for Google Shopping', 'PHP', 'Perfmatters', 'Sucuri Cloudproxy', 'Theme In WP', 'Twitter Ads', 'UTF-8', 'WP PageNavi', 'Woo Themes', 'WooCommerce', 'WooCommerce Checkout', 'WooCommerce Stripe Payment Gateway', 'WordPress', 'WordPress Multisite', 'YouTube', 'eLand', 'jQuery']"
bhaa.org.uk,British Horseback Archery Association:- Join the BHAA,,,82,6419,2026-05-30T22:16:52.081482952Z,"['Alternate Protocol', 'Astra Theme', 'Content Delivery Network', 'Corporate Governance and Regulatory Compliance', 'Elementor', 'EmbedPress', 'GenerateBlocks', 'Google Analytics', 'Google My Business', 'Google Tag Manager', 'Instagram Follow Button', 'LearnDash', 'Matomo', 'Matomo Tag Manager', 'Microdata for Google Shopping', 'NFOrce Internet', 'Nginx', 'PHP', 'Pagekit', 'Paid Memberships Pro', 'Pico CSS', 'QUIC', 'Sitelinks Search Box', 'SmartCrawl', 'The Events Calendar', 'Theme In WP', 'Twitter Ads', 'UTF-8', 'Ultimate Addons for Gutenberg', 'WordPress', 'WordPress Multisite', 'YouTube', 'eLand', 'jQuery', 'reCAPTCHA']"
dragonflybrandny.com,Dragonfly Brand NY - Dragonfly,,USA,75,39301,2026-05-30T19:40:53.314648692Z,"['AWS WAF Challenge', 'Adult Content', 'Alternate Protocol', 'Amazon WAF Blocked', 'Apture Linking Platform', 'Astra Theme', 'Cloudflare', 'Content Delivery Network', 'Elementor', 'EmbedPress', 'Fontello', 'Fontfabric', 'Gambling Content', 'Google Analytics', 'Google Cloud DNS', 'Google Maps', 'Google My Business', 'Google Tag Manager', 'HubSpot WordPress Plugin', 'Hubspot', 'IcoMoon', 'Instagram Follow Button', 'LearnDash', 'Microdata for Google Shopping', 'NFOrce Internet', 'PHP', 'Premium Addons for Elementor', 'QUIC', 'Shoelace Style', 'Site Kit', 'Store Locator', 'UTF-8', 'WP Engine', 'WP Rocket', 'WPForms', 'Woo Themes', 'WooCommerce', 'WooCommerce Checkout', 'WordPress', 'WordPress Multisite', 'WordPress Related Posts']"
salientsafety.com,OHS/HSE Health and Safety Consulting - Salient Health and Safety,Salient Health and Safety,CAN,82,11530,2026-05-30T16:57:57.400216351Z,"['Alternate Protocol', 'Apture Linking Platform', 'Calendly', 'Contact Form Plugin', 'Content Delivery Network', 'DAV', 'Elementor', 'EmbedPress', 'Google Analytics', 'Google My Business', 'Google Tag Manager', 'IcoMoon', 'LearnDash', 'LinkedIn Insights', 'LinkedIn Pixel', 'LiteSpeed', 'Microdata for Google Shopping', 'MonsterInsights', 'NFOrce Internet', 'NitroPack', 'Prospective', 'QUIC', 'Table Addons for Elementor', 'The7', 'UTF-8', 'Woo Themes', 'WordPress', 'WordPress Multisite', 'reCAPTCHA']"
gphatraining.co.uk,Home - gphatraining.co.uk,gphatraining.co.uk,,60,1259,2026-05-30T16:45:56.106974015Z,"['AWS WAF Challenge', 'Adobe Creative Cloud WebFonts', 'Alternate Protocol', 'Amazon WAF Blocked', 'Apture Linking Platform', 'Cloudflare', 'Cloudflare CDN', 'Contact Form Plugin', 'CookieYes', 'Elementor', 'EmbedPress', 'Google', 'Google Analytics', 'Google My Business', 'Google Tag Manager', 'Hello Elementor', 'Instagram Follow Button', 'LearnDash', 'LiteSpeed', 'MemberPress', 'Metronet Profile Picture', 'Microdata for Google Shopping', 'NFOrce Internet', 'PHP', 'QUIC', 'Site Kit', 'Table Addons for Elementor', 'Twitter Ads', 'UTF-8', 'WordPress', 'WordPress Multisite']"
nafhac.org,NAFHAC – National Association of FHA Consultants,,,65,19912,2026-05-30T16:06:08.827025076Z,"['AWS WAF Challenge', 'Alternate Protocol', 'Cloudflare', 'Cloudflare CDN', 'Content Delivery Network', 'Elementor', 'ElementsKit Elementor', 'EmbedPress', 'GZIP Module', 'Google', 'Google Cloud DNS', 'Google Font API', 'Google My Business', 'LearnDash', 'LiteSpeed', 'NFOrce Internet', 'PHP', 'QUIC', 'Slider Revolution', 'Table Addons for Elementor', 'Theme In WP', 'UTF-8', 'Uncanny Toolkit for LearnDash', 'University or College', 'WordPress', 'WordPress Multisite', 'jQuery']"
kaylonjones.com,Southeast Georgia's Premier Portrait Studio | Kaylon Jones,Kaylon Jones Photography,USA,82,9887,2026-05-30T14:18:33.13545319Z,"['Adobe Creative Cloud WebFonts', 'Alternate Protocol', 'Apture Linking Platform', 'CDN JS', 'Cloudflare', 'Cloudflare CDN', 'Content Delivery Network', 'EmbedPress', 'Express', 'Financial Services Guide', 'Genesis Blocks', 'Google', 'Google Analytics', 'Google Cloud DNS', 'Google Font API', 'Google Tag Manager', 'Instagram Follow Button', 'Jekyll', 'LearnDash', 'Microdata for Google Shopping', 'NFOrce Internet', 'Nginx', 'PHP', 'PayPal', 'QUIC', 'Storybook', 'Theme In WP', 'UTF-8', 'WP Engine', 'Woo Themes', 'WooCommerce', 'WooCommerce Checkout', 'WooCommerce Payments', 'WordPress', 'WordPress Multisite', 'jQuery']"
iwacoaching.com,IWA Coaching | Life Coach Certification,,USA,82,4581,2026-05-30T13:59:04.731678076Z,"['Accordion Blocks', 'Alternate Protocol', 'Calendly', 'Contact Form Plugin', 'Content Delivery Network', 'EmbedPress', 'Fastly', 'GZIP Module', 'GitHub Hosting', 'Google Analytics', 'Google Analytics Dashboard for WordPress', 'Google My Business', 'Google Tag Manager', 'Gutenberg Blocks by Kadence Blocks', 'InitiativeS', 'Instagram Follow Button', 'Kadence WP', 'LearnDash', 'MailChimp', 'Microdata for Google Shopping', 'Nginx', 'PHP', 'Pagekit', 'Sitelinks Search Box', 'SmartCrawl', 'Theme In WP', 'UTF-8', 'Uncanny Toolkit for LearnDash', 'Woo Themes', 'WooCommerce', 'WooCommerce Checkout', 'WooCommerce Pixel Manager by woopt', 'WooCommerce Stripe Payment Gateway', 'WordPress', 'WordPress Multisite', 'jQuery']"
unityartsministry.org,Home - Unity Arts Ministry,Unity Arts Ministry,,72,4251,2026-05-30T13:32:45.957395016Z,"['Alternate Protocol', 'Apache', 'Automattic', 'Cloudflare', 'EmbedPress', 'Express', 'GZIP Module', 'Google Cloud DNS', 'Google Customer Reviews', 'Google Font API', 'Google My Business', 'Gutenberg Blocks by Kadence Blocks', 'Instagram Follow Button', 'Jetpack', 'Kadence WP', 'LearnDash', 'Microdata for Google Shopping', 'Modern Events Calendar Lite', 'No-Q', 'PHP', 'Perl', 'Show.co', 'Sitelinks Search Box', 'Stripe', 'Theme In WP', 'UTF-8', 'WP Super Cache', 'WordPress', 'WordPress Multisite', 'WordPress Stats', 'YouTube', 'jQuery', 'reCAPTCHA']"
happybirthingexperience.com,Hypnobirthing Course,,,50,1362,2026-05-30T11:50:36.719078385Z,"['Alternate Protocol', 'Astra Theme', 'Content Delivery Network', 'Elementor', 'EmbedPress', 'Fastly', 'GZIP Module', 'Google', 'Google Analytics', 'Google Cloud DNS', 'Google Font API', 'Google Tag Manager', 'Instagram Follow Button', 'Klaviyo', 'LearnDash', 'NFOrce Internet', 'Nginx', 'PHP', 'QUIC', 'Stripe', 'Theme In WP', 'UTF-8', 'Vimeo', 'Woo Themes', 'WordPress', 'WordPress Multisite', 'WordPress Related Posts', 'YouTube', 'jQuery', 'jsDelivr']"
nolimit-team.com,NASB Training – NASB No Limit Training Portal,,,40,1349,2026-05-30T06:44:57.495069644Z,"['AWS WAF Challenge', 'Alternate Protocol', 'Astra Theme', 'Beaver Builder Lite', 'Content Delivery Network', 'EmbedPress', 'FEEDZY RSS Feeds', 'Fastly', 'Font Awesome', 'GZIP Module', 'Google Cloud DNS', 'Google Font API', 'LearnDash', 'Nginx', 'PHP', 'QUIC', 'Theme In WP', 'UTF-8', 'Uncanny Toolkit for LearnDash', 'Woo Themes', 'WordPress', 'WordPress Multisite', 'WordPress Related Posts', 'jQuery']"
mathademics.co.uk,Home Online - Mathademics,,GBR,70,20227,2026-05-30T05:10:44.580930118Z,"['AWS WAF Challenge', 'Alternate Protocol', 'Cloudflare', 'Cloudflare CDN', 'Contact Form Plugin', 'Elementor', 'EmbedPress', 'GZIP Module', 'Google', 'Google My Business', 'Jetpack', 'LearnDash', 'Microdata for Google Shopping', 'NFOrce Internet', 'Nginx', 'PHP', 'Paid Memberships Pro', 'Theme In WP', 'UTF-8', 'University or College', 'Woo Themes', 'WooCommerce', 'WooCommerce Checkout', 'WordPress', 'WordPress Multisite', 'jQuery']"
fdicampus.com,fdiCampus – Master FDI faster,,GBR,65,3748,2026-05-30T05:10:44.574335857Z,"['Alternate Protocol', 'Amazon WAF Blocked', 'BuddyBoss', 'Elementor', 'EmbedPress', 'Federal Deposit Insurance Corporation', 'GZIP Module', 'IcoMoon', 'LearnDash', 'LiteSpeed', 'NFOrce Internet', 'PHP', 'Paid Memberships Pro', 'QUIC', 'SiteW', 'Theme In WP', 'Twitter Ads', 'UTF-8', 'Uncanny Toolkit for LearnDash', 'User Access Manager', 'Woo Themes', 'WooCommerce', 'WooCommerce Checkout', 'WordPress', 'WordPress Multisite', 'eLand', 'jQuery']"
techniquegroup.info,Technique Online Courses,,,50,17920,2026-05-30T04:04:55.914830028Z,"['Alternate Protocol', 'CheryFramework', 'Contento', 'EmbedPress', 'Facebook Login', 'Facebook Messenger Platform', 'Facebook Reseller', 'Fireblade', 'GZIP Module', 'Google Cloud DNS', 'Google Font API', 'Instagram Follow Button', 'Kallyas', 'LearnDash', 'Nginx', 'PHP', 'Subversion', 'Theme In WP', 'Twitter Ads', 'UTF-8', 'Uncanny Toolkit for LearnDash', 'WordPress', 'WordPress Multisite', 'YouTube', 'jQuery']"
karondigital.com,Karon Digital- Empowering Digital World,Karon Digital,,67,3638,2026-05-30T01:57:20.077156298Z,"['Alternate Protocol', 'Apture Linking Platform', 'Astra Theme', 'Content Delivery Network', 'Elementor', 'ElementsKit Elementor', 'EmbedPress', 'GetResponse', 'Google Analytics', 'Google Tag Manager', 'LiteSpeed', 'Microdata for Google Shopping', 'NFOrce Internet', 'PHP', 'QUIC', 'Site Kit', 'Telegram', 'Theme In WP', 'Tutor LMS', 'UTF-8', 'Uncanny Toolkit for LearnDash', 'Woo Themes', 'WooCommerce', 'WooCommerce Checkout', 'WordPress', 'WordPress Multisite', 'WordPress Related Posts', 'jQuery']"
yushkovadesign.com,Retail Consulting - Fashion Business Consulting Services -Yushkova Designs,Yushkova Designs,USA,87,47036,2026-05-29T23:25:09.017154925Z,"['AWS WAF Challenge', 'Adobe Creative Cloud WebFonts', 'Alternate Protocol', 'Apture Linking Platform', 'Cloudflare', 'Content Delivery Network', 'DAV', 'DC74', 'Easy Accordio', 'Elementor', 'EmbedPress', 'Financial Services Guide', 'Flatsome', 'Google', 'Google Analytics', 'Google Cloud CDN', 'Google Cloud DNS', 'Google Font API', 'Google Related Website Sites', 'Google Tag Manager', 'IcoMoon', 'Instagram Follow Button', 'KVH', 'LearnDash', 'MailChimp', 'Microdata for Google Shopping', 'Microsoft Clarity', 'NitroPack', 'PHP', 'Popup Maker for Wordpress', 'Sitelinks Search Box', 'UTF-8', 'University or College', 'WP Engine', 'Woo Themes', 'WooCommerce', 'WooCommerce Checkout', 'WooCommerce Payments', 'WooCommerce Pixel Manager by woopt', 'WordPress', 'WordPress Multisite', 'YouTube', 'jsDelivr']"
jelenconsultingandcoaching.com,ESDM Coaching - Janet Harder & Michaela Jelen Coaching & Consulting,JHMJ Consulting,CAN,77,4468,2026-05-29T21:08:19.970105298Z,"['Adobe Creative Cloud WebFonts', 'Alternate Protocol', 'Apache', 'Divi', 'Elegant Themes', 'EmbedPress', 'GZIP Module', 'Google', 'Google Analytics', 'Google Cloud CDN', 'Google Cloud DNS', 'Google Font API', 'Google Tag Manager', 'Hive.co', 'Instagram Follow Button', 'LearnDash', 'Microdata for Google Shopping', 'PHP', 'Theme In WP', 'UTF-8', 'WP Fastest Cache', 'WP Google Search', 'Woo Themes', 'WordPress', 'WordPress Download Manager', 'WordPress Multisite', 'WordPress Related Posts', 'jQuery']"
outcomeleaders.com,Home - Outcome Leaders,,AUS,75,17068,2026-05-29T16:51:58.366112881Z,"['Advanced Responsive Video Embedder', 'Alternate Protocol', 'BLR', 'Contact Form Plugin', 'Content Delivery Network', 'EmbedPress', 'Facebook Conversion Tracking', 'Facebook Login', 'Facebook Messenger Platform', 'Facebook Pixel', 'Facebook Reseller', 'Facebook Tag API', 'Fastly', 'Font Awesome', 'FormSubmit', 'GZIP Module', 'Google Analytics', 'Google Cloud DNS', 'Google Font API', 'Google My Business', 'Google Related Website Sites', 'Google Tag Manager', 'Instagram Follow Button', 'KeyCDN', 'LearnDash', 'Microdata for Google Shopping', 'PHP', 'Paid Memberships Pro', 'QUIC', 'Search and Filter Pro', 'Slider Revolution', 'Sucuri Cloudproxy', 'Tailwind CSS', 'Theme In WP', 'ThemeFusion', 'Tumblr', 'Twitter Ads', 'UTF-8', 'WP PageNavi', 'WP jQuery Lightbox', 'Woo Themes', 'WooCommerce', 'WooCommerce Checkout', 'WordPress', 'WordPress Multisite', 'YouTube', 'Zoho SalesIQ', 'jQuery', 'reCAPTCHA']"
canabisworkforce.org,Cannabis Workforce Initiative – Your Career in NY Cannabis Starts Here.,,USA,65,4561,2026-05-29T13:20:23.414000531Z,"['Alternate Protocol', 'Amazon WAF Blocked', 'Automattic', 'CDN JS', 'Cloudflare', 'Cloudflare CDN', 'Download Monitor', 'Elementor', 'EmbedPress', 'Essential Addons for Elementor', 'GZIP Module', 'Google Cloud DNS', 'Google Font API', 'Google My Business', 'Gravity', 'Gravity Forms', 'Hello Elementor', 'Instagram Feed for WordPress', 'Instagram Follow Button', 'Jetpack', 'LearnDash', 'NFOrce Internet', 'Nginx', 'PHP', 'Say what', 'Theme In WP', 'UTF-8', 'Uncanny Toolkit for LearnDash', 'WordPress', 'WordPress Multisite', 'WordPress Stats', 'YouTube', 'jQuery', 'reCAPTCHA']"
pestex.asia,Pestex – Pest Control Technology,,,55,262,2026-05-29T09:44:01.664217928Z,"['Alternate Protocol', 'Astra Theme', 'Elementor', 'EmbedPress', 'Google', 'Google Analytics', 'Google Cloud CDN', 'Google Cloud DNS', 'Google Font API', 'Google Tag Manager', 'LearnDash', 'LiteSpeed', 'PHP', 'QUIC', 'Table Addons for Elementor', 'Theme In WP', 'UTF-8', 'WordPress', 'WordPress Multisite', 'jQuery']"
useofforcetraining.ca,Home - Security Guard Course Inc.,Security Guard Course Inc.,CAN,77,19024,2026-05-29T08:59:19.969182425Z,"['AWS WAF Challenge', 'Adobe Creative Cloud WebFonts', 'Alternate Protocol', 'AutomateWoo', 'Cloudflare', 'DuracellTomi Google Tag Manager for WordPress', 'EmbedPress', 'Font Awesome', 'GitHub Hosting', 'Google Analytics', 'Google Cloud DNS', 'Google Maps', 'Google Tag Manager', 'Instagram Follow Button', 'Interchange', 'LearnDash', 'Microdata for Google Shopping', 'NFOrce Internet', 'PHP', 'Schema Plugin', 'Tailwind CSS', 'Theme In WP', 'UTF-8', 'Uncanny Toolkit for LearnDash', 'WP Engine', 'Woo Themes', 'WooCommerce', 'WooCommerce Checkout', 'WordPress', 'WordPress Multisite', 'YouTube', 'jQuery']"
sanctuarymetoomvmt.info,Homepage - me too. Survivor's Sanctuary,me too. Survivor&#039;s Sanctuary,,60,2898,2026-05-29T07:50:02.106379562Z,"['Alternate Protocol', 'Amazon WAF Blocked', 'Aruba', 'Astra Theme', 'Cisco/Arrowpoint Content Service Switch', 'Content Delivery Network', 'DAV', 'EmbedPress', 'Fastly', 'Font Awesome', 'FreeCSSTemplates', 'Frontend Reset Password', 'GZIP Module', 'GenerateBlocks', 'Google Analytics', 'Google My Business', 'Google Tag Manager', 'Gravity', 'Gravity Forms', 'Instagram Follow Button', 'LearnDash', 'Microdata for Google Shopping', 'Nginx', 'PHP', 'Pantheon', 'Perl', 'QUIC', 'Stackable Page Builder Gutenberg Blocks', 'Tailwind CSS', 'The Events Calendar', 'Theme In WP', 'UTF-8', 'Vercel', 'WPML Multilingual', 'WPS Visitor Counter Plugin', 'WordPress', 'WordPress Multisite', 'WordPress Related Posts', 'YouTube', 'Zope', 'accessiBe', 'eLand', 'jQuery', 'jQuery Updater', 'jsDelivr', 'reCAPTCHA']"
ccx.org.uk,Home - CCX,CCX,GBR,77,22962,2026-05-29T06:34:14.94567199Z,"['AWS WAF Challenge', 'Algolia', 'Alternate Protocol', 'Apache', 'AutoComplete', 'EmbedPress', 'Event Tickets for Wordpress', 'GZIP Module', 'Google Analytics', 'Google Related Website Sites', 'Google Tag Manager', 'Hive.co', 'Instagram Follow Button', 'LearnDash', 'Matomo', 'Matomo Tag Manager', 'Microdata for Google Shopping', 'PHP', 'Tailwind CSS', 'The Events Calendar', 'Theme In WP', 'UTF-8', 'University or College', 'WP Search with Algolia', 'WordPress', 'WordPress Multisite', 'YouTube', 'jQuery']"
bseenandheard.org,Clinical Trials Awareness for Underserved Communities,,USA,77,6295,2026-05-29T06:06:21.641064801Z,"['501c3 Status Nonprofit', 'Alternate Protocol', 'Amazon WAF Blocked', 'BuddyBoss', 'Elementor', 'ElementsKit Elementor', 'EmbedPress', 'Eventbrite', 'GZIP Module', 'GivingFuel', 'Google Analytics', 'Google My Business', 'Google Tag Manager', 'Header, Footer and Blocks for Elementor', 'IcoMoon', 'InitiativeS', 'Jeg Elementor Kit', 'LearnDash', 'LiteSpeed', 'MemberPress', 'Metform Elemento', 'Microdata for Google Shopping', 'MonsterInsights', 'MouseWheel Smooth Scroll', 'NFOrce Internet', 'PHP', 'Pico CSS', 'QUIC', 'SiteW', 'Sitelinks Search Box', 'Table Addons for Elementor', 'Theme In WP', 'UTF-8', 'Woo Themes', 'WordPress', 'WordPress Multisite', 'jQuery', 'reCAPTCHA']"
acinoedudoc.com,Acino EduDoc – Medical education platform for doctors in South Africa,,,60,1026,2026-05-29T05:37:01.089557918Z,"['Alternate Protocol', 'Amazon WAF Blocked', 'Cloudflare', 'Elementor', 'Embed Any Document', 'EmbedPress', 'Essential Addons for Elementor', 'FreeCSSTemplates', 'Google Analytics', 'Google Related Website Sites', 'Google Tag Manager', 'Gravity', 'Gravity Forms', 'Hello Elementor', 'Lazy Load for WordPress', 'LearnDash', 'Microsoft Azure', 'Microsoft Clarity', 'NFOrce Internet', 'Perl', 'Popup Maker for Wordpress', 'TablePress', 'UTF-8', 'Uncanny Toolkit for LearnDash', 'WP Rocket', 'WordPress', 'WordPress Multisite', 'jQuery']"
cecourses.org,Home - Klimes Institute,Klimes Institute,,60,937,2026-05-29T01:51:46.084008968Z,"['AWS WAF Challenge', 'Alternate Protocol', 'Apache', 'Cloudflare', 'Cloudflare CDN', 'Creative Mail by Constant Contact', 'EmbedPress', 'GZIP Module', 'Google', 'Google My Business', 'Gutenberg Blocks by Kadence Blocks', 'HostGator', 'Jetpack', 'Kadence WP', 'Lazy Load for WordPress', 'LearnDash', 'Microdata for Google Shopping', 'PHP', 'Theme In WP', 'UTF-8', 'Uncanny Toolkit for LearnDash', 'Woo Themes', 'WordPress', 'WordPress Multisite', 'jQuery']"
foundationsofcommunication.com,Foundations of Communication,,,60,1120,2026-05-28T23:50:44.824568784Z,"['AWS WAF Challenge', 'Alternate Protocol', 'Astra Theme', 'Automattic', 'CDN JS', 'Cloudflare', 'Cloudflare CDN', 'Content Delivery Network', 'Cornerstone', 'Elementor', 'EmbedPress', 'Google', 'Google Cloud DNS', 'Google Font API', 'Google My Business', 'Jetpack', 'LearnDash', 'LiteSpeed', 'NFOrce Internet', 'PHP', 'Presto Player', 'QUIC', 'Stripe', 'Theme In WP', 'UTF-8', 'Vimeo', 'Woo Themes', 'WooCommerce', 'WooCommerce Checkout', 'WooCommerce Payments', 'WooCommerce Stripe Payment Gateway', 'WordPress', 'WordPress Download Manager', 'WordPress Multisite', 'WordPress Related Posts', 'WordPress Stats', 'YouTube', 'jQuery', 'jsDelivr', 'reCAPTCHA']"
alchemyradianthealth.com,California Functional Medicine | Alchemy Radiant Health,,IND,82,125199,2026-05-28T22:04:18.983675456Z,"['AWS WAF Challenge', 'ActiveProspect', 'Adobe Creative Cloud WebFonts', 'Alternate Protocol', 'Amazon WAF Blocked', 'Anti-spam for WordPress', 'Apture Linking Platform', 'CCSI', 'CleanTalk Spam Protect', 'Cloudflare', 'Content Delivery Network', 'ConvertBox', 'DAV', 'Digital Ocean Spaces', 'Elementor', 'EmbedPress', 'Facebook Conversion Tracking', 'Facebook Login', 'Facebook Messenger Platform', 'Facebook Pixel', 'Facebook Reseller', 'Facebook Tag API', 'Fireblade', 'Google Analytics', 'Google Tag Manager', 'Gravity', 'Gravity Forms', 'Hello Elementor', 'Instagram Follow Button', 'LearnDash', 'LinkedIn Insights', 'LinkedIn Pixel', 'MemberPress', 'Microdata for Google Shopping', 'NFOrce Internet', 'PHP', 'QUIC', 'RM Education', 'SMC', 'Sitelinks Search Box', 'Termageddon', 'Thank You', 'Twitter Ads', 'UTF-8', 'Vimeo', 'WP Engine', 'Woo Themes', 'WooCommerce', 'WooCommerce Checkout', 'WooCommerce Pixel Manager by woopt', 'WooCommerce Stripe Payment Gateway', 'WordPress', 'WordPress Multisite', 'WordPress Related Posts', 'YouTube', 'jQuery']"
karunahealing.org,"Sex Addiction Recovery, Betrayal Trauma & Couples Therapy | Karuna Healing Counseling Services",Karuna Healing Counseling Services,USA,77,3785,2026-05-28T19:07:14.111027819Z,"['Adult Content', 'Alternate Protocol', 'Astra Theme', 'Autoptimize', 'Clicky', 'Contact Form Plugin', 'Content Delivery Network', 'Elementor', 'EmbedPress', 'Facebook Conversion Tracking', 'Facebook Login', 'Facebook Messenger Platform', 'Facebook Pixel', 'Facebook Reseller', 'Facebook Tag API', 'Google Analytics', 'Google Cloud DNS', 'Google Font API', 'Google Tag Manager', 'Gravity', 'Gravity Forms', 'HappyAddons', 'Hotjar', 'LearnDash', 'Microdata for Google Shopping', 'Microsoft Clarity', 'NFOrce Internet', 'Nginx', 'PHP', 'QUIC', 'Theme In WP', 'To Top', 'UTF-8', 'Woo Themes', 'WordPress', 'WordPress Multisite', 'WordPress Popular Posts', 'WordPress Related Posts', 'jQuery']"
storybonds.com,StoryBonds | Reminisce ∙ Discover ∙ Bond,StoryBonds,FRA,82,29443,2026-05-28T15:41:37.093094687Z,"['Alternate Protocol', 'Amazon WAF Blocked', 'BuddyBoss', 'BunnyCDN', 'BunnyCDN General', 'CDN JS', 'Cloudflare', 'Cloudflare CDN', 'Content Delivery Network', 'DC74', 'Elementor', 'EmbedPress', 'Fireblade', 'Font Awesome', 'FreeCSSTemplates', 'GZIP Module', 'IcoMoon', 'Instagram Follow Button', 'Jetpack', 'LearnDash', 'LiteSpeed', 'Microdata for Google Shopping', 'NFOrce Internet', 'OneSignal', 'PHP', 'PWA', 'Paid Memberships Pro', 'Perfmatters', 'QUIC', 'SiteW', 'Sitelinks Search Box', 'Theme In WP', 'Twitter Ads', 'UTF-8', 'University or College', 'W3 Total Cache', 'WoWonder', 'Woo Themes', 'WordPress', 'WordPress Multisite']"
tmjtherapycentre.com,TMJ & Sleep Therapy Centre International,TMJ & Sleep Therapy Centre International,GBR,92,10539,2026-05-28T15:07:39.083575306Z,"['AdRoll', 'Akismet', 'Alternate Protocol', 'Amazon WAF Blocked', 'Apture Linking Platform', 'CDN JS', 'Cloudflare', 'Cloudflare CDN', 'Contact Form Plugin', 'Content Delivery Network', 'DAV', 'Divi', 'Elegant Themes', 'EmbedPress', 'Facebook Conversion Tracking', 'Facebook Login', 'Facebook Messenger Platform', 'Facebook Pixel', 'Facebook Reseller', 'Facebook Tag API', 'Font Awesome', 'FormSubmit', 'Google Analytics', 'Google My Business', 'Google Tag Manager', 'IcoMoon', 'Instagram Follow Button', 'Klarna', 'Lazy Load for WordPress', 'LearnDash', 'License Buttons', 'LinkedIn Insights', 'LinkedIn Pixel', 'Microdata for Google Shopping', 'Microsoft Clarity', 'PHP', 'Perl', 'QUIC', 'Tailwind CSS', 'Twitter Ads', 'UTF-8', 'University or College', 'Unsplash', 'Vector Internet Services', 'Vimeo', 'Vimeo CDN', 'VisitorTracking', 'WP Rocket', 'Woo Themes', 'WooCommerce', 'WooCommerce Checkout', 'WordPress', 'WordPress Multisite', 'YouTube', 'Zoho CRM', 'Zoho SalesIQ', 'reCAPTCHA']"
adsyloacademy.com,Home -,,USA,77,11323,2026-05-28T12:51:24.328033717Z,"['Alternate Protocol', 'Astra Theme', 'CDN JS', 'CartFlows', 'Cloudflare', 'Cloudflare CDN', 'Content Delivery Network', 'ConvertKit for Wordpress', 'EmbedPress', 'GenerateBlocks', 'Google', 'Google Cloud DNS', 'Google Font API', 'Jetpack', 'LearnDash', 'Microdata for Google Shopping', 'PHP', 'Prospective', 'QUIC', 'Theme In WP', 'UTF-8', 'Ultimate Addons for Gutenberg', 'Uncanny Toolkit for LearnDash', 'WP Live Chat Support', 'Woo Themes', 'WooCommerce', 'WooCommerce Checkout', 'WooCommerce Stripe Payment Gateway', 'WordPress', 'WordPress Multisite', 'WordPress Related Posts', 'YouTube', 'jQuery']"
vaccine-cme.org,Vaccine CME –,,,35,10806,2026-05-28T12:51:24.293202129Z,"['AWS WAF Challenge', 'Alternate Protocol', 'Beaver Builder Lite', 'Cloudflare', 'Cloudflare CDN', 'Contento', 'EmbedPress', 'Font Awesome', 'Google', 'Google My Business', 'LearnDash', 'Nginx', 'PHP', 'Theme In WP', 'Twitter Ads', 'UTF-8', 'Uncanny Toolkit for LearnDash', 'WordPress', 'WordPress Multisite', 'jQuery']"
ohehiruniversity.org,O'Hehir University – Degrees in Oral Health Promotion,,IMN,65,4712,2026-05-28T12:09:30.775966697Z,"['Alternate Protocol', 'BuddyBoss', 'Content Delivery Network', 'Elementor', 'EmbedPress', 'GZIP Module', 'Google', 'Google Analytics', 'Google Cloud DNS', 'Google Font API', 'Google Tag Manager', 'IcoMoon', 'Instagram Follow Button', 'LearnDash', 'MemberPress', 'PHP', 'QUIC', 'SiteW', 'Sucuri Cloudproxy', 'Theme In WP', 'Twitter Ads', 'UTF-8', 'University or College', 'WP Job Manager', 'WordPress', 'WordPress Multisite', 'YouTube', 'jQuery']"
nationsindexes.com,Home | Nations Indexes,,USA,82,98307,2026-05-28T09:53:54.16072168Z,"['Alternate Protocol', 'Bunny Fonts', 'CCSI', 'DAV', 'Divi', 'Elegant Themes', 'ElementUI', 'EmbedPress', 'Express', 'GZIP Module', 'Google', 'Google Analytics', 'Google Cloud CDN', 'Google Cloud DNS', 'Google Font API', 'Google My Business', 'Google Recommendations AI', 'Google Tag Manager', 'K2F', 'KVH', 'LearnDash', 'Matomo', 'Matomo Tag Manager', 'Memberium', 'Microdata for Google Shopping', 'Nginx', 'No-Q', 'Onyx Internet', 'PHP', 'Sitelinks Search Box', 'SmartCrawl', 'Stripe', 'Subversion', 'Telegram', 'Theme In WP', 'Twitter Ads', 'UTF-8', 'Unix', 'WPMU DEV', 'WhatsApp Sharing', 'Woo Themes', 'WordPress', 'WordPress Multisite', 'YouTube', 'jQuery', 'jsDelivr', 'reCAPTCHA']"
sebsinstitute.com,SEB's institute – We Teach English Not Pinglish,SEB&#039;s institute,PAK,77,25014,2026-05-28T07:56:32.359266879Z,"['Alternate Protocol', 'Amazon WAF Blocked', 'Apture Linking Platform', 'Edubin Theme', 'Elementor', 'EmbedPress', 'Express', 'Fireblade', 'Gambling Content', 'Google', 'Google Cloud DNS', 'Google Font API', 'Instagram Follow Button', 'Lazy Load for WordPress', 'LearnDash', 'LiteSpeed', 'Material-UI', 'Microdata for Google Shopping', 'NFOrce Internet', 'PHP', 'QUIC', 'Schema Plugin', 'UTF-8', 'Vector Internet Services', 'WP Rocket', 'Woo Themes', 'WooCommerce', 'WooCommerce Checkout', 'WordPress', 'WordPress Multisite', 'YouTube']"
faridabharmal.com,Handwriting Specialist,,IND,65,7160,2026-05-28T07:51:21.545791136Z,"['Alternate Protocol', 'Astra Theme', 'Elementor', 'EmbedPress', 'GZIP Module', 'Google', 'Google Analytics', 'Google Cloud DNS', 'Google Font API', 'Google Tag Manager', 'Instagram Follow Button', 'LearnDash', 'LiteSpeed', 'Microdata for Google Shopping', 'NFOrce Internet', 'PHP', 'QUIC', 'Schema Plugin', 'Theme In WP', 'UTF-8', 'Woo Themes', 'WooCommerce', 'WooCommerce Checkout', 'WordPress', 'WordPress Multisite', 'WordPress Related Posts', 'Yandex Hosting', 'YouTube', 'jQuery']"
irnm.ie,Home - IRNM,IRNN,,62,44073,2026-05-28T07:14:43.911119212Z,"['AWS WAF Challenge', 'Alternate Protocol', 'Cloudflare', 'Content Delivery Network', 'Contento', 'EmbedPress', 'Google Analytics', 'Google Cloud DNS', 'Google Font API', 'Google My Business', 'Google Tag Manager', 'Gravity', 'Gravity Forms', 'IcoMoon', 'LearnDash', 'MemberPress', 'Microdata for Google Shopping', 'Muffin Group', 'PHP', 'QUIC', 'The Events Calendar', 'Theme In WP', 'Twitter Ads', 'UTF-8', 'WP Engine', 'WPBakery', 'Woo Themes', 'WooCommerce', 'WooCommerce Checkout', 'WooCommerce Stripe Payment Gateway', 'WordPress', 'WordPress Multisite', 'eLand', 'jQuery', 'reCAPTCHA']"
ilaa-annoor.in,Home -,,IND,65,19901,2026-05-28T04:27:34.171935804Z,"['AWS WAF Challenge', 'Alternate Protocol', 'Astra Theme', 'Content Delivery Network', 'DAV', 'Elementor', 'EmbedPress', 'Google', 'Google Analytics', 'Google Cloud CDN', 'Google Cloud DNS', 'Google Font API', 'Google Tag Manager', 'HT Mega', 'Header, Footer and Blocks for Elementor', 'Instagram Follow Button', 'LearnDash', 'LiteSpeed', 'Microdata for Google Shopping', 'NFOrce Internet', 'PHP', 'QUIC', 'SiteGround Optimizer', 'Smart Slider 3', 'Table Addons for Elementor', 'Theme In WP', 'UTF-8', 'Woo Themes', 'WooCommerce', 'WooCommerce Checkout', 'WordPress', 'WordPress Multisite', 'WordPress Related Posts', 'YouTube', 'eLand', 'jQuery']"
efesnation.com,Home - The Equita Group,,USA,70,22023,2026-05-28T01:59:19.969979047Z,"['AWS WAF Challenge', 'Adult Content', 'Alternate Protocol', 'CDN JS', 'Cloudflare', 'Cloudflare CDN', 'Complianz', 'Content Delivery Network', 'Divi', 'Elegant Themes', 'EmbedPress', 'Google', 'Google Cloud CDN', 'Google Cloud DNS', 'Google Font API', 'Instagram Follow Button', 'LearnDash', 'Microdata for Google Shopping', 'PHP', 'StackPath', 'The Events Calendar', 'Theme In WP', 'UTF-8', 'WP Accessibility', 'WP Engine', 'Woo Themes', 'WordPress', 'WordPress Multisite', 'YouTube', 'eLand', 'jQuery']"
braincoremembers.com,Become BrainCore Certified | Braincore Neurofeedback,,,62,19270,2026-05-27T23:57:32.291900479Z,"['AJAX Libraries API', 'All in One SEO Pack', 'Alternate Protocol', 'Amazon', 'Amazon CloudFront', 'Amazon Widgets', 'AutoComplete', 'Bing Cashback', 'Bing Conversion Tracking', 'CDN JS', 'CloudFront', 'Cloudflare', 'Cloudflare CDN', 'DuracellTomi Google Tag Manager for WordPress', 'EmbedPress', 'Fireblade', 'Font Awesome', 'Google Analytics', 'Google Cloud DNS', 'Google Font API', 'Google Related Website Sites', 'Google Tag Manager', 'LayerSlider Responsive', 'LearnDash', 'Microdata for Google Shopping', 'PHP', 'QUIC', 'Schema Plugin', 'Slider Revolution', 'Theme In WP', 'ThemeFusion', 'UTF-8', 'Uncanny Toolkit for LearnDash', 'WP jQuery Lightbox', 'Woo Themes', 'WooCommerce', 'WooCommerce Checkout', 'WordPress', 'WordPress Multisite', 'YouTube', 'jQuery']"
liveoaknative.com,Live Oak Consulting,,,62,54025,2026-05-27T21:30:32.639017101Z,"['Adult Content', 'Alternate Protocol', 'Automattic', 'BatCache', 'Coming Soon Page', 'Constant Contact', 'EmbedPress', 'Fastly', 'Google Analytics', 'Google Tag Manager', 'Gutenberg', 'Instagram Follow Button', 'Jetpack', 'Jetpack Site Accelerator', 'LearnDash', 'Nginx', 'PHP', 'Perl', 'SMC', 'Twitter Ads', 'UTF-8', 'Underscores', 'WordPress', 'WordPress Multisite', 'WordPress Stats', 'jQuery']"
mortgageeducationinstitute.com,NMLS Continuing Education | Pre-Licensing | Mortgage Compliance,Mortgage Education Institute,,72,49048,2026-05-27T20:39:13.158033312Z,"['Alternate Protocol', 'Beaver Builder Lite', 'Cloudflare', 'Content Delivery Network', 'Contento', 'Cookie Accept', 'Cookie Notice', 'EmbedPress', 'FiboSearch', 'GitHub Hosting', 'GoDaddy', 'Google', 'Google Cloud DNS', 'Google Font API', 'Google My Business', 'Google Related Website Sites', 'Gravity', 'Gravity Forms', 'LearnDash', 'Line2', 'Max Mega Menu Pro', 'Microdata for Google Shopping', 'Nationwide Mortgage Licensing System and Registry', 'PHP', 'QUIC', 'Schema Plugin', 'SiteW', 'Theme In WP', 'UTF-8', 'Vimeo', 'Wangsu', 'Website Tonight', 'Woo Themes', 'WooCommerce', 'WooCommerce Checkout', 'WordPress', 'WordPress Multisite', 'Yandex Hosting', 'YouTube', 'a3 Lazy Load', 'jQuery', 'reCAPTCHA']"
speedlearnai.com,Learn Ai Faster – Speed Learn Ai in 30 min chunks each day,,,65,49850,2026-05-27T17:02:15.696969672Z,"['AJAX Libraries API', 'Alternate Protocol', 'Amazon WAF Blocked', 'CDN JS', 'Cloudflare', 'Cloudflare CDN', 'CoBlocks', 'Content Delivery Network', 'Divi', 'Eber', 'Elegant Themes', 'EmbedPress', 'Express', 'GZIP Module', 'GoDaddy', 'Google Cloud DNS', 'Google Font API', 'IcoMoon', 'LearnDash', 'Microdata for Google Shopping', 'PHP', 'PayPal Adaptive Payments', 'QUIC', 'Stripe', 'The Fresh', 'Theme In WP', 'TidyCal', 'UTF-8', 'Userback', 'Wangsu', 'WordPress', 'WordPress Multisite', 'YouTube', 'aWeber', 'jQuery']"
randykennett.com,Meet Randy Kennett | Hone Consulting,Hone Consulting,CAN,77,6408,2026-05-27T16:56:19.975375001Z,"['Akismet', 'Alternate Protocol', 'Boxzilla', 'Content Delivery Network', 'Embed Any Document', 'EmbedPress', 'Event Tickets for Wordpress', 'Formidable Pro Form', 'Google', 'Google Analytics', 'Google Cloud CDN', 'Google Cloud DNS', 'Google Font API', 'Google My Business', 'Google Related Website Sites', 'Google Tag Manager', 'InitiativeS', 'LearnDash', 'LiteSpeed', 'Microdata for Google Shopping', 'PHP', 'Pico CSS', 'QUIC', 'Tailwind CSS', 'The Events Calendar', 'Theme In WP', 'Twitter Ads', 'UTF-8', 'Uncanny Toolkit for LearnDash', 'Vimeo', 'Woo Themes', 'WooCommerce', 'WooCommerce Checkout', 'WooCommerce Payments', 'WooCommerce Pixel Manager by woopt', 'WordPress', 'WordPress Multisite', 'YouTube', 'jQuery', 'reCAPTCHA']"
britstar.co.id,Belajar Bahasa Inggris Online | BritStar Language Academy,,IDN,82,5625,2026-05-27T16:43:51.369901159Z,"['Alternate Protocol', 'Contact Form Plugin', 'Content Delivery Network', 'Elementor', 'EmbedPress', 'Google', 'Google Analytics', 'Google Analytics Dashboard for WordPress', 'Google Cloud DNS', 'Google Font API', 'Google My Business', 'Google Related Website Sites', 'Google Tag Manager', 'LearnDash', 'LiteSpeed', 'Microdata for Google Shopping', 'NFOrce Internet', 'PHP', 'Perl', 'QUIC', 'Sitelinks Search Box', 'Slider Revolution', 'Theme In WP', 'Twitter CDN', 'UTF-8', 'Woo Themes', 'WooCommerce', 'WooCommerce Checkout', 'WordPress', 'WordPress Multisite', 'YouTube', 'jQuery']"
9thsem.com,9th Sem – Explore More,,,60,2073,2026-05-27T15:35:34.44849576Z,"['AWS WAF Challenge', 'Accordion Blocks', 'Alternate Protocol', 'Aruba', 'Cloudflare', 'Cloudflare CDN', 'Cloudflare Web Analytics', 'Content Delivery Network', 'Elementor', 'EmbedPress', 'Google', 'Google Cloud CDN', 'Google Cloud DNS', 'Google Font API', 'Gutenberg Blocks by Kadence Blocks', 'Kadence WP', 'LearnDash', 'LiteSpeed', 'PHP', 'Paid Memberships Pro', 'QUIC', 'Theme In WP', 'UTF-8', 'Vector Internet Services', 'Woo Themes', 'WooCommerce', 'WooCommerce Checkout', 'WordPress', 'WordPress Multisite', 'YouTube', 'eLand', 'jQuery']"
e-learning.mk,e-Learning – Приватни часови по математика,,,60,1060,2026-05-27T10:51:41.276069926Z,"['AWS WAF Challenge', 'Alternate Protocol', 'Apache', 'Apture Linking Platform', 'Astra Theme', 'Cloudflare', 'Cloudflare CDN', 'Cloudflare Turnstile', 'Elementor', 'EmbedPress', 'GZIP Module', 'Google Analytics', 'Google Cloud DNS', 'Google Tag Manager', 'Header, Footer and Blocks for Elementor', 'Instagram Follow Button', 'Lazy Load for WordPress', 'LearnDash', 'NFOrce Internet', 'PHP', 'Pico CSS', 'QUIC', 'Theme In WP', 'UTF-8', 'WP Rocket', 'WPForms', 'Woo Themes', 'WooCommerce', 'WooCommerce Checkout', 'WordPress', 'WordPress Multisite', 'WordPress Related Posts', 'jQuery', 'reCAPTCHA']"
mindabilitybusinesscoaching.com,Start & Grow an HR Consulting Business - MindAbility,MindAbility Business Coaching,,67,20950,2026-05-27T10:40:46.477396423Z,"['Ajax Search Lite', 'Alternate Protocol', 'Amazon WAF Blocked', 'Amazon Widgets', 'Ametys', 'Anti-spam for WordPress', 'Apache', 'Apture Linking Platform', 'Astra Theme', 'CDN JS', 'Calendly', 'CleanTalk Spam Protect', 'Cloudflare', 'Cloudflare CDN', 'Complianz', 'Elementor', 'Elementor Custom Skin', 'EmbedPress', 'Express', 'Facebook Conversion Tracking', 'Facebook Login', 'Facebook Messenger Platform', 'Facebook Pixel', 'Facebook Reseller', 'Facebook Tag API', 'Fireblade', 'GZIP Module', 'Google', 'Google Analytics', 'Google Cloud DNS', 'Google Font API', 'Google Tag Manager', 'Instagram Follow Button', 'Lazy Load for WordPress', 'LearnDash', 'Microdata for Google Shopping', 'NFOrce Internet', 'PHP', 'Parallels Plesk Panel', 'Perl', 'Table Addons for Elementor', 'Twitter Ads', 'UTF-8', 'Uncanny Toolkit for LearnDash', 'WP Rocket', 'WordPress', 'WordPress Multisite', 'WordPress SEO Structured Data Schema Plugin', 'YouTube']"
progressiveopt.com,Home - Progressive Option Support Services,Progressive Option Support Services,USA,75,15687,2026-05-27T09:22:38.631919582Z,"['AWS WAF Challenge', 'Alternate Protocol', 'EmbedPress', 'GTranslate', 'GZIP Module', 'GenerateBlocks', 'Instagram Follow Button', 'LearnDash', 'LiteSpeed', 'Microdata for Google Shopping', 'Nginx', 'PHP', 'QUIC', 'UTF-8', 'University or College', 'WordPress', 'WordPress Multisite', 'jQuery']"
bijouxbrows.co.uk,Bijoux Brows Academy | Online Brow Lamination Masterclass,Bijoux Brows Academy,,57,1146,2026-05-27T08:19:40.473277201Z,"['Alternate Protocol', 'Automattic', 'Blocksy', 'Calendly', 'Elementor', 'EmbedPress', 'GZIP Module', 'Google Cloud DNS', 'Google Font API', 'Google My Business', 'Instagram Follow Button', 'Jetpack', 'LearnDash', 'Microdata for Google Shopping', 'NFOrce Internet', 'Nginx', 'Ntent', 'PHP', 'Parallels Plesk Panel', 'Sitelinks Search Box', 'The SEO Framework', 'Theme In WP', 'TrustIndex', 'UTF-8', 'Vimeo', 'Woo Themes', 'WooCommerce Stripe Payment Gateway', 'WordPress', 'WordPress Multisite', 'WordPress Stats', 'jQuery', 'reCAPTCHA']"
mmbizcoach.com,Jeff Schuster | Small Business Coaching – Mechanics & Mindset,Mechanics & Mindset Business Coaching,GBR,82,44437,2026-05-27T02:40:51.471087378Z,"['AWS WAF Challenge', 'Alternate Protocol', 'Amazon Widgets', 'Ametys', 'Content Delivery Network', 'DuracellTomi Google Tag Manager for WordPress', 'Elementor', 'EmbedPress', 'Express', 'Facebook Conversion Tracking', 'Facebook Login', 'Facebook Messenger Platform', 'Facebook Pixel', 'Facebook Reseller', 'Facebook Tag API', 'FormSubmit', 'Google Analytics', 'Google Cloud DNS', 'Google Font API', 'Google My Business', 'Google Tag Manager', 'Gravity', 'Gravity Forms', 'K2F', 'LearnDash', 'LiteSpeed', 'Microdata for Google Shopping', 'NFOrce Internet', 'OceanWP', 'PHP', 'QUIC', 'Tailwind CSS', 'Theme In WP', 'UTF-8', 'WP Mobile Menu', 'WPForms', 'Woo Themes', 'WooCommerce Checkout', 'WordPress', 'WordPress Multisite', 'YouTube', 'jQuery', 'reCAPTCHA']"
flipping-art.com,Flipping Art - Acrobatic Performance Team | Acrobatic Courses,Flipping Art,,67,4347,2026-05-27T02:18:40.44362217Z,"['Agoda', 'Alternate Protocol', 'Amazon S3 CDN', 'Content Delivery Network', 'DAV', 'Dynamic Visibility for Elementor', 'Elementor', 'EmbedPress', 'Google', 'Google Cloud CDN', 'Hello Elementor', 'Instagram Follow Button', 'Investor Relations', 'LearnDash', 'LiteSpeed', 'Microdata for Google Shopping', 'QUIC', 'QUIC.cloud', 'Smart Coupons for WooCommerce', 'Storyblocks', 'Table Addons for Elementor', 'UTF-8', 'Woo Themes', 'WooCommerce', 'WooCommerce Checkout', 'WordPress', 'WordPress Multisite', 'YouTube', 'jQuery']"
topnurse.info,Nursing Assistant Education & Information - Top Nurse,Top Nurse,IND,92,22554,2026-05-26T14:13:42.537137299Z,"['AWS WAF Challenge', 'Alternate Protocol', 'Apture Linking Platform', 'Cloudflare', 'Cloudflare CDN', 'Content Delivery Network', 'Digital Ocean Spaces', 'Edubin Theme', 'Elementor', 'EmbedPress', 'Express', 'Ezoic Direct', 'Fastly', 'GenerateBlocks', 'Google', 'Google Analytics', 'Google Cloud CDN', 'Google Cloud DNS', 'Google Font API', 'Google Tag Manager', 'Lazy Load for WordPress', 'LearnDash', 'Mermaid', 'Microdata for Google Shopping', 'NFOrce Internet', 'PHP', 'Perl', 'QUIC', 'Schema Plugin', 'Theme In WP', 'UTF-8', 'WP Rocket', 'WordPress', 'WordPress Multisite', 'YouTube', 'jQuery']"
elearning-adbi.org,ADBI E-Learning – ADBI’s tuition-free training courses in Asia Pacific development,Asian Development Bank Institute,GBR,75,35751,2026-05-26T13:04:13.72746255Z,"['AWS WAF Challenge', 'Alternate Protocol', 'Analytify', 'Apture Linking Platform', 'Astra Theme', 'Cloudflare', 'Cloudflare CDN', 'Cloudflare Turnstile', 'Cloudflare Web Analytics', 'Content Delivery Network', 'Elementor', 'EmbedPress', 'Engintron', 'Fireblade', 'Google', 'Google Analytics', 'Google Cloud DNS', 'Google Font API', 'Google Related Website Sites', 'Google Tag Manager', 'LearnDash', 'Metronet Profile Picture', 'Microdata for Google Shopping', 'NFOrce Internet', 'PHP', 'Table Addons for Elementor', 'Theme In WP', 'Twitter Ads', 'UTF-8', 'WP Rocket', 'Woo Themes', 'WordPress', 'WordPress Multisite', 'WordPress Related Posts', 'YouTube', 'eLand', 'jQuery']"
lmacommunication.com,Home - LMA Communication,Site Title Here,USA,92,3597,2026-05-26T12:53:42.103687708Z,"['Alternate Protocol', 'Astra Theme', 'Content Delivery Network', 'Elementor', 'EmbedPress', 'Fastly', 'Font Awesome', 'Formidable Pro Form', 'GZIP Module', 'Google Cloud DNS', 'Google Font API', 'Google My Business', 'Header, Footer and Blocks for Elementor', 'LearnDash', 'Microdata for Google Shopping', 'PHP', 'Premium Addons for Elementor', 'QUIC', 'Sitelinks Search Box', 'Table Addons for Elementor', 'Theme In WP', 'UTF-8', 'University or College', 'Woo Themes', 'WooCommerce', 'WooCommerce Checkout', 'WordPress', 'WordPress Multisite', 'WordPress Related Posts', 'jQuery']"
cdiwa.org,County Development Institute of Washington,County Development Institute of Washington,,72,4867,2026-05-26T09:12:39.27662586Z,"['Adobe Creative Cloud WebFonts', 'Alternate Protocol', 'Amazon WAF Blocked', 'BuddyBoss', 'Cloudflare', 'Cloudflare CDN', 'Content Delivery Network', 'Elementor', 'EmbedPress', 'Google', 'Google Analytics', 'Google Cloud CDN', 'Google Cloud DNS', 'Google Font API', 'Google Tag Manager', 'Gravity', 'Gravity Forms', 'IcoMoon', 'LearnDash', 'Microdata for Google Shopping', 'PHP', 'Popup Maker for Wordpress', 'SiteW', 'Table Addons for Elementor', 'The Events Calendar', 'Theme In WP', 'UTF-8', 'Uncanny Toolkit for LearnDash', 'WordPress', 'WordPress Multisite', 'jQuery']"
etcourses.com,ET Courses,,,37,905,2026-05-26T08:23:55.529536781Z,"['Alternate Protocol', 'Apache', 'EmbedPress', 'LearnDash', 'Memberium', 'ThemeFusion', 'UTF-8', 'WordPress', 'WordPress Multisite', 'jQuery']"
travellearningcenters.com,Travel Learning Centers – for Smarter and Safer Travel,,USA,75,24449,2026-05-26T00:42:48.306672827Z,"['Ajax Search Lite', 'Alternate Protocol', 'Amazon Widgets', 'Apache', 'Astra Theme', 'CartFlows', 'Elementor', 'EmbedPress', 'GZIP Module', 'Google', 'Google Cloud DNS', 'Google Font API', 'LearnDash', 'M247', 'PHP', 'QUIC', 'Subversion', 'Swift Performance', 'Theme In WP', 'Uncanny Toolkit for LearnDash', 'University or College', 'WPForms', 'Woo Themes', 'WooCommerce', 'WooCommerce Checkout', 'WordPress', 'WordPress Multisite', 'WordPress Related Posts', 'jQuery']"
referb2c.org,ReferB2C – High-Quality DM Courses,,,60,348,2026-05-25T22:44:46.265067882Z,"['Alternate Protocol', 'Apture Linking Platform', 'Astra Theme', 'Content Delivery Network', 'Elementor', 'ElementsKit Elementor', 'EmbedPress', 'GetResponse', 'LiteSpeed', 'PHP', 'QUIC', 'Theme In WP', 'Tutor LMS', 'UTF-8', 'Uncanny Toolkit for LearnDash', 'Woo Themes', 'WooCommerce', 'WooCommerce Checkout', 'WordPress', 'WordPress Multisite', 'WordPress Related Posts', 'jQuery']"
careerz4me.com,Home - Careerz4me,,,67,5598,2026-05-25T20:05:19.971894397Z,"['Alternate Protocol', 'Content Delivery Network', 'Elementor', 'EmbedPress', 'Essential Addons for Elementor', 'Google My Business', 'Google Related Website Sites', 'Inspectlet', 'Instagram Follow Button', 'LearnDash', 'LiteSpeed', 'MailChimp', 'MailChimp for WordPress', 'Microdata for Google Shopping', 'NFOrce Internet', 'OceanWP', 'PHP', 'ProfilePress', 'QUIC', 'Sitelinks Search Box', 'Table Addons for Elementor', 'Twitter Ads', 'UTF-8', 'Uncanny Toolkit for LearnDash', 'WP Job Manager', 'Woo Themes', 'WooCommerce', 'WooCommerce Checkout', 'WordPress', 'WordPress Multisite', 'YouTube', 'jQuery', 'reCAPTCHA']"
courageoussoulsrising.com,Courageous Souls Rising,,,50,1081,2026-05-25T17:03:12.153537912Z,"['AWS WAF Challenge', 'Alternate Protocol', 'Automattic', 'BuddyBoss', 'Cloudflare', 'Cloudflare CDN', 'Creative Mail by Constant Contact', 'Elegant Themes', 'EmbedPress', 'GZIP Module', 'Google', 'Google Cloud DNS', 'Google Font API', 'Google My Business', 'Gravity Forms', 'Jetpack', 'Jetpack Site Accelerator', 'LearnDash', 'Nginx', 'PHP', 'QUIC', 'SiteW', 'Theme In WP', 'UTF-8', 'WPForms', 'Woo Themes', 'WordPress', 'WordPress Multisite', 'WordPress Stats', 'jQuery']"
isopro.us,Home - ISO PRO,ISO PRO 9001,USA,77,19315,2026-05-25T16:02:19.972241545Z,"['AWS WAF Challenge', 'Alternate Protocol', 'Calendly', 'Content Delivery Network', 'Countdown Timer Ultimate', 'DAV', 'Divi', 'Elegant Themes', 'EmbedPress', 'GZIP Module', 'Google Analytics', 'Google Cloud DNS', 'Google Font API', 'Google My Business', 'Google Tag Manager', 'IcoMoon', 'LearnDash', 'Microdata for Google Shopping', 'Nginx', 'OptiMole', 'PHP', 'Theme In WP', 'UTF-8', 'WP Engine', 'Woo Themes', 'WooCommerce', 'WooCommerce Checkout', 'WooCommerce Stripe Payment Gateway', 'WordPress', 'WordPress Multisite', 'jQuery', 'reCAPTCHA']"
verveimports.com,Home | Verve Imports,Verve Imports,PRK,60,761,2026-05-25T15:30:06.695159871Z,"['AWS WAF Challenge', 'Alternate Protocol', 'Amazon WAF Blocked', 'Cloudflare', 'Content Delivery Network', 'EditorsKit', 'EmbedPress', 'Google', 'Google Analytics', 'Google Cloud DNS', 'Google Font API', 'Google Tag Manager', 'Gravity', 'Gravity Forms', 'Instagram Feed for WordPress', 'Instagram Follow Button', 'LearnDash', 'Microdata for Google Shopping', 'PHP', 'Theme In WP', 'UTF-8', 'WP Engine', 'Woo Themes', 'WooCommerce', 'WooCommerce Checkout', 'WooCommerce Stripe Payment Gateway', 'WordPress', 'WordPress Multisite', 'jQuery']"
hellohooray.com,Home - Hello! Hooray!,Hello! Hooray!,IRQ,82,31682,2026-05-25T11:57:42.986527711Z,"['3 Products', 'Alternate Protocol', 'Apture Linking Platform', 'Beaver Builder Lite', 'Content Delivery Network', 'Contento', 'Cookie Accept', 'Cookie Notice', 'EmbedPress', 'Express', 'GZIP Module', 'Google', 'Google Analytics', 'Google Cloud DNS', 'Google Font API', 'Google My Business', 'Google Tag Manager', 'Gravity', 'Gravity Forms', 'Instagram Follow Button', 'LearnDash', 'LiteSpeed', 'Microdata for Google Shopping', 'MonsterInsights', 'NFOrce Internet', 'PHP', 'Pagekit', 'Parcel', 'QUIC', 'Schema Plugin', 'Smush Image Optimization', 'Theme In WP', 'UTF-8', 'Variation Swatches for WooCommerce', 'W3 Total Cache', 'Woo Themes', 'WooCommerce', 'WooCommerce Checkout', 'WordPress', 'WordPress Multisite', 'WordPress Related Posts', 'YouTube', 'YouTube Advanced by Embed Plus', 'jQuery', 'reCAPTCHA']"
lesaonline.ca,LESA - Your lifelong partner in continuing legal excellence.,LESA,CAN,77,40261,2026-05-25T11:45:51.724643782Z,"['AWS WAF Challenge', 'Alternate Protocol', 'Apture Linking Platform', 'Astra Theme', 'CartFlows', 'Cloudflare', 'Cloudflare CDN', 'Cloudflare Web Analytics', 'Content Delivery Network', 'Corporate Governance and Regulatory Compliance', 'Elementor', 'Elementor Addon Elements', 'EmbedPress', 'Essential Addons for Elementor', 'Event Tickets for Wordpress', 'Fireblade', 'Font Awesome', 'Google', 'Google Analytics', 'Google Cloud DNS', 'Google Font API', 'Google My Business', 'Google Tag Manager', 'Gravity', 'Gravity Forms', 'Gutenberg', 'Header, Footer and Blocks for Elementor', 'Instagram Follow Button', 'JetWooBuilder', 'LearnDash', 'LinkedIn Insights', 'LinkedIn Pixel', 'Microdata for Google Shopping', 'Microsoft 365', 'NFOrce Internet', 'PHP', 'QUIC', 'Sitelinks Search Box', 'Smart Coupons for WooCommerce', 'Table Addons for Elementor', 'The Events Calendar', 'The SEO Framework', 'Theme In WP', 'UTF-8', 'Uncanny Toolkit for LearnDash', 'University or College', 'Vue.js', 'Woo Themes', 'WooCommerce', 'WooCommerce Checkout', 'WooCommerce Pixel Manager by woopt', 'WooCommerce Stripe Payment Gateway', 'WordPress', 'WordPress Multisite', 'WordPress Related Posts', 'WordPress SEO Structured Data Schema Plugin', 'jQuery']"
exceltekay.com,Excel TeKay – Cybersecurity Consulting and Secure Websites.,,USA,65,21500,2026-05-25T11:32:19.973398571Z,"['AWS WAF Challenge', 'Alternate Protocol', 'Apture Linking Platform', 'Cloudflare', 'Cloudflare CDN', 'Contact Form Plugin', 'Content Delivery Network', 'Elementor', 'ElementsKit Elementor', 'Embed Any Document', 'EmbedPress', 'Essential Addons for Elementor', 'Google', 'Google My Business', 'Hello Elementor', 'LearnDash', 'Line2', 'LiteSpeed', 'NFOrce Internet', 'PHP', 'Presto Player', 'Theme In WP', 'To Top', 'UTF-8', 'Woo Themes', 'WooCommerce', 'WooCommerce Checkout', 'WooCommerce Payments', 'WordPress', 'WordPress Download Manager', 'WordPress Multisite', 'jQuery', 'reCAPTCHA']"
myauslan.com,MyAuslan - MyAuslan,MyAuslan,,55,991,2026-05-25T10:52:07.710339644Z,"['Alternate Protocol', 'Amazon WAF Blocked', 'BuddyBoss', 'Content Delivery Network', 'DuracellTomi Google Tag Manager for WordPress', 'Elementor', 'EmbedPress', 'GZIP Module', 'Google', 'Google Analytics', 'Google Cloud CDN', 'Google Cloud DNS', 'Google Font API', 'Google My Business', 'Google Tag Manager', 'Gravity', 'Gravity Forms', 'IcoMoon', 'Instagram Follow Button', 'LearnDash', 'LiteSpeed', 'MailerLite', 'Max Mega Menu', 'Max Mega Menu Pro', 'Microdata for Google Shopping', 'MonsterInsights', 'PHP', 'Pagekit', 'Perl', 'QUIC', 'SiteW', 'Smush Image Optimization', 'Theme In WP', 'UTF-8', 'Uncanny Toolkit for LearnDash', 'Woo Themes', 'WooCommerce', 'WooCommerce Checkout', 'WordPress', 'WordPress Multisite', 'jQuery']"
biawarriorfitness.co.uk,Bia Warrior Fitness and Rehab – Lets get Warrior Strong,,,55,899,2026-05-25T08:08:19.968792825Z,"['AWS WAF Challenge', 'Alternate Protocol', 'Apache', 'Elementor', 'EmbedPress', 'Essential Addons for Elementor', 'GZIP Module', 'Header, Footer and Blocks for Elementor', 'Hello Elementor', 'LearnDash', 'NFOrce Internet', 'PHP', 'QUIC', 'Theme In WP', 'WordPress', 'WordPress Multisite', 'jQuery']"
dcciportal.co.uk,DCC-i CPD Customer Portal,,GBR,70,16397,2026-05-25T07:51:19.349896573Z,"['Alternate Protocol', 'Astra Theme', 'Automattic', 'Coming Soon Page', 'Content Delivery Network', 'EmbedPress', 'Event Tickets for Wordpress', 'Fireblade', 'Google Analytics', 'Google Cloud DNS', 'Google Font API', 'Google My Business', 'Google Tag Manager', 'H5P for WordPress', 'Jetpack', 'LearnDash', 'LiteSpeed', 'PHP', 'Perl', 'QUIC', 'Theme In WP', 'UTF-8', 'University or College', 'Woo Themes', 'WooCommerce', 'WooCommerce Checkout', 'WordPress', 'WordPress Multisite', 'WordPress Related Posts', 'WordPress Stats', 'jQuery']"
kitchensbathandbeyond.com,Kitchens Bath and Beyond – Inspire. Design. Renovate,,USA,80,2930,2026-05-25T05:20:21.28802959Z,"['Alternate Protocol', 'Automattic', 'Calendly', 'Elementor', 'ElementsKit Elementor', 'EmbedPress', 'Essential Addons for Elementor', 'Hello Elementor', 'Jetpack', 'Jetpack Site Accelerator', 'Klarna', 'LearnDash', 'NFOrce Internet', 'Nginx', 'PHP', 'QUIC', 'Table Addons for Elementor', 'Theme In WP', 'Theme My Login', 'UTF-8', 'WordPress', 'WordPress Multisite', 'jQuery']"
p-1avisa.com,Visa Consultation Letters | Esports Trade Association,,USA,82,20228,2026-05-25T05:08:19.972365264Z,"['AWS WAF Challenge', 'AdRotate for WordPress', 'Alternate Protocol', 'CDN JS', 'Cloudflare', 'Cloudflare CDN', 'Content Delivery Network', 'Discord', 'EmbedPress', 'Font Awesome', 'Google', 'Google Analytics', 'Google Cloud CDN', 'Google Cloud DNS', 'Google Font API', 'Google Forms', 'Google My Business', 'Google Related Website Sites', 'Google Tag Manager', 'InitiativeS', 'Instagram Follow Button', 'LearnDash', 'MailMunch', 'Microdata for Google Shopping', 'PHP', 'QUIC', 'Slider Revolution', 'Theme In WP', 'UTF-8', 'WP Engine', 'WordPress', 'WordPress Multisite', 'YouTube', 'jQuery']"
charactermath.org,Character Math – Three Week Math Program,,USA,70,19160,2026-05-24T22:51:12.310950502Z,"['AWS WAF Challenge', 'Alternate Protocol', 'Amazon WAF Blocked', 'Contact Form Plugin', 'Eduma', 'Elementor', 'EmbedPress', 'Google', 'Google Cloud DNS', 'Google Font API', 'Google Maps', 'Google My Business', 'IcoMoon', 'Instagram Follow Button', 'LearnDash', 'LiteSpeed', 'MemberPress', 'Microdata for Google Shopping', 'PHP', 'Premium Addons for Elementor', 'QUIC', 'Schema Plugin', 'Slider Revolution', 'Tailwind CSS', 'Theme In WP', 'UTF-8', 'Woo Themes', 'WooCommerce', 'WooCommerce Checkout', 'WooLentor', 'WordPress', 'WordPress Multisite', 'YouTube', 'jQuery']"
mainstayacademics.com,Mainstay Academics – Academic Coaching and Consulting Services,,,70,19267,2026-05-24T20:51:19.501041454Z,"['AWS WAF Challenge', 'Alternate Protocol', 'Amazon WAF Blocked', 'Cloudflare', 'Content Delivery Network', 'EmbedPress', 'Fontello', 'Google', 'Google Cloud DNS', 'Google Font API', 'Instagram Follow Button', 'Lazy Load for WordPress', 'LearnDash', 'QUIC', 'Slider Revolution', 'Twitter Ads', 'UTF-8', 'University or College', 'WP Engine', 'WP GDPR Compliance', 'WP Rocket', 'WPBakery', 'WordPress', 'WordPress Multisite', 'eLand']"
theenglishcoach.biz,The English Coach – Coaching & Courses for Businesses,,,62,10938,2026-05-24T19:18:23.33581242Z,"['Alternate Protocol', 'BLR', 'EmbedPress', 'IcoMoon', 'Instagram Follow Button', 'LearnDash', 'PHP', 'Pagekit', 'QUIC', 'Thank You', 'Theme In WP', 'ThemeFusion', 'Tumblr', 'UTF-8', 'WP jQuery Lightbox', 'WhatsApp Sharing', 'WordPress', 'WordPress Multisite', 'YouTube', 'jQuery']"
astudentofleadership.com,"A Student of Leadership, LLC",,,60,13115,2026-05-24T18:33:32.226379232Z,"['AJAX Libraries API', 'AWS WAF Challenge', 'Alternate Protocol', 'CDN JS', 'Calendly', 'Cloudflare', 'Cloudflare CDN', 'Coming Soon Page', 'Content Delivery Network', 'DAV', 'Elementor', 'EmbedPress', 'Essential Addons for Elementor', 'Fireblade', 'GoDaddy', 'Google Cloud DNS', 'Gravity', 'Hello Elementor', 'LearnDash', 'Line2', 'MailOptin for Wordpress', 'Metronet Profile Picture', 'NFOrce Internet', 'OnlineWebFonts', 'PHP', 'Table Addons for Elementor', 'Tailwind CSS', 'Theme In WP', 'UTF-8', 'Vector Internet Services', 'Wangsu', 'Website Tonight', 'Woo Themes', 'WooCommerce', 'WooCommerce Checkout', 'WordPress', 'WordPress Multisite', 'jQuery', 'jsDelivr']"
adrn.org,Austin Disaster Relief Network – Together in disaster And every day after,,USA,70,158063,2026-05-24T18:23:09.291014873Z,"['501c3 Status Nonprofit', 'AWS WAF Challenge', 'Alternate Protocol', 'Amazon WAF Blocked', 'Content Delivery Network', 'Elementor', 'Elementor Custom Skin', 'ElementsKit Elementor', 'EmbedPress', 'Frontend Reset Password', 'Google', 'Google Analytics', 'Google Cloud CDN', 'Google Cloud DNS', 'Google Font API', 'Google Tag Manager', 'Gravity', 'Gravity Forms', 'Hello Elementor', 'InitiativeS', 'Instagram Follow Button', 'LearnDash', 'Line2', 'MailChimp', 'Nginx', 'PHP', 'QUIC', 'RM Education', 'Salesforce Experience Cloud', 'Stripe', 'Theme In WP', 'Twitter Ads', 'UTF-8', 'Uncanny Toolkit for LearnDash', 'Vimeo', 'Virtuous', 'Vue.js', 'WP Engine', 'WordPress', 'WordPress Multisite', 'YouTube', 'jQuery']"
earlymedical.com,Early | Peter Attia’s Digital Longevity Program,,,72,25384,2026-05-24T17:35:52.895774937Z,"['Alternate Protocol', 'BigScoots', 'CCSI', 'Cloudflare', 'Cloudflare CDN', 'Cloudflare Web Analytics', 'Content Delivery Network', 'CookieYes', 'DuracellTomi Google Tag Manager for WordPress', 'EmbedPress', 'Fastly', 'Financial Services Guide', 'Google Analytics', 'Google Tag Manager', 'Gravity', 'Gravity Forms', 'Instagram Follow Button', 'LearnDash', 'MemberPress', 'Microdata for Google Shopping', 'PHP', 'Perfmatters', 'Perl', 'QUIC', 'ScheduleOnce', 'SearchWP', 'Theme In WP', 'Twitter Ads', 'UTF-8', 'University or College', 'Vercel', 'Vimeo', 'WordPress', 'WordPress Multisite', 'YouTube', 'eLand', 'jQuery']"
forestlakeparks.com,Memorial Park Philippines | Forest Lake Memorial Parks,ForestLake Memorial Parks,,82,52348,2026-05-24T15:15:07.137980645Z,"['Alternate Protocol', 'Cloudflare', 'Cloudflare CDN', 'Content Delivery Network', 'Elementor', 'EmbedPress', 'Google Adsense', 'Google Funding Choices', 'Google Matched Content', 'Google Reseller', 'Hello Elementor', 'Instagram Follow Button', 'LearnDash', 'Microdata for Google Shopping', 'NFOrce Internet', 'PHP', 'QUIC', 'Royal Elementor Addons', 'SMC', 'Theme In WP', 'UTF-8', 'WP Job Openings', 'WordPress', 'WordPress Multisite', 'YouTube', 'jQuery']"
mylandmarktech.com,Landmark Technologies,,USA,70,4915,2026-05-24T13:51:44.123429379Z,"['Alternate Protocol', 'Apache', 'Apture Linking Platform', 'Contact Form Plugin', 'Elementor', 'EmbedPress', 'GZIP Module', 'GitHub Hosting', 'Google', 'Google Analytics', 'Google Tag Manager', 'LearnDash', 'LiteSpeed', 'NFOrce Internet', 'OceanWP', 'PHP', 'Premium Addons for Elementor', 'QUIC', 'Theme In WP', 'UTF-8', 'WP Rocket', 'Woo Themes', 'WordPress', 'WordPress Multisite', 'YouTube', 'jQuery']"
edgelearning.com.au,Elearning services for industry – Edge Learning Services,Edge Learning Services,AUS,82,20981,2026-05-24T11:22:20.307369872Z,"['Alternate Protocol', 'Astra Theme', 'CartFlows', 'Cloudflare', 'Cloudflare CDN', 'Cloudflare Web Analytics', 'Elementor', 'EmbedPress', 'Fireblade', 'Google Analytics', 'Google Cloud DNS', 'Google Font API', 'Google My Business', 'Google Tag Manager', 'InitiativeS', 'Lazy Load for WordPress', 'LearnDash', 'LinkedIn Insights', 'LinkedIn Pixel', 'Microdata for Google Shopping', 'Microsoft Clarity', 'MonsterInsights', 'NFOrce Internet', 'PHP', 'Perfect Audience', 'QUIC', 'Theme In WP', 'UTF-8', 'WP Rocket', 'Woo Themes', 'WooCommerce', 'WooCommerce Checkout', 'WordPress', 'WordPress Multisite', 'YouTube', 'jQuery', 'monday.com']"
countryfriedcreative.com,Digital Marketing Agency - Country Fried Creative,Country Fried Creative,USA,92,19789,2026-05-24T11:06:42.435967325Z,"['501c3 Status Nonprofit', 'AWS WAF Challenge', 'Adobe Creative Cloud WebFonts', 'Alternate Protocol', 'Cloudflare', 'Content Delivery Network', 'Divi', 'EWWW Image Optimizer', 'Elegant Themes', 'EmbedPress', 'Google', 'Google Analytics', 'Google Cloud CDN', 'Google Cloud DNS', 'Google Font API', 'Google Maps', 'Google My Business', 'Google Tag Manager', 'Instagram Follow Button', 'Lazy Load for WordPress', 'LearnDash', 'Microdata for Google Shopping', 'PHP', 'Theme In WP', 'UTF-8', 'WP Engine', 'Woo Themes', 'WooCommerce', 'WooCommerce Checkout', 'WordPress', 'WordPress Multisite', 'YouTube', 'eLand', 'jQuery']"
mypdh.contractors,mypdh.contractors – 14 Hour Florida Contractors CE Course,,,55,951,2026-05-24T09:03:52.605237607Z,"['Accordion Blocks', 'Alternate Protocol', 'EmbedPress', 'Fastly', 'Google Cloud DNS', 'Google Font API', 'Gutenberg Blocks by Kadence Blocks', 'Jetpack', 'Kadence WP', 'LearnDash', 'Nginx', 'PHP', 'QUIC', 'Theme In WP', 'UTF-8', 'Woo Themes', 'WooCommerce', 'WooCommerce Checkout', 'WooCommerce Payments', 'WordPress', 'WordPress Multisite', 'WordPress Stats', 'jQuery']"
medprep.net,MedPrep | Best UCAT Preparation Courses in Australia,MedPrep,,67,27897,2026-05-24T07:58:53.562735307Z,"['AJAX Libraries API', 'AWS WAF Challenge', 'Alternate Protocol', 'Animate It', 'Astra Theme', 'CDN JS', 'CartFlows', 'Cloudflare', 'Cloudflare CDN', 'Coming Soon Page', 'EmbedPress', 'Font Awesome', 'FreeCSSTemplates', 'Google', 'Google Analytics', 'Google Cloud DNS', 'Google Font API', 'Google Related Website Sites', 'Google Tag Manager', 'Intercom', 'LearnDash', 'LiteSpeed', 'Microdata for Google Shopping', 'PHP', 'Page scroll to id', 'PixelYourSite', 'QUIC', 'Sitelinks Search Box', 'Slider Revolution', 'StackPath', 'TablePress', 'Theme In WP', 'UTF-8', 'University or College', 'Visual Composer Ultimate Addons', 'WPBakery', 'Woo Themes', 'WooCommerce', 'WooCommerce Checkout', 'WooCommerce Stripe Payment Gateway', 'WordPress', 'WordPress Multisite', 'jQuery']"
cyberurdupremium.com,Home - Cyber Urdu Premium,Cyber Urdu Premium,,72,3450,2026-05-24T02:59:19.32263495Z,"['Alternate Protocol', 'Astra Theme', 'Elementor', 'EmbedPress', 'Google Cloud DNS', 'Google Customer Reviews', 'Google Font API', 'Google Related Website Sites', 'Header, Footer and Blocks for Elementor', 'Jetpack', 'LearnDash', 'Microdata for Google Shopping', 'NFOrce Internet', 'PHP', 'Presto Player', 'QUIC', 'Schema Plugin', 'Table Addons for Elementor', 'Theme In WP', 'Twitter Ads', 'UTF-8', 'Woo Themes', 'WordPress', 'WordPress Multisite', 'WordPress Related Posts', 'YouTube', 'jQuery']"
3dheals.com,"Healthcare 3D Printing, Bioprinting, Innovation Platform -3DHEALS",3DHEALS,,77,20666,2026-05-24T02:04:37.459600633Z,"['AWS WAF Challenge', 'Alternate Protocol', 'Apture Linking Platform', 'CDN JS', 'Cloudflare', 'Cloudflare CDN', 'EmbedPress', 'Font Awesome', 'Gambling Content', 'Google Adsense', 'Google Analytics', 'Google Cloud DNS', 'Google Font API', 'Google Funding Choices', 'Google Matched Content', 'Google Reseller', 'Google Tag Manager', 'Instagram Follow Button', 'LearnDash', 'License Buttons', 'Microdata for Google Shopping', 'PHP', 'Perl', 'QUIC', 'Schema Plugin', 'Theme In WP', 'Twitter Ads', 'Vector Internet Services', 'WP Fastest Cache', 'Woo Themes', 'WooCommerce', 'WooCommerce Checkout', 'WordPress', 'WordPress Multisite', 'YouTube', 'jQuery', 'jsDelivr']"
learnhotenglish.com,Clases de inglés para empresas - Learn Hot English,,ESP,70,3468,2026-05-24T00:18:09.715688626Z,"['Alternate Protocol', 'Contact Form Plugin', 'Cookie Accept', 'Cookie Notice', 'Elementor', 'EmbedPress', 'Express', 'Facebook Login', 'Facebook Messenger Platform', 'Facebook Reseller', 'Font Awesome', 'FormSubmit', 'GZIP Module', 'Google Adsense', 'Google Analytics', 'Google Cloud DNS', 'Google Conversion Tracking', 'Google Font API', 'Google Funding Choices', 'Google Matched Content', 'Google My Business', 'Google Reseller', 'Google Tag Manager', 'LearnDash', 'MailChimp', 'Microdata for Google Shopping', 'Nginx', 'PHP', 'Parallels Plesk Panel', 'Popup Maker for Wordpress', 'Theme In WP', 'Twitter Ads', 'UTF-8', 'Vimeo', 'WPBakery', 'Woo Themes', 'WooCommerce', 'WooCommerce Checkout', 'WooCommerce Pixel Manager by woopt', 'WordPress', 'WordPress Multisite', 'YouTube', 'jQuery', 'reCAPTCHA']"
reconciliationmcc.org,Home Two - The Reconciliation Ministry of Christ Church,,GBR,75,11762,2026-05-23T23:14:07.354280165Z,"['Alternate Protocol', 'Amazon Widgets', 'Click to Chat for WhatsApp', 'Contact Form Plugin', 'Content Delivery Network', 'Elementor', 'EmbedPress', 'Essential Addons for Elementor', 'Google', 'Google Analytics', 'Google Cloud CDN', 'Google Cloud DNS', 'Google Font API', 'Google My Business', 'Google Tag Manager', 'IcoMoon', 'InitiativeS', 'Instagram Follow Button', 'LearnDash', 'LiteSpeed', 'Microdata for Google Shopping', 'Negate', 'PHP', 'Perl', 'QUIC', 'Royal Elementor Addons', 'The Events Calendar', 'Theme In WP', 'Twitter Ads', 'UTF-8', 'WordPress', 'WordPress Multisite', 'YouTube', 'jQuery']"
faithfulguardianaviation.com,Home - Faithful Guardian Aviation,,USA,75,4385,2026-05-23T22:25:10.528850022Z,"['Adobe Creative Cloud WebFonts', 'Alternate Protocol', 'Apture Linking Platform', 'Digital Ocean Spaces', 'EmbedPress', 'Facebook Login', 'Facebook Messenger Platform', 'Facebook Reseller', 'GZIP Module', 'Google', 'Google Cloud DNS', 'Google Font API', 'Mailjet Email Marketing for Wordpress', 'Mailjet Widget', 'Microdata for Google Shopping', 'Nginx', 'PHP', 'Quiz Maker', 'Revolution Theme', 'Theme In WP', 'UTF-8', 'Ubuntu', 'Uncanny Toolkit for LearnDash', 'University or College', 'WP Rocket', 'WPBakery', 'Woo Themes', 'WooCommerce Checkout', 'WordPress', 'WordPress Multisite', 'YouTube', 'jQuery']"
riannascipio.com,Rianna Scipio - No Boss. Just Brilliance.,Rianna Scipio,USA,92,3310,2026-05-23T21:55:05.537049105Z,"['Alternate Protocol', 'Apache', 'Apture Linking Platform', 'Contact Form Plugin', 'Content Delivery Network', 'Divi', 'Elegant Themes', 'EmbedPress', 'GZIP Module', 'Google', 'Google Adsense', 'Google Cloud CDN', 'Google Funding Choices', 'Google Matched Content', 'Google Reseller', 'Google Tag Manager', 'LearnDash', 'Microdata for Google Shopping', 'NitroPack', 'PHP', 'Perl', 'QUIC', 'UTF-8', 'Woo Themes', 'WooCommerce', 'WooCommerce Checkout', 'WordPress', 'WordPress Multisite', 'YouTube', 'eLand', 'jsDelivr']"
canadiedental.com,Dental Assisting Training in Canada | NDAEB Exam Training | Canadie Dental,Canadie Dental,USA,82,22054,2026-05-23T21:55:05.526356129Z,"['Alternate Protocol', 'CDN JS', 'Calendly', 'Cloudflare', 'Cloudflare CDN', 'Content Delivery Network', 'Divi', 'Elegant Themes', 'EmbedPress', 'GZIP Module', 'Google Analytics', 'Google Cloud DNS', 'Google Font API', 'Google Forms', 'Google My Business', 'Google Related Website Sites', 'Google Tag Manager', 'Instagram Follow Button', 'LearnDash', 'LiteSpeed', 'Microdata for Google Shopping', 'PHP', 'QUIC', 'QuadLayers', 'Theme In WP', 'UTF-8', 'Uncanny Toolkit for LearnDash', 'W3 Total Cache', 'Waveform Technology', 'Woo Themes', 'WooCommerce', 'WooCommerce Checkout', 'WooCommerce Payments', 'WooCommerce Stripe Payment Gateway', 'WordPress', 'WordPress Multisite', 'YouTube', 'eLand', 'jQuery']"
saleservice.training,5th Order Industry – SaleService.Training – Sales Service – Online Training,,,55,806,2026-05-23T21:26:02.350731965Z,"['Alternate Protocol', 'Better Lead Generation Services', 'Content Delivery Network', 'EmbedPress', 'Google Analytics', 'Google Cloud DNS', 'Google Font API', 'Google My Business', 'Google Tag Manager', 'Gravity Forms', 'IcoMoon', 'LearnDash', 'LiteSpeed', 'PHP', 'StackPath', 'Tailwind CSS', 'Theme In WP', 'UTF-8', 'Uncanny Toolkit for LearnDash', 'UnderStrap', 'Woo Themes', 'WooCommerce', 'WooCommerce Checkout', 'WordPress', 'WordPress Multisite', 'jQuery', 'jsDelivr', 'reCAPTCHA']"
norgesmultikulturellesenter.no,NOMKUS – Norges Multikulturelle Senter,,,65,946,2026-05-23T15:19:30.495806458Z,"['AJAX Libraries API', 'Alternate Protocol', 'Cloudflare', 'Content Delivery Network', 'EmbedPress', 'GTranslate', 'Google Cloud DNS', 'Google Font API', 'Google My Business', 'Instagram Follow Button', 'LearnDash', 'Newsletter for Wordpress', 'PHP', 'Porto Wordpress', 'QUIC', 'Tailwind CSS', 'Theme In WP', 'Twitter Ads', 'UTF-8', 'WPBakery', 'Woo Themes', 'WooCommerce', 'WooCommerce Checkout', 'WordPress', 'WordPress Multisite', 'YouTube', 'jQuery']"
epmtraining.co.uk,Pest Awareness Training in Food Manufacturing | Online Course,epmtraining.co.uk,,67,1135,2026-05-23T12:47:42.350154756Z,"['Alternate Protocol', 'CDN JS', 'Cloudflare', 'Cloudflare CDN', 'Content Delivery Network', 'EmbedPress', 'GTranslate', 'Google Analytics', 'Google Cloud DNS', 'Google Font API', 'Google Tag Manager', 'Gutenberg Blocks by Kadence Blocks', 'H5P for WordPress', 'Kadence WP', 'LearnDash', 'LiteSpeed', 'Microdata for Google Shopping', 'PHP', 'QUIC', 'Site Kit', 'Theme In WP', 'UTF-8', 'Woo Themes', 'WooCommerce', 'WooCommerce Checkout', 'WooCommerce Stripe Payment Gateway', 'WordPress', 'WordPress Multisite', 'jQuery']"
vendoraccountability.com,Automotive Dealer Vendor Accountability – VendorAccountability.com,,,60,8351,2026-05-23T12:47:42.348864635Z,"['Alternate Protocol', 'Automattic', 'Coming Soon Page', 'Content Delivery Network', 'EmbedPress', 'Google Cloud DNS', 'Google Font API', 'Gutenberg Blocks by Kadence Blocks', 'Jetpack', 'Kadence WP', 'LearnDash', 'LiteSpeed', 'PHP', 'QUIC', 'Theme In WP', 'UTF-8', 'VinSolutions', 'Woo Themes', 'WooCommerce', 'WooCommerce Checkout', 'WordPress', 'WordPress Multisite', 'WordPress Stats', 'jQuery']"
incisecosmetics.co.uk,Incise Cosmetics | Cosmetic Treatments | Cosmetic Training,,GBR,77,50350,2026-05-23T12:35:08.520989832Z,"['Alternate Protocol', 'Amazon WAF Blocked', 'Apache', 'Apyl', 'Astra Theme', 'Dynamic Visibility for Elementor', 'Elementor', 'EmbedPress', 'Express', 'GZIP Module', 'Google', 'Google Analytics', 'Google Cloud DNS', 'Google Font API', 'Google Tag Manager', 'Instagram Follow Button', 'K2F', 'KVH', 'LearnDash', 'MailChimp', 'Microdata for Google Shopping', 'NFOrce Internet', 'OoohBoi Steroids for Elementor', 'PHP', 'Perl', 'QUIC', 'Sitelinks Search Box', 'Table Addons for Elementor', 'Theme In WP', 'WhatsApp Sharing', 'Woo Themes', 'WooCommerce', 'WooCommerce Checkout', 'WooCommerce Stripe Payment Gateway', 'WooLentor', 'WordPress', 'WordPress Download Manager', 'WordPress Multisite', 'WordPress Related Posts', 'jQuery']"
mutualglobeeducation.com,Home - Mutual Globe Education,Mutual Globe Education,,67,20866,2026-05-23T12:29:19.989629097Z,"['AWS WAF Challenge', 'Alternate Protocol', 'Automattic', 'Cloudflare', 'Cloudflare CDN', 'CoBlocks', 'Content Delivery Network', 'EmbedPress', 'GoDaddy', 'Google', 'Google My Business', 'Google Related Website Sites', 'Jetpack', 'Jetpack Site Accelerator', 'LearnDash', 'Microdata for Google Shopping', 'Nginx', 'PHP', 'Perl', 'Twenty Twenty-Two', 'UTF-8', 'WordPress', 'WordPress Multisite', 'WordPress Related Posts', 'WordPress Stats', 'YouTube', 'jQuery', 'reCAPTCHA']"
vector.com.mm,VECTOR Online Learning Platform and E Learning Leading - VECTOR,,,67,12617,2026-05-23T10:11:19.971864123Z,"['Alternate Protocol', 'Amazon WAF Blocked', 'Apture Linking Platform', 'Astra Theme', 'Chatbase', 'Elementor', 'Elementor Custom Skin', 'EmbedPress', 'Facebook Conversion Tracking', 'Facebook Login', 'Facebook Messenger Platform', 'Facebook Pixel', 'Facebook Reseller', 'Facebook Tag API', 'Firebase', 'Google Adsense', 'Google Analytics', 'Google Cloud DNS', 'Google Font API', 'Google Funding Choices', 'Google Matched Content', 'Google My Business', 'Google Reseller', 'Google Tag Manager', 'Kinsta', 'Lazy Load for WordPress', 'LearnDash', 'LiteSpeed', 'MailChimp', 'Medium', 'Menu Icons by ThemeIsle', 'Microdata for Google Shopping', 'NFOrce Internet', 'PHP', 'ProfilePress', 'QUIC', 'Shoelace Style', 'Site Kit', 'Sitelinks Search Box', 'Theme In WP', 'Twitter Ads', 'UTF-8', 'Vector Internet Services', 'Vimeo', 'WP Rocket', 'Woo Themes', 'WordPress', 'WordPress Multisite', 'WordPress Related Posts', 'YouTube', 'jQuery']"
elanimalemocional.com,Terapia emocional y coaching espiritual El Animal Emocional,,,67,22551,2026-05-23T09:59:19.991918711Z,"['Alternate Protocol', 'DuracellTomi Google Tag Manager for WordPress', 'Elementor', 'EmbedPress', 'GDPR Cookie Compliance', 'GZIP Module', 'Google Analytics', 'Google Cloud DNS', 'Google Font API', 'Google Tag Manager', 'Hello Elementor', 'Instagram Follow Button', 'LearnDash', 'M247', 'MailChimp for WordPress', 'Microdata for Google Shopping', 'NFOrce Internet', 'Nginx', 'PHP', 'Site Kit', 'Table Addons for Elementor', 'Theme In WP', 'UTF-8', 'WP Rocket', 'Woo Themes', 'WooCommerce', 'WooCommerce Checkout', 'WooCommerce Stripe Payment Gateway', 'WordPress', 'WordPress Multisite', 'jQuery']"
rebeccarileywellness.co.uk,Rebecca Riley Wellness | Wellness starts here,,,45,784,2026-05-23T08:53:20.005031079Z,"['AWS WAF Challenge', 'Alternate Protocol', 'Apache', 'Cloudflare', 'Cloudflare CDN', 'Creative Mail by Constant Contact', 'Divi', 'Elegant Themes', 'EmbedPress', 'Events Manager for WordPress', 'GZIP Module', 'Google', 'Google Cloud CDN', 'Google Cloud DNS', 'Google Font API', 'Google My Business', 'Jetpack', 'LearnDash', 'PHP', 'Theme In WP', 'UTF-8', 'Woo Themes', 'WordPress', 'WordPress Multisite', 'WordPress Stats', 'jQuery']"
hoccatmaytotnhat.vn,Học cắt may tốt nhất – Thủy Mốt – Thủy&Mốt,,THA,65,3613,2026-05-23T08:26:19.978219382Z,"['Alternate Protocol', 'CDN JS', 'Cloudflare', 'Cloudflare CDN', 'EmbedPress', 'Flatsome', 'Google', 'Google Analytics', 'Google Cloud DNS', 'Google Font API', 'Google Tag Manager', 'IcoMoon', 'Lazy Load for WordPress', 'LearnDash', 'LiteSpeed', 'PHP', 'QUIC', 'Tailwind CSS', 'Theme In WP', 'UTF-8', 'WP Rocket', 'Woo Themes', 'WooCommerce', 'WooCommerce Checkout', 'WordPress', 'WordPress Multisite', 'YouTube', 'jQuery']"
killgermtraining.com,Killgerm Training | Professional Pest Control Courses in the UK,Killgerm Training,GBR,77,16367,2026-05-23T07:29:10.530248446Z,"['Adobe Creative Cloud WebFonts', 'Alibaba Cloud CDN', 'Alternate Protocol', 'Complianz', 'Elementor', 'EmbedPress', 'Essential Addons for Elementor', 'Events Manager for WordPress', 'Font Awesome', 'GZIP Module', 'Google', 'Google Analytics', 'Google Cloud CDN', 'Google Cloud DNS', 'Google Font API', 'Google My Business', 'Google Tag Manager', 'Gravity', 'Gravity Forms', 'Hello Elementor', 'Hotjar', 'LearnDash', 'Microdata for Google Shopping', 'NFOrce Internet', 'Nginx', 'PHP', 'Parallels Plesk Panel', 'Popup Maker for Wordpress', 'RM Education', 'Table Addons for Elementor', 'Theme In WP', 'Twitter Ads', 'UTF-8', 'Uncanny Toolkit for LearnDash', 'University or College', 'Vimeo', 'Woo Themes', 'WooCommerce', 'WooCommerce Checkout', 'WordPress', 'WordPress Download Manager', 'WordPress Multisite', 'YouTube', 'jQuery', 'reCAPTCHA']"
sigmateq.eu,"SIGMATEQ – Business Excellence, Process Management, Lean, Six Sigma",,,60,1087,2026-05-23T04:05:19.987856263Z,"['AWS WAF Challenge', 'Alternate Protocol', 'Apache', 'Contact Form Plugin', 'Elementor', 'EmbedPress', 'GZIP Module', 'Google My Business', 'LearnDash', 'Material Design Icons', 'NFOrce Internet', 'PHP', 'QUIC', 'Theme In WP', 'UTF-8', 'Uncanny Toolkit for LearnDash', 'W3 Total Cache', 'WPML Multilingual', 'Woo Themes', 'WooCommerce', 'WooCommerce Checkout', 'WordPress', 'WordPress Multisite', 'jQuery', 'reCAPTCHA']"
investinginwellbeing.co.uk,Online Mental Wellbeing Workshops | Investing in Wellbeing,,,72,18333,2026-05-23T03:24:15.938991978Z,"['AWS WAF Challenge', 'Adobe Creative Cloud WebFonts', 'Alternate Protocol', 'Contact Form Plugin', 'Custom Facebook Feed', 'Custom Twitter Feeds', 'ElementUI', 'EmbedPress', 'Google Analytics', 'Google Tag Manager', 'Hotjar', 'Instagram Feed for WordPress', 'LearnDash', 'Microdata for Google Shopping', 'Nginx', 'PHP', 'Pico CSS', 'Simple Share Buttons Adder', 'Tailwind CSS', 'Theme In WP', 'UTF-8', 'WP Super Cache', 'WordPress', 'WordPress Multisite', 'hCaptcha', 'jQuery', 'shadcn ui']"
tigerelearning.com,Welcome to Tiger eLearning - TIGER eLEARNING,,,60,641,2026-05-23T03:20:20.023355539Z,"['Alternate Protocol', 'Cloudflare', 'Content Delivery Network', 'EmbedPress', 'GoDaddy', 'Google Cloud DNS', 'Google Font API', 'LearnDash', 'Microdata for Google Shopping', 'PHP', 'StudioPress', 'Theme In WP', 'UTF-8', 'WPForms', 'WordPress', 'WordPress Multisite', 'jQuery']"
martialartssystem.com,Martial Arts System – Learn with the masters,,,55,721,2026-05-23T02:17:19.983026941Z,"['Alternate Protocol', 'Apache', 'Automattic', 'CoBlocks', 'Coming Soon Page', 'EmbedPress', 'GZIP Module', 'Google', 'IcoMoon', 'Jetpack', 'Lazy Load for WordPress', 'LearnDash', 'Mautic', 'PHP', 'Paid Memberships Pro', 'QUIC', 'SiteW', 'Theme In WP', 'To Top', 'UTF-8', 'WP Rocket', 'Way', 'Woo Themes', 'WooCommerce', 'WooCommerce Checkout', 'WooCommerce Payments', 'WordPress', 'WordPress Multisite', 'WordPress Stats', 'bbPress', 'jQuery']"
fe-male-think-tank.com,FE+MALE Think Tank – Boosting Gender Diversity in Entrepreneurship,,,67,89121,2026-05-23T01:26:19.997064206Z,"['AWS WAF Challenge', 'Alternate Protocol', 'Automattic', 'BatCache', 'CoBlocks', 'DAV', 'EmbedPress', 'Fastly', 'FormSubmit', 'GoDaddy', 'Google Analytics', 'Google Tag Manager', 'Gutenberg', 'Jetpack', 'Jetpack Site Accelerator', 'KVH', 'LearnDash', 'Nginx', 'PHP', 'Perl', 'SMC', 'Subversion', 'Thank You', 'Theme In WP', 'Twenty Twenty', 'UTF-8', 'Woo Themes', 'WooCommerce', 'WooCommerce Checkout', 'WordPress', 'WordPress Multisite', 'WordPress Stats', 'jQuery']"
theresnoplacelikehome.online,There's No Place Like Home – Homebuyers Club,,USA,70,89500,2026-05-23T00:22:24.539167137Z,"['Alternate Protocol', 'Cloudflare', 'Complianz', 'Contact Form Plugin', 'Content Delivery Network', 'Educavo Theme', 'Elementor', 'EmbedPress', 'Font Awesome', 'FreeCSSTemplates', 'GoDaddy', 'Google', 'Google Cloud CDN', 'Google Cloud DNS', 'Google Font API', 'Header, Footer and Blocks for Elementor', 'IcoMoon', 'KVH', 'Lazy Load for WordPress', 'LearnDash', 'PHP', 'SMC', 'Slider Revolution', 'Theme In WP', 'UTF-8', 'Wangsu', 'Woo Themes', 'WooCommerce', 'WooCommerce Checkout', 'WordPress', 'WordPress Multisite', 'jQuery']"
esmcounselingandconsulting.com,Home | ESM Counseling & Consulting,ESM Counseling and Consulting,USA,82,66705,2026-05-23T00:16:45.691150185Z,"['AWS WAF Challenge', 'Alternate Protocol', 'Elementor', 'EmbedPress', 'Express', 'Google Analytics', 'Google Cloud DNS', 'Google Font API', 'Google My Business', 'Google Related Website Sites', 'Google Tag Manager', 'Instagram Follow Button', 'Kadence WP', 'LearnDash', 'LiteSpeed', 'Microdata for Google Shopping', 'PHP', 'QUIC', 'SMC', 'Site Kit', 'Theme In WP', 'UTF-8', 'University or College', 'Woo Themes', 'WooCommerce', 'WooCommerce Checkout', 'WooCommerce Stripe Payment Gateway', 'WordPress', 'WordPress Multisite', 'jQuery']"
permacultureeducation.org,Permaculture Education,Permaculture Education,GBR,82,84279,2026-05-23T00:05:19.972278783Z,"['1Password', 'Alternate Protocol', 'Cart.com', 'DAV', 'Digital Ocean Spaces', 'EmbedPress', 'Facebook Conversion Tracking', 'Facebook Login', 'Facebook Messenger Platform', 'Facebook Pixel', 'Facebook Reseller', 'Facebook Tag API', 'Fastly', 'GZIP Module', 'Google Analytics', 'Google My Business', 'Google Tag Manager', 'Gravity', 'Gutenberg Blocks by Kadence Blocks', 'Instagram Follow Button', 'Kadence WP', 'KeyCDN', 'LearnDash', 'Microdata for Google Shopping', 'Nginx', 'PHP', 'Pinterest Conversion Tracking', 'QUIC', 'Recart', 'Stripe', 'Termageddon', 'Theme In WP', 'UTF-8', 'Uncanny Toolkit for LearnDash', 'Usercentrics', 'WordPress', 'WordPress Multisite', 'YouTube', 'jQuery', 'reCAPTCHA']"
thebusinessheroes.com,Home - Business Heroes® | TheBusinessHeroes.com,Business Heroes®,SGP,75,27152,2026-05-22T23:41:20.003700899Z,"['Alternate Protocol', 'Apache', 'Apture Linking Platform', 'Automattic', 'Better Lead Generation Services', 'Contento', 'EmbedPress', 'Facebook Conversion Tracking', 'Facebook Login', 'Facebook Messenger Platform', 'Facebook Pixel', 'Facebook Reseller', 'Facebook Tag API', 'GZIP Module', 'Google Analytics', 'Google Cloud DNS', 'Google Font API', 'Google Related Website Sites', 'Google Tag Manager', 'Instagram Follow Button', 'Jetpack', 'LearnDash', 'Microdata for Google Shopping', 'Newsletter for Wordpress', 'PHP', 'ProfilePress', 'QUIC', 'Schema Plugin', 'Sinatra', 'Stripe', 'Theme In WP', 'Woo Themes', 'WooCommerce', 'WooCommerce Checkout', 'WordPress', 'WordPress Multisite', 'WordPress Stats', 'jQuery']"
cclearningportal.co.uk,Care Control Learning Portal,,,45,1111,2026-05-22T21:28:31.990836809Z,"['AWS WAF Challenge', 'Alternate Protocol', 'Apache', 'Cloudflare', 'Cloudflare CDN', 'Elementor', 'EmbedPress', 'Fonts Plugin', 'GZIP Module', 'Google', 'Google Cloud DNS', 'Google Font API', 'Google My Business', 'Instagram Follow Button', 'Kadence WP', 'LearnDash', 'NFOrce Internet', 'PHP', 'Theme In WP', 'Twitter Ads', 'UTF-8', 'WordPress', 'WordPress Multisite', 'jQuery']"
rightrelationship.ca,Reconciliation Through Relationships – Sparking reconciliation one friendship at a time,,,65,33355,2026-05-22T20:50:31.056405901Z,"['AWS WAF Challenge', 'Alternate Protocol', 'Cloudflare', 'CoBlocks', 'Content Delivery Network', 'Elementor', 'EmbedPress', 'Express', 'GoDaddy', 'Hello Elementor', 'IcoMoon', 'LearnDash', 'NFOrce Internet', 'PHP', 'Theme In WP', 'UTF-8', 'Vimeo', 'Wangsu', 'WordPress', 'WordPress Multisite', 'jQuery']"
howtobuildup.org,Build Up – We transform conflict in the digital age.,,DEU,65,18297,2026-05-22T19:01:23.319092092Z,"['AWS WAF Challenge', 'Adobe Creative Cloud WebFonts', 'Alternate Protocol', 'Apache', 'Cloudflare', 'Cloudflare CDN', 'DAV', 'EmbedPress', 'Envoy', 'GZIP Module', 'GenerateBlocks', 'GeneratePress Company', 'Google', 'Google My Business', 'InitiativeS', 'Instagram Follow Button', 'Investor Relations', 'LearnDash', 'PHP', 'Search and Filter Pro', 'Theme In WP', 'UTF-8', 'University or College', 'WordPress', 'WordPress Multisite', 'YouTube', 'eLand', 'jQuery']"
rachaelthompson.co.nz,Home - Rachael Thompson Mortgages,Rachael Thompson Mortgages,,67,5284,2026-05-22T18:31:09.842971633Z,"['Alternate Protocol', 'Apache', 'Cloudflare', 'DreamHost Hosting', 'Elementor', 'EmbedPress', 'GZIP Module', 'Google Analytics', 'Google My Business', 'Google Tag Manager', 'Instagram Follow Button', 'Jetpack', 'LearnDash', 'Microdata for Google Shopping', 'NFOrce Internet', 'Newsletter for Wordpress', 'OceanWP', 'PHP', 'Tailwind CSS', 'Theme In WP', 'Thrive Themes', 'UTF-8', 'Vimeo', 'WP Fastest Cache', 'WP Mobile Menu', 'WPForms', 'Woo Themes', 'WooCommerce Checkout', 'WordPress', 'WordPress Multisite', 'reCAPTCHA']"
jyotish.global,Arsha Jyotish,,,50,846,2026-05-22T17:53:12.77773553Z,"['Alternate Protocol', 'Astra Theme', 'Elementor', 'EmbedPress', 'GZIP Module', 'Google Cloud DNS', 'Google Font API', 'Header, Footer and Blocks for Elementor', 'InitiativeS', 'LearnDash', 'NFOrce Internet', 'Nginx', 'PHP', 'Parallels Plesk Panel', 'QUIC', 'Tailwind CSS', 'Theme In WP', 'Twitter Ads', 'UTF-8', 'Woo Themes', 'WooCommerce', 'WooCommerce Checkout', 'WordPress', 'WordPress Multisite', 'WordPress Related Posts', 'YouTube', 'jQuery']"
thewallwalk.co.nz,Home - The Wall Walk®,The Wall Walk®,,67,1886,2026-05-22T17:30:55.31574266Z,"['Adobe Creative Cloud WebFonts', 'Alternate Protocol', 'ArvanCloud', 'EmbedPress', 'Font Awesome', 'GZIP Module', 'Google Analytics', 'Google Tag Manager', 'InitiativeS', 'LearnDash', 'Microdata for Google Shopping', 'Nginx', 'PHP', 'Perl', 'QUIC', 'Tailwind CSS', 'Theme In WP', 'UTF-8', 'University or College', 'Vimeo', 'Woo Themes', 'WooCommerce', 'WooCommerce Checkout', 'WooCommerce Stripe Payment Gateway', 'WordPress', 'WordPress Multisite', 'jQuery', 'jsDelivr']"
web-ed-experts.com,WEB ED EXPERTS – Online Education Done Right,,USA,70,1448,2026-05-22T16:35:20.009834002Z,"['AJAX Libraries API', 'Alternate Protocol', 'Contact Form Plugin', 'Eduma', 'Elementor', 'EmbedPress', 'GZIP Module', 'Google Cloud DNS', 'Google Font API', 'IcoMoon', 'LearnDash', 'MailChimp for WordPress', 'Microdata for Google Shopping', 'Nginx', 'PHP', 'Schema Plugin', 'Slider Revolution', 'Tailwind CSS', 'Theme In WP', 'UTF-8', 'University or College', 'Woo Themes', 'WooCommerce', 'WooCommerce Checkout', 'WordPress', 'WordPress Multisite', 'jQuery']"
fasterfrench.com,Home v7 - Faster French For rapid mastery of French grammar and effective communication in French,Faster French For rapid mastery of French grammar and effective communication in French,NGA,75,3814,2026-05-22T16:20:19.983276454Z,"['Alternate Protocol', 'Apache', 'Content Delivery Network', 'Edubin Theme', 'Elementor', 'EmbedPress', 'GTranslate', 'GZIP Module', 'Google', 'Google Cloud CDN', 'Google Cloud DNS', 'Google Font API', 'Google My Business', 'Gtranslate for Wordpress', 'Instagram Follow Button', 'LearnDash', 'Microdata for Google Shopping', 'PHP', 'QUIC', 'Schema Plugin', 'Table Addons for Elementor', 'The Events Calendar', 'Theme In WP', 'UTF-8', 'University or College', 'Woo Themes', 'WooCommerce', 'WooCommerce Checkout', 'WordPress', 'WordPress Multisite', 'YouTube', 'jQuery']"
daytraderworld.com,Home - Day Trader World,Day Trader World,USA,85,23551,2026-05-22T15:27:14.077550878Z,"['AWS WAF Challenge', 'Alternate Protocol', 'Apture Linking Platform', 'Astra Theme', 'Beaver Builder Lite', 'Cloudflare', 'Cloudflare CDN', 'Constant Contact Wordpress Forms', 'Content Delivery Network', 'EmbedPress', 'Express', 'Google', 'Google Analytics', 'Google Cloud DNS', 'Google Font API', 'Google My Business', 'Google Tag Manager', 'LearnDash', 'Microdata for Google Shopping', 'NFOrce Internet', 'PHP', 'PayPal', 'QUIC', 'StackPath', 'Theme In WP', 'Twitter Ads', 'UTF-8', 'WPForms', 'Woo Themes', 'WooCommerce', 'WooCommerce Checkout', 'WooCommerce Payments', 'WooCommerce Pixel Manager by woopt', 'WooCommerce Stripe Payment Gateway', 'WordPress', 'WordPress Multisite', 'WordPress Related Posts', 'YouTube', 'jQuery']"
strivevisoryhrconsulting.com,Home - StriveVisory HR Consulting,,NGA,75,24852,2026-05-22T15:13:25.006573212Z,"['AWS WAF Challenge', 'Akismet', 'Alternate Protocol', 'Contact Form Plugin', 'Content Delivery Network', 'Elementor', 'EmbedPress', 'Everest Forms', 'Google Adsense', 'Google Analytics', 'Google Cloud DNS', 'Google Font API', 'Google Funding Choices', 'Google Matched Content', 'Google My Business', 'Google No Site Links Search', 'Google Reseller', 'Google Tag Manager', 'LearnDash', 'LiteSpeed', 'Microdata for Google Shopping', 'PHP', 'Prospective', 'Table Addons for Elementor', 'Theme In WP', 'TranslatePress', 'Twitter Ads', 'UTF-8', 'WP Job Manager', 'WP Job Openings', 'Woo Themes', 'WooCommerce', 'WooCommerce Checkout', 'WordPress', 'WordPress Multisite', 'YouTube', 'ZAKRA', 'jQuery', 'reCAPTCHA']"
focusedkids.org,FocusedKids – | Brain-Based SEL Skills,,,67,23320,2026-05-22T14:53:19.972266163Z,"['Alternate Protocol', 'Apache', 'Constant Contact', 'Constant Contact Wordpress Forms', 'EmbedPress', 'Event Tickets for Wordpress', 'GZIP Module', 'GiveWP', 'Google Analytics', 'Google My Business', 'Google Tag Manager', 'H5P for WordPress', 'Instagram Follow Button', 'KVH', 'LearnDash', 'PHP', 'Perfmatters', 'Popup Maker for Wordpress', 'Share Link', 'Stripe', 'ThemeFusion', 'UTF-8', 'WP Fastest Cache', 'Woo Themes', 'WooCommerce', 'WooCommerce Checkout', 'WooCommerce Stripe Payment Gateway', 'WordPress', 'WordPress Multisite', 'YouTube', 'jQuery', 'reCAPTCHA']"
transformyoufitness.com,Landing - Transform You Fitness,Transform You Fitness,,67,95437,2026-05-22T14:29:19.996640967Z,"['AWS WAF Challenge', 'Alternate Protocol', 'Amazon WAF Blocked', 'Apture Linking Platform', 'Astra Theme', 'Cart.com', 'Elementor', 'EmbedPress', 'Google', 'Google Cloud DNS', 'Google Font API', 'IcoMoon', 'LearnDash', 'Microdata for Google Shopping', 'NFOrce Internet', 'Nginx', 'PHP', 'PixelYourSite', 'QUIC', 'Sitelinks Search Box', 'Table of Contents Plus', 'Theme In WP', 'UTF-8', 'Woo Themes', 'WooCommerce', 'WooCommerce Checkout', 'WordPress', 'WordPress Multisite', 'WordPress Related Posts', 'jQuery']"
herbameditari.com,Lee Carroll | Medicinal Mushroom & Herbal Therapy Australia,,,67,36555,2026-05-22T11:47:19.985099158Z,"['AWS WAF Challenge', 'Alternate Protocol', 'Astra Theme', 'Cloudflare', 'Content Delivery Network', 'Cornerstone', 'Elementor', 'EmbedPress', 'GoDaddy', 'Google', 'Google Analytics', 'Google Cloud DNS', 'Google Font API', 'Google My Business', 'Google Tag Manager', 'Header, Footer and Blocks for Elementor', 'Instagram Follow Button', 'LearnDash', 'Microdata for Google Shopping', 'NFOrce Internet', 'PHP', 'Pagekit', 'Sitelinks Search Box', 'Smush Image Optimization', 'Table Addons for Elementor', 'Theme In WP', 'UTF-8', 'University or College', 'Wangsu', 'Woo Themes', 'WordPress', 'WordPress Multisite', 'WordPress Related Posts', 'jQuery', 'reCAPTCHA']"
bashbags.net,"Therapeutic safety ""bean bag"" device to protect caregivers.",Phoenix Training Group,,67,79484,2026-05-22T10:32:19.977502526Z,"['Alternate Protocol', 'Cloudflare', 'Contact Form Plugin', 'Content Delivery Network', 'Contento', 'Corporate Governance and Regulatory Compliance', 'EmbedPress', 'Express', 'Fireblade', 'GoDaddy', 'Google Analytics', 'Google Cloud DNS', 'Google Font API', 'Google My Business', 'Google Tag Manager', 'IcoMoon', 'Instagram Follow Button', 'KVH', 'LearnDash', 'Microdata for Google Shopping', 'Muffin Group', 'NFOrce Internet', 'PHP', 'PrivacyPolicies', 'QUIC', 'Theme In WP', 'Tockify', 'Twitter Ads', 'UTF-8', 'Wangsu', 'Woo Themes', 'WooCommerce', 'WooCommerce Checkout', 'WordPress', 'WordPress Multisite', 'YouTube', 'jQuery', 'reCAPTCHA']"
alc2alc.com,The United Kingdom Academy of Integrative Therapy | Training Counsellors and Hypnotherapists,,GBR,65,1386,2026-05-22T10:20:19.983127007Z,"['Alternate Protocol', 'Apache', 'Automattic', 'EmbedPress', 'GZIP Module', 'Google Cloud DNS', 'Google Font API', 'Jetpack', 'LearnDash', 'PHP', 'Perl', 'Photo Gallery for WordPress', 'Theme In WP', 'Twenty Fourteen', 'UTF-8', 'Vimeo', 'WordPress', 'WordPress Multisite', 'WordPress Stats', 'jQuery']"
teachersxchange.com,Online Teachers Club TESOL - Partnered with TEFL International & Job board,TeachersXchange,,72,5936,2026-05-22T09:47:19.969623659Z,"['Alternate Protocol', 'Amazon WAF Blocked', 'BuddyBoss', 'Content Delivery Network', 'Crisp', 'Dynamic Visibility for Elementor', 'Elementor', 'EmbedPress', 'GZIP Module', 'Google Adsense', 'Google Analytics', 'Google Cloud DNS', 'Google Font API', 'Google Funding Choices', 'Google Matched Content', 'Google My Business', 'Google Reseller', 'Google Tag Manager', 'JetElements', 'JetWooBuilder', 'LearnDash', 'LikeBtn', 'LiteSpeed', 'LoftLoader', 'MailChimp', 'Microdata for Google Shopping', 'PHP', 'PWA', 'SiteW', 'Sitelinks Search Box', 'StackPath', 'SuperPWA', 'Table Addons for Elementor', 'Theme In WP', 'UTF-8', 'WC Vendors Pro', 'WP Job Manager', 'Woo Themes', 'WooCommerce', 'WooCommerce Checkout', 'WordPress', 'WordPress Multisite', 'YouTube', 'jQuery']"
thepelvicfloorplace.com,"Pelvic Floor Rehabilitation | Vancouver, WA | The Pelvic Floor Place",,USA,77,20383,2026-05-22T08:44:19.984668302Z,"['AWS WAF Challenge', 'Alternate Protocol', 'Cloudflare', 'Cloudflare CDN', 'Contact Form Plugin', 'Ditty News Ticker', 'Elementor', 'EmbedPress', 'Essential Addons for Elementor', 'Facebook Conversion Tracking', 'Facebook Login', 'Facebook Messenger Platform', 'Facebook Pixel', 'Facebook Reseller', 'Facebook Tag API', 'GZIP Module', 'Google', 'Google Analytics', 'Google Cloud DNS', 'Google Font API', 'Google My Business', 'Google Tag Manager', 'Instagram Follow Button', 'Jetpack', 'Lazy Load for WordPress', 'LearnDash', 'Microdata for Google Shopping', 'NFOrce Internet', 'Nginx', 'PHP', 'Pleroma', 'QUIC', 'Strong Testimonials', 'Theme In WP', 'UTF-8', 'Vimeo', 'Woo Themes', 'WooCommerce', 'WooCommerce Checkout', 'WooCommerce Stripe Payment Gateway', 'WordPress', 'WordPress Multisite', 'WordPress Stats', 'jQuery']"
tradewithresolve.com,Trade With Resolve,Trade With Resolve,,67,71277,2026-05-22T06:56:19.998811229Z,"['Alternate Protocol', 'Contact Form Plugin', 'Content Delivery Network', 'ConvertKit for Wordpress', 'Divi', 'Elegant Themes', 'EmbedPress', 'GoDaddy', 'Google Cloud DNS', 'Google Font API', 'Google My Business', 'Google Recommendations AI', 'Instagram Follow Button', 'LearnDash', 'MemberPress', 'Microdata for Google Shopping', 'NFOrce Internet', 'Nginx', 'PHP', 'Pico CSS', 'Post Grid', 'QUIC', 'SMC', 'Sitelinks Search Box', 'Tawk', 'Theme In WP', 'TradingView', 'Twitter Ads', 'UTF-8', 'Uncanny Toolkit for LearnDash', 'WP Engine', 'Woo Themes', 'WordPress', 'WordPress Multisite', 'YouTube', 'eLand', 'hCaptcha', 'jQuery']"
bethazor.com,Home | Beth Azor,Beth Azor,USA,65,40739,2026-05-22T06:54:41.328087078Z,"['AWS WAF Challenge', 'Alternate Protocol', 'Amazon WAF Blocked', 'Anti-spam for WordPress', 'CleanTalk Spam Protect', 'Cloudflare', 'Content Delivery Network', 'DAV', 'Elementor', 'EmbedPress', 'Event Tickets for Wordpress', 'Facebook Conversion Tracking', 'Facebook Login', 'Facebook Messenger Platform', 'Facebook Pixel', 'Facebook Reseller', 'Facebook Tag API', 'Fireblade', 'Google Analytics', 'Google Conversion Tracking', 'Google My Business', 'Google Related Website Sites', 'Google Tag Manager', 'Gravity', 'Gravity Forms', 'Hello Elementor', 'Instagram Follow Button', 'LearnDash', 'Microdata for Google Shopping', 'NFOrce Internet', 'PHP', 'The Events Calendar', 'Theme In WP', 'UTF-8', 'University or College', 'Vector Internet Services', 'WP Engine', 'Woo Themes', 'WooCommerce', 'WooCommerce Checkout', 'WordPress', 'WordPress Multisite', 'YouTube', 'jQuery', 'reCAPTCHA']"
learnnp.com,Home - Learn Nepali,Learn Nepali,,60,10001,2026-05-22T05:41:19.981491438Z,"['Adult Content', 'Alternate Protocol', 'Angular', 'Apache', 'Astra Theme', 'Automattic', 'Cisco/Arrowpoint Content Service Switch', 'DAV', 'EmbedPress', 'Endurance Page Cache', 'Express', 'Fastly', 'Fireblade', 'GZIP Module', 'GenerateBlocks', 'Google', 'Google Analytics', 'Google Cloud DNS', 'Google Font API', 'Google Tag Manager', 'Jetpack', 'Kinsta', 'LearnDash', 'Line2', 'Microdata for Google Shopping', 'PHP', 'Perl', 'QUIC', 'Theme In WP', 'Ultimate Addons for Gutenberg', 'Vercel', 'WP Advanced Ads', 'Woo Themes', 'WooCommerce', 'WooCommerce Checkout', 'WordPress', 'WordPress Ad Manager and AdSense Ads', 'WordPress Multisite', 'WordPress Related Posts', 'WordPress Stats', 'YouTube', 'eLand', 'jQuery']"
americanfiddlemethod.com,Learn Online to Play Fiddle - Beginner Fiddle Video Lessons,,,72,9239,2026-05-22T03:11:19.983842929Z,"['Add to Any', 'Adobe Creative Cloud WebFonts', 'Alternate Protocol', 'Amazon', 'Amazon S3 CDN', 'Amazon WAF Blocked', 'Camp', 'Compact WP Audio Player', 'Contact Form Plugin', 'Content Delivery Network', 'EmbedPress', 'Google My Business', 'Google Related Website Sites', 'Gravity', 'Gravity Forms', 'IcoMoon', 'LearnDash', 'Meta Slider for WordPress', 'Microdata for Google Shopping', 'Nginx', 'PHP', 'Paid Memberships Pro', 'Storyblocks', 'Subscribe To Comments Reloaded', 'Tailwind CSS', 'The Events Calendar', 'Theme In WP', 'UTF-8', 'Ultimate Posts Widget', 'WP Engine', 'Woo Themes', 'WooCommerce', 'WooCommerce Checkout', 'WordPress', 'WordPress Multisite', 'YouTube', 'jQuery', 'reCAPTCHA']"
predictableedu.com,PredictableEDU – Predictable Prospecting & Predictable Revenue Online Course Site,,,60,1590,2026-05-22T02:29:19.996554969Z,"['AWS WAF Challenge', 'Alternate Protocol', 'Calendly', 'Content Delivery Network', 'Cornerstone', 'Elementor', 'EmbedPress', 'GeneratePress Company', 'Google', 'Google Cloud DNS', 'Google Font API', 'LearnDash', 'MemberPress', 'NFOrce Internet', 'Nginx', 'PHP', 'Theme In WP', 'Twitter Ads', 'UTF-8', 'Uncanny Toolkit for LearnDash', 'WP Engine', 'WordPress', 'WordPress Multisite', 'YouTube', 'jQuery']"
chillskills.com.au,Chill Skills – Chill Skills,,SYC,60,630,2026-05-22T01:58:49.335323205Z,"['Alternate Protocol', 'Automattic', 'CheryFramework', 'Column Shortcodes', 'EmbedPress', 'Google My Business', 'Jetpack', 'Kriesi.at', 'LearnDash', 'LiteSpeed', 'PHP', 'Paid Memberships Pro', 'QUIC', 'Theme In WP', 'WP Fastest Cache', 'WP-Members', 'Woo Themes', 'WooCommerce', 'WooCommerce Checkout', 'WordPress', 'WordPress Multisite', 'WordPress Stats', 'eLand', 'jQuery', 'reCAPTCHA']"
shortstafuniversity.com,ShortStaf University – ShortStafUniversity,,,50,327,2026-05-22T01:46:40.872767238Z,"['Alternate Protocol', 'Apache', 'Apple Auto Link Maker', 'Astra Theme', 'EmbedPress', 'Facebook Embedded Posts', 'Google Cloud DNS', 'Google Font API', 'Google My Business', 'Google Play', 'LearnDash', 'OpenSSL', 'PHP', 'QUIC', 'Theme In WP', 'UTF-8', 'University or College', 'WP-Members', 'Woo Themes', 'WordPress', 'WordPress Multisite', 'WordPress Related Posts', 'jQuery']"
speakingsimplyspanish.com,Speaking Simply Spanish | Speak Spanish Today,,,55,377,2026-05-22T01:14:04.121287821Z,"['Alternate Protocol', 'Content Delivery Network', 'Divi', 'Elegant Themes', 'EmbedPress', 'FastPixel', 'Google Analytics', 'Google Tag Manager', 'H5P for WordPress', 'LearnDash', 'LiteSpeed', 'PHP', 'Theme In WP', 'UTF-8', 'Woo Themes', 'WooCommerce', 'WooCommerce Checkout', 'WooCommerce Payments', 'WordPress', 'WordPress Multisite', 'jQuery']"
donnasphotographyandfilm.com,"Homepage - Donna's Photography, Film & Art Tuition","Donna&#039;s Photography, Film &amp; Art Tuition",,60,9471,2026-05-22T00:32:19.974740265Z,"['Alternate Protocol', 'BookWhen', 'DAV', 'EmbedPress', 'Fastly', 'Fireblade', 'Google Cloud DNS', 'Google Font API', 'Gutenberg Blocks by Kadence Blocks', 'Instagram Follow Button', 'Kadence WP', 'LearnDash', 'Microdata for Google Shopping', 'Nginx', 'Ntent', 'PHP', 'Perl', 'Popup Maker for Wordpress', 'QUIC', 'Theme In WP', 'TrustIndex', 'UTF-8', 'Vercel', 'Wild Apricot', 'WordPress', 'WordPress Multisite', 'YouTube', 'jQuery']"
newlifechicago.org,New Life Community Church - Find a Church Near You,New Life Community Church,USA,72,47400,2026-05-21T23:17:19.999742918Z,"['AWS WAF Challenge', 'Alternate Protocol', 'Beaver Builder Lite', 'Church Center', 'Cloudflare', 'Cloudflare CDN', 'Content Delivery Network', 'Contento', 'EmbedPress', 'Facebook Conversion Tracking', 'Facebook Login', 'Facebook Messenger Platform', 'Facebook Pixel', 'Facebook Reseller', 'Facebook Tag API', 'Font Awesome', 'Google', 'Google Analytics', 'Google Cloud DNS', 'Google Conversion Tracking', 'Google Font API', 'Google My Business', 'Google Related Website Sites', 'Google Tag Manager', 'Instagram Follow Button', 'LearnDash', 'Microdata for Google Shopping', 'MonsterInsights', 'PHP', 'Schema Plugin', 'Store Locator WordPress', 'Theme In WP', 'TranslatePress', 'Twitter Ads', 'UTF-8', 'WP Engine', 'Woo Themes', 'WooCommerce Checkout', 'WordPress', 'WordPress Multisite', 'YouTube', 'jQuery']"
ascendxlearning.com,AscendxLearning,,,55,850,2026-05-21T23:05:19.987155562Z,"['Alternate Protocol', 'Apache', 'Contact Form Plugin', 'Edubin Theme', 'Elementor', 'ElementsKit Elementor', 'EmbedPress', 'GZIP Module', 'Google', 'Google Cloud DNS', 'Google Font API', 'LearnDash', 'Metform Elemento', 'NFOrce Internet', 'PHP', 'QUIC', 'SiteW', 'Table Addons for Elementor', 'Theme In WP', 'Theme My Login', 'UTF-8', 'Woo Themes', 'WordPress', 'WordPress Multisite', 'jQuery']"
