domain,title,business_name,country,seo_score,tech_spend,crawled_at,technologies
tsbygina.com,Tastefully Simple Official Site,,,62,42361,2026-06-13T09:32:19.968259118Z,"['AJAX Libraries API', 'Alternate Protocol', 'Amazon S3 CDN', 'Apps4BigCommerce', 'BigCommerce', 'Cloudflare', 'Cloudflare CDN', 'Coming Soon Page', 'Content Delivery Network', 'Express', 'Facebook Login', 'Facebook Messenger Platform', 'Facebook Pixel', 'Facebook Reseller', 'Facebook Tag API', 'Fireblade', 'Font Awesome', 'GoAffPro', 'Google', 'Google Analytics', 'Google Cloud CDN', 'Google Cloud DNS', 'Google Font API', 'Google My Business', 'Google Recommendations AI', 'Google Tag Manager', 'IcoMoon', 'Instagram Follow Button', 'Microdata for Google Shopping', 'No-Q', 'PHP', 'Perl', 'QUIC', 'Smile IO', 'Storyblocks', 'Twitter Ads', 'UTF-8', 'YouTube', 'Zendesk Guide', 'jsDelivr']"
caffearoma.ca,Caffe Aroma | Exclusive Canadian Importer of Caffe Borbone,,,62,14241,2026-06-11T08:38:51.920929605Z,"['AJAX Libraries API', 'Alternate Protocol', 'Apture Linking Platform', 'CDN JS', 'Chaty Premio', 'Cloudflare', 'Cloudflare CDN', 'DAV', 'Express', 'Font Awesome', 'Google Analytics', 'Google Cloud DNS', 'Google Font API', 'Google Maps', 'Google My Business', 'Google Tag Manager', 'IcoMoon', 'Instagram Follow Button', 'OptiMonk', 'QUIC', 'Share Link', 'Shopify', 'Shopify Collabs', 'Smile IO', 'Storyblocks', 'Subversion', 'Tailwind CSS', 'Twitter Ads', 'UTF-8', 'Vimeo', 'Weglot', 'YouTube', 'hCaptcha', 'jQuery', 'reCAPTCHA']"
opalabotanicals.com,Opala Botanicals - Targeted Treatments for Problem Skin,,,67,26393,2026-06-11T08:17:10.764620555Z,"['Apture Linking Platform', 'BunnyCDN General', 'Cloudflare', 'Cloudflare CDN', 'Express', 'Fireblade', 'Google Cloud DNS', 'Google Font API', 'Google Related Website Sites', 'IcoMoon', 'Instagram Follow Button', 'Microdata for Google Shopping', 'PageFly', 'QUIC', 'Shopify', 'Shopify Collabs', 'Smile IO', 'Tailwind CSS', 'Twitter Ads', 'UTF-8', 'hCaptcha', 'reCAPTCHA']"
summerluswim.com,Summerlu Swims – ShopSummerLu,,,62,95725,2026-06-11T07:52:32.229518049Z,"['Adult Content', 'Amazon', 'Apture Linking Platform', 'Cart.com', 'Cloudflare', 'Cloudflare CDN', 'Express', 'Google My Business', 'Google Related Website Sites', 'IcoMoon', 'Instagram Follow Button', 'Klaviyo', 'Microdata for Google Shopping', 'NFOrce Internet', 'QUIC', 'Rebuy', 'Schema Plugin', 'Shopify', 'Shopify Collabs', 'Shopify Payments', 'Smile IO', 'Tailwind CSS', 'Thank You', 'Twitter Ads', 'UTF-8', 'hCaptcha', 'reCAPTCHA']"
theredraccoon.com,"The Red Raccoon - Lifestyle Women's Boutique in Rockville, Indiana",The Red Raccoon,BRA,77,67065,2026-06-11T07:52:32.228021335Z,"['Amazon', 'Apture Linking Platform', 'Cloudflare', 'Cloudflare CDN', 'Express', 'FreeCSSTemplates', 'Google', 'Google Cloud DNS', 'Google Font API', 'Google My Business', 'IcoMoon', 'Instagram Follow Button', 'KVH', 'Klaviyo', 'Microdata for Google Shopping', 'QUIC', 'Shipping Rates Calculator', 'Shopify', 'Shopify Collabs', 'Smile IO', 'Tailwind CSS', 'The Fresh', 'UTF-8', 'hCaptcha', 'reCAPTCHA']"
clearskinjo.com,Clear Skin Jordan: Skin - Hair- Beauty- Health Care | Online shop,,,67,41445,2026-06-11T06:42:44.832239363Z,"['AJAX Libraries API', 'Amped', 'Apture Linking Platform', 'Cloudflare', 'Cloudflare CDN', 'Express', 'Fastly', 'Fastly CDN', 'Fireblade', 'Google Cloud DNS', 'Google My Business', 'Google Related Website Sites', 'Instagram Follow Button', 'QUIC', 'Shopify', 'Shopify Collabs', 'Smile IO', 'Stamped', 'Subversion', 'Tailwind CSS', 'Triggered Messaging', 'UTF-8', 'hCaptcha', 'reCAPTCHA']"
rusefashion.com,SHOP RUSE FASHION,RUSE,USA,65,9645,2026-06-11T05:16:30.447240575Z,"['Apture Linking Platform', 'Cloudflare', 'Cloudflare CDN', 'IcoMoon', 'Instagram Follow Button', 'Microdata for Google Shopping', 'Privy', 'Shopify', 'Shopify Collabs', 'Smile IO', 'UTF-8', 'hCaptcha', 'reCAPTCHA']"
windycityaquariums.com,Windy City Aquariums | Chicago Based Online Aquatics Store,,USA,82,23613,2026-06-11T03:38:58.333193915Z,"['Apture Linking Platform', 'Cloudflare', 'Cloudflare CDN', 'Express', 'Fastly', 'Fastly CDN', 'Google Related Website Sites', 'Icons8', 'Instagram Follow Button', 'Klaviyo', 'NFOrce Internet', 'QUIC', 'Shopify', 'Shopify Collabs', 'Smile IO', 'Thank You', 'UTF-8', 'hCaptcha', 'jQuery', 'reCAPTCHA']"
dreasboutique.shop,"Drea's Boutique, LLC",,BRA,77,12317,2026-06-11T00:11:48.978865689Z,"['Amazon CloudFront', 'Amazon S3 CDN', 'Apture Linking Platform', 'Aruba', 'CloudFront', 'Cloudflare', 'Cloudflare CDN', 'Instagram Follow Button', 'Klaviyo', 'Microdata for Google Shopping', 'PHP', 'QUIC', 'Schema Plugin', 'Share Link', 'Shopify', 'Shopify Collabs', 'SiteW', 'Smile IO', 'Storyblocks', 'Tailwind CSS', 'UTF-8', 'eLand', 'hCaptcha', 'reCAPTCHA']"
goodgoodganjashop.com,Good Good Ganja | Exotic Cannabis for Exceptional People,,,67,69738,2026-06-10T23:40:44.470954023Z,"['Apps4BigCommerce', 'ArvanCloud', 'BigCommerce', 'CDN JS', 'Cloudflare', 'Cloudflare CDN', 'Elegant Themes', 'ElementUI', 'Express', 'Fancybox for WordPress', 'Fireblade', 'Flat Icon', 'FormSubmit', 'GoAffPro', 'Google', 'Google Analytics', 'Google Cloud CDN', 'Google Cloud DNS', 'Google Font API', 'Google Related Website Sites', 'Google Tag Manager', 'Instagram Follow Button', 'Klaviyo', 'PHP', 'Perl', 'Provide Support', 'QUIC', 'Rocket Chat', 'Shopify', 'Shopify Collabs', 'Smile IO', 'Tailwind CSS', 'Tawk', 'Telegram', 'The Fresh', 'Twitter Ads', 'UTF-8', 'Vector Internet Services', 'WhatsApp Sharing', 'Wistia', 'ashop', 'jsDelivr', 'route']"
blackwolfnation.com,Black Wolf | The Best Men’s Grooming Products In The World,,,67,30949,2026-06-10T21:38:48.931256855Z,"['AdRoll', 'Amazon CloudFront', 'Amped', 'Apture Linking Platform', 'CloudFront', 'Cloudflare', 'Cloudflare CDN', 'Fastly', 'Google Analytics', 'Google My Business', 'Google Related Website Sites', 'Google Tag Manager', 'IcoMoon', 'Klaviyo', 'Microsoft Clarity', 'Okendo', 'OneTrust Domain Verification', 'QUIC', 'Rebuy', 'ShareASale', 'Shopify', 'Shopify Collabs', 'Smile IO', 'Stamped', 'Tolstoy', 'UTF-8', 'Vimeo', 'YouTube', 'hCaptcha', 'reCAPTCHA']"
mysupplyguy.shop,My Supply Guy — My Supply Guy,,USA,70,16533,2026-06-10T19:52:07.523170073Z,"['501c3 Status Nonprofit', 'Affiliatly', 'Alternate Protocol', 'App Store', 'Apture Linking Platform', 'Cloudflare', 'Cloudflare CDN', 'Coming Soon Page', 'Eventbrite', 'Express', 'GetSiteControl', 'Google Analytics', 'Google My Business', 'Google Play', 'Google Tag Manager', 'IcoMoon', 'Instagram Follow Button', 'Microdata for Google Shopping', 'Newsletter for Wordpress', 'No-Q', 'PHP', 'QUIC', 'Shopify', 'Shopify Collabs', 'Smile IO', 'Twitter Ads', 'UTF-8', 'Vector Internet Services', 'YouTube', 'hCaptcha', 'jsDelivr', 'reCAPTCHA']"
purvitanutrition.com,Purvita Nutrition,,USA,77,48041,2026-06-10T17:35:16.841110672Z,"['AJAX Libraries API', 'Alternate Protocol', 'Amazon CloudFront', 'Apture Linking Platform', 'CDN JS', 'Chaty Premio', 'CloudFront', 'Cloudflare', 'Cloudflare CDN', 'Contento', 'ElementUI', 'Font Awesome', 'Google Cloud DNS', 'Google Related Website Sites', 'IcoMoon', 'Klaviyo', 'Microdata for Google Shopping', 'NFOrce Internet', 'QUIC', 'RevenueHunt', 'Shopify', 'Shopify Collabs', 'Shopify Payments', 'Smile IO', 'Tailwind CSS', 'Thank You', 'UTF-8', 'UpPromote', 'Vector Internet Services', 'hCaptcha', 'jsDelivr', 'reCAPTCHA']"
libertyflights.co,Liberty Flights E-Liquid | Free Delivery Over £20,,GBR,77,38020,2026-06-10T17:03:26.04020046Z,"['Alternate Protocol', 'Amazon WAF Blocked', 'Apture Linking Platform', 'CDN JS', 'Cloudflare', 'Cloudflare CDN', 'IPFS', 'IcoMoon', 'Instagram Follow Button', 'KVH', 'Klaviyo', 'MailChimp', 'Microdata for Google Shopping', 'Newsletter for Wordpress', 'PageFly', 'Pico CSS', 'QUIC', 'Shopify', 'Shopify Collabs', 'Smile IO', 'TrackingMore', 'Trustpilot Reviews for WordPress', 'Twitter Ads', 'UTF-8', 'Zendesk Guide', 'hCaptcha', 'jQuery', 'reCAPTCHA']"
magnificofood.com,Magnifico Food - Italy Out the Box | Your Italian Grocery Online,Magnifico Food,,77,19133,2026-06-10T13:40:33.762007094Z,"['Alternate Protocol', 'Apture Linking Platform', 'Cloudflare', 'Cloudflare CDN', 'Express', 'Google Analytics', 'Google Related Website Sites', 'Google Tag Manager', 'Instagram Follow Button', 'Klaviyo', 'Microdata for Google Shopping', 'Microsoft Clarity', 'Perl', 'QUIC', 'Shopify', 'Shopify Collabs', 'Smile IO', 'Swell Rewards', 'Tailwind CSS', 'UTF-8', 'Vector Internet Services', 'Yotpo', 'YouTube', 'hCaptcha', 'reCAPTCHA']"
miracle10.com,Extraordinary Skin From Start to Finish - Miracle 10 Skincare,Miracle 10,CAN,77,35285,2026-06-10T10:50:26.394721299Z,"['Affiliatly', 'Amped', 'Apture Linking Platform', 'Cloudflare', 'Cloudflare CDN', 'Fireblade', 'Google Related Website Sites', 'Heroku', 'Instagram Follow Button', 'Klaviyo', 'Microdata for Google Shopping', 'QUIC', 'Shipping Rates Calculator', 'Shopify', 'Shopify Collabs', 'Smile IO', 'Stamped', 'Tailwind CSS', 'UTF-8', 'Webmarked', 'hCaptcha', 'reCAPTCHA']"
puttviewbooks.com,PuttView Books,,,62,141300,2026-06-10T09:50:20.724625611Z,"['AJAX Libraries API', 'Alternate Protocol', 'Apture Linking Platform', 'Bing Cashback', 'Bing Conversion Tracking', 'Black Crow AI', 'CDN JS', 'Cart.com', 'Cloudflare', 'Cloudflare CDN', 'Coming Soon Page', 'Corso', 'Express', 'Facebook Login', 'Facebook Messenger Platform', 'Facebook Pixel', 'Facebook Reseller', 'Fastly', 'Google', 'Google Analytics', 'Google Cloud DNS', 'Google Conversion Tracking', 'Google Font API', 'Google Related Website Sites', 'Google Tag Manager', 'Gorgias', 'Heroku', 'IcoMoon', 'Klaviyo', 'Lucky Orange', 'Microdata for Google Shopping', 'NFOrce Internet', 'Negate', 'PHP', 'QUIC', 'Rebuy', 'Schema Plugin', 'Shopify', 'Shopify Collabs', 'Shopify Payments', 'Smile IO', 'Subversion', 'Superfiliate', 'Tailwind CSS', 'Thank You', 'UTF-8', 'hCaptcha', 'jQuery', 'jsDelivr', 'reCAPTCHA', 'shadcn ui']"
majikbugbarn.com,Majik Bug Barn,Majik Bug Barn,USA,65,30845,2026-06-10T09:35:21.86516512Z,"['Apture Linking Platform', 'Cloudflare', 'Cloudflare CDN', 'Express', 'IcoMoon', 'Kinsta', 'Landis Holdings', 'Microdata for Google Shopping', 'QUIC', 'Shopify', 'Shopify Collabs', 'Shopify Payments', 'Smile IO', 'UTF-8', 'hCaptcha', 'jsDelivr', 'reCAPTCHA']"
dfwhaircare.com,DFW Hair Care | Exclusive Influance Distributor – DFWhaircare,,USA,77,13247,2026-06-10T09:20:52.682611233Z,"['Apture Linking Platform', 'Aruba', 'Cloudflare', 'Cloudflare CDN', 'DAV', 'Express', 'Google Related Website Sites', 'Instagram Follow Button', 'Klaviyo', 'Microdata for Google Shopping', 'Omnisend', 'Perl', 'QUIC', 'Shopify', 'Shopify Collabs', 'Shopify Payments', 'Smile IO', 'Squid', 'Tailwind CSS', 'Thank You', 'To Top', 'UTF-8', 'Vercel', 'eLand', 'hCaptcha', 'reCAPTCHA']"
showerstory.com,SHOWER STORY® | Luxury Australian Shower Steamers & Aromatherapy Gifts,SHOWER STORY,AUS,77,345465,2026-06-10T09:17:31.180135499Z,"['17TRACK', '3 Products', 'Adobe Creative Cloud WebFonts', 'Akamai', 'Akamai Global Host', 'Alternate Protocol', 'Amazon CloudFront', 'Apture Linking Platform', 'Australia Post', 'Cart.com', 'CloudFront', 'Cloudflare', 'Cloudflare CDN', 'DAV', 'Express', 'Facebook CDN', 'Facebook Reseller', 'Fastly', 'Fireblade', 'GoAffPro', 'Google Cloud DNS', 'Google Cloud Storage', 'Google My Business', 'Google Related Website Sites', 'Instagram Follow Button', 'K2F', 'Klaviyo', 'Microdata for Google Shopping', 'NFOrce Internet', 'Parcel', 'ParcelPanel Order Tracking', 'Privy', 'QUIC', 'SMC', 'Shopify', 'Shopify Collabs', 'Shopify Payments', 'Smile IO', 'Thank You', 'UTF-8', 'hCaptcha', 'iAPPS', 'reCAPTCHA']"
luvibles.com,Huggibles.com - Pet Nutritional Supplement for Longevity – Huggibles - Pet Nutrition,,,57,1578,2026-06-10T07:34:41.00446285Z,"['Alternate Protocol', 'Apture Linking Platform', 'Builder', 'Cloudflare', 'Cloudflare CDN', 'Font Awesome', 'Google Cloud DNS', 'Google Cloud Storage', 'Google Related Website Sites', 'IcoMoon', 'Imgix', 'Instagram Follow Button', 'Microdata for Google Shopping', 'NFOrce Internet', 'PageFly', 'QUIC', 'Shopify', 'Shopify Collabs', 'ShoppingGives', 'Smile IO', 'Tailwind CSS', 'Thank You', 'TrackingMore', 'Twitter Ads', 'UTF-8', 'YouTube', 'hCaptcha', 'jsDelivr', 'reCAPTCHA']"
tire-clearance.ca,Shop tires and wheels at discounted prices online | TireDirect.ca,TireDirect.ca,USA,87,50420,2026-06-10T06:23:15.030136401Z,"['AJAX Libraries API', 'Affirm', 'Amazon CloudFront', 'Amazon WAF Blocked', 'Apture Linking Platform', 'Baidu Cloud', 'CDN JS', 'CloudFront', 'Cloudflare', 'Cloudflare CDN', 'Contento', 'Didomi', 'ElementUI', 'Envoy', 'Express', 'Font Awesome', 'FormSubmit', 'GitHub Hosting', 'Google Analytics', 'Google Cloud DNS', 'Google Font API', 'Google My Business', 'Google Related Website Sites', 'Google Tag Manager', 'Instagram Follow Button', 'Kayako', 'Klaviyo', 'MailChimp', 'Microdata for Google Shopping', 'Microsoft Clarity', 'PWA', 'Schema Plugin', 'Shipping Rates Calculator', 'Shopify', 'Shopify Collabs', 'Smile IO', 'Tailwind CSS', 'UTF-8', 'Yandex Hosting', 'YouTube', 'Zendesk Guide', 'eLand', 'hCaptcha', 'jQuery', 'jsDelivr', 'reCAPTCHA']"
digistampsph.com,Digistamps Philippines,Digistamps Philippines,,77,16477,2026-06-10T04:19:32.801709573Z,"['Apture Linking Platform', 'Cloudflare', 'Cloudflare CDN', 'DAV', 'Google My Business', 'Instagram Follow Button', 'Lazada', 'Lazada Philippines', 'Microdata for Google Shopping', 'QUIC', 'RM Education', 'Shopify', 'Shopify Collabs', 'Smile IO', 'UTF-8', 'hCaptcha', 'jsDelivr', 'reCAPTCHA']"
fabulaenebulae.com,Home | Fabula Nebulae - Handcrafted Effective Natural Skincare – Fabula Nebulae LLC,,VAT,77,32284,2026-06-10T00:19:22.672852274Z,"['Apture Linking Platform', 'Aruba', 'Cloudflare', 'Cloudflare CDN', 'Express', 'Fireblade', 'Google Related Website Sites', 'IcoMoon', 'Instagram Follow Button', 'Microdata for Google Shopping', 'Paessler', 'QUIC', 'Shipping Rates Calculator', 'Shopify', 'Shopify Collabs', 'Smile IO', 'UTF-8', 'YouTube', 'eLand', 'hCaptcha', 'reCAPTCHA']"
mzdzdesignz.com,Mz. D'z Designz,Mz. D&#39;z Designz,,55,564,2026-06-09T22:12:00.736404142Z,"['Afterpay', 'Apture Linking Platform', 'Cloudflare', 'Cloudflare CDN', 'Google My Business', 'Google Related Website Sites', 'Heroku', 'Instagram Follow Button', 'Microdata for Google Shopping', 'Privy', 'QUIC', 'Shopify', 'Shopify Collabs', 'Smile IO', 'UTF-8', 'Umbler', 'hCaptcha', 'reCAPTCHA']"
switchfunky.com,Switch Funky Beauty Wholesale Store - AfterPay & ZipPay Available – switchfunky,switchfunky,AUS,70,43865,2026-06-09T21:45:07.282505686Z,"['AJAX Libraries API', 'AWS WAF Challenge', 'Adult Content', 'Amazon', 'Amazon CloudFront', 'Apture Linking Platform', 'Aruba', 'BigCommerce', 'CDN JS', 'CloudFront', 'Cloudflare', 'Cloudflare CDN', 'Customer Fields', 'DAV', 'ECSHOP', 'Express', 'Facebook Conversion Tracking', 'Facebook Embedded Posts', 'Facebook Login', 'Facebook Messenger Platform', 'Facebook Pixel', 'Facebook Reseller', 'Facebook Tag API', 'Google Analytics', 'Google Cloud DNS', 'Google My Business', 'Google Related Website Sites', 'Google Tag Manager', 'Gravity', 'Heroku', 'HubSpot Conversations', 'Hubspot', 'Instagram Follow Button', 'Kinsta', 'Klaviyo', 'MailChimp', 'Microdata for Google Shopping', 'Perl', 'QUIC', 'Shopify', 'Shopify Collabs', 'Smile IO', 'Tailwind CSS', 'UTF-8', 'Vercel', 'YouTube', 'eLand', 'hCaptcha', 'reCAPTCHA']"
hydratewithliquidstore.com,Liquid Hydration Store,Liquid Hydration Store,VAT,80,13899,2026-06-09T18:23:33.626989344Z,"['Amazon', 'Amazon CloudFront', 'Apture Linking Platform', 'Aruba', 'CDN JS', 'CloudFront', 'Cloudflare', 'Cloudflare CDN', 'Content Delivery Network', 'Express', 'Google Cloud DNS', 'Google Font API', 'Google My Business', 'Google Related Website Sites', 'Instagram Follow Button', 'Microdata for Google Shopping', 'NFOrce Internet', 'POWr', 'Shopify', 'Shopify Collabs', 'Smile IO', 'Thank You', 'Twitter Ads', 'UTF-8', 'YouTube', 'eLand', 'hCaptcha', 'reCAPTCHA']"
techkolachi.com,Your Trusted Shopify Agency for E-commerce Growth,Kolachi Tech,USA,87,194023,2026-06-09T11:06:20.24809036Z,"['Alternate Protocol', 'Apollo IO', 'Apture Linking Platform', 'Calendly', 'Cloudflare', 'Cloudflare CDN', 'Content Delivery Network', 'EmbedPress', 'Enlighter', 'Fireblade', 'Font Awesome', 'Google Analytics', 'Google Cloud DNS', 'Google Font API', 'Google Tag Manager', 'HubSpot Conversations', 'HubSpot WordPress Plugin', 'Hubspot', 'Instagram Follow Button', 'LiteSpeed', 'Microdata for Google Shopping', 'PHP', 'PrestaShop', 'QUIC', 'Salesforce Hosted', 'Smile IO', 'Thank You', 'ThemeFusion', 'UTF-8', 'Woo Themes', 'WordPress', 'WordPress Multisite', 'Yandex Hosting', 'jQuery']"
toygrader.net,Collectible Grading Authority,,,55,8677,2026-06-09T01:53:19.968972924Z,"['Apps4BigCommerce', 'BigCommerce', 'Cloudflare', 'Cloudflare CDN', 'Express', 'Fireblade', 'Google', 'Google Analytics', 'Google Cloud CDN', 'Google Cloud DNS', 'Google Font API', 'Google Tag Manager', 'IcoMoon', 'Instagram Follow Button', 'Perl', 'QUIC', 'Reddit Conversion Tracking', 'Smile IO', 'Tailwind CSS', 'UTF-8', 'accessiBe']"
microroastery.co.uk,Artisan Coffee - Micro Roastery - Canterbury Coffee – MRCoffeeUK,,,60,687,2026-06-08T23:27:13.393753451Z,"['AJAX Libraries API', 'Apture Linking Platform', 'Cloudflare', 'Cloudflare CDN', 'Eggflow', 'Google', 'Google Analytics', 'Google Cloud DNS', 'Google Maps', 'Google Related Website Sites', 'Google Tag Manager', 'IcoMoon', 'Microdata for Google Shopping', 'Perl', 'Privy', 'Schema Plugin', 'Shopify', 'Shopify Collabs', 'Smile IO', 'UTF-8', 'YouTube', 'hCaptcha', 'reCAPTCHA']"
denovonutrition.com,Welcome to Elemental Formulations | World's Best Sports Supplements,,,62,16773,2026-06-08T23:00:26.314342901Z,"['Amazon CloudFront', 'Apture Linking Platform', 'CloudFront', 'Cloudflare', 'Cloudflare CDN', 'Fastly', 'GoAffPro', 'Google Analytics', 'Google Cloud DNS', 'Google Font API', 'Google Related Website Sites', 'Google Tag Manager', 'Heroku', 'IcoMoon', 'Instagram Follow Button', 'Klaviyo', 'Microdata for Google Shopping', 'QUIC', 'Schema Plugin', 'Shopify', 'Shopify Collabs', 'Smile IO', 'Tailwind CSS', 'UTF-8', 'YouTube', 'Zigpoll', 'hCaptcha', 'jQuery', 'reCAPTCHA']"
doordyecustomfabric.com,Do or Dye Custom Fabrics Inc.,Do or Dye Custom Fabric,VAT,87,131972,2026-06-08T21:20:51.364286368Z,"['Adult Content', 'Amazon CloudFront', 'Apture Linking Platform', 'Aruba', 'Cart.com', 'CloudFront', 'Cloudflare', 'Cloudflare CDN', 'Coming Soon Page', 'Express', 'Fireblade', 'IcoMoon', 'Instagram Follow Button', 'K2F', 'Marsello', 'Microdata for Google Shopping', 'Oddle', 'PHP', 'QUIC', 'Shopify', 'Shopify Collabs', 'Smile IO', 'UTF-8', 'Vector Internet Services', 'eLand', 'hCaptcha', 'reCAPTCHA']"
coyoteboutique.com.au,Coyote Boutique | Online Ladies Fashion Store,Coyote Boutique,FRA,82,10449,2026-06-08T20:02:00.062188763Z,"['Adult Content', 'Apture Linking Platform', 'Cloudflare', 'Cloudflare CDN', 'Google Related Website Sites', 'IcoMoon', 'Instagram Follow Button', 'MailChimp', 'Microdata for Google Shopping', 'Pixelpop', 'QUIC', 'Shopify', 'Shopify Collabs', 'Smile IO', 'UTF-8', 'hCaptcha', 'reCAPTCHA']"
undergroundvapesinc.com,Underground Vapes Inc. - Cambridge – Underground Vapes Inc - Cambridge,Underground Vapes Inc - Cambridge,CAN,82,10427,2026-06-08T18:47:34.051557494Z,"['Apture Linking Platform', 'Aruba', 'Cloudflare', 'Cloudflare CDN', 'Express', 'Google Related Website Sites', 'IcoMoon', 'Instagram Follow Button', 'Microdata for Google Shopping', 'POWr', 'QUIC', 'Shopify', 'Shopify Collabs', 'Smile IO', 'Twitter Ads', 'UTF-8', 'YouTube', 'eLand', 'hCaptcha', 'reCAPTCHA']"
caseway.com.au,"Caseway | Mobile Phone Cases, Repairs, Accessories and More",,ZAF,77,21444,2026-06-08T17:51:38.230472221Z,"['Amazon', 'Amazon CloudFront', 'Amazon WAF Blocked', 'Apture Linking Platform', 'Azure Edge', 'CDN JS', 'CloudFront', 'Cloudflare', 'Cloudflare CDN', 'Coming Soon Page', 'ECSHOP', 'Express', 'Google', 'Google Analytics', 'Google Cloud DNS', 'Google Font API', 'Google Maps', 'Google Related Website Sites', 'Google Tag Manager', 'IcoMoon', 'Instagram Follow Button', 'Microdata for Google Shopping', 'Microsoft Azure Verified CDN', 'NFOrce Internet', 'Perl', 'QUIC', 'Share Link', 'Shopify', 'Shopify Collabs', 'Shopify Payments', 'Smile IO', 'Tailwind CSS', 'Thank You', 'Twitter Ads', 'UTF-8', 'Way', 'hCaptcha', 'jsDelivr', 'reCAPTCHA']"
lapalette.us,Welcome to Lapalette | Lapalette,,,67,28277,2026-06-08T17:15:53.074229486Z,"['AWS WAF Challenge', 'Accordion FAQ', 'Amazon CloudFront', 'Apture Linking Platform', 'CloudFront', 'Cloudflare', 'Cloudflare CDN', 'Express', 'Google', 'Google Cloud DNS', 'Google Font API', 'Google Related Website Sites', 'IcoMoon', 'MailChimp', 'Microdata for Google Shopping', 'Privy', 'QUIC', 'Schema Plugin', 'Shipping Rates Calculator', 'Shopify', 'Shopify Collabs', 'Shopify Payments', 'Smile IO', 'Tailwind CSS', 'UTF-8', 'hCaptcha', 'jQuery', 'reCAPTCHA']"
therigdepot.com,The Rig Depot,,USA,50,10107,2026-06-08T13:57:16.469034637Z,"['Amazon CloudFront', 'Apture Linking Platform', 'CloudFront', 'Cloudflare', 'Cloudflare CDN', 'Coming Soon Page', 'Digital Ocean Spaces', 'Fireblade', 'Google Cloud DNS', 'Google Related Website Sites', 'Heroku', 'Instagram Follow Button', 'QUIC', 'Rivo Loyalty', 'Shopify', 'Shopify Collabs', 'Smile IO', 'Storyblocks', 'Swell Rewards', 'Tidio', 'UTF-8', 'hCaptcha', 'reCAPTCHA']"
sabapersonalcare.com,Vegan & Halal Beauty Cosmetics & Perfumes – Personal Care Products | Saba Personal Care,,GBR,77,10664,2026-06-08T13:45:34.832601575Z,"['Alternate Protocol', 'Apture Linking Platform', 'Cloudflare', 'Cloudflare CDN', 'Font Awesome', 'Google Analytics', 'Google My Business', 'Google Related Website Sites', 'Google Tag Manager', 'IcoMoon', 'Instagram Follow Button', 'Microdata for Google Shopping', 'PHP', 'QUIC', 'Schema Plugin', 'Shiprocket', 'Shopify', 'Shopify Collabs', 'Smile IO', 'Tailwind CSS', 'Twitter Ads', 'UTF-8', 'hCaptcha', 'reCAPTCHA']"
depoteshop.com,Depot Eshop,,USA,67,79061,2026-06-08T08:40:05.005039817Z,"['Alternate Protocol', 'Amazon', 'Amazon Widgets', 'Apture Linking Platform', 'Azure Edge', 'Cloudflare', 'Cloudflare CDN', 'Express', 'FormSubmit', 'Google Analytics', 'Google Related Website Sites', 'Google Tag Manager', 'IcoMoon', 'Instagram Follow Button', 'Microsoft Clarity', 'NFOrce Internet', 'Onyx Internet', 'Perl', 'QUIC', 'SMC', 'Shopify', 'Shopify Collabs', 'Shopify Payments', 'Smile IO', 'Tailwind CSS', 'Tawk', 'Thank You', 'UTF-8', 'Walmart', 'hCaptcha', 'jQuery', 'reCAPTCHA']"
drinkmayabay.com,Maya Bay Craft Mixers,Maya Bay Craft Mixers,USA,82,12332,2026-06-08T08:13:24.876871586Z,"['AJAX Libraries API', 'Apture Linking Platform', 'Cloudflare', 'Cloudflare CDN', 'Coming Soon Page', 'Content Delivery Network', 'Google Cloud DNS', 'Google My Business', 'Google Related Website Sites', 'IcoMoon', 'Instagram Follow Button', 'Microdata for Google Shopping', 'NFOrce Internet', 'PageFly', 'QUIC', 'Schema Plugin', 'Shopify', 'Shopify Collabs', 'Shopify Payments', 'Smile IO', 'Thank You', 'UTF-8', 'hCaptcha', 'reCAPTCHA']"
redtrainer.ca,"Hobbiesville | Shop Pokemon, YuGiOh, Board Games and More",Hobbiesville,CAN,75,193293,2026-06-08T07:43:40.83341369Z,"['AJAX Libraries API', 'Adoric', 'Alternate Protocol', 'Amazon CloudFront', 'Amazon WAF Blocked', 'Apture Linking Platform', 'Attentive', 'Baidu Cloud', 'CDN JS', 'Cart.com', 'CloudFront', 'Cloudflare', 'Cloudflare CDN', 'DAV', 'ElementUI', 'Express', 'Fastly', 'Fireblade', 'GetResponse', 'GoAffPro', 'Google Analytics', 'Google Cloud DNS', 'Google Cloud Storage', 'Google Font API', 'Google Related Website Sites', 'Google Tag Manager', 'Gorgias', 'GraphQL', 'Idaq', 'Instagram Follow Button', 'K2F', 'Klaviyo', 'Microdata for Google Shopping', 'Microsoft Clarity', 'Noibu', 'PayPal', 'QUIC', 'Shopify', 'Shopify Collabs', 'Shopify Payments', 'Smile IO', 'Subversion', 'Tailwind CSS', 'UTF-8', 'Weglot', 'Yandex Hosting', 'YouTube', 'Zendesk Guide', 'hCaptcha', 'jQuery', 'reCAPTCHA']"
howayte.com,Howayte,Howayte,,67,62544,2026-06-08T07:40:44.089130211Z,"['Amazon', 'Cloudflare', 'Cloudflare CDN', 'Coming Soon Page', 'Google Cloud DNS', 'Google Font API', 'Google My Business', 'Google Related Website Sites', 'IcoMoon', 'Instagram Follow Button', 'Microdata for Google Shopping', 'QUIC', 'SMC', 'Shopify', 'Shopify Collabs', 'Shopify Payments', 'Smile IO', 'UTF-8', 'YouTube', 'hCaptcha', 'reCAPTCHA']"
smomduperkids.com,Miss Mama by Super Mom Duper Kids- Breastfeeding Mom Home,,SGP,77,17041,2026-06-08T03:37:38.661940953Z,"['AJAX Libraries API', 'Alternate Protocol', 'Amazon CloudFront', 'Apture Linking Platform', 'Aruba', 'CartHook', 'Checkout.com', 'CloudFront', 'Cloudflare', 'Cloudflare CDN', 'DAV', 'ElementUI', 'Express', 'Google Cloud DNS', 'Google Font API', 'Google My Business', 'IcoMoon', 'Instagram Follow Button', 'Microdata for Google Shopping', 'NFOrce Internet', 'PageFly', 'Recharge', 'Schema Plugin', 'Shopify', 'Shopify Collabs', 'Smile IO', 'Tailwind CSS', 'Thank You', 'UTF-8', 'UpPromote', 'YouTube', 'eLand', 'hCaptcha', 'jQuery', 'reCAPTCHA']"
golbornefinewinedeli.com,Golborne Wines – Golborne Fine Wine and Deli,,,67,12357,2026-06-08T03:12:51.38967829Z,"['Apture Linking Platform', 'Cloudflare', 'Cloudflare CDN', 'DAV', 'Google Analytics', 'Google My Business', 'Google Related Website Sites', 'Google Tag Manager', 'Instagram Follow Button', 'Klaviyo', 'Microdata for Google Shopping', 'Schema Plugin', 'Shopify', 'Shopify Collabs', 'Smile IO', 'Subversion', 'UTF-8', 'hCaptcha', 'reCAPTCHA']"
nooan.co.nz,Nooan | Premium Merino Wool Socks NZ - Possum Socks NZ,,CAN,77,21586,2026-06-08T02:27:36.496936511Z,"['Alternate Protocol', 'Apture Linking Platform', 'Cloudflare', 'Cloudflare CDN', 'Coming Soon Page', 'Fastly', 'Google Analytics', 'Google Related Website Sites', 'Google Tag Manager', 'Hotjar', 'Instagram Follow Button', 'Klaviyo', 'Microdata for Google Shopping', 'Omnisend', 'Privy', 'QUIC', 'Shopify', 'Shopify Collabs', 'Shopify Payments', 'Smile IO', 'Tailwind CSS', 'UTF-8', 'Vector Internet Services', 'hCaptcha', 'reCAPTCHA', 'shadcn ui']"
wooftails.net,Wooftails Natural Hair care line – WOOF TAILS,,,67,88606,2026-06-08T00:56:55.7857967Z,"['Amazon', 'Apture Linking Platform', 'Cart.com', 'Chaty Premio', 'Cloudflare', 'Cloudflare CDN', 'Express', 'Google My Business', 'Google Related Website Sites', 'Instagram Follow Button', 'Microdata for Google Shopping', 'NFOrce Internet', 'QUIC', 'Schema Plugin', 'Shopify', 'Shopify Collabs', 'Smile IO', 'Tailwind CSS', 'Thank You', 'UTF-8', 'hCaptcha', 'reCAPTCHA']"
laskeyfamilyfarm.com,"Laskey Family Farm | Hand Craft Soy Wax Candles, Goat Milk Soap, etc.",Laskey Family Farm,ZAF,82,21457,2026-06-08T00:29:08.204272576Z,"['Apture Linking Platform', 'Cloudflare', 'Cloudflare CDN', 'Express', 'Google Related Website Sites', 'Klaviyo', 'Microdata for Google Shopping', 'NFOrce Internet', 'QUIC', 'RM Education', 'Shopify', 'Shopify Collabs', 'Smile IO', 'Thank You', 'UTF-8', 'hCaptcha', 'reCAPTCHA']"
blissful-soap.com,Blissful-Soap,,GBR,77,14313,2026-06-07T21:48:56.805267692Z,"['Alternate Protocol', 'Apture Linking Platform', 'Cloudflare', 'Cloudflare CDN', 'Express', 'Fastly', 'Google Analytics', 'Google Related Website Sites', 'Google Tag Manager', 'IcoMoon', 'Instagram Follow Button', 'Microdata for Google Shopping', 'NFOrce Internet', 'QUIC', 'SMSBump', 'Shipping Rates Calculator', 'Shopify', 'Shopify Collabs', 'Smile IO', 'Thank You', 'UTF-8', 'YouTube', 'hCaptcha', 'reCAPTCHA']"
thesudco.com,The SUD Co.,The SUD Co.,VAT,70,11405,2026-06-07T18:19:53.317825275Z,"['Apture Linking Platform', 'Aruba', 'Cloudflare', 'Cloudflare CDN', 'Engage', 'Express', 'Fomo', 'Google Related Website Sites', 'IcoMoon', 'Instagram Follow Button', 'MailMunch', 'Microdata for Google Shopping', 'QUIC', 'Shopify', 'Shopify Collabs', 'Smile IO', 'UTF-8', 'eLand', 'hCaptcha', 'reCAPTCHA']"
natureandthought.com,Nature & Thought | Accountable and Science-Backed Nutraceuticals - Nature & Thought,Nature & Thought Private limited,IND,87,20693,2026-06-07T18:15:27.719733941Z,"['Alternate Protocol', 'Apture Linking Platform', 'CDN JS', 'Cloudflare', 'Cloudflare CDN', 'ElementUI', 'Fastly', 'GoAffPro', 'Google Analytics', 'Google My Business', 'Google Related Website Sites', 'Google Tag Manager', 'Google Workspace', 'IcoMoon', 'Instagram Follow Button', 'Klaviyo', 'Microdata for Google Shopping', 'NFOrce Internet', 'QUIC', 'Shiprocket.co', 'Shopify', 'Shopify Collabs', 'Smile IO', 'StackPath', 'Thank You', 'Twitter Ads', 'UTF-8', 'YouTube', 'hCaptcha', 'jsDelivr', 'reCAPTCHA']"
laketimemagazine.com,Lake and Company,,ZAF,72,19393,2026-06-07T17:28:22.707158024Z,"['Alternate Protocol', 'Apture Linking Platform', 'Broad Street Ads', 'Cloudflare', 'Cloudflare CDN', 'Express', 'Google', 'Google Cloud DNS', 'Google Maps', 'IcoMoon', 'Instagram Follow Button', 'Klaviyo', 'Microdata for Google Shopping', 'NFOrce Internet', 'QUIC', 'Schema Plugin', 'Shopify', 'Shopify Collabs', 'Shopify Payments', 'Smile IO', 'Subversion', 'Swell Rewards', 'Tailwind CSS', 'UTF-8', 'hCaptcha', 'reCAPTCHA']"
arthayanatural.com,100% Pure And Natural Products Online! - Happy Aura – HAPPY AURA,,IND,72,31765,2026-06-07T17:28:22.699767231Z,"['Alternate Protocol', 'Apture Linking Platform', 'CDN JS', 'Cloudflare', 'Cloudflare CDN', 'Daily Deals', 'Fireblade', 'Google', 'Google Analytics', 'Google Cloud DNS', 'Google Font API', 'Google My Business', 'Google Related Website Sites', 'Google Tag Manager', 'IcoMoon', 'Instagram Follow Button', 'Klaviyo', 'Microdata for Google Shopping', 'NFOrce Internet', 'Pure.css', 'QUIC', 'Schema Plugin', 'Shopify', 'Shopify Collabs', 'Smile IO', 'Tailwind CSS', 'Thank You', 'UTF-8', 'hCaptcha', 'reCAPTCHA']"
baileyandcoco.com,"Premium Dog Harnesses, Collars, and Leads | Bailey and Coco UK – Bailey and Coco (UK)",Bailey & Coco,MEX,77,64805,2026-06-07T16:49:02.050850799Z,"['Apture Linking Platform', 'Cloudflare', 'Cloudflare CDN', 'Express', 'Google Analytics', 'Google Tag Manager', 'IcoMoon', 'Instagram Follow Button', 'Klaviyo', 'Microdata for Google Shopping', 'Microsoft Clarity', 'Pico CSS', 'QUIC', 'SMC', 'Shopify', 'Shopify Collabs', 'Smile IO', 'Trustpilot Reviews for WordPress', 'UTF-8', 'hCaptcha', 'reCAPTCHA']"
baseballdreamsandmemories.com,Baseball Dreams & Memories,,,67,16797,2026-06-07T14:21:10.581019342Z,"['Amazon CloudFront', 'Apture Linking Platform', 'CloudFront', 'Cloudflare', 'Cloudflare CDN', 'Express', 'Fastly CDN', 'Google My Business', 'Google Related Website Sites', 'Instagram Follow Button', 'Microdata for Google Shopping', 'Schema Plugin', 'Shopify', 'Shopify Collabs', 'Smile IO', 'Tailwind CSS', 'UTF-8', 'University or College', 'hCaptcha', 'reCAPTCHA']"
cibelleeyewear.com,"Sustainable eyewear brand for women, eyeglasses and sunglasses – Cibelle Eyewear",Cibelle Eyewear,VAT,77,11501,2026-06-07T13:37:26.902908972Z,"['Apture Linking Platform', 'Aruba', 'Cloudflare', 'Cloudflare CDN', 'DAV', 'Express', 'Font Awesome', 'Google Related Website Sites', 'IcoMoon', 'Instagram Follow Button', 'Microdata for Google Shopping', 'Newsletter for Wordpress', 'No-Q', 'PHP', 'Perl', 'QUIC', 'Shipping Rates Calculator', 'Shopify', 'Shopify Collabs', 'Shopify Payments', 'Smile IO', 'Subversion', 'Swell Rewards', 'UTF-8', 'Vercel', 'eLand', 'hCaptcha', 'reCAPTCHA']"
fancyplansco.com,"FANCY PLANS - MINIMAL + FUNCTIONAL STATIONERY, LEATHER AGENDAS – Fancy Plans Co",Fancy Plans Co,VUT,77,103715,2026-06-07T12:56:29.812749147Z,"['AJAX Libraries API', 'Alternate Protocol', 'Amazon', 'Amazon CloudFront', 'Amazon S3 CDN', 'Apture Linking Platform', 'CDN JS', 'CloudFront', 'Cloudflare', 'Cloudflare CDN', 'Express', 'Fastly', 'Fastly CDN', 'Fireblade', 'Google Analytics', 'Google Cloud DNS', 'Google Cloud Storage', 'Google Font API', 'Google Related Website Sites', 'Google Tag Manager', 'IcoMoon', 'Instagram Follow Button', 'Klaviyo', 'Landis Holdings', 'LeadSlide', 'MailChimp', 'Mapp', 'Microdata for Google Shopping', 'Navidium', 'Onyx Internet', 'PHP', 'POWr', 'PayPal', 'Proof Factor', 'QUIC', 'Shopify', 'Shopify Collabs', 'Shopify Payments', 'Smile IO', 'Storyblocks', 'Tailwind CSS', 'Thank You', 'UTF-8', 'University or College', 'YouTube', 'hCaptcha', 'jQuery', 'jsDelivr', 'reCAPTCHA']"
ellesboutique.ca,Elle's Boutique,Elle&#39;s Boutique,,62,17985,2026-06-07T12:32:49.497672048Z,"['Afterpay', 'Amazon CloudFront', 'Apture Linking Platform', 'CloudFront', 'Cloudflare', 'Cloudflare CDN', 'Corso', 'Express', 'Google Cloud DNS', 'Google Cloud Storage', 'Google Related Website Sites', 'IcoMoon', 'Instagram Follow Button', 'Klaviyo', 'Microdata for Google Shopping', 'QUIC', 'Rebuy', 'Shipping Rates Calculator', 'Shopify', 'Shopify Collabs', 'Smile IO', 'Tailwind CSS', 'UTF-8', 'YouTube', 'hCaptcha', 'reCAPTCHA']"
melioraweb.com,MelioraWeb – SaaS AI Partner for Founders & Entrepreneurs – MelioraWeb Exceptional eCommerce Experience,MelioraWeb Exceptional eCommerce Experience,,72,41397,2026-06-07T12:04:34.040578171Z,"['AWS WAF Challenge', 'Amazon', 'Apture Linking Platform', 'Cloudflare', 'Cloudflare CDN', 'Clutch', 'Free Call', 'Google My Business', 'Instagram Follow Button', 'Microdata for Google Shopping', 'Pico CSS', 'QUIC', 'ScheduleOnce', 'Shopify', 'Shopify Collabs', 'Smile IO', 'Twitter Ads', 'UTF-8', 'Vector Internet Services', 'hCaptcha', 'jQuery', 'reCAPTCHA']"
imagebeautycenter.net,"Discount Beauty Supply | Makeup, Hair, Skin Care - Image Beauty",Image Beauty,DEU,77,58341,2026-06-07T08:53:26.123701771Z,"['AJAX Libraries API', 'Adult Content', 'Afterpay', 'Amazon', 'Amazon CloudFront', 'Amped', 'App Store', 'Apture Linking Platform', 'Aruba', 'Bing Cashback', 'Bing Conversion Tracking', 'CDN JS', 'CloudFront', 'Cloudflare', 'Cloudflare CDN', 'DAV', 'Digital Ocean Spaces', 'DoubleClick Bid Manager', 'ElementUI', 'Ethy', 'Express', 'Fireblade', 'Google', 'Google Analytics', 'Google Cloud CDN', 'Google Cloud DNS', 'Google Flights Conversion Tracking', 'Google Maps', 'Google My Business', 'Google Play', 'Google Recommendations AI', 'Google Related Website Sites', 'Google Tag Manager', 'GraphQL', 'IcoMoon', 'Instagram Follow Button', 'Interchange', 'Klaviyo', 'MailChimp', 'Microdata for Google Shopping', 'Microsoft Clarity', 'NFOrce Internet', 'PWA', 'Perl', 'QUIC', 'Searchanise', 'Shopify', 'Shopify Collabs', 'Smile IO', 'Stamped', 'Storyblocks', 'Twitter Ads', 'UTF-8', 'eLand', 'hCaptcha', 'jQuery', 'reCAPTCHA']"
themadeonearth.com,Affordable organic cotton and Etclothing for Kids delivering globally. – TheMadeOnEarth LLC,TheMadeOnEarth LLC,,67,61514,2026-06-07T08:26:26.203501526Z,"['Alternate Protocol', 'Apture Linking Platform', 'Cloudflare', 'Cloudflare CDN', 'Express', 'Fastly', 'Google Related Website Sites', 'Instagram Follow Button', 'JotForm', 'Microdata for Google Shopping', 'Newsletter for Wordpress', 'Oddle', 'POWr', 'QUIC', 'RM Education', 'Shopify', 'Shopify Collabs', 'Smile IO', 'Tailwind CSS', 'To Top', 'UTF-8', 'Vignette OpenText', 'YouTube', 'hCaptcha', 'reCAPTCHA']"
blumazecreations.com,Blu-Maze Creations,,,50,600,2026-06-07T06:51:39.141781082Z,"['Amazon CloudFront', 'Apture Linking Platform', 'CloudFront', 'Cloudflare', 'Cloudflare CDN', 'Express', 'Google My Business', 'Google Related Website Sites', 'Heroku', 'IcoMoon', 'Instagram Follow Button', 'Microdata for Google Shopping', 'Schema Plugin', 'Share Link', 'Shopify', 'Shopify Collabs', 'Smile IO', 'Tailwind CSS', 'Twitter Ads', 'UTF-8', 'Umbler', 'hCaptcha', 'reCAPTCHA']"
candymail.co.uk,Candymail UK | Premium International Sweets & Candy Online – Shop N,Candy Mail UK,VAT,77,41344,2026-06-07T05:50:52.214057131Z,"['Alternate Protocol', 'Amazon CloudFront', 'Apture Linking Platform', 'Aruba', 'Attentive', 'Azure Edge', 'CloudFront', 'Cloudflare', 'Cloudflare CDN', 'ElementUI', 'Express', 'Facebook Conversion Tracking', 'Facebook Login', 'Facebook Messenger Platform', 'Facebook Pixel', 'Facebook Reseller', 'Facebook Tag API', 'Fastly', 'Financial Services Guide', 'Font Awesome', 'Google Analytics', 'Google My Business', 'Google Related Website Sites', 'Google Tag Manager', 'IcoMoon', 'Instagram Follow Button', 'Kimonix', 'Klaviyo', 'Microdata for Google Shopping', 'Microsoft Clarity', 'Pico CSS', 'QUIC', 'Schema Plugin', 'Shopify', 'Shopify Collabs', 'SiteW', 'Smile IO', 'Tailwind CSS', 'To Top', 'Trustpilot Reviews for WordPress', 'UTF-8', 'YouTube', 'eLand', 'hCaptcha', 'reCAPTCHA']"
apothecary64.co.uk,APOTHECARY64 – APOTHECARY64,,,67,22017,2026-06-07T05:04:15.474101287Z,"['Amazon', 'Apture Linking Platform', 'Cloudflare', 'Cloudflare CDN', 'Express', 'Fastly CDN', 'Google Related Website Sites', 'IcoMoon', 'Instagram Follow Button', 'Microdata for Google Shopping', 'PHP', 'Perl', 'QUIC', 'Rise.ai', 'Shopify', 'Shopify Collabs', 'Shopify Payments', 'Smile IO', 'Svelte', 'Swell Rewards', 'UTF-8', 'Yotpo', 'hCaptcha', 'jsDelivr', 'reCAPTCHA']"
endurancelab.eu,American Express,Endurance Lab,GIB,70,76497,2026-06-07T03:34:47.909453322Z,"['Alternate Protocol', 'Amazon CloudFront', 'Amazon WAF Blocked', 'Apture Linking Platform', 'CloudFront', 'Cloudflare', 'Cloudflare CDN', 'Drata', 'Express', 'GetResponse', 'Google', 'Google Analytics', 'Google Cloud DNS', 'Google Maps', 'Google Related Website Sites', 'Google Tag Manager', 'Gorgias', 'GraphQL', 'IcoMoon', 'Instagram Follow Button', 'Klaviyo', 'Landis Holdings', 'Microdata for Google Shopping', 'NFOrce Internet', 'Performance Lab', 'Perl', 'QUIC', 'Shopify', 'Shopify Collabs', 'Shopify Payments', 'Smile IO', 'Snowplow', 'Tailwind CSS', 'Thank You', 'UTF-8', 'YouTube', 'eLand', 'hCaptcha', 'jsDelivr', 'reCAPTCHA']"
imouri.com,Original Anime Streetwear Clothes & Accessories | Imouri,Imouri,NGA,87,12497,2026-06-07T02:25:20.307691834Z,"['Adult Content', 'Alternate Protocol', 'Apture Linking Platform', 'Aruba', 'Cloudflare', 'Cloudflare CDN', 'Content Delivery Network', 'Express', 'Fastly', 'Google Related Website Sites', 'Instagram Follow Button', 'Microdata for Google Shopping', 'PHP', 'Privy', 'QUIC', 'Shopify', 'Shopify Collabs', 'Smile IO', 'Tailwind CSS', 'Twitter Ads', 'UTF-8', 'YouTube', 'eLand', 'hCaptcha', 'reCAPTCHA']"
shetlandreel.com,Shetland Reel Gin | Shetland Distillery,,GBR,82,19545,2026-06-07T02:20:20.777350063Z,"['Amazon', 'Apture Linking Platform', 'Cloudflare', 'Cloudflare CDN', 'DC74', 'Express', 'Google Analytics', 'Google Cloud DNS', 'Google Font API', 'Google Tag Manager', 'IcoMoon', 'Instagram Follow Button', 'Klaviyo', 'Microdata for Google Shopping', 'Schema Plugin', 'Shopify', 'Shopify Collabs', 'Smile IO', 'Twitter Ads', 'UTF-8', 'YouTube', 'hCaptcha', 'reCAPTCHA']"
beautyconnective.ca,Beauty Cult Canada | Wholesale Skin Care Distributor | Beauty Cult Canada,BEAUTY CULT CANADA,FRA,82,39204,2026-06-07T02:06:06.038179041Z,"['Amped', 'Apture Linking Platform', 'Azure Edge', 'Cloudflare', 'Cloudflare CDN', 'Coming Soon Page', 'DAV', 'Fireblade', 'Google Analytics', 'Google Related Website Sites', 'Google Tag Manager', 'Instagram Follow Button', 'Microdata for Google Shopping', 'Perl', 'Schema Plugin', 'Shopify', 'Shopify Collabs', 'Shopify Payments', 'Smile IO', 'Stamped', 'Subversion', 'Tailwind CSS', 'To Top', 'UTF-8', 'Weglot', 'YouTube', 'hCaptcha', 'reCAPTCHA']"
autopaintsuperstore.com,TCP Global Corporation - Quality & Service Since 1974,TCP Global Corporation,USA,72,35593,2026-06-07T01:44:13.064338267Z,"['Amazon CloudFront', 'Apture Linking Platform', 'CloudFront', 'Cloudflare', 'Cloudflare CDN', 'Digital Ocean Spaces', 'Express', 'Fastly', 'Fireblade', 'Google Analytics', 'Google Cloud DNS', 'Google Cloud Storage', 'Google Font API', 'Google My Business', 'Google Tag Manager', 'Gravity', 'Heroku', 'IcoMoon', 'Instagram Follow Button', 'Klaviyo', 'Microdata for Google Shopping', 'Microsoft Clarity', 'Okendo', 'Perl', 'Shopify', 'Shopify Collabs', 'Smile IO', 'UTF-8', 'XSellco', 'YouTube', 'hCaptcha', 'reCAPTCHA']"
ancestralnutrition.com.au,Australia's Purest Grass Fed Beef Organ Supplements – Ancestral Nutrition,,VAT,82,46233,2026-06-07T01:19:38.65859981Z,"['Adult Content', 'Alternate Protocol', 'Amazon', 'Amazon CloudFront', 'Amazon S3 CDN', 'Apture Linking Platform', 'Aruba', 'Baidu Cloud', 'Bing Cashback', 'Bing Conversion Tracking', 'CloudFront', 'Cloudflare', 'Cloudflare CDN', 'Express', 'Fastly', 'Google Cloud DNS', 'Google Cloud Storage', 'Google Related Website Sites', 'IcoMoon', 'Instagram Follow Button', 'Klaviyo', 'Landis Holdings', 'Microdata for Google Shopping', 'NFOrce Internet', 'Perl', 'Python', 'QUIC', 'Reputon', 'Shopify', 'Shopify Collabs', 'Shopify Payments', 'Smile IO', 'Storyblocks', 'Thank You', 'UTF-8', 'UptimeRobot', 'Yandex Hosting', 'YouTube', 'eLand', 'hCaptcha', 'reCAPTCHA']"
sundayrae.com.au,Sunday Rae,,,40,908,2026-06-07T00:13:01.831158639Z,"['Amazon', 'Apture Linking Platform', 'Cloudflare', 'Cloudflare CDN', 'Google Related Website Sites', 'Klaviyo', 'Microdata for Google Shopping', 'NFOrce Internet', 'Schema Plugin', 'Shopify', 'Shopify Collabs', 'Smile IO', 'Tailwind CSS', 'Thank You', 'UTF-8', 'hCaptcha', 'reCAPTCHA']"
allieandmeboutique.com,Allie and Me Boutique,Allie and Me Boutique,FRA,77,10065,2026-06-06T15:55:17.171076207Z,"['Apture Linking Platform', 'Cloudflare', 'Cloudflare CDN', 'Express', 'Google Related Website Sites', 'IcoMoon', 'Instagram Follow Button', 'Microdata for Google Shopping', 'QUIC', 'Shopify', 'Shopify Collabs', 'Smile IO', 'UTF-8', 'hCaptcha', 'reCAPTCHA']"
huffhemp.com,CBD Roll On - Huff Hemp - All Natural Pain Relief – HUFF HEMP,HUFF HEMP,,72,15273,2026-06-06T15:08:07.085760076Z,"['Apture Linking Platform', 'Bing Cashback', 'Bing Conversion Tracking', 'Cloudflare', 'Cloudflare CDN', 'Fastly', 'Google Related Website Sites', 'Instagram Follow Button', 'Microdata for Google Shopping', 'Privy', 'Proof Factor', 'QUIC', 'RevenueHunt', 'Shopify', 'Shopify Collabs', 'Shopify Payments', 'Smile IO', 'UTF-8', 'hCaptcha', 'reCAPTCHA']"
smibmy.com,Most Effective Anti Hair Loss / Fall Shampoo SMiB Singapore & Malaysia – SMiB 스미브,SMiB 스미브,SGP,87,29513,2026-06-06T10:01:35.053725157Z,"['AWS WAF Challenge', 'Amazon', 'Amazon CloudFront', 'Apture Linking Platform', 'Chatra', 'CloudFront', 'Cloudflare', 'Cloudflare CDN', 'Ethy', 'Express', 'Google Analytics', 'Google My Business', 'Google Related Website Sites', 'Google Tag Manager', 'Heroku', 'Instagram Follow Button', 'MailMunch', 'Microdata for Google Shopping', 'Privy', 'Shopify', 'Shopify Collabs', 'Smile IO', 'Tailwind CSS', 'UTF-8', 'WhatsApp Sharing', 'YouTube', 'hCaptcha', 'reCAPTCHA']"
thejadeleaf.com,The Jade Leaf-Taiwanese tea and handmade wood fired teaware,,SGP,82,28013,2026-06-06T06:32:55.076062272Z,"['3 Products', 'AWS WAF Challenge', 'Apture Linking Platform', 'Back in Stock', 'Cloudflare', 'Cloudflare CDN', 'DAV', 'IcoMoon', 'Instagram Follow Button', 'Klaviyo', 'Microdata for Google Shopping', 'Shopify', 'Shopify Collabs', 'Shopify Payments', 'Smile IO', 'UTF-8', 'hCaptcha', 'reCAPTCHA']"
shop-melon.com,MELON | mini-me kidswear,,SGP,72,42913,2026-06-06T05:30:30.924597785Z,"['Alternate Protocol', 'Apture Linking Platform', 'Cloudflare', 'Cloudflare CDN', 'Contento', 'Fastly CDN', 'Google Related Website Sites', 'IcoMoon', 'Instagram Follow Button', 'MailChimp', 'QUIC', 'Shopify', 'Shopify Collabs', 'Smile IO', 'Snapppt', 'Tailwind CSS', 'UTF-8', 'YouTube', 'hCaptcha', 'reCAPTCHA']"
michiganthreadsheadbands.com,Michigan Threads | Non-Slip Women's Headbands & Embroidered Apparel – Michigan Threads Headbands,Michigan Threads Headbands,VAT,82,12905,2026-06-06T05:06:39.023078164Z,"['Alternate Protocol', 'Apture Linking Platform', 'Aruba', 'Cloudflare', 'Cloudflare CDN', 'Express', 'Fastly', 'GoAffPro', 'Google Related Website Sites', 'Instagram Follow Button', 'Microdata for Google Shopping', 'QUIC', 'Shopify', 'Shopify Collabs', 'Smile IO', 'UTF-8', 'YouTube', 'eLand', 'hCaptcha', 'reCAPTCHA']"
aljoher.ca,Custom Engagement Rings Toronto | Diamonds & Gemstones | Al Joher,,CAN,87,22254,2026-06-06T04:41:29.015127459Z,"['Amazon', 'Apture Linking Platform', 'BookThatApp', 'Cloudflare', 'Cloudflare CDN', 'Google Analytics', 'Google My Business', 'Google Related Website Sites', 'Google Tag Manager', 'Hotjar', 'IcoMoon', 'Instagram Follow Button', 'Microdata for Google Shopping', 'Newsletter for Wordpress', 'Privy', 'QUIC', 'RM Education', 'Reputon', 'Shopify', 'Shopify Collabs', 'Smile IO', 'UTF-8', 'YouTube', 'hCaptcha', 'reCAPTCHA']"
rawcoffee.ae,RAW Coffee Company | 100% Direct & Ethically Traded | Roasted in Dubai,RAW Coffee Company,,77,15455,2026-06-06T04:19:28.941664021Z,"['Amazon CloudFront', 'Amazon WAF Blocked', 'Apture Linking Platform', 'Bold Commerce', 'CloudFront', 'Cloudflare', 'Cloudflare CDN', 'Daily Deals', 'Express', 'Google Analytics', 'Google My Business', 'Google Related Website Sites', 'Google Tag Manager', 'Instagram Follow Button', 'Klaviyo', 'Microdata for Google Shopping', 'Newsletter for Wordpress', 'PWA', 'QUIC', 'Shopify', 'Shopify Collabs', 'Smile IO', 'Storyblocks', 'Tailwind CSS', 'Thank You', 'To Top', 'Twitter Ads', 'UTF-8', 'Vimeo', 'YouTube', 'hCaptcha', 'reCAPTCHA']"
pakhalalmeat.co.uk,Pak Halal Meat,Pak Halal Meat,GBR,77,39517,2026-06-06T02:53:42.712129845Z,"['Apture Linking Platform', 'CDN JS', 'Cloudflare', 'Cloudflare CDN', 'Express', 'Google Adsense', 'Google Cloud DNS', 'Google Funding Choices', 'Google Maps', 'Google Matched Content', 'Google My Business', 'Google Reseller', 'Instagram Follow Button', 'Mapp', 'Microdata for Google Shopping', 'QUIC', 'Secomapp', 'Shopify', 'Shopify Collabs', 'Smile IO', 'Tailwind CSS', 'UTF-8', 'hCaptcha', 'reCAPTCHA']"
healthy.co.nz,Natural Health Supplements NZ | Healthy.co.nz — healthy.co.nz,healthy.co.nz,,77,53015,2026-06-06T02:39:32.424547213Z,"['AJAX Libraries API', 'AWS WAF Challenge', 'Alternate Protocol', 'Amazon CloudFront', 'Apture Linking Platform', 'CloudFront', 'Cloudflare', 'Cloudflare CDN', 'Ethy', 'Fireblade', 'Google Analytics', 'Google Cloud DNS', 'Google Related Website Sites', 'Google Tag Manager', 'IcoMoon', 'Instagram Follow Button', 'Loop Returns', 'Microdata for Google Shopping', 'Microsoft Clarity', 'NFOrce Internet', 'Omnisend', 'QUIC', 'Shopify', 'Shopify Collabs', 'Smile IO', 'Tailwind CSS', 'Thank You', 'UTF-8', 'Weglot', 'Zipify', 'hCaptcha', 'reCAPTCHA']"
cindyssuds.com,"All natural, chemical free skincare, bath, and home products. | Cindy's Suds",,,62,26535,2026-06-06T01:43:57.679596784Z,"['Apture Linking Platform', 'CDN JS', 'Cloudflare', 'Cloudflare CDN', 'Express', 'Facebook Login', 'Facebook Messenger Platform', 'Facebook Reseller', 'Google Maps', 'Google My Business', 'Google Recommendations AI', 'Google Related Website Sites', 'Instagram Follow Button', 'POWr', 'Shopify', 'Shopify Collabs', 'Smile IO', 'Swell Rewards', 'Tailwind CSS', 'Twitter Ads', 'UTF-8', 'Yotpo', 'hCaptcha', 'jQuery', 'reCAPTCHA']"
healthomart.co.nz,HealthOmart New Zealand,,NZL,77,11565,2026-06-06T01:11:42.93307276Z,"['Apture Linking Platform', 'Cloudflare', 'Cloudflare CDN', 'Express', 'Google Analytics', 'Google Related Website Sites', 'Google Tag Manager', 'IcoMoon', 'Microdata for Google Shopping', 'Microsoft Clarity', 'NFOrce Internet', 'PayPal', 'Placehold IT', 'QUIC', 'Schema Plugin', 'Shopify', 'Shopify Collabs', 'Smile IO', 'Tailwind CSS', 'Thank You', 'UTF-8', 'hCaptcha', 'reCAPTCHA']"
bubbasfoods.com,"B's Fine Foods | Grain Free, Delicious Paleo Snacks",B. Fine Foods,,62,31044,2026-06-05T23:12:17.671180923Z,"['AWS WAF Challenge', 'Amazon Widgets', 'Apture Linking Platform', 'Cloudflare', 'Cloudflare CDN', 'Coming Soon Page', 'Fastly', 'IcoMoon', 'Instagram Follow Button', 'Klaviyo', 'Microdata for Google Shopping', 'NFOrce Internet', 'QUIC', 'Schema Plugin', 'Shopify', 'Shopify Collabs', 'Smile IO', 'Tailwind CSS', 'Thank You', 'Twitter Ads', 'UTF-8', 'hCaptcha', 'jQuery', 'reCAPTCHA']"
ninelivesjiujitsu.com,"Nine Lives Jiu Jitsu - Premium Gis, Playful as Cats",,USA,77,50497,2026-06-05T22:29:16.162305986Z,"['Amazon WAF Blocked', 'Apture Linking Platform', 'Cloudflare', 'Cloudflare CDN', 'Fastly', 'Fireblade', 'Google Related Website Sites', 'Instagram Follow Button', 'KVH', 'MailChimp', 'Metricool', 'Microdata for Google Shopping', 'NFOrce Internet', 'PHP', 'Pantheon', 'QUIC', 'Schema Plugin', 'Shopify', 'Shopify Collabs', 'Smile IO', 'Subversion', 'Tailwind CSS', 'Thank You', 'UTF-8', 'YouTube', 'hCaptcha', 'reCAPTCHA']"
brightoncutters.com,Brighton Cutters | Brighton Cutters LLC,Brighton Cutters LLC,,82,37643,2026-06-05T22:18:29.94802402Z,"['AJAX Libraries API', 'AWS WAF Challenge', 'Alternate Protocol', 'Amazon WAF Blocked', 'Apture Linking Platform', 'Azure Edge', 'CDN JS', 'Cloudflare', 'Cloudflare CDN', 'Coming Soon Page', 'DAV', 'ElementUI', 'Google Cloud DNS', 'IcoMoon', 'Imgix', 'Instagram Follow Button', 'Klaviyo', 'MaxCDN', 'Microdata for Google Shopping', 'Microsoft Azure Verified CDN', 'NFOrce Internet', 'Newsletter for Wordpress', 'Perl', 'QUIC', 'Shifter', 'Shopify', 'Shopify Collabs', 'SiteW', 'Smile IO', 'Tailwind CSS', 'Thank You', 'UTF-8', 'University or College', 'YouTube', 'hCaptcha', 'jQuery', 'reCAPTCHA']"
hedkandisalon.shop,Shop Hair Care Products & Tools Online in Canada | Hedkandi,HEDKANDI.SHOP,,77,70097,2026-06-05T19:48:44.523961307Z,"['Afterpay', 'Apture Linking Platform', 'Cloudflare', 'Cloudflare CDN', 'Google Analytics', 'Google Related Website Sites', 'Google Tag Manager', 'Instagram Follow Button', 'KVH', 'Microdata for Google Shopping', 'Perl', 'Shifter', 'Shopify', 'Shopify Collabs', 'Smile IO', 'Subversion', 'Tailwind CSS', 'Twitter Ads', 'UTF-8', 'hCaptcha', 'iAPPS', 'reCAPTCHA']"
verona-collection.com,Modern Everyday Clothing | Hijabs | Modest clothing,Verona Clothes Collection,ITA,77,13348,2026-06-05T19:24:39.971141316Z,"['AdRoll', 'Adult Content', 'App Store', 'Apture Linking Platform', 'Cloudflare', 'Cloudflare CDN', 'Coming Soon Page', 'Express', 'Google Cloud DNS', 'Google Font API', 'Google My Business', 'Google Play', 'Google Related Website Sites', 'Heymarket', 'IcoMoon', 'Instagram Follow Button', 'MailChimp', 'Microdata for Google Shopping', 'QUIC', 'Shopify', 'Shopify Collabs', 'Smile IO', 'Swell Rewards', 'UTF-8', 'Yotpo', 'hCaptcha', 'jQuery', 'reCAPTCHA']"
jcelectronicsngadgets.com,Welcome to JC Electronics N Gadgets | Store,JC Electronics N Gadgets,,57,8595,2026-06-05T17:18:07.209867617Z,"['Alternate Protocol', 'Apture Linking Platform', 'CJ Dropshipping', 'Cloudflare', 'Cloudflare CDN', 'Express', 'Fireblade', 'Google Cloud DNS', 'Google Font API', 'IcoMoon', 'Instagram Follow Button', 'Microdata for Google Shopping', 'Oddle', 'QUIC', 'Shopify', 'Shopify Collabs', 'Smile IO', 'Twitter Ads', 'UTF-8', 'YouTube', 'hCaptcha', 'reCAPTCHA']"
therecordhub.com,The Record Hub | Buy Vinyl Records Online,,PHL,77,37442,2026-06-05T16:19:08.908470888Z,"['AJAX Libraries API', 'AdRoll', 'Adult Content', 'Advertising.com', 'Amazon Associates Affiliate Shop', 'Amazon WAF Blocked', 'Apture Linking Platform', 'Aruba', 'Bing Cashback', 'Bing Conversion Tracking', 'ByteDance', 'Cloudflare', 'Cloudflare CDN', 'Coming Soon Page', 'DAV', 'Dataships', 'Express', 'Fastly', 'Fireblade', 'Global Privacy Control', 'Google Analytics', 'Google Cloud DNS', 'Google Font API', 'Google My Business', 'Google Related Website Sites', 'Google Tag Manager', 'Hotjar', 'IcoMoon', 'Instagram Follow Button', 'Klaviyo', 'Lucky Orange', 'Microdata for Google Shopping', 'Microsoft Clarity', 'Newsletter for Wordpress', 'Outbrain Direct', 'Perl', 'Pico CSS', 'Pingdom RUM', 'Pubmatic', 'QUIC', 'Reddit Conversion Tracking', 'Rise.ai', 'Shopify', 'Shopify Collabs', 'Smile IO', 'Tailwind CSS', 'Thank You', 'TikTok Conversion Tracking Pixel', 'Triple Lift Direct', 'Trustpilot Reviews for WordPress', 'UTF-8', 'Vercel', 'Webmarked', 'WoWonder', 'YouTube', 'eLand', 'hCaptcha', 'jQuery', 'reCAPTCHA']"
rebelheartedboutique.com,Rebel Hearted Boutique,,,50,348,2026-06-05T16:04:22.381285936Z,"['Apture Linking Platform', 'Cloudflare', 'Cloudflare CDN', 'Express', 'Google My Business', 'Instagram Follow Button', 'Microdata for Google Shopping', 'Schema Plugin', 'Shopify', 'Shopify Collabs', 'Smile IO', 'Tailwind CSS', 'UTF-8', 'hCaptcha', 'reCAPTCHA']"
euterpestudio.com,Euterpe - Made in Italy Leather Bags – Euterpe Studio,,,67,68064,2026-06-05T16:04:22.375075976Z,"['Adult Content', 'Alternate Protocol', 'Amazon WAF Blocked', 'Apture Linking Platform', 'Azion', 'Baidu Cloud', 'Cloudflare', 'Cloudflare CDN', 'Coming Soon Page', 'Contento', 'DAV', 'DC74', 'Express', 'Fastly', 'Google Analytics', 'Google My Business', 'Google Related Website Sites', 'Google Tag Manager', 'IcoMoon', 'Instagram Follow Button', 'Iubenda', 'Klaviyo', 'Microdata for Google Shopping', 'Microsoft Clarity', 'NFOrce Internet', 'Nosto', 'Perl', 'QUIC', 'Shopify', 'Shopify Collabs', 'Shopify Payments', 'Smile IO', 'Tailwind CSS', 'UTF-8', 'Yandex Hosting', 'YouTube', 'hCaptcha', 'jsDelivr', 'reCAPTCHA']"
rockymountainbarber.com,"Rocky Mountain Barber Company | Men's Skin, Hair & Body Care Products",Rocky Mountain Barber Company,USA,82,27285,2026-06-05T15:57:53.364287354Z,"['17TRACK', '3 Products', 'Amazon WAF Blocked', 'Angular', 'Apture Linking Platform', 'BunnyCDN General', 'Click Chat', 'Cloudflare', 'Cloudflare CDN', 'Google Cloud DNS', 'Google Cloud Storage', 'Google Related Website Sites', 'IcoMoon', 'Instagram Follow Button', 'Jilt', 'MailChimp', 'MailMunch', 'Microdata for Google Shopping', 'NFOrce Internet', 'PHP', 'Parcel', 'Perl', 'QUIC', 'RM Education', 'Refersion', 'Shopify', 'Shopify Collabs', 'Smile IO', 'Thank You', 'UTF-8', 'YouTube', 'hCaptcha', 'reCAPTCHA']"
magielog.co.uk,Magielog Beauty Store – MagieLog Beauty Store,,JPN,72,29245,2026-06-05T15:25:28.933766807Z,"['Alternate Protocol', 'Apture Linking Platform', 'Cloudflare', 'Cloudflare CDN', 'Express', 'Fastly', 'Fireblade', 'GoAffPro', 'Google Analytics', 'Google Cloud DNS', 'Google Font API', 'Google Related Website Sites', 'Google Tag Manager', 'Instagram Follow Button', 'NFOrce Internet', 'QUIC', 'Shopify', 'Shopify Collabs', 'Smile IO', 'Telegram', 'Thank You', 'Twitter Ads', 'UTF-8', 'hCaptcha', 'jQuery', 'reCAPTCHA']"
carisma-shop.com,Carisma RC Cars Online Shop,,CHN,77,9388,2026-06-05T15:01:40.586074069Z,"['AJAX Libraries API', 'About Cookies', 'Apture Linking Platform', 'Cloudflare', 'Cloudflare CDN', 'Coming Soon Page', 'Facebook Embedded Posts', 'Google Cloud DNS', 'Google Font API', 'Instagram Follow Button', 'Line2', 'MailChimp', 'Parcel', 'QUIC', 'Shopify', 'Shopify Collabs', 'Shopify Payments', 'Smile IO', 'Tailwind CSS', 'Thank You', 'UTF-8', 'YouTube', 'hCaptcha', 'reCAPTCHA']"
shopmersi.com,Quality safety products at the best prices! – mersidistribution,mersidistribution,,72,32072,2026-06-05T13:44:42.026610202Z,"['AJAX Libraries API', 'AWS WAF Challenge', 'Apture Linking Platform', 'Bing Cashback', 'Bing Conversion Tracking', 'Cloudflare', 'Cloudflare CDN', 'Coming Soon Page', 'ElementUI', 'Express', 'Google Analytics', 'Google Cloud DNS', 'Google Flights Conversion Tracking', 'Google My Business', 'Google Related Website Sites', 'Google Tag Manager', 'IcoMoon', 'MailChimp', 'Microdata for Google Shopping', 'PageFly', 'QUIC', 'Shopify', 'Shopify Collabs', 'Shopify Payments', 'Smile IO', 'Taboola Direct', 'Taboola Reseller', 'Tailwind CSS', 'TrackingMore', 'Twitter Ads', 'UTF-8', 'Vector Internet Services', 'hCaptcha', 'jQuery', 'jsDelivr', 'reCAPTCHA']"
tuscanyfood.love,Authentic Italian Gourmet Food and Products | Emilia Food Love,EMILIA FOOD LOVE USA,ITA,77,51849,2026-06-05T13:11:54.006747139Z,"['AWS WAF Challenge', 'App Store', 'Apture Linking Platform', 'Azion', 'Cloudflare', 'Cloudflare CDN', 'Disqus Comment System for WordPress', 'Doofinder', 'Express', 'Fireblade', 'Google', 'Google Analytics', 'Google Cloud CDN', 'Google My Business', 'Google Play', 'Google Related Website Sites', 'Google Tag Manager', 'IcoMoon', 'Instagram Follow Button', 'Iubenda', 'Klaviyo', 'MailChimp', 'Microdata for Google Shopping', 'Perl', 'Pico CSS', 'QUIC', 'Shopify', 'Shopify Collabs', 'Smile IO', 'Tidio', 'Trustpilot Reviews for WordPress', 'Twitter Ads', 'UTF-8', 'WhatsApp Sharing', 'YouTube', 'hCaptcha', 'jQuery', 'reCAPTCHA']"
skindulgebysteph.com,SkindulgebySteph – Opening Soon,,,50,3684,2026-06-05T11:38:22.188196941Z,"['Amazon', 'Amped', 'Apture Linking Platform', 'Cloudflare', 'Cloudflare CDN', 'Fastly', 'Google My Business', 'Shopify', 'Shopify Collabs', 'Smile IO', 'Stamped', 'Tailwind CSS', 'Twitter Ads', 'UTF-8', 'hCaptcha', 'reCAPTCHA']"
hairsense.ca,"Professional Hair Care, Tools and Men's Grooming | Hairsense",hairsense,CAN,82,22993,2026-06-05T10:32:55.79493002Z,"['Apture Linking Platform', 'ClickCease', 'Cloudflare', 'Cloudflare CDN', 'DAV', 'Express', 'Google', 'Google Analytics', 'Google Cloud DNS', 'Google Maps', 'Google Related Website Sites', 'Google Tag Manager', 'IcoMoon', 'Instagram Follow Button', 'Microdata for Google Shopping', 'NFOrce Internet', 'PageFly', 'Parcel', 'ParcelPanel Order Tracking', 'QUIC', 'Shopify', 'Shopify Collabs', 'Smile IO', 'Tailwind CSS', 'Thank You', 'TrackingMore', 'Twitter Ads', 'UTF-8', 'Vector Internet Services', 'hCaptcha', 'reCAPTCHA']"
papertally.com,Paper Tally,,,40,348,2026-06-05T07:49:58.152954269Z,"['Apture Linking Platform', 'Cloudflare', 'Cloudflare CDN', 'Instagram Follow Button', 'Shopify', 'Shopify Collabs', 'Smile IO', 'UTF-8', 'hCaptcha', 'reCAPTCHA']"
planetsupplements.com,"PlanetSupplements:Premium Supplements for Energy, Performance & Health – Planet Supplements",,USA,82,21205,2026-06-05T07:31:11.057339856Z,"['Apture Linking Platform', 'Cloudflare', 'Cloudflare CDN', 'Express', 'Fastly CDN', 'Google', 'Google Analytics', 'Google Cloud DNS', 'Google Maps', 'Google My Business', 'Google Pay', 'Google Related Website Sites', 'Google Tag Manager', 'IcoMoon', 'Instagram Follow Button', 'Microdata for Google Shopping', 'NFOrce Internet', 'QUIC', 'Share Link', 'Shopify', 'Shopify Collabs', 'Shopify Payments', 'Smile IO', 'Tailwind CSS', 'Thank You', 'Twitter Ads', 'UTF-8', 'University or College', 'YouTube', 'hCaptcha', 'reCAPTCHA']"
simonefrance.com,Simone France Skincare,Simone France Skincare,MLT,92,19061,2026-06-05T06:59:56.092947514Z,"['Amped', 'Apture Linking Platform', 'Cloudflare', 'Cloudflare CDN', 'Digital Ocean Spaces', 'Express', 'Google Related Website Sites', 'IcoMoon', 'Instagram Follow Button', 'MailChimp', 'Microdata for Google Shopping', 'PageFly', 'QUIC', 'Shopify', 'Shopify Collabs', 'Smile IO', 'Stamped', 'Tailwind CSS', 'TrackingMore', 'UTF-8', 'YouTube', 'hCaptcha', 'reCAPTCHA', 'shadcn ui']"
amplenutrition.com,100% Natural Dog & Cat supplements for optimal health and longevity! – Ample Nutrition,,,62,21196,2026-06-05T05:44:05.505313065Z,"['Apture Linking Platform', 'Azure Edge', 'Bold Commerce', 'Bulma', 'Cloudflare', 'Cloudflare CDN', 'Ethy', 'Express', 'Google Related Website Sites', 'Instagram Follow Button', 'Klaviyo', 'PWA', 'Perl', 'QUIC', 'Shopify', 'Shopify Collabs', 'Smile IO', 'Subversion', 'Tailwind CSS', 'Twitter Ads', 'UTF-8', 'Vimeo', 'YouTube', 'hCaptcha', 'jQuery', 'reCAPTCHA']"
theukoalabag.com,The Original Ukoala: Authenticity Guaranteed – UUB,UUB,USA,77,37649,2026-06-05T03:37:53.458315576Z,"['AWS WAF Challenge', 'Apture Linking Platform', 'Bing Cashback', 'Bing Conversion Tracking', 'Cloudflare', 'Cloudflare CDN', 'Daily Deals', 'Express', 'Fastly', 'Google', 'Google Analytics', 'Google Cloud DNS', 'Google Customer Reviews', 'Google Font API', 'Google Related Website Sites', 'Google Tag Manager', 'Instagram Follow Button', 'Microdata for Google Shopping', 'Omnisend', 'POWr', 'QUIC', 'RM Education', 'Shopify', 'Shopify Collabs', 'Smile IO', 'Tailwind CSS', 'UTF-8', 'YouTube', 'hCaptcha', 'jQuery', 'reCAPTCHA']"
thewaxmouse.co.uk,The Wax Mouse® Highly Scented Wax Melts and Candles – TheWaxMouse,TheWaxMouse,,67,30065,2026-06-05T03:28:56.962799412Z,"['Apture Linking Platform', 'Cloudflare', 'Cloudflare CDN', 'Express', 'Google Related Website Sites', 'IcoMoon', 'KVH', 'Microdata for Google Shopping', 'QUIC', 'Shopify', 'Shopify Collabs', 'Smile IO', 'UTF-8', 'hCaptcha', 'reCAPTCHA']"
edinburghcandlescents.co.uk,Edinburgh Candle Scents,Edinburgh Candle Scents,GBR,75,10137,2026-06-05T03:18:46.341525909Z,"['Afterpay', 'Amazon CloudFront', 'Apture Linking Platform', 'ByteDance', 'CloudFront', 'Cloudflare', 'Cloudflare CDN', 'Express', 'Google My Business', 'Google Related Website Sites', 'Instagram Follow Button', 'MailChimp', 'Pinterest Conversion Tracking', 'Privy', 'Shopify', 'Shopify Collabs', 'Smile IO', 'Subversion', 'TikTok Conversion Tracking Pixel', 'UTF-8', 'hCaptcha', 'reCAPTCHA']"
viperhobby.com,Viper Hobby,,MCO,67,50464,2026-06-05T02:56:28.88699211Z,"['Apture Linking Platform', 'Cloudflare', 'Cloudflare CDN', 'Coming Soon Page', 'Express', 'Google My Business', 'Google Related Website Sites', 'Helpful Crowd', 'Instagram Follow Button', 'MailChimp', 'Microdata for Google Shopping', 'QUIC', 'Schema Plugin', 'Shopify', 'Shopify Collabs', 'Shopify Payments', 'Smile IO', 'Tailwind CSS', 'UTF-8', 'Vignette OpenText', 'hCaptcha', 'reCAPTCHA']"
magicallandofcollectibles.com,Magical Land of Collectibles,Magical Land of Collectibles,USA,82,51636,2026-06-05T02:25:44.862513915Z,"['Alternate Protocol', 'Apture Linking Platform', 'Cloudflare', 'Cloudflare CDN', 'Coming Soon Page', 'Google Analytics', 'Google My Business', 'Google Related Website Sites', 'Google Tag Manager', 'Heroku', 'Instagram Follow Button', 'Microdata for Google Shopping', 'NFOrce Internet', 'QUIC', 'Shopify', 'Shopify Collabs', 'Shopify Payments', 'Smile IO', 'Thank You', 'UTF-8', 'hCaptcha', 'iAPPS', 'reCAPTCHA']"
lyfeillustration.com,Lyfe Illustration - the Art of Lydia Fenwick,Lyfe Illustration,VAT,77,29567,2026-06-05T02:11:53.024669703Z,"['3 Products', 'AWS WAF Challenge', 'Apture Linking Platform', 'Aruba', 'Cloudflare', 'Cloudflare CDN', 'Etsy', 'Express', 'Fancybox for WordPress', 'Fastly', 'Fera', 'Google Cloud DNS', 'Google Font API', 'Google Related Website Sites', 'IcoMoon', 'Instagram Follow Button', 'MailChimp', 'Microdata for Google Shopping', 'No-Q', 'PHP', 'QUIC', 'Shopify', 'Shopify Collabs', 'Smile IO', 'UTF-8', 'YouTube', 'eLand', 'hCaptcha', 'reCAPTCHA']"
kippylous.com,Kippylou's Leather,Kippylou&#39;s,,77,10485,2026-06-05T02:05:13.103032244Z,"['Affiliatly', 'Apture Linking Platform', 'Cloudflare', 'Cloudflare CDN', 'Express', 'IcoMoon', 'Instagram Follow Button', 'MailChimp', 'Microdata for Google Shopping', 'Privy', 'QUIC', 'Shopify', 'Shopify Collabs', 'Smile IO', 'UTF-8', 'YouTube', 'hCaptcha', 'reCAPTCHA']"
vaperelx.today,RELX Myanmar | Official Online Shop By Pocket Nicotine,,MMR,72,12984,2026-06-05T01:15:55.932171059Z,"['AJAX Libraries API', 'Agoda', 'Apture Linking Platform', 'Bold Commerce', 'BunnyCDN General', 'Cloudflare', 'Cloudflare CDN', 'Google Cloud DNS', 'Google Maps', 'Google My Business', 'Google Related Website Sites', 'Shopify', 'Shopify Collabs', 'Smile IO', 'Swell Rewards', 'UTF-8', 'hCaptcha', 'jQuery', 'reCAPTCHA']"
naturalnapes.com,Natural Napes - Natural hair and skin care – Natural Napes Hair & Skin Care,,,72,45580,2026-06-05T01:01:31.530900571Z,"['APPRL', 'Afterpay', 'Amplitude', 'Apture Linking Platform', 'Cloudflare', 'Cloudflare CDN', 'Digital Ocean Spaces', 'Express', 'Fastly', 'Fastly CDN', 'Google Cloud DNS', 'Google Font API', 'Google My Business', 'Google Related Website Sites', 'Hotjar', 'Instagram Follow Button', 'Klaviyo', 'Microdata for Google Shopping', 'QUIC', 'SMSBump', 'Schema Plugin', 'Shipping Rates Calculator', 'Shopify', 'Shopify Collabs', 'Shopify Payments', 'Smile IO', 'Swell Rewards', 'Tailwind CSS', 'Twitter Ads', 'UTF-8', 'Yotpo', 'hCaptcha', 'jQuery Pin It Button for Images', 'reCAPTCHA']"
feathereddarlin.com,A Mobile Mercantile for Vintage and Repurposed Home Goods – Feathered Darlin',,,57,759,2026-06-05T00:52:04.462484177Z,"['Apture Linking Platform', 'Cloudflare', 'Cloudflare CDN', 'Express', 'Google', 'Google Cloud DNS', 'Google Maps', 'IcoMoon', 'Microdata for Google Shopping', 'Omnisend', 'QUIC', 'Schema Plugin', 'Shopify', 'Shopify Collabs', 'Smile IO', 'UTF-8', 'YouTube', 'hCaptcha', 'jQuery', 'reCAPTCHA']"
phidonpens.com,Phidon Pens Limited,,FRA,82,10854,2026-06-05T00:40:55.079742385Z,"['Alternate Protocol', 'Apture Linking Platform', 'Cloudflare', 'Cloudflare CDN', 'Google Related Website Sites', 'IcoMoon', 'Instagram Follow Button', 'MailChimp', 'Microdata for Google Shopping', 'Newsletter for Wordpress', 'No-Q', 'QUIC', 'Shipping Rates Calculator', 'Shopify', 'Shopify Collabs', 'Shopify Payments', 'Smile IO', 'UTF-8', 'YouTube', 'hCaptcha', 'reCAPTCHA']"
oliverootsllc.com,Olive Roots | Clean Home Fragrance,,,62,59891,2026-06-05T00:40:55.072228759Z,"['Apture Linking Platform', 'Cloudflare', 'Cloudflare CDN', 'Cowlendar', 'Google My Business', 'IcoMoon', 'Instagram Follow Button', 'MailChimp', 'Microdata for Google Shopping', 'POWr', 'QUIC', 'SMC', 'Schema Plugin', 'Shopify', 'Shopify Collabs', 'Shopify Payments', 'Smile IO', 'Subversion', 'Tailwind CSS', 'UTF-8', 'hCaptcha', 'reCAPTCHA']"
313bodyllc.com,313 Body LLC,313 Body LLC,,67,11097,2026-06-05T00:32:35.29549153Z,"['Apture Linking Platform', 'Cloudflare', 'Cloudflare CDN', 'Express', 'Google Related Website Sites', 'Instagram Follow Button', 'Microdata for Google Shopping', 'NFOrce Internet', 'QUIC', 'Shopify', 'Shopify Collabs', 'Smile IO', 'Thank You', 'UTF-8', 'hCaptcha', 'reCAPTCHA']"
travelstyleluggage.com,Buy Premium Bags & Travel Gear | Travel Style Luggage,,IMN,92,12145,2026-06-05T00:32:35.292034319Z,"['Alternate Protocol', 'Apture Linking Platform', 'Cloudflare', 'Cloudflare CDN', 'Express', 'Google Cloud DNS', 'Google Font API', 'IcoMoon', 'Instagram Follow Button', 'Klaviyo', 'Microdata for Google Shopping', 'QUIC', 'Shopify', 'Shopify Collabs', 'Smile IO', 'UTF-8', 'hCaptcha', 'reCAPTCHA']"
georgiacoral.com,Bulldawg Reef LLC,Bulldawg Reef LLC,,60,348,2026-06-05T00:14:37.490727805Z,"['Apture Linking Platform', 'Cloudflare', 'Cloudflare CDN', 'Express', 'Google My Business', 'Microdata for Google Shopping', 'QUIC', 'Shopify', 'Shopify Collabs', 'Smile IO', 'Tailwind CSS', 'UTF-8', 'hCaptcha', 'reCAPTCHA']"
redbranchfoods.com,Red Branch Bakery,Red Branch Bakery,USA,77,13877,2026-06-04T23:53:30.987238238Z,"['Amazon CloudFront', 'Apture Linking Platform', 'CloudFront', 'Cloudflare', 'Cloudflare CDN', 'Express', 'Fastly', 'Google My Business', 'Instagram Follow Button', 'Microdata for Google Shopping', 'NFOrce Internet', 'Shopify', 'Shopify Collabs', 'Smile IO', 'Thank You', 'UTF-8', 'Zapiet', 'eLand', 'hCaptcha', 'reCAPTCHA']"
zapp3ddesign.com,Handmade High Quality Silicone Molds made in the USA,Zapp3D Design LLC,,72,43644,2026-06-04T23:53:30.986121255Z,"['AWS WAF Challenge', 'Amazon CloudFront', 'Apture Linking Platform', 'CloudFront', 'Cloudflare', 'Cloudflare CDN', 'Coming Soon Page', 'Express', 'Fancybox for WordPress', 'Fireblade', 'Google Cloud DNS', 'Google Font API', 'Google Related Website Sites', 'IcoMoon', 'Instagram Follow Button', 'Microdata for Google Shopping', 'NFOrce Internet', 'QUIC', 'Shopify', 'Shopify Collabs', 'Smile IO', 'Tailwind CSS', 'Thank You', 'UTF-8', 'YouTube', 'hCaptcha', 'jQuery', 'reCAPTCHA', 'route']"
dbltdesigns.com,DBLT Designs,DBLT Designs,GBR,82,24957,2026-06-04T23:47:29.629879172Z,"['Amazon CloudFront', 'Apture Linking Platform', 'Beeketing', 'CloudFront', 'Cloudflare', 'Cloudflare CDN', 'Express', 'Fireblade', 'Google My Business', 'Google Related Website Sites', 'Instagram Follow Button', 'Microdata for Google Shopping', 'QUIC', 'Shopify', 'Shopify Collabs', 'Smile IO', 'Tailwind CSS', 'UTF-8', 'YouTube', 'hCaptcha', 'reCAPTCHA']"
bellacamilacc.com,Bella Camila Accessories & More – Bella Camila Accessories & More,Bella Camila Accessories &amp; More ,VAT,77,73244,2026-06-04T23:42:34.782567799Z,"['AJAX Libraries API', 'Afterpay', 'Alternate Protocol', 'Apture Linking Platform', 'Aruba', 'Checkout.com', 'Cloudflare', 'Cloudflare CDN', 'Coming Soon Page', 'Express', 'Fireblade', 'Google Cloud DNS', 'Google Related Website Sites', 'Gravity', 'IcoMoon', 'Instagram Follow Button', 'K2F', 'Landis Holdings', 'Microdata for Google Shopping', 'NFOrce Internet', 'Navidium', 'QUIC', 'Shopify', 'Shopify Collabs', 'Shopify Payments', 'Smile IO', 'Thank You', 'UTF-8', 'Umbler', 'eLand', 'hCaptcha', 'reCAPTCHA']"
lootdelivered.com,Loot Delivered | Sameday Video Game Services and Games,LootDelivered.com,,67,21020,2026-06-04T23:01:45.949517988Z,"['Alternate Protocol', 'Amazon CloudFront', 'Apture Linking Platform', 'CDN JS', 'Care Cart', 'CloudFront', 'Cloudflare', 'Cloudflare CDN', 'DAV', 'Express', 'Facebook Login', 'Facebook Messenger Platform', 'Facebook Pixel', 'Facebook Reseller', 'Facebook Tag API', 'Google Cloud DNS', 'Google Font API', 'Google My Business', 'Google Related Website Sites', 'Heroku', 'Imgix', 'Instagram Follow Button', 'Kinsta', 'Microdata for Google Shopping', 'NFOrce Internet', 'Paessler', 'QUIC', 'Shopify', 'Shopify Collabs', 'Sitelinks Search Box', 'Smile IO', 'Tailwind CSS', 'Thank You', 'Twitter Ads', 'UTF-8', 'YouTube', 'hCaptcha', 'reCAPTCHA']"
karsonandko.com,Karson and Ko,Karson and Ko,,60,504,2026-06-04T22:52:35.637987138Z,"['Apture Linking Platform', 'Cloudflare', 'Cloudflare CDN', 'Content Delivery Network', 'Express', 'IcoMoon', 'Microdata for Google Shopping', 'QUIC', 'Shopify', 'Shopify Collabs', 'Smile IO', 'UTF-8', 'hCaptcha', 'reCAPTCHA']"
elmoniabeauty.com,Faith Laurent Photography – Elmonia Beauty,Elmonia Beauty,VAT,82,17973,2026-06-04T22:35:04.201982728Z,"['Apture Linking Platform', 'Aruba', 'Cloudflare', 'Cloudflare CDN', 'DAV', 'Digital Ocean Spaces', 'Fastly', 'GetResponse', 'IcoMoon', 'Klaviyo', 'Microdata for Google Shopping', 'QUIC', 'Shopify', 'Shopify Collabs', 'Smile IO', 'Swell Rewards', 'UTF-8', 'University or College', 'Yotpo', 'eLand', 'hCaptcha', 'reCAPTCHA']"
hellolarsonscoffee.com,Hello Larsons Coffee – Hello Larsons Coffee Roastery,,,67,9345,2026-06-04T21:55:45.929732028Z,"['Alternate Protocol', 'Apture Linking Platform', 'CDN JS', 'Cloudflare', 'Cloudflare CDN', 'Express', 'Google My Business', 'IcoMoon', 'Instagram Follow Button', 'Microdata for Google Shopping', 'Schema Plugin', 'Shopify', 'Shopify Collabs', 'Smile IO', 'Tailwind CSS', 'UTF-8', 'hCaptcha', 'reCAPTCHA']"
vipeasecustoms.com,VIPease Customs,VIPease Customs,,55,2968,2026-06-04T21:42:35.262077271Z,"['AfterShip', 'Apture Linking Platform', 'Cloudflare', 'Cloudflare CDN', 'Cowlendar', 'Express', 'Harbor', 'IcoMoon', 'Instagram Follow Button', 'JotForm', 'Microdata for Google Shopping', 'QUIC', 'RM Education', 'Shopify', 'Shopify Collabs', 'Shopify Payments', 'Smile IO', 'UTF-8', 'Umbler', 'University or College', 'hCaptcha', 'reCAPTCHA']"
comfortonthespectrum.com.au,Sensory Clothing Australia | Comfort on the Spectrum,,AUS,77,29724,2026-06-04T21:17:30.223631492Z,"['Alternate Protocol', 'Amazon CloudFront', 'Amazon WAF Blocked', 'Apture Linking Platform', 'Aruba', 'CloudFront', 'Cloudflare', 'Cloudflare CDN', 'Express', 'Fireblade', 'Google Cloud DNS', 'Google Font API', 'Google Related Website Sites', 'Instagram Follow Button', 'Interchange', 'Klaviyo', 'Microdata for Google Shopping', 'MooseDesk', 'NFOrce Internet', 'Newsletter for Wordpress', 'Parcel', 'Provide Support', 'QUIC', 'Shopify', 'Shopify Collabs', 'Shopify Payments', 'Smile IO', 'Thank You', 'UTF-8', 'eLand', 'hCaptcha', 'reCAPTCHA', 'shadcn ui']"
nationwidemedicaldirect.com,CPAPnation | CPAP Equipment & Supplies,CPAPnation,,77,45423,2026-06-04T20:44:33.765252647Z,"['3 Products', 'AdRoll', 'Adult Content', 'Amazon', 'Amazon CloudFront', 'Amped', 'Apture Linking Platform', 'Attentive', 'CloudFront', 'Cloudflare', 'Cloudflare CDN', 'Create React App', 'Express', 'FreeCSSTemplates', 'GetResponse', 'Google Cloud DNS', 'Google Font API', 'Google My Business', 'Google Related Website Sites', 'GraphQL', 'Instagram Follow Button', 'Klaviyo', 'Microdata for Google Shopping', 'Perl', 'QUIC', 'RevenueHunt', 'Shopify', 'Shopify Collabs', 'Shopper Approved', 'Smile IO', 'Stamped', 'Svelte', 'Tailwind CSS', 'Thank You', 'Tidio', 'TinyIMG', 'Twitter Ads', 'UTF-8', 'YouTube', 'accessiBe', 'hCaptcha', 'reCAPTCHA']"
phoenixshaving.com,Phoenix Artisan Accoutrements - Handmade & High Quality Shaving Goods — Phoenix Shaving,,JPN,82,42683,2026-06-04T20:27:34.631855656Z,"['Afterpay', 'Amazon', 'Amazon CloudFront', 'Amazon WAF Blocked', 'Apture Linking Platform', 'ArvanCloud', 'CDN JS', 'CloudFront', 'Cloudflare', 'Cloudflare CDN', 'DoubleClick Bid Manager', 'Express', 'Facebook Login', 'Facebook Reseller', 'Fastly', 'Global Privacy Control', 'Google Analytics', 'Google My Business', 'Google Related Website Sites', 'Google Tag Manager', 'Heroku', 'IcoMoon', 'Instagram Follow Button', 'KVH', 'Klaviyo', 'Microdata for Google Shopping', 'Omnisend', 'Oracle Cloud', 'PageFly', 'Perl', 'QUIC', 'Share Link', 'Shopify', 'Shopify Collabs', 'Shopify Payments', 'Smile IO', 'Thank You', 'Twitter Ads', 'UTF-8', 'Willdesk', 'YouTube', 'hCaptcha', 'jsDelivr', 'reCAPTCHA']"
bytheclique.com,By The Clique Premium Lipstick,,,62,24265,2026-06-04T20:27:34.611282513Z,"['3 Products', 'AddThis', 'AddThis for Wordpress', 'Adult Content', 'AfterShip', 'Amazon', 'Amazon S3 CDN', 'Apture Linking Platform', 'Bing Cashback', 'Bing Conversion Tracking', 'Cloudflare', 'Cloudflare CDN', 'Express', 'Facebook Login', 'Facebook Reseller', 'Fancybox for WordPress', 'Google Cloud DNS', 'Google Font API', 'Google Related Website Sites', 'IcoMoon', 'Instagram Follow Button', 'MaxCDN', 'Microdata for Google Shopping', 'Microsoft Ajax Content Delivery Network', 'QUIC', 'RM Education', 'Schema Plugin', 'Shopify', 'Shopify Collabs', 'Smile IO', 'Storyblocks', 'Tailwind CSS', 'Twitter Ads', 'UTF-8', 'Walmart', 'hCaptcha', 'reCAPTCHA']"
herbheads.org,HERB HEADS & Co. – HERB HEADS & Co.®️Apothecary & Makery,HERB HEADS &amp; Co.®️Apothecary &amp; Makery,USA,82,11277,2026-06-04T18:38:05.276139855Z,"['Alternate Protocol', 'Amazon', 'Amazon CloudFront', 'Apture Linking Platform', 'CloudFront', 'Cloudflare', 'Cloudflare CDN', 'Express', 'Google Customer Reviews', 'Google My Business', 'Instagram Follow Button', 'Microdata for Google Shopping', 'Ntent', 'QUIC', 'Shopify', 'Shopify Collabs', 'Shopify Payments', 'Smile IO', 'UTF-8', 'University or College', 'hCaptcha', 'reCAPTCHA']"
shoptotheright.com,Shop To The Right,,,60,1169,2026-06-04T18:28:02.126071646Z,"['Apture Linking Platform', 'Cloudflare', 'Cloudflare CDN', 'Gobot', 'IcoMoon', 'Instagram Follow Button', 'Microdata for Google Shopping', 'NFOrce Internet', 'POWr', 'QUIC', 'Shopify', 'Shopify Collabs', 'Smile IO', 'Twitter Ads', 'UTF-8', 'Webkul', 'YouTube', 'hCaptcha', 'reCAPTCHA']"
sorceryapparel.com,"Graphic, Witchy, Horror inspired T-shirts – Sorcery Apparel Store",,,62,128754,2026-06-04T18:15:56.788428074Z,"['AJAX Libraries API', 'Ali Reviews IO', 'Amazon', 'Amazon S3 CDN', 'Apture Linking Platform', 'BunnyCDN General', 'CDN JS', 'Chaty Premio', 'Cloudflare', 'Cloudflare CDN', 'DAV', 'Express', 'Fastly', 'Financial Services Guide', 'FreeCSSTemplates', 'Giropay', 'GitHub Hosting', 'Google', 'Google Cloud DNS', 'Google Font API', 'Google My Business', 'Google Related Website Sites', 'Idaq', 'K2F', 'KVH', 'Microdata for Google Shopping', 'Onyx Internet', 'PHP', 'QUIC', 'ReviewsOnMyWebsite', 'SMC', 'Schema Plugin', 'Shopify', 'Shopify Collabs', 'Smile IO', 'Storyblocks', 'Subversion', 'Tailwind CSS', 'UTF-8', 'hCaptcha', 'jQuery', 'reCAPTCHA']"
commonmode.ph,Common Mode,Common Mode,VAT,72,22425,2026-06-04T17:49:05.881031764Z,"['Alternate Protocol', 'Amazon WAF Blocked', 'Apture Linking Platform', 'Aruba', 'Cloudflare', 'Cloudflare CDN', 'Fastly', 'GoAffPro', 'Instagram Follow Button', 'MailChimp', 'Microdata for Google Shopping', 'Onyx Internet', 'Perl', 'QUIC', 'Shopify', 'Shopify Collabs', 'Smile IO', 'UTF-8', 'eLand', 'hCaptcha', 'reCAPTCHA']"
heartspring.co,Heartspring – HEARTSPRING,HEARTSPRING,,55,348,2026-06-04T17:39:16.310357372Z,"['Apture Linking Platform', 'Cloudflare', 'Cloudflare CDN', 'Express', 'Google My Business', 'Instagram Follow Button', 'Microdata for Google Shopping', 'Shopify', 'Shopify Collabs', 'Smile IO', 'Tailwind CSS', 'UTF-8', 'hCaptcha', 'reCAPTCHA']"
aleshine.com,Tumbler Art Epoxy – A Little Extra Inc.,A Little Extra Inc.,,72,34903,2026-06-04T17:16:00.983210464Z,"['AJAX Libraries API', 'Amazon CloudFront', 'Apture Linking Platform', 'CloudFront', 'Cloudflare', 'Cloudflare CDN', 'Express', 'Fastly', 'GoAffPro', 'Google Cloud DNS', 'Google My Business', 'Landis Holdings', 'Microdata for Google Shopping', 'Omnisend', 'SMSBump', 'Shopify', 'Shopify Collabs', 'Shopify Payments', 'Smile IO', 'UTF-8', 'Umbler', 'hCaptcha', 'reCAPTCHA', 'route']"
appleminte.com,Get Yourself a Little Treat – appleminte,,,62,36941,2026-06-04T17:04:56.547529207Z,"['Amazon CloudFront', 'Apture Linking Platform', 'CCSI', 'Care Cart', 'CloudFront', 'Cloudflare', 'Cloudflare CDN', 'Fastly CDN', 'Google Related Website Sites', 'Instagram Follow Button', 'Microdata for Google Shopping', 'PHP', 'PayPal', 'QUIC', 'Ruby on Rails', 'Schema Plugin', 'Shopify', 'Shopify Collabs', 'Smile IO', 'Subversion', 'Tailwind CSS', 'Twitter Ads', 'UTF-8', 'YouTube', 'hCaptcha', 'reCAPTCHA']"
mojavedesertskinshield.com,American Express,,GBR,70,27924,2026-06-04T17:04:56.530118785Z,"['AdRoll', 'Afterpay', 'Amazon', 'Apture Linking Platform', 'Cloudflare', 'Cloudflare CDN', 'Express', 'Fireblade', 'Google Analytics', 'Google Conversion Tracking', 'Google Related Website Sites', 'Google Tag Manager', 'IcoMoon', 'Instagram Follow Button', 'MailChimp', 'Microdata for Google Shopping', 'Newsletter for Wordpress', 'QUIC', 'ShareASale', 'Shipping Rates Calculator', 'Shopify', 'Shopify Collabs', 'Smile IO', 'Thank You', 'UTF-8', 'hCaptcha', 'jQuery', 'reCAPTCHA']"
ramelbeautytaste.com,RAMEL Beauty & Taste,,,62,50820,2026-06-04T16:41:58.601903139Z,"['AWS WAF Challenge', 'Adult Content', 'Alternate Protocol', 'Apture Linking Platform', 'Aruba', 'Cloudflare', 'Cloudflare CDN', 'Content Delivery Network', 'Cornerstone', 'Ethy', 'Express', 'Fastly', 'GoAffPro', 'Google Related Website Sites', 'IcoMoon', 'Instagram Follow Button', 'KVH', 'MailChimp', 'Microdata for Google Shopping', 'Privy', 'QUIC', 'Schema Plugin', 'Shopify', 'Shopify Collabs', 'Shopify Payments', 'Smile IO', 'Tidio', 'UTF-8', 'eLand', 'hCaptcha', 'reCAPTCHA']"
spencerartistry.com.au,Eyelash Extensions Training Melbourne Extension Hub | Spencer Artistry,Spencer Artistry,,77,14284,2026-06-04T15:39:45.728881199Z,"['17TRACK', 'Afterpay', 'Alternate Protocol', 'Amazon CloudFront', 'Amazon WAF Blocked', 'Apture Linking Platform', 'ByteDance', 'CDN JS', 'CloudFront', 'Cloudflare', 'Cloudflare CDN', 'GitHub Hosting', 'Google Analytics', 'Google Related Website Sites', 'Google Tag Manager', 'Hotjar', 'Instagram Follow Button', 'MailChimp', 'Meta Slider for WordPress', 'Microdata for Google Shopping', 'NFOrce Internet', 'PageFly', 'QUIC', 'Schema Plugin', 'Shipping Rates Calculator', 'Shopify', 'Shopify Collabs', 'Smile IO', 'Tailwind CSS', 'Thank You', 'TikTok Conversion Tracking Pixel', 'UTF-8', 'hCaptcha', 'jQuery', 'reCAPTCHA']"
sensuouscandleco.com,Sensuous Candle Co. – Sensuous Candle Co.,Sensuous Candle Co. ,,72,13337,2026-06-04T15:34:40.308931782Z,"['Apture Linking Platform', 'Cloudflare', 'Cloudflare CDN', 'Express', 'Fastly', 'Fera', 'Heroku', 'IcoMoon', 'Instagram Follow Button', 'Microdata for Google Shopping', 'QUIC', 'Shopify', 'Shopify Collabs', 'Smile IO', 'UTF-8', 'hCaptcha', 'reCAPTCHA']"
qualityfarmsupply.com,Quality Farm Supply | Premium Agricultural Replacement Parts,Quality Farm Supply,USA,77,135701,2026-06-04T15:29:42.29768636Z,"['AJAX Libraries API', 'AWS WAF Challenge', 'Alternate Protocol', 'Amazon', 'Amazon CloudFront', 'Amazon WAF Blocked', 'Apture Linking Platform', 'CDN JS', 'CloudFront', 'Cloudflare', 'Cloudflare CDN', 'Express', 'Fastly CDN', 'GitHub Hosting', 'Google', 'Google Analytics', 'Google Cloud DNS', 'Google Font API', 'Google Maps', 'Google Related Website Sites', 'Google Tag Manager', 'IcoMoon', 'Instagram Follow Button', 'Klaviyo', 'Microdata for Google Shopping', 'Microsoft Clarity', 'Okendo', 'QUIC', 'Rebuy', 'SMC', 'Shopify', 'Shopify Collabs', 'Shopify Payments', 'Smile IO', 'Tidio', 'Twitter Ads', 'UTF-8', 'WordPress', 'YouTube', 'hCaptcha', 'iAPPS', 'jQuery', 'jsDelivr', 'reCAPTCHA']"
urbancachet.com.au,Urban Cachet | Home to Australia's Favourite Women's Fashion Brands,Urban Cachet,GBR,87,111264,2026-06-04T15:15:18.646568626Z,"['AWS WAF Challenge', 'Amazon CloudFront', 'Apture Linking Platform', 'Cart.com', 'CloudFront', 'Cloudflare', 'Cloudflare CDN', 'Coming Soon Page', 'Django Language', 'Express', 'Google Analytics', 'Google Conversion Tracking', 'Google Related Website Sites', 'Google Tag Manager', 'IcoMoon', 'Instagram Follow Button', 'Klaviyo', 'Loop Returns', 'Microdata for Google Shopping', 'Microsoft Clarity', 'NFOrce Internet', 'PayPal', 'QUIC', 'Schema Plugin', 'Shopify', 'Shopify Collabs', 'Smile IO', 'Tailwind CSS', 'Thank You', 'UTF-8', 'YouTube', 'Zipify', 'eLand', 'hCaptcha', 'jQuery', 'reCAPTCHA']"
advisome.com,advisome,,IND,60,447,2026-06-04T14:32:53.467004461Z,"['AJAX Libraries API', 'Amazon', 'Amazon CloudFront', 'Calendly', 'CloudFront', 'Google', 'Google Cloud DNS', 'Google Font API', 'IcoMoon', 'LiteSpeed', 'QUIC', 'Smile IO', 'Tailwind CSS', 'Thank You', 'WF Cookie Consent', 'Webflow', 'eLand', 'jsDelivr']"
snakku.com,Snakku: Authentic Japanese Snacks,Snakku,JPN,87,39320,2026-06-04T14:28:16.791122581Z,"['AWS WAF Challenge', 'Amped', 'Apture Linking Platform', 'Azure Edge', 'CDN JS', 'Cloudflare', 'Cloudflare CDN', 'Coming Soon Page', 'Express', 'IcoMoon', 'Instagram Follow Button', 'Klaviyo', 'Microdata for Google Shopping', 'Microsoft Azure Verified CDN', 'QUIC', 'Shopify', 'Shopify Collabs', 'Smile IO', 'Stamped', 'Sumo', 'Tailwind CSS', 'Thank You', 'Twitter Ads', 'UTF-8', 'hCaptcha', 'jQuery', 'reCAPTCHA']"
rawnutrients.co.nz,Raw Nutrients,,,62,14736,2026-06-04T13:40:08.733062439Z,"['Apture Linking Platform', 'AutoComplete', 'Azure Edge', 'Cloudflare', 'Cloudflare CDN', 'Font Awesome', 'Google Cloud DNS', 'Google Font API', 'Google My Business', 'Google Related Website Sites', 'Pinterest Conversion Tracking', 'Shopify', 'Shopify Collabs', 'Smile IO', 'UTF-8', 'hCaptcha', 'jQuery', 'reCAPTCHA']"
selfcarefriday.com,Self Care Friday™,Self Care Friday™,ZAF,65,80982,2026-06-04T11:48:55.074345866Z,"['AJAX Libraries API', 'Amazon CloudFront', 'Apture Linking Platform', 'Aruba', 'Bing Cashback', 'Bing Conversion Tracking', 'BunnyCDN General', 'Chaty Premio', 'CloudFront', 'Cloudflare', 'Cloudflare CDN', 'Express', 'Fastly', 'Fireblade', 'GoAffPro', 'Google', 'Google Analytics', 'Google Cloud DNS', 'Google Cloud Storage', 'Google Font API', 'Google My Business', 'Google Related Website Sites', 'Google Tag Manager', 'Heroku', 'Instagram Follow Button', 'K2F', 'Landis Holdings', 'Microdata for Google Shopping', 'NFOrce Internet', 'PHP', 'PageFly', 'Perl', 'QUIC', 'Shopify', 'Shopify Collabs', 'Shopify Payments', 'Smile IO', 'Subversion', 'Thank You', 'TrackingMore', 'UTF-8', 'Vercel', 'YouTube', 'eLand', 'hCaptcha', 'reCAPTCHA']"
planksandpaint.com,Planks and Paint DIY Workshop & Boutique,Planks and Paint DIY Workshop &amp; Boutique,,67,21793,2026-06-04T10:53:17.981586221Z,"['Amazon', 'Amazon CloudFront', 'Apture Linking Platform', 'CloudFront', 'Cloudflare', 'Cloudflare CDN', 'Express', 'Fastly', 'GetResponse', 'GitHub Hosting', 'Google Related Website Sites', 'Instagram Follow Button', 'Microdata for Google Shopping', 'Oddle', 'PageFly', 'Privy', 'QUIC', 'SMSBump', 'Shopify', 'Shopify Collabs', 'Shopify Payments', 'Smile IO', 'TrackingMore', 'UTF-8', 'Weglot', 'hCaptcha', 'reCAPTCHA']"
bouncecurl.com,"Bounce Curl | Curly Hair Products for Wavy, Curly & Coily Hair",,VAT,77,81935,2026-06-04T10:46:46.315707338Z,"['AJAX Libraries API', 'Affiliatly', 'Alternate Protocol', 'Amazon CloudFront', 'Apture Linking Platform', 'Aruba', 'Cisco/Arrowpoint Content Service Switch', 'CloudFront', 'Cloudflare', 'Cloudflare CDN', 'Cowlendar', 'CrazyEgg', 'Digioh', 'Digital Ocean Spaces', 'Ethy', 'Express', 'Fireblade', 'Google Analytics', 'Google Cloud DNS', 'Google Related Website Sites', 'Google Tag Manager', 'Gorgias', 'IcoMoon', 'Instagram Follow Button', 'Klaviyo', 'Landis Holdings', 'Microdata for Google Shopping', 'Microsoft Clarity', 'NFOrce Internet', 'OmniConvert', 'POWr', 'Perl', 'QUIC', 'Rebuy', 'Shopify', 'Shopify Collabs', 'Shopify Payments', 'SiteW', 'Smile IO', 'Tailwind CSS', 'Thank You', 'UTF-8', 'Unix', 'YouTube', 'Zipify', 'eLand', 'hCaptcha', 'reCAPTCHA']"
kinggefoods.com,KING GE FOODS USA – KING GE FOODS 王哥腊味,KING GE FOODS 王哥腊味,CHN,77,10225,2026-06-04T10:41:14.031709146Z,"['Apture Linking Platform', 'Cloudflare', 'Cloudflare CDN', 'Express', 'GetSiteControl', 'Google Cloud DNS', 'Google Font API', 'Google Related Website Sites', 'Instagram Follow Button', 'Microdata for Google Shopping', 'PayPal', 'Shipping Rates Calculator', 'Shopify', 'Shopify Collabs', 'Smile IO', 'Swell Rewards', 'UTF-8', 'hCaptcha', 'reCAPTCHA']"
thecleanersoul.com,"Multi Surface Cleaner, non - toxic and effective. – The Cleaner Soul",The Cleaner Soul,,67,14156,2026-06-04T10:22:51.199577042Z,"['Amazon CloudFront', 'Apture Linking Platform', 'BunnyCDN General', 'CloudFront', 'Cloudflare', 'Cloudflare CDN', 'Coming Soon Page', 'Express', 'Google Related Website Sites', 'IcoMoon', 'Instagram Follow Button', 'JustUno', 'Klaviyo', 'Microdata for Google Shopping', 'Perl', 'QUIC', 'Shopify', 'Shopify Collabs', 'Shopify Payments', 'Smile IO', 'Tailwind CSS', 'UTF-8', 'hCaptcha', 'reCAPTCHA', 'shadcn ui']"
fireflynatureschool.com,Firefly Nature School,Firefly Nature School,PHL,77,11276,2026-06-04T09:39:55.206464739Z,"['Apture Linking Platform', 'Bold Commerce', 'Cloudflare', 'Cloudflare CDN', 'Express', 'Google My Business', 'Instagram Follow Button', 'Microdata for Google Shopping', 'Shopify', 'Shopify Collabs', 'Smile IO', 'Tailwind CSS', 'UTF-8', 'hCaptcha', 'reCAPTCHA']"
jpearly.com,JPearly - M'sia Speedcube Shop,JPearly,,77,16797,2026-06-04T09:06:51.474942056Z,"['Apture Linking Platform', 'Cloudflare', 'Cloudflare CDN', 'Express', 'Fastly CDN', 'Google Related Website Sites', 'Microdata for Google Shopping', 'QUIC', 'Shopify', 'Shopify Collabs', 'Smile IO', 'Tailwind CSS', 'UTF-8', 'hCaptcha', 'reCAPTCHA']"
lilhelper.ca,Reusable Menstrual Pads | Waterproof Mats | Cloth Diapers | LilHelper,,USA,72,96789,2026-06-04T07:21:29.833021767Z,"['Alternate Protocol', 'Amazon CloudFront', 'Amazon WAF Blocked', 'Apture Linking Platform', 'Apyl', 'Bing Cashback', 'Bing Conversion Tracking', 'CloudFront', 'Cloudflare', 'Cloudflare CDN', 'DoubleClick Bid Manager', 'Ethy', 'Express', 'Facebook Reseller', 'Fireblade', 'GZIP Module', 'Google', 'Google Analytics', 'Google Cloud DNS', 'Google Font API', 'Google My Business', 'Google Related Website Sites', 'Google Tag Manager', 'Gorgias', 'IcoMoon', 'Instagram Follow Button', 'K2F', 'Klaviyo', 'Microdata for Google Shopping', 'Microsoft Clarity', 'NFOrce Internet', 'Oddle', 'QUIC', 'RM Education', 'Rebuy', 'Schema Plugin', 'ShareASale', 'Shopify', 'Shopify Collabs', 'Smile IO', 'Snowplow', 'Squid', 'Svelte', 'Tailwind CSS', 'Thank You', 'Tidio', 'TruConversion', 'Typeform', 'UTF-8', 'YouTube', 'hCaptcha', 'reCAPTCHA']"
happies.ca,Happies Kitchen + Juice Bar,Happies,USA,92,9345,2026-06-03T23:38:31.278236617Z,"['Apture Linking Platform', 'Cloudflare', 'Cloudflare CDN', 'Content Delivery Network', 'IcoMoon', 'Instagram Follow Button', 'Microdata for Google Shopping', 'Shopify', 'Shopify Collabs', 'Smile IO', 'UTF-8', 'hCaptcha', 'reCAPTCHA']"
pampernailgallery.com,Pamper Nail Gallery,,JPN,67,26429,2026-06-03T23:28:48.527852209Z,"['AJAX Libraries API', 'Afterpay', 'Amazon WAF Blocked', 'Apture Linking Platform', 'Chatra', 'Cloudflare', 'Cloudflare CDN', 'ElementUI', 'Express', 'Fastly CDN', 'Google Analytics', 'Google Cloud DNS', 'Google Forms', 'Google My Business', 'Google Related Website Sites', 'Google Tag Manager', 'Heroku', 'IcoMoon', 'Instagram Follow Button', 'Klaviyo', 'Proof Factor', 'Rivo Loyalty', 'Share Link', 'Shopify', 'Shopify Collabs', 'Shopify Payments', 'Smile IO', 'Tailwind CSS', 'Thank You', 'UTF-8', 'YouTube', 'hCaptcha', 'jQuery', 'reCAPTCHA']"
moo-cowdesigns.com,Moo-Cow Designs Children's Clothing Store,Moo-Cow Designs,,77,11805,2026-06-03T20:52:06.139166276Z,"['Apture Linking Platform', 'Cloudflare', 'Cloudflare CDN', 'Express', 'Google Related Website Sites', 'Heroku', 'IcoMoon', 'MailChimp', 'Microdata for Google Shopping', 'Shopify', 'Shopify Collabs', 'Smile IO', 'TrackingMore', 'UTF-8', 'hCaptcha', 'reCAPTCHA']"
reggies-rolls.com,Reggie's Rolls - Sri Lankan Mutton Rolls & Fusion Rolls in Toronto – Reggie’s Rolls,Reggie’s Rolls,CAN,77,33453,2026-06-03T20:04:53.824627085Z,"['AWS WAF Challenge', 'Apture Linking Platform', 'Cloudflare', 'Cloudflare CDN', 'Express', 'Google', 'Google Cloud DNS', 'Google Font API', 'Google Related Website Sites', 'IcoMoon', 'Instagram Follow Button', 'Klaviyo', 'Microdata for Google Shopping', 'NFOrce Internet', 'PageFly', 'Shopify', 'Shopify Collabs', 'Smile IO', 'TrackingMore', 'UTF-8', 'hCaptcha', 'reCAPTCHA']"
ultimate3dprintingstore.com,Ultimate 3D Printing Store I 3D Printers I 3D Printer Parts,,UKR,82,56640,2026-06-03T19:22:40.982129572Z,"['AJAX Libraries API', 'Accelerated Mobile Pages', 'Affiliatly', 'Affirm', 'Amazon', 'Amazon S3 CDN', 'Apture Linking Platform', 'ClickOn', 'Cloudflare', 'Cloudflare CDN', 'Facebook Embedded Posts', 'Fastly', 'FeedArmy', 'Font Awesome', 'Google', 'Google Analytics', 'Google Cloud DNS', 'Google Cloud Storage', 'Google Font API', 'Google My Business', 'Google Recommendations AI', 'Google Related Website Sites', 'Google Tag Manager', 'Gorgias', 'Hotjar', 'IcoMoon', 'Instagram Follow Button', 'Investor Relations', 'Klaviyo', 'Microsoft Ajax Content Delivery Network', 'NFOrce Internet', 'PageFly', 'QUIC', 'RM Education', 'Shifter', 'Shopify', 'Shopify Collabs', 'Smile IO', 'Storyblocks', 'Subversion', 'Tailwind CSS', 'TrackingMore', 'Twitter Ads', 'UTF-8', 'University or College', 'YouTube', 'hCaptcha', 'jQuery', 'jsDelivr', 'reCAPTCHA']"
mita-eyewear.com,Welcome to MITA Eyewear,Mita Eyewear,USA,87,168682,2026-06-03T19:10:16.853565998Z,"['AWS WAF Challenge', 'Alternate Protocol', 'Amazon', 'Amazon CloudFront', 'Amazon S3 CDN', 'Apture Linking Platform', 'Aruba', 'ArvanCloud', 'AudioEye', 'Bold Commerce', 'CloudFront', 'Cloudflare', 'Cloudflare CDN', 'DAV', 'Engage', 'Express', 'Financial Services Guide', 'Fireblade', 'Google Analytics', 'Google Cloud DNS', 'Google Font API', 'Google My Business', 'Google Related Website Sites', 'Google Tag Manager', 'Heroku', 'Hotjar', 'IcoMoon', 'InitiativeS', 'Instagram Follow Button', 'K2F', 'KVH', 'Klaviyo', 'Microdata for Google Shopping', 'No-Q', 'PHP', 'Perl', 'QUIC', 'SMC', 'Shopify', 'Shopify Collabs', 'Smile IO', 'Snowplow', 'Storyblocks', 'Subversion', 'Tailwind CSS', 'TargetBay', 'Thank You', 'UTF-8', 'Vercel', 'YouTube', 'eLand', 'hCaptcha', 'jQuery', 'jsDelivr', 'reCAPTCHA']"
allurenailpr.com,Allure Nails – Allure Nails PR,Allure Nails PR,VAT,77,20960,2026-06-03T18:59:26.013717501Z,"['Afterpay', 'Amazon WAF Blocked', 'Apture Linking Platform', 'Aruba', 'Cloudflare', 'Cloudflare CDN', 'Digital Ocean Spaces', 'Django Language', 'Express', 'Fastly', 'GTranslate', 'GoAffPro', 'Google My Business', 'Google Related Website Sites', 'IcoMoon', 'Instagram Follow Button', 'Klaviyo', 'Metricool', 'Microdata for Google Shopping', 'NFOrce Internet', 'QUIC', 'Shopify', 'Shopify Collabs', 'Smile IO', 'Tailwind CSS', 'Thank You', 'UTF-8', 'YouTube', 'Zipify', 'eLand', 'hCaptcha', 'jQuery Pin It Button for Images', 'reCAPTCHA']"
shopsneakers.net,StyleChild® | Fashion-Forward Kids’ Shoes & Lifestyle Brand – StylechildbyJL,,,62,20181,2026-06-03T18:59:26.00649797Z,"['Affiliatly', 'Apture Linking Platform', 'BunnyCDN', 'BunnyCDN General', 'Cloudflare', 'Cloudflare CDN', 'Cowlendar', 'Express', 'Google', 'Google Cloud DNS', 'Google Maps', 'Google My Business', 'Google Related Website Sites', 'Hotjar', 'Instagram Follow Button', 'Klaviyo', 'Microdata for Google Shopping', 'QUIC', 'Schema Plugin', 'Shopify', 'Shopify Collabs', 'Shopify Payments', 'Smile IO', 'Tailwind CSS', 'UTF-8', 'hCaptcha', 'reCAPTCHA']"
thegermanoutlet.com,The German Outlet | Premium Brands at Discounted Prices,,USA,82,31180,2026-06-03T18:59:26.001740283Z,"['AJAX Libraries API', 'Amazon', 'Apture Linking Platform', 'Bold Commerce', 'CDN JS', 'Cloudflare', 'Cloudflare CDN', 'Express', 'Fastly CDN', 'GTranslate', 'Google', 'Google Analytics', 'Google Cloud DNS', 'Google Maps', 'Google Related Website Sites', 'Google Tag Manager', 'IcoMoon', 'Instagram Follow Button', 'Juicer DMP', 'Klaviyo', 'Microdata for Google Shopping', 'NFOrce Internet', 'Oddle', 'Perl', 'QUIC', 'Shopify', 'Shopify Collabs', 'Smile IO', 'Thank You', 'UTF-8', 'YouTube', 'hCaptcha', 'jsDelivr', 'reCAPTCHA', 'uPress']"
cityballoonsdallas.com,Gemar Balloons Dallas | Tuftex Balloons Dallas – City Balloons Dallas,City Balloons Dallas,USA,67,33865,2026-06-03T18:37:03.041135533Z,"['3 Products', '501c3 Status Nonprofit', 'Alternate Protocol', 'Amazon CloudFront', 'Apture Linking Platform', 'BunnyCDN', 'BunnyCDN General', 'CloudFront', 'Cloudflare', 'Cloudflare CDN', 'Express', 'Fireblade', 'Gambling Content', 'Google My Business', 'Google Related Website Sites', 'IcoMoon', 'Instagram Follow Button', 'Microdata for Google Shopping', 'QUIC', 'Shopify', 'Shopify Collabs', 'Smile IO', 'UTF-8', 'Vector Internet Services', 'hCaptcha', 'reCAPTCHA']"
dstartoys.com,Dstar Toys,,TUR,60,6167,2026-06-03T18:33:39.328154268Z,"['AJAX Libraries API', 'Alternate Protocol', 'Apture Linking Platform', 'Cloudflare', 'Cloudflare CDN', 'Coming Soon Page', 'Express', 'GetResponse', 'GitHub Hosting', 'Google Cloud DNS', 'Google My Business', 'Google Related Website Sites', 'Instagram Follow Button', 'Interchange', 'Landis Holdings', 'Microdata for Google Shopping', 'Omega Commerce', 'QUIC', 'Schema Plugin', 'Shopify', 'Shopify Collabs', 'Shopify Payments', 'Smile IO', 'Subversion', 'Tailwind CSS', 'Twitter Ads', 'UTF-8', 'Webmarked', 'Weglot', 'YouTube', 'hCaptcha', 'reCAPTCHA', 'route', 'uPress']"
emeraldgraceclothing.com,Emerald Grace Clothing Company,Emerald Grace Clothing Company,USA,87,14345,2026-06-03T17:30:35.026901724Z,"['Alternate Protocol', 'Apture Linking Platform', 'Cloudflare', 'Cloudflare CDN', 'IcoMoon', 'Instagram Follow Button', 'Microdata for Google Shopping', 'QUIC', 'Shopify', 'Shopify Collabs', 'Smile IO', 'UTF-8', 'Vector Internet Services', 'YouTube', 'hCaptcha', 'reCAPTCHA']"
vitalityfitkitchen.com,Meal Prep Service | Doylestown PA | Vitality Fit Kitchen,,USA,72,21805,2026-06-03T16:41:28.996581261Z,"['AJAX Libraries API', 'Apture Linking Platform', 'Cloudflare', 'Cloudflare CDN', 'Express', 'Fastly CDN', 'Google Cloud DNS', 'Google Maps', 'Google My Business', 'Microdata for Google Shopping', 'PageFly', 'Parcel', 'QUIC', 'Rivo Loyalty', 'Schema Plugin', 'Shopify', 'Shopify Collabs', 'Shopify Payments', 'Smile IO', 'Subversion', 'Tailwind CSS', 'UTF-8', 'hCaptcha', 'jQuery', 'reCAPTCHA']"
charmecondado.com,Charme Condado – Charmé,Charmé,,72,15449,2026-06-03T16:26:13.35407783Z,"['Apture Linking Platform', 'Care Cart', 'Cisco/Arrowpoint Content Service Switch', 'Cloudflare', 'Cloudflare CDN', 'Express', 'Facebook CDN', 'Google My Business', 'Google Related Website Sites', 'Instagram Follow Button', 'Microdata for Google Shopping', 'Poptin', 'QUIC', 'Shopify', 'Shopify Collabs', 'Smile IO', 'Tailwind CSS', 'UTF-8', 'hCaptcha', 'reCAPTCHA']"
thediscbarn.com,The Disc Barn,,USA,77,30067,2026-06-03T15:39:35.980467862Z,"['AWS WAF Challenge', 'Amazon CloudFront', 'Apture Linking Platform', 'CloudFront', 'Cloudflare', 'Cloudflare CDN', 'Express', 'Facebook CDN', 'Fastly', 'Google', 'Google Cloud DNS', 'Google Maps', 'Google Related Website Sites', 'IcoMoon', 'Instagram Follow Button', 'Microdata for Google Shopping', 'PHP', 'POWr', 'QUIC', 'Shopify', 'Shopify Collabs', 'Smile IO', 'UTF-8', 'YouTube', 'hCaptcha', 'jsDelivr', 'reCAPTCHA']"
fashionablyus.net,Fashionably Us Boutique | Stylish Accessories | Trendy Apparel – Fashionably Us Inc Boutique,Fashionably Us Inc Boutique,CAN,77,16457,2026-06-03T15:39:35.978352032Z,"['Afterpay', 'Alternate Protocol', 'Apture Linking Platform', 'Cloudflare', 'Cloudflare CDN', 'Express', 'Fastly', 'Google Analytics', 'Google My Business', 'Google Related Website Sites', 'Google Tag Manager', 'Klaviyo', 'Microdata for Google Shopping', 'NFOrce Internet', 'PHP', 'PayPal Adaptive Payments', 'QUIC', 'Shopify', 'Shopify Collabs', 'Smile IO', 'Tailwind CSS', 'Thank You', 'UTF-8', 'Umbler', 'hCaptcha', 'reCAPTCHA']"
bywatchout.com,Watch Out Malaysia,,GBR,72,40765,2026-06-03T14:56:52.829077181Z,"['AJAX Libraries API', 'Alternate Protocol', 'Amazon', 'Amazon CloudFront', 'Apture Linking Platform', 'CloudFront', 'Cloudflare', 'Cloudflare CDN', 'Contento', 'ECSHOP', 'Express', 'Google Cloud DNS', 'Google Related Website Sites', 'Heroku', 'IcoMoon', 'Instagram Follow Button', 'Jekyll', 'Klaviyo', 'Microdata for Google Shopping', 'QUIC', 'Shopify', 'Shopify Collabs', 'Smile IO', 'Tailwind CSS', 'UTF-8', 'hCaptcha', 'jQuery', 'reCAPTCHA']"
beardreverence.com,"Best Beard Care & Grooming Products | Mens Beard Oil, Balm & Supplies – Beard Reverence",BEARD REVERENCE,,62,51509,2026-06-03T13:48:53.554191253Z,"['AnyChat', 'Apture Linking Platform', 'Cloudflare', 'Cloudflare CDN', 'Contento', 'Express', 'Fastly CDN', 'Google Related Website Sites', 'IcoMoon', 'Instagram Follow Button', 'MailerLite', 'Microdata for Google Shopping', 'POWr', 'QUIC', 'RM Education', 'Shopify', 'Shopify Collabs', 'Smile IO', 'Tailwind CSS', 'Twitter Ads', 'UTF-8', 'YouTube', 'Zakeke', 'hCaptcha', 'reCAPTCHA']"
simplexpressionspersonalized.com,SimpleXpressions-Personalized!,,,55,1044,2026-06-03T13:24:47.861733326Z,"['Apture Linking Platform', 'Cloudflare', 'Cloudflare CDN', 'Express', 'Fastly', 'Google My Business', 'Google Related Website Sites', 'Heroku', 'Instagram Follow Button', 'Microdata for Google Shopping', 'Schema Plugin', 'Shopify', 'Shopify Collabs', 'Smile IO', 'Tailwind CSS', 'UTF-8', 'Umbler', 'hCaptcha', 'reCAPTCHA']"
wyomingvibes.com,Wyoming Vibes Apparel - Wyoming Themed Custom Apparel & Accessories,,,62,17501,2026-06-03T13:24:47.860814112Z,"['Alternate Protocol', 'Amped', 'Apture Linking Platform', 'Cloudflare', 'Cloudflare CDN', 'Express', 'Google Cloud DNS', 'Google Font API', 'Google My Business', 'Google Related Website Sites', 'IcoMoon', 'Instagram Follow Button', 'Microdata for Google Shopping', 'PageFly', 'QUIC', 'Schema Plugin', 'Shopify', 'Shopify Collabs', 'Smile IO', 'Stamped', 'Tailwind CSS', 'UTF-8', 'hCaptcha', 'reCAPTCHA']"
thenailest.com,Luxury Custom Nails | The Nailest | Luxury Press on Nails,,,67,107952,2026-06-03T11:54:44.587160349Z,"['Adult Content', 'Alternate Protocol', 'Amazon CloudFront', 'Apture Linking Platform', 'Aruba', 'CloudFront', 'Cloudflare', 'Cloudflare CDN', 'Ethy', 'Etsy', 'Facebook Embedded Posts', 'Fastly CDN', 'Google Analytics', 'Google Cloud DNS', 'Google My Business', 'Google Recommendations AI', 'Google Related Website Sites', 'Google Tag Manager', 'IcoMoon', 'Instagram Follow Button', 'Klaviyo', 'MailChimp', 'MailMunch', 'Mapp', 'Microdata for Google Shopping', 'ON24', 'QUIC', 'Secomapp', 'Shopify', 'Shopify Collabs', 'Smile IO', 'Swell Rewards', 'Twitter Ads', 'UTF-8', 'eLand', 'hCaptcha', 'jQuery Pin It Button for Images', 'jsDelivr', 'reCAPTCHA']"
shopcrescentfoods.com,"Crescent Foods Premium Chicken, Beef and Lamb Products | Home Delivery",,,72,42677,2026-06-03T11:02:38.995499951Z,"['Amazon CloudFront', 'Amped', 'Apture Linking Platform', 'ByteDance', 'CloudFront', 'Cloudflare', 'Cloudflare CDN', 'DoubleClick Bid Manager', 'EqualWeb', 'Express', 'GitHub Hosting', 'Google Analytics', 'Google Conversion Tracking', 'Google Related Website Sites', 'Google Tag Manager', 'IcoMoon', 'Instagram Follow Button', 'KVH', 'Microdata for Google Shopping', 'NFOrce Internet', 'Omnisend', 'PageFly', 'QUIC', 'Schema Plugin', 'Shopify', 'Shopify Collabs', 'Smile IO', 'Stamped', 'Subversion', 'Swell Rewards', 'Tailwind CSS', 'Thank You', 'TikTok Conversion Tracking Pixel', 'TrackingMore', 'Twitter Ads', 'UTF-8', 'Yotpo', 'YouTube', 'hCaptcha', 'reCAPTCHA']"
mikoplace.co.uk,MikoPlace U.K.- Premium Asian Product to U.K.,,JPN,77,25816,2026-06-03T10:48:39.877522724Z,"['Alternate Protocol', 'Apps4BigCommerce', 'BigCommerce', 'Cloudflare', 'Cloudflare CDN', 'Express', 'Facebook Conversion Tracking', 'Facebook Login', 'Facebook Messenger Platform', 'Facebook Pixel', 'Facebook Reseller', 'Facebook Tag API', 'Fireblade', 'Font Awesome', 'Google', 'Google Analytics', 'Google Cloud CDN', 'Google Cloud DNS', 'Google Font API', 'Google Related Website Sites', 'Google Tag Manager', 'Instagram Follow Button', 'Perl', 'QUIC', 'Reamaze', 'Smile IO', 'UTF-8', 'YouTube']"
rootedchildhood.shop,The Gentle + Classical Press,The Gentle + Classical Press,USA,82,30116,2026-06-03T10:39:56.432632094Z,"['AJAX Libraries API', 'Affiliatly', 'Amazon WAF Blocked', 'Apture Linking Platform', 'Bold Commerce', 'Cloudflare', 'Cloudflare CDN', 'DoubleClick Bid Manager', 'ElementUI', 'Express', 'Fastly', 'Fastly CDN', 'Google Analytics', 'Google Cloud DNS', 'Google My Business', 'Google Related Website Sites', 'Google Tag Manager', 'Gravity', 'Heroku', 'Instagram Follow Button', 'Line2', 'Microdata for Google Shopping', 'NFOrce Internet', 'PHP', 'PageFly', 'Perl', 'QUIC', 'Rivo Loyalty', 'Share Link', 'Shopify', 'Shopify Collabs', 'Shopify Payments', 'Smile IO', 'Tailwind CSS', 'Thank You', 'UTF-8', 'YouTube', 'hCaptcha', 'jQuery', 'reCAPTCHA']"
myminimalplanner.com,My Minimal Planner,My Minimal Planner,VAT,72,9651,2026-06-03T10:39:56.423014803Z,"['Apture Linking Platform', 'Cloudflare', 'Cloudflare CDN', 'Cowlendar', 'IcoMoon', 'Microdata for Google Shopping', 'POWr', 'QUIC', 'Shopify', 'Shopify Collabs', 'Shopify Payments', 'Smile IO', 'UTF-8', 'eLand', 'hCaptcha', 'reCAPTCHA']"
beyradise.com,THEPORTAL0 BEYBLADE – ThePortal0 Beyradise,,,72,17065,2026-06-03T10:21:23.37437166Z,"['Alternate Protocol', 'Apture Linking Platform', 'Aruba', 'Cloudflare', 'Cloudflare CDN', 'Cowlendar', 'Express', 'Fastly', 'FormSubmit', 'Google', 'Google Cloud DNS', 'Google Font API', 'Google My Business', 'Google Related Website Sites', 'Instagram Follow Button', 'Microdata for Google Shopping', 'PageFly', 'Parcel', 'ParcelPanel Order Tracking', 'QUIC', 'Schema Plugin', 'Shopify', 'Shopify Collabs', 'Shopify Payments', 'Smile IO', 'Tailwind CSS', 'TrackingMore', 'Twitter Ads', 'UTF-8', 'YouTube', 'eLand', 'hCaptcha', 'reCAPTCHA']"
misobunnycafe.com,MisoBunnyCafe – misobunnycafe,,USA,67,42656,2026-06-03T08:53:22.139127158Z,"['AJAX Libraries API', 'Adult Content', 'Alternate Protocol', 'Apture Linking Platform', 'Aruba', 'Baidu Cloud', 'Cloudflare', 'Cloudflare CDN', 'Coming Soon Page', 'Etsy', 'Fastly CDN', 'Google Cloud DNS', 'Google Font API', 'Google My Business', 'Gravity', 'Instagram Follow Button', 'NFOrce Internet', 'QUIC', 'Shopify', 'Shopify Collabs', 'Shopify Payments', 'Smile IO', 'Snowplow', 'Tailwind CSS', 'Thank You', 'UTF-8', 'Yandex Hosting', 'eLand', 'hCaptcha', 'jQuery', 'jsDelivr', 'reCAPTCHA']"
beessential2.com,Beessential | Natural Skincare & Haircare with Honey & Beeswax,Beessential,,77,41253,2026-06-03T08:45:49.88192182Z,"['AWS WAF Challenge', 'AdRoll', 'Apture Linking Platform', 'CDN JS', 'Cloudflare', 'Cloudflare CDN', 'DAV', 'Engage', 'Express', 'Facebook Reseller', 'Fireblade', 'Google Analytics', 'Google Related Website Sites', 'Google Tag Manager', 'IcoMoon', 'Instagram Follow Button', 'Microdata for Google Shopping', 'PayPal', 'QUIC', 'Shopify', 'Shopify Collabs', 'Shopify Payments', 'Smile IO', 'Subversion', 'Tailwind CSS', 'TargetBay', 'Twitter Ads', 'UTF-8', 'YouTube', 'eLand', 'hCaptcha', 'jQuery', 'reCAPTCHA']"
whynotindiana.com,Why Not Indiana? Football T-Shirt | Indiana University – The Shop Indy,,USA,77,20497,2026-06-03T08:20:19.968705906Z,"['AdRoll', 'Alternate Protocol', 'Amazon WAF Blocked', 'Apture Linking Platform', 'Aruba', 'Cloudflare', 'Cloudflare CDN', 'Fastly', 'Google Cloud DNS', 'Google Cloud Storage', 'Google My Business', 'Google Related Website Sites', 'Instagram Follow Button', 'Klaviyo', 'Microdata for Google Shopping', 'PayPal', 'QUIC', 'ReturnGO', 'Shopify', 'Shopify Collabs', 'Smile IO', 'Subversion', 'Tailwind CSS', 'Twitter Ads', 'UTF-8', 'University or College', 'eLand', 'hCaptcha', 'reCAPTCHA']"
sewtinagivens.com,SewTinaGivens,,,62,27104,2026-06-03T07:50:31.039845081Z,"['Apps4BigCommerce', 'BigCommerce', 'Cloudflare', 'Cloudflare CDN', 'Coming Soon Page', 'Express', 'Facebook Conversion Tracking', 'Facebook Login', 'Facebook Messenger Platform', 'Facebook Pixel', 'Facebook Reseller', 'Facebook Tag API', 'Fireblade', 'Google', 'Google Cloud CDN', 'Google Cloud DNS', 'Google Font API', 'IcoMoon', 'Instagram Follow Button', 'Perl', 'QUIC', 'S Loyalty', 'Smile IO', 'UTF-8']"
modelmillionairehair.com,Model Millionaire Hair – MODEL MILLIONAIRE HAIR,,,62,16257,2026-06-03T06:52:45.679915903Z,"['Amazon', 'Apture Linking Platform', 'Cloudflare', 'Cloudflare CDN', 'Google Analytics', 'Google My Business', 'Google Related Website Sites', 'Google Tag Manager', 'Klaviyo', 'Microdata for Google Shopping', 'NFOrce Internet', 'QUIC', 'Schema Plugin', 'Shopify', 'Shopify Collabs', 'Smile IO', 'Tailwind CSS', 'Thank You', 'Twitter Ads', 'UTF-8', 'hCaptcha', 'reCAPTCHA']"
parishouseofbeauty.com,Amazon,Paris House Of Beauty,FRA,70,73612,2026-06-03T04:59:14.6201575Z,"['17TRACK', 'Afterpay', 'Amazon CloudFront', 'Amazon WAF Blocked', 'Apture Linking Platform', 'Bold Commerce', 'ByteDance', 'Cisco/Arrowpoint Content Service Switch', 'CloudFront', 'Cloudflare', 'Cloudflare CDN', 'DAV', 'Express', 'Fastly', 'Fireblade', 'GoAffPro', 'Google', 'Google Analytics', 'Google Cloud CDN', 'Google Cloud DNS', 'Google Font API', 'Google My Business', 'Google Related Website Sites', 'Google Tag Manager', 'Heroku', 'Instagram Follow Button', 'KVH', 'Klaviyo', 'Microdata for Google Shopping', 'NFOrce Internet', 'QUIC', 'RM Education', 'RevenueHunt', 'Shipping Rates Calculator', 'Shopify', 'Shopify Collabs', 'Shopify Payments', 'Smile IO', 'Thank You', 'TikTok Conversion Tracking Pixel', 'Twitter Ads', 'UPS', 'USPS', 'UTF-8', 'YouTube', 'hCaptcha', 'reCAPTCHA']"
laelcosmetics.com,Lael Cosmetics – laelcosmetics,laelcosmetics,VAT,77,25369,2026-06-03T03:47:32.746513081Z,"['Apture Linking Platform', 'Aruba', 'Cloudflare', 'Cloudflare CDN', 'DC74', 'Express', 'Fastly', 'GoAffPro', 'Google Related Website Sites', 'IcoMoon', 'Instagram Follow Button', 'Klaviyo', 'Microdata for Google Shopping', 'NFOrce Internet', 'QUIC', 'RevenueHunt', 'Shopify', 'Shopify Collabs', 'Smile IO', 'Swell Rewards', 'Thank You', 'UTF-8', 'eLand', 'hCaptcha', 'jsDelivr', 'reCAPTCHA']"
44marketplace.com,"Chalk Mineral Paint, Brushes, Applicators and Furniture Makeover Tools – 44 Marketplace",,,72,25237,2026-06-03T03:04:57.286977007Z,"['AJAX Libraries API', 'AWS WAF Challenge', 'AnyChat', 'Apture Linking Platform', 'Beeketing', 'Cloudflare', 'Cloudflare CDN', 'Express', 'Google Cloud DNS', 'Google Font API', 'Google My Business', 'Google Related Website Sites', 'Instagram Follow Button', 'MailChimp', 'Microdata for Google Shopping', 'QUIC', 'Schema Plugin', 'Shopify', 'Shopify Collabs', 'Smile IO', 'UTF-8', 'YouTube', 'hCaptcha', 'reCAPTCHA']"
cashparts.com,Commercial Kitchen & Restaurant Parts for less and research assistance — CashParts,,,62,101825,2026-06-03T01:58:43.241904895Z,"['501c3 Status Nonprofit', 'AWS WAF Challenge', 'Alternate Protocol', 'Amazon WAF Blocked', 'Apture Linking Platform', 'Aruba', 'Cart.com', 'Cloudflare', 'Cloudflare CDN', 'Customer Fields', 'DAV', 'Digital Ocean Spaces', 'Google Related Website Sites', 'IcoMoon', 'Microdata for Google Shopping', 'Perl', 'Privy', 'QUIC', 'Shopify', 'Shopify Collabs', 'Smile IO', 'Storyblocks', 'UTF-8', 'Vercel', 'eLand', 'hCaptcha', 'reCAPTCHA']"
rippingyarns.co,Ripping Yarns - Online Yarn Shop – Ripping Yarns Crafts,Ripping Yarns Crafts,,67,14705,2026-06-03T00:57:13.756270505Z,"['Apture Linking Platform', 'Cloudflare', 'Cloudflare CDN', 'Express', 'Fastly', 'Google Related Website Sites', 'Heroku', 'IcoMoon', 'Instagram Follow Button', 'Interchange', 'MailChimp', 'Microdata for Google Shopping', 'NFOrce Internet', 'QUIC', 'Shopify', 'Shopify Collabs', 'Smile IO', 'Thank You', 'UTF-8', 'hCaptcha', 'reCAPTCHA']"
rookjapan.com,Simply Beautiful Japanese Domestic Watches (JDM) and Luxury Watches,ROOK JAPAN,JPN,77,40113,2026-06-03T00:52:10.43189094Z,"['AWS WAF Challenge', 'Alternate Protocol', 'Amazon CloudFront', 'Amazon S3 CDN', 'Apture Linking Platform', 'Azure Edge', 'CloudFront', 'Cloudflare', 'Cloudflare CDN', 'Disqus Comment System for WordPress', 'Express', 'GTranslate', 'Google Related Website Sites', 'IcoMoon', 'Instagram Follow Button', 'MailChimp', 'MailMunch', 'Microdata for Google Shopping', 'QUIC', 'RM Education', 'ReviewWidget', 'Share Link', 'Shopify', 'Shopify Collabs', 'Shopify Payments', 'Smile IO', 'Storyblocks', 'TrackingMore', 'UTF-8', 'hCaptcha', 'reCAPTCHA']"
luminosityglitter.com,Eco Glitter & Biodegradable Glitter | Luxury Glitter Bar Hire UK – Luminosity Glitter®,Luminosity Glitter,MCO,77,14965,2026-06-02T22:46:51.592869531Z,"['17TRACK', 'Alternate Protocol', 'Amazon WAF Blocked', 'Apture Linking Platform', 'Cloudflare', 'Cloudflare CDN', 'Express', 'Fastly', 'Google My Business', 'Google Related Website Sites', 'IcoMoon', 'Instagram Follow Button', 'Microdata for Google Shopping', 'NFOrce Internet', 'QUIC', 'Shopify', 'Shopify Collabs', 'Smile IO', 'Thank You', 'UTF-8', 'YouTube', 'eLand', 'hCaptcha', 'reCAPTCHA']"
infinitywax.com,Infinity Wax - Professional Car Detailing Products & Car Care Supplies,,,67,34119,2026-06-02T22:41:36.226713904Z,"['Alternate Protocol', 'Amazon CloudFront', 'Amazon WAF Blocked', 'Apture Linking Platform', 'Aruba', 'BunnyCDN General', 'CloudFront', 'Cloudflare', 'Cloudflare CDN', 'ElementUI', 'Express', 'Fastly', 'Fireblade', 'Google', 'Google Cloud CDN', 'Google My Business', 'Google Related Website Sites', 'Instagram Follow Button', 'Klaviyo', 'Microdata for Google Shopping', 'Microsoft Clarity', 'POWr', 'Parcel', 'QUIC', 'Shopify', 'Shopify Collabs', 'Smile IO', 'Tailwind CSS', 'TrackingMore', 'Twitter Ads', 'UTF-8', 'YouTube', 'eLand', 'hCaptcha', 'reCAPTCHA']"
backroadwoodwork.org,"Backroad Wood Work – Backroad Wood Work & Boutique,LLC","Backroad Wood Work &amp; Boutique,LLC",,72,9597,2026-06-02T21:56:26.429703366Z,"['Apture Linking Platform', 'Cloudflare', 'Cloudflare CDN', 'Google My Business', 'Google Related Website Sites', 'Microdata for Google Shopping', 'QUIC', 'Shopify', 'Shopify Collabs', 'Smile IO', 'UTF-8', 'hCaptcha', 'reCAPTCHA']"
mamyscloset.com,MaMy's Closet – MamysCloset,MamysCloset,,70,12625,2026-06-02T20:11:50.924101751Z,"['AddThis for Wordpress', 'Apture Linking Platform', 'Cloudflare', 'Cloudflare CDN', 'Google', 'Google Cloud DNS', 'Google Font API', 'Instagram Follow Button', 'Microdata for Google Shopping', 'Oddle', 'QUIC', 'Shipping Rates Calculator', 'Shopify', 'Shopify Collabs', 'Smile IO', 'UTF-8', 'hCaptcha', 'reCAPTCHA']"
ncdiecast.com,Titan Diecast LLC,Titan Diecast LLC,JPN,77,11535,2026-06-02T19:03:18.839087435Z,"['Alternate Protocol', 'Apture Linking Platform', 'Aruba', 'Cloudflare', 'Cloudflare CDN', 'Eggflow', 'Express', 'Heroku', 'Microdata for Google Shopping', 'POWr', 'PageFly', 'QUIC', 'Shopify', 'Shopify Collabs', 'Shopify Payments', 'Smile IO', 'Tailwind CSS', 'TrackingMore', 'UTF-8', 'eLand', 'hCaptcha', 'reCAPTCHA']"
beautyfromthesea.ca,Professional Skin Care Products | Repechage Canada Official Site – repechageca,,,62,18993,2026-06-02T18:59:46.755624204Z,"['Afterpay', 'Apture Linking Platform', 'Bing Cashback', 'Bing Conversion Tracking', 'Cloudflare', 'Cloudflare CDN', 'Express', 'Google', 'Google Analytics', 'Google Cloud DNS', 'Google Maps', 'Google Related Website Sites', 'Google Tag Manager', 'IcoMoon', 'Instagram Follow Button', 'Klaviyo', 'MailerLite', 'Microdata for Google Shopping', 'Microsoft Clarity', 'Privy', 'QUIC', 'Schema Plugin', 'Shopify', 'Shopify Collabs', 'Smile IO', 'Swell Rewards', 'Tailwind CSS', 'Twitter Ads', 'UTF-8', 'Yotpo', 'YouTube', 'accessiBe', 'hCaptcha', 'reCAPTCHA']"
soonskincare.com,"Korean Skincare Products, Face Sheet Masks, Under Eye Masks-Lip Masks – Soon Skincare",Soon Skincare,,77,49880,2026-06-02T17:55:22.763167508Z,"['Amazon CloudFront', 'Amazon Widgets', 'Amped', 'Apture Linking Platform', 'Azure Edge', 'CloudFront', 'Cloudflare', 'Cloudflare CDN', 'Coming Soon Page', 'Fastly', 'Fireblade', 'Google Related Website Sites', 'Instagram Follow Button', 'Klaviyo', 'Microdata for Google Shopping', 'Microsoft Clarity', 'QUIC', 'Recharge', 'Refersion', 'RevenueHunt', 'ShareASale', 'Shopify', 'Shopify Collabs', 'Shopify Payments', 'ShoppingGives', 'Smile IO', 'Stamped', 'Tailwind CSS', 'UTF-8', 'YouTube', 'hCaptcha', 'jQuery', 'reCAPTCHA', 'shadcn ui']"
sapphire-passion.com,Handmade & Custom Orders – Sapphire-Passion,,,62,11796,2026-06-02T17:20:35.790215733Z,"['Afterpay', 'Apture Linking Platform', 'Cloudflare', 'Cloudflare CDN', 'Digital Ocean Spaces', 'Express', 'Font Awesome', 'Google Analytics', 'Google My Business', 'Google Related Website Sites', 'Google Tag Manager', 'Instagram Follow Button', 'Linktree', 'MailChimp', 'MailMunch', 'Microdata for Google Shopping', 'Oddle', 'Schema Plugin', 'Shopify', 'Shopify Collabs', 'Smile IO', 'Tailwind CSS', 'Twitter Ads', 'UTF-8', 'YouTube', 'hCaptcha', 'reCAPTCHA']"
riofoodsonline.com,"Rio Foods | Los Angeles, CA | Best Coffee, Herbal Tea & Healthy Snacks",Rio Foods,VAT,67,53993,2026-06-02T16:59:46.405090283Z,"['3 Products', 'AWS WAF Challenge', 'Apture Linking Platform', 'Aruba', 'Cloudflare', 'Cloudflare CDN', 'Express', 'FormSubmit', 'Google', 'Google Cloud CDN', 'Google Related Website Sites', 'Instagram Follow Button', 'Landis Holdings', 'Microdata for Google Shopping', 'NFOrce Internet', 'QUIC', 'Shopify', 'Shopify Collabs', 'Shopify Payments', 'Smile IO', 'Tailwind CSS', 'Thank You', 'UTF-8', 'Vector Internet Services', 'YouTube', 'eLand', 'hCaptcha', 'reCAPTCHA', 'shadcn ui']"
knewkey.com,Knewkey® | Mechanical Keyboard Official Online Store,knewkey,USA,82,14753,2026-06-02T15:54:41.506129842Z,"['Apture Linking Platform', 'Aruba', 'Cloudflare', 'Cloudflare CDN', 'Crisp', 'Fastly', 'GoAffPro', 'Google Related Website Sites', 'IcoMoon', 'MailChimp', 'Microdata for Google Shopping', 'ShareASale', 'Shopify', 'Shopify Collabs', 'Smile IO', 'Tailwind CSS', 'Twitter Ads', 'UTF-8', 'YouTube', 'eLand', 'hCaptcha', 'reCAPTCHA']"
woodwoodtoys.com,"Wood Wood Toys - Canada's Eco-Friendly, Economical Toy Store",Wood Wood Toys,VAT,87,16497,2026-06-02T14:53:29.790395847Z,"['Alternate Protocol', 'Apture Linking Platform', 'Aruba', 'Bing Cashback', 'Bing Conversion Tracking', 'Cloudflare', 'Cloudflare CDN', 'Express', 'Fastly', 'Google Cloud DNS', 'Google Customer Reviews', 'Google Font API', 'Google My Business', 'Google Related Website Sites', 'Instagram Follow Button', 'Klaviyo', 'Microdata for Google Shopping', 'NFOrce Internet', 'QUIC', 'Shopify', 'Shopify Collabs', 'Smile IO', 'Thank You', 'UTF-8', 'YouTube', 'eLand', 'hCaptcha', 'reCAPTCHA']"
fitandfolly.com.au,Fit & Folly,,,57,8571,2026-06-02T14:40:40.042943321Z,"['Amazon WAF Blocked', 'Apture Linking Platform', 'Cloudflare', 'Cloudflare CDN', 'Content Delivery Network', 'Express', 'Fastly', 'Fireblade', 'Google', 'Google Cloud DNS', 'Google Maps', 'Google My Business', 'Heroku', 'Instagram Follow Button', 'Klaviyo', 'Microdata for Google Shopping', 'Perl', 'QUIC', 'Schema Plugin', 'Shopify', 'Shopify Collabs', 'Smile IO', 'Tailwind CSS', 'UTF-8', 'hCaptcha', 'reCAPTCHA']"
wackydots.com,U.S. Art Supply - The Source for Everything Art,,,67,22633,2026-06-02T14:13:10.485860079Z,"['AdRoll', 'Amazon', 'Amazon CloudFront', 'Apture Linking Platform', 'Beeketing', 'CloudFront', 'Cloudflare', 'Cloudflare CDN', 'Express', 'Fastly', 'Google Analytics', 'Google Cloud DNS', 'Google Cloud Storage', 'Google Font API', 'Google My Business', 'Google Related Website Sites', 'Google Tag Manager', 'Heroku', 'IcoMoon', 'Instagram Follow Button', 'Klaviyo', 'Microdata for Google Shopping', 'Perl', 'Searchanise', 'Shopify', 'Shopify Collabs', 'Smile IO', 'Twitter Ads', 'UTF-8', 'XSellco', 'YouTube', 'hCaptcha', 'reCAPTCHA']"
prairierose826.com,Prairie Rose Boutique,Prairie Rose Boutique ,,60,1092,2026-06-02T13:43:26.561362707Z,"['Apture Linking Platform', 'Cloudflare', 'Cloudflare CDN', 'Express', 'IcoMoon', 'Instagram Follow Button', 'Microdata for Google Shopping', 'Oddle', 'Shopify', 'Shopify Collabs', 'Smile IO', 'UTF-8', 'hCaptcha', 'reCAPTCHA']"
datchoice.com,Dat'Choice - Homepage – Dat'choice | A Designer V-Fashion Store,Dat&#39;choice | A Designer V-Fashion Store,,77,12825,2026-06-02T12:44:29.325595107Z,"['Amazon CloudFront', 'Apture Linking Platform', 'CloudFront', 'Cloudflare', 'Cloudflare CDN', 'Express', 'Google Related Website Sites', 'IcoMoon', 'Instagram Follow Button', 'Klaviyo', 'Microdata for Google Shopping', 'QUIC', 'Shopify', 'Shopify Collabs', 'Smile IO', 'UTF-8', 'hCaptcha', 'reCAPTCHA']"
boxbargifts.com,Box Bar | Gifting Made Effortless - Your Trusted Gifting Partner – Shop Box Bar,Shop Box Bar,VAT,82,12029,2026-06-02T11:36:18.166964404Z,"['Apture Linking Platform', 'Aruba', 'Calendly', 'Cloudflare', 'Cloudflare CDN', 'Express', 'Instagram Follow Button', 'Klaviyo', 'Microdata for Google Shopping', 'QUIC', 'Shopify', 'Shopify Collabs', 'Smile IO', 'Thank You', 'UTF-8', 'eLand', 'hCaptcha', 'jsDelivr', 'reCAPTCHA']"
drinkmate-canada.com,"Drinkmate Carbonated Drink Maker, the Carbonate Anything Machine! – Drinkmate Canada",Drinkmate Canada,CAN,82,19905,2026-06-02T11:29:52.83203732Z,"['Alternate Protocol', 'Amazon CloudFront', 'Apture Linking Platform', 'Bing Cashback', 'Bing Conversion Tracking', 'CDN JS', 'CloudFront', 'Cloudflare', 'Cloudflare CDN', 'Content Delivery Network', 'Express', 'Fastly', 'Google', 'Google Analytics', 'Google Cloud DNS', 'Google Font API', 'Google Related Website Sites', 'Google Tag Manager', 'IcoMoon', 'Instagram Follow Button', 'Microdata for Google Shopping', 'QUIC', 'Shopify', 'Shopify Collabs', 'Shopify Payments', 'Smile IO', 'Tailwind CSS', 'Twitter Ads', 'UTF-8', 'Vector Internet Services', 'YouTube', 'hCaptcha', 'jQuery', 'reCAPTCHA']"
madisonmelts.com,"Hand Made Scented Wax Melts, Wax Burners & Deluxe Scented Bath Bombs",,GBR,77,23153,2026-06-02T11:29:52.826241456Z,"['AJAX Libraries API', 'Apture Linking Platform', 'Cloudflare', 'Cloudflare CDN', 'Express', 'Fastly CDN', 'Google', 'Google Cloud DNS', 'Google Maps', 'Google Related Website Sites', 'IcoMoon', 'Instagram Follow Button', 'Klaviyo', 'Microdata for Google Shopping', 'PageFly', 'QUIC', 'Share Link', 'Shopify', 'Shopify Collabs', 'Shopify Payments', 'Smile IO', 'Tailwind CSS', 'Twitter Ads', 'UTF-8', 'YouTube', 'hCaptcha', 'jsDelivr', 'reCAPTCHA']"
mommaroot.net,MommaRoot,MommaRoot,,62,10377,2026-06-02T11:06:55.06924192Z,"['Apture Linking Platform', 'Cloudflare', 'Cloudflare CDN', 'Express', 'Google My Business', 'Microdata for Google Shopping', 'NFOrce Internet', 'QUIC', 'Shopify', 'Shopify Collabs', 'Smile IO', 'Tailwind CSS', 'Thank You', 'UTF-8', 'YouTube', 'hCaptcha', 'reCAPTCHA']"
mountainmadnesssoap.com,All Natural Handmade Soap & Bath Products | Mountain Madness Soap Co.,,,72,98377,2026-06-02T10:59:12.530267952Z,"['17TRACK', '3 Products', 'Amazon CloudFront', 'Amazon WAF Blocked', 'Apture Linking Platform', 'Bing Cashback', 'Bing Conversion Tracking', 'CloudFront', 'Cloudflare', 'Cloudflare CDN', 'Fastly', 'FreeCSSTemplates', 'Google', 'Google Analytics', 'Google Cloud DNS', 'Google Cloud Storage', 'Google Font API', 'Google Maps', 'Google My Business', 'Google Related Website Sites', 'Google Tag Manager', 'Instagram Follow Button', 'MailChimp', 'Microdata for Google Shopping', 'NFOrce Internet', 'QUIC', 'SMC', 'Schema Plugin', 'Shopify', 'Shopify Collabs', 'Smile IO', 'Tailwind CSS', 'Thank You', 'The Fresh', 'UTF-8', 'YouTube', 'hCaptcha', 'reCAPTCHA']"
winesformothers.com,Wines for Mothers – 0.0% Alcohol-Free Wine for Moms,,,72,28123,2026-06-02T10:29:16.146036428Z,"['Affiliatly', 'Apps4BigCommerce', 'BigCommerce', 'ByteDance', 'Cloudflare', 'Cloudflare CDN', 'Column Shortcodes', 'Express', 'Facebook Conversion Tracking', 'Facebook Login', 'Facebook Messenger Platform', 'Facebook Pixel', 'Facebook Reseller', 'Facebook Tag API', 'Fireblade', 'Google', 'Google Analytics', 'Google Cloud CDN', 'Google Cloud DNS', 'Google Font API', 'Google Related Website Sites', 'Google Tag Manager', 'IcoMoon', 'LeadDyno', 'LiveChat Monitoring', 'MailChimp', 'Microdata for Google Shopping', 'POWr', 'Perl', 'QUIC', 'Rocket Chat', 'Smile IO', 'TikTok Conversion Tracking Pixel', 'UTF-8', 'eLand']"
serenityinajarcandles.com,"Serenity In A Jar Candles - Online Store – Serenity In A Jar, LLC",,USA,67,9156,2026-06-02T10:29:16.09166083Z,"['Apture Linking Platform', 'Cloudflare', 'Cloudflare CDN', 'Google My Business', 'Instagram Follow Button', 'MailChimp', 'QUIC', 'Shopify', 'Shopify Collabs', 'Slider Revolution', 'Smile IO', 'Subversion', 'Tailwind CSS', 'Twitter Ads', 'UTF-8', 'hCaptcha', 'jQuery', 'reCAPTCHA']"
therm-ic.store,THERM-IC STORE | UK – Therm-ic Store | UK,Therm-ic Store | UK,,77,27211,2026-06-02T10:18:01.713453805Z,"['3 Products', 'Apture Linking Platform', 'Cloudflare', 'Cloudflare CDN', 'Create React App', 'DAV', 'Digital Ocean Spaces', 'Express', 'Fireblade', 'FormSubmit', 'Google Analytics', 'Google Cloud DNS', 'Google Cloud Storage', 'Google Related Website Sites', 'Google Tag Manager', 'GraphQL', 'IcoMoon', 'Microdata for Google Shopping', 'Omnisend', 'QUIC', 'Shopify', 'Shopify Collabs', 'Smile IO', 'Svelte', 'UTF-8', 'eLand', 'hCaptcha', 'reCAPTCHA']"
dsastech.com,Dancing Sasquatch | Durable Outdoor Gear | Next-Gen Tactical Equipment,Dancing Sasquatch Tech,,62,9624,2026-06-02T09:28:19.093874662Z,"['Apture Linking Platform', 'CDN JS', 'Cloudflare', 'Cloudflare CDN', 'Coming Soon Page', 'IcoMoon', 'Instagram Follow Button', 'MailChimp', 'Microdata for Google Shopping', 'QUIC', 'Shopify', 'Shopify Collabs', 'Smile IO', 'Tailwind CSS', 'UTF-8', 'hCaptcha', 'jQuery', 'reCAPTCHA']"
joliefemmehk.com,Welcome to Jolie Femme Fashion Store,,CHN,72,26350,2026-06-02T08:12:04.776810913Z,"['AWS WAF Challenge', 'Care Cart', 'Cloudflare', 'Cloudflare CDN', 'Coming Soon Page', 'Express', 'GetButton.io', 'Google Cloud DNS', 'Google Font API', 'Google Related Website Sites', 'Instagram Follow Button', 'NFOrce Internet', 'QUIC', 'Shopify', 'Shopify Collabs', 'Smile IO', 'UTF-8', 'hCaptcha', 'reCAPTCHA']"
nailbasics.ca,nailbasics | sculptured gel nails and aesthetic products – nailbasics-ca,nailbasics-ca,CAN,82,40356,2026-06-02T08:06:53.17396718Z,"['Apture Linking Platform', 'Azure Edge', 'Bold Commerce', 'BunnyCDN General', 'Cloudflare', 'Cloudflare CDN', 'Google My Business', 'Google Related Website Sites', 'Instagram Follow Button', 'Klaviyo', 'Microdata for Google Shopping', 'Microsoft Azure Verified CDN', 'QUIC', 'Shopify', 'Shopify Collabs', 'Smile IO', 'Snowplow', 'UTF-8', 'YouTube', 'hCaptcha', 'reCAPTCHA']"
miloswish.com,Milo's Wish,,,47,2473,2026-06-02T05:00:08.638874246Z,"['Apture Linking Platform', 'Cloudflare', 'Cloudflare CDN', 'Express', 'Facebook Login', 'Facebook Messenger Platform', 'Facebook Pixel', 'Facebook Reseller', 'Facebook Tag API', 'Google Cloud DNS', 'Google Font API', 'IcoMoon', 'Instagram Follow Button', 'POWr', 'RM Education', 'Shopify', 'Shopify Collabs', 'Smile IO', 'Tailwind CSS', 'UTF-8', 'hCaptcha', 'reCAPTCHA']"
motherraw.com,Mother Raw,,USA,82,39163,2026-06-02T04:19:27.603940007Z,"['AWS WAF Challenge', 'Alternate Protocol', 'Apture Linking Platform', 'Bing Cashback', 'Bing Conversion Tracking', 'Bold Commerce', 'ByteDance', 'Cloudflare', 'Cloudflare CDN', 'Gandi', 'Google Analytics', 'Google Related Website Sites', 'Google Tag Manager', 'IcoMoon', 'Instagram Follow Button', 'Klaviyo', 'MailChimp', 'Microdata for Google Shopping', 'NFOrce Internet', 'Paessler', 'Pinterest Conversion Tracking', 'Shopify', 'Shopify Collabs', 'Smile IO', 'Thank You', 'TikTok Conversion Tracking Pixel', 'UTF-8', 'YouTube', 'hCaptcha', 'reCAPTCHA']"
mynaturaldeodorant.com,Best Natural Deodorant | Purelygreat Natural Products,,VAT,77,16784,2026-06-02T03:39:02.007951954Z,"['AJAX Libraries API', 'Amazon CloudFront', 'Apture Linking Platform', 'Aruba', 'CloudFront', 'Cloudflare', 'Cloudflare CDN', 'Coming Soon Page', 'DAV', 'Express', 'Facebook Conversion Tracking', 'Facebook Login', 'Facebook Messenger Platform', 'Facebook Pixel', 'Facebook Reseller', 'Facebook Tag API', 'Fancybox for WordPress', 'Fastly', 'Google Analytics', 'Google Cloud DNS', 'Google Related Website Sites', 'Google Tag Manager', 'Hotjar', 'IcoMoon', 'Instagram Follow Button', 'Klaviyo', 'Microdata for Google Shopping', 'PHP', 'Perl', 'QUIC', 'Shopify', 'Shopify Collabs', 'Smile IO', 'UTF-8', 'Vercel', 'eLand', 'hCaptcha', 'jQuery', 'reCAPTCHA']"
kreativeunikornllc.com,Mystical Crystals & Mentorship – The Kreative Unikorn LLC,The Kreative Unikorn LLC,VAT,87,14669,2026-06-02T03:37:41.297887324Z,"['Afterpay', 'Apture Linking Platform', 'Aruba', 'Cloudflare', 'Cloudflare CDN', 'Cowlendar', 'Google Analytics', 'Google Related Website Sites', 'Google Tag Manager', 'IcoMoon', 'Instagram Follow Button', 'Klaviyo', 'Microdata for Google Shopping', 'NFOrce Internet', 'Pico CSS', 'Shopify', 'Shopify Collabs', 'Smile IO', 'Thank You', 'UTF-8', 'YouTube', 'eLand', 'hCaptcha', 'reCAPTCHA']"
bigtimecollectibles.com,BIG TIME COLLECTIBLES,,SGP,82,49156,2026-06-02T03:14:51.649516415Z,"['Alternate Protocol', 'Apture Linking Platform', 'Aruba', 'Cisco/Arrowpoint Content Service Switch', 'Cloudflare', 'Cloudflare CDN', 'Coming Soon Page', 'Content Delivery Network', 'DAV', 'Express', 'Financial Services Guide', 'GetResponse', 'Google', 'Google Cloud DNS', 'Google Maps', 'Google My Business', 'Google Related Website Sites', 'Gravity', 'Heroku', 'IcoMoon', 'Instagram Follow Button', 'Landis Holdings', 'MailChimp', 'Microdata for Google Shopping', 'Omnisend', 'PHP', 'QUIC', 'RM Education', 'Shopify', 'Shopify Collabs', 'Shopify Payments', 'Smile IO', 'Twitter Ads', 'UTF-8', 'YouTube', 'accessiBe', 'eLand', 'hCaptcha', 'jsDelivr', 'reCAPTCHA']"
rfiddenied.com,High End Accessories For Men & Women | Access Accessories,,GBR,82,28065,2026-06-02T02:37:14.931167875Z,"['3 Products', 'AWS WAF Challenge', 'Alternate Protocol', 'Amazon WAF Blocked', 'Apture Linking Platform', 'Cloudflare', 'Cloudflare CDN', 'Fancybox for WordPress', 'Google Cloud DNS', 'Google Font API', 'Google Related Website Sites', 'IcoMoon', 'Instagram Follow Button', 'Klaviyo', 'Microdata for Google Shopping', 'QUIC', 'Schema Plugin', 'Shopify', 'Shopify Collabs', 'Smile IO', 'UTF-8', 'hCaptcha', 'reCAPTCHA']"
shopreinav.com,Modest Fashion for the Professional Woman! Socially Conscious Fashion! – Reina Valentina,,GBR,82,27867,2026-06-02T02:05:55.054276307Z,"['AJAX Libraries API', 'Apture Linking Platform', 'BLR', 'Cloudflare', 'Cloudflare CDN', 'Express', 'Facebook Like', 'Facebook Login', 'Facebook Messenger Platform', 'Facebook Reseller', 'Google Cloud DNS', 'Google Font API', 'Google My Business', 'Google Related Website Sites', 'IcoMoon', 'Instagram Follow Button', 'MailChimp', 'Microsoft Ajax Content Delivery Network', 'NFOrce Internet', 'POWr', 'PayPal', 'QUIC', 'Shifter', 'Shopify', 'Shopify Collabs', 'Smile IO', 'Storyblocks', 'Tailwind CSS', 'Thank You', 'Tumblr', 'Twitter Ads', 'UTF-8', 'Vector Internet Services', 'YouTube', 'hCaptcha', 'jQuery', 'reCAPTCHA']"
rawearthcohub.com.au,Skin Juice Wholesale,Skin Juice Wholesale,,62,11877,2026-06-01T23:04:36.543885945Z,"['Amazon CloudFront', 'CloudFront', 'Cloudflare', 'Cloudflare CDN', 'Instagram Follow Button', 'Klaviyo', 'MailChimp', 'Microdata for Google Shopping', 'QUIC', 'Shopify', 'Shopify Collabs', 'Smile IO', 'UTF-8', 'hCaptcha', 'reCAPTCHA']"
eyecareshowroom.ca,Eyecare Showroom,,CAN,77,13313,2026-06-01T22:57:28.89293785Z,"['AJAX Libraries API', 'Alternate Protocol', 'Amazon CloudFront', 'Apture Linking Platform', 'ArvanCloud', 'CDN JS', 'CloudFront', 'Cloudflare', 'Cloudflare CDN', 'Elfsight', 'Express', 'Google Analytics', 'Google Cloud DNS', 'Google Font API', 'Google Maps', 'Google My Business', 'Google Related Website Sites', 'Google Tag Manager', 'Heroku', 'IcoMoon', 'Instagram Follow Button', 'Microdata for Google Shopping', 'PageFly', 'Schema Plugin', 'Shopify', 'Shopify Collabs', 'Smile IO', 'Tailwind CSS', 'TrackingMore', 'UTF-8', 'hCaptcha', 'jsDelivr', 'reCAPTCHA']"
myguycollectibles.com,MyGuy Collectibles! – Myguycollectibles,Myguycollectibles,VAT,92,11765,2026-06-01T20:53:12.748925989Z,"['Apture Linking Platform', 'Aruba', 'Cloudflare', 'Cloudflare CDN', 'Express', 'Google Related Website Sites', 'IcoMoon', 'Instagram Follow Button', 'Microdata for Google Shopping', 'NFOrce Internet', 'QUIC', 'Shopify', 'Shopify Collabs', 'Smile IO', 'Thank You', 'UTF-8', 'eLand', 'hCaptcha', 'reCAPTCHA']"
spartacandleco.com,Sparta Candle Co.,Sparta Candle Co.,,72,10377,2026-06-01T19:46:35.814392877Z,"['Alternate Protocol', 'Apture Linking Platform', 'Cloudflare', 'Cloudflare CDN', 'Google My Business', 'Instagram Follow Button', 'Microdata for Google Shopping', 'NFOrce Internet', 'Shopify', 'Shopify Collabs', 'Smile IO', 'Thank You', 'UTF-8', 'hCaptcha', 'jsDelivr', 'reCAPTCHA']"
davaartesanal.com,DAVA Artesanal (nDavaa Group) – DAVA Artesanal Mexico,,PHL,77,20605,2026-06-01T19:37:08.413058287Z,"['AfterShip', 'Alternate Protocol', 'Amazon', 'Apture Linking Platform', 'Cloudflare', 'Cloudflare CDN', 'DAV', 'Express', 'Facebook Conversion Tracking', 'Facebook Customer Chat SDK', 'Facebook Login', 'Facebook Messenger Platform', 'Facebook Pixel', 'Facebook Reseller', 'Facebook Tag API', 'GetResponse', 'Google Maps', 'Google My Business', 'Google Related Website Sites', 'Heroku', 'IcoMoon', 'Instagram Follow Button', 'Klaviyo', 'Microdata for Google Shopping', 'Microsoft Clarity', 'NFOrce Internet', 'PageFly', 'Parcel', 'PayPal', 'QUIC', 'Schema Plugin', 'Shopify', 'Shopify Collabs', 'Shopify Payments', 'Smile IO', 'Storyblocks', 'Subversion', 'Tailwind CSS', 'UTF-8', 'hCaptcha', 'reCAPTCHA']"
allwearapparel.com,Allwear™ | Non-Toxic Essentials,Allwear,,77,33951,2026-06-01T19:37:08.409579351Z,"['Alternate Protocol', 'Amazon', 'Apture Linking Platform', 'CDN JS', 'Cloudflare', 'Cloudflare CDN', 'ElementUI', 'Envoy', 'Express', 'Google Analytics', 'Google Related Website Sites', 'Google Tag Manager', 'Instagram Follow Button', 'Kiwi Sizing', 'Klaviyo', 'Microdata for Google Shopping', 'Microsoft Authentication Library for JavaScript', 'QUIC', 'ReturnGO', 'Share Link', 'Shopify', 'Shopify Collabs', 'Smile IO', 'Twitter Ads', 'UTF-8', 'VWO Engage', 'Vimeo', 'Visual Website Optimizer', 'accessiBe', 'eLand', 'hCaptcha', 'jsDelivr', 'reCAPTCHA']"
vancouverginlab.com,Long Table Distillery,,CAN,82,18493,2026-06-01T18:51:59.129296591Z,"['Amazon', 'Apture Linking Platform', 'Cloudflare', 'Cloudflare CDN', 'Express', 'Fastly', 'Google', 'Google Cloud DNS', 'Google Customer Reviews', 'Google Maps', 'Google My Business', 'Google Related Website Sites', 'IcoMoon', 'Instagram Follow Button', 'Microdata for Google Shopping', 'OptiMonk', 'PHP', 'Schema Plugin', 'Shopify', 'Shopify Collabs', 'Smile IO', 'Twitter Ads', 'UTF-8', 'YouTube', 'hCaptcha', 'jQuery', 'reCAPTCHA']"
shopermajean.com,Erma Jean - Women's Boutique | Fashion That Feels Joyful & Effortless,Erma Jean,USA,77,23965,2026-06-01T18:27:25.866030538Z,"['Apture Linking Platform', 'Azure Edge', 'Cloudflare', 'Cloudflare CDN', 'Express', 'Fastly', 'Google Analytics', 'Google Related Website Sites', 'Google Tag Manager', 'IcoMoon', 'Instagram Follow Button', 'Microdata for Google Shopping', 'NFOrce Internet', 'QUIC', 'Shopify', 'Shopify Collabs', 'Smile IO', 'Thank You', 'UTF-8', 'Vector Internet Services', 'hCaptcha', 'reCAPTCHA']"
myfavoritefabrics.com,My Favorite Fabrics,My Favorite Fabrics,,67,13677,2026-06-01T17:22:45.618984617Z,"['Amazon', 'Apture Linking Platform', 'Cloudflare', 'Cloudflare CDN', 'Express', 'Fastly', 'Google My Business', 'Microdata for Google Shopping', 'Shopify', 'Shopify Collabs', 'Smile IO', 'UTF-8', 'hCaptcha', 'reCAPTCHA']"
esthersnc.com,"Buy CND Shellac, Gelish and Gel Nail Polish Online",,JPN,72,29460,2026-06-01T17:14:33.27695751Z,"['AddThis', 'AddThis for Wordpress', 'Adult Content', 'Alternate Protocol', 'Amazon CloudFront', 'Apps4BigCommerce', 'BigCommerce', 'CloudFront', 'Cloudflare', 'Cloudflare CDN', 'Coming Soon Page', 'Express', 'Fireblade', 'FormSubmit', 'Google', 'Google Analytics', 'Google Cloud CDN', 'Google Cloud DNS', 'Google Font API', 'Google Related Website Sites', 'Google Tag Manager', 'Instagram Follow Button', 'MailChimp', 'Material Design Icons', 'QUIC', 'Site.pro', 'Smile IO', 'Swell Rewards', 'Tawk', 'UTF-8', 'Yotpo', 'route']"
youngstowncoffee.com,Youngstown Coffee Company – Youngstown Coffee Co.,,VAT,77,19234,2026-06-01T14:56:32.481758321Z,"['AJAX Libraries API', 'Apture Linking Platform', 'Aruba', 'Cloudflare', 'Cloudflare CDN', 'Express', 'Google Cloud DNS', 'Google Font API', 'Helpful Crowd', 'Heroku', 'IcoMoon', 'Microdata for Google Shopping', 'Negate', 'Newsletter for Wordpress', 'PHP', 'POWr', 'Privy', 'Schema Plugin', 'Shopify', 'Shopify Collabs', 'Smile IO', 'UTF-8', 'eLand', 'hCaptcha', 'jQuery', 'reCAPTCHA']"
hellopure.com.au,Organic Coconut Products & Health Food Store | Hello Pure,,,67,68535,2026-06-01T14:50:28.41064726Z,"['AWS WAF Challenge', 'Afterpay', 'App Store', 'Apture Linking Platform', 'ArvanCloud', 'CDN JS', 'Cloudflare', 'Cloudflare CDN', 'Digital Ocean Spaces', 'Express', 'Google Analytics', 'Google My Business', 'Google Play', 'Google Related Website Sites', 'Google Tag Manager', 'Heroku', 'IcoMoon', 'Instagram Follow Button', 'Microdata for Google Shopping', 'NFOrce Internet', 'Omnisend', 'QUIC', 'Schema Plugin', 'Shopify', 'Shopify Collabs', 'Smile IO', 'Thank You', 'UTF-8', 'hCaptcha', 'iAPPS', 'jsDelivr', 'reCAPTCHA']"
wonderfuluuu.com,Wonderful products,Wonderful products,CHN,65,59877,2026-06-01T13:57:02.521110584Z,"['17TRACK', 'Alternate Protocol', 'Amazon WAF Blocked', 'Apture Linking Platform', 'Cloudflare', 'Cloudflare CDN', 'Microdata for Google Shopping', 'QUIC', 'SMC', 'Shopify', 'Shopify Collabs', 'Smile IO', 'Tailwind CSS', 'To Top', 'UTF-8', 'hCaptcha', 'reCAPTCHA']"
matakh.com.my,Matakh – Matakh.my,Matakh.my,SGP,72,10185,2026-06-01T13:37:45.836303709Z,"['Apture Linking Platform', 'Cloudflare', 'Cloudflare CDN', 'Google Related Website Sites', 'IcoMoon', 'Microdata for Google Shopping', 'QUIC', 'Shipping Rates Calculator', 'Shopify', 'Shopify Collabs', 'Smile IO', 'UTF-8', 'eLand', 'hCaptcha', 'reCAPTCHA']"
lovemedobaby.com,Toronto Baby Boutique - Love Me Do Baby & Maternity,,USA,62,14153,2026-06-01T12:48:07.561713707Z,"['Apture Linking Platform', 'CDN JS', 'Cloudflare', 'Cloudflare CDN', 'Express', 'GitHub Hosting', 'Google Analytics', 'Google Cloud DNS', 'Google Cloud Storage', 'Google Maps', 'Google My Business', 'Google Tag Manager', 'Instagram Follow Button', 'Klaviyo', 'QUIC', 'Shopify', 'Shopify Collabs', 'Smile IO', 'Tagembed', 'Twitter Ads', 'UTF-8', 'Wisepops', 'hCaptcha', 'reCAPTCHA']"
salt-pine.com,Salt and Pine – Salt+Pine Shop,Salt+Pine Shop,USA,82,11316,2026-06-01T12:40:45.805270052Z,"['Apture Linking Platform', 'Cloudflare', 'Cloudflare CDN', 'Coming Soon Page', 'Express', 'Fastly', 'Google My Business', 'Instagram Follow Button', 'Microdata for Google Shopping', 'QUIC', 'Schema Plugin', 'Shopify', 'Shopify Collabs', 'Smile IO', 'UTF-8', 'hCaptcha', 'reCAPTCHA']"
jelly-blue.com,JellyBlue - Perfectly Reproduce The True Sound,JellyBlue,CHN,77,41897,2026-06-01T11:21:23.52692169Z,"['3 Products', 'Amazon CloudFront', 'Apture Linking Platform', 'CloudFront', 'Cloudflare', 'Cloudflare CDN', 'Express', 'Google My Business', 'Google Related Website Sites', 'Mapp', 'Microdata for Google Shopping', 'NFOrce Internet', 'QUIC', 'Secomapp', 'Shopify', 'Shopify Collabs', 'Smile IO', 'Tailwind CSS', 'Thank You', 'UTF-8', 'hCaptcha', 'reCAPTCHA']"
eatfresh.sg,Eat Fresh SG | Fresh Fruits Delivery Singapore | Premium Fruits,Eat Fresh SG,SGP,82,46109,2026-06-01T11:16:43.868267605Z,"['Amazon', 'Amazon WAF Blocked', 'Apture Linking Platform', 'Back in Stock', 'Cloudflare', 'Cloudflare CDN', 'Express', 'Fancybox for WordPress', 'FormSubmit', 'GetResponse', 'Google Related Website Sites', 'Instagram Follow Button', 'Microdata for Google Shopping', 'OptiMonk', 'PageFly', 'Privy', 'QUIC', 'Shopify', 'Shopify Collabs', 'Smile IO', 'Squid', 'The Fresh', 'UTF-8', 'hCaptcha', 'jQuery', 'reCAPTCHA']"
buzzoms.com,Buzzoms I Ditch the Bra,,,72,12945,2026-06-01T10:49:44.843401682Z,"['Apture Linking Platform', 'Cloudflare', 'Cloudflare CDN', 'Express', 'Google Related Website Sites', 'IcoMoon', 'Instagram Follow Button', 'Kiwi Sizing', 'Klaviyo', 'Microdata for Google Shopping', 'QUIC', 'Shopify', 'Shopify Collabs', 'Smile IO', 'UTF-8', 'YouTube', 'hCaptcha', 'reCAPTCHA']"
theholisticmummy.co.uk,The Holistic Mummy,The Holistic Mummy,,65,9117,2026-06-01T10:28:17.427664815Z,"['Apture Linking Platform', 'Cloudflare', 'Cloudflare CDN', 'Express', 'Financial Services Guide', 'Instagram Follow Button', 'MailChimp', 'Microdata for Google Shopping', 'Shopify', 'Shopify Collabs', 'Smile IO', 'UTF-8', 'hCaptcha', 'reCAPTCHA']"
andrealeighdesigns.com,Andrea Leigh Designs,Andrea Leigh Designs,,70,18945,2026-06-01T10:17:30.668211012Z,"['Amazon', 'Amazon CloudFront', 'Apture Linking Platform', 'CloudFront', 'Cloudflare', 'Cloudflare CDN', 'Express', 'Fastly', 'IcoMoon', 'Instagram Follow Button', 'Klaviyo', 'MailChimp', 'Microdata for Google Shopping', 'NFOrce Internet', 'Privy', 'QUIC', 'Shopify', 'Shopify Collabs', 'Smile IO', 'Thank You', 'UTF-8', 'hCaptcha', 'jsDelivr', 'reCAPTCHA']"
herbalmill.com,Millennium Herbal Care - Assurance of Natural Health – Millennium Herbal Care Limited,Millennium Herbal Care Limited,VAT,82,27765,2026-06-01T10:02:18.038924717Z,"['AJAX Libraries API', 'Apture Linking Platform', 'Aruba', 'Cloudflare', 'Cloudflare CDN', 'DAV', 'Fireblade', 'GoKwik', 'Google Cloud DNS', 'Instagram Follow Button', 'Microdata for Google Shopping', 'QUIC', 'ShareThis', 'Shopify', 'Shopify Collabs', 'Smile IO', 'Tailwind CSS', 'Tidio', 'UTF-8', 'eLand', 'hCaptcha', 'jQuery', 'reCAPTCHA']"
insanitysamples.com,Insanity Samples,Insanity Samples,USA,82,13169,2026-06-01T09:46:45.306344079Z,"['Alternate Protocol', 'Apture Linking Platform', 'Cloudflare', 'Cloudflare CDN', 'Express', 'Google My Business', 'Google Related Website Sites', 'Heroku', 'Instagram Follow Button', 'MailChimp', 'Microdata for Google Shopping', 'NFOrce Internet', 'OptiMonk', 'Pixelpop', 'QUIC', 'Shopify', 'Shopify Collabs', 'Smile IO', 'Tailwind CSS', 'Thank You', 'UTF-8', 'YouTube', 'eLand', 'hCaptcha', 'reCAPTCHA']"
biblicalbeard.com,Bay Area Beard Company,Bay Area Beard Company,VAT,87,19405,2026-06-01T08:54:42.262373499Z,"['Apture Linking Platform', 'Aruba', 'Cloudflare', 'Cloudflare CDN', 'Express', 'Fastly', 'GoAffPro', 'Google Related Website Sites', 'Instagram Follow Button', 'Investor Relations', 'Microdata for Google Shopping', 'NFOrce Internet', 'QUIC', 'Schema Plugin', 'Shopify', 'Shopify Collabs', 'Shopify Payments', 'Smile IO', 'Thank You', 'To Top', 'UTF-8', 'Vector Internet Services', 'eLand', 'hCaptcha', 'reCAPTCHA']"
cassianodesigns.com,Cassiano Designs,,,45,2071,2026-06-01T08:32:41.171776458Z,"['Amazon', 'Amazon WAF Blocked', 'Apture Linking Platform', 'Azure Edge', 'Cloudflare', 'Cloudflare CDN', 'Cowlendar', 'Fastly', 'Google', 'Google Cloud DNS', 'Google Font API', 'Google Related Website Sites', 'Instagram Follow Button', 'Microsoft Azure Verified CDN', 'NFOrce Internet', 'Perl', 'Shopify', 'Shopify Collabs', 'Smile IO', 'Thank You', 'UTF-8', 'hCaptcha', 'reCAPTCHA']"
bensbiltong.com,WELCOME TO THE BEST PLACE TO BUY BILTONG ONLINE – Ben's Biltong,,GBR,72,10617,2026-06-01T04:59:13.538414299Z,"['Apture Linking Platform', 'Cloudflare', 'Cloudflare CDN', 'Express', 'Google My Business', 'Instagram Follow Button', 'MailMunch', 'Microdata for Google Shopping', 'NFOrce Internet', 'Schema Plugin', 'Shopify', 'Shopify Collabs', 'Smile IO', 'Tailwind CSS', 'Thank You', 'UTF-8', 'hCaptcha', 'reCAPTCHA']"
vjvapours.com,VJ Vapours,,JAM,72,24877,2026-06-01T04:33:23.353008065Z,"['AJAX Libraries API', 'Amazon', 'Amazon CloudFront', 'Amazon S3 CDN', 'Amazon WAF Blocked', 'Apture Linking Platform', 'CloudFront', 'Cloudflare', 'Cloudflare CDN', 'ECSHOP', 'Express', 'Fastly CDN', 'Google Cloud DNS', 'Google My Business', 'Heroku', 'Instagram Follow Button', 'Microdata for Google Shopping', 'Rivo Loyalty', 'Schema Plugin', 'Share Link', 'Shopify', 'Shopify Collabs', 'Shopify Payments', 'Smile IO', 'Storyblocks', 'Tailwind CSS', 'Triggered Messaging', 'UTF-8', 'hCaptcha', 'reCAPTCHA']"
nativegrace.com.au,Native Grace - Native Nursery | Landscape Design | Installation,Native Grace,AUS,77,14055,2026-06-01T03:30:24.268837846Z,"['Apture Linking Platform', 'Cloudflare', 'Cloudflare CDN', 'Express', 'Fastly', 'Google Maps', 'Google My Business', 'Google Related Website Sites', 'IcoMoon', 'Instagram Follow Button', 'MailChimp', 'Microdata for Google Shopping', 'Oddle', 'POWr', 'Shopify', 'Shopify Collabs', 'Smile IO', 'UTF-8', 'eLand', 'hCaptcha', 'reCAPTCHA']"
radacollab.com,RADA COLLAB | RADA COLLAB,RADA COLLAB,PHL,92,82115,2026-06-01T03:10:59.282222177Z,"['AJAX Libraries API', 'Amazon', 'Amazon CloudFront', 'Amazon S3 CDN', 'Apture Linking Platform', 'Aruba', 'CDN JS', 'Care Cart', 'CloudFront', 'Cloudflare', 'Cloudflare CDN', 'Digital Ocean Spaces', 'Express', 'Financial Services Guide', 'Fireblade', 'GitHub Hosting', 'Google Cloud DNS', 'Google Cloud Storage', 'Heroku', 'IcoMoon', 'Instagram Follow Button', 'KVH', 'Kinsta', 'Mapp', 'Microdata for Google Shopping', 'POWr', 'Perl', 'Pixelpop', 'QUIC', 'Secomapp', 'Shipping Rates Calculator', 'Shopify', 'Shopify Collabs', 'Shopify Payments', 'Smile IO', 'Storyblocks', 'Thank You', 'Twitter Ads', 'UTF-8', 'Vercel', 'YouTube', 'eLand', 'hCaptcha', 'jQuery', 'reCAPTCHA']"
sherwoodtractorparts.com,"Sherwood Tractor Parts | Mahindra, Bad Boy Mowers, Roxor, Cub Cadet",,VAT,87,112720,2026-06-01T01:48:27.397986124Z,"['501c3 Status Nonprofit', 'Alternate Protocol', 'Amazon WAF Blocked', 'Apture Linking Platform', 'Aruba', 'Cart.com', 'Cloudflare', 'Cloudflare CDN', 'Express', 'Fastly', 'Google Cloud DNS', 'Google Cloud Storage', 'Google Related Website Sites', 'Heroku', 'IcoMoon', 'Instagram Follow Button', 'KVH', 'Microdata for Google Shopping', 'NFOrce Internet', 'Newsletter for Wordpress', 'PageFly', 'QUIC', 'SMSBump', 'Shopify', 'Shopify Collabs', 'Smile IO', 'Thank You', 'TrackingMore', 'UTF-8', 'YouTube', 'eLand', 'hCaptcha', 'reCAPTCHA']"
ricky.com,Sex Toys & Vibrators from Ricky Rabbit | Official Ricky®,Ricky,GBR,77,55277,2026-06-01T01:48:27.383260112Z,"['AJAX Libraries API', 'Amazon CloudFront', 'Apture Linking Platform', 'CloudFront', 'Cloudflare', 'Cloudflare CDN', 'Facebook Conversion Tracking', 'Facebook Login', 'Facebook Messenger Platform', 'Facebook Pixel', 'Facebook Reseller', 'Facebook Tag API', 'Google Analytics', 'Google Cloud DNS', 'Google My Business', 'Google Related Website Sites', 'Google Tag Manager', 'Hotjar', 'Instagram Follow Button', 'MailChimp', 'Microdata for Google Shopping', 'Quantcast Direct', 'Rebuy', 'Shopify', 'Shopify Collabs', 'Smile IO', 'Storyblocks', 'Twitter Ads', 'UTF-8', 'hCaptcha', 'iAPPS', 'reCAPTCHA']"
retailbyhaleswholesale.com,Retail by Hales,Retail by Hales,ISR,72,66817,2026-06-01T01:04:55.031764703Z,"['Apture Linking Platform', 'Cloudflare', 'Cloudflare CDN', 'Cowlendar', 'Express', 'Fastly', 'GoAffPro', 'Google Related Website Sites', 'IcoMoon', 'Instagram Follow Button', 'Microdata for Google Shopping', 'NFOrce Internet', 'QUIC', 'SMC', 'Shopify', 'Shopify Collabs', 'Shopify Payments', 'Smile IO', 'Thank You', 'UTF-8', 'YouTube', 'hCaptcha', 'reCAPTCHA', 'route']"
californiatoolsandequipment.com,Construction Equipment Store | Construction Tools for Sale,California Tools And Equipment ,,67,136718,2026-06-01T00:32:10.719299506Z,"['AJAX Libraries API', 'AWS WAF Challenge', 'Alternate Protocol', 'Amazon CloudFront', 'Amped', 'Apture Linking Platform', 'Aruba', 'Attentive', 'Bing Cashback', 'Bing Conversion Tracking', 'BunnyCDN General', 'CDN JS', 'CloudFront', 'Cloudflare', 'Cloudflare CDN', 'Coming Soon Page', 'DAV', 'Fancybox for WordPress', 'Fireblade', 'Font Awesome', 'GetResponse', 'Google Analytics', 'Google Cloud DNS', 'Google Cloud Storage', 'Google Maps', 'Google My Business', 'Google Recommendations AI', 'Google Related Website Sites', 'Google Tag Manager', 'Heap', 'Heroku', 'IcoMoon', 'Icons8', 'Klaviyo', 'Microdata for Google Shopping', 'Microsoft Clarity', 'NFOrce Internet', 'Newsletter for Wordpress', 'PageFly', 'Perl', 'QUIC', 'Rollbar', 'Shopify', 'Shopify Collabs', 'Shopify Payments', 'Smile IO', 'Stamped', 'Swell Rewards', 'TrackingMore', 'UTF-8', 'Vercel', 'Weglot', 'Yotpo', 'Yottaa', 'Zendesk Embeddables', 'eLand', 'hCaptcha', 'jQuery', 'reCAPTCHA']"
greenbubblegorgeous.com,Green Bubble Gorgeous,,,62,43704,2026-05-31T23:57:41.042454889Z,"['Apture Linking Platform', 'Bold Commerce', 'Cloudflare', 'Cloudflare CDN', 'Dollar Donation Club', 'Express', 'FareHarbor', 'Google Analytics', 'Google Cloud DNS', 'Google Maps', 'Google My Business', 'Google Related Website Sites', 'Google Tag Manager', 'Harbor', 'IcoMoon', 'Instagram Follow Button', 'Microdata for Google Shopping', 'QUIC', 'Schema Plugin', 'Shopify', 'Shopify Collabs', 'Shopify Payments', 'ShoppingGives', 'Smile IO', 'The Fresh', 'UTF-8', 'YouTube', 'hCaptcha', 'reCAPTCHA']"
pearlboutique.com.au,Court & Spark Boutique,Court &amp; Spark Boutique,,67,72905,2026-05-31T23:40:32.735340299Z,"['AJAX Libraries API', 'Adult Content', 'Afterpay', 'Alternate Protocol', 'Amazon', 'Amazon CloudFront', 'Apture Linking Platform', 'Aruba', 'CDN JS', 'CloudFront', 'Cloudflare', 'Cloudflare CDN', 'Create React App', 'Express', 'Facebook Reseller', 'Google Analytics', 'Google Cloud DNS', 'Google Font API', 'Google Related Website Sites', 'Google Tag Manager', 'Gorgias', 'IcoMoon', 'Instagram Follow Button', 'Klaviyo', 'Microdata for Google Shopping', 'Oribi Analytics', 'PHP', 'Pleroma', 'QUIC', 'Shopify', 'Shopify Collabs', 'Smile IO', 'Tailwind CSS', 'UTF-8', 'VWO Engage', 'Visual Website Optimizer', 'eLand', 'hCaptcha', 'iAPPS', 'reCAPTCHA']"
aislingchou.co.uk,Aisling Chou Studio,,,45,1260,2026-05-31T22:12:40.309078562Z,"['Apture Linking Platform', 'Cloudflare', 'Cloudflare CDN', 'Fastly', 'Google Related Website Sites', 'Instagram Follow Button', 'Omnisend', 'Reputon', 'Shopify', 'Shopify Collabs', 'Smile IO', 'UTF-8', 'hCaptcha', 'reCAPTCHA']"
igdsport.com,iGD Sport | Compression Wear Made for Athletes – IGD Sport,,USA,77,27763,2026-05-31T21:54:02.712415482Z,"['Alternate Protocol', 'Apture Linking Platform', 'Aruba', 'Cloudflare', 'Cloudflare CDN', 'Coming Soon Page', 'Daily Deals', 'Fastly', 'Font Awesome', 'Google Cloud DNS', 'Google Cloud Storage', 'Google Related Website Sites', 'Hotjar', 'IcoMoon', 'Instagram Follow Button', 'Klaviyo', 'Microdata for Google Shopping', 'Microsoft Clarity', 'Onyx Internet', 'PHP', 'QUIC', 'Schema Plugin', 'Shopify', 'Shopify Collabs', 'Shopify Payments', 'SiteW', 'Smile IO', 'Tailwind CSS', 'To Top', 'Twitter Ads', 'UTF-8', 'YouTube', 'eLand', 'hCaptcha', 'reCAPTCHA']"
truebites.co.uk,Buy Meat Online | True Bites Family Butchers,True Bites Family Butchers,CAN,77,12825,2026-05-31T20:38:51.099707923Z,"['Apture Linking Platform', 'Cloudflare', 'Cloudflare CDN', 'Content Delivery Network', 'Google Related Website Sites', 'IcoMoon', 'Instagram Follow Button', 'Klaviyo', 'Microdata for Google Shopping', 'Pico CSS', 'QUIC', 'Shopify', 'Shopify Collabs', 'Smile IO', 'Twitter Ads', 'UTF-8', 'YouTube', 'hCaptcha', 'reCAPTCHA']"
emilypoppellwelljewellery.com,Emily Poppellwell Jewellery,,VAT,82,9585,2026-05-31T20:28:59.677992131Z,"['Alternate Protocol', 'Apture Linking Platform', 'Aruba', 'Cloudflare', 'Cloudflare CDN', 'Express', 'Google Cloud DNS', 'Google Font API', 'IcoMoon', 'Instagram Follow Button', 'Microdata for Google Shopping', 'Shopify', 'Shopify Collabs', 'Shopify Payments', 'Smile IO', 'UTF-8', 'eLand', 'hCaptcha', 'reCAPTCHA']"
goldbubble.clothing,Fashion Your Fandom – Pop Galaxy Clothing,Pop Galaxy Clothing ,VAT,82,14926,2026-05-31T18:56:14.220230459Z,"['Apture Linking Platform', 'Aruba', 'Cloudflare', 'Cloudflare CDN', 'Coming Soon Page', 'Express', 'Fastly', 'Google Cloud DNS', 'Google Cloud Storage', 'IcoMoon', 'Instagram Follow Button', 'Kiwi Sizing', 'MailerLite', 'Microdata for Google Shopping', 'NFOrce Internet', 'PHP', 'QUIC', 'Shipping Rates Calculator', 'Shopify', 'Shopify Collabs', 'Shopify Payments', 'Smile IO', 'Tailwind CSS', 'Thank You', 'Twitter Ads', 'UTF-8', 'eLand', 'hCaptcha', 'reCAPTCHA']"
noireblanc.ca,NoireBlanc activewear – noireblanc,noireblanc,VAT,77,72288,2026-05-31T17:57:50.59733693Z,"['Amazon WAF Blocked', 'Apture Linking Platform', 'Aruba', 'Cloudflare', 'Cloudflare CDN', 'Coming Soon Page', 'DC74', 'Envoy', 'Express', 'Google Related Website Sites', 'Instagram Follow Button', 'Klaviyo', 'Loop Returns', 'Microdata for Google Shopping', 'PHP', 'Perl', 'QUIC', 'SMC', 'Shopify', 'Shopify Collabs', 'Smile IO', 'UTF-8', 'eLand', 'hCaptcha', 'reCAPTCHA']"
misterrobinson.co,"Wax Seal Stamps, Wax Beads & Journaling Accessories – misterrobinson",,SGP,82,11196,2026-05-31T17:44:27.556641295Z,"['Apture Linking Platform', 'Cloudflare', 'Cloudflare CDN', 'Express', 'Google Analytics', 'Google Related Website Sites', 'Google Tag Manager', 'Instagram Follow Button', 'Microdata for Google Shopping', 'NFOrce Internet', 'Newsletter for Wordpress', 'PHP', 'QUIC', 'Shopify', 'Shopify Collabs', 'Shopify Payments', 'Smile IO', 'Tailwind CSS', 'Thank You', 'UTF-8', 'eLand', 'hCaptcha', 'reCAPTCHA']"
lingscosmetics.com,Ling's Cosmetics,,USA,72,111985,2026-05-31T17:44:27.555970053Z,"['Alternate Protocol', 'Amazon', 'Amazon CloudFront', 'Amazon WAF Blocked', 'Apture Linking Platform', 'Azure Edge', 'CloudFront', 'Cloudflare', 'Cloudflare CDN', 'ECSHOP', 'Express', 'Fastly CDN', 'Fireblade', 'Google', 'Google Cloud DNS', 'Google Maps', 'Google My Business', 'IcoMoon', 'Instagram Follow Button', 'Mapp', 'Microdata for Google Shopping', 'Microsoft Azure Verified CDN', 'PHP', 'Perl', 'QUIC', 'Secomapp', 'Share Link', 'Shopify', 'Shopify Collabs', 'Shopify Payments', 'Smile IO', 'Tailwind CSS', 'Twitter Ads', 'UTF-8', 'YouTube', 'hCaptcha', 'iAPPS', 'jsDelivr', 'reCAPTCHA']"
rapidloss.cn,Weight Loss Shakes & Meal Replacement Shakes Australia | Rapid Loss®,,,62,128657,2026-05-31T17:15:04.648705173Z,"['Amazon CloudFront', 'AppNexus Direct', 'Apture Linking Platform', 'CloudFront', 'Cloudflare', 'Cloudflare CDN', 'Express', 'GetResponse', 'Google Analytics', 'Google My Business', 'Google Related Website Sites', 'Google Tag Manager', 'IcoMoon', 'Instagram Follow Button', 'K2F', 'Klaviyo', 'Mapp', 'Microdata for Google Shopping', 'Microsoft Clarity', 'NFOrce Internet', 'OSS CDN', 'Pinterest Conversion Tracking', 'QUIC', 'RM Education', 'SMC', 'Schema Plugin', 'Secomapp', 'Shopify', 'Shopify Collabs', 'Shopify Payments', 'Smile IO', 'Subversion', 'Tailwind CSS', 'Thank You', 'UTF-8', 'Visx', 'hCaptcha', 'reCAPTCHA']"
fantasylinen.com,"Women Clothes,Casual handmade Dresses,Fashion Linen Plus Maxi Clothing– FantasyLinen",,CHN,72,50345,2026-05-31T16:37:18.373538151Z,"['Adult Content', 'Apture Linking Platform', 'Cloudflare', 'Cloudflare CDN', 'Google Cloud DNS', 'Google Font API', 'Google My Business', 'Google Related Website Sites', 'IcoMoon', 'Instagram Follow Button', 'MailChimp', 'QUIC', 'Shopify', 'Shopify Collabs', 'Smile IO', 'Twitter Ads', 'UTF-8', 'YouTube', 'hCaptcha', 'iAPPS', 'reCAPTCHA', 'shadcn ui']"
marigoldgrey.com,Marigold & Grey | Curated Gift Boxes for Work + Life,Marigold &amp; Grey ,PHL,82,78474,2026-05-31T16:28:08.820348319Z,"['AJAX Libraries API', 'Amazon', 'Amazon CloudFront', 'Amped', 'Apture Linking Platform', 'AudioEye', 'BunnyCDN General', 'CloudFront', 'Cloudflare', 'Cloudflare CDN', 'ElementUI', 'Express', 'Font Awesome', 'Google Analytics', 'Google Cloud DNS', 'Google Font API', 'Google Related Website Sites', 'Google Tag Manager', 'Instagram Follow Button', 'Klaviyo', 'Microdata for Google Shopping', 'Olark', 'POWr', 'Rise.ai', 'SMC', 'Shifter', 'Shopify', 'Shopify Collabs', 'Smile IO', 'SnapWidget', 'Stamped', 'Subversion', 'Tailwind CSS', 'UTF-8', 'YouTube', 'Zapiet', 'hCaptcha', 'jQuery', 'reCAPTCHA', 'route']"
devkind.com.au,Web Application Development in Melbourne | Devkind,,AUS,87,13733,2026-05-31T15:13:35.465276341Z,"['Angular', 'Calendly', 'Content Delivery Network', 'Digital Ocean Spaces', 'ElementUI', 'Next.js', 'Pleroma', 'QUIC', 'Slack', 'Smile IO', 'UTF-8', 'Vector Internet Services', 'Vercel']"
theparisianhostess.com,The Parisian Hostess Apothecary,,,67,49745,2026-05-31T14:53:32.193869673Z,"['AWS WAF Challenge', 'Accelerated Mobile Pages', 'AdRoll', 'Alternate Protocol', 'Amazon WAF Blocked', 'Apture Linking Platform', 'Azure Edge', 'Cloudflare', 'Cloudflare CDN', 'Express', 'Fancy', 'Google My Business', 'Google Recommendations AI', 'Google Related Website Sites', 'Instagram Follow Button', 'MailMunch', 'Metricool', 'Microdata for Google Shopping', 'Microsoft Azure Verified CDN', 'Perl', 'Proof', 'QUIC', 'Schema Plugin', 'Shopify', 'Shopify Collabs', 'Shopify Payments', 'Smile IO', 'Tailwind CSS', 'Twitter Ads', 'UTF-8', 'Weglot', 'YouTube', 'hCaptcha', 'reCAPTCHA']"
revautocarcare.com,Premium car care products for the enthusiast – REV Auto,REV Auto,,72,102873,2026-05-31T13:27:34.472275243Z,"['Amazon CloudFront', 'Apture Linking Platform', 'Care Cart', 'Cart.com', 'CloudFront', 'Cloudflare', 'Cloudflare CDN', 'Express', 'Fastly', 'Fireblade', 'Google Related Website Sites', 'Instagram Follow Button', 'MailChimp', 'Microdata for Google Shopping', 'No-Q', 'POWr', 'QUIC', 'Shopify', 'Shopify Collabs', 'Smile IO', 'UTF-8', 'YouTube', 'hCaptcha', 'reCAPTCHA']"
jacbd.com,Johnny Apple CBD,,,52,6658,2026-05-31T12:56:41.270464411Z,"['AWS WAF Challenge', 'Apture Linking Platform', 'Bold Commerce', 'Cloudflare', 'Cloudflare CDN', 'Express', 'Google Cloud DNS', 'Google Cloud Storage', 'Heroku', 'IcoMoon', 'Instagram Follow Button', 'KVH', 'PWA', 'QUIC', 'Shopify', 'Shopify Collabs', 'Smile IO', 'Swell Rewards', 'Thank You', 'TrustSpot', 'UTF-8', 'hCaptcha', 'reCAPTCHA']"
grumpygarys.com,Grumpy Gary’s Sauces | Australian Made – Grumpy Gary's,Grumpy Gary&#39;s,,67,34995,2026-05-31T10:53:15.917993107Z,"['Afterpay', 'Apture Linking Platform', 'Cloudflare', 'Cloudflare CDN', 'Express', 'FreeCSSTemplates', 'Google Cloud DNS', 'Google Font API', 'Google Related Website Sites', 'Instagram Follow Button', 'KVH', 'Klaviyo', 'Microdata for Google Shopping', 'POWr', 'Privy', 'QUIC', 'Shopify', 'Shopify Collabs', 'Smile IO', 'Storyblocks', 'Swell Rewards', 'UTF-8', 'Yotpo', 'hCaptcha', 'jQuery', 'jsDelivr', 'reCAPTCHA']"
greatlakesworkwear.com,Great Lakes Work Wear | Specializing in Work Clothes and Work Boots,,,82,26905,2026-05-31T08:07:54.920550508Z,"['Apture Linking Platform', 'Cloudflare', 'Cloudflare CDN', 'Express', 'Facebook Pixel', 'Google', 'Google Cloud DNS', 'Google Maps', 'Google My Business', 'Google Related Website Sites', 'HubSpot Conversations', 'Hubspot', 'IcoMoon', 'Klaviyo', 'Microdata for Google Shopping', 'NFOrce Internet', 'Ntent', 'QUIC', 'Shopify', 'Shopify Collabs', 'Smile IO', 'Thank You', 'UTF-8', 'hCaptcha', 'jsDelivr', 'reCAPTCHA']"
lucentglassandart.com,Stained Glass Art Supplies and Workshops | Lucent Glass and Art,Lucent Glass,VAT,77,11297,2026-05-31T06:27:22.212881883Z,"['Amazon WAF Blocked', 'Apture Linking Platform', 'Aruba', 'CDN JS', 'Cloudflare', 'Cloudflare CDN', 'Google Analytics', 'Google Related Website Sites', 'Google Tag Manager', 'Instagram Follow Button', 'Microdata for Google Shopping', 'NFOrce Internet', 'Perl', 'QUIC', 'Shopify', 'Shopify Collabs', 'Smile IO', 'Thank You', 'UTF-8', 'YouTube', 'eLand', 'hCaptcha', 'reCAPTCHA']"
oeforgood.com,Oé - Buy organic wines made with zero pesticides. Certified B Corp.,Oé,USA,77,71031,2026-05-31T06:16:30.030313669Z,"['Affilae', 'Alternate Protocol', 'Amazon CloudFront', 'Apture Linking Platform', 'Bing Cashback', 'Bing Conversion Tracking', 'CloudFront', 'Cloudflare', 'Cloudflare CDN', 'Express', 'Google Analytics', 'Google Related Website Sites', 'Google Tag Manager', 'Hotjar', 'IcoMoon', 'Imgix', 'InitiativeS', 'Instagram Follow Button', 'Klaviyo', 'Microdata for Google Shopping', 'NFOrce Internet', 'QUIC', 'Shipup', 'Shopify', 'Shopify Collabs', 'Smile IO', 'Swell Rewards', 'Tally', 'Thank You', 'UTF-8', 'Vector Internet Services', 'Vignette OpenText', 'Wisepops', 'hCaptcha', 'jsDelivr', 'reCAPTCHA']"
roamhomegrown.com,American Express,ROAM Homegrown,,62,14067,2026-05-31T04:59:04.227405249Z,"['Apture Linking Platform', 'Cloudflare', 'Cloudflare CDN', 'Create React App', 'Express', 'Google Analytics', 'Google Related Website Sites', 'Google Tag Manager', 'IcoMoon', 'Instagram Follow Button', 'Klaviyo', 'Microdata for Google Shopping', 'POWr', 'Pleroma', 'Shopify', 'Shopify Collabs', 'Smile IO', 'Svelte', 'UTF-8', 'UpPromote', 'hCaptcha', 'reCAPTCHA']"
designerkidzboutique.co.uk,WELCOME TO DKB – Designer Kidz Boutique,Designer Kidz Boutique,VAT,77,51397,2026-05-31T03:17:23.383147122Z,"['Apture Linking Platform', 'Aruba', 'Cloudflare', 'Cloudflare CDN', 'Content Delivery Network', 'GetResponse', 'Google My Business', 'Google Related Website Sites', 'IcoMoon', 'Instagram Follow Button', 'Microdata for Google Shopping', 'PHP', 'QUIC', 'Shopify', 'Shopify Collabs', 'Smile IO', 'UTF-8', 'eLand', 'hCaptcha', 'iAPPS', 'reCAPTCHA']"
diamantescarves.com,Diamanté Scarves,,VAT,67,27845,2026-05-31T03:08:34.390549932Z,"['AWS WAF Challenge', 'Apture Linking Platform', 'Aruba', 'Cloudflare', 'Cloudflare CDN', 'Express', 'IcoMoon', 'Instagram Follow Button', 'Klaviyo', 'MailChimp', 'Privy', 'QUIC', 'Shopify', 'Shopify Collabs', 'Smile IO', 'UTF-8', 'eLand', 'hCaptcha', 'reCAPTCHA']"
jstressmall.com,Hair World,,,57,1008,2026-05-31T01:58:29.62420012Z,"['Amazon CloudFront', 'Apture Linking Platform', 'CloudFront', 'Cloudflare', 'Cloudflare CDN', 'Google My Business', 'IcoMoon', 'Instagram Follow Button', 'MailMunch', 'Microdata for Google Shopping', 'No-Q', 'POWr', 'QUIC', 'Schema Plugin', 'Shopify', 'Shopify Collabs', 'Smile IO', 'Tailwind CSS', 'UTF-8', 'YouTube', 'hCaptcha', 'reCAPTCHA']"
laselvabeachspice.com,La Selva Beach Spice. Quality all natural spices at fair prices.,La Selva Beach Spice,,82,42105,2026-05-31T01:05:37.696108727Z,"['AJAX Libraries API', 'Amazon', 'Amazon CloudFront', 'Apture Linking Platform', 'CDN JS', 'CloudFront', 'Cloudflare', 'Cloudflare CDN', 'Fastly', 'GoAffPro', 'Google', 'Google Analytics', 'Google Cloud DNS', 'Google Maps', 'Google My Business', 'Google Related Website Sites', 'Google Tag Manager', 'Instagram Follow Button', 'KVH', 'Klaviyo', 'Microdata for Google Shopping', 'NFOrce Internet', 'Pleroma', 'Privy', 'QUIC', 'Schema Plugin', 'Shopify', 'Shopify Collabs', 'Smile IO', 'Tailwind CSS', 'Thank You', 'UTF-8', 'hCaptcha', 'reCAPTCHA']"
exodus-beauty.com,Braids | Faux Locs | Wigs | Crochet Braids | Weaves – Exodus Beauty,,RUS,77,13817,2026-05-31T00:43:09.731482566Z,"['Alternate Protocol', 'Apture Linking Platform', 'CDN JS', 'Cloudflare', 'Cloudflare CDN', 'Fresha', 'Google', 'Google Cloud DNS', 'Google Cloud Storage', 'Google Font API', 'Google Maps', 'Instagram Follow Button', 'Microdata for Google Shopping', 'NFOrce Internet', 'Parcel', 'QUIC', 'Schema Plugin', 'Shopify', 'Shopify Collabs', 'Smile IO', 'Tailwind CSS', 'Twitter Ads', 'UTF-8', 'YouTube', 'hCaptcha', 'jQuery', 'reCAPTCHA']"
raggtattoo.com,Ragg Tattoo - A Children's Boutique,Ragg Tattoo,,72,11745,2026-05-31T00:43:09.726496487Z,"['Apture Linking Platform', 'Bulma', 'Cloudflare', 'Cloudflare CDN', 'Express', 'Fastly', 'Google Maps', 'Google My Business', 'Instagram Follow Button', 'Microdata for Google Shopping', 'SMSBump', 'Shopify', 'Shopify Collabs', 'Smile IO', 'Subversion', 'Tailwind CSS', 'UTF-8', 'Vimeo', 'hCaptcha', 'jQuery', 'reCAPTCHA']"
arrecifebeachwear.com,ARRECIFE – Arrecife,,PRI,72,16919,2026-05-30T23:56:48.602941979Z,"['Alternate Protocol', 'Apture Linking Platform', 'Cloudflare', 'Cloudflare CDN', 'Instagram Follow Button', 'Kiwi Sizing', 'Klaviyo', 'POWr', 'Perl', 'QUIC', 'Shopify', 'Shopify Collabs', 'Smile IO', 'UTF-8', 'Vector Internet Services', 'hCaptcha', 'reCAPTCHA']"
themakeupshack.com,The Makeup Shack,,PHL,72,11087,2026-05-30T23:13:45.913986337Z,"['3 Products', 'Afterpay', 'Alternate Protocol', 'Apture Linking Platform', 'Cloudflare', 'Cloudflare CDN', 'Google Related Website Sites', 'IcoMoon', 'Instagram API', 'Instagram Follow Button', 'MailChimp', 'Microdata for Google Shopping', 'POWr', 'PayPal', 'Perl', 'Privy', 'QUIC', 'Schema Plugin', 'Shopify', 'Shopify Collabs', 'Shopify Payments', 'SiteW', 'Smile IO', 'Tailwind CSS', 'Thank You', 'Twitter Ads', 'UTF-8', 'YouTube', 'hCaptcha', 'reCAPTCHA']"
risquemanufacturing.com,Risqué Designs | Footwear Co-Creation & Manufacturing | Workshops – Risqué Manufacturing,Risqué Manufacturing,GBR,77,10905,2026-05-30T22:53:12.181427708Z,"['Apture Linking Platform', 'Cloudflare', 'Cloudflare CDN', 'IcoMoon', 'Instagram Follow Button', 'Microdata for Google Shopping', 'PHP', 'PayPal', 'QUIC', 'Sharebutton Fonts', 'Shopify', 'Shopify Collabs', 'Shopify Payments', 'Smile IO', 'UTF-8', 'Vimeo', 'YouTube', 'Zakeke', 'eLand', 'hCaptcha', 'reCAPTCHA']"
homeygallery.com,Tuya® | Natural Sleep You Can Trust – HOMIE MARKETING SDN BHD 201801040657 (1302688-H),HOMIE MARKETING SDN BHD 201801040657 (1302688-H),,67,15020,2026-05-30T19:56:51.985952898Z,"['Adult Content', 'Amazon CloudFront', 'Apture Linking Platform', 'Aruba', 'CloudFront', 'Cloudflare', 'Cloudflare CDN', 'DAV', 'Fastly', 'Font Awesome', 'GoAffPro', 'Google Related Website Sites', 'IcoMoon', 'Instagram Follow Button', 'Microdata for Google Shopping', 'Oddle', 'Perl', 'QUIC', 'Shipping Rates Calculator', 'Shopify', 'Shopify Collabs', 'Smile IO', 'UTF-8', 'Vercel', 'eLand', 'hCaptcha', 'reCAPTCHA']"
chowhq.com.au,"ChowHQ | African, Nigerian Grocery Store in Australia",ChowHQ,AUS,82,10105,2026-05-30T19:40:53.294121623Z,"['Apture Linking Platform', 'Cloudflare', 'Cloudflare CDN', 'Express', 'Google Cloud DNS', 'Google Font API', 'Google Related Website Sites', 'IcoMoon', 'Instagram Follow Button', 'Microdata for Google Shopping', 'QUIC', 'Shopify', 'Shopify Collabs', 'Smile IO', 'Tailwind CSS', 'To Top', 'UTF-8', 'hCaptcha', 'reCAPTCHA']"
pavilionayurveda.com,Ayurveda Natural Wellbeing Herbs-OrganicTeas- Massage oils-Supplements – Pavilion Ayurveda,,,72,59469,2026-05-30T19:31:42.697165065Z,"['3 Products', 'Amazon CloudFront', 'Amazon S3 CDN', 'Apture Linking Platform', 'Baidu Cloud', 'BunnyCDN General', 'CloudFront', 'Cloudflare', 'Cloudflare CDN', 'Express', 'Fastly', 'Fireblade', 'GoAffPro', 'Google Analytics', 'Google Conversion Tracking', 'Google Related Website Sites', 'Google Tag Manager', 'Instagram Follow Button', 'KVH', 'Klaviyo', 'MailChimp', 'Microdata for Google Shopping', 'PHP', 'Perl', 'Plausible Analytics', 'QUIC', 'Share Link', 'Shopify', 'Shopify Collabs', 'Smile IO', 'Storyblocks', 'Swell Rewards', 'Twitter Ads', 'UTF-8', 'Yandex Hosting', 'Yotpo', 'YouTube', 'eLand', 'hCaptcha', 'reCAPTCHA', 'uPress']"
slonaturals.com,Slo Naturals - Natural Vegan Beauty Made in NZ,Slo Naturals ,SGP,77,19484,2026-05-30T18:55:55.604544565Z,"['Apture Linking Platform', 'Cloudflare', 'Cloudflare CDN', 'Coming Soon Page', 'Express', 'Google Related Website Sites', 'IcoMoon', 'Instagram Follow Button', 'Klaviyo', 'Microdata for Google Shopping', 'NFOrce Internet', 'QUIC', 'Shipping Rates Calculator', 'Shopify', 'Shopify Collabs', 'Shopify Payments', 'Smile IO', 'Tailwind CSS', 'Thank You', 'UTF-8', 'Vector Internet Services', 'YouTube', 'eLand', 'hCaptcha', 'reCAPTCHA']"
stashlounge.com,STASH LOUNGE Yarns and Accessories – STASH Lounge,STASH Lounge,,72,12705,2026-05-30T18:46:03.622402447Z,"['Amazon', 'Amazon CloudFront', 'Apture Linking Platform', 'CloudFront', 'Cloudflare', 'Cloudflare CDN', 'Express', 'Google Analytics', 'Google Forms', 'Google Maps', 'Google My Business', 'Google Related Website Sites', 'Google Tag Manager', 'IcoMoon', 'Instagram Follow Button', 'MailChimp', 'Microdata for Google Shopping', 'Shopify', 'Shopify Collabs', 'Smile IO', 'Tailwind CSS', 'UTF-8', 'YouTube', 'hCaptcha', 'reCAPTCHA']"
kultkid.co.uk,KULTKID® | Kids Premium Streetwear Clothing | Designer Childrenswear,,,62,72502,2026-05-30T18:34:26.565089355Z,"['3 Products', 'AJAX Libraries API', 'AWS WAF Challenge', 'Alternate Protocol', 'Amazon', 'Amazon CloudFront', 'Amped', 'Apture Linking Platform', 'Aruba', 'CloudFront', 'Cloudflare', 'Cloudflare CDN', 'Content Delivery Network', 'ElementUI', 'Elfsight', 'Express', 'Fancybox for WordPress', 'Font Awesome', 'Google Analytics', 'Google Cloud DNS', 'Google Font API', 'Google My Business', 'Google Related Website Sites', 'Google Tag Manager', 'Heroku', 'IcoMoon', 'Instagram Follow Button', 'Klaviyo', 'Microdata for Google Shopping', 'Oddle', 'POWr', 'Parcel', 'Pico CSS', 'Pleroma', 'QUIC', 'Schema Plugin', 'Shipping Rates Calculator', 'Shopify', 'Shopify Collabs', 'Shopify Payments', 'Smile IO', 'Stamped', 'Tailwind CSS', 'The Fresh', 'Trustpilot Reviews for WordPress', 'Twitter Ads', 'UTF-8', 'Zope', 'eLand', 'hCaptcha', 'reCAPTCHA']"
smokegem.com,"Best Online Smoke Shop - CBD, Delta, Kratom - Smokegem – SG Fulfillment Center",SG Fulfillment Center,USA,77,74506,2026-05-30T16:57:57.399963662Z,"['Amped', 'Apture Linking Platform', 'Cloudflare', 'Cloudflare CDN', 'Express', 'Font Awesome', 'Gem', 'Google', 'Google Cloud DNS', 'Google Font API', 'Google Related Website Sites', 'Instagram Follow Button', 'Klaviyo', 'MailMunch', 'Microdata for Google Shopping', 'NFOrce Internet', 'POWr', 'Prospective', 'QUIC', 'Shopify', 'Shopify Collabs', 'Smile IO', 'Stamped', 'Subversion', 'Thank You', 'The Fresh', 'UTF-8', 'hCaptcha', 'jQuery', 'reCAPTCHA', 'route']"
inchoobijoux.com,Inchoo Bijoux,Inchoo Bijoux,VAT,77,51136,2026-05-30T15:34:43.175541772Z,"['3 Products', 'AWS WAF Challenge', 'Alternate Protocol', 'Amazon CloudFront', 'Amazon WAF Blocked', 'Apture Linking Platform', 'Aruba', 'CloudFront', 'Cloudflare', 'Cloudflare CDN', 'Express', 'Fastly', 'Google Related Website Sites', 'Instagram Follow Button', 'Loop Returns', 'MailChimp', 'Microdata for Google Shopping', 'NFOrce Internet', 'Newsletter for Wordpress', 'Onyx Internet', 'PayPal', 'Perl', 'QUIC', 'Shopify', 'Shopify Collabs', 'Smile IO', 'Tailwind CSS', 'Thank You', 'To Top', 'UTF-8', 'Vector Internet Services', 'Zipify', 'eLand', 'hCaptcha', 'reCAPTCHA']"
arsaeusdesigns.com,Toronto Custom Wedding and Engagement Rings – Arsaeus Designs,Arsaeus Designs,VAT,87,21505,2026-05-30T14:05:21.799467456Z,"['Amazon CloudFront', 'Amazon WAF Blocked', 'Amped', 'Apture Linking Platform', 'Aruba', 'CloudFront', 'Cloudflare', 'Cloudflare CDN', 'Express', 'Google Customer Reviews', 'Google My Business', 'Google Related Website Sites', 'Instagram Follow Button', 'Microdata for Google Shopping', 'QUIC', 'Shopify', 'Shopify Collabs', 'Smile IO', 'Stamped', 'UTF-8', 'Vector Internet Services', 'eLand', 'hCaptcha', 'reCAPTCHA']"
avagracefashions.com,Women's Boutique Clothing Shop | Ava Grace Fashions,,,87,12015,2026-05-30T13:24:28.287209355Z,"['Apture Linking Platform', 'Cloudflare', 'Cloudflare CDN', 'Django Language', 'Express', 'Google Related Website Sites', 'IcoMoon', 'Instagram Follow Button', 'Microdata for Google Shopping', 'NFOrce Internet', 'Omnisend', 'QUIC', 'Shopify', 'Shopify Collabs', 'Smile IO', 'Tailwind CSS', 'Thank You', 'UTF-8', 'hCaptcha', 'reCAPTCHA']"
rockawaygypsea.com,Salt and Sparkle,,,57,9458,2026-05-30T13:14:18.29271187Z,"['Amazon CloudFront', 'Apture Linking Platform', 'Aruba', 'CloudFront', 'Cloudflare', 'Cloudflare CDN', 'Fastly', 'Fireblade', 'GoAffPro', 'Google Cloud DNS', 'Google Font API', 'Google Related Website Sites', 'Heroku', 'Instagram Follow Button', 'Klaviyo', 'MailerLite', 'NFOrce Internet', 'QUIC', 'Shopify', 'Shopify Collabs', 'Smile IO', 'Subversion', 'Thank You', 'UTF-8', 'Umbler', 'eLand', 'hCaptcha', 'reCAPTCHA']"
pppigments.com,Pearls Powders and Pigments,,,62,11947,2026-05-30T13:06:15.77269436Z,"['Apture Linking Platform', 'Cloudflare', 'Cloudflare CDN', 'DAV', 'Express', 'Facebook Login', 'Facebook Reseller', 'Fancybox for WordPress', 'Google Cloud DNS', 'Google Font API', 'IcoMoon', 'MaxCDN', 'Microsoft Ajax Content Delivery Network', 'POWr', 'QUIC', 'Shopify', 'Shopify Collabs', 'Smile IO', 'Tailwind CSS', 'UTF-8', 'hCaptcha', 'reCAPTCHA']"
owlenvy.co,OwlEnvy - Passion Fashion to express your best self,,,62,17945,2026-05-30T13:01:57.694599441Z,"['17TRACK', 'Apture Linking Platform', 'AutoComplete', 'Cloudflare', 'Cloudflare CDN', 'Express', 'FastClick', 'Google My Business', 'IcoMoon', 'Instagram Follow Button', 'Microdata for Google Shopping', 'QUIC', 'RM Education', 'Schema Plugin', 'Share Link', 'Shopify', 'Shopify Collabs', 'Smile IO', 'Tailwind CSS', 'Twitter Ads', 'UTF-8', 'WhatsApp Sharing', 'hCaptcha', 'reCAPTCHA']"
amodiniclothing.com,"Shop for Women Kurtas, Suits, Kurtis & Dupattas Online in India – Amodini",Amodini,IND,82,32933,2026-05-30T12:48:08.02164284Z,"['AddThis for Wordpress', 'Apture Linking Platform', 'Chatra', 'Cloudflare', 'Cloudflare CDN', 'Facebook Conversion Tracking', 'Facebook Login', 'Facebook Messenger Platform', 'Facebook Pixel', 'Facebook Reseller', 'Facebook Tag API', 'Google', 'Google Analytics', 'Google Cloud DNS', 'Google Font API', 'Google Related Website Sites', 'Google Tag Manager', 'Instagram Follow Button', 'KVH', 'Microdata for Google Shopping', 'Shipping Rates Calculator', 'Shiprocket.co', 'Shopify', 'Shopify Collabs', 'Smile IO', 'UTF-8', 'hCaptcha', 'reCAPTCHA']"
shopifyforzendesk.com,Premium Apps for Zendesk & Shopify,,USA,72,652951,2026-05-30T12:36:34.632429827Z,"['Amped', 'Apture Linking Platform', 'Content Delivery Network', 'Elastic Path', 'Facebook Conversion Tracking', 'Facebook Login', 'Facebook Messenger Platform', 'Facebook Pixel', 'Facebook Reseller', 'Facebook Tag API', 'GitHub Hosting', 'Google Analytics', 'Google My Business', 'Google Tag Manager', 'Headless UI', 'LinkedIn Insights', 'LinkedIn Pixel', 'Microsoft Dynamics 365 Marketing', 'Netlify', 'Next.js', 'No-Q', 'Okendo', 'OpenAI', 'Pleroma', 'QUIC', 'Rivo Loyalty', 'SMC', 'Salesforce', 'Salesforce Experience Cloud', 'Salesforce Hosted', 'Shopify', 'Smile IO', 'Styled Components', 'Swell Rewards', 'Tailwind CSS', 'Twitter Ads', 'UTF-8', 'YouTube', 'Zendesk Embeddables', 'arsys.es', 'commercetools', 'shadcn ui']"
fitforaprincessbeauty.com,Fit For A Princess Beauty,Fit For A Princess Beauty,,67,23917,2026-05-30T12:19:08.995602836Z,"['AWS WAF Challenge', 'Adult Content', 'Apture Linking Platform', 'Cloudflare', 'Cloudflare CDN', 'Google Cloud DNS', 'Google Font API', 'Google My Business', 'Instagram Follow Button', 'Microdata for Google Shopping', 'QUIC', 'Shopify', 'Shopify Collabs', 'Smile IO', 'Tailwind CSS', 'Twitter Ads', 'UTF-8', 'YouTube', 'hCaptcha', 'reCAPTCHA']"
dagonfishing.com,"Fishing Shirts, Clothing, and Gear - Dagon Apparel Company",Dagon Apparel Company,GBR,82,23756,2026-05-30T12:00:47.786535162Z,"['Apture Linking Platform', 'CDN JS', 'Cloudflare', 'Cloudflare CDN', 'DC74', 'Fastly', 'Font Awesome', 'Google Analytics', 'Google Related Website Sites', 'Google Tag Manager', 'Instagram Follow Button', 'Klaviyo', 'Microdata for Google Shopping', 'NFOrce Internet', 'Shopify', 'Shopify Collabs', 'Smile IO', 'Thank You', 'UTF-8', 'Yandex Hosting', 'Zope', 'hCaptcha', 'jsDelivr', 'reCAPTCHA']"
jigsawz.net,"JiGSaWz, L.L.C.",,,67,29899,2026-05-30T10:28:52.281329925Z,"['Alternate Protocol', 'Amazon CloudFront', 'Apture Linking Platform', 'CloudFront', 'Cloudflare', 'Cloudflare CDN', 'Digital Ocean Spaces', 'Express', 'Fastly', 'Fireblade', 'GoAffPro', 'Google Cloud DNS', 'Google Font API', 'Google My Business', 'Google Related Website Sites', 'IcoMoon', 'Instagram Follow Button', 'Microdata for Google Shopping', 'Netlify', 'Omnisend', 'QUIC', 'Share Link', 'Shopify', 'Shopify Collabs', 'Smile IO', 'Thank You', 'Tidio', 'Twitter Ads', 'UTF-8', 'hCaptcha', 'reCAPTCHA']"
ondrwear.com,Leak Proof Underwear For Incontinence - ONDRwear,ONDR wear,GBR,82,84516,2026-05-30T10:21:59.198976979Z,"['3 Products', 'Adobe Creative Cloud WebFonts', 'Apture Linking Platform', 'Bing Cashback', 'Bing Conversion Tracking', 'Cloudflare', 'Cloudflare CDN', 'Fireblade', 'Google Analytics', 'Google Related Website Sites', 'Google Tag Manager', 'Instagram Follow Button', 'Klaviyo', 'Microdata for Google Shopping', 'NFOrce Internet', 'Newsletter for Wordpress', 'QUIC', 'SMC', 'Shopify', 'Shopify Collabs', 'Smile IO', 'Tailwind CSS', 'Thank You', 'To Top', 'UTF-8', 'Vector Internet Services', 'hCaptcha', 'reCAPTCHA', 'shadcn ui']"
petconnect.nz,Unique Quality Pet Products | Price Match,,,72,61637,2026-05-30T09:13:18.622402645Z,"['AJAX Libraries API', 'Amazon CloudFront', 'Apture Linking Platform', 'ByteDance', 'CloudFront', 'Cloudflare', 'Cloudflare CDN', 'ElementUI', 'Express', 'Google Analytics', 'Google Cloud DNS', 'Google Font API', 'Google My Business', 'Google Related Website Sites', 'Google Tag Manager', 'Instagram Follow Button', 'K2F', 'Landis Holdings', 'NFOrce Internet', 'QUIC', 'Rivo Loyalty', 'Shifter', 'Shopify', 'Shopify Collabs', 'Shopify Payments', 'Smile IO', 'Subversion', 'Tailwind CSS', 'Thank You', 'TikTok Conversion Tracking Pixel', 'UTF-8', 'hCaptcha', 'jQuery', 'jsDelivr', 'reCAPTCHA']"
feelyoursoul.com,Feel Your Soul: Footsouls for Converse & Vans + much more – FEEL YOUR SOUL,FEEL YOUR SOUL,VAT,82,147328,2026-05-30T09:05:06.88941106Z,"['ADFOX', 'Amped', 'Apture Linking Platform', 'Aruba', 'Automattic', 'Azure Edge', 'BLR', 'Baidu Ads', 'Baidu Cloud', 'Bing Cashback', 'Cloudflare', 'Cloudflare CDN', 'DAV', 'Disqus Comment System for WordPress', 'Duoban', 'ElementUI', 'Extole', 'GTranslate', 'Goldstar', 'Google Cloud DNS', 'Google Font API', 'Google My Business', 'Google Play', 'Google Related Website Sites', 'Hootsuite Badge', 'Instagram Follow Button', 'Klaviyo', 'Medium', 'Microdata for Google Shopping', 'Microsoft Azure Verified CDN', 'Microsoft Clarity', 'Mixi', 'Netvibes', 'ON24', 'Perl', 'Pinboard', 'Python', 'QUIC', 'Scoop It', 'Shopify', 'Shopify Collabs', 'Smile IO', 'Stamped', 'Subversion', 'TargetMarket', 'Thumbor', 'Tumblr', 'Twitter Ads', 'UPS', 'UTF-8', 'User.com', 'Vimeo', 'Wisepops', 'Yandex Hosting', 'Yelp Badge', 'eLand', 'hCaptcha', 'reCAPTCHA']"
spraise.com,Spraise – SPRAISE,,,52,504,2026-05-30T08:41:17.561614516Z,"['Apture Linking Platform', 'Cloudflare', 'Cloudflare CDN', 'Express', 'Google Analytics', 'Google Tag Manager', 'IcoMoon', 'Instagram Follow Button', 'Klaviyo', 'Microdata for Google Shopping', 'QUIC', 'Schema Plugin', 'Shopify', 'Shopify Collabs', 'Smile IO', 'Tailwind CSS', 'UTF-8', 'hCaptcha', 'reCAPTCHA']"
thelastcoat.store,Welcome to The Last Coat: Get a World-Class Shine in Half the Time!,The Last Coat,USA,77,123138,2026-05-30T08:02:34.181552198Z,"['AAPT', 'AWS WAF Challenge', 'Alternate Protocol', 'Amazon Associates Affiliate Shop', 'Amazon Widgets', 'Amped', 'Apture Linking Platform', 'Aruba', 'Azure Edge', 'Bing Cashback', 'Bing Conversion Tracking', 'Bulma', 'CDN JS', 'Cloudflare', 'Cloudflare CDN', 'DAV', 'Fireblade', 'GetResponse', 'Google', 'Google Adsense', 'Google Analytics', 'Google Cloud CDN', 'Google Funding Choices', 'Google Matched Content', 'Google Related Website Sites', 'Google Reseller', 'Google Tag Manager', 'Heroku', 'Instagram Follow Button', 'K2F', 'Klaviyo', 'Microdata for Google Shopping', 'Microsoft Azure Verified CDN', 'No-Q', 'POWr', 'Pagekit', 'Perl', 'Shopify', 'Shopify Collabs', 'Sitelinks Search Box', 'Smile IO', 'Stamped', 'Subversion', 'Taboola Direct', 'Taboola Reseller', 'UTF-8', 'UpSellit', 'Via Customers', 'WordPress SEO Structured Data Schema Plugin', 'YouTube', 'eLand', 'hCaptcha', 'jQuery', 'minFraud MaxMind', 'reCAPTCHA']"
bayleebee.com,"Baylee Bee - Fun, affordable, fashion. – BAYLEE BEE",BAYLEE BEE,VAT,77,9999,2026-05-30T07:48:28.757340448Z,"['Apture Linking Platform', 'Aruba', 'Cloudflare', 'Cloudflare CDN', 'Express', 'Google Cloud DNS', 'Google Font API', 'Google My Business', 'Google Related Website Sites', 'Instagram Follow Button', 'Microdata for Google Shopping', 'POWr', 'QUIC', 'Shopify', 'Shopify Collabs', 'Smile IO', 'UTF-8', 'eLand', 'hCaptcha', 'reCAPTCHA']"
dropps.com,Dropps - Laundry Pods and Dishwasher Pods,Dropps,,77,156233,2026-05-30T05:18:51.346234346Z,"['Amazon CloudFront', 'Amazon WAF Blocked', 'Apture Linking Platform', 'Attentive', 'Baidu Cloud', 'Bazaarvoice', 'Bazaarvoice Curations', 'Bing Cashback', 'Bing Conversion Tracking', 'Chord Connect', 'CloudFront', 'Cloudflare', 'Cloudflare CDN', 'DAV', 'Duoban', 'Ethy', 'Facebook Reseller', 'Fastly', 'GZIP Module', 'Google Analytics', 'Google Related Website Sites', 'Google Tag Manager', 'Gorgias', 'Hootsuite Badge', 'Instagram Follow Button', 'Klarna On Site Messaging', 'Klaviyo', 'Landis Holdings', 'Material-UI', 'Microdata for Google Shopping', 'NFOrce Internet', 'Perl', 'Python', 'QUIC', 'Shopify', 'Shopify Collabs', 'Smile IO', 'Subversion', 'Tailwind CSS', 'Thumbor', 'Twitter Ads', 'UTF-8', 'University or College', 'Yandex Hosting', 'YouTube', 'Zipify', 'hCaptcha', 'jsDelivr', 'reCAPTCHA', 'shadcn ui']"
ega.health,The Ayurveda Specialists: Detox with our Natural Supplements | EGA – EGA Wellness USA,EGA Wellness USA,VAT,82,30925,2026-05-30T04:10:02.048267281Z,"['AWS WAF Challenge', 'Alternate Protocol', 'Apture Linking Platform', 'Aruba', 'Cloudflare', 'Cloudflare CDN', 'DAV', 'Express', 'Google', 'Google Cloud DNS', 'Google Font API', 'Google My Business', 'Google Related Website Sites', 'Heroku', 'Microdata for Google Shopping', 'NFOrce Internet', 'PHP', 'PageFly', 'QUIC', 'Shopify', 'Shopify Collabs', 'Smile IO', 'Subversion', 'Thank You', 'TrackingMore', 'UTF-8', 'eLand', 'hCaptcha', 'reCAPTCHA']"
bleuandco.com,Bleu & Co,,USA,70,24585,2026-05-30T03:54:45.977935915Z,"['AWS WAF Challenge', 'Apture Linking Platform', 'CDN JS', 'Cloudflare', 'Cloudflare CDN', 'Express', 'IcoMoon', 'Instagram Follow Button', 'MailChimp', 'QUIC', 'Shopify', 'Shopify Collabs', 'Smile IO', 'Tailwind CSS', 'UTF-8', 'hCaptcha', 'jQuery', 'reCAPTCHA']"
puretincture.com,Facial for Sensitive Skin Singapore - Pure Tincture Organic Beauty – Pure Tincture Organic Beauty,,SGP,77,14565,2026-05-30T03:09:52.368068514Z,"['Amazon', 'Amazon S3 CDN', 'Apture Linking Platform', 'Cloudflare', 'Cloudflare CDN', 'DAV', 'Express', 'Fresha', 'Google Analytics', 'Google My Business', 'Google Related Website Sites', 'Google Tag Manager', 'IcoMoon', 'Instagram Follow Button', 'MailChimp', 'Microdata for Google Shopping', 'NFOrce Internet', 'Schema Plugin', 'Shopify', 'Shopify Collabs', 'Smile IO', 'Storyblocks', 'Tailwind CSS', 'Thank You', 'UTF-8', 'YouTube', 'hCaptcha', 'reCAPTCHA']"
shannonwestmeyer.com,Wax Seal Jewelry and Gifts with Meaning,Shannon Westmeyer Jewelry,,67,38186,2026-05-30T02:48:52.280263242Z,"['Amazon', 'Amazon CloudFront', 'Amazon WAF Blocked', 'Amped', 'Apture Linking Platform', 'CloudFront', 'Cloudflare', 'Cloudflare CDN', 'Coming Soon Page', 'Facebook Reseller', 'Fireblade', 'Google Related Website Sites', 'IcoMoon', 'Instagram Follow Button', 'JustUno', 'Klaviyo', 'Microdata for Google Shopping', 'POWr', 'QUIC', 'Schema Plugin', 'Shopify', 'Shopify Collabs', 'Smile IO', 'Stamped', 'Storyblocks', 'Tailwind CSS', 'UTF-8', 'hCaptcha', 'jQuery', 'reCAPTCHA']"
apple-eve.com,Apple and Eve – Fashion for Modern-Day Women,Apple and Eve,AUS,77,12015,2026-05-30T02:35:07.571155355Z,"['Amazon CloudFront', 'Apture Linking Platform', 'CDN JS', 'CloudFront', 'Cloudflare', 'Cloudflare CDN', 'Google Related Website Sites', 'IcoMoon', 'Instagram Follow Button', 'Microdata for Google Shopping', 'NFOrce Internet', 'Omnisend', 'PHP', 'QUIC', 'Shopify', 'Shopify Collabs', 'Smile IO', 'Thank You', 'UTF-8', 'hCaptcha', 'reCAPTCHA']"
tryecoenclose.com,Sustainable Packaging and Shipping Supplies | EcoEnclose,EcoEnclose,USA,77,52007,2026-05-30T02:09:40.624755255Z,"['AfterShip', 'Alternate Protocol', 'Amazon', 'Amazon CloudFront', 'Amazon S3 CDN', 'Amazon WAF Blocked', 'Apps4BigCommerce', 'Apture Linking Platform', 'AutoComplete', 'BLR', 'BigCommerce', 'Bing Cashback', 'Bing Conversion Tracking', 'CDN JS', 'CloudFront', 'Cloudflare', 'Cloudflare CDN', 'ElementUI', 'Fireblade', 'FormSubmit', 'Google', 'Google Analytics', 'Google Cloud DNS', 'Google Font API', 'Google My Business', 'Google Related Website Sites', 'Google Tag Manager', 'Gorgias', 'Help Scout', 'Instagram Follow Button', 'Kinsta', 'Klaviyo', 'Microdata for Google Shopping', 'Microsoft Clarity', 'NFOrce Internet', 'Ntent', 'POWr', 'Parallels Plesk Panel', 'QUIC', 'Site.pro', 'Smile IO', 'Storyblocks', 'Tally', 'Thank You', 'Tumblr', 'Twitter Ads', 'UTF-8', 'UserWay', 'Vimeo', 'YouTube', 'jsDelivr', 'reCAPTCHA']"
kixrx.com,KixRx,KixRx,,60,1005,2026-05-30T01:24:09.783012583Z,"['AJAX Libraries API', 'Apture Linking Platform', 'Bing Cashback', 'Bing Conversion Tracking', 'Cloudflare', 'Cloudflare CDN', 'Google Analytics', 'Google Cloud DNS', 'Google Related Website Sites', 'Google Tag Manager', 'Instagram Follow Button', 'Klaviyo', 'Microdata for Google Shopping', 'Oddle', 'POWr', 'QUIC', 'Shopify', 'Shopify Collabs', 'Smile IO', 'Tailwind CSS', 'Twitter Ads', 'UTF-8', 'YouTube', 'hCaptcha', 'jQuery', 'reCAPTCHA']"
advicefromacaterpillar.com,Advice from a Caterpillar eShop - Concept Shop for the Creative Family,Advice from a Caterpillar,,72,15505,2026-05-30T01:16:30.714021898Z,"['Amazon WAF Blocked', 'Apture Linking Platform', 'Azure Edge', 'Cloudflare', 'Cloudflare CDN', 'DAV', 'Google Analytics', 'Google Related Website Sites', 'Google Tag Manager', 'IcoMoon', 'Instagram Follow Button', 'MailChimp', 'Microdata for Google Shopping', 'Microsoft Azure Verified CDN', 'Perl', 'QUIC', 'Shopify', 'Shopify Collabs', 'Smile IO', 'UTF-8', 'Umbler', 'YouTube', 'hCaptcha', 'jQuery', 'reCAPTCHA']"
kellyswaterford.com,Mos Mosh | Women’s Fashion In Waterford | Kelly’s Waterford – Kelly's Department Store Waterford,Kelly&#39;s Department Store Waterford,IRL,77,14017,2026-05-30T00:49:00.439058461Z,"['AddThis for Wordpress', 'Apture Linking Platform', 'Cloudflare', 'Cloudflare CDN', 'Google Analytics', 'Google Cloud DNS', 'Google Font API', 'Google Related Website Sites', 'Google Tag Manager', 'Instagram Follow Button', 'Klaviyo', 'Microdata for Google Shopping', 'NFOrce Internet', 'Shipping Rates Calculator', 'Shopify', 'Shopify Collabs', 'Smile IO', 'Tailwind CSS', 'Thank You', 'UTF-8', 'eLand', 'hCaptcha', 'reCAPTCHA']"
fatboyhair.com,Fatboy Hair,,,57,6300,2026-05-29T22:46:42.542411406Z,"['Amazon', 'Amazon CloudFront', 'Apture Linking Platform', 'Attentive', 'CloudFront', 'Cloudflare', 'Cloudflare CDN', 'Digital Ocean Spaces', 'Express', 'Fastly', 'GoAffPro', 'Google My Business', 'Google Related Website Sites', 'IcoMoon', 'Instagram Follow Button', 'Klaviyo', 'PayPal', 'Perl', 'QUIC', 'Rebuy', 'Shopify', 'Shopify Collabs', 'Smile IO', 'Subversion', 'UTF-8', 'Vimeo', 'YouTube', 'hCaptcha', 'reCAPTCHA']"
bimbleandbolt.com,Bimble & Bolt | Womans Run Activewear,Bimble &amp; Bolt,VAT,82,35712,2026-05-29T22:21:14.620080566Z,"['17TRACK', 'AWS WAF Challenge', 'Amazon', 'Amazon CloudFront', 'Apture Linking Platform', 'Aruba', 'Bing Cashback', 'Bing Conversion Tracking', 'CloudFront', 'Cloudflare', 'Cloudflare CDN', 'Coming Soon Page', 'Create React App', 'Customer Fields', 'DAV', 'Express', 'Fastly', 'GoAffPro', 'Google Cloud DNS', 'Google Cloud Storage', 'Google My Business', 'Google Related Website Sites', 'GraphQL', 'Instagram Follow Button', 'Microdata for Google Shopping', 'NFOrce Internet', 'Oddle', 'Perl', 'QUIC', 'Royal Mail', 'Shopify', 'Shopify Collabs', 'Shopify Payments', 'Smile IO', 'Svelte', 'Thank You', 'UTF-8', 'Vercel', 'eLand', 'hCaptcha', 'reCAPTCHA']"
freshporkdelivery.com,Pork Delivery - Deliver Premium Fresh Pork Meats to your Doorstep! – Little Pigs Grocer,,,62,76366,2026-05-29T21:48:05.115802652Z,"['Alternate Protocol', 'AnyChat', 'Apture Linking Platform', 'Care Cart', 'Cloudflare', 'Cloudflare CDN', 'Facebook Customer Chat SDK', 'Facebook Login', 'Facebook Reseller', 'Fireblade', 'Font Awesome', 'Google Cloud DNS', 'Google Font API', 'Google My Business', 'Google Related Website Sites', 'IcoMoon', 'Instagram Follow Button', 'KVH', 'Microdata for Google Shopping', 'No-Q', 'PWA', 'PageFly', 'QUIC', 'Schema Plugin', 'Shopify', 'Shopify Collabs', 'Smile IO', 'Tailwind CSS', 'The Fresh', 'UTF-8', 'hCaptcha', 'reCAPTCHA']"
landaclothinco.com,“Big Style For Little People” – landaclothingco,,,55,2035,2026-05-29T21:12:30.07712497Z,"['AWS WAF Challenge', 'Accordion FAQ', 'Apture Linking Platform', 'BunnyCDN General', 'CDN JS', 'Cloudflare', 'Cloudflare CDN', 'Express', 'Fastly', 'Google Related Website Sites', 'Heroku', 'IcoMoon', 'Instagram Follow Button', 'Microdata for Google Shopping', 'NFOrce Internet', 'Privy', 'QUIC', 'Schema Plugin', 'Shipping Rates Calculator', 'Shopify', 'Shopify Collabs', 'Shopify Payments', 'Smile IO', 'Tailwind CSS', 'Thank You', 'UTF-8', 'hCaptcha', 'jQuery', 'reCAPTCHA']"
mysterymtg.com,"Mystery MTG - Magic the Gathering Singles, Sealed, and more!",,,72,53093,2026-05-29T19:43:49.582216838Z,"['AWS WAF Challenge', 'Apture Linking Platform', 'Bing Cashback', 'Bing Conversion Tracking', 'Cloudflare', 'Cloudflare CDN', 'Express', 'Fastly', 'Google', 'Google Calendar', 'Google Cloud DNS', 'Google Font API', 'Google Maps', 'Google My Business', 'Google Related Website Sites', 'IcoMoon', 'Landis Holdings', 'Microdata for Google Shopping', 'NFOrce Internet', 'PHP', 'PageFly', 'QUIC', 'Shopify', 'Shopify Collabs', 'Shopify Payments', 'Smile IO', 'Thank You', 'TrackingMore', 'Twitter Ads', 'UTF-8', 'YouTube', 'hCaptcha', 'jsDelivr', 'reCAPTCHA']"
highlandwaxbar.com,Soy Candles - Wax Melts - Commonwealth Candle,,GBR,72,26709,2026-05-29T18:42:03.073895824Z,"['AWS WAF Challenge', 'Apture Linking Platform', 'Cloudflare', 'Cloudflare CDN', 'Cowlendar', 'Express', 'Google Related Website Sites', 'IcoMoon', 'Instagram Follow Button', 'NFOrce Internet', 'Shopify', 'Shopify Collabs', 'Smile IO', 'Thank You', 'UTF-8', 'hCaptcha', 'reCAPTCHA']"
atlantishydroponics.com,American Express,,USA,70,17505,2026-05-29T18:14:15.284483485Z,"['Alternate Protocol', 'Apture Linking Platform', 'Cloudflare', 'Cloudflare CDN', 'DAV', 'DC74', 'Express', 'Google', 'Google Cloud DNS', 'Google Maps', 'Google My Business', 'Google Related Website Sites', 'IcoMoon', 'Instagram Follow Button', 'Microdata for Google Shopping', 'Parcel', 'QUIC', 'Shopify', 'Shopify Collabs', 'Smile IO', 'Thank You', 'UTF-8', 'YouTube', 'hCaptcha', 'jsDelivr', 'reCAPTCHA']"
mbabazistyles.com,Mbabazi House of Style,,USA,77,19005,2026-05-29T18:14:15.268804955Z,"['Alternate Protocol', 'Amazon CloudFront', 'Apture Linking Platform', 'CloudFront', 'Cloudflare', 'Cloudflare CDN', 'DAV', 'Express', 'Fastly CDN', 'Google Related Website Sites', 'IcoMoon', 'Instagram Follow Button', 'MailChimp', 'Microdata for Google Shopping', 'NFOrce Internet', 'QUIC', 'Shopify', 'Shopify Collabs', 'Smile IO', 'Tailwind CSS', 'Thank You', 'Twitter Ads', 'UTF-8', 'YouTube', 'hCaptcha', 'jsDelivr', 'reCAPTCHA']"
rubiconconsumer.com,Rubicon Consumer Healthcare - Buy Health & Wellness Products Online,Wellness Products: Buy Health & Wellness Products Online | Rubicon,IND,82,13544,2026-05-29T17:37:25.913374517Z,"['Apture Linking Platform', 'CDN JS', 'Cloudflare', 'Cloudflare CDN', 'Font Awesome', 'Google Analytics', 'Google Cloud DNS', 'Google Conversion Tracking', 'Google Font API', 'Google Related Website Sites', 'Google Tag Manager', 'IcoMoon', 'Instagram Follow Button', 'LinkedIn Insights', 'LinkedIn Pixel', 'Microdata for Google Shopping', 'POWr', 'PageFly', 'Popupsmart', 'QUIC', 'Shiprocket', 'Shopify', 'Shopify Collabs', 'Smile IO', 'Tailwind CSS', 'TrackingMore', 'UTF-8', 'hCaptcha', 'reCAPTCHA']"
fortyclothing.com,Forty Clothing,Forty Clothing,VAT,77,16061,2026-05-29T17:13:55.361155666Z,"['3 Products', 'Alternate Protocol', 'Amazon WAF Blocked', 'Apture Linking Platform', 'Aruba', 'Cloudflare', 'Cloudflare CDN', 'Ethy', 'Express', 'FormSubmit', 'Google Cloud DNS', 'Google Font API', 'Google Related Website Sites', 'IcoMoon', 'Instagram Follow Button', 'Klaviyo', 'Microdata for Google Shopping', 'Microsoft Clarity', 'NFOrce Internet', 'QUIC', 'Shopify', 'Shopify Collabs', 'Smile IO', 'Thank You', 'Twitter Ads', 'UTF-8', 'eLand', 'hCaptcha', 'reCAPTCHA']"
madisonandmallory.com,Madison and Mallory Online Boutique | Trendy + Affordable Fashion · Madison + Mallory,Madison + Mallory,,82,87637,2026-05-29T16:40:41.284677052Z,"['Afterpay', 'Alternate Protocol', 'Amazon CloudFront', 'Apture Linking Platform', 'Cart.com', 'Cloudflare', 'Cloudflare CDN', 'Digital Ocean Spaces', 'Express', 'Google Cloud DNS', 'Google Cloud Storage', 'Google Related Website Sites', 'Hotjar', 'Instagram Follow Button', 'MailChimp', 'Microdata for Google Shopping', 'QUIC', 'Shopify', 'Shopify Collabs', 'Smart App Banner', 'Smile IO', 'Storyblocks', 'Tailwind CSS', 'UTF-8', 'YouTube', 'hCaptcha', 'reCAPTCHA', 'shadcn ui']"
rupihair.com,Natural Unprocessed Hair Extensions Chicago Los Angeles San Juan,,USA,72,49173,2026-05-29T15:55:16.518339508Z,"['AJAX Libraries API', 'Amazon CloudFront', 'Apture Linking Platform', 'AutoComplete', 'Chatra', 'CloudFront', 'Cloudflare', 'Cloudflare CDN', 'DAV', 'Express', 'Fireblade', 'Google Cloud DNS', 'Google Related Website Sites', 'KVH', 'Klaviyo', 'NFOrce Internet', 'PayPal', 'Shopify', 'Shopify Collabs', 'Smile IO', 'Tailwind CSS', 'Thank You', 'UTF-8', 'hCaptcha', 'jQuery', 'reCAPTCHA']"
chloeandpiper.com,Chloe + Piper,,,35,2905,2026-05-29T15:44:27.922474323Z,"['Amazon CloudFront', 'Apture Linking Platform', 'CloudFront', 'Cloudflare', 'Cloudflare CDN', 'Google Cloud DNS', 'Google Font API', 'Instagram Follow Button', 'Oddle', 'Omega Commerce', 'POWr', 'RM Education', 'Shopify', 'Shopify Collabs', 'Smile IO', 'UTF-8', 'hCaptcha', 'reCAPTCHA']"
whiterosewaxco.com,"Home fragrances, Hand Poured in Barnsley, Yorkshire. – White Rose Wax Co",White Rose Wax Co,,67,12237,2026-05-29T15:10:39.702289095Z,"['Amazon', 'Apture Linking Platform', 'Cloudflare', 'Cloudflare CDN', 'Content Delivery Network', 'Express', 'Google Related Website Sites', 'Instagram Follow Button', 'Investor Relations', 'MailChimp', 'Microdata for Google Shopping', 'QUIC', 'Shopify', 'Shopify Collabs', 'Smile IO', 'UTF-8', 'hCaptcha', 'reCAPTCHA']"
apeach.com,A.PEACH - Wholesale Women's Clothing Brand,A.PEACH,USA,82,15145,2026-05-29T14:27:49.048826167Z,"['Alternate Protocol', 'Apture Linking Platform', 'Cloudflare', 'Cloudflare CDN', 'Express', 'Fastly', 'IcoMoon', 'Instagram Follow Button', 'MailChimp', 'Microdata for Google Shopping', 'Privy', 'QUIC', 'Shopify', 'Shopify Collabs', 'Smile IO', 'Tailwind CSS', 'UTF-8', 'Weglot', 'YouTube', 'hCaptcha', 'reCAPTCHA']"
transformationslashartistry.com,Lash Boutique for Artists | Premium Products | Transformations,,,57,17439,2026-05-29T12:30:22.578938059Z,"['Amazon CloudFront', 'Apture Linking Platform', 'CloudFront', 'Cloudflare', 'Cloudflare CDN', 'Google Cloud DNS', 'Google Font API', 'Google Related Website Sites', 'MailChimp', 'Meevo', 'Omnisend', 'Pixelpop', 'QUIC', 'SMC', 'Shopify', 'Shopify Collabs', 'Smile IO', 'UTF-8', 'hCaptcha', 'reCAPTCHA']"
yolotruckparts.com,Yolo Truck Parts,,USA,65,11785,2026-05-29T12:19:17.045240997Z,"['Apture Linking Platform', 'Cloudflare', 'Cloudflare CDN', 'Daily Deals', 'Express', 'Google Cloud DNS', 'Google My Business', 'IcoMoon', 'QUIC', 'Share Link', 'Shopify', 'Shopify Collabs', 'Smile IO', 'StackPath', 'Tailwind CSS', 'Twitter Ads', 'UTF-8', 'hCaptcha', 'reCAPTCHA']"
shopfamouselle.com,Famous|Elle – FamousElle,FamousElle,,67,8877,2026-05-29T11:52:08.587355438Z,"['Apture Linking Platform', 'Cloudflare', 'Cloudflare CDN', 'Express', 'Microdata for Google Shopping', 'Shopify', 'Shopify Collabs', 'Shopify Payments', 'Smile IO', 'UTF-8', 'hCaptcha', 'reCAPTCHA']"
twistitupcomb.com,Twist It Up Comb,,,57,1406,2026-05-29T08:16:04.18000245Z,"['Amazon CloudFront', 'Amazon S3 CDN', 'Apture Linking Platform', 'Bold Commerce', 'CloudFront', 'Cloudflare', 'Cloudflare CDN', 'DAV', 'Express', 'Facebook Reseller', 'Google', 'Google Analytics', 'Google Cloud DNS', 'Google Maps', 'Google Related Website Sites', 'Google Tag Manager', 'IcoMoon', 'Instagram Follow Button', 'Microdata for Google Shopping', 'QUIC', 'Schema Plugin', 'Shopify', 'Shopify Collabs', 'Smile IO', 'Storyblocks', 'Tailwind CSS', 'UTF-8', 'University or College', 'YouTube', 'hCaptcha', 'reCAPTCHA']"
aspiredancecollections.com.au,"Dancewear, Dance Shoes, Activewear Customized School Uniforms – Aspire Dance Collections",,AUS,77,13545,2026-05-29T07:23:23.837769175Z,"['Adult Content', 'Afterpay', 'Apture Linking Platform', 'Beeketing', 'CDN JS', 'Cloudflare', 'Cloudflare CDN', 'Express', 'Google Maps', 'Google My Business', 'Google Related Website Sites', 'IcoMoon', 'Instagram Follow Button', 'Klaviyo', 'Microdata for Google Shopping', 'QUIC', 'Schema Plugin', 'Shopify', 'Shopify Collabs', 'Smile IO', 'Storyblocks', 'Tailwind CSS', 'UTF-8', 'WordPress', 'hCaptcha', 'reCAPTCHA']"
queenvape.ca,Toronto vape shop cheapest vape store sales Allo Envi nearby vape shop – Queen Vape Shop,Queen Vape Shop,CAN,92,9345,2026-05-29T07:00:33.184436187Z,"['Amazon CloudFront', 'Apture Linking Platform', 'CloudFront', 'Cloudflare', 'Cloudflare CDN', 'Google My Business', 'IcoMoon', 'Microdata for Google Shopping', 'QUIC', 'Shopify', 'Shopify Collabs', 'Smile IO', 'UTF-8', 'hCaptcha', 'reCAPTCHA']"
paperdollboutique.com,"Paperdoll Boutique - Clothing, Accessories, Gifts in Rockford Michigan",,,67,24597,2026-05-29T06:34:14.941421234Z,"['Apture Linking Platform', 'CDN JS', 'Cloudflare', 'Cloudflare CDN', 'Fireblade', 'Google My Business', 'Google Related Website Sites', 'Instagram Follow Button', 'Microdata for Google Shopping', 'QUIC', 'Schema Plugin', 'Shopify', 'Shopify Collabs', 'Smile IO', 'Tailwind CSS', 'UTF-8', 'hCaptcha', 'reCAPTCHA']"
jrcplectrums.com,JRC Plectrums,JRC Plectrums,,62,13245,2026-05-29T06:29:05.59386172Z,"['Apture Linking Platform', 'Cloudflare', 'Cloudflare CDN', 'Express', 'Fastly', 'Google My Business', 'IcoMoon', 'Microdata for Google Shopping', 'NFOrce Internet', 'QUIC', 'Shopify', 'Shopify Collabs', 'Shopify Payments', 'Smile IO', 'Thank You', 'Twitter Ads', 'UTF-8', 'hCaptcha', 'reCAPTCHA']"
birdiesbaux.com,Birdie's Baux – Birdies-Baux,Birdies-Baux,,67,14325,2026-05-29T05:44:00.302593698Z,"['Amazon WAF Blocked', 'Apture Linking Platform', 'Cloudflare', 'Cloudflare CDN', 'Express', 'Google Related Website Sites', 'IcoMoon', 'Instagram Follow Button', 'Klaviyo', 'Microdata for Google Shopping', 'NFOrce Internet', 'Perl', 'QUIC', 'Shopify', 'Shopify Collabs', 'Smile IO', 'Thank You', 'UTF-8', 'YouTube', 'hCaptcha', 'reCAPTCHA']"
bhbhealth.com,bhbhealth – BHB Health,,,57,768,2026-05-29T05:44:00.290527371Z,"['Amazon', 'Apture Linking Platform', 'Chatra', 'Cloudflare', 'Cloudflare CDN', 'Google Related Website Sites', 'IcoMoon', 'Instagram Follow Button', 'QUIC', 'Shopify', 'Shopify Collabs', 'Smile IO', 'Tailwind CSS', 'UTF-8', 'University or College', 'YouTube', 'hCaptcha', 'reCAPTCHA']"
shopbigmoodboutique.com,Big Mood Boutique – Big Mood Boutique,Big Mood Boutique ,,72,9597,2026-05-29T05:37:01.105898854Z,"['Apture Linking Platform', 'Cloudflare', 'Cloudflare CDN', 'Express', 'Google My Business', 'Google Related Website Sites', 'Microdata for Google Shopping', 'QUIC', 'Shopify', 'Shopify Collabs', 'Smile IO', 'Tailwind CSS', 'UTF-8', 'hCaptcha', 'reCAPTCHA']"
hydroprotein.com,Proteinex,Proteinex,VAT,72,44063,2026-05-29T05:29:19.971398487Z,"['AWS WAF Challenge', 'Amazon Widgets', 'Apture Linking Platform', 'Aruba', 'CDN JS', 'Cloudflare', 'Cloudflare CDN', 'Google', 'Google Cloud DNS', 'Google Font API', 'Google Related Website Sites', 'Instagram Follow Button', 'Klaviyo', 'Microdata for Google Shopping', 'No-Q', 'QUIC', 'RM Education', 'Rebuy', 'Shopify', 'Shopify Payments', 'Smile IO', 'Storyblocks', 'Swell Rewards', 'UTF-8', 'Yotpo', 'eLand', 'hCaptcha', 'jQuery', 'jsDelivr', 'reCAPTCHA']"
crvdae.com,CRVDAE - Corvidae Clothing,,,67,58523,2026-05-29T05:14:50.676664148Z,"['AJAX Libraries API', 'Amazon WAF Blocked', 'Apture Linking Platform', 'Aruba', 'Cloudflare', 'Cloudflare CDN', 'DAV', 'Express', 'FormSubmit', 'Google Cloud DNS', 'Google Related Website Sites', 'Instagram Follow Button', 'K2F', 'KVH', 'Klaviyo', 'Microsoft Clarity', 'No-Q', 'PHP', 'Parcel', 'ParcelPanel Order Tracking', 'PayPal', 'QUIC', 'Shopify', 'Shopify Collabs', 'Smile IO', 'Subversion', 'UTF-8', 'eLand', 'hCaptcha', 'reCAPTCHA']"
sassysidekickchildrensboutique.com,Sassy Sidekick Children's Boutique,Sassy Sidekick Children&#39;s Boutique,,67,15813,2026-05-29T04:43:44.159047166Z,"['Apture Linking Platform', 'Cloudflare', 'Cloudflare CDN', 'Fastly', 'Google Related Website Sites', 'IcoMoon', 'Instagram Follow Button', 'Klaviyo', 'Microdata for Google Shopping', 'Popify', 'Proof Factor', 'QUIC', 'Shopify', 'Shopify Collabs', 'Smile IO', 'UTF-8', 'hCaptcha', 'reCAPTCHA']"
thicstudio.com,THIC,,VAT,72,19784,2026-05-29T04:32:41.079418493Z,"['Alternate Protocol', 'Amazon', 'Apture Linking Platform', 'Aruba', 'Cloudflare', 'Cloudflare CDN', 'Express', 'Facebook CDN', 'Fastly', 'Fresha', 'GoAffPro', 'Google Related Website Sites', 'Instagram Follow Button', 'Klaviyo', 'Microdata for Google Shopping', 'NFOrce Internet', 'Newsletter for Wordpress', 'PayPal', 'QUIC', 'Shopify', 'Shopify Collabs', 'Shopify Payments', 'SiteW', 'Smile IO', 'Tailwind CSS', 'Thank You', 'UTF-8', 'eLand', 'hCaptcha', 'reCAPTCHA', 'shadcn ui']"
nuvowellness.com,Nuvo Wellness - CLEAN NATURAL PURE - Products to help you live better – Nuvo Wellness USA,Nuvo Wellness USA,,77,145177,2026-05-29T03:15:23.890615341Z,"['AJAX Libraries API', 'Alternate Protocol', 'Amazon S3 CDN', 'Apture Linking Platform', 'Azion', 'Bazaarvoice', 'CDN JS', 'Cloudflare', 'Cloudflare CDN', 'DAV', 'Deliverr', 'Envoy', 'Express', 'Financial Services Guide', 'GetResponse', 'GitHub Hosting', 'Google Cloud DNS', 'Google My Business', 'Google Related Website Sites', 'Idaq', 'K2F', 'Microdata for Google Shopping', 'Onyx Internet', 'PHP', 'QUIC', 'SMC', 'ShareASale', 'Shopify', 'Shopify Collabs', 'Smile IO', 'Storyblocks', 'Subversion', 'Swell Rewards', 'UTF-8', 'YouTube', 'hCaptcha', 'reCAPTCHA']"
loft68vintage.com,Loft 68 Vintage,Loft 68 Vintage,VAT,77,11953,2026-05-29T02:00:44.43611119Z,"['Apture Linking Platform', 'Aruba', 'Cloudflare', 'Cloudflare CDN', 'DAV', 'Express', 'Google Analytics', 'Google Related Website Sites', 'Google Tag Manager', 'IcoMoon', 'Instagram Follow Button', 'Microdata for Google Shopping', 'PHP', 'PageFly', 'Shopify', 'Shopify Collabs', 'Smile IO', 'TrackingMore', 'UTF-8', 'eLand', 'hCaptcha', 'reCAPTCHA']"
simplegrowsolutions.com,Liquid Fertilizers For Lawn and Garden – Simple Lawn Solutions,Simple Lawn Solutions,,77,29161,2026-05-29T01:28:40.317262373Z,"['Alternate Protocol', 'Apture Linking Platform', 'Back in Stock', 'ByteDance', 'CDN JS', 'Care Cart', 'Cloudflare', 'Cloudflare CDN', 'DoubleClick Bid Manager', 'ElementUI', 'Express', 'Facebook Login', 'Facebook Reseller', 'Fastly', 'Google Analytics', 'Google Cloud DNS', 'Google Font API', 'Google Related Website Sites', 'Google Tag Manager', 'Instagram Follow Button', 'Klaviyo', 'Lucky Orange', 'Microdata for Google Shopping', 'No-Q', 'QUIC', 'Refersion', 'RevenueHunt', 'Richpanel', 'Shopify', 'Shopify Collabs', 'Smile IO', 'Tailwind CSS', 'UTF-8', 'Varify', 'Zipify', 'hCaptcha', 'reCAPTCHA']"
bobbijeank.com,BobbiJeanK: Baubles & Designs- handcrafted earrings & gift ideas,BobbiJeanK: Baubles &amp; Designs,USA,82,12705,2026-05-29T00:37:56.990553957Z,"['Amazon', 'Amazon CloudFront', 'Apture Linking Platform', 'CloudFront', 'Cloudflare', 'Cloudflare CDN', 'Express', 'Google Related Website Sites', 'IcoMoon', 'Instagram Follow Button', 'MailChimp', 'Microdata for Google Shopping', 'Shopify', 'Shopify Collabs', 'Smile IO', 'UTF-8', 'hCaptcha', 'reCAPTCHA']"
xcoser.com,Xcoser® ACGN Cosplay products online-shop make your dream come true💖,Xcoser,TUR,77,69207,2026-05-29T00:09:55.957009037Z,"['Adult Content', 'AiTrillion', 'Alternate Protocol', 'Amazon CloudFront', 'Amazon Widgets', 'Apture Linking Platform', 'Bing Cashback', 'Bing Conversion Tracking', 'CloudFront', 'Cloudflare', 'Cloudflare CDN', 'Fastly', 'Fastly CDN', 'Fingerprint Pro', 'Fireblade', 'Google', 'Google Adsense', 'Google Cloud DNS', 'Google Funding Choices', 'Google Maps', 'Google Matched Content', 'Google Related Website Sites', 'Google Reseller', 'IcoMoon', 'Instagram API', 'Instagram Follow Button', 'Jetpack', 'KVH', 'Microdata for Google Shopping', 'NFOrce Internet', 'QUIC', 'Share Link', 'Shopify', 'Shopify Collabs', 'Smile IO', 'Tailwind CSS', 'Thank You', 'TinyIMG', 'Twitter Ads', 'Twitter Analytics', 'Twitter Conversion Tracking', 'UTF-8', 'Vector Internet Services', 'Yandex Hosting', 'YouTube', 'eLand', 'hCaptcha', 'reCAPTCHA']"
cinereplicas.com,Cinereplicas | Officially Licensed Premium Merchandise – Cinereplicas USA,,,67,58680,2026-05-28T22:52:26.638160051Z,"['17TRACK', 'AJAX Libraries API', 'Alternate Protocol', 'Amazon', 'Amazon CloudFront', 'Apture Linking Platform', 'Aruba', 'Baidu Cloud', 'Bold Commerce', 'Boxtal', 'CloudFront', 'Cloudflare', 'Cloudflare CDN', 'ElementUI', 'Express', 'Facebook Conversion Tracking', 'Facebook Login', 'Facebook Messenger Platform', 'Facebook Pixel', 'Facebook Reseller', 'Facebook Tag API', 'Google Analytics', 'Google Cloud DNS', 'Google Cloud Storage', 'Google Forms', 'Google My Business', 'Google Related Website Sites', 'Google Tag Manager', 'HongKong Post', 'Hotjar', 'IcoMoon', 'Instagram Follow Button', 'Klaviyo', 'MailChimp', 'Mapp', 'PageFly', 'Parcel', 'Perl', 'Python', 'QUIC', 'Secomapp', 'Shopify', 'Shopify Collabs', 'Smile IO', 'Squid', 'Thank You', 'TrackingMore', 'UTF-8', 'UptimeRobot', 'Yandex Hosting', 'YouTube', 'eLand', 'hCaptcha', 'jQuery', 'jsDelivr', 'reCAPTCHA']"
salsaseldon.com,Salsas El Don,Salsas El Don,USA,67,11277,2026-05-28T22:12:01.285590621Z,"['Amazon', 'Apture Linking Platform', 'Cloudflare', 'Cloudflare CDN', 'Microdata for Google Shopping', 'Shopify', 'Shopify Collabs', 'Smile IO', 'UTF-8', 'hCaptcha', 'reCAPTCHA']"
treasureboxx.co.nz,NZ Dress Hire - Rent Designer Dresses - Treasureboxx – treasureboxx,,,67,25805,2026-05-28T19:53:42.919657489Z,"['Apture Linking Platform', 'Cloudflare', 'Cloudflare CDN', 'Express', 'Fireblade', 'Google Related Website Sites', 'Heroku', 'IcoMoon', 'Instagram Follow Button', 'MailChimp', 'QUIC', 'Shopify', 'Shopify Collabs', 'Smile IO', 'UTF-8', 'YouTube', 'hCaptcha', 'reCAPTCHA']"
shoprosecoloreddaze.com,Rose Colored Daze,Rose Colored Daze,,55,567,2026-05-28T19:27:37.420830959Z,"['Afterpay', 'Apture Linking Platform', 'Cloudflare', 'Cloudflare CDN', 'Content Delivery Network', 'Google Cloud DNS', 'Heroku', 'Instagram Follow Button', 'MailChimp', 'Microdata for Google Shopping', 'QUIC', 'Shipping Rates Calculator', 'Shopify', 'Shopify Collabs', 'Smile IO', 'UTF-8', 'hCaptcha', 'reCAPTCHA']"
aariro.com,Aariro | Organic cotton newborn essentials,Aariro,IND,82,14237,2026-05-28T17:56:06.535520083Z,"['3 Products', 'AJAX Libraries API', 'Alternate Protocol', 'Amazon CloudFront', 'Apture Linking Platform', 'CloudFront', 'Cloudflare', 'Cloudflare CDN', 'ElementUI', 'Google', 'Google Analytics', 'Google Cloud DNS', 'Google Font API', 'Google My Business', 'Google Related Website Sites', 'Google Tag Manager', 'Heroku', 'Instagram Follow Button', 'Microdata for Google Shopping', 'NFOrce Internet', 'QUIC', 'Shopify', 'Shopify Collabs', 'Shopify Payments', 'Smile IO', 'Thank You', 'UTF-8', 'YouTube', 'hCaptcha', 'jQuery', 'reCAPTCHA']"
cozycookiesdelivery.com,Bel Air's Favorite Cookie – Cozy Cookies,,,67,86849,2026-05-28T17:30:29.250331927Z,"['Amazon', 'Amazon CloudFront', 'Amazon S3 CDN', 'Apture Linking Platform', 'CloudFront', 'Cloudflare', 'Cloudflare CDN', 'GetResponse', 'Google My Business', 'Google Related Website Sites', 'Instagram Follow Button', 'Klaviyo', 'Mapp', 'Microdata for Google Shopping', 'Neighborhoods', 'QUIC', 'Schema Plugin', 'Secomapp', 'Shopify', 'Shopify Collabs', 'Smile IO', 'Storyblocks', 'Tailwind CSS', 'UTF-8', 'hCaptcha', 'iAPPS', 'reCAPTCHA']"
outonalimbstyle.com,out on a limb | home + her,,,62,10677,2026-05-28T16:47:39.635616809Z,"['AJAX Libraries API', 'Apture Linking Platform', 'Cloudflare', 'Cloudflare CDN', 'ElementUI', 'Facebook Login', 'Facebook Messenger Platform', 'Facebook Reseller', 'Google Cloud DNS', 'Google Maps', 'Google My Business', 'Google Related Website Sites', 'Instagram Follow Button', 'MailChimp', 'Microsoft Ajax Content Delivery Network', 'Privy', 'Shifter', 'Shopify', 'Shopify Collabs', 'Smile IO', 'Tailwind CSS', 'UTF-8', 'hCaptcha', 'jQuery', 'reCAPTCHA']"
barnworxsk.com,Custom Wood Signs & Gifts | Barnworx Furnishings & Decor Inc,Barnworx Furnishings &amp; Decor Inc,CAN,77,11565,2026-05-28T15:30:45.739859423Z,"['Adult Content', 'Apture Linking Platform', 'Cloudflare', 'Cloudflare CDN', 'DAV', 'Express', 'Google Related Website Sites', 'IcoMoon', 'Instagram Follow Button', 'Microdata for Google Shopping', 'NFOrce Internet', 'QUIC', 'Shopify', 'Shopify Collabs', 'Smile IO', 'Thank You', 'UTF-8', 'hCaptcha', 'reCAPTCHA']"
homefarmlogs.com,Kiln Dried Logs & Firewood UK | Home Farm Logs - Nottinghamshire,,,67,9637,2026-05-28T15:21:44.970783889Z,"['Apture Linking Platform', 'Cloudflare', 'Cloudflare CDN', 'DAV', 'Express', 'Google Cloud DNS', 'Google Font API', 'Google Related Website Sites', 'Microdata for Google Shopping', 'QUIC', 'Schema Plugin', 'Shopify', 'Shopify Collabs', 'Smile IO', 'Tailwind CSS', 'UTF-8', 'hCaptcha', 'reCAPTCHA']"
leluree.com,Leluree - Inheriting Beauty,,,67,13857,2026-05-28T13:52:29.609887085Z,"['Apture Linking Platform', 'Cloudflare', 'Cloudflare CDN', 'Google My Business', 'Google Related Website Sites', 'Instagram Follow Button', 'Klaviyo', 'NFOrce Internet', 'QUIC', 'Shopify', 'Shopify Collabs', 'Smile IO', 'Thank You', 'UTF-8', 'hCaptcha', 'reCAPTCHA']"
thetealbox.com,The Teal Box / Sassy Gift Shop / Build A Gift Box | The Teal Box,,,67,15405,2026-05-28T13:29:14.837694277Z,"['Apture Linking Platform', 'Bing Cashback', 'Bing Conversion Tracking', 'Cloudflare', 'Cloudflare CDN', 'Express', 'Fastly', 'Giropay', 'Google', 'Google Analytics', 'Google Cloud DNS', 'Google Font API', 'Google Maps', 'Google My Business', 'Google Related Website Sites', 'Google Tag Manager', 'Heroku', 'IcoMoon', 'Instagram Follow Button', 'Microdata for Google Shopping', 'QUIC', 'Schema Plugin', 'Shopify', 'Shopify Collabs', 'Smile IO', 'Tailwind CSS', 'UTF-8', 'hCaptcha', 'reCAPTCHA']"
stateofkid.com,State of Kid,,,55,1582,2026-05-28T13:14:22.476789475Z,"['Apture Linking Platform', 'CDN JS', 'Cloudflare', 'Cloudflare CDN', 'Facebook Login', 'Facebook Reseller', 'Google Analytics', 'Google Related Website Sites', 'Google Tag Manager', 'IcoMoon', 'Instagram Follow Button', 'Klaviyo', 'Microdata for Google Shopping', 'Oddle', 'QUIC', 'Schema Plugin', 'ShareASale', 'Shopify', 'Shopify Collabs', 'Shopify Payments', 'Smile IO', 'Tailwind CSS', 'UTF-8', 'accessiBe', 'hCaptcha', 'reCAPTCHA']"
dispensarysupply.com,Dispensary Supply | Custom & Wholesale Cannabis Packaging,Dispensary Supply,USA,77,16699,2026-05-28T12:33:41.101611844Z,"['AJAX Libraries API', 'Amazon CloudFront', 'Apture Linking Platform', 'CloudFront', 'Cloudflare', 'Cloudflare CDN', 'Content Delivery Network', 'Fastly', 'Google Cloud DNS', 'Google Related Website Sites', 'Instagram Follow Button', 'Klaviyo', 'MailChimp', 'Microdata for Google Shopping', 'Microsoft Clarity', 'NFOrce Internet', 'POWr', 'QUIC', 'Shopify', 'Shopify Collabs', 'Smile IO', 'Thank You', 'Twitter Ads', 'UTF-8', 'hCaptcha', 'jQuery', 'reCAPTCHA']"
harbourcollectables.com.au,Harbour Collectables,,PRK,65,11785,2026-05-28T11:41:35.261626758Z,"['Afterpay', 'Amazon WAF Blocked', 'Apture Linking Platform', 'Cloudflare', 'Cloudflare CDN', 'DAV', 'Express', 'Google', 'Google Cloud DNS', 'Google Maps', 'IcoMoon', 'Instagram Follow Button', 'Microdata for Google Shopping', 'QUIC', 'Shopify', 'Shopify Collabs', 'Smile IO', 'UTF-8', 'YouTube', 'hCaptcha', 'jsDelivr', 'reCAPTCHA']"
thebillionpets.com,BillionPets,,,55,1026,2026-05-28T11:13:56.716091204Z,"['Amazon', 'Apture Linking Platform', 'Aruba', 'Cloudflare', 'Cloudflare CDN', 'Fastly', 'Google Cloud DNS', 'Google Font API', 'Google Forms', 'Google My Business', 'Instagram Follow Button', 'Microdata for Google Shopping', 'Schema Plugin', 'Shopify', 'Shopify Collabs', 'Smile IO', 'Tailwind CSS', 'UTF-8', 'eLand', 'hCaptcha', 'reCAPTCHA']"
bluebutterflie.com,New Iberia's Gift Shop for All Occasions – The Blue Butterfly Boutique,The Blue Butterfly Boutique,,72,36997,2026-05-28T09:39:06.857391517Z,"['Amazon', 'Apture Linking Platform', 'Cloudflare', 'Cloudflare CDN', 'Google Analytics', 'Google My Business', 'Google Related Website Sites', 'Google Tag Manager', 'K2F', 'Microdata for Google Shopping', 'Shopify', 'Shopify Collabs', 'Smile IO', 'Tailwind CSS', 'UTF-8', 'hCaptcha', 'reCAPTCHA']"
theshanacolecollection.com,Vacation Dresses & Occasion Outfits | Luxe Boutique | Soignée by Shana – SOIGNEE BY SHANA COLE,,,62,12636,2026-05-28T09:12:49.943051132Z,"['Afterpay', 'Apture Linking Platform', 'Aruba', 'Cloudflare', 'Cloudflare CDN', 'Coming Soon Page', 'Express', 'Facebook Pixel', 'Google Analytics', 'Google Cloud DNS', 'Google Font API', 'Google Related Website Sites', 'Google Tag Manager', 'Instagram Follow Button', 'Klaviyo', 'Microdata for Google Shopping', 'Microsoft Clarity', 'QUIC', 'Shopify', 'Shopify Collabs', 'Shopify Payments', 'Smile IO', 'Subversion', 'UTF-8', 'eLand', 'hCaptcha', 'reCAPTCHA']"
themagicclosets.com,Magic Closets - The Perfect Tools for a Clutter-Free Closet,Magic Closets,GBR,77,15585,2026-05-28T09:12:49.910945853Z,"['3 Products', 'Alternate Protocol', 'Apture Linking Platform', 'Cloudflare', 'Cloudflare CDN', 'Express', 'Google', 'Google Analytics', 'Google Cloud DNS', 'Google Maps', 'Google Related Website Sites', 'Google Tag Manager', 'IcoMoon', 'Instagram Follow Button', 'Klaviyo', 'Microdata for Google Shopping', 'PHP', 'QUIC', 'Schema Plugin', 'Shopify', 'Shopify Collabs', 'SiteW', 'Smile IO', 'Tailwind CSS', 'Twitter Ads', 'UTF-8', 'YouTube', 'hCaptcha', 'reCAPTCHA']"
jemeco-jewels.com,JeMeCo Jewels,JeMeCo  Jewels,,65,26984,2026-05-28T09:02:06.471472Z,"['3 Products', 'AWS WAF Challenge', 'Apture Linking Platform', 'CDN JS', 'Cloudflare', 'Cloudflare CDN', 'Coming Soon Page', 'Express', 'Fastly', 'IcoMoon', 'Microdata for Google Shopping', 'QUIC', 'Shopify', 'Shopify Collabs', 'Smile IO', 'Tailwind CSS', 'UTF-8', 'hCaptcha', 'jQuery', 'reCAPTCHA']"
sophiesdelight.co.uk,Sophie's Delight - Artisan Vegan Cheeze,Sophie&#39;s Delight,GBR,77,16095,2026-05-28T08:44:59.011681677Z,"['Amped', 'Apture Linking Platform', 'Cloudflare', 'Cloudflare CDN', 'Express', 'Google My Business', 'Instagram Follow Button', 'Microdata for Google Shopping', 'POWr', 'QUIC', 'Shopify', 'Shopify Collabs', 'Smile IO', 'Stamped', 'Swell Rewards', 'Tailwind CSS', 'UTF-8', 'hCaptcha', 'reCAPTCHA']"
batanaful.com,Batanaful | #1 Authentic Batana Oil for Hair Repair – Batanaful Hair & Skincare,Batanaful Hair &amp; Skincare,JAM,77,49612,2026-05-28T08:36:55.356124742Z,"['AddThis for Wordpress', 'Amazon', 'Amazon CloudFront', 'Amazon WAF Blocked', 'Apture Linking Platform', 'Bing Cashback', 'Bing Conversion Tracking', 'CloudFront', 'Cloudflare', 'Cloudflare CDN', 'Coming Soon Page', 'DC74', 'Facebook Reseller', 'Fastly', 'GoAffPro', 'Google Analytics', 'Google Related Website Sites', 'Google Tag Manager', 'Gorgias', 'Hotjar', 'Instagram Follow Button', 'Landis Holdings', 'MailChimp', 'Microdata for Google Shopping', 'Microsoft Clarity', 'Octane AI', 'PageFly', 'Parcel', 'ParcelPanel Order Tracking', 'PayPal', 'QUIC', 'Shopify', 'Shopify Collabs', 'Shopify Payments', 'Smile IO', 'Tailwind CSS', 'TrackingMore', 'UTF-8', 'YouTube', 'hCaptcha', 'reCAPTCHA']"
crackercollectibles.com,Cracker Collectibles,,,57,1104,2026-05-28T08:25:16.935944409Z,"['Afterpay', 'Apture Linking Platform', 'Cloudflare', 'Cloudflare CDN', 'Doofinder', 'Express', 'Fastly CDN', 'Google My Business', 'IcoMoon', 'Instagram Follow Button', 'Microdata for Google Shopping', 'QUIC', 'Schema Plugin', 'Shopify', 'Shopify Collabs', 'Shopify Payments', 'Smile IO', 'Tailwind CSS', 'Twitter Ads', 'UTF-8', 'hCaptcha', 'reCAPTCHA']"
natuhandcraftstudio.com,Natu Handcraft Studio,Natu Handcraft Studio,PHL,82,61295,2026-05-28T08:19:20.723294066Z,"['Alternate Protocol', 'Apture Linking Platform', 'Cloudflare', 'Cloudflare CDN', 'Google My Business', 'Google Related Website Sites', 'IcoMoon', 'Instagram Follow Button', 'MailChimp', 'MailMunch', 'Microdata for Google Shopping', 'Omnisend', 'Privy', 'SMC', 'Schema Plugin', 'Shopify', 'Shopify Collabs', 'Shopify Payments', 'Smile IO', 'Tailwind CSS', 'UTF-8', 'YouTube', 'hCaptcha', 'reCAPTCHA']"
dermapro.com,Professional Organic Skin Care Products Online - DermaPro.com,,USA,72,60661,2026-05-28T07:51:21.549129322Z,"['3 Products', 'AJAX Libraries API', 'AWS WAF Challenge', 'Afterpay', 'Apture Linking Platform', 'Chatra', 'Cloudflare', 'Cloudflare CDN', 'Google Analytics', 'Google Cloud DNS', 'Google My Business', 'Google Related Website Sites', 'Google Tag Manager', 'Klaviyo', 'Mapp', 'Microdata for Google Shopping', 'NFOrce Internet', 'PageFly', 'Perl', 'QUIC', 'REDretarget', 'Schema Plugin', 'Secomapp', 'Shopify', 'Shopify Collabs', 'Shopify Payments', 'Smile IO', 'Thank You', 'Twitter Ads', 'UTF-8', 'hCaptcha', 'jQuery', 'reCAPTCHA']"
knitinabox.de,The UK’s No. 1 Knitting Box Subscription | Discover Your Next Project,,GBR,72,47147,2026-05-28T07:43:58.923410531Z,"['AJAX Libraries API', 'AWS WAF Challenge', 'Amazon WAF Blocked', 'Apture Linking Platform', 'BunnyCDN General', 'CDN JS', 'Cloudflare', 'Cloudflare CDN', 'Express', 'Fastly', 'Fireblade', 'Google Cloud DNS', 'Google Cloud Storage', 'Google Font API', 'Google Related Website Sites', 'IcoMoon', 'Instagram Follow Button', 'Klaviyo', 'Microsoft Clarity', 'POWr', 'Shipping Rates Calculator', 'Shopify', 'Shopify Collabs', 'Smile IO', 'Tailwind CSS', 'UTF-8', 'YouTube', 'hCaptcha', 'jQuery', 'reCAPTCHA']"
lfi-cosmetics.com,LFI Cosmetics,,,62,12364,2026-05-28T07:31:31.300756336Z,"['Apture Linking Platform', 'Cloudflare', 'Cloudflare CDN', 'Coming Soon Page', 'Content Delivery Network', 'Express', 'Google My Business', 'Instagram Follow Button', 'Klaviyo', 'Microdata for Google Shopping', 'PageFly', 'Schema Plugin', 'Shopify', 'Shopify Collabs', 'Smile IO', 'Tailwind CSS', 'UTF-8', 'hCaptcha', 'reCAPTCHA']"
speco.sg,Speco – Speco Shop,Speco Shop,SGP,72,36053,2026-05-28T07:03:11.287907455Z,"['3 Products', 'AWS WAF Challenge', 'Amazon', 'Amazon CloudFront', 'Amped', 'Apture Linking Platform', 'BixGrow', 'CloudFront', 'Cloudflare', 'Cloudflare CDN', 'Fastly', 'Google My Business', 'Google Workspace', 'Instagram Follow Button', 'Microdata for Google Shopping', 'QUIC', 'Shopify', 'Shopify Collabs', 'Shopify Payments', 'Smile IO', 'Stamped', 'Tailwind CSS', 'UTF-8', 'YouTube', 'hCaptcha', 'reCAPTCHA']"
motahandmadebag.com,MOTA Handmade bags,MOTA,,62,15365,2026-05-28T06:49:17.895476218Z,"['Alternate Protocol', 'Apture Linking Platform', 'Cloudflare', 'Cloudflare CDN', 'Google Related Website Sites', 'IcoMoon', 'Microdata for Google Shopping', 'Privy', 'QUIC', 'Shopify', 'Shopify Collabs', 'Smile IO', 'UTF-8', 'Vector Internet Services', 'hCaptcha', 'reCAPTCHA']"
ashgrovecheese.com.au,"Ashgrove Cheese, Tasmania, Australia",Ashgrove Cheese,AUS,82,21525,2026-05-28T06:30:31.482266986Z,"['Apture Linking Platform', 'ByteDance', 'Cloudflare', 'Cloudflare CDN', 'Feefo', 'Google', 'Google Analytics', 'Google Cloud DNS', 'Google Font API', 'Google Tag Manager', 'IcoMoon', 'Instagram Follow Button', 'MailChimp', 'Microdata for Google Shopping', 'NFOrce Internet', 'QUIC', 'Rezdy', 'Shopify', 'Shopify Collabs', 'Smile IO', 'Tailwind CSS', 'Thank You', 'TikTok Conversion Tracking Pixel', 'Twitter Ads', 'UTF-8', 'YouTube', 'hCaptcha', 'reCAPTCHA']"
mymaddgear.com,Maddgear Boutique – MADDGEAR BOUTIQUE,,CAN,77,15064,2026-05-28T05:35:32.906016647Z,"['Afterpay', 'Apture Linking Platform', 'Bing Cashback', 'Bing Conversion Tracking', 'Cloudflare', 'Cloudflare CDN', 'Coming Soon Page', 'DAV', 'Express', 'Fastly', 'Google', 'Google Cloud DNS', 'Google Maps', 'Google Related Website Sites', 'IcoMoon', 'Instagram Follow Button', 'Kiwi Sizing', 'Microdata for Google Shopping', 'QUIC', 'Schema Plugin', 'Shopify', 'Shopify Collabs', 'Smile IO', 'Tailwind CSS', 'UTF-8', 'hCaptcha', 'reCAPTCHA']"
bebeboutique.com.au,Bebe Boutique,,,57,1443,2026-05-28T05:09:04.273333702Z,"['AJAX Libraries API', 'Apture Linking Platform', 'Cloudflare', 'Cloudflare CDN', 'Express', 'Facebook Login', 'Facebook Messenger Platform', 'Facebook Reseller', 'Fancybox for WordPress', 'Google Cloud DNS', 'Google Font API', 'Google My Business', 'IcoMoon', 'Instagram Follow Button', 'MailChimp', 'Microdata for Google Shopping', 'Microsoft Ajax Content Delivery Network', 'Oddle', 'QUIC', 'Shifter', 'Shopify', 'Shopify Collabs', 'Smile IO', 'Subversion', 'Tailwind CSS', 'Twitter Ads', 'UTF-8', 'hCaptcha', 'jQuery', 'reCAPTCHA']"
hammerandstainsouthwindsor.com,Hammer & Stain South Windsor Connecticut,,CAN,70,34408,2026-05-28T05:03:29.357671381Z,"['AJAX Libraries API', 'Amazon CloudFront', 'Apture Linking Platform', 'Bold Commerce', 'CloudFront', 'Cloudflare', 'Cloudflare CDN', 'GetResponse', 'Google Cloud DNS', 'Google Cloud Storage', 'Google Font API', 'Google Maps', 'Google My Business', 'Google Related Website Sites', 'Instagram Follow Button', 'KVH', 'MailMunch', 'Microdata for Google Shopping', 'Schema Plugin', 'Shopify', 'Shopify Collabs', 'Smile IO', 'UTF-8', 'hCaptcha', 'reCAPTCHA']"
sbldesigns.net,SBL Designs,,USA,75,11509,2026-05-28T04:54:48.289688619Z,"['Amazon', 'Amazon CloudFront', 'Apture Linking Platform', 'CloudFront', 'Cloudflare', 'Cloudflare CDN', 'Express', 'Google Cloud DNS', 'Google Font API', 'Instagram Follow Button', 'Line2', 'Microdata for Google Shopping', 'Schema Plugin', 'Shopify', 'Shopify Collabs', 'Smile IO', 'Tailwind CSS', 'UTF-8', 'hCaptcha', 'reCAPTCHA']"
esmeandelodie.com,Esme & Elodie | Plus Size Women's Boutique Renton WA | Sizes S–3X |,,SGP,82,68004,2026-05-28T04:54:48.274708787Z,"['3 Products', 'Apture Linking Platform', 'Cloudflare', 'Cloudflare CDN', 'Express', 'Google', 'Google Cloud DNS', 'Google Cloud Storage', 'Google Font API', 'Google Maps', 'Google My Business', 'Google Related Website Sites', 'IcoMoon', 'Instagram Follow Button', 'Microdata for Google Shopping', 'NFOrce Internet', 'Newsletter for Wordpress', 'Oracle Cloud', 'PayPal', 'QUIC', 'ReviewWidget', 'SMC', 'Schema Plugin', 'Share Link', 'Shopify', 'Shopify Collabs', 'Shopify Payments', 'Smile IO', 'Subversion', 'Tailwind CSS', 'Thank You', 'UTF-8', 'YouTube', 'eLand', 'hCaptcha', 'reCAPTCHA']"
skin.to,Shop Korean Skincare Products In Canada | SKIN.TO,SKIN.TO,USA,82,37045,2026-05-28T04:42:54.603393435Z,"['Amazon CloudFront', 'Apture Linking Platform', 'CloudFront', 'Cloudflare', 'Cloudflare CDN', 'Fireblade', 'Fomo', 'GitHub Hosting', 'Google', 'Google Analytics', 'Google Cloud CDN', 'Google My Business', 'Google Related Website Sites', 'Google Tag Manager', 'Instagram Follow Button', 'Medium', 'Microdata for Google Shopping', 'NFOrce Internet', 'RevenueHunt', 'Shopify', 'Shopify Collabs', 'Slack', 'Smile IO', 'Subversion', 'Tailwind CSS', 'Thank You', 'UTF-8', 'Weglot', 'hCaptcha', 'jsDelivr', 'reCAPTCHA']"
flexitpink.com,Flex it Pink Subscription and Virtual 5K/10K,Flex it Pink,VAT,77,47972,2026-05-28T04:42:54.597583359Z,"['Adult Content', 'Apture Linking Platform', 'Aruba', 'Bold Commerce', 'Cloudflare', 'Cloudflare CDN', 'Express', 'Fastly', 'Fireblade', 'GoAffPro', 'Google Analytics', 'Google Cloud DNS', 'Google Related Website Sites', 'Google Tag Manager', 'Hotjar', 'Instagram Follow Button', 'Klaviyo', 'Microdata for Google Shopping', 'Microsoft Clarity', 'NFOrce Internet', 'Onyx Internet', 'PHP', 'PWA', 'QUIC', 'Shipping Rates Calculator', 'Shopify', 'Shopify Collabs', 'Smile IO', 'Tailwind CSS', 'Thank You', 'Twitter Ads', 'UTF-8', 'YouTube', 'Zipify', 'eLand', 'hCaptcha', 'reCAPTCHA']"
simplybeautifulgifts.com.au,Simply Beautiful Gifts,,,60,1868,2026-05-28T04:37:00.469335641Z,"['AJAX Libraries API', 'Apture Linking Platform', 'Bold Commerce', 'Cloudflare', 'Cloudflare CDN', 'Express', 'Google Analytics', 'Google Cloud DNS', 'Google Related Website Sites', 'Google Tag Manager', 'IcoMoon', 'Instagram Follow Button', 'Klaviyo', 'Kudobuzz', 'MailChimp', 'Microdata for Google Shopping', 'No-Q', 'QUIC', 'Schema Plugin', 'Shopify', 'Shopify Collabs', 'Smile IO', 'Swell Rewards', 'Tailwind CSS', 'UTF-8', 'Yotpo', 'hCaptcha', 'jQuery', 'reCAPTCHA']"
crystalvibes.shop,Crystal Vibes - Healing Crystals & Genuine Gemstone Bracelets – Crystal Vibes Inc.,Crystal Vibes Inc.,,72,13785,2026-05-28T04:27:34.196499086Z,"['Apture Linking Platform', 'Cloudflare', 'Cloudflare CDN', 'DAV', 'Ethy', 'Express', 'Facebook CDN', 'Google My Business', 'Google Related Website Sites', 'IcoMoon', 'Instagram Follow Button', 'Microdata for Google Shopping', 'Oracle Cloud', 'QUIC', 'Shopify', 'Shopify Collabs', 'Shopify Payments', 'SiteW', 'Smile IO', 'Tailwind CSS', 'Twitter Ads', 'UTF-8', 'YouTube', 'hCaptcha', 'reCAPTCHA']"
truborns.com,truborns | Tru Born vinyl reborn doll kits,,USA,82,9996,2026-05-28T04:02:08.873911377Z,"['Apture Linking Platform', 'Cloudflare', 'Cloudflare CDN', 'Coming Soon Page', 'Express', 'GitHub Hosting', 'Google Analytics', 'Google Related Website Sites', 'Google Tag Manager', 'Instagram Follow Button', 'Shopify', 'Shopify Collabs', 'Smile IO', 'Storyblocks', 'UTF-8', 'YouTube', 'hCaptcha', 'reCAPTCHA']"
rebooteco.com,Reboot Eco Zero Waste & Refill Shop,Reboot Eco,,72,44345,2026-05-28T03:46:32.121688389Z,"['Apture Linking Platform', 'Cloudflare', 'Cloudflare CDN', 'Efilli', 'Fireblade', 'IcoMoon', 'Instagram Follow Button', 'M247', 'Microdata for Google Shopping', 'Perl', 'QUIC', 'Shopify', 'Shopify Collabs', 'Shopify Payments', 'Smile IO', 'Tailwind CSS', 'UTF-8', 'hCaptcha', 'reCAPTCHA', 'shadcn ui']"
eggspoon.co.nz,Wild Fennel Co | Artisan Pantry Staples made in New Zealand – Wild Fennel Co.,Wild Fennel Co.,NZL,77,10765,2026-05-28T02:48:11.077350896Z,"['Apture Linking Platform', 'Cloudflare', 'Cloudflare CDN', 'Google Analytics', 'Google Related Website Sites', 'Google Tag Manager', 'Instagram Follow Button', 'MailChimp', 'MailMunch', 'Microdata for Google Shopping', 'PageFly', 'Shopify', 'Shopify Collabs', 'Smile IO', 'Tailwind CSS', 'UTF-8', 'hCaptcha', 'reCAPTCHA']"
bedazzledsupplies.com,Bag Making Supplies - Bedazzled Supplies,,,62,14487,2026-05-28T02:17:23.025349317Z,"['Amazon', 'Apture Linking Platform', 'Cloudflare', 'Cloudflare CDN', 'Google Cloud DNS', 'Google Font API', 'Google Related Website Sites', 'Heroku', 'Instagram Follow Button', 'NFOrce Internet', 'Omnisend', 'QUIC', 'Shopify', 'Shopify Collabs', 'Smile IO', 'Thank You', 'UTF-8', 'hCaptcha', 'jQuery', 'reCAPTCHA']"
secondcityvape.com,Second City Vape | Your Premier Online Destination for Vape and Smoke Supplies,,,67,25528,2026-05-28T02:08:59.277849124Z,"['AJAX Libraries API', 'Alternate Protocol', 'Apps4BigCommerce', 'BigCommerce', 'Cloudflare', 'Cloudflare CDN', 'Coming Soon Page', 'Elfsight', 'Express', 'Fireblade', 'Google', 'Google Analytics', 'Google Cloud CDN', 'Google Cloud DNS', 'Google Font API', 'Google Related Website Sites', 'Google Tag Manager', 'QUIC', 'Smile IO', 'UTF-8']"
biggreenorganic.com,Big Green Organic Food | Online Organic Store,,USA,77,66133,2026-05-28T01:36:13.465491304Z,"['3 Products', 'Apture Linking Platform', 'Cloudflare', 'Cloudflare CDN', 'Fastly', 'GoAffPro', 'Google Related Website Sites', 'IcoMoon', 'Instagram Follow Button', 'Klaviyo', 'Microdata for Google Shopping', 'QUIC', 'SMC', 'Schema Plugin', 'Shopify', 'Shopify Collabs', 'Shopify Payments', 'Smile IO', 'UTF-8', 'YouTube', 'hCaptcha', 'jQuery', 'reCAPTCHA']"
accessorizeinstyle.com,Accessorize In Style Boutique,,,62,30075,2026-05-28T00:21:11.682747594Z,"['3 Products', 'AWS WAF Challenge', 'Apture Linking Platform', 'CDN JS', 'Cloudflare', 'Cloudflare CDN', 'Express', 'GitHub Hosting', 'Google', 'Google Cloud DNS', 'Google Font API', 'IcoMoon', 'Instagram Follow Button', 'Klaviyo', 'No-Q', 'QUIC', 'Shopify', 'Shopify Collabs', 'Shopify Payments', 'Smile IO', 'Tailwind CSS', 'Twitter Ads', 'UTF-8', 'YouTube', 'hCaptcha', 'jQuery', 'reCAPTCHA']"
happytreas.com,HAPPY TREASURES,,,57,567,2026-05-27T23:57:32.283817629Z,"['Alternate Protocol', 'Apture Linking Platform', 'Cloudflare', 'Cloudflare CDN', 'Google Cloud DNS', 'Google My Business', 'Heroku', 'IcoMoon', 'Instagram Follow Button', 'Microdata for Google Shopping', 'PHP', 'QUIC', 'Schema Plugin', 'Shopify', 'Shopify Collabs', 'Shopify Payments', 'Smile IO', 'Tailwind CSS', 'UTF-8', 'hCaptcha', 'reCAPTCHA']"
fashionflareboutique.com,Fashion Flare Boutique – Fashion Flare Boutique,Fashion Flare Boutique ,GBR,77,30257,2026-05-27T23:02:31.5101628Z,"['Apture Linking Platform', 'Cloudflare', 'Cloudflare CDN', 'Cowlendar', 'Express', 'Fastly', 'Fireblade', 'FreeCSSTemplates', 'GoAffPro', 'Google Related Website Sites', 'IcoMoon', 'Instagram Follow Button', 'MailMunch', 'Microdata for Google Shopping', 'NFOrce Internet', 'QUIC', 'Shopify', 'Shopify Collabs', 'Shopify Payments', 'Smile IO', 'Thank You', 'UTF-8', 'Umbler', 'University or College', 'hCaptcha', 'jsDelivr', 'reCAPTCHA']"
ivyblueboutique.com,Ivy Blue Boutique – Ivy Blue Boutique,,,67,13605,2026-05-27T21:04:33.879351075Z,"['3 Products', 'Afterpay', 'Apture Linking Platform', 'Cloudflare', 'Cloudflare CDN', 'Express', 'Google', 'Google Cloud DNS', 'Google Maps', 'Google Related Website Sites', 'IcoMoon', 'Instagram Follow Button', 'MailChimp', 'Microdata for Google Shopping', 'PayPal', 'Privy', 'QUIC', 'Schema Plugin', 'Shopify', 'Shopify Collabs', 'Smile IO', 'Storyblocks', 'Tailwind CSS', 'UTF-8', 'hCaptcha', 'reCAPTCHA']"
barreandpointe.com,Barre & Pointe – Barre & Pointe,Barre &amp; Pointe,,60,3567,2026-05-27T20:39:13.176985498Z,"['Angular', 'Apture Linking Platform', 'CDN JS', 'Cloudflare', 'Cloudflare CDN', 'Express', 'Fastly', 'Google Cloud DNS', 'Google Font API', 'Google Maps', 'Google My Business', 'Heroku', 'IcoMoon', 'Instagram Follow Button', 'Microdata for Google Shopping', 'NFOrce Internet', 'PayPal', 'RM Education', 'Shopify', 'Shopify Collabs', 'Shopify Payments', 'Smile IO', 'Tailwind CSS', 'Thank You', 'UTF-8', 'hCaptcha', 'reCAPTCHA']"
letsresin.ca,"LET'S RESIN, One-Stop Resin Casting supplier — Let's Resin - CA",,FLK,77,12752,2026-05-27T19:40:59.690348536Z,"['501c3 Status Nonprofit', 'Alternate Protocol', 'Apture Linking Platform', 'Cloudflare', 'Cloudflare CDN', 'Express', 'Fastly', 'GoAffPro', 'IcoMoon', 'Instagram Follow Button', 'Microdata for Google Shopping', 'Newsletter for Wordpress', 'QUIC', 'Shopify', 'Shopify Collabs', 'Smile IO', 'UTF-8', 'Umbler', 'YouTube', 'hCaptcha', 'reCAPTCHA']"
lotioncrafter.com,Lotioncrafter - Premium Ingredients at Less Than Premium Prices,Lotioncrafter,GBR,82,57299,2026-05-27T18:59:45.895480667Z,"['AWS WAF Challenge', 'Alternate Protocol', 'Amazon CloudFront', 'Apture Linking Platform', 'Azure Edge', 'BunnyCDN General', 'CloudFront', 'Cloudflare', 'Cloudflare CDN', 'Express', 'Fireblade', 'Google Related Website Sites', 'Gravity', 'Heroku', 'IcoMoon', 'Instagram Follow Button', 'Microdata for Google Shopping', 'Microsoft Azure Verified CDN', 'NFOrce Internet', 'Negate', 'Pixelpop', 'QUIC', 'Shopify', 'Shopify Collabs', 'Smile IO', 'UTF-8', 'YouTube', 'accessiBe', 'hCaptcha', 'reCAPTCHA']"
intendedcosmetics.com,INTENDED LUXURY HANDCRAFTED COSMETICS – Intended Luxury Handcrafted Cosmetics,,,62,9667,2026-05-27T18:41:28.164014232Z,"['Amazon CloudFront', 'Apture Linking Platform', 'CloudFront', 'Cloudflare', 'Cloudflare CDN', 'DoubleClick Bid Manager', 'Express', 'Google Analytics', 'Google Cloud DNS', 'Google Flights Conversion Tracking', 'Google Font API', 'Google My Business', 'Google Tag Manager', 'Instagram Follow Button', 'MailChimp', 'Microdata for Google Shopping', 'POWr', 'Schema Plugin', 'Shopify', 'Shopify Collabs', 'Smile IO', 'Swell Rewards', 'Twitter Ads', 'UTF-8', 'hCaptcha', 'reCAPTCHA']"
soaklifestyleboutique.com,Soak Lifestyle Boutique,Soak Lifestyle Boutique,CAN,87,13717,2026-05-27T17:55:57.481580068Z,"['AJAX Libraries API', 'Amazon', 'Apture Linking Platform', 'Cloudflare', 'Cloudflare CDN', 'Django Language', 'FreeCSSTemplates', 'Google Cloud DNS', 'Google My Business', 'Instagram Follow Button', 'Microdata for Google Shopping', 'Oracle Cloud', 'Shopify', 'Shopify Collabs', 'Smile IO', 'Tailwind CSS', 'Thank You', 'UTF-8', 'hCaptcha', 'reCAPTCHA']"
erigostore.co.id,Erigo Official Store – ERIGO,ERIGO,IDN,77,56099,2026-05-27T17:12:59.769175181Z,"['Amazon CloudFront', 'Apture Linking Platform', 'CloudFront', 'Cloudflare', 'Cloudflare CDN', 'Fastly', 'Google', 'Google Analytics', 'Google Cloud DNS', 'Google Font API', 'Google Related Website Sites', 'Google Tag Manager', 'Instagram Follow Button', 'Microdata for Google Shopping', 'NFOrce Internet', 'POWr', 'Perl', 'QUIC', 'Shopify', 'Shopify Collabs', 'Smile IO', 'Tailwind CSS', 'UTF-8', 'YouTube', 'hCaptcha', 'iAPPS', 'jQuery', 'reCAPTCHA']"
cocoonapothecary.com,American Express,Cocoon Apothecary,USA,70,56443,2026-05-27T17:02:15.676464262Z,"['AJAX Libraries API', 'Adult Content', 'Amazon Widgets', 'Amped', 'Apture Linking Platform', 'Aruba', 'Azion', 'Cloudflare', 'Cloudflare CDN', 'Endis', 'Envoy', 'Express', 'Google Analytics', 'Google Cloud DNS', 'Google Related Website Sites', 'Google Tag Manager', 'Heroku', 'Instagram Follow Button', 'KVH', 'Microdata for Google Shopping', 'Omnisend', 'Perl', 'QUIC', 'RevenueHunt', 'Shipping Rates Calculator', 'Shopify', 'Shopify Collabs', 'Shopify Payments', 'Smile IO', 'Stamped', 'Thank You', 'Twitter Ads', 'UTF-8', 'Vercel', 'YouTube', 'eLand', 'hCaptcha', 'jQuery', 'reCAPTCHA']"
greenpacks.com,GreenPacks Natural Supplements,GreenPacks,,72,9597,2026-05-27T16:57:06.151951789Z,"['Apture Linking Platform', 'Cloudflare', 'Cloudflare CDN', 'Express', 'Google My Business', 'Google Related Website Sites', 'Microdata for Google Shopping', 'Shopify', 'Shopify Collabs', 'Smile IO', 'UTF-8', 'hCaptcha', 'reCAPTCHA']"
felivecal.com,FELIVECAL：CAT TREE | CAT FURNITURE | SCRATCHING POSTS,FELIVECAL,,72,45673,2026-05-27T16:57:06.135009786Z,"['Alternate Protocol', 'Amazon CloudFront', 'Apture Linking Platform', 'CloudFront', 'Cloudflare', 'Cloudflare CDN', 'DC74', 'ECAL', 'Express', 'Fastly', 'Fireblade', 'GoAffPro', 'Google', 'Google Cloud DNS', 'Google Font API', 'Google Related Website Sites', 'Hotjar', 'Instagram Follow Button', 'Microdata for Google Shopping', 'NFOrce Internet', 'PageFly', 'Privy', 'Shopify', 'Shopify Collabs', 'Smile IO', 'Thank You', 'TrackingMore', 'Twitter Ads', 'UTF-8', 'hCaptcha', 'reCAPTCHA']"
the1kw.com,THE ONE | Your first destination for Electronics and Home Appliances,The one,,72,15895,2026-05-27T16:50:24.708994337Z,"['Amazon CloudFront', 'Apture Linking Platform', 'CloudFront', 'Cloudflare', 'Cloudflare CDN', 'Google', 'Google Analytics', 'Google Cloud DNS', 'Google Maps', 'Google Related Website Sites', 'Google Tag Manager', 'IcoMoon', 'Instagram Follow Button', 'Keller Williams Realty', 'Klaviyo', 'Microdata for Google Shopping', 'No-Q', 'QUIC', 'Share Link', 'Shopify', 'Shopify Collabs', 'Shopify Payments', 'Smile IO', 'Tailwind CSS', 'Twitter Ads', 'UTF-8', 'hCaptcha', 'jsDelivr', 'reCAPTCHA']"
techjoyce.com,TechJoyce,Bunker Branding Co.,,62,45341,2026-05-27T16:43:51.357507443Z,"['AJAX Libraries API', 'Amazon WAF Blocked', 'Apture Linking Platform', 'ByteDance', 'CDN JS', 'Cloudflare', 'Cloudflare CDN', 'Express', 'Facebook Login', 'Facebook Reseller', 'Google Analytics', 'Google Cloud DNS', 'Google Font API', 'Google Related Website Sites', 'Google Tag Manager', 'IcoMoon', 'Instagram Follow Button', 'Microdata for Google Shopping', 'Noibu', 'PayPal', 'Privy', 'QUIC', 'Rebuy', 'Rollbar', 'Shopify', 'Shopify Collabs', 'Smile IO', 'Swell Rewards', 'Tailwind CSS', 'Twitter Ads', 'UTF-8', 'YouTube', 'hCaptcha', 'reCAPTCHA']"
yayaclubclothing.com,"YaYa Club Clothing Company │ Katy, Texas │ Women’s Clothing Store",YaYa Club Clothing Company,,72,26296,2026-05-27T16:13:20.136519051Z,"['AJAX Libraries API', 'Apture Linking Platform', 'Azure Edge', 'CDN JS', 'Cloudflare', 'Cloudflare CDN', 'Express', 'Font Awesome', 'Google Cloud DNS', 'Google Maps', 'Google My Business', 'Google Related Website Sites', 'IcoMoon', 'Instagram Follow Button', 'Klaviyo', 'MailChimp', 'Microdata for Google Shopping', 'Microsoft Azure Verified CDN', 'No-Q', 'POWr', 'QUIC', 'RM Education', 'Shopify', 'Shopify Collabs', 'Smile IO', 'UTF-8', 'hCaptcha', 'jQuery', 'reCAPTCHA']"
aoforged.com,Alpha Omega Hobby,,USA,72,13996,2026-05-27T15:35:34.452225787Z,"['Amazon S3 CDN', 'Apture Linking Platform', 'Cloudflare', 'Cloudflare CDN', 'Express', 'Font Awesome', 'Google', 'Google Cloud CDN', 'Google Cloud DNS', 'Google Font API', 'Google Related Website Sites', 'Instagram Follow Button', 'Microdata for Google Shopping', 'NFOrce Internet', 'QUIC', 'Schema Plugin', 'Shopify', 'Shopify Collabs', 'Smile IO', 'Storyblocks', 'Tailwind CSS', 'Thank You', 'Twitter Ads', 'UTF-8', 'hCaptcha', 'jQuery', 'reCAPTCHA']"
eatsoco.com,SoCo Tahini - Deliciously Creamy Tahini – eatsoco,eatsoco,,72,89653,2026-05-27T15:30:03.006377686Z,"['AJAX Libraries API', 'Amazon', 'Amazon CloudFront', 'Apture Linking Platform', 'CCSI', 'CDN JS', 'CloudFront', 'Cloudflare', 'Cloudflare CDN', 'Express', 'Financial Services Guide', 'Google', 'Google Analytics', 'Google Cloud DNS', 'Google Font API', 'Google Maps', 'Google Related Website Sites', 'Google Tag Manager', 'IcoMoon', 'Instagram Follow Button', 'Klaviyo', 'Microdata for Google Shopping', 'PageFly', 'Privy', 'QUIC', 'SMC', 'ShareASale', 'Shopify', 'Shopify Collabs', 'Smile IO', 'TrackingMore', 'UTF-8', 'YouTube', 'eLand', 'hCaptcha', 'reCAPTCHA']"
leenue.com,LEENUE,LEENUE,,70,9345,2026-05-27T14:39:45.215436528Z,"['Apture Linking Platform', 'Cloudflare', 'Cloudflare CDN', 'IcoMoon', 'Instagram Follow Button', 'Microdata for Google Shopping', 'Shopify', 'Shopify Collabs', 'Smile IO', 'UTF-8', 'YouTube', 'hCaptcha', 'reCAPTCHA']"
madamemeerkat.com,Home,Madame Meerkat&#39;s Cabinet of Curiosities,,62,55396,2026-05-27T13:07:34.578354034Z,"['AWS WAF Challenge', 'Apache', 'Apture Linking Platform', 'Cloudflare', 'Cloudflare CDN', 'Coming Soon Page', 'DAV', 'Ethy', 'Express', 'Fireblade', 'Google Related Website Sites', 'IcoMoon', 'Instagram Follow Button', 'Line2', 'MailChimp', 'Microdata for Google Shopping', 'Onyx Internet', 'Oracle Cloud', 'Pantheon', 'Perl', 'QUIC', 'Shopify', 'Shopify Collabs', 'Smile IO', 'Tailwind CSS', 'UTF-8', 'YouTube', 'hCaptcha', 'jQuery', 'reCAPTCHA']"
piffyboutique.com,era & co: Online women's boutique for clothing and accessories – Piffy Boutique,Piffy Boutique,USA,77,10305,2026-05-27T12:59:04.611157015Z,"['Apture Linking Platform', 'Cloudflare', 'Cloudflare CDN', 'Express', 'Google Analytics', 'Google Forms', 'Google My Business', 'Google Related Website Sites', 'Google Tag Manager', 'IcoMoon', 'Instagram Follow Button', 'MailChimp', 'Microdata for Google Shopping', 'QUIC', 'Shopify', 'Shopify Collabs', 'Smile IO', 'UTF-8', 'hCaptcha', 'jsDelivr', 'reCAPTCHA']"
asobubottle.com,"ASOBU® | Premium Drinkware, Water Bottles, Tumblers & Travel Mugs",,PHL,87,16508,2026-05-27T12:52:03.701329111Z,"['17TRACK', 'Alternate Protocol', 'Amazon', 'Amazon WAF Blocked', 'Apture Linking Platform', 'Cloudflare', 'Cloudflare CDN', 'Coming Soon Page', 'Commoninja', 'Express', 'Google Forms', 'Google My Business', 'Google Related Website Sites', 'Harbor', 'Instagram Follow Button', 'Interchange', 'Microdata for Google Shopping', 'Oddle', 'PageFly', 'Perl', 'Privy', 'QUIC', 'ShareASale', 'Shopify', 'Shopify Collabs', 'Shopify Payments', 'Smile IO', 'Tailwind CSS', 'Thank You', 'TrackingMore', 'UTF-8', 'Umbler', 'hCaptcha', 'reCAPTCHA', 'shadcn ui']"
allisonsucculents.com,Allison Succulents,Allison Succulents,,62,83877,2026-05-27T11:31:16.209442661Z,"['Amazon CloudFront', 'Apture Linking Platform', 'Cart.com', 'CloudFront', 'Cloudflare', 'Cloudflare CDN', 'Etsy', 'Express', 'Google My Business', 'Instagram Follow Button', 'Microdata for Google Shopping', 'QUIC', 'Sapper', 'Shopify', 'Shopify Collabs', 'Smile IO', 'Tailwind CSS', 'UTF-8', 'hCaptcha', 'reCAPTCHA']"
vipvapers.com,Welcome to VIP Vapers UK,,,67,12745,2026-05-27T11:20:31.188562488Z,"['AJAX Libraries API', 'Alternate Protocol', 'Apture Linking Platform', 'Cloudflare', 'Cloudflare CDN', 'DAV', 'Google', 'Google Cloud DNS', 'Google Maps', 'Google My Business', 'Google Related Website Sites', 'IcoMoon', 'Instagram Follow Button', 'MailChimp', 'Microdata for Google Shopping', 'QUIC', 'Shopify', 'Shopify Collabs', 'Smile IO', 'Twitter Ads', 'UTF-8', 'hCaptcha', 'jsDelivr', 'reCAPTCHA']"
lvlupgames.ca,LVLUP GAMES MISSISSAUGA - Board Game Store & Cafe,,CAN,77,10065,2026-05-27T11:20:31.187053256Z,"['Apture Linking Platform', 'Cloudflare', 'Cloudflare CDN', 'Express', 'Google My Business', 'Google Related Website Sites', 'IcoMoon', 'Instagram Follow Button', 'Microdata for Google Shopping', 'Pledge', 'Shopify', 'Shopify Collabs', 'Smile IO', 'Twitter Ads', 'UTF-8', 'hCaptcha', 'reCAPTCHA']"
okiddo.sg,Okiddo Children Japanese Wear Kimono Jinbei Yukata Singapore – MERRILIKE KIDS,,SGP,67,19605,2026-05-27T11:02:02.850481986Z,"['Apture Linking Platform', 'Bulma', 'Cloudflare', 'Cloudflare CDN', 'Google Cloud DNS', 'Google Font API', 'Google Related Website Sites', 'Instagram Follow Button', 'NFOrce Internet', 'Shopify', 'Shopify Collabs', 'Smile IO', 'Subversion', 'Tailwind CSS', 'TalentLMS', 'Thank You', 'UTF-8', 'Vector Internet Services', 'hCaptcha', 'jQuery', 'reCAPTCHA']"
rydbrand.co.za,RYD Brand Global Surf Accessories & Softboards | South Africa,RYD Brand South Africa,ZAF,77,65212,2026-05-27T10:51:41.294304441Z,"['Apture Linking Platform', 'BunnyCDN General', 'Cloudflare', 'Cloudflare CDN', 'Google Related Website Sites', 'IcoMoon', 'Instagram Follow Button', 'Klaviyo', 'Microdata for Google Shopping', 'Newsletter for Wordpress', 'PageFly', 'QUIC', 'SMC', 'Shopify', 'Shopify Collabs', 'Smile IO', 'Tailwind CSS', 'TrackingMore', 'UTF-8', 'YouTube', 'hCaptcha', 'reCAPTCHA']"
blackotter.com,Blackotter Growth Agency & Shopify Plus Partner | Potential Unleashed,Blackotter,AUS,82,8976,2026-05-27T10:14:29.006378147Z,"['Apture Linking Platform', 'Cloudflare', 'Cloudflare CDN', 'Font Awesome', 'Google Adsense', 'Google Analytics', 'Google Funding Choices', 'Google Matched Content', 'Google Reseller', 'Google Tag Manager', 'Instagram Follow Button', 'Microdata for Google Shopping', 'Shopify', 'Shopify Collabs', 'Smile IO', 'Twitter Ads', 'UTF-8', 'hCaptcha', 'reCAPTCHA']"
naupakastore.com,Naupaka Store Homepage,,,62,30428,2026-05-27T09:56:58.522131998Z,"['3 Products', 'Afterpay', 'Apture Linking Platform', 'Cloudflare', 'Cloudflare CDN', 'Coming Soon Page', 'Express', 'Fastly', 'Fireblade', 'GoAffPro', 'Google My Business', 'Google Related Website Sites', 'IcoMoon', 'Instagram Follow Button', 'MailChimp', 'QUIC', 'Shopify', 'Shopify Collabs', 'Shopify Payments', 'Smile IO', 'Subversion', 'Swell Rewards', 'Thank You', 'UTF-8', 'Yotpo', 'hCaptcha', 'reCAPTCHA']"
cloudray.com,Cloudray Official Website : A Global Leader in Laser Solutions – Cloudray Laser,Cloudray Laser,IMN,87,28937,2026-05-27T09:56:58.483284324Z,"['Alternate Protocol', 'Amazon CloudFront', 'Apture Linking Platform', 'Azion', 'CloudFront', 'Cloudflare', 'Cloudflare CDN', 'Express', 'Fastly', 'Federal Deposit Insurance Corporation', 'Fireblade', 'Google Analytics', 'Google Related Website Sites', 'Google Tag Manager', 'Instagram Follow Button', 'MailChimp', 'Microdata for Google Shopping', 'Microsoft Clarity', 'QUIC', 'Shifter', 'Shopify', 'Shopify Collabs', 'Smile IO', 'UTF-8', 'YouTube', 'hCaptcha', 'jsDelivr', 'reCAPTCHA']"
moncadeau.online,Mon Cadeau,,GBR,60,2708,2026-05-27T09:01:22.225771397Z,"['Adult Content', 'Alternate Protocol', 'Amazon WAF Blocked', 'Apture Linking Platform', 'Cloudflare', 'Cloudflare CDN', 'Express', 'Favorites for WordPress', 'IcoMoon', 'Instagram Follow Button', 'Klaviyo', 'MailChimp', 'NFOrce Internet', 'Ntent', 'PayPal', 'QUIC', 'Rivo Loyalty', 'Share Link', 'Shopify', 'Shopify Collabs', 'Shopify Payments', 'Smile IO', 'Thank You', 'Twitter Ads', 'UTF-8', 'YouTube', 'hCaptcha', 'reCAPTCHA']"
gameline.ph,GAMELINE,,TUR,77,30664,2026-05-27T09:01:22.19145538Z,"['AWS WAF Challenge', 'Alternate Protocol', 'Apture Linking Platform', 'Cloudflare', 'Cloudflare CDN', 'Content Delivery Network', 'DC74', 'Google Related Website Sites', 'IcoMoon', 'Instagram Follow Button', 'Microdata for Google Shopping', 'Newsletter for Wordpress', 'QUIC', 'Shifter', 'Shopify', 'Shopify Collabs', 'Smile IO', 'UTF-8', 'hCaptcha', 'reCAPTCHA']"
poolpartstogo.com,Pool Parts To Go – PoolPartsToGo,,,77,233033,2026-05-27T07:05:53.567021357Z,"['Amazon', 'Amazon CloudFront', 'Amazon S3 CDN', 'Apture Linking Platform', 'Attentive', 'Bing Cashback', 'Bing Conversion Tracking', 'Black Crow AI', 'CloudFront', 'Cloudflare', 'Cloudflare CDN', 'Commission Junction', 'Content Square', 'CrazyEgg', 'Criteo', 'Express', 'Fastly', 'Fastly CDN', 'Fireblade', 'Google', 'Google Analytics', 'Google Cloud DNS', 'Google Font API', 'Google Maps', 'Google Related Website Sites', 'Google Tag Manager', 'IcoMoon', 'Instagram Follow Button', 'Intelligems', 'Klaviyo', 'Microdata for Google Shopping', 'NFOrce Internet', 'PageFly', 'QUIC', 'Rebuy', 'Reddit Conversion Tracking', 'Segment', 'Segment Consent Manager', 'Shopify', 'Shopify Collabs', 'Smile IO', 'Storyblocks', 'Thank You', 'TrackingMore', 'Twitter Ads', 'Twitter Analytics', 'UTF-8', 'UpSellit', 'VWO Engage', 'Visual Website Optimizer', 'Wicked Reports', 'YouTube', 'Zendesk Guide', 'hCaptcha', 'reCAPTCHA']"
prettyish211.net,Pretty-Ish 211,,,45,696,2026-05-27T06:29:02.426918604Z,"['Apture Linking Platform', 'CDN JS', 'Cloudflare', 'Cloudflare CDN', 'Express', 'Fancybox for WordPress', 'IcoMoon', 'Instagram Follow Button', 'Microdata for Google Shopping', 'Omnisend', 'Schema Plugin', 'Shopify', 'Shopify Collabs', 'Smile IO', 'Tailwind CSS', 'UTF-8', 'hCaptcha', 'jQuery', 'reCAPTCHA']"
jennyweaverworships.shop,Clothed in Grace – Clothed in Grace,Clothed in Grace ,GBR,82,46483,2026-05-27T06:12:32.438044723Z,"['AJAX Libraries API', 'AWS WAF Challenge', 'Afterpay', 'Amazon', 'Amazon CloudFront', 'Amazon WAF Blocked', 'Apture Linking Platform', 'Azure Edge', 'Bold Commerce', 'Cisco/Arrowpoint Content Service Switch', 'CloudFront', 'Cloudflare', 'Cloudflare CDN', 'Coming Soon Page', 'Express', 'Fastly', 'GitHub Hosting', 'Google Cloud DNS', 'Google Cloud Storage', 'Google Related Website Sites', 'Instagram Follow Button', 'Klaviyo', 'Microdata for Google Shopping', 'Microsoft Azure Verified CDN', 'Perl', 'QUIC', 'Shopify', 'Shopify Collabs', 'Smile IO', 'Subversion', 'Tailwind CSS', 'Tidio', 'Twitter Ads', 'UTF-8', 'Umbler', 'YouTube', 'hCaptcha', 'jQuery', 'reCAPTCHA']"
indigodreamshandmade.com,Indigo Dreams Handmade | Baby & Kids Clothing Australia,Indigo Dreams Handmade,,72,36266,2026-05-27T05:30:22.426228175Z,"['AJAX Libraries API', 'Adult Content', 'Alternate Protocol', 'Amazon CloudFront', 'Apture Linking Platform', 'Beeketing', 'CloudFront', 'Cloudflare', 'Cloudflare CDN', 'Coming Soon Page', 'Express', 'Facebook Login', 'Facebook Messenger Platform', 'Facebook Reseller', 'Google Cloud DNS', 'Google Related Website Sites', 'Instagram Follow Button', 'JustUno', 'MailChimp', 'Microsoft Ajax Content Delivery Network', 'POWr', 'PayPal', 'QUIC', 'Shifter', 'Shopify', 'Shopify Collabs', 'Shopify Payments', 'Smile IO', 'Snowplow', 'Swell Rewards', 'Tailwind CSS', 'Thank You', 'Twitter Ads', 'UTF-8', 'Weglot', 'Yotpo', 'hCaptcha', 'jQuery', 'jsDelivr', 'reCAPTCHA']"
branchpatty.com,Branch Patty - Nationwide Shipping,,,72,14484,2026-05-27T05:01:08.527170446Z,"['Apture Linking Platform', 'Cloudflare', 'Cloudflare CDN', 'Coming Soon Page', 'Express', 'Google Related Website Sites', 'IcoMoon', 'Instagram Follow Button', 'Klaviyo', 'Microdata for Google Shopping', 'NFOrce Internet', 'QUIC', 'Schema Plugin', 'Shopify', 'Shopify Collabs', 'SiteW', 'Smile IO', 'Tailwind CSS', 'Thank You', 'Twitter Ads', 'UTF-8', 'hCaptcha', 'reCAPTCHA']"
thefarmerswifewi.com,The Farmer's Wife | Custom Farmhouse Decor & Personalized Gifts – The Farmer's Wife WI,The Farmer&#39;s Wife WI,,72,10065,2026-05-27T04:40:24.852266349Z,"['Amazon CloudFront', 'Apture Linking Platform', 'CloudFront', 'Cloudflare', 'Cloudflare CDN', 'Express', 'Google Related Website Sites', 'IcoMoon', 'Instagram Follow Button', 'Microdata for Google Shopping', 'QUIC', 'Shopify', 'Shopify Collabs', 'Smile IO', 'UTF-8', 'hCaptcha', 'reCAPTCHA']"
caribbeancornershop.com,My Caribbean Grocer | Delivering a Little Piece of Home,My Caribbean Grocer,EGY,77,12807,2026-05-27T04:12:58.848380695Z,"['Amazon', 'Amazon S3 CDN', 'Apture Linking Platform', 'Cloudflare', 'Cloudflare CDN', 'Express', 'Fancybox for WordPress', 'Google Analytics', 'Google Related Website Sites', 'Google Tag Manager', 'Instagram Follow Button', 'Microdata for Google Shopping', 'Omnisend', 'QUIC', 'Shopify', 'Shopify Collabs', 'Smile IO', 'Storyblocks', 'Twitter Ads', 'UTF-8', 'hCaptcha', 'jQuery', 'reCAPTCHA']"
underground-ovation.com,Underground Ovation,Underground Ovation,VAT,72,18165,2026-05-27T03:19:45.462520824Z,"['Apture Linking Platform', 'Aruba', 'Cloudflare', 'Cloudflare CDN', 'Fastly', 'Google Related Website Sites', 'Heroku', 'IcoMoon', 'Instagram Follow Button', 'Microdata for Google Shopping', 'QUIC', 'Shopify', 'Shopify Collabs', 'Smile IO', 'The Deck', 'UTF-8', 'Vector Internet Services', 'YouTube', 'eLand', 'hCaptcha', 'reCAPTCHA']"
besttodayguide.com,Best Today® – The Best Today Brand,The Best Today Brand ,GBR,77,44054,2026-05-27T03:19:45.460790237Z,"['AWS WAF Challenge', 'Alternate Protocol', 'Amazon WAF Blocked', 'Apture Linking Platform', 'Circle.so', 'Cloudflare', 'Cloudflare CDN', 'ConvertKit', 'Express', 'Fastly', 'Fastly CDN', 'Favorites for WordPress', 'GoAffPro', 'Google Analytics', 'Google Tag Manager', 'Instagram Follow Button', 'Microdata for Google Shopping', 'NFOrce Internet', 'Ntent', 'PHP', 'PageFly', 'QUIC', 'Rivo Loyalty', 'Share Link', 'Shopify', 'Shopify Collabs', 'Shopify Payments', 'Smile IO', 'Tailwind CSS', 'Thank You', 'UTF-8', 'Video PopUp for Wordpress', 'YouTube', 'eLand', 'hCaptcha', 'reCAPTCHA']"
naturalherballabs.com,Nature Herbal Labs – Natural Herbal Labs,,USA,77,40585,2026-05-27T03:13:53.292642778Z,"['Affiliatly', 'Alternate Protocol', 'Apture Linking Platform', 'Cloudflare', 'Cloudflare CDN', 'Express', 'Google Cloud DNS', 'Google Font API', 'Google My Business', 'IcoMoon', 'Instagram Follow Button', 'Mapp', 'Microdata for Google Shopping', 'QUIC', 'Schema Plugin', 'Secomapp', 'Shopify', 'Shopify Collabs', 'Smile IO', 'Tailwind CSS', 'Twitter Ads', 'UTF-8', 'YouTube', 'hCaptcha', 'reCAPTCHA']"
bisoulovely.com,Bisoulovely | Ethereal Jewelry Inspired by Anime & Magic,,VAT,92,70732,2026-05-27T02:40:51.467218168Z,"['Alternate Protocol', 'Amazon CloudFront', 'Apture Linking Platform', 'Aruba', 'CloudFront', 'Cloudflare', 'Cloudflare CDN', 'Coming Soon Page', 'Express', 'Fireblade', 'Google', 'Google Cloud DNS', 'Google Font API', 'Google Maps', 'Google Related Website Sites', 'Gorgias', 'Hotjar', 'IcoMoon', 'Instagram Follow Button', 'K2F', 'Klaviyo', 'Microdata for Google Shopping', 'NFOrce Internet', 'Privy', 'QUIC', 'RM Education', 'Schema Plugin', 'Shopify', 'Shopify Collabs', 'Shopify Payments', 'Smile IO', 'Tailwind CSS', 'Twitter Ads', 'UTF-8', 'WhatsApp Sharing', 'Wisepops', 'YouTube', 'eLand', 'hCaptcha', 'reCAPTCHA']"
eezycraftzy.com,Eezycraftzy,Eezycraftzy,,62,16997,2026-05-27T02:18:40.425562919Z,"['Alternate Protocol', 'Amazon', 'Apture Linking Platform', 'Cloudflare', 'Cloudflare CDN', 'DC74', 'Express', 'Google Analytics', 'Google My Business', 'Google Related Website Sites', 'Google Tag Manager', 'Instagram Follow Button', 'Microdata for Google Shopping', 'QUIC', 'Shopify', 'Shopify Collabs', 'Smile IO', 'Tailwind CSS', 'UTF-8', 'hCaptcha', 'jsDelivr', 'reCAPTCHA']"
curiouscollectionsvinylrecords.com,Curious Collections Vinyl Records & More,Curious Collections Vinyl Records & More,USA,77,25997,2026-05-27T02:12:02.167661648Z,"['Alternate Protocol', 'Apture Linking Platform', 'Attentive', 'Cloudflare', 'Cloudflare CDN', 'Digital Ocean Spaces', 'Google Cloud DNS', 'Google Cloud Storage', 'Google Font API', 'Google Forms', 'Google Maps', 'Google My Business', 'Google Related Website Sites', 'Instagram Follow Button', 'Microdata for Google Shopping', 'Schema Plugin', 'Shopify', 'Shopify Collabs', 'Smile IO', 'Tailwind CSS', 'Twitter Ads', 'UTF-8', 'University or College', 'YouTube', 'eLand', 'hCaptcha', 'reCAPTCHA']"
boutiquearizona.com,American Express,Clothes Minded,,60,663,2026-05-27T02:12:02.111398084Z,"['Apture Linking Platform', 'Cloudflare', 'Cloudflare CDN', 'Express', 'Google Cloud DNS', 'Google Related Website Sites', 'IcoMoon', 'Instagram Follow Button', 'Klaviyo', 'MailChimp', 'Microdata for Google Shopping', 'PayPal', 'QUIC', 'Shipping Rates Calculator', 'Shopify', 'Shopify Collabs', 'Smile IO', 'Tailwind CSS', 'Twitter Ads', 'UTF-8', 'YouTube', 'hCaptcha', 'reCAPTCHA']"
reveredartistry.com,Revered Artistry,Revered Artistry,VAT,72,14797,2026-05-27T02:12:02.103986775Z,"['Alternate Protocol', 'Amazon CloudFront', 'Apture Linking Platform', 'Aruba', 'Azure Edge', 'CloudFront', 'Cloudflare', 'Cloudflare CDN', 'Express', 'Google Related Website Sites', 'Instagram Follow Button', 'Microdata for Google Shopping', 'Microsoft Azure Verified CDN', 'PHP', 'QUIC', 'Shopify', 'Shopify Collabs', 'Smile IO', 'Twitter Ads', 'UTF-8', 'eLand', 'hCaptcha', 'reCAPTCHA']"
kdecomarket.com,kdskincarestudio,kdskincarestudio,VAT,77,26157,2026-05-27T02:12:02.09484472Z,"['Apture Linking Platform', 'Aruba', 'Cloudflare', 'Cloudflare CDN', 'DAV', 'Express', 'Fireblade', 'GetResponse', 'Google My Business', 'IcoMoon', 'Instagram Follow Button', 'Microdata for Google Shopping', 'QUIC', 'Shipping Rates Calculator', 'Shopify', 'Shopify Collabs', 'Smile IO', 'Storyblocks', 'Tailwind CSS', 'UTF-8', 'eLand', 'hCaptcha', 'reCAPTCHA']"
grassfedeats.com,"Grass Finished Beef, Pastured Pork, Pasture Raised Chickens – Grass Fed Eats",,USA,72,26105,2026-05-27T01:34:39.261309921Z,"['Alternate Protocol', 'Apture Linking Platform', 'Cloudflare', 'Cloudflare CDN', 'Facebook Login', 'Facebook Messenger Platform', 'Facebook Reseller', 'Google Analytics', 'Google My Business', 'Google Recommendations AI', 'Google Related Website Sites', 'Google Tag Manager', 'Hotjar', 'IcoMoon', 'Microdata for Google Shopping', 'Microsoft Clarity', 'QUIC', 'Schema Plugin', 'Shopify', 'Shopify Collabs', 'Smile IO', 'Tailwind CSS', 'UTF-8', 'hCaptcha', 'reCAPTCHA']"
xamsasquash.com,Xamsa Squash is the manufacturer of High Quality Squash Racquets – XamsaSquash,,CAN,77,27616,2026-05-27T01:34:39.228336799Z,"['Alternate Protocol', 'Amazon CloudFront', 'Apture Linking Platform', 'Aruba', 'CloudFront', 'Cloudflare', 'Cloudflare CDN', 'Coming Soon Page', 'Google', 'Google Cloud DNS', 'Google Maps', 'Google Related Website Sites', 'Imgix', 'Instagram Follow Button', 'Klaviyo', 'MailChimp', 'Microdata for Google Shopping', 'NFOrce Internet', 'Onyx Internet', 'PayPal', 'QUIC', 'Schema Plugin', 'Shopify', 'Shopify Collabs', 'Shopify Payments', 'Smile IO', 'Tailwind CSS', 'Thank You', 'Twitter Ads', 'UTF-8', 'eLand', 'hCaptcha', 'reCAPTCHA']"
alohii.com,Alohii: DIY Lash Extensions & Lash Clusters | At-Home Lashes,Alohii,USA,82,39933,2026-05-27T01:04:46.008554712Z,"['Adobe Creative Cloud WebFonts', 'Amazon CloudFront', 'Amazon WAF Blocked', 'Apture Linking Platform', 'Clockwork', 'CloudFront', 'Cloudflare', 'Cloudflare CDN', 'Fastly', 'Google Analytics', 'Google Related Website Sites', 'Google Tag Manager', 'IcoMoon', 'Instagram Follow Button', 'Landis Holdings', 'Microdata for Google Shopping', 'PageFly', 'QUIC', 'ReviewWidget', 'Shopify', 'Shopify Collabs', 'SiteW', 'Smile IO', 'Subversion', 'Thank You', 'TrackingMore', 'UTF-8', 'Vector Internet Services', 'hCaptcha', 'reCAPTCHA']"
smoothroots.co,Smooth Roots CBD | Nature's Best CBD Oil | CBD Store,Smooth Roots,USA,77,14753,2026-05-27T00:52:56.475004137Z,"['AJAX Libraries API', 'Apture Linking Platform', 'Cloudflare', 'Cloudflare CDN', 'Google Analytics', 'Google Cloud DNS', 'Google Related Website Sites', 'Google Tag Manager', 'IcoMoon', 'Instagram Follow Button', 'Klaviyo', 'Marsello', 'Microdata for Google Shopping', 'PageFly', 'QUIC', 'Schema Plugin', 'Shopify', 'Shopify Collabs', 'Smile IO', 'Twitter Ads', 'UTF-8', 'hCaptcha', 'reCAPTCHA']"
neelamfoodlandmumbai.com,Neelam Foodland Mumbai,,IND,87,38954,2026-05-27T00:52:56.467732787Z,"['AJAX Libraries API', 'Apture Linking Platform', 'BunnyCDN General', 'CDN JS', 'Cloudflare', 'Cloudflare CDN', 'Coming Soon Page', 'GetButton.io', 'Google', 'Google Cloud DNS', 'Google Font API', 'Instagram Follow Button', 'MailChimp', 'Microdata for Google Shopping', 'Microsoft Clarity', 'NFOrce Internet', 'Plausible Analytics', 'QUIC', 'Shopify', 'Shopify Collabs', 'Smile IO', 'Snowplow', 'Subversion', 'Thank You', 'UTF-8', 'Vector Internet Services', 'WhatsApp Sharing', 'hCaptcha', 'jQuery', 'jsDelivr', 'reCAPTCHA']"
shopdaffodilandco.com,Daffodil & Co. | Home,,VAT,72,61517,2026-05-27T00:34:40.497219572Z,"['AJAX Libraries API', 'Apture Linking Platform', 'Aruba', 'Cloudflare', 'Cloudflare CDN', 'Express', 'Fastly', 'Google Cloud DNS', 'Instagram Follow Button', 'Microdata for Google Shopping', 'PayPal', 'SMC', 'Schema Plugin', 'Shopify', 'Shopify Collabs', 'Smile IO', 'UTF-8', 'eLand', 'hCaptcha', 'jQuery', 'reCAPTCHA']"
greystoneneedlepoint.com,Greystone Needlepoint,,FRA,72,14077,2026-05-26T23:49:29.906676777Z,"['Amazon CloudFront', 'Apture Linking Platform', 'CDN JS', 'CloudFront', 'Cloudflare', 'Cloudflare CDN', 'FreeCSSTemplates', 'Google', 'Google Cloud DNS', 'Google Maps', 'Instagram Follow Button', 'Klaviyo', 'Microdata for Google Shopping', 'PHP', 'PayPal', 'QUIC', 'Schema Plugin', 'ShareASale', 'Shopify', 'Shopify Collabs', 'Smile IO', 'Tailwind CSS', 'UTF-8', 'University or College', 'hCaptcha', 'jsDelivr', 'reCAPTCHA']"
2littlebees.co.uk,Cords and paracords from crafting to hiking – 2 little bees,2 little bees,,67,12465,2026-05-26T23:36:31.297009331Z,"['Amazon', 'Apture Linking Platform', 'Cloudflare', 'Cloudflare CDN', 'ElementUI', 'Express', 'Google Related Website Sites', 'IcoMoon', 'Instagram Follow Button', 'Microdata for Google Shopping', 'QUIC', 'Shopify', 'Shopify Collabs', 'Smile IO', 'UTF-8', 'YouTube', 'hCaptcha', 'reCAPTCHA']"
meltssogood.com,Ear Wax Removal Norfolk,,,50,408,2026-05-26T23:24:37.264446853Z,"['Afterpay', 'Amazon', 'Apture Linking Platform', 'Cloudflare', 'Cloudflare CDN', 'Shopify', 'Shopify Collabs', 'Smile IO', 'UTF-8', 'hCaptcha', 'reCAPTCHA']"
deepbluehealth.kr,Natural Health Supplements NZ | Deep Blue Health – Deep Blue Health NZ,Deep Blue Health,NZL,82,33724,2026-05-26T22:22:47.317341539Z,"['3 Products', 'Alternate Protocol', 'Amazon CloudFront', 'Apture Linking Platform', 'Bold Commerce', 'CDN JS', 'CloudFront', 'Cloudflare', 'Cloudflare CDN', 'Express', 'Facebook Pixel', 'Fireblade', 'Formtoro', 'Google Analytics', 'Google Cloud DNS', 'Google Font API', 'Google Related Website Sites', 'Google Tag Manager', 'GraphQL', 'Hotjar', 'Instagram Follow Button', 'Klaviyo', 'Microdata for Google Shopping', 'Microsoft Clarity', 'NFOrce Internet', 'PWA', 'Parcel', 'QUIC', 'Shopify', 'Shopify Collabs', 'Smile IO', 'Tailwind CSS', 'Thank You', 'UTF-8', 'eLand', 'hCaptcha', 'jQuery', 'jsDelivr', 'reCAPTCHA']"
saltandseaweedapothecary.com,Salt & Seaweed Apothecary,,CAN,82,117243,2026-05-26T22:22:47.312115162Z,"['AWS WAF Challenge', 'Apture Linking Platform', 'Cart.com', 'Chatra', 'Cloudflare', 'Cloudflare CDN', 'Express', 'Fireblade', 'Google Related Website Sites', 'IcoMoon', 'Instagram Follow Button', 'MailChimp', 'NFOrce Internet', 'POWr', 'Shopify', 'Shopify Collabs', 'Smile IO', 'Tailwind CSS', 'Thank You', 'UTF-8', 'hCaptcha', 'reCAPTCHA']"
cafedumondecreperie.ca,Café du Monde Crêperie | Café & Food Truck,Café du Monde Crêperie,CAN,82,92371,2026-05-26T20:45:11.176654937Z,"['3 Products', 'Amazon WAF Blocked', 'Apture Linking Platform', 'Channel Intelligence', 'Cloudflare', 'Cloudflare CDN', 'Cowlendar', 'Create React App', 'DAV', 'DoubleClick Bid Manager', 'Express', 'Google Analytics', 'Google My Business', 'Google Related Website Sites', 'Google Reseller', 'Google Tag Manager', 'IcoMoon', 'Instagram Follow Button', 'Iubenda', 'Microdata for Google Shopping', 'NFOrce Internet', 'Ntent', 'POWr', 'QUIC', 'SMC', 'Shopify', 'Shopify Collabs', 'Shopify Payments', 'Smile IO', 'The Fresh', 'Twitter Ads', 'UTF-8', 'YouTube', 'hCaptcha', 'reCAPTCHA']"
lorisheirlooms.com,Custom Heirloom Sewing and Children's Clothing | Lori's Heirlooms,Lori&#39;s Heirlooms,,67,10789,2026-05-26T20:45:11.134668521Z,"['Apture Linking Platform', 'Cloudflare', 'Cloudflare CDN', 'Google Related Website Sites', 'Heroku', 'Instagram Follow Button', 'JustUno', 'Microdata for Google Shopping', 'QUIC', 'Shopify', 'Shopify Collabs', 'Smile IO', 'UTF-8', 'hCaptcha', 'reCAPTCHA']"
sugarsugarwax.com,Sugar Sugar Wax. At-home sugaring hair removal for sensitive skin,,VAT,72,34872,2026-05-26T20:29:11.424202169Z,"['Amazon CloudFront', 'Apture Linking Platform', 'Aruba', 'CDN JS', 'CloudFront', 'Cloudflare', 'Cloudflare CDN', 'Cornerstone', 'Express', 'Google My Business', 'Google Related Website Sites', 'IcoMoon', 'Instagram Follow Button', 'KVH', 'Klaviyo', 'Lazy Load for WordPress', 'MailChimp', 'Microdata for Google Shopping', 'Okendo', 'QUIC', 'Schema Plugin', 'Shipping Rates Calculator', 'Shopify', 'Shopify Collabs', 'Smile IO', 'UTF-8', 'Vimeo', 'YouTube', 'eLand', 'hCaptcha', 'reCAPTCHA']"
coree.ch,"COREE Korean Cosmetics & Skincare, K-Beauty Online shop",,,62,38614,2026-05-26T20:19:22.386354553Z,"['Alternate Protocol', 'Amazon CloudFront', 'Apture Linking Platform', 'Azure Edge', 'Chaty Premio', 'CloudFront', 'Cloudflare', 'Cloudflare CDN', 'DAV', 'Ethy', 'Express', 'Google Related Website Sites', 'IcoMoon', 'Instagram Follow Button', 'KVH', 'MailChimp', 'Microdata for Google Shopping', 'NFOrce Internet', 'QUIC', 'Schema Plugin', 'Shopify', 'Shopify Collabs', 'Smile IO', 'Tailwind CSS', 'Thank You', 'Triggered Messaging', 'UTF-8', 'YouTube', 'hCaptcha', 'reCAPTCHA']"
shopcreativeeye.com,"Creative Eye – Eyelash Extensions, Lash Kits & Lash Supplies – Creative Eye Lash Extensions",Creative Eye Lash Extensions,,72,33935,2026-05-26T20:00:29.374472682Z,"['AJAX Libraries API', 'Amazon CloudFront', 'Apture Linking Platform', 'CDN JS', 'CloudFront', 'Cloudflare', 'Cloudflare CDN', 'DAV', 'Express', 'Google Cloud DNS', 'Google My Business', 'Google Related Website Sites', 'Instagram Follow Button', 'KVH', 'Klaviyo', 'Microdata for Google Shopping', 'No-Q', 'PWA', 'Poptin', 'Shopify', 'Shopify Collabs', 'Smile IO', 'Triggered Messaging', 'UTF-8', 'hCaptcha', 'reCAPTCHA']"
tcgexpress.net,TCG EXPRESS,,JPN,72,10736,2026-05-26T19:14:09.207913643Z,"['AJAX Libraries API', 'Apture Linking Platform', 'CDN JS', 'Cloudflare', 'Cloudflare CDN', 'Discord', 'ElementUI', 'Express', 'Font Awesome', 'Google Cloud DNS', 'Google Cloud Storage', 'Google Font API', 'Google Related Website Sites', 'Instagram Follow Button', 'Microdata for Google Shopping', 'QUIC', 'Shopify', 'Shopify Collabs', 'Smile IO', 'Tailwind CSS', 'Twitter Ads', 'UTF-8', 'YouTube', 'hCaptcha', 'jQuery', 'jsDelivr', 'reCAPTCHA']"
kariandgo.com,"Tote Bags, Messenger Bags, Bucket Hats & Waist Bead | High Waist Pants – KariAndGo",,,62,14685,2026-05-26T19:03:28.817999472Z,"['Apture Linking Platform', 'Cloudflare', 'Cloudflare CDN', 'Express', 'Google My Business', 'Google Related Website Sites', 'IcoMoon', 'Instagram Follow Button', 'Klaviyo', 'Microdata for Google Shopping', 'NFOrce Internet', 'Pico CSS', 'Reputon', 'Schema Plugin', 'Share Link', 'Shopify', 'Shopify Collabs', 'Shopify Payments', 'Smile IO', 'Tailwind CSS', 'Thank You', 'Twitter Ads', 'UTF-8', 'hCaptcha', 'reCAPTCHA']"
sipchampagnes.com,Sip Champagnes: The UK's Best Champagne Delivery & Subscription,,GBR,77,23765,2026-05-26T19:03:28.796263981Z,"['AJAX Libraries API', 'Alternate Protocol', 'Apture Linking Platform', 'Bing Cashback', 'Bing Conversion Tracking', 'Cloudflare', 'Cloudflare CDN', 'Express', 'Fastly CDN', 'GitHub Hosting', 'Google Cloud DNS', 'Google Cloud Storage', 'Google Related Website Sites', 'IcoMoon', 'Instagram Follow Button', 'Klaviyo', 'Microdata for Google Shopping', 'Parcel', 'QUIC', 'Shopify', 'Shopify Collabs', 'Smile IO', 'Trustpilot Reviews for WordPress', 'Twitter Ads', 'UTF-8', 'hCaptcha', 'jQuery', 'jsDelivr', 'reCAPTCHA']"
funkopops.com.au,Gametraders Modbury Heights,Gametraders Modbury Heights,VAT,77,17936,2026-05-26T18:27:19.050872832Z,"['Amazon CloudFront', 'Apture Linking Platform', 'Aruba', 'CloudFront', 'Cloudflare', 'Cloudflare CDN', 'Coming Soon Page', 'Express', 'Google Related Website Sites', 'Heroku', 'Microdata for Google Shopping', 'QUIC', 'RM Education', 'Shopify', 'Shopify Collabs', 'Shopify Payments', 'Smile IO', 'UTF-8', 'eLand', 'hCaptcha', 'reCAPTCHA']"
reflektskincare.com,"Reflekt | Minimalist Skincare for Glowing, Healthy Skin",Reflekt,FRA,82,38644,2026-05-26T17:49:05.974377223Z,"['3 Products', 'Adult Content', 'Amazon CloudFront', 'Apture Linking Platform', 'Bold Commerce', 'ByteDance', 'CloudFront', 'Cloudflare', 'Cloudflare CDN', 'Express', 'Fastly', 'Fireblade', 'Font Awesome', 'Google Related Website Sites', 'Hotjar', 'Instagram Follow Button', 'Klaviyo', 'Microdata for Google Shopping', 'PWA', 'QUIC', 'Reddit Conversion Tracking', 'Shopify', 'Shopify Collabs', 'Smile IO', 'Tailwind CSS', 'TikTok Conversion Tracking Pixel', 'UTF-8', 'Vector Internet Services', 'WordPress SEO Structured Data Schema Plugin', 'YouTube', 'hCaptcha', 'jsDelivr', 'reCAPTCHA']"
justinwestern.com,Zelris Women's Western Concealed Carry Handbag Crossbody Purse,Zelris,USA,77,12776,2026-05-26T17:49:05.973364789Z,"['3 Products', 'Apture Linking Platform', 'Cloudflare', 'Cloudflare CDN', 'Google Related Website Sites', 'Klaviyo', 'Meta Slider for WordPress', 'Microdata for Google Shopping', 'QUIC', 'Schema Plugin', 'Shipping Rates Calculator', 'Shopify', 'Shopify Collabs', 'Smile IO', 'Tailwind CSS', 'UTF-8', 'hCaptcha', 'jQuery', 'reCAPTCHA']"
myzenskincare.com,MyZenSkinCare.com,,,62,44678,2026-05-26T17:49:05.96056778Z,"['AJAX Libraries API', 'AdRoll', 'Alternate Protocol', 'Amazon CloudFront', 'Apps4BigCommerce', 'AutoComplete', 'BigCommerce', 'ByteDance', 'CloudFront', 'Cloudflare', 'Cloudflare CDN', 'Ethy', 'Express', 'Facebook Conversion Tracking', 'Facebook Login', 'Facebook Messenger Platform', 'Facebook Pixel', 'Facebook Reseller', 'Facebook Tag API', 'Fireblade', 'Font Awesome', 'GoAffPro', 'Google', 'Google Analytics', 'Google Cloud CDN', 'Google Cloud DNS', 'Google Font API', 'Google Tag Manager', 'Instagram Follow Button', 'Nextsale', 'Perl', 'QUIC', 'S Loyalty', 'SKWID', 'Smile IO', 'TikTok Conversion Tracking Pixel', 'UTF-8', 'Unsplash', 'YouTube', 'eLand']"
vapecentric.com,"Vapecentric | Mods, Tanks, Coils, Attys, RDAs, RTA, Clearomizers, Atomizers, E-Cigs, Mechs, eLiquids",,,62,41700,2026-05-26T17:42:31.063829746Z,"['AgeChecker.Net', 'Alternate Protocol', 'Amazon', 'Amazon S3 CDN', 'BigCommerce', 'Cloudflare', 'Cloudflare CDN', 'Express', 'Facebook Login', 'Facebook Messenger Platform', 'Facebook Reseller', 'Fera', 'Fireblade', 'Fomo', 'Font Awesome', 'Google', 'Google Analytics', 'Google Analytics with Ad Tracking', 'Google Cloud CDN', 'Google Cloud DNS', 'Google Font API', 'Google My Business', 'Google Play', 'Google Related Website Sites', 'Google Tag Manager', 'Instagram Follow Button', 'Krypt Technologies', 'MailChimp', 'Microsoft Azure Blob Storage', 'PushAlert', 'QUIC', 'Reamaze', 'S Loyalty', 'Smile IO', 'Storyblocks', 'Swell Rewards', 'TrustLogo', 'Twitter Ads', 'UTF-8', 'Yotpo']"
taracollective.com.au,Tara Collective | Affordable Jewellery for Everyday Wear – taracollective.com.au,taracollective.com.au,SGP,77,31565,2026-05-26T17:32:25.643802649Z,"['Afterpay', 'Apture Linking Platform', 'Cloudflare', 'Cloudflare CDN', 'Express', 'Facebook Login', 'Facebook Messenger Platform', 'Facebook Reseller', 'Google Related Website Sites', 'IcoMoon', 'Instagram Follow Button', 'KVH', 'Microdata for Google Shopping', 'NFOrce Internet', 'QUIC', 'Shopify', 'Shopify Collabs', 'Smile IO', 'Thank You', 'UTF-8', 'eLand', 'hCaptcha', 'reCAPTCHA']"
fdfraceshop.com,FDFRaceshop,,SMR,65,23757,2026-05-26T17:00:51.076233812Z,"['Amazon CloudFront', 'Apture Linking Platform', 'Aruba', 'CloudFront', 'Cloudflare', 'Cloudflare CDN', 'Google', 'Google Cloud DNS', 'Google Maps', 'Google Related Website Sites', 'Gravity', 'Instagram Follow Button', 'Klaviyo', 'Loop Returns', 'Microdata for Google Shopping', 'NFOrce Internet', 'PHP', 'QUIC', 'Schema Plugin', 'Shopify', 'Shopify Collabs', 'Shopify Payments', 'Smile IO', 'Storyblocks', 'Tailwind CSS', 'Thank You', 'UTF-8', 'YouTube', 'Zipify', 'eLand', 'hCaptcha', 'reCAPTCHA']"
vicsdelivery.com.au,Online Butcher | Meat Delivery - Vic's Meat,Vic&#39;s Meat,JPN,77,49217,2026-05-26T15:50:19.980072644Z,"['Afterpay', 'Alternate Protocol', 'Amazon CloudFront', 'Amazon WAF Blocked', 'App Store', 'Apture Linking Platform', 'CDN JS', 'CloudFront', 'Cloudflare', 'Cloudflare CDN', 'Content Delivery Network', 'Contento', 'ElementUI', 'Express', 'Facebook Reseller', 'Fastly CDN', 'FormSubmit', 'Google Analytics', 'Google Cloud DNS', 'Google Cloud Storage', 'Google Related Website Sites', 'Google Tag Manager', 'GraphQL', 'Hotjar', 'IcoMoon', 'Instagram Follow Button', 'Klaviyo', 'Microdata for Google Shopping', 'Parcel', 'QUIC', 'Shopify', 'Shopify Collabs', 'Smile IO', 'Square', 'Subversion', 'Swell Rewards', 'Tailwind CSS', 'UTF-8', 'Vimeo', 'Yotpo', 'YouTube', 'hCaptcha', 'jQuery', 'reCAPTCHA']"
ellistonvineyards.com,Elliston Vineyards,Elliston Vineyards,,67,40245,2026-05-26T15:50:09.279970164Z,"['Amazon CloudFront', 'Amazon S3 CDN', 'Apture Linking Platform', 'BookThatApp', 'Calendly', 'CloudFront', 'Cloudflare', 'Cloudflare CDN', 'Express', 'Fireblade', 'Google Analytics', 'Google My Business', 'Google Related Website Sites', 'Google Tag Manager', 'Heroku', 'IcoMoon', 'Instagram Follow Button', 'Microdata for Google Shopping', 'NFOrce Internet', 'OpenTable', 'PageFly', 'RM Education', 'Shopify', 'Shopify Collabs', 'Smile IO', 'Storyblocks', 'Tailwind CSS', 'Thank You', 'TrackingMore', 'Twitter Ads', 'UTF-8', 'YouTube', 'hCaptcha', 'reCAPTCHA']"
zuleandco.com,Zulé & Co. – Zulé & Co.,Zulé &amp; Co. ,CHL,77,41445,2026-05-26T15:04:14.430096989Z,"['Amazon CloudFront', 'Apture Linking Platform', 'CloudFront', 'Cloudflare', 'Cloudflare CDN', 'Express', 'IcoMoon', 'Imgix', 'Instagram Follow Button', 'Klaviyo', 'Landis Holdings', 'Microdata for Google Shopping', 'NFOrce Internet', 'Perl', 'QUIC', 'Shopify', 'Shopify Collabs', 'Shopify Payments', 'Silicon Valley Web Hosting', 'Smile IO', 'Subversion', 'Thank You', 'UTF-8', 'Vector Internet Services', 'hCaptcha', 'reCAPTCHA']"
ohmypot.com,Fishing tackle shop in So Cal – California Outdoor Pro,,,62,48901,2026-05-26T14:46:07.293943671Z,"['AWS WAF Challenge', 'Amplitude', 'Apture Linking Platform', 'Cloudflare', 'Cloudflare CDN', 'Express', 'Facebook Customer Chat SDK', 'Facebook Login', 'Facebook Messenger Platform', 'Facebook Reseller', 'Fastly', 'Fireblade', 'GoAffPro', 'Google Cloud DNS', 'Google Font API', 'Google Related Website Sites', 'Harbor', 'IcoMoon', 'Instagram Follow Button', 'Microdata for Google Shopping', 'PageFly', 'QUIC', 'Schema Plugin', 'Shopify', 'Shopify Collabs', 'Smile IO', 'Squid', 'Tailwind CSS', 'Twitter Ads', 'UTF-8', 'YouTube', 'hCaptcha', 'jQuery', 'reCAPTCHA']"
ebathreads.com,Allison Embroidery,Allison Embroidery,,45,1004,2026-05-26T14:46:07.261757994Z,"['Apture Linking Platform', 'Cloudflare', 'Cloudflare CDN', 'Express', 'IcoMoon', 'Instagram Follow Button', 'Microdata for Google Shopping', 'NFOrce Internet', 'Shopify', 'Shopify Collabs', 'Smile IO', 'Thank You', 'UTF-8', 'hCaptcha', 'reCAPTCHA']"
lenscottage.com,Buy cheapest contact lens online Singapore – lens-cottage,,,72,14327,2026-05-26T14:46:07.260945251Z,"['Apture Linking Platform', 'Cloudflare', 'Cloudflare CDN', 'Google Cloud DNS', 'Google Font API', 'Google Related Website Sites', 'Instagram Follow Button', 'NFOrce Internet', 'No-Q', 'QUIC', 'Shopify', 'Shopify Collabs', 'Smile IO', 'Thank You', 'UTF-8', 'Weglot', 'hCaptcha', 'reCAPTCHA']"
wowfashionhk.com,WOW Fashion Jewellery – WOW FASHION,,,72,21665,2026-05-26T14:32:10.060286752Z,"['3 Products', 'Alternate Protocol', 'Apture Linking Platform', 'Cloudflare', 'Cloudflare CDN', 'ETranslate', 'Express', 'Fastly CDN', 'GTranslate', 'Google Analytics', 'Google My Business', 'Google Related Website Sites', 'Google Tag Manager', 'IcoMoon', 'Instagram Follow Button', 'Microdata for Google Shopping', 'NFOrce Internet', 'Perl', 'QUIC', 'Shopify', 'Shopify Collabs', 'Shopify Payments', 'Smile IO', 'Tailwind CSS', 'Thank You', 'UTF-8', 'WhatsApp Sharing', 'hCaptcha', 'reCAPTCHA']"
miraebeauty.my,MIRAE – iQueen,,,55,17375,2026-05-26T14:01:42.046588635Z,"['Alternate Protocol', 'Amazon', 'Apture Linking Platform', 'Cloudflare', 'Cloudflare CDN', 'ECSHOP', 'Fastly', 'Google Cloud DNS', 'Google Font API', 'Google Related Website Sites', 'IcoMoon', 'Instagram Follow Button', 'Microdata for Google Shopping', 'NFOrce Internet', 'PageFly', 'QUIC', 'Schema Plugin', 'Shopify', 'Shopify Collabs', 'Smile IO', 'Thank You', 'UTF-8', 'Zoko', 'eLand', 'hCaptcha', 'iAPPS', 'jQuery', 'reCAPTCHA']"
teppi.co.uk,Teppi | Scandinavian inspired homeware and gifts,Teppi,GBR,77,19025,2026-05-26T13:46:37.263436234Z,"['Amazon WAF Blocked', 'Apture Linking Platform', 'Cloudflare', 'Cloudflare CDN', 'DC74', 'Fastly', 'Google Analytics', 'Google My Business', 'Google Related Website Sites', 'Google Tag Manager', 'IcoMoon', 'Instagram Follow Button', 'Microdata for Google Shopping', 'NFOrce Internet', 'Perl', 'QUIC', 'Shopify', 'Shopify Collabs', 'Smile IO', 'Thank You', 'TinyIMG', 'UTF-8', 'eLand', 'hCaptcha', 'reCAPTCHA']"
apricotlanepeoria.com,Apricot Lane Boutique Amarillo | Women's Clothing Boutique,,USA,72,36889,2026-05-26T13:09:19.919890993Z,"['Amazon', 'Apture Linking Platform', 'Attentive', 'Cloudflare', 'Cloudflare CDN', 'Google', 'Google Cloud DNS', 'Google Maps', 'Google Related Website Sites', 'Harbor', 'Instagram Follow Button', 'Klaviyo', 'Loop Returns', 'Microdata for Google Shopping', 'PHP', 'PayPal', 'QUIC', 'Schema Plugin', 'Shopify', 'Shopify Collabs', 'Smile IO', 'Tailwind CSS', 'UTF-8', 'hCaptcha', 'reCAPTCHA']"
ega.sg,Cold Pressed Juice Cleanse Detox | Order Online | EGA Wellness,EGA Wellness,ESP,77,88311,2026-05-26T12:40:47.307720988Z,"['AWS WAF Challenge', 'Adult Content', 'Amazon CloudFront', 'Apture Linking Platform', 'CDN JS', 'Clare.AI', 'CloudFront', 'Cloudflare', 'Cloudflare CDN', 'Express', 'Facebook Like', 'Facebook Login', 'Facebook Messenger Platform', 'Facebook Reseller', 'Financial Services Guide', 'Fireblade', 'GetResponse', 'Google', 'Google Analytics', 'Google Cloud DNS', 'Google Cloud Storage', 'Google Font API', 'Google My Business', 'Google Tag Manager', 'IcoMoon', 'Instagram Follow Button', 'Juicer DMP', 'Microdata for Google Shopping', 'NFOrce Internet', 'Omnisend', 'PageFly', 'Perl', 'QUIC', 'Schema Plugin', 'Shipping Rates Calculator', 'Shopify', 'Shopify Collabs', 'Smile IO', 'Snapppt', 'Tailwind CSS', 'Thank You', 'TrackingMore', 'UTF-8', 'YouTube', 'hCaptcha', 'iAPPS', 'jQuery', 'reCAPTCHA']"
kekascreations.com,Handmade Baby and Kids Wear – Keka's Creations,Keka&#39;s Creations ,,72,8949,2026-05-26T12:32:28.011195268Z,"['Amazon CloudFront', 'Apture Linking Platform', 'CloudFront', 'Cloudflare', 'Cloudflare CDN', 'Express', 'Google My Business', 'Instagram Follow Button', 'Linktree', 'Microdata for Google Shopping', 'Shopify', 'Shopify Collabs', 'Smile IO', 'Tailwind CSS', 'UTF-8', 'hCaptcha', 'reCAPTCHA']"
bigenshop.co.uk,"Bigen UK shop | Ammonia Free Hair Dye | Effective, easy grey coverage| – Bigen-shop",Bigen-shop,GBR,87,52857,2026-05-26T12:22:30.763742281Z,"['AnyChat', 'Apture Linking Platform', 'Bazaarvoice', 'Cloudflare', 'Cloudflare CDN', 'Express', 'Google Analytics', 'Google My Business', 'Google Related Website Sites', 'Google Tag Manager', 'Heroku', 'Instagram Follow Button', 'Klaviyo', 'Microdata for Google Shopping', 'PHP', 'QUIC', 'Shopify', 'Shopify Collabs', 'Smile IO', 'Tailwind CSS', 'UTF-8', 'hCaptcha', 'reCAPTCHA']"
greeniguanasublimations.com,The Green Iguana Sublimations,,CAN,65,14004,2026-05-26T10:14:04.995126598Z,"['Alternate Protocol', 'Amazon', 'Amazon CloudFront', 'Apture Linking Platform', 'CloudFront', 'Cloudflare', 'Cloudflare CDN', 'Coming Soon Page', 'Express', 'Google My Business', 'Google Related Website Sites', 'IcoMoon', 'Instagram Follow Button', 'Microdata for Google Shopping', 'NFOrce Internet', 'Schema Plugin', 'Shopify', 'Shopify Collabs', 'Smile IO', 'Tailwind CSS', 'Thank You', 'UTF-8', 'hCaptcha', 'reCAPTCHA']"
nivliving.com,NiV Living,NiV Living,USA,72,11973,2026-05-26T10:14:04.986296302Z,"['Afterpay', 'Alternate Protocol', 'Apture Linking Platform', 'Cloudflare', 'Cloudflare CDN', 'Express', 'Fastly', 'IcoMoon', 'Instagram Follow Button', 'Microdata for Google Shopping', 'QUIC', 'SMSBump', 'Shopify', 'Shopify Collabs', 'Smile IO', 'UTF-8', 'hCaptcha', 'reCAPTCHA']"
voodoojewellery.com,Gorgeous handcrafted boho jewellery for the young at heart.,,GBR,72,37325,2026-05-26T10:14:04.964105998Z,"['AWS WAF Challenge', 'Afterpay', 'Apture Linking Platform', 'Cloudflare', 'Cloudflare CDN', 'Ethy', 'Express', 'Google Cloud DNS', 'Google Font API', 'IcoMoon', 'Instagram Follow Button', 'MailChimp', 'Microdata for Google Shopping', 'NFOrce Internet', 'Onyx Internet', 'QUIC', 'Schema Plugin', 'Shopify', 'Shopify Collabs', 'Smile IO', 'Tailwind CSS', 'Thank You', 'UTF-8', 'hCaptcha', 'reCAPTCHA']"
numbinggels.com,Numbing Gels,,,55,1724,2026-05-26T09:20:18.894728284Z,"['Afterpay', 'Alternate Protocol', 'Apture Linking Platform', 'Cloudflare', 'Cloudflare CDN', 'Create React App', 'Express', 'Fastly', 'Google My Business', 'Google Related Website Sites', 'IcoMoon', 'Instagram Follow Button', 'Microdata for Google Shopping', 'NFOrce Internet', 'Pleroma', 'Privy', 'QUIC', 'Schema Plugin', 'Shopify', 'Shopify Collabs', 'Smile IO', 'Svelte', 'Tailwind CSS', 'Thank You', 'UTF-8', 'hCaptcha', 'reCAPTCHA']"
shopconcur.com,CONCUR | The Conscious Company,CONCUR,,72,31920,2026-05-26T08:38:39.185655515Z,"['AWS WAF Challenge', 'Amazon', 'Apture Linking Platform', 'CDN JS', 'Cloudflare', 'Cloudflare CDN', 'Coming Soon Page', 'Fastly', 'Google Related Website Sites', 'Gravity', 'IcoMoon', 'Instagram Follow Button', 'MailChimp', 'Microdata for Google Shopping', 'QUIC', 'Shopify', 'Shopify Collabs', 'Smile IO', 'Swell Rewards', 'Twitter Ads', 'UTF-8', 'Yotpo', 'hCaptcha', 'jQuery', 'reCAPTCHA']"
partyexpert.co,"Party Expert - Party Supplies, Birthdays & Balloons Store",Party Expert,GBR,87,27840,2026-05-26T08:27:22.682092097Z,"['501c3 Status Nonprofit', 'AdRoll', 'Alternate Protocol', 'Amazon WAF Blocked', 'Apture Linking Platform', 'ByteDance', 'Cloudflare', 'Cloudflare CDN', 'Coming Soon Page', 'Digital Ocean Spaces', 'Facebook Login', 'Facebook Messenger Platform', 'Facebook Reseller', 'Gambling Content', 'Google', 'Google Analytics', 'Google My Business', 'Google Related Website Sites', 'Google Tag Manager', 'Gorgias', 'Heroku', 'Impact', 'Instagram Follow Button', 'Kiwi Sizing', 'Klaviyo', 'Microdata for Google Shopping', 'Microsoft Clarity', 'NFOrce Internet', 'Oddle', 'Perl', 'Pinterest Conversion Tracking', 'QUIC', 'Rebuy', 'Shopify', 'Shopify Collabs', 'Smile IO', 'Squid', 'Swell Rewards', 'Tailwind CSS', 'Thank You', 'TikTok Conversion Tracking Pixel', 'Twitter Ads', 'Twitter Analytics', 'UTF-8', 'Yotpo', 'YouTube', 'hCaptcha', 'reCAPTCHA']"
wallacks.com,Wallack's Art Supplies & Framing - Empowering Artists for 80 Years,,CAN,77,11871,2026-05-26T08:05:06.954925215Z,"['Adult Content', 'Alternate Protocol', 'Amazon S3 CDN', 'Apture Linking Platform', 'Cloudflare', 'Cloudflare CDN', 'Coming Soon Page', 'Express', 'Google Analytics', 'Google Related Website Sites', 'Google Tag Manager', 'IcoMoon', 'Instagram Follow Button', 'MailChimp', 'Microdata for Google Shopping', 'Newsletter for Wordpress', 'PHP', 'QUIC', 'Share Link', 'Shopify', 'Shopify Collabs', 'Shopify Payments', 'Smile IO', 'Storyblocks', 'Twitter Ads', 'UTF-8', 'YouTube', 'Zendesk Embeddables', 'hCaptcha', 'reCAPTCHA']"
buttahyobody.com,ButtahBody - Natural Skin Care – Buttah Body,Buttah Body,,72,8877,2026-05-26T07:47:40.923555347Z,"['Apture Linking Platform', 'Cloudflare', 'Cloudflare CDN', 'Express', 'Google My Business', 'Instagram Follow Button', 'Microdata for Google Shopping', 'QUIC', 'Shopify', 'Shopify Collabs', 'Smile IO', 'Tailwind CSS', 'UTF-8', 'hCaptcha', 'reCAPTCHA']"
collegeprogear.com,College Pro Gear Store,,,60,7848,2026-05-26T07:23:13.575715242Z,"['Apture Linking Platform', 'Cloudflare', 'Cloudflare CDN', 'Coming Soon Page', 'Express', 'Fireblade', 'Google My Business', 'Instagram Follow Button', 'Microdata for Google Shopping', 'QUIC', 'Schema Plugin', 'Shopify', 'Shopify Collabs', 'Smile IO', 'Tailwind CSS', 'UTF-8', 'University or College', 'hCaptcha', 'reCAPTCHA']"
maisonduffour.com,Gourmet Grocery Store | Maison Duffour,Maison Duffour,ITA,77,36096,2026-05-26T07:10:31.558114432Z,"['AJAX Libraries API', 'Apture Linking Platform', 'Bold Commerce', 'BunnyCDN General', 'CDN JS', 'Cloudflare', 'Cloudflare CDN', 'DAV', 'Express', 'GetResponse', 'Google Analytics', 'Google Cloud DNS', 'Google My Business', 'Google Related Website Sites', 'Google Tag Manager', 'Instagram Follow Button', 'KVH', 'Lazy Load for WordPress', 'Microdata for Google Shopping', 'QUIC', 'Schema Plugin', 'Shipping Rates Calculator', 'Shopify', 'Shopify Collabs', 'Shopify Payments', 'Smile IO', 'Subversion', 'UTF-8', 'Zipify', 'hCaptcha', 'jQuery', 'reCAPTCHA']"
livingfarmacy.com,Living Farmacy Inc.,Living Farmacy,USA,72,53771,2026-05-26T06:42:01.851524675Z,"['AWS WAF Challenge', 'Amazon', 'Amazon S3 CDN', 'Amped', 'Apture Linking Platform', 'Cloudflare', 'Cloudflare CDN', 'DAV', 'Express', 'Fireblade', 'Google Analytics', 'Google Cloud DNS', 'Google Related Website Sites', 'Google Tag Manager', 'IcoMoon', 'Instagram Follow Button', 'Klaviyo', 'Microdata for Google Shopping', 'POWr', 'PageFly', 'Proof Factor', 'Shopify', 'Shopify Collabs', 'Smile IO', 'Stamped', 'Storyblocks', 'Twitter Ads', 'UTF-8', 'YouTube', 'hCaptcha', 'reCAPTCHA']"
shoptrippoutdoors.com,"Jincy's | Practical Women's Clothing | Reidsville, GA",,,67,18865,2026-05-26T06:18:44.761092759Z,"['Alternate Protocol', 'Apture Linking Platform', 'Cisco/Arrowpoint Content Service Switch', 'Cloudflare', 'Cloudflare CDN', 'Facebook Conversion Tracking', 'Facebook Login', 'Facebook Messenger Platform', 'Facebook Pixel', 'Facebook Reseller', 'Facebook Tag API', 'GitHub Hosting', 'Google Analytics', 'Google Cloud DNS', 'Google Cloud Storage', 'Google Related Website Sites', 'Google Tag Manager', 'IcoMoon', 'Instagram Follow Button', 'Klaviyo', 'Microdata for Google Shopping', 'Microsoft Clarity', 'Ntent', 'QUIC', 'Shopify', 'Shopify Collabs', 'Smile IO', 'Tailwind CSS', 'UTF-8', 'hCaptcha', 'jsDelivr', 'reCAPTCHA']"
