domain,title,business_name,country,seo_score,tech_spend,crawled_at,technologies
foxvalleyguttercleaning.com,Fox Valley Gutter Cleaning LLC | Gutter Repair | Fox Valley | Appleton WI | Neenah WI,,,62,54920,2026-10-01T09:59:11.347604431Z,"['Amazon', 'Amazon CloudFront', 'Amazon S3 CDN', 'AudioEye', 'Bing Cashback', 'Bing Conversion Tracking', 'CloudFront', 'Duda', 'Facebook Login', 'Facebook Messenger Platform', 'Facebook Pixel', 'Facebook Reseller', 'Facebook Tag API', 'GZIP Module', 'Line2', 'Nginx', 'QUIC', 'SMC', 'Storyblocks', 'UTF-8', 'iPromote']"
livenassauapts.com,Nassau Apartments Home | Studios - 2 BR | Pet-Friendly,,USA,82,80064,2026-10-01T06:52:48.124902214Z,"['Amazon CloudFront', 'AppFolio', 'AudioEye', 'CloudFront', 'Duda', 'FormSubmit', 'GZIP Module', 'KVH', 'Microdata for Google Shopping', 'Nginx', 'QUIC', 'SMC', 'Tailwind CSS', 'Thank You', 'UTF-8']"
portsofcallenv.com,"Ports of Call Environmental, Inc. | Septic Services Stuart, FL",,,62,56420,2026-10-01T06:38:22.435570854Z,"['Amazon', 'Amazon CloudFront', 'Amazon S3 CDN', 'AudioEye', 'CloudFront', 'Duda', 'Facebook Login', 'Facebook Messenger Platform', 'Facebook Reseller', 'GZIP Module', 'Line2', 'NFOrce Internet', 'Nginx', 'QUIC', 'SMC', 'Storyblocks', 'Tailwind CSS', 'UTF-8']"
ahiahealth.com,America's Health Insurance Advisors Inc. | Insurance Broker,America's Health Insurance Advisors Inc.,USA,77,61688,2026-10-01T06:38:22.409300769Z,"['AudioEye', 'EmbedPress', 'Font Awesome', 'Google', 'Google Analytics', 'Google Cloud DNS', 'Google Font API', 'Google Maps', 'Google My Business', 'Google Tag Manager', 'Microdata for Google Shopping', 'PHP', 'QUIC', 'RM Education', 'SMC', 'Sherpa', 'Tailwind CSS', 'Theme In WP', 'UTF-8', 'University or College', 'WordPress', 'jQuery']"
victory1paintinginc.com,Victory1Painting INC | Painting Contractor,Victory1Painting INC,USA,77,56877,2026-10-01T06:38:22.392960753Z,"['Alternate Protocol', 'Apture Linking Platform', 'AudioEye', 'EmbedPress', 'Express', 'Font Awesome', 'FreeCSSTemplates', 'Google', 'Google Analytics', 'Google Cloud DNS', 'Google Font API', 'Google Maps', 'Google My Business', 'Google Tag Manager', 'Microdata for Google Shopping', 'NFOrce Internet', 'PHP', 'QUIC', 'SMC', 'Site Reviews for Wordpress', 'Theme In WP', 'UTF-8', 'WordPress', 'WordPress Multisite', 'jQuery', 'reCAPTCHA']"
harrisoncustombuilders.com,Mikey With Harrison Custom Builders LLC | Design Services,Mikey With Harrison Custom Builders LLC,USA,77,72177,2026-10-01T06:38:22.386022902Z,"['AWS WAF Challenge', 'Alternate Protocol', 'Apture Linking Platform', 'AudioEye', 'Cornerstone', 'EmbedPress', 'Font Awesome', 'Google', 'Google Analytics', 'Google Cloud DNS', 'Google Font API', 'Google Maps', 'Google My Business', 'Google Tag Manager', 'Microdata for Google Shopping', 'NFOrce Internet', 'Nginx', 'No-Q', 'PHP', 'SMC', 'Theme In WP', 'UTF-8', 'WordPress', 'jQuery', 'reCAPTCHA']"
continentalvillage.com,Continental Village Apartments | West Covina,,USA,77,59968,2026-10-01T06:26:15.783031779Z,"['Adult Content', 'Alternate Protocol', 'Amazon CloudFront', 'AppFolio', 'AudioEye', 'CloudFront', 'Duda', 'GZIP Module', 'Microdata for Google Shopping', 'Nginx', 'SMC', 'Tailwind CSS', 'UTF-8', 'University or College']"
maplemanorsyracuse.com,"Maple Manor | Meridia Living | Bridgeport, NY",,USA,77,59968,2026-10-01T05:59:49.787887544Z,"['Alternate Protocol', 'Amazon CloudFront', 'AppFolio', 'AudioEye', 'CloudFront', 'Duda', 'GZIP Module', 'Google Analytics', 'Google My Business', 'Google Tag Manager', 'Microdata for Google Shopping', 'Nginx', 'SMC', 'Tailwind CSS', 'UTF-8']"
realestateownershipservices.com,Coldwell Banker Premier | Property Management,,,72,54563,2026-10-01T05:31:22.565607379Z,"['Amazon CloudFront', 'AudioEye', 'CloudFront', 'Duda', 'Font Awesome', 'FormSubmit', 'GZIP Module', 'Google Forms', 'Google My Business', 'Google Tag Manager', 'Homeowners Association Software', 'Microdata for Google Shopping', 'Nginx', 'SMC', 'Tailwind CSS', 'Thank You', 'UTF-8']"
csinyack.org,Congregation Sons of Israel Nyack | CSI Nyack,Congregation Sons of Israel Nyack,USA,77,127929,2026-10-01T05:03:47.75568091Z,"['Adobe Creative Cloud WebFonts', 'Aruba', 'AudioEye', 'Express', 'FormSubmit', 'GZIP Module', 'Google Calendar', 'Google My Business', 'Line2', 'Magento Enterprise', 'Microdata for Google Shopping', 'QUIC', 'SMC', 'SiteW', 'Squarespace', 'UTF-8', 'WordPress SEO Structured Data Schema Plugin', 'eLand']"
mimimorrisnp.com,"Mimi L. Morris, DNP, NP | Board certified Psychiatric Mental Health Nurse Practitioner located in Missoula, MT",,,77,83738,2026-10-01T04:52:21.867304808Z,"['Amazon', 'Amazon CloudFront', 'Amazon Route 53', 'AudioEye', 'CloudFront', 'Content Delivery Network', 'Fastly', 'GZIP Module', 'Google', 'Google Analytics', 'Google Cloud CDN', 'Google Cloud DNS', 'Google Font API', 'Google Maps', 'Google My Business', 'Google Related Website Sites', 'Google Tag Manager', 'Kareo', 'Microdata for Google Shopping', 'Netlify', 'Parcel', 'PatientPop', 'SMC', 'Tebra', 'University or College']"
shoreline-acupuncture.com,"Shoreline Acupuncture | Acupuncturists located in Bellmore, NY",,USA,92,81326,2026-10-01T04:52:21.867393521Z,"['Amazon', 'Amazon CloudFront', 'Amazon Route 53', 'Apture Linking Platform', 'AudioEye', 'CloudFront', 'Content Delivery Network', 'Express', 'Fastly', 'GZIP Module', 'GitHub Hosting', 'Google', 'Google Analytics', 'Google Cloud CDN', 'Google Cloud DNS', 'Google Font API', 'Google Maps', 'Google My Business', 'Google Related Website Sites', 'Google Tag Manager', 'Microdata for Google Shopping', 'Netlify', 'Parcel', 'PatientPop', 'SMC', 'Tebra', 'University or College', 'ZocDoc']"
candlewoodaesthetics.com,"Satchi MD Medspa | Med Spa located in Danbury, CT",,EGY,77,77738,2026-10-01T04:52:21.847309604Z,"['Amazon', 'Amazon CloudFront', 'Amazon Route 53', 'Apture Linking Platform', 'AudioEye', 'CloudFront', 'Content Delivery Network', 'Express', 'Fastly', 'GZIP Module', 'GitHub Hosting', 'Google', 'Google Analytics', 'Google Cloud CDN', 'Google Cloud DNS', 'Google Font API', 'Google Maps', 'Google My Business', 'Google Related Website Sites', 'Google Tag Manager', 'Instagram Follow Button', 'Microdata for Google Shopping', 'Netlify', 'Parcel', 'PatientPop', 'QUIC', 'SMC', 'Tebra', 'YouTube']"
leescountryrvreviews.com,Firestorm Marketing | Multi-Channel and Digital Marketing,,,47,21850,2026-10-01T04:26:06.316259106Z,"['AudioEye', 'CDN JS', 'Call to Visit', 'Cloudflare', 'Cloudflare CDN', 'DAV', 'ElementUI', 'Facebook Login', 'Facebook Messenger Platform', 'Facebook Reseller', 'Fastly', 'Font Awesome', 'GZIP Module', 'Google Analytics', 'Google Cloud DNS', 'Google Font API', 'Google My Business', 'Google Related Website Sites', 'Google Tag Manager', 'Instagram Follow Button', 'JobVite', 'Microsoft Azure', 'Microsoft Azure Blob Storage', 'Microsoft IIS', 'Placehold IT', 'QUIC', 'SMC', 'Telerik CDN', 'Twitter Ads', 'UTF-8', 'Visual Studio', 'YouTube', 'jQuery']"
jonthompsonmd.com,"Jon Thompson, MD | Orthopaedic Surgeon & Sports Medicine Specialist located in McKinney and Prosper, TX",,GBR,92,77738,2026-10-01T04:26:06.299147392Z,"['Amazon', 'Amazon CloudFront', 'Amazon Route 53', 'AudioEye', 'CloudFront', 'Content Delivery Network', 'Fastly', 'GZIP Module', 'Google', 'Google Analytics', 'Google Cloud CDN', 'Google Cloud DNS', 'Google Font API', 'Google Maps', 'Google My Business', 'Google Related Website Sites', 'Google Tag Manager', 'Microdata for Google Shopping', 'Netlify', 'Parcel', 'PatientPop', 'QUIC', 'SMC', 'Tebra']"
southlandescrowinc.com,Home - Southland Escrow,,,62,9036,2026-10-01T03:31:40.512571314Z,"['Alternate Protocol', 'Amazon', 'Amazon CloudFront', 'App Store', 'AudioEye', 'CloudFront', 'Content Delivery Network', 'Facebook Login', 'Federal Deposit Insurance Corporation', 'FormSubmit', 'GZIP Module', 'Google Analytics', 'Google Cloud DNS', 'Google Maps', 'Google My Business', 'Google Play', 'Instagram Follow Button', 'Mopro', 'Tailwind CSS', 'Twitter Ads', 'UTF-8', 'YouTube', 'shadcn ui']"
storagerisingsun.com,"Rising Sun Mini Storage – Self Storage & Container Rentals in Rising Sun, MD",,ZAF,82,52007,2026-10-01T03:04:52.671121492Z,"['Amazon CloudFront', 'AudioEye', 'CloudFront', 'Coming Soon Page', 'Duda', 'GZIP Module', 'Google Analytics', 'Google Tag Manager', 'Microdata for Google Shopping', 'Nginx', 'SMC', 'Tailwind CSS', 'UTF-8']"
rocklandlibrary.org,"Library | Rockland, ME",,,62,84880,2026-10-01T03:04:52.662150157Z,"['Apture Linking Platform', 'AudioEye', 'AutoComplete', 'CivicPlus', 'ETranslate', 'GTranslate', 'GZIP Module', 'Google', 'Google Analytics', 'Google Cloud CDN', 'Google Cloud DNS', 'Google Font API', 'Google My Business', 'Google Tag Manager', 'Instagram Follow Button', 'Material-UI', 'Microsoft Azure', 'QUIC', 'SMC', 'SiteW', 'UTF-8', 'University or College', 'Visual Studio', 'jQuery']"
scottrichardmasonry.com,"Scott Richard Masonry Work & Repair | Reading, MA",,NZL,72,55016,2026-10-01T02:49:19.746888249Z,"['Amazon', 'Amazon CloudFront', 'Amazon S3 CDN', 'AudioEye', 'Bing Cashback', 'Bing Conversion Tracking', 'CloudFront', 'DoubleClick Bid Manager', 'Duda', 'Facebook Login', 'Facebook Messenger Platform', 'Facebook Pixel', 'Facebook Reseller', 'Facebook Tag API', 'FormSubmit', 'GZIP Module', 'Google Analytics', 'Google Flights Conversion Tracking', 'Google My Business', 'Google Tag Manager', 'Line2', 'Microdata for Google Shopping', 'Nginx', 'SMC', 'Schema Plugin', 'Storyblocks', 'Tailwind CSS', 'Thank You', 'UTF-8']"
buildwithbolt.com,"Bolt Marketing | Marketing Experts in Lexington, KY",Bolt Marketing,,77,70275,2026-10-01T02:11:35.077191932Z,"['Alternate Protocol', 'Amazon CloudFront', 'Apture Linking Platform', 'AudioEye', 'CDN JS', 'Calendly', 'CloudFront', 'Cloudflare', 'Cloudflare CDN', 'Cloudinary', 'Duda', 'ElementUI', 'Ethy', 'Facebook Conversion Tracking', 'Facebook Login', 'Facebook Messenger Platform', 'Facebook Pixel', 'Facebook Reseller', 'Facebook Tag API', 'Font Awesome', 'FormSubmit', 'FullStory', 'GZIP Module', 'Google Analytics', 'Google My Business', 'Google Related Website Sites', 'Google Tag Manager', 'Instagram Follow Button', 'LinkedIn Insights', 'LinkedIn Pixel', 'Microdata for Google Shopping', 'Nginx', 'PHP', 'Perl', 'Placehold IT', 'SMC', 'Styled Components', 'Tailwind CSS', 'Thank You', 'Twitter Ads', 'UTF-8', 'YouTube']"
alclaytonconstructionservices.com,Al Clayton Construction - Crafting Your Dream Spaces,,DEU,77,53144,2026-10-01T02:11:35.030067144Z,"['Alternate Protocol', 'Amazon CloudFront', 'AudioEye', 'CloudFront', 'Duda', 'Elfsight', 'FormSubmit', 'GZIP Module', 'Google Analytics', 'Google Related Website Sites', 'Google Tag Manager', 'Microdata for Google Shopping', 'Nginx', 'PWA', 'SMC', 'Tailwind CSS', 'Thank You', 'UTF-8']"
palmettoaircaresc.com,"Heating & Air Conditioning Repair | Palmetto Air Care | Greer, SC",Palmetto Air Care,USA,77,68803,2026-10-01T01:56:59.216578481Z,"['Alternate Protocol', 'Amazon', 'Amazon CloudFront', 'Amazon S3 CDN', 'AudioEye', 'BLR', 'Bing Cashback', 'Bing Conversion Tracking', 'CloudFront', 'DAV', 'Duda', 'Facebook Login', 'Facebook Messenger Platform', 'Facebook Pixel', 'Facebook Reseller', 'Facebook Tag API', 'FormSubmit', 'GZIP Module', 'Google My Business', 'Google Related Website Sites', 'Harbor', 'IcoMoon', 'Idaq', 'Line2', 'Microdata for Google Shopping', 'Nginx', 'Pico CSS', 'SMC', 'Schema Plugin', 'Storyblocks', 'Tailwind CSS', 'Thank You', 'Tumblr', 'Twitter Ads', 'UTF-8', 'W3 Total Cache', 'iPromote', 'jsDelivr']"
thelearningcenterllc.com,"The Learning Center Daycare, LLC | Teachers | Winneconne, WI",,,67,56108,2026-10-01T01:44:54.443436237Z,"['Amazon', 'Amazon CloudFront', 'Amazon S3 CDN', 'AudioEye', 'CloudFront', 'Duda', 'Facebook Login', 'Facebook Messenger Platform', 'Facebook Reseller', 'GZIP Module', 'Google Analytics', 'Google Maps', 'Google My Business', 'Google Tag Manager', 'Line2', 'Microdata for Google Shopping', 'Nginx', 'Oddle', 'SMC', 'Schema Plugin', 'Storyblocks', 'Tailwind CSS', 'UTF-8']"
ttc-inc.net,Total Touch Contracting Inc | Landscaping Services,Total Touch Contracting Inc,CAN,77,54388,2026-10-01T01:04:12.323866593Z,"['Alternate Protocol', 'Apture Linking Platform', 'AudioEye', 'EmbedPress', 'Font Awesome', 'Google Analytics', 'Google Cloud DNS', 'Google Maps', 'Google My Business', 'Google Tag Manager', 'Microdata for Google Shopping', 'NFOrce Internet', 'Neighborhoods', 'PHP', 'SMC', 'Tailwind CSS', 'Theme In WP', 'UTF-8', 'WordPress', 'WordPress Multisite', 'jQuery', 'reCAPTCHA']"
randlesrainbowinc.net,"Randles Rainbow, Inc. | General Contractor","Randles Rainbow, Inc.",USA,77,56788,2026-10-01T01:04:12.322575277Z,"['Alternate Protocol', 'Apture Linking Platform', 'AudioEye', 'Better Lead Generation Services', 'EmbedPress', 'Express', 'Font Awesome', 'Google', 'Google Analytics', 'Google Cloud DNS', 'Google Font API', 'Google Maps', 'Google My Business', 'Google Tag Manager', 'Instagram Follow Button', 'Microdata for Google Shopping', 'NFOrce Internet', 'PHP', 'SMC', 'Tailwind CSS', 'Theme In WP', 'UTF-8', 'WordPress', 'WordPress Multisite', 'jQuery', 'reCAPTCHA']"
vertex-insulation.com,"Home | Cincinnati Industrial Insulation Installation, Commercial HVAC Insulation Installation and Mechanical Insulation Installation",Vertex Mechanical Insulation Inc,USA,82,66688,2026-10-01T01:04:12.321656554Z,"['AWS WAF Challenge', 'Alternate Protocol', 'AudioEye', 'EmbedPress', 'Font Awesome', 'Google Analytics', 'Google Cloud DNS', 'Google Font API', 'Google Maps', 'Google My Business', 'LiteSpeed', 'Microdata for Google Shopping', 'PHP', 'SMC', 'Theme In WP', 'UTF-8', 'WordPress', 'WordPress Multisite', 'jQuery']"
valdexconstruction.com,Valdex Construction CORP. | Roofing Services,Valdex Construction CORP.,USA,77,54945,2026-10-01T00:52:44.759275056Z,"['AJAX Libraries API', 'Alternate Protocol', 'Apture Linking Platform', 'AudioEye', 'EmbedPress', 'Font Awesome', 'FreeCSSTemplates', 'Google Analytics', 'Google Cloud DNS', 'Google Maps', 'Google My Business', 'Google Tag Manager', 'IcoMoon', 'Microdata for Google Shopping', 'NFOrce Internet', 'PHP', 'SMC', 'Site Reviews for Wordpress', 'Theme In WP', 'UTF-8', 'WordPress', 'WordPress Multisite', 'jQuery', 'reCAPTCHA']"
kempemechanical.net,Kempe Mechanical | Plumbing Company,Kempe Mechanical,AUS,77,70186,2026-10-01T00:26:58.958371692Z,"['Alternate Protocol', 'Apture Linking Platform', 'AudioEye', 'EmbedPress', 'Fireblade', 'Font Awesome', 'Google Analytics', 'Google Cloud DNS', 'Google Maps', 'Google My Business', 'Google Tag Manager', 'IcoMoon', 'Microdata for Google Shopping', 'NFOrce Internet', 'No-Q', 'PHP', 'QUIC', 'SMC', 'Tailwind CSS', 'Theme In WP', 'UTF-8', 'WordPress', 'WordPress Multisite', 'jQuery', 'reCAPTCHA']"
totalurologycare.com,"Urologist, Urogynecology, UTI Urgent Care | Total Urology Care of New York",,USA,77,91738,2026-09-30T22:44:54.715232781Z,"['Alternate Protocol', 'Amazon', 'Amazon CloudFront', 'Amazon Route 53', 'Amazon Widgets', 'Apture Linking Platform', 'AudioEye', 'CloudFront', 'Content Delivery Network', 'DAV', 'Expedient', 'Express', 'Fastly', 'GZIP Module', 'GitHub Hosting', 'Google', 'Google Analytics', 'Google Cloud CDN', 'Google Cloud DNS', 'Google Font API', 'Google Maps', 'Google My Business', 'Google Related Website Sites', 'Google Tag Manager', 'Microdata for Google Shopping', 'Netlify', 'Parcel', 'PatientPop', 'Perl', 'QUIC', 'SMC', 'YouTube']"
austinwellnesssolutions.org,"About Austin Wellness Solutions | Hormone & Weight Loss Specialist, Integrative Wellness & Telehealth located in Hilltop Village, Thornton, CO",,USA,77,83738,2026-09-30T21:57:17.685310676Z,"['Amazon', 'Amazon CloudFront', 'Amazon Route 53', 'AudioEye', 'CloudFront', 'Content Delivery Network', 'DAV', 'Fastly', 'GZIP Module', 'Google', 'Google Analytics', 'Google Cloud CDN', 'Google Cloud DNS', 'Google Font API', 'Google Maps', 'Google My Business', 'Google Related Website Sites', 'Google Tag Manager', 'Kareo', 'Microdata for Google Shopping', 'Netlify', 'Parcel', 'PatientPop', 'Perl', 'QUIC', 'SMC', 'Tebra']"
advancedvcv.com,"Advanced Vascular Cardiac & Veins | Vascular Medicine & Interventional Cardiology located in Miami, Miami Lakes and Doral, FL",,USA,82,92738,2026-09-30T21:34:26.299638656Z,"['Amazon', 'Amazon CloudFront', 'Amazon Route 53', 'Apture Linking Platform', 'AthenaHealth', 'AudioEye', 'CloudFront', 'Content Delivery Network', 'Express', 'Fastly', 'GZIP Module', 'GitHub Hosting', 'Google', 'Google Analytics', 'Google Cloud CDN', 'Google Cloud DNS', 'Google Font API', 'Google Maps', 'Google My Business', 'Google Related Website Sites', 'Google Tag Manager', 'Instagram Follow Button', 'Microdata for Google Shopping', 'Netlify', 'Parcel', 'PatientPop', 'QUIC', 'SMC', 'Tebra']"
pinehurstmanagement.com,Best Property Management Company | Pinehurst Management,,USA,82,67564,2026-09-30T21:03:25.538005018Z,"['Alternate Protocol', 'Amazon CloudFront', 'AppFolio', 'AudioEye', 'CloudFront', 'Duda', 'FormSubmit', 'GZIP Module', 'Google Analytics', 'Google Tag Manager', 'Idaq', 'Microdata for Google Shopping', 'Nginx', 'SMC', 'Tailwind CSS', 'Thank You', 'UTF-8', 'Vector Internet Services']"
royalexcavating.com,Royal Excavating Inc | Contractors | Wisconsin Dells WI,,MYS,77,81108,2026-09-30T20:34:14.206817734Z,"['Alternate Protocol', 'Amazon', 'Amazon CloudFront', 'Amazon S3 CDN', 'AudioEye', 'BLR', 'CloudFront', 'DAV', 'Duda', 'Express', 'Facebook Login', 'Facebook Messenger Platform', 'Facebook Pixel', 'Facebook Reseller', 'Facebook Tag API', 'Fireblade', 'GZIP Module', 'Google My Business', 'Google Related Website Sites', 'IcoMoon', 'Instagram Follow Button', 'Line2', 'Microdata for Google Shopping', 'Nginx', 'SMC', 'Storyblocks', 'Tailwind CSS', 'Tumblr', 'Twitter Ads', 'UTF-8', 'jsDelivr']"
randrrvrepair.com,"R&R RV Repair | Portland, IN",,,67,52064,2026-09-30T20:18:08.483805617Z,"['Amazon CloudFront', 'Apture Linking Platform', 'AudioEye', 'CloudFront', 'Duda', 'FormSubmit', 'GZIP Module', 'Google Analytics', 'Google Tag Manager', 'Nginx', 'SMC', 'Tailwind CSS', 'Thank You', 'UTF-8']"
paseopropertiessf.com,Your San Francisco And Marin County Rental Resource,,VEN,72,65067,2026-09-30T19:36:18.370705253Z,"['Alternate Protocol', 'Amazon CloudFront', 'AppFolio', 'AudioEye', 'Cisco/Arrowpoint Content Service Switch', 'CloudFront', 'Duda', 'Font Awesome', 'GZIP Module', 'Microdata for Google Shopping', 'Nginx', 'SMC', 'Tailwind CSS', 'UTF-8']"
premieronburbank.com,"Home | The Premier on Burbank | Sherman Oaks, CA",,USA,67,60067,2026-09-30T19:36:18.344227291Z,"['Alternate Protocol', 'Amazon CloudFront', 'AppFolio', 'AudioEye', 'CloudFront', 'Duda', 'Font Awesome', 'GZIP Module', 'Nginx', 'SMC', 'Tailwind CSS', 'UTF-8', 'Yelp Badge']"
zimmerleconstruction.com,Zimmerle Construction | Home Building Services,Zimmerle Construction,USA,82,54718,2026-09-30T19:22:19.647114945Z,"['Alternate Protocol', 'Apture Linking Platform', 'AudioEye', 'EmbedPress', 'Express', 'Font Awesome', 'Google Analytics', 'Google Cloud DNS', 'Google Maps', 'Google My Business', 'Google Tag Manager', 'Microdata for Google Shopping', 'NFOrce Internet', 'No-Q', 'PHP', 'SMC', 'Tailwind CSS', 'Theme In WP', 'UTF-8', 'University or College', 'WordPress', 'WordPress Multisite', 'jQuery', 'reCAPTCHA']"
valleprohomeandchimney.com,"Home | New London, Hanover and Sunapee Chimney Repair, Chimney Sweep and Chimney Safety",Valle Professional Home & Chimney LLC,GBR,72,51688,2026-09-30T18:36:04.476427141Z,"['Alternate Protocol', 'AudioEye', 'EmbedPress', 'Font Awesome', 'Google Analytics', 'Google Cloud DNS', 'Google Font API', 'Google Maps', 'Google My Business', 'LiteSpeed', 'Microdata for Google Shopping', 'PHP', 'SMC', 'Theme In WP', 'UTF-8', 'WP Lightbox 2', 'WP jQuery Lightbox', 'WordPress', 'WordPress Multisite', 'jQuery']"
laclarefamilycreamery.com,LaClare Creamery - Unrivaled Goat Cheese,LaClare Creamery,,82,165306,2026-09-30T18:36:04.436816106Z,"['Alternate Protocol', 'Amazon WAF Blocked', 'Apture Linking Platform', 'AudioEye', 'Cloudflare', 'Content Delivery Network', 'DAV', 'Ecwid Ecommerce Shopping Cart', 'Express', 'Facebook Conversion Tracking', 'Facebook Login', 'Facebook Messenger Platform', 'Facebook Pixel', 'Facebook Reseller', 'Facebook Tag API', 'Fastly', 'Fastly CDN', 'GZIP Module', 'Google Related Website Sites', 'Google Tag Manager', 'Instagram Follow Button', 'K2F', 'Microdata for Google Shopping', 'NFOrce Internet', 'On The Map', 'POWr', 'PWA', 'Perl', 'QUIC', 'SMC', 'Seflow Italy', 'Sentry', 'SiteW', 'Sitelinks Search Box', 'Subversion', 'Thank You', 'The Fresh', 'UTF-8', 'Vector Internet Services', 'WP Booking Calendar', 'Wix', 'Wix Media', 'YouTube', 'eLand', 'mlcom']"
mackofalltradeswa.com,Mack Of All Trades LLC | General Contractor,Mack Of All Trades LLC,USA,77,70186,2026-09-30T18:22:55.192071892Z,"['AWS WAF Challenge', 'Alternate Protocol', 'Apture Linking Platform', 'AudioEye', 'EmbedPress', 'Express', 'Font Awesome', 'Google Analytics', 'Google Cloud DNS', 'Google Maps', 'Google My Business', 'Google Tag Manager', 'IcoMoon', 'InitiativeS', 'Instagram Follow Button', 'Microdata for Google Shopping', 'NFOrce Internet', 'No-Q', 'PHP', 'QUIC', 'SMC', 'Theme In WP', 'UTF-8', 'WordPress', 'WordPress Multisite', 'jQuery', 'reCAPTCHA']"
jbbrown.net,"JB Brown & Co | Tax Accounting | Vernon Hills, IL",,,62,55016,2026-09-30T16:41:39.678960589Z,"['Amazon', 'Amazon CloudFront', 'Amazon S3 CDN', 'AudioEye', 'Bing Cashback', 'Bing Conversion Tracking', 'CloudFront', 'Duda', 'Express', 'Facebook Login', 'Facebook Messenger Platform', 'Facebook Pixel', 'Facebook Reseller', 'Facebook Tag API', 'FormSubmit', 'GZIP Module', 'Google Analytics', 'Google Maps', 'Google My Business', 'Google Tag Manager', 'Line2', 'Microdata for Google Shopping', 'Nginx', 'QUIC', 'SMC', 'Schema Plugin', 'Storyblocks', 'Tailwind CSS', 'Thank You', 'Twitter Ads', 'UTF-8', 'iPromote']"
peacecastlepm.com,Peace Castle Property Management in Coastal San Diego,Peace Castle Property Management,USA,77,53267,2026-09-30T16:28:38.326045771Z,"['Alternate Protocol', 'Amazon CloudFront', 'AudioEye', 'Call to Visit', 'CloudFront', 'Duda', 'Font Awesome', 'GZIP Module', 'Google Customer Reviews', 'Microdata for Google Shopping', 'Nginx', 'SMC', 'Tailwind CSS', 'UTF-8']"
lockwoodrealtypartners.com,Home | Lockwood Realty Partners | MA,,,72,60823,2026-09-30T16:28:38.316093617Z,"['Alternate Protocol', 'Amazon CloudFront', 'AppFolio', 'AudioEye', 'CloudFront', 'Coming Soon Page', 'Duda', 'FormSubmit', 'GZIP Module', 'Google Related Website Sites', 'Harbor', 'Microdata for Google Shopping', 'Nginx', 'QUIC', 'SMC', 'Tailwind CSS', 'Thank You', 'UTF-8']"
stclairtax.com,"Revenue Commissioner | St. Clair County, AL",,,57,26251,2026-09-30T16:28:38.285817495Z,"['Apture Linking Platform', 'AudioEye', 'AutoComplete', 'CivicPlus', 'DAV', 'ETranslate', 'GTranslate', 'GZIP Module', 'Google Analytics', 'Google Cloud DNS', 'Google Font API', 'Google My Business', 'Google Tag Manager', 'Material-UI', 'Microsoft Azure', 'QUIC', 'SMC', 'SiteW', 'UTF-8', 'University or College', 'Visual Studio']"
hirootsrentals.com,HI Roots Realty Home - Helping You Plant Your Roots,,,67,60064,2026-09-30T16:15:27.747490109Z,"['Alternate Protocol', 'Amazon CloudFront', 'AppFolio', 'AudioEye', 'CloudFront', 'Duda', 'FormSubmit', 'GZIP Module', 'Instagram Follow Button', 'Microdata for Google Shopping', 'Nginx', 'SMC', 'Tailwind CSS', 'Thank You', 'UTF-8']"
swanpavinginc.com,"Swan Paving and Concrete, Inc | Construction | Horsham, PA",,,62,79920,2026-09-30T14:04:34.058913808Z,"['Amazon', 'Amazon CloudFront', 'Amazon S3 CDN', 'AudioEye', 'Bing Cashback', 'Bing Conversion Tracking', 'CloudFront', 'DoubleClick Bid Manager', 'Duda', 'Facebook Login', 'Facebook Messenger Platform', 'Facebook Reseller', 'Federal Deposit Insurance Corporation', 'GZIP Module', 'Google Flights Conversion Tracking', 'Google Maps', 'Google My Business', 'K2F', 'Line2', 'Nginx', 'Pico CSS', 'SMC', 'Storyblocks', 'Subversion', 'UTF-8']"
schulerandassociates.com,"Schuler & Associates Inc. - Land Surveying and Engineering | Appleton, WI",,,62,80250,2026-09-30T13:48:47.366719401Z,"['Alternate Protocol', 'Amazon', 'Amazon CloudFront', 'Amazon S3 CDN', 'AudioEye', 'CloudFront', 'Duda', 'Facebook Login', 'Facebook Messenger Platform', 'Facebook Reseller', 'GZIP Module', 'K2F', 'Line2', 'Microdata for Google Shopping', 'Nginx', 'No-Q', 'QUIC', 'SMC', 'Storyblocks', 'Tailwind CSS', 'UTF-8']"
burnsidevet.ca,"Veterinary Care in Dartmouth, Nova Scotia | Burnside Veterinary Hospital",Burnside Veterinary Hospital,CAN,82,248250,2026-09-30T13:07:11.150765431Z,"['AdRoll', 'Amazon', 'Amplitude', 'Angelcam', 'AudioEye', 'Authorize.net', 'Azure Edge', 'BambooHR', 'Bunny Fonts', 'CDN JS', 'Cloudflare', 'Cloudflare CDN', 'Cloudflare Web Analytics', 'Constant Contact', 'Contentful', 'Contentstack', 'Demandforce', 'DoubleClick Bid Manager', 'Express', 'Facebook Reseller', 'Form.IO', 'Google', 'Google Analytics', 'Google Cloud DNS', 'Google Cloud Storage', 'Google Font API', 'Google Maps', 'Google Matched Content', 'Google My Business', 'Google Reseller', 'Google Tag Manager', 'Instagram Follow Button', 'Intercom', 'JotForm', 'Line2', 'Microdata for Google Shopping', 'Microsoft Azure', 'Microsoft Azure Blob Storage', 'Next.js', 'No-Q', 'Paycor', 'Perl', 'Pleroma', 'RM Education', 'SMC', 'Salesforce Experience Cloud', 'Schema Plugin', 'Storyblocks', 'Stripe', 'Styled Components', 'Thank You', 'Timely', 'Trustarc Cookie Consent', 'UTF-8', 'Vimeo', 'Weglot', 'YouTube']"
sleepingbearcapital.com,Apartment Rentals & Investment in Chicago,,USA,67,59968,2026-09-30T12:37:45.269241518Z,"['Amazon CloudFront', 'AppFolio', 'AudioEye', 'CloudFront', 'Duda', 'GZIP Module', 'Microdata for Google Shopping', 'Nginx', 'QUIC', 'SMC', 'Tailwind CSS', 'UTF-8']"
islandawningfl.com,"Island Awning & Company | Awning Services | Sebastian, FL",,,62,55640,2026-09-30T11:54:15.251277905Z,"['Amazon', 'Amazon CloudFront', 'Amazon S3 CDN', 'AudioEye', 'Bing Cashback', 'Bing Conversion Tracking', 'CloudFront', 'DoubleClick Bid Manager', 'Duda', 'Facebook Login', 'Facebook Messenger Platform', 'Facebook Reseller', 'GZIP Module', 'Google Flights Conversion Tracking', 'Google Maps', 'Google My Business', 'Google Related Website Sites', 'Line2', 'Microdata for Google Shopping', 'Nginx', 'SMC', 'Schema Plugin', 'Storyblocks', 'Tailwind CSS', 'UTF-8']"
santafeelectrical.com,"Santa Fe Electrical Contractor, LLC | Electrician Services","Santa Fe Electrical Contractor, LLC",USA,77,54856,2026-09-30T11:10:50.369954766Z,"['Alternate Protocol', 'Apture Linking Platform', 'AudioEye', 'EmbedPress', 'Express', 'Font Awesome', 'Google Analytics', 'Google Cloud DNS', 'Google Maps', 'Google My Business', 'IcoMoon', 'Microdata for Google Shopping', 'NFOrce Internet', 'PHP', 'QUIC', 'SMC', 'Theme In WP', 'UTF-8', 'WP Lightbox 2', 'WP jQuery Lightbox', 'WordPress', 'WordPress Multisite', 'jQuery', 'reCAPTCHA']"
beaconmartinizing.com,"Home | Calgary Dry Cleaning, Textile Care and Shirt Laundry",,CAN,77,51589,2026-09-30T10:01:35.129796599Z,"['Alternate Protocol', 'AudioEye', 'EmbedPress', 'Google Analytics', 'Google Cloud DNS', 'Google Font API', 'Google Maps', 'Google My Business', 'Google Tag Manager', 'LiteSpeed', 'PHP', 'QUIC', 'SMC', 'Theme In WP', 'UTF-8', 'WP Lightbox 2', 'WordPress', 'WordPress Multisite', 'jQuery']"
newenglandsnowmanagementct.com,New England Snow Management | Snow Removal,New England Snow Management,USA,77,51688,2026-09-30T10:01:35.098841005Z,"['Alternate Protocol', 'AudioEye', 'EmbedPress', 'Express', 'Font Awesome', 'Google Analytics', 'Google Cloud DNS', 'Google Maps', 'Google My Business', 'Microdata for Google Shopping', 'Nginx', 'PHP', 'SMC', 'Theme In WP', 'UTF-8', 'WordPress', 'WordPress Multisite', 'jQuery']"
thesorrentovillas.com,Home | Sorrento Villas,,,67,60064,2026-09-30T09:45:23.216327879Z,"['Amazon CloudFront', 'AppFolio', 'AudioEye', 'CloudFront', 'Duda', 'FormSubmit', 'GZIP Module', 'Microdata for Google Shopping', 'Nginx', 'SMC', 'Tailwind CSS', 'Thank You', 'UTF-8']"
zionsvilleoliveoil.com,Home | Zionsville Olive Oil,,,62,86266,2026-09-30T09:16:16.53884754Z,"['Alternate Protocol', 'Amazon', 'Amazon CloudFront', 'AudioEye', 'CDN JS', 'Call to Visit', 'CloudFront', 'Cloudflare', 'Cloudflare CDN', 'Duda', 'Ecwid Ecommerce Shopping Cart', 'Express', 'Font Awesome', 'FormSubmit', 'GZIP Module', 'Google Analytics', 'Google My Business', 'Google Tag Manager', 'Nginx', 'Perl', 'SMC', 'Styled Components', 'Tailwind CSS', 'Thank You', 'The Fresh', 'UTF-8', 'YouTube']"
diamondhomesolutions.ca,Diamond Home Solutions Inc | General Contractor,Diamond Home Solutions Inc,CAN,82,70186,2026-09-30T07:19:49.967018628Z,"['AWS WAF Challenge', 'Alternate Protocol', 'Apture Linking Platform', 'AudioEye', 'EmbedPress', 'Font Awesome', 'Google Analytics', 'Google Cloud DNS', 'Google Maps', 'Google My Business', 'Google Tag Manager', 'IcoMoon', 'InitiativeS', 'Instagram Follow Button', 'Microdata for Google Shopping', 'NFOrce Internet', 'No-Q', 'PHP', 'QUIC', 'SMC', 'Theme In WP', 'UTF-8', 'WordPress', 'WordPress Multisite', 'jQuery', 'reCAPTCHA']"
ashdownconstruction.com,Ashdown Construction | General Contractor,Ashdown Construction,CAN,77,54477,2026-09-30T06:37:04.539034513Z,"['Alternate Protocol', 'Apture Linking Platform', 'AudioEye', 'EmbedPress', 'Font Awesome', 'FreeCSSTemplates', 'Google Cloud DNS', 'Google Font API', 'Google Maps', 'Google My Business', 'LiteSpeed', 'Microdata for Google Shopping', 'NFOrce Internet', 'PHP', 'SMC', 'Site Reviews for Wordpress', 'Theme In WP', 'UTF-8', 'WP Lightbox 2', 'WP jQuery Lightbox', 'WordPress', 'WordPress Multisite', 'jQuery', 'reCAPTCHA']"
peters-autobody.com,"Peter's Auto Body Inc. - Auto Body Repair | Jamaica Plain, MA",,,67,77490,2026-09-30T06:06:37.243169992Z,"['Alternate Protocol', 'Amazon CloudFront', 'AudioEye', 'CloudFront', 'Duda', 'Facebook Login', 'Facebook Messenger Platform', 'Facebook Reseller', 'GZIP Module', 'K2F', 'Line2', 'Microdata for Google Shopping', 'Nginx', 'No-Q', 'QUIC', 'SMC', 'Schema Plugin', 'Tailwind CSS', 'UTF-8']"
dealerschoicedistribution.com,Dealers Choice| Build More Together,,,50,221287,2026-09-30T05:06:52.309656879Z,"['Adobe Analytics', 'Adobe Marketing Cloud', 'Alternate Protocol', 'Amazon WAF Blocked', 'AppNexus Direct', 'AudioEye', 'BloomReach', 'Clickagy', 'Cloudflare', 'Cloudflare Web Analytics', 'Constructor IO', 'CookieYes', 'DAV', 'DemDex', 'DoubleClick Bid Manager', 'Eyeota', 'Fastly CDN', 'GZIP Module', 'Google', 'Google Analytics', 'Google Cloud DNS', 'Google Font API', 'Google Maps', 'Google My Business', 'Google Tag Manager', 'Instagram Follow Button', 'Monetate', 'Next.js', 'Okta', 'Olark', 'OneTrust Domain Verification', 'OpenX Direct', 'Pingdom RUM', 'Pleroma', 'QUIC', 'Qualtrics Site Intercept', 'Quantum Metric', 'RM Education', 'Radix UI', 'Sentry', 'Subversion', 'Tailwind CSS', 'Triple Lift Direct', 'UTF-8', 'WhatFix', 'Wistia', 'YouTube', 'jsDelivr', 'shadcn ui']"
burnsfabricating.com,"Burns Ornamental Iron & Fab | Railings | Cleveland, TN","Burns Ornamental Iron and Fabricating, Inc.",,82,57335,2026-09-30T04:24:32.993355708Z,"['Alternate Protocol', 'Amazon', 'Amazon CloudFront', 'Amazon S3 CDN', 'AudioEye', 'Bing Cashback', 'Bing Conversion Tracking', 'CloudFront', 'Duda', 'Express', 'Facebook Login', 'Facebook Messenger Platform', 'Facebook Reseller', 'FormSubmit', 'GZIP Module', 'Google Analytics', 'Google Maps', 'Google My Business', 'Google Related Website Sites', 'Google Tag Manager', 'Line2', 'Microdata for Google Shopping', 'NFOrce Internet', 'Nginx', 'Perl', 'Pico CSS', 'SMC', 'Schema Plugin', 'Storyblocks', 'Styled Components', 'Tailwind CSS', 'Thank You', 'UTF-8', 'W3 Total Cache', 'eLand']"
luminouspropertyinvestments.com,Luminous Property Investments,,USA,82,52064,2026-09-30T03:41:21.001453819Z,"['Amazon CloudFront', 'AudioEye', 'CloudFront', 'Duda', 'FormSubmit', 'GZIP Module', 'Microdata for Google Shopping', 'Nginx', 'Perl', 'SMC', 'Styled Components', 'Tailwind CSS', 'Thank You', 'UTF-8']"
mississippipropertygroup.com,"Home | Mississippi Property Group, Oxford, MS",,GBR,62,60787,2026-09-30T03:41:20.993551875Z,"['Alternate Protocol', 'Amazon CloudFront', 'AppFolio', 'AudioEye', 'CloudFront', 'Content Delivery Network', 'Duda', 'Font Awesome', 'GZIP Module', 'Google Related Website Sites', 'Google Tag Manager', 'Instagram Follow Button', 'Nginx', 'SMC', 'Tailwind CSS', 'UTF-8']"
wellsboroautomotive1.com,"Wellsboro Automotive | Auto Repairs | Wellsboro, PA",,,72,62988,2026-09-30T02:55:37.4589291Z,"['Alternate Protocol', 'Amazon', 'Amazon CloudFront', 'Amazon S3 CDN', 'AudioEye', 'CloudFront', 'Duda', 'Facebook Like', 'Facebook Login', 'Facebook Messenger Platform', 'Facebook Reseller', 'GZIP Module', 'Google Maps', 'Google My Business', 'IcoMoon', 'Instagram Follow Button', 'Line2', 'Microdata for Google Shopping', 'Nginx', 'RM Education', 'SMC', 'Share Link', 'Storyblocks', 'Synchrony', 'Tailwind CSS', 'Twitter Ads', 'UTF-8', 'Yelp Badge', 'YouTube']"
treeaffect.com,"The Tree Affect | Tree Services | Cape May Court House, NJ",,,67,54920,2026-09-30T02:42:19.196901487Z,"['Amazon', 'Amazon CloudFront', 'Amazon S3 CDN', 'AudioEye', 'CloudFront', 'Duda', 'Express', 'Facebook Login', 'Facebook Messenger Platform', 'Facebook Reseller', 'GZIP Module', 'Google Maps', 'Google My Business', 'Line2', 'Microdata for Google Shopping', 'Nginx', 'QUIC', 'SMC', 'Schema Plugin', 'Storyblocks', 'UTF-8']"
stckdesign.com,A communication agency focused on the greater good.,,,67,82306,2026-09-30T02:42:19.162970524Z,"['AWS WAF Challenge', 'Alternate Protocol', 'AudioEye', 'Cloudflare', 'Content Delivery Network', 'Divi', 'Elegant Themes', 'EmbedPress', 'GoDaddy', 'Instagram Follow Button', 'PHP', 'SMC', 'Theme In WP', 'UTF-8', 'Wangsu', 'Woo Themes', 'WordPress', 'WordPress Multisite', 'YouTube', 'jQuery']"
goldenhourpediatrics.com,Golden Hour Pediatrics - Concierge & Direct Primary Care Los Angeles,,USA,77,51968,2026-09-30T01:27:48.595161589Z,"['Alternate Protocol', 'Amazon CloudFront', 'AudioEye', 'CloudFront', 'Duda', 'GZIP Module', 'Instagram Follow Button', 'Microdata for Google Shopping', 'Nginx', 'QUIC', 'SMC', 'Tailwind CSS', 'UTF-8']"
solagratiacounseling.com,"Counseling Services | Sola Gratia Counseling Center, LLC | Cumberland, MD",,USA,77,67064,2026-09-30T00:56:24.048384653Z,"['AWS WAF Challenge', 'Alternate Protocol', 'Amazon CloudFront', 'AudioEye', 'CloudFront', 'Duda', 'FormSubmit', 'GZIP Module', 'Microdata for Google Shopping', 'Nginx', 'SMC', 'Tailwind CSS', 'Thank You', 'UTF-8', 'University or College']"
ultraclassicroofing.com,Tri State Roofing |Residential Roofing Memphis TN - Ultra Classic Roofing,,,72,57784,2026-09-30T00:28:15.629342686Z,"['Alternate Protocol', 'Amazon CloudFront', 'AudioEye', 'Broadly', 'CloudFront', 'Duda', 'FormSubmit', 'GZIP Module', 'Google Analytics', 'Google Related Website Sites', 'Google Tag Manager', 'Microdata for Google Shopping', 'Nginx', 'SMC', 'Tailwind CSS', 'Thank You', 'UTF-8', 'Yelp Badge']"
pipelineplumbingllc.net,Pipeline Plumbing LLC | Plumbing Services,Pipeline Plumbing LLC,USA,77,54856,2026-09-30T00:12:03.685203792Z,"['Alternate Protocol', 'Apture Linking Platform', 'AudioEye', 'Better Lead Generation Services', 'EmbedPress', 'Express', 'Font Awesome', 'Google Analytics', 'Google Cloud DNS', 'Google Maps', 'Google My Business', 'Google Tag Manager', 'IcoMoon', 'Microdata for Google Shopping', 'NFOrce Internet', 'PHP', 'SMC', 'Theme In WP', 'UTF-8', 'WordPress', 'WordPress Multisite', 'jQuery', 'reCAPTCHA']"
designmattersconstruction.com,Design Matters Construction | Remodeling Contractor,Design Matters Construction,PHL,77,55186,2026-09-30T00:12:03.673402729Z,"['Alternate Protocol', 'Apture Linking Platform', 'AudioEye', 'Better Lead Generation Services', 'EmbedPress', 'Font Awesome', 'Google Analytics', 'Google Cloud DNS', 'Google Maps', 'Google My Business', 'Google Tag Manager', 'IcoMoon', 'Instagram Follow Button', 'Microdata for Google Shopping', 'NFOrce Internet', 'No-Q', 'PHP', 'SMC', 'Theme In WP', 'UTF-8', 'WordPress', 'WordPress Multisite', 'jQuery', 'reCAPTCHA']"
teambradleyproperties.com,Bradley Properties Home - Property Professionals In AZ,,,67,60784,2026-09-30T00:12:03.65086948Z,"['Amazon CloudFront', 'AppFolio', 'AudioEye', 'CloudFront', 'Duda', 'FormSubmit', 'GZIP Module', 'Google Related Website Sites', 'Instagram Follow Button', 'Microdata for Google Shopping', 'Nginx', 'SMC', 'Tailwind CSS', 'Thank You', 'UTF-8']"
erzhenaacupuncture.com,"Erzhena Acupuncture | Acupuncturist located in Upper East Side, New York, NY",,USA,92,77738,2026-09-29T23:55:53.313768144Z,"['Amazon', 'Amazon CloudFront', 'Amazon Route 53', 'AudioEye', 'CloudFront', 'Content Delivery Network', 'DAV', 'Fastly', 'GZIP Module', 'Google', 'Google Analytics', 'Google Cloud CDN', 'Google Cloud DNS', 'Google Font API', 'Google Maps', 'Google My Business', 'Google Related Website Sites', 'Google Tag Manager', 'Instagram Follow Button', 'Microdata for Google Shopping', 'Netlify', 'Parcel', 'PatientPop', 'QUIC', 'SMC', 'Tebra']"
probodyptma.com,"ProBody Physical Therapy – Physical Therapists | Malden, MA",,,67,52160,2026-09-29T23:40:39.901485237Z,"['Alternate Protocol', 'Amazon CloudFront', 'AudioEye', 'CloudFront', 'Duda', 'Facebook Login', 'Facebook Messenger Platform', 'Facebook Reseller', 'GZIP Module', 'Google Maps', 'Google My Business', 'Line2', 'Microdata for Google Shopping', 'Nginx', 'SMC', 'Schema Plugin', 'Tailwind CSS', 'UTF-8']"
lifetimeboatlifts.com,"Lifetime Dock & Lumber Inc | Boat Lift | Summerland Key, FL",,,67,54920,2026-09-29T23:25:59.836610705Z,"['Amazon', 'Amazon CloudFront', 'Amazon S3 CDN', 'AudioEye', 'CloudFront', 'DAV', 'Duda', 'Facebook Login', 'Facebook Messenger Platform', 'Facebook Reseller', 'GZIP Module', 'Google Maps', 'Google My Business', 'Line2', 'Microdata for Google Shopping', 'Nginx', 'SMC', 'Schema Plugin', 'Storyblocks', 'Tailwind CSS', 'UTF-8']"
twinacupuncture.com,"Twin Acupuncture | Acupuncture Specialist & Acupuncture, Cupping, E-stim, Dry Needling located in Staten Island, NY and Toms River, NJ",,CAN,92,77738,2026-09-29T22:39:51.994075645Z,"['Amazon', 'Amazon CloudFront', 'Amazon Route 53', 'AudioEye', 'CloudFront', 'Content Delivery Network', 'Fastly', 'GZIP Module', 'Google', 'Google Analytics', 'Google Cloud CDN', 'Google Cloud DNS', 'Google Font API', 'Google Maps', 'Google My Business', 'Google Related Website Sites', 'Google Tag Manager', 'Microdata for Google Shopping', 'Netlify', 'Parcel', 'PatientPop', 'QUIC', 'SMC', 'Tebra']"
udirtydawg.net,"U Dirty Dawg | Dog Daycare Services | Greenwood, IN",,,67,54920,2026-09-29T21:55:50.908405581Z,"['Amazon', 'Amazon CloudFront', 'Amazon S3 CDN', 'AudioEye', 'CloudFront', 'DoubleClick Bid Manager', 'Duda', 'Express', 'Facebook Login', 'Facebook Messenger Platform', 'Facebook Pixel', 'Facebook Reseller', 'Facebook Tag API', 'GZIP Module', 'Google Analytics', 'Google Flights Conversion Tracking', 'Google My Business', 'Google Tag Manager', 'Line2', 'Microdata for Google Shopping', 'Nginx', 'SMC', 'Schema Plugin', 'Storyblocks', 'Tailwind CSS', 'UTF-8', 'iPromote']"
lakeviewaptsky.com,Home | Lakeview Gardens| Downtown Louisville,Lakeview Garden Apartments,,82,60064,2026-09-29T20:56:57.34662419Z,"['Alternate Protocol', 'Amazon CloudFront', 'AppFolio', 'Apple Auto Link Maker', 'AudioEye', 'CloudFront', 'Duda', 'FormSubmit', 'GZIP Module', 'Google My Business', 'Google Play', 'Google Tag Manager', 'Microdata for Google Shopping', 'Nginx', 'SMC', 'Tailwind CSS', 'Thank You', 'UTF-8']"
creativecabinetryaz.com,Creative Cabinetry | Kitchen & Bathroom Remodeling,Creative Cabinetry,USA,67,55186,2026-09-29T20:43:59.916708103Z,"['Alternate Protocol', 'Apture Linking Platform', 'AudioEye', 'EmbedPress', 'Express', 'Font Awesome', 'Google Analytics', 'Google Cloud DNS', 'Google Maps', 'Google My Business', 'Google Tag Manager', 'IcoMoon', 'Microdata for Google Shopping', 'NFOrce Internet', 'No-Q', 'PHP', 'SMC', 'Theme In WP', 'UTF-8', 'WordPress', 'WordPress Multisite', 'jQuery', 'reCAPTCHA']"
propediatrics.com,"Professional Pediatrics | Pediatrics located in Roseville, CA",,USA,72,77738,2026-09-29T20:43:59.904741539Z,"['Amazon', 'Amazon CloudFront', 'Amazon Route 53', 'AudioEye', 'CloudFront', 'Content Delivery Network', 'Fastly', 'GZIP Module', 'Google', 'Google Analytics', 'Google Cloud CDN', 'Google Cloud DNS', 'Google Font API', 'Google Maps', 'Google My Business', 'Google Related Website Sites', 'Google Tag Manager', 'Microdata for Google Shopping', 'Netlify', 'Parcel', 'PatientPop', 'SMC', 'Tebra']"
bmcmyers.com,"BMC Installation Heating & Air Conditioning Inc | Silver Spring, MD",,,67,55508,2026-09-29T20:43:59.83945792Z,"['Agendize', 'Alternate Protocol', 'Amazon', 'Amazon CloudFront', 'Amazon S3 CDN', 'AudioEye', 'CloudFront', 'Duda', 'Facebook Login', 'Facebook Messenger Platform', 'Facebook Reseller', 'GZIP Module', 'Google My Business', 'Line2', 'Nginx', 'QUIC', 'SMC', 'Storyblocks', 'UTF-8']"
menomoniepropertymanagement.com,Menomonie Property Management,,,62,87293,2026-09-29T20:26:48.304458771Z,"['Alternate Protocol', 'Amazon CloudFront', 'AppFolio', 'AudioEye', 'CloudFront', 'Duda', 'Financial Services Guide', 'FormSubmit', 'GZIP Module', 'KVH', 'Nginx', 'No-Q', 'Paessler', 'QUIC', 'SMC', 'Subversion', 'Tailwind CSS', 'Thank You', 'UTF-8']"
asclaboratories.net,"ASC Microbiology Laboratories - Testing Laboratory | Jackson, NJ",,,67,67160,2026-09-29T19:14:17.759823312Z,"['Alternate Protocol', 'Amazon CloudFront', 'AudioEye', 'CloudFront', 'Duda', 'Facebook Login', 'Facebook Messenger Platform', 'Facebook Reseller', 'Fireblade', 'GZIP Module', 'Line2', 'Microdata for Google Shopping', 'Nginx', 'SMC', 'Schema Plugin', 'Tailwind CSS', 'UTF-8']"
matchmakerpropertymanagement.com,Customer-driven Alachua County Florida property management,,,62,59968,2026-09-29T18:27:56.693939206Z,"['Alternate Protocol', 'Amazon CloudFront', 'AppFolio', 'AudioEye', 'CloudFront', 'Duda', 'GZIP Module', 'Nginx', 'SMC', 'Tailwind CSS', 'UTF-8']"
protouchacc.com,Pro Touch Tax & Accounting Services | Tax Preparation Services,Pro Touch Tax & Accounting Services,USA,77,69388,2026-09-29T18:16:04.158045208Z,"['AWS WAF Challenge', 'Alternate Protocol', 'Apture Linking Platform', 'AudioEye', 'EmbedPress', 'Express', 'Font Awesome', 'Google Analytics', 'Google Cloud DNS', 'Google Font API', 'Google Maps', 'Google My Business', 'Google Tag Manager', 'Microdata for Google Shopping', 'NFOrce Internet', 'Nginx', 'PHP', 'SMC', 'Theme In WP', 'UTF-8', 'WordPress', 'jQuery', 'reCAPTCHA']"
coastconcreteservicesllc.com,Coast Concrete Services LLC | General Concrete Services,Coast Concrete Services LLC,USA,82,69388,2026-09-29T18:16:04.157498555Z,"['AWS WAF Challenge', 'Alternate Protocol', 'Apture Linking Platform', 'AudioEye', 'EmbedPress', 'Font Awesome', 'Google Cloud DNS', 'Google Maps', 'Google My Business', 'Microdata for Google Shopping', 'NFOrce Internet', 'PHP', 'SMC', 'Theme In WP', 'UTF-8', 'WordPress', 'WordPress Multisite', 'jQuery', 'reCAPTCHA']"
batkinshvac.com,Batkins HVAC | HVAC Contractor,Batkins HVAC,USA,82,54388,2026-09-29T18:16:04.153346689Z,"['Alternate Protocol', 'Apture Linking Platform', 'AudioEye', 'EmbedPress', 'Express', 'Font Awesome', 'Google Analytics', 'Google Cloud DNS', 'Google Maps', 'Google My Business', 'Google Tag Manager', 'Microdata for Google Shopping', 'NFOrce Internet', 'PHP', 'SMC', 'Theme In WP', 'UTF-8', 'WordPress', 'WordPress Multisite', 'jQuery', 'reCAPTCHA']"
interphaseelec.com,Home | Five Boroughs Of New York City Electrical Contractor,Interphase Electric Corp,USA,72,51589,2026-09-29T18:16:04.143077446Z,"['Alternate Protocol', 'AudioEye', 'EmbedPress', 'Google Analytics', 'Google Cloud DNS', 'Google Font API', 'Google Maps', 'Google My Business', 'LiteSpeed', 'Microdata for Google Shopping', 'PHP', 'SMC', 'Tailwind CSS', 'Theme In WP', 'UTF-8', 'WP Lightbox 2', 'WordPress', 'WordPress Multisite', 'jQuery']"
leannemcuttscga.ca,"Accounting Firm | Leanne M. Cutts, Chartered Professional Accountant","Leanne M. Cutts, Chartered Professional Accountant",CAN,67,54388,2026-09-29T18:16:04.130748208Z,"['Alternate Protocol', 'Apture Linking Platform', 'AudioEye', 'EmbedPress', 'Font Awesome', 'Google Analytics', 'Google Cloud DNS', 'Google Font API', 'Google Maps', 'Google My Business', 'Google Tag Manager', 'LiteSpeed', 'Microdata for Google Shopping', 'NFOrce Internet', 'PHP', 'Perl', 'QUIC', 'SMC', 'Tailwind CSS', 'Theme In WP', 'UTF-8', 'WordPress', 'WordPress Multisite', 'jQuery', 'reCAPTCHA']"
graceinspectionservices.com,"Home | Houston, Pearland and League City Home Inspector, Residential Inspector and Commercial Inspector",Grace Home Inspection Services,USA,77,71688,2026-09-29T17:58:45.038926212Z,"['Alternate Protocol', 'AudioEye', 'Broadly', 'EmbedPress', 'Fireblade', 'Font Awesome', 'Google Analytics', 'Google Cloud DNS', 'Google Font API', 'Google Maps', 'Google My Business', 'LiteSpeed', 'Microdata for Google Shopping', 'PHP', 'QUIC', 'SMC', 'Theme In WP', 'UTF-8', 'WP Lightbox 2', 'WordPress', 'WordPress Multisite', 'jQuery']"
claudiapermanentmakeup.com,"Home | San Antonio, New Braunfels and San Marcos Microblading, Permanent Makeup and Eyelash Extensions",Claudia Permanent Cosmetics,USA,82,51928,2026-09-29T17:58:45.037893667Z,"['AudioEye', 'EmbedPress', 'Express', 'Font Awesome', 'Google Analytics', 'Google Cloud DNS', 'Google Font API', 'Google Maps', 'Google My Business', 'Google Tag Manager', 'Instagram Follow Button', 'Microdata for Google Shopping', 'PHP', 'QUIC', 'SMC', 'Theme In WP', 'UTF-8', 'Vimeo', 'WP Lightbox 2', 'WP jQuery Lightbox', 'WordPress', 'WordPress Multisite', 'jQuery']"
siennalandscaping.net,Irrigation | Sienna Landscaping LLC,Sienna Landscaping LLC,USA,77,57118,2026-09-29T17:58:45.0260217Z,"['Alternate Protocol', 'Apture Linking Platform', 'AudioEye', 'EmbedPress', 'Express', 'Font Awesome', 'Google', 'Google Analytics', 'Google Cloud DNS', 'Google Font API', 'Google Maps', 'Google My Business', 'LiteSpeed', 'Microdata for Google Shopping', 'NFOrce Internet', 'No-Q', 'PHP', 'SMC', 'Theme In WP', 'UTF-8', 'WP Lightbox 2', 'WP jQuery Lightbox', 'WordPress', 'WordPress Multisite', 'jQuery', 'reCAPTCHA']"
prochc.com,"Home | Columbia, Lexington and Forest Acres Home Care Services, Elderly Care and Senior Care",ProCare Home Care,USA,77,64388,2026-09-29T17:16:10.537273866Z,"['Alternate Protocol', 'Apture Linking Platform', 'AudioEye', 'EmbedPress', 'Express', 'Font Awesome', 'Google', 'Google Analytics', 'Google Cloud DNS', 'Google Font API', 'Google Maps', 'Google My Business', 'Google Tag Manager', 'Microdata for Google Shopping', 'NFOrce Internet', 'Nginx', 'PHP', 'RM Education', 'SMC', 'Theme In WP', 'UTF-8', 'WordPress', 'jQuery', 'reCAPTCHA']"
executivecarpenters.com,Executive Carpentry And Renovation LLC | General Contractor,Executive Carpentry And Renovation LLC,USA,77,54477,2026-09-29T17:00:12.169433127Z,"['Alternate Protocol', 'Apture Linking Platform', 'AudioEye', 'EmbedPress', 'Express', 'Font Awesome', 'FreeCSSTemplates', 'Google Analytics', 'Google Cloud DNS', 'Google Font API', 'Google Maps', 'Google My Business', 'Microdata for Google Shopping', 'NFOrce Internet', 'PHP', 'SMC', 'Site Reviews for Wordpress', 'Theme In WP', 'UTF-8', 'WordPress', 'WordPress Multisite', 'jQuery', 'reCAPTCHA']"
robertthielinglandscapingllc.com,Robert Thieling Landscaping LLC | Landscaping Services,Robert Thieling Landscaping LLC,USA,77,55186,2026-09-29T17:00:12.164031622Z,"['Alternate Protocol', 'Apture Linking Platform', 'AudioEye', 'EmbedPress', 'Font Awesome', 'Google Analytics', 'Google Cloud DNS', 'Google Maps', 'Google My Business', 'Google Tag Manager', 'IcoMoon', 'Instagram Follow Button', 'Microdata for Google Shopping', 'NFOrce Internet', 'No-Q', 'PHP', 'QUIC', 'SMC', 'Theme In WP', 'UTF-8', 'WordPress', 'WordPress Multisite', 'jQuery', 'reCAPTCHA']"
rise-aesthetics.com,"Rise Aesthetics & Longevity | Medical Spa & Aesthetic Clinics located in Norwell, MA",,IND,77,85338,2026-09-29T15:34:10.334909761Z,"['Amazon', 'Amazon CloudFront', 'Amazon Route 53', 'AudioEye', 'CloudFront', 'Content Delivery Network', 'Fastly', 'Fullscript', 'GZIP Module', 'Google', 'Google Analytics', 'Google Cloud CDN', 'Google Cloud DNS', 'Google Font API', 'Google Maps', 'Google My Business', 'Google Related Website Sites', 'Google Tag Manager', 'Instagram Follow Button', 'Investor Relations', 'Microdata for Google Shopping', 'Netlify', 'Parcel', 'PatientPop', 'RM Education', 'SMC', 'Tebra']"
ostertag.realtor,Real Estate Services | Select Realty Associates | MA,,,82,52902,2026-09-29T14:47:41.558780173Z,"['Alternate Protocol', 'Amazon CloudFront', 'AudioEye', 'CloudFront', 'Duda', 'FormSubmit', 'GZIP Module', 'Get.realtor', 'Instagram Follow Button', 'Microdata for Google Shopping', 'Neighborhoods', 'Nginx', 'No-Q', 'Perl', 'SMC', 'Site Search 360', 'Tailwind CSS', 'Thank You', 'Twitter Ads', 'UTF-8', 'YouTube']"
swaggerlaw.com,"Swagger Law Corporation | Legal Services | Auburn, IN",,,62,55450,2026-09-29T14:35:21.181321629Z,"['Amazon', 'Amazon CloudFront', 'Amazon S3 CDN', 'Aruba', 'AudioEye', 'CloudFront', 'DAV', 'Duda', 'Facebook Login', 'Facebook Messenger Platform', 'Facebook Reseller', 'Financial Services Guide', 'GZIP Module', 'Google Maps', 'Google My Business', 'Line2', 'Nginx', 'No-Q', 'Perl', 'QUIC', 'SMC', 'Storyblocks', 'Subversion', 'Tailwind CSS', 'UTF-8']"
evolvpayforward.help,Payment Processing Solutions for Every Business | Evolv,,USA,82,75844,2026-09-29T14:04:07.706312371Z,"['Alternate Protocol', 'Amazon CloudFront', 'AudioEye', 'CloudFront', 'DAV', 'Duda', 'Facebook Conversion Tracking', 'Facebook Login', 'Facebook Messenger Platform', 'Facebook Pixel', 'Facebook Reseller', 'Facebook Tag API', 'Financial Services Guide', 'GZIP Module', 'Google Analytics', 'Google Tag Manager', 'IRIS CRM', 'Instagram Follow Button', 'Microdata for Google Shopping', 'Nginx', 'QUIC', 'RM Education', 'SMC', 'Site Search 360', 'Tailwind CSS', 'TrustIndex', 'UTF-8', 'YouTube', 'Zoom Video Conferencing']"
ppm.rent,"Home | Patton Property Management | Amarillo, TX",,USA,82,75064,2026-09-29T14:04:07.705503833Z,"['Alternate Protocol', 'Amazon CloudFront', 'AppFolio', 'AudioEye', 'CloudFront', 'Duda', 'Fireblade', 'FormSubmit', 'GZIP Module', 'Microdata for Google Shopping', 'Nginx', 'SMC', 'Subversion', 'Tailwind CSS', 'Thank You', 'UTF-8']"
resident-first.com,"Resident First Property Management - Hagerstown, MD",,,62,61420,2026-09-29T13:31:56.768982681Z,"['Amazon CloudFront', 'AppFolio', 'AudioEye', 'CallRail', 'CloudFront', 'DAV', 'Duda', 'Financial Services Guide', 'FormSubmit', 'GZIP Module', 'Google Analytics', 'Google Tag Manager', 'Nginx', 'No-Q', 'SMC', 'Subversion', 'Tailwind CSS', 'Thank You', 'UTF-8']"
iuman.eu,"Intimissimi: Italian Underwear, Lingerie & Sleepwear",,USA,62,847828,2026-09-29T12:30:58.554553576Z,"['AB Tasty', 'Alternate Protocol', 'App Store', 'Apture Linking Platform', 'AudioEye', 'Bambuser', 'CQuotient', 'Cloudflare', 'Cloudflare Web Analytics', 'Content Delivery Network', 'CoreMedia', 'Gigya', 'Google Analytics', 'Google My Business', 'Google Play', 'Google Tag Manager', 'Instagram Follow Button', 'QUIC', 'Quotient', 'Riskified', 'Salesforce Commerce Cloud', 'Thank You', 'Twitter Ads', 'UTF-8', 'User.com', 'Woosmap', 'YouTube', 'reCAPTCHA']"
htres.com,Hometown Residential | Southern California | Enjoy a lifestyle that pays dividends,,,62,59968,2026-09-29T12:30:58.55333565Z,"['Amazon CloudFront', 'AppFolio', 'AudioEye', 'CloudFront', 'Duda', 'GZIP Module', 'Microdata for Google Shopping', 'Nginx', 'SMC', 'Tailwind CSS', 'UTF-8']"
lupitasbakeryky.com,"Bakery in Crescent Springs, KY | Lupita's Bakery",Lupita's Bakery,ZAF,82,58236,2026-09-29T11:45:35.596215937Z,"['Amazon', 'Amazon CloudFront', 'Amazon S3 CDN', 'AudioEye', 'CloudFront', 'Duda', 'Express', 'Facebook Login', 'Facebook Messenger Platform', 'Facebook Reseller', 'FormSubmit', 'GZIP Module', 'Google Maps', 'Google My Business', 'Google Related Website Sites', 'Idaq', 'Line2', 'Microdata for Google Shopping', 'Nginx', 'Pico CSS', 'SMC', 'Storyblocks', 'Tailwind CSS', 'UTF-8']"
sunrisewoodwork.ca,"Home | Sunrise Woodwork | Parksville, BC",,CAN,82,128799,2026-09-29T11:45:35.594165577Z,"['AWS WAF Challenge', 'Alternate Protocol', 'Amazon CloudFront', 'AudioEye', 'CloudFront', 'Cybot', 'DAV', 'Duda', 'FOSSA IO', 'Financial Services Guide', 'FormSubmit', 'GZIP Module', 'Google Analytics', 'Google My Business', 'Google Related Website Sites', 'Google Tag Manager', 'Instagram Follow Button', 'Investor Relations', 'K2F', 'KVH', 'Microdata for Google Shopping', 'Nginx', 'No-Q', 'Perl', 'QUIC', 'ReviewWidget', 'SKWID', 'SMC', 'Styled Components', 'Subversion', 'Tailwind CSS', 'Thank You', 'UTF-8']"
promisedpathlandscapingca.com,"Landscaper in Chula Vista, CA | Promised Path Landscaping",Promised Path Landscaping,USA,82,58236,2026-09-29T11:45:35.594079267Z,"['Amazon', 'Amazon CloudFront', 'Amazon S3 CDN', 'AudioEye', 'CloudFront', 'DAV', 'Duda', 'Express', 'Facebook Login', 'Facebook Messenger Platform', 'Facebook Reseller', 'FormSubmit', 'GZIP Module', 'Google Maps', 'Google My Business', 'Google Related Website Sites', 'Idaq', 'Line2', 'Microdata for Google Shopping', 'Nginx', 'Pico CSS', 'SMC', 'Storyblocks', 'Tailwind CSS', 'UTF-8']"
uniquecustodialservicesoh.com,"Janitorial service in Gratiot, OH | Unique Custodial Services",Unique Custodial Services,USA,82,55736,2026-09-29T11:32:22.156878099Z,"['Alternate Protocol', 'Amazon', 'Amazon CloudFront', 'Amazon S3 CDN', 'AudioEye', 'Better Lead Generation Services', 'CloudFront', 'Duda', 'Express', 'Facebook Login', 'Facebook Messenger Platform', 'Facebook Reseller', 'FormSubmit', 'GZIP Module', 'Google Related Website Sites', 'Line2', 'Microdata for Google Shopping', 'Nginx', 'Pico CSS', 'SMC', 'Storyblocks', 'Tailwind CSS', 'UTF-8']"
celticproperties.net,"Celtic Property Management | Apartments | Kansas City, MO",,USA,77,54920,2026-09-29T11:01:53.604444809Z,"['Amazon', 'Amazon CloudFront', 'Amazon S3 CDN', 'AudioEye', 'CloudFront', 'Duda', 'Facebook Login', 'Facebook Messenger Platform', 'Facebook Reseller', 'GZIP Module', 'Google Tag Manager', 'Line2', 'Nginx', 'QUIC', 'SMC', 'Storyblocks', 'Tailwind CSS', 'UTF-8']"
greenmeadowsirrigation.ca,"Home | Fergus, Guelph and Mississauga Landscaper, Irrigation Service and Landscape Lighting Services",Green Meadows Irrigation Inc.,CAN,82,57256,2026-09-29T10:15:09.029094897Z,"['Alternate Protocol', 'Apture Linking Platform', 'AudioEye', 'EmbedPress', 'Font Awesome', 'Google', 'Google Analytics', 'Google Cloud DNS', 'Google Font API', 'Google Maps', 'Google My Business', 'Google Tag Manager', 'IcoMoon', 'Microdata for Google Shopping', 'NFOrce Internet', 'PHP', 'SMC', 'Theme In WP', 'UTF-8', 'WordPress', 'WordPress Multisite', 'jQuery', 'reCAPTCHA']"
evanscustombuildersllc.com,Evans Custom Builders LLC | General Contractor,Evans Custom Builders LLC,USA,77,57675,2026-09-29T10:15:09.029582683Z,"['Alternate Protocol', 'Apture Linking Platform', 'AudioEye', 'EmbedPress', 'Font Awesome', 'FreeCSSTemplates', 'Google', 'Google Analytics', 'Google Cloud DNS', 'Google Font API', 'Google Maps', 'Google My Business', 'Google Tag Manager', 'IcoMoon', 'Microdata for Google Shopping', 'NFOrce Internet', 'No-Q', 'PHP', 'SMC', 'Site Reviews for Wordpress', 'Tailwind CSS', 'Theme In WP', 'UTF-8', 'WordPress', 'WordPress Multisite', 'jQuery', 'reCAPTCHA']"
mkwservices.ca,MKW Services | Deck Builder,MKW Services,CAN,77,59377,2026-09-29T10:15:09.011997511Z,"['Alternate Protocol', 'AudioEye', 'EmbedPress', 'Express', 'Font Awesome', 'FreeCSSTemplates', 'Google Analytics', 'Google Cloud DNS', 'Google Customer Reviews', 'Google Maps', 'Google My Business', 'Google Tag Manager', 'Instagram Follow Button', 'Microdata for Google Shopping', 'PHP', 'QUIC', 'RM Education', 'SMC', 'Site Reviews for Wordpress', 'Tailwind CSS', 'Theme In WP', 'UTF-8', 'WordPress', 'WordPress Multisite', 'YouTube', 'jQuery']"
thespartamhp.com,Sparta MHP | Mobile Home Park | Sparta Wisconsin,,MYS,77,67064,2026-09-29T09:45:44.568721012Z,"['Amazon CloudFront', 'AppFolio', 'AudioEye', 'CloudFront', 'Duda', 'FormSubmit', 'GZIP Module', 'Microdata for Google Shopping', 'Nginx', 'Prospective', 'SMC', 'Tailwind CSS', 'Thank You', 'UTF-8']"
calmoto.com,"BMW Motorcycle Dealership in Livermore, CA | CalMoto",,USA,77,28301,2026-09-29T08:31:24.353717373Z,"['AJAX Libraries API', 'Alternate Protocol', 'AudioEye', 'Birdeye', 'CDN JS', 'Call to Visit', 'Cloudflare', 'Cloudflare CDN', 'Content Delivery Network', 'Dealer Spike', 'DoubleClick Bid Manager', 'EmbedPress', 'Express', 'Facebook Conversion Tracking', 'Facebook Login', 'Facebook Messenger Platform', 'Facebook Pixel', 'Facebook Reseller', 'Facebook Tag API', 'Fastly', 'GZIP Module', 'Google Analytics', 'Google Cloud DNS', 'Google Font API', 'Google My Business', 'Google Related Website Sites', 'Google Tag Manager', 'Gravity Forms', 'IcoMoon', 'Instagram Follow Button', 'Matomo Tag Manager', 'Microdata for Google Shopping', 'Nginx', 'PHP', 'Perl', 'Popup Maker for Wordpress', 'QUIC', 'Sitelinks Search Box', 'Tailwind CSS', 'Theme In WP', 'UTF-8', 'WordPress', 'YouTube', 'accessiBe', 'jQuery']"
fivestarsremodeling.com,"Five Star Remodeling, Inc. | Remodeling Contractor","Five Star Remodeling, Inc.",USA,77,57256,2026-09-29T07:15:12.148998316Z,"['Alternate Protocol', 'Apture Linking Platform', 'AudioEye', 'Better Lead Generation Services', 'EmbedPress', 'Font Awesome', 'Google', 'Google Analytics', 'Google Cloud DNS', 'Google Font API', 'Google Maps', 'Google My Business', 'IcoMoon', 'LiteSpeed', 'Microdata for Google Shopping', 'NFOrce Internet', 'PHP', 'SMC', 'Theme In WP', 'UTF-8', 'WP Lightbox 2', 'WP jQuery Lightbox', 'WordPress', 'WordPress Multisite', 'jQuery', 'reCAPTCHA']"
hamptonmoteliowa.com,Affordable Lodging | Hampton Motel Iowa | IA,,,72,62008,2026-09-29T07:15:12.145548839Z,"['Amazon CloudFront', 'AudioEye', 'CloudFront', 'Cloudbeds', 'DC74', 'Duda', 'GZIP Module', 'Google Analytics', 'Google My Business', 'Google Related Website Sites', 'Google Tag Manager', 'Instagram Follow Button', 'Microdata for Google Shopping', 'Nginx', 'SMC', 'Tailwind CSS', 'Termly', 'UTF-8']"
universalassemblyofgod.org,"Home | Scarborough, Toronto and Ajax Pentecostal Church, Church and Place Of Worship",Universal Assembly Of God,CAN,77,55165,2026-09-29T07:15:12.138049861Z,"['Alternate Protocol', 'Apture Linking Platform', 'AudioEye', 'EmbedPress', 'Font Awesome', 'FreeCSSTemplates', 'Google Analytics', 'Google Cloud DNS', 'Google Maps', 'Google My Business', 'Google Tag Manager', 'IcoMoon', 'Microdata for Google Shopping', 'NFOrce Internet', 'PHP', 'SMC', 'Site Reviews for Wordpress', 'Theme In WP', 'UTF-8', 'WordPress', 'WordPress Multisite', 'Zoom Video Conferencing', 'jQuery', 'reCAPTCHA']"
socalplumbingrooter.com,Socal Plumbing And Rooter | Plumbing Services,Socal Plumbing And Rooter,USA,82,51688,2026-09-29T06:45:56.994769977Z,"['Alternate Protocol', 'AudioEye', 'EmbedPress', 'Express', 'Font Awesome', 'Google Analytics', 'Google Cloud DNS', 'Google Font API', 'Google Maps', 'Google My Business', 'LiteSpeed', 'Microdata for Google Shopping', 'PHP', 'QUIC', 'SMC', 'Tailwind CSS', 'Theme In WP', 'UTF-8', 'WP Lightbox 2', 'WP jQuery Lightbox', 'WordPress', 'WordPress Multisite', 'Yelp Badge', 'jQuery']"
northchicagoimportautos.com,"North Chicago Import Autos Inc | Cars | North Chicago, IL",,USA,72,80250,2026-09-29T05:33:51.593202465Z,"['Amazon', 'Amazon CloudFront', 'Amazon S3 CDN', 'AudioEye', 'CloudFront', 'DAV', 'Duda', 'Facebook Login', 'Facebook Messenger Platform', 'Facebook Reseller', 'Financial Services Guide', 'GZIP Module', 'Google Maps', 'Google My Business', 'K2F', 'Line2', 'Nginx', 'No-Q', 'SMC', 'Storyblocks', 'Subversion', 'Tailwind CSS', 'UTF-8', 'YouTube']"
cmsysolcontracting.com,"C M Sysol Contracting | Grading Services | West Creek, NJ",,MYS,72,54920,2026-09-29T05:15:38.022797815Z,"['Amazon', 'Amazon CloudFront', 'Amazon S3 CDN', 'AudioEye', 'Bing Cashback', 'Bing Conversion Tracking', 'CloudFront', 'DoubleClick Bid Manager', 'Duda', 'Facebook Login', 'Facebook Messenger Platform', 'Facebook Reseller', 'GZIP Module', 'Google Flights Conversion Tracking', 'Google My Business', 'Instagram Follow Button', 'Line2', 'Nginx', 'SMC', 'Storyblocks', 'Tailwind CSS', 'UTF-8']"
lyonsinsurancesvc.com,"Home | Appleton, Neenah and Fox Valley Homeowners Insurance, Commercial Insurance and Life Insurance","Lyons Insurance Services, LLC",USA,77,69388,2026-09-29T05:02:22.739937785Z,"['AJAX Libraries API', 'Alternate Protocol', 'Apture Linking Platform', 'AudioEye', 'EmbedPress', 'Fireblade', 'Font Awesome', 'Google Analytics', 'Google Cloud DNS', 'Google Maps', 'Google My Business', 'Microdata for Google Shopping', 'NFOrce Internet', 'PHP', 'SMC', 'Tailwind CSS', 'Theme In WP', 'UTF-8', 'WordPress', 'WordPress Multisite', 'jQuery', 'reCAPTCHA']"
vistasitenyc.com,"VistaSite Vision Center | Optometry in Washington Heights, New York, NY",,USA,92,137738,2026-09-29T04:33:09.115369266Z,"['Amazon', 'Amazon CloudFront', 'Amazon Route 53', 'AudioEye', 'CloudFront', 'Content Delivery Network', 'DAV', 'Fastly', 'GZIP Module', 'Google', 'Google Analytics', 'Google Cloud CDN', 'Google Cloud DNS', 'Google Font API', 'Google Maps', 'Google My Business', 'Google Related Website Sites', 'Google Tag Manager', 'Microdata for Google Shopping', 'Netlify', 'Parcel', 'PatientPop', 'SMC', 'Tebra', 'Vista Cloud', 'YouTube']"
meshkinmedical.com,"Meshkin Medical | Hair Restoration Specialists & Aesthetics located in Newport Beach and Glendale, CA",,GBR,77,77738,2026-09-29T04:33:09.114646938Z,"['Amazon', 'Amazon CloudFront', 'Amazon Route 53', 'Apture Linking Platform', 'AudioEye', 'CloudFront', 'Content Delivery Network', 'Express', 'Fastly', 'GZIP Module', 'GitHub Hosting', 'Google', 'Google Analytics', 'Google Cloud CDN', 'Google Cloud DNS', 'Google Font API', 'Google Maps', 'Google My Business', 'Google Related Website Sites', 'Google Tag Manager', 'Instagram Follow Button', 'Microdata for Google Shopping', 'Netlify', 'Parcel', 'PatientPop', 'SMC', 'Tebra', 'Twitter Ads', 'YouTube']"
lincoincva.com,"Linco Inc. | Commercial Grading | Waynesboro, VA",,,57,16281,2026-09-29T04:17:31.293906703Z,"['Amazon', 'Amazon CloudFront', 'Amazon S3 CDN', 'AudioEye', 'CloudFront', 'Duda', 'Facebook Login', 'Facebook Messenger Platform', 'Facebook Reseller', 'GZIP Module', 'Line2', 'Nginx', 'SMC', 'SiteW', 'Storyblocks', 'UTF-8']"
joplin.realestate,"Real Estate Services | KELLER WILLIAMS REALTY | SW, MO",,,82,53043,2026-09-29T03:48:03.949140219Z,"['Alternate Protocol', 'Amazon CloudFront', 'AudioEye', 'CloudFront', 'Coming Soon Page', 'Duda', 'FormSubmit', 'GZIP Module', 'Get.realtor', 'IDX Broker', 'Instagram Follow Button', 'Keller Williams Realty', 'Microdata for Google Shopping', 'Neighborhoods', 'Nginx', 'Perl', 'QUIC', 'SMC', 'Styled Components', 'Tailwind CSS', 'Thank You', 'Twitter Ads', 'UTF-8', 'Yelp Badge']"
waterfordproperties.realestate,Home | Waterford Properties & Real Estate Inc | FL,,ZAF,82,80256,2026-09-29T03:34:10.201852877Z,"['Amazon CloudFront', 'AppFolio', 'AudioEye', 'Calendly', 'CloudFront', 'DAV', 'Duda', 'FormSubmit', 'GZIP Module', 'KVH', 'Microdata for Google Shopping', 'Nginx', 'SMC', 'Tailwind CSS', 'Thank You', 'UTF-8']"
arizzly.com,"Shop Tools and Machinery at Grizzly.com - Grizzly Industrial, Inc.",,USA,77,365058,2026-09-29T03:18:09.368839699Z,"['ASP.NET Core', 'AWS WAF Challenge', 'Adobe Creative Cloud WebFonts', 'Alternate Protocol', 'Amazon', 'Amazon CloudFront', 'Amazon Route 53', 'Attentive', 'AudioEye', 'Bazaarvoice', 'Bazaarvoice Curations', 'Bing Cashback', 'Bing Conversion Tracking', 'CloudFront', 'Content Delivery Network', 'Curalate', 'DoubleClick Bid Manager', 'Facebook Reseller', 'Fireblade', 'Google', 'Google Analytics', 'Google Cloud DNS', 'Google Font API', 'Google My Business', 'Google Tag Manager', 'Instagram Follow Button', 'Monetate', 'Ntent', 'QUIC', 'SMC', 'Sentry', 'SiteW', 'Sitelinks Search Box', 'Smooch', 'Tailwind CSS', 'ThreatMetrix', 'Twitter Ads', 'UTF-8', 'YouTube', 'Zendesk Embeddables', 'jsDelivr']"
rentmuskogee.net,Welcome Home| Rent Muskogee - Atlas PM,,,57,24476,2026-09-29T02:03:25.452609776Z,"['Amazon CloudFront', 'AppFolio', 'AudioEye', 'CloudFront', 'Duda', 'FormSubmit', 'GZIP Module', 'KVH', 'Nginx', 'SMC', 'Tailwind CSS', 'Thank You', 'UTF-8']"
999striping.com,999 Striping & Power Washing | Paving Contractor Services,999 Striping & Power Washing,USA,77,69388,2026-09-29T01:19:59.051346541Z,"['Alternate Protocol', 'Apture Linking Platform', 'AudioEye', 'EmbedPress', 'Fireblade', 'Font Awesome', 'Google Analytics', 'Google Cloud DNS', 'Google Maps', 'Google My Business', 'Google Tag Manager', 'Microdata for Google Shopping', 'NFOrce Internet', 'PHP', 'SMC', 'Theme In WP', 'UTF-8', 'WordPress', 'WordPress Multisite', 'jQuery', 'reCAPTCHA']"
churchvilleschoolhouse.org,Churchville Schoolhouse | Elmhurst History Museum,City of Elmhurst,,75,7746,2026-09-29T00:33:16.897332818Z,"['Adobe Creative Cloud WebFonts', 'AudioEye', 'CDN JS', 'Cloudflare', 'Cloudflare CDN', 'Cloudinary', 'Constant Contact', 'DoubleClick Bid Manager', 'ElementUI', 'Font Awesome', 'Fonts.com', 'GZIP Module', 'Google Analytics', 'Google Cloud DNS', 'Google Font API', 'Google My Business', 'Google Tag Manager', 'IcoMoon', 'Instagram Follow Button', 'Microdata for Google Shopping', 'QUIC', 'Sitelinks Search Box', 'Twitter Ads', 'UTF-8', 'Vimeo', 'YouTube']"
eqmanage.com,At home in your next apartment | Equity Management Portland,,USA,77,80064,2026-09-28T23:54:16.437533735Z,"['Alternate Protocol', 'Amazon CloudFront', 'AppFolio', 'AudioEye', 'CloudFront', 'Duda', 'FormSubmit', 'GZIP Module', 'KVH', 'Microdata for Google Shopping', 'Nginx', 'QUIC', 'SMC', 'Tailwind CSS', 'Thank You', 'UTF-8']"
portertermite.com,"Reliable Home Inspection & Pest Control in Houston, TX",Accurate Home and Commercial Services,USA,82,87784,2026-09-28T23:04:26.880551684Z,"['Alternate Protocol', 'Amazon CloudFront', 'AudioEye', 'Better Lead Generation Services', 'CloudFront', 'Duda', 'Fireblade', 'FormSubmit', 'GZIP Module', 'Google Analytics', 'Google My Business', 'Google Related Website Sites', 'Google Tag Manager', 'Instagram Follow Button', 'KVH', 'Microdata for Google Shopping', 'Nginx', 'QUIC', 'SMC', 'Tailwind CSS', 'Thank You', 'UTF-8', 'eLand']"
thecottageslansing.com,Home | The Cottages | MI,,USA,82,79968,2026-09-28T22:27:53.744775184Z,"['Alternate Protocol', 'Amazon CloudFront', 'AppFolio', 'AudioEye', 'CloudFront', 'Duda', 'GZIP Module', 'HMDG', 'Instagram Follow Button', 'Microdata for Google Shopping', 'Neighborhoods', 'Nginx', 'SMC', 'Tailwind CSS', 'Twitter Ads', 'UTF-8', 'University or College']"
riserestore.com,"RISE | Interventional Orthopedics & Regenerative Sports Medicine Specialist located in Evergreen, CO",,,77,83738,2026-09-28T22:21:02.657058828Z,"['Amazon', 'Amazon CloudFront', 'Amazon Route 53', 'AudioEye', 'CloudFront', 'Content Delivery Network', 'Fastly', 'GZIP Module', 'Google', 'Google Analytics', 'Google Cloud CDN', 'Google Cloud DNS', 'Google Font API', 'Google Maps', 'Google My Business', 'Google Related Website Sites', 'Google Tag Manager', 'Instagram Follow Button', 'Kareo', 'Microdata for Google Shopping', 'Netlify', 'Parcel', 'PatientPop', 'SMC', 'Tebra', 'YouTube']"
shookpropertymanagement.com,"Work with Shook Property Management in Lafayette, Indiana",,,62,64255,2026-09-28T21:46:55.111118992Z,"['Amazon CloudFront', 'AppFolio', 'AudioEye', 'Birdeye', 'CloudFront', 'Duda', 'Font Awesome', 'GZIP Module', 'Nginx', 'SMC', 'Tailwind CSS', 'UTF-8']"
gardenofeatnga.com,"Garden of Eat'n | Health Food Store | Jesup, GA",,,62,54920,2026-09-28T19:56:36.638325972Z,"['Alternate Protocol', 'Amazon', 'Amazon CloudFront', 'Amazon S3 CDN', 'Apture Linking Platform', 'AudioEye', 'CloudFront', 'Duda', 'Facebook Login', 'Facebook Messenger Platform', 'Facebook Reseller', 'GZIP Module', 'Google Maps', 'Google My Business', 'Line2', 'Nginx', 'SMC', 'Storyblocks', 'UTF-8', 'YouTube']"
eastholmesauto.com,"East Holmes Auto Repair, LLC | Auto Repair","East Holmes Auto Repair, LLC",DEU,77,58677,2026-09-28T19:27:26.49610484Z,"['Alternate Protocol', 'Apture Linking Platform', 'AudioEye', 'AutoOps', 'EmbedPress', 'Express', 'Font Awesome', 'Google Analytics', 'Google Cloud DNS', 'Google Maps', 'Google My Business', 'Google Tag Manager', 'Microdata for Google Shopping', 'NFOrce Internet', 'PHP', 'SMC', 'Site Reviews for Wordpress', 'Theme In WP', 'UTF-8', 'WordPress', 'WordPress Multisite', 'Yelp Badge', 'jQuery', 'reCAPTCHA']"
trustedconstruction.net,Trusted Construction | General Contractor,Trusted Construction,USA,77,54477,2026-09-28T19:22:38.602004088Z,"['AJAX Libraries API', 'Alternate Protocol', 'Apture Linking Platform', 'AudioEye', 'EmbedPress', 'Express', 'Font Awesome', 'FreeCSSTemplates', 'Google Analytics', 'Google Cloud DNS', 'Google Maps', 'Google My Business', 'Google Tag Manager', 'Instagram Follow Button', 'Microdata for Google Shopping', 'NFOrce Internet', 'PHP', 'SMC', 'Site Reviews for Wordpress', 'Theme In WP', 'UTF-8', 'WP Lightbox 2', 'WP jQuery Lightbox', 'WordPress', 'WordPress Multisite', 'jQuery', 'reCAPTCHA']"
legendspm.com,Home | Legends Property Management | CA,,IND,77,60064,2026-09-28T19:22:38.592477263Z,"['Alternate Protocol', 'Amazon CloudFront', 'AppFolio', 'AudioEye', 'CloudFront', 'DAV', 'Duda', 'FormSubmit', 'GZIP Module', 'Microdata for Google Shopping', 'Nginx', 'QUIC', 'SMC', 'Tailwind CSS', 'Thank You', 'UTF-8']"
angelosautobody.com,Angelo's Auto Body INC | Auto Body Shop,Angelo's Auto Body INC,USA,77,54388,2026-09-28T19:22:38.589704455Z,"['Alternate Protocol', 'Apture Linking Platform', 'AudioEye', 'Better Lead Generation Services', 'EmbedPress', 'Express', 'Font Awesome', 'Google Analytics', 'Google Cloud DNS', 'Google Font API', 'Google Maps', 'Google My Business', 'Microdata for Google Shopping', 'NFOrce Internet', 'Nginx', 'PHP', 'SMC', 'Theme In WP', 'UTF-8', 'WordPress', 'WordPress Multisite', 'jQuery', 'reCAPTCHA']"
eagleeyeoptique.com,"Eagle Eye Optique | Eye Care | Crown Point, IN",,,62,54920,2026-09-28T19:17:18.706389209Z,"['Amazon', 'Amazon CloudFront', 'Amazon S3 CDN', 'AudioEye', 'Bing Cashback', 'Bing Conversion Tracking', 'CloudFront', 'DoubleClick Bid Manager', 'Duda', 'Facebook Login', 'Facebook Messenger Platform', 'Facebook Reseller', 'GZIP Module', 'Google Flights Conversion Tracking', 'Google Maps', 'Google My Business', 'Line2', 'Microdata for Google Shopping', 'Nginx', 'SMC', 'Schema Plugin', 'Storyblocks', 'Tailwind CSS', 'UTF-8', 'iPromote']"
capitalconstructionsd.com,Capital Construction LLC | General Concrete Services,Capital Construction LLC,USA,77,72118,2026-09-28T19:17:18.693299875Z,"['AWS WAF Challenge', 'Alternate Protocol', 'Apture Linking Platform', 'AudioEye', 'EmbedPress', 'Express', 'Font Awesome', 'Google', 'Google Analytics', 'Google Cloud DNS', 'Google Font API', 'Google Maps', 'Google My Business', 'Google Tag Manager', 'Microdata for Google Shopping', 'NFOrce Internet', 'Nginx', 'No-Q', 'PHP', 'SMC', 'Theme In WP', 'UTF-8', 'WordPress', 'WordPress Multisite', 'jQuery', 'reCAPTCHA']"
haywoodbedding.com,"Haywood Bedding | Bedding | Waynesville, NC",,USA,72,57420,2026-09-28T18:52:28.776821187Z,"['Amazon', 'Amazon CloudFront', 'Amazon S3 CDN', 'AudioEye', 'CloudFront', 'Duda', 'Facebook Login', 'Facebook Messenger Platform', 'Facebook Reseller', 'GZIP Module', 'Google Maps', 'Google My Business', 'Idaq', 'Line2', 'Nginx', 'SMC', 'Storyblocks', 'Tailwind CSS', 'UTF-8', 'Yelp Badge']"
topgearsrl.it,Concessionaria auto TOP GEAR | Gioia Tauro - Reggio Calabria,,ITA,77,56652,2026-09-28T18:52:28.774879461Z,"['Amazon CloudFront', 'AudioEye', 'Azion', 'CloudFront', 'Cybot', 'Duda', 'Font Awesome', 'GZIP Module', 'Google Tag Manager', 'Italiaonline', 'Microdata for Google Shopping', 'Nginx', 'PagineGialle', 'SMC', 'Tailwind CSS', 'UTF-8']"
woodsatnormaltown.com,"Home | The Woods At Normaltown | Apartments Athens, GA",,USA,77,60103,2026-09-28T17:36:43.170660794Z,"['Amazon CloudFront', 'AppFolio', 'AudioEye', 'CloudFront', 'Coming Soon Page', 'Duda', 'FormSubmit', 'GZIP Module', 'Google Analytics', 'Google Tag Manager', 'Instagram Follow Button', 'Microdata for Google Shopping', 'Nginx', 'Perl', 'QUIC', 'SMC', 'Styled Components', 'Tailwind CSS', 'Thank You', 'UTF-8', 'University or College']"
centralsidingsupply.com,"Central Siding Supply | Roofing | Clinton, IA",,,57,16281,2026-09-28T17:09:58.003264641Z,"['Amazon', 'Amazon CloudFront', 'Amazon S3 CDN', 'AudioEye', 'CloudFront', 'Duda', 'Express', 'Facebook Login', 'Facebook Messenger Platform', 'Facebook Reseller', 'GZIP Module', 'Google My Business', 'Line2', 'Nginx', 'QUIC', 'SMC', 'Storyblocks', 'UTF-8']"
credencevet.com,"Credence Veterinary Clinic PLLC | Beeville, TX",,HUN,72,54920,2026-09-28T16:37:09.688255575Z,"['Amazon', 'Amazon CloudFront', 'Amazon S3 CDN', 'AudioEye', 'CloudFront', 'Duda', 'Facebook Login', 'Facebook Messenger Platform', 'Facebook Reseller', 'GZIP Module', 'Google Analytics', 'Google Maps', 'Google My Business', 'Google Tag Manager', 'Line2', 'Microdata for Google Shopping', 'Nginx', 'SMC', 'Schema Plugin', 'Storyblocks', 'UTF-8']"
nespecialtyservices.com,New England Specialty Services | Commercial Contractor | Fall River MA,,,57,24281,2026-09-28T15:46:06.369501786Z,"['Amazon', 'Amazon CloudFront', 'Amazon S3 CDN', 'AudioEye', 'CloudFront', 'DAV', 'DoubleClick Bid Manager', 'Duda', 'Facebook Login', 'Facebook Messenger Platform', 'Facebook Reseller', 'GZIP Module', 'Google Analytics', 'Google Flights Conversion Tracking', 'Google Maps', 'Google My Business', 'Google Related Website Sites', 'Google Tag Manager', 'HMDG', 'Line2', 'Microdata for Google Shopping', 'Nginx', 'QUIC', 'SMC', 'Schema Plugin', 'Storyblocks', 'UTF-8']"
bridalexperiencebyfrancine.com,"Francine's Bridal Experience | Wedding Items | Sayville, NY",,USA,72,54920,2026-09-28T15:34:17.632354341Z,"['Alternate Protocol', 'Amazon', 'Amazon CloudFront', 'Amazon S3 CDN', 'Apture Linking Platform', 'AudioEye', 'CloudFront', 'Duda', 'Facebook Login', 'Facebook Messenger Platform', 'Facebook Reseller', 'GZIP Module', 'Google My Business', 'Instagram Follow Button', 'Line2', 'Microdata for Google Shopping', 'Nginx', 'SMC', 'Schema Plugin', 'Storyblocks', 'Tailwind CSS', 'UTF-8', 'YouTube']"
autokraftersofdesplaines.com,Autokrafters of Des Plaines | Collision Repairs Des Plaines,,USA,77,56348,2026-09-28T15:30:35.822405602Z,"['Amazon', 'Amazon CloudFront', 'Amazon S3 CDN', 'AudioEye', 'Bing Cashback', 'Bing Conversion Tracking', 'Call to Visit', 'CloudFront', 'Duda', 'Facebook Embedded Posts', 'Facebook Login', 'Facebook Messenger Platform', 'Facebook Pixel', 'Facebook Reseller', 'Facebook Tag API', 'GZIP Module', 'Google Maps', 'Google My Business', 'Line2', 'Microdata for Google Shopping', 'Nginx', 'Plausible Analytics', 'QUIC', 'SMC', 'Schema Plugin', 'Storyblocks', 'Twitter Ads', 'UTF-8', 'Yelp Badge', 'iPromote']"
qslawnandpest.com,"QS Lawn & Pest | Insect Control Services | Emmetsburg, IA",,,57,16341,2026-09-28T15:30:35.821715863Z,"['Amazon', 'Amazon CloudFront', 'Amazon S3 CDN', 'AudioEye', 'CloudFront', 'Duda', 'Express', 'Facebook Login', 'Facebook Messenger Platform', 'Facebook Reseller', 'FormSubmit', 'GZIP Module', 'Google Analytics', 'Google Tag Manager', 'Line2', 'Microdata for Google Shopping', 'Nginx', 'SMC', 'Schema Plugin', 'Storyblocks', 'Tailwind CSS', 'Thank You', 'UTF-8']"
bayareacu.net,Bay Area Credit Union |,Bay Area Credit Union,BRA,77,90727,2026-09-28T14:57:12.077620346Z,"['Alternate Protocol', 'Apture Linking Platform', 'AudioEye', 'EmbedPress', 'Fireblade', 'GZIP Module', 'Google Analytics', 'Google Cloud DNS', 'Google Font API', 'Google My Business', 'Google Tag Manager', 'Instagram Follow Button', 'Jetpack', 'M247', 'Microdata for Google Shopping', 'Microsoft 365', 'Nginx', 'PHP', 'QUIC', 'SMC', 'Theme In WP', 'UTF-8', 'Vimeo', 'WordPress', 'WordPress Multisite', 'WordPress Stats', 'YouTube', 'bbPress', 'jQuery']"
hanksvoice.net,"Wildlife Conservation - Egeland, ND | Hank's Voice",,,67,67007,2026-09-28T14:57:12.066962578Z,"['AWS WAF Challenge', 'Alternate Protocol', 'Amazon CloudFront', 'AudioEye', 'CloudFront', 'Coming Soon Page', 'Duda', 'Express', 'GZIP Module', 'Google Analytics', 'Google Tag Manager', 'Instagram Follow Button', 'Microdata for Google Shopping', 'Nginx', 'PWA', 'Perl', 'SMC', 'Tailwind CSS', 'UTF-8', 'eLand']"
oacommunities.com,Ocean Atlantic Communities,,MYS,72,60163,2026-09-28T14:51:26.201130265Z,"['Alternate Protocol', 'Amazon CloudFront', 'AppFolio', 'AudioEye', 'CloudFront', 'Duda', 'Font Awesome', 'FormSubmit', 'GZIP Module', 'Microdata for Google Shopping', 'Nginx', 'SMC', 'Tailwind CSS', 'Thank You', 'UTF-8']"
agneshousecleaning.com,Agnes Cleaning Service | Janitorial Company,Agnes Cleaning Service,USA,77,54856,2026-09-28T14:46:14.460362026Z,"['Alternate Protocol', 'Apture Linking Platform', 'AudioEye', 'Better Lead Generation Services', 'EmbedPress', 'Font Awesome', 'Google Analytics', 'Google Cloud DNS', 'Google Maps', 'Google My Business', 'Google Tag Manager', 'ID Services', 'IcoMoon', 'Microdata for Google Shopping', 'NFOrce Internet', 'PHP', 'SMC', 'Tailwind CSS', 'Theme In WP', 'UTF-8', 'WordPress', 'WordPress Multisite', 'jQuery', 'reCAPTCHA']"
jakesroadhouseca.com,"Restaurant in Monrovia, CA | Jake's Roadhouse",Jake's Roadhouse,IDN,82,58236,2026-09-28T14:46:14.45119389Z,"['Amazon', 'Amazon CloudFront', 'Amazon S3 CDN', 'AudioEye', 'CloudFront', 'Duda', 'Express', 'Facebook Login', 'Facebook Messenger Platform', 'Facebook Reseller', 'FormSubmit', 'GZIP Module', 'Google Maps', 'Google My Business', 'Google Related Website Sites', 'Idaq', 'Instagram Follow Button', 'Line2', 'Microdata for Google Shopping', 'Nginx', 'Pico CSS', 'SMC', 'Storyblocks', 'Tailwind CSS', 'UTF-8']"
psaplanosportsauthority.com,Sports Complex Near Me | Plano Sports Authority,Plano Sports Authority,USA,82,55736,2026-09-28T14:46:14.451546662Z,"['Amazon', 'Amazon CloudFront', 'Amazon S3 CDN', 'AudioEye', 'CloudFront', 'Duda', 'Express', 'Facebook Login', 'Facebook Messenger Platform', 'Facebook Reseller', 'FormSubmit', 'GZIP Module', 'Google Maps', 'Google My Business', 'Google Related Website Sites', 'Line2', 'Microdata for Google Shopping', 'Nginx', 'Pico CSS', 'SMC', 'Storyblocks', 'Tailwind CSS', 'UTF-8']"
truckaccessorieswinstonsalemnc.com,Truck Accessories Near Me | Mil-Spec of the Triad,Mil-Spec of the Triad,USA,77,70736,2026-09-28T14:46:14.449197932Z,"['Alternate Protocol', 'Amazon', 'Amazon CloudFront', 'Amazon S3 CDN', 'AudioEye', 'CloudFront', 'Duda', 'Express', 'Facebook Login', 'Facebook Messenger Platform', 'Facebook Reseller', 'Fireblade', 'FormSubmit', 'GZIP Module', 'Google Maps', 'Google My Business', 'Google Related Website Sites', 'Line2', 'Microdata for Google Shopping', 'Nginx', 'Pico CSS', 'SMC', 'Storyblocks', 'Tailwind CSS', 'UTF-8', 'University or College']"
dbturnercontracting.com,D B Turner Contracting Services Inc | General Contractor,D B Turner Contracting Services Inc,CAN,77,57256,2026-09-28T14:40:48.181528085Z,"['Alternate Protocol', 'Apture Linking Platform', 'AudioEye', 'EmbedPress', 'Font Awesome', 'Google', 'Google Analytics', 'Google Cloud DNS', 'Google Font API', 'Google Maps', 'Google My Business', 'Google Tag Manager', 'IcoMoon', 'Microdata for Google Shopping', 'NFOrce Internet', 'PHP', 'SMC', 'Tailwind CSS', 'Theme In WP', 'UTF-8', 'WordPress', 'WordPress Multisite', 'jQuery', 'reCAPTCHA']"
ammi.nyc,Home style Indian food,,USA,80,127873,2026-09-28T14:35:53.603310089Z,"['Adobe Creative Cloud WebFonts', 'Aruba', 'AudioEye', 'Express', 'GZIP Module', 'Google Cloud DNS', 'Google Font API', 'Google My Business', 'Instagram Follow Button', 'Line2', 'Magento Enterprise', 'Microdata for Google Shopping', 'QUIC', 'SMC', 'SiteW', 'Squarespace', 'UTF-8', 'WordPress SEO Structured Data Schema Plugin', 'eLand']"
rosenbergrecoveryandtowing.com,"Rosenberg Recovery & Towing LLC | Jump-Starts | Joplin, MO",,,62,69920,2026-09-28T14:06:33.844778314Z,"['Amazon', 'Amazon CloudFront', 'Amazon S3 CDN', 'AudioEye', 'CloudFront', 'Duda', 'Facebook Login', 'Facebook Messenger Platform', 'Facebook Reseller', 'Fireblade', 'GZIP Module', 'Google My Business', 'Line2', 'Nginx', 'SMC', 'Storyblocks', 'Tailwind CSS', 'Twitter Ads', 'UTF-8', 'Yelp Badge']"
feelbetterlookgreat.com,"Tranont | Health, Wealth, Community",,,62,68175,2026-09-28T14:02:39.227587969Z,"['AWS WAF Challenge', 'Alternate Protocol', 'Amazon', 'Amazon CloudFront', 'Apture Linking Platform', 'Attentive', 'AudioEye', 'Better Lead Generation Services', 'CloudFront', 'Cloudflare', 'Cloudflare CDN', 'Coming Soon Page', 'Content Delivery Network', 'DoubleClick Bid Manager', 'Express', 'Fireblade', 'Google Analytics', 'Google My Business', 'Google Tag Manager', 'Harbor', 'Hubspot', 'InitiativeS', 'Instagram Follow Button', 'Microsoft Clarity', 'Mouseflow', 'Netlify', 'Next.js', 'OpenReplay', 'Perl', 'Pleroma', 'QUIC', 'Seflow Italy', 'Share Link', 'Tailwind CSS', 'Thank You', 'Twitter Ads', 'UTF-8', 'Umbler', 'University or College', 'Vercel', 'YouTube', 'eLand', 'shadcn ui']"
energize-wellness.com,"Energize Testosterone & Wellness Center | Aesthetic, Functional, Integrative, Anti-Aging and Regenerative Medicine located in O’fallon, MO",,SEN,92,77738,2026-09-28T13:29:33.568208321Z,"['Amazon', 'Amazon CloudFront', 'Amazon Route 53', 'AudioEye', 'CloudFront', 'Content Delivery Network', 'Fastly', 'GZIP Module', 'Google', 'Google Analytics', 'Google Cloud CDN', 'Google Cloud DNS', 'Google Font API', 'Google Maps', 'Google My Business', 'Google Related Website Sites', 'Google Tag Manager', 'Microdata for Google Shopping', 'Netlify', 'Parcel', 'PatientPop', 'SMC', 'Tebra', 'University or College']"
cremationsamericacfl.com,Cremations America Central Florida | Compassionate Cremation Services,,,72,54828,2026-09-28T13:24:29.732743342Z,"['Alternate Protocol', 'Amazon CloudFront', 'AudioEye', 'Better Lead Generation Services', 'CloudFront', 'Duda', 'Elfsight', 'GZIP Module', 'Idaq', 'Microdata for Google Shopping', 'Nginx', 'SMC', 'Tailwind CSS', 'UTF-8']"
dominiondrains.com,Dominion Drains LLC | Plumbing Company,Dominion Drains LLC,USA,77,55186,2026-09-28T13:19:11.229076939Z,"['Alternate Protocol', 'Apture Linking Platform', 'AudioEye', 'EmbedPress', 'Express', 'Font Awesome', 'Google Analytics', 'Google Cloud DNS', 'Google Maps', 'Google My Business', 'Google Tag Manager', 'IcoMoon', 'Microdata for Google Shopping', 'NFOrce Internet', 'Nginx', 'No-Q', 'PHP', 'QUIC', 'SMC', 'Tailwind CSS', 'Theme In WP', 'UTF-8', 'WordPress', 'WordPress Multisite', 'jQuery', 'reCAPTCHA']"
bobsautoworks.com,Bob's Auto Works | Auto Body Shop,Bob's Auto Works,USA,77,54388,2026-09-28T13:06:27.08291949Z,"['Alternate Protocol', 'Apture Linking Platform', 'AudioEye', 'Better Lead Generation Services', 'EmbedPress', 'Express', 'Font Awesome', 'Google Analytics', 'Google Cloud DNS', 'Google Font API', 'Google Maps', 'Google My Business', 'Google Tag Manager', 'Instagram Follow Button', 'Microdata for Google Shopping', 'NFOrce Internet', 'PHP', 'QUIC', 'SMC', 'Theme In WP', 'UTF-8', 'WordPress', 'WordPress Multisite', 'jQuery', 'reCAPTCHA']"
montereypeninsulapowdercoating.com,Monterey Peninsula Powder Coating | Powder Coat | Salinas CA,,USA,82,81108,2026-09-28T12:45:45.122746668Z,"['Alternate Protocol', 'Amazon', 'Amazon CloudFront', 'Amazon S3 CDN', 'AudioEye', 'BLR', 'CloudFront', 'DAV', 'Duda', 'Express', 'Facebook Login', 'Facebook Messenger Platform', 'Facebook Pixel', 'Facebook Reseller', 'Facebook Tag API', 'Fireblade', 'GZIP Module', 'Google My Business', 'Google Related Website Sites', 'IcoMoon', 'Instagram Follow Button', 'Line2', 'Microdata for Google Shopping', 'Nginx', 'Perl', 'Pico CSS', 'SMC', 'Schema Plugin', 'Storyblocks', 'Styled Components', 'Subversion', 'Tailwind CSS', 'Tumblr', 'Twitter Ads', 'UTF-8', 'jsDelivr']"
foxrungolfclubvt.com,Fox Run Golf Club | Vermont Championship Golf,,GBR,72,69800,2026-09-28T12:33:17.451909207Z,"['Alternate Protocol', 'Amazon CloudFront', 'AudioEye', 'CloudFront', 'Commoninja', 'Duda', 'Endis', 'Facebook Login', 'Facebook Messenger Platform', 'Facebook Pixel', 'Facebook Reseller', 'Facebook Tag API', 'FormSubmit', 'GZIP Module', 'Google Analytics', 'Google My Business', 'Google Tag Manager', 'Instagram Follow Button', 'Nginx', 'SMC', 'Tailwind CSS', 'Thank You', 'Toast POS', 'UTF-8', 'Vimeo', 'YouTube']"
gladjam.com,Great Lakes Aurora Dark Sky Jamboree,Keweenaw Convention & Visitor's Bureau,,87,6427,2026-09-28T12:13:54.756307754Z,"['Adobe Creative Cloud WebFonts', 'AudioEye', 'CDN JS', 'Cloudflare', 'Cloudflare CDN', 'Cloudinary', 'DoubleClick Bid Manager', 'ElementUI', 'Font Awesome', 'GZIP Module', 'Google Analytics', 'Google Tag Manager', 'Harbor', 'IcoMoon', 'Lazy Load for WordPress', 'Microdata for Google Shopping', 'QUIC', 'Sitelinks Search Box', 'UTF-8']"
etcmanagement.com,"Affordable Spaces in Perth Amboy, NJ | ETC Management",,AUS,77,59968,2026-09-28T11:27:06.528649807Z,"['Amazon CloudFront', 'AppFolio', 'AudioEye', 'CloudFront', 'Duda', 'FreePrivacyPolicy.com', 'GZIP Module', 'Google Analytics', 'Google Tag Manager', 'Instagram Follow Button', 'Microdata for Google Shopping', 'Nginx', 'QUIC', 'SMC', 'Tailwind CSS', 'UTF-8']"
greenwoodbuildersllc.com,"Greenwood Builders | Basement Remodeling | Lehigh Valley, PA",Greenwood Builders,,82,70736,2026-09-28T09:39:07.425518376Z,"['Amazon', 'Amazon CloudFront', 'Amazon S3 CDN', 'AudioEye', 'CloudFront', 'Duda', 'Facebook Login', 'Facebook Messenger Platform', 'Facebook Reseller', 'Fireblade', 'FormSubmit', 'GZIP Module', 'Google Related Website Sites', 'Google Tag Manager', 'Instagram Follow Button', 'Line2', 'Microdata for Google Shopping', 'Nginx', 'Perl', 'Pico CSS', 'SMC', 'Schema Plugin', 'Storyblocks', 'Styled Components', 'Tailwind CSS', 'Thank You', 'UTF-8']"
aspenshowtix.com,Front Page - Aspen Show Tix,Aspen Show Tix,USA,77,66788,2026-09-28T08:28:33.226003351Z,"['Alternate Protocol', 'AudioEye', 'Express', 'GZIP Module', 'Google', 'Google Analytics', 'Google Cloud DNS', 'Google Font API', 'Google My Business', 'Google Tag Manager', 'Gravity', 'Microdata for Google Shopping', 'Microsoft 365', 'Microsoft Azure Blob Storage', 'Nginx', 'PHP', 'SMC', 'Spektrix', 'Tailwind CSS', 'The Events Calendar', 'UTF-8', 'WordPress', 'WordPress Multisite', 'WordPress SEO Structured Data Schema Plugin', 'jQuery']"
drkreusch.com,"Kreusch Chiropractic - Professional chiropractor | Englewood, OH",,,67,57160,2026-09-28T08:24:25.311882106Z,"['Alternate Protocol', 'Amazon CloudFront', 'AudioEye', 'CloudFront', 'DAV', 'DC74', 'Duda', 'Facebook Login', 'Facebook Messenger Platform', 'Facebook Reseller', 'GZIP Module', 'Line2', 'Microdata for Google Shopping', 'Nginx', 'SMC', 'Schema Plugin', 'Tailwind CSS', 'UTF-8']"
gavinpestcontrol.com,"Gavin Pest Control - Pest Management | Chicago, IL",,USA,72,77490,2026-09-28T08:24:25.31124127Z,"['Alternate Protocol', 'Amazon CloudFront', 'AudioEye', 'CloudFront', 'Duda', 'Facebook Login', 'Facebook Messenger Platform', 'Facebook Reseller', 'GZIP Module', 'K2F', 'Line2', 'Microdata for Google Shopping', 'Nginx', 'No-Q', 'QUIC', 'SMC', 'Schema Plugin', 'Tailwind CSS', 'UTF-8']"
coopercompany.net,Home - HBS,HBS,,55,16188,2026-09-28T07:01:26.963846314Z,"['Alternate Protocol', 'AudioEye', 'Content Delivery Network', 'Elementor', 'EmbedPress', 'Fastly', 'GZIP Module', 'Google Analytics', 'Google Tag Manager', 'Hello Elementor', 'Microdata for Google Shopping', 'PHP', 'SMC', 'Theme In WP', 'Twitter Ads', 'UTF-8', 'WordPress', 'WordPress Multisite', 'jQuery']"
libertyeducationfoundation.net,"Educator Grants Liberty, TX Liberty ISD Education Foundation",Liberty ISD Education Foundation,,82,55736,2026-09-28T06:40:38.815162888Z,"['501c3 Status Nonprofit', 'Amazon', 'Amazon CloudFront', 'Amazon S3 CDN', 'Apture Linking Platform', 'AudioEye', 'CloudFront', 'Duda', 'Facebook Login', 'Facebook Messenger Platform', 'Facebook Reseller', 'FormSubmit', 'GZIP Module', 'Google Maps', 'Google My Business', 'Google Related Website Sites', 'Line2', 'Microdata for Google Shopping', 'Nginx', 'Pico CSS', 'QUIC', 'SMC', 'Schema Plugin', 'Storyblocks', 'Styled Components', 'Subversion', 'Tailwind CSS', 'Thank You', 'UTF-8']"
rockinranchohio.com,"Rockin’ Horse Ranch | Saloon | Restaurant | Sandusky, OH",,,62,54920,2026-09-28T06:40:38.807034344Z,"['Amazon', 'Amazon CloudFront', 'Amazon S3 CDN', 'AudioEye', 'CloudFront', 'Duda', 'Express', 'Facebook Login', 'Facebook Messenger Platform', 'Facebook Pixel', 'Facebook Reseller', 'Facebook Tag API', 'GZIP Module', 'Google Maps', 'Google My Business', 'Line2', 'Nginx', 'SMC', 'Storyblocks', 'Tailwind CSS', 'UTF-8', 'iPromote']"
mitchsavin.com,Professional Insurance Services of Greensboro Inc | Insurance Broker,Professional Insurance Services of Greensboro Inc,USA,77,54388,2026-09-28T05:44:17.633806666Z,"['AJAX Libraries API', 'Alternate Protocol', 'Apture Linking Platform', 'AudioEye', 'EmbedPress', 'Express', 'Font Awesome', 'Google Analytics', 'Google Cloud DNS', 'Google Maps', 'Google My Business', 'Microdata for Google Shopping', 'NFOrce Internet', 'PHP', 'SMC', 'Theme In WP', 'UTF-8', 'WordPress', 'WordPress Multisite', 'jQuery', 'reCAPTCHA']"
morrinsuranceservices.com,M-Orr Insurance Services | Insurance Broker,M-Orr Insurance Services,USA,82,57256,2026-09-28T05:06:59.617662921Z,"['Alternate Protocol', 'Apture Linking Platform', 'AudioEye', 'EmbedPress', 'Express', 'Font Awesome', 'Google', 'Google Analytics', 'Google Cloud DNS', 'Google Font API', 'Google Maps', 'Google My Business', 'IcoMoon', 'Microdata for Google Shopping', 'NFOrce Internet', 'PHP', 'SMC', 'Theme In WP', 'UTF-8', 'WordPress', 'WordPress Multisite', 'jQuery', 'reCAPTCHA']"
dsmrental.com,The Iowa Property Management Company You Can Trust<</title>,,USA,72,63667,2026-09-28T04:00:43.542961816Z,"['Alternate Protocol', 'Amazon CloudFront', 'AppFolio', 'AudioEye', 'CloudFront', 'Duda', 'Font Awesome', 'GZIP Module', 'Google My Business', 'Homes.com CMS', 'Microdata for Google Shopping', 'Nginx', 'QUIC', 'SMC', 'UTF-8']"
reserveatgreenwood.com,Reserve at Greenwood,,USA,77,62564,2026-09-28T03:52:26.085138109Z,"['Amazon CloudFront', 'AppFolio', 'Apple Auto Link Maker', 'AudioEye', 'CloudFront', 'Duda', 'FormSubmit', 'GZIP Module', 'Google Analytics', 'Google My Business', 'Google Play', 'Google Tag Manager', 'Idaq', 'Instagram Follow Button', 'Microdata for Google Shopping', 'Nginx', 'SMC', 'Tailwind CSS', 'Thank You', 'UTF-8', 'University or College', 'YouTube']"
heatherridgepet.com,"Veterinarian in Sioux Falls, SD | Heather Ridge Pet Hospital",Heather Ridge Pet Hospital,USA,77,292108,2026-09-28T03:32:33.874439871Z,"['AdRoll', 'Amazon', 'Amplitude', 'Angelcam', 'AudioEye', 'Authorize.net', 'Azure Edge', 'BambooHR', 'Birdeye', 'Bunny Fonts', 'CDN JS', 'Cloudflare', 'Cloudflare CDN', 'Cloudflare Web Analytics', 'Constant Contact', 'Contentful', 'Contentstack', 'DAV', 'Demandforce', 'DoubleClick Bid Manager', 'Express', 'Facebook Reseller', 'Form.IO', 'Google', 'Google Analytics', 'Google Cloud DNS', 'Google Cloud Storage', 'Google Font API', 'Google Maps', 'Google Matched Content', 'Google My Business', 'Google Reseller', 'Google Tag Manager', 'Instagram Follow Button', 'Intercom', 'JotForm', 'Line2', 'Microdata for Google Shopping', 'Microsoft Azure', 'Microsoft Azure Blob Storage', 'Next.js', 'ON24', 'Paycor', 'Perl', 'Pleroma', 'QUIC', 'RM Education', 'SMC', 'Salesforce Experience Cloud', 'Schema Plugin', 'Storyblocks', 'Stripe', 'Styled Components', 'Thank You', 'Timely', 'Trustarc Cookie Consent', 'UTF-8', 'Vimeo', 'Weglot', 'YouTube']"
summittharley.com,"Summit Harley-Davidson | Lindon, UT | Harley® Dealer | Summit Harley Davidson®",,,67,135190,2026-09-28T03:32:33.872046456Z,"['Amazon', 'Amazon CloudFront', 'Apache', 'AudioEye', 'CloudFront', 'DAV', 'GZIP Module', 'Google Analytics', 'Google Maps', 'Google My Business', 'Google Tag Manager', 'Heap', 'Material Design Icons', 'Microdata for Google Shopping', 'QUIC', 'SMC', 'Schema Plugin', 'Tealium', 'UTF-8', 'accessiBe', 'jQuery', 'reCAPTCHA']"
bajanenterprisesllc.com,Bajan Enterprises LLC | HVAC Contractor,Bajan Enterprises LLC,USA,77,56877,2026-09-28T03:14:54.385846259Z,"['Alternate Protocol', 'Apture Linking Platform', 'AudioEye', 'EmbedPress', 'Express', 'Font Awesome', 'FreeCSSTemplates', 'Google', 'Google Analytics', 'Google Cloud DNS', 'Google Font API', 'Google Maps', 'Google My Business', 'Instagram Follow Button', 'LiteSpeed', 'Microdata for Google Shopping', 'NFOrce Internet', 'PHP', 'SMC', 'Site Reviews for Wordpress', 'Theme In WP', 'UTF-8', 'WP Lightbox 2', 'WP jQuery Lightbox', 'WordPress', 'WordPress Multisite', 'eLand', 'jQuery', 'reCAPTCHA']"
3rdstreetgarage.net,3rd Street Garage and Transmission | Garage Body Mechanic,3rd Street Garage and Transmission,USA,77,55186,2026-09-28T02:38:46.274567657Z,"['AJAX Libraries API', 'Alternate Protocol', 'Apture Linking Platform', 'AudioEye', 'EmbedPress', 'Express', 'Font Awesome', 'Google Analytics', 'Google Cloud DNS', 'Google Maps', 'Google My Business', 'Google Tag Manager', 'IcoMoon', 'Microdata for Google Shopping', 'NFOrce Internet', 'No-Q', 'PHP', 'Perl', 'QUIC', 'SMC', 'Theme In WP', 'UTF-8', 'WordPress', 'WordPress Multisite', 'jQuery', 'reCAPTCHA']"
coastalestatecmnj.com,Luxury Resort Cottages | Coastal Estate | Cape May NJ,,,67,57008,2026-09-28T01:54:03.608681824Z,"['Alternate Protocol', 'Amazon CloudFront', 'Apture Linking Platform', 'AudioEye', 'CDN JS', 'CloudFront', 'Cloudbeds', 'Cloudflare', 'Cloudflare CDN', 'DAV', 'Duda', 'GZIP Module', 'GitHub Hosting', 'Google Analytics', 'Google My Business', 'Google Related Website Sites', 'Google Tag Manager', 'Microdata for Google Shopping', 'Nginx', 'QUIC', 'SMC', 'Tailwind CSS', 'Termly', 'UTF-8', 'jsDelivr']"
vantage-ts.com,Online Business Optimization | Vantage Technical Solutions | UT,,,67,52064,2026-09-27T23:36:14.072867582Z,"['Amazon CloudFront', 'AudioEye', 'CloudFront', 'Duda', 'FormSubmit', 'GZIP Module', 'Instagram Follow Button', 'Microdata for Google Shopping', 'Nginx', 'SMC', 'Tailwind CSS', 'Thank You', 'UTF-8']"
theaterconceptsinc.com,"Theater Concepts | Home Theater | Ardmore, OK",,,57,16281,2026-09-27T23:36:14.071906273Z,"['Amazon', 'Amazon CloudFront', 'Amazon S3 CDN', 'AudioEye', 'CloudFront', 'Duda', 'Facebook Login', 'Facebook Messenger Platform', 'Facebook Reseller', 'GZIP Module', 'Line2', 'Nginx', 'QUIC', 'SMC', 'Storyblocks', 'UTF-8']"
caprockautoconnecttx.com,"Used Car Sales in Lubbock, TX | Caprock Auto Connect",Caprock Auto Connect,USA,82,55736,2026-09-27T23:15:46.759079709Z,"['Alternate Protocol', 'Amazon', 'Amazon CloudFront', 'Amazon S3 CDN', 'AudioEye', 'CloudFront', 'Duda', 'Express', 'Facebook Login', 'Facebook Messenger Platform', 'Facebook Reseller', 'FormSubmit', 'GZIP Module', 'Google Maps', 'Google My Business', 'Google Related Website Sites', 'Line2', 'Microdata for Google Shopping', 'Nginx', 'Pico CSS', 'SMC', 'Storyblocks', 'Tailwind CSS', 'UTF-8']"
brightsheetmetal.com,HVAC Contractor | Bright Sheet Metal Co. Inc Indianapolis IN,Bright Sheet Metal Co. Inc.,,77,66108,2026-09-27T23:10:41.131951626Z,"['Alternate Protocol', 'Amazon', 'Amazon CloudFront', 'Amazon S3 CDN', 'AudioEye', 'BLR', 'CloudFront', 'DAV', 'Duda', 'Express', 'Facebook Login', 'Facebook Messenger Platform', 'Facebook Pixel', 'Facebook Reseller', 'Facebook Tag API', 'Financial Services Guide', 'GZIP Module', 'Google Analytics', 'Google My Business', 'Google Related Website Sites', 'Google Tag Manager', 'IcoMoon', 'Instagram Follow Button', 'Line2', 'Microdata for Google Shopping', 'Nginx', 'Pico CSS', 'SMC', 'Schema Plugin', 'Storyblocks', 'Subversion', 'Tailwind CSS', 'Tumblr', 'Twitter Ads', 'UTF-8', 'jsDelivr']"
veinsresolution.com,"Vascular Vein Centers | Vascular Vein Centers located in Orlando - College Park, East Orlando - Waterford Lakes, Kissimmee, Lake Mary, The Villages and Davenport - Haines City",,USA,77,71738,2026-09-27T23:04:16.028407669Z,"['Amazon', 'Amazon CloudFront', 'Amazon Route 53', 'Apture Linking Platform', 'AudioEye', 'CloudFront', 'Content Delivery Network', 'DAV', 'Express', 'Facebook Conversion Tracking', 'Facebook Login', 'Facebook Messenger Platform', 'Facebook Pixel', 'Facebook Reseller', 'Facebook Tag API', 'Fastly', 'GZIP Module', 'GitHub Hosting', 'Google', 'Google Analytics', 'Google Cloud CDN', 'Google Cloud DNS', 'Google Font API', 'Google Maps', 'Google My Business', 'Google Related Website Sites', 'Google Tag Manager', 'Instagram Follow Button', 'Microdata for Google Shopping', 'Netlify', 'Parcel', 'Patient Access', 'PatientPop', 'SMC', 'University or College']"
aspeninncr.net,Aspen Inn,,USA,55,15876,2026-09-27T22:58:21.258638047Z,"['Alternate Protocol', 'Amazon CloudFront', 'AudioEye', 'CloudFront', 'Duda', 'FormSubmit', 'GZIP Module', 'Nginx', 'QUIC', 'SMC', 'Tailwind CSS', 'UTF-8']"
tracbuilders.com,"TRAC Builders | General Contracting, Construction Management & Design-Build Services",,USA,77,70932,2026-09-27T22:58:21.243737276Z,"['AWS WAF Challenge', 'Alternate Protocol', 'AudioEye', 'Cloudflare', 'Contact Form Plugin', 'Content Delivery Network', 'EmbedPress', 'Font Awesome', 'GitHub Hosting', 'Google', 'Google Analytics', 'Google Cloud CDN', 'Google Cloud DNS', 'Google Font API', 'Google Tag Manager', 'IcoMoon', 'Instagram Follow Button', 'Microdata for Google Shopping', 'Nectar Slide Plugin', 'PHP', 'Pagekit', 'QUIC', 'SMC', 'Salient', 'Site Kit', 'Slider Revolution', 'Smush Image Optimization', 'Theme In WP', 'UTF-8', 'WP Engine', 'WPBakery', 'WordPress', 'WordPress Multisite', 'YouTube', 'jQuery']"
mountainsprings.bc.ca,"Comfortable Lodging | Mountain springs motel | Radium Hot Springs, BC",,ZAF,82,52808,2026-09-27T22:45:11.841912073Z,"['AdRoll', 'Amazon CloudFront', 'AudioEye', 'CloudFront', 'Duda', 'GZIP Module', 'GitHub Hosting', 'Google Analytics', 'Google Maps', 'Google My Business', 'Google Related Website Sites', 'Google Tag Manager', 'Microdata for Google Shopping', 'Nginx', 'SMC', 'Tailwind CSS', 'Termly', 'UTF-8']"
lplocalremodelingandhomerepair.com,"Siding | L.P. Local Remodeling & Home Repair | Jamestown, ND",L.P. Local Remodeling & Home Repair,SHN,77,68803,2026-09-27T22:32:36.857506584Z,"['Amazon', 'Amazon CloudFront', 'Amazon S3 CDN', 'AudioEye', 'BLR', 'CloudFront', 'DAV', 'Duda', 'Facebook Login', 'Facebook Messenger Platform', 'Facebook Pixel', 'Facebook Reseller', 'Facebook Tag API', 'FormSubmit', 'GZIP Module', 'Google My Business', 'Google Related Website Sites', 'IcoMoon', 'Idaq', 'Line2', 'Microdata for Google Shopping', 'Nginx', 'Pico CSS', 'SMC', 'Schema Plugin', 'Storyblocks', 'Subversion', 'Tailwind CSS', 'Thank You', 'Tumblr', 'Twitter Ads', 'UTF-8', 'W3 Total Cache', 'jsDelivr']"
halifaxplantation.com,"Halifax Plantation | Ormond Beach, FL",,CAN,72,18266,2026-09-27T22:13:33.459897336Z,"['AWS WAF Challenge', 'Alternate Protocol', 'AudioEye', 'Content Delivery Network', 'FormSubmit', 'GZIP Module', 'Google Analytics', 'Google Related Website Sites', 'Google Tag Manager', 'Instagram Follow Button', 'Nginx', 'QUIC', 'Tailwind CSS', 'Thank You', 'UTF-8', 'Wistia']"
sheltercreekapts.com,Home | Shelter Creek Apartments,,USA,82,60064,2026-09-27T21:59:10.254110965Z,"['Amazon CloudFront', 'AppFolio', 'AudioEye', 'CloudFront', 'Duda', 'Express', 'FormSubmit', 'GZIP Module', 'Microdata for Google Shopping', 'Nginx', 'Perl', 'QUIC', 'SMC', 'Styled Components', 'Tailwind CSS', 'Thank You', 'UTF-8']"
encoreelectricinc.com,"Electrical Contractors Ocala, FL - Encore Electric Inc",,,62,80250,2026-09-27T21:33:10.394393862Z,"['Alternate Protocol', 'Amazon', 'Amazon CloudFront', 'Amazon S3 CDN', 'AudioEye', 'CloudFront', 'Duda', 'Facebook Login', 'Facebook Messenger Platform', 'Facebook Reseller', 'GZIP Module', 'Google Maps', 'Google My Business', 'K2F', 'Line2', 'Microdata for Google Shopping', 'Nginx', 'No-Q', 'QUIC', 'SMC', 'Storyblocks', 'Tailwind CSS', 'UTF-8']"
tmc-build.com,"Construction & Remodels in Bismarck, ND | Tobias Marman Construction",,FRA,77,51968,2026-09-27T21:27:03.447022396Z,"['Alternate Protocol', 'Amazon CloudFront', 'AudioEye', 'CloudFront', 'Duda', 'Express', 'GZIP Module', 'Google Analytics', 'Google Tag Manager', 'Instagram Follow Button', 'Microdata for Google Shopping', 'Nginx', 'Perl', 'QUIC', 'SMC', 'Styled Components', 'Tailwind CSS', 'UTF-8', 'WordPress']"
luckicup.com,Luckicup,,,60,26882,2026-09-27T21:08:16.502196884Z,"['Alternate Protocol', 'Amazon CloudFront', 'Amazon WAF Blocked', 'Apture Linking Platform', 'Aruba', 'AudioEye', 'Baidu Cloud', 'Bing Cashback', 'Bing Conversion Tracking', 'CloudFront', 'Cloudflare', 'Cloudflare CDN', 'DAV', 'Fireblade', 'Gambling Content', 'Google', 'Google Cloud DNS', 'Google Maps', 'Google Related Website Sites', 'IcoMoon', 'Instagram Follow Button', 'Klaviyo', 'Loop Returns', 'Microdata for Google Shopping', 'NFOrce Internet', 'Perl', 'QUIC', 'Rise.ai', 'SMC', 'Shopify', 'Shopify Collabs', 'Thank You', 'Twitter Ads', 'UTF-8', 'Yandex Hosting', 'YouTube', 'eLand', 'hCaptcha', 'jsDelivr', 'reCAPTCHA']"
spanishbrookapts.com,Home | Spanish Brook Apartments | TX,,USA,82,60064,2026-09-27T20:53:30.958900732Z,"['Amazon CloudFront', 'AppFolio', 'AudioEye', 'CloudFront', 'DAV', 'Duda', 'FormSubmit', 'GZIP Module', 'Microdata for Google Shopping', 'Nginx', 'QUIC', 'SMC', 'Tailwind CSS', 'Thank You', 'UTF-8']"
cnyfilmprofessionals.com,"Filming in Syracuse, NY | Details & Resources",Visit Syracuse,USA,82,7206,2026-09-27T19:52:16.241873647Z,"['Adobe Creative Cloud WebFonts', 'Apture Linking Platform', 'AudioEye', 'CDN JS', 'Cloudflare', 'Cloudflare CDN', 'Cloudinary', 'DoubleClick Bid Manager', 'ElementUI', 'Font Awesome', 'Fonts.com', 'GZIP Module', 'Google Analytics', 'Google Cloud DNS', 'Google Font API', 'Google Tag Manager', 'IcoMoon', 'Instagram Follow Button', 'Interchange', 'Lazy Load for WordPress', 'Microdata for Google Shopping', 'QUIC', 'Sitelinks Search Box', 'Twitter Ads', 'UTF-8', 'Vimeo', 'YouTube']"
easttexasworkforce.org,Workforce Solutions East Texas | No-Cost Services,,USA,77,56403,2026-09-27T18:34:03.222645225Z,"['Alternate Protocol', 'Amazon CloudFront', 'AudioEye', 'CDN JS', 'Call to Visit', 'CloudFront', 'Cloudflare', 'Cloudflare CDN', 'Constant Contact', 'Duda', 'ETranslate', 'Font Awesome', 'FormSubmit', 'GZIP Module', 'Google My Business', 'Instagram Follow Button', 'Microdata for Google Shopping', 'Nginx', 'QUIC', 'SMC', 'Tailwind CSS', 'Twitter Ads', 'UTF-8', 'University or College', 'YouTube']"
toptobottomspokane.com,"Top To Bottom Home Inspection Services Inc. | Spokane, WA",,,67,65388,2026-09-27T18:34:03.220574706Z,"['Agoda', 'Amazon', 'Amazon CloudFront', 'Amazon S3 CDN', 'AudioEye', 'BLR', 'CloudFront', 'Duda', 'Facebook Login', 'Facebook Messenger Platform', 'Facebook Pixel', 'Facebook Reseller', 'Facebook Tag API', 'GZIP Module', 'Google My Business', 'IcoMoon', 'Line2', 'Nginx', 'Pico CSS', 'QUIC', 'SMC', 'Storyblocks', 'Tumblr', 'Twitter Ads', 'UTF-8', 'Yelp Badge', 'iPromote', 'jsDelivr']"
richardsoninsuranceagency.com,Lloyd B. Richardson Insurance Agency | Insurance Broker,Lloyd B. Richardson Insurance Agency,USA,82,57256,2026-09-27T18:26:32.735022728Z,"['Alternate Protocol', 'Apture Linking Platform', 'AudioEye', 'EmbedPress', 'Express', 'Font Awesome', 'Google', 'Google Analytics', 'Google Cloud DNS', 'Google Font API', 'Google Maps', 'Google My Business', 'IcoMoon', 'Microdata for Google Shopping', 'NFOrce Internet', 'Nginx', 'PHP', 'SMC', 'Tailwind CSS', 'Theme In WP', 'UTF-8', 'WordPress', 'jQuery', 'reCAPTCHA']"
menningapestcontrol.net,Menninga Pest Control LLC | Pest Control Services,Menninga Pest Control LLC,USA,67,69945,2026-09-27T18:26:32.733772755Z,"['Alternate Protocol', 'Apture Linking Platform', 'AudioEye', 'Better Lead Generation Services', 'EmbedPress', 'Express', 'Fireblade', 'Font Awesome', 'FreeCSSTemplates', 'Google Analytics', 'Google Cloud DNS', 'Google Maps', 'Google My Business', 'Google Tag Manager', 'IcoMoon', 'Microdata for Google Shopping', 'NFOrce Internet', 'PHP', 'QUIC', 'SMC', 'Site Reviews for Wordpress', 'Theme In WP', 'UTF-8', 'WordPress', 'WordPress Multisite', 'jQuery', 'reCAPTCHA']"
atsmithco.com,A.T. Smith & Co | Denver Area Property Management & Rentals,,,72,60064,2026-09-27T17:56:52.480833743Z,"['Amazon CloudFront', 'AppFolio', 'AudioEye', 'CloudFront', 'Duda', 'FormSubmit', 'GZIP Module', 'Instagram Follow Button', 'Microdata for Google Shopping', 'Nginx', 'QUIC', 'SMC', 'Tailwind CSS', 'Thank You', 'Twitter Ads', 'UTF-8']"
northsideprimarycare.com,"Northside Primary Care, Inc | Internal Medical located in Alpharetta and Suwanee, GA",,VUT,77,77738,2026-09-27T17:08:16.316770175Z,"['Amazon', 'Amazon CloudFront', 'Amazon Route 53', 'AudioEye', 'CloudFront', 'Content Delivery Network', 'Fastly', 'GZIP Module', 'Google', 'Google Analytics', 'Google Cloud CDN', 'Google Cloud DNS', 'Google Font API', 'Google Maps', 'Google My Business', 'Google Related Website Sites', 'Google Tag Manager', 'Microdata for Google Shopping', 'Netlify', 'Parcel', 'PatientPop', 'SMC', 'Tebra']"
goxplifi.com,Find Managed IT Service Providers (MSP) Nearby | Xplifi,,,72,77988,2026-09-27T16:01:40.743684921Z,"['AWS WAF Challenge', 'AdRoll', 'Alternate Protocol', 'Amazon CloudFront', 'AudioEye', 'CloudFront', 'Duda', 'Facebook Conversion Tracking', 'Facebook Login', 'Facebook Messenger Platform', 'Facebook Pixel', 'Facebook Reseller', 'Facebook Tag API', 'GZIP Module', 'Google Analytics', 'Google Cloud DNS', 'Google Font API', 'Google Related Website Sites', 'Google Tag Manager', 'HubSpot Conversations', 'Hubspot', 'Instagram Follow Button', 'LinkedIn Insights', 'LinkedIn Pixel', 'Microdata for Google Shopping', 'Nginx', 'Perl', 'QUIC', 'SMC', 'Styled Components', 'Tailwind CSS', 'Termly', 'UTF-8']"
mypediatrician.care,"Dewi S. Sudjono-Santoso MD PA | Pediatrician located in East Windsor, West Windsor, Cranbury and Hamilton-Trenton, Trenton, NJ",,CAN,77,77738,2026-09-27T15:45:03.353422977Z,"['Amazon', 'Amazon CloudFront', 'Amazon Route 53', 'AudioEye', 'CloudFront', 'Content Delivery Network', 'Fastly', 'GZIP Module', 'Google', 'Google Analytics', 'Google Cloud CDN', 'Google Cloud DNS', 'Google Font API', 'Google Maps', 'Google My Business', 'Google Related Website Sites', 'Google Tag Manager', 'Microdata for Google Shopping', 'Netlify', 'Parcel', 'PatientPop', 'SMC', 'Tebra', 'University or College']"
sanibelclaim.net,Public Insurance Adjusters | Allen Claims Public Adjuster,Allen Claims Inc. - Public Adjusters,USA,77,66204,2026-09-27T15:41:01.99549379Z,"['Alternate Protocol', 'Amazon', 'Amazon CloudFront', 'Amazon S3 CDN', 'AudioEye', 'BLR', 'CloudFront', 'DAV', 'Duda', 'Facebook Login', 'Facebook Messenger Platform', 'Facebook Pixel', 'Facebook Reseller', 'Facebook Tag API', 'FormSubmit', 'GZIP Module', 'Google My Business', 'Google Related Website Sites', 'Google Tag Manager', 'IcoMoon', 'Instagram Follow Button', 'Line2', 'Microdata for Google Shopping', 'Nginx', 'Perl', 'Pico CSS', 'SMC', 'Schema Plugin', 'Storyblocks', 'Tailwind CSS', 'Thank You', 'Tumblr', 'Twitter Ads', 'UTF-8', 'jsDelivr']"
lawyer-parkville.com,"Andrew I. Fury Esq | Legal Counsel | Baltimore, MD",,USA,77,84920,2026-09-27T14:44:42.411472474Z,"['AWS WAF Challenge', 'Amazon', 'Amazon CloudFront', 'Amazon S3 CDN', 'AudioEye', 'CloudFront', 'Duda', 'Facebook Login', 'Facebook Messenger Platform', 'Facebook Reseller', 'Fireblade', 'GZIP Module', 'Google Maps', 'Google My Business', 'Line2', 'Microdata for Google Shopping', 'Nginx', 'QUIC', 'SMC', 'Schema Plugin', 'Storyblocks', 'Tailwind CSS', 'Twitter Ads', 'UTF-8']"
premiertaxmassapequa.com,Premier Income Tax Service | Estates and Trusts | Massapequa,,,62,54920,2026-09-27T14:35:33.266417339Z,"['Amazon', 'Amazon CloudFront', 'Amazon S3 CDN', 'AudioEye', 'CloudFront', 'Duda', 'Express', 'Facebook Login', 'Facebook Messenger Platform', 'Facebook Pixel', 'Facebook Reseller', 'Facebook Tag API', 'GZIP Module', 'Google Maps', 'Google My Business', 'Line2', 'Microdata for Google Shopping', 'Nginx', 'Pico CSS', 'QUIC', 'SMC', 'Schema Plugin', 'Storyblocks', 'UTF-8', 'iPromote']"
lasersurgicalsolutionsriograndevalley.com,"Laser Surgical Solutions RGV PLLC | Vascular Surgeons located in McAllen, Rio Grande City and Raymondville, TX",,USA,92,71738,2026-09-27T14:21:47.383033797Z,"['Amazon', 'Amazon CloudFront', 'Amazon Route 53', 'AudioEye', 'CloudFront', 'Content Delivery Network', 'Fastly', 'GZIP Module', 'Google', 'Google Analytics', 'Google Cloud CDN', 'Google Cloud DNS', 'Google Font API', 'Google Maps', 'Google My Business', 'Google Related Website Sites', 'Google Tag Manager', 'Microdata for Google Shopping', 'Netlify', 'Parcel', 'PatientPop', 'SMC']"
cmillerlaw-pllc.com,"The Law Office of Christopher Miller, P.L.L.C. | Criminal Defense Lawyer NYC","The Law Office of Christopher Miller, P.L.L.C.",USA,87,131937,2026-09-27T13:59:25.89176123Z,"['Alternate Protocol', 'Amazon WAF Blocked', 'Apture Linking Platform', 'Aruba', 'AudioEye', 'Cloudflare', 'Content Delivery Network', 'Contento', 'DAV', 'Express', 'Fastly', 'Fastly CDN', 'Fireblade', 'FormSubmit', 'GZIP Module', 'Google Related Website Sites', 'Instagram Follow Button', 'Microdata for Google Shopping', 'NFOrce Internet', 'PWA', 'Perl', 'Pico CSS', 'QUIC', 'SMC', 'Seflow Italy', 'Sentry', 'SiteW', 'Subversion', 'Thank You', 'UTF-8', 'Vector Internet Services', 'WP Booking Calendar', 'Wix', 'Wix Media', 'eLand', 'mlcom']"
66starpm.com,Home | 66 Star Property Management | FL,,USA,77,61564,2026-09-27T13:49:05.060722771Z,"['Alternate Protocol', 'Amazon CloudFront', 'AppFolio', 'AudioEye', 'CloudFront', 'DAV', 'Duda', 'FormSubmit', 'GZIP Module', 'Microdata for Google Shopping', 'NFOrce Internet', 'Nginx', 'QUIC', 'SMC', 'Tailwind CSS', 'Thank You', 'UTF-8']"
downtownsalonandartgallery.com,"Downtown Salon and Art Gallery | Salon | Bensalem, PA",,GBR,77,54920,2026-09-27T13:29:57.659257346Z,"['Amazon', 'Amazon CloudFront', 'Amazon S3 CDN', 'AudioEye', 'CloudFront', 'Duda', 'Facebook Login', 'Facebook Messenger Platform', 'Facebook Reseller', 'GZIP Module', 'Google Maps', 'Google My Business', 'Line2', 'Nginx', 'SMC', 'Storyblocks', 'Tailwind CSS', 'Twitter Ads', 'UTF-8']"
nexleveltransport.com,"Nex Level Transport, LLC. | Trucking Services","Nex Level Transport, LLC.",USA,77,54388,2026-09-27T13:20:36.919827104Z,"['AJAX Libraries API', 'Alternate Protocol', 'Apture Linking Platform', 'AudioEye', 'EmbedPress', 'Font Awesome', 'Google Analytics', 'Google Cloud DNS', 'Google Maps', 'Google My Business', 'Google Tag Manager', 'Microdata for Google Shopping', 'NFOrce Internet', 'PHP', 'SMC', 'Theme In WP', 'UTF-8', 'WordPress', 'jQuery', 'reCAPTCHA']"
artificialgrassoforlando.com,Artificial Grass Of Orlando | Artificial Grass and Turf,Artificial Grass Of Orlando,USA,77,54477,2026-09-27T13:15:13.614813733Z,"['AJAX Libraries API', 'Alternate Protocol', 'Apture Linking Platform', 'AudioEye', 'EmbedPress', 'Express', 'Font Awesome', 'FreeCSSTemplates', 'Google Analytics', 'Google Cloud DNS', 'Google Maps', 'Google My Business', 'Instagram Follow Button', 'Microdata for Google Shopping', 'NFOrce Internet', 'PHP', 'QUIC', 'SMC', 'Site Reviews for Wordpress', 'Theme In WP', 'UTF-8', 'WordPress', 'WordPress Multisite', 'jQuery', 'reCAPTCHA']"
baldadentaloffice.net,"Balda Dental Office | Dental Services | Effingham, IL",,,57,24281,2026-09-27T12:21:49.071863043Z,"['Amazon', 'Amazon CloudFront', 'Amazon S3 CDN', 'AudioEye', 'CloudFront', 'Duda', 'Facebook Login', 'Facebook Messenger Platform', 'Facebook Reseller', 'GZIP Module', 'Google Maps', 'Google My Business', 'HMDG', 'Line2', 'Microdata for Google Shopping', 'Nginx', 'SMC', 'Schema Plugin', 'Storyblocks', 'Tailwind CSS', 'UTF-8']"
frankfordpodiatry.com,"Frankford Podiatry Associates, PC | Board Certified Podiatrists & Board Certified Podiatric Surgeon located in Philadelphia, PA",,USA,77,77738,2026-09-27T11:45:26.160021189Z,"['Amazon', 'Amazon CloudFront', 'Amazon Route 53', 'AudioEye', 'CloudFront', 'Content Delivery Network', 'Fastly', 'GZIP Module', 'Google', 'Google Analytics', 'Google Cloud CDN', 'Google Cloud DNS', 'Google Font API', 'Google Maps', 'Google My Business', 'Google Related Website Sites', 'Google Tag Manager', 'Microdata for Google Shopping', 'Netlify', 'Parcel', 'PatientPop', 'SMC', 'Tebra']"
illuminnatefamilychiropractic.com,"illumINNATE Walk-In Family Chiropractic | Chiropractors located in Fargo, ND",,USA,77,77738,2026-09-27T11:25:04.069480193Z,"['Amazon', 'Amazon CloudFront', 'Amazon Route 53', 'Apture Linking Platform', 'AudioEye', 'CloudFront', 'Content Delivery Network', 'Express', 'Fastly', 'GZIP Module', 'GitHub Hosting', 'Google', 'Google Analytics', 'Google Cloud CDN', 'Google Cloud DNS', 'Google Font API', 'Google Maps', 'Google My Business', 'Google Related Website Sites', 'Google Tag Manager', 'Microdata for Google Shopping', 'Netlify', 'Parcel', 'PatientPop', 'SMC', 'Tebra']"
bethanylb.college,Bethany College,,,67,71405,2026-09-27T10:51:18.118482906Z,"['AWS WAF Challenge', 'Alternate Protocol', 'Amazon CloudFront', 'AudioEye', 'CloudFront', 'Coming Soon Page', 'Duda', 'Facebook Conversion Tracking', 'Facebook Login', 'Facebook Messenger Platform', 'Facebook Pixel', 'Facebook Reseller', 'Facebook Tag API', 'Financial Services Guide', 'GZIP Module', 'Google Analytics', 'Google My Business', 'Google Tag Manager', 'Instagram Follow Button', 'Microdata for Google Shopping', 'Microsoft 365', 'Nginx', 'No-Q', 'QUIC', 'SMC', 'Site Search 360', 'Spiceworks', 'Tailwind CSS', 'Tawk', 'Twitter Ads', 'UTF-8', 'University or College', 'YouTube']"
rentinginchico.info,"Apartment & House Rentals in Chico & Redding, CA | Hignell Rentals",Hignell Rentals,USA,77,59968,2026-09-27T10:47:38.000560845Z,"['Alternate Protocol', 'Amazon CloudFront', 'AppFolio', 'AudioEye', 'CloudFront', 'Duda', 'Financial Services Guide', 'GZIP Module', 'Google Analytics', 'Google Tag Manager', 'Instagram Follow Button', 'Investor Relations', 'Microdata for Google Shopping', 'Nginx', 'Perl', 'QUIC', 'SMC', 'Styled Components', 'Tailwind CSS', 'UTF-8']"
rancocaspointe.com,1-3 Bedroom Apartments | Rancocas Pointe | Burlington,,MYS,82,61303,2026-09-27T10:28:10.256954279Z,"['Alternate Protocol', 'Amazon CloudFront', 'AppFolio', 'AudioEye', 'Call to Visit', 'CloudFront', 'Coming Soon Page', 'Duda', 'Federal Deposit Insurance Corporation', 'FormSubmit', 'GZIP Module', 'Google My Business', 'Microdata for Google Shopping', 'Nginx', 'QUIC', 'SMC', 'Tailwind CSS', 'Thank You', 'UTF-8', 'University or College']"
oremapartments.com,"Legacy Apartments | Orem, UT",,,67,60064,2026-09-27T10:13:30.992382924Z,"['Alternate Protocol', 'Amazon CloudFront', 'AppFolio', 'AudioEye', 'CloudFront', 'Duda', 'FormSubmit', 'GZIP Module', 'Microdata for Google Shopping', 'Nginx', 'Perl', 'QUIC', 'SMC', 'Tailwind CSS', 'Thank You', 'UTF-8']"
mamenterprisesinc.com,MAM Enterprises Incorporated | General Contractor,MAM Enterprises Incorporated,USA,77,70186,2026-09-27T09:34:59.611902484Z,"['AJAX Libraries API', 'AWS WAF Challenge', 'Alternate Protocol', 'Apture Linking Platform', 'AudioEye', 'EmbedPress', 'Font Awesome', 'Google Analytics', 'Google Cloud DNS', 'Google Maps', 'Google My Business', 'Google Tag Manager', 'IcoMoon', 'InitiativeS', 'Instagram Follow Button', 'Microdata for Google Shopping', 'NFOrce Internet', 'No-Q', 'PHP', 'QUIC', 'SMC', 'Theme In WP', 'UTF-8', 'WordPress', 'WordPress Multisite', 'jQuery', 'reCAPTCHA']"
star2000trucklines.com,1404825 Ontario Inc | Trucking Services,1404825 Ontario Inc,USA,77,54718,2026-09-27T08:49:33.274736947Z,"['Alternate Protocol', 'Apture Linking Platform', 'AudioEye', 'EmbedPress', 'Font Awesome', 'Google Analytics', 'Google Cloud DNS', 'Google Maps', 'Google My Business', 'Google Tag Manager', 'Microdata for Google Shopping', 'NFOrce Internet', 'Nginx', 'No-Q', 'PHP', 'SMC', 'Theme In WP', 'UTF-8', 'WordPress', 'WordPress Multisite', 'jQuery', 'reCAPTCHA']"
expertroofers.net,"Expert Roofers | Roof Installations | Mulberry, FL",,,67,54920,2026-09-27T08:33:34.205612059Z,"['Alternate Protocol', 'Amazon', 'Amazon CloudFront', 'Amazon S3 CDN', 'AudioEye', 'CloudFront', 'Duda', 'Facebook Login', 'Facebook Messenger Platform', 'Facebook Pixel', 'Facebook Reseller', 'Facebook Tag API', 'GZIP Module', 'Instagram Follow Button', 'Line2', 'Nginx', 'QUIC', 'SMC', 'Storyblocks', 'Tailwind CSS', 'UTF-8', 'eLand', 'iPromote']"
hawaiipacificpropertymgmt.com,Honolulu Property Management and Property Managers by Hawaii Pacific Property Management,,,67,62153,2026-09-27T08:06:24.227357Z,"['Alternate Protocol', 'Amazon CloudFront', 'AppFolio', 'AudioEye', 'CloudFront', 'Duda', 'Font Awesome', 'FormSubmit', 'GZIP Module', 'Google Tag Manager', 'Microdata for Google Shopping', 'NFOrce Internet', 'Nginx', 'QUIC', 'SMC', 'Tailwind CSS', 'Thank You', 'UTF-8', 'UserWay', 'Yelp Badge', 'YouTube']"
aspmct.com,"All-Star Property Management | Ansonia, Connecticut",,GBR,72,60067,2026-09-27T07:31:28.937062495Z,"['Alternate Protocol', 'Amazon CloudFront', 'AppFolio', 'AudioEye', 'CloudFront', 'Duda', 'Font Awesome', 'GZIP Module', 'Microdata for Google Shopping', 'Nginx', 'SMC', 'Tailwind CSS', 'UTF-8']"
hamptonwoodsliving.com,"Hampton Woods Apartments - Tranquil Living in Norman, OK",,,67,62728,2026-09-27T07:23:39.388865016Z,"['Alternate Protocol', 'Amazon', 'Amazon CloudFront', 'Amazon S3 CDN', 'AppFolio', 'AudioEye', 'CloudFront', 'Duda', 'GZIP Module', 'Instagram Follow Button', 'Microdata for Google Shopping', 'Nginx', 'SMC', 'Storyblocks', 'Tailwind CSS', 'UTF-8', 'YouTube']"
bangkokhousenj.com,Home - Bangkok House Authentic Thai,,THA,70,196255,2026-09-27T06:55:47.680378821Z,"['Alternate Protocol', 'Amazon', 'AudioEye', 'Cloudflare', 'Cloudflare CDN', 'Divi', 'DoubleClick Bid Manager', 'Elegant Themes', 'EmbedPress', 'GZIP Module', 'Google', 'Google Analytics', 'Google Cloud CDN', 'Google Cloud DNS', 'Google Font API', 'Google My Business', 'Google Tag Manager', 'Instagram Follow Button', 'Microdata for Google Shopping', 'Nginx', 'OpenTable', 'PHP', 'Perl', 'Resy', 'Salesforce Hosted', 'Storyblocks', 'Tailwind CSS', 'The Fresh', 'Theme In WP', 'Twitter Ads', 'W3 Total Cache', 'Way', 'Woo Themes', 'WordPress', 'WordPress Multisite', 'Yelp Badge', 'YouTube', 'jQuery', 'jsDelivr']"
gjelina.com,"Gjelina | American Restaurant in CA, LV and NY",Gjelina,USA,77,25090,2026-09-27T05:46:45.283949964Z,"['AudioEye', 'CDN JS', 'Cloudflare', 'Cloudflare CDN', 'Content Delivery Network', 'DAV', 'Fastly', 'GZIP Module', 'Google', 'Google Analytics', 'Google Cloud DNS', 'Google Font API', 'Google My Business', 'Google Tag Manager', 'Instagram Follow Button', 'Microdata for Google Shopping', 'OpenTable', 'Parcel', 'Resy', 'SEVENROOMS', 'Toast POS', 'UTF-8', 'reCAPTCHA']"
omcinsuranceagency.com,OMC Insurance Agency | Insurance Agency,OMC Insurance Agency,USA,77,55186,2026-09-27T05:36:49.907008307Z,"['Alternate Protocol', 'Apture Linking Platform', 'AudioEye', 'EmbedPress', 'Font Awesome', 'Google Analytics', 'Google Cloud DNS', 'Google Maps', 'Google My Business', 'Google Tag Manager', 'IcoMoon', 'Microdata for Google Shopping', 'NFOrce Internet', 'No-Q', 'PHP', 'SMC', 'Theme In WP', 'UTF-8', 'WordPress', 'WordPress Multisite', 'jQuery', 'reCAPTCHA']"
nepalimo.com,"Luxury Transportation | The Limo Guy of NEPA | Scranton, PA",The Limo Guy of NEPA,USA,82,66303,2026-09-27T05:23:14.407892906Z,"['Amazon', 'Amazon CloudFront', 'Amazon S3 CDN', 'AudioEye', 'BLR', 'CloudFront', 'DAV', 'Duda', 'Facebook Login', 'Facebook Messenger Platform', 'Facebook Pixel', 'Facebook Reseller', 'Facebook Tag API', 'FormSubmit', 'GZIP Module', 'Google My Business', 'Google Related Website Sites', 'IcoMoon', 'Line2', 'Microdata for Google Shopping', 'Nginx', 'Pico CSS', 'SMC', 'Storyblocks', 'Tailwind CSS', 'Thank You', 'Tumblr', 'Twitter Ads', 'UTF-8', 'W3 Total Cache', 'jsDelivr']"
midvalleytreeservice.ca,"Tree Trimming Services, Tree Service and Stump Removal Services in Aldergrove, Abbotsford and Aberdeen",Mid Valley Tree Services,GBR,82,69388,2026-09-27T04:49:39.446908666Z,"['Alternate Protocol', 'Apture Linking Platform', 'AudioEye', 'EmbedPress', 'Express', 'Fireblade', 'Font Awesome', 'Google Analytics', 'Google Cloud DNS', 'Google Font API', 'Google Maps', 'Google My Business', 'Google Tag Manager', 'Microdata for Google Shopping', 'NFOrce Internet', 'PHP', 'SMC', 'Tailwind CSS', 'Theme In WP', 'UTF-8', 'WordPress', 'WordPress Multisite', 'jQuery', 'reCAPTCHA']"
loomismedicalclinic.com,"Loomis Medical Clinic | Internal Medicine & Cosmetic Medicine located in Loomis, CA",,AUS,77,77738,2026-09-27T04:45:21.898842991Z,"['Amazon', 'Amazon CloudFront', 'Amazon Route 53', 'AudioEye', 'CloudFront', 'Content Delivery Network', 'Fastly', 'GZIP Module', 'Google', 'Google Analytics', 'Google Cloud CDN', 'Google Cloud DNS', 'Google Font API', 'Google Maps', 'Google My Business', 'Google Related Website Sites', 'Google Tag Manager', 'Microdata for Google Shopping', 'Netlify', 'Parcel', 'PatientPop', 'SMC', 'Tebra']"
landmarkexcavatingil.com,"Landmark Excavating Inc | Construction Services Rockton, IL",,,67,57140,2026-09-27T04:45:21.884685922Z,"['Amazon', 'Amazon CloudFront', 'Amazon S3 CDN', 'AudioEye', 'CloudFront', 'Duda', 'Facebook Login', 'Facebook Messenger Platform', 'Facebook Reseller', 'GZIP Module', 'Google Related Website Sites', 'Line2', 'Nginx', 'SMC', 'Storyblocks', 'Tailwind CSS', 'UTF-8', 'Yellow Book']"
normandywineandspiritsshop.com,"Normandy Wine & Spirits | Beer | Ellicott City, MD",,USA,77,54920,2026-09-27T04:30:04.267158928Z,"['Amazon', 'Amazon CloudFront', 'Amazon S3 CDN', 'AudioEye', 'CloudFront', 'Duda', 'Express', 'Facebook Login', 'Facebook Messenger Platform', 'Facebook Reseller', 'GZIP Module', 'Google Maps', 'Google My Business', 'Line2', 'Microdata for Google Shopping', 'Nginx', 'SMC', 'Schema Plugin', 'Storyblocks', 'Tailwind CSS', 'UTF-8']"
makenzieslawncare.com,"Makenzies Lawn Care | Lawn Specialists | Spencerville, IN",,USA,67,54920,2026-09-27T04:14:38.972096245Z,"['Alternate Protocol', 'Amazon', 'Amazon CloudFront', 'Amazon S3 CDN', 'AudioEye', 'Bing Cashback', 'Bing Conversion Tracking', 'CloudFront', 'Duda', 'Facebook Login', 'Facebook Messenger Platform', 'Facebook Pixel', 'Facebook Reseller', 'Facebook Tag API', 'GZIP Module', 'Line2', 'Nginx', 'PayPal', 'QUIC', 'SMC', 'Storyblocks', 'UTF-8', 'iPromote']"
burnishandshinecleaninginc.com,Burnish and Shine Cleaning Inc. | Janitorial Company,Burnish and Shine Cleaning Inc.,USA,77,57345,2026-09-27T04:10:38.285904786Z,"['Alternate Protocol', 'Apture Linking Platform', 'AudioEye', 'Better Lead Generation Services', 'EmbedPress', 'Express', 'Font Awesome', 'FreeCSSTemplates', 'Google', 'Google Analytics', 'Google Cloud DNS', 'Google Font API', 'Google Maps', 'Google My Business', 'ID Services', 'IcoMoon', 'Microdata for Google Shopping', 'NFOrce Internet', 'PHP', 'SMC', 'Site Reviews for Wordpress', 'Theme In WP', 'UTF-8', 'WordPress', 'WordPress Multisite', 'jQuery', 'reCAPTCHA']"
magnoliatreeservicesllc.com,"Tree Service, Tree Removal Services and Tree Trimming Services in Stratford, Bridgeport and Milford",The Magnolia Tree Services LLC,USA,77,66777,2026-09-27T04:00:30.123864943Z,"['AJAX Libraries API', 'Alternate Protocol', 'AudioEye', 'EmbedPress', 'Fireblade', 'Font Awesome', 'FreeCSSTemplates', 'Google Analytics', 'Google Cloud DNS', 'Google Customer Reviews', 'Google Maps', 'Google My Business', 'Microdata for Google Shopping', 'PHP', 'QUIC', 'SMC', 'Site Reviews for Wordpress', 'Theme In WP', 'UTF-8', 'WordPress', 'WordPress Multisite', 'jQuery']"
cityhardwoodfloorspa.com,"City Hardwood Floors | Flooring Services | Philadelphia, PA",,USA,67,71420,2026-09-27T03:47:32.65110245Z,"['Amazon', 'Amazon CloudFront', 'Amazon S3 CDN', 'AudioEye', 'CloudFront', 'Duda', 'Facebook Login', 'Facebook Messenger Platform', 'Facebook Reseller', 'Fireblade', 'GZIP Module', 'Line2', 'Microdata for Google Shopping', 'Nginx', 'QUIC', 'SMC', 'Schema Plugin', 'Storyblocks', 'Tailwind CSS', 'UTF-8', 'Yellow Book']"
nejatc.org,"Electrician Programs & Apprenticeships | NEJATC | Nashville, TN",,,77,53714,2026-09-27T03:20:32.274425465Z,"['Amazon CloudFront', 'AudioEye', 'CallRail', 'CloudFront', 'Duda', 'GZIP Module', 'Google Analytics', 'Google My Business', 'Google Related Website Sites', 'Google Tag Manager', 'Instagram Follow Button', 'Microdata for Google Shopping', 'Nginx', 'Perl', 'SMC', 'Styled Components', 'Tailwind CSS', 'The Trade Desk Direct', 'UTF-8', 'University or College', 'YouTube']"
opticaldelraybeach.com,"Optical Delray Beach, FL | Seacrest Optical Inc.",Seacrest Optical Inc.,USA,82,67707,2026-09-27T01:56:59.987133231Z,"['Alternate Protocol', 'Amazon', 'Amazon CloudFront', 'Amazon S3 CDN', 'AudioEye', 'BLR', 'CloudFront', 'DAV', 'Duda', 'Facebook Login', 'Facebook Messenger Platform', 'Facebook Pixel', 'Facebook Reseller', 'Facebook Tag API', 'GZIP Module', 'Google Analytics', 'Google Maps', 'Google My Business', 'Google Related Website Sites', 'Google Tag Manager', 'IcoMoon', 'Line2', 'Microdata for Google Shopping', 'NFOrce Internet', 'Nginx', 'Perl', 'Pico CSS', 'QUIC', 'SMC', 'Schema Plugin', 'Storyblocks', 'Styled Components', 'Tailwind CSS', 'Tumblr', 'Twitter Ads', 'UTF-8', 'Underscores', 'W3 Total Cache', 'jsDelivr']"
victorianchimney.net,"Home | Silver Spring, Bethesda and Chevy Chase Chimney Repair, Chimney Sweeping and Chimney Inspection",Victorian Chimney Sweeps LLC,USA,77,55186,2026-09-27T00:45:24.979155998Z,"['Alternate Protocol', 'Apture Linking Platform', 'AudioEye', 'EmbedPress', 'Express', 'Font Awesome', 'Google Analytics', 'Google Cloud DNS', 'Google Maps', 'Google My Business', 'Google Tag Manager', 'IcoMoon', 'Instagram Follow Button', 'Microdata for Google Shopping', 'NFOrce Internet', 'No-Q', 'PHP', 'SMC', 'Theme In WP', 'UTF-8', 'WordPress', 'WordPress Multisite', 'jQuery', 'reCAPTCHA']"
advancedlaserandskincancercenter.com,"Gangaram Ragi, MD: Advanced Laser and Skin Cancer Center | Dermatologists & Mohs Surgeons & Laser Specialists located in Teaneck, NJ",,IMN,77,77738,2026-09-26T23:57:37.046563678Z,"['Amazon', 'Amazon CloudFront', 'Amazon Route 53', 'Apture Linking Platform', 'AudioEye', 'CloudFront', 'Content Delivery Network', 'DAV', 'Express', 'Fastly', 'GZIP Module', 'GitHub Hosting', 'Google', 'Google Analytics', 'Google Cloud CDN', 'Google Cloud DNS', 'Google Font API', 'Google Maps', 'Google My Business', 'Google Related Website Sites', 'Google Tag Manager', 'Microdata for Google Shopping', 'Netlify', 'Parcel', 'PatientPop', 'QUIC', 'SMC', 'Tebra', 'Thank You', 'University or College']"
longlakepodiatrist.com,"Long Lake Podiatry, P.C. | Board Certified Foot and Ankle Surgeon located in Troy and St. Clair Shores, MI",,DEU,77,71738,2026-09-26T23:57:37.044959229Z,"['Amazon', 'Amazon CloudFront', 'Amazon Route 53', 'AudioEye', 'CloudFront', 'Content Delivery Network', 'DAV', 'Fastly', 'GZIP Module', 'Google', 'Google Analytics', 'Google Cloud CDN', 'Google Cloud DNS', 'Google Font API', 'Google Maps', 'Google My Business', 'Google Related Website Sites', 'Google Tag Manager', 'Microdata for Google Shopping', 'Netlify', 'Parcel', 'PatientPop', 'SMC']"
libertypainassociates.com,"Liberty Pain Associates | Board Certified in Interventional Pain Management located in Flower Mound and Fort Worth, TX",,USA,77,77738,2026-09-26T23:57:37.043842226Z,"['AI Log', 'Amazon', 'Amazon CloudFront', 'Amazon Route 53', 'Apture Linking Platform', 'AudioEye', 'CloudFront', 'Content Delivery Network', 'DAV', 'Express', 'Fastly', 'GZIP Module', 'GitHub Hosting', 'Google', 'Google Analytics', 'Google Cloud CDN', 'Google Cloud DNS', 'Google Font API', 'Google Maps', 'Google My Business', 'Google Related Website Sites', 'Google Tag Manager', 'Instagram Follow Button', 'Microdata for Google Shopping', 'Netlify', 'Parcel', 'PatientPop', 'QUIC', 'SMC', 'Subversion', 'Tebra', 'University or College', 'YouTube']"
prudentmedicalprovidersnw.com,"Prudent Medical Providers | Family Medicine located in Federal Way and Tacoma, WA",,USA,92,77738,2026-09-26T23:52:37.182126789Z,"['Amazon', 'Amazon CloudFront', 'Amazon Route 53', 'AudioEye', 'CloudFront', 'Content Delivery Network', 'Express', 'Fastly', 'GZIP Module', 'Google', 'Google Analytics', 'Google Cloud CDN', 'Google Cloud DNS', 'Google Font API', 'Google Maps', 'Google My Business', 'Google Related Website Sites', 'Google Tag Manager', 'Microdata for Google Shopping', 'Netlify', 'Parcel', 'PatientPop', 'QUIC', 'SMC', 'Tebra']"
haackappraisal.com,"Haack Appraisal Company | Valuations | Palmer, NE",,,62,54920,2026-09-26T23:42:22.892549251Z,"['Amazon', 'Amazon CloudFront', 'Amazon S3 CDN', 'AudioEye', 'Bing Cashback', 'Bing Conversion Tracking', 'CloudFront', 'DoubleClick Bid Manager', 'Duda', 'Facebook Login', 'Facebook Messenger Platform', 'Facebook Pixel', 'Facebook Reseller', 'Facebook Tag API', 'GZIP Module', 'Google Flights Conversion Tracking', 'Google My Business', 'Line2', 'Nginx', 'QUIC', 'SMC', 'Storyblocks', 'UTF-8', 'iPromote']"
mckinneysepticservice.com,"McKinney Septic Service | Septic Installation | Beacon, NY",,,62,54920,2026-09-26T23:25:13.447215052Z,"['Amazon', 'Amazon CloudFront', 'Amazon S3 CDN', 'AudioEye', 'CloudFront', 'Duda', 'Facebook Login', 'Facebook Messenger Platform', 'Facebook Reseller', 'GZIP Module', 'Line2', 'Nginx', 'QUIC', 'SMC', 'Storyblocks', 'UTF-8']"
wellsandseptics.com,"Searles Well Drilling Inc | Water Well Service | New Ulm, MN",,,62,54920,2026-09-26T23:02:04.039849949Z,"['Amazon', 'Amazon CloudFront', 'Amazon S3 CDN', 'AudioEye', 'Bing Cashback', 'Bing Conversion Tracking', 'CloudFront', 'Duda', 'Express', 'Facebook Login', 'Facebook Messenger Platform', 'Facebook Pixel', 'Facebook Reseller', 'Facebook Tag API', 'GZIP Module', 'Google Maps', 'Google My Business', 'Google Tag Manager', 'Line2', 'Nginx', 'QUIC', 'SMC', 'Storyblocks', 'UTF-8', 'YouTube', 'iPromote']"
columbusterrace.com,"Columbus Terrace Apartments for Rent - North Hills, CA",,,52,19416,2026-09-26T22:59:55.722357471Z,"['Amazon CloudFront', 'AppFolio', 'AudioEye', 'CloudFront', 'Duda', 'GZIP Module', 'Microdata for Google Shopping', 'Nginx', 'SMC', 'Tailwind CSS', 'UTF-8']"
kelleecathey.com,"Home | Concord, Walnut Creek and Antioch Counseling Services, Family Therapy and Marriage Counseling","Kellee Cathey, LMFT",USA,77,66688,2026-09-26T22:59:55.712506402Z,"['AWS WAF Challenge', 'Alternate Protocol', 'AudioEye', 'EmbedPress', 'Express', 'Font Awesome', 'Google Analytics', 'Google Cloud DNS', 'Google Font API', 'Google Maps', 'Google My Business', 'Microdata for Google Shopping', 'PHP', 'QUIC', 'SMC', 'Theme In WP', 'UTF-8', 'WP Lightbox 2', 'WP jQuery Lightbox', 'WordPress', 'WordPress Multisite', 'jQuery']"
primoautocarevancouver.com,"Auto Repair in Vancouver, WA | Primo Auto Care",Primo Auto Care,USA,82,58236,2026-09-26T22:34:41.941916164Z,"['Amazon', 'Amazon CloudFront', 'Amazon S3 CDN', 'AudioEye', 'CloudFront', 'Duda', 'Express', 'Facebook Login', 'Facebook Messenger Platform', 'Facebook Reseller', 'Financial Services Guide', 'FormSubmit', 'GZIP Module', 'Google Maps', 'Google My Business', 'Google Related Website Sites', 'Idaq', 'Line2', 'Microdata for Google Shopping', 'Nginx', 'Pico CSS', 'SMC', 'Storyblocks', 'Tailwind CSS', 'UTF-8']"
valleyequineveterinary.com,"Valley Equine Veterinary Service Inc | McMinnville, OR",,,57,16281,2026-09-26T22:27:43.099298141Z,"['Amazon', 'Amazon CloudFront', 'Amazon S3 CDN', 'AudioEye', 'CloudFront', 'Duda', 'Facebook Login', 'Facebook Messenger Platform', 'Facebook Reseller', 'GZIP Module', 'Google Maps', 'Google My Business', 'Line2', 'Nginx', 'SMC', 'Storyblocks', 'UTF-8']"
azfineartgallery.com,"A Z Fine Arts | Gallery | Framing | Chestnut Hill, MA",,USA,77,54920,2026-09-26T22:10:29.120333619Z,"['Alternate Protocol', 'Amazon', 'Amazon CloudFront', 'Amazon S3 CDN', 'AudioEye', 'CloudFront', 'DAV', 'Duda', 'Express', 'Facebook Login', 'Facebook Messenger Platform', 'Facebook Pixel', 'Facebook Reseller', 'Facebook Tag API', 'GZIP Module', 'Google Maps', 'Google My Business', 'Instagram Follow Button', 'Line2', 'Nginx', 'SMC', 'Storyblocks', 'Tailwind CSS', 'Twitter Ads', 'UTF-8', 'Yelp Badge', 'iPromote']"
kdinsurancegroup.com,"Home | Brunswick, Strongsville and Akron Medicare Insurance, Medicare Advantage and Medicare Supplement",KD Insurance Group,USA,77,54718,2026-09-26T21:59:08.52421062Z,"['Alternate Protocol', 'Apture Linking Platform', 'AudioEye', 'EmbedPress', 'Font Awesome', 'Google Analytics', 'Google Cloud DNS', 'Google Maps', 'Google My Business', 'Google Tag Manager', 'Instagram Follow Button', 'Microdata for Google Shopping', 'NFOrce Internet', 'Nginx', 'No-Q', 'PHP', 'SMC', 'Theme In WP', 'UTF-8', 'WordPress', 'WordPress Multisite', 'jQuery', 'reCAPTCHA']"
camboro.com,Homepage | Camboro Veterinary Hospital,Camboro Veterinary Hospital,USA,77,292108,2026-09-26T21:44:36.069131325Z,"['AdRoll', 'Amazon', 'Amplitude', 'Angelcam', 'AudioEye', 'Authorize.net', 'Azure Edge', 'BambooHR', 'Birdeye', 'Bunny Fonts', 'CDN JS', 'Cloudflare', 'Cloudflare CDN', 'Cloudflare Web Analytics', 'Constant Contact', 'Contentful', 'Contentstack', 'Demandforce', 'DoubleClick Bid Manager', 'Express', 'Facebook CDN', 'Facebook Reseller', 'Form.IO', 'Google', 'Google Analytics', 'Google Cloud DNS', 'Google Cloud Storage', 'Google Font API', 'Google Maps', 'Google Matched Content', 'Google My Business', 'Google Reseller', 'Google Tag Manager', 'Instagram Follow Button', 'Intercom', 'JotForm', 'Line2', 'Microdata for Google Shopping', 'Microsoft Azure', 'Microsoft Azure Blob Storage', 'Next.js', 'Ntent', 'ON24', 'Paycor', 'Perl', 'Pleroma', 'RM Education', 'SMC', 'Salesforce Experience Cloud', 'Schema Plugin', 'Storyblocks', 'Stripe', 'Styled Components', 'Thank You', 'Timely', 'Trustarc Cookie Consent', 'Twitter Ads', 'UTF-8', 'Vimeo', 'Weglot', 'YouTube']"
leasesemo.com,Property Management | Lease Semo | Jackson & Scott City MO,,,62,60064,2026-09-26T21:39:53.985176383Z,"['Amazon CloudFront', 'AppFolio', 'AudioEye', 'CloudFront', 'Duda', 'FormSubmit', 'GZIP Module', 'Microdata for Google Shopping', 'Nginx', 'QUIC', 'SMC', 'Tailwind CSS', 'Thank You', 'UTF-8']"
parkvillasliving.com,Welcome Home,,USA,57,19815,2026-09-26T21:22:01.523733666Z,"['Alternate Protocol', 'Amazon', 'Amazon CloudFront', 'Amazon S3 CDN', 'AppFolio', 'AudioEye', 'CloudFront', 'Duda', 'Font Awesome', 'GZIP Module', 'Instagram Follow Button', 'Nginx', 'SMC', 'Storyblocks', 'Tailwind CSS', 'UTF-8', 'YouTube']"
marconexcavating.com,"Marcon Excavating | Earthmoving Services | Los Alamos, NM",,PHL,72,54920,2026-09-26T21:05:21.060092854Z,"['Amazon', 'Amazon CloudFront', 'Amazon S3 CDN', 'AudioEye', 'CloudFront', 'Duda', 'Facebook Login', 'Facebook Messenger Platform', 'Facebook Reseller', 'GZIP Module', 'Google My Business', 'Line2', 'Nginx', 'SMC', 'Storyblocks', 'Tailwind CSS', 'UTF-8']"
dansengineexchange.com,"Dan's Engine Exchange | Remanufactured Engine | Brockton, MA",,USA,77,55016,2026-09-26T20:55:09.604755983Z,"['Amazon', 'Amazon CloudFront', 'Amazon S3 CDN', 'AudioEye', 'CloudFront', 'Duda', 'Facebook Login', 'Facebook Messenger Platform', 'Facebook Reseller', 'FormSubmit', 'GZIP Module', 'Google Analytics', 'Google Maps', 'Google My Business', 'Google Tag Manager', 'Line2', 'Nginx', 'SMC', 'Storyblocks', 'Tailwind CSS', 'Thank You', 'UTF-8']"
aboutyouinhomecare.com,"About You In Home Care | Senior, Veterans & Disability Care in LA, MS, AL & TN",About You In Home Care,USA,82,94222,2026-09-26T19:30:40.372790713Z,"['AWS WAF Challenge', 'Alternate Protocol', 'Amazon WAF Blocked', 'Apache', 'Apture Linking Platform', 'Aruba', 'AudioEye', 'Better Lead Generation Services', 'Cloudflare', 'Cloudflare CDN', 'Cloudflare Turnstile', 'Contact Form Plugin', 'EmbedPress', 'Facebook Conversion Tracking', 'Facebook Login', 'Facebook Messenger Platform', 'Facebook Pixel', 'Facebook Reseller', 'Facebook Tag API', 'GZIP Module', 'Google', 'Google Analytics', 'Google Cloud DNS', 'Google Font API', 'Google My Business', 'Google Related Website Sites', 'Google Tag Manager', 'Gravity', 'Gravity Forms', 'HMDG', 'Infusionsoft', 'Investor Relations', 'Microdata for Google Shopping', 'PHP', 'Pico CSS', 'Popup Maker for Wordpress', 'QUIC', 'SMC', 'Silverlight', 'Theme In WP', 'UTF-8', 'WP Rocket', 'WordPress', 'WordPress Multisite', 'YouTube', 'eLand', 'jQuery', 'reCAPTCHA']"
jamescrutchermd.com,"James P. Crutcher Jr. MD. | Orthopedic Surgeon & Hip & Knee Replacement located in Seattle and OPA Bellevue, Bellevue, WA",,USA,67,77978,2026-09-26T19:12:27.909282554Z,"['Amazon', 'Amazon CloudFront', 'Amazon Route 53', 'AudioEye', 'CloudFront', 'Content Delivery Network', 'Fastly', 'GZIP Module', 'Google', 'Google Analytics', 'Google Cloud CDN', 'Google Cloud DNS', 'Google Font API', 'Google Maps', 'Google My Business', 'Google Related Website Sites', 'Google Tag Manager', 'Microdata for Google Shopping', 'Netlify', 'Parcel', 'PatientPop', 'SMC', 'Tebra', 'University or College', 'Vimeo', 'YouTube']"
liondalemedical.com,"Liondale Medical: Private Medical Practices: Upper West Side New York, NY",Liondale Medical,USA,92,69670,2026-09-26T19:12:27.906692552Z,"['AWS WAF Challenge', 'AudioEye', 'Content Delivery Network', 'Google', 'Google Analytics', 'Google Cloud DNS', 'Google Maps', 'Google My Business', 'Google Tag Manager', 'Microdata for Google Shopping', 'Next.js', 'QUIC', 'SMC', 'Tailwind CSS', 'Twitter Ads', 'UTF-8', 'UserWay', 'Vercel', 'YouTube']"
marinettecosmeticdentist.com,"Magnin, Oberdorfer & VanLaanen Family Practice Dentistry Marinette WI","Magnin, Oberdorfer & VanLaanen Family Practice Dentistry",USA,82,66204,2026-09-26T18:16:21.612197952Z,"['Amazon', 'Amazon CloudFront', 'Amazon S3 CDN', 'AudioEye', 'BLR', 'Bing Cashback', 'Bing Conversion Tracking', 'CloudFront', 'DAV', 'Duda', 'Facebook Login', 'Facebook Messenger Platform', 'Facebook Pixel', 'Facebook Reseller', 'Facebook Tag API', 'FormSubmit', 'GZIP Module', 'Google Maps', 'Google My Business', 'Google Related Website Sites', 'IcoMoon', 'Instagram Follow Button', 'Line2', 'Microdata for Google Shopping', 'Nginx', 'Pico CSS', 'SMC', 'Schema Plugin', 'Storyblocks', 'Tailwind CSS', 'Thank You', 'Tumblr', 'Twitter Ads', 'UTF-8', 'University or College', 'iPromote', 'jsDelivr']"
trecpropertymanagement.com,The Real Estate Collection | Florida Property Management,,,57,22563,2026-09-26T18:05:20.55193438Z,"['Alternate Protocol', 'Amazon CloudFront', 'AppFolio', 'AudioEye', 'CloudFront', 'Duda', 'Font Awesome', 'FormSubmit', 'GZIP Module', 'Instagram Follow Button', 'Nginx', 'Podium', 'SMC', 'Tailwind CSS', 'Thank You', 'UTF-8']"
brucessuperbody.com,"Auto Body Repair Richmond | Collision Restoration Services Newport News, Virginia (VA) - Bruce's Super Body Shop",,USA,72,55868,2026-09-26T15:24:08.097251353Z,"['Amazon', 'Amazon CloudFront', 'Amazon S3 CDN', 'AudioEye', 'CloudFront', 'Duda', 'Express', 'Facebook Login', 'Facebook Messenger Platform', 'Facebook Reseller', 'GZIP Module', 'Google My Business', 'Google Related Website Sites', 'Google Tag Manager', 'Line2', 'Nginx', 'Plausible Analytics', 'SMC', 'Storyblocks', 'UTF-8', 'YouTube']"
lajollaivf.com,"La Jolla IVF | Infertility & IVF Specialist located in La Jolla, CA",,,92,77738,2026-09-26T15:01:06.1786462Z,"['Amazon', 'Amazon CloudFront', 'Amazon Route 53', 'Apture Linking Platform', 'AudioEye', 'CloudFront', 'Content Delivery Network', 'DAV', 'Express', 'Fastly', 'GZIP Module', 'GitHub Hosting', 'Google', 'Google Analytics', 'Google Cloud CDN', 'Google Cloud DNS', 'Google Font API', 'Google Maps', 'Google My Business', 'Google Related Website Sites', 'Google Tag Manager', 'Instagram Follow Button', 'Microdata for Google Shopping', 'Netlify', 'Parcel', 'PatientPop', 'SMC', 'Tebra', 'Twitter Ads', 'YouTube']"
aabppain.com,"AABP Integrative Pain Care and Wellness | Pain Management located in Brooklyn, NY",,USA,92,77738,2026-09-26T14:50:57.240869094Z,"['Amazon', 'Amazon CloudFront', 'Amazon Route 53', 'AudioEye', 'CloudFront', 'Content Delivery Network', 'DAV', 'Fastly', 'GZIP Module', 'Google', 'Google Analytics', 'Google Cloud CDN', 'Google Cloud DNS', 'Google Font API', 'Google Maps', 'Google My Business', 'Google Related Website Sites', 'Google Tag Manager', 'Microdata for Google Shopping', 'Netlify', 'Parcel', 'PatientPop', 'QUIC', 'SMC', 'Tebra']"
sonoransurgical.com,"Sonoran Surgical | General Surgeons and Colorectal Surgeons located in Chandler, San Tan Valley and Scottsdale, AZ",,USA,82,77738,2026-09-26T14:36:07.630796958Z,"['Amazon', 'Amazon CloudFront', 'Amazon Route 53', 'AudioEye', 'CloudFront', 'Content Delivery Network', 'DAV', 'Fastly', 'GZIP Module', 'Google', 'Google Analytics', 'Google Cloud CDN', 'Google Cloud DNS', 'Google Font API', 'Google Maps', 'Google My Business', 'Google Related Website Sites', 'Google Tag Manager', 'Microdata for Google Shopping', 'Netlify', 'Parcel', 'PatientPop', 'SMC', 'Tebra']"
irondequoit.gov,"Irondequoit, NY | Official Website",,,50,25651,2026-09-26T13:02:34.439355574Z,"['Apture Linking Platform', 'AudioEye', 'AutoComplete', 'CivicPlus', 'GZIP Module', 'Google Analytics', 'Google Cloud DNS', 'Google Font API', 'Google Tag Manager', 'Material-UI', 'Microsoft Azure', 'QUIC', 'SMC', 'SiteW', 'UTF-8', 'University or College', 'Visual Studio', 'jQuery']"
east32living.com,"Home | Townhomes @East 32nd | Tulsa, OK",,USA,77,59968,2026-09-26T12:21:26.241604745Z,"['Alternate Protocol', 'Amazon CloudFront', 'AppFolio', 'AudioEye', 'CloudFront', 'Duda', 'GZIP Module', 'Microdata for Google Shopping', 'Nginx', 'SMC', 'Tailwind CSS', 'UTF-8', 'YouTube']"
elitecharterslimo.com,"Elite Charters Limousines Worldwide, LLC | Limo Services","Elite Charters Limousines Worldwide, LLC",USA,77,56788,2026-09-26T12:21:26.233507916Z,"['Alternate Protocol', 'Apture Linking Platform', 'AudioEye', 'EmbedPress', 'Express', 'Font Awesome', 'Gambling Content', 'Google', 'Google Analytics', 'Google Cloud DNS', 'Google Font API', 'Google Maps', 'Google My Business', 'Google Tag Manager', 'Instagram Follow Button', 'Microdata for Google Shopping', 'NFOrce Internet', 'PHP', 'SMC', 'Theme In WP', 'UTF-8', 'WordPress', 'jQuery', 'reCAPTCHA']"
brakestopinc.com,Brake Stop Inc. | Garage Body Mechanic,Brake Stop Inc.,CAN,77,54388,2026-09-26T12:21:26.22427967Z,"['Alternate Protocol', 'Apture Linking Platform', 'AudioEye', 'EmbedPress', 'Font Awesome', 'Google Analytics', 'Google Cloud DNS', 'Google Font API', 'Google Maps', 'Google My Business', 'Microdata for Google Shopping', 'NFOrce Internet', 'PHP', 'SMC', 'Theme In WP', 'UTF-8', 'WordPress', 'WordPress Multisite', 'jQuery', 'reCAPTCHA']"
pciconstructioninc.net,PCI Construction Inc | Home Building Services,PCI Construction Inc,USA,77,55216,2026-09-26T12:21:26.222099665Z,"['Alternate Protocol', 'Apture Linking Platform', 'AudioEye', 'Elfsight', 'EmbedPress', 'Express', 'Font Awesome', 'Google Analytics', 'Google Cloud DNS', 'Google Maps', 'Google My Business', 'Google Tag Manager', 'IcoMoon', 'Instagram Follow Button', 'Microdata for Google Shopping', 'NFOrce Internet', 'Nginx', 'PHP', 'SMC', 'Tailwind CSS', 'Theme In WP', 'UTF-8', 'WordPress', 'jQuery', 'reCAPTCHA']"
eldercraftllc.com,Eldercraft Construction Group LLC | General Contractor,Eldercraft Construction Group LLC,USA,77,72586,2026-09-26T12:10:02.254577051Z,"['AWS WAF Challenge', 'Alternate Protocol', 'Apture Linking Platform', 'AudioEye', 'EmbedPress', 'Express', 'Font Awesome', 'Google', 'Google Analytics', 'Google Cloud DNS', 'Google Font API', 'Google Maps', 'Google My Business', 'Google Tag Manager', 'IcoMoon', 'InitiativeS', 'Microdata for Google Shopping', 'NFOrce Internet', 'Nginx', 'No-Q', 'PHP', 'QUIC', 'SMC', 'Theme In WP', 'UTF-8', 'WordPress', 'WordPress Multisite', 'jQuery', 'reCAPTCHA']"
polywoodtruckingllc.com,Polywood Trucking LLC | Trucking,Polywood Trucking LLC,USA,82,54388,2026-09-26T11:53:53.08040196Z,"['Alternate Protocol', 'Apture Linking Platform', 'AudioEye', 'Better Lead Generation Services', 'EmbedPress', 'Express', 'Font Awesome', 'Google Analytics', 'Google Cloud DNS', 'Google Font API', 'Google Maps', 'Google My Business', 'Google Tag Manager', 'Instagram Follow Button', 'Interchange', 'Microdata for Google Shopping', 'NFOrce Internet', 'PHP', 'QUIC', 'SMC', 'Theme In WP', 'UTF-8', 'WordPress', 'WordPress Multisite', 'jQuery', 'reCAPTCHA']"
allscapespro.ca,Allscapes Exteriors Ltd | Landscaping,Allscapes Exteriors Ltd,CAN,77,69388,2026-09-26T11:01:05.435859993Z,"['AWS WAF Challenge', 'Alternate Protocol', 'Apture Linking Platform', 'AudioEye', 'EmbedPress', 'Express', 'Font Awesome', 'Google Analytics', 'Google Cloud DNS', 'Google Font API', 'Google Maps', 'Google My Business', 'Microdata for Google Shopping', 'NFOrce Internet', 'PHP', 'QUIC', 'SMC', 'Theme In WP', 'UTF-8', 'WP Lightbox 2', 'WP jQuery Lightbox', 'WordPress', 'WordPress Multisite', 'eLand', 'jQuery', 'reCAPTCHA']"
taguelandscaping.com,"Tague Landscaping - Landscaping Services | Abington, PA",,,67,80250,2026-09-26T11:01:05.421067327Z,"['Alternate Protocol', 'Amazon', 'Amazon CloudFront', 'Amazon S3 CDN', 'AudioEye', 'CloudFront', 'Duda', 'Facebook Login', 'Facebook Messenger Platform', 'Facebook Reseller', 'GZIP Module', 'K2F', 'Line2', 'Microdata for Google Shopping', 'Nginx', 'No-Q', 'QUIC', 'SMC', 'Storyblocks', 'Tailwind CSS', 'Twitter Ads', 'UTF-8', 'eLand']"
vintagewellness.com,"Vintage Wellness and Aesthetics | Medical Spa located in Houston, TX",,,82,86738,2026-09-26T10:49:33.693759713Z,"['Amazon', 'Amazon CloudFront', 'Amazon Route 53', 'AudioEye', 'CloudFront', 'Content Delivery Network', 'DAV', 'Fastly', 'Fireblade', 'GZIP Module', 'Google', 'Google Analytics', 'Google Cloud CDN', 'Google Cloud DNS', 'Google Font API', 'Google Maps', 'Google My Business', 'Google Related Website Sites', 'Google Tag Manager', 'Microdata for Google Shopping', 'Netlify', 'Parcel', 'PatientPop', 'SMC']"
calautobody.com,California Autobody Association,,USA,82,72604,2026-09-26T10:46:05.920163527Z,"['Amazon CloudFront', 'AudioEye', 'CloudFront', 'Constant Contact', 'Duda', 'FormSubmit', 'GZIP Module', 'Google Analytics', 'Google Tag Manager', 'KVH', 'Microdata for Google Shopping', 'Nginx', 'Perl', 'SMC', 'Styled Components', 'Tailwind CSS', 'Thank You', 'UTF-8']"
emergencydentistnyc.com,"Emergency Dentist NYC: Emergency, Cosmetic, and General Dentistry: Union Square New York City, NY",,USA,77,82258,2026-09-26T10:35:56.187188953Z,"['Amazon', 'Amazon CloudFront', 'Amazon Route 53', 'AudioEye', 'CloudFront', 'Content Delivery Network', 'DAV', 'Fastly', 'GZIP Module', 'Google', 'Google Analytics', 'Google Cloud CDN', 'Google My Business', 'Google Related Website Sites', 'Google Tag Manager', 'Instagram Follow Button', 'Microdata for Google Shopping', 'Nginx', 'PHP', 'PatientPop', 'SMC', 'Tailwind CSS', 'Tebra', 'UTF-8', 'Yelp Badge', 'YouTube', 'ZocDoc', 'reCAPTCHA']"
harmonymountainelectric.com,Harmony Mountain Electric | Electrician Services,Harmony Mountain Electric,CAN,77,70186,2026-09-26T10:24:30.073027177Z,"['AWS WAF Challenge', 'Alternate Protocol', 'Apture Linking Platform', 'AudioEye', 'Better Lead Generation Services', 'EmbedPress', 'Express', 'Font Awesome', 'Google Analytics', 'Google Cloud DNS', 'Google Maps', 'Google My Business', 'Google Tag Manager', 'IcoMoon', 'Microdata for Google Shopping', 'NFOrce Internet', 'No-Q', 'PHP', 'QUIC', 'SMC', 'Theme In WP', 'UTF-8', 'WordPress', 'WordPress Multisite', 'jQuery', 'reCAPTCHA']"
riverroadautomotiveservices.com,River Road Automotive Services LLC | Garage Body Mechanic,River Road Automotive Services LLC,USA,77,54748,2026-09-26T10:17:06.716217846Z,"['Alternate Protocol', 'Apture Linking Platform', 'AudioEye', 'DAV', 'Elfsight', 'EmbedPress', 'Express', 'Font Awesome', 'Google Analytics', 'Google Cloud DNS', 'Google Font API', 'Google Maps', 'Google My Business', 'Microdata for Google Shopping', 'NFOrce Internet', 'PHP', 'SMC', 'Theme In WP', 'UTF-8', 'WordPress', 'WordPress Multisite', 'jQuery', 'reCAPTCHA']"
colemanautomotiverepair.com,"Coleman Automotive Repair, LLC | Garage Body Mechanic","Coleman Automotive Repair, LLC",USA,77,57586,2026-09-26T10:06:28.318518849Z,"['Alternate Protocol', 'Apture Linking Platform', 'AudioEye', 'EmbedPress', 'Express', 'Font Awesome', 'Google', 'Google Analytics', 'Google Cloud DNS', 'Google Font API', 'Google Maps', 'Google My Business', 'Google Tag Manager', 'IcoMoon', 'Microdata for Google Shopping', 'NFOrce Internet', 'No-Q', 'PHP', 'Perl', 'QUIC', 'SMC', 'Theme In WP', 'UTF-8', 'WordPress', 'WordPress Multisite', 'jQuery', 'reCAPTCHA']"
top10renovations.com,Top 10 Construction LLC | General Contractor,Top 10 Construction LLC,USA,82,54388,2026-09-26T10:06:28.304822193Z,"['AJAX Libraries API', 'Alternate Protocol', 'Apture Linking Platform', 'AudioEye', 'Better Lead Generation Services', 'EmbedPress', 'Express', 'Font Awesome', 'Google Analytics', 'Google Cloud DNS', 'Google Maps', 'Google My Business', 'Google Tag Manager', 'Microdata for Google Shopping', 'NFOrce Internet', 'PHP', 'SMC', 'Tailwind CSS', 'Theme In WP', 'UTF-8', 'WordPress', 'WordPress Multisite', 'jQuery', 'reCAPTCHA']"
elitecareagencyllc.com,Elite Care Agency LLC | Insurance Agency,Elite Care Agency LLC,USA,82,55186,2026-09-26T10:06:28.303891271Z,"['Alternate Protocol', 'Apture Linking Platform', 'AudioEye', 'EmbedPress', 'Font Awesome', 'Google Analytics', 'Google Cloud DNS', 'Google Maps', 'Google My Business', 'Google Tag Manager', 'IcoMoon', 'Microdata for Google Shopping', 'NFOrce Internet', 'No-Q', 'PHP', 'SMC', 'Theme In WP', 'UTF-8', 'WordPress', 'WordPress Multisite', 'jQuery', 'reCAPTCHA']"
ldgreerbuilders-trim.com,"Home | Sierra Vista, Hereford and Benson Garage Door Installation, Window Installation and Door Installation",L.D. Greer Builders and Trim,USA,82,54388,2026-09-26T10:06:28.30377808Z,"['Alternate Protocol', 'Apture Linking Platform', 'AudioEye', 'EmbedPress', 'Express', 'Font Awesome', 'Google Analytics', 'Google Cloud DNS', 'Google Maps', 'Google My Business', 'Google Tag Manager', 'Microdata for Google Shopping', 'NFOrce Internet', 'PHP', 'SMC', 'Theme In WP', 'UTF-8', 'WordPress', 'WordPress Multisite', 'jQuery', 'reCAPTCHA']"
cardinalreadymixconcrete.com,"Home | Yadkinville, Mocksville and Advance Ready Mix Concrete, Concrete Delivery and Cement Delivery",Cardinal Ready Mix Concrete LLC,USA,77,56788,2026-09-26T10:06:28.303245509Z,"['Alternate Protocol', 'Apture Linking Platform', 'AudioEye', 'EmbedPress', 'Express', 'Font Awesome', 'Google', 'Google Analytics', 'Google Cloud DNS', 'Google Font API', 'Google Maps', 'Google My Business', 'Google Tag Manager', 'Microdata for Google Shopping', 'NFOrce Internet', 'PHP', 'SMC', 'Theme In WP', 'UTF-8', 'WordPress', 'jQuery', 'reCAPTCHA']"
silverfoxcargo.com,Silver Fox Cargo Solutions Inc. | Trucking Services,Silver Fox Cargo Solutions Inc.,CAN,77,54856,2026-09-26T10:06:28.302137881Z,"['Alternate Protocol', 'Apture Linking Platform', 'AudioEye', 'EmbedPress', 'Font Awesome', 'Google Analytics', 'Google Cloud DNS', 'Google Maps', 'Google My Business', 'Google Tag Manager', 'IcoMoon', 'Microdata for Google Shopping', 'NFOrce Internet', 'Nginx', 'PHP', 'SMC', 'Theme In WP', 'UTF-8', 'WordPress', 'WordPress Multisite', 'jQuery', 'reCAPTCHA']"
quadrabuildingmaintenance.com,"Victoria Commercial Cleaning, Janitorial and Office Cleaning",,SYC,77,51589,2026-09-26T10:06:28.298832773Z,"['AJAX Libraries API', 'Alternate Protocol', 'AudioEye', 'EmbedPress', 'Google Analytics', 'Google Cloud DNS', 'Google Maps', 'Google My Business', 'InitiativeS', 'LiteSpeed', 'Nginx', 'PHP', 'Perl', 'QUIC', 'SMC', 'Theme In WP', 'UTF-8', 'WP Lightbox 2', 'WordPress', 'WordPress Multisite', 'jQuery']"
boxxboysmoving.com,Boxx Boys Moving | Moving Company,Boxx Boys Moving,USA,77,57256,2026-09-26T10:06:28.294797165Z,"['Alternate Protocol', 'Apture Linking Platform', 'AudioEye', 'Better Lead Generation Services', 'EmbedPress', 'Express', 'Font Awesome', 'Google', 'Google Analytics', 'Google Cloud DNS', 'Google Font API', 'Google Maps', 'Google My Business', 'IcoMoon', 'Instagram Follow Button', 'Microdata for Google Shopping', 'NFOrce Internet', 'Nginx', 'PHP', 'SMC', 'Theme In WP', 'UTF-8', 'WordPress', 'WordPress Multisite', 'jQuery', 'reCAPTCHA']"
leidybugcleaningservices.com,"Leidybug Cleaning Services, LLC | Janitorial Company","Leidybug Cleaning Services, LLC",USA,77,54856,2026-09-26T10:02:13.728434031Z,"['AJAX Libraries API', 'Alternate Protocol', 'Apture Linking Platform', 'AudioEye', 'Better Lead Generation Services', 'EmbedPress', 'Express', 'Font Awesome', 'Google Analytics', 'Google Cloud DNS', 'Google Maps', 'Google My Business', 'Google Tag Manager', 'IcoMoon', 'Microdata for Google Shopping', 'NFOrce Internet', 'PHP', 'SMC', 'Tailwind CSS', 'Theme In WP', 'UTF-8', 'WordPress', 'jQuery', 'reCAPTCHA']"
doyleelectricnj.com,Doyle Electric LLC | Electrician,,USA,82,69388,2026-09-26T09:53:15.547358481Z,"['Alternate Protocol', 'Apture Linking Platform', 'AudioEye', 'EmbedPress', 'Express', 'Fireblade', 'Font Awesome', 'Google Analytics', 'Google Cloud DNS', 'Google Font API', 'Google Maps', 'Google My Business', 'LiteSpeed', 'Microdata for Google Shopping', 'NFOrce Internet', 'Nginx', 'PHP', 'SMC', 'Theme In WP', 'UTF-8', 'WP Lightbox 2', 'WP jQuery Lightbox', 'WordPress', 'WordPress Multisite', 'jQuery', 'reCAPTCHA']"
michielroofinginc.com,"Michiel Roofing, Inc | Roofing Services","Michiel Roofing, Inc",USA,82,54856,2026-09-26T09:41:36.858313297Z,"['Alternate Protocol', 'Apture Linking Platform', 'AudioEye', 'EmbedPress', 'Express', 'Font Awesome', 'Google Analytics', 'Google Cloud DNS', 'Google Maps', 'Google My Business', 'Google Tag Manager', 'IcoMoon', 'Microdata for Google Shopping', 'NFOrce Internet', 'PHP', 'SMC', 'Theme In WP', 'UTF-8', 'WordPress', 'WordPress Multisite', 'jQuery', 'reCAPTCHA']"
prestigewindowtintingcolorado.com,Prestige Window Tinting – Auto and Buildings | Greeley,,USA,77,70640,2026-09-26T09:25:35.285956928Z,"['Alternate Protocol', 'Amazon', 'Amazon CloudFront', 'Amazon S3 CDN', 'AudioEye', 'CloudFront', 'Duda', 'Facebook Login', 'Facebook Messenger Platform', 'Facebook Reseller', 'Fireblade', 'GZIP Module', 'Google Related Website Sites', 'Line2', 'Microdata for Google Shopping', 'Nginx', 'SMC', 'Storyblocks', 'Tailwind CSS', 'UTF-8']"
pritchardautobody.ca,Pritchard Autobody | Auto Body Shop,Pritchard Autobody,CAN,77,54807,2026-09-26T09:12:25.161177313Z,"['Alternate Protocol', 'Apture Linking Platform', 'AudioEye', 'Better Lead Generation Services', 'EmbedPress', 'Express', 'Font Awesome', 'FreeCSSTemplates', 'Google Analytics', 'Google Cloud DNS', 'Google Font API', 'Google Maps', 'Google My Business', 'Google Tag Manager', 'Instagram Follow Button', 'Microdata for Google Shopping', 'NFOrce Internet', 'No-Q', 'PHP', 'SMC', 'Site Reviews for Wordpress', 'Theme In WP', 'UTF-8', 'WordPress', 'WordPress Multisite', 'jQuery', 'reCAPTCHA']"
grumpymonkeygarage.com,Grumpy Monkey Garage LLC | Garage Mechanic,Grumpy Monkey Garage LLC,USA,77,55186,2026-09-26T09:12:25.14526223Z,"['Alternate Protocol', 'Apture Linking Platform', 'AudioEye', 'EmbedPress', 'Express', 'Font Awesome', 'Google Analytics', 'Google Cloud DNS', 'Google Maps', 'Google My Business', 'Google Tag Manager', 'IcoMoon', 'Instagram Follow Button', 'Microdata for Google Shopping', 'NFOrce Internet', 'No-Q', 'PHP', 'Perl', 'QUIC', 'SMC', 'Theme In WP', 'UTF-8', 'WordPress', 'WordPress Multisite', 'YouTube', 'jQuery', 'reCAPTCHA']"
arthrex-newyorkcity.com,Arthrex New York City - Arthrex New York City,,USA,82,55972,2026-09-26T09:06:16.92642132Z,"['Alternate Protocol', 'AudioEye', 'Divi', 'Elegant Themes', 'EmbedPress', 'Fastly', 'FooBox', 'GZIP Module', 'Google Cloud DNS', 'Google Font API', 'Google Tag Manager', 'Jetpack', 'KeyCDN', 'Lazy Load for WordPress', 'Microdata for Google Shopping', 'Nginx', 'PHP', 'Photo Gallery by FooGallery', 'QUIC', 'Rate my Post', 'SMC', 'Sitelinks Search Box', 'Smart Slider 3', 'Theme In WP', 'UTF-8', 'WP Responsive Menu', 'Woo Themes', 'WordPress', 'WordPress Multisite', 'WordPress Stats', 'eLand', 'jQuery']"
kanddmasonry.com,"K & D Masonry LLC | Masonry Services | Lima, OH",,,62,54920,2026-09-26T08:51:24.775197996Z,"['Amazon', 'Amazon CloudFront', 'Amazon S3 CDN', 'AudioEye', 'CloudFront', 'Duda', 'Facebook Login', 'Facebook Messenger Platform', 'Facebook Reseller', 'GZIP Module', 'Line2', 'Microdata for Google Shopping', 'Nginx', 'QUIC', 'SMC', 'Schema Plugin', 'Storyblocks', 'UTF-8']"
greenspringssecurity.com,Green Springs Security LLC | Locks | Zion Crossroads VA,,,62,54920,2026-09-26T06:38:32.391873987Z,"['Amazon', 'Amazon CloudFront', 'Amazon S3 CDN', 'AudioEye', 'CloudFront', 'Duda', 'Facebook Login', 'Facebook Messenger Platform', 'Facebook Reseller', 'GZIP Module', 'Line2', 'Nginx', 'SMC', 'Storyblocks', 'UTF-8', 'Yelp Badge']"
onedaysign.com,"Home | Oxford, Holly Springs and Batesville Logo Designer, Business Banners and Business Signs",One Day Signs,ZAF,77,54477,2026-09-26T06:34:54.782168062Z,"['Alternate Protocol', 'Apture Linking Platform', 'AudioEye', 'EmbedPress', 'Express', 'Font Awesome', 'FreeCSSTemplates', 'Google Analytics', 'Google Cloud DNS', 'Google Maps', 'Google My Business', 'Google Tag Manager', 'Microdata for Google Shopping', 'NFOrce Internet', 'Nginx', 'PHP', 'QUIC', 'SMC', 'Site Reviews for Wordpress', 'Theme In WP', 'UTF-8', 'Underscores', 'WordPress', 'WordPress Multisite', 'jQuery', 'reCAPTCHA']"
southsimcoetowing.net,South Simcoe Towing | Towing Services,South Simcoe Towing,CAN,77,54718,2026-09-26T03:45:27.481804726Z,"['Alternate Protocol', 'Apture Linking Platform', 'AudioEye', 'EmbedPress', 'Font Awesome', 'Google Analytics', 'Google Cloud DNS', 'Google Font API', 'Google Maps', 'Google My Business', 'Google Tag Manager', 'Microdata for Google Shopping', 'NFOrce Internet', 'No-Q', 'PHP', 'QUIC', 'SMC', 'Theme In WP', 'UTF-8', 'WordPress', 'WordPress Multisite', 'jQuery', 'reCAPTCHA']"
rivercitiesradon.com,"Radon Check | River Cities Radon | Moorhead, MN",River Cities Radon,USA,77,66303,2026-09-26T02:30:37.181873408Z,"['Alternate Protocol', 'Amazon', 'Amazon CloudFront', 'Amazon S3 CDN', 'AudioEye', 'BLR', 'CloudFront', 'DAV', 'Duda', 'Facebook Login', 'Facebook Messenger Platform', 'Facebook Pixel', 'Facebook Reseller', 'Facebook Tag API', 'FormSubmit', 'GZIP Module', 'Google My Business', 'Google Related Website Sites', 'IcoMoon', 'Line2', 'Microdata for Google Shopping', 'Nginx', 'Pico CSS', 'SMC', 'Schema Plugin', 'Storyblocks', 'Tailwind CSS', 'Thank You', 'Tumblr', 'Twitter Ads', 'UTF-8', 'W3 Total Cache', 'iPromote', 'jsDelivr']"
orion4000montclair.com,Orion at 4000 Mont Clair | Modern Apartments in Los Angeles,,USA,82,80064,2026-09-26T02:01:59.445669701Z,"['Amazon CloudFront', 'AppFolio', 'AudioEye', 'CloudFront', 'DAV', 'Duda', 'FormSubmit', 'GZIP Module', 'KVH', 'Microdata for Google Shopping', 'Nginx', 'QUIC', 'SMC', 'Tailwind CSS', 'Thank You', 'UTF-8']"
thecorrinteam.realestate,"Residential Realtor in Akron, Ohio",,USA,82,52743,2026-09-26T02:01:59.422014192Z,"['Adult Content', 'Alternate Protocol', 'Amazon CloudFront', 'AudioEye', 'CloudFront', 'Coming Soon Page', 'Duda', 'FormSubmit', 'GZIP Module', 'Get.realtor', 'IDX Broker', 'Instagram Follow Button', 'Microdata for Google Shopping', 'Neighborhoods', 'Nginx', 'Perl', 'QUIC', 'SMC', 'Tailwind CSS', 'UTF-8']"
itechpaintingpros.com,Best Portland House Painters: Trusted Painting Commercial & Residential Contractor based on Hillsboro,,USA,82,78016,2026-09-26T01:51:17.536355015Z,"['Add to Any', 'Agoda', 'Alternate Protocol', 'Amazon WAF Blocked', 'Anti-spam for WordPress', 'AudioEye', 'CDN JS', 'Calendly', 'CleanTalk Spam Protect', 'Cloudflare', 'Cloudflare CDN', 'Content Delivery Network', 'Elementor', 'EmbedPress', 'Facebook Customer Chat SDK', 'Facebook Login', 'Facebook Messenger Platform', 'Facebook Reseller', 'Fastly', 'Fireblade', 'Form.IO', 'Google Analytics', 'Google Cloud DNS', 'Google Font API', 'Google My Business', 'Google Related Website Sites', 'Google Tag Manager', 'Hello Elementor', 'Instagram Follow Button', 'Line2', 'LiteSpeed', 'Microdata for Google Shopping', 'QUIC', 'QUIC.cloud', 'SMC', 'Simple Social Icons', 'Table Addons for Elementor', 'UTF-8', 'WPFront Scroll Top', 'WordPress', 'WordPress Multisite', 'Yelp Badge', 'YouTube', 'reCAPTCHA']"
bondurantapartments.com,Home | Parkside | Bondurant IA,,CHL,77,60103,2026-09-26T01:25:20.730126457Z,"['Amazon CloudFront', 'AppFolio', 'AudioEye', 'CloudFront', 'Coming Soon Page', 'Duda', 'FormSubmit', 'GZIP Module', 'Microdata for Google Shopping', 'Nginx', 'QUIC', 'SMC', 'Tailwind CSS', 'Thank You', 'UTF-8']"
montana-plumbingparamedic.com,Montana Plumbing Paramedic | Plumbing Services,Montana Plumbing Paramedic,USA,82,57256,2026-09-26T01:25:20.726514401Z,"['Alternate Protocol', 'Apture Linking Platform', 'AudioEye', 'Better Lead Generation Services', 'EmbedPress', 'Express', 'Font Awesome', 'Google', 'Google Analytics', 'Google Cloud DNS', 'Google Font API', 'Google Maps', 'Google My Business', 'Google Tag Manager', 'IcoMoon', 'Microdata for Google Shopping', 'NFOrce Internet', 'PHP', 'SMC', 'Theme In WP', 'UTF-8', 'WordPress', 'jQuery', 'reCAPTCHA']"
escg-corp.com,"Home | Sunset, Greenville and Anderson Precision Cooling, Thermal Heat Removal and Data Center Engineering",Emergency Services & Consulting Group Inc.,USA,82,54388,2026-09-26T01:25:20.723958387Z,"['Alternate Protocol', 'Apture Linking Platform', 'AudioEye', 'EmbedPress', 'Font Awesome', 'Google Cloud DNS', 'Google Maps', 'Google My Business', 'Microdata for Google Shopping', 'NFOrce Internet', 'Nginx', 'PHP', 'SMC', 'Theme In WP', 'UTF-8', 'WordPress', 'WordPress Multisite', 'jQuery', 'reCAPTCHA']"
moodyvilleconstruction.ca,Moodyville Construction LTD | General Contractor,Moodyville Construction LTD,CAN,77,54477,2026-09-26T00:10:44.367160512Z,"['Alternate Protocol', 'Apture Linking Platform', 'AudioEye', 'EmbedPress', 'Font Awesome', 'FreeCSSTemplates', 'Google Analytics', 'Google Cloud DNS', 'Google Font API', 'Google Maps', 'Google My Business', 'Microdata for Google Shopping', 'NFOrce Internet', 'PHP', 'SMC', 'Site Reviews for Wordpress', 'Theme In WP', 'UTF-8', 'WP Lightbox 2', 'WP jQuery Lightbox', 'WordPress', 'WordPress Multisite', 'jQuery', 'reCAPTCHA']"
ocdautocare.com,OCD Auto Care | Car Detailing,OCD Auto Care,CAN,77,67018,2026-09-25T22:08:12.853383439Z,"['Alternate Protocol', 'AudioEye', 'CDN JS', 'Cloudflare', 'Cloudflare CDN', 'EmbedPress', 'Express', 'Fireblade', 'Font Awesome', 'Google Analytics', 'Google Cloud DNS', 'Google Maps', 'Google My Business', 'Google Tag Manager', 'Instagram Follow Button', 'Microdata for Google Shopping', 'Nginx', 'No-Q', 'PHP', 'QUIC', 'SMC', 'Tailwind CSS', 'Theme In WP', 'UTF-8', 'WordPress', 'jQuery']"
amarilloroofingcontractors.com,"Amarillo Roofing | Roofing Specialists | Amarillo, TX",,USA,72,69920,2026-09-25T21:12:46.444489396Z,"['Alternate Protocol', 'Amazon', 'Amazon CloudFront', 'Amazon S3 CDN', 'AudioEye', 'CloudFront', 'Duda', 'Facebook Login', 'Facebook Messenger Platform', 'Facebook Reseller', 'Fireblade', 'GZIP Module', 'Line2', 'Microdata for Google Shopping', 'Nginx', 'SMC', 'Storyblocks', 'Tailwind CSS', 'UTF-8']"
topchoicelawnmaintenance.net,"Top Choice Lawn Maintenance And Landscaping, LLC | Landscaping","Top Choice Lawn Maintenance And Landscaping, LLC",USA,77,69388,2026-09-25T19:24:50.175953737Z,"['AWS WAF Challenge', 'Alternate Protocol', 'Apture Linking Platform', 'AudioEye', 'EmbedPress', 'Express', 'Font Awesome', 'Google Analytics', 'Google Cloud DNS', 'Google Maps', 'Google My Business', 'Google Tag Manager', 'LiteSpeed', 'Microdata for Google Shopping', 'NFOrce Internet', 'PHP', 'SMC', 'Theme In WP', 'UTF-8', 'WordPress', 'WordPress Multisite', 'jQuery', 'reCAPTCHA']"
5starautobodyfl.com,5 Star Service Center Autobody | Auto Body Shop,5 Star Service Center Autobody,AUS,82,54388,2026-09-25T19:19:13.189718417Z,"['Alternate Protocol', 'Apture Linking Platform', 'AudioEye', 'Better Lead Generation Services', 'EmbedPress', 'Font Awesome', 'Google Cloud DNS', 'Google Maps', 'Google My Business', 'Microdata for Google Shopping', 'NFOrce Internet', 'PHP', 'SMC', 'Tailwind CSS', 'Theme In WP', 'UTF-8', 'WordPress', 'WordPress Multisite', 'jQuery', 'reCAPTCHA']"
bctruckservices.com,Home | Truck Repair Services,Bc Truck Services Inc,USA,77,57256,2026-09-25T19:19:13.185778949Z,"['Alternate Protocol', 'Apture Linking Platform', 'AudioEye', 'EmbedPress', 'Express', 'Font Awesome', 'Google', 'Google Analytics', 'Google Cloud DNS', 'Google Font API', 'Google Maps', 'Google My Business', 'Google Tag Manager', 'IcoMoon', 'Microdata for Google Shopping', 'NFOrce Internet', 'Nginx', 'PHP', 'QUIC', 'SMC', 'Theme In WP', 'UTF-8', 'WordPress', 'WordPress Multisite', 'YouTube', 'jQuery', 'reCAPTCHA']"
lammincometaxservices.com,Accounting Firm | Lamm Income Tax Services LLC,Lamm Income Tax Services LLC,USA,77,54388,2026-09-25T19:15:46.699242152Z,"['AJAX Libraries API', 'Alternate Protocol', 'Apture Linking Platform', 'AudioEye', 'EmbedPress', 'Font Awesome', 'Google Cloud DNS', 'Google Maps', 'Google My Business', 'Microdata for Google Shopping', 'NFOrce Internet', 'PHP', 'Perl', 'SMC', 'Theme In WP', 'UTF-8', 'WordPress', 'WordPress Multisite', 'jQuery', 'reCAPTCHA']"
batonrougeperio.com,"Baton Rouge Periodontics & Implants | Periodontics & Dental Implants located in Baton Rouge, LA",,USA,77,78068,2026-09-25T19:04:36.670663027Z,"['Amazon', 'Amazon CloudFront', 'Amazon Route 53', 'Apture Linking Platform', 'AudioEye', 'CloudFront', 'Content Delivery Network', 'Express', 'Fastly', 'GZIP Module', 'GitHub Hosting', 'Google', 'Google Analytics', 'Google Cloud CDN', 'Google Cloud DNS', 'Google Font API', 'Google Maps', 'Google My Business', 'Google Related Website Sites', 'Google Tag Manager', 'Instagram Follow Button', 'Microdata for Google Shopping', 'Netlify', 'No-Q', 'Parcel', 'PatientPop', 'Perl', 'SMC', 'Tebra']"
visitgreenvillesc.us,"VisitGreenvilleSC | Explore Attractions, Restaurants, Hotels, Shopping & Things to Do in Greenville, SC",VisitGreenvilleSC,USA,82,96667,2026-09-25T18:50:14.71731881Z,"['Adobe Creative Cloud WebFonts', 'Alternate Protocol', 'AudioEye', 'CDN JS', 'Cloudflare', 'Cloudflare CDN', 'Cloudinary', 'Contento', 'Crowdriff', 'DoubleClick Bid Manager', 'ElementUI', 'Font Awesome', 'GZIP Module', 'Google Analytics', 'Google Tag Manager', 'Gravity', 'IcoMoon', 'Instagram Follow Button', 'Microdata for Google Shopping', 'Neighborhoods', 'QUIC', 'SMC', 'Sitelinks Search Box', 'Tailwind CSS', 'UTF-8', 'University or College', 'Vimeo', 'YouTube']"
silosliving.com,"Home | The Silos Apartments | Kalispell, MT",,,67,60064,2026-09-25T18:15:30.828331303Z,"['Amazon CloudFront', 'AppFolio', 'AudioEye', 'CloudFront', 'Duda', 'FormSubmit', 'GZIP Module', 'Microdata for Google Shopping', 'Nginx', 'QUIC', 'SMC', 'Tailwind CSS', 'Thank You', 'UTF-8']"
beacprop.com,"Oakland, Berkeley, East Bay Apartments for Rent & Property Management",,USA,77,65067,2026-09-25T17:17:07.280525571Z,"['Alternate Protocol', 'Amazon CloudFront', 'AppFolio', 'AudioEye', 'Cisco/Arrowpoint Content Service Switch', 'CloudFront', 'Duda', 'Font Awesome', 'GZIP Module', 'Nginx', 'SMC', 'UTF-8']"
johnjdoerrerinc.com,John J Doerrer Inc | Septic System Contractor | Westbrook CT,,,67,66108,2026-09-25T16:39:28.47283318Z,"['Agoda', 'Alternate Protocol', 'Amazon', 'Amazon CloudFront', 'Amazon S3 CDN', 'AudioEye', 'BLR', 'CloudFront', 'DAV', 'Duda', 'Express', 'Facebook Login', 'Facebook Messenger Platform', 'Facebook Reseller', 'GZIP Module', 'Google Analytics', 'Google My Business', 'Google Related Website Sites', 'Google Tag Manager', 'IcoMoon', 'Instagram Follow Button', 'Line2', 'Microdata for Google Shopping', 'Nginx', 'Pico CSS', 'SMC', 'Schema Plugin', 'Storyblocks', 'Tumblr', 'Twitter Ads', 'UTF-8', 'jsDelivr']"
apelectrical.us,A Electrical Services | Electrician Services,A  Electrical Services,USA,82,55186,2026-09-25T15:54:55.856955812Z,"['Alternate Protocol', 'Apture Linking Platform', 'AudioEye', 'Better Lead Generation Services', 'EmbedPress', 'Express', 'Font Awesome', 'Google Analytics', 'Google Cloud DNS', 'Google Maps', 'Google My Business', 'Google Tag Manager', 'IcoMoon', 'LiteSpeed', 'Microdata for Google Shopping', 'NFOrce Internet', 'No-Q', 'PHP', 'QUIC', 'SMC', 'Theme In WP', 'UTF-8', 'WP Lightbox 2', 'WP jQuery Lightbox', 'WordPress', 'WordPress Multisite', 'jQuery', 'reCAPTCHA']"
chatelrealestate.com,"Home | Chatel Real Estate | Washington, D.C.",,MYS,82,68010,2026-09-25T15:19:55.065299168Z,"['Amazon CloudFront', 'AppFolio', 'AudioEye', 'CloudFront', 'Cornerstone', 'DAV', 'Duda', 'Font Awesome', 'FormSubmit', 'GZIP Module', 'Homeowners Association Software', 'Microdata for Google Shopping', 'Nginx', 'Podium', 'SMC', 'Tailwind CSS', 'Thank You', 'UTF-8']"
orlandofl.realestate,"Luxury Living in Orlando, Winter Park & Maitland | Schottenstein Group",,USA,77,52824,2026-09-25T15:08:49.909286368Z,"['Alternate Protocol', 'Amazon CloudFront', 'AudioEye', 'CloudFront', 'Duda', 'FormSubmit', 'GZIP Module', 'Get.realtor', 'Google Analytics', 'Google My Business', 'Google Related Website Sites', 'Google Tag Manager', 'Instagram Follow Button', 'Investor Relations', 'Microdata for Google Shopping', 'Nginx', 'Perl', 'QUIC', 'SMC', 'Styled Components', 'Tailwind CSS', 'Thank You', 'Twitter Ads', 'UTF-8', 'University or College', 'WordPress', 'YouTube']"
industriaboschivamantelloantonio.it,Industria Boschiva Mantello | leader legnami | Torre di Ruggiero CZ,,ITA,72,59412,2026-09-25T13:36:40.232891547Z,"['Amazon', 'Amazon CloudFront', 'Amazon S3 CDN', 'AudioEye', 'Azion', 'CloudFront', 'Cybot', 'Duda', 'Font Awesome', 'GZIP Module', 'Google Tag Manager', 'Italiaonline', 'Nginx', 'PagineGialle', 'SMC', 'Storyblocks', 'Tailwind CSS', 'UTF-8', 'jsDelivr']"
unclelounyc.com,Home - Uncle Lou,,USA,67,196255,2026-09-25T11:45:25.645528836Z,"['Alternate Protocol', 'Amazon', 'AudioEye', 'Cloudflare', 'Cloudflare CDN', 'Divi', 'DoubleClick Bid Manager', 'Elegant Themes', 'EmbedPress', 'GZIP Module', 'Google', 'Google Analytics', 'Google Cloud CDN', 'Google Cloud DNS', 'Google Font API', 'Google My Business', 'Google Tag Manager', 'Instagram Follow Button', 'Microdata for Google Shopping', 'Nginx', 'OpenTable', 'PHP', 'Perl', 'Resy', 'Salesforce Hosted', 'Storyblocks', 'The Fresh', 'Theme In WP', 'Twitter Ads', 'W3 Total Cache', 'Way', 'Woo Themes', 'WordPress', 'WordPress Multisite', 'Yelp Badge', 'YouTube', 'jQuery', 'jsDelivr']"
peperealty.com,"Pepe Realty I Real Estate | Shelton, CT",,USA,67,54920,2026-09-25T11:10:44.976161325Z,"['Amazon', 'Amazon CloudFront', 'Amazon S3 CDN', 'AudioEye', 'CloudFront', 'Duda', 'Facebook Login', 'Facebook Messenger Platform', 'Facebook Reseller', 'GZIP Module', 'Google Maps', 'Google My Business', 'Line2', 'Microdata for Google Shopping', 'Nginx', 'QUIC', 'SMC', 'Schema Plugin', 'Storyblocks', 'Twitter Ads', 'UTF-8']"
glorypointministries.org,"Glory Point | Worship Services | Indianapolis, IN",,USA,72,54920,2026-09-25T09:47:48.049596375Z,"['Alternate Protocol', 'Amazon', 'Amazon CloudFront', 'Amazon S3 CDN', 'AudioEye', 'CloudFront', 'Duda', 'Facebook Login', 'Facebook Messenger Platform', 'Facebook Reseller', 'GZIP Module', 'Givelify', 'Google Maps', 'Google My Business', 'Line2', 'Nginx', 'SMC', 'Storyblocks', 'UTF-8', 'YouTube']"
daltonupsstore.com,"International and Domestic Shipping Dalton, GA - The UPS Store",,,62,80250,2026-09-25T06:32:33.625337469Z,"['Alternate Protocol', 'Amazon', 'Amazon CloudFront', 'Amazon S3 CDN', 'AudioEye', 'CloudFront', 'Duda', 'Facebook Login', 'Facebook Messenger Platform', 'Facebook Reseller', 'GZIP Module', 'Google Maps', 'Google My Business', 'K2F', 'Line2', 'Microdata for Google Shopping', 'Nginx', 'No-Q', 'QUIC', 'SMC', 'Storyblocks', 'Tailwind CSS', 'UTF-8']"
exrrestorationandconstruction.com,Home | Oklahoma City Restoration & Construction,EXR Construction & Restoration,USA,77,51589,2026-09-25T04:38:36.39522588Z,"['Alternate Protocol', 'AudioEye', 'EmbedPress', 'Express', 'Google Analytics', 'Google Cloud DNS', 'Google Font API', 'Google Maps', 'LiteSpeed', 'Microdata for Google Shopping', 'PHP', 'SMC', 'Theme In WP', 'UTF-8', 'WP Lightbox 2', 'WordPress', 'WordPress Multisite', 'jQuery']"
economyheatandair.com,"Certified Expert HVAC Service Company in Roseville, CA",,AUS,82,52064,2026-09-25T04:27:50.169395869Z,"['Alternate Protocol', 'Amazon CloudFront', 'AudioEye', 'CloudFront', 'DAV', 'Duda', 'FormSubmit', 'GZIP Module', 'Google Analytics', 'Google My Business', 'Google Tag Manager', 'Microdata for Google Shopping', 'Nginx', 'Perl', 'SMC', 'Styled Components', 'Tailwind CSS', 'Thank You', 'UTF-8']"
flhgrp.com,Fox Lifestyle Hospitality Group,Fox Lifestyle Hospitality Group,USA,77,14580,2026-09-25T03:08:32.334837205Z,"['AJAX Libraries API', 'AudioEye', 'CDN JS', 'Cloudflare', 'Cloudflare CDN', 'Content Delivery Network', 'Fastly', 'GZIP Module', 'Google', 'Google Analytics', 'Google Cloud DNS', 'Google Font API', 'Google My Business', 'Google Tag Manager', 'Imgix', 'Microdata for Google Shopping', 'Resy', 'UTF-8', 'reCAPTCHA']"
gwentaxes.info,Gwen's Tax Services LLC | Tax Preparation Services,Gwen's Tax Services LLC,USA,77,69718,2026-09-25T02:50:37.24026842Z,"['AWS WAF Challenge', 'Alternate Protocol', 'Apture Linking Platform', 'AudioEye', 'EmbedPress', 'Express', 'Font Awesome', 'Google Analytics', 'Google Cloud DNS', 'Google Maps', 'Google My Business', 'Google Tag Manager', 'Instagram Follow Button', 'Microdata for Google Shopping', 'NFOrce Internet', 'Nginx', 'No-Q', 'PHP', 'SMC', 'Tailwind CSS', 'Theme In WP', 'UTF-8', 'WordPress', 'jQuery', 'reCAPTCHA']"
moltree.ca,"Home | Calgary Tree Removal, Tree Pruning and Tree Trimming",,CAN,77,51589,2026-09-25T02:20:23.033129708Z,"['Alternate Protocol', 'AudioEye', 'EmbedPress', 'Google Analytics', 'Google Cloud DNS', 'Google Maps', 'Google My Business', 'LiteSpeed', 'PHP', 'SMC', 'Theme In WP', 'UTF-8', 'WP Lightbox 2', 'WordPress', 'WordPress Multisite', 'jQuery']"
dragonmaster.org,Helping To Revolutionize Cancer Research & Treatment | Dragon Master Initiative,,,72,53114,2026-09-25T02:14:14.773227574Z,"['Alternate Protocol', 'Amazon CloudFront', 'AudioEye', 'CloudFront', 'DAV', 'Duda', 'FormSubmit', 'GZIP Module', 'Google Analytics', 'Google Related Website Sites', 'Google Tag Manager', 'InitiativeS', 'Instagram Follow Button', 'Microdata for Google Shopping', 'Nginx', 'No-Q', 'Perl', 'QUIC', 'SMC', 'Styled Components', 'Tailwind CSS', 'Thank You', 'Twitter Ads', 'UTF-8', 'YouTube']"
thewylieway.com,The Wylie Way - Wylie ISD,,USA,87,101355,2026-09-25T01:22:58.866483138Z,"['AWS WAF Challenge', 'AudioEye', 'Cisco/Arrowpoint Content Service Switch', 'Clever', 'Cloudflare', 'Cloudflare Web Analytics', 'Content Delivery Network', 'CrazyEgg', 'DAV', 'Financial Services Guide', 'Google Analytics', 'Google My Business', 'Google Related Website Sites', 'Google Tag Manager', 'IcoMoon', 'Instagram Follow Button', 'Naviance', 'PHP', 'ParentSquare', 'Ruby on Rails', 'SMC', 'Termly', 'Thank You', 'Twitter Ads', 'UTF-8', 'University or College', 'Weglot', 'WoWonder', 'YouTube']"
shastacabins.com,"Sugarloaf Cottages | Lake Resort | Lakehead, CA",,CUB,82,66108,2026-09-25T01:13:53.427932924Z,"['Alternate Protocol', 'Amazon', 'Amazon CloudFront', 'Amazon S3 CDN', 'AudioEye', 'BLR', 'CloudFront', 'DAV', 'Duda', 'Express', 'Facebook Login', 'Facebook Messenger Platform', 'Facebook Pixel', 'Facebook Reseller', 'Facebook Tag API', 'GZIP Module', 'Google My Business', 'Google Related Website Sites', 'IcoMoon', 'Instagram Follow Button', 'Line2', 'Microdata for Google Shopping', 'Nginx', 'SMC', 'Schema Plugin', 'Storyblocks', 'Subversion', 'Tailwind CSS', 'Tumblr', 'Twitter Ads', 'UTF-8', 'jsDelivr']"
rrpestcontrol.com,R&R Pest Control | Pest Control Services,R&R Pest Control,USA,77,55186,2026-09-25T00:36:26.338577466Z,"['Alternate Protocol', 'Apture Linking Platform', 'AudioEye', 'Better Lead Generation Services', 'EmbedPress', 'Express', 'Font Awesome', 'Google Analytics', 'Google Cloud DNS', 'Google Maps', 'Google My Business', 'Google Tag Manager', 'IcoMoon', 'Microdata for Google Shopping', 'NFOrce Internet', 'No-Q', 'PHP', 'Perl', 'SMC', 'Theme In WP', 'UTF-8', 'WP Lightbox 2', 'WP jQuery Lightbox', 'WordPress', 'WordPress Multisite', 'jQuery', 'reCAPTCHA']"
clearchoicepainting.ca,Clear Choice Painting | Commercial & Residential Painter,Clear Choice Painting,CAN,77,54748,2026-09-24T21:57:38.605413049Z,"['Alternate Protocol', 'Apture Linking Platform', 'AudioEye', 'Elfsight', 'EmbedPress', 'Font Awesome', 'Google Analytics', 'Google Cloud DNS', 'Google Font API', 'Google Maps', 'Google My Business', 'Google Tag Manager', 'Instagram Follow Button', 'LiteSpeed', 'Microdata for Google Shopping', 'NFOrce Internet', 'PHP', 'QUIC', 'SMC', 'Theme In WP', 'UTF-8', 'WordPress', 'WordPress Multisite', 'jQuery', 'reCAPTCHA']"
mqdesertridge.com,Home | IMT Desert Ridge | IMT Residential,IMT Residential,USA,82,79197,2026-09-24T21:51:20.40320718Z,"['AdRoll', 'Adobe Creative Cloud WebFonts', 'Alternate Protocol', 'Amazon', 'Amazon WAF Blocked', 'AudioEye', 'Bulma', 'CDN JS', 'CM Commerce', 'Cisco/Arrowpoint Content Service Switch', 'Cloudflare', 'Cloudflare CDN', 'Cloudflare Hosting', 'Cloudflare Insights', 'Content Delivery Network', 'DAV', 'EmbedPress', 'Engrain', 'Express', 'Fancybox for WordPress', 'Fastly', 'Google Analytics', 'Google Cloud DNS', 'Google Maps', 'Google My Business', 'Google Related Website Sites', 'Google Tag Manager', 'InitiativeS', 'Instagram Follow Button', 'Interchange', 'K2F', 'Microdata for Google Shopping', 'Neighborhoods', 'PHP', 'Parcel', 'Perl', 'Prospective', 'QUIC', 'RM Education', 'Rent Dynamics', 'Respage', 'SalesLoft', 'SightMap', 'Theme In WP', 'Twitter Ads', 'UTF-8', 'University or College', 'WordPress', 'WordPress Multisite', 'Yelp Badge', 'YouTube', 'jQuery', 'jsDelivr', 'reCAPTCHA']"
ctclosingattorneys.com,Closing Attorney New Haven | Law Office of Kirsten Mendillo,"Law Office of Kirsten Mendillo, LLC",GBR,82,83803,2026-09-24T21:51:20.39184836Z,"['Alternate Protocol', 'Amazon', 'Amazon CloudFront', 'Amazon S3 CDN', 'AudioEye', 'BLR', 'CloudFront', 'DAV', 'Duda', 'Facebook Login', 'Facebook Messenger Platform', 'Facebook Pixel', 'Facebook Reseller', 'Facebook Tag API', 'Fireblade', 'FormSubmit', 'GZIP Module', 'Google Analytics', 'Google My Business', 'Google Related Website Sites', 'Google Tag Manager', 'IcoMoon', 'Idaq', 'Line2', 'Microdata for Google Shopping', 'Nginx', 'Pico CSS', 'QUIC', 'SMC', 'Schema Plugin', 'Storyblocks', 'Tailwind CSS', 'Thank You', 'Tumblr', 'Twitter Ads', 'UTF-8', 'W3 Total Cache', 'iPromote', 'jsDelivr']"
casitassanleandro.com,"Home | Casitas Village | San Leandro, CA",,,67,59968,2026-09-24T21:51:20.365939434Z,"['AdRoll', 'Amazon CloudFront', 'AppFolio', 'AudioEye', 'CloudFront', 'Duda', 'GZIP Module', 'Google Analytics', 'Google My Business', 'Google Tag Manager', 'Microdata for Google Shopping', 'Nginx', 'QUIC', 'SMC', 'Tailwind CSS', 'UTF-8']"
mastercrafthardwood.com,"Hardwood Sparks, NV | Mastercraft Hardwood Lumber Inc",,USA,77,66108,2026-09-24T20:33:59.62436355Z,"['Alternate Protocol', 'Amazon', 'Amazon CloudFront', 'Amazon S3 CDN', 'AudioEye', 'BLR', 'CloudFront', 'DAV', 'Duda', 'Express', 'Facebook Login', 'Facebook Messenger Platform', 'Facebook Pixel', 'Facebook Reseller', 'Facebook Tag API', 'GZIP Module', 'Google Analytics', 'Google My Business', 'Google Related Website Sites', 'Google Tag Manager', 'IcoMoon', 'Instagram Follow Button', 'Line2', 'Microdata for Google Shopping', 'Nginx', 'Pico CSS', 'SMC', 'Schema Plugin', 'Storyblocks', 'Subversion', 'Tailwind CSS', 'Tumblr', 'Twitter Ads', 'UTF-8', 'jsDelivr']"
ricciardiautobody.com,Ricciardi Auto Body Inc. | Auto Body Repair | Drexel Hill PA,,,57,16281,2026-09-24T20:33:59.623970098Z,"['Amazon', 'Amazon CloudFront', 'Amazon S3 CDN', 'AudioEye', 'CloudFront', 'Duda', 'Facebook Login', 'Facebook Messenger Platform', 'Facebook Reseller', 'GZIP Module', 'Google Maps', 'Google My Business', 'Line2', 'Nginx', 'SMC', 'Storyblocks', 'UTF-8']"
dldbookkeepingmn.com,"DLD Bookkeeping Solutions | Accounting | Crystal, MN",,,62,99920,2026-09-24T20:33:59.621284984Z,"['Amazon', 'Amazon CloudFront', 'Amazon S3 CDN', 'AudioEye', 'Bing Cashback', 'Bing Conversion Tracking', 'CloudFront', 'DAV', 'Duda', 'Facebook Embedded Posts', 'Facebook Login', 'Facebook Messenger Platform', 'Facebook Pixel', 'Facebook Reseller', 'Facebook Tag API', 'Financial Services Guide', 'GZIP Module', 'Google Maps', 'Google My Business', 'K2F', 'KVH', 'Line2', 'Nginx', 'QUIC', 'SMC', 'Storyblocks', 'Subversion', 'UTF-8', 'iPromote']"
townhomesatfontaine.com,Townhomes and Apartments for Rent in Lexington,,,62,60688,2026-09-24T20:24:17.276897129Z,"['Alternate Protocol', 'Amazon CloudFront', 'AppFolio', 'AudioEye', 'CloudFront', 'Duda', 'GZIP Module', 'Google Related Website Sites', 'Nginx', 'SMC', 'Tailwind CSS', 'UTF-8']"
skeltonsplumbing.com,Plumbing Near Me | Skelton's Plumbing,Skelton's Plumbing,,77,55736,2026-09-24T19:36:02.75116108Z,"['Amazon', 'Amazon CloudFront', 'Amazon S3 CDN', 'AudioEye', 'Bing Cashback', 'CloudFront', 'Duda', 'Express', 'Facebook Login', 'Facebook Messenger Platform', 'Facebook Reseller', 'FormSubmit', 'GZIP Module', 'Google Maps', 'Google My Business', 'Google Related Website Sites', 'Line2', 'Microdata for Google Shopping', 'Nginx', 'Pico CSS', 'SMC', 'Storyblocks', 'Tailwind CSS', 'UTF-8']"
missouridemocrats.us,Missouri Democrats,,,67,52688,2026-09-24T19:28:37.853403081Z,"['Alternate Protocol', 'Amazon CloudFront', 'AudioEye', 'CloudFront', 'Duda', 'GZIP Module', 'Google Related Website Sites', 'Google Tag Manager', 'Instagram Follow Button', 'Microdata for Google Shopping', 'Nginx', 'QUIC', 'SMC', 'Tailwind CSS', 'Twitter Ads', 'UTF-8', 'YouTube']"
greenfieldpm.com,Greenfield Property Management | Home,,,62,137561,2026-09-24T18:25:07.523415395Z,"['Amazon CloudFront', 'AudioEye', 'Bookeo', 'CloudFront', 'Duda', 'Financial Services Guide', 'Font Awesome', 'GZIP Module', 'K2F', 'KVH', 'Nginx', 'ON24', 'SMC', 'Subversion', 'Tailwind CSS', 'Twitter Ads', 'UTF-8']"
patriotharley.com,Patriot Harley-Davidson | Fairfax VA | Harley® Dealer | Patriot Harley-Davidson®,,,77,133878,2026-09-24T18:12:48.171494433Z,"['Amazon', 'Amazon CloudFront', 'Apache', 'AudioEye', 'CloudFront', 'DAV', 'GZIP Module', 'Google Analytics', 'Google Maps', 'Google My Business', 'Google Tag Manager', 'Material Design Icons', 'Matomo', 'Matomo Tag Manager', 'Microdata for Google Shopping', 'Microsoft Clarity', 'QUIC', 'SMC', 'Schema Plugin', 'Tealium', 'UTF-8', 'accessiBe', 'jQuery', 'reCAPTCHA']"
gotchacoveredtexas.com,"GOTCHA COVERED! | RV and Boat Storage | Weatherford, TX",,,62,54920,2026-09-24T16:58:41.312329298Z,"['Amazon', 'Amazon CloudFront', 'Amazon S3 CDN', 'AudioEye', 'CloudFront', 'Duda', 'Facebook Login', 'Facebook Messenger Platform', 'Facebook Reseller', 'GZIP Module', 'Google Maps', 'Google My Business', 'Line2', 'Nginx', 'SMC', 'Storyblocks', 'UTF-8']"
crawfordshvac.com,"Crawford’s Heating and Cooling – HVAC Systems | St. Roberts, MO",,,67,95250,2026-09-24T16:58:41.312138129Z,"['Alternate Protocol', 'Amazon', 'Amazon CloudFront', 'Amazon S3 CDN', 'AudioEye', 'CloudFront', 'Duda', 'Facebook Login', 'Facebook Messenger Platform', 'Facebook Reseller', 'Fireblade', 'GZIP Module', 'K2F', 'Line2', 'Microdata for Google Shopping', 'Nginx', 'No-Q', 'QUIC', 'SMC', 'Schema Plugin', 'Storyblocks', 'Tailwind CSS', 'Twitter Ads', 'UTF-8']"
spanishmeadowsapts.com,Home | Spanish Meadows Apartments | TX,,USA,77,60064,2026-09-24T16:46:37.493405473Z,"['Amazon CloudFront', 'AppFolio', 'AudioEye', 'CloudFront', 'DAV', 'Duda', 'FormSubmit', 'GZIP Module', 'Instagram Follow Button', 'Microdata for Google Shopping', 'Nginx', 'QUIC', 'SMC', 'Tailwind CSS', 'Thank You', 'UTF-8', 'University or College']"
autoexpresstowing.ca,Auto Express Tire & Towing Services Ltd. | Towing Services,Auto Express Tire & Towing Services Ltd.,CAN,77,54388,2026-09-24T14:22:11.167675299Z,"['Alternate Protocol', 'Apture Linking Platform', 'AudioEye', 'DAV', 'EmbedPress', 'Express', 'Font Awesome', 'Google Analytics', 'Google Cloud DNS', 'Google Font API', 'Google Maps', 'Google My Business', 'Microdata for Google Shopping', 'NFOrce Internet', 'PHP', 'QUIC', 'SMC', 'Theme In WP', 'UTF-8', 'WordPress', 'jQuery', 'reCAPTCHA']"
fullrangesolutions.com,"Home | Roxboro, Raleigh and Atlanta Shooting Range Bullet Reclamation, Lead Metal Reclamation Services and Bullet Trap Services",Full Range Solutions LLC,USA,77,59707,2026-09-24T14:07:07.944549749Z,"['Alternate Protocol', 'AudioEye', 'EmbedPress', 'Express', 'Font Awesome', 'FreeCSSTemplates', 'Google Analytics', 'Google Cloud DNS', 'Google Font API', 'Google Maps', 'Google My Business', 'Google Tag Manager', 'Microdata for Google Shopping', 'Nginx', 'No-Q', 'PHP', 'RM Education', 'SMC', 'Site Reviews for Wordpress', 'Theme In WP', 'UTF-8', 'WP Lightbox 2', 'WP jQuery Lightbox', 'WordPress', 'WordPress Multisite', 'jQuery']"
schreiber-properties.com,"Apartments for Rent | Schreiber Properties - Manhattan, New York",,USA,67,60067,2026-09-24T14:02:49.554130145Z,"['Alternate Protocol', 'Amazon CloudFront', 'AppFolio', 'AudioEye', 'CloudFront', 'Duda', 'Express', 'Font Awesome', 'GZIP Module', 'Nginx', 'SMC', 'UTF-8']"
receivingwelcome.com,"Storage Facility Palm Springs, CA",S&D Receiving & Installation Warehouse,ZAF,82,86303,2026-09-24T10:27:10.507070945Z,"['Alternate Protocol', 'Amazon', 'Amazon CloudFront', 'Amazon S3 CDN', 'AudioEye', 'BLR', 'CloudFront', 'DAV', 'DC74', 'Duda', 'Express', 'Facebook Login', 'Facebook Messenger Platform', 'Facebook Pixel', 'Facebook Reseller', 'Facebook Tag API', 'Fireblade', 'FormSubmit', 'GZIP Module', 'Google Analytics', 'Google My Business', 'Google Related Website Sites', 'Google Tag Manager', 'IcoMoon', 'Instagram Follow Button', 'Line2', 'Microdata for Google Shopping', 'Nginx', 'Perl', 'Pico CSS', 'SMC', 'Schema Plugin', 'Storyblocks', 'Styled Components', 'Tailwind CSS', 'Thank You', 'Tumblr', 'Twitter Ads', 'UTF-8', 'W3 Total Cache', 'jsDelivr']"
subitomusicstudiosctpa.com,"Music Lessons in Cranberry Township, PA | Subito Music Studios",Subito Music Studios,GBR,82,55736,2026-09-24T10:16:58.070172341Z,"['Amazon', 'Amazon CloudFront', 'Amazon S3 CDN', 'AudioEye', 'CloudFront', 'Duda', 'Facebook Login', 'Facebook Messenger Platform', 'Facebook Reseller', 'FormSubmit', 'GZIP Module', 'Google Maps', 'Google My Business', 'Google Related Website Sites', 'Instagram Follow Button', 'Line2', 'Microdata for Google Shopping', 'Nginx', 'Pico CSS', 'SMC', 'Storyblocks', 'Tailwind CSS', 'UTF-8']"
metropolitanorthodontics.com,"Metropolitan Orthodontics | Orthodontist located in Fairfax, VA",,,92,77738,2026-09-24T10:10:08.227937969Z,"['Amazon', 'Amazon CloudFront', 'Amazon Route 53', 'AudioEye', 'CloudFront', 'Content Delivery Network', 'Fastly', 'GZIP Module', 'Google', 'Google Analytics', 'Google Cloud CDN', 'Google Cloud DNS', 'Google Font API', 'Google Maps', 'Google My Business', 'Google Related Website Sites', 'Google Tag Manager', 'Instagram Follow Button', 'Microdata for Google Shopping', 'Netlify', 'Parcel', 'PatientPop', 'SMC', 'Tebra', 'University or College']"
oconeecountyga.gov,"Oconee County, GA | Official Website",,,55,33751,2026-09-24T10:07:01.976670544Z,"['Apture Linking Platform', 'AudioEye', 'AutoComplete', 'CivicPlus', 'ETranslate', 'Fireblade', 'GTranslate', 'GZIP Module', 'Google Analytics', 'Google Cloud DNS', 'Google Font API', 'Google My Business', 'Google Tag Manager', 'Interchange', 'Material-UI', 'Microsoft Azure', 'QUIC', 'SMC', 'SiteW', 'UTF-8', 'University or College', 'Visual Studio', 'YouTube', 'jQuery']"
thehousepm.com,"Home | House PM | Orange County, CA",,USA,82,105394,2026-09-24T10:07:01.954074847Z,"['Alternate Protocol', 'Amazon CloudFront', 'AppFolio', 'AudioEye', 'CloudFront', 'DAV', 'Duda', 'Financial Services Guide', 'FormSubmit', 'GZIP Module', 'K2F', 'KVH', 'Microdata for Google Shopping', 'Nginx', 'No-Q', 'Perl', 'QUIC', 'SMC', 'Subversion', 'Tailwind CSS', 'Thank You', 'UTF-8']"
wellnesscareclinicil.com,"Wellness Care Clinic | Family Medicine & Weight Loss located in Swansea, IL",,GBR,77,77738,2026-09-24T09:51:58.495737115Z,"['Amazon', 'Amazon CloudFront', 'Amazon Route 53', 'Apture Linking Platform', 'AudioEye', 'CloudFront', 'Content Delivery Network', 'Express', 'Fastly', 'GZIP Module', 'GitHub Hosting', 'Google', 'Google Analytics', 'Google Cloud CDN', 'Google Cloud DNS', 'Google Font API', 'Google Maps', 'Google My Business', 'Google Related Website Sites', 'Google Tag Manager', 'Kareo', 'Microdata for Google Shopping', 'Netlify', 'Parcel', 'PatientPop', 'SMC']"
imperialtowingtampafl.com,Imperial Towing Inc | Cash For Junk Cars,Imperial Towing Inc,USA,77,54388,2026-09-24T09:49:16.187268598Z,"['AJAX Libraries API', 'Alternate Protocol', 'Apture Linking Platform', 'AudioEye', 'DAV', 'EmbedPress', 'Font Awesome', 'Google Analytics', 'Google Cloud DNS', 'Google Maps', 'Google My Business', 'Google Tag Manager', 'Instagram Follow Button', 'Microdata for Google Shopping', 'NFOrce Internet', 'PHP', 'QUIC', 'SMC', 'Theme In WP', 'UTF-8', 'WordPress', 'WordPress Multisite', 'jQuery', 'reCAPTCHA']"
associatesinderm.com,"Associates In Dermatology | Dermatology & Mohs Surgery Specialists located in Fort Myers, Cape Coral and Punta Gorda, FL",,USA,92,85338,2026-09-24T09:11:43.689318629Z,"['Amazon', 'Amazon CloudFront', 'Amazon Route 53', 'Apture Linking Platform', 'AudioEye', 'CloudFront', 'Content Delivery Network', 'DAV', 'Express', 'Fastly', 'GZIP Module', 'GitHub Hosting', 'Google', 'Google Analytics', 'Google Cloud CDN', 'Google Cloud DNS', 'Google Font API', 'Google Maps', 'Google My Business', 'Google Related Website Sites', 'Google Tag Manager', 'Microdata for Google Shopping', 'Netlify', 'Parcel', 'PatientPop', 'Perl', 'QUIC', 'RM Education', 'SMC', 'Tebra']"
stevensapplianceok.com,"Dale Stevens Appliance Sales & Service | Midwest City, OK",,,57,16494,2026-09-24T09:04:28.233350514Z,"['Amazon', 'Amazon CloudFront', 'Amazon S3 CDN', 'Aruba', 'AudioEye', 'CloudFront', 'DAV', 'Duda', 'Express', 'Facebook Login', 'Facebook Messenger Platform', 'Facebook Reseller', 'Financial Services Guide', 'GZIP Module', 'Line2', 'Nginx', 'No-Q', 'Perl', 'QUIC', 'SMC', 'Storyblocks', 'Subversion', 'UTF-8']"
plantationshuttersdenver.com,"Stylish & Durable Shutters for Parker, Co Homes | Light & Privacy Control",,USA,72,57688,2026-09-24T08:48:52.643004615Z,"['Alternate Protocol', 'Amazon CloudFront', 'AudioEye', 'Broadly', 'CloudFront', 'Duda', 'GZIP Module', 'Google Analytics', 'Google Maps', 'Google My Business', 'Google Related Website Sites', 'Google Tag Manager', 'Nginx', 'QUIC', 'SMC', 'Tailwind CSS', 'UTF-8', 'Yelp Badge']"
mangiakitchenme.com,Mangia Kitchen Maine - Homepage,,USA,72,52688,2026-09-24T06:54:28.738951396Z,"['Amazon CloudFront', 'AudioEye', 'CloudFront', 'Duda', 'Express', 'GZIP Module', 'Google Analytics', 'Google Maps', 'Google My Business', 'Google Related Website Sites', 'Google Tag Manager', 'Instagram Follow Button', 'Nginx', 'SMC', 'Tailwind CSS', 'UTF-8']"
palefaceheatingandair.com,Paleface Comfort Services | HVAC Contractor,Paleface Comfort Services,USA,82,56788,2026-09-24T06:45:35.632196924Z,"['Alternate Protocol', 'Apture Linking Platform', 'AudioEye', 'EmbedPress', 'Express', 'Font Awesome', 'Google', 'Google Analytics', 'Google Cloud DNS', 'Google Font API', 'Google Maps', 'Google My Business', 'Google Tag Manager', 'Microdata for Google Shopping', 'NFOrce Internet', 'Nginx', 'PHP', 'SMC', 'Theme In WP', 'UTF-8', 'WordPress', 'WordPress Multisite', 'jQuery', 'reCAPTCHA']"
harcourtinternationalllc.com,Harcourt International LLC | General Contractor,Harcourt International LLC,USA,77,54388,2026-09-24T06:42:04.255426782Z,"['Alternate Protocol', 'Apture Linking Platform', 'AudioEye', 'EmbedPress', 'Font Awesome', 'Google Analytics', 'Google Cloud DNS', 'Google Font API', 'Google Maps', 'Google My Business', 'Microdata for Google Shopping', 'NFOrce Internet', 'PHP', 'SMC', 'Theme In WP', 'UTF-8', 'WordPress', 'WordPress Multisite', 'jQuery', 'reCAPTCHA']"
jpcontractingpro.com,J&P Contracting LLC | General Contractor,J&P Contracting LLC,USA,77,57256,2026-09-24T06:42:04.251860258Z,"['Alternate Protocol', 'Apture Linking Platform', 'AudioEye', 'EmbedPress', 'Express', 'Font Awesome', 'Google', 'Google Analytics', 'Google Cloud DNS', 'Google Font API', 'Google Maps', 'Google My Business', 'Google Tag Manager', 'IcoMoon', 'Microdata for Google Shopping', 'NFOrce Internet', 'Nginx', 'PHP', 'SMC', 'Tailwind CSS', 'Theme In WP', 'UTF-8', 'WordPress', 'WordPress Multisite', 'jQuery', 'reCAPTCHA']"
wolffhomeinspections.com,"Wolff Home Inspections | Home Inspections | New Haven And More, CT",,USA,70,55612,2026-09-24T06:09:55.168605053Z,"['Alternate Protocol', 'Amazon WAF Blocked', 'Apture Linking Platform', 'AudioEye', 'Content Delivery Network', 'Divi', 'Elegant Themes', 'EmbedPress', 'Google', 'Google Analytics', 'Google Cloud CDN', 'Google My Business', 'Google Tag Manager', 'Instagram Follow Button', 'Investor Relations', 'Nginx', 'PHP', 'Popup Maker for Wordpress', 'SMC', 'Theme In WP', 'UTF-8', 'WP Rocket', 'Woo Themes', 'WordPress', 'WordPress Multisite', 'eLand', 'jQuery', 'reCAPTCHA']"
visitpsionline.com,Financial Services | PSI Capital Management | PA,,,82,67394,2026-09-24T05:41:41.076261367Z,"['Alternate Protocol', 'Amazon CloudFront', 'AudioEye', 'CloudFront', 'Duda', 'Financial Industry Regulatory Authority', 'Fireblade', 'FormSubmit', 'GZIP Module', 'Google Analytics', 'Google Tag Manager', 'Microdata for Google Shopping', 'Nginx', 'No-Q', 'QUIC', 'SMC', 'Tailwind CSS', 'Thank You', 'Twitter Ads', 'UTF-8']"
southbrookeapartments.com,Fresh Apartment Living - Southbrooke Apartments Home,,NOR,82,80103,2026-09-24T05:41:41.070039354Z,"['Alternate Protocol', 'Amazon CloudFront', 'AppFolio', 'AudioEye', 'CloudFront', 'Coming Soon Page', 'Duda', 'Facebook Conversion Tracking', 'Facebook Login', 'Facebook Messenger Platform', 'Facebook Pixel', 'Facebook Reseller', 'Facebook Tag API', 'FormSubmit', 'GZIP Module', 'Google Tag Manager', 'KVH', 'Microdata for Google Shopping', 'Microsoft Clarity', 'Nginx', 'QUIC', 'SMC', 'Tailwind CSS', 'Thank You', 'UTF-8']"
isawyertree.com,"Professional Tree Trimming & Removal in Bryant, Arkansas | Jedidiah Sawyer Tree Service",,ZAF,82,165324,2026-09-24T05:34:43.375846566Z,"['AAPT', 'Adult Content', 'Amazon CloudFront', 'AudioEye', 'CallRail', 'CloudFront', 'DAV', 'Duda', 'Federal Deposit Insurance Corporation', 'Financial Services Guide', 'GZIP Module', 'Google Analytics', 'Google My Business', 'Google Tag Manager', 'HMDG', 'Hexo', 'Idaq', 'K2F', 'KVH', 'Microdata for Google Shopping', 'Nginx', 'No-Q', 'Onyx Internet', 'Perl', 'Phew', 'QUIC', 'SMC', 'Silicon Valley Web Hosting', 'Subversion', 'Tailwind CSS', 'The Trade Desk Direct', 'UTF-8', 'Yelp Badge', 'Zope']"
rollinghillsdurham.com,"Home | Rolling Hills Apartments | Durham, North Carolina",,USA,72,60064,2026-09-24T04:35:48.443272098Z,"['Adult Content', 'Amazon CloudFront', 'AppFolio', 'AudioEye', 'CloudFront', 'Duda', 'FormSubmit', 'GZIP Module', 'Nginx', 'SMC', 'Tailwind CSS', 'Thank You', 'UTF-8']"
comfortcremationcenter.com,Comfort Cremation Center | Direct Cremation starting at $995,,USA,82,53928,2026-09-24T03:09:19.592688537Z,"['AJAX Libraries API', 'Alternate Protocol', 'Amazon CloudFront', 'AudioEye', 'CDN JS', 'Call to Visit', 'CloudFront', 'Cloudflare', 'Cloudflare CDN', 'DAV', 'Duda', 'GZIP Module', 'Google Analytics', 'Google Cloud DNS', 'Google My Business', 'Google Related Website Sites', 'Google Tag Manager', 'Microdata for Google Shopping', 'Nginx', 'Perl', 'SMC', 'Tailwind CSS', 'UTF-8']"
mhdsouthstorage.com,"South Moorhead Storage | Self Storage | Moorhead, MN",,USA,77,56420,2026-09-24T01:36:57.03240304Z,"['Amazon', 'Amazon CloudFront', 'Amazon S3 CDN', 'AudioEye', 'Bing Cashback', 'Bing Conversion Tracking', 'CloudFront', 'DoubleClick Bid Manager', 'Duda', 'Facebook Embedded Posts', 'Facebook Login', 'Facebook Messenger Platform', 'Facebook Reseller', 'GZIP Module', 'Google Flights Conversion Tracking', 'Google Maps', 'Google My Business', 'Line2', 'Nginx', 'Pico CSS', 'SMC', 'Storyblocks', 'Tailwind CSS', 'UTF-8', 'Yellow Book']"
hfchealthcenter.com,Home | HFC Occupational Health Center LLC,HFC Occupational Health Center LLC,USA,77,59133,2026-09-24T01:36:57.032878708Z,"['Alternate Protocol', 'Apture Linking Platform', 'AudioEye', 'Birdeye', 'EmbedPress', 'Font Awesome', 'FreeCSSTemplates', 'Google Analytics', 'Google Cloud DNS', 'Google Maps', 'Google My Business', 'Google Tag Manager', 'IcoMoon', 'Instagram Follow Button', 'Microdata for Google Shopping', 'NFOrce Internet', 'Nginx', 'PHP', 'SMC', 'Site Reviews for Wordpress', 'Tailwind CSS', 'Theme In WP', 'UTF-8', 'WordPress', 'WordPress Multisite', 'jQuery', 'reCAPTCHA']"
arklatexpowercleaning.com,Ark La Tex Power Cleaning | Kitchen Cleaner Bossier City LA,,USA,72,74920,2026-09-24T01:36:57.015612117Z,"['Amazon', 'Amazon CloudFront', 'Amazon S3 CDN', 'AudioEye', 'CloudFront', 'DAV', 'Duda', 'Express', 'Facebook Login', 'Facebook Messenger Platform', 'Facebook Reseller', 'GZIP Module', 'Gambling Content', 'Google Maps', 'Google My Business', 'KVH', 'Line2', 'Microdata for Google Shopping', 'Nginx', 'QUIC', 'SMC', 'Schema Plugin', 'Storyblocks', 'Subversion', 'UTF-8']"
eliteroofingprosinmadison.com,Elite Roofing Pros LLC | Roofing Services,Elite Roofing Pros LLC,USA,82,54945,2026-09-24T01:18:17.307912988Z,"['AJAX Libraries API', 'Alternate Protocol', 'Apture Linking Platform', 'AudioEye', 'EmbedPress', 'Font Awesome', 'Google Analytics', 'Google Cloud DNS', 'Google Maps', 'Google My Business', 'Google Tag Manager', 'IcoMoon', 'Instagram Follow Button', 'Microdata for Google Shopping', 'NFOrce Internet', 'PHP', 'QUIC', 'SMC', 'Site Reviews for Wordpress', 'Theme In WP', 'UTF-8', 'WP Lightbox 2', 'WP jQuery Lightbox', 'WordPress', 'WordPress Multisite', 'jQuery', 'reCAPTCHA']"
mayslandingapartments.com,Home | May's Landing Apartments | OR,,,67,60064,2026-09-24T00:42:11.345814901Z,"['Amazon CloudFront', 'AppFolio', 'AudioEye', 'CloudFront', 'DAV', 'Duda', 'FormSubmit', 'GZIP Module', 'Microdata for Google Shopping', 'Nginx', 'Perl', 'QUIC', 'SMC', 'Styled Components', 'Tailwind CSS', 'Thank You', 'UTF-8', 'University or College', 'YouTube']"
snhfrenchantiquesco.com,"Antique Store in Littleton, CO | SNH French Antiques & Collectibles",SNH French Antiques & Collectibles,USA,82,58236,2026-09-23T23:53:10.203543818Z,"['Alternate Protocol', 'Amazon', 'Amazon CloudFront', 'Amazon S3 CDN', 'AudioEye', 'CloudFront', 'Duda', 'Express', 'Facebook Login', 'Facebook Messenger Platform', 'Facebook Reseller', 'FormSubmit', 'GZIP Module', 'Google Analytics', 'Google Maps', 'Google My Business', 'Google Related Website Sites', 'Google Tag Manager', 'Idaq', 'Line2', 'Microdata for Google Shopping', 'Nginx', 'Pico CSS', 'SMC', 'Storyblocks', 'Tailwind CSS', 'UTF-8']"
columbusrealtyadvisors.com,"Columbus, OH, Rental Homes and Property Management Services",,USA,72,80304,2026-09-23T22:48:05.304295571Z,"['Alternate Protocol', 'Amazon CloudFront', 'AppFolio', 'AudioEye', 'CloudFront', 'Duda', 'Financial Services Guide', 'FormSubmit', 'GZIP Module', 'IPFS', 'KVH', 'Nginx', 'QUIC', 'SMC', 'Tailwind CSS', 'Thank You', 'UTF-8']"
lincolnbenefittrust.org,Lincoln Benefit Trust (LBT),,,62,77800,2026-09-23T22:00:05.212323351Z,"['AWS WAF Challenge', 'AudioEye', 'BoardDocs', 'Cloudflare', 'Cloudflare Web Analytics', 'Content Delivery Network', 'DAV', 'Google', 'Google Analytics', 'Google Cloud DNS', 'Google Font API', 'Google My Business', 'Google Tag Manager', 'InitiativeS', 'PHP', 'Ruby on Rails', 'SMC', 'Twitter Ads', 'UTF-8', 'Weglot', 'YouTube']"
samechanicalltd.com,SA Mechanical Heating and Cooling Ltd | HVAC Contractor,SA Mechanical Heating and Cooling Ltd,CAN,82,54718,2026-09-23T21:50:50.494487781Z,"['Alternate Protocol', 'Apture Linking Platform', 'AudioEye', 'EmbedPress', 'Font Awesome', 'Google Cloud DNS', 'Google Maps', 'Google My Business', 'Instagram Follow Button', 'Microdata for Google Shopping', 'NFOrce Internet', 'No-Q', 'PHP', 'SMC', 'Theme In WP', 'UTF-8', 'WordPress', 'WordPress Multisite', 'jQuery', 'reCAPTCHA']"
drainriteseamlessgutters.com,Drain Rite Seamless Gutters Inc | Custom Gutters Highlands,,USA,72,54920,2026-09-23T21:28:13.369668184Z,"['Amazon', 'Amazon CloudFront', 'Amazon S3 CDN', 'AudioEye', 'Bing Cashback', 'Bing Conversion Tracking', 'CloudFront', 'Duda', 'Express', 'Facebook Login', 'Facebook Messenger Platform', 'Facebook Reseller', 'GZIP Module', 'Google Analytics', 'Google Tag Manager', 'Line2', 'Microdata for Google Shopping', 'Nginx', 'QUIC', 'SMC', 'Schema Plugin', 'Storyblocks', 'UTF-8', 'iPromote']"
lindasusanarms24.com,"Home | Linda Susan Arms | Toledo, OH",,,67,60064,2026-09-23T20:43:07.935713487Z,"['Amazon CloudFront', 'AppFolio', 'AudioEye', 'CloudFront', 'Duda', 'FormSubmit', 'GZIP Module', 'Microdata for Google Shopping', 'Nginx', 'QUIC', 'SMC', 'Tailwind CSS', 'Thank You', 'UTF-8', 'University or College']"
williamscountysheriff.com,"Sheriff | Williams County, OH",,,62,84100,2026-09-23T19:27:12.877311185Z,"['Apture Linking Platform', 'AudioEye', 'AutoComplete', 'CivicPlus', 'GZIP Module', 'Google Analytics', 'Google Cloud DNS', 'Google Font API', 'Google Related Website Sites', 'Google Tag Manager', 'Material-UI', 'Microsoft Azure', 'Microsoft IIS', 'Monsido', 'QUIC', 'SMC', 'SiteW', 'Tailwind CSS', 'UTF-8', 'University or College', 'Visual Studio']"
advancedintegratedbodywork.com,"Advanced Integrated Bodywork | Massage | Chico, CA",,USA,67,54920,2026-09-23T18:32:34.254475764Z,"['Amazon', 'Amazon CloudFront', 'Amazon S3 CDN', 'AudioEye', 'CloudFront', 'Duda', 'Express', 'Facebook Login', 'Facebook Messenger Platform', 'Facebook Reseller', 'GZIP Module', 'Google Maps', 'Google My Business', 'Line2', 'Nginx', 'Pico CSS', 'SMC', 'Storyblocks', 'UTF-8']"
bigueur.realtor,Bigueur Realty Group Inc - Trusted Real Estate Services,,USA,77,69363,2026-09-23T18:15:00.900404405Z,"['AWS WAF Challenge', 'Alternate Protocol', 'Amazon CloudFront', 'AudioEye', 'Cloud CMA', 'CloudFront', 'Coming Soon Page', 'DAV', 'Duda', 'Ethy', 'FormSubmit', 'GZIP Module', 'Get.realtor', 'IDX Broker', 'Instagram Follow Button', 'Microdata for Google Shopping', 'Neighborhoods', 'Nginx', 'Perl', 'SMC', 'Styled Components', 'Tailwind CSS', 'Thank You', 'Twitter Ads', 'UTF-8']"
tobinosterberg.realtor,Tobin Osterberg | tobinosterberg.realtor,,,82,82104,2026-09-23T17:18:29.77356727Z,"['AWS WAF Challenge', 'Alternate Protocol', 'Amazon CloudFront', 'AudioEye', 'CloudFront', 'Duda', 'Fireblade', 'FormSubmit', 'GZIP Module', 'Get.realtor', 'Instagram Follow Button', 'Microdata for Google Shopping', 'Neighborhoods', 'Nginx', 'Perl', 'SMC', 'Tailwind CSS', 'Thank You', 'UTF-8']"
hpgvictoria.ca,Henderson Plumbing And Gas | Plumbing Services,Henderson Plumbing And Gas,CAN,77,55186,2026-09-23T16:48:51.051812638Z,"['Alternate Protocol', 'Apture Linking Platform', 'AudioEye', 'Better Lead Generation Services', 'EmbedPress', 'Font Awesome', 'Google Analytics', 'Google Cloud DNS', 'Google Maps', 'Google My Business', 'Google Tag Manager', 'IcoMoon', 'Microdata for Google Shopping', 'NFOrce Internet', 'No-Q', 'PHP', 'SMC', 'Theme In WP', 'UTF-8', 'WordPress', 'WordPress Multisite', 'jQuery', 'reCAPTCHA']"
wellpathnp.com,"WellPathNP | Functional & Integrative Medicine located in Cumberland Foreside, ME",,USA,77,77738,2026-09-23T14:49:26.151126341Z,"['Amazon', 'Amazon CloudFront', 'Amazon Route 53', 'AudioEye', 'CloudFront', 'Content Delivery Network', 'Fastly', 'Fullscript', 'GZIP Module', 'Google', 'Google Analytics', 'Google Cloud CDN', 'Google Cloud DNS', 'Google Font API', 'Google Maps', 'Google My Business', 'Google Related Website Sites', 'Google Tag Manager', 'Microdata for Google Shopping', 'Netlify', 'Parcel', 'PatientPop', 'SMC', 'Tebra']"
thefinleydowntown.com,Welcome Home | The Finley at Downtown Searcy | Arkansas,,,67,60307,2026-09-23T14:25:32.666264623Z,"['Alternate Protocol', 'Amazon CloudFront', 'AppFolio', 'AudioEye', 'CloudFront', 'Duda', 'Font Awesome', 'GZIP Module', 'Nginx', 'SMC', 'Tailwind CSS', 'UTF-8', 'University or College', 'Vimeo']"
mywellnesspsychiatry.com,"My Wellness Psychiatry, LLC | Psychiatric Mental Health Nurse Practitioners located in Deerfield Beach, FL",,USA,92,77978,2026-09-23T14:01:25.060639961Z,"['Amazon', 'Amazon CloudFront', 'Amazon Route 53', 'AudioEye', 'CloudFront', 'Content Delivery Network', 'Fastly', 'GZIP Module', 'Google', 'Google Analytics', 'Google Cloud CDN', 'Google Cloud DNS', 'Google Font API', 'Google Maps', 'Google My Business', 'Google Related Website Sites', 'Google Tag Manager', 'IPFS', 'Instagram Follow Button', 'Microdata for Google Shopping', 'Netlify', 'Parcel', 'PatientPop', 'QUIC', 'SMC', 'Tebra', 'YouTube']"
financialservicesevergreen.com,"investments and insurance office in Evergreen, CO | Huff Insurance & Financial Services",Huff Insurance & Financial Services,USA,82,75016,2026-09-23T13:33:53.00548282Z,"['Alternate Protocol', 'Amazon', 'Amazon CloudFront', 'Amazon S3 CDN', 'AudioEye', 'CloudFront', 'Duda', 'Express', 'Facebook Login', 'Facebook Messenger Platform', 'Facebook Reseller', 'FormSubmit', 'GZIP Module', 'Google Maps', 'Google My Business', 'KVH', 'Line2', 'Microdata for Google Shopping', 'Nginx', 'Pico CSS', 'SMC', 'Storyblocks', 'Subversion', 'Tailwind CSS', 'UTF-8']"
dependelectric.com,"Dependable Electric, LLC | Electrician Services","Dependable Electric, LLC",USA,82,53460,2026-09-23T13:01:53.132717943Z,"['AJAX Libraries API', 'Alternate Protocol', 'Apture Linking Platform', 'AudioEye', 'EmbedPress', 'Express', 'GetResponse', 'Google Analytics', 'Google Cloud DNS', 'Google Font API', 'Google Maps', 'Google My Business', 'Google Tag Manager', 'IcoMoon', 'Instagram Follow Button', 'Line2', 'Microdata for Google Shopping', 'Nginx', 'PHP', 'QUIC', 'SMC', 'UTF-8', 'Woo Themes', 'WooCommerce Checkout', 'WordPress']"
ytbgroup.com,Yeg Trans-Border Group Inc | Trucking Services,Yeg Trans-Border Group Inc,CAN,77,57586,2026-09-23T12:59:23.127862619Z,"['Alternate Protocol', 'Apture Linking Platform', 'AudioEye', 'EmbedPress', 'Express', 'Font Awesome', 'Google', 'Google Analytics', 'Google Cloud DNS', 'Google Font API', 'Google Maps', 'Google My Business', 'Google Tag Manager', 'IcoMoon', 'Microdata for Google Shopping', 'NFOrce Internet', 'Nginx', 'No-Q', 'PHP', 'SMC', 'Theme In WP', 'UTF-8', 'WP Lightbox 2', 'WP jQuery Lightbox', 'WordPress', 'WordPress Multisite', 'jQuery', 'reCAPTCHA']"
cozyroseinn.com,Luxury Yakima Valley B&B & Private Suites | Cozy Rose Inn in Grandview,,,82,55688,2026-09-23T12:43:28.70607533Z,"['Amazon CloudFront', 'AudioEye', 'Book Direct', 'CloudFront', 'Duda', 'GZIP Module', 'Google Analytics', 'Google My Business', 'Google Tag Manager', 'Microdata for Google Shopping', 'Nginx', 'Perl', 'SMC', 'Styled Components', 'Tailwind CSS', 'Termly', 'Think Reservations', 'UTF-8']"
newdaynewhorizon.com,"New Day New Horizon | Dual Board-Certified Family and Psychiatric Mental Health Nurse Practitioner located in Las Vegas, NV",,USA,77,77738,2026-09-23T12:13:43.561996158Z,"['Amazon', 'Amazon CloudFront', 'Amazon Route 53', 'AudioEye', 'CloudFront', 'Content Delivery Network', 'Fastly', 'GZIP Module', 'Google', 'Google Analytics', 'Google Cloud CDN', 'Google Cloud DNS', 'Google Font API', 'Google Maps', 'Google My Business', 'Google Related Website Sites', 'Google Tag Manager', 'Microdata for Google Shopping', 'Netlify', 'Parcel', 'PatientPop', 'SMC', 'Tebra']"
valdostaproperties.com,"Valdosta Properties | Valdosta, Moody Air Force Base, Lowndes County, Lakeland | Home Page",Valdosta Properties,,77,60503,2026-09-23T11:04:10.730802708Z,"['Amazon CloudFront', 'AppFolio', 'AudioEye', 'CloudFront', 'CloudPano', 'Duda', 'Font Awesome', 'GZIP Module', 'Google Cloud DNS', 'Google Maps', 'Google Tag Manager', 'Microdata for Google Shopping', 'Nginx', 'SMC', 'Tailwind CSS', 'UTF-8', 'Unix', 'eLand']"
bldgestimating.com,Construction Estimating | Bldg Tomorrow,BLDG Tomorrow ,,82,105758,2026-09-23T09:52:29.440032308Z,"['AWS WAF Challenge', 'Amazon WAF Blocked', 'Apture Linking Platform', 'AudioEye', 'Better Lead Generation Services', 'Cloudflare', 'Content Delivery Network', 'Express', 'Fastly', 'Fastly CDN', 'GZIP Module', 'GitHub Hosting', 'Instagram Follow Button', 'Microdata for Google Shopping', 'NFOrce Internet', 'PWA', 'Perl', 'QUIC', 'SMC', 'Seflow Italy', 'Sentry', 'SiteW', 'UTF-8', 'Vector Internet Services', 'Wix', 'Wix Media', 'YouTube', 'Zoho SalesIQ', 'eLand', 'mlcom']"
dentalonlineforms.com,Online Digital Dental Forms | HIPAA Compliant,,,62,60778,2026-09-23T09:21:09.157012067Z,"['Amazon CloudFront', 'AudioEye', 'CloudFront', 'DAV', 'Duda', 'GZIP Module', 'Google Analytics', 'Google Related Website Sites', 'Google Tag Manager', 'Nginx', 'QUIC', 'RM Education', 'SMC', 'Tailwind CSS', 'UTF-8', 'UserWay']"
cuttingedge-cc.com,Cutting Edge Concrete Cutting L.L.C. | Concrete Cutters Springfield,,,67,81108,2026-09-23T09:16:33.254634748Z,"['Agoda', 'Alternate Protocol', 'Amazon', 'Amazon CloudFront', 'Amazon S3 CDN', 'AudioEye', 'BLR', 'Bing Cashback', 'Bing Conversion Tracking', 'CloudFront', 'DAV', 'DoubleClick Bid Manager', 'Duda', 'Express', 'Facebook Login', 'Facebook Messenger Platform', 'Facebook Reseller', 'Fireblade', 'GZIP Module', 'Google Analytics', 'Google Flights Conversion Tracking', 'Google My Business', 'Google Related Website Sites', 'Google Tag Manager', 'IcoMoon', 'Instagram Follow Button', 'Line2', 'Microdata for Google Shopping', 'Nginx', 'SMC', 'Schema Plugin', 'Storyblocks', 'Tumblr', 'Twitter Ads', 'UTF-8', 'YouTube', 'jsDelivr']"
knovats.com,KAM Power | Electrician Services,KAM Power,USA,82,70186,2026-09-23T08:40:04.172919667Z,"['AWS WAF Challenge', 'Alternate Protocol', 'Apture Linking Platform', 'AudioEye', 'Better Lead Generation Services', 'EmbedPress', 'Express', 'Font Awesome', 'Google Analytics', 'Google Cloud DNS', 'Google Maps', 'Google My Business', 'Google Tag Manager', 'IcoMoon', 'Microdata for Google Shopping', 'NFOrce Internet', 'No-Q', 'PHP', 'QUIC', 'SMC', 'Theme In WP', 'UTF-8', 'WP Lightbox 2', 'WP jQuery Lightbox', 'WordPress', 'WordPress Multisite', 'jQuery', 'reCAPTCHA']"
exurbhomes.com,"Home - ExurbHomes, LLC",,,67,65997,2026-09-23T08:15:00.1515759Z,"['Alternate Protocol', 'Amazon CloudFront', 'AppFolio', 'AudioEye', 'CloudFront', 'Duda', 'Font Awesome', 'GZIP Module', 'Google Tag Manager', 'Homes.com CMS', 'Nginx', 'No-Q', 'SMC', 'Silicon Valley Web Hosting', 'Tailwind CSS', 'UTF-8']"
rickspumpserviceinc.com,"Rick's Pump Service Inc | Water Well | Canon City, CO",,,62,101120,2026-09-23T08:10:51.459522603Z,"['Amazon', 'Amazon CloudFront', 'Amazon S3 CDN', 'AudioEye', 'Bing Cashback', 'Bing Conversion Tracking', 'CloudFront', 'DAV', 'Duda', 'Ethy', 'Facebook Login', 'Facebook Messenger Platform', 'Facebook Reseller', 'GZIP Module', 'K2F', 'KVH', 'Line2', 'Nginx', 'QUIC', 'SMC', 'Storyblocks', 'UTF-8', 'iPromote']"
pickupsforbreastcancer.org,Pickups for Breast Cancer | South Florida and Orlando Donation Pickup Service,,USA,92,52125,2026-09-23T08:03:48.819723168Z,"['501c3 Status Nonprofit', 'Alternate Protocol', 'AudioEye', 'ByteDance', 'Coming Soon Page', 'Contact Form Plugin', 'Content Delivery Network', 'EmbedPress', 'Facebook Conversion Tracking', 'Facebook Login', 'Facebook Messenger Platform', 'Facebook Pixel', 'Facebook Reseller', 'Facebook Tag API', 'Font Awesome', 'GZIP Module', 'Google Analytics', 'Google Tag Manager', 'Instagram Feed for WordPress', 'Instagram Follow Button', 'Microdata for Google Shopping', 'PHP', 'SMC', 'Slider Revolution', 'Sucuri Cloudproxy', 'TikTok Conversion Tracking Pixel', 'UTF-8', 'WordPress', 'WordPress Multisite', 'YouTube', 'jQuery']"
holisticchanges.org,"Home | Baltimore, Washington D.C. and Wilmington DE Substance Abuse Counselling, Mental Health Services and Individual Counseling",Holistic Change LLC,USA,77,54388,2026-09-23T07:28:03.618391032Z,"['Alternate Protocol', 'Apture Linking Platform', 'AudioEye', 'EmbedPress', 'Font Awesome', 'Google Analytics', 'Google Cloud DNS', 'Google Maps', 'Google My Business', 'Google Tag Manager', 'Microdata for Google Shopping', 'NFOrce Internet', 'PHP', 'SMC', 'Theme In WP', 'UTF-8', 'WordPress', 'WordPress Multisite', 'jQuery', 'reCAPTCHA']"
tntconstructionusa.com,TNT Construction | General Contractor,TNT Construction,USA,82,55781,2026-09-23T07:28:03.613841196Z,"['Alternate Protocol', 'Apture Linking Platform', 'AudioEye', 'Better Lead Generation Services', 'EmbedPress', 'Express', 'FreeCSSTemplates', 'GetResponse', 'Google Analytics', 'Google Cloud DNS', 'Google Font API', 'Google Maps', 'Google My Business', 'Instagram Follow Button', 'Line2', 'Microdata for Google Shopping', 'NFOrce Internet', 'PHP', 'SMC', 'Site Reviews for Wordpress', 'Tailwind CSS', 'UTF-8', 'Woo Themes', 'WooCommerce Checkout', 'WordPress', 'WordPress Multisite', 'reCAPTCHA']"
superiorplumbingllc.com,"Plumber, Plumbing Services and Plumbing Company in Priest River, Blanchard and Priest Lake",Superior Plumbing,USA,77,51688,2026-09-23T07:12:08.569889109Z,"['Alternate Protocol', 'AudioEye', 'EmbedPress', 'Font Awesome', 'Google Analytics', 'Google Cloud DNS', 'Google Font API', 'Google Maps', 'Google My Business', 'Microdata for Google Shopping', 'PHP', 'Perl', 'QUIC', 'SMC', 'Tailwind CSS', 'Theme In WP', 'UTF-8', 'WP Lightbox 2', 'WP jQuery Lightbox', 'WordPress', 'WordPress Multisite', 'jQuery']"
ricksgaragedoors.net,"Rick's Garage Doors | Garage Door Services | Semmes, AL",,,57,16281,2026-09-23T06:54:07.377438714Z,"['Amazon', 'Amazon CloudFront', 'Amazon S3 CDN', 'AudioEye', 'CloudFront', 'Duda', 'Facebook Login', 'Facebook Messenger Platform', 'Facebook Pixel', 'Facebook Reseller', 'Facebook Tag API', 'GZIP Module', 'Google Maps', 'Google My Business', 'Line2', 'Nginx', 'QUIC', 'SMC', 'Storyblocks', 'UTF-8', 'iPromote']"
chinookproperties.net,"Property management by Chinook in Eugene, Oregon | Home Page",,USA,72,117397,2026-09-23T06:09:15.123286393Z,"['Amazon CloudFront', 'AudioEye', 'CCSI', 'CloudFront', 'DAV', 'Duda', 'Financial Services Guide', 'Font Awesome', 'GZIP Module', 'Google Tag Manager', 'K2F', 'KVH', 'Nginx', 'No-Q', 'Perl', 'SMC', 'Subversion', 'Tailwind CSS', 'UTF-8', 'University or College']"
a1oaknhickory.com,"A-1 Oak & Hickory | Firewood Supplies | Belton, MO",,,57,16281,2026-09-23T06:09:15.104783909Z,"['Alternate Protocol', 'Amazon', 'Amazon CloudFront', 'Amazon S3 CDN', 'AudioEye', 'CloudFront', 'Duda', 'Facebook Login', 'Facebook Messenger Platform', 'Facebook Reseller', 'GZIP Module', 'Google Maps', 'Google My Business', 'Line2', 'Microdata for Google Shopping', 'Nginx', 'SMC', 'Schema Plugin', 'Storyblocks', 'Twitter Ads', 'UTF-8']"
hillcountrypristine.com,Hill Country Pristine LLC | Landscaping Services,Hill Country Pristine LLC,USA,77,60188,2026-09-23T05:31:49.288163749Z,"['AJAX Libraries API', 'Alternate Protocol', 'AudioEye', 'Constant Contact', 'Elfsight', 'EmbedPress', 'Express', 'Font Awesome', 'Google Analytics', 'Google Cloud DNS', 'Google Maps', 'Google My Business', 'Google Tag Manager', 'Instagram Follow Button', 'Microdata for Google Shopping', 'PHP', 'QUIC', 'RM Education', 'SMC', 'Tailwind CSS', 'Theme In WP', 'UTF-8', 'WordPress', 'jQuery']"
amartinezlandscaping.com,A Martinez Lawn Care And Landscaping Services Corp | Landscaping,A Martinez Lawn Care And Landscaping Services Corp,NZL,77,69388,2026-09-23T05:17:22.00214433Z,"['AWS WAF Challenge', 'Alternate Protocol', 'Apture Linking Platform', 'AudioEye', 'EmbedPress', 'Express', 'Font Awesome', 'Google Analytics', 'Google Cloud DNS', 'Google Font API', 'Google Maps', 'Google My Business', 'Microdata for Google Shopping', 'NFOrce Internet', 'PHP', 'QUIC', 'SMC', 'Theme In WP', 'UTF-8', 'WordPress', 'WordPress Multisite', 'jQuery', 'reCAPTCHA']"
ctvec.ca,24/7 Emergency Veterinarian | Central Toronto Veterinary Referral Clinic,Central Toronto Veterinary Referral Clinic,CAN,77,419809,2026-09-23T05:00:45.675188967Z,"['AWS WAF Challenge', 'AdRoll', 'Alternate Protocol', 'Amazon', 'Amazon WAF Blocked', 'Amplitude', 'Angelcam', 'AudioEye', 'Authorize.net', 'Avature', 'Azure Edge', 'BambooHR', 'Bunny Fonts', 'CDN JS', 'Cloudflare', 'Cloudflare CDN', 'Cloudflare Web Analytics', 'Community', 'Constant Contact', 'Contentful', 'Contentstack', 'Cornerstone', 'Demandforce', 'DoubleClick Bid Manager', 'Express', 'Facebook Reseller', 'Fireblade', 'Form.IO', 'Google', 'Google Analytics', 'Google Cloud DNS', 'Google Cloud Storage', 'Google Font API', 'Google Maps', 'Google Matched Content', 'Google My Business', 'Google Reseller', 'Google Tag Manager', 'Gravity', 'Instagram Follow Button', 'Intercom', 'JotForm', 'Line2', 'Microdata for Google Shopping', 'Microsoft Azure', 'Microsoft Azure Blob Storage', 'NFOrce Internet', 'Next.js', 'No-Q', 'ON24', 'Paycor', 'Perl', 'Pleroma', 'Prospective', 'QUIC', 'RM Education', 'SMC', 'Salesforce Experience Cloud', 'Schema Plugin', 'Storyblocks', 'Stripe', 'Styled Components', 'Thank You', 'The Fresh', 'Timely', 'Trustarc Cookie Consent', 'University or College', 'Vimeo', 'Weglot', 'YouTube']"
dbbeatonlaw.com,D. Bruce Beaton P.L.C. | Nationwide Law Firm Marine City MI,,,62,54920,2026-09-23T04:51:45.862457372Z,"['Amazon', 'Amazon CloudFront', 'Amazon S3 CDN', 'AudioEye', 'CloudFront', 'Duda', 'Facebook Login', 'Facebook Messenger Platform', 'Facebook Reseller', 'GZIP Module', 'Google Maps', 'Google My Business', 'Line2', 'Microdata for Google Shopping', 'Nginx', 'SMC', 'Schema Plugin', 'Storyblocks', 'Tailwind CSS', 'Twitter Ads', 'UTF-8']"
desertoasispetretreat.com,"Pet Retreat | Desert Oasis Pet Retreat | Chandler, AZ",Desert Oasis Pet Retreat,USA,82,68373,2026-09-23T04:51:45.858251507Z,"['Amazon CloudFront', 'AudioEye', 'CloudFront', 'Cybot', 'Duda', 'Express', 'GZIP Module', 'Google Analytics', 'Google My Business', 'Google Related Website Sites', 'Google Tag Manager', 'Instagram Follow Button', 'Microdata for Google Shopping', 'Nginx', 'ReviewWidget', 'SKWID', 'SMC', 'Tailwind CSS', 'Thank You', 'UTF-8', 'Yelp Badge']"
westsidewindowcleaningco.com,"West Side Window Cleaning Co. Inc. | Edwardsville, PA",,,62,54920,2026-09-23T03:59:20.584778376Z,"['Amazon', 'Amazon CloudFront', 'Amazon S3 CDN', 'AudioEye', 'CloudFront', 'Duda', 'Facebook Login', 'Facebook Messenger Platform', 'Facebook Reseller', 'GZIP Module', 'Line2', 'Nginx', 'SMC', 'Storyblocks', 'Tailwind CSS', 'UTF-8']"
jacobsengroup.com,Jacobsen Real Estate Group - Portland and Beyond,,,62,67064,2026-09-23T03:54:05.720064007Z,"['Amazon CloudFront', 'AppFolio', 'AudioEye', 'CloudFront', 'Duda', 'FormSubmit', 'GZIP Module', 'Microdata for Google Shopping', 'Nginx', 'Prospective', 'SMC', 'Tailwind CSS', 'Thank You', 'UTF-8']"
hillsidecountryliving.org,"Hillside Country Living | Williams County, OH",,,62,89100,2026-09-23T03:54:05.716649733Z,"['Apture Linking Platform', 'AudioEye', 'AutoComplete', 'CivicPlus', 'DC74', 'GZIP Module', 'Google Analytics', 'Google Cloud DNS', 'Google Font API', 'Google My Business', 'Google Related Website Sites', 'Google Tag Manager', 'Material-UI', 'Microsoft Azure', 'Microsoft IIS', 'Monsido', 'QUIC', 'SMC', 'SiteW', 'Tailwind CSS', 'UTF-8', 'University or College', 'Visual Studio']"
superiorsignsllc.com,"Superior Signs LLC | Sign Services | Monroe, CT",,EGY,77,75250,2026-09-23T02:23:14.659956651Z,"['Amazon', 'Amazon CloudFront', 'Amazon S3 CDN', 'AudioEye', 'CloudFront', 'DAV', 'Duda', 'Facebook Login', 'Facebook Messenger Platform', 'Facebook Reseller', 'Financial Services Guide', 'GZIP Module', 'Google Maps', 'Google My Business', 'Instagram Follow Button', 'KVH', 'Line2', 'Nginx', 'No-Q', 'QUIC', 'SMC', 'Storyblocks', 'Tailwind CSS', 'UTF-8', 'Uponit']"
liveatml.com,Home | Mariner's Landing in National City,,USA,77,62564,2026-09-23T02:23:14.658835051Z,"['Amazon CloudFront', 'AppFolio', 'AudioEye', 'CloudFront', 'Duda', 'FormSubmit', 'GZIP Module', 'Idaq', 'Microdata for Google Shopping', 'Nginx', 'Perl', 'QUIC', 'SMC', 'Styled Components', 'Tailwind CSS', 'Thank You', 'UTF-8']"
dgardencaribbean.com,"D'Garden Caribbean Bar & Grill | Caribbean Restaurant in Brooklyn, NY",D'Garden Caribbean Bar & Grill,,77,19090,2026-09-23T02:16:12.455319691Z,"['Alternate Protocol', 'AudioEye', 'CDN JS', 'Cloudflare', 'Cloudflare CDN', 'Content Delivery Network', 'Fastly', 'GZIP Module', 'Google', 'Google Analytics', 'Google Cloud DNS', 'Google Font API', 'Google Maps', 'Google My Business', 'Google Tag Manager', 'Instagram Follow Button', 'Microdata for Google Shopping', 'OpenTable', 'Resy', 'Toast POS', 'UTF-8', 'Yelp Badge', 'reCAPTCHA']"
hendersonwasteremoval.com,"Henderson Waste | Waste Removal Services | Greenwood, MS",,THA,72,54920,2026-09-23T01:46:10.163999242Z,"['Amazon', 'Amazon CloudFront', 'Amazon S3 CDN', 'AudioEye', 'CloudFront', 'Duda', 'Facebook Login', 'Facebook Messenger Platform', 'Facebook Reseller', 'GZIP Module', 'Line2', 'Nginx', 'QUIC', 'SMC', 'Storyblocks', 'UTF-8']"
salinasfoamroofing.com,Salinas Foam Roofing Inc | Roofing Services,Salinas Foam Roofing Inc,ZAF,82,55186,2026-09-23T01:24:33.352192925Z,"['Alternate Protocol', 'Apture Linking Platform', 'AudioEye', 'EmbedPress', 'Font Awesome', 'Google Analytics', 'Google Cloud DNS', 'Google Maps', 'Google My Business', 'Google Tag Manager', 'IcoMoon', 'Instagram Follow Button', 'Microdata for Google Shopping', 'NFOrce Internet', 'No-Q', 'PHP', 'SMC', 'Theme In WP', 'UTF-8', 'WordPress', 'WordPress Multisite', 'jQuery', 'reCAPTCHA']"
henleyparkapts.com,"Home | Henley Park | San Antonio, TX",,USA,82,60064,2026-09-23T00:59:58.035561978Z,"['Amazon CloudFront', 'AppFolio', 'AudioEye', 'CloudFront', 'Duda', 'FormSubmit', 'GZIP Module', 'Microdata for Google Shopping', 'Nginx', 'Perl', 'QUIC', 'SMC', 'Styled Components', 'Tailwind CSS', 'Thank You', 'UTF-8']"
rpmme.com,RPM Raffaelli Properties | 40 Years Experience,,,67,63664,2026-09-23T00:59:58.020674345Z,"['Alternate Protocol', 'Amazon CloudFront', 'AppFolio', 'AudioEye', 'CloudFront', 'Duda', 'FormSubmit', 'GZIP Module', 'Homes.com CMS', 'Nginx', 'SMC', 'Tailwind CSS', 'Thank You', 'UTF-8']"
equipmentspecialistsdayton.com,"Pressure Washers | Equipment Specialists Dayton | Dayton, OH",Equipment Specialists Dayton,USA,82,71207,2026-09-23T00:44:23.922361521Z,"['Alternate Protocol', 'Amazon', 'Amazon CloudFront', 'Amazon S3 CDN', 'AudioEye', 'BLR', 'Bing Cashback', 'Bing Conversion Tracking', 'CloudFront', 'DAV', 'Duda', 'Facebook Login', 'Facebook Messenger Platform', 'Facebook Pixel', 'Facebook Reseller', 'Facebook Tag API', 'GZIP Module', 'Google Maps', 'Google My Business', 'Google Related Website Sites', 'IcoMoon', 'Line2', 'Microdata for Google Shopping', 'Nginx', 'Pico CSS', 'SMC', 'Schema Plugin', 'Storyblocks', 'Tailwind CSS', 'Tumblr', 'Twitter Ads', 'UTF-8', 'Vector Internet Services', 'W3 Total Cache', 'iPromote', 'jsDelivr']"
agassizproperties.com,"Agassiz Properties Apartments for Rent in Devils Lake, ND",,,57,19515,2026-09-23T00:22:40.001153524Z,"['Alternate Protocol', 'Amazon CloudFront', 'AppFolio', 'AudioEye', 'CloudFront', 'Duda', 'Font Awesome', 'GZIP Module', 'Nginx', 'SMC', 'Tailwind CSS', 'UTF-8', 'University or College']"
buyorrenthouses.com,Welcome Home | Certified Affordable Housing Provider,Certified Affordable Housing Provider Lubbock,USA,82,65764,2026-09-23T00:13:52.86048808Z,"['Alternate Protocol', 'Amazon CloudFront', 'AppFolio', 'AudioEye', 'CloudFront', 'Duda', 'FormSubmit', 'GZIP Module', 'Microdata for Google Shopping', 'Nginx', 'PropertyMeld', 'QUIC', 'SMC', 'Tailwind CSS', 'Thank You', 'UTF-8', 'University or College']"
centuryanimalhospital.net,"Veterinarian in Austin, TX | Moontower Veterinary Surgery Center",Moontower Veterinary Surgery Center,USA,77,252108,2026-09-22T23:51:10.626176395Z,"['AdRoll', 'Amazon', 'Amplitude', 'Angelcam', 'AudioEye', 'Authorize.net', 'Azure Edge', 'BambooHR', 'Birdeye', 'Bunny Fonts', 'CDN JS', 'Cloudflare', 'Cloudflare CDN', 'Cloudflare Web Analytics', 'Constant Contact', 'Contentful', 'Contentstack', 'Demandforce', 'DoubleClick Bid Manager', 'Express', 'Facebook Reseller', 'Form.IO', 'Google', 'Google Analytics', 'Google Cloud DNS', 'Google Cloud Storage', 'Google Font API', 'Google Maps', 'Google Matched Content', 'Google My Business', 'Google Reseller', 'Google Tag Manager', 'Harbor', 'Instagram Follow Button', 'Intercom', 'JotForm', 'Line2', 'Microdata for Google Shopping', 'Microsoft Azure', 'Microsoft Azure Blob Storage', 'Next.js', 'Paycor', 'Perl', 'Pleroma', 'RM Education', 'SMC', 'Salesforce Experience Cloud', 'Schema Plugin', 'Storyblocks', 'Stripe', 'Styled Components', 'Thank You', 'Timely', 'Trustarc Cookie Consent', 'UTF-8', 'Vimeo', 'Weglot', 'YouTube']"
harrisonroofs.com,"Roofers | Harrison & Sons Roofing | Derwood, MD",Harrison & Sons Roofing,USA,82,66303,2026-09-22T21:59:52.859571601Z,"['Alternate Protocol', 'Amazon', 'Amazon CloudFront', 'Amazon S3 CDN', 'AudioEye', 'BLR', 'Bing Cashback', 'Bing Conversion Tracking', 'CloudFront', 'DAV', 'Duda', 'Facebook Login', 'Facebook Messenger Platform', 'Facebook Pixel', 'Facebook Reseller', 'Facebook Tag API', 'FormSubmit', 'GZIP Module', 'Google My Business', 'Google Related Website Sites', 'IcoMoon', 'Instagram Follow Button', 'Line2', 'Microdata for Google Shopping', 'Nginx', 'Pico CSS', 'SMC', 'Schema Plugin', 'Storyblocks', 'Tailwind CSS', 'Thank You', 'Tumblr', 'Twitter Ads', 'UTF-8', 'W3 Total Cache', 'iPromote', 'jsDelivr']"
mhi-lb.com,"Mind Health Institute, Orange County | Mental Health Clinic located in Newport Beach, Laguna Beach and Dana Point, CA",,GBR,77,81278,2026-09-22T20:59:06.867782828Z,"['Amazon', 'Amazon CloudFront', 'Amazon Route 53', 'Apture Linking Platform', 'AudioEye', 'CloudFront', 'Constant Contact', 'Content Delivery Network', 'Doxy.me', 'Express', 'Fastly', 'GZIP Module', 'GitHub Hosting', 'Google', 'Google Analytics', 'Google Cloud CDN', 'Google Cloud DNS', 'Google Font API', 'Google Maps', 'Google My Business', 'Google Related Website Sites', 'Google Tag Manager', 'Instagram Follow Button', 'Microdata for Google Shopping', 'Netlify', 'Parcel', 'PatientPop', 'SMC', 'Tebra', 'University or College']"
mountvueapts.com,"Home | MountVue Apartments | Pittsburgh, PA",,,72,60784,2026-09-22T20:33:47.201602368Z,"['Amazon CloudFront', 'AppFolio', 'Apture Linking Platform', 'AudioEye', 'CloudFront', 'Duda', 'FormSubmit', 'GZIP Module', 'Google Analytics', 'Google Related Website Sites', 'Google Tag Manager', 'Instagram Follow Button', 'Microdata for Google Shopping', 'Neighborhoods', 'Nginx', 'QUIC', 'SMC', 'Tailwind CSS', 'Thank You', 'UTF-8', 'University or College']"
theevergreenfarm.com,"Home | The Evergreen Farm | Lebanon, NJ",,IMN,77,59760,2026-09-22T19:58:14.396514319Z,"['Amazon CloudFront', 'AudioEye', 'Calendly', 'CloudFront', 'Duda', 'GZIP Module', 'Instagram Follow Button', 'Microdata for Google Shopping', 'Nginx', 'Perl', 'RM Education', 'SMC', 'Styled Components', 'Tailwind CSS', 'UTF-8', 'YouTube']"
sheehanlawnj.com,"William A Sheehan - Legal | Woodbury, NJ",,,62,80250,2026-09-22T19:50:19.543004762Z,"['Alternate Protocol', 'Amazon', 'Amazon CloudFront', 'Amazon S3 CDN', 'AudioEye', 'CloudFront', 'Content Delivery Network', 'Duda', 'Facebook Login', 'Facebook Messenger Platform', 'Facebook Reseller', 'GZIP Module', 'K2F', 'Line2', 'Microdata for Google Shopping', 'No-Q', 'QUIC', 'SMC', 'Storyblocks', 'Tailwind CSS', 'UTF-8', 'YouTube']"
onthewildside.net,"On The Wildside | Home Decor | Manhattan, KS",,,52,16281,2026-09-22T19:22:21.080161899Z,"['Amazon', 'Amazon CloudFront', 'Amazon S3 CDN', 'AudioEye', 'CloudFront', 'Duda', 'Facebook Embedded Posts', 'Facebook Login', 'Facebook Messenger Platform', 'Facebook Reseller', 'GZIP Module', 'Google My Business', 'Instagram Follow Button', 'Line2', 'Microdata for Google Shopping', 'Nginx', 'QUIC', 'SMC', 'Schema Plugin', 'Storyblocks', 'Tailwind CSS', 'UTF-8']"
whitakerplumbing.com,"Whitaker Plumbing | HVAC Services | Alma, KS",,,62,64920,2026-09-22T19:08:21.083403266Z,"['Amazon', 'Amazon CloudFront', 'Amazon S3 CDN', 'AudioEye', 'Bing Cashback', 'CloudFront', 'Duda', 'Facebook Login', 'Facebook Messenger Platform', 'Facebook Reseller', 'GZIP Module', 'Line2', 'Nginx', 'Onyx Internet', 'SMC', 'Storyblocks', 'UTF-8']"
dwautoglass.net,"D & W Auto Glass Inc | Auto Glass Shop | Mansfield, OH",,,57,16281,2026-09-22T18:40:54.469821171Z,"['Amazon', 'Amazon CloudFront', 'Amazon S3 CDN', 'AudioEye', 'CloudFront', 'Duda', 'Express', 'Facebook Login', 'Facebook Messenger Platform', 'Facebook Reseller', 'GZIP Module', 'Google Analytics', 'Google Maps', 'Google My Business', 'Google Tag Manager', 'Line2', 'Nginx', 'SMC', 'Storyblocks', 'UTF-8']"
bromleyhome.com.au,Bromley Home,,,57,15816,2026-09-22T17:14:31.425769444Z,"['Alternate Protocol', 'Amazon CloudFront', 'AudioEye', 'CDN JS', 'CloudFront', 'Cloudflare', 'Cloudflare CDN', 'DAV', 'Duda', 'GZIP Module', 'Google My Business', 'Instagram Follow Button', 'Microdata for Google Shopping', 'Nginx', 'QUIC', 'SMC', 'Tailwind CSS', 'UTF-8']"
klsworldwide.com,Premium Ground Transportation | KLS Worldwide Chauffeured Services,,USA,72,67160,2026-09-22T17:08:02.49031709Z,"['Amazon WAF Blocked', 'Apache', 'ArvanCloud', 'AudioEye', 'Content Delivery Network', 'Drupal', 'ElementUI', 'Express', 'Fireblade', 'GZIP Module', 'Instagram Follow Button', 'PHP', 'QUIC', 'SMC', 'UTF-8', 'Yelp Badge', 'jsDelivr', 'shadcn ui']"
vsloc.net,"Visit SLO CAL | Things to Do, Hotels, Restaurants, Maps & Guides",,AUS,77,94407,2026-09-22T16:52:28.488408868Z,"['Adobe Creative Cloud WebFonts', 'Alternate Protocol', 'Apture Linking Platform', 'AudioEye', 'Booking Affiliate', 'CDN JS', 'Cisco/Arrowpoint Content Service Switch', 'Cloudflare', 'Cloudflare CDN', 'Cloudinary', 'DoubleClick Bid Manager', 'ETranslate', 'ElementUI', 'Font Awesome', 'GTranslate', 'GZIP Module', 'Google', 'Google Analytics', 'Google Cloud CDN', 'Google Cloud DNS', 'Google Font API', 'Google Tag Manager', 'Harbor', 'IcoMoon', 'Instagram Follow Button', 'Interchange', 'Lazy Load for WordPress', 'M247', 'QUIC', 'RM Education', 'SMC', 'Tailwind CSS', 'Twitter Ads', 'UTF-8', 'University or College', 'Vimeo', 'YouTube']"
loveoysterbay.com,Boutique Hotel | Oyster Bay Boutique Hotel | Pensacola,,,92,56264,2026-09-22T16:41:15.257770262Z,"['AdRoll', 'Alternate Protocol', 'Amazon CloudFront', 'Amazon WAF Blocked', 'AudioEye', 'CDN JS', 'CloudFront', 'Cloudbeds', 'Cloudflare', 'Cloudflare CDN', 'Duda', 'FormSubmit', 'GZIP Module', 'Google Analytics', 'Google My Business', 'Google Tag Manager', 'Instagram Follow Button', 'Microdata for Google Shopping', 'Nginx', 'PWA', 'SMC', 'Tailwind CSS', 'Thank You', 'Twitter Ads', 'UTF-8']"
madesonmanagement.com,Home | Madeson Management | WA,,,62,60067,2026-09-22T15:59:23.403345654Z,"['Alternate Protocol', 'Amazon CloudFront', 'AppFolio', 'AudioEye', 'CloudFront', 'Duda', 'Font Awesome', 'GZIP Module', 'Google Tag Manager', 'Nginx', 'SMC', 'Tailwind CSS', 'UTF-8', 'University or College']"
salemucc.net,"Salem Church | United Church of Christ | Huntingburg, IN",Salem Church,,82,51968,2026-09-22T15:14:22.442893778Z,"['Amazon CloudFront', 'Apture Linking Platform', 'AudioEye', 'CloudFront', 'Duda', 'GZIP Module', 'Google Analytics', 'Google My Business', 'Google Tag Manager', 'Microdata for Google Shopping', 'Nginx', 'SMC', 'Tailwind CSS', 'UTF-8', 'Way']"
mo99realty.com,Home - Merced Old 99 Realty,,,67,10067,2026-09-22T15:04:45.901893846Z,"['Alternate Protocol', 'Amazon CloudFront', 'AppFolio', 'AudioEye', 'CloudFront', 'Duda', 'Font Awesome', 'GZIP Module', 'Nginx', 'UTF-8']"
setteautocollision.net,"Auto Body Services | Sette Auto Collision Inc. | Hanover, MA",Sette Auto Collision Inc.,USA,82,66303,2026-09-22T14:54:29.814552144Z,"['Amazon', 'Amazon CloudFront', 'Amazon S3 CDN', 'AudioEye', 'BLR', 'CloudFront', 'DAV', 'Duda', 'Facebook Login', 'Facebook Messenger Platform', 'Facebook Pixel', 'Facebook Reseller', 'Facebook Tag API', 'FormSubmit', 'GZIP Module', 'Google Maps', 'Google My Business', 'Google Related Website Sites', 'IcoMoon', 'Line2', 'Microdata for Google Shopping', 'Nginx', 'Pico CSS', 'SMC', 'Schema Plugin', 'Storyblocks', 'Tailwind CSS', 'Thank You', 'Tumblr', 'Twitter Ads', 'UTF-8', 'W3 Total Cache', 'jsDelivr']"
ccinc.org,Contingency Executive Search | Consumer Connection Inc,,AUS,77,72688,2026-09-22T14:48:30.123051592Z,"['Alternate Protocol', 'Amazon CloudFront', 'AudioEye', 'CloudFront', 'Duda', 'GZIP Module', 'Google Analytics', 'Google My Business', 'Google Related Website Sites', 'Google Tag Manager', 'KVH', 'Nginx', 'Perl', 'SMC', 'Styled Components', 'Subversion', 'Tailwind CSS', 'UTF-8']"
eastsidefoot.com,"Eastside Foot & Ankle Clinic, P.C. | Board Certified Podiatrist Foot & Ankle Surgeon located in St. Clair Shores and Troy, MI",,DEU,77,71738,2026-09-22T14:44:50.665458541Z,"['Amazon', 'Amazon CloudFront', 'Amazon Route 53', 'AudioEye', 'CloudFront', 'Content Delivery Network', 'DAV', 'Fastly', 'GZIP Module', 'Google', 'Google Analytics', 'Google Cloud CDN', 'Google Cloud DNS', 'Google Font API', 'Google Maps', 'Google My Business', 'Google Related Website Sites', 'Google Tag Manager', 'Microdata for Google Shopping', 'Netlify', 'Parcel', 'PatientPop', 'SMC']"
hairsaloncolumbus-oh.com,Hair Salon Near Me | Andrew M. Salon,Andrew M. Salon,USA,82,55736,2026-09-22T14:28:30.697930172Z,"['Alternate Protocol', 'Amazon', 'Amazon CloudFront', 'Amazon S3 CDN', 'AudioEye', 'CloudFront', 'Duda', 'Facebook Login', 'Facebook Messenger Platform', 'Facebook Reseller', 'FormSubmit', 'GZIP Module', 'Google Maps', 'Google My Business', 'Google Related Website Sites', 'Line2', 'Microdata for Google Shopping', 'Nginx', 'Pico CSS', 'SMC', 'Storyblocks', 'Tailwind CSS', 'UTF-8']"
bloomhealthnp.com,Bloom Aesthetics & Wellness | Best Medical Spa & Wellness Center in Frederick MD,,IND,92,579338,2026-09-22T14:04:06.17300181Z,"['Amazon', 'Amazon CloudFront', 'Amazon Route 53', 'AudioEye', 'CloudFront', 'Content Delivery Network', 'Facebook Conversion Tracking', 'Facebook Login', 'Facebook Messenger Platform', 'Facebook Pixel', 'Facebook Reseller', 'Facebook Tag API', 'Fastly', 'GZIP Module', 'Google', 'Google Analytics', 'Google Cloud CDN', 'Google Cloud DNS', 'Google Font API', 'Google Maps', 'Google My Business', 'Google Related Website Sites', 'Google Tag Manager', 'Instagram Follow Button', 'Microdata for Google Shopping', 'Netlify', 'Parcel', 'Patient Access', 'PatientPop', 'QUIC', 'RM Education', 'SMC', 'Salesforce Commerce Cloud', 'University or College']"
davidwilesmd.com,"David A. Wiles, MD | Board Certified Neurosurgeon: Deformity Spine, Minimally Invasive Spine, General Neurosurgery & Board Certified Neurological Surgeon located in Chattanooga, TN",,USA,92,77738,2026-09-22T13:33:35.806519537Z,"['Amazon', 'Amazon CloudFront', 'Amazon Route 53', 'AudioEye', 'CloudFront', 'Content Delivery Network', 'DAV', 'Fastly', 'GZIP Module', 'Google', 'Google Analytics', 'Google Cloud CDN', 'Google Cloud DNS', 'Google Font API', 'Google Maps', 'Google My Business', 'Google Related Website Sites', 'Google Tag Manager', 'Microdata for Google Shopping', 'Netlify', 'Parcel', 'PatientPop', 'SMC', 'Tebra', 'University or College']"
durangourgentcare.com,"Durango Urgent Care | Urgent Care located in Durango, CO",,ARG,77,82738,2026-09-22T11:52:52.041495723Z,"['Amazon', 'Amazon CloudFront', 'Amazon Route 53', 'AudioEye', 'CloudFront', 'Content Delivery Network', 'DC74', 'Fastly', 'GZIP Module', 'Google', 'Google Analytics', 'Google Cloud CDN', 'Google Cloud DNS', 'Google Font API', 'Google Maps', 'Google My Business', 'Google Related Website Sites', 'Google Tag Manager', 'Microdata for Google Shopping', 'Netlify', 'Parcel', 'PatientPop', 'QUIC', 'SMC', 'Tebra']"
acadiancrossingapartments.com,"Acadian Crossing Apartments of Lafayette, LA",,,67,60064,2026-09-22T11:46:07.168483673Z,"['Amazon CloudFront', 'AppFolio', 'AudioEye', 'CloudFront', 'Duda', 'FormSubmit', 'GZIP Module', 'Gambling Content', 'Google Analytics', 'Google Tag Manager', 'Interchange', 'Microdata for Google Shopping', 'Nginx', 'SMC', 'Tailwind CSS', 'Thank You', 'UTF-8', 'University or College']"
thepurpledoorspa.com,"The Purple Door Day Spa & Salon | Massage | Pilot Point, TX",,,67,54920,2026-09-22T10:38:55.994395459Z,"['Alternate Protocol', 'Amazon', 'Amazon CloudFront', 'Amazon S3 CDN', 'AudioEye', 'CloudFront', 'Duda', 'Facebook Login', 'Facebook Messenger Platform', 'Facebook Reseller', 'GZIP Module', 'Google Maps', 'Google My Business', 'Instagram Follow Button', 'Line2', 'Nginx', 'SMC', 'Storyblocks', 'Tailwind CSS', 'UTF-8']"
archwaycooling.com,"HVAC Companies OFallon, IL | Archway Cooling & Heating Inc",Archway Cooling & Heating Inc,CAN,77,74191,2026-09-22T10:31:41.401140008Z,"['Alternate Protocol', 'Amazon', 'Amazon CloudFront', 'Amazon S3 CDN', 'AudioEye', 'BLR', 'CloudFront', 'DAV', 'Duda', 'Facebook Login', 'Facebook Messenger Platform', 'Facebook Pixel', 'Facebook Reseller', 'Facebook Tag API', 'FormSubmit', 'GZIP Module', 'Google Analytics', 'Google Maps', 'Google My Business', 'Google Related Website Sites', 'Google Tag Manager', 'IcoMoon', 'Idaq', 'Instagram Follow Button', 'Investor Relations', 'Line2', 'Microdata for Google Shopping', 'Nginx', 'Perl', 'Pico CSS', 'Podium', 'QUIC', 'SMC', 'Schema Plugin', 'Storyblocks', 'Styled Components', 'Tailwind CSS', 'Thank You', 'Tumblr', 'Twitter Ads', 'UTF-8', 'W3 Total Cache', 'jsDelivr']"
sweetarrowrenovations.com,Sweet Arrow Renovations LLC | Remodeling Contractor,Sweet Arrow Renovations LLC,USA,77,55186,2026-09-22T10:23:34.552548526Z,"['Alternate Protocol', 'Apture Linking Platform', 'AudioEye', 'Better Lead Generation Services', 'EmbedPress', 'Font Awesome', 'Google Analytics', 'Google Cloud DNS', 'Google Customer Reviews', 'Google Maps', 'Google My Business', 'Google Tag Manager', 'IcoMoon', 'Instagram Follow Button', 'Microdata for Google Shopping', 'NFOrce Internet', 'Nginx', 'No-Q', 'PHP', 'SMC', 'Theme In WP', 'UTF-8', 'WordPress', 'WordPress Multisite', 'jQuery', 'reCAPTCHA']"
cindylthomas.com,"Law Office of Cindy L Thomas | Family Law | Battle Creek, MI",,,62,54920,2026-09-22T10:23:34.54914568Z,"['Amazon', 'Amazon CloudFront', 'Amazon S3 CDN', 'AudioEye', 'CloudFront', 'Duda', 'Facebook Login', 'Facebook Messenger Platform', 'Facebook Reseller', 'GZIP Module', 'Google My Business', 'Line2', 'Nginx', 'QUIC', 'SMC', 'Storyblocks', 'UTF-8']"
genevavalleyanimalhospital.com,Homepage | Valley Animal Hospital,Valley Animal Hospital,USA,82,269938,2026-09-22T10:17:26.427343184Z,"['AdRoll', 'Amazon', 'Amplitude', 'Angelcam', 'AudioEye', 'Authorize.net', 'Azure Edge', 'BambooHR', 'Birdeye', 'Bunny Fonts', 'CDN JS', 'Cloudflare', 'Cloudflare CDN', 'Cloudflare Web Analytics', 'Constant Contact', 'Contentful', 'Contentstack', 'Demandforce', 'DoubleClick Bid Manager', 'Express', 'Facebook CDN', 'Facebook Reseller', 'Fireblade', 'Form.IO', 'Google', 'Google Analytics', 'Google Cloud DNS', 'Google Cloud Storage', 'Google Font API', 'Google Maps', 'Google Matched Content', 'Google My Business', 'Google Reseller', 'Google Tag Manager', 'Idaq', 'Instagram Follow Button', 'Intercom', 'JotForm', 'Line2', 'Microdata for Google Shopping', 'Microsoft Azure', 'Microsoft Azure Blob Storage', 'Next.js', 'No-Q', 'Ntent', 'Paycor', 'Perl', 'Pleroma', 'QUIC', 'RM Education', 'SMC', 'Salesforce Experience Cloud', 'Schema Plugin', 'Storyblocks', 'Stripe', 'Styled Components', 'Thank You', 'Timely', 'Trustarc Cookie Consent', 'Twitter Ads', 'UTF-8', 'Vimeo', 'Weglot', 'YouTube']"
prestigewindowcleaning.org,"Home | New Era, Grand Rapids and Holland Pressure Washing Services, Power Washing Services and Window Cleaning Services",Prestige Window Cleaning,USA,77,51688,2026-09-22T09:16:57.309597085Z,"['Alternate Protocol', 'AudioEye', 'EmbedPress', 'Express', 'Font Awesome', 'Google Analytics', 'Google Cloud DNS', 'Google Maps', 'Google My Business', 'Google Tag Manager', 'Microdata for Google Shopping', 'PHP', 'SMC', 'Theme In WP', 'UTF-8', 'WordPress', 'WordPress Multisite', 'jQuery']"
bebesyacinehairbraiding.com,Bebes Yacine Hair Braiding | Hair Salon,Bebes Yacine Hair Braiding,USA,77,57148,2026-09-22T09:16:57.307094445Z,"['Alternate Protocol', 'Apture Linking Platform', 'AudioEye', 'Elfsight', 'EmbedPress', 'Express', 'Font Awesome', 'Google', 'Google Analytics', 'Google Cloud DNS', 'Google Customer Reviews', 'Google Font API', 'Google Maps', 'Google My Business', 'Google Tag Manager', 'Instagram Follow Button', 'Microdata for Google Shopping', 'NFOrce Internet', 'PHP', 'SMC', 'Theme In WP', 'UTF-8', 'WordPress', 'WordPress Multisite', 'jQuery', 'reCAPTCHA']"
ecotelectrical.com,"ECOT, LLC | Electrician Services","ECOT, LLC",USA,77,72256,2026-09-22T09:10:20.042646931Z,"['Alternate Protocol', 'Apture Linking Platform', 'AudioEye', 'EmbedPress', 'Express', 'Fireblade', 'Font Awesome', 'Google', 'Google Analytics', 'Google Cloud DNS', 'Google Font API', 'Google Maps', 'Google My Business', 'Google Tag Manager', 'ID Services', 'IcoMoon', 'Microdata for Google Shopping', 'NFOrce Internet', 'PHP', 'Perl', 'SMC', 'Theme In WP', 'UTF-8', 'WordPress', 'jQuery', 'reCAPTCHA']"
swainecarpetservice.com,"Swaine Carpet Service | Carpet Restretching | Clearwater, FL",,,67,54920,2026-09-22T08:26:23.428664812Z,"['Amazon', 'Amazon CloudFront', 'Amazon S3 CDN', 'AudioEye', 'Bing Cashback', 'Bing Conversion Tracking', 'CloudFront', 'DoubleClick Bid Manager', 'Duda', 'Facebook Login', 'Facebook Messenger Platform', 'Facebook Pixel', 'Facebook Reseller', 'Facebook Tag API', 'GZIP Module', 'Google Flights Conversion Tracking', 'Google My Business', 'Google Tag Manager', 'Line2', 'Nginx', 'SMC', 'Storyblocks', 'UTF-8', 'iPromote']"
attorneydavidheller.net,David H. Heller Attorney At Law | Law Firm,David H. Heller Attorney At Law,USA,77,55677,2026-09-22T08:16:43.113971461Z,"['AJAX Libraries API', 'Alternate Protocol', 'Apture Linking Platform', 'AudioEye', 'Call to Visit', 'DAV', 'EmbedPress', 'Express', 'Font Awesome', 'FreeCSSTemplates', 'Google Analytics', 'Google Cloud DNS', 'Google Maps', 'Google My Business', 'Google Tag Manager', 'LiteSpeed', 'Microdata for Google Shopping', 'NFOrce Internet', 'PHP', 'SMC', 'Site Reviews for Wordpress', 'Theme In WP', 'UTF-8', 'WP Lightbox 2', 'WP jQuery Lightbox', 'WordPress', 'WordPress Multisite', 'jQuery', 'reCAPTCHA']"
evanscolorado.gov,Home | City of Evans Colorado,,,67,79340,2026-09-22T07:59:35.141749665Z,"['Alternate Protocol', 'Angular', 'AudioEye', 'Azure Edge', 'CDN JS', 'Cloudflare', 'Cloudflare CDN', 'Content Delivery Network', 'ETranslate', 'Express', 'Facebook Login', 'Facebook Messenger Platform', 'Facebook Reseller', 'Fireblade', 'GTranslate', 'Google', 'Google Analytics', 'Google Cloud DNS', 'Google Custom Search', 'Google Font API', 'Google My Business', 'Google Tag Manager', 'Instagram Follow Button', 'NFOrce Internet', 'Neighborhoods', 'SMC', 'SearchLinks', 'Twitter Ads', 'UTF-8', 'YouTube', 'reCAPTCHA']"
ricksplumbinghartford.com,"Rick's Plumbing Inc | Plumbing Solutions | Hartford, WI",,,62,54920,2026-09-22T06:36:46.174370016Z,"['Amazon', 'Amazon CloudFront', 'Amazon S3 CDN', 'AudioEye', 'CloudFront', 'Duda', 'Facebook Login', 'Facebook Messenger Platform', 'Facebook Reseller', 'GZIP Module', 'Google Maps', 'Google My Business', 'Line2', 'Nginx', 'SMC', 'Storyblocks', 'Tailwind CSS', 'UTF-8']"
electricallstars.com,All Star Electric & Industrial Contractors Inc. | Electrician Services,All Star Electric & Industrial Contractors Inc.,USA,77,55186,2026-09-22T06:13:13.122408794Z,"['Alternate Protocol', 'Apture Linking Platform', 'AudioEye', 'EmbedPress', 'Express', 'Font Awesome', 'Google Analytics', 'Google Cloud DNS', 'Google Maps', 'Google My Business', 'Google Tag Manager', 'IcoMoon', 'Microdata for Google Shopping', 'NFOrce Internet', 'Nginx', 'No-Q', 'PHP', 'SMC', 'Theme In WP', 'UTF-8', 'WP Lightbox 2', 'WP jQuery Lightbox', 'WordPress', 'WordPress Multisite', 'jQuery', 'reCAPTCHA']"
sullivanmotors.net,Sullivan Motors Ltd | Auto Repair Shop,Sullivan Motors Ltd,CAN,77,57586,2026-09-22T06:13:13.122759252Z,"['Alternate Protocol', 'Apture Linking Platform', 'AudioEye', 'EmbedPress', 'Font Awesome', 'Google', 'Google Analytics', 'Google Cloud DNS', 'Google Font API', 'Google Maps', 'Google My Business', 'Google Tag Manager', 'IcoMoon', 'Instagram Follow Button', 'Microdata for Google Shopping', 'NFOrce Internet', 'No-Q', 'PHP', 'Perl', 'QUIC', 'SMC', 'Theme In WP', 'UTF-8', 'WP Lightbox 2', 'WP jQuery Lightbox', 'WordPress', 'WordPress Multisite', 'jQuery', 'reCAPTCHA']"
billstopnotchtowing.com,"Bill's Top Notch Towing | Car Towing | Lake Stevens, WA",,,62,95250,2026-09-22T05:45:09.578793102Z,"['Amazon', 'Amazon CloudFront', 'Amazon S3 CDN', 'AudioEye', 'CloudFront', 'DAV', 'Duda', 'Facebook Login', 'Facebook Messenger Platform', 'Facebook Reseller', 'Financial Services Guide', 'GZIP Module', 'KVH', 'Line2', 'Nginx', 'No-Q', 'O2MC Dimml', 'SMC', 'Storyblocks', 'Subversion', 'UTF-8']"
queencleaning716.com,"Home | Queen City Cleaning | Buffalo, NY",,USA,82,98469,2026-09-22T04:50:19.347842827Z,"['AWS WAF Challenge', 'Alternate Protocol', 'Amazon CloudFront', 'AudioEye', 'CloudFront', 'Cybot', 'Duda', 'Fireblade', 'FormSubmit', 'GZIP Module', 'Google Analytics', 'Google Customer Reviews', 'Google Related Website Sites', 'Google Tag Manager', 'Microdata for Google Shopping', 'Nginx', 'Perl', 'QUIC', 'ReviewWidget', 'SKWID', 'SMC', 'Styled Components', 'Tailwind CSS', 'Thank You', 'UTF-8']"
lakecitydumpsters.com,"Clean Outs | Lake City Dumpster Rentals LLC | Madison, WI",Lake City Dumpster Rentals LLC,MYS,82,68746,2026-09-22T04:36:10.469811751Z,"['Amazon', 'Amazon CloudFront', 'Amazon S3 CDN', 'AudioEye', 'BLR', 'Bing Cashback', 'Bing Conversion Tracking', 'CloudFront', 'Coming Soon Page', 'DAV', 'Duda', 'Facebook Login', 'Facebook Messenger Platform', 'Facebook Pixel', 'Facebook Reseller', 'Facebook Tag API', 'GZIP Module', 'Google My Business', 'Google Related Website Sites', 'IcoMoon', 'Idaq', 'Line2', 'Microdata for Google Shopping', 'Nginx', 'SMC', 'Schema Plugin', 'Storyblocks', 'Tailwind CSS', 'Tumblr', 'Twitter Ads', 'UTF-8', 'W3 Total Cache', 'iPromote', 'jsDelivr']"
troybuiltdecks.com,Home | Troy Built Decks,Troy Built Decks,USA,82,55078,2026-09-22T03:39:35.187413946Z,"['AJAX Libraries API', 'Alternate Protocol', 'Apture Linking Platform', 'AudioEye', 'Elfsight', 'EmbedPress', 'Font Awesome', 'Google Cloud DNS', 'Google Customer Reviews', 'Google Maps', 'Google My Business', 'Microdata for Google Shopping', 'NFOrce Internet', 'No-Q', 'PHP', 'Perl', 'QUIC', 'SMC', 'Tailwind CSS', 'Theme In WP', 'UTF-8', 'WordPress', 'WordPress Multisite', 'eLand', 'jQuery', 'reCAPTCHA']"
love2careinc.org,"Love 2 Care Inc. | Child Care | Upper Darby, PA",Love 2 Care Inc.,,82,66147,2026-09-22T03:25:51.851635101Z,"['Alternate Protocol', 'Amazon', 'Amazon CloudFront', 'Amazon S3 CDN', 'AudioEye', 'BLR', 'CloudFront', 'Coming Soon Page', 'DAV', 'Duda', 'Express', 'Facebook Login', 'Facebook Messenger Platform', 'Facebook Pixel', 'Facebook Reseller', 'Facebook Tag API', 'GZIP Module', 'Google My Business', 'Google Related Website Sites', 'IcoMoon', 'Instagram Follow Button', 'Line2', 'Microdata for Google Shopping', 'Nginx', 'PayPal Adaptive Payments', 'PayPal Button', 'PayPal Form', 'Pico CSS', 'SMC', 'Schema Plugin', 'Storyblocks', 'Subversion', 'Tailwind CSS', 'Tumblr', 'Twitter Ads', 'UTF-8', 'iPromote', 'jsDelivr']"
dccgroup.org,Diversified Capital & Consulting Group | General Contractor,Diversified Capital & Consulting Group,USA,77,54856,2026-09-22T03:16:50.863667458Z,"['Alternate Protocol', 'Apture Linking Platform', 'AudioEye', 'EmbedPress', 'Express', 'Font Awesome', 'Google Analytics', 'Google Cloud DNS', 'Google Maps', 'Google My Business', 'Google Tag Manager', 'IcoMoon', 'Microdata for Google Shopping', 'NFOrce Internet', 'PHP', 'SMC', 'Tailwind CSS', 'Theme In WP', 'UTF-8', 'WordPress', 'WordPress Multisite', 'jQuery', 'reCAPTCHA']"
randshoppe.com,Hoppe Painting Inc | Painting Contractor,Hoppe Painting Inc,ZAF,82,58092,2026-09-22T03:12:08.682003629Z,"['Alternate Protocol', 'Apture Linking Platform', 'AudioEye', 'EmbedPress', 'Express', 'GetResponse', 'Google', 'Google Analytics', 'Google Cloud DNS', 'Google Font API', 'Google Maps', 'Google My Business', 'Line2', 'Microdata for Google Shopping', 'NFOrce Internet', 'PHP', 'QUIC', 'SMC', 'UTF-8', 'Woo Themes', 'WooCommerce Checkout', 'WordPress', 'reCAPTCHA']"
theapartmentmoversinc.com,"Movers | The Apartment Movers | West Fargo, ND",The Apartment Movers,USA,82,66207,2026-09-22T02:19:51.076185326Z,"['Amazon', 'Amazon CloudFront', 'Amazon S3 CDN', 'AudioEye', 'BLR', 'CloudFront', 'DAV', 'Duda', 'Express', 'Facebook Login', 'Facebook Messenger Platform', 'Facebook Pixel', 'Facebook Reseller', 'Facebook Tag API', 'GZIP Module', 'Google Analytics', 'Google My Business', 'Google Related Website Sites', 'Google Tag Manager', 'IcoMoon', 'Line2', 'Microdata for Google Shopping', 'Nginx', 'Pico CSS', 'SMC', 'Schema Plugin', 'Storyblocks', 'Tailwind CSS', 'Tumblr', 'Twitter Ads', 'UTF-8', 'W3 Total Cache', 'jsDelivr']"
gbatx.com,"Home | G&B Property Management | Austin, TX",,USA,82,67064,2026-09-22T01:45:00.363055248Z,"['Alternate Protocol', 'Amazon CloudFront', 'AppFolio', 'AudioEye', 'CloudFront', 'Duda', 'Express', 'FormSubmit', 'GZIP Module', 'Google My Business', 'Microdata for Google Shopping', 'Nginx', 'Prospective', 'QUIC', 'SMC', 'Tailwind CSS', 'Thank You', 'UTF-8', 'University or College']"
primelandscapinganddesign.com,"Prime Landscaping - Landscaping | Lake Worth, FL",,,62,80250,2026-09-22T00:25:09.659800404Z,"['Alternate Protocol', 'Amazon', 'Amazon CloudFront', 'Amazon S3 CDN', 'AudioEye', 'CloudFront', 'Duda', 'Facebook Login', 'Facebook Messenger Platform', 'Facebook Reseller', 'GZIP Module', 'K2F', 'Line2', 'Microdata for Google Shopping', 'Nginx', 'No-Q', 'QUIC', 'SMC', 'Storyblocks', 'Tailwind CSS', 'UTF-8', 'eLand']"
quartersres.com,"Quarters Real Estate Services | Winston-Salem, NC",,USA,82,62464,2026-09-21T23:44:51.665770736Z,"['Amazon CloudFront', 'AppFolio', 'AudioEye', 'CloudFront', 'DAV', 'Duda', 'FormSubmit', 'GZIP Module', 'Google My Business', 'Google Tag Manager', 'Homeowners Association Software', 'Microdata for Google Shopping', 'Nginx', 'SMC', 'Tailwind CSS', 'Thank You', 'UTF-8']"
prestigeautorepairgarage.com,"Auto Repair Shop in Culver City, CA | Prestige Auto Repair Garage",Prestige Auto Repair Garage,,77,55736,2026-09-21T23:34:52.57455726Z,"['Amazon', 'Amazon CloudFront', 'Amazon S3 CDN', 'AudioEye', 'CloudFront', 'Duda', 'Facebook Login', 'Facebook Messenger Platform', 'Facebook Reseller', 'FormSubmit', 'GZIP Module', 'Google Maps', 'Google My Business', 'Google Related Website Sites', 'Line2', 'Microdata for Google Shopping', 'Nginx', 'Pico CSS', 'SMC', 'Storyblocks', 'Tailwind CSS', 'UTF-8']"
toddlertowncc.org,"Toddler Town | Child Care | Wyoming, MN",,,62,56108,2026-09-21T23:04:48.349856798Z,"['Amazon', 'Amazon CloudFront', 'Amazon S3 CDN', 'AudioEye', 'CloudFront', 'Duda', 'Facebook Login', 'Facebook Messenger Platform', 'Facebook Reseller', 'GZIP Module', 'Google Maps', 'Google My Business', 'Line2', 'Nginx', 'Oddle', 'SMC', 'Storyblocks', 'UTF-8']"
kascadeplaceapts.com,Kascade Place Apartments | NW Rochester,,USA,77,60784,2026-09-21T21:20:22.056760846Z,"['Alternate Protocol', 'Amazon CloudFront', 'AppFolio', 'AudioEye', 'CloudFront', 'Duda', 'FormSubmit', 'GZIP Module', 'Google Analytics', 'Google Related Website Sites', 'Google Tag Manager', 'Instagram Follow Button', 'Nginx', 'Parcel', 'QUIC', 'SMC', 'Tailwind CSS', 'Thank You', 'UTF-8']"
kregllc.com,Property Management and Homes & Apartments for Rent in Denver | Keen,,,67,65064,2026-09-21T21:04:30.47947953Z,"['Amazon CloudFront', 'AppFolio', 'AudioEye', 'CloudFront', 'Duda', 'FormSubmit', 'GZIP Module', 'Instagram Follow Button', 'Nginx', 'QUIC', 'SMC', 'Tailwind CSS', 'Thank You', 'UTF-8', 'Vector Internet Services']"
verobeachrent.com,"Home - Vero Beach Rent, LLC",,BRA,77,60880,2026-09-21T19:57:00.795458572Z,"['Alternate Protocol', 'Amazon CloudFront', 'AppFolio', 'AudioEye', 'CloudFront', 'Commoninja', 'Duda', 'Financial Services Guide', 'FormSubmit', 'GZIP Module', 'Google Related Website Sites', 'Google Tag Manager', 'Instagram Follow Button', 'Microdata for Google Shopping', 'Nginx', 'SMC', 'Tailwind CSS', 'Thank You', 'UTF-8']"
laconialibrary.org,"Library | Laconia, NH",,GBR,72,80968,2026-09-21T19:15:10.086857241Z,"['Apture Linking Platform', 'AudioEye', 'CivicPlus', 'GZIP Module', 'Google Analytics', 'Google Cloud DNS', 'Google Font API', 'Google Tag Manager', 'Instagram Follow Button', 'Material-UI', 'Microsoft Azure', 'Microsoft IIS', 'Oddle', 'QUIC', 'SMC', 'SiteW', 'Twitter Ads', 'UTF-8', 'University or College', 'Visual Studio', 'YouTube', 'jQuery']"
silesandsonsinc.com,Home | Dump Truck and Hauling Services,Siles & Sons Inc,USA,77,54945,2026-09-21T17:34:56.03205182Z,"['Alternate Protocol', 'Apture Linking Platform', 'AudioEye', 'EmbedPress', 'Font Awesome', 'FreeCSSTemplates', 'Google Analytics', 'Google Cloud DNS', 'Google Maps', 'Google My Business', 'Google Tag Manager', 'IcoMoon', 'Microdata for Google Shopping', 'NFOrce Internet', 'Nginx', 'PHP', 'SMC', 'Site Reviews for Wordpress', 'Theme In WP', 'UTF-8', 'WordPress', 'WordPress Multisite', 'jQuery', 'reCAPTCHA']"
insorlando.com,National Insurance Specialists | Insurance Broker,National Insurance Specialists,GBR,77,56788,2026-09-21T17:28:49.906818135Z,"['Alternate Protocol', 'Apture Linking Platform', 'AudioEye', 'EmbedPress', 'Font Awesome', 'Google', 'Google Analytics', 'Google Cloud DNS', 'Google Font API', 'Google Maps', 'Google My Business', 'Microdata for Google Shopping', 'NFOrce Internet', 'PHP', 'SMC', 'Theme In WP', 'UTF-8', 'WordPress', 'WordPress Multisite', 'jQuery', 'reCAPTCHA']"
castlejanitorial.com,Castle Janitorial Service | Janitorial Company,Castle Janitorial Service,CAN,82,52156,2026-09-21T16:59:16.665223633Z,"['AJAX Libraries API', 'Alternate Protocol', 'AudioEye', 'Better Lead Generation Services', 'EmbedPress', 'Font Awesome', 'Google Analytics', 'Google Cloud DNS', 'Google Maps', 'Google My Business', 'Google Tag Manager', 'IcoMoon', 'Instagram Follow Button', 'LiteSpeed', 'Microdata for Google Shopping', 'PHP', 'SMC', 'Theme In WP', 'UTF-8', 'WP Lightbox 2', 'WP jQuery Lightbox', 'WordPress', 'WordPress Multisite', 'YouTube', 'jQuery']"
goodsamclean.com,The Good Samaritan Cleaning Corporation | Janitorial Company,The Good Samaritan Cleaning Corporation,USA,82,58560,2026-09-21T16:59:16.662936799Z,"['Alternate Protocol', 'Apture Linking Platform', 'AudioEye', 'Better Lead Generation Services', 'EmbedPress', 'Express', 'GetResponse', 'Google', 'Google Analytics', 'Google Cloud DNS', 'Google Font API', 'Google Maps', 'Google My Business', 'IcoMoon', 'Line2', 'Microdata for Google Shopping', 'NFOrce Internet', 'Nginx', 'PHP', 'SMC', 'UTF-8', 'Woo Themes', 'WooCommerce Checkout', 'WordPress', 'reCAPTCHA']"
earlsplumbingandheatinginc.com,Earl's Plumbing & Heating Inc. | Plumbing Services,Earl's Plumbing & Heating Inc.,USA,82,54856,2026-09-21T16:36:10.681016318Z,"['Alternate Protocol', 'Apture Linking Platform', 'AudioEye', 'Better Lead Generation Services', 'EmbedPress', 'Express', 'Font Awesome', 'Google Analytics', 'Google Cloud DNS', 'Google Maps', 'Google My Business', 'Google Tag Manager', 'IcoMoon', 'Microdata for Google Shopping', 'NFOrce Internet', 'PHP', 'SMC', 'Theme In WP', 'UTF-8', 'WordPress', 'WordPress Multisite', 'jQuery', 'reCAPTCHA']"
frittsroofing.com,Fritts Roofing & Repair Company | Roofing Services,Fritts Roofing & Repair Company,USA,77,54945,2026-09-21T16:36:10.680815965Z,"['Alternate Protocol', 'Apture Linking Platform', 'AudioEye', 'EmbedPress', 'Font Awesome', 'FreeCSSTemplates', 'Google Analytics', 'Google Cloud DNS', 'Google Maps', 'Google My Business', 'Google Tag Manager', 'IcoMoon', 'Instagram Follow Button', 'LiteSpeed', 'Microdata for Google Shopping', 'NFOrce Internet', 'PHP', 'SMC', 'Site Reviews for Wordpress', 'Theme In WP', 'UTF-8', 'WordPress', 'WordPress Multisite', 'jQuery', 'reCAPTCHA']"
surefenceinc.ca,"Home | Barrie, Toronto and Orillia Fencing Contractor, Fence Installation and Custom Fence Building",Sure Fence Inc.,USA,77,54388,2026-09-21T16:36:10.676433374Z,"['AJAX Libraries API', 'Alternate Protocol', 'Apture Linking Platform', 'AudioEye', 'EmbedPress', 'Express', 'Font Awesome', 'Google Cloud DNS', 'Google Maps', 'Google My Business', 'Microdata for Google Shopping', 'NFOrce Internet', 'PHP', 'SMC', 'Theme In WP', 'UTF-8', 'WordPress', 'WordPress Multisite', 'jQuery', 'reCAPTCHA']"
pacecorporation.com,Fire Safety Equipment | Pace Corporation | Wisconsin,,,67,101157,2026-09-21T16:36:10.636761533Z,"['Alternate Protocol', 'Amazon', 'Amazon CloudFront', 'Amazon S3 CDN', 'AudioEye', 'BLR', 'CloudFront', 'DAV', 'Duda', 'Express', 'Facebook Login', 'Facebook Messenger Platform', 'Facebook Pixel', 'Facebook Reseller', 'Facebook Tag API', 'Fireblade', 'GZIP Module', 'Google My Business', 'Google Related Website Sites', 'IcoMoon', 'Instagram Follow Button', 'KVH', 'Line2', 'Microdata for Google Shopping', 'Nginx', 'SMC', 'Schema Plugin', 'Storyblocks', 'Subversion', 'Tailwind CSS', 'Tumblr', 'Twitter Ads', 'UTF-8', 'Vvveb', 'jsDelivr']"
schroederproperties.com,"Schroeder Real Estate Management LLC | Gulf Coast, MS",,USA,77,105397,2026-09-21T16:36:10.635980967Z,"['Alternate Protocol', 'Amazon CloudFront', 'AppFolio', 'AudioEye', 'CloudFront', 'DAV', 'Duda', 'Financial Services Guide', 'Font Awesome', 'GZIP Module', 'Google Tag Manager', 'K2F', 'KVH', 'Microdata for Google Shopping', 'Nginx', 'No-Q', 'SMC', 'Subversion', 'UTF-8', 'eLand']"
galahairartistry.com,"Home | Garwood, Westfield and Scotch Plains Hair Salon, Hair Coloring Services and Balayage",Gala Hair Artistry,USA,77,51777,2026-09-21T16:25:04.283613861Z,"['Alternate Protocol', 'AudioEye', 'EmbedPress', 'Express', 'Font Awesome', 'FreeCSSTemplates', 'Google Cloud DNS', 'Google Font API', 'Google Maps', 'Google My Business', 'Instagram Follow Button', 'Microdata for Google Shopping', 'PHP', 'SMC', 'Site Reviews for Wordpress', 'Tailwind CSS', 'Theme In WP', 'UTF-8', 'WordPress', 'WordPress Multisite', 'jQuery']"
