domain,title,business_name,country,seo_score,tech_spend,crawled_at,technologies
sharneeepley.net,"Sharnee Epley | Mortgage Loan Originator | Residential Mortgage, LLC","Residential Mortgage, LLC",USA,77,103949,2026-08-13T22:27:44.791771488Z,"['AWS WAF Challenge', 'Content Delivery Network', 'Facebook Pixel', 'Facebook Tag API', 'Fireblade', 'Font Awesome', 'GZIP Module', 'Global Privacy Control', 'Google', 'Google Analytics', 'Google Cloud DNS', 'Google Font API', 'Google Related Website Sites', 'Google Tag Manager', 'M247', 'MyFonts', 'Nationwide Mortgage Licensing System and Registry', 'QUIC', 'SMC', 'Tailwind CSS', 'UTF-8', 'UserWay', 'Visx']"
drmalandrakis.co.uk,Bespoke Facial Aesthetics & Oculoplastic Surgery in London,,GBR,77,28075,2026-08-13T21:45:11.306360168Z,"['Alternate Protocol', 'Amazon WAF Blocked', 'Aruba', 'Cisco/Arrowpoint Content Service Switch', 'Divi', 'Elegant Themes', 'EmbedPress', 'Google', 'Google My Business', 'Google Related Website Sites', 'Instagram Follow Button', 'LiteSpeed', 'Mermaid', 'Microdata for Google Shopping', 'MyFonts', 'On The Map', 'PHP', 'Share Link', 'Sitelinks Search Box', 'Theme In WP', 'Twitter Ads', 'UTF-8', 'Ultimate Blocks', 'Woo Themes', 'WordPress', 'WordPress Multisite', 'YouTube', 'eLand', 'jQuery', 'reCAPTCHA']"
qandqlabs.com,"Scantox | CRO | Discovery, Toxicology & Formulation Services",Scantox,FRA,87,28659,2026-08-13T21:04:34.022997615Z,"['AWS WAF Challenge', 'Content Delivery Network', 'Corporate Governance and Regulatory Compliance', 'Elementor', 'EmbedPress', 'GenerateBlocks', 'GeneratePress Company', 'Google Analytics', 'Google Related Website Sites', 'Google Tag Manager', 'Gravity', 'Gravity Forms', 'HubSpot WordPress Plugin', 'InitiativeS', 'LiteSpeed', 'Matomo Tag Manager', 'Microdata for Google Shopping', 'MyFonts', 'NFOrce Internet', 'PHP', 'Perfmatters', 'QUIC', 'Table Addons for Elementor', 'Theme In WP', 'Twitter Ads', 'UTF-8', 'UberMenu', 'WPML Multilingual', 'WordPress', 'WordPress Multisite', 'jQuery']"
ccyarchitects.com,CCY Architects | Architecture - Interior Design,CCY Architects,,72,1019,2026-08-13T20:11:03.509979534Z,"['Adult Content', 'Alternate Protocol', 'CDN JS', 'Cloudflare', 'Cloudflare CDN', 'Content Delivery Network', 'ElementUI', 'Financial Services Guide', 'Font Awesome', 'Google Analytics', 'Google Related Website Sites', 'Google Tag Manager', 'Instagram Follow Button', 'Microdata for Google Shopping', 'MyFonts', 'PWA', 'Twitter Ads', 'UTF-8']"
danburnage.com,Dan Burnage | Designer,,,67,200,2026-08-13T16:47:02.690494306Z,"['Apache', 'ElementUI', 'GZIP Module', 'Google Analytics', 'Google Tag Manager', 'Instagram Follow Button', 'Interchange', 'MyFonts', 'PHP', 'UTF-8', 'University or College']"
sethobanion.com,"Seth O'Banion | Mortgage Loan Originator | Residential Mortgage, LLC","Residential Mortgage, LLC",USA,77,88949,2026-08-13T16:47:02.687155948Z,"['Content Delivery Network', 'Facebook Pixel', 'Facebook Tag API', 'Fireblade', 'Font Awesome', 'GZIP Module', 'Global Privacy Control', 'Google', 'Google Analytics', 'Google Cloud DNS', 'Google Font API', 'Google Related Website Sites', 'Google Tag Manager', 'M247', 'MyFonts', 'Nationwide Mortgage Licensing System and Registry', 'QUIC', 'SMC', 'Tailwind CSS', 'UTF-8', 'UserWay', 'Visx']"
nicoleakers.net,"Nicole Akers | Mortgage Loan Originator | Residential Mortgage, LLC","Residential Mortgage, LLC",USA,77,88949,2026-08-13T16:47:02.687021786Z,"['Content Delivery Network', 'Facebook Pixel', 'Facebook Tag API', 'Fireblade', 'Font Awesome', 'GZIP Module', 'Global Privacy Control', 'Google', 'Google Analytics', 'Google Cloud DNS', 'Google Font API', 'Google Related Website Sites', 'Google Tag Manager', 'M247', 'MyFonts', 'Nationwide Mortgage Licensing System and Registry', 'QUIC', 'SMC', 'Tailwind CSS', 'UTF-8', 'University or College', 'UserWay', 'Visx']"
300dunsmuir.ca,The Post Vancouver | VANCOUVER'S FUTURE,The Post Vancouver,CAN,67,17757,2026-08-13T12:20:29.175491468Z,"['AWS WAF Challenge', 'Alternate Protocol', 'Cloudflare', 'Content Delivery Network', 'CoreUI', 'EmbedPress', 'Genesis Blocks', 'Google Analytics', 'Google Tag Manager', 'Gravity', 'Gravity Forms', 'Instagram Follow Button', 'Microdata for Google Shopping', 'MyFonts', 'PHP', 'QUIC', 'Theme In WP', 'UTF-8', 'UserWay', 'WP Engine', 'WordPress', 'WordPress Multisite', 'jQuery']"
ronnyemborg.com,Ronny Emborg,,,57,53,2026-08-13T11:34:01.725258431Z,"['Alternate Protocol', 'Apture Linking Platform', 'Content Delivery Network', 'Fontello', 'Google Analytics', 'Google Cloud DNS', 'Google Font API', 'Google Related Website Sites', 'Google Tag Manager', 'LiteSpeed', 'Microdata for Google Shopping', 'MyFonts', 'PHP', 'Theme In WP', 'UTF-8', 'WordPress', 'WordPress Multisite', 'YouTube']"
habits.it,Habits,,THA,72,15448,2026-08-13T09:27:47.264280238Z,"['Alternate Protocol', 'Azion', 'BLR', 'Contact Form Plugin', 'EmbedPress', 'Fastly', 'Font Awesome', 'Google Analytics', 'Google My Business', 'Google Tag Manager', 'Instagram Follow Button', 'Microdata for Google Shopping', 'MyFonts', 'Nginx', 'PHP', 'PWA', 'Parallels Plesk Panel', 'Tailwind CSS', 'Theme In WP', 'Tumblr', 'UTF-8', 'WordPress', 'WordPress Multisite', 'YouTube', 'reCAPTCHA']"
bristoldoorsopenday.org.uk,Bristol Doors Open Day |,,GBR,70,15240,2026-08-12T23:55:27.176158016Z,"['Alternate Protocol', 'Cloudflare', 'Cloudflare CDN', 'Fireblade', 'Google Analytics', 'Google Cloud DNS', 'Google Font API', 'MyFonts', 'PHP', 'Po.st', 'Share Link', 'Tailwind CSS', 'Theme In WP', 'Twitter Ads', 'WordPress', 'WordPress Multisite']"
coastal.construction,Coastal Construction,,USA,50,2250,2026-08-12T23:17:49.228703777Z,"['Apache', 'CDN JS', 'Cloudflare', 'Cloudflare CDN', 'GZIP Module', 'Google Analytics', 'Google Tag Manager', 'MyFonts', 'RM Education', 'Tailwind CSS', 'Typeform']"
1railaustralia.com.au,One Rail Australia,NCIG - Newcastle Coal Infrastructure Group,AUS,72,1370,2026-08-12T18:45:57.406550498Z,"['Alternate Protocol', 'Apache', 'Apture Linking Platform', 'EWWW Image Optimizer', 'EmbedPress', 'Font Awesome', 'GZIP Module', 'GitHub Hosting', 'Google Analytics', 'Google Cloud DNS', 'Google Related Website Sites', 'Google Tag Manager', 'Microdata for Google Shopping', 'MyFonts', 'One Designs', 'PHP', 'QUIC', 'Tailwind CSS', 'Theme In WP', 'UTF-8', 'WP Rocket', 'WordPress', 'jQuery']"
mmbsy.be,"MMBSY | A Full-service PR, Influencer & Content Marketing Agency in Antwerp, Amsterdam",MMBSY,NLD,82,35968,2026-08-12T13:57:59.682644352Z,"['Add to Any', 'Alternate Protocol', 'Amazon WAF Blocked', 'Anti-spam for WordPress', 'ByteDance', 'CleanTalk Spam Protect', 'Complianz', 'Contact Form Plugin', 'Content ad', 'DuracellTomi Google Tag Manager for WordPress', 'EWWW Image Optimizer', 'Easy Social Icons for WordPress', 'EmbedPress', 'Facebook Conversion Tracking', 'Facebook Login', 'Facebook Messenger Platform', 'Facebook Pixel', 'Facebook Reseller', 'Facebook Tag API', 'Fireblade', 'GZIP Module', 'Google Analytics', 'Google Cloud DNS', 'Google Font API', 'Google Related Website Sites', 'Google Tag Manager', 'IcoMoon', 'Instagram Feed for WordPress', 'Instagram Follow Button', 'Line2', 'Microdata for Google Shopping', 'MyFonts', 'Nectar Slide Plugin', 'Nginx', 'On The Map', 'PHP', 'QUIC', 'Salient', 'Sitelinks Search Box', 'Theme In WP', 'TikTok Conversion Tracking Pixel', 'UTF-8', 'WPBakery', 'WordPress', 'WordPress Multisite', 'jQuery', 'uPress']"
raymondsierka.com,"Raymond Sierka | Mortgage Loan Originator | Residential Mortgage, LLC","Residential Mortgage, LLC",USA,77,88949,2026-08-12T09:55:36.918238993Z,"['Content Delivery Network', 'Facebook Pixel', 'Facebook Tag API', 'Fireblade', 'Font Awesome', 'GZIP Module', 'Global Privacy Control', 'Google', 'Google Analytics', 'Google Cloud DNS', 'Google Font API', 'Google Related Website Sites', 'Google Tag Manager', 'M247', 'MyFonts', 'Nationwide Mortgage Licensing System and Registry', 'QUIC', 'SMC', 'Tailwind CSS', 'UTF-8', 'UserWay', 'Visx']"
bradingcommunityarchive.com,Brading Community Archive Home - Brading Community Archive,,,60,890,2026-08-12T07:18:23.934894982Z,"['Alternate Protocol', 'CheryFramework', 'Column Shortcodes', 'Content Delivery Network', 'Cookie Accept', 'Cookie Notice', 'EmbedPress', 'Express', 'Facebook Login', 'Facebook Messenger Platform', 'Facebook Reseller', 'Fastly', 'Font Awesome', 'Google Cloud DNS', 'Google Font API', 'Google Maps', 'Google My Business', 'Hive.co', 'LiteSpeed', 'Microdata for Google Shopping', 'MyFonts', 'PHP', 'Pleroma', 'QUIC', 'Share Link', 'Simple Share Buttons Adder', 'Slider Revolution', 'Subversion', 'Theme In WP', 'Twitter Ads', 'UTF-8', 'WoWonder', 'Woo Themes', 'WordPress', 'WordPress Multisite', 'jQuery']"
billwarinner.com,Home - Bill Warinner,,USA,65,30888,2026-08-12T05:23:41.781192718Z,"['AJAX Libraries API', 'Alternate Protocol', 'Apache', 'Beaver Builder Lite', 'Bulma', 'CDN JS', 'Cloudflare', 'Cloudflare CDN', 'Debian', 'DuracellTomi Google Tag Manager for WordPress', 'EmbedPress', 'Font Awesome', 'GZIP Module', 'Google Analytics', 'Google Cloud DNS', 'Google Font API', 'Google My Business', 'Google Tag Manager', 'LeadRouter', 'MoxiWorks', 'MyFonts', 'PHP', 'QUIC', 'Sitelinks Search Box', 'Thank You', 'UTF-8', 'Windermere Real Estate', 'WordPress', 'WordPress Multisite', 'Zendesk Embeddables', 'jQuery', 'jsDelivr', 'reCAPTCHA']"
meehanmutualfunds.com,Home | Meehan Focus Fund,,USA,70,5580,2026-08-12T03:34:48.305619523Z,"['Apture Linking Platform', 'CDN JS', 'Cloudflare', 'Cloudflare CDN', 'Financial Industry Regulatory Authority', 'GZIP Module', 'Google', 'Google Cloud DNS', 'Google Font API', 'Microsoft Azure', 'Microsoft IIS', 'MyFonts', 'Visual Studio', 'Yahoo Finance Widget']"
andvitz.com,ANDRITZ GROUP,,IND,82,25299,2026-08-12T02:13:40.261325779Z,"['AWS WAF Challenge', 'Alternate Protocol', 'Apture Linking Platform', 'GZIP Module', 'Microdata for Google Shopping', 'MyFonts', 'Newsletter for Wordpress', 'Nginx', 'PHP', 'Piwik PRO', 'Tailwind CSS', 'Twitter Ads', 'UTF-8', 'YouTube', 'shadcn ui']"
novimpianti.biz,"ANDRITZ Novimpianti S.r.l. | Marlia, Capannori (Lucca)",,ITA,82,25299,2026-08-12T01:41:08.156800159Z,"['AWS WAF Challenge', 'GZIP Module', 'MyFonts', 'Newsletter for Wordpress', 'Nginx', 'PHP', 'Piwik PRO', 'QUIC', 'UTF-8', 'YouTube', 'shadcn ui']"
stylecraft.com.au,Home | Stylecraft,,,57,50,2026-08-12T00:49:57.625482925Z,"['Alternate Protocol', 'Content Delivery Network', 'Google Analytics', 'Google Related Website Sites', 'Google Tag Manager', 'Instagram Follow Button', 'Microdata for Google Shopping', 'MyFonts', 'Next.js', 'Pleroma', 'Styled Components', 'UTF-8', 'Vercel']"
fuchs-interiors.de,Fuchs Interiors | Interior Design,,,50,228,2026-08-12T00:02:52.109693571Z,"['Add to Any', 'Alternate Protocol', 'Apache', 'Contact Form Plugin', 'Divi', 'Elegant Themes', 'EmbedPress', 'GZIP Module', 'Instagram Follow Button', 'MyFonts', 'PHP', 'Theme In WP', 'UTF-8', 'Woo Themes', 'WordPress', 'WordPress Multisite', 'jQuery']"
sharesies.au,"Unite your wealth | Invest, KiwiSaver, Crypto, Spend, Save, Insure—Sharesies New Zealand",,,72,226388,2026-08-12T00:02:52.099160098Z,"['App Store', 'ByteDance', 'CDN JS', 'Cloudflare', 'Cloudflare CDN', 'Content Delivery Network', 'Contentful', 'DemDex', 'DoubleClick Bid Manager', 'Facebook Reseller', 'Google', 'Google Analytics', 'Google Cloud DNS', 'Google Font API', 'Google My Business', 'Google Play', 'Google Related Website Sites', 'Google Reseller', 'Google Tag Manager', 'GrowthBook', 'Imgix', 'Instagram Follow Button', 'Intercom', 'Line2', 'LinkedIn Pixel', 'Mixpanel', 'MyFonts', 'Next.js', 'Ntent', 'Pleroma', 'Salesforce Audience Studio', 'Smart App Banner', 'Twitter Ads', 'UTF-8', 'Vercel', 'YouTube']"
irving.design,Irving Design – Digital & Print Design Agency,,AUS,50,850,2026-08-11T21:48:20.734661057Z,"['AWS WAF Challenge', 'Alternate Protocol', 'Cloudflare', 'Cloudflare CDN', 'Cloudflare Web Analytics', 'Content Delivery Network', 'EmbedPress', 'Fastly', 'MyFonts', 'PHP', 'SVG Support', 'Theme In WP', 'UTF-8', 'WordPress', 'WordPress Multisite', 'eLand', 'jQuery']"
conorbond.com,unlimited.bond,,GBR,65,688,2026-08-11T21:22:43.58014792Z,"['Alternate Protocol', 'Apture Linking Platform', 'Content Delivery Network', 'EmbedPress', 'Google Analytics', 'Google Tag Manager', 'LiteSpeed', 'MyFonts', 'PHP', 'SiteW', 'Tailwind CSS', 'Theme In WP', 'UTF-8', 'Vimeo', 'Woo Themes', 'WordPress', 'WordPress Multisite', 'jQuery', 'qTranslate']"
penerbitdaniel.web.id,PENERBIT DANIEL – Online Profiles,,IDN,72,440,2026-08-11T20:25:09.001445532Z,"['Alternate Protocol', 'CDN JS', 'Cloudflare', 'Cloudflare CDN', 'EmbedPress', 'GZIP Module', 'Google Cloud DNS', 'Google Font API', 'MyFonts', 'Nginx', 'PHP', 'Perl', 'Strong Testimonials', 'Theme In WP', 'Twitter Ads', 'UTF-8', 'Ubuntu', 'University or College', 'Woo Themes', 'WooCommerce', 'WooCommerce Checkout', 'WordPress', 'WordPress Multisite', 'YouTube', 'eLand', 'jQuery']"
nhgtempjobs.co.uk,Home - NHG - NHG,,GBR,57,10362,2026-08-11T16:08:48.361306624Z,"['Adobe Creative Cloud WebFonts', 'CDN JS', 'Cloudflare', 'Cloudflare CDN', 'Cloudflare Web Analytics', 'ElementUI', 'Feefo', 'Fireblade', 'K2', 'MyFonts', 'Perl', 'QUIC', 'Shifter', 'Tailwind CSS', 'Thank You', 'Twitter Ads', 'UTF-8', 'Vimeo', 'jQuery', 'jsDelivr', 'reCAPTCHA']"
tydedigital.com,Tyde | The Operational Brain of Enterprise,,,77,15828,2026-08-11T15:42:29.737404328Z,"['AJAX Libraries API', 'AWS WAF Challenge', 'Apture Linking Platform', 'CDN JS', 'Cloudflare', 'Cloudflare CDN', 'Content Delivery Network', 'ElementUI', 'Elfsight', 'Google Cloud DNS', 'InitiativeS', 'MyFonts', 'Netlify', 'UTF-8', 'jQuery', 'jsDelivr', 'shadcn ui']"
givehopeguatemala.org,"Give Hope Guatemala Education Foundation, Inc. Home Page",,ESP,82,16180,2026-08-11T13:16:49.876506169Z,"['501c3 Status Nonprofit', 'Content Delivery Network', 'DAV', 'GZIP Module', 'GoDaddy', 'MyFonts', 'Sucuri Cloudproxy', 'University or College', 'Wangsu', 'Website Tonight']"
clarusboards.com,Glass Whiteboards & Dry Erase Board Products | Clarus,,USA,77,206816,2026-08-11T12:01:51.156790699Z,"['AJAX Libraries API', 'Adobe Analytics', 'Adobe Marketing Cloud', 'Alternate Protocol', 'Angular Material', 'Better Lead Generation Services', 'Bridge', 'Content Delivery Network', 'ContentBox', 'EmbedPress', 'Fastly', 'Font Awesome', 'GZIP Module', 'Google Analytics', 'Google Cloud DNS', 'Google Font API', 'Google My Business', 'Google Tag Manager', 'Gravity Forms', 'Harbor', 'Hotjar', 'InitiativeS', 'Instagram Follow Button', 'Microdata for Google Shopping', 'MyFonts', 'NFOrce Internet', 'Nginx', 'PHP', 'QUIC', 'Schema Plugin', 'Slider Revolution', 'Tailwind CSS', 'Theme In WP', 'Twitter Ads', 'UTF-8', 'WP Engine', 'WPBakery', 'WordPress', 'WordPress Multisite', 'YouTube', 'eLand', 'jQuery']"
appliquecafeblog.com,Applique Cafe Blog,,USA,65,1262,2026-08-11T11:16:07.697944798Z,"['Alternate Protocol', 'Amazon Widgets', 'Angular', 'Apache', 'Craftsy', 'EmbedPress', 'Express', 'GZIP Module', 'Google Analytics', 'Instagram Follow Button', 'Interchange', 'Microdata for Google Shopping', 'MyFonts', 'PHP', 'Perl', 'QUIC', 'Simple Social Icons', 'StudioPress', 'Theme In WP', 'Twitter Ads', 'UTF-8', 'University or College', 'WordPress', 'WordPress Multisite', 'YouTube', 'jQuery']"
clipperproperties.co.uk,"Clipper Properties, Bristol - Run by three of the City's best known property professionals with extensive combined experience of the regions' property market. - Clipper Properties","Clipper Properties, Bristol - Run by three of the City's best known property professionals with extensive combined experience of the regions' property market.",GBR,77,3157,2026-08-11T04:53:56.614086322Z,"['Bulma', 'DAV', 'Google', 'Google Cloud DNS', 'Google Font API', 'IcoMoon', 'Joomla!', 'LiteSpeed', 'Microdata for Google Shopping', 'MyFonts', 'PHP', 'QUIC', 'RokNavMenu', 'Smart Slider 3', 'UTF-8', 'eLand', 'jQuery']"
cruzbuilt.com,"Home - Custom Home Builder & Remodeling Contractor in Greensboro, NC",Cruz Built,SHN,82,106173,2026-08-11T02:18:01.705583627Z,"['Aruba', 'Contento', 'DAV', 'Express', 'GZIP Module', 'Google Analytics', 'Google Tag Manager', 'Instagram Follow Button', 'Line2', 'Magento Enterprise', 'Microdata for Google Shopping', 'MyFonts', 'QUIC', 'Share Link', 'SiteW', 'Squarespace', 'UTF-8', 'Vector Internet Services', 'WordPress SEO Structured Data Schema Plugin', 'YouTube', 'eLand']"
sandalwooddesign.co.nz,Sandalwood Design | Home,,NZL,57,612,2026-08-11T00:39:53.669235396Z,"['AJAX Libraries API', 'Fonts.com', 'Google Analytics', 'Google Cloud DNS', 'Google My Business', 'Microsoft Azure', 'Microsoft IIS', 'MyFonts', 'UTF-8', 'Visual Studio', 'reCAPTCHA']"
ubezpieczenia-premium.pl,Ubezpieczenia Premium - Katowice,,,60,110,2026-08-10T23:30:14.384351412Z,"['Apache', 'AutoComplete', 'GZIP Module', 'Google Related Website Sites', 'Microsoft 365', 'MyFonts', 'Tailwind CSS', 'UTF-8', 'Vimeo']"
nusolacetherapy.com,"Therapist In Marlton, NJ | Nu Solace Therapy, LLC","Nu Solace Therapy, LLC",USA,77,126213,2026-08-10T21:33:31.323877813Z,"['AJAX Libraries API', 'Aruba', 'Contento', 'Express', 'GZIP Module', 'Google Analytics', 'Google Cloud DNS', 'Google Tag Manager', 'Instagram Follow Button', 'Line2', 'Magento Enterprise', 'Medium', 'Microdata for Google Shopping', 'MyFonts', 'QUIC', 'SiteW', 'Squarespace', 'UTF-8', 'Vector Internet Services', 'Walker Strategy Co', 'WordPress SEO Structured Data Schema Plugin', 'eLand', 'jQuery']"
spencerpearson.net,Spencer Pearson | Full Stack Web Developer,,USA,70,7257,2026-08-10T16:15:10.384926852Z,"['Amazon', 'BootstrapMade', 'CDN JS', 'Cloudflare', 'Cloudflare CDN', 'DAV', 'GZIP Module', 'GitHub Hosting', 'Google Cloud DNS', 'Google Font API', 'HostGator', 'IcoMoon', 'Microsoft Azure', 'Microsoft IIS', 'MyFonts', 'Parallels Plesk Panel', 'QUIC', 'Subversion', 'Tailwind CSS', 'Thank You', 'UTF-8', 'University or College', 'UserWay', 'Visual Studio', 'jQuery']"
motleybun.ch,Mötley Bunch ✿ We save flowers from landfill,,,57,531,2026-08-10T12:13:24.95391126Z,"['Alternate Protocol', 'Aruba', 'Express', 'FormSubmit', 'GZIP Module', 'Google My Business', 'Instagram Follow Button', 'Line2', 'Microdata for Google Shopping', 'MyFonts', 'QUIC', 'Squarespace', 'UTF-8', 'WordPress SEO Structured Data Schema Plugin', 'eLand']"
vrhorseman.com,We are horseman! - vrhorseman.com,,,55,7553,2026-08-10T09:30:10.693637646Z,"['Alternate Protocol', 'Apache', 'EmbedPress', 'Express', 'Fireblade', 'GZIP Module', 'Google Cloud DNS', 'Google Font API', 'Microdata for Google Shopping', 'MyFonts', 'PHP', 'Photo Gallery for WordPress', 'Sassy Social Share', 'Theme In WP', 'Twitter Ads', 'UTF-8', 'WordPress', 'WordPress Multisite', 'jQuery']"
hawe-speed.com,High-speed doors direct from the manufacturer - HaWe Speed GmbH,,,82,15920,2026-08-10T05:43:12.780249532Z,"['AutoComplete', 'Fireblade', 'Google Analytics', 'Google Related Website Sites', 'Google Tag Manager', 'Microdata for Google Shopping', 'MyFonts', 'Nginx', 'Perl', 'UTF-8', 'jQuery']"
greenyardcafe.ie,Home - Green Yard Café,Green Yard Cafe,IRL,75,31647,2026-08-10T04:33:31.166963381Z,"['Alternate Protocol', 'Contact Form Plugin', 'Content Delivery Network', 'EmbedPress', 'Font Awesome', 'Google My Business', 'Instagram Feed for WordPress', 'Instagram Follow Button', 'LiteSpeed', 'Microdata for Google Shopping', 'MyFonts', 'PHP', 'QUIC', 'The Fresh', 'Theme In WP', 'UTF-8', 'WordPress', 'WordPress Multisite', 'jQuery', 'reCAPTCHA']"
gesaetzeltes.de,Gesätzeltes - Das Buch von Günter Göge,,DEU,62,668,2026-08-10T01:50:36.359665167Z,"['Apache', 'Bulma', 'Express', 'IcoMoon', 'License Buttons', 'MyFonts', 'Tailwind CSS', 'jQuery']"
ninefour.com,"Web design and development Newbury, Berkshire",,USA,72,708,2026-08-10T00:10:20.607400304Z,"['AJAX Libraries API', 'Bulma', 'Express', 'Facebook Customer Chat SDK', 'Facebook Login', 'Facebook Reseller', 'FreeCSSTemplates', 'GZIP Module', 'GitHub Hosting', 'Google Analytics', 'Google Cloud DNS', 'Google Customer Reviews', 'Google Tag Manager', 'IcoMoon', 'Instagram Follow Button', 'LiteSpeed', 'Microdata for Google Shopping', 'MyFonts', 'PHP', 'Schema Plugin', 'UTF-8', 'University or College', 'YouTube', 'jQuery']"
taxingnannies.co.uk,Taxing Nannies | Nanny tax and payroll service,Taxing Nannies,GBR,77,222004,2026-08-09T22:23:23.422142381Z,"['Alternate Protocol', 'Amazon WAF Blocked', 'Apache', 'Clockwork', 'Cloudflare', 'DAV', 'DoubleClick Bid Manager', 'EmbedPress', 'Event Tickets for Wordpress', 'Facebook Pixel', 'Facebook Reseller', 'Facebook Tag API', 'FreeBSD', 'GDPR Cookie Compliance', 'GZIP Module', 'Google', 'Google Analytics', 'Google Cloud CDN', 'Google Cloud DNS', 'Google Font API', 'Gravity', 'Gravity Forms', 'Instagram Follow Button', 'KeyCDN', 'Microdata for Google Shopping', 'MyFonts', 'PHP', 'Python', 'QUIC', 'SMC', 'Salesforce Hosted', 'Shopware', 'SiteW', 'Slider Revolution', 'The Events Calendar', 'ThemeFusion', 'TrustIndex', 'UTF-8', 'University or College', 'Vector Internet Services', 'Woo Themes', 'WordPress', 'WordPress Multisite', 'WordPress Related Posts', 'Yandex Hosting', 'jQuery', 'symfony PHP Framework']"
lawjournaltv.com,The American Law Journal: Home,,USA,72,3456,2026-08-09T15:58:53.962352579Z,"['Concrete CMS', 'Constant Contact', 'Content Delivery Network', 'GZIP Module', 'Google Analytics', 'Google Cloud DNS', 'Google Code Prettify', 'Google Font API', 'Google Related Website Sites', 'IcoMoon', 'MyFonts', 'Nginx', 'Oddle', 'PHP', 'Parallels Plesk Panel', 'Twitter Ads', 'UTF-8', 'YouTube', 'jQuery']"
ungdommeligogfrisk.no,Site 3.0,,,50,5540,2026-08-09T08:06:47.480782041Z,"['Apture Linking Platform', 'CDN JS', 'Cloudflare', 'Cloudflare CDN', 'GZIP Module', 'Google Analytics', 'Google Tag Manager', 'Instagram Follow Button', 'K2F', 'MyFonts', 'Subversion', 'Twitter Ads', 'UTF-8', 'Unix', 'accessiBe', 'eLand']"
magel-solar.de,MAGEL SOLAR & ÜBERDACHUNGEN,,DEU,72,436,2026-08-09T07:29:00.671278968Z,"['Amazon CloudFront', 'CloudFront', 'GZIP Module', 'Google My Business', 'Instagram Follow Button', 'MyFonts', 'Next.js', 'Nginx', 'Pleroma', 'QUIC', 'Tailwind CSS', 'UTF-8', 'Ubuntu', 'eRech24 Safe Sharing', 'shadcn ui']"
naturalhistory.dk,Statens Naturhistoriske Museum,,,72,34874,2026-08-09T01:07:31.566482348Z,"['Alternate Protocol', 'BunnyCDN', 'BunnyCDN General', 'Content Delivery Network', 'Cookie Information', 'Drupal', 'Facebook Conversion Tracking', 'Facebook Login', 'Facebook Messenger Platform', 'Facebook Pixel', 'Facebook Reseller', 'Facebook Tag API', 'GZIP Module', 'Google Analytics', 'Google Related Website Sites', 'Google Tag Manager', 'Instagram Follow Button', 'KVH', 'MyFonts', 'Nginx', 'Piwik PRO', 'Tailwind CSS', 'UTF-8', 'YouTube']"
northernlightsyukon.com,Northern Lights Inn Hotel Experience in Scenic Yukon Canada,Northern Lights Resort & Spa,ZAF,77,21075,2026-08-09T00:35:22.633026856Z,"['AWS WAF Challenge', 'Adobe Creative Cloud WebFonts', 'Alternate Protocol', 'Apture Linking Platform', 'Cloudflare', 'Cloudflare CDN', 'Content Delivery Network', 'DAV', 'Divi', 'Elegant Themes', 'EmbedPress', 'Ethy', 'Financial Services Guide', 'GZIP Module', 'Google', 'Google Analytics', 'Google Cloud CDN', 'Google Cloud DNS', 'Google Font API', 'Google My Business', 'Google Tag Manager', 'Instagram Follow Button', 'Microdata for Google Shopping', 'MyFonts', 'Nginx', 'No-Q', 'PHP', 'QUIC', 'Subversion', 'Theme In WP', 'UTF-8', 'Visx', 'Woo Themes', 'WordPress', 'WordPress Multisite', 'jQuery', 'myStickymenu', 'reCAPTCHA']"
amberltd.co.uk,Amber Personal Management | Actors' Agency Manchester & LondonAmber Management,,GBR,77,757,2026-08-08T22:42:27.551958882Z,"['AJAX Libraries API', 'Alternate Protocol', 'Content Delivery Network', 'EmbedPress', 'GZIP Module', 'Google Cloud DNS', 'IcoMoon', 'Microdata for Google Shopping', 'MyFonts', 'Nginx', 'PHP', 'Tailwind CSS', 'Theme In WP', 'Twitter Ads', 'UTF-8', 'WordPress', 'WordPress Multisite', 'jQuery']"
stowe-woodward.com,Fabrics and Rolls,,USA,77,10767,2026-08-08T19:01:57.563525044Z,"['GZIP Module', 'IcoMoon', 'MyFonts', 'Newsletter for Wordpress', 'Nginx', 'PHP', 'Piwik PRO', 'QUIC', 'UTF-8', 'YouTube', 'shadcn ui']"
pontiacrc.com,Home - Pontiac Regional Chamber,Pontiac Regional Chamber,USA,70,9570,2026-08-08T15:22:20.115683226Z,"['Adult Content', 'Agoda', 'Alternate Protocol', 'Amazon WAF Blocked', 'Content Delivery Network', 'Elementor', 'EmbedPress', 'Event Tickets for Wordpress', 'Google', 'Google Analytics', 'Google Cloud CDN', 'Google My Business', 'Google Tag Manager', 'Gravity', 'Gravity Forms', 'Hello Elementor', 'Instagram Follow Button', 'LiteSpeed', 'Microdata for Google Shopping', 'Microsoft 365', 'MyFonts', 'NFOrce Internet', 'PHP', 'Piotnet Addons', 'QUIC', 'The Events Calendar', 'UTF-8', 'University or College', 'WordPress', 'WordPress Multisite', 'YouTube', 'jQuery', 'jsDelivr', 'reCAPTCHA']"
hoveandportsladedaynurseries.co.uk,Hove and Portslade Day NurseriesHove & Portslade Day Nurseries,,,82,482,2026-08-08T13:05:40.610157938Z,"['Alternate Protocol', 'Apache', 'Contact Form Plugin', 'Content Delivery Network', 'CookieYes', 'EmbedPress', 'GZIP Module', 'Google Analytics', 'Google Tag Manager', 'Microdata for Google Shopping', 'MyFonts', 'PHP', 'Site Kit', 'Sitelinks Search Box', 'Theme In WP', 'UTF-8', 'WordPress', 'WordPress Multisite', 'jQuery']"
pandablairgowrie.com.au,Panda Blairgowrie,,SYC,50,3243,2026-08-08T11:16:25.54675693Z,"['Alternate Protocol', 'Cloudflare', 'Contact Form Plugin', 'Content Delivery Network', 'EmbedPress', 'Facebook Customer Chat SDK', 'Facebook Login', 'Facebook Reseller', 'GoDaddy', 'Google Analytics', 'Google Cloud DNS', 'Google Font API', 'Google My Business', 'Google Tag Manager', 'Instagram Follow Button', 'MyFonts', 'PHP', 'Plausible Analytics', 'Thank You', 'Theme In WP', 'UTF-8', 'Wangsu', 'WordPress', 'WordPress Multisite', 'jQuery']"
cts-security.co.uk,CTS Security - Intruder Alarms | Fire Alarms | CCTV | Access Control - Norfolk,,USA,72,240,2026-08-08T09:53:25.71220119Z,"['Google Analytics', 'Google Cloud DNS', 'Google Maps', 'Google My Business', 'Google Tag Manager', 'Instagram Follow Button', 'MyFonts', 'Nginx', 'Twitter Ads', 'UTF-8', 'University or College']"
wphosting.ie,Elive - Domains • Hosting • Design,Elive,IRL,87,30769,2026-08-08T03:44:07.917874267Z,"['Alternate Protocol', 'Apture Linking Platform', 'Beaver Builder Lite', 'Contento', 'EmbedPress', 'GZIP Module', 'GitHub Hosting', 'Google', 'Google Analytics', 'Google Cloud DNS', 'Google Font API', 'Google Tag Manager', 'Gravity', 'Lazy Load for WordPress', 'Max Mega Menu', 'Microdata for Google Shopping', 'MyFonts', 'Nginx', 'PHP', 'Parallels Plesk Panel', 'Perl', 'Schema Plugin', 'Theme In WP', 'Twitter Ads', 'UTF-8', 'WP Rocket', 'WordPress', 'WordPress Multisite', 'Yandex Hosting', 'eLand', 'jQuery']"
themarylebonerooms.com,The Marylebone Rooms,,GBR,50,325,2026-08-08T03:02:40.314536094Z,"['Alternate Protocol', 'AutoComplete', 'Collapse-O-Matic', 'Contact Form Plugin', 'EmbedPress', 'Facebook Conversion Tracking', 'Facebook Login', 'Facebook Messenger Platform', 'Facebook Pixel', 'Facebook Reseller', 'Facebook Tag API', 'Font Awesome', 'Google Analytics', 'Google Cloud DNS', 'Google Maps', 'Google Related Website Sites', 'Google Tag Manager', 'Instagram Follow Button', 'MyFonts', 'Nginx', 'PHP', 'Parallels Plesk Panel', 'Simple Lightbox', 'SiteOrigin', 'SiteOrigin Panels', 'Theme In WP', 'UTF-8', 'WordPress', 'WordPress Multisite']"
heartmath.be,HeartMath Europe - Home (Nederlands),,,72,21439,2026-08-07T15:16:35.521272267Z,"['AAPT', 'CDN JS', 'Cloudflare', 'Cloudflare CDN', 'CookieConsent', 'GZIP Module', 'Google Analytics', 'Google My Business', 'Google Tag Manager', 'MyFonts', 'Nginx', 'Start Bootstrap', 'Tailwind CSS', 'UTF-8', 'YouTube', 'jQuery', 'reCAPTCHA']"
dignityhealthphilanthropy.net,CommonSpirit Health Philanthropy - CommonSpirit Health,,,50,1293,2026-08-07T13:14:19.309055694Z,"['AJAX Libraries API', 'Adobe Creative Cloud WebFonts', 'Amazon', 'Amazon CloudFront', 'CDN JS', 'Cisco/Arrowpoint Content Service Switch', 'CloudFront', 'Cloudflare', 'Cloudflare CDN', 'ContentBox', 'Google Analytics', 'Google Cloud DNS', 'InitiativeS', 'Instagram Follow Button', 'Microsoft Azure', 'MyFonts', 'Perl', 'Prefix Free', 'QUIC', 'Tailwind CSS', 'UTF-8', 'Visual Studio', 'YouTube', 'jQuery']"
wire-race-bearings.com,Drahtwälzlager - Franke GmbH,,DEU,72,3052,2026-08-07T11:29:20.889623899Z,"['Alternate Protocol', 'FormSubmit', 'GZIP Module', 'Google Analytics', 'Google Tag Manager', 'Hotjar', 'IcoMoon', 'MyFonts', 'Nginx', 'PHP', 'Parallels Plesk Panel', 'TYPO3', 'Tailwind CSS', 'UTF-8', 'Usercentrics', 'arsys.es', 'jQuery']"
theatrewestend.org,"Theater West End | Award-Winning Live Theater in Sanford, FL",Theater West End,USA,82,83036,2026-08-07T08:14:04.113284895Z,"['Adobe Creative Cloud WebFonts', 'Aruba', 'Cloudflare', 'Coming Soon Page', 'Express', 'Facebook Login', 'Facebook Messenger Platform', 'Facebook Pixel', 'Facebook Reseller', 'Facebook Tag API', 'GZIP Module', 'Google Analytics', 'Google Customer Reviews', 'Google Tag Manager', 'Instagram Follow Button', 'Jekyll', 'Line2', 'Magento Enterprise', 'MailChimp', 'Microdata for Google Shopping', 'MyFonts', 'Netlify', 'Oribi Analytics', 'QUIC', 'SiteW', 'Squarespace', 'Twitter Ads', 'UTF-8', 'Vector Internet Services', 'WordPress SEO Structured Data Schema Plugin', 'YouTube', 'eLand']"
healthynow.ca,HealthyNow - Healthy Meal Prep Delivery Service,HealthyNow,CAN,92,10685,2026-08-07T05:37:26.908690367Z,"['Alternate Protocol', 'AutomateWoo', 'Bulma', 'CallRail', 'Content Delivery Network', 'DuracellTomi Google Tag Manager for WordPress', 'EmbedPress', 'Facebook Conversion Tracking', 'Facebook Login', 'Facebook Messenger Platform', 'Facebook Pixel', 'Facebook Reseller', 'Facebook Tag API', 'Fastly', 'Firebase', 'FooBox', 'GZIP Module', 'GitHub Hosting', 'Google', 'Google Analytics', 'Google Cloud CDN', 'Google My Business', 'Google Tag Manager', 'Gravity', 'Gravity Forms', 'IcoMoon', 'Instagram Follow Button', 'MailChimp', 'Microdata for Google Shopping', 'MyFonts', 'PHP', 'Popup Maker for Wordpress', 'Theme In WP', 'UTF-8', 'Woo Themes', 'WooCommerce', 'WooCommerce Checkout', 'WooCommerce Pixel Manager by woopt', 'WordPress', 'WordPress Multisite', 'jQuery', 'reCAPTCHA']"
amritnam.com,Homepage - ANS,,FRA,55,107,2026-08-07T05:37:26.895601327Z,"['Alternate Protocol', 'Apache', 'Aruba', 'Borlabs Cookie', 'EmbedPress', 'GZIP Module', 'Instagram Follow Button', 'Microdata for Google Shopping', 'MyFonts', 'PHP', 'PixelYourSite', 'Theme In WP', 'UTF-8', 'Woo Themes', 'WooCommerce', 'WooCommerce Checkout', 'WooCommerce Stripe Payment Gateway', 'WordPress', 'WordPress Multisite', 'YouTube', 'eLand', 'jQuery']"
alphamanchester.org,Got Questions About Life? | Alpha @ Manchester Vineyard,,GBR,77,17566,2026-08-07T04:03:26.191703365Z,"['AJAX Libraries API', 'Alternate Protocol', 'AutoComplete', 'Bulma', 'Contact Form Plugin', 'Content Delivery Network', 'EmbedPress', 'Fireblade', 'GZIP Module', 'Google Cloud DNS', 'Google Font API', 'Google My Business', 'Google Related Website Sites', 'Instagram Follow Button', 'Microdata for Google Shopping', 'MyFonts', 'Nginx', 'PHP', 'Pagekit', 'Parallels Plesk Panel', 'Smush Image Optimization', 'Theme In WP', 'Twitter Ads', 'UTF-8', 'WPBakery', 'WordPress', 'WordPress Multisite', 'YouTube', 'eLand', 'jQuery', 'reCAPTCHA']"
remadeco.org,Re Made Company — American Plungers,,CAN,67,200,2026-08-07T04:03:26.191575342Z,"['Apache', 'GZIP Module', 'Google Analytics', 'Google Tag Manager', 'MyFonts', 'PHP', 'Twitter Ads', 'UTF-8']"
dennismchristensen.com,Dennis Christensen – Portfolio,,,60,15650,2026-08-07T04:03:26.142021212Z,"['Alternate Protocol', 'Coming Soon Page', 'Content Delivery Network', 'EmbedPress', 'Fastly', 'GZIP Module', 'MyFonts', 'PHP', 'SMC', 'Theme In WP', 'UTF-8', 'WordPress', 'WordPress Multisite', 'eLand', 'jQuery']"
microsurgerycenter.com,The Microsurgery Center of Eastern Finland,,FIN,77,41940,2026-08-06T22:49:35.757246703Z,"['Alternate Protocol', 'Apache', 'CDN JS', 'Cloudflare', 'Cloudflare CDN', 'GZIP Module', 'Google Analytics', 'Google Cloud DNS', 'Google Font API', 'Google My Business', 'Google Tag Manager', 'Heroku', 'MyFonts', 'ON24', 'UTF-8', 'University or College', 'jsDelivr', 'reCAPTCHA']"
photolucida.org,Homepage - Photolucida,Photolucida,GBR,75,19367,2026-08-06T20:47:49.038875269Z,"['AWS WAF Challenge', 'Adobe Creative Cloud WebFonts', 'Alternate Protocol', 'Cloudflare', 'Cloudflare CDN', 'Content Delivery Network', 'EmbedPress', 'Facebook Conversion Tracking', 'Facebook Login', 'Facebook Messenger Platform', 'Facebook Pixel', 'Facebook Reseller', 'Facebook Tag API', 'Font Awesome', 'Foundation', 'Google', 'Google Analytics', 'Google My Business', 'Google Tag Manager', 'Instagram Follow Button', 'Microdata for Google Shopping', 'MyFonts', 'PHP', 'Sitelinks Search Box', 'Theme In WP', 'Theme My Login', 'Twenty Fourteen', 'Twitter Ads', 'UTF-8', 'WP Engine', 'WP Retina 2x', 'WordPress', 'WordPress Multisite', 'jQuery', 'jsDelivr']"
gonzovino.com,Premium Cask Wine Brand in Australia- Gonzo Vino,,,67,34335,2026-08-06T19:47:52.00740973Z,"['AWS WAF Challenge', 'Alternate Protocol', 'Cloudflare', 'Cloudflare CDN', 'Content Delivery Network', 'DuracellTomi Google Tag Manager for WordPress', 'Elementor', 'EmbedPress', 'Essential Addons for Elementor', 'Facebook Conversion Tracking', 'Facebook Login', 'Facebook Messenger Platform', 'Facebook Pixel', 'Facebook Reseller', 'Facebook Tag API', 'FiboSearch', 'FormSubmit', 'Google', 'Google Analytics', 'Google Conversion Tracking', 'Google My Business', 'Google Related Website Sites', 'Google Tag Manager', 'Hello Elementor', 'Instagram Follow Button', 'Kitco', 'Klarna', 'Lazy Load for WordPress', 'MailChimp', 'Microdata for Google Shopping', 'Monster', 'MyFonts', 'NFOrce Internet', 'OptinMonster', 'PHP', 'PixelYourSite', 'QUIC', 'Shipping Rates Calculator', 'Side Cart Woocommerce', 'Site Kit', 'Theme In WP', 'Tidio', 'UTF-8', 'Variation Swatches for WooCommerce', 'Woo Themes', 'WooCommerce', 'WooCommerce Checkout', 'WooLentor', 'WordPress', 'WordPress Multisite', 'jQuery']"
digipen.sa,DigiPen | A College for Interactive Media and Video Game Development,,SGP,82,69789,2026-08-06T16:36:59.718065208Z,"['33 Across Direct', 'AWS WAF Challenge', 'AdRoll', 'AddSearch', 'Adobe Creative Cloud WebFonts', 'Alternate Protocol', 'Amazon', 'Amazon CloudFront', 'Amazon Route 53', 'Apache', 'Apture Linking Platform', 'CDN JS', 'Calendly', 'CloudFront', 'Cloudflare', 'Cloudflare CDN', 'Content Delivery Network', 'CookieYes', 'Curator', 'DoubleClick Bid Manager', 'Drupal', 'ElementUI', 'Facebook Reseller', 'GZIP Module', 'Google', 'Google Analytics', 'Google Cloud DNS', 'Google Font API', 'Google My Business', 'Google Tag Manager', 'Instagram Follow Button', 'Juicer', 'Juicer DMP', 'Microdata for Google Shopping', 'MyFonts', 'OSS CDN', 'Perl', 'QUIC', 'Shopify', 'Tailwind CSS', 'Technolutions', 'UTF-8', 'Ubuntu', 'University or College', 'YouTube', 'jQuery', 'jsDelivr']"
saedesigngroup.com,Sae Design Group - Work,,ZAF,87,28228,2026-08-06T08:46:36.605472895Z,"['Adobe Creative Cloud WebFonts', 'Content Delivery Network', 'Google', 'Google Analytics', 'Google Cloud DNS', 'Google Font API', 'Google My Business', 'Google Tag Manager', 'Instagram Follow Button', 'K2F', 'MyFonts', 'Netlify', 'Pico CSS', 'QUIC', 'UTF-8', 'University or College', 'eLand']"
lovearmagh.com,Explore & Visit Armagh | Holidays & Breaks in Armagh | #LoveArmagh,#LoveArmagh,,77,29563,2026-08-06T08:01:14.574793772Z,"['Alternate Protocol', 'EmbedPress', 'Fastly', 'Google Analytics', 'Google Cloud DNS', 'Google Font API', 'Google Maps', 'Google My Business', 'Google Tag Manager', 'IcoMoon', 'Instagram Follow Button', 'K2F', 'ListingProWP', 'LiteSpeed', 'MailChimp for WordPress', 'Microdata for Google Shopping', 'MyFonts', 'PHP', 'QUIC', 'Subversion', 'Theme In WP', 'Twitter Ads', 'UTF-8', 'WP Fastest Cache', 'WPBakery', 'WordPress', 'WordPress Multisite', 'YouTube', 'eLand', 'jQuery', 'reCAPTCHA']"
raposo.work,Milton Raposo,,CAN,77,10160,2026-08-06T07:55:44.385199417Z,"['Adobe Creative Cloud WebFonts', 'Content Delivery Network', 'Fastly', 'Fastly CDN', 'GZIP Module', 'Instagram Follow Button', 'Medium', 'MyFonts', 'UTF-8', 'YouTube']"
workmeaningful.com,Home - Justin Jones-Fosu and Work Meaningful,Work Meaningful,USA,82,21227,2026-08-06T07:55:44.381550891Z,"['AWS WAF Challenge', 'Akismet', 'Alternate Protocol', 'Amazon Widgets', 'Beaver Builder Lite', 'CDN JS', 'Calendly', 'CleanTalk Spam Protect', 'Cloudflare', 'Cloudflare CDN', 'Content Delivery Network', 'EmbedPress', 'GeneratePress Company', 'Google', 'Google Analytics', 'Google Cloud DNS', 'Google Font API', 'Google My Business', 'Google Tag Manager', 'InitiativeS', 'Instagram Follow Button', 'Iubenda', 'Menu Icons by ThemeIsle', 'Microdata for Google Shopping', 'MyFonts', 'PHP', 'Schema Plugin', 'Sitelinks Search Box', 'Theme In WP', 'UTF-8', 'Vimeo', 'WP Engine', 'WordPress', 'WordPress Multisite', 'YouTube', 'jQuery', 'reCAPTCHA']"
hodgesoutfitters.com,Hodges Outfitters | Hodges Outfitters Alaska,,USA,70,2038,2026-08-06T03:27:51.238909566Z,"['Adobe Creative Cloud WebFonts', 'Alternate Protocol', 'Bridge', 'Contact Form Plugin', 'Content Delivery Network', 'EmbedPress', 'Font Awesome', 'GZIP Module', 'Google Cloud DNS', 'Google Font API', 'Microdata for Google Shopping', 'MyFonts', 'Nginx', 'PHP', 'Schema Plugin', 'Theme In WP', 'UTF-8', 'WP Engine', 'WPBakery', 'WordPress', 'WordPress Multisite', 'jQuery']"
apptamarkoz.org,Home,,USA,60,53,2026-08-06T00:58:06.961801321Z,"['CDN JS', 'Cloudflare', 'Cloudflare CDN', 'CookieConsent', 'Google Analytics', 'Google Calendar', 'Google Cloud DNS', 'Google Font API', 'Google My Business', 'Instagram Follow Button', 'MyFonts', 'Nginx', 'PWA', 'Pleroma', 'Tailwind CSS', 'Twitter Ads', 'UTF-8', 'University or College', 'jsDelivr']"
thisisud.com,isUD – Innovative solutions for Universal Design,,USA,65,2346,2026-08-05T17:06:44.363434766Z,"['Alternate Protocol', 'Amazon WAF Blocked', 'Apache', 'DAV', 'Elementor', 'EmbedPress', 'GeneratePress Company', 'Google Analytics', 'Google My Business', 'Google Tag Manager', 'Instagram Follow Button', 'Lazy Load for WordPress', 'MonsterInsights', 'MyFonts', 'NFOrce Internet', 'PHP', 'Smart Slider 3', 'Theme In WP', 'UTF-8', 'University or College', 'WP Rocket', 'WordPress', 'WordPress Multisite', 'eLand', 'jQuery']"
saminafarooqi.com,Los Angeles Calligrapher & Engraver | Samina Farooqi,Samina Farooqi Design Studio LLC,USA,87,82088,2026-08-04T22:36:01.704136898Z,"['Aruba', 'Express', 'Facebook Conversion Tracking', 'Facebook Login', 'Facebook Messenger Platform', 'Facebook Pixel', 'Facebook Reseller', 'Facebook Tag API', 'FormSubmit', 'GZIP Module', 'Google Related Website Sites', 'Instagram Follow Button', 'Line2', 'Magento Enterprise', 'Microdata for Google Shopping', 'MyFonts', 'Newsletter for Wordpress', 'Pico CSS', 'Pinterest Conversion Tracking', 'QUIC', 'SiteW', 'Squarespace', 'UTF-8', 'Vector Internet Services', 'WordPress SEO Structured Data Schema Plugin', 'eLand']"
beachfirebrewing.ca,Home - Beach Fire Brewing,Beach Fire Brewing,USA,75,568,2026-08-04T22:24:43.465475922Z,"['Alternate Protocol', 'Apache', 'ElementUI', 'EmbedPress', 'GZIP Module', 'Google Analytics', 'Google Cloud DNS', 'Google Maps', 'Google My Business', 'Google Tag Manager', 'Instagram Follow Button', 'Microdata for Google Shopping', 'MonsterInsights', 'MyFonts', 'PHP', 'Tailwind CSS', 'Theme In WP', 'UTF-8', 'Woo Themes', 'WooCommerce', 'WooCommerce Checkout', 'WordPress', 'WordPress Multisite', 'jQuery']"
bedardautomotive.com,Bedard Automotive,,,20,353,2026-08-04T14:41:00.910216075Z,"['AJAX Libraries API', 'Apache', 'GZIP Module', 'Google Cloud DNS', 'Google Maps', 'Google My Business', 'Google Related Website Sites', 'Motive', 'MyFonts', 'Yelp Badge', 'jQuery']"
kandd.org,K&D Joinery Quality Purpose Made Joinery - London - K&D Joinery,,GBR,82,3711,2026-08-04T13:53:53.994690836Z,"['AJAX Libraries API', 'Alternate Protocol', 'Bulma', 'CDN JS', 'Cloudflare', 'Cloudflare CDN', 'Contact Form Plugin', 'Content Delivery Network', 'Drag and Drop Multiple File Upload', 'ElementUI', 'EmbedPress', 'Font Awesome', 'Google Analytics', 'Google Cloud DNS', 'Google Maps', 'Google Related Website Sites', 'Google Tag Manager', 'Hotjar', 'IcoMoon', 'Instagram Follow Button', 'LiteSpeed', 'MailChimp', 'Metricool', 'Microdata for Google Shopping', 'MyFonts', 'PHP', 'Pagekit', 'QUIC', 'Smush Image Optimization', 'Subversion', 'Theme In WP', 'Twitter Ads', 'UTF-8', 'Vimeo', 'WordPress', 'WordPress Multisite', 'jQuery']"
studioramsay.com,Home - Studio Ramsay,,USA,62,440,2026-08-04T12:48:45.805304208Z,"['GZIP Module', 'Instagram Follow Button', 'Microdata for Google Shopping', 'MyFonts', 'Schema Plugin', 'Twitter Ads', 'UTF-8', 'Vimeo']"
centralsq.org,Central Square Business Improvement District | The heart and soul of Cambridge. Served fresh daily.,,USA,72,166910,2026-08-04T10:11:51.650792439Z,"['501c3 Status Nonprofit', 'AJAX Libraries API', 'Apache', 'Dialogue', 'ElementUI', 'Fontfabric', 'GZIP Module', 'Google Analytics', 'Google Cloud DNS', 'Google My Business', 'Google Tag Manager', 'Hotjar', 'Instagram Follow Button', 'MailChimp', 'MyFonts', 'PHP', 'PWA', 'Sitecore CMS', 'Twitter Ads', 'UTF-8', 'Vimeo', 'jQuery', 'jsDelivr']"
blackdiamondeng.com,Black Diamond Engineering Ltd,Black Diamond Engineering Ltd,NGA,82,61395,2026-08-04T07:45:20.401224398Z,"['Alternate Protocol', 'Apache', 'Black Diamond', 'Contact Form Plugin', 'Digital Ocean Spaces', 'Elementor', 'EmbedPress', 'Express', 'Fastly', 'GZIP Module', 'Google', 'Google Cloud CDN', 'Google Cloud DNS', 'Google Font API', 'Google My Business', 'IcoMoon', 'Instagram Follow Button', 'KeyCDN', 'Microdata for Google Shopping', 'MyFonts', 'NFOrce Internet', 'Oddle', 'Ohio Theme', 'PHP', 'Sitelinks Search Box', 'The SEO Framework', 'Theme In WP', 'UTF-8', 'WP Job Manager', 'Woo Themes', 'WordPress', 'WordPress Multisite', 'jQuery', 'reCAPTCHA']"
slicedhealth.com,Homepage - SlicedHealth,,,72,53369,2026-08-04T05:49:42.414604602Z,"['AWS WAF Challenge', 'Alternate Protocol', 'Amazon WAF Blocked', 'Apture Linking Platform', 'Calendly', 'Cloudflare', 'Complianz', 'Content Delivery Network', 'Content ad', 'CookieYes', 'Divi', 'Elegant Themes', 'EmbedPress', 'GoDaddy', 'Google', 'Google Analytics', 'Google Cloud CDN', 'Google Cloud DNS', 'Google Conversion Tracking', 'Google Font API', 'Google Tag Manager', 'HubSpot WordPress Plugin', 'Hubspot', 'Lazy Load for WordPress', 'Microdata for Google Shopping', 'MyFonts', 'PHP', 'QUIC', 'UTF-8', 'WP Rocket', 'Wangsu', 'Woo Themes', 'WordPress', 'WordPress Multisite']"
norbertniederkofler.com,"I'm Norbert - Official website of Norbert Niederkofler, gourmet chef",,USA,77,2887,2026-08-04T02:34:27.097958238Z,"['Alternate Protocol', 'Amazon WAF Blocked', 'Express', 'Facebook Conversion Tracking', 'Facebook Pixel', 'Facebook Tag API', 'Font Awesome', 'Google Analytics', 'Google Tag Manager', 'Instagram Follow Button', 'Joomla!', 'Matomo', 'Matomo Tag Manager', 'MyFonts', 'Nginx', 'PHP', 'Parallels Plesk Panel', 'RokNavMenu', 'UTF-8', 'jQuery']"
karinashair.com,Karina’s Salon – Est. 1978,,USA,60,310,2026-08-03T22:56:13.977382975Z,"['AWS WAF Challenge', 'Alternate Protocol', 'Cloudflare', 'Cloudflare CDN', 'EmbedPress', 'GZIP Module', 'Google', 'Google My Business', 'Instagram Follow Button', 'Jetpack', 'MyFonts', 'Nginx', 'UTF-8', 'Woo Themes', 'WordPress', 'WordPress Multisite', 'WordPress Stats']"
verjuscave.com,Verjus,,VEN,67,11629,2026-08-03T20:52:41.107942925Z,"['AJAX Libraries API', 'Alternate Protocol', 'Amazon', 'Amazon CloudFront', 'Cisco/Arrowpoint Content Service Switch', 'CloudFront', 'Cloudflare', 'Content Delivery Network', 'GZIP Module', 'Google', 'Google Cloud DNS', 'Google Font API', 'Google Tag Manager', 'Instagram Follow Button', 'Microdata for Google Shopping', 'MyFonts', 'Newsletter for Wordpress', 'Tailwind CSS', 'UTF-8', 'WF Cookie Consent', 'accessiBe']"
sanjuansinseattle.com,SAN JUANS IN SEATTLE - Michael Doyle,,,72,200028,2026-08-03T18:59:21.581738891Z,"['AJAX Libraries API', 'Alternate Protocol', 'Apache', 'Beaver Builder Lite', 'Bulma', 'Debian', 'DuracellTomi Google Tag Manager for WordPress', 'EmbedPress', 'Font Awesome', 'GZIP Module', 'Google', 'Google Cloud DNS', 'Google Font API', 'Google My Business', 'MoxiWorks', 'MyFonts', 'On The Map', 'PHP', 'QUIC', 'Salesforce Hosted', 'Sitelinks Search Box', 'Thank You', 'UTF-8', 'Vimeo', 'Windermere Real Estate', 'WordPress', 'WordPress Multisite', 'Zendesk Embeddables', 'jQuery', 'jsDelivr', 'reCAPTCHA']"
autonomywealth.com,"Financial advice in Wolverhampton, Staffordshire & West Midlands",Autonomy Wealth,GBR,87,3985,2026-08-03T18:44:18.120603102Z,"['AJAX Libraries API', 'Alternate Protocol', 'Apture Linking Platform', 'Better Lead Generation Services', 'Contact Form Plugin', 'EmbedPress', 'Font Awesome', 'GZIP Module', 'Google Analytics', 'Google Cloud DNS', 'Google Maps', 'Google My Business', 'Google Related Website Sites', 'Google Tag Manager', 'Microdata for Google Shopping', 'MonsterInsights', 'MyFonts', 'Nginx', 'PHP', 'Sleeknote', 'Theme In WP', 'Twitter Ads', 'UTF-8', 'WordPress', 'WordPress Multisite', 'eLand', 'jQuery', 'reCAPTCHA']"
haanpos.nl,De Haan,,NLD,67,55240,2026-08-03T14:30:00.743738196Z,"['Amazon', 'Aruba', 'Content Delivery Network', 'GZIP Module', 'Google', 'Google Analytics', 'Google Cloud DNS', 'Google Font API', 'Google Maps', 'Google Tag Manager', 'Mastodon', 'MyFonts', 'SMC', 'Tailwind CSS', 'UTF-8', 'eLand']"
sustainabuild-project.eu,Sustainabuild,,,67,23562,2026-08-03T12:26:33.9867451Z,"['Cookie Information', 'Express', 'IcoMoon', 'Microdata for Google Shopping', 'Microsoft Azure', 'Microsoft IIS', 'MyFonts', 'RM Education', 'Siteimprove', 'UTF-8', 'University or College', 'Visual Studio']"
hvacnc.com,"B&M Contractors, Inc. | HVAC, Heating, Cooling, Electrical Service & Repair",,USA,70,8064,2026-08-03T11:31:14.890545169Z,"['Apache', 'ArvanCloud', 'AutoComplete', 'EmbedSocial', 'GZIP Module', 'Google Cloud DNS', 'Google Font API', 'Google Related Website Sites', 'IcoMoon', 'Instagram Follow Button', 'MyFonts', 'Perl', 'Podium', 'Twitter Ads', 'UTF-8', 'jsDelivr']"
pleasefloss.com,"Jennifer Burge Heller, DDS | Please Floss",,USA,82,10846,2026-08-03T09:30:52.514721929Z,"['Alternate Protocol', 'Apache', 'BLR', 'Contact Form Plugin', 'EmbedPress', 'Font Awesome', 'GZIP Module', 'Google Analytics', 'Google Tag Manager', 'Instagram Feed for WordPress', 'Instagram Follow Button', 'Jetpack', 'Microdata for Google Shopping', 'MyFonts', 'OSS CDN', 'PHP', 'Theme In WP', 'ThemeFusion', 'Tumblr', 'UTF-8', 'WP jQuery Lightbox', 'Woo Themes', 'WordPress', 'WordPress Multisite', 'WordPress Stats', 'jQuery']"
melissamullineauxlcpcllc.com,"Melissa Mullineaux, LCPC - Eating Disorder and Anxiety Treatment in Maryland",,,67,101213,2026-08-03T07:31:06.983781615Z,"['AJAX Libraries API', 'Aruba', 'Express', 'GZIP Module', 'Google Cloud DNS', 'Instagram Follow Button', 'Line2', 'Magento Enterprise', 'Microdata for Google Shopping', 'MyFonts', 'QUIC', 'SiteW', 'Squarespace', 'UTF-8', 'Vector Internet Services', 'Walker Strategy Co', 'WordPress SEO Structured Data Schema Plugin', 'eLand', 'jQuery']"
keenkee.net,KEENKEE,,,25,50,2026-08-03T06:19:15.446671122Z,"['Apache', 'GZIP Module', 'Instagram Follow Button', 'MyFonts', 'UTF-8']"
308standrews.com,Casam Group of Companies,,CAN,60,197,2026-08-03T06:04:38.302458568Z,"['AJAX Libraries API', 'CDN JS', 'Cloudflare', 'Cloudflare CDN', 'Google Cloud DNS', 'MyFonts', 'Nginx', 'Parallels Plesk Panel', 'Prefix Free', 'Tailwind CSS', 'jQuery']"
poiesislab.com,Poiesis Lab — Research and design laboratory,,ROU,82,2689,2026-08-03T05:59:30.283956219Z,"['Alternate Protocol', 'Apture Linking Platform', 'EmbedPress', 'GZIP Module', 'Google', 'Google Analytics', 'Google Cloud DNS', 'Google Font API', 'Google Tag Manager', 'Instagram Follow Button', 'Microdata for Google Shopping', 'Microsoft Clarity', 'MyFonts', 'Nginx', 'PHP', 'Sitelinks Search Box', 'Theme In WP', 'Twitter Ads', 'UTF-8', 'Ubuntu', 'WordPress', 'WordPress Multisite', 'eLand', 'jQuery']"
streamanalyse.com,Stream Analyze Home,Stream Analyze,SWE,82,29300,2026-08-03T04:10:53.546816748Z,"['AWS WAF Challenge', 'Adobe Creative Cloud WebFonts', 'Cloudflare', 'Content Delivery Network', 'Fastly', 'Google Analytics', 'Google Tag Manager', 'Hubspot Knowledge Base', 'Microdata for Google Shopping', 'MyFonts', 'Subversion', 'Thank You', 'UTF-8', 'Visual Studio', 'YouTube', 'jsDelivr']"
fabianschroebel.de,Fabian Schröbel – Product Design,,CHN,42,53,2026-08-02T14:50:34.1033084Z,"['AJAX Libraries API', 'Google Analytics', 'Google Cloud DNS', 'MyFonts', 'Nginx', 'Tailwind CSS', 'Twitter Ads', 'University or College', 'jQuery']"
shootings.nl,"Create Agency | Photography, Illustration & CGI, Motion and Productions",,USA,72,18068,2026-08-02T05:39:46.534154781Z,"['AWS WAF Challenge', 'Apache', 'Apture Linking Platform', 'Express', 'GZIP Module', 'Google', 'Google Analytics', 'Google Cloud CDN', 'Google Tag Manager', 'IcoMoon', 'Instagram Follow Button', 'MyFonts', 'PWA', 'Twitter Ads', 'UTF-8']"
emilyhamre.com,Home | Emily Hamre,,,50,50,2026-08-02T01:18:11.157618352Z,"['Alternate Protocol', 'Apache', 'GZIP Module', 'Google Analytics', 'Google Tag Manager', 'Microdata for Google Shopping', 'MyFonts', 'PHP', 'Theme In WP', 'UTF-8', 'WP Super Cache', 'WordPress', 'WordPress Multisite', 'eLand', 'jQuery']"
marketcall.net,Marketcall - Pay Per Call Affiliate Network,,USA,77,2840,2026-08-01T21:21:01.314703031Z,"['Amazon WAF Blocked', 'Better Lead Generation Services', 'Crisp', 'GZIP Module', 'Google Analytics', 'Google My Business', 'Google Tag Manager', 'Instagram Follow Button', 'Iubenda', 'MyFonts', 'Nginx', 'PHP', 'Tailwind CSS', 'UTF-8', 'YouTube', 'reCAPTCHA']"
bestbarber.us,BEST BARBER | NYC's Barbershop | Since 2015,BEST BARBER NYC,USA,82,76173,2026-08-01T17:57:58.079539359Z,"['Aruba', 'Express', 'GZIP Module', 'Google Analytics', 'Google My Business', 'Google Tag Manager', 'Instagram Follow Button', 'Line2', 'Magento Enterprise', 'Microdata for Google Shopping', 'MyFonts', 'QUIC', 'SiteW', 'Squarespace', 'UTF-8', 'WordPress SEO Structured Data Schema Plugin', 'Yelp Badge', 'eLand']"
portlandintegrativefitness.com,"Portland Integrative Fitness | Rehab to Performance Training in Portland, OR",Portland Integrative Fitness,USA,82,15897,2026-08-01T17:22:14.090314294Z,"['AWS WAF Challenge', 'Alternate Protocol', 'Apture Linking Platform', 'Content Delivery Network', 'Divi', 'Elegant Themes', 'EmbedPress', 'Facebook Conversion Tracking', 'Facebook Login', 'Facebook Messenger Platform', 'Facebook Pixel', 'Facebook Reseller', 'Facebook Tag API', 'Google Analytics', 'Google Cloud DNS', 'Google Font API', 'Google Tag Manager', 'Gravity', 'Gravity Forms', 'Instagram Follow Button', 'Line2', 'LiteSpeed', 'Microdata for Google Shopping', 'MyFonts', 'PHP', 'Perl', 'Theme In WP', 'UTF-8', 'Woo Themes', 'WooCommerce', 'WooCommerce Checkout', 'WordPress', 'WordPress Multisite', 'YouTube', 'jQuery']"
ufbh.org,Utah Friends of Basset Hounds | Helping rescued bassets find forever homes since 2002.,,,52,53,2026-08-01T16:34:29.020685519Z,"['AJAX Libraries API', 'Apache', 'DAV', 'Google Cloud DNS', 'Instagram Follow Button', 'MyFonts', 'PayPal Adaptive Payments', 'PayPal Button', 'PayPal Form', 'UTF-8', 'jQuery']"
4chotels.co.uk,Home Page - 4C Group,4C Hotel Group,TZA,65,20089,2026-08-01T10:34:42.142480637Z,"['AWS WAF Challenge', 'Alternate Protocol', 'Bulma', 'CDN JS', 'Cloudflare', 'Cloudflare Bot Manager', 'Cloudflare CDN', 'Content Delivery Network', 'CookieYes', 'EditorsKit', 'EmbedPress', 'Express', 'Font Awesome', 'Genesis Blocks', 'Google Analytics', 'Google Related Website Sites', 'Google Tag Manager', 'Instagram Follow Button', 'Juicer DMP', 'Microdata for Google Shopping', 'MyFonts', 'PHP', 'Page scroll to id', 'Perl', 'Theme In WP', 'Twitter Ads', 'UTF-8', 'WP Bootstrap Starter', 'WP Engine', 'WordPress', 'WordPress Multisite', 'YouTube', 'jQuery']"
9elements.us,Home - 9elements,,DEU,72,23712,2026-08-01T09:29:45.386208856Z,"['AWS WAF Challenge', 'Alternate Protocol', 'Apture Linking Platform', 'Content Delivery Network', 'DatoCMS', 'Google Related Website Sites', 'Instagram Follow Button', 'Matomo', 'MyFonts', 'Netlify', 'Pico CSS', 'SalesViewer', 'Svelte', 'Tailwind CSS', 'Twitter Ads', 'UTF-8']"
skincontact.com,Skin Contact • Natural Wine Onlineshop,,OMN,87,6268,2026-08-01T07:49:02.601802398Z,"['Content Delivery Network', 'Express', 'Financial Services Guide', 'Gatsby JS', 'Google Analytics', 'Google Tag Manager', 'Imgix', 'Instagram Follow Button', 'MyFonts', 'Netlify', 'Perl', 'QUIC', 'Styled Components', 'UTF-8', 'Vector Internet Services', 'eLand']"
akseizer.com,Akseizer Residential,Akseizer Residential,USA,70,1921,2026-08-01T06:51:08.83435511Z,"['AJAX Libraries API', 'Adobe Creative Cloud WebFonts', 'Aruba', 'Express', 'GZIP Module', 'Google Analytics', 'Google Cloud DNS', 'Google Tag Manager', 'IcoMoon', 'Instagram Follow Button', 'Line2', 'Microdata for Google Shopping', 'MyFonts', 'QUIC', 'Squarespace', 'UTF-8', 'WordPress SEO Structured Data Schema Plugin', 'eLand']"
superstarrinternational.net,Home - Super Starr International,Super Starr International,PHL,65,3433,2026-08-01T04:52:50.682749553Z,"['Adobe Creative Cloud WebFonts', 'Alternate Protocol', 'Coming Soon Page', 'Contact Form Plugin', 'Content Delivery Network', 'Cybot', 'EmbedPress', 'GZIP Module', 'Google Analytics', 'Google My Business', 'Google Tag Manager', 'Instagram Follow Button', 'Microdata for Google Shopping', 'MyFonts', 'Nginx', 'PHP', 'Theme In WP', 'UTF-8', 'WP Engine', 'WordPress', 'WordPress Multisite', 'YouTube', 'jQuery', 'reCAPTCHA', 'shadcn ui']"
mcjailcoalitionohio.org,Montgomery County Jail Coalition,,USA,80,91533,2026-08-01T03:56:01.045631911Z,"['AWS WAF Challenge', 'Adobe Creative Cloud WebFonts', 'Aruba', 'Express', 'GZIP Module', 'Instagram Follow Button', 'Line2', 'Magento Enterprise', 'Microdata for Google Shopping', 'MyFonts', 'QUIC', 'SiteW', 'Squarespace', 'UTF-8', 'WordPress SEO Structured Data Schema Plugin', 'eLand']"
lilaccentre.co.uk,The Lilac Centre,,CAN,65,21399,2026-07-31T16:47:11.938219341Z,"['Amazon', 'Bulma', 'Cloudflare', 'Cloudflare CDN', 'Constant Contact', 'Fireblade', 'Font Awesome', 'Google', 'Google Analytics', 'Google Cloud DNS', 'Google Font API', 'Google Maps', 'Google My Business', 'Google Tag Manager', 'Instagram Follow Button', 'MyFonts', 'Ntent', 'Pattern by Etsy', 'UTF-8', 'Vimeo', 'Vimeo CDN', 'YouTube']"
emcyinteriordesign.com,Emcy Interior Design | Sarasota FL,,,75,1413,2026-07-31T15:39:07.236587453Z,"['Adobe Creative Cloud WebFonts', 'Alternate Protocol', 'Aruba', 'Express', 'GZIP Module', 'Instagram Follow Button', 'Line2', 'Microdata for Google Shopping', 'MyFonts', 'QUIC', 'Squarespace', 'Subversion', 'UTF-8', 'University or College', 'WordPress SEO Structured Data Schema Plugin', 'eLand']"
buckminsterfullerfilm.com,Buckminster Fuller Film | A Live Documentary by Sam Green,,VEN,65,6130,2026-07-31T13:39:02.349619852Z,"['AJAX Libraries API', 'Adobe Creative Cloud WebFonts', 'Alternate Protocol', 'Apache', 'Aruba', 'Cisco/Arrowpoint Content Service Switch', 'EmbedPress', 'Events Manager for WordPress', 'GZIP Module', 'Google Analytics', 'Google Cloud DNS', 'MyFonts', 'PHP', 'Tailwind CSS', 'Theme In WP', 'UTF-8', 'University or College', 'VerticalResponse', 'WordPress', 'WordPress Multisite', 'eLand', 'jQuery']"
theholygasp.com,Here’s What’s Happening: - The Holy Gasp,The Holy Gasp,FRA,77,29089,2026-07-31T10:34:24.579384336Z,"['AWS WAF Challenge', 'Alternate Protocol', 'BLR', 'Band Camp', 'Camp', 'Cloudflare', 'Cloudflare CDN', 'Content Delivery Network', 'EmbedPress', 'Google', 'Google Analytics', 'Google Cloud DNS', 'Google Font API', 'Google My Business', 'Google Tag Manager', 'Instagram Follow Button', 'Microdata for Google Shopping', 'MonsterInsights', 'MyFonts', 'Nginx', 'PHP', 'Theme In WP', 'Tumblr', 'Twitter Ads', 'UTF-8', 'WordPress', 'WordPress Multisite', 'YouTube', 'jQuery']"
stpancrasbysearcys.co.uk,St Pancras Bar & Brasserie | Dining & Champagne in London,,GBR,72,7359,2026-07-31T09:03:30.548693661Z,"['AddThis', 'AddThis for Wordpress', 'Alternate Protocol', 'GZIP Module', 'Google Analytics', 'Google Cloud DNS', 'Google Font API', 'Google My Business', 'Google Related Website Sites', 'Google Tag Manager', 'Instagram Follow Button', 'Microdata for Google Shopping', 'MyFonts', 'Nginx', 'Ninja Forms', 'PHP', 'PWA', 'Parallels Plesk Panel', 'SEVENROOMS', 'Sitelinks Search Box', 'Tailwind CSS', 'Twitter Ads', 'UTF-8', 'WordPress', 'WordPress Multisite', 'jQuery']"
eastbayholcombe.com,"Eastbay Lodge in Lake Holcombe, Wisconsin",Eastbay Lodge,USA,92,18698,2026-07-30T22:09:24.750591102Z,"['AWS WAF Challenge', 'Adobe Creative Cloud WebFonts', 'Alternate Protocol', 'Cloudflare', 'Content Delivery Network', 'CookieYes', 'EmbedPress', 'Font Awesome', 'Google Analytics', 'Google My Business', 'Google Tag Manager', 'Gravity', 'Gravity Forms', 'Instagram Feed for WordPress', 'Instagram Follow Button', 'Microdata for Google Shopping', 'MyFonts', 'PHP', 'Tailwind CSS', 'The Deck', 'The Events Calendar', 'Theme In WP', 'UTF-8', 'WP Engine', 'WordPress', 'WordPress Multisite', 'jQuery', 'jsDelivr', 'reCAPTCHA']"
nathanschmidtke.com,"Nathan Schmidtke | Loan Officer | Residential Mortgage, LLC","Residential Mortgage, LLC",USA,72,88949,2026-07-30T15:44:04.934114913Z,"['Content Delivery Network', 'Facebook Pixel', 'Facebook Tag API', 'Fireblade', 'Font Awesome', 'GZIP Module', 'Global Privacy Control', 'Google', 'Google Analytics', 'Google Cloud DNS', 'Google Font API', 'Google Related Website Sites', 'Google Tag Manager', 'M247', 'MyFonts', 'Nationwide Mortgage Licensing System and Registry', 'QUIC', 'SMC', 'Tailwind CSS', 'UTF-8', 'UserWay', 'Visx']"
growyourownillinois.org,Grow Your Own Teachers,Grow Your Own Teachers,,70,83468,2026-07-30T15:26:15.118851394Z,"['Adobe Creative Cloud WebFonts', 'Aruba', 'ArvanCloud', 'Express', 'FormSubmit', 'GZIP Module', 'Google Analytics', 'Google Cloud DNS', 'Google Font API', 'Google Tag Manager', 'Hotjar', 'Line2', 'Magento Enterprise', 'Microdata for Google Shopping', 'MyFonts', 'Newsletter for Wordpress', 'QUIC', 'SiteW', 'Squarespace', 'Twitter Ads', 'UTF-8', 'University or College', 'Vector Internet Services', 'WordPress SEO Structured Data Schema Plugin', 'eLand', 'jsDelivr']"
djneerav.com,Home - DJ Neerav,,,67,2778,2026-07-30T14:25:46.58460893Z,"['Alternate Protocol', 'Content Delivery Network', 'EmbedPress', 'Google Cloud DNS', 'Google Font API', 'Google My Business', 'Google Related Website Sites', 'IcoMoon', 'Instagram Follow Button', 'LiteSpeed', 'Microdata for Google Shopping', 'MyFonts', 'Nectar Slide Plugin', 'PHP', 'Salient', 'UTF-8', 'WPBakery', 'WordPress', 'WordPress Multisite', 'YouTube', 'jQuery', 'reCAPTCHA']"
gaelscoilsairseal.com,Home - Gaelscoil Sáirséal,Gaelscoil Sáirséal,IRL,80,546,2026-07-30T10:52:48.13536939Z,"['Alternate Protocol', 'BJ Lazy Load for WordPress', 'CDN JS', 'Cloudflare', 'Cloudflare CDN', 'Content Delivery Network', 'EmbedPress', 'Font Awesome', 'Instagram Feed for WordPress', 'Instagram Follow Button', 'LiteSpeed', 'Microdata for Google Shopping', 'MyFonts', 'PHP', 'Pagekit', 'QUIC', 'Theme In WP', 'UTF-8', 'WPML Multilingual', 'WordPress', 'WordPress Multisite', 'YouTube', 'jQuery']"
kerning.it,"Kerning Conference - Faenza, Jun 5-7 2019 - WOR(L)DS",,DEU,57,773,2026-07-30T07:07:28.733887152Z,"['AJAX Libraries API', 'Adobe Creative Cloud WebFonts', 'Content Delivery Network', 'Corporate Governance and Regulatory Compliance', 'Fastly', 'GZIP Module', 'GitHub Hosting', 'Google Analytics', 'Google Cloud DNS', 'MyFonts', 'Prefix Free', 'Twitter Ads', 'UTF-8', 'jQuery']"
lisaschultz.at,Lisa Schultz,,,20,50,2026-07-30T06:33:02.016581145Z,"['Apache', 'EmbedPress', 'GZIP Module', 'Instagram Follow Button', 'MyFonts', 'PHP', 'SiteW', 'Tailwind CSS', 'Theme In WP', 'UTF-8', 'Woo Themes', 'WordPress', 'WordPress Multisite', 'jQuery', 'qTranslate']"
kleverart.com,KLEVER - A non-conformist USSR artist,,USA,92,17977,2026-07-30T03:33:43.720474483Z,"['Alternate Protocol', 'Amazon', 'Amazon CloudFront', 'BLR', 'CloudFront', 'Content Delivery Network', 'DC74', 'Gambling Content', 'GitHub Hosting', 'Google Analytics', 'Google Tag Manager', 'Instagram Follow Button', 'Microdata for Google Shopping', 'MyFonts', 'Netlify', 'Nuxt.js', 'Tailwind CSS', 'Tumblr', 'Twitter Ads', 'UTF-8', 'WordPress SEO Structured Data Schema Plugin']"
cleanwellinside.com,"CleanWell® | Naturally Powerful, Plant-Based Household Products",CleanWell,,67,1266,2026-07-29T14:39:06.783107387Z,"['Alternate Protocol', 'Cloudflare', 'Cloudflare CDN', 'Content Delivery Network', 'Divi', 'Elegant Themes', 'EmbedPress', 'Google Analytics', 'Google Cloud DNS', 'Google Font API', 'Google Related Website Sites', 'Google Tag Manager', 'Inside', 'Microdata for Google Shopping', 'MyFonts', 'PHP', 'Theme In WP', 'UTF-8', 'Woo Themes', 'WordPress', 'WordPress Multisite', 'jQuery']"
borrowbox.io,BorrowBox – Your library in one app,,,57,116,2026-07-29T11:58:46.771441226Z,"['Amazon', 'Amazon Associates', 'Amazon CloudFront', 'Amazon Route 53', 'Amazon Widgets', 'Apache', 'Apple Auto Link Maker', 'CloudFront', 'Content Delivery Network', 'GZIP Module', 'Google My Business', 'Google Play', 'MyFonts', 'PWA', 'Smart App Banner', 'Ubuntu', 'jQuery']"
289glengrove.com,289 Glengrove Avenue W | Oxley Real Estate,,CAN,70,25721,2026-07-14T02:08:19.974850705Z,"['Alternate Protocol', 'Amazon WAF Blocked', 'Anti-spam for WordPress', 'Artifakt Digita', 'CleanTalk Spam Protect', 'Cloudflare', 'Cloudflare CDN', 'Coming Soon Page', 'Content Delivery Network', 'DAV', 'EmbedPress', 'Fancybox for WordPress', 'Fireblade', 'Font Awesome', 'Google Analytics', 'Google Cloud DNS', 'Google Customer Reviews', 'Google Maps', 'Google My Business', 'Google Tag Manager', 'Gravity', 'Gravity Forms', 'Instagram Feed for WordPress', 'Instagram Follow Button', 'Microdata for Google Shopping', 'MyFonts', 'PHP', 'Parcel', 'QUIC', 'Tailwind CSS', 'Theme In WP', 'UTF-8', 'WP Google Maps', 'WordPress', 'WordPress Multisite', 'YouTube', 'jQuery', 'jsDelivr']"
mutable.cloud,Mutable Public Edge Cloud,,,67,20630,2026-07-13T22:26:19.974429931Z,"['Alternate Protocol', 'Amazon', 'Amazon CloudFront', 'Amazon Route 53', 'Amazon S3 CDN', 'Angular', 'CloudFront', 'Content Delivery Network', 'GZIP Module', 'GitHub Hosting', 'Google', 'Google Analytics', 'Google Cloud DNS', 'Google Font API', 'Google My Business', 'Google Recommendations AI', 'Google Tag Manager', 'MyFonts', 'Next.js', 'PWA', 'Pleroma', 'Prismic', 'Storyblocks', 'Subversion', 'Tailwind CSS', 'Twitter Ads', 'shadcn ui']"
saxonhomeschool.com,Homeschool Curriculum | K-12 Homeschool Programs | HMH,,GBR,72,58010,2026-07-08T07:14:19.974242241Z,"['AB Tasty', 'AWS WAF Challenge', 'Amazon', 'Amazon CloudFront', 'Amazon Route 53', 'Amazon S3 CDN', 'CloudFront', 'Content Delivery Network', 'GZIP Module', 'Google Analytics', 'Google Tag Manager', 'Instagram Follow Button', 'MyFonts', 'Nginx', 'Storyblocks', 'Tailwind CSS', 'Thank You', 'Twitter Ads', 'UTF-8', 'University or College', 'YouTube']"
junge-kunst-duesseldorf.de,"duesseldorf-art: Galerie, Kunsthandel, art-hoc Ausstellungen, art Consulting",,DEU,52,50,2026-07-06T02:38:19.971204543Z,"['Apache', 'Google Analytics', 'Instagram Follow Button', 'Interchange', 'MyFonts', 'PHP', 'Tailwind CSS', 'Twitter Ads']"
diopin.com,Home - Diopin,,GBR,65,3586,2026-07-05T04:20:19.974797785Z,"['Alternate Protocol', 'Automattic', 'Embed Any Document', 'EmbedPress', 'Font Awesome', 'GZIP Module', 'Google Analytics', 'Google Cloud DNS', 'Google Font API', 'IcoMoon', 'MaxCDN', 'Microdata for Google Shopping', 'MyFonts', 'Nginx', 'PHP', 'Tailwind CSS', 'Theme In WP', 'Twitter Ads', 'University or College', 'WordPress', 'WordPress Multisite', 'YouTube', 'jQuery']"
cinnauistaging.com,Jamf Now - MDM for Small Business - Apple SMB,,USA,77,52714,2026-07-03T23:26:19.968521667Z,"['AWS WAF Challenge', 'Alternate Protocol', 'Amazon', 'Amazon CloudFront', 'Amazon Route 53', 'Amazon WAF Blocked', 'Apache', 'Barchart', 'Bug Bounty', 'CloudFront', 'Content Delivery Network', 'Debian', 'Fireblade', 'GZIP Module', 'Gambling Content', 'Google Analytics', 'Google Related Website Sites', 'Google Tag Manager', 'Instagram Follow Button', 'Microdata for Google Shopping', 'MyFonts', 'NFOrce Internet', 'QUIC', 'Tailwind CSS', 'Twitter Ads', 'UTF-8', 'University or College', 'VWO Engage', 'Visual Website Optimizer', 'YouTube', 'eLand', 'jQuery']"
midamericanrenewablesllc.com,BHE Renewables,,,40,22859,2026-06-30T05:02:19.97333388Z,"['Adobe Creative Cloud WebFonts', 'Amazon', 'Amazon CloudFront', 'Amazon Route 53', 'AppDynamics', 'CDN JS', 'CloudFront', 'Cloudflare', 'Cloudflare CDN', 'ElementUI', 'Fireblade', 'Google', 'Google Analytics', 'Google Cloud DNS', 'Google Font API', 'Google My Business', 'Google Tag Manager', 'Instagram Follow Button', 'MyFonts', 'Oracle Cloud', 'Oracle Content Management', 'UTF-8', 'YouTube', 'reCAPTCHA']"
pnucc.org,Pacific Northwest Utilities Conference Committee,,USA,65,16752,2026-06-28T20:44:19.968688022Z,"['Alternate Protocol', 'Amazon', 'Amazon CloudFront', 'Amazon Route 53', 'AppNexus Direct', 'Apture Linking Platform', 'CloudFront', 'Content Delivery Network', 'DoubleClick Bid Manager', 'ETranslate', 'EmbedPress', 'Eventbrite', 'Facebook CDN', 'Fastly', 'Five9', 'Flatsome', 'Font Awesome', 'GTranslate', 'GZIP Module', 'Google', 'Google Analytics', 'Google Cloud DNS', 'Google My Business', 'Google Tag Manager', 'Gravity Forms', 'Hirebridge', 'IcoMoon', 'MyFonts', 'Netseer Direct', 'Nginx', 'Ntent', 'PHP', 'Storyblocks', 'Tailwind CSS', 'Theme In WP', 'UTF-8', 'WordPress', 'WordPress Multisite', 'Yahoo Image CDN', 'Yahoo Web Analytics', 'YouTube', 'jQuery']"
eatdatsun.com,Eat Datsun Ottawa | Steamed Buns | Noodles | Dumplings,,JPN,60,231,2026-06-28T11:38:19.968154644Z,"['Alternate Protocol', 'Apache', 'Divi', 'Elegant Themes', 'EmbedPress', 'GZIP Module', 'Google Cloud DNS', 'Google Font API', 'Instagram Follow Button', 'MyFonts', 'PHP', 'Theme In WP', 'UTF-8', 'WordPress', 'WordPress Multisite', 'jQuery']"
ccbsunesco.org,CCBS – Colombo Children's Book Society,,LKA,70,1332,2026-06-21T19:44:19.968492797Z,"['Alternate Protocol', 'Astra Theme', 'Content Delivery Network', 'Elementor', 'EmbedPress', 'Gandi', 'GiveWP', 'Google Analytics', 'Google Analytics Dashboard for WordPress', 'Google Cloud DNS', 'Google Font API', 'Google Maps', 'Google My Business', 'Google Tag Manager', 'Investor Relations', 'LiteSpeed', 'MyFonts', 'PHP', 'Theme In WP', 'UTF-8', 'University or College', 'WordPress', 'WordPress Multisite', 'YouTube', 'jQuery']"
iriansmonaco.com,Le Cube - Irians Monaco,,MCO,45,65,2026-06-21T16:11:19.968157557Z,"['Aruba', 'Bulma', 'GZIP Module', 'Instagram Follow Button', 'MyFonts']"
richiesilva.com,"Richard Silva | Mortgage Loan Originator | Residential Mortgage, LLC","Residential Mortgage, LLC",USA,77,88949,2026-06-21T03:08:19.973331184Z,"['Content Delivery Network', 'Facebook Pixel', 'Facebook Tag API', 'Fireblade', 'Font Awesome', 'GZIP Module', 'Global Privacy Control', 'Google', 'Google Analytics', 'Google Cloud DNS', 'Google Font API', 'Google Related Website Sites', 'Google Tag Manager', 'M247', 'MyFonts', 'Nationwide Mortgage Licensing System and Registry', 'QUIC', 'SMC', 'Tailwind CSS', 'UTF-8', 'UserWay', 'Visx']"
gregorysgroves.com,Florida Oranges | Fresh Fruit Delivery | Gregory's Groves,,,62,15517,2026-06-19T18:08:19.972679255Z,"['AddThis for Wordpress', 'Amazon', 'Amazon CloudFront', 'Amazon Route 53', 'Amazon S3 CDN', 'Apache', 'AutoComplete', 'Bing Cashback', 'Bing Conversion Tracking', 'CDN JS', 'CloudFront', 'Cloudflare', 'Cloudflare CDN', 'DoubleClick Bid Manager', 'Facebook Reseller', 'Font Awesome', 'GZIP Module', 'Google', 'Google Analytics', 'Google Analytics with Ad Tracking', 'Google Cloud DNS', 'Google Flights Conversion Tracking', 'Google Font API', 'Google My Business', 'Google Tag Manager', 'Klaviyo', 'LiveChat', 'LiveChat Monitoring', 'MailChimp', 'Microsoft Clarity', 'MyFonts', 'PayPal Adaptive Payments', 'Pinterest Conversion Tracking', 'QUIC', 'SmartyStreets', 'StackPath', 'Storyblocks', 'Tailwind CSS', 'TrustLogo', 'UTF-8', 'reCAPTCHA', 'uPress']"
totallytomato.com,"Totally Tomatoes: Tomatoes, Peppers, Vegetables & More",Totally Tomatoes,USA,77,30967,2026-06-19T17:44:19.969993826Z,"['Amazon', 'Amazon CloudFront', 'Amazon Route 53', 'Amazon S3 CDN', 'Apache', 'Bing Cashback', 'Bing Conversion Tracking', 'CDN JS', 'CloudFront', 'Cloudflare', 'Cloudflare CDN', 'DoubleClick Bid Manager', 'Express', 'Facebook Reseller', 'Fireblade', 'Font Awesome', 'GZIP Module', 'Google', 'Google Analytics', 'Google Analytics with Ad Tracking', 'Google Cloud DNS', 'Google Font API', 'Google My Business', 'Google Tag Manager', 'Instagram Follow Button', 'Klaviyo', 'LiveChat', 'LiveChat Monitoring', 'Microsoft Clarity', 'MyFonts', 'PayPal Adaptive Payments', 'Pinterest Conversion Tracking', 'QUIC', 'SmartyStreets', 'StackPath', 'Storyblocks', 'TrustLogo', 'Twitter Ads', 'UTF-8', 'accessiBe', 'jsDelivr', 'reCAPTCHA']"
rhshumway.com,Garden Seed | Vegetable Garden Seed | Garden Seed Catalog | Garden Seed Company | RH Shumway,R.H. Shumway&#039;s Company,ISR,77,20967,2026-06-19T17:41:19.972441776Z,"['Amazon', 'Amazon CloudFront', 'Amazon Route 53', 'Amazon S3 CDN', 'Apache', 'Bing Cashback', 'Bing Conversion Tracking', 'CDN JS', 'CloudFront', 'Cloudflare', 'Cloudflare CDN', 'DoubleClick Bid Manager', 'Express', 'Facebook Reseller', 'Font Awesome', 'GZIP Module', 'Google', 'Google Analytics', 'Google Analytics with Ad Tracking', 'Google Cloud DNS', 'Google Font API', 'Google My Business', 'Google Tag Manager', 'Instagram Follow Button', 'Klaviyo', 'LiveChat', 'LiveChat Monitoring', 'Microsoft Clarity', 'MyFonts', 'PayPal Adaptive Payments', 'Pinterest Conversion Tracking', 'QUIC', 'SmartyStreets', 'StackPath', 'Storyblocks', 'TrustLogo', 'Twitter Ads', 'UTF-8', 'Vector Internet Services', 'Way', 'accessiBe', 'jsDelivr', 'reCAPTCHA']"
vermontbean.com,Garden Seed | Vegetable Garden Seed | Garden Seed Catalog | Garden Seed Company | Vermont Bean,Vermont Bean,ISR,77,18367,2026-06-19T17:35:19.96891245Z,"['Amazon', 'Amazon CloudFront', 'Amazon Route 53', 'Amazon S3 CDN', 'Apache', 'Bing Cashback', 'Bing Conversion Tracking', 'CDN JS', 'CloudFront', 'Cloudflare', 'Cloudflare CDN', 'DoubleClick Bid Manager', 'Express', 'Facebook Reseller', 'Fastly', 'Font Awesome', 'GZIP Module', 'Google', 'Google Analytics', 'Google Analytics with Ad Tracking', 'Google Cloud DNS', 'Google Font API', 'Google My Business', 'Google Tag Manager', 'Instagram Follow Button', 'Klaviyo', 'LiveChat', 'LiveChat Monitoring', 'Microsoft Clarity', 'MyFonts', 'PayPal Adaptive Payments', 'Pinterest Conversion Tracking', 'QUIC', 'SmartyStreets', 'StackPath', 'Storyblocks', 'TrustLogo', 'UTF-8', 'accessiBe', 'jsDelivr', 'reCAPTCHA']"
ecurbstudios.com,Chalk Couture. Home | DIY Home Decor | Chalk Couture,,,62,16968,2026-06-19T02:41:19.969384257Z,"['Amazon', 'Amazon CloudFront', 'Amazon S3 CDN', 'CloudFront', 'Express', 'Google Analytics', 'Google Cloud DNS', 'Google Font API', 'Google Tag Manager', 'HubSpot Conversations', 'Hubspot', 'Instagram Follow Button', 'MailChimp', 'Microsoft Azure', 'Microsoft IIS', 'MyFonts', 'QUIC', 'Storyblocks', 'Tailwind CSS', 'Twitter Ads', 'UTF-8', 'Vimeo', 'YouTube', 'Zendesk Guide', 'nopCommerce']"
aptaclub.com.au,Aptamil | Aptaclub I Feeding & Parenting | Baby Formula & Milk Drinks,,,67,1422117,2026-06-18T14:14:19.96963768Z,"['Adobe CQ', 'Adobe Experience Manager', 'Adobe Marketing Cloud', 'Adyen', 'Alternate Protocol', 'Amazon', 'Amazon Associates Affiliate Shop', 'Amazon CloudFront', 'Amazon Route 53', 'AppNexus Direct', 'Bazaarvoice', 'Bazaarvoice Curations', 'Bing Cashback', 'ChannelSight', 'CloudFront', 'Content Delivery Network', 'DemDex', 'DoubleClick Bid Manager', 'Facebook Conversion Tracking', 'Facebook Login', 'Facebook Messenger Platform', 'Facebook Pixel', 'Facebook Reseller', 'Facebook Tag API', 'Fastly', 'Flockler', 'GZIP Module', 'Google', 'Google Analytics', 'Google Cloud CDN', 'Google Cloud DNS', 'Google My Business', 'Google Related Website Sites', 'Google Tag Manager', 'Instagram Follow Button', 'Live2Support', 'LiveAgent', 'Media.net', 'Microdata for Google Shopping', 'Microsoft Azure', 'Microsoft Clarity', 'Mopinion', 'MyFonts', 'Neolane', 'New Relic', 'Oddle', 'Outbrain Direct', 'ProProfs', 'Product Review', 'Salesforce', 'Salesforce Experience Cloud', 'Salesforce Hosted', 'Salesforce Live Agent', 'Schema Plugin', 'Swaven', 'Tealium', 'Twitter Ads', 'UTF-8', 'YouTube', 'commercetools']"
amongthetreelodging.com,Home - Among The Trees Lodging,Among The Trees Lodging,AUS,70,5338,2026-06-17T21:44:19.969645579Z,"['Alternate Protocol', 'Content Delivery Network', 'Elementor', 'EmbedPress', 'Essential Addons for Elementor', 'Fastly', 'GZIP Module', 'Google', 'Google Analytics', 'Google Cloud CDN', 'Google Cloud DNS', 'Google Font API', 'Google Tag Manager', 'Hello Elementor', 'Instagram Follow Button', 'Microdata for Google Shopping', 'MyFonts', 'PHP', 'QUIC', 'Table Addons for Elementor', 'Theme In WP', 'UTF-8', 'WordPress', 'WordPress Multisite', 'jQuery']"
vision53-systems.de,vision53 - Events & Online-Marketing,,,62,708,2026-06-17T20:26:19.970422568Z,"['AJAX Libraries API', 'Apache', 'Easy Pie Chart', 'GZIP Module', 'Google Analytics', 'Google Cloud DNS', 'IcoMoon', 'MyFonts', 'Tailwind CSS', 'UTF-8', 'YouTube', 'jQuery']"
rauschen.bar,Bar Café Frühstück - Wismar Hafen Westhafen Nachtleben,,,25,50,2026-06-17T16:53:19.969538841Z,"['Apache', 'Instagram Follow Button', 'MyFonts', 'Unix']"
winniehart.com,Home | Winnie Hart,TwinEngine,GBR,77,18484,2026-06-16T18:56:19.971005026Z,"['Alternate Protocol', 'Amazon Associates', 'Amazon Widgets', 'App Store', 'Apture Linking Platform', 'Astra Theme', 'Bookform', 'Cloudflare', 'Coming Soon Page', 'Content Delivery Network', 'Elementor', 'ElementsKit Elementor', 'EmbedPress', 'GoDaddy', 'Google Analytics', 'Google Tag Manager', 'Instagram Follow Button', 'Microdata for Google Shopping', 'MyFonts', 'NFOrce Internet', 'Ntent', 'PHP', 'Subversion', 'Theme In WP', 'Twitter Ads', 'UTF-8', 'Wangsu', 'Woo Themes', 'WordPress', 'WordPress Multisite', 'WordPress Related Posts', 'WordPress SEO Structured Data Schema Plugin', 'YouTube', 'jQuery']"
mkeirish.com,Irish Music and Celtic Culture | CelticMKE,,USA,72,21279,2026-06-15T21:32:19.971592881Z,"['Alternate Protocol', 'Amazon CloudFront', 'CloudFront', 'Font Awesome', 'GZIP Module', 'Google Analytics', 'Google Cloud DNS', 'Google Font API', 'Google Tag Manager', 'Instagram Follow Button', 'Microsoft Azure', 'Microsoft IIS', 'MyFonts', 'Po.st', 'Titan CMS', 'Twitter Ads', 'UTF-8', 'Visual Studio', 'YouTube', 'eLand']"
hkhic.org,HealthTech Innovation Center,,CHN,55,908,2026-06-14T19:02:19.968913174Z,"['Content Delivery Network', 'Fastly', 'Foundation', 'FreeCSSTemplates', 'GZIP Module', 'GitHub Hosting', 'Google Cloud DNS', 'Google Code Prettify', 'Google Font API', 'IcoMoon', 'MyFonts', 'UTF-8', 'WoWonder', 'jQuery']"
edelweisscruises.com,"Edelweiss Cruises Milwaukee | Boat Tours, Rentals, & Private Charters",,USA,72,7926,2026-06-14T13:14:19.968969086Z,"['Amazon CloudFront', 'Apture Linking Platform', 'BookThatApp', 'CloudFront', 'Cloudflare', 'Cloudflare CDN', 'DAV', 'Fastly', 'GetResponse', 'Google My Business', 'Harbor', 'IcoMoon', 'Instagram Follow Button', 'Microdata for Google Shopping', 'MyFonts', 'QUIC', 'Schema Plugin', 'Shopify', 'Shopify Collabs', 'UTF-8', 'hCaptcha', 'jQuery', 'reCAPTCHA']"
andrearmacollo.co.uk,Andre Armacollo Freelance Web Designer & Developer in London,Andre Armacollo Freelance Web Designer,GBR,77,1748,2026-06-14T04:23:19.971640345Z,"['Adobe Creative Cloud WebFonts', 'Apache', 'GZIP Module', 'Google Related Website Sites', 'IcoMoon', 'Instagram Follow Button', 'Microdata for Google Shopping', 'MyFonts', 'QUIC', 'Tailwind CSS', 'UTF-8', 'WhatsApp Sharing']"
venicescapes.org,Venicescapes Historical Society - guided tours of Venice for the academically minded - OFFICIAL PATRONAGE VENICE BOARD OF TOURISM,,GBR,67,200,2026-06-14T03:02:19.969780969Z,"['Apache', 'Instagram Follow Button', 'MyFonts', 'Twitter Ads']"
sunip.com,Sun IP. Simplifying IP management worldwide.,,GBR,77,2402,2026-06-11T08:08:28.062921498Z,"['Alternate Protocol', 'Content Delivery Network', 'CookieYes', 'EmbedPress', 'GZIP Module', 'Google Analytics', 'Google Related Website Sites', 'Google Tag Manager', 'Microdata for Google Shopping', 'MyFonts', 'Nginx', 'QUIC', 'UTF-8', 'WP Engine', 'WordPress']"
schullerdesign.com,Kezdőoldal | SCHÜLLER ÉS TÁRSAI Építésziroda Kft.,,HUN,55,149,2026-06-11T06:34:28.944570635Z,"['Font Awesome', 'GZIP Module', 'Microsoft Authentication Library for JavaScript', 'MyFonts', 'Nginx', 'Tailwind CSS', 'UTF-8']"
kingstreetgallery.au,King Street Gallery on William,,AUS,72,3265,2026-06-11T04:39:36.955352287Z,"['Akismet', 'Alternate Protocol', 'Apture Linking Platform', 'EmbedPress', 'Font Awesome', 'Google', 'Google Analytics', 'Google Cloud DNS', 'Google Font API', 'Google Tag Manager', 'Gravity', 'Gravity Forms', 'Instagram Follow Button', 'Lazy Load for WordPress', 'Microdata for Google Shopping', 'MyFonts', 'Nginx', 'PHP', 'QUIC', 'Site Kit', 'Theme In WP', 'UTF-8', 'WP Rocket', 'Woo Themes', 'WooCommerce', 'WooCommerce Checkout', 'WooCommerce Stripe Payment Gateway', 'WordPress', 'WordPress Multisite', 'YouTube', 'jQuery']"
elodiezini.com,Élodie Zini - Stratège UX-CX,,,57,113,2026-06-11T04:02:52.960280165Z,"['Apache', 'GZIP Module', 'Google', 'Google Cloud DNS', 'Google Font API', 'Google Maps', 'Google My Business', 'MyFonts', 'Twitter Ads']"
thebeachcombercafe.com,The Beachcomber at Crystal Cove – Beachfront Restaurant Bar & Catering,,GBR,60,851,2026-06-11T03:38:58.332638659Z,"['Alternate Protocol', 'Beaver Builder Lite', 'Contact Form Plugin', 'Content Delivery Network', 'Cookie Accept', 'Cookie Notice', 'EmbedPress', 'FareHarbor', 'GZIP Module', 'Google Analytics', 'Google Cloud DNS', 'Google Font API', 'Google Maps', 'Google Tag Manager', 'Harbor', 'Instagram Follow Button', 'Lightweight Grid Columns', 'MyFonts', 'Nginx', 'OpenTable', 'PHP', 'Page scroll to id', 'Parallels Plesk Panel', 'Theme In WP', 'UTF-8', 'UberMenu', 'Vimeo', 'W3 Total Cache', 'WP Mobile Menu', 'WordPress', 'WordPress Multisite', 'YouTube', 'YouTube Advanced by Embed Plus', 'jQuery']"
new-visionar.co.uk,Visionär® User Experience | IA | Usability | Design → Home,,GBR,65,57740,2026-06-10T23:07:41.099632465Z,"['Alternate Protocol', 'Apache', 'GZIP Module', 'Google Analytics', 'Google Cloud DNS', 'Google Font API', 'MyFonts', 'Signals', 'Tailwind CSS', 'Twitter Ads', 'jQuery']"
sfhearingcenter.com,Home - San Francisco Hearing Center,San Francisco Hearing Center,VEN,82,22010,2026-06-10T22:13:13.131696466Z,"['Alternate Protocol', 'Animate It', 'Apache', 'Apture Linking Platform', 'Cisco/Arrowpoint Content Service Switch', 'EmbedPress', 'Fireblade', 'GZIP Module', 'Google Analytics', 'Google Cloud DNS', 'Google Font API', 'Google My Business', 'Google Related Website Sites', 'Google Tag Manager', 'Gtranslate for Wordpress', 'ID Services', 'IcoMoon', 'Microdata for Google Shopping', 'MyFonts', 'Nectar Slide Plugin', 'Perl', 'QUIC', 'Salient', 'Shield Security for Wordpress', 'Tailwind CSS', 'UTF-8', 'WP Fastest Cache', 'WPBakery', 'WordPress', 'Yelp Badge', 'YouTube']"
shelbyminibus.co.uk,Shelby Mini Bus and Coach Hire,,GBR,70,7709,2026-06-10T21:35:15.219054807Z,"['Alternate Protocol', 'Amazon', 'CleanTalk Spam Protect', 'Contact Form Plugin', 'Content Delivery Network', 'Digital Ocean Spaces', 'Elementor', 'EmbedPress', 'Google', 'Google Analytics', 'Google Cloud CDN', 'Google Cloud DNS', 'Google Font API', 'Google Tag Manager', 'IcoMoon', 'LiteSpeed', 'MyFonts', 'NFOrce Internet', 'Ohio Theme', 'PHP', 'QUIC', 'Theme In WP', 'UTF-8', 'WordPress', 'WordPress Multisite', 'jQuery']"
advancedmicrosystemstechnologies.com,Home | Advanced Microsystems Technologies,,CAN,70,9438,2026-06-10T20:13:16.769091134Z,"['Alternate Protocol', 'Amazon', 'Amazon CloudFront', 'Amazon Route 53', 'CloudFront', 'DoubleClick Bid Manager', 'DuracellTomi Google Tag Manager for WordPress', 'EmbedPress', 'Facebook Reseller', 'Font Awesome', 'GZIP Module', 'Google', 'Google Analytics', 'Google Cloud CDN', 'Google Cloud DNS', 'Google Font API', 'Google My Business', 'Google Tag Manager', 'Jetpack Site Accelerator', 'Microdata for Google Shopping', 'MyFonts', 'New Relic', 'Nginx', 'PHP', 'Storyblocks', 'Tailwind CSS', 'Theme In WP', 'Twitter Ads', 'UTF-8', 'Vimeo', 'WordPress', 'WordPress Multisite', 'YouTube', 'jQuery', 'reCAPTCHA', 'shadcn ui']"
miracle-house.org,"Miracle House Children's Homes – Motivated by God's heart to help, feed and teach children worldwide",,,60,354,2026-06-10T19:31:03.598360814Z,"['Adobe Creative Cloud WebFonts', 'Alternate Protocol', 'Apache', 'Constant Contact', 'EmbedPress', 'Facebook Embedded Posts', 'GZIP Module', 'Google Cloud DNS', 'Google Font API', 'Jetpack', 'Lazy Load for WordPress', 'MyFonts', 'PHP', 'QUIC', 'Slider Revolution', 'ThemeFusion', 'UTF-8', 'Vimeo', 'WP Super Cache', 'Woo Themes', 'WordPress', 'WordPress Multisite', 'jQuery']"
d-fine.nl,Netherlands - d-fine,,NLD,75,7900,2026-06-10T15:24:25.190221992Z,"['Alternate Protocol', 'Amazon', 'Apache', 'GZIP Module', 'Google My Business', 'Instagram Follow Button', 'Microdata for Google Shopping', 'MyFonts', 'Tailwind CSS', 'UTF-8', 'Vector Internet Services', 'Vimeo CDN', 'YouTube']"
atexsquared.one,Mutare,Mutare,ZWE,77,105053,2026-06-10T14:42:49.506477447Z,"['Accordion Blocks', 'Accordion FAQ', 'Adobe Creative Cloud WebFonts', 'Apollo IO', 'Aruba', 'Clutch', 'Express', 'GZIP Module', 'Google', 'Google Analytics', 'Google Cloud DNS', 'Google Font API', 'Google Tag Manager', 'HubSpot Conversations', 'Hubspot', 'Line2', 'LinkedIn Insights', 'LinkedIn Pixel', 'Magento Enterprise', 'Microdata for Google Shopping', 'Microsoft Clarity', 'MyFonts', 'QUIC', 'SiteW', 'Squarespace', 'UTF-8', 'Vector Internet Services', 'WordPress SEO Structured Data Schema Plugin', 'eLand']"
acrisuremortgagedirect.com,Home - Acrisure Mortgage Direct,,IMN,82,83849,2026-06-10T13:29:19.968359744Z,"['Ajax Search Lite', 'Alternate Protocol', 'Amazon WAF Blocked', 'Anti-spam for WordPress', 'App Store', 'Apture Linking Platform', 'CDN JS', 'CleanTalk Spam Protect', 'Cloudflare', 'Cloudflare CDN', 'Cloudflare Web Analytics', 'Contact Form Plugin', 'DAV', 'Elementor', 'Elementor Custom Skin', 'EmbedPress', 'Essential Addons for Elementor', 'Facebook Conversion Tracking', 'Facebook Login', 'Facebook Messenger Platform', 'Facebook Pixel', 'Facebook Reseller', 'Facebook Tag API', 'Fireblade', 'Font Awesome', 'Google', 'Google Analytics', 'Google Cloud DNS', 'Google Font API', 'Google My Business', 'Google Play', 'Google Tag Manager', 'JetElements', 'K2F', 'KeyCDN', 'Microdata for Google Shopping', 'MyFonts', 'NFOrce Internet', 'Nationwide Mortgage Licensing System and Registry', 'No-Q', 'PHP', 'Pico CSS', 'Premium Addons for Elementor', 'SimpleNexus', 'Theme In WP', 'WordPress', 'WordPress Multisite', 'WordPress Related Posts', 'accessiBe', 'jQuery', 'reCAPTCHA', 'wpDataTables']"
greenbergfootclinic.ca,Ottawa's Foot Care and Orthotics Clinic | Greenberg Foot Clinic,,CAN,82,6530,2026-06-10T01:18:47.215860575Z,"['Amazon', 'Amazon CloudFront', 'Amazon Route 53', 'Apache', 'CloudFront', 'DoubleClick Bid Manager', 'GZIP Module', 'Google', 'Google Analytics', 'Google Cloud DNS', 'Google Font API', 'Google Maps', 'Google My Business', 'Google Reseller', 'Google Tag Manager', 'Microdata for Google Shopping', 'MyFonts', 'Ntent', 'QUIC', 'Square', 'Stripe', 'Tailwind CSS', 'Twitter Ads', 'UTF-8', 'Vimeo', 'YouTube', 'jQuery', 'reCAPTCHA']"
vivify-me.com,Hypnosis and Values Insights for Midlife Change | vivify-me,,CAN,82,6722,2026-06-10T01:18:47.215705972Z,"['Amazon', 'Amazon CloudFront', 'Amazon Route 53', 'Apache', 'Calendly', 'CloudFront', 'DoubleClick Bid Manager', 'Facebook Conversion Tracking', 'Facebook Login', 'Facebook Messenger Platform', 'Facebook Pixel', 'Facebook Reseller', 'Facebook Tag API', 'GZIP Module', 'Google', 'Google Analytics', 'Google Cloud DNS', 'Google Font API', 'Google Maps', 'Google My Business', 'Google Reseller', 'Google Tag Manager', 'Microdata for Google Shopping', 'MyFonts', 'Ntent', 'Square', 'Stripe', 'Tailwind CSS', 'Twitter Ads', 'UTF-8', 'University or College', 'Vimeo', 'YouTube', 'jQuery', 'reCAPTCHA']"
katythompson.com.au,Katy Thompson,,,62,440,2026-06-10T00:43:43.82325643Z,"['Content Delivery Network', 'GitHub Hosting', 'MyFonts', 'Next.js', 'Pleroma', 'Tailwind CSS', 'UTF-8', 'University or College', 'Vercel']"
printisdead.com,PRINT IS DEAD™,,,25,50,2026-06-09T19:59:45.51764421Z,"['Apache', 'MyFonts', 'Tailwind CSS', 'UTF-8']"
hammer-eigenthal.ch,Hotel Restaurant Hammer,,,55,3053,2026-06-09T16:20:47.387195503Z,"['AJAX Libraries API', 'Apache', 'Booking Affiliate', 'Google Analytics', 'Google Cloud DNS', 'Google Font API', 'Google Maps', 'Google Tag Manager', 'Instagram Follow Button', 'Mews Commander', 'MyFonts', 'PHP', 'QUIC', 'Subversion', 'UTF-8', 'jQuery']"
cedarhillinvestments.com,Partner with Cedar Hill Capital | Top VC Fund in India,Cedar Hill Capital,IND,72,10083,2026-06-09T15:50:19.968973728Z,"['Alternate Protocol', 'Cloudflare', 'Cloudflare CDN', 'Contact Form Plugin', 'Content Delivery Network', 'Digital Ocean Spaces', 'Elfsight', 'EmbedPress', 'Font Awesome', 'Google Analytics', 'Google Cloud DNS', 'Google Font API', 'Google Tag Manager', 'IcoMoon', 'Instagram Feed for WordPress', 'Instagram Follow Button', 'Microdata for Google Shopping', 'MyFonts', 'Ohio Theme', 'PHP', 'RM Education', 'Slider Revolution', 'Theme In WP', 'Typeform', 'UTF-8', 'WPBakery', 'Woo Themes', 'WooCommerce', 'WooCommerce Checkout', 'WordPress', 'WordPress Multisite', 'YouTube', 'jQuery']"
oklahomaskydiving.com,Oklahoma Skydiving Center | OKC Skydiving | Tulsa OK Skydive,Oklahoma Skydiving Center,USA,77,6255,2026-06-09T15:38:16.025303965Z,"['3 Products', 'AJAX Libraries API', 'Alternate Protocol', 'Amazon WAF Blocked', 'Content Delivery Network', 'EmbedPress', 'Fastly', 'GZIP Module', 'Google Analytics', 'Google Cloud DNS', 'Google Font API', 'Google Maps', 'Google My Business', 'Google Related Website Sites', 'Google Tag Manager', 'Gravity', 'Gravity Forms', 'Instagram Follow Button', 'Microdata for Google Shopping', 'MyFonts', 'PHP', 'QUIC', 'The Events Calendar', 'Theme In WP', 'UTF-8', 'WordPress', 'WordPress Multisite', 'Xola', 'jQuery']"
lgmrecords.co.uk,LGM Records | Independent Record Label in London,LGM Records,GBR,77,3756,2026-06-09T13:24:24.239689851Z,"['Adobe Creative Cloud WebFonts', 'Alternate Protocol', 'Bulma', 'DuracellTomi Google Tag Manager for WordPress', 'EmbedPress', 'GZIP Module', 'Google Analytics', 'Google Cloud DNS', 'Google Font API', 'Google Maps', 'Google Tag Manager', 'Hootsuite Badge', 'Instagram Follow Button', 'LiteSpeed', 'Microdata for Google Shopping', 'MyFonts', 'PHP', 'QUIC', 'Slider Revolution', 'Theme In WP', 'UTF-8', 'Uncode', 'WPBakery', 'WordPress', 'WordPress Multisite', 'YouTube']"
homeloanswithscott.com,"Scott Maness | Loan Officer in Belmont, NC | Evergreen Home Loans",,USA,72,8257,2026-06-09T13:17:19.96923746Z,"['Alternate Protocol', 'AutoComplete', 'Bulma', 'CDN JS', 'Cloudflare', 'Cloudflare CDN', 'Facebook Pixel', 'Facebook Tag API', 'GZIP Module', 'Google Analytics', 'Google My Business', 'Google Tag Manager', 'IcoMoon', 'Instagram Follow Button', 'Microsoft Azure', 'MyFonts', 'Nationwide Mortgage Licensing System and Registry', 'PHP', 'Tailwind CSS', 'Twitter Ads', 'UTF-8', 'UserWay', 'Visual Studio', 'Weglot', 'WoWonder', 'YouTube', 'reCAPTCHA']"
ateljealtmann.com,Ateljé Altmann,,SWE,72,57816,2026-06-09T06:46:20.274407765Z,"['Apture Linking Platform', 'Cisco/Arrowpoint Content Service Switch', 'Content Delivery Network', 'DatoCMS', 'Express', 'Google Analytics', 'Google Tag Manager', 'Gravity', 'Instagram Follow Button', 'Investor Relations', 'MyFonts', 'Netlify', 'Nuxt.js', 'Pexels', 'SMC', 'UTF-8', 'University or College', 'YouTube']"
vop-tbb.de,VOP gemeinnützige GmbH,,DEU,70,708,2026-06-09T05:34:56.895411667Z,"['CDN JS', 'Cloudflare', 'Cloudflare CDN', 'CookieConsent', 'Google Cloud DNS', 'Google Font API', 'IcoMoon', 'MyFonts', 'Nginx', 'Tailwind CSS', 'jQuery']"
starralbion.org,Trauma Informed Care Training - Starr Commonwealth,Starr Commonwealth,GBR,77,66241,2026-06-09T05:14:19.968404845Z,"['AWS WAF Challenge', 'Add to Any', 'Alternate Protocol', 'Amazon', 'Amazon S3 CDN', 'Classy', 'Cloudflare', 'Cloudflare CDN', 'Content Delivery Network', 'Cookie Accept', 'Cookie Notice', 'EmbedPress', 'Facebook Conversion Tracking', 'Facebook Login', 'Facebook Messenger Platform', 'Facebook Pixel', 'Facebook Reseller', 'Facebook Tag API', 'Google', 'Google Analytics', 'Google Cloud DNS', 'Google Font API', 'Google My Business', 'Google Related Website Sites', 'Google Tag Manager', 'HubSpot Conversations', 'HubSpot WordPress Plugin', 'Hubspot', 'Instagram Feed for WordPress', 'Instagram Follow Button', 'LinkedIn Insights', 'LinkedIn Pixel', 'MailChimp', 'Max Mega Menu', 'Max Mega Menu Pro', 'Microdata for Google Shopping', 'MyFonts', 'PHP', 'Qualtrics Site Intercept', 'Schema Plugin', 'SiteOrigin', 'SiteOrigin Panels', 'Storyblocks', 'Theme In WP', 'Twitter Ads', 'UTF-8', 'Uncanny Toolkit for LearnDash', 'University or College', 'Vantage', 'WP Engine', 'WP Event Manager', 'WP Mobile Menu', 'WP Slick Slider and Image Carousel', 'WP Statistics', 'Widget Options', 'Woo Themes', 'WooCommerce', 'WooCommerce Checkout', 'WooCommerce Pixel Manager by woopt', 'WordPress', 'WordPress Download Manager', 'WordPress Multisite', 'YouTube', 'jQuery', 'reCAPTCHA']"
cogulator.io,Cogulator: A Cognitive Calculator,,,45,650,2026-06-09T05:11:19.970157488Z,"['Apache', 'Content Delivery Network', 'Fastly', 'GZIP Module', 'GitHub Hosting', 'MyFonts', 'UTF-8']"
qaplegal.com,Qap Legal – Legal advice for go-getters,Qap Legal,SWE,82,19373,2026-06-09T04:54:59.163969773Z,"['AJAX Libraries API', 'Alternate Protocol', 'Corporate Governance and Regulatory Compliance', 'Fastly', 'Fireblade', 'Google Cloud DNS', 'Microdata for Google Shopping', 'MyFonts', 'NFOrce Internet', 'Nginx', 'Oxygen', 'Oxygen Builder', 'Sitelinks Search Box', 'The SEO Framework', 'UTF-8', 'WordPress', 'WordPress Multisite', 'jQuery']"
riseuprevenue.com,Rise Up Revenue – Rise Up Revenue,,,55,10109,2026-06-09T04:33:33.274074083Z,"['Alternate Protocol', 'Apache', 'Contento', 'GZIP Module', 'Gambling Content', 'Google My Business', 'Kriesi.at', 'MyFonts', 'PHP', 'Theme In WP', 'UTF-8', 'WordPress', 'WordPress Multisite', 'jQuery']"
bclpatwork.com,Insights | BCLP - Bryan Cave Leighton Paisner,,USA,70,59592,2026-06-09T03:37:08.301912463Z,"['Akamai Global Host', 'Amazon', 'Amazon CloudFront', 'Amazon Route 53', 'CloudFront', 'Cloudflare', 'Cybot', 'DoubleClick Bid Manager', 'Ethy', 'Fastly CDN', 'Financial Services Guide', 'Font Awesome', 'Google', 'Google Analytics', 'Google Cloud CDN', 'Google Cloud DNS', 'Google Font API', 'Google Maps', 'Google My Business', 'Google Reseller', 'Google Tag Manager', 'Hubspot', 'IcoMoon', 'KVH', 'Microdata for Google Shopping', 'MyFonts', 'Phew', 'Storyblocks', 'Subversion', 'UTF-8', 'Vimeo', 'Vimeo CDN', 'Wistia', 'YouTube', 'reCAPTCHA']"
piratesofpenzanceonbroadway.com,"Roundabout Theatre Company – Broadway, Off-Broadway Tickets & Shows | Leading NYC Not-for-Profit Cultural Institution | Supporter of Education through Theatre",Roundabout Theatre Company,USA,77,9074,2026-06-09T01:29:58.784872122Z,"['501c3 Status Nonprofit', 'Amazon', 'Amazon CloudFront', 'Amazon Route 53', 'Amazon WAF Blocked', 'Apture Linking Platform', 'CleanTalk Spam Protect', 'CloudFront', 'Cloudinary', 'Content Delivery Network', 'GZIP Module', 'GitHub Hosting', 'Google Analytics', 'Google Tag Manager', 'Instagram Follow Button', 'Microdata for Google Shopping', 'MyFonts', 'New Relic', 'Nginx', 'QUIC', 'Schema Plugin', 'Tailwind CSS', 'Twitter Ads', 'UTF-8', 'Way', 'YouTube']"
340binsightpodcast.com,340B Insight Podcast - 340B Health,,USA,65,231128,2026-06-08T22:41:26.508251082Z,"['AJAX Libraries API', 'AdRoll', 'Adobe Creative Cloud WebFonts', 'Adobe Marketing Cloud', 'Amazon', 'Amazon CloudFront', 'Amazon Route 53', 'Apache', 'AppNexus Direct', 'BidSwitch Direct', 'Bidtellect Direct', 'CloudFront', 'Content Delivery Network', 'Debian', 'DemDex', 'DoubleClick Bid Manager', 'Express', 'Facebook Reseller', 'Fireblade', 'GZIP Module', 'Google Analytics', 'Google Cloud DNS', 'Google Tag Manager', 'Harbor', 'Hotjar', 'IcoMoon', 'Informz', 'IponWeb BidSwitch', 'LinkedIn Pixel', 'Media.net', 'MediaMath', 'MyFonts', 'No-Q', 'OpenX Direct', 'Outbrain Direct', 'PHP', 'Paycor', 'Pubmatic', 'Rakuten Affiliate', 'Snowplow', 'Taboola Direct', 'Taboola Reseller', 'Triple Lift Direct', 'Twitter Ads', 'Twitter Analytics', 'UTF-8', 'Vimeo', 'Walmart', 'YouTube', 'jQuery']"
oialaw.com,Oscar I. Alfonso & Associates,,USA,72,16408,2026-06-08T22:10:50.087614637Z,"['AWS WAF Challenge', 'Alternate Protocol', 'Content Delivery Network', 'EmbedPress', 'Google Cloud DNS', 'Google Maps', 'Google Related Website Sites', 'MyFonts', 'PHP', 'Sucuri Cloudproxy', 'Theme In WP', 'UTF-8', 'WPML Multilingual', 'WordPress', 'WordPress Multisite', 'jQuery']"
awesomemolecules.com,Site 3.0,,,50,5540,2026-06-08T21:20:51.352541976Z,"['Apture Linking Platform', 'CDN JS', 'Cloudflare', 'Cloudflare CDN', 'GZIP Module', 'Google Analytics', 'Google Tag Manager', 'Instagram Follow Button', 'K2F', 'MyFonts', 'Share Link', 'Twitter Ads', 'UTF-8', 'Unix', 'accessiBe', 'eLand']"
askoinc.cn,ASKO products and services,,NLD,62,10767,2026-06-08T18:14:42.70066318Z,"['GZIP Module', 'IcoMoon', 'MyFonts', 'Newsletter for Wordpress', 'Nginx', 'PHP', 'Piwik PRO', 'QUIC', 'UTF-8', 'YouTube', 'shadcn ui']"
themaitlandclinic.uk,UK Hair Loss Clinic and Hair Restoration | The Maitland Clinic,,GBR,87,4454,2026-06-08T16:55:57.263085214Z,"['Alternate Protocol', 'Contact Form Plugin', 'Corporate Governance and Regulatory Compliance', 'DAV', 'EU Cookie Law for Wordpress.', 'EmbedPress', 'Express', 'Facebook Conversion Tracking', 'Facebook Login', 'Facebook Messenger Platform', 'Facebook Pixel', 'Facebook Reseller', 'Facebook Tag API', 'GZIP Module', 'Google', 'Google Analytics', 'Google Cloud CDN', 'Google Cloud DNS', 'Google Font API', 'Google My Business', 'Google Tag Manager', 'Instagram Follow Button', 'Lazy Load for WordPress', 'Microdata for Google Shopping', 'MyFonts', 'Nginx', 'PHP', 'Parallels Plesk Panel', 'Thank You', 'Theme In WP', 'Twitter Ads', 'UTF-8', 'WP Rocket', 'WordPress', 'WordPress Multisite', 'YouTube', 'jQuery', 'reCAPTCHA']"
margheritafranceschini.com,Margherita Franceschini | Cellist,,ITA,62,1918,2026-06-08T11:27:03.032805657Z,"['Azion', 'Content Delivery Network', 'Google Cloud DNS', 'Google Font API', 'MyFonts', 'Netlify', 'UTF-8', 'Vello']"
marielouisephotography.com,Marie Louise Photography - Photography,,NLD,82,3455,2026-06-08T10:11:44.283136991Z,"['Alternate Protocol', 'Apture Linking Platform', 'EmbedPress', 'Google Analytics', 'Google Cloud DNS', 'Google Font API', 'Google Tag Manager', 'IcoMoon', 'Instagram Follow Button', 'Jetpack', 'LiteSpeed', 'MaxCDN', 'Microdata for Google Shopping', 'MyFonts', 'QUIC', 'Sitelinks Search Box', 'Tailwind CSS', 'WP Fastest Cache', 'WordPress', 'WordPress Multisite', 'WordPress Stats']"
krenkeruppolo.dk,Krenkerup Polo,Krenkerup Polo,,77,7710,2026-06-08T09:36:40.307572347Z,"['Adobe Creative Cloud WebFonts', 'Alternate Protocol', 'Amazon WAF Blocked', 'Automattic', 'BatCache', 'Divi', 'Elegant Themes', 'EmbedPress', 'Express', 'Fastly', 'Google', 'Google Analytics', 'Google Cloud CDN', 'Google Cloud DNS', 'Google Font API', 'Google My Business', 'Google Tag Manager', 'Instagram Follow Button', 'Jetpack', 'Microdata for Google Shopping', 'MyFonts', 'Nginx', 'PHP', 'Polylang', 'Popup Maker for Wordpress', 'Theme In WP', 'UTF-8', 'Woo Themes', 'WooCommerce', 'WooCommerce Checkout', 'WooCommerce Stripe Payment Gateway', 'WordPress', 'WordPress Multisite', 'WordPress Stats', 'jQuery', 'reCAPTCHA']"
treeschool.co.uk,"Tree School, Bristol - Treeschool is a high quality arboriculture and forestry-training company - Home",,GBR,72,717,2026-06-08T07:25:59.489065427Z,"['Alternate Protocol', 'Apache', 'Bulma', 'DAV', 'IcoMoon', 'Joomla!', 'MyFonts', 'RokNavMenu', 'Smart Slider 3', 'UTF-8', 'eLand', 'jQuery']"
rightturnsupply.com,"Right Turn Supply - Products for HDD, Water Well, & Mining Industries",Right Turn Supply,,77,3807,2026-06-08T03:55:26.314890872Z,"['Adobe Creative Cloud WebFonts', 'Ajax Search Lite', 'Alternate Protocol', 'Amazon WAF Blocked', 'Cloudflare', 'Cloudflare CDN', 'Content Delivery Network', 'EmbedPress', 'Essential Grid', 'Font Awesome', 'Fontello', 'Google', 'Google Analytics', 'Google Cloud DNS', 'Google Font API', 'Google Tag Manager', 'Gravity', 'Gravity Forms', 'Instagram Feed for WordPress', 'Instagram Follow Button', 'Microdata for Google Shopping', 'MyFonts', 'PHP', 'PWA', 'Popup Maker for Wordpress', 'QUIC', 'Theme In WP', 'UTF-8', 'WP Video Lightbox', 'WPBakery', 'WPML Multilingual', 'Woo Themes', 'WooCommerce', 'WooCommerce Checkout', 'WordPress', 'WordPress Multisite', 'YouTube', 'jQuery', 'jsDelivr', 'qTranslate']"
durable.ba,Office supplies: professional office equipment - DURABLE,DURABLE Hunke &amp;amp; Jochheim GmbH &amp;amp; Co. KG,DEU,87,69420,2026-06-07T13:49:33.666985477Z,"['Apture Linking Platform', 'Baidu Cloud', 'Brevo', 'Commerce Connector', 'ETracker', 'Econda', 'Express', 'Fireblade', 'GZIP Module', 'Google Analytics', 'Google Cloud DNS', 'Google Maps', 'Google Tag Manager', 'IcoMoon', 'Instagram Follow Button', 'Microdata for Google Shopping', 'MyFonts', 'Nginx', 'PayPal Adaptive Payments', 'QUIC', 'RM Education', 'Schema Plugin', 'Shopware', 'Trusted Shops', 'UTF-8', 'Usercentrics', 'Way', 'Yandex Hosting', 'YouTube']"
elizabethshaw.co.uk,Homepage - Elizabeth Shaw Shop,Elizabeth Shaw Shop,GBR,82,16575,2026-06-07T10:26:19.97361141Z,"['Akismet', 'Alternate Protocol', 'Apture Linking Platform', 'Cloudflare', 'Cloudflare CDN', 'Contact Form Plugin', 'Content Delivery Network', 'Cookie Accept', 'Cookie Notice', 'EmbedPress', 'Express', 'FullStory', 'Google Analytics', 'Google Related Website Sites', 'Google Tag Manager', 'Instagram Follow Button', 'Microdata for Google Shopping', 'MyFonts', 'PHP', 'ReviewsOnMyWebsite', 'Storefront', 'Theme In WP', 'Twitter Ads', 'UTF-8', 'Woo Themes', 'WooCommerce', 'WooCommerce Checkout', 'WooCommerce Pixel Manager by woopt', 'WooCommerce Stripe Payment Gateway', 'WordPress', 'WordPress Multisite', 'jQuery']"
medicadvert.de,medicAdvert,,,35,50,2026-06-07T09:44:17.909079459Z,"['Apache', 'Debian', 'GZIP Module', 'MyFonts', 'jQuery']"
newscurrents.com,News Currents,,USA,72,19910,2026-06-07T08:02:19.969924821Z,"['AJAX Libraries API', 'Amazon', 'Amazon CloudFront', 'Amazon Route 53', 'CloudFront', 'Content Delivery Network', 'DAV', 'Express', 'Fireblade', 'GZIP Module', 'Google Cloud DNS', 'Google Font API', 'Google My Business', 'Google Related Website Sites', 'MyFonts', 'NFOrce Internet', 'Nginx', 'QUIC', 'UTF-8', 'Ubuntu', 'University or College', 'jQuery']"
qolmedical.com,QOL Medical: Changing Lives,QOL Medical,,72,17809,2026-06-07T07:09:52.607908112Z,"['AWS WAF Challenge', 'Alternate Protocol', 'Apache', 'Apture Linking Platform', 'EmbedPress', 'GZIP Module', 'Google Analytics', 'Google Cloud DNS', 'Google Font API', 'Google Tag Manager', 'Microdata for Google Shopping', 'MyFonts', 'PHP', 'Schema Plugin', 'StackPath', 'Theme In WP', 'UTF-8', 'W3 Total Cache', 'WPBakery', 'WordPress', 'WordPress Multisite', 'WordPress Related Posts', 'jQuery']"
nfpconsulting.co.uk,NFP Consulting: Executive search and charity recruitment | NFP Consulting,,GBR,75,240,2026-06-07T03:16:49.669578336Z,"['DAV', 'GZIP Module', 'Google Analytics', 'Google Cloud DNS', 'Google Font API', 'Google Tag Manager', 'MyFonts', 'Nginx', 'PHP', 'Twitter Ads', 'UTF-8']"
halbach.ag,Home,,DEU,67,240,2026-06-06T19:28:26.194615275Z,"['AJAX Libraries API', 'Apache', 'AutoComplete', 'CDN JS', 'Cloudflare', 'Cloudflare CDN', 'CookieConsent', 'DAV', 'GZIP Module', 'Google Cloud DNS', 'Google Maps', 'Instagram Follow Button', 'MyFonts', 'PHP', 'UTF-8', 'jQuery']"
bfioa.com,BFIOA – Bangladesh Furniture Industries Owners Association,,BGD,70,952,2026-06-06T18:19:35.312781667Z,"['Alternate Protocol', 'Contact Form Plugin', 'Ditty News Ticker', 'EmbedPress', 'Font Awesome', 'Foundation', 'Google Cloud DNS', 'Google Code Prettify', 'Google Font API', 'IcoMoon', 'LiteSpeed', 'MyFonts', 'PHP', 'Pleroma', 'QUIC', 'Slider Revolution', 'Theme In WP', 'UTF-8', 'WordPress', 'WordPress Multisite', 'jQuery']"
anchorlightcreative.com,Small Business Websites & Branding in Metro Detroit,Anchorlight Creative,,82,124165,2026-06-06T16:25:13.806320287Z,"['AWS WAF Challenge', 'Adobe Creative Cloud WebFonts', 'Aruba', 'Calendly', 'Contento', 'Express', 'GZIP Module', 'Google', 'Google Analytics', 'Google Cloud DNS', 'Google Font API', 'Google Tag Manager', 'Instagram Follow Button', 'Line2', 'Magento Enterprise', 'Microdata for Google Shopping', 'MyFonts', 'QUIC', 'SiteW', 'Squarespace', 'UTF-8', 'Vector Internet Services', 'WordPress SEO Structured Data Schema Plugin', 'eLand']"
patientsreach.io,Log In,,,40,10784,2026-06-06T16:17:19.973601205Z,"['AWS WAF Challenge', 'Adyen', 'Amazon', 'Amazon CloudFront', 'Amazon Route 53', 'Amazon S3 CDN', 'CDN JS', 'CloudFront', 'Cloudflare', 'Cloudflare CDN', 'Cloudflare Turnstile', 'DoubleClick Bid Manager', 'Fireblade', 'Font Awesome', 'GZIP Module', 'Giphy', 'Google', 'Google Analytics', 'Google Cloud DNS', 'Google Font API', 'Google Maps', 'Google My Business', 'Google Tag Manager', 'Intercom', 'MyFonts', 'NFOrce Internet', 'Nginx', 'Ntent', 'Plaid', 'Storyblocks', 'Stripe', 'Tailwind CSS', 'Twitter Ads', 'UTF-8', 'Upscope', 'YouTube', 'jsDelivr']"
ocec.coop,Home,,USA,50,5061,2026-06-06T16:08:11.486527673Z,"['Alternate Protocol', 'Amazon', 'Amazon CloudFront', 'Amazon Route 53', 'AppNexus Direct', 'Apture Linking Platform', 'CloudFront', 'Cloudflare', 'Cloudflare CDN', 'Content Delivery Network', 'DoubleClick Bid Manager', 'ETranslate', 'EmbedPress', 'Eventbrite', 'Facebook CDN', 'Fastly', 'Five9', 'Flatsome', 'Font Awesome', 'FreeCSSTemplates', 'GTranslate', 'GZIP Module', 'Google', 'Google Analytics', 'Google Cloud DNS', 'Google Cloud Storage', 'Google My Business', 'Google Tag Manager', 'Hirebridge', 'IcoMoon', 'MyFonts', 'Netseer Direct', 'Nginx', 'Ntent', 'PHP', 'QUIC', 'Storyblocks', 'Tailwind CSS', 'Theme In WP', 'UTF-8', 'WordPress', 'WordPress Multisite', 'Yahoo Image CDN', 'Yahoo Web Analytics', 'YouTube', 'Zoom Video Conferencing', 'jQuery', 'jsDelivr', 'wpDataTables']"
vintagepatisserie.co.uk,"Vintage Tea Parties, Style & Hospitality - The Vintage Patisserie",,,57,308,2026-06-06T11:03:30.052975602Z,"['AJAX Libraries API', 'Alternate Protocol', 'Apache', 'EmbedPress', 'Google Analytics', 'Google Cloud DNS', 'Google Related Website Sites', 'IcoMoon', 'MyFonts', 'PHP', 'Sitelinks Search Box', 'Subversion', 'Theme In WP', 'Twitter Ads', 'UTF-8', 'WoWonder', 'WordPress', 'WordPress Multisite']"
motorsign.com,Motorsign – The Pioneer in Manufacture of Legal HSRP,,IND,65,3116,2026-06-06T09:00:09.290045039Z,"['Alternate Protocol', 'Apache', 'Corporate Governance and Regulatory Compliance', 'Elementor', 'EmbedPress', 'Font Awesome', 'GZIP Module', 'GeneratePress Company', 'Google', 'Google Cloud DNS', 'Google Font API', 'MyFonts', 'Ninja Forms', 'PHP', 'TablePress', 'Tailwind CSS', 'Theme In WP', 'UTF-8', 'WordPress', 'WordPress Multisite', 'jQuery']"
sihanwu.com,sihanwu design,,USA,52,206,2026-06-06T05:11:19.165783557Z,"['Alternate Protocol', 'Content Delivery Network', 'GZIP Module', 'IcoMoon', 'Instagram Follow Button', 'MyFonts', 'QUIC', 'UTF-8', 'University or College']"
michellanne.com,Welcome! | michellanne.com,,USA,65,2739,2026-06-06T04:08:19.970209109Z,"['Font Awesome', 'GitHub Hosting', 'Google', 'Google Cloud DNS', 'Google Font API', 'Instagram Follow Button', 'LiteSpeed', 'MyFonts', 'QUIC', 'Tailwind CSS', 'University or College']"
washingtonhomes.co.uk,Washington Homes | New Build Homes | New Houses For Sale Cumbria,,GBR,72,6999,2026-06-05T14:08:05.465963118Z,"['AJAX Libraries API', 'Amazon', 'Amazon CloudFront', 'CloudFront', 'Cloudflare', 'Coming Soon Page', 'Content Delivery Network', 'DAV', 'GZIP Module', 'Google', 'Google Analytics', 'Google Cloud DNS', 'Google Font API', 'Google My Business', 'Google Related Website Sites', 'Google Tag Manager', 'Instagram Follow Button', 'Microsoft Clarity', 'MyFonts', 'QUIC', 'Tailwind CSS', 'UTF-8', 'WF Cookie Consent', 'jsDelivr', 'reCAPTCHA']"
northwestsupport.co.uk,Business IT Support Services | Linten Technologies,Linten Technologies,AUS,77,17137,2026-06-05T13:27:27.32218179Z,"['AWS WAF Challenge', 'Alternate Protocol', 'Elementor', 'EmbedPress', 'Essential Addons for Elementor', 'Font Awesome', 'Google Analytics', 'Google Cloud DNS', 'Google Font API', 'Google Tag Manager', 'Hello Elementor', 'Instagram Follow Button', 'Microdata for Google Shopping', 'MyFonts', 'NFOrce Internet', 'Nginx', 'PHP', 'Theme In WP', 'UTF-8', 'WordPress', 'WordPress Multisite', 'YouTube', 'jQuery']"
bedfordfields.com,Bedford Fields,,,67,9204,2026-06-05T12:22:05.497513983Z,"['Adobe Creative Cloud WebFonts', 'Amazon', 'Apture Linking Platform', 'Cloudflare', 'Cloudflare CDN', 'Express', 'Google', 'Google Analytics', 'Google Cloud DNS', 'Google Font API', 'Google Maps', 'Google Tag Manager', 'IcoMoon', 'Instagram Follow Button', 'Microdata for Google Shopping', 'MyFonts', 'QUIC', 'Shopify', 'Shopify Collabs', 'Thank You', 'UTF-8', 'YouTube', 'hCaptcha', 'jsDelivr', 'reCAPTCHA']"
logopaedie-hausach.de,Home,,ZAF,50,50,2026-06-05T12:13:17.844582546Z,"['Joomla!', 'MyFonts', 'Nginx', 'PHP', 'RokNavMenu', 'UTF-8', 'jQuery']"
summitsportsandclassics.co.uk,Summit - Sports & Classics | Summit - Sports & Classics,,GBR,67,440,2026-06-05T11:25:25.22419087Z,"['GZIP Module', 'Google Analytics', 'Google My Business', 'Google Tag Manager', 'Instagram Follow Button', 'MyFonts', 'Nginx', 'PWA', 'Tailwind CSS', 'UTF-8', 'Vimeo']"
tawnilaynelaxa.com,"Tawni S. Layne Laxa | Loan Officer | Residential Mortgage, LLC","Residential Mortgage, LLC",USA,72,88949,2026-06-05T11:06:03.287189345Z,"['Content Delivery Network', 'Facebook Pixel', 'Facebook Tag API', 'Fireblade', 'Font Awesome', 'GZIP Module', 'Google', 'Google Analytics', 'Google Cloud DNS', 'Google Font API', 'Google Related Website Sites', 'Google Tag Manager', 'M247', 'MyFonts', 'Nationwide Mortgage Licensing System and Registry', 'QUIC', 'SMC', 'Tailwind CSS', 'UTF-8', 'UserWay', 'Visx']"
afterhours.co,"After Hours | dedicated to forward-thinking music, visual cultures & nightlife",After Hours,GBR,82,60967,2026-06-05T08:34:24.656147432Z,"['Alternate Protocol', 'Apture Linking Platform', 'BLR', 'Cloudflare', 'Contact Form Plugin', 'Content Delivery Network', 'EmbedPress', 'Font Awesome', 'GoDaddy', 'Google Cloud DNS', 'Google Font API', 'Google Maps', 'Google My Business', 'Instagram Follow Button', 'Microdata for Google Shopping', 'MyFonts', 'PHP', 'SMC', 'Schema Plugin', 'Theme In WP', 'Tumblr', 'UTF-8', 'Woo Themes', 'WordPress', 'WordPress Multisite', 'jQuery']"
zaleinc.net,"High End Interior Design Firm & Wood Work Contractor in New York, Manhattan",,USA,57,50,2026-06-05T04:50:13.58897031Z,"['Apache', 'Create React App', 'Google Analytics', 'Google Tag Manager', 'Instagram Follow Button', 'MyFonts', 'PWA', 'Pleroma']"
thebalancedsystem.org,The Balanced System (R),,,62,18840,2026-06-05T02:30:30.845843399Z,"['AWS WAF Challenge', 'Apache', 'GZIP Module', 'Google', 'Google Analytics', 'Google Cloud CDN', 'Google Cloud DNS', 'Google Font API', 'Google Maps', 'Google My Business', 'Google Tag Manager', 'MyFonts', 'PHP', 'UTF-8', 'YouTube', 'reCAPTCHA']"
xfakt.nl,"Xfakt | Maatwerk software, webapps & SaaS-oplossingen Nederland",,,57,7861,2026-06-05T01:44:24.665622694Z,"['Angular', 'Bulma', 'Content Delivery Network', 'Fireblade', 'Google', 'Google Cloud CDN', 'Matomo', 'Matomo Tag Manager', 'Microdata for Google Shopping', 'MyFonts', 'Netlify', 'UTF-8']"
hallsteinwater.com,Premium Artesian Water from the Austrian Alps - Hallstein Water,,,57,2750,2026-06-04T23:47:29.640965585Z,"['Adult Content', 'Alternate Protocol', 'Angular', 'GZIP Module', 'Google Related Website Sites', 'Instagram Follow Button', 'MyFonts', 'Next.js', 'Nginx', 'PWA', 'Perl', 'Pleroma', 'Trustpilot Reviews for WordPress', 'UTF-8', 'Ubuntu']"
madisonmeyerak.com,"Madison Meyer | Loan Officer | Residential Mortgage, LLC","Residential Mortgage, LLC",USA,77,88949,2026-06-04T22:41:55.90467899Z,"['Content Delivery Network', 'Facebook Pixel', 'Facebook Tag API', 'Fireblade', 'Font Awesome', 'GZIP Module', 'Google', 'Google Analytics', 'Google Cloud DNS', 'Google Font API', 'Google Related Website Sites', 'Google Tag Manager', 'M247', 'MyFonts', 'Nationwide Mortgage Licensing System and Registry', 'QUIC', 'SMC', 'Tailwind CSS', 'UTF-8', 'UserWay', 'Visx']"
templepatrickhealthclub.co.uk,Hilton Templepatrick Health Club,,,77,2099,2026-06-04T20:50:09.795637233Z,"['Alternate Protocol', 'CDN JS', 'Cloudflare', 'Cloudflare CDN', 'CookieConsent', 'Facebook Conversion Tracking', 'Facebook Login', 'Facebook Messenger Platform', 'Facebook Pixel', 'Facebook Reseller', 'Facebook Tag API', 'Font Awesome', 'GZIP Module', 'Google Cloud DNS', 'Google Font API', 'Hotjar', 'Microdata for Google Shopping', 'MyFonts', 'Nginx', 'PHP', 'Pingdom RUM', 'Theme In WP', 'UTF-8', 'WordPress', 'WordPress Multisite', 'jsDelivr']"
supafrank.com,Supafrank - A Design Agency for Incredible Independents. Building brands and making spaces since 2007.,,GBR,77,240,2026-06-04T07:21:29.883179814Z,"['AJAX Libraries API', 'Google Analytics', 'Google Cloud DNS', 'Google My Business', 'Instagram Follow Button', 'Microdata for Google Shopping', 'MyFonts', 'QUIC', 'Schema Plugin', 'UTF-8', 'jQuery']"
denisjensen.com,Denis Jensen,,MCO,55,305,2026-06-04T04:53:19.969374679Z,"['Apache', 'Font Awesome', 'GZIP Module', 'IcoMoon', 'Instagram Follow Button', 'MyFonts', 'Tailwind CSS', 'Vimeo', 'jQuery']"
guyjubb.com,Introduction • Guy Jubb,,GBR,70,15249,2026-06-04T03:44:15.113648254Z,"['AWS WAF Challenge', 'Alternate Protocol', 'Apache', 'Content Delivery Network', 'Corporate Governance and Regulatory Compliance', 'ElementUI', 'EmbedPress', 'GZIP Module', 'Google Analytics', 'MyFonts', 'PHP', 'Sitelinks Search Box', 'Tachyons', 'UTF-8', 'University or College', 'WordPress', 'WordPress Multisite']"
mellesclassicalmusicfoundation.com,Melles Classical Music Foundation,,NLD,60,122,2026-06-04T01:15:27.558788038Z,"['Alternate Protocol', 'Apache', 'Countdown Timer Ultimate', 'EmbedPress', 'GZIP Module', 'MyFonts', 'PHP', 'Theme In WP', 'UTF-8', 'WPML Multilingual', 'WordPress', 'WordPress Multisite', 'jQuery']"
bargatemurray.com,Bargate Murray | Award-winning Luxury Asset Law Firm,,GBR,92,4545,2026-06-03T23:12:05.922757843Z,"['AJAX Libraries API', 'Adobe Creative Cloud WebFonts', 'Alternate Protocol', 'Bulma', 'CDN JS', 'Cloudflare', 'Cloudflare CDN', 'Contact Form Plugin', 'Content Delivery Network', 'Custom Twitter Feeds', 'EmbedPress', 'Fastly', 'Font Awesome', 'GZIP Module', 'Google Analytics', 'Google Cloud DNS', 'Google Maps', 'Google Tag Manager', 'Microdata for Google Shopping', 'MyFonts', 'Nginx', 'PHP', 'PWA', 'Popup Maker for Wordpress', 'QUIC', 'Subversion', 'Tailwind CSS', 'Theme In WP', 'Twitter Ads', 'Twitter CDN', 'UTF-8', 'Vimeo', 'Wistia', 'WordPress', 'WordPress Multisite', 'jQuery', 'reCaptcha by BestWebSoft']"
ipzonemobile.com,iPzone,,IND,67,908,2026-06-03T20:27:38.753851256Z,"['3 Products', 'AJAX Libraries API', 'Alternate Protocol', 'Google Cloud DNS', 'Google My Business', 'Google Play', 'IcoMoon', 'Instagram Follow Button', 'MyFonts', 'PHP', 'QUIC', 'Tailwind CSS', 'Twitter Ads', 'UTF-8', 'WhatsApp Sharing', 'YouTube', 'jQuery']"
cgs.energy,CGS Energy,CGS Energy,USA,60,28568,2026-06-03T20:19:38.091962697Z,"['Alternate Protocol', 'Angulare', 'Apache', 'Better Lead Generation Services', 'CodeIgniter', 'Collapse-O-Matic', 'Contact Form Plugin', 'ContentBox', 'DAV', 'Easy Fancybox', 'Easy Social Icons for WordPress', 'EmbedPress', 'Endis', 'Express', 'GZIP Module', 'Google Analytics', 'Google Related Website Sites', 'Jetpack', 'Microdata for Google Shopping', 'MyFonts', 'Nginx', 'PHP', 'Page-list for WordPress', 'Perl', 'Python', 'QUIC', 'Subversion', 'Svelte', 'Theme In WP', 'Twitter Ads', 'UTF-8', 'WordPress', 'WordPress Multisite', 'YouTube', 'iAPPS', 'jQuery', 'jQuery Pin It Button for Images', 'symfony PHP Framework']"
claudialudwig.co.uk,Claudia Ludwig | Award Winning Interior Design Studio,,GBR,77,37865,2026-06-03T17:16:41.13363051Z,"['AWS WAF Challenge', 'Adobe Creative Cloud WebFonts', 'Alternate Protocol', 'Better Lead Generation Services', 'Bulma', 'CDN JS', 'Calendly', 'Cloudflare', 'Cloudflare CDN', 'Content Delivery Network', 'EmbedPress', 'Genesis Blocks', 'Google Analytics', 'Google Cloud DNS', 'Google Font API', 'Google Tag Manager', 'Gravity', 'Gravity Forms', 'Instagram Feed for WordPress', 'Instagram Follow Button', 'KVH', 'Microdata for Google Shopping', 'MyFonts', 'PHP', 'Perl', 'Polylang', 'Popup Maker for Wordpress', 'QUIC', 'Tailwind CSS', 'Theme In WP', 'UTF-8', 'WP Engine', 'WordPress', 'WordPress Multisite', 'jQuery', 'jsDelivr']"
bodhitreecounselingco.com,Bodhi Tree Counseling CO | Create Your Peace,,USA,77,144012,2026-06-03T16:36:14.175601225Z,"['AJAX Libraries API', 'AWS WAF Challenge', 'Adobe Creative Cloud WebFonts', 'Aruba', 'Coming Soon Page', 'Contento', 'Express', 'Free Call', 'GZIP Module', 'Google', 'Google Cloud DNS', 'Google Font API', 'Line2', 'Magento Enterprise', 'Microdata for Google Shopping', 'MyFonts', 'QUIC', 'SiteW', 'Squarespace', 'UTF-8', 'Vector Internet Services', 'Walker Strategy Co', 'WordPress SEO Structured Data Schema Plugin', 'eLand', 'jQuery']"
perimeterfloors.com,"Perimeter Floors, LLC",,USA,70,3949,2026-06-03T14:25:25.216434678Z,"['Adobe Creative Cloud WebFonts', 'Alternate Protocol', 'Aruba', 'Express', 'FormSubmit', 'GZIP Module', 'Google', 'Google Cloud DNS', 'Google Font API', 'Google My Business', 'Line2', 'Microdata for Google Shopping', 'MyFonts', 'QUIC', 'Squarespace', 'UTF-8', 'WordPress SEO Structured Data Schema Plugin', 'eLand']"
worldlygoodsinc.com,Worldly Goods Inc,,,30,50,2026-06-03T13:55:10.580487657Z,"['Alternate Protocol', 'Apache', 'EmbedPress', 'GZIP Module', 'Google Analytics', 'Google My Business', 'Google Tag Manager', 'MonsterInsights', 'MyFonts', 'PHP', 'Theme In WP', 'UTF-8', 'Woo Themes', 'WooCommerce', 'WooCommerce Checkout', 'WordPress', 'WordPress Multisite', 'jQuery']"
laborialvet.com,LaborialVET - Laboratory Animal Science Solutions,,CHE,62,5296,2026-06-03T12:38:40.124560314Z,"['Alternate Protocol', 'Cisco/Arrowpoint Content Service Switch', 'FormSubmit', 'Google Analytics', 'MyFonts', 'Nginx', 'Perl', 'UTF-8']"
oktra.co.uk,Award Winning Office Design Company | London & UK,Oktra,GBR,87,9578,2026-06-03T10:48:39.871517947Z,"['AJAX Libraries API', 'Adobe Creative Cloud WebFonts', 'Alternate Protocol', 'Amazon WAF Blocked', 'Apture Linking Platform', 'Cloudflare', 'Cloudflare CDN', 'Content Delivery Network', 'CoreUI', 'Facebook Conversion Tracking', 'Facebook Login', 'Facebook Messenger Platform', 'Facebook Pixel', 'Facebook Reseller', 'Facebook Tag API', 'FreeCSSTemplates', 'Google Analytics', 'Google Cloud DNS', 'Google Cloud Storage', 'Google My Business', 'Google Related Website Sites', 'Google Tag Manager', 'Gravity', 'Gravity Forms', 'Instagram Follow Button', 'Iubenda', 'Lead Forensics', 'LinkedIn Insights', 'Microdata for Google Shopping', 'MyFonts', 'PHP', 'UTF-8', 'University or College', 'Vimeo CDN', 'WordPress', 'WordPress Multisite', 'YouTube', 'jQuery', 'reCAPTCHA']"
courtingthedream.com,Courting the Dream | Home,,GBR,67,200,2026-06-03T09:53:39.25103061Z,"['Apache', 'GZIP Module', 'Google Analytics', 'Google Tag Manager', 'MyFonts']"
smilesmv.com,"Dentist Near Me in Maple Valley | Emergency, Implant, and Cosmetic Dentists | Smiles for Maple Valley",,USA,77,10894,2026-06-03T08:31:17.916063199Z,"['EmbedSocial', 'EqualWeb', 'Google', 'Google Analytics', 'Google Cloud DNS', 'Google Font API', 'Google Maps', 'Google My Business', 'Google Related Website Sites', 'Google Tag Manager', 'IcoMoon', 'Instagram Follow Button', 'Microsoft 365', 'MyFonts', 'Ntent', 'PWA', 'QUIC', 'Swell CX', 'UTF-8', 'Yelp Badge', 'YouTube', 'jQuery']"
birdyassociationmanagement.com,"San Antonio Property Management and Property Managers, San Antonio Houses and Homes for Rent | PMI Birdy",,USA,72,339,2026-06-03T06:52:45.666367292Z,"['Chat247Live', 'Font Awesome', 'GZIP Module', 'Google Analytics', 'Google Cloud DNS', 'Google Font API', 'Google Tag Manager', 'MyFonts', 'Nginx', 'QUIC', 'Tailwind CSS', 'UTF-8', 'Ubuntu']"
malouverlomme.com,Malou Verlomme,,GBR,57,50,2026-06-03T02:17:09.772704232Z,"['Alternate Protocol', 'GZIP Module', 'MyFonts', 'Twitter Ads', 'UTF-8', 'University or College']"
andreethorpe.com,Andrée Thorpe Photography,,USA,72,1237,2026-06-03T02:07:38.564834338Z,"['Alternate Protocol', 'Apture Linking Platform', 'Cloudflare', 'Contact Form Plugin', 'Content Delivery Network', 'EmbedPress', 'Fontello', 'GoDaddy', 'Google Analytics', 'Google Cloud DNS', 'Google Font API', 'Google Tag Manager', 'Instagram Follow Button', 'MyFonts', 'No-Q', 'PHP', 'Slider Revolution', 'Theme In WP', 'Twitter Ads', 'UTF-8', 'Woo Themes', 'WooCommerce', 'WooCommerce Checkout', 'WooCommerce Payments', 'WordPress', 'WordPress Multisite', 'jQuery']"
fboxers.com,Fboxer Technologies,,,50,3206,2026-06-02T21:56:26.407817193Z,"['Apache', 'Better Lead Generation Services', 'GZIP Module', 'IcoMoon', 'Instagram Follow Button', 'MyFonts', 'Twitter Ads', 'University or College', 'Wangsu', 'jQuery']"
donaldgevans.com,Donald G. Evans,,,32,50,2026-06-02T20:50:09.407081903Z,"['Apache', 'Bulma', 'MyFonts', 'UTF-8']"
relaxwithlaxa.com,"Allessy Laxa | Regional Manager | Residential Mortgage, LLC","Residential Mortgage, LLC",USA,77,88949,2026-06-02T18:32:24.226278647Z,"['Content Delivery Network', 'Facebook Pixel', 'Facebook Tag API', 'Fireblade', 'Font Awesome', 'GZIP Module', 'Google', 'Google Analytics', 'Google Cloud DNS', 'Google Font API', 'Google Related Website Sites', 'Google Tag Manager', 'M247', 'MyFonts', 'Nationwide Mortgage Licensing System and Registry', 'QUIC', 'SMC', 'Tailwind CSS', 'UTF-8', 'University or College', 'UserWay', 'Visx']"
publichousecoworking.com,Distil Coworking Saint Nicholas Market Bristol Central,Distil Co-Working ,GBR,87,3853,2026-06-02T10:34:49.009011927Z,"['AJAX Libraries API', 'Adobe Creative Cloud WebFonts', 'Alternate Protocol', 'Aruba', 'Express', 'Facebook Login', 'Facebook Messenger Platform', 'Facebook Pixel', 'Facebook Reseller', 'Facebook Tag API', 'GZIP Module', 'Google', 'Google Analytics', 'Google Cloud DNS', 'Google Font API', 'Google My Business', 'Google Tag Manager', 'Instagram Follow Button', 'Line2', 'Microdata for Google Shopping', 'MyFonts', 'Parcel', 'QUIC', 'Squarespace', 'Twitter Ads', 'UTF-8', 'WordPress SEO Structured Data Schema Plugin', 'eLand', 'jQuery']"
sunshinecoastpromotionalproducts.com.au,Sunshine Coast Promotional Products Promotional Products and Uniforms Sunshine Coast,,AUS,72,6439,2026-06-02T09:51:09.359247273Z,"['AJAX Libraries API', 'Adobe Creative Cloud WebFonts', 'CDN JS', 'Cloudflare', 'Cloudflare CDN', 'Elfsight', 'Facebook Conversion Tracking', 'Facebook Login', 'Facebook Messenger Platform', 'Facebook Pixel', 'Facebook Reseller', 'Facebook Tag API', 'Font Awesome', 'Google Analytics', 'Google Cloud DNS', 'Google Font API', 'Google My Business', 'Google Tag Manager', 'HostGator', 'Instagram Follow Button', 'Microsoft Azure', 'Microsoft IIS', 'MyFonts', 'PWA', 'Parallels Plesk Panel', 'QUIC', 'Subversion', 'UTF-8', 'Visual Studio', 'Zopim', 'jQuery', 'reCAPTCHA']"
clydesdalehorse.org,About Preserving Clydesdale Horse Traditions - Preserving Clydesdale Horse Traditions,,GBR,75,3299,2026-06-02T09:40:50.751167679Z,"['Alternate Protocol', 'CheryFramework', 'Cloudflare', 'Cloudflare CDN', 'Cloudflare Web Analytics', 'Content Delivery Network', 'CookieYes', 'Cornerstone', 'EmbedPress', 'Fastly', 'Google Analytics', 'Google Tag Manager', 'Microdata for Google Shopping', 'MyFonts', 'PHP', 'Responsive Lightbox', 'Slider Revolution', 'Theme In WP', 'UTF-8', 'Vimeo', 'Woo Themes', 'WordPress', 'WordPress Multisite', 'YouTube', 'jQuery', 'shadcn ui']"
tooth.is,Tooth: A Digital Production Studio,,USA,77,5200,2026-06-02T08:36:04.358140048Z,"['Apache', 'CDN JS', 'Cisco/Arrowpoint Content Service Switch', 'Cloudflare', 'Cloudflare CDN', 'DAV', 'Express', 'GZIP Module', 'Google Analytics', 'Google Tag Manager', 'MyFonts', 'Tailwind CSS']"
littlelifts.co,Little Lifts | For People Affected by Breast Cancer,Breast Cancer Charity | Little Lifts,GBR,87,8537,2026-06-02T08:12:04.788650914Z,"['AutoComplete', 'CDN JS', 'Cloudflare', 'Cloudflare CDN', 'Content Delivery Network', 'DoubleClick Bid Manager', 'ElementUI', 'Elementor', 'EmbedPress', 'Express', 'Facebook Login', 'Facebook Messenger Platform', 'Facebook Pixel', 'Facebook Reseller', 'Facebook Tag API', 'Fastly', 'Financial Services Guide', 'GDPR Cookie Compliance', 'Google', 'Google Analytics', 'Google Cloud DNS', 'Google Font API', 'Google My Business', 'Google Related Website Sites', 'Google Tag Manager', 'Gravity', 'Gravity Forms', 'Instagram Follow Button', 'Lazy Load for WordPress', 'Line2', 'LiteSpeed', 'Microdata for Google Shopping', 'MyFonts', 'NFOrce Internet', 'PayPal Adaptive Payments', 'QUIC', 'QUIC.cloud', 'Sitelinks Search Box', 'Slider Revolution', 'Stripe', 'Table Addons for Elementor', 'Twitter Ads', 'UTF-8', 'Woo Themes', 'WooCommerce Checkout', 'WordPress', 'WordPress Multisite', 'YouTube', 'jQuery', 'jsDelivr']"
greatreset.com,The Great Reset | Reset and shape the future,,,67,17930,2026-06-02T07:38:19.968722662Z,"['AWS WAF Challenge', 'Amazon', 'Amazon CloudFront', 'Amazon Route 53', 'Amazon S3 CDN', 'Angular', 'CloudFront', 'Content Delivery Network', 'GZIP Module', 'Google Cloud DNS', 'Google Font API', 'Instagram Follow Button', 'Medium', 'MyFonts', 'Next.js', 'Styled Components', 'Twitter Ads', 'Vimeo']"
hsdance.org,Hélène Simoneau Danse,Helen Simoneau Danse Inc.,USA,67,78712,2026-06-02T05:12:08.883163375Z,"['AJAX Libraries API', 'Aruba', 'Express', 'Facebook Login', 'Facebook Messenger Platform', 'Facebook Pixel', 'Facebook Reseller', 'Facebook Tag API', 'GZIP Module', 'Google', 'Google Analytics', 'Google Cloud DNS', 'Google Font API', 'Google Tag Manager', 'Instagram Follow Button', 'Line2', 'Magento Enterprise', 'Microdata for Google Shopping', 'MyFonts', 'Newsletter for Wordpress', 'QUIC', 'SiteW', 'Squarespace', 'UTF-8', 'WordPress SEO Structured Data Schema Plugin', 'eLand', 'jQuery']"
squaredesign.com,squaredesign,,,47,206,2026-06-02T04:00:02.291526989Z,"['GZIP Module', 'IcoMoon', 'MyFonts', 'Nginx', 'University or College']"
shinyseastar.com,Shiny The Sea Star Surfs The Sea and Finds: | Presented By Wave Rider Press,,,45,360,2026-06-02T01:13:46.606728643Z,"['Alternate Protocol', 'Amazon Widgets', 'Apache', 'Bridge', 'Easy Fancybox', 'EmbedPress', 'Font Awesome', 'GZIP Module', 'Google Cloud DNS', 'Google Font API', 'LayerSlider Responsive', 'Microdata for Google Shopping', 'MyFonts', 'PHP', 'Schema Plugin', 'Slider Revolution', 'Theme In WP', 'UTF-8', 'WPBakery', 'Waveride', 'WordPress', 'WordPress Multisite', 'jQuery', 'jQuery Pin It Button for Images']"
moon-games.com,MOON GAMES - ANTWERP,,,62,15858,2026-06-02T00:43:58.966503273Z,"['AJAX Libraries API', 'AWS WAF Challenge', 'Apache', 'Express', 'Fontfabric', 'GZIP Module', 'Google Cloud DNS', 'Google Font API', 'IcoMoon', 'Instagram Follow Button', 'MyFonts', 'Tailwind CSS', 'UTF-8', 'jQuery']"
armingrouprealestate.com,"Toronto Real Estate Services | Armin Group, Sotheby's Real Estate",,CAN,92,35642,2026-06-02T00:43:58.964207606Z,"['AdRoll', 'Alternate Protocol', 'Amazon WAF Blocked', 'Anti-spam for WordPress', 'Artifakt Digita', 'CleanTalk Spam Protect', 'Cloudflare', 'Cloudflare CDN', 'Content Delivery Network', 'DAV', 'EmbedPress', 'Facebook Conversion Tracking', 'Facebook Login', 'Facebook Messenger Platform', 'Facebook Pixel', 'Facebook Reseller', 'Facebook Tag API', 'Fireblade', 'Font Awesome', 'Google Analytics', 'Google Tag Manager', 'Gravity', 'Gravity Forms', 'Instagram Feed for WordPress', 'Instagram Follow Button', 'Microdata for Google Shopping', 'MyFonts', 'Onyx Internet', 'PHP', 'Pagekit', 'Parcel', 'QUIC', 'Tailwind CSS', 'Theme In WP', 'Twitter Ads', 'UTF-8', 'WordPress', 'WordPress Multisite', 'jQuery', 'jsDelivr']"
casatcm.org,"Home - CASA of Titus, Camp and Morris Counties",,,65,22827,2026-06-01T20:53:12.744493093Z,"['AJAX Libraries API', 'AWS WAF Challenge', 'Alternate Protocol', 'Cloudflare', 'Complianz', 'Content Delivery Network', 'EmbedPress', 'Google Analytics', 'Google Cloud DNS', 'Google Font API', 'Google My Business', 'Google Tag Manager', 'Gravity', 'Gravity Forms', 'MaxCDN', 'Microdata for Google Shopping', 'MyFonts', 'PHP', 'StackPath', 'Tailwind CSS', 'Theme In WP', 'UTF-8', 'WP Engine', 'WP jQuery Lightbox', 'WordPress', 'WordPress Multisite', 'eLand', 'jQuery', 'jsDelivr', 'reCAPTCHA']"
loveorangeville.ca,Town of Orangeville,,SYC,67,31226,2026-06-01T19:01:27.978635973Z,"['Alternate Protocol', 'AutoComplete', 'Cloudflare', 'Cludo', 'Constant Contact', 'ETranslate', 'Google', 'Google Analytics', 'Google Analytics with Ad Tracking', 'Google Cloud DNS', 'Google Font API', 'Google Tag Manager', 'IcoMoon', 'Instagram Follow Button', 'MyFonts', 'On The Map', 'Perl', 'QUIC', 'Share Link', 'Thank You', 'UTF-8', 'UserWay', 'YouTube']"
worldanimalprotection.org,World Animal Protection International | End Animal Cruelty,World Animal Protection,,77,347612,2026-06-01T15:16:41.640842492Z,"['AAPT', 'Active Campaign', 'Adalyser', 'AddThis for Wordpress', 'Amazon', 'Amazon CloudFront', 'Amazon Route 53', 'Amazon S3 CDN', 'AppNexus Direct', 'Asana', 'Bing Cashback', 'Bing Conversion Tracking', 'Blackbaud', 'Bunny Fonts', 'CDN JS', 'CloudFront', 'Cloudflare', 'Cloudflare CDN', 'Cookie First', 'Cookie Information', 'Double the Donation', 'DoubleClick Bid Manager', 'Episerver Search Navigation', 'EveryAction', 'Facebook Reseller', 'Fireblade', 'Font Awesome', 'FormSubmit', 'Fundraise Up', 'GZIP Module', 'Google', 'Google Analytics', 'Google Cloud DNS', 'Google Font API', 'Google Maps', 'Google My Business', 'Google Reseller', 'Google Tag Manager', 'Instagram Follow Button', 'Instamojo', 'Marketo', 'MaxCDN', 'Microsoft Azure', 'Microsoft Clarity', 'MyFonts', 'NGP VAN', 'Optimizely Recommendations', 'PWA', 'Pleroma', 'RM Education', 'Rackspace CDN', 'Riddle', 'Segment', 'StoreRocket', 'Storyblocks', 'Stripe', 'TVSquared', 'Twitter Ads', 'Twitter Analytics', 'UTF-8', 'Userflow', 'Vimeo', 'Vimeo CDN', 'Visual Website Optimizer', 'YouTube', 'Zendesk Embeddables', 'eLand', 'jsDelivr']"
maskells.com,"Estate Agents in Central London | Kensington, Chelsea",,GBR,82,51680,2026-06-01T14:35:33.136006154Z,"['AJAX Libraries API', 'AWS WAF Challenge', 'Bulma', 'ElementUI', 'Endis', 'Express', 'Facebook Conversion Tracking', 'Facebook Login', 'Facebook Messenger Platform', 'Facebook Pixel', 'Facebook Reseller', 'Facebook Tag API', 'Financial Services Guide', 'Fireblade', 'GZIP Module', 'Google Analytics', 'Google Cloud DNS', 'Google My Business', 'Google Tag Manager', 'Instagram Follow Button', 'Microdata for Google Shopping', 'MyFonts', 'Nginx', 'Perl', 'QUIC', 'Tailwind CSS', 'Telegram', 'Thank You', 'Twitter Ads', 'UTF-8', 'University or College', 'Vector Internet Services', 'Vimeo', 'YouTube', 'eLand', 'jQuery', 'reCAPTCHA']"
guildhall.org,"Guild Hall | Museum, Performing Arts East Hampton NY",,,67,4747,2026-06-01T11:31:51.793806572Z,"['Add to Any', 'Alternate Protocol', 'Content Delivery Network', 'Crowdsignal', 'EmbedPress', 'Eventbrite', 'Facebook Conversion Tracking', 'Facebook Login', 'Facebook Messenger Platform', 'Facebook Pixel', 'Facebook Reseller', 'Facebook Tag API', 'Fastly', 'GZIP Module', 'Google Analytics', 'Google Tag Manager', 'Gtranslate for Wordpress', 'Instagram Follow Button', 'Microdata for Google Shopping', 'MyFonts', 'Nginx', 'PHP', 'SiteW', 'Slider Revolution', 'The Events Calendar', 'Theme In WP', 'Twitter Ads', 'UTF-8', 'WordPress', 'WordPress Multisite', 'YouTube', 'jQuery']"
srchy.com.au,"Product search for your eCommerce business | Srchy – More baskets, more checkouts, more often.",,,55,213,2026-06-01T09:14:18.553340605Z,"['3 Products', 'Alternate Protocol', 'Apache', 'EmbedPress', 'GZIP Module', 'Google', 'Google Analytics', 'Google Cloud DNS', 'Google Font API', 'Google My Business', 'Google Tag Manager', 'MyFonts', 'PHP', 'QUIC', 'Thank You', 'Theme In WP', 'Twitter Ads', 'UTF-8', 'WP Super Cache', 'WordPress', 'WordPress Multisite', 'YouTube', 'jsDelivr', 'reCAPTCHA']"
humcreative.com,Hum Creative – Design and Branding Studio,Hum Creative,USA,77,24287,2026-06-01T06:19:14.808960379Z,"['AWS WAF Challenge', 'Alternate Protocol', 'Automattic', 'Content Delivery Network', 'EmbedPress', 'Fastly CDN', 'Google Analytics', 'Google Cloud DNS', 'Google Maps', 'Google My Business', 'Instagram Follow Button', 'Jetpack', 'Jetpack Site Accelerator', 'MyFonts', 'Nginx', 'PHP', 'Sitelinks Search Box', 'Tailwind CSS', 'Theme In WP', 'Twitter Ads', 'UTF-8', 'WP Engine', 'WordPress', 'WordPress Multisite', 'WordPress Stats', 'jQuery']"
fpgovernmentsolutions.com,"Insights, News & Events | Fisher Phillips LLP",,IMN,77,103794,2026-06-01T05:50:34.716867444Z,"['Amazon', 'CDN JS', 'Cloudflare', 'Cloudflare CDN', 'Constant Contact', 'DAV', 'DoubleClick Bid Manager', 'Fireblade', 'Font Awesome', 'Google', 'Google Analytics', 'Google Cloud DNS', 'Google Font API', 'Google Maps', 'Google My Business', 'Google Tag Manager', 'Hubspot', 'IcoMoon', 'KVH', 'Microdata for Google Shopping', 'MyFonts', 'No-Q', 'OneTrust Domain Verification', 'Plausible Analytics', 'Power BI', 'SMC', 'Storyblocks', 'Subversion', 'Tailwind CSS', 'Twitter Ads', 'UTF-8', 'Vimeo', 'Vimeo CDN', 'WordPress SEO Structured Data Schema Plugin', 'YouTube', 'shadcn ui']"
felpol.pl,Felpol – Faktoring i Finanse,,,55,209,2026-06-01T02:56:04.222254493Z,"['Alternate Protocol', 'Bulma', 'Contact Form Plugin', 'Content Delivery Network', 'EmbedPress', 'Google Analytics', 'Google Cloud DNS', 'Google Font API', 'Google Related Website Sites', 'IcoMoon', 'LiteSpeed', 'MyFonts', 'PHP', 'QUIC', 'Tailwind CSS', 'Theme In WP', 'UTF-8', 'WordPress', 'WordPress Multisite', 'jQuery']"
billcarl.com,Bill Carl Voice Actor,,JPN,82,26909,2026-05-31T22:29:10.3060947Z,"['Alternate Protocol', 'Apache', 'Beaver Builder Lite', 'Contento', 'DAV', 'Elegant Themes', 'EmbedPress', 'Fancybox for WordPress', 'GZIP Module', 'Google Cloud DNS', 'Google Font API', 'Google My Business', 'Instagram Follow Button', 'Microdata for Google Shopping', 'MyFonts', 'Ninja Forms', 'PHP', 'Perl', 'QUIC', 'Schema Plugin', 'Theme In WP', 'UTF-8', 'WP Fastest Cache', 'WordPress', 'WordPress Multisite', 'YouTube', 'jQuery', 'reCAPTCHA']"
unidocking.com,Unidocking,,USA,67,13280,2026-05-31T20:55:12.250970989Z,"['Baidu Cloud', 'Better Lead Generation Services', 'DDoS-GUARD', 'GZIP Module', 'Google Analytics', 'Google Cloud DNS', 'Google Font API', 'Google Tag Manager', 'MyFonts', 'Tilda', 'UTF-8', 'Vector Internet Services', 'Yandex Hosting']"
osa.gg,OSA Recruitment: Guernsey Recruitment Agency | Jobs in Guernsey,OSA Recruitment,,67,5968,2026-05-31T20:10:21.5718391Z,"['Adobe Creative Cloud WebFonts', 'Alternate Protocol', 'CDN JS', 'Cloudflare', 'Cloudflare CDN', 'DuracellTomi Google Tag Manager for WordPress', 'EmbedPress', 'Express', 'Google', 'Google Analytics', 'Google Cloud DNS', 'Google Font API', 'Google Tag Manager', 'Gravity', 'Gravity Forms', 'Instagram Follow Button', 'Klaviyo', 'LiteSpeed', 'Microdata for Google Shopping', 'MyFonts', 'PHP', 'QUIC', 'Theme In WP', 'UTF-8', 'WordPress', 'WordPress Multisite', 'jQuery', 'jsDelivr']"
whittard.com,"Tea, Coffee, Hot Chocolate, Gifts and Tableware | Whittard of Chelsea",,CAN,82,1237012,2026-05-31T16:37:18.382973801Z,"['AB Tasty', 'Alternate Protocol', 'Amazon', 'Amazon CloudFront', 'Amazon Route 53', 'Apture Linking Platform', 'Bing Cashback', 'Bing Conversion Tracking', 'CDN JS', 'CQuotient', 'CloudFront', 'Cloudflare', 'Cloudflare CDN', 'Cloudflare Web Analytics', 'Coming Soon Page', 'Content Delivery Network', 'Content Square', 'Crowdsignal', 'DemDex', 'DoubleClick Bid Manager', 'ElementUI', 'Express', 'Facebook CDN', 'Fireblade', 'Font Awesome', 'FormSubmit', 'Freshdesk Support', 'Freshworks Bot', 'Google', 'Google Analytics', 'Google Cloud DNS', 'Google Font API', 'Google Matched Content', 'Google My Business', 'Google Reseller', 'Google Tag Manager', 'Instagram Follow Button', 'Kaltura', 'Klarna', 'MyFonts', 'Ntent', 'OneTrust Domain Verification', 'PWA', 'Paperform', 'Particular Audience', 'PayPal Adaptive Payments', 'Plausible Analytics', 'QUIC', 'Quotient', 'Salesforce', 'Salesforce Commerce Cloud', 'Salesforce Experience Cloud', 'Salesforce Hosted', 'Storyblocks', 'Sub2Tech', 'Swell Rewards', 'TVSquared', 'Tailwind CSS', 'Thank You', 'TokyWoky', 'UTF-8', 'Underscores', 'Vimeo CDN', 'Yotpo', 'Yottaa', 'YouTube', 'reCAPTCHA']"
heimmassage.ch,Heimmassage Réne Schärer - Mobile Massage für Zuhause oder im Büro buchen.,Heimmassage René Schärer,SWE,87,5666,2026-05-31T15:40:49.044135199Z,"['Alternate Protocol', 'Contact Form 7', 'Contact Form Plugin', 'Custom Facebook Feed', 'EmbedPress', 'Font Awesome', 'Google', 'Google Cloud DNS', 'Google Font API', 'Google My Business', 'Google Related Website Sites', 'Instagram Follow Button', 'Juicer', 'Juicer DMP', 'LiteSpeed', 'Meta Slider for WordPress', 'MyFonts', 'PHP', 'Perl', 'QUIC', 'SiteOrigin', 'SiteOrigin Panels', 'Sitelinks Search Box', 'Theme In WP', 'UTF-8', 'Vantage', 'WoWonder', 'WordPress', 'WordPress Multisite', 'jQuery', 'shadcn ui', 'uPress']"
kennetts.co.uk,Kennett Insurance & Risk Management - One of the Hull and Leeds leading independent insurance brokers in Yorkshire.,,GBR,75,18889,2026-05-31T12:46:35.440074244Z,"['AWS WAF Challenge', 'Alternate Protocol', 'Apache', 'Cloudflare', 'Cloudflare CDN', 'Contact Form Plugin', 'EmbedPress', 'Google', 'Google Analytics', 'Google Cloud DNS', 'Google Maps', 'Google My Business', 'Microdata for Google Shopping', 'MyFonts', 'OpenSSL', 'PHP', 'QUIC', 'Thank You', 'Theme In WP', 'Twitter Ads', 'UTF-8', 'Unix', 'WordPress', 'WordPress Multisite', 'eLand', 'jQuery', 'reCAPTCHA']"
gardencreekvineyards.com,"Garden Creek Ranch Vineyards Winery GARDEN CREEK | 3rd generation Vintners since 1969 in Alexander Valley, Sonoma County CA USA",,USA,82,4619,2026-05-31T10:53:15.920461246Z,"['Adobe Creative Cloud WebFonts', 'Amazon', 'Amazon S3 CDN', 'Bulma', 'Font Awesome', 'GZIP Module', 'Instagram Follow Button', 'Microdata for Google Shopping', 'MyFonts', 'Nginx', 'Perl', 'Storyblocks', 'Stripe', 'Subversion', 'Tailwind CSS', 'UTF-8', 'reCAPTCHA', 'shadcn ui']"
rediflame.com,RediFlame | The All Natural Way | Fire Logs | Fire Starters | Finley ND,,,72,5221,2026-05-31T06:27:22.24022308Z,"['AJAX Libraries API', 'Alternate Protocol', 'Amazon', 'Amazon S3 CDN', 'Apache', 'Automattic', 'CDN JS', 'Cloudflare', 'Cloudflare CDN', 'EmbedPress', 'Fontfabric', 'GZIP Module', 'Google Analytics', 'Google Cloud DNS', 'Google Font API', 'Jetpack', 'Line2', 'Microdata for Google Shopping', 'MyFonts', 'PHP', 'PWA', 'Store Locator WordPress', 'Storyblocks', 'Tailwind CSS', 'Theme In WP', 'UTF-8', 'Vimeo', 'WPBakery', 'Wistia', 'WordPress', 'WordPress Multisite', 'WordPress Stats', 'YouTube', 'jQuery', 'reCaptcha by BestWebSoft']"
talentplace.com,Recruitment agency. A community of professional recruiters - Talent Place,Talent Place,,67,14190,2026-05-31T05:34:36.530171778Z,"['Alternate Protocol', 'Better Lead Generation Services', 'Clutch', 'Elementor', 'EmbedPress', 'Facebook Conversion Tracking', 'Facebook Login', 'Facebook Messenger Platform', 'Facebook Pixel', 'Facebook Reseller', 'Facebook Tag API', 'FormSubmit', 'Google Analytics', 'Google Tag Manager', 'Gravity', 'Gravity Forms', 'HappyAddons', 'Hello Elementor', 'Hotjar', 'Instagram Follow Button', 'Jetpack', 'LinkedIn Insights', 'LinkedIn Pixel', 'LiteSpeed', 'Microdata for Google Shopping', 'MyFonts', 'NFOrce Internet', 'Outfunnel', 'PHP', 'QUIC', 'Theme In WP', 'To Top', 'UTF-8', 'WPML Multilingual', 'WordPress', 'WordPress Multisite', 'YouTube', 'jQuery']"
hydromatrix.at,Hydromatrix,,,57,206,2026-05-31T05:06:58.301787203Z,"['GZIP Module', 'IcoMoon', 'MyFonts', 'Newsletter for Wordpress', 'Nginx', 'PHP', 'Piwik PRO', 'QUIC', 'UTF-8', 'YouTube', 'shadcn ui']"
beverleyhousingcharity.org,Home | Beverley Housing Charity,,,70,2640,2026-05-31T04:53:06.437029551Z,"['Apache', 'CDN JS', 'Cloudflare', 'Cloudflare CDN', 'Google', 'Google Cloud DNS', 'Google Font API', 'MyFonts', 'UTF-8', 'YouTube', 'jQuery']"
partnerandexpress.com,Partners & ExpressHome - Partners & Express,,GBR,70,22044,2026-05-31T03:20:19.968757107Z,"['Alternate Protocol', 'Apache', 'Blog Designer Pack', 'Bookly', 'Contact Form Plugin', 'ElementUI', 'Elementor', 'EmbedPress', 'Express', 'FreeCSSTemplates', 'GZIP Module', 'Google Analytics', 'Google Cloud DNS', 'Google Customer Reviews', 'Google Font API', 'Google Tag Manager', 'HubSpot Conversations', 'HubSpot WordPress Plugin', 'Hubspot', 'Instagram Follow Button', 'Jetpack', 'Microdata for Google Shopping', 'MyFonts', 'Ntent', 'PHP', 'QUIC', 'Store Locator WordPress', 'Tawk', 'Theme In WP', 'TrustIndex', 'UTF-8', 'W3 Total Cache', 'WP Job Openings', 'WPForms', 'WPS Visitor Counter Plugin', 'Woo Themes', 'WooCommerce', 'WooCommerce Checkout', 'WooLentor', 'WordPress', 'WordPress Multisite', 'WordPress Stats', 'jQuery']"
anstrum.com,Anstrum – Main page,,UKR,52,734,2026-05-31T02:47:29.760372451Z,"['Content Delivery Network', 'Fastly', 'Google Analytics', 'Google My Business', 'Google Tag Manager', 'ISO/IEC 8859', 'Imgix', 'MyFonts', 'UTF-8']"
remotesci.com,Remote Science Services,,,40,50,2026-05-31T01:58:29.612400158Z,"['Apache', 'GZIP Module', 'MyFonts', 'PWA', 'jQuery']"
margins.agency,Custom AI Solutions & Software Development | Margins,Margins,HRV,87,39435,2026-05-30T23:56:48.599299788Z,"['AWS WAF Challenge', 'Alibaba Cloud CDN', 'Alternate Protocol', 'Apture Linking Platform', 'ArvanCloud', 'CDN JS', 'Cloudflare', 'Cloudflare CDN', 'Clutch', 'Coming Soon Page', 'Express', 'FormSubmit', 'GZIP Module', 'GetResponse', 'GitHub Hosting', 'Google Analytics', 'Google Tag Manager', 'Heroku', 'HubSpot Conversations', 'Hubspot', 'IcoMoon', 'Microdata for Google Shopping', 'MyFonts', 'Perl', 'Pico CSS', 'Tailwind CSS', 'UTF-8', 'University or College', 'Unix', 'jQuery', 'jsDelivr', 'reCAPTCHA']"
moveon-eu.com,Move on | Supporting high-quality movement analysis in the EU,,DNK,82,18350,2026-05-30T17:21:36.059867542Z,"['Cookie Information', 'Express', 'Heyloyalty', 'IcoMoon', 'Microdata for Google Shopping', 'Microsoft Azure', 'Microsoft IIS', 'MyFonts', 'Siteimprove', 'UTF-8', 'University or College', 'Visual Studio']"
factsonga.com,SYFOVRE® (pegcetacoplan injection),,USA,72,4629,2026-05-30T14:38:19.975685715Z,"['Alternate Protocol', 'Amazon', 'Amazon CloudFront', 'Amazon Route 53', 'CloudFront', 'Content Delivery Network', 'Facebook Conversion Tracking', 'Facebook Login', 'Facebook Messenger Platform', 'Facebook Pixel', 'Facebook Reseller', 'Facebook Tag API', 'Fonts.com', 'GZIP Module', 'Google Analytics', 'Google Cloud DNS', 'Google Font API', 'Google My Business', 'Google Tag Manager', 'Instagram Follow Button', 'LinkedIn Insights', 'LinkedIn Pixel', 'MyFonts', 'PHP', 'Reddit Conversion Tracking', 'Tailwind CSS', 'Thank You', 'Theme In WP', 'Twitter Ads', 'Twitter Analytics', 'Twitter Conversion Tracking', 'UTF-8', 'Vimeo', 'WordPress', 'jQuery', 'reCAPTCHA']"
elotouch.com,"Touchscreens for Retail, Self-Order & POS | Elo® Official Website",,USA,77,404331,2026-05-30T13:32:45.94856314Z,"['Adobe Analytics', 'Adobe Marketing Cloud', 'Alternate Protocol', 'Amazon', 'Amazon WAF Blocked', 'Apture Linking Platform', 'Cloudflare', 'Cloudflare CDN', 'DemDex', 'DoubleClick Bid Manager', 'ElementUI', 'Envoy', 'Fireblade', 'Font Awesome', 'GZIP Module', 'Gambling Content', 'GetResponse', 'GitHub Hosting', 'Google', 'Google Analytics', 'Google Cloud CDN', 'Google Cloud DNS', 'Google Maps', 'Google My Business', 'Google Related Website Sites', 'Google Tag Manager', 'Instagram Follow Button', 'Magento', 'Magento Enterprise', 'Microdata for Google Shopping', 'MyFonts', 'New Relic', 'OneTrust Domain Verification', 'QUIC', 'Sitelinks Search Box', 'Twitter Ads', 'UTF-8', 'Vimeo', 'Vimeo CDN', 'YouTube', 'jsDelivr', 'reCAPTCHA']"
markgust.com,"Mark Gust | Mortgage Loan Originator, Certified Military Housing Specialist | Residential Mortgage, LLC","Residential Mortgage, LLC",USA,77,103949,2026-05-30T10:17:24.016083898Z,"['AWS WAF Challenge', 'Content Delivery Network', 'Facebook Pixel', 'Facebook Tag API', 'Fireblade', 'Font Awesome', 'GZIP Module', 'Google', 'Google Analytics', 'Google Cloud DNS', 'Google Font API', 'Google Related Website Sites', 'Google Tag Manager', 'M247', 'MyFonts', 'Nationwide Mortgage Licensing System and Registry', 'QUIC', 'SMC', 'Tailwind CSS', 'UTF-8', 'UserWay', 'Visx']"
healingpresencecounseling.org,Healing Presence Counseling,,GBR,87,79392,2026-05-30T08:35:09.800535207Z,"['AJAX Libraries API', 'Aruba', 'Cornerstone', 'Express', 'GZIP Module', 'Google', 'Google Cloud DNS', 'Google Font API', 'Google Related Website Sites', 'Line2', 'Magento Enterprise', 'Microdata for Google Shopping', 'MyFonts', 'QUIC', 'SiteW', 'Squarespace', 'UTF-8', 'WordPress SEO Structured Data Schema Plugin', 'eLand', 'jQuery']"
reelwomensfilmfestival.org,2020 - Reel Women's Film Festival,,ZAF,70,703,2026-05-30T02:44:03.825275604Z,"['Alternate Protocol', 'Apache', 'Automattic', 'EmbedPress', 'GZIP Module', 'Google Analytics', 'Google Tag Manager', 'Jetpack', 'Microdata for Google Shopping', 'MyFonts', 'UTF-8', 'WordPress', 'WordPress Multisite']"
tfuekeys.com,"Custom Mechanical Keyboards, Keycaps, Switches, Deskpads, and More – NovelKeys LLC",NovelKeys LLC,FRA,77,9084,2026-05-30T01:08:01.80838084Z,"['Apture Linking Platform', 'CDN JS', 'Cloudflare', 'Cloudflare CDN', 'Fastly', 'GoAffPro', 'Google My Business', 'Google Related Website Sites', 'Help Scout', 'Instagram Follow Button', 'Line2', 'MailChimp', 'Microdata for Google Shopping', 'MyFonts', 'PWA', 'PageFly', 'QUIC', 'Shopify', 'Shopify Collabs', 'UTF-8', 'YouTube', 'hCaptcha', 'reCAPTCHA']"
mysticgulf.com,Mystic gulf test,,,57,1118,2026-05-29T18:21:38.952635067Z,"['AddThis', 'AddThis for Wordpress', 'Amazon', 'Amazon CloudFront', 'Amazon Route 53', 'Amazon S3 CDN', 'Apache', 'AutoComplete', 'Bing Cashback', 'Bing Conversion Tracking', 'CDN JS', 'CloudFront', 'Cloudflare', 'Cloudflare CDN', 'DoubleClick Bid Manager', 'Facebook Reseller', 'Financial Services Guide', 'Font Awesome', 'GZIP Module', 'Google', 'Google Analytics', 'Google Cloud DNS', 'Google Font API', 'Google My Business', 'Google Tag Manager', 'Klaviyo', 'LiveChat', 'LiveChat Monitoring', 'Microsoft Clarity', 'MyFonts', 'New Relic', 'PayPal Adaptive Payments', 'Pinterest Conversion Tracking', 'QUIC', 'SmartyStreets', 'Storyblocks', 'TrustLogo', 'UTF-8', 'jsDelivr']"
officeeasel.com,"Custom Promotional Products, Apparel & Printing",Office Easel Promotions,USA,77,30397,2026-05-29T17:49:48.558124773Z,"['Amazon', 'Amazon CloudFront', 'Amazon Route 53', 'Amazon S3 CDN', 'Apache', 'Bing Cashback', 'Bing Conversion Tracking', 'CloudFront', 'DoubleClick Bid Manager', 'Express', 'Facebook Reseller', 'Fireblade', 'Font Awesome', 'GZIP Module', 'Google', 'Google Analytics', 'Google Analytics with Ad Tracking', 'Google Cloud DNS', 'Google Font API', 'Google My Business', 'Google Related Website Sites', 'Google Tag Manager', 'Instagram Follow Button', 'Klaviyo', 'LiveChat', 'LiveChat Monitoring', 'Microdata for Google Shopping', 'Microsoft Clarity', 'MyFonts', 'PayPal Adaptive Payments', 'Pinterest Conversion Tracking', 'QUIC', 'SmartyStreets', 'StackPath', 'Storyblocks', 'Tailwind CSS', 'TrustLogo', 'Twitter Ads', 'UTF-8', 'Umbler', 'jsDelivr', 'reCAPTCHA']"
wemovetoheal.com,"Programs that strengthen your Mind, Body, & Connection. - We Move To Heal",We Move to Heal,USA,82,1447,2026-05-29T17:49:48.538138326Z,"['Alternate Protocol', 'Amazon WAF Blocked', 'Apache', 'Content Delivery Network', 'EmbedPress', 'Facebook Conversion Tracking', 'Facebook Login', 'Facebook Messenger Platform', 'Facebook Pixel', 'Facebook Reseller', 'Facebook Tag API', 'GZIP Module', 'Google Analytics', 'Google Related Website Sites', 'Google Tag Manager', 'Gravity', 'Gravity Forms', 'Instagram Follow Button', 'Lazy Load for WordPress', 'MailChimp', 'Microdata for Google Shopping', 'MyFonts', 'PHP', 'Pinterest Conversion Tracking', 'Theme In WP', 'UTF-8', 'Ubuntu', 'Woo Themes', 'WooCommerce', 'WooCommerce Checkout', 'WordPress', 'WordPress Multisite', 'YouTube', 'jQuery', 'jsDelivr', 'shadcn ui']"
distillerystrategy.com,Distillery | The Brand Strategy Company,,GBR,72,7360,2026-05-29T17:18:56.787873333Z,"['Amazon', 'Amazon CloudFront', 'CDN JS', 'CloudFront', 'Cloudflare', 'Cloudflare CDN', 'Cloudinary', 'Content Delivery Network', 'GZIP Module', 'Google Analytics', 'Google Cloud DNS', 'Google Tag Manager', 'MyFonts', 'Slotti', 'Termly', 'UTF-8', 'WF Cookie Consent', 'Webflow']"
whf.ag,Happiness Survey - Wish Farms,Wish Farms,,70,4663,2026-05-29T14:27:49.043056691Z,"['Add to Any', 'Alternate Protocol', 'CDN JS', 'Cloudflare', 'Cloudflare CDN', 'Content Delivery Network', 'EmbedPress', 'Fastly', 'GZIP Module', 'Google Analytics', 'Google Cloud DNS', 'Google Font API', 'Google My Business', 'Google Tag Manager', 'Gravity', 'Gravity Forms', 'IcoMoon', 'Instagram Follow Button', 'Material Design Icons', 'Materialize CSS', 'Microdata for Google Shopping', 'MyFonts', 'Nginx', 'PHP', 'Perl', 'Pinterest Conversion Tracking', 'Popup Maker for Wordpress', 'Slider Revolution', 'Theme In WP', 'UTF-8', 'WPBakery', 'WordPress', 'WordPress Multisite', 'YouTube', 'jQuery', 'reCAPTCHA']"
coldstonevenicebeach.com,Ice Cream in Marina del Rey CA 90292 Cold Stone Creamery Shop Store 21755Ice Cream delivery,,,77,4626,2026-05-29T04:37:59.95746724Z,"['Adobe Creative Cloud WebFonts', 'Apache', 'Font Awesome', 'Fonts.com', 'GZIP Module', 'Google Analytics', 'Google Maps', 'Google My Business', 'Google Tag Manager', 'IcoMoon', 'Instagram Follow Button', 'Microdata for Google Shopping', 'MyFonts', 'Spendgo', 'Twitter Ads', 'UTF-8']"
thenaturalgem.sg,Buy Investment Grade Gemstones Online | The Natural Gem,The Natural Gem,AUT,82,15164,2026-05-29T03:43:00.689920335Z,"['Alternate Protocol', 'Amazon WAF Blocked', 'Ametys', 'Apache', 'Borlabs Cookie', 'DAV', 'DuracellTomi Google Tag Manager for WordPress', 'EmbedPress', 'Ethy', 'Express', 'Gem', 'Google Analytics', 'Google My Business', 'Google Related Website Sites', 'Google Tag Manager', 'Gravity', 'Gravity Forms', 'Instagram Follow Button', 'MailPoet', 'Microdata for Google Shopping', 'MyFonts', 'PHP', 'PixelYourSite', 'Schema Plugin', 'TI WooCommerce Wishlist', 'Theme In WP', 'Twitter Ads', 'UTF-8', 'UnderStrap', 'WP Fastest Cache', 'WPBakery', 'WPML Multilingual', 'Woo Themes', 'WooCommerce', 'WooCommerce Checkout', 'WordPress', 'WordPress Multisite', 'YouTube', 'jQuery', 'jsDelivr']"
wearetane.com,Video Production and Post-Production Agency | Tane,,,57,6534,2026-05-29T00:56:07.986506132Z,"['AWS WAF Challenge', 'Angular', 'Apture Linking Platform', 'Content Delivery Network', 'DAV', 'GoGrid', 'Imgix', 'Instagram Follow Button', 'M247', 'MyFonts', 'Netlify', 'Next.js', 'QUIC', 'ShareThis', 'Styled Components', 'UTF-8', 'WordPress', 'WordPress Multisite']"
sellmorehouse.com,Home - Sandra Moorhouse,,USA,70,30888,2026-05-28T23:50:44.803577778Z,"['AJAX Libraries API', 'Alternate Protocol', 'Apache', 'Beaver Builder Lite', 'Bulma', 'CDN JS', 'Cloudflare', 'Cloudflare CDN', 'Debian', 'DuracellTomi Google Tag Manager for WordPress', 'EmbedPress', 'Font Awesome', 'GZIP Module', 'Google Analytics', 'Google Cloud DNS', 'Google Font API', 'Google Maps', 'Google My Business', 'Google Tag Manager', 'LeadRouter', 'MoxiWorks', 'MyFonts', 'QUIC', 'Sitelinks Search Box', 'Thank You', 'UTF-8', 'Windermere Real Estate', 'WordPress', 'WordPress Multisite', 'Zendesk Embeddables', 'jQuery', 'jsDelivr', 'reCAPTCHA']"
asutex.eu,"Asutex, Aplicacion y suministros textiles",,ESP,72,20076,2026-05-28T22:24:48.885418414Z,"['Alternate Protocol', 'Content Delivery Network', 'Fireblade', 'GitHub Hosting', 'Google', 'Google Analytics', 'Google Cloud DNS', 'Google Font API', 'Google Related Website Sites', 'Google Tag Manager', 'Instagram Follow Button', 'Iubenda', 'MyFonts', 'Nationwide Mortgage Licensing System and Registry', 'Netlify', 'Nuxt.js', 'Sanity', 'Tailwind CSS', 'UTF-8']"
kathoang.info,Kat Hoang,,GBR,65,18009,2026-05-28T22:22:22.49305845Z,"['AWS WAF Challenge', 'Adobe Creative Cloud WebFonts', 'Alternate Protocol', 'Apache', 'Cloudflare', 'Cloudflare CDN', 'EmbedPress', 'GZIP Module', 'Google', 'Google My Business', 'MyFonts', 'PHP', 'Theme In WP', 'UTF-8', 'University or College', 'WordPress', 'WordPress Multisite', 'YouTube', 'eLand', 'jQuery']"
ffmisterk.com,FF Mister K,,LTU,65,15200,2026-05-28T21:56:19.96998604Z,"['AWS WAF Challenge', 'Alternate Protocol', 'Amazon Widgets', 'GZIP Module', 'Google Analytics', 'Microdata for Google Shopping', 'MyFonts', 'Nginx', 'PHP', 'Schema Plugin', 'Subversion', 'Twitter Ads', 'UTF-8']"
artisancatering.co.nz,Artisan Catering | Award Winning Event Catering Queenstown | Home,Artisan Catering,AUS,77,52007,2026-05-28T19:27:37.407000597Z,"['Adobe Creative Cloud WebFonts', 'Alternate Protocol', 'Contact Form Plugin', 'EmbedPress', 'Font Awesome', 'GZIP Module', 'Google Analytics', 'Google My Business', 'Google Tag Manager', 'Instagram Feed for WordPress', 'Instagram Follow Button', 'Microdata for Google Shopping', 'MyFonts', 'Nginx', 'PHP', 'SMC', 'Theme In WP', 'UTF-8', 'WordPress', 'WordPress Multisite', 'reCAPTCHA']"
amelioproperties.com,Home - Amelio,Amelio,USA,77,20596,2026-05-28T14:37:22.609821898Z,"['AWS WAF Challenge', 'Alternate Protocol', 'Apache', 'Cloudflare', 'Cloudflare CDN', 'Elementor', 'EmbedPress', 'GZIP Module', 'Google', 'Google Analytics', 'Google My Business', 'Google Tag Manager', 'Jetpack', 'Microdata for Google Shopping', 'MonsterInsights', 'MouseWheel Smooth Scroll', 'MyFonts', 'NFOrce Internet', 'Newsletter for Wordpress', 'OceanWP', 'PHP', 'Tailwind CSS', 'Theme In WP', 'UTF-8', 'WP Mobile Menu', 'WPForms', 'Woo Themes', 'WooCommerce Checkout', 'WordPress', 'WordPress Multisite', 'jQuery']"
coombesheadfarm.co.uk,Coombeshead Farm,Coombeshead Farm,,72,17164,2026-05-28T12:57:28.628847695Z,"['AJAX Libraries API', 'Amazon CloudFront', 'Apture Linking Platform', 'CDN JS', 'CloudFront', 'Cloudflare', 'Cloudflare CDN', 'Express', 'Formitable', 'Google Analytics', 'Google Cloud DNS', 'Google My Business', 'Google Tag Manager', 'Hotjar', 'Instagram Follow Button', 'Klaviyo', 'MailChimp', 'Mews Commander', 'Microdata for Google Shopping', 'MyFonts', 'Shopify', 'Shopify Collabs', 'Storyblocks', 'UTF-8', 'hCaptcha', 'jsDelivr', 'reCAPTCHA']"
teamexact.com,Front page - EXACTEXACT,,SWE,75,1995,2026-05-28T08:19:20.738786132Z,"['AJAX Libraries API', 'Alternate Protocol', 'Bulma', 'Contact Form Plugin', 'EmbedPress', 'Facebook Conversion Tracking', 'Facebook Login', 'Facebook Messenger Platform', 'Facebook Pixel', 'Facebook Reseller', 'Facebook Tag API', 'Font Awesome', 'GZIP Module', 'Google Analytics', 'Google Cloud DNS', 'Google Tag Manager', 'Hotjar', 'IcoMoon', 'Microdata for Google Shopping', 'MyFonts', 'OpenResty', 'PHP', 'Theme In WP', 'UTF-8', 'WP Fastest Cache', 'WPML Multilingual', 'WordPress', 'WordPress Multisite', 'jQuery']"
eleonbeauty.co.uk,"Advanced Aesthetics Clinic in Lincoln | Dermal Fillers, Skin Treatments & Permanent Makeup | Eleon Beauty Clinic",,,77,5708,2026-05-28T03:27:17.587625745Z,"['Bitrix', 'Facebook Conversion Tracking', 'Facebook Login', 'Facebook Messenger Platform', 'Facebook Pixel', 'Facebook Reseller', 'Facebook Tag API', 'Google Analytics', 'Google Cloud DNS', 'Google Font API', 'Google Tag Manager', 'IcoMoon', 'Instagram Follow Button', 'Microdata for Google Shopping', 'MyFonts', 'Nginx', 'PHP', 'UTF-8']"
springboardsupplies.co.uk,Primary & Early Years Educational Supplies & Resources | Springboard,,GBR,87,64292,2026-05-28T01:36:13.476515872Z,"['Apture Linking Platform', 'Bing Cashback', 'Bing Conversion Tracking', 'Cloudflare', 'Cloudflare CDN', 'Django Language', 'Doofinder', 'Express', 'Facebook Conversion Tracking', 'Facebook Login', 'Facebook Messenger Platform', 'Facebook Pixel', 'Facebook Reseller', 'Facebook Tag API', 'Google', 'Google Analytics', 'Google Cloud DNS', 'Google Maps', 'Google Related Website Sites', 'Google Tag Manager', 'IcoMoon', 'Instagram Follow Button', 'Klaviyo', 'MailChimp', 'Microdata for Google Shopping', 'MyFonts', 'Pico CSS', 'QUIC', 'SMC', 'Shopify', 'Shopify Collabs', 'Trustpilot Reviews for WordPress', 'Twitter Ads', 'UTF-8', 'hCaptcha', 'jsDelivr', 'reCAPTCHA']"
brainheart.com.au,Brainheart,,AUS,60,2858,2026-05-28T00:47:58.844335069Z,"['AWS WAF Challenge', 'Adult Content', 'Alternate Protocol', 'Apture Linking Platform', 'Coming Soon Page', 'DAV', 'Express', 'Google Analytics', 'LiteSpeed', 'MyFonts', 'PHP', 'Phew', 'QUIC', 'Say what', 'Share Link', 'Theme In WP', 'UTF-8', 'University or College', 'Vimeo CDN', 'WordPress', 'WordPress Multisite', 'YouTube', 'jQuery']"
onecondoms.com,"Buy Condoms Online | ONE® Condoms – Bold, Thin, Safe & Fun",,USA,77,154232,2026-05-27T23:57:32.277094918Z,"['AWS WAF Challenge', 'Adobe Creative Cloud WebFonts', 'Alternate Protocol', 'Amazon CloudFront', 'Amazon WAF Blocked', 'Apture Linking Platform', 'Attentive', 'AudioEye', 'Bazaarvoice', 'Bing Cashback', 'CloudFront', 'Cloudflare', 'Cloudflare CDN', 'DoubleClick Bid Manager', 'Express', 'Fastly', 'Fireblade', 'Google', 'Google Analytics', 'Google Cloud DNS', 'Google Maps', 'Google My Business', 'Google Related Website Sites', 'Google Tag Manager', 'Instagram Follow Button', 'Klaviyo', 'Microdata for Google Shopping', 'Microsoft Clarity', 'MyFonts', 'NFOrce Internet', 'Octane AI', 'Perl', 'QUIC', 'SMC', 'Sapper', 'Schema Plugin', 'Shopify', 'Shopify Collabs', 'Swell Rewards', 'Tailwind CSS', 'Thank You', 'UTF-8', 'Umbler', 'University or College', 'Zendesk Embeddables', 'hCaptcha', 'jQuery', 'reCAPTCHA']"
centrecentre.co.uk,CentreCentre,,,57,797,2026-05-27T19:26:03.016931966Z,"['AJAX Libraries API', 'Apture Linking Platform', 'CDN JS', 'Cloudflare', 'Cloudflare CDN', 'Google Cloud DNS', 'Google My Business', 'Google Related Website Sites', 'Instagram Follow Button', 'MailChimp', 'MaxCDN', 'Microdata for Google Shopping', 'MyFonts', 'Schema Plugin', 'Shopify', 'Shopify Collabs', 'Tailwind CSS', 'UTF-8', 'hCaptcha', 'jQuery', 'reCAPTCHA']"
seleniumconf.com,"SeleniumConf | Valencia | May 6-8, 2026",SeleniumConf,ESP,87,22073,2026-05-27T18:49:15.513450024Z,"['AWS WAF Challenge', 'Alternate Protocol', 'Appium', 'CDN JS', 'Checkly', 'Cloudflare', 'Cloudflare CDN', 'Content Delivery Network', 'Corporate Governance and Regulatory Compliance', 'EmbedPress', 'Fancybox for WordPress', 'GitHub Hosting', 'Google Analytics', 'Google My Business', 'Google Tag Manager', 'Microdata for Google Shopping', 'MyFonts', 'PHP', 'SiteW', 'Sitelinks Search Box', 'The SEO Framework', 'Theme In WP', 'UTF-8', 'Vector Internet Services', 'WP Engine', 'WordPress', 'WordPress Multisite', 'YouTube', 'jQuery']"
mam-software.uk,MAM Software - Integrated solutions for the automotive aftermarket,,GBR,72,46943,2026-05-27T17:02:15.679239462Z,"['Alternate Protocol', 'Amazon', 'Apture Linking Platform', 'AutoComplete', 'Bulma', 'Content Delivery Network', 'Cybot', 'DAV', 'DoubleClick Bid Manager', 'Ethy', 'Facebook Login', 'Facebook Messenger Platform', 'Facebook Pixel', 'Facebook Reseller', 'Financial Services Guide', 'FreeCSSTemplates', 'GZIP Module', 'Google', 'Google Analytics', 'Google Cloud CDN', 'Google Cloud DNS', 'Google Flights Conversion Tracking', 'Google Font API', 'Google My Business', 'Google Tag Manager', 'HubSpot Conversations', 'Hubspot', 'IcoMoon', 'KVH', 'Lead Forensics', 'LinkedIn Insights', 'LinkedIn Pixel', 'Microsoft Azure', 'MyFonts', 'No-Q', 'PHP', 'QUIC', 'Subversion', 'Twitter Ads', 'UTF-8', 'Vimeo', 'Visual Studio', 'YouTube', 'eLand', 'jQuery', 'reCAPTCHA']"
necco-restaurant.com,necco – Japanese tapas restaurant,,USA,72,13229,2026-05-27T15:57:09.22469172Z,"['Alternate Protocol', 'Apache', 'BLR', 'Caviar', 'Coming Soon Page', 'Facebook Login', 'Facebook Messenger Platform', 'Facebook Reseller', 'GZIP Module', 'Google Analytics', 'Google Cloud DNS', 'Google Font API', 'Google Maps', 'Google My Business', 'Instagram Follow Button', 'MyFonts', 'OpenTable', 'PHP', 'Theme In WP', 'Tumblr', 'UTF-8', 'WordPress', 'WordPress Multisite']"
canadianbeefindustryconference.com,Canadian Beef Industry Conference,,,45,149,2026-05-27T13:47:54.2818183Z,"['Alternate Protocol', 'Bulma', 'Cloudflare', 'Cloudflare CDN', 'EmbedPress', 'Font Awesome', 'Instagram Follow Button', 'MyFonts', 'Tailwind CSS', 'Telegram', 'Twitter Ads', 'UTF-8', 'WordPress', 'WordPress Multisite']"
constructionsales.co.uk,Construction Sales & Marketing: Really Useful Guides | Construction Lead Experts UK,,GBR,75,2868,2026-05-27T11:02:02.817580308Z,"['Alternate Protocol', 'ElementUI', 'Google', 'Google Analytics', 'Google Cloud DNS', 'Google Font API', 'Google Tag Manager', 'MyFonts', 'Plausible Analytics', 'UTF-8', 'jsDelivr']"
protectanimals.us,World Animal Protection | Ending Cruelty and Suffering. Forever.,World Animal Protection,USA,77,355986,2026-05-27T10:34:51.588330636Z,"['501c3 Status Nonprofit', 'AAPT', 'Active Campaign', 'Adalyser', 'AddThis for Wordpress', 'Amazon', 'Amazon CloudFront', 'Amazon Route 53', 'Amazon S3 CDN', 'AppNexus Direct', 'Asana', 'Bing Cashback', 'Bing Conversion Tracking', 'Blackbaud', 'Bunny Fonts', 'CDN JS', 'CloudFront', 'Cloudflare', 'Cloudflare CDN', 'Cookie Information', 'Double the Donation', 'DoubleClick Bid Manager', 'Episerver Search Navigation', 'EveryAction', 'Facebook Reseller', 'Fireblade', 'Font Awesome', 'FormSubmit', 'Fundraise Up', 'GZIP Module', 'Google', 'Google Analytics', 'Google Cloud DNS', 'Google Font API', 'Google Maps', 'Google My Business', 'Google Reseller', 'Google Tag Manager', 'Gravity', 'Instagram Follow Button', 'Instamojo', 'Marketo', 'MaxCDN', 'Microsoft Azure', 'Microsoft Clarity', 'Monster', 'MyFonts', 'NGP VAN', 'Optimizely Recommendations', 'OptinMonster', 'PWA', 'Pleroma', 'RM Education', 'Rackspace CDN', 'Riddle', 'Segment', 'Shopify', 'StoreRocket', 'Storyblocks', 'Stripe', 'TVSquared', 'Twitter Ads', 'Twitter Analytics', 'UTF-8', 'Userflow', 'Vimeo', 'Vimeo CDN', 'Visual Website Optimizer', 'YouTube', 'Zendesk Embeddables', 'jsDelivr']"
gurupstudyo.com,Gurup Stüdyo,,,45,10650,2026-05-27T05:26:16.596686935Z,"['Alternate Protocol', 'Automattic', 'BatCache', 'CoBlocks', 'Content Delivery Network', 'Contento', 'EmbedPress', 'Fastly', 'Gutenberg', 'Jetpack', 'Jetpack Site Accelerator', 'Microdata for Google Shopping', 'MyFonts', 'Nginx', 'PHP', 'Perl', 'QUIC', 'Schema Plugin', 'Tailwind CSS', 'Theme In WP', 'UTF-8', 'WordPress', 'WordPress Multisite', 'WordPress Stats', 'jQuery']"
neosansystems.com,Decontaminate one room or an entire building in 15 minutes. - NeoSan Systems,NeoSan Systems,USA,75,15757,2026-05-27T02:12:02.165354217Z,"['AWS WAF Challenge', 'Adobe Creative Cloud WebFonts', 'Alternate Protocol', 'CDN JS', 'Cloudflare', 'Cloudflare CDN', 'Contact Form Plugin', 'Download Monitor', 'EmbedPress', 'Facebook Conversion Tracking', 'Facebook Login', 'Facebook Messenger Platform', 'Facebook Pixel', 'Facebook Reseller', 'Facebook Tag API', 'Google Analytics', 'Google Tag Manager', 'Instagram Follow Button', 'LinkedIn Insights', 'LinkedIn Pixel', 'LiteSpeed', 'Microdata for Google Shopping', 'MyFonts', 'PHP', 'QUIC', 'Theme In WP', 'Twitter Ads', 'Twitter Analytics', 'Twitter Conversion Tracking', 'UTF-8', 'Woo Themes', 'WordPress', 'WordPress Multisite', 'jQuery']"
learningbank.dk,Workforce Enablement Platform | Learningbank,learningbank,,67,31225,2026-05-26T23:11:52.35636422Z,"['AWS WAF Challenge', 'Alternate Protocol', 'Cloudflare', 'Content Delivery Network', 'Cybot', 'Fastly', 'Google', 'Google Analytics', 'Google Cloud DNS', 'Google Font API', 'Google Tag Manager', 'GroupMe', 'Hubspot Knowledge Base', 'Microdata for Google Shopping', 'MyFonts', 'Tailwind CSS', 'UTF-8', 'shadcn ui']"
searcysatbattersea.co.uk,Home - Searcys at Battersea,,GBR,75,27209,2026-05-26T21:19:43.986391504Z,"['Alternate Protocol', 'ArvanCloud', 'CDN JS', 'Cloudflare', 'Cloudflare CDN', 'Contact Form Plugin', 'EmbedPress', 'GZIP Module', 'Google Analytics', 'Google Tag Manager', 'Instagram Follow Button', 'M247', 'Microdata for Google Shopping', 'MyFonts', 'Nginx', 'PHP', 'Parallels Plesk Panel', 'SEVENROOMS', 'Tailwind CSS', 'Theme In WP', 'UTF-8', 'WordPress', 'WordPress Multisite', 'jQuery', 'jsDelivr']"
prismplus.com.au,PRISM+ Australia | Premium Displays at Exceptional Value,,AUS,67,35347,2026-05-26T16:54:23.785084161Z,"['Amazon', 'Amazon CloudFront', 'Amazon S3 CDN', 'Apture Linking Platform', 'CDN JS', 'CloudFront', 'Cloudflare', 'Cloudflare CDN', 'Express', 'Font Awesome', 'Google Cloud DNS', 'Google Font API', 'Google Related Website Sites', 'HubSpot Conversations', 'Hubspot', 'Instagram Follow Button', 'Klaviyo', 'Microdata for Google Shopping', 'MyFonts', 'NFOrce Internet', 'Schema Plugin', 'Shopify', 'Shopify Collabs', 'Storyblocks', 'Tailwind CSS', 'Thank You', 'UTF-8', 'VWO Engage', 'Visual Website Optimizer', 'Zendesk Guide', 'hCaptcha', 'reCAPTCHA']"
adobepro.net,"Adobe Pro, Imaging Editing and Retouching",,,62,10200,2026-05-26T16:35:19.970719248Z,"['Apache', 'BLR', 'GZIP Module', 'Google Analytics', 'Google Tag Manager', 'Instagram Follow Button', 'MyFonts', 'PWA', 'Pinterest Conversion Tracking', 'Tailwind CSS', 'Tumblr', 'Twitter Ads']"
build-destinations.com,Destinations,,,52,50,2026-05-26T12:07:14.985943399Z,"['Apache', 'MyFonts', 'Tailwind CSS', 'Thank You', 'University or College']"
globalfoodtrade.eu,Home - Global Food Trade,,NLD,70,2689,2026-05-26T11:40:45.895455553Z,"['Alternate Protocol', 'Contact Form Plugin', 'EmbedPress', 'GitHub Hosting', 'Google', 'Google Cloud DNS', 'Google Font API', 'Instagram Follow Button', 'Microdata for Google Shopping', 'MyFonts', 'Nginx', 'PHP', 'QUIC', 'Theme In WP', 'Twenty Seventeen', 'UTF-8', 'WordPress', 'WordPress Multisite', 'jQuery']"
northshoreinsight.org,North Shore Insight - private psychotherapy,North Shore Insight,USA,77,83973,2026-05-26T11:06:37.670424659Z,"['Adobe Creative Cloud WebFonts', 'Aruba', 'Express', 'GZIP Module', 'Google', 'Google Analytics', 'Google Cloud DNS', 'Google Font API', 'Google Tag Manager', 'Line2', 'Magento Enterprise', 'Microdata for Google Shopping', 'MyFonts', 'QUIC', 'SiteW', 'Squarespace', 'UTF-8', 'Vector Internet Services', 'WordPress SEO Structured Data Schema Plugin', 'eLand']"
polari.press,Polari Press : An independent publishing enterprise seeking out hidden voices and helping them be heard.,,,47,572,2026-05-26T09:37:23.36334334Z,"['Adobe Creative Cloud WebFonts', 'Alternate Protocol', 'EmbedPress', 'Facebook Conversion Tracking', 'Facebook Login', 'Facebook Messenger Platform', 'Facebook Pixel', 'Facebook Reseller', 'Facebook Tag API', 'FreeCSSTemplates', 'GZIP Module', 'Google Analytics', 'Google Cloud DNS', 'Google Font API', 'Google My Business', 'Google Tag Manager', 'Instagram Follow Button', 'MailChimp', 'MonsterInsights', 'MyFonts', 'Nginx', 'PHP', 'Parallels Plesk Panel', 'Pinterest Conversion Tracking', 'Responsive Lightbox', 'Theme In WP', 'UTF-8', 'Vimeo', 'WoWonder', 'Woo Themes', 'WooCommerce', 'WooCommerce Checkout', 'WooCommerce Stripe Payment Gateway', 'WordPress', 'WordPress Multisite', 'YouTube', 'jQuery']"
outsourcemarketing.us,Outsource Marketing | Strategic Marketing Plan + Execution,,USA,77,4853,2026-05-26T09:37:23.354766726Z,"['Alternate Protocol', 'Content Delivery Network', 'Custom Facebook Feed', 'Custom Twitter Feeds', 'EmbedPress', 'Font Awesome', 'Google Analytics', 'Google Cloud DNS', 'Google Font API', 'Google My Business', 'Google Tag Manager', 'Graphy', 'Gravity', 'Gravity Forms', 'Hotjar', 'IcoMoon', 'Instagram Feed for WordPress', 'Instagram Follow Button', 'Microdata for Google Shopping', 'MyFonts', 'Nectar Slide Plugin', 'Nginx', 'PHP', 'QUIC', 'Salient', 'Theme In WP', 'UTF-8', 'WP Engine', 'WPBakery', 'WordPress', 'WordPress Multisite', 'jQuery', 'jsDelivr', 'reCAPTCHA']"
drench.co.uk,Drench - The Bathroom of Your Dreams | Drench,,,67,62037,2026-05-26T05:30:48.238072839Z,"['ClickOn', 'Cloudflare', 'Cloudflare CDN', 'Cloudflare Web Analytics', 'CoreUI', 'Cybot', 'DAV', 'Express', 'GitHub Hosting', 'Instagram Follow Button', 'LiveChat', 'LiveChat Monitoring', 'Microdata for Google Shopping', 'Microsoft Azure', 'MyFonts', 'NFOrce Internet', 'PWA', 'Perl', 'Pico CSS', 'QUIC', 'SMC', 'SiteW', 'Sitelinks Search Box', 'Swell Rewards', 'Trustpilot Reviews for WordPress', 'UTF-8', 'Visual Studio', 'WordPress SEO Structured Data Schema Plugin', 'Yotpo']"
jayadevelopment.ca,Cogitare et Facere | JAYA DEVELOPMENT INC.,JAYA DEVELOPMENT INC.,CAN,77,18459,2026-05-26T04:17:24.007547009Z,"['AMP for WordPress', 'Accelerated Mobile Pages', 'Adult Content', 'Alternate Protocol', 'Bing Cashback', 'Blogger', 'Font Awesome', 'GZIP Module', 'GitHub Hosting', 'Google', 'Google Adsense', 'Google Analytics', 'Google Cloud CDN', 'Google Cloud DNS', 'Google Font API', 'Google My Business', 'Google Recommendations AI', 'Google Related Website Sites', 'Google Tag Manager', 'Instagram Follow Button', 'License Buttons', 'MyFonts', 'Ntent', 'Twitter Ads', 'Twitter Analytics', 'UTF-8', 'Web Stories', 'YouTube']"
witsrealty.com,Real Estate Experts in Minneapolis - Most Trusted For Years - Wits Realty,Wits Realty,USA,82,40940,2026-05-25T22:44:46.224698652Z,"['Adobe Creative Cloud WebFonts', 'Alternate Protocol', 'Beaver Builder Lite', 'CDN JS', 'Cloudflare', 'Cloudflare CDN', 'Content Delivery Network', 'Contento', 'EmbedPress', 'Express', 'Facebook Conversion Tracking', 'Facebook Login', 'Facebook Messenger Platform', 'Facebook Pixel', 'Facebook Reseller', 'Facebook Tag API', 'Fastly', 'Font Awesome', 'GZIP Module', 'Google Analytics', 'Google My Business', 'Google Related Website Sites', 'Google Tag Manager', 'Gravity', 'HubSpot Conversations', 'Hubspot', 'Instagram API', 'Instagram Follow Button', 'Microdata for Google Shopping', 'MyFonts', 'Neighborhoods', 'PHP', 'Schema Plugin', 'Theme In WP', 'UTF-8', 'Vimeo', 'WordPress', 'WordPress Multisite', 'iHomefinder', 'jQuery']"
wdf-tools.de,WDF INDUSTRIEWERKZEUGE GMBH,,,52,437,2026-05-25T17:14:48.833419297Z,"['Apache', 'ArvanCloud', 'Font Awesome', 'IcoMoon', 'MyFonts', 'jQuery', 'jsDelivr']"
littleacre.com.au,"Mushroom Growing Supplies, Courses and Kits Australia | Little Acre – Little Acre Mushrooms",,AUS,82,18416,2026-05-25T16:39:40.218009188Z,"['Adobe Creative Cloud WebFonts', 'Amazon WAF Blocked', 'Apture Linking Platform', 'Cloudflare', 'Cloudflare CDN', 'Fastly', 'Google', 'Google Cloud CDN', 'Google Cloud DNS', 'Google Font API', 'Google Related Website Sites', 'Instagram Follow Button', 'Klaviyo', 'Microdata for Google Shopping', 'MyFonts', 'QUIC', 'Recapture', 'Schema Plugin', 'Shopify', 'Shopify Collabs', 'To Top', 'UTF-8', 'Vector Internet Services', 'YouTube', 'hCaptcha', 'reCAPTCHA']"
thesummitreddeer.ca,Summit Red Deer,,CAN,77,87069,2026-05-25T14:21:41.154859055Z,"['Adobe Creative Cloud WebFonts', 'Aruba', 'Church Center', 'Ethy', 'Express', 'FormSubmit', 'GZIP Module', 'Google', 'Google Cloud DNS', 'Google Font API', 'Instagram Follow Button', 'Line2', 'Magento Enterprise', 'Microdata for Google Shopping', 'MyFonts', 'QUIC', 'SiteW', 'Squarespace', 'UTF-8', 'Vector Internet Services', 'WordPress SEO Structured Data Schema Plugin', 'YouTube', 'eLand']"
thedoctorwhopodcast.com,The Doctor Who Podcast – …and You Are STILL Most Welcome!,,GBR,70,16207,2026-05-25T14:08:56.675504801Z,"['Adobe Creative Cloud WebFonts', 'Alternate Protocol', 'Apple Auto Link Maker', 'Automattic', 'Content Delivery Network', 'EmbedPress', 'Fireblade', 'Google Analytics', 'Google Tag Manager', 'Gutenberg', 'Instagram Follow Button', 'Jetpack', 'Jetpack Site Accelerator', 'MyFonts', 'Nginx', 'PHP', 'QUIC', 'Tailwind CSS', 'Theme In WP', 'Twitter Ads', 'UTF-8', 'WordPress', 'WordPress Multisite', 'WordPress Stats', 'jQuery']"
portchesterhouse.com,Portchester House - Central London Student Accommodation,,GBR,72,26296,2026-05-25T09:59:19.969853259Z,"['Alternate Protocol', 'Amazon', 'Apache', 'DoubleClick Bid Manager', 'EmbedPress', 'Font Awesome', 'GZIP Module', 'Google', 'Google Analytics', 'Google Cloud DNS', 'Google Flights Conversion Tracking', 'Google Font API', 'Google Maps', 'Google My Business', 'Google Remarketing', 'Google Reseller', 'Google Tag Manager', 'HubSpot Conversations', 'HubSpot WordPress Plugin', 'Hubspot', 'Instagram Follow Button', 'Microdata for Google Shopping', 'MyFonts', 'PHP', 'Perl', 'The Trade Desk Direct', 'Theme In WP', 'UTF-8', 'Vimeo CDN', 'WordPress', 'WordPress Multisite', 'YouTube', 'Zendesk Embeddables', 'jQuery']"
toietmoi.studio,TOI ET MOI,TOI ET MOI,,72,2545,2026-05-25T08:00:11.427141394Z,"['Alternate Protocol', 'Apache', 'Cookie Accept', 'Cookie Notice', 'Elementor', 'EmbedPress', 'GZIP Module', 'Google Analytics', 'Jetpack', 'Kalium', 'Microdata for Google Shopping', 'MyFonts', 'NFOrce Internet', 'PHP', 'Theme In WP', 'UTF-8', 'Vimeo', 'WordPress', 'WordPress Multisite', 'WordPress Stats', 'YouTube', 'jQuery']"
ohana.pm,www.ohana.pm,,,55,262,2026-05-25T04:59:02.702017072Z,"['Alternate Protocol', 'Astra Theme', 'CoBlocks', 'Contact Form Plugin', 'EmbedPress', 'GenerateBlocks', 'GoDaddy', 'Google', 'Google Cloud DNS', 'Google Font API', 'Gutenberg', 'MyFonts', 'Nginx', 'PHP', 'QUIC', 'Stackable Page Builder Gutenberg Blocks', 'Theme In WP', 'UTF-8', 'Ultimate Addons for Gutenberg', 'Woo Themes', 'WordPress', 'WordPress Multisite', 'WordPress Related Posts', 'jQuery']"
allegrocellars.com,Allegro Cellars – Allegro Wine,Allegro Wine,GBR,77,8658,2026-05-25T00:19:17.653093435Z,"['Amazon WAF Blocked', 'Apture Linking Platform', 'CDN JS', 'Cloudflare', 'Cloudflare CDN', 'Coming Soon Page', 'ElementUI', 'Equally AI', 'GitHub Hosting', 'Google My Business', 'Heroku', 'Instagram Follow Button', 'Klaviyo', 'Microdata for Google Shopping', 'MyFonts', 'QUIC', 'Shopify', 'Shopify Collabs', 'Stripe', 'UTF-8', 'hCaptcha', 'reCAPTCHA']"
peopledesign.com,Home | Peopledesign,,,77,29540,2026-05-24T21:13:59.613000588Z,"['AJAX Libraries API', 'AWS WAF Challenge', 'Alternate Protocol', 'Cloudflare', 'Content Delivery Network', 'GZIP Module', 'Google Analytics', 'Google Cloud DNS', 'Google Related Website Sites', 'Google Tag Manager', 'Hotjar', 'HubSpot Conversations', 'Hubspot', 'Instagram Follow Button', 'LinkedIn Insights', 'LinkedIn Pixel', 'Microdata for Google Shopping', 'MyFonts', 'StackPath', 'Twitter Ads', 'UTF-8', 'YouTube', 'jQuery']"
edloganlaw.com,"Edward C. Logan, LLC - Attorneys at Law",,USA,70,1683,2026-05-24T19:18:23.292844598Z,"['AJAX Libraries API', 'Alternate Protocol', 'Apache', 'ContentViews', 'EmbedPress', 'GZIP Module', 'Google Cloud DNS', 'Google Font API', 'Google My Business', 'MyFonts', 'PHP', 'Soliloquy for WordPress', 'Theme In WP', 'UTF-8', 'WoWonder', 'WordPress', 'WordPress Multisite', 'jQuery', 'reCAPTCHA']"
unionjobs.com,Union Jobs Clearinghouse,,,57,218,2026-05-24T17:00:22.7205509Z,"['AJAX Libraries API', 'Alternate Protocol', 'Apache', 'AutoComplete', 'Google Analytics', 'Google Cloud DNS', 'Google My Business', 'Line2', 'MyFonts', 'Tailwind CSS', 'UTF-8', 'jQuery', 'jsDelivr']"
philfalco.com,PHIL FALCO - ART DIRECTOR,,,72,1413,2026-05-24T16:36:53.752641254Z,"['Adobe Creative Cloud WebFonts', 'Aruba', 'Express', 'GZIP Module', 'Line2', 'Microdata for Google Shopping', 'MyFonts', 'QUIC', 'Squarespace', 'UTF-8', 'WordPress SEO Structured Data Schema Plugin', 'eLand']"
smallbusinesssaturdayuk.com,Small Business Saturday UK | Another year making a Big Difference!,,USA,77,40378,2026-05-24T15:05:29.297711628Z,"['Amazon', 'Bulma', 'Cloudflare', 'Cloudflare CDN', 'Cloudflare Stream', 'Cloudflare Web Analytics', 'Coming Soon Page', 'Elfsight', 'Express', 'Font Awesome', 'Google', 'Google Analytics', 'Google Cloud DNS', 'Google Font API', 'Google Maps', 'Google My Business', 'Google Recommendations AI', 'Google Tag Manager', 'Instagram Follow Button', 'Microdata for Google Shopping', 'Microsoft Azure Blob Storage', 'MyFonts', 'Ntent', 'On The Map', 'QUIC', 'Tailwind CSS', 'UTF-8', 'Vimeo', 'Vimeo CDN', 'YouTube']"
thelastlift.com,The Last Lift - Off-Season Deals all Year.,The Last Lift,USA,87,9364,2026-05-24T14:47:27.220078419Z,"['Apture Linking Platform', 'Cloudflare', 'Cloudflare CDN', 'Google Analytics', 'Google Related Website Sites', 'Google Tag Manager', 'Gorgias', 'Hotjar', 'IcoMoon', 'Instagram Follow Button', 'Microdata for Google Shopping', 'MyFonts', 'Shopify', 'Shopify Collabs', 'UTF-8', 'YouTube', 'hCaptcha', 'reCAPTCHA']"
capitalistcounsel.com,Lee Weinberg | Founding Partner at Weinberg Gonser LLP,,USA,77,2689,2026-05-24T13:47:19.968779345Z,"['Alternate Protocol', 'CDN JS', 'Cloudflare', 'Cloudflare CDN', 'EmbedPress', 'Google', 'Google Cloud DNS', 'Google Font API', 'LiteSpeed', 'Microdata for Google Shopping', 'MyFonts', 'PHP', 'QUIC', 'Theme In WP', 'UTF-8', 'University or College', 'WordPress', 'WordPress Multisite', 'jQuery']"
mathcracker.com,"Free Math Help - Math Lessons, Tutorials, Solvers and Stats Calculators Online",MathCracker.com,GBR,82,7747,2026-05-24T13:35:55.829163375Z,"['Adult Content', 'Alternate Protocol', 'Angular', 'Coming Soon Page', 'Express', 'Facebook Conversion Tracking', 'Facebook Login', 'Facebook Messenger Platform', 'Facebook Pixel', 'Facebook Reseller', 'Facebook Tag API', 'GZIP Module', 'Google Analytics', 'Google Cloud DNS', 'Google Font API', 'Google Tag Manager', 'IcoMoon', 'KaTeX', 'Lazy Load for WordPress', 'Monster', 'MyFonts', 'Nginx', 'Perl', 'Sitelinks Search Box', 'Thrive Direct', 'Twitter Ads', 'UTF-8', 'University or College', 'YouTube', 'jsDelivr']"
redjade.net,"RedJade Sensory Software: Sensory Analysis, Evaluation and Testing Software",,,72,16367,2026-05-24T12:47:37.294560185Z,"['AJAX Libraries API', 'Alternate Protocol', 'Calendly', 'Content Delivery Network', 'EmbedPress', 'Google Cloud DNS', 'Google Related Website Sites', 'HubSpot WordPress Plugin', 'Instagram Follow Button', 'Jetpack', 'LinkedIn Insights', 'LinkedIn Pixel', 'Microdata for Google Shopping', 'MyFonts', 'NFOrce Internet', 'Nginx', 'PHP', 'StatusPage IO', 'StudioPress', 'Tailwind CSS', 'Theme In WP', 'Twitter Ads', 'UTF-8', 'WP Engine', 'WordPress', 'WordPress Multisite', 'jQuery', 'kk Star Ratings']"
bcpp.org,Breast Cancer Prevention Partners (BCPP) | Exposing The Cause Is The Cure,Breast Cancer Prevention Partners,VEN,77,120155,2026-05-24T12:47:37.275174514Z,"['Alternate Protocol', 'Amazon', 'AvantMetrics', 'Cisco/Arrowpoint Content Service Switch', 'Classy', 'Cloudflare', 'Cloudflare CDN', 'Content Delivery Network', 'Divi', 'Elegant Themes', 'EmbedPress', 'Facebook Conversion Tracking', 'Facebook Login', 'Facebook Messenger Platform', 'Facebook Pixel', 'Facebook Reseller', 'Facebook Tag API', 'Google', 'Google Analytics', 'Google Cloud CDN', 'Google Cloud DNS', 'Google Font API', 'Google Related Website Sites', 'Google Tag Manager', 'InitiativeS', 'Instagram Follow Button', 'Microdata for Google Shopping', 'Monarch Social Sharing Plugin For WordPress', 'MyFonts', 'O2MC Dimml', 'PHP', 'Pardot', 'Perl', 'SMC', 'Share Link', 'Theme In WP', 'Twitter Ads', 'UTF-8', 'Woo Themes', 'WordPress', 'WordPress Multisite', 'YouTube', 'jQuery']"
companycam.com,CompanyCam | How Field Work Moves Forward,,,87,395069,2026-05-24T12:06:56.865567603Z,"['AJAX Libraries API', 'AWS WAF Challenge', 'Adobe Creative Cloud WebFonts', 'Alternate Protocol', 'Amazon', 'Amazon CloudFront', 'Amazon Route 53', 'App Store', 'Apture Linking Platform', 'ArvanCloud', 'CDN JS', 'CloudFront', 'Cloudflare', 'Cloudflare CDN', 'Community', 'Content Delivery Network', 'DAV', 'ElementUI', 'Financial Services Guide', 'GZIP Module', 'Google Analytics', 'Google Cloud DNS', 'Google My Business', 'Google Play', 'Google Related Website Sites', 'Google Tag Manager', 'Help.com', 'Imgix', 'Instagram Follow Button', 'Intellimize', 'Marketo', 'Microdata for Google Shopping', 'MyFonts', 'No-Q', 'OneTrust Domain Verification', 'QUIC', 'Qualified', 'SMC', 'Salesforce Hosted', 'SiteW', 'Tailwind CSS', 'Twitter Ads', 'UTF-8', 'WordPress SEO Structured Data Schema Plugin', 'YouTube', 'jsDelivr']"
americanregent.com,American Regent,,USA,65,10769,2026-05-24T10:31:42.229174849Z,"['Bulma', 'CDN JS', 'Cloudflare', 'Cloudflare CDN', 'Ethy', 'GZIP Module', 'Google Analytics', 'Google Cloud DNS', 'Google Maps', 'Google My Business', 'Google Tag Manager', 'Microsoft Azure', 'Microsoft Azure Blob Storage', 'MyFonts', 'OneTrust Domain Verification', 'PHP', 'Pico CSS', 'StackPath', 'UTF-8', 'University or College', 'UserWay', 'Visual Studio', 'WoWonder', 'jsDelivr', 'reCAPTCHA']"
pjf.ie,"Patrick J Farrell Solicitors - Newbridge, Kildare",Patrick J Farrell and Company Solicitors,USA,82,18454,2026-05-24T08:06:47.042317313Z,"['Alternate Protocol', 'Bulma', 'Content Delivery Network', 'EmbedPress', 'Express', 'Fireblade', 'Font Awesome', 'Google Analytics', 'Google Cloud DNS', 'Google Font API', 'Google Maps', 'Google Tag Manager', 'Gravity Forms', 'IcoMoon', 'Instagram Follow Button', 'LiteSpeed', 'MaxCDN', 'Microdata for Google Shopping', 'MyFonts', 'PHP', 'QUIC', 'ShareThis', 'Slider Revolution', 'Thank You', 'Theme In WP', 'Twitter Ads', 'UTF-8', 'WordPress', 'WordPress Multisite', 'YouTube', 'eLand', 'jQuery']"
kickskarate.com,"Kicks Karate is the Premier Family Martial Arts & Kickboxing Academy in Montgomery County & Frederick County, Maryland",Kicks Karate,USA,77,1437,2026-05-24T07:05:19.006862402Z,"['Alternate Protocol', 'Contact Form Plugin', 'EmbedPress', 'Express', 'Google Related Website Sites', 'IcoMoon', 'Instagram Follow Button', 'LiteSpeed', 'Microdata for Google Shopping', 'MyFonts', 'PHP', 'QUIC', 'Theme In WP', 'Twitter Ads', 'UTF-8', 'WordPress', 'WordPress Multisite', 'YouTube', 'jQuery']"
amandahagermanjewelry.com,Amanda Hagerman Jewelry,,USA,82,62433,2026-05-24T06:47:47.38700822Z,"['AJAX Libraries API', 'AWS WAF Challenge', 'Amazon', 'Apture Linking Platform', 'Aruba', 'Cloudflare', 'Cloudflare CDN', 'DAV', 'Google Cloud DNS', 'IcoMoon', 'Instagram Follow Button', 'Microdata for Google Shopping', 'MyFonts', 'Newsletter for Wordpress', 'Omnisend', 'Perl', 'QUIC', 'Shopify', 'Shopify Collabs', 'UTF-8', 'Vercel', 'Vignette OpenText', 'eLand', 'hCaptcha', 'jQuery', 'reCAPTCHA']"
rihumanities.org,RI Humanities,,USA,60,6771,2026-05-24T06:07:20.206078088Z,"['AWS WAF Challenge', 'Alternate Protocol', 'Apache', 'Cloudflare', 'Cloudflare CDN', 'Contact Form Plugin', 'Dynamik', 'EmbedPress', 'Font Awesome', 'Google', 'Google Analytics', 'Google Cloud DNS', 'Google Font API', 'Google My Business', 'Google Recommendations AI', 'Google Related Website Sites', 'InitiativeS', 'Instagram Follow Button', 'MyFonts', 'PHP', 'Pagekit', 'QUIC', 'Shortcodes Ultimate', 'Sign In With Google', 'Simple Social Icons', 'Smush Image Optimization', 'Soliloquy for WordPress', 'StudioPress', 'The Events Calendar', 'Theme In WP', 'UTF-8', 'WordPress', 'WordPress Multisite', 'eLand', 'jQuery', 'reCAPTCHA']"
klrsearchgroup.com,"KLR Executive Search Group | Hire, on-board, and retain top talent…",,USA,82,20560,2026-05-24T05:50:01.64214086Z,"['Adobe Creative Cloud WebFonts', 'Alternate Protocol', 'Amazon CloudFront', 'CloudFront', 'Cloudflare', 'Content Delivery Network', 'GZIP Module', 'Google Analytics', 'Google Tag Manager', 'Instagram Follow Button', 'LinkedIn Insights', 'M247', 'Microdata for Google Shopping', 'MyFonts', 'PHP', 'Tailwind CSS', 'UTF-8', 'YouTube', 'jsDelivr']"
bigclao.com,APIS Company Limited,,LAO,65,2660,2026-05-24T05:22:05.808770946Z,"['AJAX Libraries API', 'Apache', 'Bulma', 'CDN JS', 'Cloudflare', 'Cloudflare CDN', 'GZIP Module', 'Google', 'Google Cloud DNS', 'Google Font API', 'MyFonts', 'PHP', 'Tailwind CSS', 'Thank You', 'UTF-8', 'htmlcodex.com', 'jQuery', 'jsDelivr']"
architecturalmodel.co.in,Home - Architectural Model Maker in India,,,67,5676,2026-05-24T03:45:20.908347274Z,"['Alternate Protocol', 'Apture Linking Platform', 'Complianz', 'Contact Form Plugin', 'Content Delivery Network', 'Digital Ocean Spaces', 'Elementor', 'EmbedPress', 'Engintron', 'GZIP Module', 'Google', 'Google Analytics', 'Google Cloud CDN', 'Google Cloud DNS', 'Google Font API', 'Google No Site Links Search', 'Google Tag Manager', 'IcoMoon', 'Instagram Feed for WordPress', 'Instagram Follow Button', 'LiteSpeed', 'Microdata for Google Shopping', 'MyFonts', 'NFOrce Internet', 'Nginx', 'Ohio Theme', 'PHP', 'Quform', 'Site Kit', 'Tailwind CSS', 'Theme In WP', 'UTF-8', 'University or College', 'WPBakery', 'Woo Themes', 'WooCommerce', 'WooCommerce Checkout', 'WordPress', 'WordPress Multisite', 'YouTube', 'jQuery']"
sfperformances.org,San Francisco Performances,,VEN,65,6748,2026-05-24T01:26:41.692201866Z,"['Adobe Creative Cloud WebFonts', 'Amazon CloudFront', 'Apache', 'Cisco/Arrowpoint Content Service Switch', 'CloudFront', 'DAV', 'GZIP Module', 'GitHub Hosting', 'Google Analytics', 'Google Custom Search', 'Google My Business', 'Google Related Website Sites', 'Google Tag Manager', 'IcoMoon', 'Instagram Follow Button', 'MyFonts', 'Tailwind CSS', 'YouTube']"
silkworm.studio,SILKWORM,,,27,206,2026-05-23T22:05:47.976808917Z,"['Alternate Protocol', 'Content Delivery Network', 'GZIP Module', 'GitHub Hosting', 'IcoMoon', 'Instagram Follow Button', 'MyFonts', 'QUIC', 'UTF-8', 'University or College']"
reformationbiblecollege.org,Study Theology at RBC :: Reformation Bible College,Reformation Bible College,USA,92,151440,2026-05-23T22:00:54.442402285Z,"['Content Delivery Network', 'DAV', 'Gatsby Image CDN', 'Gatsby JS', 'GitHub Hosting', 'Google Analytics', 'Google Tag Manager', 'Instagram Follow Button', 'Microdata for Google Shopping', 'MyFonts', 'Salesforce Hosted', 'Twitter Ads', 'UTF-8', 'University or College', 'Vercel', 'YouTube']"
solid-engineering.co.uk,Structural Engineers Oxfordshire | Solid Engineering Solutions,SOLID STRUCTURES & INFRASTRUCTURE,,72,44688,2026-05-23T21:34:00.136959669Z,"['AWS WAF Challenge', 'Alternate Protocol', 'Apture Linking Platform', 'Aruba', 'Express', 'FormSubmit', 'GZIP Module', 'Google', 'Google Analytics', 'Google Cloud DNS', 'Google Cloud Storage', 'Google Font API', 'Google Tag Manager', 'Instagram Follow Button', 'K2F', 'Line2', 'Microdata for Google Shopping', 'MyFonts', 'Newsletter for Wordpress', 'Perl', 'QUIC', 'Squarespace', 'Tailwind CSS', 'Twitter Ads', 'UTF-8', 'University or College', 'WordPress SEO Structured Data Schema Plugin', 'eLand']"
absoluteproductiongroup.co.uk,Home | Absolute Production Group,,GBR,77,648,2026-05-23T19:56:24.218682126Z,"['Alternate Protocol', 'Amazon WAF Blocked', 'EmbedPress', 'GZIP Module', 'Google Cloud DNS', 'Google Font API', 'Microdata for Google Shopping', 'MyFonts', 'Nginx', 'PHP', 'Theme In WP', 'UTF-8', 'Vimeo', 'WP Rocket', 'WordPress', 'WordPress Multisite', 'jQuery']"
shinhangmc.com,신한글로벌멀티카드,,,55,181183,2026-05-23T17:59:19.984741261Z,"['Adobe Analytics', 'Adobe Marketing Cloud', 'Amazon', 'Amazon CloudFront', 'Amazon Route 53', 'AppNexus Direct', 'Apple Auto Link Maker', 'Australia Post', 'BlueKai', 'Branch.io', 'CacheFly CDN', 'CloudFront', 'DemDex', 'DoubleClick Bid Manager', 'Dynamic Yield', 'Facebook Reseller', 'GZIP Module', 'Google', 'Google Analytics', 'Google Cloud DNS', 'Google Font API', 'Google My Business', 'Google Tag Manager', 'IcoMoon', 'MediaMath', 'Microsoft Ajax Content Delivery Network', 'MyFonts', 'OneTrust Domain Verification', 'OpenX Direct', 'Optimizely Recommendations', 'PHP', 'Pubmatic', 'QUIC', 'Quantcast Direct', 'Rejoiner', 'Storyblocks', 'Taboola Direct', 'Taboola Reseller', 'Twitter Ads', 'UTF-8', 'Yahoo Image CDN', 'Yahoo Web Analytics', 'reCAPTCHA']"
mastercraftsmancompany.net,CAM Painting & Remodeling | Kansas City Home Renovations,CAM Painting & Remodeling,,67,91533,2026-05-23T17:47:19.984820364Z,"['Adobe Creative Cloud WebFonts', 'Aruba', 'Express', 'Fireblade', 'GZIP Module', 'Line2', 'Magento Enterprise', 'Microdata for Google Shopping', 'MyFonts', 'QUIC', 'SiteW', 'Squarespace', 'UTF-8', 'WordPress SEO Structured Data Schema Plugin', 'eLand']"
epicco.de,epicco.de,,DEU,45,53,2026-05-23T12:35:19.978748394Z,"['Alternate Protocol', 'GZIP Module', 'Google Analytics', 'Google Cloud DNS', 'Google Font API', 'MyFonts', 'Nginx', 'PHP', 'Theme In WP', 'Twenty Fifteen', 'Twitter Ads', 'UTF-8', 'Ubuntu', 'WordPress', 'WordPress Multisite', 'jQuery']"
aoarchitects.com,AO | Architecture. Design. Relationships.,AO Architects,PHL,77,29399,2026-05-23T11:11:19.973588367Z,"['Alternate Protocol', 'BambooHR', 'Cloudflare', 'Cloudflare Web Analytics', 'CoStar', 'Content Delivery Network', 'DAV', 'EmbedPress', 'Facebook CDN', 'Financial Services Guide', 'GZIP Module', 'Google Analytics', 'Google My Business', 'Google Related Website Sites', 'Google Tag Manager', 'Instagram Follow Button', 'Linktree', 'Microdata for Google Shopping', 'Microsoft Authentication Library for JavaScript', 'MyFonts', 'NFOrce Internet', 'Nginx', 'No-Q', 'PHP', 'Plausible Analytics', 'Tailwind CSS', 'Theme In WP', 'UTF-8', 'Vimeo CDN', 'WordPress', 'WordPress Multisite', 'jQuery']"
verk.se,VERK – Sustainably manufactured furniture,,SWE,70,736,2026-05-23T08:17:19.969360794Z,"['Alternate Protocol', 'CDN JS', 'Cloudflare', 'Cloudflare CDN', 'Content Delivery Network', 'EmbedPress', 'Facebook Conversion Tracking', 'Facebook Login', 'Facebook Messenger Platform', 'Facebook Pixel', 'Facebook Reseller', 'Facebook Tag API', 'GenerateBlocks', 'GeneratePress Company', 'Google Analytics', 'Google Tag Manager', 'LiteSpeed', 'MailChimp', 'MyFonts', 'PHP', 'Perl', 'QUIC', 'Theme In WP', 'UTF-8', 'WPML Multilingual', 'Woo Themes', 'WooCommerce', 'WooCommerce Checkout', 'WooCommerce Stripe Payment Gateway', 'WordPress', 'WordPress Multisite', 'jQuery']"
ktmgo.com,Rental – Online Rental Solution,,NPL,65,1957,2026-05-23T07:59:19.982602948Z,"['Add to Any', 'Alternate Protocol', 'Apache', 'Apture Linking Platform', 'Bulma', 'Contact Form Plugin', 'EmbedPress', 'Facebook Customer Chat SDK', 'Facebook Login', 'Facebook Messenger Platform', 'Facebook Reseller', 'GitHub Hosting', 'Google Adsense', 'Google Analytics', 'Google Cloud DNS', 'Google Font API', 'Google Funding Choices', 'Google Maps', 'Google Matched Content', 'Google My Business', 'Google Reseller', 'Google Tag Manager', 'IcoMoon', 'MyFonts', 'PHP', 'QUIC', 'Recent Posts Widget With Thumbnails', 'Theme In WP', 'Theme My Login', 'UTF-8', 'WordPress', 'WordPress Multisite', 'jQuery', 'reCAPTCHA']"
ristorantepalmino.it,Ristorante Grottammare | Ristorante Palmino | Ristorante di pesce,,ITA,67,93028,2026-05-23T07:53:19.98570089Z,"['Alternate Protocol', 'Amazon WAF Blocked', 'Apture Linking Platform', 'Content Delivery Network', 'DC74', 'Express', 'Fastly', 'Fastly CDN', 'GZIP Module', 'Google Related Website Sites', 'Instagram Follow Button', 'Microdata for Google Shopping', 'MyFonts', 'NFOrce Internet', 'PWA', 'QUIC', 'SMC', 'Sentry', 'SiteW', 'UTF-8', 'Vector Internet Services', 'Wix', 'Wix Media', 'mlcom']"
voltagepower.ca,Aecon Power Services,,CAN,60,27012,2026-05-23T07:20:19.979222008Z,"['AutoComplete', 'BunnyCDN', 'BunnyCDN General', 'CDN JS', 'Cloudflare', 'Cloudflare CDN', 'CookieYes', 'Corporate Governance and Regulatory Compliance', 'Curator', 'DoubleClick Bid Manager', 'Facebook Login', 'Facebook Messenger Platform', 'Facebook Reseller', 'GZIP Module', 'Google', 'Google Analytics', 'Google Cloud CDN', 'Google Cloud DNS', 'Google Font API', 'Google My Business', 'Google Tag Manager', 'Instagram Follow Button', 'Microsoft Azure', 'Microsoft Azure Blob Storage', 'Microsoft IIS', 'MyFonts', 'NFOrce Internet', 'Progress Sitefinity', 'QuoteMedia', 'Report URI', 'Telerik Controls', 'Twitter Ads', 'UTF-8', 'Vimeo', 'Vimeo CDN', 'Visual Studio', 'YouTube']"
snugglepuppyhero.com,Snuggle Puppy HERO® Heartbeat Calming Toy For Kids,Snuggle Puppy,USA,77,25352,2026-05-23T07:02:19.986376789Z,"['17TRACK', 'AJAX Libraries API', 'Alternate Protocol', 'Amazon Associates Affiliate Shop', 'Amazon WAF Blocked', 'Amazon Widgets', 'Apture Linking Platform', 'Cloudflare', 'Cloudflare CDN', 'Express', 'Facebook Login', 'Facebook Messenger Platform', 'Facebook Pixel', 'Facebook Reseller', 'Fastly CDN', 'GZIP Module', 'Google', 'Google Analytics', 'Google Cloud DNS', 'Google Cloud Storage', 'Google Font API', 'Google Related Website Sites', 'Google Tag Manager', 'IcoMoon', 'Instagram Follow Button', 'Klaviyo', 'Login and Pay with Amazon', 'Microdata for Google Shopping', 'MyFonts', 'QUIC', 'Refersion', 'ReviewWidget', 'Shopify', 'Shopify Collabs', 'Shopify Payments', 'SiteW', 'Tailwind CSS', 'Thank You', 'Twitter Ads', 'UTF-8', 'YouTube', 'Zipify', 'hCaptcha', 'jQuery', 'jsDelivr', 'reCAPTCHA']"
babettetielrooij.nl,Babette Tielrooij,,NLD,55,50,2026-05-23T06:38:19.991132659Z,"['Alternate Protocol', 'Instagram Follow Button', 'MyFonts', 'Nginx', 'PHP', 'Subversion', 'Tailwind CSS', 'Theme In WP', 'Twitter Ads', 'UTF-8', 'WordPress', 'WordPress Multisite', 'eLand', 'jQuery']"
patonarts.com,Paton Arts,,,45,53,2026-05-23T05:52:55.187746864Z,"['AJAX Libraries API', 'Alternate Protocol', 'Apache', 'AutoComplete', 'EmbedPress', 'GZIP Module', 'Google Analytics', 'Google Cloud DNS', 'Google Font API', 'Instagram Follow Button', 'MyFonts', 'PHP', 'Tailwind CSS', 'Theme In WP', 'Twitter Ads', 'WordPress', 'WordPress Multisite', 'jQuery']"
heypharmacist.co.uk,Rowlands Pharmacy | Healthcare on Your High Street,,,62,37973,2026-05-23T04:58:43.034261573Z,"['Amazon WAF Blocked', 'Cybot', 'DoubleClick Bid Manager', 'Facebook Reseller', 'GZIP Module', 'Google', 'Google Analytics', 'Google My Business', 'Google Reseller', 'Google Tag Manager', 'Intercom', 'LegitScript', 'MyFonts', 'Next.js', 'Pleroma', 'QUIC', 'Tailwind CSS', 'Twitter Ads', 'UTF-8', 'Uberall', 'YouTube', 'eLand', 'mlcom']"
wioniq.com,Smart solutions for Water & Energy Infrastructure | Wioniq,,NLD,77,207985,2026-05-23T03:30:37.354118011Z,"['Adobe Analytics', 'Adobe Marketing Cloud', 'Amazon', 'Apache', 'Cybot', 'GZIP Module', 'Google Analytics', 'Google Tag Manager', 'Microdata for Google Shopping', 'MyFonts', 'UTF-8', 'Vector Internet Services']"
healthypetstore.co.uk,Home | Healthy Pet Store,Healthy Pet Store,GBR,82,20385,2026-05-23T02:58:27.870422394Z,"['AJAX Libraries API', 'AWS WAF Challenge', 'Alternate Protocol', 'Apache', 'Apture Linking Platform', 'Cloudflare', 'Cloudflare CDN', 'Cloudflare Turnstile', 'CoreUI', 'DuracellTomi Google Tag Manager for WordPress', 'Facebook Conversion Tracking', 'Facebook Login', 'Facebook Messenger Platform', 'Facebook Pixel', 'Facebook Reseller', 'Facebook Tag API', 'GZIP Module', 'Google Analytics', 'Google Cloud DNS', 'Google Related Website Sites', 'Google Tag Manager', 'Hotjar', 'Instagram Follow Button', 'Microdata for Google Shopping', 'MyFonts', 'NFOrce Internet', 'PHP', 'Popup Maker for Wordpress', 'QUIC', 'Smart Coupons for WooCommerce', 'Thank You', 'Twitter Ads', 'UTF-8', 'Ubuntu', 'WPBakery', 'Woo Themes', 'WordPress', 'WordPress Multisite', 'YouTube', 'jQuery', 'reCAPTCHA']"
theenterprisecenter.com,Homepage | The Enterprise Center,,USA,70,30139,2026-05-23T02:29:19.967894835Z,"['501c3 Status Nonprofit', 'Content Delivery Network', 'DAV', 'Drupal', 'Fastly', 'Financial Services Guide', 'Font Awesome', 'GZIP Module', 'Google', 'Google Analytics', 'Google Cloud DNS', 'Google Font API', 'Google Tag Manager', 'InitiativeS', 'Instagram Follow Button', 'K2F', 'MyFonts', 'Nginx', 'Tailwind CSS', 'Twitter Ads', 'UTF-8', 'shadcn ui']"
inkindbuffalo.com,"Inkind Marketing & Design | Jeff Pappalardo | Buffalo, NY",,USA,77,15200,2026-05-23T01:54:59.570983478Z,"['AWS WAF Challenge', 'Apache', 'Bulma', 'CDN JS', 'Cloudflare', 'Cloudflare CDN', 'GZIP Module', 'MyFonts', 'University or College', 'jsDelivr']"
thegrowingbed.com,The Growing Bed,,USA,55,473,2026-05-23T00:23:19.968657754Z,"['Adobe Dreamweaver', 'Adobe Edge Web Fonts', 'Google Cloud DNS', 'Google Font API', 'MyFonts', 'Nginx', 'Parallels Plesk Panel']"
aquariuslife.org.uk,Home - Aquarius Life,,,62,3984,2026-05-22T23:35:19.989526277Z,"['Ajax Search Lite', 'Alternate Protocol', 'CDN JS', 'Cloudflare', 'Cloudflare CDN', 'Column Shortcodes', 'Contact Form Plugin', 'Content Delivery Network', 'EmbedPress', 'Gambling Content', 'Google', 'Google Cloud DNS', 'Google Font API', 'Instagram Follow Button', 'Kriesi.at', 'Microdata for Google Shopping', 'MyFonts', 'Nginx', 'Twitter Ads', 'UTF-8', 'WP Engine', 'WordPress', 'WordPress Multisite', 'YouTube', 'eLand', 'jQuery', 'qTranslate']"
jonnaandzach.com,Jonna & Zach,,USA,67,980,2026-05-22T23:32:19.980420646Z,"['Adobe Creative Cloud WebFonts', 'Content Delivery Network', 'ElementUI', 'Line2', 'MyFonts', 'Netlify', 'QUIC', 'Tailwind CSS', 'UTF-8', 'eLand']"
thecurrentliving.com,The Current | New Apartments Long Beach | Downtown Long Beach Apartments,The Current Living,USA,82,9357,2026-05-22T22:47:19.993646781Z,"['Adobe Creative Cloud WebFonts', 'Alternate Protocol', 'CDN JS', 'CheryFramework', 'Cloudflare', 'Cloudflare CDN', 'Content Delivery Network', 'Cornerstone', 'Easy Fancybox', 'EmbedPress', 'Fastly', 'Financial Services Guide', 'Google Analytics', 'Google Cloud DNS', 'Google Font API', 'Google Maps', 'Google My Business', 'Google Tag Manager', 'Gravity', 'Gravity Forms', 'Harbor', 'IcoMoon', 'Instagram Follow Button', 'Microdata for Google Shopping', 'MyFonts', 'Nginx', 'PHP', 'Popup Builder', 'SightMap', 'Slider Revolution', 'Tailwind CSS', 'Thank You', 'Theme In WP', 'Twitter Ads', 'UTF-8', 'WP Engine', 'Woo Themes', 'WordPress', 'WordPress Multisite', 'jQuery', 'jQuery Pin It Button for Images', 'reCAPTCHA', 'shadcn ui']"
limegreengroup.com,LimeGreen Accountancy | A Fresh Approach for the Creative Industries,Sine Digital Limited,GBR,82,1236,2026-05-22T22:08:10.003463536Z,"['Adobe Creative Cloud WebFonts', 'Alternate Protocol', 'Bulma', 'Contact Form Plugin', 'DuracellTomi Google Tag Manager for WordPress', 'EmbedPress', 'GZIP Module', 'Google Analytics', 'Google Cloud DNS', 'Google Font API', 'Google Tag Manager', 'IcoMoon', 'LiteSpeed', 'Microdata for Google Shopping', 'MyFonts', 'PHP', 'QUIC', 'Slider Revolution', 'Theme In WP', 'UTF-8', 'Uncode', 'WPBakery', 'WordPress']"
capitalpayrollpartners.com,"Capital Payroll Partners | Payroll, HR, & More for Virginia",,USA,77,38439,2026-05-22T22:02:20.015071046Z,"['Alternate Protocol', 'Content Delivery Network', 'EmbedPress', 'Facebook Conversion Tracking', 'Facebook Login', 'Facebook Messenger Platform', 'Facebook Pixel', 'Facebook Reseller', 'Facebook Tag API', 'Fireblade', 'Google Analytics', 'Google My Business', 'Google Related Website Sites', 'Google Tag Manager', 'Gravity Forms', 'IcoMoon', 'M247', 'Microdata for Google Shopping', 'MyFonts', 'Nginx', 'PHP', 'Perfmatters', 'Sitelinks Search Box', 'Tailwind CSS', 'Theme In WP', 'TrustIndex', 'Twitter Ads', 'UTF-8', 'WP Engine', 'WordPress', 'WordPress Multisite', 'YouTube', 'jQuery']"
vspventures.com,VSP Ventures,,,57,13220,2026-05-22T16:20:20.033699938Z,"['AddEvent', 'Adobe Creative Cloud WebFonts', 'Amazon', 'CDN JS', 'Cloudflare', 'Cloudflare CDN', 'Disqus Comment System for WordPress', 'Eyefinity', 'Fireblade', 'Font Awesome', 'Formstack', 'Foundation', 'GZIP Module', 'Google Analytics', 'Google Cloud DNS', 'Google Font API', 'Google Tag Manager', 'Interchange', 'MyFonts', 'QUIC', 'UTF-8', 'jQuery', 'jsDelivr']"
vsplrm.com,Lab Reference Manual,,,52,10329,2026-05-22T16:20:20.0241624Z,"['Adobe Creative Cloud WebFonts', 'Amazon', 'CDN JS', 'Cloudflare', 'Cloudflare CDN', 'Fireblade', 'Font Awesome', 'Formstack', 'Foundation', 'GZIP Module', 'Google Analytics', 'Google Tag Manager', 'Interchange', 'MyFonts', 'QUIC', 'RM Education', 'UTF-8', 'jQuery', 'jsDelivr']"
vspcare.com,Out of Network Claim Adjustment Inquiry Request,,,52,13217,2026-05-22T16:20:20.024247038Z,"['Adobe Creative Cloud WebFonts', 'Amazon', 'CDN JS', 'Cloudflare', 'Cloudflare CDN', 'Eyefinity', 'Financial Services Guide', 'Fireblade', 'Font Awesome', 'Formstack', 'GZIP Module', 'Google Analytics', 'Google Tag Manager', 'Interchange', 'MyFonts', 'UTF-8', 'jQuery', 'jsDelivr']"
acrobatesbuilder.fr,Acrobates Builder | Home,,FRA,62,200,2026-05-22T15:50:20.015715777Z,"['Apache', 'DAV', 'Express', 'GZIP Module', 'MyFonts', 'PWA', 'UTF-8']"
svgcuts.com,"SVGCuts - SVG files for your cutting machine (Cricut, Silhouette, Brother, SCAL, Siser and more)",,BRA,77,75200,2026-05-22T14:23:19.975996396Z,"['Cart.com', 'ElementUI', 'Google Analytics', 'Google My Business', 'LiteCart', 'LiteSpeed', 'MyFonts', 'QUIC', 'TrustLogo', 'Twitter Ads', 'UTF-8', 'WordPress', 'YouTube', 'Zen Cart', 'jQuery']"
sankofaresearchinstitute.org,Sankofa Research Institute | Creating Knowledge Building Community,,USA,72,949,2026-05-22T13:53:19.986697079Z,"['AJAX Libraries API', 'Alternate Protocol', 'Apache', 'EmbedPress', 'GZIP Module', 'Google Cloud DNS', 'Google Font API', 'Microdata for Google Shopping', 'MyFonts', 'PHP', 'Recent Posts Widget With Thumbnails', 'Twitter Ads', 'UTF-8', 'Webtype', 'WordPress', 'WordPress Multisite', 'jQuery']"
savannahvoicefestival.org,Home - Savannah VOICE Festival,,USA,75,4371,2026-05-22T12:59:19.996687805Z,"['Alternate Protocol', 'Contact Form Plugin', 'DAV', 'EmbedPress', 'Fastly', 'Formidable Pro Form', 'GZIP Module', 'Google Cloud DNS', 'Google Font API', 'Gravity Forms', 'IcoMoon', 'Instagram Follow Button', 'Jetpack', 'Lazy Load for WordPress', 'Line2', 'Microdata for Google Shopping', 'MyFonts', 'Nectar Slide Plugin', 'Nginx', 'PHP', 'Popup Maker for Wordpress', 'QUIC', 'Salient', 'The Events Calendar', 'Theme In WP', 'UTF-8', 'WPBakery', 'Woo Themes', 'WooCommerce Checkout', 'WordPress', 'WordPress Multisite', 'WordPress Related Posts', 'WordPress Stats', 'YouTube', 'jQuery']"
teachergraph.com,TeacherGraph: School Communication Made Simple,,,62,6480,2026-05-22T12:47:20.001981448Z,"['Apache', 'Facebook Login', 'Facebook Messenger Platform', 'Facebook Reseller', 'GZIP Module', 'Google Analytics', 'Google Cloud DNS', 'Google Font API', 'MaxCDN', 'Mixpanel', 'MyFonts', 'Subversion', 'Twitter Ads', 'UTF-8', 'Vimeo']"
97sumach.com,97 Sumach St | Oxley Real Estate,,CAN,70,25682,2026-05-22T12:02:19.976658847Z,"['Alternate Protocol', 'Amazon WAF Blocked', 'Anti-spam for WordPress', 'Artifakt Digita', 'CleanTalk Spam Protect', 'Cloudflare', 'Cloudflare CDN', 'Content Delivery Network', 'EmbedPress', 'Fancybox for WordPress', 'Fireblade', 'Font Awesome', 'Google Analytics', 'Google Cloud DNS', 'Google Customer Reviews', 'Google Maps', 'Google My Business', 'Google Tag Manager', 'Gravity', 'Gravity Forms', 'Instagram Feed for WordPress', 'Instagram Follow Button', 'Microdata for Google Shopping', 'MyFonts', 'PHP', 'Parcel', 'QUIC', 'Tailwind CSS', 'Theme In WP', 'UTF-8', 'WP Google Maps', 'WordPress', 'WordPress Multisite', 'YouTube', 'jQuery', 'jsDelivr']"
smit.com,Boskalis | Creating new horizons,,SGP,82,24313,2026-05-22T11:16:59.97636995Z,"['AWS WAF Challenge', 'Cybot', 'GZIP Module', 'GetResponse', 'Google', 'Google Cloud CDN', 'Google Cloud DNS', 'Google Font API', 'Google My Business', 'Matomo', 'Matomo Tag Manager', 'MyFonts', 'QUIC', 'Twitter Ads', 'UTF-8', 'Userback', 'Vimeo', 'YouTube', 'reCAPTCHA']"
ampersand.press,Ampersand – An Irish Pages Supplement,,GBR,70,817,2026-05-22T10:56:38.390203076Z,"['Alternate Protocol', 'Coming Soon Page', 'Contact Form Plugin', 'EmbedPress', 'GZIP Module', 'Google Cloud DNS', 'Google Font API', 'IcoMoon', 'LiteSpeed', 'MyFonts', 'PHP', 'Perl', 'QUIC', 'Theme In WP', 'To Top', 'Twitter Ads', 'UTF-8', 'WPBakery', 'WordPress', 'WordPress Multisite', 'YouTube', 'jQuery']"
jgweissresearch.net,JG WEISS RESEARCH & RETRIEVAL INC,,,62,3036,2026-05-22T08:17:20.005184377Z,"['FreeCSSTemplates', 'GZIP Module', 'Google', 'Google Cloud DNS', 'Google Font API', 'Microdata for Google Shopping', 'MyFonts', 'Nginx', 'PHP', 'Research.net', 'Tailwind CSS', 'UTF-8']"
savvy-events.com,Home | Savvy Creative Agency,,USA,77,54849,2026-05-22T07:53:20.000170106Z,"['Alternate Protocol', 'CDN JS', 'Cloudflare', 'Cloudflare CDN', 'Content Delivery Network', 'EmbedPress', 'Google', 'Google Analytics', 'Google Cloud DNS', 'Google Font API', 'Google Related Website Sites', 'Google Tag Manager', 'Instagram Follow Button', 'MyFonts', 'Nginx', 'PHP', 'QUIC', 'SMC', 'Sitelinks Search Box', 'Theme In WP', 'UTF-8', 'Ultimate Posts Widget', 'Vimeo', 'WP Engine', 'WordPress', 'WordPress Multisite', 'jQuery']"
senecadesign.com,"InDesign, InCopy, ePub & Tablet Publishing :: Seneca Design & Training :: Anne-Marie Concepción",,CHL,72,200,2026-05-22T05:40:55.51752985Z,"['Apache', 'Concrete CMS', 'Google Analytics', 'Google My Business', 'MyFonts', 'PHP', 'Subversion', 'Tailwind CSS', 'Twitter Ads', 'UTF-8', 'jQuery']"
rentledusa.com,Jade Current,,GBR,72,79829,2026-05-22T04:56:19.972193402Z,"['AWS WAF Challenge', 'Akismet', 'Alternate Protocol', 'Automattic', 'BatCache', 'Contact Form Plugin', 'Content Delivery Network', 'Digital Ocean Spaces', 'Elementor', 'EmbedPress', 'Fastly', 'Fireblade', 'Font Awesome', 'Google', 'Google Analytics', 'Google Cloud CDN', 'Google Cloud DNS', 'Google Font API', 'Google Maps', 'Google Tag Manager', 'Gutenberg', 'Harbor', 'IcoMoon', 'Jetpack', 'Jetpack Site Accelerator', 'MyFonts', 'NFOrce Internet', 'Nginx', 'ON24', 'Oddle', 'Ohio Theme', 'PHP', 'Perl', 'Slider Revolution', 'Subversion', 'Theme In WP', 'UTF-8', 'University or College', 'WPBakery', 'Woo Themes', 'WooCommerce', 'WooCommerce Checkout', 'WordPress', 'WordPress Multisite', 'WordPress Stats', 'YouTube', 'jQuery']"
sunlightoils.ca,"Lubricant and Fluid Specialists | Serving Ottawa, Gatineau, the Valley and Eastern Ontario - Sunlight Oil",,JPN,75,7730,2026-05-22T03:56:20.013058263Z,"['Amazon', 'Amazon CloudFront', 'Amazon Route 53', 'Apache', 'Better Lead Generation Services', 'CloudFront', 'DoubleClick Bid Manager', 'Ethy', 'GZIP Module', 'Google', 'Google Analytics', 'Google Cloud DNS', 'Google Font API', 'Google Maps', 'Google My Business', 'Google Reseller', 'Google Tag Manager', 'Microdata for Google Shopping', 'MyFonts', 'Ntent', 'QUIC', 'Square', 'Stripe', 'Tailwind CSS', 'Twitter Ads', 'UTF-8', 'Vimeo', 'YouTube', 'jQuery', 'reCAPTCHA']"
resultstherapy.ca,Results Therapy Hypnotherapy to vivify-me,,,67,6722,2026-05-22T03:56:20.012763709Z,"['Amazon', 'Amazon CloudFront', 'Amazon Route 53', 'Apache', 'Calendly', 'CloudFront', 'DoubleClick Bid Manager', 'GZIP Module', 'Google', 'Google Analytics', 'Google Cloud DNS', 'Google Font API', 'Google Maps', 'Google My Business', 'Google Reseller', 'Google Tag Manager', 'Instagram Follow Button', 'Microdata for Google Shopping', 'MyFonts', 'Ntent', 'QUIC', 'Square', 'Stripe', 'Twitter Ads', 'UTF-8', 'Vimeo', 'YouTube', 'jQuery', 'reCAPTCHA']"
ottawawebdesign.ca,Ottawa Web Design & Database Experts | Ignite Web Solutions,Ignite Web Solutions,CAN,82,6530,2026-05-22T03:56:20.012851121Z,"['Amazon', 'Amazon CloudFront', 'Amazon Route 53', 'Apache', 'CloudFront', 'DoubleClick Bid Manager', 'GZIP Module', 'Google', 'Google Analytics', 'Google Cloud DNS', 'Google Font API', 'Google Maps', 'Google My Business', 'Google Reseller', 'Google Tag Manager', 'Microdata for Google Shopping', 'MyFonts', 'Ntent', 'QUIC', 'Square', 'Stripe', 'Tailwind CSS', 'Twitter Ads', 'UTF-8', 'Vimeo', 'YouTube', 'jQuery', 'reCAPTCHA']"
konadeep.com,Kona Deep,Kona Deep,,60,560,2026-05-22T01:14:04.12799652Z,"['Amazon', 'Amazon Widgets', 'Apture Linking Platform', 'Cloudflare', 'Cloudflare CDN', 'Font Awesome', 'Google Cloud DNS', 'Google Font API', 'Instagram Follow Button', 'Microdata for Google Shopping', 'MyFonts', 'Shopify', 'Shopify Collabs', 'Twitter Ads', 'UTF-8', 'University or College', 'Vimeo', 'hCaptcha', 'reCAPTCHA']"
softball.ca,Softball Canada,,CAN,55,335,2026-05-22T00:32:56.721657702Z,"['Amazon', 'Amazon CloudFront', 'Amazon Route 53', 'CloudFront', 'DoubleClick Bid Manager', 'Facebook Embedded Posts', 'GZIP Module', 'Google', 'Google Analytics', 'Google Cloud DNS', 'Google Font API', 'Google Maps', 'Google My Business', 'Google Reseller', 'Google Tag Manager', 'IcoMoon', 'Instagram Follow Button', 'MyFonts', 'Nginx', 'Ntent', 'Square', 'Stripe', 'Tailwind CSS', 'Twitter Ads', 'UTF-8', 'Ubuntu', 'Universe', 'Vimeo', 'Woo Themes', 'YouTube', 'jQuery', 'reCAPTCHA']"
railwaysuppliers.ca,Canadian Association of Railway Suppliers,,USA,70,7250,2026-05-22T00:32:56.705496254Z,"['Amazon', 'Amazon CloudFront', 'Amazon Route 53', 'CloudFront', 'DoubleClick Bid Manager', 'GZIP Module', 'Google', 'Google Analytics', 'Google Cloud DNS', 'Google Font API', 'Google Maps', 'Google My Business', 'Google Related Website Sites', 'Google Reseller', 'Google Tag Manager', 'MyFonts', 'Nginx', 'Ntent', 'QUIC', 'Square', 'Stripe', 'Tailwind CSS', 'The Trade Desk Direct', 'Twitter Ads', 'UTF-8', 'Ubuntu', 'Vimeo', 'YouTube', 'jQuery', 'reCAPTCHA']"
comp-ocpm.ca,Canadian Organization of Medical Physicists,,CAN,75,6530,2026-05-22T00:22:04.621350496Z,"['Amazon', 'Amazon CloudFront', 'Amazon Route 53', 'CloudFront', 'DoubleClick Bid Manager', 'GZIP Module', 'Google', 'Google Analytics', 'Google Cloud DNS', 'Google Font API', 'Google Maps', 'Google My Business', 'Google Reseller', 'Google Tag Manager', 'InitiativeS', 'Microdata for Google Shopping', 'MyFonts', 'Nginx', 'Ntent', 'QUIC', 'Square', 'Stripe', 'Twitter Ads', 'UTF-8', 'Ubuntu', 'University or College', 'Vimeo', 'YouTube', 'jQuery', 'reCAPTCHA']"
thesmartytrain.com,Home - The Smarty Train,The Smarty Train,GBR,82,38767,2026-05-21T23:08:19.994981799Z,"['AWS WAF Challenge', 'Alternate Protocol', 'Content Delivery Network', 'DAV', 'EmbedPress', 'Font Awesome', 'Google', 'Google Cloud DNS', 'Google Font API', 'HubSpot Conversations', 'HubSpot WordPress Plugin', 'Hubspot', 'InitiativeS', 'Instagram Follow Button', 'Microdata for Google Shopping', 'MyFonts', 'Nginx', 'PHP', 'Theme In WP', 'Twitter Ads', 'UTF-8', 'University or College', 'WP Engine', 'WordPress', 'WordPress Multisite', 'jQuery', 'myStickymenu']"
cerpos.de,Unabhängige ERP-Beratung & ERP-Auswahl für den Mittelstand | CERPOS,CERPOS GmbH,DEU,77,200,2026-05-21T22:20:19.991106238Z,"['Apache', 'Blue Box Group', 'Express', 'FreePrivacyPolicy.com', 'GZIP Module', 'Google Analytics', 'Google Tag Manager', 'Microdata for Google Shopping', 'MyFonts', 'UTF-8']"
onepaseo.com,One Paseo,One Paseo,USA,72,3792,2026-05-21T21:35:19.974256677Z,"['AddEvent', 'Akismet', 'Alternate Protocol', 'CDN JS', 'Cloudflare', 'Cloudflare CDN', 'Content Delivery Network', 'EmbedPress', 'FreeCSSTemplates', 'Google Analytics', 'Google Related Website Sites', 'Google Tag Manager', 'Gravity', 'Gravity Forms', 'Instagram Follow Button', 'Microdata for Google Shopping', 'MyFonts', 'Nginx', 'One Designs', 'PHP', 'Popup Builder', 'Schema Plugin', 'TablePress', 'Thank You', 'Theme In WP', 'Twitter Ads', 'UTF-8', 'UnderStrap', 'Vimeo', 'WP Engine', 'WP Google Maps', 'WordPress', 'WordPress Multisite', 'jQuery', 'jsDelivr']"
thecreativepack.com,Brand Results You will Love - The Creative Pack,The Creative Pack,USA,82,7771,2026-05-21T21:23:19.977513116Z,"['AJAX Libraries API', 'Adobe Creative Cloud WebFonts', 'Alternate Protocol', 'Cisco/Arrowpoint Content Service Switch', 'Content Delivery Network', 'ConvertKit for Wordpress', 'EmbedPress', 'Google Analytics', 'Google Cloud DNS', 'Google Tag Manager', 'IcoMoon', 'Instagram Follow Button', 'Jetpack', 'Microdata for Google Shopping', 'MyFonts', 'Nginx', 'PHP', 'Pagekit', 'Subversion', 'Theme In WP', 'Twitter Ads', 'UTF-8', 'WP Engine', 'WordPress', 'WordPress Multisite', 'jQuery', 'jsDelivr']"
editorsguild.com,Editors Guild - IATSE Local 700 > Local 700 - Home Page,,USA,72,11875,2026-05-21T21:17:53.501669553Z,"['Amazon WAF Blocked', 'AutoComplete', 'Coming Soon Page', 'DAV', 'DNN Software', 'DoubleClick Bid Manager', 'Financial Services Guide', 'FreeCSSTemplates', 'GZIP Module', 'Google Analytics', 'Google Tag Manager', 'IcoMoon', 'Instagram Follow Button', 'Microsoft Azure', 'MyFonts', 'Perl', 'Plausible Analytics', 'UTF-8', 'Visual Studio', 'jQuery']"
hollacreative.co.uk,Holla Creative - Getting Brands Heard,,GBR,82,2350,2026-05-21T21:17:19.991671852Z,"['Akismet', 'Alternate Protocol', 'Apache', 'Contact Form Plugin', 'EmbedPress', 'Facebook Conversion Tracking', 'Facebook Login', 'Facebook Messenger Platform', 'Facebook Pixel', 'Facebook Reseller', 'Facebook Tag API', 'GZIP Module', 'Google Analytics', 'Google Cloud DNS', 'Google Font API', 'Google Maps', 'Google My Business', 'Google Related Website Sites', 'Google Tag Manager', 'Instagram Follow Button', 'LinkedIn Insights', 'LinkedIn Pixel', 'Microdata for Google Shopping', 'MyFonts', 'PHP', 'Perl', 'Theme In WP', 'Twitter Ads', 'UTF-8', 'WP Super Cache', 'WPBakery', 'WordPress', 'WordPress Multisite', 'jQuery', 'reCAPTCHA']"
leopaulvo.com,Leo Paul Voice Over,,,57,10252,2026-05-21T19:29:19.974285294Z,"['Alternate Protocol', 'Apache', 'Beaver Builder Lite', 'Contento', 'EmbedPress', 'Fontfabric', 'GZIP Module', 'Google', 'Google Analytics', 'Google Cloud DNS', 'Google Font API', 'Google My Business', 'Google Tag Manager', 'Microdata for Google Shopping', 'MyFonts', 'PHP', 'Pico CSS', 'Theme In WP', 'Twitter Ads', 'UTF-8', 'WP Fastest Cache', 'WordPress', 'WordPress Multisite', 'reCAPTCHA']"
lochlonach.com,Loch Lonach Mysteries Home Page,,GBR,72,135339,2026-05-21T18:32:19.97658814Z,"['Adult Content', 'Alternate Protocol', 'Amazon WAF Blocked', 'Apture Linking Platform', 'Content Delivery Network', 'DAV', 'Express', 'Fastly', 'Fastly CDN', 'GZIP Module', 'Google Related Website Sites', 'Instagram Follow Button', 'K2F', 'KVH', 'Microdata for Google Shopping', 'MyFonts', 'NFOrce Internet', 'POWr', 'PWA', 'Perl', 'QUIC', 'SMC', 'Sentry', 'SiteW', 'Subversion', 'Thank You', 'Tidio', 'TruConversion', 'Twitter Ads', 'UTF-8', 'Vector Internet Services', 'WP Booking Calendar', 'Wix', 'Wix Media', 'YouTube', 'mlcom']"
switchmodern.com,"Modern Furniture, Lighting, Kitchens and Closets in Atlanta",,USA,72,13097,2026-05-21T17:14:30.624817464Z,"['Amazon', 'Amazon CloudFront', 'Amazon Route 53', 'Amazon S3 CDN', 'Apache', 'AutoComplete', 'Bing Cashback', 'Bing Conversion Tracking', 'CloudFront', 'DoubleClick Bid Manager', 'Facebook Reseller', 'Financial Services Guide', 'Font Awesome', 'GZIP Module', 'Gandi', 'Google', 'Google Analytics', 'Google Cloud DNS', 'Google Font API', 'Google My Business', 'Google Related Website Sites', 'Google Tag Manager', 'Klaviyo', 'LiveChat', 'LiveChat Monitoring', 'Microsoft Clarity', 'Modern', 'MyFonts', 'PayPal Adaptive Payments', 'Pinterest Conversion Tracking', 'QUIC', 'SmartyStreets', 'Storyblocks', 'TrustLogo', 'Twitter Ads', 'UTF-8', 'YouTube', 'reCAPTCHA']"
csmetal.com.tr,CS Metal Home,,TUR,57,350,2026-05-21T15:49:54.099999733Z,"['Google Analytics', 'IcoMoon', 'LiteSpeed', 'Microdata for Google Shopping', 'MyFonts', 'Parallels Plesk Panel', 'QUIC', 'Schema Plugin', 'UTF-8', 'qTranslate']"
mariefrancisdesign.com,Marie Francis,Marie Francis Design,,52,654,2026-05-21T15:38:20.006609858Z,"['Adobe Creative Cloud WebFonts', 'Alternate Protocol', 'Aruba', 'Express', 'GZIP Module', 'Google', 'Google Analytics', 'Google Cloud DNS', 'Google Font API', 'Google Tag Manager', 'Instagram Follow Button', 'Line2', 'Microdata for Google Shopping', 'MyFonts', 'QUIC', 'Squarespace', 'UTF-8', 'WordPress SEO Structured Data Schema Plugin', 'eLand']"
bigfatbellygood.com,"Big Fat Belly Good Cajun Seasoning - Low Sodium, Certified Cajun Spice",,,62,4803,2026-05-21T13:18:33.748982159Z,"['Apture Linking Platform', 'Cloudflare', 'Cloudflare CDN', 'Express', 'Google Analytics', 'Google Cloud DNS', 'Google Font API', 'Google Related Website Sites', 'Google Tag Manager', 'IcoMoon', 'MyFonts', 'Shopify', 'Shopify Collabs', 'Slider Revolution', 'UTF-8', 'hCaptcha', 'reCAPTCHA']"
tolopiedrasranch.com,Tolo Piedras Ranch,,,30,53,2026-05-21T12:11:19.97049126Z,"['Craft', 'Google Cloud DNS', 'Google Font API', 'Google Maps', 'Google My Business', 'LiteSpeed', 'MyFonts', 'QUIC', 'Tailwind CSS', 'UTF-8']"
zahnarztbreitenrain.ch,Zahnarztpraxis | Zahnarztpraxis Breitenrain,,,37,15050,2026-05-21T12:02:19.980683406Z,"['Gatsby JS', 'GitHub Hosting', 'MyFonts', 'Nginx', 'SMC', 'Styled Components']"
marketagent.info,Marketagent.com - online research,,SVN,72,18239,2026-05-21T11:26:20.005432811Z,"['CDN JS', 'Cloudflare', 'Cloudflare CDN', 'ElementUI', 'Fireblade', 'Font Awesome', 'GZIP Module', 'Google Analytics', 'Google My Business', 'Google Tag Manager', 'Instagram Follow Button', 'Microsoft Azure', 'Microsoft IIS', 'MyFonts', 'UTF-8', 'Visual Studio', 'YouTube', 'eLand']"
jc-innovations.com,J.C. Innovations | Engineers to Support Your Medical Product Goals,,,55,372,2026-05-21T10:53:19.979198978Z,"['AJAX Libraries API', 'AWS WAF Challenge', 'Alternate Protocol', 'Apache', 'Cloudflare', 'Cloudflare CDN', 'EmbedPress', 'GZIP Module', 'Google', 'Google Analytics', 'Google Cloud DNS', 'Google Maps', 'Google My Business', 'Google Related Website Sites', 'Google Tag Manager', 'Gravity', 'Gravity Forms', 'Jetpack', 'Microdata for Google Shopping', 'MyFonts', 'PHP', 'Theme In WP', 'UTF-8', 'Woo Themes', 'WordPress', 'WordPress Multisite', 'jQuery']"
austinrecords.com,The Austin Record Convention - Austin Record Show,,USA,77,2520,2026-05-21T10:43:28.438147769Z,"['Adobe Creative Cloud WebFonts', 'Apache', 'ByteDance', 'Facebook Conversion Tracking', 'Facebook Login', 'Facebook Messenger Platform', 'Facebook Pixel', 'Facebook Reseller', 'Facebook Tag API', 'GZIP Module', 'Google Cloud DNS', 'Google Maps', 'Google My Business', 'Google Related Website Sites', 'Instagram Follow Button', 'Microdata for Google Shopping', 'MyFonts', 'Reddit Conversion Tracking', 'TicketLeap', 'TikTok Conversion Tracking Pixel', 'UTF-8', 'jQuery', 'reCAPTCHA']"
sould.se,Sould - Balance between...,,,57,2478,2026-05-21T10:08:45.115027082Z,"['Content Delivery Network', 'Cookie Information', 'DatoCMS', 'Gatsby JS', 'Google Analytics', 'Google Tag Manager', 'Instagram Follow Button', 'MyFonts', 'Netlify', 'RM Education', 'Styled Components', 'Typeform', 'UTF-8']"
moosecreekrvresort.com,Campground Moosehead Lake - Moose Creek RV Resort,Moose Creek RV Resort,,72,3896,2026-05-21T10:00:30.126470113Z,"['Alternate Protocol', 'Contact Form Plugin', 'Content Delivery Network', 'EmbedPress', 'Flatsome', 'Google Analytics', 'Google My Business', 'Google Related Website Sites', 'Google Tag Manager', 'IcoMoon', 'Microdata for Google Shopping', 'MyFonts', 'Nginx', 'PHP', 'Tailwind CSS', 'Theme In WP', 'UTF-8', 'WP Engine', 'WordPress', 'WordPress Multisite', 'jQuery', 'reCAPTCHA']"
journeycreativestudio.ca,Home - Journey Creative Studio,,,55,228,2026-05-21T04:50:19.996762917Z,"['Alternate Protocol', 'Divi', 'Elegant Themes', 'EmbedPress', 'Facebook CDN', 'Financial Services Guide', 'GZIP Module', 'Instagram Follow Button', 'Jetpack', 'Microdata for Google Shopping', 'MyFonts', 'Nginx', 'PHP', 'Squid', 'Theme In WP', 'UTF-8', 'Woo Themes', 'WordPress', 'WordPress Multisite', 'WordPress Stats', 'jQuery']"
perreradogs.uk,perreradogs,,,55,98,2026-05-21T04:15:29.401532618Z,"['Alternate Protocol', 'Apache', 'Cookie Accept', 'Cookie Notice', 'EmbedPress', 'GZIP Module', 'Instagram Follow Button', 'Jetpack', 'Linktree', 'Meta Slider for WordPress', 'MyFonts', 'Twitter Ads', 'UTF-8', 'WordPress', 'WordPress Multisite', 'WordPress Stats']"
mtbundy.com.au,"Mt Bundy Station – Accommodation, Weddings and Events",,AUS,65,249,2026-05-21T03:35:54.805842189Z,"['Alternate Protocol', 'Bunny Fonts', 'EmbedPress', 'Instagram Follow Button', 'LiteSpeed', 'MyFonts', 'PHP', 'QUIC', 'Theme In WP', 'Twenty Twenty', 'UTF-8', 'WordPress', 'WordPress Multisite', 'jQuery']"
junosleep.com.au,Juno Sleep | Mattress for Athletes & Every Active Body,,,67,22188,2026-05-21T02:45:03.995960617Z,"['AJAX Libraries API', 'Afterpay', 'Apture Linking Platform', 'CDN JS', 'Cloudflare', 'Cloudflare CDN', 'Express', 'Facebook Login', 'Facebook Messenger Platform', 'Facebook Reseller', 'Fireblade', 'Google Analytics', 'Google Cloud DNS', 'Google Font API', 'Google Related Website Sites', 'Google Tag Manager', 'IcoMoon', 'Instagram Follow Button', 'Microsoft Ajax Content Delivery Network', 'MyFonts', 'Perl', 'QUIC', 'Shopify', 'Shopify Collabs', 'Subversion', 'Swell Rewards', 'Tailwind CSS', 'Tidio', 'Twitter Ads', 'UTF-8', 'Yotpo', 'hCaptcha', 'jQuery', 'reCAPTCHA']"
kidunk.com,"Sustainable, award winning, outdoor kids waterproof clothing – Kidunk",,,72,9924,2026-05-21T02:37:47.510626133Z,"['Amazon CloudFront', 'Apture Linking Platform', 'CloudFront', 'Cloudflare', 'Cloudflare CDN', 'Express', 'Financial Services Guide', 'Google', 'Google Cloud DNS', 'Google Maps', 'Google Related Website Sites', 'IcoMoon', 'Klaviyo', 'Microdata for Google Shopping', 'MyFonts', 'Schema Plugin', 'Shopify', 'Shopify Collabs', 'Thank You', 'UTF-8', 'YouTube', 'hCaptcha', 'jQuery', 'reCAPTCHA']"
yocu.ch,YOUNG CULTURE | Home,,CHE,52,53,2026-05-21T01:56:20.007958757Z,"['AJAX Libraries API', 'Alternate Protocol', 'Google Cloud DNS', 'Google Font API', 'Instagram Follow Button', 'MyFonts', 'Tailwind CSS', 'UTF-8', 'jQuery']"
petitspapiers.co,Petits Papiers Home,,,57,952,2026-05-21T01:53:19.990870151Z,"['AJAX Libraries API', 'AWS WAF Challenge', 'CDN JS', 'Cloudflare', 'Cloudflare CDN', 'Content Delivery Network', 'Fastly', 'Font Awesome', 'Google Analytics', 'Google Cloud DNS', 'Google Font API', 'Google Tag Manager', 'Instagram Follow Button', 'MyFonts', 'Nginx', 'PWA', 'QUIC', 'UTF-8', 'jQuery']"
sallinger-dental.de,Dentallabor Sallinger,,DEU,60,53,2026-05-21T01:44:43.558890225Z,"['Apache', 'Google Cloud DNS', 'Google Maps', 'MyFonts', 'Unix', 'jQuery']"
stratigraph-eccch.eu,Home | StratiGraph API,,,60,2992,2026-05-21T00:38:19.978673123Z,"['ActiveTickets', 'Cloudflare', 'Cloudflare CDN', 'DoubleClick Bid Manager', 'Express', 'Facebook Reseller', 'Font Awesome', 'GZIP Module', 'Google', 'Google Analytics', 'Google Cloud DNS', 'Google Font API', 'Google My Business', 'Google Tag Manager', 'IcoMoon', 'Instagram Follow Button', 'MyFonts', 'Ntent', 'Nuxt.js', 'Recruitee', 'Tailwind CSS', 'UK Cookie Consent', 'UTF-8', 'Vimeo CDN', 'YouTube', 'jsDelivr']"
lambardsharwich.co.uk,Home - Lambards Salthouse Harwich,Lambard's Salthouse Harwich,,65,200,2026-05-20T23:35:19.989732196Z,"['Adult Content', 'Alternate Protocol', 'GZIP Module', 'Google Analytics', 'Google Tag Manager', 'Instagram Follow Button', 'Microdata for Google Shopping', 'MyFonts', 'Nginx', 'PHP', 'Theme In WP', 'UTF-8', 'WordPress', 'WordPress Multisite']"
castelloaragoneseischia.com,Homepage - Castello Aragonese d'Ischia,,ITA,72,1400,2026-05-20T23:20:02.150318062Z,"['Azion', 'Content Delivery Network', 'Drupal', 'GZIP Module', 'Google Analytics', 'Google Tag Manager', 'Instagram Follow Button', 'MyFonts', 'Nginx', 'PHP', 'Tailwind CSS', 'UTF-8', 'WhatsApp Sharing']"
policefit.ca,Accredited PARE Testing | PARE and PREP Workshops | POPAT | FITCO | A-PREP,,USA,70,23030,2026-05-20T19:23:19.984921501Z,"['AWS WAF Challenge', 'Amazon', 'Amazon CloudFront', 'Amazon Route 53', 'CloudFront', 'DoubleClick Bid Manager', 'GZIP Module', 'Google', 'Google Analytics', 'Google Cloud DNS', 'Google Font API', 'Google Maps', 'Google My Business', 'Google Reseller', 'Google Tag Manager', 'Microdata for Google Shopping', 'MyFonts', 'NFOrce Internet', 'Nginx', 'Ntent', 'QUIC', 'Square', 'Stripe', 'Tailwind CSS', 'Twitter Ads', 'UTF-8', 'Ubuntu', 'Vimeo', 'YouTube', 'jQuery', 'reCAPTCHA']"
murdochskips.co.uk,Book a Skip Glasgow and Paisley - Skip Hire from Murdochs,,GBR,72,2739,2026-05-20T18:17:19.988992759Z,"['AJAX Libraries API', 'Font Awesome', 'Google', 'Google Analytics', 'Google Cloud DNS', 'Google Font API', 'Google My Business', 'Google Tag Manager', 'Instagram Follow Button', 'LiteSpeed', 'MyFonts', 'QUIC', 'Twitter Ads', 'jQuery']"
bortl.com,BORTL BEACH CONSTRUCTION SERVICES window + door sales + installation,,USA,67,427,2026-05-20T17:01:41.404309947Z,"['Alternate Protocol', 'Apache', 'CheryFramework', 'Cornerstone', 'EmbedPress', 'Essential Grid', 'Fontello', 'GZIP Module', 'Google Cloud DNS', 'Google Font API', 'MyFonts', 'PHP', 'Theme In WP', 'UTF-8', 'WordPress', 'WordPress Multisite', 'jQuery']"
themender.co.uk,MENDER,,GBR,65,767,2026-05-20T16:55:44.608595243Z,"['Angular', 'Apache', 'Bulma', 'CDN JS', 'Cloudflare', 'Cloudflare CDN', 'Font Awesome', 'GZIP Module', 'Google My Business', 'IcoMoon', 'MyFonts', 'UTF-8', 'W3.CSS', 'jQuery']"
ospreyfunds.io,Osprey Funds - The leader in specialty digital asset management| Osprey Funds,Osprey Funds,,72,12547,2026-05-20T12:59:19.988637242Z,"['Alternate Protocol', 'Amazon WAF Blocked', 'Apture Linking Platform', 'Bulma', 'DuracellTomi Google Tag Manager for WordPress', 'EmbedPress', 'Express', 'GZIP Module', 'Google', 'Google Analytics', 'Google Cloud DNS', 'Google Font API', 'Google My Business', 'Google Related Website Sites', 'Google Tag Manager', 'Gravity', 'Gravity Forms', 'IcoMoon', 'Investor Relations', 'LayerSlider Responsive', 'Microdata for Google Shopping', 'MyFonts', 'Nginx', 'PHP', 'Popup Maker for Wordpress', 'Prospective', 'Tailwind CSS', 'Theme In WP', 'Twitter Ads', 'UTF-8', 'Uncode', 'WP Rocket', 'WPBakery', 'WordPress', 'WordPress Multisite', 'reCAPTCHA']"
cf-galaxy.com,The Hitchhiker’s Guide to CF’- The Galaxy Edition,,,62,30392,2026-05-20T12:56:19.983674761Z,"['AWS WAF Challenge', 'Apache', 'Apture Linking Platform', 'Babelfish Translation', 'Express', 'Fireblade', 'Google Analytics', 'Google Analytics with Ad Tracking', 'InitiativeS', 'Line2', 'MyFonts', 'Subversion', 'UTF-8']"
susieroselle.com,Home - Susie Roselle Design,,USA,70,3911,2026-05-20T11:14:20.005236941Z,"['Alternate Protocol', 'BatCache', 'Content Delivery Network', 'EmbedPress', 'Fastly', 'Google Analytics', 'Google Cloud DNS', 'Google Font API', 'Google Tag Manager', 'Jetpack', 'Microdata for Google Shopping', 'MyFonts', 'Nginx', 'PHP', 'PWA', 'StudioPress', 'Theme In WP', 'UTF-8', 'WordPress', 'WordPress Multisite', 'WordPress Stats', 'jQuery']"
wind-economy.com,Wind & Economy: Home,,DEU,40,206,2026-05-20T09:52:20.881394062Z,"['Bulma', 'Content Delivery Network', 'IcoMoon', 'MyFonts', 'Nginx', 'TYPO3', 'UTF-8', 'jQuery']"
hawaiiaquaticsacademy.org,Home • Hawaii Aquatics Academy,,,60,1406,2026-05-20T07:59:05.455698589Z,"['Apache', 'DC74', 'EmbedPress', 'GZIP Module', 'Google Analytics', 'Google My Business', 'IcoMoon', 'Instagram Follow Button', 'Microdata for Google Shopping', 'Microsoft Clarity', 'MyFonts', 'PHP', 'Theme In WP', 'Twitter Ads', 'UTF-8', 'Woo Themes', 'WooCommerce', 'WooCommerce Checkout', 'WooCommerce Stripe Payment Gateway', 'WordPress', 'WordPress Multisite', 'jQuery Updater']"
rhenergytrans.com,RH energytrans | Risberg Line Project,,USA,65,1005,2026-05-20T07:29:19.985985654Z,"['Adobe Creative Cloud WebFonts', 'Alternate Protocol', 'Apache', 'Divi', 'Elegant Themes', 'EmbedPress', 'GZIP Module', 'Google Analytics', 'Google Cloud DNS', 'Google Font API', 'Google Tag Manager', 'MyFonts', 'PHP', 'QUIC', 'Theme In WP', 'UTF-8', 'W3 Total Cache', 'Woo Themes', 'WordPress', 'WordPress Multisite', 'jQuery']"
casarc.com,Home - Cas Architecture,,,60,11773,2026-05-20T04:35:19.985257478Z,"['AWS WAF Challenge', 'Alternate Protocol', 'Azure Edge', 'Beaver Builder Lite', 'Content Delivery Network', 'Contento', 'DAV', 'ElementUI', 'EmbedPress', 'Essential Grid', 'Fontello', 'Fonts.com', 'Google', 'Google Cloud DNS', 'Google Font API', 'Instagram Follow Button', 'LottieFiles', 'Max Mega Menu', 'Meta Slider for WordPress', 'Microdata for Google Shopping', 'MyFonts', 'Nginx', 'PHP', 'Rate my Post', 'Schema Plugin', 'Smart Slider 3', 'Theme In WP', 'Twitter Ads', 'UTF-8', 'University or College', 'WP Engine', 'WP Responsive Menu', 'WordPress', 'WordPress Multisite', 'YouTube', 'eLand', 'jQuery']"
fabrikatfont.com,Fabrikat Font - Infinite Specimen,,,47,53,2026-05-20T04:17:20.010150243Z,"['AJAX Libraries API', 'Google Cloud DNS', 'MyFonts', 'Nginx', 'UTF-8', 'jQuery']"
chinese-stoelmassage.nl,Home - Chinese stoelmassage,,NLD,50,50,2026-05-20T03:35:19.981257615Z,"['Express', 'Google Analytics', 'Google Tag Manager', 'LiteSpeed', 'MyFonts', 'PHP', 'Twitter Ads', 'UTF-8']"
blancfixe.be,"Blanc Fixe | Feestzaal | Life should not be lived, it should be celebrated",,NLD,77,2056,2026-05-20T03:20:19.968988045Z,"['Alternate Protocol', 'Bulma', 'Contact Form Plugin', 'EmbedPress', 'Font Awesome', 'GZIP Module', 'Google Cloud DNS', 'Google Font API', 'Google My Business', 'IcoMoon', 'Microdata for Google Shopping', 'MyFonts', 'Nginx', 'PHP', 'Theme In WP', 'UTF-8', 'WordPress', 'WordPress Multisite', 'reCAPTCHA']"
parker-allgaeuer.de,Parker + Allgaeuer | Home,,DEU,77,25539,2026-05-20T03:17:19.99726153Z,"['Apache', 'DAV', 'Ektron', 'ElementUI', 'Font Awesome', 'GitHub Hosting', 'MyFonts', 'Tailwind CSS', 'Vimeo', 'W3.CSS', 'jQuery']"
laurascandies.com,Laura's Candies - New Orleans' Oldest Candy Store,,USA,72,11677,2026-05-20T02:03:52.867450542Z,"['AJAX Libraries API', 'Amazon', 'Amazon CloudFront', 'Amazon Route 53', 'Amazon S3 CDN', 'Apache', 'AutoComplete', 'Bing Cashback', 'Bing Conversion Tracking', 'CloudFront', 'DoubleClick Bid Manager', 'Facebook Reseller', 'Font Awesome', 'GZIP Module', 'Google', 'Google Analytics', 'Google Cloud DNS', 'Google Font API', 'Google My Business', 'Google Tag Manager', 'Instagram Follow Button', 'Klaviyo', 'LiveChat', 'LiveChat Monitoring', 'Microsoft Clarity', 'MyFonts', 'PayPal Adaptive Payments', 'Pinterest Conversion Tracking', 'QUIC', 'SmartyStreets', 'Storyblocks', 'TrustLogo', 'Twitter Ads', 'UTF-8', 'YouTube', 'jQuery', 'uPress']"
cynthiachomos.com,Cynthia Chomos: Feng Shui Consultant for Harmonious Living,,,72,18345,2026-05-19T20:41:19.986388003Z,"['AWS WAF Challenge', 'Alternate Protocol', 'Content Delivery Network', 'Divi', 'Elegant Themes', 'EmbedPress', 'Express', 'Font Awesome', 'GZIP Module', 'Google', 'Google Analytics', 'Google Cloud CDN', 'Google Cloud DNS', 'Google Font API', 'Microdata for Google Shopping', 'MyFonts', 'PHP', 'Sucuri Cloudproxy', 'Theme In WP', 'UTF-8', 'Woo Themes', 'WordPress', 'WordPress Multisite', 'jQuery']"
feani.org,Home | ENGINEERS EUROPE,,BEL,65,240,2026-05-19T19:32:19.98877837Z,"['Content Delivery Network', 'Drupal', 'Google Analytics', 'Google Cloud DNS', 'Google Font API', 'Google Tag Manager', 'MyFonts', 'Nginx', 'UTF-8', 'University or College', 'YouTube', 'eLand', 'jQuery']"
tuckerstrategies.com,Home - Tucker Strategies,Tucker Strategies,PER,72,1147,2026-05-19T19:02:19.979556235Z,"['Alternate Protocol', 'Apache', 'Contact Form Plugin', 'EmbedPress', 'Font Awesome', 'Google Cloud DNS', 'Google Font API', 'Google Related Website Sites', 'MyFonts', 'PHP', 'QUIC', 'Recent Tweets Widget for WordPress', 'ShareThis', 'Sitelinks Search Box', 'Slider Revolution', 'Subversion', 'Theme In WP', 'Twitter Ads', 'UTF-8', 'WordPress', 'WordPress Multisite', 'jQuery']"
justcreative.eu,A freelance UX/UI designer,Just Creative,EST,72,2087,2026-05-19T17:50:20.010605367Z,"['Alternate Protocol', 'Apache', 'Contact Form Plugin', 'Elementor', 'EmbedPress', 'GZIP Module', 'Google Analytics', 'Google Cloud DNS', 'Google Maps', 'Google Tag Manager', 'Microdata for Google Shopping', 'MyFonts', 'NFOrce Internet', 'PHP', 'Theme In WP', 'UTF-8', 'WPFront Scroll Top', 'WPML Multilingual', 'WordPress', 'WordPress Multisite', 'eLand', 'jQuery']"
dotcontrol.agency,Full-Service Digital Agency in Rotterdam | DotControl,,NLD,57,869,2026-05-19T17:32:19.976042015Z,"['Apollo IO', 'Cloudflare', 'Cybot', 'DoubleClick Bid Manager', 'Facebook Reseller', 'GZIP Module', 'Google', 'Google Analytics', 'Google Cloud CDN', 'Google Cloud DNS', 'Google Font API', 'Google My Business', 'Google Tag Manager', 'Instagram Follow Button', 'Microsoft Azure', 'MyFonts', 'Twitter Ads', 'UTF-8', 'Vimeo', 'Vimeo CDN', 'reCAPTCHA', 'uMarketingSuite']"
getdash.io,dash™ Prepaid Mastercard® - Expense Management. No Hassles.,,,72,12539,2026-05-19T16:22:02.02588561Z,"['AddThis', 'AddThis for Wordpress', 'Alternate Protocol', 'Amazon', 'Amazon CloudFront', 'Amazon Route 53', 'Apple Auto Link Maker', 'Cisco/Arrowpoint Content Service Switch', 'CloudFront', 'Contact Form Plugin', 'Content Delivery Network', 'EmbedPress', 'Federal Deposit Insurance Corporation', 'Google Analytics', 'Google Cloud DNS', 'Google Font API', 'Google My Business', 'Google Play', 'Microdata for Google Shopping', 'Mixpanel', 'MyFonts', 'Nginx', 'PHP', 'Tailwind CSS', 'Theme In WP', 'Twitter Ads', 'UTF-8', 'WordPress', 'WordPress Multisite', 'jQuery', 'reCAPTCHA']"
jonlangeconsulting.com,A Welcome from Jon | Jon Lange Consulting,,,67,10998,2026-05-19T15:05:19.976633404Z,"['Alternate Protocol', 'Apache', 'Automattic', 'BLR', 'DAV', 'EmbedPress', 'Google Cloud DNS', 'Google Font API', 'Gravity', 'Jetpack', 'Microdata for Google Shopping', 'MyFonts', 'PHP', 'Perl', 'Shortcodes Ultimate', 'Strong Testimonials', 'Theme In WP', 'Tumblr', 'UTF-8', 'University or College', 'WordPress', 'WordPress Multisite', 'WordPress Stats', 'jQuery']"
koshousetherapy.com,Kos House Therapy,,NOR,55,50,2026-05-19T14:59:19.969487614Z,"['Apache', 'Apture Linking Platform', 'Debian', 'GZIP Module', 'Google Analytics', 'Google Tag Manager', 'MyFonts']"
fernstudioflowers.com,Fern Studio Flowers,Fern Studio Flowers,,67,6935,2026-05-19T13:23:20.016093892Z,"['AJAX Libraries API', 'Apture Linking Platform', 'Bold Commerce', 'CDN JS', 'Cloudflare', 'Cloudflare CDN', 'DAV', 'Express', 'Google Analytics', 'Google Cloud DNS', 'Google Font API', 'Google Maps', 'Google Related Website Sites', 'Google Tag Manager', 'Instagram Follow Button', 'MailChimp', 'Microdata for Google Shopping', 'MyFonts', 'QUIC', 'Shopify', 'Shopify Collabs', 'Tailwind CSS', 'UTF-8', 'hCaptcha', 'jQuery', 'jsDelivr', 'reCAPTCHA']"
gda-energy.ie,GDA Energy,,,55,33214,2026-05-19T12:52:27.006179845Z,"['Adobe Creative Cloud WebFonts', 'Aruba', 'Express', 'Fireblade', 'FormSubmit', 'GZIP Module', 'Google', 'Google Cloud DNS', 'Google Font API', 'Line2', 'Magento Enterprise', 'Microdata for Google Shopping', 'MyFonts', 'QUIC', 'SiteW', 'Squarespace', 'UTF-8', 'WordPress SEO Structured Data Schema Plugin', 'eLand']"
novusway.org,NovusWay Ministries I Christian Camps & Retreats In Southeast U.S.,NovusWay Ministries,ZAF,82,5048,2026-05-19T12:35:20.008203334Z,"['Adobe Creative Cloud WebFonts', 'Alternate Protocol', 'Apture Linking Platform', 'Constant Contact', 'Content Delivery Network', 'EmbedPress', 'Fastly', 'Font Awesome', 'GTranslate', 'GZIP Module', 'Google My Business', 'Microdata for Google Shopping', 'MyFonts', 'Nginx', 'PHP', 'QUIC', 'Schema Plugin', 'Sitelinks Search Box', 'Twitter Ads', 'UTF-8', 'WordPress', 'WordPress Multisite', 'YouTube', 'jQuery', 'reCAPTCHA']"
culberry.com,Culberry - Culberry Plant & Herb Nursery,Culberry Nursery,GBR,75,4117,2026-05-19T11:38:19.985046901Z,"['Alternate Protocol', 'Content Delivery Network', 'EmbedPress', 'Google Cloud DNS', 'Google Font API', 'ImageKit.io', 'LiteSpeed', 'Microdata for Google Shopping', 'MyFonts', 'PHP', 'QUIC', 'Theme In WP', 'UTF-8', 'WordPress', 'WordPress Multisite']"
fromagesdefrancenancy.com,Fromages de France par Jeanne et Charles. Retrouvez votre crémerie & fromagerie au Marché d'Haussonville et au Faubourg des Trois-Maisons à Nancy.,,,57,248,2026-05-19T11:11:19.969693546Z,"['ElementUI', 'Facebook Login', 'Facebook Reseller', 'GZIP Module', 'MyFonts', 'No-Q', 'SnapWidget']"
ohcreative.co.uk,"Multi award-winning Branding, Web Design & Marketing in Surrey",OH Creative Ltd,CAN,72,2888,2026-05-19T08:16:51.313502387Z,"['Alternate Protocol', 'Apache', 'Elementor', 'EmbedPress', 'GZIP Module', 'Google', 'Google Cloud CDN', 'Google Cloud DNS', 'Google Font API', 'Microdata for Google Shopping', 'MyFonts', 'PHP', 'Theme In WP', 'Twenty Nineteen', 'Twitter Ads', 'UTF-8', 'WordPress', 'WordPress Multisite', 'jQuery']"
ctsgovt.com,CTS Mobility – Solutions for Government,,USA,70,8023,2026-05-19T07:02:20.008329805Z,"['Alternate Protocol', 'Cisco/Arrowpoint Content Service Switch', 'Column Shortcodes', 'Content Delivery Network', 'EmbedPress', 'Fastly', 'Formidable Pro Form', 'GZIP Module', 'Jetpack', 'MyFonts', 'Nginx', 'PHP', 'QUIC', 'Theme In WP', 'Twenty Seventeen', 'UTF-8', 'University or College', 'WPBakery', 'WordPress', 'WordPress Multisite', 'jQuery']"
tabithashaffer.com,"Tabitha Shaffer | Mortgage Loan Officer | Residential Mortgage, LLC","Residential Mortgage, LLC",USA,72,88949,2026-05-19T06:38:19.999405438Z,"['Content Delivery Network', 'Facebook Pixel', 'Facebook Tag API', 'Fireblade', 'Font Awesome', 'GZIP Module', 'Google', 'Google Analytics', 'Google Cloud DNS', 'Google Font API', 'Google Related Website Sites', 'Google Tag Manager', 'M247', 'MyFonts', 'Nationwide Mortgage Licensing System and Registry', 'QUIC', 'SMC', 'Tailwind CSS', 'UTF-8', 'UserWay', 'Visx']"
elem138.com,element 138 – #138 theoretically impossible,,,55,269,2026-05-19T04:26:19.989339736Z,"['Alternate Protocol', 'Apache', 'Apture Linking Platform', 'Bulma', 'EmbedPress', 'GZIP Module', 'Google', 'Google Analytics', 'Google Cloud DNS', 'Google Font API', 'IcoMoon', 'Microdata for Google Shopping', 'MyFonts', 'PHP', 'Schema Plugin', 'Theme In WP', 'UTF-8', 'WordPress', 'WordPress Multisite', 'jQuery']"
transactionmanagementsystems.com,Transaction Management Systems - a revenue improvement company,,USA,77,3350,2026-05-19T03:36:54.576204219Z,"['AJAX Libraries API', 'Amazon', 'Amazon CloudFront', 'Amazon Route 53', 'Amazon S3 CDN', 'CDN JS', 'Calendly', 'CloudFront', 'Cloudflare', 'Cloudflare CDN', 'Content Delivery Network', 'Express', 'Google Cloud DNS', 'IcoMoon', 'MyFonts', 'QUIC', 'Subversion', 'jQuery']"
georgiagiftsandmore.com,"Georgia Gifts & More | Georgia Themed Gifts | Atlanta, GA",Georgia Gifts &amp; More,USA,77,11897,2026-05-19T02:46:49.636085416Z,"['AddThis', 'AddThis for Wordpress', 'Amazon', 'Amazon CloudFront', 'Amazon Route 53', 'Amazon S3 CDN', 'Apache', 'Authorize.net', 'AutoComplete', 'Bing Cashback', 'Bing Conversion Tracking', 'CDN JS', 'CloudFront', 'Cloudflare', 'Cloudflare CDN', 'DoubleClick Bid Manager', 'Facebook Conversion Tracking', 'Facebook Login', 'Facebook Messenger Platform', 'Facebook Pixel', 'Facebook Reseller', 'Facebook Tag API', 'Font Awesome', 'GZIP Module', 'Google', 'Google Analytics', 'Google Analytics with Ad Tracking', 'Google Cloud DNS', 'Google Font API', 'Google My Business', 'Google Related Website Sites', 'Google Tag Manager', 'Instagram Follow Button', 'Klaviyo', 'LiveChat', 'LiveChat Monitoring', 'Microsoft Clarity', 'MyFonts', 'PayPal Adaptive Payments', 'Pinterest Conversion Tracking', 'QUIC', 'SmartyStreets', 'Storyblocks', 'TrustLogo', 'UTF-8', 'University or College', 'jsDelivr']"
bottomofmy.garden,Andy Warhol | In the Bottom of my Garden - Andy Warhol - In the Bottom of my Garden,Modern & Contemporary Art,GBR,75,3373,2026-05-19T01:41:20.000095391Z,"['Alternate Protocol', 'Automattic', 'Contact Form Plugin', 'Content Delivery Network', 'EmbedPress', 'Express', 'Flatsome', 'Google My Business', 'Google Related Website Sites', 'IcoMoon', 'Jetpack', 'LiteSpeed', 'Microdata for Google Shopping', 'MyFonts', 'PHP', 'QUIC', 'Theme In WP', 'UTF-8', 'University or College', 'Woo Themes', 'WooCommerce', 'WooCommerce Checkout', 'WordPress', 'WordPress Multisite', 'WordPress Stats', 'jQuery', 'reCAPTCHA']"
ghostmachinepro.com,on sale in MAY - Ghost Machine,Ghost Machine,USA,77,2186,2026-05-19T01:38:20.018366003Z,"['Alternate Protocol', 'Apache', 'Automattic', 'CDN JS', 'Cloudflare', 'Cloudflare CDN', 'Constant Contact', 'EmbedPress', 'GZIP Module', 'Google Analytics', 'Google Related Website Sites', 'Google Tag Manager', 'Instagram Follow Button', 'Jetpack', 'Menu Icons by ThemeIsle', 'Microdata for Google Shopping', 'MyFonts', 'PHP', 'Tailwind CSS', 'Theme In WP', 'UTF-8', 'Woo Themes', 'WordPress', 'WordPress Multisite', 'WordPress Stats', 'YouTube']"
luciengerischer.de,KreativAgentur - Lucien Gerischer,,DEU,77,777,2026-05-18T23:47:20.009675905Z,"['Bulma', 'CDN JS', 'Cloudflare', 'Cloudflare CDN', 'Cybot', 'GZIP Module', 'Line2', 'MyFonts', 'Nginx', 'Perl', 'Tailwind CSS']"
ispt.eu,We are ISPT - the Institute for Sustainable Process Technology,ISPT - Institute for Sustainable Process Technology,NLD,82,3193,2026-05-18T23:16:29.052944718Z,"['Alternate Protocol', 'Brevo', 'Contact Form Plugin', 'Content Delivery Network', 'Cornerstone', 'Cybot', 'DuracellTomi Google Tag Manager for WordPress', 'EmbedPress', 'Google Analytics', 'Google My Business', 'Google Related Website Sites', 'Google Tag Manager', 'LiteSpeed', 'Microdata for Google Shopping', 'MyFonts', 'PHP', 'QUIC', 'Simple Download Monitor', 'Theme In WP', 'UTF-8', 'WordPress', 'WordPress Multisite', 'jQuery', 'reCAPTCHA']"
ranch-roping-competition.de,ERRC - Alles über die European Ranch Roping Competition.,,DEU,65,16322,2026-05-18T22:02:20.020101366Z,"['Alternate Protocol', 'Contact Form Plugin', 'EU Cookie Law for Wordpress.', 'Easy Pie Chart', 'EmbedPress', 'Fireblade', 'GZIP Module', 'Google Cloud DNS', 'Google Font API', 'Google My Business', 'IcoMoon', 'MyFonts', 'Nginx', 'One Designs', 'PHP', 'Parallels Plesk Panel', 'Photo Gallery for WordPress', 'Subversion', 'Tailwind CSS', 'Theme In WP', 'UTF-8', 'WordPress', 'WordPress Multisite', 'YouTube', 'jQuery']"
creproteam.com,Home - Michelle Carter,,USA,70,45888,2026-05-18T21:41:19.973031689Z,"['AJAX Libraries API', 'AWS WAF Challenge', 'Alternate Protocol', 'Apache', 'Beaver Builder Lite', 'Bulma', 'CDN JS', 'Cloudflare', 'Cloudflare CDN', 'Debian', 'DuracellTomi Google Tag Manager for WordPress', 'EmbedPress', 'Font Awesome', 'GZIP Module', 'Google Analytics', 'Google Cloud DNS', 'Google Font API', 'Google My Business', 'Google Tag Manager', 'LeadRouter', 'MoxiWorks', 'MyFonts', 'QUIC', 'Sitelinks Search Box', 'Thank You', 'UTF-8', 'University or College', 'Windermere Real Estate', 'WordPress', 'WordPress Multisite', 'Zendesk Embeddables', 'jQuery', 'jsDelivr', 'reCAPTCHA']"
teamlou.com,Home - Todd Louis,,USA,65,30888,2026-05-18T21:38:20.011694951Z,"['AJAX Libraries API', 'Alternate Protocol', 'Apache', 'Beaver Builder Lite', 'Bulma', 'CDN JS', 'Cloudflare', 'Cloudflare CDN', 'Debian', 'DuracellTomi Google Tag Manager for WordPress', 'EmbedPress', 'Font Awesome', 'GZIP Module', 'Google Analytics', 'Google Cloud DNS', 'Google Font API', 'Google Maps', 'Google My Business', 'Google Tag Manager', 'LeadRouter', 'MoxiWorks', 'MyFonts', 'QUIC', 'Sitelinks Search Box', 'Thank You', 'UTF-8', 'Windermere Real Estate', 'WordPress', 'WordPress Multisite', 'Zendesk Embeddables', 'jQuery', 'jsDelivr', 'reCAPTCHA']"
sellingbaldwincounty.com,Jennifer Scarbrough | ReMax of Gulf Shores,,,67,51695,2026-05-18T20:53:19.977403512Z,"['AWS WAF Challenge', 'Alternate Protocol', 'Amazon', 'Amazon CloudFront', 'CloudFront', 'Cloudflare', 'Content Delivery Network', 'Contento', 'EmbedPress', 'Font Awesome', 'Google Analytics', 'Google Cloud DNS', 'Google Font API', 'Google Maps', 'Google Tag Manager', 'Instagram Follow Button', 'Material Design Icons', 'MyFonts', 'PHP', 'Prospective', 'QUIC', 'Slider Revolution', 'Tailwind CSS', 'Theme In WP', 'TrustIndex', 'UTF-8', 'WP Engine', 'WPBakery', 'WordPress', 'WordPress Multisite', 'Zephyr', 'jQuery']"
likeyoupodcast.com,Like You – A Mindfulness Podcast for Kids,,,62,20757,2026-05-18T20:23:20.000180026Z,"['AWS WAF Challenge', 'Accordion Blocks', 'Adobe Creative Cloud WebFonts', 'Ajax Search Lite', 'Alternate Protocol', 'Amazon CloudFront', 'Amazon Widgets', 'Apache', 'CloudFront', 'Cloudflare', 'Cloudflare CDN', 'Elementor', 'EmbedPress', 'Essential Addons for Elementor', 'GZIP Module', 'Google', 'Google Cloud DNS', 'Google Font API', 'Google My Business', 'Instagram Feed for WordPress', 'Instagram Follow Button', 'Jetpack', 'Linktree', 'MailChimp', 'MyFonts', 'NFOrce Internet', 'Newsletter for Wordpress', 'PHP', 'Pagekit', 'Smush Image Optimization', 'Theme In WP', 'Twitter Ads', 'UTF-8', 'Woo Themes', 'WooCommerce Checkout', 'WordPress', 'WordPress Multisite', 'WordPress Stats', 'YouTube', 'eLand', 'jQuery', 'qTranslate']"
purchaseserta.ca,Welcome to the Serta Hospitality Guest Purchase Program,,USA,65,5232,2026-05-18T19:11:19.993817674Z,"['Alternate Protocol', 'Bulma', 'CDN JS', 'Cloudflare', 'Cloudflare CDN', 'Content Delivery Network', 'Google', 'Google Cloud CDN', 'Google Cloud DNS', 'Google Font API', 'Line2', 'Microdata for Google Shopping', 'MyFonts', 'PWA', 'StackPath', 'UTF-8']"
lexat58.com,722 Lexington Avenue - Jack Resnick & Sons,Jack Resnick &amp; Sons,USA,60,3658,2026-05-18T14:35:19.988447885Z,"['Alternate Protocol', 'Elementor', 'EmbedPress', 'FreeCSSTemplates', 'GZIP Module', 'Google Analytics', 'Google Tag Manager', 'Instagram Follow Button', 'Mews Commander', 'Microdata for Google Shopping', 'MyFonts', 'NFOrce Internet', 'Nginx', 'PHP', 'TablePress', 'Theme In WP', 'UTF-8', 'Vimeo CDN', 'WordPress', 'WordPress Multisite', 'jQuery']"
opuscamper.de,OPUS Camper DE | Ein stilvoller und innovativer faltbarer Camper,,,65,4567,2026-05-18T14:15:00.054375915Z,"['AJAX Libraries API', 'Alternate Protocol', 'Angular', 'Contact Form Plugin', 'EmbedPress', 'Facebook Conversion Tracking', 'Facebook Login', 'Facebook Messenger Platform', 'Facebook Pixel', 'Facebook Reseller', 'Facebook Tag API', 'Font Awesome', 'Google Analytics', 'Google Cloud DNS', 'Google Font API', 'Google My Business', 'Google Tag Manager', 'Instagram Follow Button', 'MaxCDN', 'Microdata for Google Shopping', 'MyFonts', 'Nginx', 'PHP', 'Parallels Plesk Panel', 'Slider Revolution', 'Subversion', 'Theme In WP', 'UTF-8', 'Vimeo', 'WP Google Maps', 'WordPress', 'WordPress Multisite', 'YouTube', 'jQuery', 'reCAPTCHA']"
hpsseed.com,Garden Seed | Vegetable Garden Seed | Garden Seed Catalog | Garden Seed Company | Horticultural Products & Services | HPS Seed,Horticultural Products &amp; Services,USA,77,23367,2026-05-18T12:58:06.729461591Z,"['Amazon', 'Amazon CloudFront', 'Amazon Route 53', 'Amazon S3 CDN', 'Apache', 'Bing Cashback', 'Bing Conversion Tracking', 'CDN JS', 'CloudFront', 'Cloudflare', 'Cloudflare CDN', 'DoubleClick Bid Manager', 'Express', 'Facebook Reseller', 'Fastly', 'Font Awesome', 'GZIP Module', 'Google', 'Google Analytics', 'Google Analytics with Ad Tracking', 'Google Cloud DNS', 'Google Font API', 'Google My Business', 'Google Tag Manager', 'Instagram Follow Button', 'Klaviyo', 'LiveChat', 'LiveChat Monitoring', 'Microsoft Clarity', 'MyFonts', 'PayPal Adaptive Payments', 'Pinterest Conversion Tracking', 'QUIC', 'SmartyStreets', 'StackPath', 'Storyblocks', 'TrustLogo', 'Twitter Ads', 'UTF-8', 'Vector Internet Services', 'accessiBe', 'jsDelivr', 'reCAPTCHA']"
ronfrancis.com,Ron Francis Wiring,Ron Francis Wiring,USA,72,31687,2026-05-18T12:32:55.280935265Z,"['Amazon', 'Amazon CloudFront', 'Amazon Route 53', 'Amazon S3 CDN', 'Apache', 'Bing Cashback', 'Bing Conversion Tracking', 'CloudFront', 'DoubleClick Bid Manager', 'Express', 'Facebook Reseller', 'Fireblade', 'Font Awesome', 'GZIP Module', 'Google', 'Google Analytics', 'Google Analytics with Ad Tracking', 'Google Cloud DNS', 'Google Font API', 'Google My Business', 'Google Related Website Sites', 'Google Tag Manager', 'Instagram Follow Button', 'Klaviyo', 'LiveChat', 'LiveChat Monitoring', 'Microsoft Clarity', 'MyFonts', 'PayPal Adaptive Payments', 'Pinterest Conversion Tracking', 'QUIC', 'SmartyStreets', 'StackPath', 'Storyblocks', 'Tailwind CSS', 'TrustLogo', 'Twitter Ads', 'UTF-8', 'YouTube', 'accessiBe', 'reCAPTCHA']"
ruthhuntcandy.com,"Ruth Hunt Candies - Chocolates, Chocolate Candy, Chocolate Candy Bars, Cream Candy, Homemade, Hand Made Chocolates",,GBR,72,12077,2026-05-18T12:25:59.453263937Z,"['Amazon', 'Amazon CloudFront', 'Amazon Route 53', 'Amazon S3 CDN', 'Apache', 'AutoComplete', 'Bing Cashback', 'Bing Conversion Tracking', 'CloudFront', 'DoubleClick Bid Manager', 'Facebook Reseller', 'Financial Services Guide', 'Font Awesome', 'GZIP Module', 'Google', 'Google Analytics', 'Google Cloud DNS', 'Google Font API', 'Google My Business', 'Google Tag Manager', 'Klaviyo', 'LiveChat', 'LiveChat Monitoring', 'Microsoft Clarity', 'MyFonts', 'PayPal Adaptive Payments', 'Pinterest Conversion Tracking', 'QUIC', 'SmartyStreets', 'Storyblocks', 'TrustLogo', 'Twitter Ads', 'UTF-8', 'reCAPTCHA']"
nestorsanta-cruz.com,Nestor Santa-Cruz | DECORATION,,,52,50,2026-05-18T11:05:20.012779626Z,"['Apache', 'GZIP Module', 'MyFonts', 'Subversion']"
versal.agency,Versal — Full-Service Independent Creative Agency,,USA,72,2817,2026-05-18T10:56:20.001528712Z,"['AJAX Libraries API', 'Alternate Protocol', 'Content Delivery Network', 'EmbedPress', 'Google Analytics', 'Google Cloud DNS', 'Google Tag Manager', 'Instagram Follow Button', 'Matomo', 'Matomo Tag Manager', 'MyFonts', 'Nginx', 'PHP', 'PWA', 'Theme In WP', 'UTF-8', 'UnderStrap', 'Vercel', 'WordPress', 'WordPress Multisite', 'jQuery']"
yccac.org,York County Community Action Corp. – Providing Opportunity & Hope to People in York County,,GBR,65,2490,2026-05-18T10:20:19.98475763Z,"['Alternate Protocol', 'Apache', 'DoubleClick Bid Manager', 'EmbedPress', 'GTranslate', 'Google Analytics', 'Google Cloud DNS', 'Google Conversion Tracking', 'Google Font API', 'Google My Business', 'Google Tag Manager', 'Gravity Forms', 'Instagram Follow Button', 'Investor Relations', 'Jetpack', 'MyFonts', 'Organic Themes', 'PHP', 'Team Members', 'Theme In WP', 'Twitter Ads', 'UTF-8', 'WordPress', 'WordPress Multisite', 'accessiBe', 'eLand', 'jQuery']"
i-itsolutions.com,"IT Support, Managed IT Services, Cybersecurity - Cardiff, Newport, Swansea | Intelligent IT Solutions",,,67,35898,2026-05-18T07:35:19.970910571Z,"['AWS WAF Challenge', 'Akismet', 'Alternate Protocol', 'Amazon WAF Blocked', 'Apture Linking Platform', 'Automattic', 'Cloudflare', 'Cloudflare CDN', 'Content Delivery Network', 'Cookie Accept', 'Cookie Notice', 'EmbedPress', 'FEEDZY RSS Feeds', 'Fireblade', 'Font Awesome', 'Google Analytics', 'Google My Business', 'Google Related Website Sites', 'Google Tag Manager', 'Gravity', 'Gravity Forms', 'Jetpack', 'Lazy Load for WordPress', 'MaxCDN', 'Microdata for Google Shopping', 'MonsterInsights', 'MyFonts', 'PHP', 'QUIC', 'Schema Plugin', 'Tailwind CSS', 'Theme In WP', 'Twitter Ads', 'UTF-8', 'WP Rocket', 'Woo Themes', 'WooCommerce Checkout', 'WordPress', 'WordPress Multisite', 'jQuery', 'reCAPTCHA']"
halalmobilekitchen.com,Halal Mobile Kitchen |,,USA,70,1428,2026-05-18T06:44:19.996004554Z,"['AutoComplete', 'Google Cloud DNS', 'Google Font API', 'Google Related Website Sites', 'IcoMoon', 'LiteSpeed', 'MyFonts', 'PHP', 'QUIC', 'UTF-8']"
catherinewalker.com,Catherine Walker – now and since 1977,,AUS,60,278,2026-05-18T06:35:50.503247217Z,"['Alternate Protocol', 'Bulma', 'Contact Form Plugin', 'EmbedPress', 'GZIP Module', 'Google Analytics', 'Google Cloud DNS', 'Google Font API', 'Google My Business', 'Google Tag Manager', 'IcoMoon', 'Inspiro Theme', 'Instagram Feed for WordPress', 'Instagram Follow Button', 'MyFonts', 'Nginx', 'PHP', 'Theme In WP', 'UTF-8', 'WordPress', 'WordPress Multisite', 'jQuery', 'jsDelivr', 'reCAPTCHA']"
lauraschwartzlive.com,"Laura Schwartz | Emcee, Keynote Speaker and Commentator","Professional Emcee, Keynote Speaker and Commentator",USA,82,1588,2026-05-18T05:20:19.987568393Z,"['AJAX Libraries API', 'Alternate Protocol', 'Amazon Widgets', 'Apache', 'EmbedPress', 'GZIP Module', 'GitHub Hosting', 'Google Analytics', 'Google Cloud DNS', 'Google Font API', 'Google My Business', 'Google Tag Manager', 'Instagram Follow Button', 'Microdata for Google Shopping', 'MyFonts', 'PHP', 'Theme In WP', 'Twitter Ads', 'UTF-8', 'W3 Total Cache', 'WordPress', 'YouTube', 'jQuery', 'reCAPTCHA']"
flightkeys.com,FLIGHTKEYS,,,65,15355,2026-05-18T00:33:00.196761157Z,"['AWS WAF Challenge', 'Alternate Protocol', 'Cornerstone', 'FormSubmit', 'Gravity', 'MyFonts', 'Nginx', 'PHP', 'Python', 'Twitter Ads', 'UTF-8']"
oxidedesign.com,Oxide | Drew Davies | Home,,USA,67,3249,2026-05-17T23:41:19.990501183Z,"['Adobe Creative Cloud WebFonts', 'Alternate Protocol', 'Content Delivery Network', 'DAV', 'EmbedPress', 'Fastly', 'GZIP Module', 'Google Analytics', 'Google Analytics Dashboard for WordPress', 'Google Cloud DNS', 'Google Font API', 'Google My Business', 'Google Tag Manager', 'Instagram Follow Button', 'MyFonts', 'Neighborhoods', 'PHP', 'SVG Support', 'Theme In WP', 'UTF-8', 'WordPress', 'WordPress Multisite', 'jQuery']"
jonathanschroeder.de,Jonathan Schrøder | Text & Konzept,,USA,67,359,2026-05-17T23:38:19.994414853Z,"['Apache', 'Craft', 'MyFonts', 'UTF-8', 'shadcn ui']"
mouse.org,Mouse | Home Page,,USA,72,1739,2026-05-17T23:26:20.00506483Z,"['Alternate Protocol', 'CDN JS', 'Charity Navigator', 'Cloudflare', 'Cloudflare CDN', 'Content Delivery Network', 'Facebook Conversion Tracking', 'Facebook Login', 'Facebook Messenger Platform', 'Facebook Pixel', 'Facebook Reseller', 'Facebook Tag API', 'Font Awesome', 'GZIP Module', 'Google Analytics', 'Google My Business', 'Google Tag Manager', 'Instagram Follow Button', 'Interchange', 'MailChimp', 'Microdata for Google Shopping', 'MyFonts', 'PHP', 'Twitter Ads', 'UTF-8', 'YouTube', 'reCAPTCHA']"
coloroptics.com,Color Optics,,,55,428,2026-05-17T22:58:06.674315511Z,"['Bulma', 'Font Awesome', 'Google', 'Google Analytics', 'Google Cloud DNS', 'Google Font API', 'Google My Business', 'Google Tag Manager', 'Hubspot', 'IcoMoon', 'Microsoft Azure', 'Microsoft IIS', 'MyFonts', 'PHP', 'QUIC', 'UTF-8', 'jsDelivr']"
duca.li,Ducali Pizzeria & Bar and Caffé Ducali,"Ducali Pizzeria, Bar & Caffe",USA,82,88963,2026-05-17T22:07:37.717801365Z,"['Aruba', 'Express', 'GZIP Module', 'Google', 'Google Analytics', 'Google Cloud DNS', 'Google Font API', 'Google My Business', 'Google Tag Manager', 'Instagram Follow Button', 'Line2', 'Magento Enterprise', 'Microdata for Google Shopping', 'MyFonts', 'OpenTable', 'QUIC', 'SiteW', 'Squarespace', 'Toast POS', 'UTF-8', 'Vector Internet Services', 'WordPress SEO Structured Data Schema Plugin', 'Yelp Badge', 'eLand']"
tantralakeapthomes.com,Tantra Lake Apartments - Boulder Housing Partners,Boulder Housing Partners,USA,70,33397,2026-05-17T21:44:19.994132836Z,"['AWS WAF Challenge', 'Adobe Creative Cloud WebFonts', 'Alternate Protocol', 'Apture Linking Platform', 'BLR', 'CDN JS', 'Cloudflare', 'Cloudflare CDN', 'Cognito Forms', 'Content Delivery Network', 'DoubleClick Bid Manager', 'ElementUI', 'EmbedPress', 'Essential Grid', 'Facebook Conversion Tracking', 'Facebook Login', 'Facebook Messenger Platform', 'Facebook Pixel', 'Facebook Reseller', 'Facebook Tag API', 'Font Awesome', 'Fontello', 'FreeCSSTemplates', 'Google', 'Google Analytics', 'Google Maps', 'Google My Business', 'Google Tag Manager', 'Gravity', 'Microdata for Google Shopping', 'MyFonts', 'PHP', 'QUIC', 'Site Kit', 'TablePress', 'The Events Calendar', 'Theme In WP', 'ThemeFusion', 'Tumblr', 'UTF-8', 'University or College', 'UserWay', 'WP Engine', 'WP Rocket', 'WP jQuery Lightbox', 'Weglot', 'WhatsApp Sharing', 'WordPress', 'WordPress Multisite', 'jQuery']"
oldbarnwedding.co.uk,Barn Wedding Venue Devon: with a unique surprise!,,,72,5050,2026-05-17T21:14:50.933423911Z,"['Alternate Protocol', 'ArvanCloud', 'CDN JS', 'Cloudflare', 'Cloudflare CDN', 'Content Delivery Network', 'DAV', 'Google', 'Google Analytics', 'Google Cloud DNS', 'Google Font API', 'Google My Business', 'Google Tag Manager', 'Instagram Follow Button', 'Microdata for Google Shopping', 'MyFonts', 'Nginx', 'PHP', 'Parallels Plesk Panel', 'Schema Plugin', 'Twitter Ads', 'UTF-8', 'Vello', 'WordPress', 'WordPress Multisite', 'YouTube', 'jQuery', 'jsDelivr', 'reCAPTCHA']"
howtopowerpoint.tv,Free Microsoft PowerPoint Video Tutorials - How To PowerPoint,Business Productivity,,67,3846,2026-05-17T20:53:19.98067818Z,"['Alternate Protocol', 'Apache', 'CDN JS', 'Cloudflare', 'Cloudflare CDN', 'Content Delivery Network', 'EmbedPress', 'Funding Choices', 'Google Adsense', 'Google Analytics', 'Google Funding Choices', 'Google Matched Content', 'Google My Business', 'Google Related Website Sites', 'Google Reseller', 'Google Tag Manager', 'LiteSpeed', 'Microdata for Google Shopping', 'MyFonts', 'PHP', 'PWA', 'SuperPWA', 'Theme In WP', 'Twitter Ads', 'UTF-8', 'WP Advanced Ads', 'WordPress', 'WordPress Ad Manager and AdSense Ads', 'WordPress Multisite', 'Yandex Hosting', 'YouTube', 'jQuery']"
averment.digital,Home - Digital Transformation Consultancy | Web & App Design for SME’s,Averment,,92,39557,2026-05-17T19:44:30.317189911Z,"['AWS WAF Challenge', 'Amazon', 'Amazon CloudFront', 'Amazon Route 53', 'Amazon S3 CDN', 'Apture Linking Platform', 'CloudFront', 'Content Delivery Network', 'Font Awesome', 'GZIP Module', 'Gatsby JS', 'Google Analytics', 'IcoMoon', 'Instagram Follow Button', 'M247', 'Material-UI', 'Medium', 'MyFonts', 'QUIC', 'Tawk', 'Twitter Ads', 'WooRank', 'WordPress', 'YouTube']"
workwithlogex.cz,Work with LOGEX,,,57,33413,2026-05-17T19:22:19.61149028Z,"['AWS WAF Challenge', 'Alternate Protocol', 'Angular', 'Apture Linking Platform', 'DAV', 'Ektron', 'Endis', 'Express', 'Fastly', 'Fireblade', 'GZIP Module', 'Google', 'Google Analytics', 'Google Cloud DNS', 'Google Font API', 'Google Tag Manager', 'Instagram Follow Button', 'MyFonts', 'PHP', 'Perl', 'Python', 'QUIC', 'Share Link', 'Svelte', 'Tailwind CSS', 'The Fresh', 'UTF-8', 'University or College', 'YouTube', 'eLand']"
