domain,title,business_name,country,seo_score,tech_spend,crawled_at,technologies
sjcustomsmi.com,S & J Customs LLC.,,COM,60,63,2026-09-30T16:28:38.320955822Z,"['Amazon', 'Amazon CloudFront', 'ClickOn', 'CloudFront', 'Ecwid Ecommerce Shopping Cart', 'GZIP Module', 'Google Cloud DNS', 'Google Maps', 'Google My Business', 'Instagram Follow Button', 'Nginx', 'PWA', 'Show.co', 'Tailwind CSS', 'Twitter Ads', 'UTF-8', 'Vimeo', 'YouTube']"
rkbhmstudios.com,RKBHM STUDIOS | Wedding Photography and Videography,RKBHM STUDIOS,IND,87,263989,2026-09-30T16:15:27.748924991Z,"['123FormBuilder', 'Alternate Protocol', 'Amazon WAF Blocked', 'Apture Linking Platform', 'BunnyCDN General', 'Cloudflare', 'Content Delivery Network', 'DAV', 'DC74', 'Ecwid Ecommerce Shopping Cart', 'Epic Form Builder', 'Express', 'Fastly', 'Fastly CDN', 'Fireblade', 'GZIP Module', 'Google Adsense', 'Google Customer Reviews', 'Google Funding Choices', 'Google Matched Content', 'Google My Business', 'Google Play', 'Google Related Website Sites', 'Google Reseller', 'Heroku', 'Instagram Follow Button', 'JivoSite', 'Kewool Testimonials', 'LiveChat Monitoring', 'Microdata for Google Shopping', 'NFOrce Internet', 'POWr', 'PWA', 'Perl', 'QUIC', 'SMC', 'Salesforce Hosted', 'Seflow Italy', 'Sentry', 'Share Link', 'SiteW', 'UTF-8', 'Vector Internet Services', 'VocalReferences', 'WP Booking Calendar', 'WhatsApp Sharing', 'Wix', 'Wix Media', 'YouTube', 'eLand', 'iPlayerHD', 'mlcom']"
moewhitehouseart.com,"Whitehouse Art Moe Whitehouse, Collage Art",Whitehouse Art,VEN,67,101132,2026-09-30T15:59:03.705410884Z,"['Alternate Protocol', 'Amazon WAF Blocked', 'Apture Linking Platform', 'BunnyCDN General', 'Cisco/Arrowpoint Content Service Switch', 'Cloudflare', 'Coming Soon Page', 'Content Delivery Network', 'DC74', 'Ecwid Ecommerce Shopping Cart', 'Express', 'Fastly', 'Fastly CDN', 'GZIP Module', 'Google Related Website Sites', 'Harbor', 'Microdata for Google Shopping', 'NFOrce Internet', 'POWr', 'PWA', 'QUIC', 'SMC', 'Seflow Italy', 'Sentry', 'SiteW', 'Thank You', 'Twitter Ads', 'UTF-8', 'Vector Internet Services', 'Wix', 'Wix Media', 'mlcom']"
elementdepot.ca,ELEMENT DEPOT HOBBY SHOP,,USA,65,6247,2026-09-30T15:59:03.682932103Z,"['Alternate Protocol', 'Amazon', 'Amazon CloudFront', 'CloudFront', 'ETranslate', 'Ecwid Ecommerce Shopping Cart', 'GZIP Module', 'Google Cloud DNS', 'Google Maps', 'Google My Business', 'Google Related Website Sites', 'Instagram Follow Button', 'Nginx', 'PWA', 'QUIC', 'Tailwind CSS', 'UTF-8', 'Unsplash', 'eLand']"
pepperandpearls.com,Pepper and Pearls,,,50,2855,2026-09-30T15:03:53.07971856Z,"['Alternate Protocol', 'Amazon', 'Amazon CloudFront', 'ByteDance', 'CloudFront', 'ETranslate', 'Ecwid Ecommerce Shopping Cart', 'GZIP Module', 'Google Cloud DNS', 'Google Maps', 'Google Related Website Sites', 'Helpful Crowd', 'Instagram Follow Button', 'Nginx', 'Omnisend', 'PWA', 'Sapper', 'Shutterstock', 'SiteW', 'SiteWit', 'Storyblocks', 'Stripe', 'TikTok Conversion Tracking Pixel', 'Twitter Ads', 'UTF-8', 'Unsplash', 'Vector Internet Services', 'WordPress', 'eLand']"
australianvirtualassistants.com.au,VA Institute | Virtual Business Startup Training,VA Institute,AUS,87,153734,2026-09-30T14:47:37.494924968Z,"['123FormBuilder', 'Afterpay', 'Alternate Protocol', 'Amazon WAF Blocked', 'Apture Linking Platform', 'Cloudflare', 'Content Delivery Network', 'DAV', 'Ecwid Ecommerce Shopping Cart', 'Express', 'Fastly', 'Fastly CDN', 'Fireblade', 'GZIP Module', 'Google Related Website Sites', 'Instagram Follow Button', 'K2F', 'KVH', 'Kajabi', 'Microdata for Google Shopping', 'NFOrce Internet', 'POWr', 'PWA', 'Perl', 'QUIC', 'SMC', 'Seflow Italy', 'Sentry', 'SiteW', 'Subversion', 'Thank You', 'UTF-8', 'Vector Internet Services', 'WP Booking Calendar', 'Wix', 'Wix Media', 'YouTube', 'eLand', 'mlcom']"
cowgirlconfident.net,Cowgirl Confident | Philippians 4:13,,,60,380,2026-09-30T14:47:37.418551672Z,"['Akismet', 'Alternate Protocol', 'Amazon CloudFront', 'Apache', 'Automattic', 'CloudFront', 'Divi', 'Ecwid Ecommerce Shopping Cart', 'Elegant Themes', 'EmbedPress', 'Event Tickets for Wordpress', 'Formidable Pro Form', 'Google Cloud DNS', 'Google Font API', 'Google My Business', 'Jetpack', 'LearnDash', 'PHP', 'QUIC', 'Theme In WP', 'UTF-8', 'WP Fastest Cache', 'Woo Themes', 'WooCommerce', 'WooCommerce Checkout', 'WooCommerce Payments', 'WordPress', 'WordPress Multisite', 'WordPress Stats', 'jQuery']"
nuicfootball.com,NUIC Football,NUICFootball.com,,67,126033,2026-09-30T14:31:54.411959132Z,"['123FormBuilder', 'AWS WAF Challenge', 'Alternate Protocol', 'Amazon WAF Blocked', 'Apture Linking Platform', 'Cloudflare', 'Content Delivery Network', 'DC74', 'Ecwid Ecommerce Shopping Cart', 'Express', 'Fastly', 'Fastly CDN', 'Fireblade', 'GZIP Module', 'Google Related Website Sites', 'Microdata for Google Shopping', 'NFOrce Internet', 'POWr', 'PWA', 'QUIC', 'SMC', 'Seflow Italy', 'Sentry', 'SiteW', 'Subversion', 'Twitter Ads', 'UTF-8', 'Vector Internet Services', 'Wix', 'Wix Media', 'WordPress Related Posts', 'YouTube', 'mlcom']"
medios.ca,"Branding, Webdesign & Digital Marketing for Small Business | Calgary",Silvia Plazas | Medios Internet Marketing &amp; Branding,CAN,72,124346,2026-09-30T14:18:02.568044833Z,"['123FormBuilder', 'Alternate Protocol', 'Amazon WAF Blocked', 'Apture Linking Platform', 'Better Lead Generation Services', 'Cloudflare', 'Content Delivery Network', 'DAV', 'Ecwid Ecommerce Shopping Cart', 'Express', 'Fastly', 'Fastly CDN', 'Fireblade', 'Free Call', 'GZIP Module', 'Google Adsense', 'Google Funding Choices', 'Google Matched Content', 'Google Related Website Sites', 'Google Reseller', 'Instagram Follow Button', 'Microdata for Google Shopping', 'NFOrce Internet', 'On The Map', 'POWr', 'PWA', 'Perl', 'QUIC', 'SMC', 'Seflow Italy', 'Sentry', 'Share Link', 'SiteW', 'UTF-8', 'Vector Internet Services', 'WP Booking Calendar', 'Wix', 'Wix Media', 'mlcom']"
carafrew.com,POP Music | UK | Cara Frew,,USA,77,173919,2026-09-30T13:35:38.826486469Z,"['Alternate Protocol', 'Amazon WAF Blocked', 'Apple Auto Link Maker', 'Apture Linking Platform', 'Cloudflare', 'Content Delivery Network', 'DC74', 'Ecwid Ecommerce Shopping Cart', 'Express', 'Fastly', 'Fastly CDN', 'Fireblade', 'GZIP Module', 'Google Related Website Sites', 'InitiativeS', 'Instagram Follow Button', 'K2F', 'KVH', 'Microdata for Google Shopping', 'NFOrce Internet', 'On The Map', 'PWA', 'Perl', 'QUIC', 'SMC', 'Seflow Italy', 'Sentry', 'SiteW', 'Subversion', 'Twitter Ads', 'UTF-8', 'University or College', 'Vector Internet Services', 'Wix', 'Wix Media', 'YouTube', 'iPlayerHD', 'mlcom']"
tinmansignsdewitt.com,tin man signs dewitt,,USA,60,647,2026-09-30T13:19:59.900497264Z,"['Alternate Protocol', 'Amazon', 'Amazon CloudFront', 'CloudFront', 'ETranslate', 'Ecwid Ecommerce Shopping Cart', 'GZIP Module', 'Google Cloud DNS', 'Google Maps', 'Google My Business', 'Instagram Follow Button', 'Nginx', 'PWA', 'UTF-8', 'Unsplash', 'eLand']"
beginningsbyheritagemarket.com,Beginnings by Heritage Market,,,55,647,2026-09-30T13:19:59.876318104Z,"['Alternate Protocol', 'Amazon', 'Amazon CloudFront', 'CloudFront', 'ETranslate', 'Ecwid Ecommerce Shopping Cart', 'GZIP Module', 'Google Cloud DNS', 'Google Maps', 'Google My Business', 'Instagram Follow Button', 'Nginx', 'PWA', 'Twitter Ads', 'UTF-8', 'University or College', 'Unsplash', 'eLand']"
vanpeltfamilybakery.com,Van Pelt Family Bakery,,USA,70,6771,2026-09-30T12:51:35.207224912Z,"['Amazon', 'Amazon CloudFront', 'ClickOn', 'CloudFront', 'Ecwid Ecommerce Shopping Cart', 'GZIP Module', 'Google', 'Google Cloud DNS', 'Google Font API', 'Google Maps', 'Google My Business', 'Instagram Follow Button', 'Nginx', 'PWA', 'Show.co', 'Tailwind CSS', 'Twitter Ads', 'UTF-8', 'Vimeo', 'YouTube']"
musesemi.com,Home | Muse Semiconductor,Muse Semiconductor,USA,77,256838,2026-09-30T12:51:35.142739373Z,"['123FormBuilder', 'Alternate Protocol', 'Amazon WAF Blocked', 'Apture Linking Platform', 'Content Delivery Network', 'DAV', 'Ecwid Ecommerce Shopping Cart', 'Express', 'Fastly', 'Fastly CDN', 'Fireblade', 'GZIP Module', 'Google Related Website Sites', 'InitiativeS', 'LiveChat Monitoring', 'Microdata for Google Shopping', 'NFOrce Internet', 'POWr', 'PWA', 'Perl', 'QUIC', 'SMC', 'Salesforce Hosted', 'Seflow Italy', 'Sentry', 'SiteW', 'UTF-8', 'University or College', 'Vector Internet Services', 'WP Booking Calendar', 'Wix', 'Wix Media', 'mlcom']"
trainwithati.com,Home | Alfa Training International,Alfa Training International,USA,70,89924,2026-09-30T12:51:35.142279961Z,"['Alternate Protocol', 'Amazon WAF Blocked', 'Apture Linking Platform', 'Cloudflare', 'Content Delivery Network', 'DAV', 'Ecwid Ecommerce Shopping Cart', 'Express', 'Fastly', 'Fastly CDN', 'GZIP Module', 'Microdata for Google Shopping', 'NFOrce Internet', 'PWA', 'Perl', 'QUIC', 'SMC', 'Seflow Italy', 'Sentry', 'SiteW', 'Thank You', 'UTF-8', 'Vector Internet Services', 'WP Booking Calendar', 'Wix', 'Wix Media', 'mlcom']"
station650.org,"St. Petersburg VFD Station 650 | VFD | 718 East Main Street, St Petersburg, PA, USA",,USA,67,90331,2026-09-30T12:37:45.301295113Z,"['Amazon WAF Blocked', 'Apture Linking Platform', 'Cloudflare', 'Content Delivery Network', 'DAV', 'Ecwid Ecommerce Shopping Cart', 'Express', 'Fastly', 'Fastly CDN', 'GZIP Module', 'Google Related Website Sites', 'Microdata for Google Shopping', 'NFOrce Internet', 'PWA', 'QUIC', 'SMC', 'Seflow Italy', 'Sentry', 'SiteW', 'Tailwind CSS', 'Thank You', 'UTF-8', 'Vector Internet Services', 'Wix', 'Wix Media', 'mlcom']"
shopsk8gear.com,Artistic Inline and Roller Figure Skates | Sk8gear,SK8GEAR,GBR,87,107317,2026-09-30T12:37:45.282432723Z,"['123FormBuilder', 'Adult Content', 'Alternate Protocol', 'Amazon WAF Blocked', 'Apture Linking Platform', 'CafePress', 'Cloudflare', 'Commoninja', 'Content Delivery Network', 'Ecwid Ecommerce Shopping Cart', 'Express', 'Fastly', 'Fastly CDN', 'Fireblade', 'GZIP Module', 'Google My Business', 'Google Related Website Sites', 'Microdata for Google Shopping', 'NFOrce Internet', 'POWr', 'PWA', 'Perl', 'QUIC', 'SMC', 'Seflow Italy', 'Sentry', 'SiteW', 'Sitelinks Search Box', 'Social Intents', 'Thank You', 'Twitter Ads', 'UTF-8', 'Vector Internet Services', 'Wix', 'Wix Media', 'YouTube', 'eLand', 'mlcom']"
scaffoldingrental.my,Scaffolding Rental | Rental Price From RM1 | Same Day Delivery,Scaffolding Rental,MYS,87,90331,2026-09-30T12:08:55.488241284Z,"['Alternate Protocol', 'Amazon WAF Blocked', 'Apture Linking Platform', 'Cloudflare', 'Content Delivery Network', 'CyberJay', 'Ecwid Ecommerce Shopping Cart', 'Express', 'Fastly', 'Fastly CDN', 'GZIP Module', 'Google Related Website Sites', 'Microdata for Google Shopping', 'NFOrce Internet', 'PWA', 'Perl', 'QUIC', 'SMC', 'Seflow Italy', 'Sentry', 'SiteW', 'UTF-8', 'Vector Internet Services', 'Wix', 'Wix Media', 'eLand', 'mlcom']"
brittnietc.com,Home | hellotc,,,45,36296,2026-09-30T11:10:50.385529993Z,"['Alternate Protocol', 'Amazon WAF Blocked', 'Apture Linking Platform', 'Cloudflare', 'Content Delivery Network', 'Ecwid Ecommerce Shopping Cart', 'Fastly', 'Fastly CDN', 'GZIP Module', 'K2F', 'KVH', 'Microdata for Google Shopping', 'NFOrce Internet', 'PWA', 'Perl', 'QUIC', 'SMC', 'Sentry', 'SiteW', 'Subversion', 'UTF-8', 'Vector Internet Services', 'Wix', 'Wix Media', 'mlcom']"
thefitclinicsj.com,Personal Training | The Fit Clinic | San Jose,The Fit Clinic,USA,77,168998,2026-09-30T10:42:43.466350012Z,"['AWS WAF Challenge', 'Alternate Protocol', 'Amazon WAF Blocked', 'Apture Linking Platform', 'Cloudflare', 'Commoninja', 'Content Delivery Network', 'DAV', 'Ecwid Ecommerce Shopping Cart', 'Express', 'Fastly', 'Fastly CDN', 'FormSubmit', 'GZIP Module', 'Google Customer Reviews', 'Google Forms', 'Google My Business', 'Google Related Website Sites', 'Instagram Follow Button', 'K2F', 'KVH', 'Microdata for Google Shopping', 'NFOrce Internet', 'On The Map', 'POWr', 'PWA', 'Perl', 'QUIC', 'SMC', 'Seflow Italy', 'Sentry', 'SiteW', 'Square', 'Subversion', 'Tailwind CSS', 'Thank You', 'UTF-8', 'Vector Internet Services', 'WP Booking Calendar', 'Wix', 'Wix Media', 'mlcom']"
tathraplacefreerange.com,Home | tathra-place,Tathra Place Free Range,AUS,65,122963,2026-09-30T10:42:43.451212906Z,"['Alternate Protocol', 'Amazon WAF Blocked', 'Apture Linking Platform', 'Cloudflare', 'Coming Soon Page', 'Content Delivery Network', 'DAV', 'Ecwid Ecommerce Shopping Cart', 'Express', 'Fastly', 'Fastly CDN', 'Fireblade', 'GZIP Module', 'Instagram Follow Button', 'Microdata for Google Shopping', 'NFOrce Internet', 'On The Map', 'PWA', 'Perl', 'QUIC', 'SMC', 'Seflow Italy', 'Sentry', 'SiteW', 'Thank You', 'UTF-8', 'Vector Internet Services', 'WP Booking Calendar', 'Wix', 'Wix Media', 'YouTube', 'mlcom']"
casawdistillery.com,Casa W Distillery,,,50,147,2026-09-30T10:13:23.188384669Z,"['Alternate Protocol', 'Amazon', 'Amazon CloudFront', 'CloudFront', 'Ecwid Ecommerce Shopping Cart', 'GZIP Module', 'Google Cloud DNS', 'Google Maps', 'Google My Business', 'Instagram Follow Button', 'Nginx', 'PWA', 'QUIC', 'UTF-8', 'Unsplash', 'eLand']"
ebcvalley.com,HOME | Ebcvalley,,,55,26962,2026-09-30T10:13:23.156805297Z,"['Alternate Protocol', 'Amazon WAF Blocked', 'Apture Linking Platform', 'Church Center', 'Cloudflare', 'Content Delivery Network', 'Ecwid Ecommerce Shopping Cart', 'Express', 'Fastly', 'Fastly CDN', 'GZIP Module', 'Google Calendar', 'Google My Business', 'Microdata for Google Shopping', 'NFOrce Internet', 'POWr', 'PWA', 'QUIC', 'SMC', 'Sentry', 'SiteW', 'Subversion', 'Twitter Ads', 'UTF-8', 'Vector Internet Services', 'Wix', 'Wix Media', 'mlcom']"
zionsvilleoliveoil.com,Home | Zionsville Olive Oil,,,62,86266,2026-09-30T09:16:16.53884754Z,"['Alternate Protocol', 'Amazon', 'Amazon CloudFront', 'AudioEye', 'CDN JS', 'Call to Visit', 'CloudFront', 'Cloudflare', 'Cloudflare CDN', 'Duda', 'Ecwid Ecommerce Shopping Cart', 'Express', 'Font Awesome', 'FormSubmit', 'GZIP Module', 'Google Analytics', 'Google My Business', 'Google Tag Manager', 'Nginx', 'Perl', 'SMC', 'Styled Components', 'Tailwind CSS', 'Thank You', 'The Fresh', 'UTF-8', 'YouTube']"
lemonciello.com,Lemonceillo Home and Gift,,,62,5527,2026-09-30T09:03:13.622494077Z,"['Alternate Protocol', 'Amazon', 'Amazon CloudFront', 'CloudFront', 'ETranslate', 'Ecwid Ecommerce Shopping Cart', 'GZIP Module', 'Google Analytics', 'Google Cloud DNS', 'Google Maps', 'Google My Business', 'Google Tag Manager', 'Instagram Follow Button', 'Nginx', 'PWA', 'QUIC', 'Stripe', 'Tailwind CSS', 'UTF-8', 'Unsplash', 'eLand']"
sammyj.org,Artist | Miss sammy j singer,Sammy,,62,95493,2026-09-30T08:34:37.696763458Z,"['Amazon WAF Blocked', 'Apple Auto Link Maker', 'Apture Linking Platform', 'Content Delivery Network', 'CoolText', 'DC74', 'Ecwid Ecommerce Shopping Cart', 'Express', 'Fastly', 'Fastly CDN', 'GZIP Module', 'Google Adsense', 'Google Funding Choices', 'Google Matched Content', 'Google Related Website Sites', 'Google Reseller', 'Instagram Follow Button', 'Microdata for Google Shopping', 'NFOrce Internet', 'POWr', 'PWA', 'QUIC', 'SMC', 'Seflow Italy', 'Sentry', 'SiteW', 'Thank You', 'Twitter Ads', 'UTF-8', 'Vector Internet Services', 'Wix', 'Wix Media', 'YouTube', 'eLand', 'mlcom']"
cooperhaus-k9.com,Urban Dog House,"Urban Dog House, Inc.",,65,94963,2026-09-30T08:34:37.639664959Z,"['Amazon WAF Blocked', 'Apture Linking Platform', 'Cloudflare', 'Coming Soon Page', 'Content Delivery Network', 'DAV', 'DC74', 'Ecwid Ecommerce Shopping Cart', 'Express', 'Fastly', 'Fastly CDN', 'GZIP Module', 'Google My Business', 'Instagram Follow Button', 'Microdata for Google Shopping', 'NFOrce Internet', 'PWA', 'Perl', 'QUIC', 'SMC', 'Seflow Italy', 'Sentry', 'SiteW', 'Thank You', 'UTF-8', 'Vector Internet Services', 'WP Booking Calendar', 'Wix', 'Wix Media', 'Yelp Badge', 'mlcom']"
shopgoldeyes.ca,Winnipeg Goldeyes Team Store,,CAN,60,3435,2026-09-30T08:18:12.086745145Z,"['Alternate Protocol', 'Amazon', 'Amazon CloudFront', 'CloudFront', 'ETranslate', 'Ecwid Ecommerce Shopping Cart', 'GZIP Module', 'Google Cloud DNS', 'Google Maps', 'Google My Business', 'Instagram Follow Button', 'Nginx', 'Oddle', 'PWA', 'RM Education', 'Stripe', 'Toast POS', 'Twitter Ads', 'Typeform', 'UTF-8', 'Unsplash', 'eLand']"
tropicalshadeimports.net,Tiki Hut | California | Tropical Shade Imports,Tropical Shade Imports,PHL,87,108919,2026-09-30T07:48:55.949372642Z,"['Alternate Protocol', 'Amazon WAF Blocked', 'Apture Linking Platform', 'Cloudflare', 'Content Delivery Network', 'Ecwid Ecommerce Shopping Cart', 'Express', 'Fastly', 'Fastly CDN', 'GZIP Module', 'Google Related Website Sites', 'Instagram Follow Button', 'Microdata for Google Shopping', 'NFOrce Internet', 'On The Map', 'PWA', 'Perl', 'QUIC', 'SMC', 'Seflow Italy', 'Sentry', 'SiteW', 'Thank You', 'UTF-8', 'Vector Internet Services', 'Wix', 'Wix Media', 'eLand', 'iPlayerHD', 'mlcom']"
solstice-fitness.co.uk,"Solstice Fitness, Personal Training and Nutrition advice - Salisbury",Solstice Fitness,,77,115086,2026-09-30T07:48:55.927586156Z,"['Adult Content', 'Alternate Protocol', 'Amazon WAF Blocked', 'Apture Linking Platform', 'Cloudflare', 'Content Delivery Network', 'DAV', 'Ecwid Ecommerce Shopping Cart', 'Express', 'Fastly', 'Fastly CDN', 'GZIP Module', 'K2F', 'Microdata for Google Shopping', 'NFOrce Internet', 'POWr', 'PWA', 'Perl', 'QUIC', 'SMC', 'Seflow Italy', 'Sentry', 'SiteW', 'Subversion', 'UTF-8', 'Vector Internet Services', 'WP Booking Calendar', 'Wix', 'Wix Media', 'WordPress Related Posts', 'mlcom']"
flamingopermanentjewelry.com,Gold Jewelry | Flamingo Permanent Jewelry Llc | San Jose,Flamingo Permanent Jewelry LLC,,77,111194,2026-09-30T07:48:55.911867612Z,"['AWS WAF Challenge', 'Alternate Protocol', 'Amazon WAF Blocked', 'Apture Linking Platform', 'Cloudflare', 'Content Delivery Network', 'CoolText', 'DAV', 'Ecwid Ecommerce Shopping Cart', 'Express', 'Fastly', 'Fastly CDN', 'GZIP Module', 'Google Related Website Sites', 'Instagram Follow Button', 'Microdata for Google Shopping', 'NFOrce Internet', 'POWr', 'PWA', 'Perl', 'Podium', 'QUIC', 'SMC', 'Seflow Italy', 'Sentry', 'SiteW', 'Thank You', 'UTF-8', 'Vector Internet Services', 'WP Booking Calendar', 'Wix', 'Wix Media', 'eLand', 'mlcom']"
noirbeautylounge.com,Winnipeg Makeup Course & Salon | NOIR BEAUTY LOUNGE | Manitoba,Noir Beauty Lounge,CAN,77,109435,2026-09-30T07:36:48.393470223Z,"['123FormBuilder', 'Alternate Protocol', 'Amazon WAF Blocked', 'Apture Linking Platform', 'Cloudflare', 'Constant Contact', 'Content Delivery Network', 'CoolText', 'DAV', 'Ecwid Ecommerce Shopping Cart', 'Epic Form Builder', 'Express', 'Fastly', 'Fastly CDN', 'Fireblade', 'Fresha', 'GZIP Module', 'Google Related Website Sites', 'Instagram Follow Button', 'Microdata for Google Shopping', 'Microsoft Azure Blob Storage', 'NFOrce Internet', 'POWr', 'PWA', 'Perl', 'QUIC', 'SMC', 'Seflow Italy', 'Sentry', 'SiteW', 'Social Intents', 'Thank You', 'UTF-8', 'Vector Internet Services', 'WP Booking Calendar', 'Wix', 'Wix Media', 'mlcom', 'smoove']"
eaglefeathergallery.com,EAGLE FEATHER GALLERY,,SYC,72,21771,2026-09-30T07:19:49.939395728Z,"['Amazon', 'Amazon CloudFront', 'ClickOn', 'CloudFront', 'DAV', 'Ecwid Ecommerce Shopping Cart', 'Express', 'Financial Services Guide', 'GZIP Module', 'Google', 'Google Cloud DNS', 'Google Font API', 'Google Maps', 'Google My Business', 'Idaq', 'Investor Relations', 'Nginx', 'PWA', 'Phew', 'Show.co', 'Tailwind CSS', 'Twitter Ads', 'UTF-8', 'University or College', 'Vimeo', 'YouTube', 'ad.plus Reseller']"
baybreezeinteriorswh.com,Antique Furniture And Decor | Bay Breeze Interiors | United States,Baybreeze Interiors,USA,67,90331,2026-09-30T07:19:49.920842495Z,"['Amazon WAF Blocked', 'Apture Linking Platform', 'Cloudflare', 'Content Delivery Network', 'Ecwid Ecommerce Shopping Cart', 'Express', 'Fastly', 'Fastly CDN', 'GZIP Module', 'Google Related Website Sites', 'Instagram Follow Button', 'Microdata for Google Shopping', 'NFOrce Internet', 'PWA', 'QUIC', 'SMC', 'Seflow Italy', 'Sentry', 'SiteW', 'UTF-8', 'Vector Internet Services', 'Wix', 'Wix Media', 'mlcom']"
100blackmenofstmary.com,Non-profit organization | 100 Black Men Of St Mary Parish | Louisiana,,,50,37051,2026-09-30T07:07:13.986720808Z,"['Alternate Protocol', 'Amazon WAF Blocked', 'Apture Linking Platform', 'Cloudflare', 'Content Delivery Network', 'DAV', 'Ecwid Ecommerce Shopping Cart', 'Express', 'Fastly', 'Fastly CDN', 'GZIP Module', 'K2F', 'KVH', 'Microdata for Google Shopping', 'NFOrce Internet', 'POWr', 'PWA', 'Perl', 'QUIC', 'SMC', 'Seflow Italy', 'Sentry', 'SiteW', 'Subversion', 'Thank You', 'Twitter Ads', 'UTF-8', 'University or College', 'Vector Internet Services', 'WP Booking Calendar', 'Wix', 'Wix Media', 'mlcom']"
levityandwit.com,Levity & Wit | Live Your Style,,,60,315,2026-09-30T07:07:13.974097299Z,"['Alternate Protocol', 'Amazon CloudFront', 'Amazon WAF Blocked', 'Aruba', 'Azion', 'CloudFront', 'Content Delivery Network', 'Divi', 'Ecwid Ecommerce Shopping Cart', 'Elegant Themes', 'EmbedPress', 'Facebook Conversion Tracking', 'Facebook Login', 'Facebook Messenger Platform', 'Facebook Pixel', 'Facebook Reseller', 'Facebook Tag API', 'FormSubmit', 'Google Analytics', 'Google Cloud DNS', 'Google Font API', 'Google My Business', 'Google Tag Manager', 'Gravity', 'Gravity Forms', 'LiteSpeed', 'PHP', 'QUIC', 'Termly', 'Thank You', 'The Events Calendar', 'Theme In WP', 'UTF-8', 'Woo Themes', 'WordPress', 'WordPress Multisite', 'eLand', 'jQuery']"
monicafinazzo.com,The Enchantress | Clairvoyant | Spiritual Teacher | Energy Healing | Sunshine Coast,The Enchantress,AUS,72,191302,2026-09-30T06:50:10.835062445Z,"['AWS WAF Challenge', 'Alternate Protocol', 'Amazon WAF Blocked', 'Apture Linking Platform', 'CCSI', 'Cloudflare', 'Content Delivery Network', 'Contento', 'DAV', 'DC74', 'Ecwid Ecommerce Shopping Cart', 'Express', 'Fastly', 'Fastly CDN', 'Fireblade', 'FormSubmit', 'GZIP Module', 'Google Analytics', 'Google My Business', 'Google Related Website Sites', 'Google Tag Manager', 'Instagram Follow Button', 'Microdata for Google Shopping', 'NFOrce Internet', 'On The Map', 'Oracle Cloud', 'POWr', 'PWA', 'Perl', 'Pico CSS', 'QUIC', 'SMC', 'Seflow Italy', 'Sentry', 'SiteW', 'Subversion', 'Thank You', 'UTF-8', 'Vector Internet Services', 'WP Booking Calendar', 'Wix', 'Wix Media', 'YouTube', 'mlcom']"
jcmoto.in,jcMoto | Custom Motorcycles | Mumbai,jcMoto,IND,67,90806,2026-09-30T06:50:10.814695369Z,"['Alternate Protocol', 'Amazon WAF Blocked', 'Apture Linking Platform', 'Cloudflare', 'Content Delivery Network', 'DAV', 'Ecwid Ecommerce Shopping Cart', 'Express', 'Fastly', 'Fastly CDN', 'GZIP Module', 'Google Related Website Sites', 'Instagram Follow Button', 'Microdata for Google Shopping', 'NFOrce Internet', 'POWr', 'PWA', 'Perl', 'QUIC', 'SMC', 'Seflow Italy', 'Sentry', 'SiteW', 'Sitelinks Search Box', 'Thank You', 'UTF-8', 'Vector Internet Services', 'WP Booking Calendar', 'Wix', 'Wix Media', 'mlcom']"
truedrips.com,Woodstock Vape & Glass - Online Store,,USA,70,28766,2026-09-30T06:50:10.800972053Z,"['Alternate Protocol', 'Amazon', 'Amazon CloudFront', 'CloudFront', 'Coming Soon Page', 'ETranslate', 'Ecwid Ecommerce Shopping Cart', 'Express', 'GZIP Module', 'Google Cloud DNS', 'Google Maps', 'Google My Business', 'Instagram Follow Button', 'Nginx', 'PWA', 'Qualtrics Site Intercept', 'RM Education', 'Typeform', 'UTF-8', 'Unsplash', 'eLand']"
lmtenglewood.com,"Massage, Yoga, Wellness | Kulina Wellness Colorado",Kulina Massage and Wellness,,82,95644,2026-09-30T06:37:04.528139639Z,"['Alternate Protocol', 'Amazon WAF Blocked', 'Apture Linking Platform', 'Cloudflare', 'Content Delivery Network', 'DAV', 'DC74', 'Ecwid Ecommerce Shopping Cart', 'Express', 'Fastly', 'Fastly CDN', 'GZIP Module', 'Google Related Website Sites', 'Instagram Follow Button', 'Microdata for Google Shopping', 'NFOrce Internet', 'PWA', 'Perl', 'QUIC', 'SMC', 'Seflow Italy', 'Sentry', 'SiteW', 'Sitelinks Search Box', 'Thank You', 'UTF-8', 'Vector Internet Services', 'WP Booking Calendar', 'Wix', 'Wix Media', 'Yelp Badge', 'YouTube', 'eLand', 'mlcom']"
crystalrecords.com,Crystal Records,,,52,,2026-09-30T05:51:24.172676355Z,"['Apache', 'Ecwid Ecommerce Shopping Cart', 'Express', 'Thank You']"
bethslittlebakeshop.com,Beth's Little Bake Shop,Beth's Little Bake Shop,,77,33216,2026-09-30T04:40:40.642689613Z,"['AWS WAF Challenge', 'Adobe Creative Cloud WebFonts', 'Alternate Protocol', 'Aruba', 'Ecwid Ecommerce Shopping Cart', 'Express', 'Fireblade', 'GZIP Module', 'Google Analytics', 'Google Tag Manager', 'Instagram Follow Button', 'Interchange', 'Line2', 'Microdata for Google Shopping', 'NFOrce Internet', 'Perl', 'QUIC', 'Squarespace', 'Thank You', 'UTF-8', 'WordPress SEO Structured Data Schema Plugin', 'Yelp Badge', 'eLand']"
gameonberkeley.com,Entertainment Venue in Berkeley | Game On Berkeley,Game On,,77,150806,2026-09-30T04:40:40.641570096Z,"['AWS WAF Challenge', 'Amazon WAF Blocked', 'Apture Linking Platform', 'Content Delivery Network', 'DAV', 'Ecwid Ecommerce Shopping Cart', 'Express', 'Fastly', 'Fastly CDN', 'GZIP Module', 'Google Customer Reviews', 'Google Related Website Sites', 'Instagram Follow Button', 'K2F', 'KVH', 'Microdata for Google Shopping', 'NFOrce Internet', 'POWr', 'PWA', 'Perl', 'QUIC', 'SMC', 'Seflow Italy', 'Sentry', 'SiteW', 'Subversion', 'Thank You', 'UTF-8', 'Vector Internet Services', 'WP Booking Calendar', 'Wix', 'Wix Media', 'mlcom']"
coldwatercanyongolf.com,"Dells Golf Course | Cold Water Canyon Golf Course | Wisconsin Dells, WI",Cold Water Canyon Golf Course,USA,82,108470,2026-09-30T04:40:40.612488735Z,"['Alternate Protocol', 'Amazon', 'Amazon WAF Blocked', 'Apture Linking Platform', 'Clicky', 'Cloudflare', 'Content Delivery Network', 'DAV', 'Ecwid Ecommerce Shopping Cart', 'Epic Form Builder', 'Express', 'Fastly', 'Fastly CDN', 'Financial Services Guide', 'Fireblade', 'FormSubmit', 'GZIP Module', 'Google Related Website Sites', 'Microdata for Google Shopping', 'NFOrce Internet', 'PHP', 'POWr', 'PWA', 'Perl', 'Pico CSS', 'QUIC', 'SMC', 'Schedulista', 'Seflow Italy', 'Sentry', 'SiteW', 'Subversion', 'UTF-8', 'Vector Internet Services', 'Wix', 'Wix Media', 'YouTube', 'eLand', 'mlcom']"
chancellorband.org,Chancellor High School Marching Band | chancellor-band.org,,,72,106033,2026-09-30T04:24:32.970102276Z,"['123FormBuilder', 'Amazon WAF Blocked', 'Apture Linking Platform', 'Cloudflare', 'Content Delivery Network', 'Ecwid Ecommerce Shopping Cart', 'Express', 'Fastly', 'Fastly CDN', 'Fireblade', 'GZIP Module', 'Google Calendar', 'Google Forms', 'Google My Business', 'Google Related Website Sites', 'Instagram Follow Button', 'Microdata for Google Shopping', 'NFOrce Internet', 'POWr', 'PWA', 'PayPal Adaptive Payments', 'QUIC', 'SMC', 'Seflow Italy', 'Sentry', 'SiteW', 'Square', 'UTF-8', 'Vector Internet Services', 'Wix', 'Wix Media', 'YouTube', 'eLand', 'mlcom']"
rakennushottinen.fi,Maalaus- ja rakennuspalvelu Hottinen Oy,Maalaus- ja rakennuspalvelu Hottinen Oy,FIN,72,94924,2026-09-30T04:24:32.9559792Z,"['Amazon WAF Blocked', 'Apture Linking Platform', 'Cloudflare', 'Content Delivery Network', 'DAV', 'DC74', 'Ecwid Ecommerce Shopping Cart', 'Express', 'Fastly', 'Fastly CDN', 'GZIP Module', 'Microdata for Google Shopping', 'NFOrce Internet', 'PWA', 'Perl', 'QUIC', 'SMC', 'Seflow Italy', 'Sentry', 'SiteW', 'UTF-8', 'Vector Internet Services', 'WP Booking Calendar', 'Wix', 'Wix Media', 'eLand', 'mlcom']"
stopporchpirates.net,"stop porch pirates | Package delivery box Houston | Houston, TX, USA",Stop Porch Pirates,USA,72,135568,2026-09-30T04:08:13.992560644Z,"['Amazon WAF Blocked', 'Apture Linking Platform', 'Aruba', 'Cloudflare', 'Content Delivery Network', 'Contento', 'DAV', 'DC74', 'Ecwid Ecommerce Shopping Cart', 'Express', 'Fastly', 'Fastly CDN', 'Fireblade', 'FormSubmit', 'GZIP Module', 'GitHub Hosting', 'Microdata for Google Shopping', 'NFOrce Internet', 'PWA', 'Parcel', 'Perl', 'Pico CSS', 'QUIC', 'SMC', 'Schedulista', 'Seflow Italy', 'Sentry', 'SiteW', 'Subversion', 'Thank You', 'UTF-8', 'Vector Internet Services', 'WP Booking Calendar', 'Wix', 'Wix Media', 'eLand', 'mlcom']"
breakfastisoverrated.com,"Painted Lady Bed & Brew | Albuquerque, NM | Breakfast is Overrated | Beer",Painted Lady Bed &amp; Brew,USA,77,178446,2026-09-30T03:54:19.358594018Z,"['123FormBuilder', 'Adult Content', 'Alternate Protocol', 'Amazon WAF Blocked', 'Apture Linking Platform', 'Cloudflare', 'Content Delivery Network', 'DAV', 'DC74', 'Ecwid Ecommerce Shopping Cart', 'Express', 'Fastly', 'Fastly CDN', 'Fireblade', 'GZIP Module', 'Google My Business', 'Google Related Website Sites', 'Heroku', 'Instagram Follow Button', 'K2F', 'KVH', 'Microdata for Google Shopping', 'NFOrce Internet', 'On The Map', 'POWr', 'PWA', 'Perl', 'QUIC', 'SMC', 'Seflow Italy', 'Sentry', 'SiteW', 'Subversion', 'Think Reservations', 'Twitter Ads', 'UTF-8', 'Vector Internet Services', 'WP Booking Calendar', 'Wix', 'Wix Media', 'WordPress Related Posts', 'YouTube', 'mlcom']"
maryannsmacarons.com,HOME | Mary Ann's Macarons,Mary Ann's Macarons ,CAN,67,125331,2026-09-30T03:54:19.34917747Z,"['AWS WAF Challenge', 'Alternate Protocol', 'Amazon WAF Blocked', 'Apture Linking Platform', 'Cloudflare', 'Content Delivery Network', 'Ecwid Ecommerce Shopping Cart', 'Express', 'Fastly', 'Fastly CDN', 'GZIP Module', 'Gambling Content', 'Google Related Website Sites', 'Instagram Follow Button', 'KVH', 'Microdata for Google Shopping', 'NFOrce Internet', 'PWA', 'Perl', 'QUIC', 'SMC', 'Seflow Italy', 'Sentry', 'SiteW', 'Sitelinks Search Box', 'Thank You', 'UTF-8', 'Vector Internet Services', 'Wix', 'Wix Media', 'mlcom']"
grafmax.org,HOME | grafmax,,USA,65,89611,2026-09-30T03:41:21.023895617Z,"['Alternate Protocol', 'Amazon WAF Blocked', 'Apture Linking Platform', 'Cloudflare', 'Content Delivery Network', 'Ecwid Ecommerce Shopping Cart', 'Express', 'Fastly', 'Fastly CDN', 'GZIP Module', 'Microdata for Google Shopping', 'NFOrce Internet', 'PWA', 'QUIC', 'SMC', 'Seflow Italy', 'Sentry', 'SiteW', 'UTF-8', 'Vector Internet Services', 'Wix', 'Wix Media', 'WordPress Related Posts', 'mlcom']"
pencilperfect.online,Pencil Perfect,,,62,20627,2026-09-30T03:41:20.971733796Z,"['Alternate Protocol', 'Amazon', 'Amazon CloudFront', 'CloudFront', 'ETranslate', 'Ecwid Ecommerce Shopping Cart', 'Fireblade', 'GZIP Module', 'Google Cloud DNS', 'Google Maps', 'Instagram Follow Button', 'Nginx', 'PWA', 'Parcel', 'QUIC', 'Royal Mail', 'Stripe', 'UTF-8', 'Unsplash', 'eLand']"
becomingtheripple.com,Becoming The Ripple | Valcin Strategic Solutions,,USA,70,97685,2026-09-30T03:24:48.843418841Z,"['Amazon WAF Blocked', 'Amazon Widgets', 'Apture Linking Platform', 'Calendly', 'Cloudflare', 'Content Delivery Network', 'Ecwid Ecommerce Shopping Cart', 'Express', 'Fastly', 'Fastly CDN', 'GZIP Module', 'Google Related Website Sites', 'NFOrce Internet', 'POWr', 'PWA', 'Prospective', 'QUIC', 'SMC', 'Seflow Italy', 'Sentry', 'SiteW', 'Thank You', 'UTF-8', 'University or College', 'Vector Internet Services', 'Wave', 'Wix', 'Wix Media', 'eLand', 'mlcom']"
bahnhof.com,The Bahnhof Ski and Sport Shop,,USA,65,28727,2026-09-30T02:55:37.463138933Z,"['Alternate Protocol', 'Amazon', 'Amazon CloudFront', 'CloudFront', 'ETranslate', 'Ecwid Ecommerce Shopping Cart', 'FareHarbor', 'Financial Services Guide', 'Fireblade', 'GZIP Module', 'Google Cloud DNS', 'Google Maps', 'Google My Business', 'Harbor', 'Instagram Follow Button', 'Nginx', 'PWA', 'QUIC', 'RM Education', 'Stripe', 'Tailwind CSS', 'Typeform', 'UTF-8', 'Unsplash', 'eLand']"
volleyballinthemud.com,Long Island Volleyball Tournaments | VBLI,VBLI LLC,USA,67,126706,2026-09-30T01:54:49.842356558Z,"['AWS WAF Challenge', 'Alternate Protocol', 'Amazon WAF Blocked', 'Apture Linking Platform', 'Cloudflare', 'Content Delivery Network', 'DAV', 'Ecwid Ecommerce Shopping Cart', 'Express', 'Fastly', 'Fastly CDN', 'GZIP Module', 'Google Related Website Sites', 'Heroku', 'Instagram Follow Button', 'Microdata for Google Shopping', 'NFOrce Internet', 'On The Map', 'POWr', 'PWA', 'Perl', 'QUIC', 'SMC', 'Seflow Italy', 'Sentry', 'SiteW', 'Thank You', 'UTF-8', 'Vector Internet Services', 'WP Booking Calendar', 'Wix', 'Wix Media', 'Yandex Hosting', 'YouTube', 'mlcom']"
hairbymason.com,"HairByMason | Columbus, OH",HairByMason,USA,77,121694,2026-09-30T01:41:49.014391817Z,"['123FormBuilder', 'AWS WAF Challenge', 'Alternate Protocol', 'Amazon WAF Blocked', 'Apture Linking Platform', 'Cloudflare', 'Content Delivery Network', 'DAV', 'Ecwid Ecommerce Shopping Cart', 'Express', 'Fastly', 'Fastly CDN', 'Fireblade', 'GZIP Module', 'Google Related Website Sites', 'Instagram Follow Button', 'Microdata for Google Shopping', 'NFOrce Internet', 'POWr', 'PWA', 'Perl', 'QUIC', 'SMC', 'Schedulista', 'Seflow Italy', 'Sentry', 'SiteW', 'Thank You', 'Twitter Ads', 'UTF-8', 'Vector Internet Services', 'WP Booking Calendar', 'Wix', 'Wix Media', 'eLand', 'mlcom']"
slowyarn.com,SlowYarn.com | Slow down. Live better. Make yarn.,SlowYarn.com,,72,889,2026-09-30T01:11:29.452148451Z,"['Alternate Protocol', 'Amazon CloudFront', 'Apache', 'CloudFront', 'Debian', 'Ecwid Ecommerce Shopping Cart', 'EmbedPress', 'GZIP Module', 'Google Analytics', 'Google My Business', 'Google Tag Manager', 'Hashcash', 'Hueman', 'Microdata for Google Shopping', 'MonsterInsights', 'PHP', 'ShareASale', 'Sitelinks Search Box', 'The SEO Framework', 'Theme In WP', 'UTF-8', 'WordPress', 'WordPress Multisite', 'jQuery']"
shopmnbest.com,OFFICIAL MARKETING SITE | MINNESOTA'S BEST,,,67,185871,2026-09-30T00:56:24.031327329Z,"['123FormBuilder', 'Amazon WAF Blocked', 'Apture Linking Platform', 'Cloudflare', 'Content Delivery Network', 'DC74', 'Ecwid Ecommerce Shopping Cart', 'Express', 'Facebook Conversion Tracking', 'Facebook Login', 'Facebook Messenger Platform', 'Facebook Pixel', 'Facebook Reseller', 'Facebook Tag API', 'Fastly', 'Fastly CDN', 'Fireblade', 'GZIP Module', 'Google Analytics', 'Google Related Website Sites', 'Google Tag Manager', 'Instagram Follow Button', 'Microdata for Google Shopping', 'NFOrce Internet', 'PWA', 'QUIC', 'SMC', 'Seflow Italy', 'Sentry', 'SiteW', 'Tealium', 'UTF-8', 'Vector Internet Services', 'Wix', 'Wix Media', 'mlcom']"
gliscentlaundry.com,Home | Gliscent Laundry Ser,Gliscent Laundry Services LLP,IND,70,89924,2026-09-30T00:56:24.014811672Z,"['Amazon WAF Blocked', 'Apture Linking Platform', 'Cloudflare', 'Content Delivery Network', 'DAV', 'Ecwid Ecommerce Shopping Cart', 'Express', 'Fastly', 'Fastly CDN', 'GZIP Module', 'Instagram Follow Button', 'Microdata for Google Shopping', 'NFOrce Internet', 'PWA', 'Perl', 'QUIC', 'SMC', 'Seflow Italy', 'Sentry', 'SiteW', 'Thank You', 'UTF-8', 'Vector Internet Services', 'WP Booking Calendar', 'Wix', 'Wix Media', 'eLand', 'mlcom']"
ghchorus.org,Greater Harrisburg Chorus - SingUnited International,Greater Harrisburg Chorus,,87,181346,2026-09-30T00:42:42.550847028Z,"['123FormBuilder', 'Alternate Protocol', 'Amazon WAF Blocked', 'Apture Linking Platform', 'Content Delivery Network', 'DAV', 'DC74', 'Ecwid Ecommerce Shopping Cart', 'Express', 'Fastly', 'Fastly CDN', 'Fireblade', 'GZIP Module', 'GitHub Hosting', 'Google Related Website Sites', 'Instagram Follow Button', 'K2F', 'KVH', 'Microdata for Google Shopping', 'NFOrce Internet', 'On The Map', 'POWr', 'PWA', 'Perl', 'Prospective', 'QUIC', 'SMC', 'Seflow Italy', 'Sentry', 'SiteW', 'Subversion', 'Thank You', 'UTF-8', 'Vector Internet Services', 'WP Booking Calendar', 'Wix', 'Wix Media', 'YouTube', 'eLand', 'mlcom']"
newgradnursinginterviewcoach.com,New Grad RN Interview Prep,,,67,105806,2026-09-30T00:42:42.542010487Z,"['AWS WAF Challenge', 'Alternate Protocol', 'Amazon WAF Blocked', 'Apture Linking Platform', 'Cloudflare', 'Content Delivery Network', 'DAV', 'Ecwid Ecommerce Shopping Cart', 'Express', 'Fastly', 'Fastly CDN', 'GZIP Module', 'Google Adsense', 'Google Customer Reviews', 'Google Matched Content', 'Google Related Website Sites', 'Google Reseller', 'Microdata for Google Shopping', 'NFOrce Internet', 'POWr', 'PWA', 'Perl', 'QUIC', 'SMC', 'Seflow Italy', 'Sentry', 'SiteW', 'Thank You', 'UTF-8', 'Vector Internet Services', 'WP Booking Calendar', 'Wix', 'Wix Media', 'eLand', 'mlcom']"
clovergiftshop.com,Clover Gift Shop,,GBR,65,13727,2026-09-30T00:42:42.522030441Z,"['Alternate Protocol', 'Amazon', 'Amazon CloudFront', 'CloudFront', 'ETranslate', 'Ecwid Ecommerce Shopping Cart', 'GZIP Module', 'Google Cloud DNS', 'Google Maps', 'Google My Business', 'Instagram Follow Button', 'Nginx', 'PWA', 'RM Education', 'Typeform', 'UTF-8', 'Unsplash', 'eLand']"
sumancarpet.com,SUMAN CARPET | RUGS,Suman Carpet,IND,72,110806,2026-09-30T00:12:03.694545643Z,"['AWS WAF Challenge', 'Alternate Protocol', 'Amazon WAF Blocked', 'Apture Linking Platform', 'Cloudflare', 'Content Delivery Network', 'DAV', 'DC74', 'Ecwid Ecommerce Shopping Cart', 'Express', 'Fastly', 'Fastly CDN', 'Free Call', 'GZIP Module', 'Google Customer Reviews', 'Google Related Website Sites', 'Instagram Follow Button', 'Microdata for Google Shopping', 'NFOrce Internet', 'POWr', 'PWA', 'Perl', 'QUIC', 'SMC', 'Seflow Italy', 'Sentry', 'SiteW', 'Sitelinks Search Box', 'Thank You', 'UTF-8', 'Vector Internet Services', 'WP Booking Calendar', 'Wix', 'Wix Media', 'YouTube', 'mlcom']"
3ppeakperformancephysio.com,"Peak Performance Physiotherapy & Sports Rehab | Kenora | 503 First Street South, Kenora, ON P9N 1C8, Canada",,CAN,87,90644,2026-09-29T23:55:53.358372764Z,"['Alternate Protocol', 'Amazon WAF Blocked', 'Apture Linking Platform', 'Cloudflare', 'Content Delivery Network', 'DAV', 'Ecwid Ecommerce Shopping Cart', 'Express', 'Fastly', 'Fastly CDN', 'GZIP Module', 'Google Related Website Sites', 'Microdata for Google Shopping', 'NFOrce Internet', 'PWA', 'Perl', 'QUIC', 'SMC', 'Seflow Italy', 'Sentry', 'SiteW', 'Thank You', 'UTF-8', 'Vector Internet Services', 'WP Booking Calendar', 'Wix', 'Wix Media', 'eLand', 'mlcom']"
taichi-kungfu.com,Tai Chi classes | Australia | Tai Chi Kung Fu Institute,Tai Chi Kung Fu Institute,SYC,87,135806,2026-09-29T23:55:53.357112087Z,"['Alternate Protocol', 'Amazon WAF Blocked', 'Apture Linking Platform', 'Cloudflare', 'Content Delivery Network', 'DAV', 'Ecwid Ecommerce Shopping Cart', 'Express', 'Fastly', 'Fastly CDN', 'GZIP Module', 'Google Related Website Sites', 'K2F', 'KVH', 'Microdata for Google Shopping', 'NFOrce Internet', 'POWr', 'PWA', 'Perl', 'QUIC', 'SMC', 'Seflow Italy', 'Sentry', 'SiteW', 'Subversion', 'Thank You', 'UTF-8', 'University or College', 'Vector Internet Services', 'WP Booking Calendar', 'Wix', 'Wix Media', 'YouTube', 'eLand', 'mlcom']"
pinkfridayweekend.com,"Pink Friday Nov 21, 2025 | Shop The Best Boutiques",,NZL,65,137136,2026-09-29T23:25:59.874345173Z,"['Adult Content', 'App Store', 'Booking Affiliate', 'Cisco/Arrowpoint Content Service Switch', 'CommentSold', 'Consignor', 'Cornerstone', 'DAV', 'DC74', 'Ecwid Ecommerce Shopping Cart', 'Efilli', 'Ethy', 'Etsy', 'Express', 'Font Awesome', 'GZIP Module', 'Glam Media', 'GoDaddy', 'GoDaddy Website Builder', 'Google', 'Google Analytics', 'Google Cloud DNS', 'Google Font API', 'Google My Business', 'Google Tag Manager', 'Harbor', 'Hive.co', 'Instagram Follow Button', 'Landis Holdings', 'Linktree', 'Nginx', 'OSS CDN', 'Parcel', 'Perl', 'Privy', 'RM Education', 'Rush', 'SAS', 'Shopify', 'Shore', 'Square', 'Tailwind CSS', 'The Fresh', 'UPS', 'UTF-8', 'University or College', 'Vagaro', 'Vine Embed', 'Way', 'a la mode', 'eLand', 'shadcn ui']"
rykerjames.org,Home,,,50,,2026-09-29T23:11:55.011104515Z,"['CDN JS', 'Cloudflare', 'Cloudflare CDN', 'Content Delivery Network', 'Ecwid Ecommerce Shopping Cart', 'Express', 'Pico CSS', 'SiteW', 'UTF-8', 'Vimeo']"
shopngn.ca,NGN Sales & Service,,,50,647,2026-09-29T22:23:27.556198756Z,"['Alternate Protocol', 'Amazon', 'Amazon CloudFront', 'CloudFront', 'ETranslate', 'Ecwid Ecommerce Shopping Cart', 'GZIP Module', 'Google Cloud DNS', 'Google Maps', 'Google My Business', 'Instagram Follow Button', 'Nginx', 'PWA', 'Stripe', 'UTF-8', 'Unsplash', 'eLand']"
riverstonewines.com,Discover Riverstone Wines Coldstream | Premium Wines & Dining | Visit Us Today!,,SYC,87,95806,2026-09-29T22:10:15.851252362Z,"['Alternate Protocol', 'Amazon WAF Blocked', 'Apture Linking Platform', 'Cloudflare', 'Content Delivery Network', 'DAV', 'DC74', 'Ecwid Ecommerce Shopping Cart', 'Express', 'Fastly', 'Fastly CDN', 'GZIP Module', 'Google Related Website Sites', 'Instagram Follow Button', 'Microdata for Google Shopping', 'NFOrce Internet', 'POWr', 'PWA', 'Perl', 'QUIC', 'SMC', 'Seflow Italy', 'Sentry', 'SiteW', 'Sitelinks Search Box', 'Square', 'Thank You', 'UTF-8', 'Vector Internet Services', 'WP Booking Calendar', 'Wix', 'Wix Media', 'eLand', 'mlcom']"
earthviewlighting.com,"Projects Lighting Consultancy and Distributor | Projects Lighting Specialist | 95 Garfield Road, Claremont, Cape Town, South Africa",,ZAF,65,89611,2026-09-29T21:42:55.590171462Z,"['Alternate Protocol', 'Amazon WAF Blocked', 'Apture Linking Platform', 'Content Delivery Network', 'Ecwid Ecommerce Shopping Cart', 'Express', 'Fastly', 'Fastly CDN', 'GZIP Module', 'Instagram Follow Button', 'NFOrce Internet', 'PWA', 'QUIC', 'SMC', 'Seflow Italy', 'Sentry', 'SiteW', 'Thank You', 'UTF-8', 'Vector Internet Services', 'Wix', 'Wix Media', 'eLand', 'mlcom']"
kikitheo-wealthworks.com,"Kiki Theo Wealth Works | wealth expansion | Harbour View Studios, 136 Main Road, Kalk Bay, Cape Town, Western Cape, South Africa",Kiki Theo Wealth Works ,GBR,77,108589,2026-09-29T21:42:55.532039014Z,"['Alternate Protocol', 'Amazon WAF Blocked', 'Apture Linking Platform', 'Cloudflare', 'Content Delivery Network', 'Ecwid Ecommerce Shopping Cart', 'Express', 'Fastly', 'Fastly CDN', 'FormSubmit', 'GZIP Module', 'Google Related Website Sites', 'Instagram Follow Button', 'Microdata for Google Shopping', 'NFOrce Internet', 'On The Map', 'POWr', 'PWA', 'Perl', 'QUIC', 'SMC', 'Seflow Italy', 'Sentry', 'SiteW', 'Thank You', 'Twitter Ads', 'UTF-8', 'Vector Internet Services', 'Wix', 'Wix Media', 'YouTube', 'mlcom']"
queenminetours.com,Home | Copper Queen Mine Tour,,,60,36985,2026-09-29T20:43:59.863651319Z,"['Alternate Protocol', 'Amazon WAF Blocked', 'Apture Linking Platform', 'Cloudflare', 'Content Delivery Network', 'DAV', 'Ecwid Ecommerce Shopping Cart', 'Express', 'FareHarbor', 'Fastly', 'Fastly CDN', 'GZIP Module', 'Google Forms', 'Google My Business', 'Harbor', 'K2F', 'KVH', 'Microdata for Google Shopping', 'NFOrce Internet', 'PWA', 'Perl', 'QUIC', 'SMC', 'Seflow Italy', 'Sentry', 'SiteW', 'Subversion', 'Thank You', 'UTF-8', 'Vector Internet Services', 'WP Booking Calendar', 'Wix', 'Wix Media', 'eLand', 'mlcom']"
threeriversgems.com,Three Rivers Gem and Jewelry,Three Rivers Gem &amp; Jewelry,,82,89773,2026-09-29T20:13:53.461175104Z,"['Alternate Protocol', 'Amazon WAF Blocked', 'Apture Linking Platform', 'Content Delivery Network', 'Ecwid Ecommerce Shopping Cart', 'Express', 'Fastly', 'Fastly CDN', 'GZIP Module', 'Microdata for Google Shopping', 'NFOrce Internet', 'POWr', 'PWA', 'QUIC', 'SMC', 'Seflow Italy', 'Sentry', 'SiteW', 'Thank You', 'UTF-8', 'Vector Internet Services', 'Wix', 'Wix Media', 'eLand', 'mlcom']"
popssociety.org,Pediatric Orthopaedic Practitioners Society - Home,,USA,70,101140,2026-09-29T19:55:52.646552124Z,"['Amazon', 'Amazon CloudFront', 'Amazon Route 53', 'CloudFront', 'Cloudflare', 'Cloudflare CDN', 'Contento', 'DoubleClick Bid Manager', 'Ecwid Ecommerce Shopping Cart', 'Font Awesome', 'Forethought', 'GZIP Module', 'GetResponse', 'Google', 'Google Analytics', 'Google Cloud DNS', 'Google Maps', 'Google My Business', 'Google Tag Manager', 'Instagram Follow Button', 'Storyblocks', 'Twitter Ads', 'UTF-8', 'UserVoice', 'Wild Apricot', 'YouTube', 'Zendesk Embeddables', 'elevio', 'reCAPTCHA']"
crownedeaglesglobal.org,Crowned Eagles Global | Singapore | Home,,,77,166683,2026-09-29T19:43:09.360672155Z,"['123FormBuilder', 'AWS WAF Challenge', 'Alternate Protocol', 'Amazon WAF Blocked', 'Apture Linking Platform', 'Better Lead Generation Services', 'Cloudflare', 'Content Delivery Network', 'DAV', 'Ecwid Ecommerce Shopping Cart', 'Express', 'Fastly', 'Fastly CDN', 'Fireblade', 'GZIP Module', 'Google Related Website Sites', 'Instagram Follow Button', 'K2F', 'Microdata for Google Shopping', 'NFOrce Internet', 'On The Map', 'PWA', 'Perl', 'QUIC', 'SMC', 'Seflow Italy', 'Sentry', 'Share Link', 'SiteW', 'Subversion', 'Telegram', 'Thank You', 'Twitter Ads', 'UTF-8', 'Vector Internet Services', 'W3 Total Cache', 'WP Booking Calendar', 'Wix', 'Wix Media', 'Yandex Hosting', 'YouTube', 'eLand', 'mlcom']"
christfanchurch.org,Home | Christ For All Nations Church,Christ For All Nations Church,CAN,65,134924,2026-09-29T19:26:35.304012054Z,"['Alternate Protocol', 'Amazon WAF Blocked', 'Apture Linking Platform', 'Cloudflare', 'Content Delivery Network', 'DAV', 'Ecwid Ecommerce Shopping Cart', 'Express', 'Fastly', 'Fastly CDN', 'Financial Services Guide', 'GZIP Module', 'K2F', 'KVH', 'Microdata for Google Shopping', 'NFOrce Internet', 'PWA', 'Perl', 'QUIC', 'SMC', 'Seflow Italy', 'Sentry', 'SiteW', 'Subversion', 'UTF-8', 'Vector Internet Services', 'WP Booking Calendar', 'Wix', 'Wix Media', 'YouTube', 'mlcom']"
rakeihopublishing.org,Home | Mysite 1,,,45,26962,2026-09-29T19:14:17.751037597Z,"['Alternate Protocol', 'Amazon WAF Blocked', 'Apture Linking Platform', 'Cloudflare', 'Content Delivery Network', 'Ecwid Ecommerce Shopping Cart', 'Express', 'Fastly', 'Fastly CDN', 'GZIP Module', 'NFOrce Internet', 'POWr', 'PWA', 'Perl', 'QUIC', 'SMC', 'Seflow Italy', 'Sentry', 'SiteW', 'Subversion', 'Thank You', 'UTF-8', 'University or College', 'Vector Internet Services', 'Wix', 'Wix Media', 'mlcom']"
holycrepeathens.com,"Catering Service Near Me | Holy Crepe Catering in Atlanta, GA",Holy Crepe Catering,,77,124046,2026-09-29T18:44:32.076694052Z,"['123FormBuilder', 'Amazon WAF Blocked', 'Apture Linking Platform', 'Content Delivery Network', 'Ecwid Ecommerce Shopping Cart', 'Epic Form Builder', 'Express', 'Fastly', 'Fastly CDN', 'Fireblade', 'GZIP Module', 'Google Related Website Sites', 'Instagram Follow Button', 'Microdata for Google Shopping', 'NFOrce Internet', 'On The Map', 'POWr', 'PWA', 'Perl', 'QUIC', 'SMC', 'Seflow Italy', 'Sentry', 'SiteW', 'Twitter Ads', 'UTF-8', 'Vector Internet Services', 'Wix', 'Wix Media', 'mlcom']"
chickiesdaughter2.com,1939 by Chickie's Daughter 2,,USA,77,14327,2026-09-29T18:27:56.682362022Z,"['Alternate Protocol', 'Amazon', 'Amazon CloudFront', 'CloudFront', 'DAV', 'ETranslate', 'Ecwid Ecommerce Shopping Cart', 'Elfsight', 'GZIP Module', 'Google Cloud DNS', 'Google Maps', 'Google My Business', 'Instagram Follow Button', 'MailChimp', 'Nginx', 'PWA', 'RM Education', 'Stripe', 'Typeform', 'UTF-8', 'Unsplash', 'eLand']"
joltbike.com,Electric Bike Company - JoltBike Electric Bike Company,,,67,28308,2026-09-29T17:45:48.157971485Z,"['Alternate Protocol', 'Amazon CloudFront', 'Amazon S3 CDN', 'Azion', 'CloudFront', 'Column Shortcodes', 'Contento', 'Ecwid Ecommerce Shopping Cart', 'EmbedPress', 'GZIP Module', 'Gambling Content', 'Google Cloud DNS', 'Google Font API', 'Google Related Website Sites', 'InitiativeS', 'Instagram Follow Button', 'Jetpack', 'Kriesi.at', 'Lazy Load for WordPress', 'Microdata for Google Shopping', 'Nginx', 'Storyblocks', 'UTF-8', 'Woo Themes', 'WordPress', 'WordPress Multisite', 'WordPress Stats', 'eLand', 'jQuery']"
clooperstudios.com,Pet Photography | Clooper Studios | Cairo Governorate,Clooper Studios,EGY,72,140644,2026-09-29T17:28:27.748140985Z,"['Amazon WAF Blocked', 'Apture Linking Platform', 'Cloudflare', 'Content Delivery Network', 'DAV', 'DC74', 'Ecwid Ecommerce Shopping Cart', 'Express', 'Fastly', 'Fastly CDN', 'GZIP Module', 'Google Related Website Sites', 'Instagram Follow Button', 'K2F', 'KVH', 'Microdata for Google Shopping', 'NFOrce Internet', 'PWA', 'Perl', 'QUIC', 'SMC', 'Seflow Italy', 'Sentry', 'SiteW', 'Subversion', 'Thank You', 'UTF-8', 'Vector Internet Services', 'WP Booking Calendar', 'Wix', 'Wix Media', 'mlcom']"
ariannmieka.com,Home | Ariann Mieka,Ariann Mieka,,65,89611,2026-09-29T17:16:10.521770111Z,"['Alternate Protocol', 'Amazon WAF Blocked', 'Apture Linking Platform', 'Cloudflare', 'Content Delivery Network', 'Ecwid Ecommerce Shopping Cart', 'Express', 'Fastly', 'Fastly CDN', 'GZIP Module', 'Instagram Follow Button', 'Microdata for Google Shopping', 'NFOrce Internet', 'PWA', 'QUIC', 'SMC', 'Seflow Italy', 'Sentry', 'SiteW', 'Sitelinks Search Box', 'Thank You', 'UTF-8', 'Vector Internet Services', 'Wix', 'Wix Media', 'eLand', 'mlcom']"
jasitbiz.com,Home,,,50,,2026-09-29T17:16:10.519570126Z,"['CDN JS', 'Cloudflare', 'Cloudflare CDN', 'Content Delivery Network', 'DAV', 'Ecwid Ecommerce Shopping Cart', 'Express', 'Google My Business', 'Pico CSS', 'SiteW', 'UTF-8']"
mlittlecms.com,Melissa A. Little Consulting & Mediation Services| DEI Services| Compliance,Melissa A. Little Consulting &amp; Mediation Services,USA,82,146240,2026-09-29T17:00:12.197499148Z,"['AWS WAF Challenge', 'Alternate Protocol', 'Amazon WAF Blocked', 'Apture Linking Platform', 'Content Delivery Network', 'Contento', 'DAV', 'Ecwid Ecommerce Shopping Cart', 'Express', 'Fastly', 'Fastly CDN', 'Fireblade', 'FormSubmit', 'GZIP Module', 'Google Related Website Sites', 'Heroku', 'Instagram Follow Button', 'Microdata for Google Shopping', 'NFOrce Internet', 'PWA', 'Perl', 'Pico CSS', 'QUIC', 'SMC', 'Seflow Italy', 'Sentry', 'SiteW', 'Thank You', 'UTF-8', 'Vector Internet Services', 'WP Booking Calendar', 'Wix', 'Wix Media', 'eLand', 'mlcom']"
newgameplusut.com,New Game Plus,,USA,45,2847,2026-09-29T16:46:27.217651249Z,"['Alternate Protocol', 'Amazon', 'Amazon CloudFront', 'ByteDance', 'CloudFront', 'ETranslate', 'Ecwid Ecommerce Shopping Cart', 'GZIP Module', 'Google Cloud DNS', 'Google Maps', 'Google My Business', 'Instagram Follow Button', 'Nginx', 'PWA', 'RM Education', 'Stripe', 'TikTok Conversion Tracking Pixel', 'Typeform', 'UTF-8', 'Unsplash', 'eLand']"
jekaterinaart.com,Krjanina Art - Artist Katerina Krjanina,,USA,77,27268,2026-09-29T16:46:27.162056442Z,"['Alternate Protocol', 'Amazon CloudFront', 'CloudFront', 'Contact Form Plugin', 'Content Delivery Network', 'Contento', 'Ecwid Ecommerce Shopping Cart', 'EmbedPress', 'Express', 'FreeCSSTemplates', 'GZIP Module', 'Google Related Website Sites', 'Gutenberg Blocks by Kadence Blocks', 'IcoMoon', 'Instagram Follow Button', 'Microdata for Google Shopping', 'Nginx', 'PHP', 'Parallels Plesk Panel', 'Sapper', 'Theme In WP', 'UTF-8', 'Woo Themes', 'WordPress', 'WordPress Multisite', 'YouTube', 'jQuery']"
nosttaalgiahomes.com,"Nosttaalgia | Custom Teakwood Furniture & Interiors | J.P.Nagar, Bengaluru",Nosttaalgia,IND,77,139340,2026-09-29T16:32:25.848261616Z,"['501c3 Status Nonprofit', 'Alternate Protocol', 'Amazon WAF Blocked', 'Apture Linking Platform', 'Cloudflare', 'Content Delivery Network', 'Contento', 'DAV', 'DC74', 'Ecwid Ecommerce Shopping Cart', 'Express', 'Fastly', 'Fastly CDN', 'Fireblade', 'FormSubmit', 'GZIP Module', 'Google Related Website Sites', 'Homes.com CMS', 'Instagram Follow Button', 'Microdata for Google Shopping', 'NFOrce Internet', 'PWA', 'Perl', 'Pico CSS', 'QUIC', 'SMC', 'Seflow Italy', 'Sentry', 'SiteW', 'Sitelinks Search Box', 'Thank You', 'Twitter Ads', 'UTF-8', 'Vector Internet Services', 'WP Booking Calendar', 'Wix', 'Wix Media', 'WordPress Related Posts', 'YouTube', 'mlcom']"
familyphotographybrisbane.com,Award-Winning Family Photography Brisbane | Natarsha March,,AUS,77,163722,2026-09-29T16:32:25.843888987Z,"['123FormBuilder', 'AWS WAF Challenge', 'Amazon WAF Blocked', 'Apture Linking Platform', 'Cloudflare', 'Content Delivery Network', 'DAV', 'Ecwid Ecommerce Shopping Cart', 'Express', 'Fastly', 'Fastly CDN', 'Fireblade', 'Free Call', 'GZIP Module', 'Google Analytics', 'Google Customer Reviews', 'Google My Business', 'Google Related Website Sites', 'Google Tag Manager', 'Instagram Follow Button', 'Investor Relations', 'Microdata for Google Shopping', 'NFOrce Internet', 'ON24', 'Oddle', 'POWr', 'PWA', 'Perl', 'QUIC', 'SMC', 'Seflow Italy', 'Sentry', 'SiteW', 'Social Intents', 'Thank You', 'UTF-8', 'Vector Internet Services', 'WP Booking Calendar', 'Wix', 'Wix Media', 'mlcom']"
arkansasom.org,Creativity in Arkansas Odyssey of the Mind,Arkansas Odyssey of the Mind,ZAF,87,150313,2026-09-29T16:32:25.829831392Z,"['123FormBuilder', 'Alternate Protocol', 'Amazon WAF Blocked', 'Apture Linking Platform', 'Cloudflare', 'Content Delivery Network', 'Ecwid Ecommerce Shopping Cart', 'Express', 'Fastly', 'Fastly CDN', 'Fireblade', 'GZIP Module', 'K2F', 'KVH', 'Microdata for Google Shopping', 'NFOrce Internet', 'POWr', 'PWA', 'Perl', 'QUIC', 'SMC', 'Seflow Italy', 'Sentry', 'SiteW', 'Subversion', 'Thank You', 'UTF-8', 'University or College', 'Vector Internet Services', 'Wix', 'Wix Media', 'eLand', 'mlcom']"
allure-gallery.com,Allure Gallery Vero Beach,,,50,647,2026-09-29T16:32:25.811481261Z,"['Alternate Protocol', 'Amazon', 'Amazon CloudFront', 'CloudFront', 'ETranslate', 'Ecwid Ecommerce Shopping Cart', 'GZIP Module', 'Google Cloud DNS', 'Google Maps', 'Google My Business', 'Instagram Follow Button', 'Nginx', 'PWA', 'Stripe', 'UTF-8', 'Unsplash', 'YouTube', 'eLand']"
mjbalm.com,MJ Balm,,USA,60,5063,2026-09-29T15:34:10.284642774Z,"['Amazon', 'Amazon CloudFront', 'ClickOn', 'CloudFront', 'DAV', 'Ecwid Ecommerce Shopping Cart', 'Financial Services Guide', 'GZIP Module', 'Google Cloud DNS', 'Google Maps', 'Google My Business', 'KVH', 'Nginx', 'PWA', 'Show.co', 'Subversion', 'Tailwind CSS', 'Twitter Ads', 'UTF-8', 'Vimeo', 'YouTube']"
tlvband.com,TLV Band - Your Passport to Live Israeli Music in North America,,USA,82,130589,2026-09-29T15:18:11.98972768Z,"['Alternate Protocol', 'Amazon WAF Blocked', 'Apture Linking Platform', 'Cloudflare', 'Content Delivery Network', 'Contento', 'Ecwid Ecommerce Shopping Cart', 'Express', 'Fastly', 'Fastly CDN', 'Fireblade', 'FormSubmit', 'GZIP Module', 'Google Related Website Sites', 'Instagram Follow Button', 'Microdata for Google Shopping', 'NFOrce Internet', 'POWr', 'PWA', 'Pico CSS', 'QUIC', 'SMC', 'Seflow Italy', 'Sentry', 'SiteW', 'UTF-8', 'Vector Internet Services', 'Wix', 'Wix Media', 'YouTube', 'eLand', 'mlcom']"
lovekk.org,"Who we are | Love, KK","Love, KK",,80,151086,2026-09-29T15:04:20.130892607Z,"['501c3 Status Nonprofit', 'AWS WAF Challenge', 'Alternate Protocol', 'Amazon WAF Blocked', 'Apture Linking Platform', 'Cloudflare', 'Content Delivery Network', 'DAV', 'Ecwid Ecommerce Shopping Cart', 'Express', 'Fastly', 'Fastly CDN', 'Financial Services Guide', 'GZIP Module', 'Heroku', 'Instagram Follow Button', 'K2F', 'KVH', 'Microdata for Google Shopping', 'NFOrce Internet', 'POWr', 'PWA', 'Perl', 'QUIC', 'Qgiv', 'SMC', 'Seflow Italy', 'Sentry', 'SiteW', 'Subversion', 'Thank You', 'UTF-8', 'University or College', 'Vector Internet Services', 'WP Booking Calendar', 'Wix', 'Wix Media', 'eLand', 'mlcom']"
emjayangeni.com,EMJAY ANGENI | Australian Musician & Visual Artist,,,67,136057,2026-09-29T14:17:41.289230077Z,"['Alternate Protocol', 'Amazon WAF Blocked', 'Apture Linking Platform', 'Cloudflare', 'Content Delivery Network', 'DAV', 'Ecwid Ecommerce Shopping Cart', 'Epic Form Builder', 'Express', 'Fastly', 'Fastly CDN', 'GZIP Module', 'Google Related Website Sites', 'Instagram Follow Button', 'K2F', 'Microdata for Google Shopping', 'Microsoft Azure', 'NFOrce Internet', 'On The Map', 'PWA', 'Perl', 'QUIC', 'SMC', 'Seflow Italy', 'Sentry', 'SiteW', 'Subversion', 'UTF-8', 'Vector Internet Services', 'WP Booking Calendar', 'Wix', 'Wix Media', 'YouTube', 'eLand', 'mlcom']"
marioholderartist.com,Home | Mario Holder Art,Mario Holder Art,BRB,82,105493,2026-09-29T13:45:49.124970432Z,"['AWS WAF Challenge', 'Alternate Protocol', 'Amazon WAF Blocked', 'Apture Linking Platform', 'Cloudflare', 'Content Delivery Network', 'DAV', 'Ecwid Ecommerce Shopping Cart', 'Express', 'Fastly', 'Fastly CDN', 'GZIP Module', 'Google Related Website Sites', 'Microdata for Google Shopping', 'NFOrce Internet', 'Ntent', 'POWr', 'PWA', 'QUIC', 'SMC', 'Seflow Italy', 'Sentry', 'SiteW', 'Sitelinks Search Box', 'Thank You', 'UTF-8', 'Vector Internet Services', 'Wix', 'Wix Media', 'WordPress Related Posts', 'eLand', 'mlcom']"
longislandtourette.org,"Tourette | NY | Tourette Association Of America, Long Island Chapter","Tourette Association of America, Long Island Chapter",,82,106033,2026-09-29T13:31:56.82736922Z,"['123FormBuilder', 'Alternate Protocol', 'Amazon WAF Blocked', 'Apture Linking Platform', 'Cloudflare', 'Content Delivery Network', 'Ecwid Ecommerce Shopping Cart', 'Express', 'Fastly', 'Fastly CDN', 'Fireblade', 'GZIP Module', 'Google Related Website Sites', 'Microdata for Google Shopping', 'NFOrce Internet', 'POWr', 'PWA', 'PayPal Adaptive Payments', 'QUIC', 'SMC', 'Seflow Italy', 'Sentry', 'SiteW', 'UTF-8', 'Vector Internet Services', 'Wix', 'Wix Media', 'eLand', 'mlcom']"
myschooluniform.co.uk,marshfield Primary School Uniform shop,my school uniform,,77,94773,2026-09-29T13:31:56.825214644Z,"['Amazon WAF Blocked', 'Apture Linking Platform', 'Cloudflare', 'Content Delivery Network', 'DC74', 'Ecwid Ecommerce Shopping Cart', 'Express', 'Fastly', 'Fastly CDN', 'GZIP Module', 'Microdata for Google Shopping', 'NFOrce Internet', 'POWr', 'PWA', 'Perl', 'QUIC', 'SMC', 'Seflow Italy', 'Sentry', 'SiteW', 'Thank You', 'UTF-8', 'Vector Internet Services', 'Wix', 'Wix Media', 'eLand', 'mlcom']"
breakwatersurf.com,Breakwater Surf Co.,Breakwater Surf Co.,GBR,55,32896,2026-09-29T13:31:56.818225873Z,"['Alternate Protocol', 'Amazon WAF Blocked', 'Apture Linking Platform', 'Cloudflare', 'Content Delivery Network', 'Ecwid Ecommerce Shopping Cart', 'Express', 'Fastly', 'Fastly CDN', 'GZIP Module', 'Google My Business', 'Instagram Follow Button', 'Microdata for Google Shopping', 'NFOrce Internet', 'On The Map', 'PWA', 'Perl', 'QUIC', 'SMC', 'Seflow Italy', 'Sentry', 'SiteW', 'Thank You', 'UTF-8', 'Vector Internet Services', 'Wix', 'Wix Media', 'mlcom']"
legendageuk.com,3 in 1 Natural ingredient Lipstick | LEGEND AGE,www.legendageuk.com,USA,87,90493,2026-09-29T13:31:56.77609541Z,"['Alternate Protocol', 'Amazon WAF Blocked', 'Apture Linking Platform', 'Cloudflare', 'Content Delivery Network', 'Ecwid Ecommerce Shopping Cart', 'Express', 'Fastly', 'Fastly CDN', 'GZIP Module', 'Google Related Website Sites', 'Instagram Follow Button', 'Microdata for Google Shopping', 'NFOrce Internet', 'POWr', 'PWA', 'Perl', 'QUIC', 'SMC', 'Seflow Italy', 'Sentry', 'SiteW', 'Thank You', 'UTF-8', 'Vector Internet Services', 'Wix', 'Wix Media', 'eLand', 'mlcom']"
avarcaspr.com,B’LA Btq & Avarcaspr,,PRI,70,6235,2026-09-29T13:15:03.89320614Z,"['Alternate Protocol', 'Amazon', 'Amazon CloudFront', 'CloudFront', 'ETranslate', 'Ecwid Ecommerce Shopping Cart', 'Express', 'GZIP Module', 'Google Cloud DNS', 'Google Maps', 'Google My Business', 'Instagram Follow Button', 'Microsoft Clarity', 'Nginx', 'PWA', 'Poptin', 'Stripe', 'UTF-8', 'Unsplash', 'eLand']"
wycoco.shop,Home | wycoco,Wyoming Community Coffee,USA,65,92486,2026-09-29T12:30:58.562391003Z,"['Alternate Protocol', 'Amazon WAF Blocked', 'Apture Linking Platform', 'Cloudflare', 'Content Delivery Network', 'DAV', 'Ecwid Ecommerce Shopping Cart', 'Express', 'Fastly', 'Fastly CDN', 'GZIP Module', 'Instagram Follow Button', 'Microdata for Google Shopping', 'NFOrce Internet', 'POWr', 'PWA', 'Perl', 'QUIC', 'SMC', 'Seflow Italy', 'Sentry', 'SiteW', 'Thank You', 'Toast POS', 'UTF-8', 'Vector Internet Services', 'WP Booking Calendar', 'Wix', 'Wix Media', 'eLand', 'mlcom']"
sihle.ca,"Sihle Skincare | Natural handmade skin care | Burnaby, BC | Sihle.ca",Sih'le Skincare,CAN,87,155644,2026-09-29T11:45:35.623033062Z,"['Alternate Protocol', 'Amazon WAF Blocked', 'Apture Linking Platform', 'Cloudflare', 'Content Delivery Network', 'DAV', 'DC74', 'Ecwid Ecommerce Shopping Cart', 'Express', 'Fastly', 'Fastly CDN', 'GZIP Module', 'Google Related Website Sites', 'Instagram Follow Button', 'KVH', 'Microdata for Google Shopping', 'NFOrce Internet', 'ON24', 'PWA', 'Perl', 'QUIC', 'SMC', 'Seflow Italy', 'Sentry', 'SiteW', 'Subversion', 'Thank You', 'UTF-8', 'Vector Internet Services', 'WP Booking Calendar', 'Wix', 'Wix Media', 'eLand', 'mlcom']"
earthcollection.com,Handmade Jewelry Shop | Earth Collection | New Jersey,Earth Collection,,87,186693,2026-09-29T11:01:53.642088249Z,"['Alternate Protocol', 'Amazon WAF Blocked', 'Apture Linking Platform', 'Cloudflare', 'Content Delivery Network', 'Ecwid Ecommerce Shopping Cart', 'Ethy', 'Express', 'Fastly', 'Fastly CDN', 'GZIP Module', 'Google Related Website Sites', 'Instagram Follow Button', 'K2F', 'KVH', 'Microdata for Google Shopping', 'NFOrce Internet', 'ON24', 'Onyx Internet', 'POWr', 'PWA', 'Perl', 'Pico CSS', 'QUIC', 'SMC', 'Seflow Italy', 'Sentry', 'SiteW', 'Sitelinks Search Box', 'Subversion', 'Thank You', 'UTF-8', 'Vector Internet Services', 'Wix', 'Wix Media', 'eLand', 'mlcom']"
carbyeats.com,Chicago Meal Prep | Carby Eats Llc | Chicago,MEALvsLIFT,USA,77,123806,2026-09-29T11:01:53.633423054Z,"['AWS WAF Challenge', 'Alternate Protocol', 'Amazon WAF Blocked', 'Apture Linking Platform', 'Content Delivery Network', 'DAV', 'Ecwid Ecommerce Shopping Cart', 'Express', 'Fastly', 'Fastly CDN', 'GZIP Module', 'Google Related Website Sites', 'Microdata for Google Shopping', 'NFOrce Internet', 'On The Map', 'POWr', 'PWA', 'Perl', 'QUIC', 'SMC', 'Seflow Italy', 'Sentry', 'SiteW', 'Thank You', 'UTF-8', 'Vector Internet Services', 'WP Booking Calendar', 'Wix', 'Wix Media', 'eLand', 'mlcom']"
lordwillingfish.com,Tucson | Wild Caught | Salmon | Lord Willing Fish,Lord Willing Fish,USA,77,90493,2026-09-29T10:45:17.593172877Z,"['Alternate Protocol', 'Amazon WAF Blocked', 'Apture Linking Platform', 'Cloudflare', 'Content Delivery Network', 'Ecwid Ecommerce Shopping Cart', 'Express', 'Fastly', 'Fastly CDN', 'GZIP Module', 'Google Related Website Sites', 'Microdata for Google Shopping', 'NFOrce Internet', 'POWr', 'PWA', 'Perl', 'QUIC', 'SMC', 'Seflow Italy', 'Sentry', 'SiteW', 'Thank You', 'UTF-8', 'Vector Internet Services', 'Wix', 'Wix Media', 'eLand', 'mlcom']"
niemannscandies.com,HOME | niemanns,Niemanns Candies and Ice Cream,,55,42190,2026-09-29T10:45:17.578345732Z,"['123FormBuilder', 'Amazon WAF Blocked', 'Apture Linking Platform', 'Cloudflare', 'Content Delivery Network', 'DC74', 'Ecwid Ecommerce Shopping Cart', 'Express', 'Fastly', 'Fastly CDN', 'Fireblade', 'GZIP Module', 'Instagram Follow Button', 'Microdata for Google Shopping', 'NFOrce Internet', 'On The Map', 'POWr', 'PWA', 'Perl', 'QUIC', 'SMC', 'Seflow Italy', 'Sentry', 'SiteW', 'Thank You', 'Twitter Ads', 'UTF-8', 'Vector Internet Services', 'Wix', 'Wix Media', 'Yelp Badge', 'YouTube', 'iPlayerHD', 'mlcom']"
tablierdesigns.com,Linen | Tablier Designs,Tablier Designs,,82,95644,2026-09-29T10:15:09.051592683Z,"['Alternate Protocol', 'Amazon WAF Blocked', 'Apture Linking Platform', 'Cloudflare', 'Content Delivery Network', 'DAV', 'DC74', 'Ecwid Ecommerce Shopping Cart', 'Express', 'Fastly', 'Fastly CDN', 'GZIP Module', 'Google Related Website Sites', 'Instagram Follow Button', 'Microdata for Google Shopping', 'NFOrce Internet', 'PWA', 'Perl', 'QUIC', 'SMC', 'Seflow Italy', 'Sentry', 'SiteW', 'Thank You', 'UTF-8', 'Vector Internet Services', 'WP Booking Calendar', 'Wix', 'Wix Media', 'eLand', 'mlcom']"
shinyedition.com,Shiny Edition,,,55,2946,2026-09-29T10:15:08.989407387Z,"['Alternate Protocol', 'Amazon', 'Amazon CloudFront', 'CDN JS', 'CloudFront', 'Cloudflare', 'Cloudflare CDN', 'Discord', 'ETranslate', 'Ecwid Ecommerce Shopping Cart', 'Express', 'Font Awesome', 'GZIP Module', 'Google Cloud DNS', 'Google Maps', 'Instagram Follow Button', 'Nginx', 'Ntent', 'PWA', 'RM Education', 'Stripe', 'Typeform', 'UTF-8', 'Unsplash', 'eLand']"
parrotlife.com.au,Parrot Life Behaviour and Training | Parrot Help,Parrot Life Behaviour and Training,AUS,87,104924,2026-09-29T10:02:03.893773197Z,"['AWS WAF Challenge', 'Alternate Protocol', 'Amazon WAF Blocked', 'Apture Linking Platform', 'Better Lead Generation Services', 'Cloudflare', 'Content Delivery Network', 'DAV', 'Ecwid Ecommerce Shopping Cart', 'Express', 'Fastly', 'Fastly CDN', 'GZIP Module', 'Instagram Follow Button', 'Microdata for Google Shopping', 'NFOrce Internet', 'PWA', 'Perl', 'QUIC', 'SMC', 'Seflow Italy', 'Sentry', 'SiteW', 'Thank You', 'UTF-8', 'Vector Internet Services', 'WP Booking Calendar', 'Wix', 'Wix Media', 'YouTube', 'eLand', 'mlcom']"
gaaqg.com,Home | Greater Ann Arbor Quilt Guild,Greater Ann Arbor Quilt Guild,USA,77,1297,2026-09-29T09:45:44.613825428Z,"['Alternate Protocol', 'Amazon CloudFront', 'Apache', 'CloudFront', 'Debian', 'Ecwid Ecommerce Shopping Cart', 'Elementor', 'EmbedPress', 'Express', 'GZIP Module', 'Hello Elementor', 'Instagram Follow Button', 'Microdata for Google Shopping', 'PHP', 'Paid Memberships Pro', 'QUIC', 'The Events Calendar', 'Theme In WP', 'UTF-8', 'University or College', 'WordPress', 'WordPress Multisite', 'jQuery']"
abigaillinhardt.com,Abigail Linhardt | Author,,,67,116636,2026-09-29T09:31:45.42518429Z,"['Alternate Protocol', 'Amazon WAF Blocked', 'Amazon Widgets', 'Apture Linking Platform', 'Cloudflare', 'Content Delivery Network', 'DAV', 'Ecwid Ecommerce Shopping Cart', 'Express', 'Fastly', 'Fastly CDN', 'GZIP Module', 'Google Related Website Sites', 'Heroku', 'Instagram Follow Button', 'K2F', 'Microdata for Google Shopping', 'NFOrce Internet', 'No-Q', 'POWr', 'PWA', 'Perl', 'QUIC', 'SMC', 'Seflow Italy', 'Sentry', 'SiteW', 'Subversion', 'Thank You', 'Twitter Ads', 'UTF-8', 'Vector Internet Services', 'WP Booking Calendar', 'Wix', 'Wix Media', 'YouTube', 'mlcom']"
soulfulodisha.com,Photographer | Www.soulfulodisha.com | Bhubaneswar,,,47,27279,2026-09-29T09:31:45.363783128Z,"['Alternate Protocol', 'Amazon WAF Blocked', 'Apture Linking Platform', 'Cloudflare', 'Content Delivery Network', 'DAV', 'Ecwid Ecommerce Shopping Cart', 'Express', 'Fastly', 'Fastly CDN', 'GZIP Module', 'Google Related Website Sites', 'Instagram Follow Button', 'Microdata for Google Shopping', 'NFOrce Internet', 'POWr', 'PWA', 'Perl', 'QUIC', 'SMC', 'Schedulista', 'Seflow Italy', 'Sentry', 'SiteW', 'Thank You', 'Twitter Ads', 'UTF-8', 'Vector Internet Services', 'WP Booking Calendar', 'Wix', 'Wix Media', 'YouTube', 'mlcom']"
thelimitsofmyworld.com,The Limits of My World,,,67,90806,2026-09-29T09:01:04.18249856Z,"['Alternate Protocol', 'Amazon WAF Blocked', 'Apture Linking Platform', 'Cloudflare', 'Content Delivery Network', 'DAV', 'Ecwid Ecommerce Shopping Cart', 'Express', 'Fastly', 'Fastly CDN', 'GZIP Module', 'Google Related Website Sites', 'Microdata for Google Shopping', 'NFOrce Internet', 'POWr', 'PWA', 'Perl', 'QUIC', 'SMC', 'Seflow Italy', 'Sentry', 'SiteW', 'Twitter Ads', 'UTF-8', 'Vector Internet Services', 'WP Booking Calendar', 'Wix', 'Wix Media', 'eLand', 'mlcom']"
culinarycapital.co.za,Nutripick Gp | Gauteng | Wholesale Cut Fruit & Vegetable Supplier,,ZAF,77,165331,2026-09-29T08:46:34.405778458Z,"['Alternate Protocol', 'Amazon WAF Blocked', 'Apture Linking Platform', 'Cloudflare', 'Content Delivery Network', 'Ecwid Ecommerce Shopping Cart', 'Express', 'Fastly', 'Fastly CDN', 'GZIP Module', 'Google Related Website Sites', 'K2F', 'KVH', 'Microdata for Google Shopping', 'NFOrce Internet', 'PWA', 'QUIC', 'SMC', 'Seflow Italy', 'Sentry', 'SiteW', 'Subversion', 'Thank You', 'The Fresh', 'UTF-8', 'Vector Internet Services', 'Wix', 'Wix Media', 'eLand', 'mlcom']"
erbaysan.com,Men's Suits | Amende CEO ARMANER ERBAYSAN | İstanbul,armanerfashion,TUR,77,108644,2026-09-29T07:45:27.332917216Z,"['Alternate Protocol', 'Amazon WAF Blocked', 'Apture Linking Platform', 'Cloudflare', 'Content Delivery Network', 'CoolText', 'DAV', 'Ecwid Ecommerce Shopping Cart', 'Express', 'Fastly', 'Fastly CDN', 'Free Call', 'GZIP Module', 'Google My Business', 'Google Related Website Sites', 'Instagram Follow Button', 'Microdata for Google Shopping', 'NFOrce Internet', 'On The Map', 'PWA', 'Perl', 'QUIC', 'SMC', 'Seflow Italy', 'Sentry', 'SiteW', 'Thank You', 'UTF-8', 'Vector Internet Services', 'WP Booking Calendar', 'WhatsApp Sharing', 'Wix', 'Wix Media', 'YouTube', 'eLand', 'mlcom']"
lamielleriedescombes.com,Welcome to the Miellerie des Combes gîtes,,,77,18021,2026-09-29T06:45:56.952649591Z,"['Alternate Protocol', 'Amazon', 'Amazon CloudFront', 'Amazon Route 53', 'Booking Affiliate', 'CloudFront', 'Content Delivery Network', 'Ecwid Ecommerce Shopping Cart', 'ElementUI', 'Facebook Reseller', 'Fancybox for WordPress', 'Fastly', 'GZIP Module', 'Google', 'Google Analytics', 'Google Calendar', 'Google Cloud DNS', 'Google My Business', 'Google Related Website Sites', 'Google Tag Manager', 'Instagram Follow Button', 'Matomo', 'Matomo Tag Manager', 'Microdata for Google Shopping', 'Nginx', 'PHP', 'Parallels Plesk Panel', 'SendCloud Shipping', 'SiteW', 'SiteWit', 'Tailwind CSS', 'UTF-8', 'Vector Internet Services', 'jsDelivr']"
lceuk.com,Best Courses To Study In Uk | London Chamber Of Education,London Chamber of Education,GBR,87,146346,2026-09-29T06:33:40.711663109Z,"['123FormBuilder', 'AWS WAF Challenge', 'Alternate Protocol', 'Amazon WAF Blocked', 'Apture Linking Platform', 'Cloudflare', 'Content Delivery Network', 'DAV', 'DC74', 'Ecwid Ecommerce Shopping Cart', 'Express', 'Fastly', 'Fastly CDN', 'Fireblade', 'GZIP Module', 'GitHub Hosting', 'Google Analytics', 'Google Related Website Sites', 'Google Tag Manager', 'Instagram Follow Button', 'M247', 'Microdata for Google Shopping', 'NFOrce Internet', 'POWr', 'PWA', 'Perl', 'QUIC', 'SMC', 'Seflow Italy', 'Sentry', 'SiteW', 'Thank You', 'UTF-8', 'University or College', 'Vector Internet Services', 'WP Booking Calendar', 'Wix', 'Wix Media', 'eLand', 'mlcom']"
anchoredinphoto.com,"Portrait, Family, Lifestyle & Event Photography | Cape Cod | Anchored In Photo",Anchored In Photography,,77,121136,2026-09-29T06:33:40.686247879Z,"['Alternate Protocol', 'Amazon WAF Blocked', 'Apture Linking Platform', 'Cloudflare', 'Content Delivery Network', 'DAV', 'DC74', 'Ecwid Ecommerce Shopping Cart', 'Express', 'Fastly', 'Fastly CDN', 'GZIP Module', 'Google Related Website Sites', 'Instagram Follow Button', 'K2F', 'Microdata for Google Shopping', 'NFOrce Internet', 'No-Q', 'POWr', 'PWA', 'Perl', 'QUIC', 'SMC', 'Seflow Italy', 'Sentry', 'SiteW', 'Subversion', 'Thank You', 'UTF-8', 'Vector Internet Services', 'WP Booking Calendar', 'Wix', 'Wix Media', 'mlcom']"
websitehelpnow.com,WebsiteHelpNow – A Division of MarketShare Communications,,,60,46,2026-09-29T06:33:40.663128147Z,"['Alternate Protocol', 'Amazon CloudFront', 'Apache', 'CloudFront', 'Contact Form 7', 'Contact Form Plugin', 'Ecwid Ecommerce Shopping Cart', 'Elementor', 'EmbedPress', 'GZIP Module', 'Google Cloud DNS', 'Google Font API', 'Google My Business', 'HubSpot WordPress Plugin', 'JetElements', 'PHP', 'QUIC', 'Theme In WP', 'UTF-8', 'WordPress', 'WordPress Multisite', 'jQuery', 'reCAPTCHA']"
trendgroup.me,Trend Retail Co – Official Sundek & Culti Online Store in GCC,,,67,6327,2026-09-29T06:17:04.053124889Z,"['Alternate Protocol', 'Amazon', 'Amazon CloudFront', 'CloudFront', 'ETranslate', 'Ecwid Ecommerce Shopping Cart', 'Express', 'GZIP Module', 'Google Cloud DNS', 'Google Maps', 'Google My Business', 'Heroku', 'Instagram Follow Button', 'Keller Williams Realty', 'Nginx', 'PWA', 'Twitter Ads', 'UTF-8', 'Unsplash', 'eLand']"
mema-mn.com,Metropolitan Emergency Managers Association,Metropolitan Emergency Managers Association,,77,105151,2026-09-29T06:03:37.82271242Z,"['123FormBuilder', 'Amazon WAF Blocked', 'Apture Linking Platform', 'Cloudflare', 'Content Delivery Network', 'Ecwid Ecommerce Shopping Cart', 'Express', 'Fastly', 'Fastly CDN', 'Fireblade', 'GZIP Module', 'Microdata for Google Shopping', 'NFOrce Internet', 'PWA', 'Perl', 'QUIC', 'SMC', 'Seflow Italy', 'Sentry', 'SiteW', 'Thank You', 'UTF-8', 'Vector Internet Services', 'Wix', 'Wix Media', 'mlcom']"
eastcotetennis.co.uk,Eastcote Lawn Tennis Club,,NGA,70,90182,2026-09-29T06:03:37.79835125Z,"['Alternate Protocol', 'Amazon WAF Blocked', 'Apture Linking Platform', 'Cloudflare', 'Commoninja', 'Content Delivery Network', 'DAV', 'Ecwid Ecommerce Shopping Cart', 'Express', 'Fastly', 'Fastly CDN', 'GZIP Module', 'Microdata for Google Shopping', 'NFOrce Internet', 'POWr', 'PWA', 'Perl', 'QUIC', 'SMC', 'Seflow Italy', 'Sentry', 'SiteW', 'Subversion', 'UTF-8', 'Vector Internet Services', 'WP Booking Calendar', 'Wix', 'Wix Media', 'eLand', 'mlcom']"
raceacrossthewest.org,HOME | RAW2026,,USA,65,90151,2026-09-29T05:33:51.598653247Z,"['Amazon WAF Blocked', 'Apture Linking Platform', 'Cloudflare', 'Constant Contact', 'Content Delivery Network', 'Ecwid Ecommerce Shopping Cart', 'Express', 'Fastly', 'Fastly CDN', 'GZIP Module', 'Instagram Follow Button', 'Microdata for Google Shopping', 'NFOrce Internet', 'PWA', 'Perl', 'QUIC', 'SMC', 'Seflow Italy', 'Sentry', 'SiteW', 'UTF-8', 'Vector Internet Services', 'Wix', 'Wix Media', 'YouTube', 'eLand', 'mlcom']"
thelashpalace.com,TheLashPalace,,,35,647,2026-09-29T05:02:22.71024141Z,"['Alternate Protocol', 'Amazon', 'Amazon CloudFront', 'CloudFront', 'ETranslate', 'Ecwid Ecommerce Shopping Cart', 'GZIP Module', 'Google Cloud DNS', 'Google Maps', 'Instagram Follow Button', 'Nginx', 'PWA', 'Stripe', 'UTF-8', 'Unsplash', 'eLand']"
olympiafurniture.co.uk,Olympia Furniture UK,,GBR,65,14867,2026-09-29T05:02:22.697992189Z,"['Alternate Protocol', 'Amazon', 'Amazon CloudFront', 'CloudFront', 'ETranslate', 'Ecwid Ecommerce Shopping Cart', 'Express', 'GZIP Module', 'Google Cloud DNS', 'Google Maps', 'Google My Business', 'Google Related Website Sites', 'Instagram Follow Button', 'Nginx', 'PWA', 'RM Education', 'SiteW', 'SiteWit', 'Stripe', 'Typeform', 'UTF-8', 'Unsplash', 'eLand']"
lutecedc.com,"Lutèce – A Michelin Guide French Neobistro in Washington, DC",,MYS,72,98931,2026-09-29T04:46:15.339716481Z,"['Alternate Protocol', 'Amazon WAF Blocked', 'Apture Linking Platform', 'Cloudflare', 'Content Delivery Network', 'Ecwid Ecommerce Shopping Cart', 'Express', 'Fastly', 'Fastly CDN', 'GZIP Module', 'Google Related Website Sites', 'Instagram Follow Button', 'Microdata for Google Shopping', 'NFOrce Internet', 'PWA', 'QUIC', 'Resy', 'SMC', 'Seflow Italy', 'Sentry', 'SiteW', 'Sitelinks Search Box', 'Toast POS', 'UTF-8', 'Vector Internet Services', 'Wix', 'Wix Media', 'mlcom']"
cost6.com,Private Label Supplements|Custom Supplement Manufacturing|Cost6.com,Universal Nutrition Inc,GBR,77,150493,2026-09-29T04:33:09.067298034Z,"['AWS WAF Challenge', 'Alternate Protocol', 'Amazon WAF Blocked', 'Angular', 'Apture Linking Platform', 'Better Lead Generation Services', 'Cloudflare', 'Content Delivery Network', 'DAV', 'DC74', 'Ecwid Ecommerce Shopping Cart', 'Express', 'Fastly', 'Fastly CDN', 'Financial Services Guide', 'GZIP Module', 'Google Calendar', 'Google My Business', 'Google Related Website Sites', 'Microdata for Google Shopping', 'NFOrce Internet', 'ON24', 'POWr', 'PWA', 'QUIC', 'SMC', 'Seflow Italy', 'Sentry', 'SiteW', 'Sitelinks Search Box', 'Thank You', 'Twitter Ads', 'UTF-8', 'Vector Internet Services', 'Wix', 'Wix Media', 'WordPress Related Posts', 'mlcom']"
midstaterugby.com,Midstate Rugby | Connecticut,,,67,95806,2026-09-29T04:17:31.329712215Z,"['501c3 Status Nonprofit', 'Adult Content', 'Alternate Protocol', 'Amazon WAF Blocked', 'Apture Linking Platform', 'Cloudflare', 'Content Delivery Network', 'DAV', 'DC74', 'Ecwid Ecommerce Shopping Cart', 'Express', 'Fastly', 'Fastly CDN', 'GZIP Module', 'Google Related Website Sites', 'Instagram Follow Button', 'Microdata for Google Shopping', 'NFOrce Internet', 'POWr', 'PWA', 'Perl', 'QUIC', 'SMC', 'Seflow Italy', 'Sentry', 'SiteW', 'UTF-8', 'University or College', 'Vector Internet Services', 'WP Booking Calendar', 'Wix', 'Wix Media', 'mlcom']"
herbal-station.com,Herbal Station | Ingredient Guides & Everyday Herbal Wellness,HERBAL STATION,,82,135427,2026-09-29T03:18:09.422633755Z,"['Alternate Protocol', 'Amazon WAF Blocked', 'Apture Linking Platform', 'Content Delivery Network', 'Contento', 'DC74', 'Ecwid Ecommerce Shopping Cart', 'Express', 'Fastly', 'Fastly CDN', 'Fireblade', 'FormSubmit', 'GZIP Module', 'Google Related Website Sites', 'Microdata for Google Shopping', 'NFOrce Internet', 'PWA', 'PayPal Adaptive Payments', 'Pico CSS', 'QUIC', 'SMC', 'Seflow Italy', 'Sentry', 'SiteW', 'Thank You', 'UTF-8', 'Vector Internet Services', 'Wix', 'Wix Media', 'eLand', 'mlcom']"
cathrinerabendavidsen.com,Cathrine Raben Davidsen,,,35,3,2026-09-29T03:03:41.242415296Z,"['Alternate Protocol', 'Amazon CloudFront', 'CDN JS', 'CloudFront', 'Cloudflare', 'Cloudflare CDN', 'DAV', 'Ecwid Ecommerce Shopping Cart', 'EmbedPress', 'Google Cloud DNS', 'Google Font API', 'LiteSpeed', 'UTF-8', 'WordPress', 'WordPress Multisite', 'jQuery']"
vfwpost305.com,Home | VFW Post 305,,,55,27249,2026-09-29T03:03:41.211713002Z,"['Alternate Protocol', 'Amazon WAF Blocked', 'Apture Linking Platform', 'Cloudflare', 'Content Delivery Network', 'DAV', 'Ecwid Ecommerce Shopping Cart', 'Express', 'Fastly', 'Fastly CDN', 'GZIP Module', 'Microdata for Google Shopping', 'NFOrce Internet', 'No-Q', 'POWr', 'PWA', 'Perl', 'QUIC', 'SMC', 'Seflow Italy', 'Sentry', 'SiteW', 'Sitelinks Search Box', 'Thank You', 'UTF-8', 'Vector Internet Services', 'WP Booking Calendar', 'Wix', 'Wix Media', 'mlcom']"
madmoose.media,"Mad Moose Media - Event Photography - Wildomar, CA",Mad Moose Media,,82,150644,2026-09-29T02:20:08.802469937Z,"['Alternate Protocol', 'Amazon WAF Blocked', 'Apture Linking Platform', 'Cloudflare', 'Content Delivery Network', 'DAV', 'Ecwid Ecommerce Shopping Cart', 'Express', 'Fastly', 'Fastly CDN', 'Fireblade', 'GZIP Module', 'Google Related Website Sites', 'InitiativeS', 'Instagram Follow Button', 'K2F', 'KVH', 'Microdata for Google Shopping', 'NFOrce Internet', 'PWA', 'Perl', 'QUIC', 'SMC', 'Seflow Italy', 'Sentry', 'SiteW', 'Subversion', 'Twitter Ads', 'UTF-8', 'Vector Internet Services', 'WP Booking Calendar', 'Wix', 'Wix Media', 'mlcom']"
rootskavabarny.com,"Roots Kava Bar | Kava, Kratom & Coffee in Port Jefferson NY",Roots Kava Bar,USA,87,125871,2026-09-29T02:03:25.455632902Z,"['123FormBuilder', 'Alternate Protocol', 'Amazon WAF Blocked', 'Apture Linking Platform', 'Cloudflare', 'Content Delivery Network', 'Ecwid Ecommerce Shopping Cart', 'Express', 'Fastly', 'Fastly CDN', 'Fireblade', 'GZIP Module', 'Google My Business', 'Google Related Website Sites', 'GrubHub', 'Instagram Follow Button', 'M247', 'Microdata for Google Shopping', 'NFOrce Internet', 'PWA', 'Perl', 'QUIC', 'SMC', 'Seflow Italy', 'Sentry', 'SiteW', 'Sitelinks Search Box', 'Thank You', 'UTF-8', 'Vector Internet Services', 'Wix', 'Wix Media', 'Yelp Badge', 'eLand', 'mlcom']"
troop6berkeley.org,Bsa | Berkeley Troop 6 Boy Scouts of America | California,,USA,82,90331,2026-09-29T01:34:16.459916374Z,"['Amazon WAF Blocked', 'Apture Linking Platform', 'Content Delivery Network', 'Ecwid Ecommerce Shopping Cart', 'Express', 'Fastly', 'Fastly CDN', 'GZIP Module', 'Google Forms', 'Google My Business', 'Google Related Website Sites', 'Microdata for Google Shopping', 'NFOrce Internet', 'PWA', 'QUIC', 'SMC', 'Seflow Italy', 'Sentry', 'SiteW', 'UTF-8', 'University or College', 'Vector Internet Services', 'Wix', 'Wix Media', 'eLand', 'mlcom']"
xamlam.com,Bracelet-montre Sur Mesure Xamlam Strap,Xamlam Strap,FRA,77,155331,2026-09-29T01:34:16.458508244Z,"['Alternate Protocol', 'Amazon WAF Blocked', 'Apture Linking Platform', 'Cloudflare', 'Content Delivery Network', 'Ecwid Ecommerce Shopping Cart', 'Express', 'Fastly', 'Fastly CDN', 'GZIP Module', 'Google Related Website Sites', 'Instagram Follow Button', 'K2F', 'Microdata for Google Shopping', 'NFOrce Internet', 'ON24', 'PWA', 'Perl', 'QUIC', 'SMC', 'Seflow Italy', 'Sentry', 'SiteW', 'Sitelinks Search Box', 'Subversion', 'Thank You', 'UTF-8', 'Vector Internet Services', 'Wix', 'Wix Media', 'eLand', 'mlcom']"
dreamflyerstudios.com,Fairy Art | Dreamflyer Studios | Des Moines,Dreamflyer Studios,USA,72,90806,2026-09-29T01:19:59.067151032Z,"['Alternate Protocol', 'Amazon WAF Blocked', 'Apture Linking Platform', 'Cloudflare', 'Content Delivery Network', 'DAV', 'Ecwid Ecommerce Shopping Cart', 'Etsy', 'Express', 'Fastly', 'Fastly CDN', 'GZIP Module', 'Google Related Website Sites', 'Instagram Follow Button', 'Microdata for Google Shopping', 'NFOrce Internet', 'POWr', 'PWA', 'Perl', 'QUIC', 'SMC', 'Seflow Italy', 'Sentry', 'SiteW', 'Square', 'Thank You', 'UTF-8', 'Vector Internet Services', 'WP Booking Calendar', 'Wix', 'Wix Media', 'YouTube', 'mlcom']"
bestievibe.shop,bestie vibes braids | African Braids,Bestie Vibe Braids,,77,90806,2026-09-29T01:05:12.206879568Z,"['Alternate Protocol', 'Amazon WAF Blocked', 'Apture Linking Platform', 'Better Lead Generation Services', 'Cloudflare', 'Content Delivery Network', 'DAV', 'Ecwid Ecommerce Shopping Cart', 'Express', 'Fastly', 'Fastly CDN', 'GZIP Module', 'Google Customer Reviews', 'Google Related Website Sites', 'Instagram Follow Button', 'Microdata for Google Shopping', 'NFOrce Internet', 'POWr', 'PWA', 'Perl', 'QUIC', 'SMC', 'Seflow Italy', 'Sentry', 'SiteW', 'Subversion', 'Thank You', 'UTF-8', 'Vector Internet Services', 'WP Booking Calendar', 'Wix', 'Wix Media', 'mlcom']"
boneandraw.com,BONE AND RAW | THAILAND | อาหารบาร์ฟ (BARF.) อาหารและขนมสายคลีน,"BONE AND RAW Group co., Ltd.",THA,82,91406,2026-09-29T00:49:56.316263264Z,"['Alternate Protocol', 'Amazon WAF Blocked', 'Apture Linking Platform', 'BunnyCDN General', 'Cloudflare', 'Content Delivery Network', 'DAV', 'Dockvine', 'Ecwid Ecommerce Shopping Cart', 'Express', 'Fastly', 'Fastly CDN', 'GZIP Module', 'Google Analytics', 'Google Related Website Sites', 'Google Tag Manager', 'Instagram Follow Button', 'Microdata for Google Shopping', 'NFOrce Internet', 'POWr', 'PWA', 'Perl', 'QUIC', 'SMC', 'Seflow Italy', 'Sentry', 'SiteW', 'Thank You', 'UTF-8', 'Vector Internet Services', 'Vine Embed', 'WP Booking Calendar', 'Wix', 'Wix Media', 'eLand', 'mlcom']"
ornamentalstone.ca,Ornamental Stone Inc,,,50,3087,2026-09-29T00:47:04.513713428Z,"['Alternate Protocol', 'Amazon', 'Amazon CloudFront', 'Amazon S3 CDN', 'CloudFront', 'ETranslate', 'Ecwid Ecommerce Shopping Cart', 'Express', 'GZIP Module', 'Google Cloud DNS', 'Google Maps', 'Google My Business', 'Instagram Follow Button', 'Nginx', 'PWA', 'RM Education', 'Storyblocks', 'Stripe', 'Twitter Ads', 'Typeform', 'UTF-8', 'Unsplash', 'eLand']"
sharonconsultgroup.com,Private Nursing Service | Sharon Consult Group LLC | New York,SharonConsultGroup LLC.,USA,77,150806,2026-09-29T00:33:16.897779042Z,"['AWS WAF Challenge', 'Alternate Protocol', 'Amazon WAF Blocked', 'Apture Linking Platform', 'Cloudflare', 'Content Delivery Network', 'DAV', 'Ecwid Ecommerce Shopping Cart', 'Express', 'Fastly', 'Fastly CDN', 'GZIP Module', 'Google Related Website Sites', 'K2F', 'KVH', 'Microdata for Google Shopping', 'NFOrce Internet', 'POWr', 'PWA', 'Perl', 'QUIC', 'SMC', 'Seflow Italy', 'Sentry', 'SiteW', 'Subversion', 'Thank You', 'UTF-8', 'University or College', 'Vector Internet Services', 'WP Booking Calendar', 'Wix', 'Wix Media', 'mlcom']"
steady-eddys.com,Coffee | United States | Steady Eddy's Coffee House,,CUB,72,130644,2026-09-29T00:13:06.928859007Z,"['AWS WAF Challenge', 'Alternate Protocol', 'Amazon WAF Blocked', 'Apture Linking Platform', 'Cloudflare', 'Content Delivery Network', 'DAV', 'Ecwid Ecommerce Shopping Cart', 'Express', 'Fastly', 'Fastly CDN', 'Financial Services Guide', 'GZIP Module', 'Google Related Website Sites', 'Instagram Follow Button', 'K2F', 'Microdata for Google Shopping', 'NFOrce Internet', 'PWA', 'Perl', 'QUIC', 'SMC', 'Seflow Italy', 'Sentry', 'Share Link', 'SiteW', 'Subversion', 'Thank You', 'UTF-8', 'Vector Internet Services', 'WP Booking Calendar', 'Wix', 'Wix Media', 'mlcom']"
partypeoplenyc.com,Twice as Proper | Party People | Craft Music Productions | Store | New York,Party People NYC,USA,77,115661,2026-09-29T00:04:50.637908372Z,"['Alternate Protocol', 'Amazon WAF Blocked', 'Apture Linking Platform', 'Content Delivery Network', 'Ecwid Ecommerce Shopping Cart', 'Express', 'Fastly', 'Fastly CDN', 'GZIP Module', 'Google Related Website Sites', 'Instagram Follow Button', 'K2F', 'Microdata for Google Shopping', 'NFOrce Internet', 'No-Q', 'PWA', 'Perl', 'QUIC', 'SMC', 'Seflow Italy', 'Sentry', 'SiteW', 'Subversion', 'Thank You', 'UTF-8', 'Vector Internet Services', 'Wix', 'Wix Media', 'mlcom']"
masazemonika.com,Masaže Bled | Massage Lake Bled MANDALAlila Monika,"Mandalalila Monika, Masaze Monika",,67,134924,2026-09-29T00:04:50.631717645Z,"['Alternate Protocol', 'Amazon WAF Blocked', 'Apture Linking Platform', 'Cloudflare', 'Content Delivery Network', 'DAV', 'Ecwid Ecommerce Shopping Cart', 'Express', 'Fastly', 'Fastly CDN', 'GZIP Module', 'Instagram Follow Button', 'K2F', 'KVH', 'Microdata for Google Shopping', 'NFOrce Internet', 'PWA', 'Perl', 'QUIC', 'SMC', 'Seflow Italy', 'Sentry', 'SiteW', 'Subversion', 'Thank You', 'UTF-8', 'Vector Internet Services', 'WP Booking Calendar', 'Wix', 'Wix Media', 'eLand', 'mlcom']"
kashgroupwholesale.com,kash group wholesale,,USA,60,2847,2026-09-28T23:38:41.829498849Z,"['Alternate Protocol', 'Amazon', 'Amazon CloudFront', 'CloudFront', 'ETranslate', 'Ecwid Ecommerce Shopping Cart', 'Express', 'GZIP Module', 'Google Cloud DNS', 'Google Maps', 'Google My Business', 'Nginx', 'PWA', 'QUIC', 'RM Education', 'Tailwind CSS', 'Typeform', 'UTF-8', 'Unsplash', 'eLand']"
markshubert.com,Home | Mark W. Shubert,Mark Shubert,GBR,70,95806,2026-09-28T23:16:13.912780656Z,"['Alternate Protocol', 'Amazon WAF Blocked', 'Apture Linking Platform', 'Cloudflare', 'Content Delivery Network', 'DAV', 'DC74', 'Ecwid Ecommerce Shopping Cart', 'Express', 'Fastly', 'Fastly CDN', 'Financial Services Guide', 'GZIP Module', 'Google Related Website Sites', 'Instagram Follow Button', 'Microdata for Google Shopping', 'NFOrce Internet', 'POWr', 'PWA', 'Perl', 'QUIC', 'SMC', 'Seflow Italy', 'Sentry', 'SiteW', 'Subversion', 'Telegram', 'Twitter Ads', 'UTF-8', 'University or College', 'Vector Internet Services', 'WP Booking Calendar', 'Wix', 'Wix Media', 'YouTube', 'mlcom']"
silvanasoriano.com,Silvana Soriano | Artist,silvana soriano,,57,28222,2026-09-28T23:04:26.887262609Z,"['Alternate Protocol', 'Amazon WAF Blocked', 'Apture Linking Platform', 'Cloudflare', 'Content Delivery Network', 'DC74', 'Ecwid Ecommerce Shopping Cart', 'Express', 'Fastly', 'Fastly CDN', 'FormSubmit', 'GZIP Module', 'Google Related Website Sites', 'Instagram Follow Button', 'Microdata for Google Shopping', 'NFOrce Internet', 'POWr', 'PWA', 'QUIC', 'SMC', 'Seflow Italy', 'Sentry', 'SiteW', 'UTF-8', 'Vector Internet Services', 'Wix', 'Wix Media', 'mlcom']"
apztattoo.com,APZ Tattoo Artist | Architectural Classic Realism | New York – Copenhagen,APZ Tattoo Artist,,77,128706,2026-09-28T22:35:49.552987744Z,"['AWS WAF Challenge', 'Alternate Protocol', 'Amazon WAF Blocked', 'Apture Linking Platform', 'Cloudflare', 'Content Delivery Network', 'CoolText', 'DAV', 'DC74', 'Ecwid Ecommerce Shopping Cart', 'Express', 'Fastly', 'Fastly CDN', 'Fireblade', 'GZIP Module', 'Google Analytics', 'Google Customer Reviews', 'Google Related Website Sites', 'Google Tag Manager', 'Heroku', 'Instagram Follow Button', 'Microdata for Google Shopping', 'Microsoft Azure', 'NFOrce Internet', 'POWr', 'PWA', 'Perl', 'QUIC', 'SMC', 'Seflow Italy', 'Sentry', 'SiteW', 'Thank You', 'UTF-8', 'Vector Internet Services', 'WP Booking Calendar', 'Wix', 'Wix Media', 'mlcom']"
hellolearnfountain.com,HOME | New Learn Fountain,,USA,77,88331,2026-09-28T22:13:23.573062314Z,"['Alternate Protocol', 'Amazon WAF Blocked', 'Apture Linking Platform', 'Cloudflare', 'Content Delivery Network', 'Ecwid Ecommerce Shopping Cart', 'Express', 'Fastly', 'Fastly CDN', 'GZIP Module', 'Google Related Website Sites', 'Microdata for Google Shopping', 'NFOrce Internet', 'PWA', 'QUIC', 'SMC', 'Sentry', 'SiteW', 'UTF-8', 'Vector Internet Services', 'Wix', 'Wix Media', 'mlcom']"
marbleheadyc.org,"Marblehead Yacht Club | Marblehead, MA USA",Marblehead Yacht Club,,72,90493,2026-09-28T22:05:56.842506897Z,"['Alternate Protocol', 'Amazon WAF Blocked', 'Apture Linking Platform', 'Cloudflare', 'Content Delivery Network', 'Ecwid Ecommerce Shopping Cart', 'Express', 'Fastly', 'Fastly CDN', 'GZIP Module', 'Google Calendar', 'Google My Business', 'Google Related Website Sites', 'Harbor', 'Instagram Follow Button', 'Microdata for Google Shopping', 'NFOrce Internet', 'POWr', 'PWA', 'QUIC', 'SMC', 'Seflow Italy', 'Sentry', 'SiteW', 'The Deck', 'UTF-8', 'Vector Internet Services', 'Wix', 'Wix Media', 'YouTube', 'eLand', 'mlcom']"
lakeshockeyacademy.com,"Lakes Hockey Academy | Brainerd, MN | Hockey Training",,USA,82,150806,2026-09-28T21:11:07.269120924Z,"['Alternate Protocol', 'Amazon WAF Blocked', 'Apture Linking Platform', 'Cloudflare', 'Content Delivery Network', 'DAV', 'Ecwid Ecommerce Shopping Cart', 'Express', 'Fastly', 'Fastly CDN', 'Fireblade', 'GZIP Module', 'Google Related Website Sites', 'Instagram Follow Button', 'K2F', 'KVH', 'NFOrce Internet', 'POWr', 'PWA', 'Perl', 'QUIC', 'SMC', 'Seflow Italy', 'Sentry', 'SiteW', 'Subversion', 'Twitter Ads', 'UTF-8', 'University or College', 'Vector Internet Services', 'WP Booking Calendar', 'Wix', 'Wix Media', 'eLand', 'mlcom']"
underwoodpecanfarm.com,HOME | Underwood Pecan Farm,Underwood Pecan Farm ,,72,142211,2026-09-28T21:01:27.809954704Z,"['Alternate Protocol', 'Amazon WAF Blocked', 'Apture Linking Platform', 'Cloudflare', 'Content Delivery Network', 'Ecwid Ecommerce Shopping Cart', 'Express', 'Fastly', 'Fastly CDN', 'GZIP Module', 'Instagram Follow Button', 'K2F', 'KVH', 'Microdata for Google Shopping', 'NFOrce Internet', 'PWA', 'Perl', 'QUIC', 'RM Education', 'SMC', 'Seflow Italy', 'Sentry', 'SiteW', 'Subversion', 'UTF-8', 'Vector Internet Services', 'Wix', 'Wix Media', 'mlcom']"
stickersswissmade.ch,Home | PaperPenANALOGUE | planner notebooks fountain pen | Switzerland,PaperPenANALOGUE,,72,113806,2026-09-28T20:28:40.529005895Z,"['Alternate Protocol', 'Amazon WAF Blocked', 'Apture Linking Platform', 'Cloudflare', 'Content Delivery Network', 'DAV', 'DC74', 'Ecwid Ecommerce Shopping Cart', 'Express', 'Fastly', 'Fastly CDN', 'GZIP Module', 'Google Related Website Sites', 'Microdata for Google Shopping', 'NFOrce Internet', 'On The Map', 'POWr', 'PWA', 'Perl', 'QUIC', 'SMC', 'Seflow Italy', 'Sentry', 'SiteW', 'UTF-8', 'Vector Internet Services', 'WP Booking Calendar', 'Wix', 'Wix Media', 'mlcom']"
thetopekanewsletter.com,Grub N Pubs - Home,,,57,219,2026-09-28T20:24:25.001079066Z,"['Alternate Protocol', 'Apache', 'CDN JS', 'Cloudflare', 'Cloudflare CDN', 'Ecwid Ecommerce Shopping Cart', 'GZIP Module', 'Gambling Content', 'Google', 'Google Analytics', 'Google Cloud DNS', 'Google Font API', 'Google Tag Manager', 'IcoMoon', 'Joomla!', 'Klaviyo', 'PWA', 'RokNavMenu', 'Tailwind CSS', 'UTF-8', 'YouTube', 'jQuery']"
kathypallieart.com,Ceramic-Fiber Sculpture | Kathy Pallie Art | United States,Kathy Pallie Art,,77,92731,2026-09-28T20:15:13.845943088Z,"['Alternate Protocol', 'Amazon', 'Amazon WAF Blocked', 'Apture Linking Platform', 'Cloudflare', 'Content Delivery Network', 'Ecwid Ecommerce Shopping Cart', 'Express', 'Fastly', 'Fastly CDN', 'GZIP Module', 'Google Related Website Sites', 'Microdata for Google Shopping', 'NFOrce Internet', 'PWA', 'QUIC', 'SMC', 'Seflow Italy', 'Sentry', 'SiteW', 'Sitelinks Search Box', 'UTF-8', 'Vector Internet Services', 'Wix', 'Wix Media', 'eLand', 'mlcom']"
ak-tivities.com,Multi Activity Sports Camps | AK-tivities Ltd. | Cambridge,AK-tivities Ltd.,,77,105644,2026-09-28T19:56:36.644520544Z,"['Alternate Protocol', 'Amazon WAF Blocked', 'Apture Linking Platform', 'Cloudflare', 'Content Delivery Network', 'DAV', 'Ecwid Ecommerce Shopping Cart', 'Express', 'Fastly', 'Fastly CDN', 'Fireblade', 'GZIP Module', 'Google Related Website Sites', 'Instagram Follow Button', 'Microdata for Google Shopping', 'NFOrce Internet', 'PWA', 'Perl', 'QUIC', 'SMC', 'Seflow Italy', 'Sentry', 'SiteW', 'Thank You', 'Twitter Ads', 'UTF-8', 'Vector Internet Services', 'WP Booking Calendar', 'Wix', 'Wix Media', 'mlcom']"
basseart.com,Basse | artist,,,52,26985,2026-09-28T19:49:06.26886143Z,"['Alternate Protocol', 'Amazon WAF Blocked', 'Apture Linking Platform', 'Cloudflare', 'Content Delivery Network', 'DAV', 'Ecwid Ecommerce Shopping Cart', 'Express', 'Fastly', 'Fastly CDN', 'GZIP Module', 'Google Related Website Sites', 'Instagram Follow Button', 'Microdata for Google Shopping', 'NFOrce Internet', 'PWA', 'Perl', 'QUIC', 'SMC', 'Seflow Italy', 'Sentry', 'SiteW', 'Thank You', 'UTF-8', 'Vector Internet Services', 'WP Booking Calendar', 'Wix', 'Wix Media', 'mlcom']"
dreamempirepublishing.com,Publishing | dreamempire,,,67,91467,2026-09-28T19:49:06.266058848Z,"['Alternate Protocol', 'Amazon WAF Blocked', 'Apture Linking Platform', 'Calendly', 'Canva Websites', 'Cloudflare', 'Content Delivery Network', 'DAV', 'Ecwid Ecommerce Shopping Cart', 'Express', 'Fastly', 'Fastly CDN', 'GZIP Module', 'Google Related Website Sites', 'NFOrce Internet', 'POWr', 'PWA', 'Perl', 'QUIC', 'SMC', 'Seflow Italy', 'Sentry', 'SiteW', 'Thank You', 'UTF-8', 'Vector Internet Services', 'WP Booking Calendar', 'Wix', 'Wix Media', 'Wufoo', 'eLand', 'mlcom']"
claradebnam.com,The Art of Clara Debnam | Street Art,,USA,82,126432,2026-09-28T19:36:29.597149069Z,"['Alternate Protocol', 'Amazon WAF Blocked', 'Apture Linking Platform', 'Aruba', 'Cloudflare', 'Content Delivery Network', 'DAV', 'Ecwid Ecommerce Shopping Cart', 'Express', 'Facebook CDN', 'Fastly', 'Fastly CDN', 'Fireblade', 'FormSubmit', 'GZIP Module', 'Google Related Website Sites', 'Instagram Follow Button', 'KVH', 'Microdata for Google Shopping', 'NFOrce Internet', 'No-Q', 'POWr', 'PWA', 'Perl', 'Pico CSS', 'QUIC', 'SMC', 'Seflow Italy', 'Sentry', 'SiteW', 'Subversion', 'Thank You', 'UTF-8', 'Vector Internet Services', 'WP Booking Calendar', 'Wix', 'Wix Media', 'YouTube', 'eLand', 'mlcom']"
killerangs.com,Home | Throwsticks,,,62,108493,2026-09-28T19:12:00.471578596Z,"['Alternate Protocol', 'Amazon WAF Blocked', 'Apture Linking Platform', 'Cloudflare', 'Content Delivery Network', 'DAV', 'Ecwid Ecommerce Shopping Cart', 'Express', 'Fastly', 'Fastly CDN', 'Financial Services Guide', 'GZIP Module', 'Google Related Website Sites', 'Gravity', 'Instagram Follow Button', 'Microdata for Google Shopping', 'NFOrce Internet', 'On The Map', 'POWr', 'PWA', 'Perl', 'QUIC', 'SMC', 'Seflow Italy', 'Sentry', 'SiteW', 'Subversion', 'Thank You', 'UTF-8', 'Vector Internet Services', 'Wix', 'Wix Media', 'YouTube', 'eLand', 'mlcom']"
justbakedgourmet.com,Home | Just Baked Gourmet,Just Baked Gourmet Cookies,,70,90086,2026-09-28T19:07:50.451263217Z,"['Alternate Protocol', 'Amazon WAF Blocked', 'Apture Linking Platform', 'Cloudflare', 'Content Delivery Network', 'DAV', 'Ecwid Ecommerce Shopping Cart', 'Express', 'Fastly', 'Fastly CDN', 'GZIP Module', 'Instagram Follow Button', 'Microdata for Google Shopping', 'NFOrce Internet', 'POWr', 'PWA', 'Perl', 'QUIC', 'SMC', 'Seflow Italy', 'Sentry', 'SiteW', 'Thank You', 'UTF-8', 'Vector Internet Services', 'WP Booking Calendar', 'Wix', 'Wix Media', 'mlcom']"
riverinajerky.com.au,Australian Beef Jerky | Riverina Jerky | Lavington Jerky Shed,Riverina Jerky,,72,106033,2026-09-28T19:07:50.42318712Z,"['123FormBuilder', 'Alternate Protocol', 'Amazon WAF Blocked', 'Apture Linking Platform', 'Cloudflare', 'Content Delivery Network', 'Ecwid Ecommerce Shopping Cart', 'Express', 'Fastly', 'Fastly CDN', 'Fireblade', 'GZIP Module', 'Google Related Website Sites', 'Instagram Follow Button', 'Microdata for Google Shopping', 'NFOrce Internet', 'POWr', 'PWA', 'Perl', 'QUIC', 'SMC', 'Seflow Italy', 'Sentry', 'SiteW', 'Thank You', 'UTF-8', 'Vector Internet Services', 'Wix', 'Wix Media', 'mlcom']"
sophieguzheng.com,Sophie Guzheng | Singapore | Guzheng Teacher,Sophie Guzheng Teacher,SGP,87,135644,2026-09-28T19:01:44.029544252Z,"['Alternate Protocol', 'Amazon WAF Blocked', 'Apture Linking Platform', 'Cloudflare', 'Content Delivery Network', 'DAV', 'Ecwid Ecommerce Shopping Cart', 'Express', 'Fastly', 'Fastly CDN', 'GZIP Module', 'Google Related Website Sites', 'Instagram Follow Button', 'K2F', 'KVH', 'Microdata for Google Shopping', 'NFOrce Internet', 'PWA', 'Perl', 'QUIC', 'SMC', 'Seflow Italy', 'Sentry', 'SiteW', 'Subversion', 'Thank You', 'Twitter Ads', 'UTF-8', 'University or College', 'Vector Internet Services', 'WP Booking Calendar', 'Wix', 'Wix Media', 'YouTube', 'eLand', 'mlcom']"
inspired2quilt.com,Inspirations Quilt Shop Online Store,,USA,70,13727,2026-09-28T18:48:38.69892382Z,"['Alternate Protocol', 'Amazon', 'Amazon CloudFront', 'CloudFront', 'ETranslate', 'Ecwid Ecommerce Shopping Cart', 'GZIP Module', 'Google Cloud DNS', 'Google Maps', 'Google My Business', 'Harbor', 'Instagram Follow Button', 'Nginx', 'PWA', 'RM Education', 'Stripe', 'Twitter Ads', 'Typeform', 'UTF-8', 'Unsplash', 'eLand']"
richardsonpottery.com,Richardson Pottery | Handmade artisan ceramics,,,67,90086,2026-09-28T18:43:51.294666951Z,"['Amazon WAF Blocked', 'Apture Linking Platform', 'Cloudflare', 'Content Delivery Network', 'DAV', 'Ecwid Ecommerce Shopping Cart', 'Express', 'Fastly', 'Fastly CDN', 'GZIP Module', 'Microdata for Google Shopping', 'NFOrce Internet', 'POWr', 'PWA', 'Perl', 'QUIC', 'SMC', 'Seflow Italy', 'Sentry', 'SiteW', 'Thank You', 'UTF-8', 'Vector Internet Services', 'WP Booking Calendar', 'Wix', 'Wix Media', 'eLand', 'mlcom']"
studiooftherapeuticmassage.com,Dawn Claflin | Knoxville | Dawn Claflin Massage Therapist,"Dawn Claflin, LMT",USA,77,133644,2026-09-28T17:32:38.637726411Z,"['Alternate Protocol', 'Amazon WAF Blocked', 'Apture Linking Platform', 'Cloudflare', 'Content Delivery Network', 'DAV', 'Ecwid Ecommerce Shopping Cart', 'Fastly', 'Fastly CDN', 'GZIP Module', 'Google Related Website Sites', 'Instagram Follow Button', 'K2F', 'KVH', 'Microdata for Google Shopping', 'NFOrce Internet', 'PWA', 'Perl', 'QUIC', 'SMC', 'Sentry', 'SiteW', 'Square', 'Subversion', 'UTF-8', 'Vector Internet Services', 'WP Booking Calendar', 'Wix', 'Wix Media', 'mlcom']"
rosedatocdall.com,The Art Studio of Rose Datoc Dall | figurative artist,Rose Datoc Dall Fine Art,,67,111621,2026-09-28T17:32:38.622325597Z,"['123FormBuilder', 'Alternate Protocol', 'Amazon WAF Blocked', 'Apture Linking Platform', 'Cloudflare', 'Content Delivery Network', 'DAV', 'DC74', 'Ecwid Ecommerce Shopping Cart', 'Express', 'Fastly', 'Fastly CDN', 'Financial Services Guide', 'Fireblade', 'GZIP Module', 'Google Related Website Sites', 'Instagram Follow Button', 'Microdata for Google Shopping', 'NFOrce Internet', 'POWr', 'PWA', 'Perl', 'QUIC', 'SMC', 'Seflow Italy', 'Sentry', 'SiteW', 'Sitelinks Search Box', 'Subversion', 'Thank You', 'Twitter Ads', 'UTF-8', 'Vector Internet Services', 'Wix', 'Wix Media', 'iPlayerHD', 'mlcom']"
variegatedchicago.com,Interior Plant Design | Variegated Designs,,USA,47,33051,2026-09-28T17:27:17.043189974Z,"['Alternate Protocol', 'Amazon WAF Blocked', 'Apture Linking Platform', 'Content Delivery Network', 'DAV', 'Ecwid Ecommerce Shopping Cart', 'Express', 'Fastly', 'Fastly CDN', 'GZIP Module', 'Google Related Website Sites', 'Instagram Follow Button', 'Microdata for Google Shopping', 'NFOrce Internet', 'On The Map', 'POWr', 'PWA', 'Perl', 'QUIC', 'SMC', 'Seflow Italy', 'Sentry', 'SiteW', 'UTF-8', 'Vector Internet Services', 'WP Booking Calendar', 'Wix', 'Wix Media', 'mlcom']"
sparklers-events.com,Sparklers Events,Sparklers Events ,USA,72,108992,2026-09-28T17:22:18.04959735Z,"['Alternate Protocol', 'Amazon WAF Blocked', 'Apture Linking Platform', 'Cloudflare', 'Content Delivery Network', 'DAV', 'Ecwid Ecommerce Shopping Cart', 'Express', 'Fastly', 'Fastly CDN', 'GZIP Module', 'Instagram Follow Button', 'Kudobuzz', 'Microdata for Google Shopping', 'NFOrce Internet', 'On The Map', 'PWA', 'Perl', 'QUIC', 'SMC', 'Seflow Italy', 'Sentry', 'SiteW', 'Thank You', 'UTF-8', 'Vector Internet Services', 'WP Booking Calendar', 'Wix', 'Wix Media', 'mlcom']"
thedojoshop.com,The Dojo Shop,,,55,147,2026-09-28T16:52:18.72134634Z,"['Alternate Protocol', 'Amazon', 'Amazon CloudFront', 'CloudFront', 'Ecwid Ecommerce Shopping Cart', 'GZIP Module', 'Google Cloud DNS', 'Google Maps', 'Instagram Follow Button', 'Nginx', 'PWA', 'Stripe', 'Twitter Ads', 'UTF-8', 'Unsplash', 'eLand']"
sishya.org,HOME (Hello!) | sishya,Sishya,IND,60,35068,2026-09-28T16:13:37.026161485Z,"['123FormBuilder', 'Alternate Protocol', 'Amazon WAF Blocked', 'Apture Linking Platform', 'Cloudflare', 'Content Delivery Network', 'DAV', 'Ecwid Ecommerce Shopping Cart', 'Epic Form Builder', 'Express', 'Fastly', 'Fastly CDN', 'Fireblade', 'GZIP Module', 'Google Customer Reviews', 'Instagram Follow Button', 'Microdata for Google Shopping', 'NFOrce Internet', 'POWr', 'PWA', 'Perl', 'QUIC', 'SMC', 'Seflow Italy', 'Sentry', 'SiteW', 'UTF-8', 'Vector Internet Services', 'VocalReferences', 'WP Booking Calendar', 'Wix', 'Wix Media', 'Yandex Hosting', 'YouTube', 'mlcom']"
soulmansjourney.com,Alexander | LUMIZONE,,USA,72,109658,2026-09-28T15:25:11.175294508Z,"['AWS WAF Challenge', 'Alternate Protocol', 'Amazon WAF Blocked', 'Apture Linking Platform', 'Calendly', 'Content Delivery Network', 'DAV', 'Ecwid Ecommerce Shopping Cart', 'Express', 'Fastly', 'Fastly CDN', 'GZIP Module', 'Google Related Website Sites', 'Instagram Follow Button', 'Linktree', 'NFOrce Internet', 'Oddle', 'Oracle Cloud', 'POWr', 'PWA', 'Perl', 'QUIC', 'SMC', 'Seflow Italy', 'Sentry', 'SiteW', 'Thank You', 'UTF-8', 'University or College', 'Vector Internet Services', 'WP Booking Calendar', 'Wix', 'Wix Media', 'YouTube', 'eLand', 'mlcom']"
fraserhaircompany.com,"Fraser Hair Co Fraser, CO Winter Park, CO www.fraserhaircompany.com",Fraser Hair Company,,77,183644,2026-09-28T15:25:11.170353706Z,"['Alternate Protocol', 'Amazon WAF Blocked', 'Apture Linking Platform', 'Cloudflare', 'Content Delivery Network', 'DAV', 'Ecwid Ecommerce Shopping Cart', 'Express', 'Fastly', 'Fastly CDN', 'GZIP Module', 'Google Related Website Sites', 'Influenster', 'Instagram Follow Button', 'K2F', 'Microdata for Google Shopping', 'NFOrce Internet', 'On The Map', 'PWA', 'Perl', 'QUIC', 'SMC', 'Seflow Italy', 'Sentry', 'SiteW', 'Square', 'Subversion', 'UTF-8', 'Vector Internet Services', 'WP Booking Calendar', 'Wix', 'Wix Media', 'mlcom']"
gabygrant.co.uk,These Tits Are Mine | Gaby Grant,,,47,26896,2026-09-28T14:46:14.461838229Z,"['Alternate Protocol', 'Amazon WAF Blocked', 'Apture Linking Platform', 'Cloudflare', 'Coming Soon Page', 'Content Delivery Network', 'Ecwid Ecommerce Shopping Cart', 'Express', 'Fastly', 'Fastly CDN', 'GZIP Module', 'Google Related Website Sites', 'Instagram Follow Button', 'Microdata for Google Shopping', 'NFOrce Internet', 'PWA', 'QUIC', 'SMC', 'Seflow Italy', 'Sentry', 'SiteW', 'Thank You', 'UTF-8', 'Vector Internet Services', 'Wix', 'Wix Media', 'mlcom']"
frankiefictitious.com,Frankie Fictitious,Frankie Fictitious,USA,72,116394,2026-09-28T14:40:48.1673505Z,"['Alternate Protocol', 'Amazon WAF Blocked', 'Apture Linking Platform', 'CCSI', 'Cisco/Arrowpoint Content Service Switch', 'Cloudflare', 'Content Delivery Network', 'DAV', 'Ecwid Ecommerce Shopping Cart', 'Express', 'Fastly', 'Fastly CDN', 'GZIP Module', 'Google Related Website Sites', 'Instagram Follow Button', 'Microdata for Google Shopping', 'NFOrce Internet', 'POWr', 'PWA', 'Perl', 'QUIC', 'SMC', 'Seflow Italy', 'Sentry', 'SiteW', 'Thank You', 'UTF-8', 'Vector Internet Services', 'WP Booking Calendar', 'Wix', 'Wix Media', 'YouTube', 'eLand', 'iPlayerHD', 'mlcom']"
jreceecosmetics.beauty,Jrecee Cosmetics,,USA,65,6247,2026-09-28T14:11:07.510955138Z,"['Alternate Protocol', 'Amazon', 'Amazon CloudFront', 'CloudFront', 'ETranslate', 'Ecwid Ecommerce Shopping Cart', 'Express', 'GZIP Module', 'Google Cloud DNS', 'Google Maps', 'Google My Business', 'Google Related Website Sites', 'Instagram Follow Button', 'Nginx', 'PWA', 'UTF-8', 'Unsplash', 'eLand']"
westriverexchange.com,Ohio Honey & Honey Bees For Sale | West River Exchange,West River Exchange - Ohio Honey and Honey Bees,,67,19212,2026-09-28T13:57:57.379327759Z,"['Alternate Protocol', 'Amazon CloudFront', 'CloudFront', 'Cloudflare', 'CoBlocks', 'Content Delivery Network', 'DuracellTomi Google Tag Manager for WordPress', 'Ecwid Ecommerce Shopping Cart', 'EmbedPress', 'GoDaddy', 'Google', 'Google Cloud DNS', 'Google Font API', 'Google Related Website Sites', 'Google Tag Manager', 'Instagram Follow Button', 'Microdata for Google Shopping', 'PHP', 'Schema Plugin', 'Theme In WP', 'UTF-8', 'Wangsu', 'WordPress', 'WordPress Multisite', 'YouTube', 'go Theme', 'jQuery']"
thebloomingcupcake.com,"The Blooming Cupcake | cupcake arrangements for birthdays | Las Vegas, NV, USA",The Blooming Cupcake,,72,133806,2026-09-28T13:49:39.474441423Z,"['Alternate Protocol', 'Amazon WAF Blocked', 'Apture Linking Platform', 'Cloudflare', 'Content Delivery Network', 'DAV', 'Ecwid Ecommerce Shopping Cart', 'Express', 'Facebook Conversion Tracking', 'Facebook Login', 'Facebook Messenger Platform', 'Facebook Pixel', 'Facebook Reseller', 'Facebook Tag API', 'Fastly', 'Fastly CDN', 'Free Call', 'GZIP Module', 'Google Related Website Sites', 'K2F', 'Microdata for Google Shopping', 'NFOrce Internet', 'On The Map', 'POWr', 'PWA', 'Perl', 'QUIC', 'SMC', 'Seflow Italy', 'Sentry', 'SiteW', 'Subversion', 'UTF-8', 'Vector Internet Services', 'WP Booking Calendar', 'Wix', 'Wix Media', 'mlcom']"
librarymarketingconference.com,Library Marketing Conference Group - Home,,USA,70,76500,2026-09-28T13:44:47.442872945Z,"['Amazon', 'Amazon CloudFront', 'Amazon Route 53', 'CloudFront', 'Cloudflare', 'Cloudflare CDN', 'Corporate Governance and Regulatory Compliance', 'DoubleClick Bid Manager', 'Ecwid Ecommerce Shopping Cart', 'Elfsight', 'Font Awesome', 'Forethought', 'GZIP Module', 'GetResponse', 'Google', 'Google Analytics', 'Google Cloud DNS', 'Google Font API', 'Google Maps', 'Google My Business', 'Google Tag Manager', 'Instagram Follow Button', 'Perl', 'Storyblocks', 'Twitter Ads', 'UTF-8', 'UserVoice', 'Wild Apricot', 'YouTube', 'Zendesk Embeddables', 'elevio', 'reCAPTCHA']"
tarapedot.com,TaraPedOT | Occupational Therapy | Taipei,TaraPedOT,USA,77,124832,2026-09-28T13:34:43.441629385Z,"['AWS WAF Challenge', 'Alternate Protocol', 'Amazon WAF Blocked', 'Amazon Widgets', 'Apture Linking Platform', 'Cloudflare', 'Content Delivery Network', 'DAV', 'Ecwid Ecommerce Shopping Cart', 'Express', 'Fastly', 'Fastly CDN', 'GZIP Module', 'Google Related Website Sites', 'Microdata for Google Shopping', 'NFOrce Internet', 'Oddle', 'On The Map', 'PWA', 'Perl', 'QUIC', 'SMC', 'Seflow Italy', 'Sentry', 'SiteW', 'Thank You', 'UTF-8', 'Vector Internet Services', 'WP Booking Calendar', 'Wix', 'Wix Media', 'mlcom']"
danksky.com,Online Store,,,55,147,2026-09-28T13:14:04.25340641Z,"['Alternate Protocol', 'Amazon', 'Amazon CloudFront', 'CloudFront', 'Ecwid Ecommerce Shopping Cart', 'GZIP Module', 'Google Cloud DNS', 'Google Maps', 'Google My Business', 'Instagram Follow Button', 'Nginx', 'PWA', 'UTF-8', 'Unsplash', 'eLand']"
drcooplove.com,Speaker | Consultant| Coach| DrCoopLove.com | United States,Dr. Coop-Love,USA,82,98726,2026-09-28T12:19:51.492125369Z,"['Alternate Protocol', 'Amazon WAF Blocked', 'Apture Linking Platform', 'Cloudflare', 'Content Delivery Network', 'DAV', 'DC74', 'Ecwid Ecommerce Shopping Cart', 'Express', 'Fastly', 'Fastly CDN', 'GZIP Module', 'Google Related Website Sites', 'Microdata for Google Shopping', 'Microsoft Azure', 'NFOrce Internet', 'Ntent', 'POWr', 'PWA', 'Perl', 'QUIC', 'SMC', 'Seflow Italy', 'Sentry', 'Share Link', 'SiteW', 'SiteWit', 'Sitelinks Search Box', 'Thank You', 'UTF-8', 'UpContent', 'Vector Internet Services', 'WP Booking Calendar', 'Wix', 'Wix Media', 'YouTube', 'eLand', 'mlcom']"
shopstyleassembly.com,Women's Boutique | Style Assembly | Oxford MS,Style Assembly ,GBR,57,32962,2026-09-28T11:50:47.070605071Z,"['Amazon WAF Blocked', 'Apture Linking Platform', 'Cloudflare', 'Content Delivery Network', 'Ecwid Ecommerce Shopping Cart', 'Express', 'Fastly', 'Fastly CDN', 'GZIP Module', 'Google My Business', 'Google Related Website Sites', 'Instagram Follow Button', 'Microdata for Google Shopping', 'NFOrce Internet', 'On The Map', 'POWr', 'PWA', 'QUIC', 'SMC', 'Seflow Italy', 'Sentry', 'SiteW', 'UTF-8', 'Vector Internet Services', 'Wix', 'Wix Media', 'mlcom']"
completecomputers.shop,completecomputers.shop,,,67,1301,2026-09-28T11:34:51.489818951Z,"['Amazon CloudFront', 'CDN JS', 'CloudFront', 'Cloudflare', 'Cloudflare CDN', 'DAV', 'Duda', 'Ecwid Ecommerce Shopping Cart', 'GZIP Module', 'Instagram Follow Button', 'Nginx', 'No-Q', 'Perl', 'QUIC', 'Tailwind CSS', 'UTF-8', 'jsDelivr']"
denvercardshops.com,"Denver Card Shops: Denver's #1 Spot for Sports Cards, Pokemon/TCG & More!",,USA,67,14015,2026-09-28T10:55:19.862415673Z,"['Alternate Protocol', 'Amazon', 'Amazon CloudFront', 'CloudFront', 'Coming Soon Page', 'ETranslate', 'Ecwid Ecommerce Shopping Cart', 'Formspree', 'GZIP Module', 'Google Cloud DNS', 'Google Maps', 'Google My Business', 'Instagram Follow Button', 'Nginx', 'PWA', 'RM Education', 'Typeform', 'UTF-8', 'Unsplash', 'eLand']"
tsoynami.com,"Nami | Phoenix | Vegan Pastries, Coffee, Breakfast, Brunch and more!",,USA,77,81044,2026-09-28T10:50:23.788683713Z,"['Alternate Protocol', 'Amazon WAF Blocked', 'Apture Linking Platform', 'Content Delivery Network', 'DAV', 'Ecwid Ecommerce Shopping Cart', 'Express', 'GZIP Module', 'Google Forms', 'Google My Business', 'Google Related Website Sites', 'GrubHub', 'Instagram Follow Button', 'Microdata for Google Shopping', 'NFOrce Internet', 'PWA', 'Perl', 'QUIC', 'SMC', 'Seflow Italy', 'Sentry', 'SiteW', 'Square', 'UTF-8', 'University or College', 'Vector Internet Services', 'WP Booking Calendar', 'Wix', 'Wix Media', 'mlcom']"
debtcollection.direct,Debt Collection Agency | Debt Collector | Key Debt Recovery,Key Debt Recovery,USA,87,247674,2026-09-28T10:08:23.741762853Z,"['AWS WAF Challenge', 'Accordion Blocks', 'Accordion FAQ', 'Adobe Creative Cloud WebFonts', 'Apture Linking Platform', 'Aruba', 'Ecwid Ecommerce Shopping Cart', 'Experian Marketing Services', 'Express', 'Fireblade', 'FormSubmit', 'GZIP Module', 'Google Analytics', 'Google Cloud DNS', 'Google Font API', 'Google Tag Manager', 'Instagram Follow Button', 'Line2', 'Magento Enterprise', 'Microdata for Google Shopping', 'NFOrce Internet', 'QUIC', 'RM Education', 'SMC', 'SiteW', 'Squarespace', 'Thank You', 'UTF-8', 'University or College', 'Vector Internet Services', 'WordPress SEO Structured Data Schema Plugin', 'Zoho CRM', 'eLand']"
mushwomb.love,Mama de la Myco | Psychedelic Education,Mama de la Myco (mushWOMB),USA,82,105644,2026-09-28T09:39:07.409530591Z,"['AWS WAF Challenge', 'Alternate Protocol', 'Amazon WAF Blocked', 'Apture Linking Platform', 'Cloudflare', 'Content Delivery Network', 'DAV', 'Ecwid Ecommerce Shopping Cart', 'Express', 'Fastly', 'Fastly CDN', 'GZIP Module', 'GoFundMe', 'Google Related Website Sites', 'Microdata for Google Shopping', 'NFOrce Internet', 'PWA', 'Perl', 'QUIC', 'SMC', 'Seflow Italy', 'Sentry', 'SiteW', 'Thank You', 'UTF-8', 'Vector Internet Services', 'WP Booking Calendar', 'Wix', 'Wix Media', 'eLand', 'mlcom']"
nfpei.ca,"Naturally Fit PEI | gym in charlottetown | 101 Longworth Avenue, Charlottetown, PE, Canada",Naturally Fit Prince Edward Island,,77,104924,2026-09-28T08:24:25.317145255Z,"['AWS WAF Challenge', 'Amazon WAF Blocked', 'Apture Linking Platform', 'Cloudflare', 'Content Delivery Network', 'DAV', 'Ecwid Ecommerce Shopping Cart', 'Express', 'Fastly', 'Fastly CDN', 'GZIP Module', 'Instagram Follow Button', 'Microdata for Google Shopping', 'NFOrce Internet', 'PWA', 'Perl', 'QUIC', 'SMC', 'Seflow Italy', 'Sentry', 'SiteW', 'Thank You', 'UTF-8', 'Vector Internet Services', 'WP Booking Calendar', 'Wix', 'Wix Media', 'mlcom']"
tisforturbo.com,Motorhead Garage Productions | A Children's Book Series,,,57,26896,2026-09-28T07:55:11.001687053Z,"['Alternate Protocol', 'Amazon WAF Blocked', 'Apture Linking Platform', 'Content Delivery Network', 'Ecwid Ecommerce Shopping Cart', 'Express', 'Fastly', 'Fastly CDN', 'GZIP Module', 'Google Related Website Sites', 'Instagram Follow Button', 'Microdata for Google Shopping', 'NFOrce Internet', 'PWA', 'QUIC', 'SMC', 'Seflow Italy', 'Sentry', 'SiteW', 'Thank You', 'UTF-8', 'Vector Internet Services', 'Wix', 'Wix Media', 'mlcom']"
393components.com,"Signs, Decals, Banners, Wraps | Lehi Sign Shop Utah","393 Components, Inc.",ZAF,77,118644,2026-09-28T06:53:29.791959461Z,"['Alternate Protocol', 'Amazon WAF Blocked', 'Apture Linking Platform', 'BunnyCDN General', 'Cloudflare', 'Content Delivery Network', 'DAV', 'DC74', 'Ecwid Ecommerce Shopping Cart', 'Express', 'Fastly', 'Fastly CDN', 'GZIP Module', 'Google Customer Reviews', 'Google Related Website Sites', 'KVH', 'Microdata for Google Shopping', 'NFOrce Internet', 'PWA', 'Perl', 'QUIC', 'SMC', 'Seflow Italy', 'Sentry', 'SiteW', 'Sitelinks Search Box', 'Thank You', 'UTF-8', 'Vector Internet Services', 'WP Booking Calendar', 'Wix', 'Wix Media', 'Yandex Hosting', 'mlcom']"
crowncares.org,Crossroads | Maine Pageant,Crossroads,,77,130313,2026-09-28T06:31:26.7033043Z,"['123FormBuilder', '501c3 Status Nonprofit', 'Alternate Protocol', 'Amazon Associates', 'Amazon WAF Blocked', 'Amazon Widgets', 'Apture Linking Platform', 'Cloudflare', 'Content Delivery Network', 'Ecwid Ecommerce Shopping Cart', 'Express', 'Fastly', 'Fastly CDN', 'Fireblade', 'GZIP Module', 'Instagram Follow Button', 'K2F', 'Microdata for Google Shopping', 'NFOrce Internet', 'POWr', 'PWA', 'Perl', 'QUIC', 'SMC', 'Seflow Italy', 'Sentry', 'SiteW', 'Sitelinks Search Box', 'Thank You', 'UTF-8', 'Vector Internet Services', 'Wix', 'Wix Media', 'mlcom']"
dreampublicity.com,Home | Michael Peng | Shirley,Michael Peng,GBR,77,265152,2026-09-28T06:08:03.120972619Z,"['AWS WAF Challenge', 'Alternate Protocol', 'Amazon WAF Blocked', 'Apollo IO', 'App Store', 'Apture Linking Platform', 'BLR', 'Band Camp', 'Camp', 'Cloudflare', 'Community', 'Content Delivery Network', 'DAV', 'DailyMotion Video', 'Discord', 'Disqus Comment System for WordPress', 'Drupal', 'Ecwid Ecommerce Shopping Cart', 'Ethy', 'Express', 'Facebook Embedded Posts', 'Fastly', 'Fastly CDN', 'Financial Services Guide', 'Free Call', 'GZIP Module', 'Giphy', 'GitHub Hosting', 'GoFundMe', 'Google Adsense', 'Google Funding Choices', 'Google Matched Content', 'Google My Business', 'Google Play', 'Google Related Website Sites', 'Google Reseller', 'HMDG', 'Heroku', 'Hive.co', 'Influenster', 'Instagram Follow Button', 'K2F', 'KVH', 'Line.me', 'Linktree', 'Medium', 'Micro.blog', 'Microdata for Google Shopping', 'NFOrce Internet', 'No-Q', 'Ntent', 'On The Map', 'POWr', 'PWA', 'PayPal Adaptive Payments', 'Perl', 'Product Hunt', 'QUIC', 'RM Education', 'SMC', 'Seflow Italy', 'Sentry', 'SiteW', 'Sitelinks Search Box', 'Subversion', 'Telegram', 'Thank You', 'Tumblr', 'Twitter Ads', 'UTF-8', 'University or College', 'UpContent', 'Vector Internet Services', 'WP Booking Calendar', 'WhatsApp Sharing', 'Wix', 'Wix Media', 'YouTube', 'Zoom Video Conferencing', 'about.me', 'mlcom']"
bakeryeunice.co.uk,bakeryeunice.co.uk » Home,,,82,20492,2026-09-28T06:08:03.120590584Z,"['Alternate Protocol', 'Apache', 'Ecwid Ecommerce Shopping Cart', 'Fastly', 'Fireblade', 'GZIP Module', 'Google', 'Google Analytics', 'Google Cloud DNS', 'Google Font API', 'Google My Business', 'Google Tag Manager', 'Instagram Follow Button', 'Microdata for Google Shopping', 'PWA', 'Parcel', 'Schema Plugin', 'Tailwind CSS', 'UTF-8', 'WordPress SEO Structured Data Schema Plugin']"
jamjvl.com,Janesville Music Lessons at Janesville Academy of Music | Voice Instructor,Janesville Academy of Music,MYS,82,131070,2026-09-28T05:57:37.550435134Z,"['Alternate Protocol', 'Amazon WAF Blocked', 'Apture Linking Platform', 'Cloudflare', 'Content Delivery Network', 'DAV', 'Ecwid Ecommerce Shopping Cart', 'Express', 'Fastly', 'Fastly CDN', 'Financial Services Guide', 'Fireblade', 'FormSubmit', 'GZIP Module', 'Google Related Website Sites', 'Instagram Follow Button', 'K2F', 'Microdata for Google Shopping', 'NFOrce Internet', 'No-Q', 'PWA', 'Perl', 'Pico CSS', 'QUIC', 'SMC', 'Seflow Italy', 'Sentry', 'SiteW', 'Subversion', 'Thank You', 'UTF-8', 'Vector Internet Services', 'WP Booking Calendar', 'Wix', 'Wix Media', 'YouTube', 'eLand', 'mlcom']"
cccomicon.com.au,Central Coast Comicon,,AUS,72,155643,2026-09-28T05:52:33.693116787Z,"['123FormBuilder', 'Alternate Protocol', 'Amazon WAF Blocked', 'Apture Linking Platform', 'Cloudflare', 'Content Delivery Network', 'DC74', 'Ecwid Ecommerce Shopping Cart', 'Express', 'Fastly', 'Fastly CDN', 'Fireblade', 'GZIP Module', 'Instagram Follow Button', 'K2F', 'KVH', 'Microdata for Google Shopping', 'NFOrce Internet', 'No-Q', 'POWr', 'PWA', 'QUIC', 'SMC', 'Seflow Italy', 'Sentry', 'SiteW', 'Subversion', 'Twitter Ads', 'UTF-8', 'Vector Internet Services', 'Wix', 'Wix Media', 'YouTube', 'mlcom']"
jenniferbondbaker.com,Pianist/Composer | Jennifer Bond Baker,Jennifer Bond Baker,,82,105493,2026-09-28T05:01:44.580423337Z,"['AWS WAF Challenge', 'Amazon WAF Blocked', 'Apture Linking Platform', 'Cloudflare', 'Content Delivery Network', 'Ecwid Ecommerce Shopping Cart', 'Express', 'Fastly', 'Fastly CDN', 'GZIP Module', 'Google Related Website Sites', 'Microdata for Google Shopping', 'NFOrce Internet', 'POWr', 'PWA', 'Perl', 'QUIC', 'SMC', 'Seflow Italy', 'Sentry', 'SiteW', 'Thank You', 'UTF-8', 'Vector Internet Services', 'Wix', 'Wix Media', 'YouTube', 'eLand', 'mlcom']"
fluteconnections.com,Home | flute-connections,Flute Connections,,75,136464,2026-09-28T05:01:44.565232755Z,"['Alternate Protocol', 'Amazon WAF Blocked', 'Apture Linking Platform', 'Cloudflare', 'Constant Contact', 'Content Delivery Network', 'DAV', 'Ecwid Ecommerce Shopping Cart', 'Express', 'Fastly', 'Fastly CDN', 'GZIP Module', 'K2F', 'KVH', 'Microdata for Google Shopping', 'Microsoft Azure Blob Storage', 'NFOrce Internet', 'PWA', 'Perl', 'QUIC', 'SMC', 'Seflow Italy', 'Sentry', 'SiteW', 'Subversion', 'UTF-8', 'Vector Internet Services', 'WP Booking Calendar', 'Wix', 'Wix Media', 'eLand', 'mlcom']"
teremokshop.co.uk,Home | Teremok Shop in Cambridge,Teremok Shop,CAN,77,152611,2026-09-28T04:43:23.116941268Z,"['Alternate Protocol', 'Amazon WAF Blocked', 'Apture Linking Platform', 'Cloudflare', 'Content Delivery Network', 'Ecwid Ecommerce Shopping Cart', 'Express', 'Fastly', 'Fastly CDN', 'GZIP Module', 'K2F', 'KVH', 'Microdata for Google Shopping', 'NFOrce Internet', 'Ntent', 'On The Map', 'PWA', 'Perl', 'QUIC', 'SMC', 'Seflow Italy', 'Sentry', 'SiteW', 'Sitelinks Search Box', 'Subversion', 'Thank You', 'Twitter Ads', 'UTF-8', 'Vector Internet Services', 'Wix', 'Wix Media', 'WordPress Related Posts', 'mlcom']"
thepremez.com,Charlotte's Best Hemp Store - The Premez,The Premez,USA,60,421,2026-09-28T04:43:23.112912215Z,"['AWS WAF Challenge', 'Age Gate', 'Alternate Protocol', 'Amazon CloudFront', 'CloudFront', 'Content Delivery Network', 'Ecwid Ecommerce Shopping Cart', 'ElementUI', 'EmbedPress', 'Event Tickets for Wordpress', 'Eventbrite', 'Font Awesome', 'Google', 'Google Adsense', 'Google Analytics', 'Google Cloud CDN', 'Google Cloud DNS', 'Google Font API', 'Google Funding Choices', 'Google Maps', 'Google Matched Content', 'Google My Business', 'Google Reseller', 'Google Tag Manager', 'LiteSpeed', 'Microdata for Google Shopping', 'Neighborhoods', 'PHP', 'Perl', 'Sitelinks Search Box', 'The Events Calendar', 'UTF-8', 'University or College', 'Woo Themes', 'WooCommerce', 'WooCommerce Checkout', 'WooCommerce Payments', 'WordPress', 'WordPress Multisite', 'jQuery']"
heydaybeer.com,HOME | Heyday Beer,Heyday Beer Co,NZL,65,109611,2026-09-28T03:41:50.774647229Z,"['Alternate Protocol', 'Amazon WAF Blocked', 'Apture Linking Platform', 'Cloudflare', 'Content Delivery Network', 'Corporate Governance and Regulatory Compliance', 'Ecwid Ecommerce Shopping Cart', 'Express', 'Fastly', 'Fastly CDN', 'GZIP Module', 'Instagram Follow Button', 'KVH', 'Microdata for Google Shopping', 'NFOrce Internet', 'PWA', 'Perl', 'QUIC', 'SMC', 'Seflow Italy', 'Sentry', 'SiteW', 'Thank You', 'UTF-8', 'Vector Internet Services', 'Wix', 'Wix Media', 'eLand', 'mlcom']"
themotherskeeper.com,Columbus Birth & Postpartum Doula | Georgia Doula | The Mothers Keeper,,,57,10162,2026-09-28T03:09:57.912924805Z,"['Alternate Protocol', 'Amazon CloudFront', 'Beaver Builder Lite', 'CloudFront', 'Contento', 'Ecwid Ecommerce Shopping Cart', 'EmbedPress', 'GZIP Module', 'Google', 'Google Analytics', 'Google Cloud DNS', 'Google Font API', 'Google Tag Manager', 'Instagram Follow Button', 'Microdata for Google Shopping', 'Nginx', 'PHP', 'Schema Plugin', 'Theme In WP', 'UTF-8', 'WordPress', 'WordPress Multisite', 'jQuery']"
reysenmart.com,ReySen Mart,,USA,65,6247,2026-09-28T02:48:00.986084265Z,"['Alternate Protocol', 'Amazon', 'Amazon CloudFront', 'CloudFront', 'ETranslate', 'Ecwid Ecommerce Shopping Cart', 'GZIP Module', 'Google Cloud DNS', 'Google Maps', 'Google My Business', 'Google Related Website Sites', 'Instagram Follow Button', 'Nginx', 'PWA', 'QUIC', 'Stripe', 'UTF-8', 'Unsplash', 'eLand']"
prayandgototherapy.com,Home | Pray & Go To Therapy,Pray and Go To Therapy,,77,90531,2026-09-28T02:38:46.266227622Z,"['3 Products', 'Alternate Protocol', 'Amazon WAF Blocked', 'Apture Linking Platform', 'Cloudflare', 'Content Delivery Network', 'Ecwid Ecommerce Shopping Cart', 'Express', 'Fastly', 'Fastly CDN', 'GZIP Module', 'Google Related Website Sites', 'Instagram Follow Button', 'Microdata for Google Shopping', 'NFOrce Internet', 'PWA', 'Perl', 'QUIC', 'SMC', 'Seflow Italy', 'Sentry', 'SiteW', 'Sitelinks Search Box', 'Thank You', 'UTF-8', 'Vector Internet Services', 'Wix', 'Wix Media', 'mlcom']"
quinchatrods.com,Quinchat Rods LLC,,,50,147,2026-09-28T02:33:45.889681596Z,"['Alternate Protocol', 'Amazon', 'Amazon CloudFront', 'CloudFront', 'Ecwid Ecommerce Shopping Cart', 'GZIP Module', 'Google Cloud DNS', 'Google Maps', 'Google My Business', 'Instagram Follow Button', 'Nginx', 'PWA', 'Twitter Ads', 'UTF-8', 'Unsplash', 'eLand']"
whisperinglullabies.com,Whispering Lullabies | Overnight newborn care to support new parents,Whispering Lullabies of Virginia,USA,77,130836,2026-09-28T02:04:51.508304838Z,"['AWS WAF Challenge', 'Alternate Protocol', 'Amazon WAF Blocked', 'Apture Linking Platform', 'Calendly', 'Cloudflare', 'Content Delivery Network', 'DAV', 'Ecwid Ecommerce Shopping Cart', 'Express', 'Fastly', 'Fastly CDN', 'GZIP Module', 'Google Related Website Sites', 'K2F', 'Microdata for Google Shopping', 'NFOrce Internet', 'PWA', 'Perl', 'QUIC', 'SMC', 'Seflow Italy', 'Sentry', 'SiteW', 'Sitelinks Search Box', 'Subversion', 'Thank You', 'UTF-8', 'Vector Internet Services', 'WP Booking Calendar', 'Wix', 'Wix Media', 'mlcom']"
mbfphotography.com,Newborn Photography Las Vegas | S | MBF Photography,MBF Photography,USA,77,134106,2026-09-28T01:46:47.906557063Z,"['Alternate Protocol', 'Amazon WAF Blocked', 'Amazon Widgets', 'Apture Linking Platform', 'Cloudflare', 'Content Delivery Network', 'DAV', 'Ecwid Ecommerce Shopping Cart', 'Etsy', 'Express', 'Fastly', 'Fastly CDN', 'Financial Services Guide', 'GZIP Module', 'Google Related Website Sites', 'Instagram Follow Button', 'K2F', 'Microdata for Google Shopping', 'NFOrce Internet', 'On The Map', 'POWr', 'PWA', 'Perl', 'QUIC', 'SMC', 'Seflow Italy', 'Sentry', 'SiteW', 'SiteWit', 'Subversion', 'Thank You', 'UTF-8', 'Vector Internet Services', 'WP Booking Calendar', 'Wix', 'Wix Media', 'YouTube', 'mlcom']"
hotfrogdesigns.net,Hot Frog Designs Webstore,,,62,3027,2026-09-28T00:30:36.722391457Z,"['Alternate Protocol', 'Amazon', 'Amazon CloudFront', 'CloudFront', 'Ecwid Ecommerce Shopping Cart', 'GZIP Module', 'Google Cloud DNS', 'Google Maps', 'Google My Business', 'Instagram Follow Button', 'Nginx', 'PWA', 'Stripe', 'UTF-8', 'Unsplash', 'eLand']"
wplgifts.com,WPL Gifts | Wholesale Supplier | UK,WPL Gifts,GBR,87,95806,2026-09-27T23:57:56.308189506Z,"['Alternate Protocol', 'Amazon WAF Blocked', 'Apture Linking Platform', 'Content Delivery Network', 'DAV', 'DC74', 'Ecwid Ecommerce Shopping Cart', 'Express', 'Fastly', 'Fastly CDN', 'GZIP Module', 'Google Analytics', 'Google Related Website Sites', 'Google Tag Manager', 'Instagram Follow Button', 'Microdata for Google Shopping', 'NFOrce Internet', 'POWr', 'PWA', 'Perl', 'QUIC', 'SMC', 'Seflow Italy', 'Sentry', 'SiteW', 'Sitelinks Search Box', 'Thank You', 'UTF-8', 'Vector Internet Services', 'WP Booking Calendar', 'Wix', 'Wix Media', 'eLand', 'mlcom']"
badkins.art,"Muralist | B.adkins Art , Brie Adkins Artist",Badkins Art,,77,132434,2026-09-27T23:57:56.300064222Z,"['123FormBuilder', 'Alternate Protocol', 'Amazon WAF Blocked', 'Apture Linking Platform', 'Cloudflare', 'Content Delivery Network', 'DAV', 'Ecwid Ecommerce Shopping Cart', 'Express', 'Fastly', 'Fastly CDN', 'Fireblade', 'GZIP Module', 'Google Related Website Sites', 'Heroku', 'Instagram Follow Button', 'K2F', 'Microdata for Google Shopping', 'NFOrce Internet', 'POWr', 'PWA', 'Perl', 'QUIC', 'SMC', 'Seflow Italy', 'Sentry', 'SiteW', 'Subversion', 'Thank You', 'UTF-8', 'Vector Internet Services', 'WP Booking Calendar', 'Wix', 'Wix Media', 'iPlayerHD', 'mlcom']"
fastener-works.com,Fastener Works,,,55,20123,2026-09-27T23:40:33.353570383Z,"['AAPT', 'Amazon', 'Amazon CloudFront', 'ClickOn', 'CloudFront', 'DAV', 'Ecwid Ecommerce Shopping Cart', 'Federal Deposit Insurance Corporation', 'GZIP Module', 'Google', 'Google Cloud DNS', 'Google Font API', 'Google Maps', 'Google Related Website Sites', 'Nginx', 'PWA', 'SMC', 'Show.co', 'Tailwind CSS', 'Twitter Ads', 'UTF-8', 'Vimeo', 'YouTube']"
theqingdom.com,QinG | Rapper | North Carolina,QinG,USA,67,128493,2026-09-27T23:36:14.103670994Z,"['Alternate Protocol', 'Amazon WAF Blocked', 'Apture Linking Platform', 'Cloudflare', 'Content Delivery Network', 'Ecwid Ecommerce Shopping Cart', 'Express', 'Fastly', 'Fastly CDN', 'GZIP Module', 'Google Related Website Sites', 'Instagram Follow Button', 'KVH', 'Microdata for Google Shopping', 'NFOrce Internet', 'On The Map', 'POWr', 'PWA', 'QUIC', 'SMC', 'Seflow Italy', 'Sentry', 'SiteW', 'UTF-8', 'Vector Internet Services', 'Wix', 'Wix Media', 'YouTube', 'mlcom']"
talitacumi.net,Home | talita cumi,,USA,70,89993,2026-09-27T23:28:58.113383507Z,"['Alternate Protocol', 'Amazon WAF Blocked', 'Apture Linking Platform', 'Cloudflare', 'Content Delivery Network', 'Ecwid Ecommerce Shopping Cart', 'Express', 'Fastly', 'Fastly CDN', 'GZIP Module', 'Microdata for Google Shopping', 'NFOrce Internet', 'POWr', 'PWA', 'QUIC', 'SMC', 'Seflow Italy', 'Sentry', 'SiteW', 'UTF-8', 'Vector Internet Services', 'Wix', 'Wix Media', 'YouTube', 'Zoom Video Conferencing', 'eLand', 'mlcom']"
tuckerfreedom.com,Freedom Dog Bandanas and Apparel,,,67,5727,2026-09-27T23:10:41.131152661Z,"['Alternate Protocol', 'Amazon', 'Amazon CloudFront', 'CloudFront', 'ETranslate', 'Ecwid Ecommerce Shopping Cart', 'GZIP Module', 'Google Cloud DNS', 'Google Maps', 'Instagram Follow Button', 'Nginx', 'PWA', 'QUIC', 'Stripe', 'Thank You', 'UTF-8', 'Umbler', 'Unsplash', 'eLand']"
clothenauthority.site,Clothe N Authority,,,62,3027,2026-09-27T22:58:21.257458277Z,"['Alternate Protocol', 'Amazon', 'Amazon CloudFront', 'CloudFront', 'Ecwid Ecommerce Shopping Cart', 'Express', 'GZIP Module', 'Google Cloud DNS', 'Google Maps', 'Google My Business', 'Instagram Follow Button', 'Nginx', 'PWA', 'QUIC', 'UTF-8', 'Unsplash', 'eLand']"
spiritofsantafe.com,Native American Jewelry in Tucson Arizona | Spirit of Santa Fe,,PHL,77,129734,2026-09-27T22:49:12.743699489Z,"['Alternate Protocol', 'Amazon', 'Amazon CloudFront', 'Apture Linking Platform', 'Birdeye', 'CloudFront', 'Content Square', 'Cornerstone', 'DAV', 'ETranslate', 'Ecwid Ecommerce Shopping Cart', 'GZIP Module', 'Google Cloud DNS', 'Google Maps', 'Google My Business', 'Google Related Website Sites', 'Hotjar', 'Instagram Follow Button', 'Nginx', 'Onyx Internet', 'PWA', 'Perl', 'Pexels', 'RM Education', 'Stripe', 'Typeform', 'UTF-8', 'Unsplash', 'YouTube', 'eLand']"
mugsonamission.com,Mugs On A Mission Candle Co.,,,60,10647,2026-09-27T21:59:10.255260025Z,"['Alternate Protocol', 'Amazon', 'Amazon CloudFront', 'Apture Linking Platform', 'CloudFront', 'ETranslate', 'Ecwid Ecommerce Shopping Cart', 'Express', 'GZIP Module', 'Google Cloud DNS', 'Google Maps', 'Instagram Follow Button', 'Nginx', 'PWA', 'The Fresh', 'UTF-8', 'Unsplash', 'eLand']"
raindewkids.com,Raindew Kids,,SGP,65,5559,2026-09-27T21:27:03.440527501Z,"['Amazon', 'Amazon CloudFront', 'ClickOn', 'CloudFront', 'Ecwid Ecommerce Shopping Cart', 'GZIP Module', 'Google Cloud DNS', 'Google Maps', 'Google My Business', 'Instagram Follow Button', 'Nginx', 'Oddle', 'PWA', 'Show.co', 'Tailwind CSS', 'Twitter Ads', 'UTF-8', 'Vimeo', 'YouTube']"
ethangalleryandstudio.com,Home New | Ethan's Gallery and,Ethan Gallery and Studio,USA,70,106644,2026-09-27T21:14:19.249149631Z,"['AWS WAF Challenge', 'Alternate Protocol', 'Amazon WAF Blocked', 'Apture Linking Platform', 'Cloudflare', 'Content Delivery Network', 'DAV', 'Ecwid Ecommerce Shopping Cart', 'Eventbrite', 'Express', 'Fastly', 'Fastly CDN', 'GZIP Module', 'Google My Business', 'Google Related Website Sites', 'Instagram Follow Button', 'Microdata for Google Shopping', 'NFOrce Internet', 'PWA', 'Perl', 'QUIC', 'SMC', 'Seflow Italy', 'Sentry', 'SiteW', 'Thank You', 'UTF-8', 'Vector Internet Services', 'WP Booking Calendar', 'Wix', 'Wix Media', 'mlcom']"
prettyintricate.co.uk,PRETTY INTRICATE - IBIZA HEN PARTY / IBIZA STAG PARTY / IBIZA HOLIDAY PACKAGES,PRETTY INTRICATE - IBIZA HEN PARTY / IBIZA STAG PARTY / IBIZA HOLIDAY PACKAGES,,60,291,2026-09-27T21:14:19.244056243Z,"['Amazon', 'Amazon CloudFront', 'CloudFront', 'Ecwid Ecommerce Shopping Cart', 'GZIP Module', 'Google Cloud DNS', 'Google Font API', 'Google Maps', 'Google Related Website Sites', 'JivoSite', 'Microdata for Google Shopping', 'Nginx', 'PWA', 'Show.co', 'Tailwind CSS', 'Twitter Ads', 'UTF-8', 'Vimeo', 'YouTube']"
ronsclassiccutlass.com,"Ron's Classic Cutlass | Rare Oldsmobile Parts | Monticello, IN",,,77,144346,2026-09-27T20:33:51.41366891Z,"['123FormBuilder', 'Amazon WAF Blocked', 'Apture Linking Platform', 'Cloudflare', 'Content Delivery Network', 'DAV', 'Ecwid Ecommerce Shopping Cart', 'Express', 'Fastly', 'Fastly CDN', 'Fireblade', 'GZIP Module', 'Google Related Website Sites', 'KVH', 'Microdata for Google Shopping', 'NFOrce Internet', 'On The Map', 'POWr', 'PWA', 'Perl', 'QUIC', 'SMC', 'Seflow Italy', 'Sentry', 'SiteW', 'UTF-8', 'Vector Internet Services', 'WP Booking Calendar', 'Wix', 'Wix Media', 'eLand', 'mlcom']"
pisolutionsgroup.com,Home | P.I. Solutions Group,P.I. Solutions Group,USA,75,94611,2026-09-27T20:15:14.297302206Z,"['Amazon WAF Blocked', 'Apture Linking Platform', 'Cloudflare', 'Content Delivery Network', 'DC74', 'Ecwid Ecommerce Shopping Cart', 'Express', 'Fastly', 'Fastly CDN', 'GZIP Module', 'Microdata for Google Shopping', 'NFOrce Internet', 'PWA', 'QUIC', 'SMC', 'Seflow Italy', 'Sentry', 'SiteW', 'UTF-8', 'Vector Internet Services', 'Wix', 'Wix Media', 'eLand', 'mlcom']"
dogsofcharmcity.net,Dogs of Charm City | Baltimore Dog Walking and Cat Care,Dogs of Charm City,USA,72,109846,2026-09-27T20:05:59.267319929Z,"['Alternate Protocol', 'Amazon WAF Blocked', 'Apture Linking Platform', 'Cloudflare', 'Content Delivery Network', 'DAV', 'Ecwid Ecommerce Shopping Cart', 'Express', 'Fastly', 'Fastly CDN', 'GZIP Module', 'Google Customer Reviews', 'Google Related Website Sites', 'Hotjar', 'Instagram Follow Button', 'Microdata for Google Shopping', 'Microsoft Clarity', 'NFOrce Internet', 'On The Map', 'POWr', 'PWA', 'Perl', 'QUIC', 'SMC', 'Seflow Italy', 'Sentry', 'SiteW', 'Thank You', 'UTF-8', 'Vector Internet Services', 'WP Booking Calendar', 'Wix', 'Wix Media', 'mlcom']"
asalbaladi.com,Asal Baladi | BEST Pure Raw Honey,,,67,3227,2026-09-27T20:05:59.266311389Z,"['3 Products', 'Alternate Protocol', 'Amazon', 'Amazon CloudFront', 'ByteDance', 'CloudFront', 'Ecwid Ecommerce Shopping Cart', 'Express', 'GZIP Module', 'Google Cloud DNS', 'Google Maps', 'Google My Business', 'Instagram Follow Button', 'Nginx', 'PWA', 'QUIC', 'Stripe', 'TikTok Conversion Tracking Pixel', 'Twitter Ads', 'UTF-8', 'Unsplash', 'eLand']"
goetiajinns.com,"GoetiaJinns – Authentic Goetia & Jinn Rituals, Pacts & Protection",,,57,7647,2026-09-27T19:20:10.739301154Z,"['Alternate Protocol', 'Amazon', 'Amazon CloudFront', 'CloudFront', 'Ecwid Ecommerce Shopping Cart', 'Fireblade', 'GZIP Module', 'Google Cloud DNS', 'Google Maps', 'Google Related Website Sites', 'Microdata for Google Shopping', 'Nginx', 'PWA', 'QUIC', 'Sapper', 'Stripe', 'UTF-8', 'Unsplash', 'eLand']"
lrfcampsprings.com,Home - Little Rock Farm,Little Rock Farm,ZAF,82,1833,2026-09-27T18:38:11.372745368Z,"['Agoda', 'Alternate Protocol', 'Amazon CloudFront', 'CloudFront', 'Content Delivery Network', 'Ecwid Ecommerce Shopping Cart', 'EmbedPress', 'Font Awesome', 'Google Analytics', 'Google My Business', 'Google Tag Manager', 'IcoMoon', 'Instagram Follow Button', 'Line2', 'LiteSpeed', 'Microdata for Google Shopping', 'PHP', 'QUIC', 'QUIC.cloud', 'Sitelinks Search Box', 'Thank You', 'ThemeFusion', 'UTF-8', 'WordPress', 'WordPress Multisite']"
mammothdesigngraphics.com,Mammoth Design Graphics | Graphic Design | Tweed Heads Coolangatta,Mammoth Design Graphics,AUS,77,95331,2026-09-27T18:02:25.051114719Z,"['Alternate Protocol', 'Amazon WAF Blocked', 'Apture Linking Platform', 'Cloudflare', 'Content Delivery Network', 'DC74', 'Ecwid Ecommerce Shopping Cart', 'Express', 'Fastly', 'Fastly CDN', 'GZIP Module', 'Google Related Website Sites', 'Instagram Follow Button', 'Microdata for Google Shopping', 'NFOrce Internet', 'PWA', 'Perl', 'QUIC', 'SMC', 'Seflow Italy', 'Sentry', 'SiteW', 'Thank You', 'UTF-8', 'Vector Internet Services', 'Wix', 'Wix Media', 'mlcom']"
joyismychoice.com,JOY is my CHOICE,,,57,711,2026-09-27T17:53:24.270044833Z,"['Amazon', 'Amazon CloudFront', 'Apture Linking Platform', 'ClickOn', 'CloudFront', 'Ecwid Ecommerce Shopping Cart', 'GZIP Module', 'Google', 'Google Analytics', 'Google Cloud DNS', 'Google Font API', 'Google Maps', 'Google Related Website Sites', 'Google Tag Manager', 'Instagram Follow Button', 'Nginx', 'Oddle', 'PWA', 'Show.co', 'Tailwind CSS', 'Twitter Ads', 'UTF-8', 'Vimeo', 'YouTube']"
urbanrustic.ca,Join Our DIY Workshops | Urban Rustic DIY Studio in Lower Sackville | Sign Up Now,Urban Rustic DIY Studio,CAN,77,116146,2026-09-27T17:31:06.87815786Z,"['123FormBuilder', 'Alternate Protocol', 'Amazon', 'Amazon WAF Blocked', 'Apture Linking Platform', 'Cloudflare', 'Content Delivery Network', 'DAV', 'DC74', 'Ecwid Ecommerce Shopping Cart', 'Express', 'Facebook Customer Chat SDK', 'Facebook Login', 'Facebook Messenger Platform', 'Facebook Reseller', 'Fastly', 'Fastly CDN', 'Financial Services Guide', 'Fireblade', 'GZIP Module', 'Google Analytics', 'Google Related Website Sites', 'Google Tag Manager', 'Interchange', 'Microdata for Google Shopping', 'Microsoft Azure', 'NFOrce Internet', 'POWr', 'PWA', 'Perl', 'QUIC', 'SMC', 'Seflow Italy', 'Sentry', 'SiteW', 'Thank You', 'UTF-8', 'Vector Internet Services', 'WP Booking Calendar', 'Wix', 'Wix Media', 'eLand', 'mlcom']"
pointguard.eu,"Pointguard - World leading taxi signs, taxi lights, taxi roof signs and taxi roof lights",,SWE,77,121847,2026-09-27T17:27:42.436055434Z,"['Alternate Protocol', 'Amazon', 'Amazon CloudFront', 'Amazon S3 CDN', 'Cart.com', 'CloudFront', 'Desku', 'ETranslate', 'Ecwid Ecommerce Shopping Cart', 'Ektron', 'Fireblade', 'GZIP Module', 'Google Cloud DNS', 'Google Font API', 'Google Maps', 'Google My Business', 'Nginx', 'No-Q', 'POWr', 'PWA', 'Pexels', 'Storyblocks', 'Twitter Ads', 'UTF-8', 'Unsplash', 'eLand']"
dragonseed1978.com,Dragon Seed|Custom Wedding Dresses&Qipao in San Francisco -Designing timeless beauty just for you since 1978.,Dragon Seed Bridal &amp; Photo  in San Francisco,,87,101306,2026-09-27T17:21:43.449702472Z,"['Alternate Protocol', 'Amazon WAF Blocked', 'Apture Linking Platform', 'Cisco/Arrowpoint Content Service Switch', 'Content Delivery Network', 'DAV', 'DC74', 'Ecwid Ecommerce Shopping Cart', 'Express', 'Fastly', 'Fastly CDN', 'GZIP Module', 'Google Analytics', 'Google Customer Reviews', 'Google Related Website Sites', 'Google Tag Manager', 'Heroku', 'Instagram Follow Button', 'Microdata for Google Shopping', 'NFOrce Internet', 'POWr', 'PWA', 'Perl', 'QUIC', 'SMC', 'Seflow Italy', 'Sentry', 'SiteW', 'Sitelinks Search Box', 'Subversion', 'Thank You', 'UTF-8', 'Vector Internet Services', 'WP Booking Calendar', 'Wix', 'Wix Media', 'YouTube', 'eLand', 'mlcom']"
islandgyalfit.com,Toronto Personal Trainer | Island Gyal Fitness Training | Toronto,Island Gyal Fit,CAN,77,151688,2026-09-27T16:51:47.317633668Z,"['AWS WAF Challenge', 'Alternate Protocol', 'Amazon WAF Blocked', 'Apture Linking Platform', 'Cloudflare', 'Commoninja', 'Content Delivery Network', 'DAV', 'Ecwid Ecommerce Shopping Cart', 'Express', 'Fastly', 'Fastly CDN', 'GZIP Module', 'Google Related Website Sites', 'Instagram Follow Button', 'K2F', 'KVH', 'Microdata for Google Shopping', 'NFOrce Internet', 'PWA', 'Perl', 'QUIC', 'SMC', 'Seflow Italy', 'Sentry', 'Shopify', 'SiteW', 'Subversion', 'Thank You', 'UTF-8', 'Vector Internet Services', 'WP Booking Calendar', 'Wix', 'Wix Media', 'mlcom']"
lordsgymmudrun.com,"Lord's Gym Kids Mud Run | Oroville, CA | FREE Mud Obstacle Race",,USA,77,105493,2026-09-27T16:40:53.508072194Z,"['AWS WAF Challenge', 'Alternate Protocol', 'Amazon WAF Blocked', 'Apture Linking Platform', 'Cloudflare', 'Content Delivery Network', 'Ecwid Ecommerce Shopping Cart', 'Express', 'Fastly', 'Fastly CDN', 'GZIP Module', 'Google Analytics', 'Google Related Website Sites', 'Google Tag Manager', 'Instagram Follow Button', 'Microdata for Google Shopping', 'NFOrce Internet', 'POWr', 'PWA', 'Perl', 'QUIC', 'SMC', 'Seflow Italy', 'Sentry', 'SiteW', 'Subversion', 'UTF-8', 'Vector Internet Services', 'Wix', 'Wix Media', 'mlcom']"
thunderpuppyart.com,Bone Feather Jewelry | Lonny Cloud | Thunder Puppy Art,Thunder Puppy Art,,87,135917,2026-09-27T15:41:01.998311926Z,"['Alternate Protocol', 'Amazon WAF Blocked', 'Apture Linking Platform', 'Cloudflare', 'Content Delivery Network', 'Contento', 'DC74', 'Ecwid Ecommerce Shopping Cart', 'Express', 'Fastly', 'Fastly CDN', 'Fireblade', 'FormSubmit', 'GZIP Module', 'Google Related Website Sites', 'Instagram Follow Button', 'Microdata for Google Shopping', 'NFOrce Internet', 'PWA', 'Perl', 'Pico CSS', 'QUIC', 'SMC', 'Seflow Italy', 'Sentry', 'SiteW', 'Thank You', 'UTF-8', 'UserWay', 'Vector Internet Services', 'Way', 'Wix', 'Wix Media', 'WordPress Related Posts', 'eLand', 'mlcom']"
ilovebootloot.com,Boot Loot,,,55,791,2026-09-27T15:36:28.220024662Z,"['Alternate Protocol', 'Amazon', 'Amazon CloudFront', 'CloudFront', 'Coming Soon Page', 'ETranslate', 'Ecwid Ecommerce Shopping Cart', 'GZIP Module', 'Google Cloud DNS', 'Google Maps', 'Instagram Follow Button', 'Nginx', 'PWA', 'Parallels Plesk Panel', 'UTF-8', 'Unsplash', 'eLand']"
lakeviewmcc.org,"Lakeview Methodist Conference Center | Retreats, Meetings, and Camps in East Texas",Lakeview Methodist Conference Center,,77,121184,2026-09-27T15:24:43.958936504Z,"['123FormBuilder', 'AWS WAF Challenge', 'Alternate Protocol', 'Amazon WAF Blocked', 'Apture Linking Platform', 'Content Delivery Network', 'DAV', 'Ecwid Ecommerce Shopping Cart', 'Express', 'Fastly', 'Fastly CDN', 'Fireblade', 'GZIP Module', 'Google Related Website Sites', 'Google Tag Manager', 'Instagram Follow Button', 'Microdata for Google Shopping', 'NFOrce Internet', 'PWA', 'Perl', 'QUIC', 'SMC', 'Seflow Italy', 'Sentry', 'SiteW', 'Sitelinks Search Box', 'Thank You', 'UTF-8', 'Vector Internet Services', 'WP Booking Calendar', 'Wix', 'Wix Media', 'eLand', 'mlcom']"
flandersshopbybai.be,Flandersshopbybai,,BEL,60,2847,2026-09-27T15:00:42.133870171Z,"['Alternate Protocol', 'Amazon', 'Amazon CloudFront', 'Apture Linking Platform', 'CloudFront', 'ETranslate', 'Ecwid Ecommerce Shopping Cart', 'GZIP Module', 'Google Cloud DNS', 'Google Maps', 'Google My Business', 'Nginx', 'PWA', 'RM Education', 'Stripe', 'Typeform', 'UTF-8', 'Unsplash', 'eLand']"
flagandtorchco.com,American Made Flags | Flag & Torch Company,Flag &amp; Torch Company,USA,77,106136,2026-09-27T14:47:03.155721767Z,"['AWS WAF Challenge', 'Alternate Protocol', 'Amazon WAF Blocked', 'Apture Linking Platform', 'Cloudflare', 'Content Delivery Network', 'DAV', 'Ecwid Ecommerce Shopping Cart', 'Express', 'Fastly', 'Fastly CDN', 'GZIP Module', 'Google Related Website Sites', 'Instagram Follow Button', 'Microdata for Google Shopping', 'NFOrce Internet', 'No-Q', 'POWr', 'PWA', 'Perl', 'QUIC', 'SMC', 'Seflow Italy', 'Sentry', 'Share Link', 'SiteW', 'Sitelinks Search Box', 'Thank You', 'UTF-8', 'Vector Internet Services', 'WP Booking Calendar', 'Wix', 'Wix Media', 'YouTube', 'eLand', 'mlcom']"
retrofootballgang.com,Retro Football Gang | Streetwear & Football Vintage Brand,RETRO FOOTBALL GANG,ESP,87,158029,2026-09-27T14:39:59.018782236Z,"['Alternate Protocol', 'Amazon WAF Blocked', 'Apture Linking Platform', 'Cloudflare', 'Content Delivery Network', 'DC74', 'Ecwid Ecommerce Shopping Cart', 'Express', 'Fastly', 'Fastly CDN', 'Fireblade', 'FormSubmit', 'GZIP Module', 'Google', 'Google Analytics', 'Google Cloud DNS', 'Google Font API', 'Google Related Website Sites', 'Instagram Follow Button', 'K2F', 'KVH', 'Microdata for Google Shopping', 'NFOrce Internet', 'POWr', 'PWA', 'Perl', 'Pico CSS', 'QUIC', 'SMC', 'Seflow Italy', 'Sentry', 'SiteW', 'Sitelinks Search Box', 'Subversion', 'Thank You', 'Twitter Ads', 'UTF-8', 'Vector Internet Services', 'Wix', 'Wix Media', 'eLand', 'mlcom']"
fromheadtocurve.com,From Head To Curve - A Plus Size Fashion & Lifestyle Blog,,USA,82,750,2026-09-27T14:28:05.085908344Z,"['Alternate Protocol', 'Amazon CloudFront', 'Apache', 'CDN JS', 'CloudFront', 'Cloudflare', 'Cloudflare CDN', 'CookieConsent', 'Ecwid Ecommerce Shopping Cart', 'EmbedPress', 'GZIP Module', 'Google Adsense', 'Google Analytics', 'Google Cloud DNS', 'Google Font API', 'Google Funding Choices', 'Google Matched Content', 'Google Reseller', 'Google Tag Manager', 'Instagram Feed for WordPress', 'Instagram Follow Button', 'Microdata for Google Shopping', 'PHP', 'Theme In WP', 'Twitter Ads', 'UTF-8', 'WordPress', 'WordPress Multisite', 'YouTube', 'jQuery', 'jQuery Pin It Button for Images', 'rewardStyle']"
strapupcustomgear.com,"Fetish Gear & Accessories | Strap Up Custom Gear LLC | Denver, CO",Strap Up Custom Gear LLC,,77,90493,2026-09-27T14:17:27.37031184Z,"['Amazon WAF Blocked', 'Apture Linking Platform', 'Cloudflare', 'Content Delivery Network', 'Ecwid Ecommerce Shopping Cart', 'Express', 'Facebook Conversion Tracking', 'Facebook Login', 'Facebook Messenger Platform', 'Facebook Pixel', 'Facebook Reseller', 'Facebook Tag API', 'Fastly', 'Fastly CDN', 'GZIP Module', 'Google Related Website Sites', 'Instagram Follow Button', 'Microdata for Google Shopping', 'NFOrce Internet', 'POWr', 'PWA', 'QUIC', 'SMC', 'Seflow Italy', 'Sentry', 'SiteW', 'UTF-8', 'Vector Internet Services', 'Wix', 'Wix Media', 'eLand', 'mlcom']"
youthdevelopmentcentermali.com,Home | Ydcm,Youth Development Center Mali,MLI,65,132611,2026-09-27T14:13:15.317682105Z,"['Alternate Protocol', 'Amazon WAF Blocked', 'Apture Linking Platform', 'Cloudflare', 'Content Delivery Network', 'Ecwid Ecommerce Shopping Cart', 'Fastly', 'Fastly CDN', 'GZIP Module', 'K2F', 'KVH', 'Microdata for Google Shopping', 'NFOrce Internet', 'PWA', 'QUIC', 'SMC', 'Sentry', 'SiteW', 'Subversion', 'UTF-8', 'Vector Internet Services', 'Wix', 'Wix Media', 'YouTube', 'eLand', 'mlcom']"
meandoglock.com,Secure Your Trailer with the Best Puck Locks - Mean Dog Locks,,USA,82,17644,2026-09-27T13:55:10.876300467Z,"['Adult Content', 'Alternate Protocol', 'Amazon CloudFront', 'CloudFront', 'Coming Soon Page', 'Contact Form Plugin', 'Content Delivery Network', 'Ecwid Ecommerce Shopping Cart', 'Elementor', 'ElementsKit Elementor', 'EmbedPress', 'Essential Addons for Elementor', 'Fireblade', 'Google Cloud DNS', 'Google Font API', 'Instagram Follow Button', 'LiteSpeed', 'Microdata for Google Shopping', 'NFOrce Internet', 'PHP', 'Premium Addons for Elementor', 'QUIC', 'Theme In WP', 'UTF-8', 'Woo Themes', 'WooCommerce', 'WooCommerce Checkout', 'WooFramework', 'WordPress', 'WordPress Multisite', 'XTemos Studio', 'jQuery']"
lock34yoga.ca,"Yoga Studio | LOCK34Yoga | Fenelon Falls, Ontario",LOCK34Yoga,,72,90806,2026-09-27T13:35:38.124967412Z,"['Alternate Protocol', 'Amazon WAF Blocked', 'Apture Linking Platform', 'Content Delivery Network', 'DAV', 'Ecwid Ecommerce Shopping Cart', 'Express', 'Fastly', 'Fastly CDN', 'GZIP Module', 'Google Related Website Sites', 'Instagram Follow Button', 'Microdata for Google Shopping', 'NFOrce Internet', 'POWr', 'PWA', 'Perl', 'QUIC', 'SMC', 'Seflow Italy', 'Sentry', 'SiteW', 'Thank You', 'UTF-8', 'Vector Internet Services', 'WP Booking Calendar', 'Wix', 'Wix Media', 'eLand', 'mlcom']"
libertylifesupply.com,Liberty Life Supply | Freedom,,,57,26896,2026-09-27T13:10:39.142714448Z,"['Alternate Protocol', 'Amazon WAF Blocked', 'Apture Linking Platform', 'Cloudflare', 'Content Delivery Network', 'Ecwid Ecommerce Shopping Cart', 'Express', 'Fastly', 'Fastly CDN', 'GZIP Module', 'Google Related Website Sites', 'Instagram Follow Button', 'Microdata for Google Shopping', 'NFOrce Internet', 'PWA', 'QUIC', 'SMC', 'Seflow Italy', 'Sentry', 'SiteW', 'Thank You', 'Twitter Ads', 'UTF-8', 'Vector Internet Services', 'Wix', 'Wix Media', 'eLand', 'mlcom']"
bountifulgardens.com,New Jersey's Premier Garden Center | Bountiful Gardens | Home,Bountiful Gardens,USA,77,218940,2026-09-27T12:39:08.789807573Z,"['AiNET', 'Alternate Protocol', 'Amazon WAF Blocked', 'Apture Linking Platform', 'Aruba', 'Content Delivery Network', 'Contento', 'DAV', 'Ecwid Ecommerce Shopping Cart', 'Express', 'Fastly', 'Fastly CDN', 'Financial Services Guide', 'Fireblade', 'FormSubmit', 'GZIP Module', 'Google Analytics', 'Google Related Website Sites', 'Google Tag Manager', 'Instagram Follow Button', 'Microdata for Google Shopping', 'NFOrce Internet', 'Ntent', 'On The Map', 'PWA', 'Perl', 'Pico CSS', 'QUIC', 'SMC', 'Seflow Italy', 'Sentry', 'SiteW', 'Sitelinks Search Box', 'Subversion', 'Thank You', 'The Fresh', 'UTF-8', 'Vector Internet Services', 'WP Booking Calendar', 'Wix', 'Wix Media', 'WordPress Related Posts', 'YouTube', 'acens Technologies', 'eLand', 'mlcom']"
waterislife.love,Life is Water | New Science of Water | Upgrade your Water,,,77,124994,2026-09-27T12:04:58.675859066Z,"['AWS WAF Challenge', 'Alternate Protocol', 'Amazon WAF Blocked', 'Apture Linking Platform', 'Cloudflare', 'Content Delivery Network', 'DAV', 'Ecwid Ecommerce Shopping Cart', 'Express', 'Fastly', 'Fastly CDN', 'Financial Services Guide', 'GZIP Module', 'Google Related Website Sites', 'Instagram Follow Button', 'Microdata for Google Shopping', 'NFOrce Internet', 'On The Map', 'POWr', 'PWA', 'Perl', 'QUIC', 'SMC', 'Seflow Italy', 'Sentry', 'SiteW', 'Social Intents', 'Subversion', 'Telegram', 'Thank You', 'UTF-8', 'Vector Internet Services', 'WP Booking Calendar', 'Wix', 'Wix Media', 'WordPress Related Posts', 'YouTube', 'eLand', 'mlcom']"
theculinaryclassroom.com,Puglia 2018 | United States | The Culinary Classroom,,GBR,70,94184,2026-09-27T10:28:10.266098503Z,"['Alternate Protocol', 'Amazon WAF Blocked', 'Apture Linking Platform', 'Cloudflare', 'Constant Contact', 'Content Delivery Network', 'DAV', 'Ecwid Ecommerce Shopping Cart', 'Express', 'Fastly', 'Fastly CDN', 'GZIP Module', 'Google Related Website Sites', 'Instagram Follow Button', 'Microdata for Google Shopping', 'Microsoft Azure Blob Storage', 'NFOrce Internet', 'PWA', 'Perl', 'QUIC', 'SMC', 'Seflow Italy', 'Sentry', 'Silicon Valley Web Hosting', 'SiteW', 'Thank You', 'UTF-8', 'Vector Internet Services', 'WP Booking Calendar', 'Wix', 'Wix Media', 'Yelp Badge', 'mlcom']"
davyrockett.com,home | davyrockett,,USA,65,89611,2026-09-27T09:43:40.418134653Z,"['Amazon WAF Blocked', 'Amazon Widgets', 'Apture Linking Platform', 'Cloudflare', 'Content Delivery Network', 'DAV', 'Ecwid Ecommerce Shopping Cart', 'Express', 'Fastly', 'Fastly CDN', 'Financial Services Guide', 'GZIP Module', 'Microdata for Google Shopping', 'NFOrce Internet', 'PWA', 'QUIC', 'SMC', 'Seflow Italy', 'Sentry', 'SiteW', 'Subversion', 'UTF-8', 'University or College', 'Vector Internet Services', 'Wix', 'Wix Media', 'YouTube', 'mlcom']"
noplaywedges.com,PlayStop LLC | no play receiver,PlayStop LLC,,72,90644,2026-09-27T09:39:58.081372608Z,"['Alternate Protocol', 'Amazon WAF Blocked', 'Apture Linking Platform', 'Bing Cashback', 'Bing Conversion Tracking', 'Content Delivery Network', 'DAV', 'Ecwid Ecommerce Shopping Cart', 'Express', 'Fastly', 'Fastly CDN', 'GZIP Module', 'Google Analytics', 'Google Related Website Sites', 'Google Tag Manager', 'Microdata for Google Shopping', 'NFOrce Internet', 'PWA', 'Perl', 'QUIC', 'SMC', 'Seflow Italy', 'Sentry', 'SiteW', 'Thank You', 'Twitter Ads', 'UTF-8', 'Vector Internet Services', 'WP Booking Calendar', 'Wix', 'Wix Media', 'mlcom']"
createhappythoughts.com,Mobile Massage | Online Yoga | London | Create Happy Thoughts,Create Happy Thoughts Yoga,GBR,70,90992,2026-09-27T09:23:40.665611587Z,"['Alternate Protocol', 'Amazon WAF Blocked', 'Apture Linking Platform', 'Better Lead Generation Services', 'Cloudflare', 'Content Delivery Network', 'DAV', 'Ecwid Ecommerce Shopping Cart', 'Express', 'Fastly', 'Fastly CDN', 'GZIP Module', 'Google Related Website Sites', 'Instagram Follow Button', 'Microdata for Google Shopping', 'NFOrce Internet', 'PWA', 'Perl', 'QUIC', 'SMC', 'Schedulista', 'Seflow Italy', 'Sentry', 'SiteW', 'Thank You', 'UTF-8', 'Vector Internet Services', 'WP Booking Calendar', 'Wix', 'Wix Media', 'mlcom']"
revelfloral.com,REVEL FLORAL,,,35,1541,2026-09-27T08:29:10.348721398Z,"['Adobe Creative Cloud WebFonts', 'Aruba', 'Cisco/Arrowpoint Content Service Switch', 'Ecwid Ecommerce Shopping Cart', 'Express', 'GZIP Module', 'Instagram Follow Button', 'Line2', 'Microdata for Google Shopping', 'QUIC', 'Squarespace', 'UTF-8', 'WordPress SEO Structured Data Schema Plugin', 'eLand']"
call4signs.biz,Buy Yard Signs – Call4Signs,Call4Signs,USA,70,651,2026-09-27T08:14:27.397519708Z,"['Alternate Protocol', 'Amazon CloudFront', 'Apache', 'CloudFront', 'Easy Pie Chart', 'Ecwid Ecommerce Shopping Cart', 'EmbedPress', 'GZIP Module', 'Google Analytics', 'Google Cloud DNS', 'Google Font API', 'Google Tag Manager', 'Microdata for Google Shopping', 'One Designs', 'PHP', 'Theme In WP', 'UTF-8', 'WordPress', 'WordPress Multisite', 'jQuery']"
greatmortgagepros.com,Mortgage Professionals of Iowa - Home,,USA,65,289937,2026-09-27T07:43:50.349075007Z,"['AAPT', 'Adult Content', 'Alternate Protocol', 'Amazon', 'Amazon CloudFront', 'Amazon Route 53', 'CCSI', 'Cisco/Arrowpoint Content Service Switch', 'CloudFront', 'Cloudflare', 'Cloudflare CDN', 'Contento', 'DAV', 'DC74', 'DoubleClick Bid Manager', 'Ecwid Ecommerce Shopping Cart', 'Ethy', 'Financial Services Guide', 'Font Awesome', 'Forethought', 'GZIP Module', 'Google', 'Google Analytics', 'Google Cloud DNS', 'Google Maps', 'Google My Business', 'Google Tag Manager', 'HHVM', 'HMDG', 'Hexo', 'K2F', 'KVH', 'Nationwide Mortgage Licensing System and Registry', 'No-Q', 'Onyx Internet', 'Perl', 'Phew', 'SMC', 'Silicon Valley Web Hosting', 'Smart App Banner', 'Storyblocks', 'Subversion', 'Twitter Ads', 'UTF-8', 'University or College', 'Unix', 'UserVoice', 'W3 Total Cache', 'Wild Apricot', 'YouTube', 'Zendesk Embeddables', 'elevio']"
beoneletter.com,Be One Letter | Fine Art Calligraphy in Hong Kong,BE ONE LETTER,CHN,87,134654,2026-09-27T07:36:20.409956387Z,"['Alternate Protocol', 'Amazon WAF Blocked', 'Apture Linking Platform', 'Cloudflare', 'Content Delivery Network', 'DAV', 'DC74', 'Ecwid Ecommerce Shopping Cart', 'Express', 'Fastly', 'Fastly CDN', 'Financial Services Guide', 'GZIP Module', 'Google Related Website Sites', 'Heroku', 'Instagram Follow Button', 'KVH', 'Microdata for Google Shopping', 'NFOrce Internet', 'On The Map', 'POWr', 'PWA', 'Perl', 'QUIC', 'SMC', 'Schedulista', 'Seflow Italy', 'Sentry', 'SiteW', 'Thank You', 'Twitter Ads', 'UTF-8', 'Vector Internet Services', 'WP Booking Calendar', 'Wix', 'Wix Media', 'eLand', 'mlcom']"
absolutebombschellsalon.ca,Hair Salon | Absolute Bombschell Salon | Saskatoon Saskatchewan,,CAN,72,99244,2026-09-27T07:36:20.406791189Z,"['Alternate Protocol', 'Amazon WAF Blocked', 'Apture Linking Platform', 'Cloudflare', 'Content Delivery Network', 'DAV', 'DC74', 'Ecwid Ecommerce Shopping Cart', 'Express', 'Fastly', 'Fastly CDN', 'GZIP Module', 'Google Related Website Sites', 'Instagram Follow Button', 'Microdata for Google Shopping', 'NFOrce Internet', 'PWA', 'Perl', 'Phorest', 'QUIC', 'SMC', 'Seflow Italy', 'Sentry', 'SiteW', 'UTF-8', 'Vector Internet Services', 'WP Booking Calendar', 'Wix', 'Wix Media', 'mlcom']"
gammoner.de,Gammoner Germany | gammoner-usa,,,65,134611,2026-09-27T07:03:34.886026086Z,"['Alternate Protocol', 'Amazon WAF Blocked', 'Apture Linking Platform', 'Cloudflare', 'Content Delivery Network', 'Ecwid Ecommerce Shopping Cart', 'Express', 'Fastly', 'Fastly CDN', 'GZIP Module', 'K2F', 'KVH', 'NFOrce Internet', 'PWA', 'QUIC', 'SMC', 'Seflow Italy', 'Sentry', 'SiteW', 'Subversion', 'Twitter Ads', 'UTF-8', 'Vector Internet Services', 'Wix', 'Wix Media', 'YouTube', 'eLand', 'mlcom']"
in2wash.com.au,Carwash | In2Wash Car Care | Essendon Fields,In2wash Car Care,,67,91106,2026-09-27T06:48:26.566547559Z,"['Alternate Protocol', 'Amazon WAF Blocked', 'Apture Linking Platform', 'Cloudflare', 'Content Delivery Network', 'DAV', 'Ecwid Ecommerce Shopping Cart', 'Express', 'Fastly', 'Fastly CDN', 'GZIP Module', 'Google Related Website Sites', 'Instagram Follow Button', 'Microdata for Google Shopping', 'NFOrce Internet', 'POWr', 'PWA', 'Perl', 'QUIC', 'SMC', 'Seflow Italy', 'Sentry', 'SiteW', 'SiteWit', 'Thank You', 'UTF-8', 'Vector Internet Services', 'WP Booking Calendar', 'Wix', 'Wix Media', 'mlcom']"
floridapsychotherapy.com,"Florida Hypnosis, Psychotherapy, and Counseling with Dr. Liz Bonet, 954-309-907",Hypnosis for an Empowered Life,USA,77,42367,2026-09-27T06:23:28.600855022Z,"['Amazon CloudFront', 'Apache', 'Apple Auto Link Maker', 'BLR', 'CloudFront', 'Ecwid Ecommerce Shopping Cart', 'EmbedPress', 'Express', 'Font Awesome', 'GZIP Module', 'Google Analytics', 'Google My Business', 'Google Tag Manager', 'Gravity', 'Gravity Forms', 'Microdata for Google Shopping', 'PHP', 'PixelYourSite', 'Popup Maker for Wordpress', 'Slider Revolution', 'The Fresh', 'Theme In WP', 'ThemeFusion', 'Tumblr', 'UTF-8', 'Ultimate Posts Widget', 'WP Fastest Cache', 'WP jQuery Lightbox', 'WhatsApp Sharing', 'WordPress', 'WordPress Multisite', 'YouTube', 'jQuery', 'reCAPTCHA']"
ilenesgatorstore.com,Ilene's Gator Store,,USA,67,6915,2026-09-27T06:05:42.720472631Z,"['3 Products', 'Alternate Protocol', 'Amazon', 'Amazon CloudFront', 'CloudFront', 'ETranslate', 'Ecwid Ecommerce Shopping Cart', 'GZIP Module', 'Google Cloud DNS', 'Google Maps', 'Google My Business', 'Instagram Follow Button', 'Nginx', 'Oddle', 'PWA', 'Sapper', 'UTF-8', 'University or College', 'Unsplash', 'eLand']"
snackrant.be,De Snackrant - Oudenaarde,,,62,1743,2026-09-27T05:52:38.891122778Z,"['Apache', 'Ecwid Ecommerce Shopping Cart', 'GZIP Module', 'Google Analytics', 'Google Cloud DNS', 'Google Font API', 'Google Maps', 'Google My Business', 'Google Tag Manager', 'UTF-8', 'reCAPTCHA']"
hermanalunajewelry.com,Hermana Luna Jewelry | Intricately Handcrafted Fiber Jewelry,,,62,543,2026-09-27T05:06:17.278666021Z,"['Apache', 'Ecwid Ecommerce Shopping Cart', 'GZIP Module', 'Google Cloud DNS', 'Google Font API', 'Instagram Follow Button', 'Joomla!', 'PHP', 'RokNavMenu', 'UTF-8', 'jQuery']"
lcphotographers.com,"Houston senior, family and sports photographer - LC Photographers",LC PHOTOGRAPHERS,USA,70,3043,2026-09-27T04:52:11.842955198Z,"['AJAX Libraries API', 'Adobe Creative Cloud WebFonts', 'Alternate Protocol', 'Apture Linking Platform', 'Aruba', 'Ecwid Ecommerce Shopping Cart', 'Express', 'GZIP Module', 'Google Cloud DNS', 'Instagram Follow Button', 'Line2', 'Microdata for Google Shopping', 'Newsletter for Wordpress', 'Oddle', 'QUIC', 'Squarespace', 'UTF-8', 'WordPress SEO Structured Data Schema Plugin', 'eLand', 'jQuery']"
vmstc.com.pk,.:: VMS Trading Company ::. | Rice Processor | Miller | Exporter & Supplier,,PAK,72,3243,2026-09-27T03:44:01.768847914Z,"['Apache', 'ETranslate', 'Ecwid Ecommerce Shopping Cart', 'Foundation', 'GTranslate', 'Google Cloud DNS', 'Google Code Prettify', 'Google Font API', 'Google My Business', 'PHP', 'QUIC', 'RokNavMenu', 'Subversion', 'UTF-8', 'eLand', 'jQuery']"
impactchurchgoldsboro.org,"Impact Church Goldsboro | religious organization | 109 West Ash Street, Goldsboro, NC, United States",Impact Church Goldsboro,,67,105151,2026-09-27T02:56:35.547264623Z,"['123FormBuilder', 'Alternate Protocol', 'Amazon WAF Blocked', 'Apture Linking Platform', 'Cloudflare', 'Content Delivery Network', 'Ecwid Ecommerce Shopping Cart', 'Express', 'Fastly', 'Fastly CDN', 'Fireblade', 'GZIP Module', 'Instagram Follow Button', 'Microdata for Google Shopping', 'NFOrce Internet', 'PWA', 'QUIC', 'SMC', 'Seflow Italy', 'Sentry', 'SiteW', 'Thank You', 'UTF-8', 'Vector Internet Services', 'Wix', 'Wix Media', 'YouTube', 'mlcom']"
angelamonaweddings.com,Angela Mona Weddings / Luxury Destination Wedding Planner,Angela Mona Weddings,,77,156374,2026-09-27T02:52:10.374085808Z,"['Alternate Protocol', 'Amazon', 'Amazon WAF Blocked', 'Apture Linking Platform', 'Cloudflare', 'Content Delivery Network', 'DAV', 'Ecwid Ecommerce Shopping Cart', 'Express', 'Fastly', 'Fastly CDN', 'GZIP Module', 'Google Related Website Sites', 'Instagram Follow Button', 'K2F', 'KVH', 'Microdata for Google Shopping', 'NFOrce Internet', 'No-Q', 'On The Map', 'PWA', 'Perl', 'QUIC', 'SMC', 'Seflow Italy', 'Sentry', 'SiteW', 'Subversion', 'Thank You', 'UTF-8', 'Vector Internet Services', 'WP Booking Calendar', 'Wix', 'Wix Media', 'WordPress Related Posts', 'eLand', 'mlcom']"
mindbodyfreedomtherapy.com,Mind Body Freedom Therapy - Myofascial Release,Mind Body Freedom,,82,105866,2026-09-27T02:45:23.031375466Z,"['Amazon WAF Blocked', 'Apture Linking Platform', 'Cloudflare', 'Content Delivery Network', 'DAV', 'Ecwid Ecommerce Shopping Cart', 'Express', 'Fastly', 'Fastly CDN', 'Fireblade', 'GZIP Module', 'Google Customer Reviews', 'Google Related Website Sites', 'Microdata for Google Shopping', 'NFOrce Internet', 'PWA', 'Perl', 'QUIC', 'SMC', 'Seflow Italy', 'Sentry', 'SiteW', 'UTF-8', 'Vector Internet Services', 'VocalReferences', 'WP Booking Calendar', 'Wix', 'Wix Media', 'eLand', 'mlcom']"
crctc.shop,CRCTC Shop,,CAN,57,683,2026-09-27T02:32:48.480098292Z,"['Alternate Protocol', 'Amazon', 'Amazon CloudFront', 'CloudFront', 'DreamHost Hosting', 'ETranslate', 'Ecwid Ecommerce Shopping Cart', 'GZIP Module', 'Google Cloud DNS', 'Google Maps', 'Nginx', 'PWA', 'Stripe', 'UTF-8', 'Unsplash', 'eLand']"
deltaking.com,"The Delta King | Boutique Hotel, Dining, Entertainment | Sacramento CA",,USA,87,95993,2026-09-27T02:07:56.247324854Z,"['Alternate Protocol', 'Amazon WAF Blocked', 'Apture Linking Platform', 'Cisco/Arrowpoint Content Service Switch', 'Cloudflare', 'Content Delivery Network', 'DAV', 'Ecwid Ecommerce Shopping Cart', 'Express', 'Fastly', 'Fastly CDN', 'GZIP Module', 'Google Conversion Tracking', 'Google My Business', 'Google Related Website Sites', 'Instagram Follow Button', 'Microdata for Google Shopping', 'NFOrce Internet', 'PWA', 'Perl', 'QUIC', 'SMC', 'Seflow Italy', 'Sentry', 'SiteW', 'Sitelinks Search Box', 'Subversion', 'TicketSpice', 'Twitter Ads', 'UTF-8', 'Vector Internet Services', 'WP Booking Calendar', 'Wix', 'Wix Media', 'Wufoo', 'eLand', 'mlcom']"
catchments.hk,Catch萌 山石日光 活動 | 香港攀石課程・兒童攀石・M2 Climbing 攀石褲/襪 專門店,,CHN,67,146346,2026-09-27T02:07:56.243766664Z,"['123FormBuilder', 'AWS WAF Challenge', 'Alternate Protocol', 'Amazon WAF Blocked', 'Apture Linking Platform', 'Better Lead Generation Services', 'Cloudflare', 'Content Delivery Network', 'DAV', 'DC74', 'Ecwid Ecommerce Shopping Cart', 'Express', 'Fastly', 'Fastly CDN', 'Fireblade', 'GZIP Module', 'Google Related Website Sites', 'Instagram Follow Button', 'KVH', 'Kewool Testimonials', 'Microdata for Google Shopping', 'NFOrce Internet', 'POWr', 'PWA', 'Perl', 'QUIC', 'SMC', 'Seflow Italy', 'Sentry', 'Share Link', 'SiteW', 'Tailwind CSS', 'Thank You', 'UTF-8', 'Vector Internet Services', 'WP Booking Calendar', 'Wix', 'Wix Media', 'mlcom']"
wildmustang.net,Wildhorses | Black Hills Wild Horse Sanctuary,Black Hills Wild Horse Sanctuary,ZAF,77,126136,2026-09-27T02:03:02.582362875Z,"['501c3 Status Nonprofit', 'Alternate Protocol', 'Amazon WAF Blocked', 'Apture Linking Platform', 'Better Lead Generation Services', 'Cisco/Arrowpoint Content Service Switch', 'Cloudflare', 'Content Delivery Network', 'DAV', 'DC74', 'Ecwid Ecommerce Shopping Cart', 'Express', 'Fastly', 'Fastly CDN', 'GZIP Module', 'Google Related Website Sites', 'Instagram Follow Button', 'K2F', 'Microdata for Google Shopping', 'NFOrce Internet', 'No-Q', 'POWr', 'PWA', 'Perl', 'QUIC', 'SMC', 'Seflow Italy', 'Sentry', 'SiteW', 'Sitelinks Search Box', 'Subversion', 'Thank You', 'UTF-8', 'Vector Internet Services', 'WP Booking Calendar', 'Wix', 'Wix Media', 'YouTube', 'mlcom']"
sumsandsolutions.com.au,Virtual Bookkeeping by Sums and Solutions BAS Agents,Sums and Solutions Pty Ltd,AUS,77,90331,2026-09-27T00:45:24.978985281Z,"['Amazon WAF Blocked', 'Apture Linking Platform', 'Cloudflare', 'Content Delivery Network', 'Ecwid Ecommerce Shopping Cart', 'Express', 'Fastly', 'Fastly CDN', 'GZIP Module', 'Google Related Website Sites', 'Microdata for Google Shopping', 'NFOrce Internet', 'PWA', 'QUIC', 'SMC', 'Seflow Italy', 'Sentry', 'SiteW', 'Twitter Ads', 'UTF-8', 'Vector Internet Services', 'Wix', 'Wix Media', 'mlcom']"
midwesthpba.org,Midwest HPBA,Midwest HPBA,,77,113633,2026-09-27T00:42:01.368917539Z,"['123FormBuilder', 'Alternate Protocol', 'Amazon WAF Blocked', 'Apture Linking Platform', 'Cloudflare', 'Content Delivery Network', 'Ecwid Ecommerce Shopping Cart', 'Express', 'Fastly', 'Fastly CDN', 'Fireblade', 'GZIP Module', 'Google Related Website Sites', 'Instagram Follow Button', 'Microdata for Google Shopping', 'NFOrce Internet', 'POWr', 'PWA', 'QUIC', 'RM Education', 'SMC', 'Seflow Italy', 'Sentry', 'SiteW', 'Thank You', 'UTF-8', 'Vector Internet Services', 'Wix', 'Wix Media', 'YouTube', 'eLand', 'mlcom']"
venusiankitchen.nl,Venusian Kitchen | Food Poetry,Venusian Collective,NLD,87,1815,2026-09-27T00:28:12.763830643Z,"['Adobe Creative Cloud WebFonts', 'Alternate Protocol', 'Aruba', 'Ecwid Ecommerce Shopping Cart', 'Express', 'GZIP Module', 'Instagram Follow Button', 'Line2', 'Microdata for Google Shopping', 'Newsletter for Wordpress', 'QUIC', 'Squarespace', 'UTF-8', 'WordPress SEO Structured Data Schema Plugin', 'eLand']"
pikatekcorp.com,PIKATEK | Tech industry networking and business marketplace,PIKATEK,,67,239963,2026-09-27T00:23:04.210200004Z,"['Alternate Protocol', 'Amazon WAF Blocked', 'Apture Linking Platform', 'Cloudflare', 'Coming Soon Page', 'Content Delivery Network', 'DAV', 'Ecwid Ecommerce Shopping Cart', 'Express', 'Fastly', 'Fastly CDN', 'GZIP Module', 'Instagram Follow Button', 'Microdata for Google Shopping', 'NFOrce Internet', 'PWA', 'Perl', 'QUIC', 'SMC', 'Salesforce Hosted', 'Seflow Italy', 'Sentry', 'SiteW', 'Sitelinks Search Box', 'Thank You', 'UTF-8', 'Vector Internet Services', 'WP Booking Calendar', 'Wix', 'Wix Media', 'YouTube', 'mlcom']"
booksbykjf.com,BooksByKJF | Kayla Fointno,,GBR,67,95992,2026-09-26T23:47:24.216688844Z,"['Alternate Protocol', 'Amazon WAF Blocked', 'Amazon Widgets', 'Apture Linking Platform', 'Cloudflare', 'Content Delivery Network', 'DAV', 'DC74', 'Ecwid Ecommerce Shopping Cart', 'Express', 'Fastly', 'Fastly CDN', 'GZIP Module', 'Instagram Follow Button', 'Kudobuzz', 'Microdata for Google Shopping', 'NFOrce Internet', 'PWA', 'Perl', 'QUIC', 'SMC', 'Seflow Italy', 'Sentry', 'SiteW', 'Thank You', 'UTF-8', 'Vector Internet Services', 'WP Booking Calendar', 'Walmart', 'Wix', 'Wix Media', 'eLand', 'mlcom']"
seniormagazinedallas.com,Celebration Senior Magazine | Online & Print Senior Magazines | United States,Celebration Senior Magazine ,USA,77,141973,2026-09-26T23:33:34.490223011Z,"['123FormBuilder', 'AWS WAF Challenge', 'Alternate Protocol', 'Amazon WAF Blocked', 'Apture Linking Platform', 'Better Lead Generation Services', 'Cloudflare', 'Constant Contact', 'Content Delivery Network', 'DAV', 'Ecwid Ecommerce Shopping Cart', 'Express', 'Fastly', 'Fastly CDN', 'Fireblade', 'GZIP Module', 'Google My Business', 'Google Related Website Sites', 'Instagram Follow Button', 'Microdata for Google Shopping', 'Microsoft Azure', 'NFOrce Internet', 'Ntent', 'On The Map', 'POWr', 'PWA', 'QUIC', 'SMC', 'Seflow Italy', 'Sentry', 'Share Link', 'SiteW', 'Thank You', 'UTF-8', 'University or College', 'Vector Internet Services', 'Wix', 'Wix Media', 'WordPress Related Posts', 'YouTube', 'mlcom']"
daisyhomeuk.com,Daisy Home,,,45,2347,2026-09-26T23:29:09.353336854Z,"['Alternate Protocol', 'Amazon', 'Amazon CloudFront', 'CloudFront', 'Ecwid Ecommerce Shopping Cart', 'GZIP Module', 'Google Cloud DNS', 'Google Maps', 'Google My Business', 'Instagram Follow Button', 'Nginx', 'PWA', 'RM Education', 'Stripe', 'Typeform', 'UTF-8', 'Unsplash', 'eLand']"
lumilogy.at,LUMILOGY | Science of Light | Human Centric Lighting,Lumilogy,SVK,77,95331,2026-09-26T23:25:13.450976349Z,"['Alternate Protocol', 'Amazon WAF Blocked', 'Apture Linking Platform', 'Content Delivery Network', 'DC74', 'Ecwid Ecommerce Shopping Cart', 'Express', 'Fastly', 'Fastly CDN', 'GZIP Module', 'Google Related Website Sites', 'Instagram Follow Button', 'Microdata for Google Shopping', 'NFOrce Internet', 'PWA', 'QUIC', 'SMC', 'Seflow Italy', 'Sentry', 'SiteW', 'UTF-8', 'Vector Internet Services', 'Wix', 'Wix Media', 'YouTube', 'eLand', 'mlcom']"
sweetnessnj.com,Sweetness,,USA,60,647,2026-09-26T22:59:55.716244931Z,"['Alternate Protocol', 'Amazon', 'Amazon CloudFront', 'ByteDance', 'CloudFront', 'ETranslate', 'Ecwid Ecommerce Shopping Cart', 'Express', 'Facebook Conversion Tracking', 'Facebook Login', 'Facebook Messenger Platform', 'Facebook Pixel', 'Facebook Reseller', 'Facebook Tag API', 'GZIP Module', 'Google Cloud DNS', 'Google Maps', 'Google Related Website Sites', 'Instagram Follow Button', 'Nginx', 'PWA', 'Stripe', 'TikTok Conversion Tracking Pixel', 'UTF-8', 'Unsplash', 'eLand']"
scoutsrq.com,The Best Sarasota Scouting Units,,,45,39436,2026-09-26T22:22:25.646958657Z,"['Amazon', 'Amazon CloudFront', 'Amazon Route 53', 'CloudFront', 'Cloudflare', 'Cloudflare CDN', 'Contento', 'DoubleClick Bid Manager', 'Ecwid Ecommerce Shopping Cart', 'Font Awesome', 'Forethought', 'GZIP Module', 'GetResponse', 'Google', 'Google Analytics', 'Google Cloud DNS', 'Google Maps', 'Google My Business', 'Google Tag Manager', 'Storyblocks', 'Twitter Ads', 'UTF-8', 'UserVoice', 'Wild Apricot', 'YouTube', 'Zendesk Embeddables', 'elevio', 'reCAPTCHA']"
syballstargear.com,Simi Youth Baseball All Stars Spirit Wear – Afterglow Designs,,USA,65,18852,2026-09-26T22:05:27.900334181Z,"['Alternate Protocol', 'Amazon CloudFront', 'Astra Theme', 'Beaver Builder Lite', 'CloudFront', 'Cloudflare', 'Content Delivery Network', 'Ecwid Ecommerce Shopping Cart', 'EmbedPress', 'Facebook Customer Chat SDK', 'Facebook Login', 'Facebook Messenger Platform', 'Facebook Reseller', 'GTranslate', 'Google', 'Google Cloud DNS', 'Google Font API', 'Instagram Follow Button', 'Jetpack', 'Pagekit', 'Parcel', 'QUIC', 'Smush Image Optimization', 'UTF-8', 'Wangsu', 'WordPress', 'WordPress Multisite', 'WordPress Related Posts', 'WordPress Stats', 'jQuery']"
shopdelaneydesigns.com,Delaney Designs,,USA,65,49571,2026-09-26T21:55:40.617257895Z,"['AAPT', 'Amazon', 'Amazon CloudFront', 'ClickOn', 'CloudFront', 'DAV', 'Ecwid Ecommerce Shopping Cart', 'GZIP Module', 'Google Cloud DNS', 'Google Maps', 'Google My Business', 'InitiativeS', 'K2F', 'Nginx', 'PWA', 'Show.co', 'Tailwind CSS', 'Twitter Ads', 'UTF-8', 'Umbler', 'Vimeo', 'YouTube']"
bodybynaturetherapy.com,Chinese medicine | Body by Nature Remedial Massage| Richmond,body by nature Chinese Medicine and Remedial Massage,AUS,77,135806,2026-09-26T21:49:20.729180539Z,"['Alternate Protocol', 'Amazon WAF Blocked', 'Apture Linking Platform', 'Cloudflare', 'Content Delivery Network', 'DAV', 'Ecwid Ecommerce Shopping Cart', 'Express', 'Fastly', 'Fastly CDN', 'GZIP Module', 'Google Related Website Sites', 'Instagram Follow Button', 'K2F', 'KVH', 'Microdata for Google Shopping', 'NFOrce Internet', 'POWr', 'PWA', 'Perl', 'QUIC', 'SMC', 'Seflow Italy', 'Sentry', 'SiteW', 'Sitelinks Search Box', 'Subversion', 'Thank You', 'UTF-8', 'Vector Internet Services', 'WP Booking Calendar', 'Wix', 'Wix Media', 'YouTube', 'mlcom']"
codingclasses.ie,codingclasses.ie,,,55,847,2026-09-26T21:26:37.192124688Z,"['AWS WAF Challenge', 'Alternate Protocol', 'Amazon', 'Amazon CloudFront', 'CloudFront', 'ETranslate', 'Ecwid Ecommerce Shopping Cart', 'GZIP Module', 'Google Cloud DNS', 'Google Maps', 'Instagram Follow Button', 'Nginx', 'PWA', 'Stripe', 'UTF-8', 'University or College', 'Unsplash', 'eLand']"
wisdomwell.com.au,Wisdom Well | For Your Wellbeing | Ballarat Australia and Globally,Wisdom Well,SYC,72,105644,2026-09-26T21:22:01.526621171Z,"['AWS WAF Challenge', 'Alternate Protocol', 'Amazon WAF Blocked', 'Apture Linking Platform', 'Content Delivery Network', 'DAV', 'Ecwid Ecommerce Shopping Cart', 'Express', 'Fastly', 'Fastly CDN', 'GZIP Module', 'Google Related Website Sites', 'Instagram Follow Button', 'Microdata for Google Shopping', 'NFOrce Internet', 'PWA', 'Perl', 'QUIC', 'SMC', 'Seflow Italy', 'Sentry', 'SiteW', 'Thank You', 'UTF-8', 'Vector Internet Services', 'WP Booking Calendar', 'Wix', 'Wix Media', 'mlcom']"
fourleavesglass.com,Four Leaves Glassworks,,,55,647,2026-09-26T20:50:08.876302364Z,"['Alternate Protocol', 'Amazon', 'Amazon CloudFront', 'CloudFront', 'ETranslate', 'Ecwid Ecommerce Shopping Cart', 'GZIP Module', 'Google Cloud DNS', 'Google Maps', 'Google Related Website Sites', 'Instagram Follow Button', 'Nginx', 'PWA', 'Stripe', 'UTF-8', 'Unsplash', 'eLand']"
capitolrivercruises.com,Capitol River Cruises | Washington | Home,Capitol River Cruises,USA,87,108644,2026-09-26T20:43:50.306997655Z,"['Amazon WAF Blocked', 'Apture Linking Platform', 'Cloudflare', 'Content Delivery Network', 'DAV', 'Ecwid Ecommerce Shopping Cart', 'Express', 'FareHarbor', 'Fastly', 'Fastly CDN', 'GZIP Module', 'Google Related Website Sites', 'Harbor', 'Instagram Follow Button', 'Microdata for Google Shopping', 'NFOrce Internet', 'On The Map', 'PWA', 'Perl', 'QUIC', 'SMC', 'Seflow Italy', 'Sentry', 'SiteW', 'UTF-8', 'Vector Internet Services', 'WP Booking Calendar', 'Wix', 'Wix Media', 'eLand', 'mlcom']"
tucsons2sons.com,Tucsons Two Sons,,USA,72,6247,2026-09-26T20:29:35.358910573Z,"['Alternate Protocol', 'Amazon', 'Amazon CloudFront', 'ByteDance', 'CloudFront', 'ETranslate', 'Ecwid Ecommerce Shopping Cart', 'GZIP Module', 'Google Cloud DNS', 'Google Maps', 'Google Related Website Sites', 'Instagram Follow Button', 'Nginx', 'PWA', 'TikTok Conversion Tracking Pixel', 'UTF-8', 'Unsplash', 'YouTube', 'eLand']"
jewelswithlove.com,Jewels With Love | Raising Funds With,,,45,341,2026-09-26T20:22:24.344907057Z,"['3 Products', 'Alternate Protocol', 'Amazon CloudFront', 'Apache', 'CloudFront', 'Contact Form Plugin', 'Divi', 'Ecwid Ecommerce Shopping Cart', 'Elegant Themes', 'EmbedPress', 'Facebook Login', 'Facebook Messenger Platform', 'Facebook Reseller', 'Google', 'Google Cloud CDN', 'Google Cloud DNS', 'Google Font API', 'Microdata for Google Shopping', 'PHP', 'QUIC', 'Schema Plugin', 'Theme In WP', 'UTF-8', 'Woo Themes', 'WordPress', 'WordPress Multisite', 'jQuery']"
hempinfinite.com,Infinite Organics - Quality Hemp Products,142 6th street,PHL,77,77916,2026-09-26T20:13:19.211200269Z,"['Adobe Creative Cloud WebFonts', 'Aruba', 'Ecwid Ecommerce Shopping Cart', 'Elfsight', 'Express', 'GZIP Module', 'Google Analytics', 'Google Related Website Sites', 'Google Tag Manager', 'Instagram Follow Button', 'Line2', 'Magento Enterprise', 'Microdata for Google Shopping', 'QUIC', 'SiteW', 'Squarespace', 'Twitter Ads', 'UTF-8', 'WordPress SEO Structured Data Schema Plugin', 'eLand']"
thisismarmara.com,MÁRMARA Stone Design,MÁRMARA,CAN,67,108219,2026-09-26T20:10:19.528947407Z,"['Amazon', 'Amazon WAF Blocked', 'Apture Linking Platform', 'Aruba', 'Calendly', 'Cloudflare', 'Content Delivery Network', 'Ecwid Ecommerce Shopping Cart', 'Express', 'Fastly', 'Fastly CDN', 'Fireblade', 'FormSubmit', 'GZIP Module', 'GitHub Hosting', 'Google Related Website Sites', 'Instagram Follow Button', 'Microdata for Google Shopping', 'NFOrce Internet', 'PWA', 'Pico CSS', 'QUIC', 'SMC', 'Seflow Italy', 'Sentry', 'SiteW', 'Subversion', 'Thank You', 'UTF-8', 'Vector Internet Services', 'Wix', 'Wix Media', 'eLand', 'mlcom']"
nikitacosplay.fr,Tutoriel Tuto Livre Book Tutorial | NikitaCosplay,,,77,108331,2026-09-26T19:06:51.999709715Z,"['Alternate Protocol', 'Amazon WAF Blocked', 'Apture Linking Platform', 'Cloudflare', 'Content Delivery Network', 'Ecwid Ecommerce Shopping Cart', 'Express', 'Fastly', 'Fastly CDN', 'GZIP Module', 'Google Related Website Sites', 'InitiativeS', 'Instagram Follow Button', 'Microdata for Google Shopping', 'NFOrce Internet', 'On The Map', 'PWA', 'Perl', 'QUIC', 'SMC', 'Seflow Italy', 'Sentry', 'SiteW', 'Thank You', 'UTF-8', 'Vector Internet Services', 'Wix', 'Wix Media', 'eLand', 'mlcom']"
gfun.ca,Golden Fundraising + Nossack Food Group | Central Alberta,Golden Fundraising,CAN,72,111745,2026-09-26T17:52:50.545409791Z,"['123FormBuilder', 'Adobe Creative Cloud WebFonts', 'Alternate Protocol', 'Amazon WAF Blocked', 'Apture Linking Platform', 'Cloudflare', 'Coming Soon Page', 'Content Delivery Network', 'DAV', 'DC74', 'Ecwid Ecommerce Shopping Cart', 'Express', 'Fastly', 'Fastly CDN', 'Fireblade', 'GZIP Module', 'Google Related Website Sites', 'Instagram Follow Button', 'Microdata for Google Shopping', 'NFOrce Internet', 'POWr', 'PWA', 'Perl', 'QUIC', 'SMC', 'Seflow Italy', 'Sentry', 'SiteW', 'Sitelinks Search Box', 'Thank You', 'UTF-8', 'Vector Internet Services', 'WP Booking Calendar', 'Wix', 'Wix Media', 'YouTube', 'mlcom']"
keepersofthewild.org,Animal Sanctuary | Keepers of the Wild | United States,Keepers of the Wild,,77,155806,2026-09-26T17:52:50.530498196Z,"['501c3 Status Nonprofit', 'Alternate Protocol', 'Amazon WAF Blocked', 'Apture Linking Platform', 'Cloudflare', 'Content Delivery Network', 'CoolText', 'DAV', 'DC74', 'Ecwid Ecommerce Shopping Cart', 'Express', 'Fastly', 'Fastly CDN', 'Fireblade', 'GZIP Module', 'Google Related Website Sites', 'Instagram Follow Button', 'K2F', 'KVH', 'Microdata for Google Shopping', 'NFOrce Internet', 'POWr', 'PWA', 'Perl', 'QUIC', 'SMC', 'Seflow Italy', 'Sentry', 'SiteW', 'Subversion', 'Thank You', 'UTF-8', 'Vector Internet Services', 'WP Booking Calendar', 'Wix', 'Wix Media', 'YouTube', 'mlcom']"
finelash.com,Leading Eyelash extensions & perfectly applied permanent makeup |Beauty training,Fine lash,USA,72,90992,2026-09-26T17:42:23.970282902Z,"['Alternate Protocol', 'Amazon WAF Blocked', 'Apture Linking Platform', 'Better Lead Generation Services', 'Cloudflare', 'Content Delivery Network', 'DAV', 'Ecwid Ecommerce Shopping Cart', 'Express', 'Fastly', 'Fastly CDN', 'GZIP Module', 'Google Related Website Sites', 'Instagram Follow Button', 'Microdata for Google Shopping', 'NFOrce Internet', 'PWA', 'Perl', 'QUIC', 'SMC', 'Schedulista', 'Seflow Italy', 'Sentry', 'SiteW', 'Thank You', 'Twitter Ads', 'UTF-8', 'Vector Internet Services', 'WP Booking Calendar', 'Wix', 'Wix Media', 'mlcom']"
withallie.co.uk,Home | With Allie,With Allie,GBR,55,37185,2026-09-26T17:21:36.647086476Z,"['AWS WAF Challenge', 'Alternate Protocol', 'Amazon WAF Blocked', 'Apture Linking Platform', 'Better Lead Generation Services', 'Cloudflare', 'Content Delivery Network', 'DAV', 'Ecwid Ecommerce Shopping Cart', 'Express', 'Fastly', 'Fastly CDN', 'GZIP Module', 'Google Customer Reviews', 'Instagram Follow Button', 'K2F', 'KVH', 'Microdata for Google Shopping', 'NFOrce Internet', 'PWA', 'Perl', 'QUIC', 'SMC', 'Seflow Italy', 'Sentry', 'SiteW', 'Subversion', 'Thank You', 'UTF-8', 'Vector Internet Services', 'WP Booking Calendar', 'Wix', 'Wix Media', 'mlcom']"
archeryshopthai.com,Thailand Archery | Archery Shop Thailand | Pattaya City,Archery shop Thailand,,87,105493,2026-09-26T16:46:20.166890985Z,"['Alternate Protocol', 'Amazon WAF Blocked', 'Apture Linking Platform', 'Cloudflare', 'Content Delivery Network', 'Ecwid Ecommerce Shopping Cart', 'Express', 'Fastly', 'Fastly CDN', 'Fireblade', 'GZIP Module', 'Google Related Website Sites', 'Microdata for Google Shopping', 'NFOrce Internet', 'POWr', 'PWA', 'Perl', 'QUIC', 'SMC', 'Seflow Italy', 'Sentry', 'SiteW', 'Sitelinks Search Box', 'Thank You', 'UTF-8', 'Vector Internet Services', 'Wix', 'Wix Media', 'YouTube', 'eLand', 'mlcom']"
blackmountaincoffeewyoming.com,"Black Mountain Coffee | Sheridan, Wyoming",Black Mountain Coffee,,57,26896,2026-09-26T16:08:31.561586313Z,"['Amazon WAF Blocked', 'Apture Linking Platform', 'Cloudflare', 'Content Delivery Network', 'Ecwid Ecommerce Shopping Cart', 'Express', 'Fastly', 'Fastly CDN', 'GZIP Module', 'Google Related Website Sites', 'Microdata for Google Shopping', 'NFOrce Internet', 'PWA', 'Perl', 'QUIC', 'SMC', 'Seflow Italy', 'Sentry', 'SiteW', 'Thank You', 'UTF-8', 'Vector Internet Services', 'Wix', 'Wix Media', 'mlcom']"
vaccinekiki.com,"Welcome Lovers - Let' s Have A Vaccine Kiki - Sunday, January 10th - 5pm Pacific",,,60,280,2026-09-26T15:17:05.944438889Z,"['Alternate Protocol', 'Apache', 'Divi', 'Ecwid Ecommerce Shopping Cart', 'Elegant Themes', 'EmbedPress', 'Font Awesome', 'GZIP Module', 'Google Analytics', 'Google Cloud DNS', 'Google Font API', 'Google Tag Manager', 'Instagram Follow Button', 'Microdata for Google Shopping', 'PHP', 'QUIC', 'Theme In WP', 'UTF-8', 'University or College', 'WordPress', 'WordPress Multisite', 'YouTube', 'eLand', 'jQuery']"
yardagrams.com,Special Occasion Greeting Cards for Yards,Yardagarms,,67,111346,2026-09-26T15:05:57.926648879Z,"['123FormBuilder', 'Amazon WAF Blocked', 'Apture Linking Platform', 'Cloudflare', 'Content Delivery Network', 'DAV', 'DC74', 'Ecwid Ecommerce Shopping Cart', 'Express', 'Fastly', 'Fastly CDN', 'Fireblade', 'GZIP Module', 'Google Analytics', 'Google Customer Reviews', 'Google Related Website Sites', 'Google Tag Manager', 'Instagram Follow Button', 'Microdata for Google Shopping', 'NFOrce Internet', 'POWr', 'PWA', 'Perl', 'QUIC', 'SMC', 'Seflow Italy', 'Sentry', 'SiteW', 'UTF-8', 'Vector Internet Services', 'WP Booking Calendar', 'Wix', 'Wix Media', 'mlcom']"
known-photography.com,Orange County Wedding Photographer | Known-photography,,,72,105644,2026-09-26T15:05:57.917197081Z,"['AWS WAF Challenge', 'Alternate Protocol', 'Amazon WAF Blocked', 'Apture Linking Platform', 'Cloudflare', 'Content Delivery Network', 'DAV', 'Ecwid Ecommerce Shopping Cart', 'Express', 'Fastly', 'Fastly CDN', 'GZIP Module', 'Google Related Website Sites', 'Instagram Follow Button', 'Microdata for Google Shopping', 'NFOrce Internet', 'PWA', 'Perl', 'QUIC', 'SMC', 'Seflow Italy', 'Sentry', 'SiteW', 'Thank You', 'UTF-8', 'Vector Internet Services', 'WP Booking Calendar', 'Wix', 'Wix Media', 'eLand', 'mlcom']"
janitorialmonster.com,Janitorial Monster and Supplies,,,55,6147,2026-09-26T13:50:48.928443566Z,"['Alternate Protocol', 'Amazon', 'Amazon CloudFront', 'CloudFront', 'ETranslate', 'Ecwid Ecommerce Shopping Cart', 'GZIP Module', 'Google Cloud DNS', 'Google Maps', 'Google My Business', 'Instagram Follow Button', 'Monster', 'Nginx', 'PWA', 'RM Education', 'Stripe', 'TrustIndex', 'Typeform', 'UTF-8', 'Unsplash', 'eLand']"
foodiecards.com,FoodieCards,,USA,67,30762,2026-09-26T13:35:05.903371Z,"['AdRoll', 'Alternate Protocol', 'Amazon CloudFront', 'Amazon WAF Blocked', 'Apache', 'CloudFront', 'Cloudflare', 'Complianz', 'Content ad', 'Contento', 'Custom Facebook Feed', 'Ecwid Ecommerce Shopping Cart', 'EmbedPress', 'Facebook Conversion Tracking', 'Facebook Login', 'Facebook Messenger Platform', 'Facebook Pixel', 'Facebook Reseller', 'Facebook Tag API', 'GZIP Module', 'Google', 'Google Analytics', 'Google Cloud CDN', 'Google Cloud DNS', 'Google Font API', 'Google My Business', 'Google Tag Manager', 'IcoMoon', 'Instagram Feed for WordPress', 'Instagram Follow Button', 'Microdata for Google Shopping', 'Muffin Group', 'PHP', 'QUIC', 'Schema Plugin', 'Site Kit', 'Slider Revolution', 'Theme In WP', 'Twitter Ads', 'UTF-8', 'Visual Composer Ultimate Addons', 'W3 Total Cache', 'WPBakery', 'WPForms', 'WonderPush', 'Woo Themes', 'WordPress', 'WordPress Multisite', 'eLand', 'jQuery', 'reCAPTCHA']"
randycoggins.com,HOME | RANDY COGGINS II,,USA,70,90086,2026-09-26T12:40:10.24326652Z,"['Alternate Protocol', 'Amazon WAF Blocked', 'Amazon Widgets', 'Apture Linking Platform', 'Cloudflare', 'Content Delivery Network', 'DAV', 'Ecwid Ecommerce Shopping Cart', 'Express', 'Fastly', 'Fastly CDN', 'Financial Services Guide', 'GZIP Module', 'Instagram Follow Button', 'Microdata for Google Shopping', 'NFOrce Internet', 'POWr', 'PWA', 'Perl', 'QUIC', 'SMC', 'Seflow Italy', 'Sentry', 'SiteW', 'Subversion', 'Thank You', 'UTF-8', 'Vector Internet Services', 'WP Booking Calendar', 'Wix', 'Wix Media', 'YouTube', 'eLand', 'mlcom']"
aldoquintana.com,Solo Travel | Psychedelic Therapy Experiences | Living Abroad,,,62,122033,2026-09-26T12:03:15.374468788Z,"['123FormBuilder', 'Amazon WAF Blocked', 'Amazon Widgets', 'Apture Linking Platform', 'Cloudflare', 'Content Delivery Network', 'Ecwid Ecommerce Shopping Cart', 'Fastly', 'Fastly CDN', 'Fireblade', 'GZIP Module', 'Google Related Website Sites', 'Microdata for Google Shopping', 'NFOrce Internet', 'On The Map', 'POWr', 'PWA', 'Perl', 'QUIC', 'SMC', 'Sentry', 'SiteW', 'UTF-8', 'Vector Internet Services', 'Wix', 'Wix Media', 'mlcom']"
kkaruna.com,KKaruna Design Studio,,IND,65,9601,2026-09-26T11:31:27.081276204Z,"['Amazon', 'Amazon CloudFront', 'ClickOn', 'CloudFront', 'Ecwid Ecommerce Shopping Cart', 'GZIP Module', 'Google', 'Google Cloud DNS', 'Google Font API', 'Google Maps', 'Google My Business', 'Idaq', 'Instagram Follow Button', 'Nginx', 'No-Q', 'PWA', 'Pure.css', 'Show.co', 'Tailwind CSS', 'Twitter Ads', 'UTF-8', 'Vimeo', 'YouTube']"
sjacademyofdance.co.uk,Home | SJ Academy of Dance,,GBR,60,26962,2026-09-26T11:25:44.226288185Z,"['Alternate Protocol', 'Amazon WAF Blocked', 'Apture Linking Platform', 'Cloudflare', 'Content Delivery Network', 'Ecwid Ecommerce Shopping Cart', 'Express', 'Fastly', 'Fastly CDN', 'GZIP Module', 'Instagram Follow Button', 'Microdata for Google Shopping', 'NFOrce Internet', 'POWr', 'PWA', 'QUIC', 'SMC', 'Seflow Italy', 'Sentry', 'SiteW', 'UTF-8', 'Vector Internet Services', 'Wix', 'Wix Media', 'mlcom']"
blueo.in,Blueo.in : Original High Quality Tempered Glass India,,,77,115731,2026-09-26T11:21:17.751043059Z,"['Alternate Protocol', 'Amazon WAF Blocked', 'Apture Linking Platform', 'Cloudflare', 'Content Delivery Network', 'DAV', 'DC74', 'Ecwid Ecommerce Shopping Cart', 'Express', 'Fastly', 'Fastly CDN', 'GZIP Module', 'Google Related Website Sites', 'Instagram Follow Button', 'Microdata for Google Shopping', 'NFOrce Internet', 'On The Map', 'PWA', 'Perl', 'QUIC', 'SMC', 'Seflow Italy', 'Sentry', 'SiteW', 'Sitelinks Search Box', 'Thank You', 'Twitter Ads', 'UTF-8', 'Vector Internet Services', 'Wix', 'Wix Media', 'Yandex Hosting', 'eLand', 'mlcom']"
bespokeairsolutions.com.au,Home | Bespoke Air Solutions | Air Conditioning | South Australia,,AUS,72,90806,2026-09-26T11:13:20.33654208Z,"['Amazon WAF Blocked', 'Apture Linking Platform', 'Content Delivery Network', 'DAV', 'Ecwid Ecommerce Shopping Cart', 'Express', 'Fastly', 'Fastly CDN', 'GZIP Module', 'Google Related Website Sites', 'Instagram Follow Button', 'Microdata for Google Shopping', 'NFOrce Internet', 'POWr', 'PWA', 'Perl', 'QUIC', 'SMC', 'Seflow Italy', 'Sentry', 'SiteW', 'UTF-8', 'Vector Internet Services', 'WP Booking Calendar', 'Wix', 'Wix Media', 'mlcom']"
lovelyvarietystore.com,Lovely Variety Store,,CHN,65,13727,2026-09-26T11:08:51.609465701Z,"['Alternate Protocol', 'Amazon', 'Amazon CloudFront', 'CloudFront', 'ETranslate', 'Ecwid Ecommerce Shopping Cart', 'GZIP Module', 'Google Cloud DNS', 'Google Maps', 'Google My Business', 'Instagram Follow Button', 'Nginx', 'PWA', 'RM Education', 'Typeform', 'UTF-8', 'Unsplash', 'eLand']"
cosccoohomeinc.com,"Home | Golden Furniture, INC.",Golden Furniture,,60,36956,2026-09-26T09:41:36.831465108Z,"['Alternate Protocol', 'Amazon', 'Amazon WAF Blocked', 'Apture Linking Platform', 'Cloudflare', 'Content Delivery Network', 'Ecwid Ecommerce Shopping Cart', 'Express', 'Fastly', 'Fastly CDN', 'GZIP Module', 'K2F', 'KVH', 'Microdata for Google Shopping', 'NFOrce Internet', 'PWA', 'QUIC', 'SMC', 'Seflow Italy', 'Sentry', 'SiteW', 'Subversion', 'UTF-8', 'Vector Internet Services', 'Wix', 'Wix Media', 'mlcom']"
welderseries.com,Paul Horton's Welder Series,Welder Series Inc.,USA,92,18269,2026-09-26T09:12:25.160957112Z,"['AWS WAF Challenge', 'Alternate Protocol', 'Amazon CloudFront', 'Automattic', 'Bing Cashback', 'Bing Conversion Tracking', 'CloudFront', 'Cloudflare', 'Content Delivery Network', 'Ecwid Ecommerce Shopping Cart', 'EmbedPress', 'Google Analytics', 'Google Cloud DNS', 'Google Font API', 'Google Forms', 'Google My Business', 'Google Related Website Sites', 'Google Tag Manager', 'Gravity Forms', 'Instagram Follow Button', 'Jetpack', 'Jetpack Site Accelerator', 'Make Theme', 'Microdata for Google Shopping', 'PHP', 'Theme In WP', 'UTF-8', 'WP Engine', 'WordPress', 'WordPress Multisite', 'WordPress Stats', 'YouTube', 'eLand', 'jQuery']"
spicnspaningham.shop,SpicNSpan Ceaning Products Ingham,,,62,14087,2026-09-26T09:01:56.710143511Z,"['Alternate Protocol', 'Amazon', 'Amazon CloudFront', 'Amazon S3 CDN', 'CloudFront', 'ETranslate', 'Ecwid Ecommerce Shopping Cart', 'GZIP Module', 'Google Cloud DNS', 'Google Maps', 'Google My Business', 'Instagram Follow Button', 'Nginx', 'PWA', 'RM Education', 'Storyblocks', 'Typeform', 'UTF-8', 'Unsplash', 'eLand']"
forgottenmusicfestival.com,Forgotten Music Festival | Port St Joe Florida | United States,Forgotten Music LLC,PHL,72,128493,2026-09-26T08:40:33.78363439Z,"['Alternate Protocol', 'Amazon WAF Blocked', 'Apture Linking Platform', 'Cloudflare', 'Content Delivery Network', 'DC74', 'Ecwid Ecommerce Shopping Cart', 'Express', 'Fastly', 'Fastly CDN', 'Fireblade', 'GZIP Module', 'Google Related Website Sites', 'Instagram Follow Button', 'Microdata for Google Shopping', 'NFOrce Internet', 'On The Map', 'POWr', 'PWA', 'QUIC', 'SMC', 'Seflow Italy', 'Sentry', 'SiteW', 'Thank You', 'UTF-8', 'Vector Internet Services', 'Wix', 'Wix Media', 'mlcom']"
soteriametalroofs.com,Metal Roofing Products | Soteria Metal Roofs | Ontario,Soteria Metal Roofs,USA,87,123493,2026-09-26T08:33:06.466182958Z,"['Alternate Protocol', 'Amazon WAF Blocked', 'Apture Linking Platform', 'Cloudflare', 'Content Delivery Network', 'Ecwid Ecommerce Shopping Cart', 'Express', 'Fastly', 'Fastly CDN', 'Fireblade', 'GZIP Module', 'Google Related Website Sites', 'Instagram Follow Button', 'Investor Relations', 'Microdata for Google Shopping', 'NFOrce Internet', 'On The Map', 'POWr', 'PWA', 'QUIC', 'SMC', 'Seflow Italy', 'Sentry', 'SiteW', 'Thank You', 'UTF-8', 'Vector Internet Services', 'Wix', 'Wix Media', 'eLand', 'mlcom']"
cedarwoodspa.co,Wood Hot Tubs | Cedarwood Spas,,USA,77,160644,2026-09-26T08:18:18.674408014Z,"['AWS WAF Challenge', 'Affirm', 'Alternate Protocol', 'Amazon', 'Amazon WAF Blocked', 'Apture Linking Platform', 'Content Delivery Network', 'DAV', 'Ecwid Ecommerce Shopping Cart', 'Express', 'Fastly', 'Fastly CDN', 'GZIP Module', 'Google Related Website Sites', 'Instagram Follow Button', 'K2F', 'KVH', 'Microdata for Google Shopping', 'NFOrce Internet', 'PWA', 'Perl', 'QUIC', 'RM Education', 'SMC', 'Seflow Italy', 'Sentry', 'SiteW', 'Sitelinks Search Box', 'Subversion', 'Thank You', 'UTF-8', 'Vector Internet Services', 'WP Booking Calendar', 'Wix', 'Wix Media', 'mlcom']"
fingerstyleukuleletabs.com,Fingerstyle Ukulele Tabs,,,60,147,2026-09-26T07:44:39.617247189Z,"['Alternate Protocol', 'Amazon', 'Amazon CloudFront', 'CloudFront', 'Ecwid Ecommerce Shopping Cart', 'GZIP Module', 'Google Cloud DNS', 'Google Maps', 'Instagram Follow Button', 'Nginx', 'PWA', 'Stripe', 'Twitter Ads', 'UTF-8', 'Unsplash', 'eLand']"
rangodesign.com,HOME | Rango Design Studios,,USA,70,94773,2026-09-26T07:44:39.605596346Z,"['Amazon WAF Blocked', 'Apture Linking Platform', 'Cisco/Arrowpoint Content Service Switch', 'Cloudflare', 'Content Delivery Network', 'Ecwid Ecommerce Shopping Cart', 'Express', 'Fastly', 'Fastly CDN', 'GZIP Module', 'Microdata for Google Shopping', 'NFOrce Internet', 'POWr', 'PWA', 'QUIC', 'SMC', 'Seflow Italy', 'Sentry', 'SiteW', 'UTF-8', 'Vector Internet Services', 'Wix', 'Wix Media', 'eLand', 'mlcom']"
ciscofoods.com,Cisco's Food Products,,ZAF,70,11247,2026-09-26T07:19:14.739834852Z,"['Alternate Protocol', 'Amazon', 'Amazon CloudFront', 'Cisco/Arrowpoint Content Service Switch', 'CloudFront', 'ETranslate', 'Ecwid Ecommerce Shopping Cart', 'GZIP Module', 'Google Cloud DNS', 'Google Maps', 'Google My Business', 'Google Related Website Sites', 'Instagram Follow Button', 'Nginx', 'PWA', 'Parcel', 'UTF-8', 'Unsplash', 'eLand']"
theshrimplover.com,HOME | The Shrimp Lover,,USA,60,37386,2026-09-26T07:09:54.225426202Z,"['Alternate Protocol', 'Amazon WAF Blocked', 'Apture Linking Platform', 'Cloudflare', 'Content Delivery Network', 'Ecwid Ecommerce Shopping Cart', 'Express', 'Fastly', 'Fastly CDN', 'GZIP Module', 'K2F', 'KVH', 'Microdata for Google Shopping', 'NFOrce Internet', 'PWA', 'Perl', 'QUIC', 'Restaurant Guru', 'SMC', 'Seflow Italy', 'Sentry', 'SiteW', 'Subversion', 'Thank You', 'Toast POS', 'UTF-8', 'Vector Internet Services', 'Wix', 'Wix Media', 'accessiBe', 'mlcom']"
jinglebellbazaar.com,Jingle Bell Bazaar at Ybor | Holiday Market & Festival in Tampa,,,57,37045,2026-09-26T06:01:18.71142056Z,"['Alternate Protocol', 'Amazon WAF Blocked', 'Apture Linking Platform', 'Cloudflare', 'Content Delivery Network', 'DAV', 'Ecwid Ecommerce Shopping Cart', 'Express', 'Fastly', 'Fastly CDN', 'GZIP Module', 'Google Related Website Sites', 'Heroku', 'K2F', 'KVH', 'Microdata for Google Shopping', 'NFOrce Internet', 'PWA', 'Perl', 'QUIC', 'SMC', 'Seflow Italy', 'Sentry', 'SiteW', 'Subversion', 'Thank You', 'UTF-8', 'Vector Internet Services', 'WP Booking Calendar', 'Wix', 'Wix Media', 'mlcom']"
iamservante.com,Blog | IAMSERVANTE,,USA,67,90685,2026-09-26T05:15:55.466076903Z,"['Alternate Protocol', 'Amazon WAF Blocked', 'Apture Linking Platform', 'Calendly', 'Cloudflare', 'Content Delivery Network', 'Ecwid Ecommerce Shopping Cart', 'Express', 'Fastly', 'Fastly CDN', 'GZIP Module', 'Google Related Website Sites', 'Instagram Follow Button', 'Microdata for Google Shopping', 'NFOrce Internet', 'POWr', 'PWA', 'Perl', 'QUIC', 'SMC', 'Seflow Italy', 'Sentry', 'SiteW', 'Sitelinks Search Box', 'Twitter Ads', 'UTF-8', 'Vector Internet Services', 'Wix', 'Wix Media', 'YouTube', 'mlcom']"
lerevenailsandspa.com,Nail Salon | Le Rêve Nails & Spa | Tampa Florida,Le Rêve Nails &amp; Spa,UKR,57,38185,2026-09-26T05:12:12.481596098Z,"['Alternate Protocol', 'Amazon WAF Blocked', 'Apture Linking Platform', 'Cloudflare', 'Content Delivery Network', 'DAV', 'DC74', 'Ecwid Ecommerce Shopping Cart', 'Express', 'Fastly', 'Fastly CDN', 'GZIP Module', 'Google Related Website Sites', 'Instagram Follow Button', 'K2F', 'KVH', 'Microdata for Google Shopping', 'NFOrce Internet', 'PWA', 'Perl', 'QUIC', 'SMC', 'Seflow Italy', 'Sentry', 'SiteW', 'Subversion', 'UTF-8', 'Vector Internet Services', 'WP Booking Calendar', 'Wix', 'Wix Media', 'mlcom']"
thecolormixer.com,Color Mixer Paint Party Co.,The Color Mixer/ Lacey Diehl Designs/Lacey French,USA,87,90493,2026-09-26T04:12:11.093934183Z,"['Alternate Protocol', 'Amazon WAF Blocked', 'Apture Linking Platform', 'Cloudflare', 'Content Delivery Network', 'Ecwid Ecommerce Shopping Cart', 'Express', 'Fastly', 'Fastly CDN', 'GZIP Module', 'Google Related Website Sites', 'Instagram Follow Button', 'Microdata for Google Shopping', 'NFOrce Internet', 'POWr', 'PWA', 'QUIC', 'SMC', 'Seflow Italy', 'Sentry', 'SiteW', 'Thank You', 'UTF-8', 'Vector Internet Services', 'Wix', 'Wix Media', 'eLand', 'mlcom']"
fortejazzlounge.com,"Forte Jazz Lounge | Charleston, South Carolina",Forte Jazz Lounge,USA,82,110493,2026-09-26T03:53:31.793143429Z,"['AWS WAF Challenge', 'Alternate Protocol', 'Amazon WAF Blocked', 'Apture Linking Platform', 'Cloudflare', 'Content Delivery Network', 'DAV', 'DC74', 'Ecwid Ecommerce Shopping Cart', 'Express', 'Fastly', 'Fastly CDN', 'GZIP Module', 'Google Related Website Sites', 'Instagram Follow Button', 'Microdata for Google Shopping', 'NFOrce Internet', 'POWr', 'PWA', 'Perl', 'QUIC', 'SMC', 'Seflow Italy', 'Sentry', 'SiteW', 'Thank You', 'UTF-8', 'Vector Internet Services', 'Wix', 'Wix Media', 'YouTube', 'eLand', 'mlcom']"
carlburcham.com,Carl Burcham: Screenwriter,,,47,26985,2026-09-26T03:35:13.2791528Z,"['Alternate Protocol', 'Amazon WAF Blocked', 'Apture Linking Platform', 'Cloudflare', 'Content Delivery Network', 'DAV', 'Ecwid Ecommerce Shopping Cart', 'Express', 'Fastly', 'Fastly CDN', 'GZIP Module', 'Google Related Website Sites', 'Microdata for Google Shopping', 'NFOrce Internet', 'PWA', 'Perl', 'QUIC', 'SMC', 'Seflow Italy', 'Sentry', 'SiteW', 'UTF-8', 'Vector Internet Services', 'WP Booking Calendar', 'Wix', 'Wix Media', 'mlcom']"
charmekadanielle.com,"Char'meka Danielle | Purpose Coach, Author, and Podcaster",,,67,105806,2026-09-26T03:34:12.998749311Z,"['AWS WAF Challenge', 'Alternate Protocol', 'Amazon WAF Blocked', 'Apture Linking Platform', 'Content Delivery Network', 'DAV', 'Ecwid Ecommerce Shopping Cart', 'Express', 'Fastly', 'Fastly CDN', 'GZIP Module', 'Google Related Website Sites', 'Instagram Follow Button', 'Microdata for Google Shopping', 'NFOrce Internet', 'Ntent', 'POWr', 'PWA', 'Perl', 'QUIC', 'SMC', 'Seflow Italy', 'Sentry', 'SiteW', 'Subversion', 'Thank You', 'Twitter Ads', 'UTF-8', 'Vector Internet Services', 'WP Booking Calendar', 'Wix', 'Wix Media', 'WordPress Related Posts', 'YouTube', 'mlcom']"
countessfarm.ca,Countess Farm,,CAN,65,3027,2026-09-26T03:22:16.848780343Z,"['Alternate Protocol', 'Amazon', 'Amazon CloudFront', 'CloudFront', 'Ecwid Ecommerce Shopping Cart', 'GZIP Module', 'Google Cloud DNS', 'Google Maps', 'Google My Business', 'Instagram Follow Button', 'Nginx', 'PWA', 'Share Link', 'UTF-8', 'Unsplash', 'eLand']"
laurendsilva.co.uk,"Lauren D'Silva, healer, writer and teacher",Lauren D'Silva,,87,129824,2026-09-26T02:54:13.041538986Z,"['123FormBuilder', 'AWS WAF Challenge', 'Alternate Protocol', 'Amazon WAF Blocked', 'Apture Linking Platform', 'Cloudflare', 'Constant Contact', 'Content Delivery Network', 'DAV', 'DC74', 'Ecwid Ecommerce Shopping Cart', 'Express', 'Fastly', 'Fastly CDN', 'Fireblade', 'GZIP Module', 'Google Related Website Sites', 'Instagram Follow Button', 'Microdata for Google Shopping', 'NFOrce Internet', 'Oracle Cloud', 'POWr', 'PWA', 'Perl', 'QUIC', 'SMC', 'Seflow Italy', 'Sentry', 'SiteW', 'Tagembed', 'UTF-8', 'Vector Internet Services', 'Vello', 'WP Booking Calendar', 'Wix', 'Wix Media', 'eLand', 'mlcom']"
btt-consulting.com,Strategy | BTT Consulting | Hong Kong,BTT Consulting Limited,,77,105806,2026-09-26T02:54:13.035475763Z,"['AWS WAF Challenge', 'Alternate Protocol', 'Amazon WAF Blocked', 'Apture Linking Platform', 'Cloudflare', 'Content Delivery Network', 'DAV', 'Ecwid Ecommerce Shopping Cart', 'Express', 'Fastly', 'Fastly CDN', 'Financial Services Guide', 'GZIP Module', 'Google Related Website Sites', 'InitiativeS', 'Microdata for Google Shopping', 'NFOrce Internet', 'POWr', 'PWA', 'Perl', 'QUIC', 'SMC', 'Seflow Italy', 'Sentry', 'SiteW', 'Subversion', 'Thank You', 'Twitter Ads', 'UTF-8', 'Vector Internet Services', 'WP Booking Calendar', 'Wix', 'Wix Media', 'mlcom']"
anoushhoney.com,Anoush Honey,,USA,65,99271,2026-09-26T02:39:35.768634956Z,"['AAPT', 'Amazon', 'Amazon CloudFront', 'ClickOn', 'CloudFront', 'DAV', 'Ecwid Ecommerce Shopping Cart', 'GZIP Module', 'Google', 'Google Cloud DNS', 'Google Font API', 'Google Maps', 'Google My Business', 'Idaq', 'Instagram Follow Button', 'KVH', 'Nginx', 'PWA', 'SMC', 'Show.co', 'Tailwind CSS', 'Twitter Ads', 'UTF-8', 'Vimeo', 'YouTube']"
drinksonoma.com,Sonoma Springs Brewing Company,,ZAF,87,2295,2026-09-26T02:26:06.026240694Z,"['Alternate Protocol', 'Aruba', 'Ecwid Ecommerce Shopping Cart', 'Express', 'GZIP Module', 'Google Related Website Sites', 'Instagram Follow Button', 'Line2', 'Microdata for Google Shopping', 'Newsletter for Wordpress', 'QUIC', 'SiteW', 'Squarespace', 'UTF-8', 'WordPress SEO Structured Data Schema Plugin', 'Yelp Badge', 'eLand']"
sangfroidcider.com,"sangfroid distilling | artisanal distillery | Hyattsville, MD",,USA,77,88331,2026-09-26T02:01:59.44649835Z,"['Alternate Protocol', 'Amazon WAF Blocked', 'Apture Linking Platform', 'Cloudflare', 'Content Delivery Network', 'Ecwid Ecommerce Shopping Cart', 'Fastly', 'Fastly CDN', 'GZIP Module', 'Google My Business', 'Google Related Website Sites', 'Instagram Follow Button', 'Microdata for Google Shopping', 'NFOrce Internet', 'PWA', 'Perl', 'QUIC', 'SMC', 'Sentry', 'SiteW', 'Square', 'Twitter Ads', 'UTF-8', 'Vector Internet Services', 'Wix', 'Wix Media', 'eLand', 'mlcom']"
salikhovestates.com,Salikhov Estates,Salikhov Estates ,,77,126346,2026-09-26T00:58:16.331871213Z,"['123FormBuilder', 'AWS WAF Challenge', 'Alternate Protocol', 'Amazon WAF Blocked', 'Apture Linking Platform', 'Cloudflare', 'Content Delivery Network', 'DAV', 'DC74', 'Ecwid Ecommerce Shopping Cart', 'Express', 'Fastly', 'Fastly CDN', 'Fireblade', 'GZIP Module', 'Google Related Website Sites', 'Microdata for Google Shopping', 'NFOrce Internet', 'POWr', 'PWA', 'Perl', 'QUIC', 'SMC', 'Seflow Italy', 'Sentry', 'SiteW', 'Thank You', 'UTF-8', 'Vector Internet Services', 'WP Booking Calendar', 'Wix', 'Wix Media', 'eLand', 'mlcom']"
avivaoils.co.za,AVIVA OILS,,,50,847,2026-09-26T00:28:56.781673596Z,"['AWS WAF Challenge', 'Alternate Protocol', 'Amazon', 'Amazon CloudFront', 'CloudFront', 'ETranslate', 'Ecwid Ecommerce Shopping Cart', 'Express', 'GZIP Module', 'Google Cloud DNS', 'Google Maps', 'Google My Business', 'Google Related Website Sites', 'Nginx', 'PWA', 'Pexels', 'QUIC', 'SiteW', 'SiteWit', 'Tailwind CSS', 'UTF-8', 'Unsplash', 'YouTube', 'eLand']"
naturalsoaplab.com,HOME | Natural Soap Lab,HandMadeSoaps4Hope.Org,USA,87,175902,2026-09-26T00:16:28.739805612Z,"['501c3 Status Nonprofit', 'Alternate Protocol', 'Amazon WAF Blocked', 'Apture Linking Platform', 'Cloudflare', 'Content Delivery Network', 'Contento', 'CoolText', 'DAV', 'Ecwid Ecommerce Shopping Cart', 'Express', 'Fastly', 'Fastly CDN', 'Fireblade', 'FormSubmit', 'GZIP Module', 'Google Related Website Sites', 'Instagram Follow Button', 'K2F', 'KVH', 'Microdata for Google Shopping', 'NFOrce Internet', 'POWr', 'PWA', 'Perl', 'Pico CSS', 'QUIC', 'SMC', 'Seflow Italy', 'Sentry', 'SiteW', 'Sitelinks Search Box', 'Subversion', 'Tailwind CSS', 'Thank You', 'UTF-8', 'Vector Internet Services', 'WP Booking Calendar', 'Wix', 'Wix Media', 'eLand', 'mlcom']"
simplyreneesweets.com,Custom Cookies Near Me | Simply Renee Sweets | Greenbrier,Simply Renee Sweets,,77,113845,2026-09-26T00:07:16.806351533Z,"['Alternate Protocol', 'Amazon WAF Blocked', 'Apture Linking Platform', 'Cloudflare', 'Coming Soon Page', 'Content Delivery Network', 'CoolText', 'DAV', 'DC74', 'Ecwid Ecommerce Shopping Cart', 'Express', 'Fastly', 'Fastly CDN', 'GZIP Module', 'Google Related Website Sites', 'Instagram Follow Button', 'Microdata for Google Shopping', 'NFOrce Internet', 'On The Map', 'POWr', 'PWA', 'Perl', 'QUIC', 'SMC', 'Seflow Italy', 'Sentry', 'SiteW', 'Sitelinks Search Box', 'Thank You', 'UTF-8', 'Vector Internet Services', 'WP Booking Calendar', 'Wix', 'Wix Media', 'mlcom']"
ubuntucontributionism.org,Abundance & Prosperity for ALL | Ubuntu Planet,Ubuntu Planet,,77,158331,2026-09-25T23:58:25.099629075Z,"['Alternate Protocol', 'Amazon WAF Blocked', 'Amazon Widgets', 'Apture Linking Platform', 'Cloudflare', 'Content Delivery Network', 'Corporate Governance and Regulatory Compliance', 'DC74', 'Ecwid Ecommerce Shopping Cart', 'Express', 'Fastly', 'Fastly CDN', 'Financial Services Guide', 'GZIP Module', 'Google Related Website Sites', 'Instagram Follow Button', 'K2F', 'KVH', 'Microdata for Google Shopping', 'NFOrce Internet', 'On The Map', 'PWA', 'Perl', 'QUIC', 'SMC', 'Seflow Italy', 'Sentry', 'SiteW', 'Subversion', 'Twitter Ads', 'UTF-8', 'Ubuntu', 'Vector Internet Services', 'Wix', 'Wix Media', 'YouTube', 'mlcom']"
claviermus.com,CLAVIER | Official Website,Clavier,,77,95823,2026-09-25T23:54:22.010758895Z,"['Alternate Protocol', 'Amazon WAF Blocked', 'Amazon Widgets', 'Apture Linking Platform', 'Cloudflare', 'Content Delivery Network', 'DAV', 'DC74', 'Ecwid Ecommerce Shopping Cart', 'Express', 'Fastly', 'Fastly CDN', 'Financial Services Guide', 'GZIP Module', 'Google Adsense', 'Google Funding Choices', 'Google Matched Content', 'Google Related Website Sites', 'Google Reseller', 'Instagram Follow Button', 'Microdata for Google Shopping', 'NFOrce Internet', 'No-Q', 'POWr', 'PWA', 'Perl', 'QUIC', 'SMC', 'Seflow Italy', 'Sentry', 'SiteW', 'Sitelinks Search Box', 'Subversion', 'Telegram', 'Thank You', 'UTF-8', 'Vector Internet Services', 'Wix', 'Wix Media', 'YouTube', 'mlcom']"
epiceriedusiam.com,Épicerie fine en ligne en Thaïlande | L’Épicerie du Siam,,THA,87,90493,2026-09-25T23:42:10.018524146Z,"['Alternate Protocol', 'Amazon WAF Blocked', 'Apture Linking Platform', 'Cloudflare', 'Content Delivery Network', 'Ecwid Ecommerce Shopping Cart', 'Express', 'Fastly', 'Fastly CDN', 'GZIP Module', 'Google Related Website Sites', 'Microdata for Google Shopping', 'NFOrce Internet', 'POWr', 'PWA', 'Perl', 'QUIC', 'SMC', 'Seflow Italy', 'Sentry', 'SiteW', 'Thank You', 'UTF-8', 'Vector Internet Services', 'Wix', 'Wix Media', 'eLand', 'mlcom']"
canveadesign.com,home | Canvea Design,Canvea Design Coordination,,75,105086,2026-09-25T23:32:01.057538364Z,"['AWS WAF Challenge', 'Alternate Protocol', 'Amazon WAF Blocked', 'Apture Linking Platform', 'Cloudflare', 'Content Delivery Network', 'DAV', 'Ecwid Ecommerce Shopping Cart', 'Express', 'Fastly', 'Fastly CDN', 'GZIP Module', 'Microdata for Google Shopping', 'NFOrce Internet', 'POWr', 'PWA', 'Perl', 'QUIC', 'SMC', 'Seflow Italy', 'Sentry', 'SiteW', 'Sitelinks Search Box', 'Thank You', 'UTF-8', 'Vector Internet Services', 'WP Booking Calendar', 'Wix', 'Wix Media', 'eLand', 'mlcom']"
grandprix-camping.co.uk,Home - Silverstone Farm Campsite,Silverstone Farm Campsite,IND,87,4351,2026-09-25T23:01:11.264280634Z,"['Alternate Protocol', 'Amazon CloudFront', 'CloudFront', 'Content Delivery Network', 'Ecwid Ecommerce Shopping Cart', 'Elementor', 'EmbedPress', 'Fastly', 'GZIP Module', 'Google My Business', 'Hello Elementor', 'Microdata for Google Shopping', 'Nginx', 'PHP', 'Pico CSS', 'Theme In WP', 'UTF-8', 'WordPress', 'WordPress Multisite', 'jQuery', 'reCAPTCHA']"
womeninsales.club,Landing Page | SoS,SoS (formerly Society of Saleswomen),USA,65,110845,2026-09-25T23:01:11.231593636Z,"['AWS WAF Challenge', 'Alternate Protocol', 'Amazon WAF Blocked', 'Apture Linking Platform', 'Cloudflare', 'Coming Soon Page', 'Content Delivery Network', 'DAV', 'DC74', 'Ecwid Ecommerce Shopping Cart', 'Express', 'Fastly', 'Fastly CDN', 'GZIP Module', 'Google Related Website Sites', 'Instagram Follow Button', 'Microdata for Google Shopping', 'NFOrce Internet', 'POWr', 'PWA', 'Perl', 'QUIC', 'SMC', 'Seflow Italy', 'Sentry', 'SiteW', 'Sitelinks Search Box', 'Thank You', 'UTF-8', 'Vector Internet Services', 'WP Booking Calendar', 'Wix', 'Wix Media', 'eLand', 'mlcom']"
chappellmurals.com,HOME | Chappell Murals | Kentucky,Chappell Murals,,77,115493,2026-09-25T22:40:01.877364131Z,"['Alternate Protocol', 'Amazon WAF Blocked', 'Apture Linking Platform', 'Cloudflare', 'Content Delivery Network', 'Ecwid Ecommerce Shopping Cart', 'Express', 'Fastly', 'Fastly CDN', 'GZIP Module', 'Google Related Website Sites', 'K2F', 'Microdata for Google Shopping', 'NFOrce Internet', 'POWr', 'PWA', 'QUIC', 'SMC', 'Seflow Italy', 'Sentry', 'SiteW', 'Subversion', 'UTF-8', 'Vector Internet Services', 'Wix', 'Wix Media', 'mlcom']"
albaseerahacademy.org,Al Baseerah Academy – Excellence in Education and Moral Values,,GBR,65,19104,2026-09-25T22:40:01.874322796Z,"['501c3 Status Nonprofit', 'AWS WAF Challenge', 'Alternate Protocol', 'Amazon CloudFront', 'Apache', 'CloudFront', 'Cloudflare', 'Cloudflare CDN', 'Ecwid Ecommerce Shopping Cart', 'Elementor', 'EmbedPress', 'GZIP Module', 'Google', 'Google Analytics', 'Google Maps', 'Google My Business', 'Google Related Website Sites', 'Google Tag Manager', 'Instagram Follow Button', 'Jetpack', 'Site Kit', 'UTF-8', 'University or College', 'Woo Themes', 'WooCommerce', 'WooCommerce Checkout', 'WordPress', 'WordPress Multisite', 'YouTube', 'jQuery']"
montonesauceco.com,Montone Sauce & Co. | New Jersey,,NOR,87,91306,2026-09-25T22:40:01.859778136Z,"['Alternate Protocol', 'Amazon WAF Blocked', 'Apture Linking Platform', 'Cloudflare', 'Content Delivery Network', 'DAV', 'Ecwid Ecommerce Shopping Cart', 'Express', 'Fastly', 'Fastly CDN', 'GZIP Module', 'Google Related Website Sites', 'Heroku', 'Instagram Follow Button', 'Microdata for Google Shopping', 'NFOrce Internet', 'POWr', 'PWA', 'Perl', 'QUIC', 'SMC', 'Seflow Italy', 'Sentry', 'SiteW', 'Sitelinks Search Box', 'Thank You', 'UTF-8', 'Vector Internet Services', 'WP Booking Calendar', 'Wix', 'Wix Media', 'eLand', 'mlcom']"
delbarazari.com,Delbar Azari | Los Angeles Based Contemporary Artist,DelbarAzari.com,USA,77,120331,2026-09-25T22:40:01.854107346Z,"['Alternate Protocol', 'Amazon WAF Blocked', 'Apture Linking Platform', 'Content Delivery Network', 'DC74', 'Ecwid Ecommerce Shopping Cart', 'Express', 'Fastly', 'Fastly CDN', 'GZIP Module', 'Google Related Website Sites', 'Instagram Follow Button', 'K2F', 'Microdata for Google Shopping', 'NFOrce Internet', 'PWA', 'Perl', 'QUIC', 'SMC', 'Seflow Italy', 'Sentry', 'SiteW', 'Subversion', 'Thank You', 'UTF-8', 'Vector Internet Services', 'Wix', 'Wix Media', 'eLand', 'mlcom']"
mysticalmisfit.com,Intuitive Healer | Los Angeles | Becky Hernandez,Becky Hernandez / The Mystical Misfit ,,72,123626,2026-09-25T22:40:01.850399204Z,"['123FormBuilder', 'Adult Content', 'Alternate Protocol', 'Amazon WAF Blocked', 'Apture Linking Platform', 'Cloudflare', 'Content Delivery Network', 'DAV', 'Ecwid Ecommerce Shopping Cart', 'Express', 'Fastly', 'Fastly CDN', 'Fireblade', 'GZIP Module', 'Instagram Follow Button', 'Microdata for Google Shopping', 'NFOrce Internet', 'On The Map', 'POWr', 'PWA', 'Perl', 'QUIC', 'SMC', 'Seflow Italy', 'Sentry', 'SiteW', 'Thank You', 'UTF-8', 'Vector Internet Services', 'WP Booking Calendar', 'Wix', 'Wix Media', 'YouTube', 'mlcom']"
thestudiobydesign.com,"the Studio by design | art studio | Gainesville, GA",the Studio by design,,82,90644,2026-09-25T22:03:05.594449904Z,"['Alternate Protocol', 'Amazon WAF Blocked', 'Apture Linking Platform', 'Cloudflare', 'Content Delivery Network', 'DAV', 'Ecwid Ecommerce Shopping Cart', 'Express', 'Fastly', 'Fastly CDN', 'GZIP Module', 'Google Related Website Sites', 'Microdata for Google Shopping', 'NFOrce Internet', 'PWA', 'Perl', 'QUIC', 'SMC', 'Seflow Italy', 'Sentry', 'SiteW', 'Thank You', 'UTF-8', 'Vector Internet Services', 'WP Booking Calendar', 'Wix', 'Wix Media', 'eLand', 'mlcom']"
divayananda.com,Daily Routine Essentials from Ayurveda,,NLD,70,1317,2026-09-25T21:43:17.23122989Z,"['Alternate Protocol', 'Amazon CloudFront', 'Blossom Themes', 'CloudFront', 'Coming Soon Page', 'Content Delivery Network', 'Ecwid Ecommerce Shopping Cart', 'EmbedPress', 'Google Cloud DNS', 'Google Font API', 'Google My Business', 'IcoMoon', 'Instagram Follow Button', 'LiteSpeed', 'Microdata for Google Shopping', 'PHP', 'Polylang', 'Schema Plugin', 'Tailwind CSS', 'Theme In WP', 'Twitter Ads', 'UTF-8', 'WordPress', 'WordPress Multisite', 'YouTube', 'jQuery']"
lamerecycles.com,LaMere Cycles | Custom Carbon MTBs & eBikes in United States,LaMere Cycles,,77,105890,2026-09-25T21:28:04.6537742Z,"['Alternate Protocol', 'Amazon WAF Blocked', 'Apture Linking Platform', 'Cloudflare', 'Content Delivery Network', 'DAV', 'DC74', 'Ecwid Ecommerce Shopping Cart', 'Express', 'Fastly', 'Fastly CDN', 'GZIP Module', 'Google Conversion Tracking', 'Google Related Website Sites', 'Instagram Follow Button', 'Microdata for Google Shopping', 'NFOrce Internet', 'Onyx Internet', 'POWr', 'PWA', 'Perl', 'QUIC', 'SMC', 'Seflow Italy', 'Sentry', 'SiteW', 'Sitelinks Search Box', 'UTF-8', 'Unsplash', 'Vector Internet Services', 'WP Booking Calendar', 'Wix', 'Wix Media', 'YouTube', 'eLand', 'mlcom']"
vanconsumer.ca,Consumer Appliances & Home Services Ltd. | Sale and Repair Greater Vancouver,Consumer Appliances &amp; Home Services Ltd.,CAN,82,156184,2026-09-25T21:28:04.639010878Z,"['123FormBuilder', 'Adult Content', 'Alternate Protocol', 'Amazon WAF Blocked', 'Apture Linking Platform', 'Content Delivery Network', 'DAV', 'DC74', 'Ecwid Ecommerce Shopping Cart', 'Express', 'Fastly', 'Fastly CDN', 'Fireblade', 'GZIP Module', 'Google Related Website Sites', 'K2F', 'KVH', 'Microdata for Google Shopping', 'NFOrce Internet', 'PWA', 'Perl', 'QUIC', 'SMC', 'Seflow Italy', 'Sentry', 'SiteW', 'Subversion', 'Thank You', 'UTF-8', 'Vector Internet Services', 'WP Booking Calendar', 'Wix', 'Wix Media', 'eLand', 'mlcom']"
abundantjoyacres.com,Home | Abundant Joy Acres | Abbeville SC Farm | Certified SC Grown Chicken,Abundant Joy Acres,,72,90331,2026-09-25T20:50:23.014630364Z,"['Alternate Protocol', 'Amazon WAF Blocked', 'Apture Linking Platform', 'Cloudflare', 'Content Delivery Network', 'Ecwid Ecommerce Shopping Cart', 'Express', 'Fastly', 'Fastly CDN', 'GZIP Module', 'Google Related Website Sites', 'Instagram Follow Button', 'Microdata for Google Shopping', 'NFOrce Internet', 'PWA', 'QUIC', 'SMC', 'Seflow Italy', 'Sentry', 'SiteW', 'Thank You', 'UTF-8', 'Vector Internet Services', 'Wix', 'Wix Media', 'mlcom']"
kaitfoods.org,KAIT Foods Online Store,,,67,3747,2026-09-25T20:16:54.821534781Z,"['Alternate Protocol', 'Amazon', 'Amazon CloudFront', 'CloudFront', 'Ecwid Ecommerce Shopping Cart', 'GZIP Module', 'Google Analytics', 'Google Cloud DNS', 'Google Maps', 'Google Related Website Sites', 'Google Tag Manager', 'Instagram Follow Button', 'Nginx', 'PWA', 'Stripe', 'UTF-8', 'Unsplash', 'YouTube', 'eLand']"
brahmrishimission.com,Brahmrishi Mission | Brahmrishi Mission Samiti| Jabalpur,,,77,95493,2026-09-25T20:06:01.421653152Z,"['Alternate Protocol', 'Amazon WAF Blocked', 'Apture Linking Platform', 'Cloudflare', 'Content Delivery Network', 'DC74', 'Ecwid Ecommerce Shopping Cart', 'Express', 'Fastly', 'Fastly CDN', 'GZIP Module', 'Google Adsense', 'Google Funding Choices', 'Google Matched Content', 'Google Related Website Sites', 'Google Reseller', 'Microdata for Google Shopping', 'NFOrce Internet', 'Ntent', 'POWr', 'PWA', 'QUIC', 'SMC', 'Seflow Italy', 'Sentry', 'SiteW', 'Twitter Ads', 'UTF-8', 'University or College', 'Vector Internet Services', 'Wix', 'Wix Media', 'WordPress Related Posts', 'YouTube', 'eLand', 'mlcom']"
seymourdance.com,Dance Studio | North Vancouver | Seymour Dance,Ellis Performance Arts Inc,CAN,87,90902,2026-09-25T19:49:24.495711677Z,"['Alternate Protocol', 'Amazon WAF Blocked', 'Apture Linking Platform', 'Cloudflare', 'Commoninja', 'Content Delivery Network', 'DAV', 'Ecwid Ecommerce Shopping Cart', 'Express', 'Fastly', 'Fastly CDN', 'GZIP Module', 'Google Related Website Sites', 'Instagram Follow Button', 'Microdata for Google Shopping', 'NFOrce Internet', 'POWr', 'PWA', 'Perl', 'QUIC', 'SMC', 'Seflow Italy', 'Sentry', 'Share Link', 'SiteW', 'Thank You', 'UTF-8', 'Vector Internet Services', 'WP Booking Calendar', 'Wix', 'Wix Media', 'YouTube', 'eLand', 'mlcom']"
namissinfo.com,National American Miss State Pageant | Resource Center,National American Miss State Pageant,USA,82,147733,2026-09-25T19:31:21.189076607Z,"['123FormBuilder', 'Alternate Protocol', 'Amazon WAF Blocked', 'Apture Linking Platform', 'Cloudflare', 'Content Delivery Network', 'CoolText', 'Ecwid Ecommerce Shopping Cart', 'Ethy', 'Express', 'Fastly', 'Fastly CDN', 'Fireblade', 'GZIP Module', 'Google Related Website Sites', 'Heroku', 'Instagram Follow Button', 'Microdata for Google Shopping', 'NFOrce Internet', 'ON24', 'POWr', 'PWA', 'QUIC', 'SMC', 'Seflow Italy', 'Sentry', 'SiteW', 'UTF-8', 'University or College', 'Vector Internet Services', 'Wix', 'Wix Media', 'YouTube', 'eLand', 'mlcom']"
thetableministry.com,Homeless | The Table Ministry,,,72,95086,2026-09-25T19:24:50.165953615Z,"['501c3 Status Nonprofit', 'Alternate Protocol', 'Amazon WAF Blocked', 'Apture Linking Platform', 'Cloudflare', 'Content Delivery Network', 'CoolText', 'DAV', 'DC74', 'Ecwid Ecommerce Shopping Cart', 'Express', 'Fastly', 'Fastly CDN', 'GZIP Module', 'Microdata for Google Shopping', 'NFOrce Internet', 'POWr', 'PWA', 'PayPal Adaptive Payments', 'Perl', 'QUIC', 'SMC', 'Seflow Italy', 'Sentry', 'SiteW', 'UTF-8', 'Vector Internet Services', 'WP Booking Calendar', 'Wix', 'Wix Media', 'eLand', 'mlcom']"
encounterwc.com,HOME | EWC,,,55,36962,2026-09-25T19:15:46.695908627Z,"['Alternate Protocol', 'Amazon WAF Blocked', 'Apture Linking Platform', 'Cloudflare', 'Content Delivery Network', 'Ecwid Ecommerce Shopping Cart', 'Express', 'Fastly', 'Fastly CDN', 'GZIP Module', 'Instagram Follow Button', 'K2F', 'KVH', 'Microdata for Google Shopping', 'NFOrce Internet', 'POWr', 'PWA', 'Perl', 'QUIC', 'SMC', 'Seflow Italy', 'Sentry', 'SiteW', 'Subversion', 'Thank You', 'UTF-8', 'Vector Internet Services', 'Wix', 'Wix Media', 'eLand', 'mlcom']"
kimsphotozen.com,"PhotoZen: Photo Restoration | Georgetown, TX",PhotoZen,MYS,87,106346,2026-09-25T18:57:30.165720368Z,"['123FormBuilder', 'Alternate Protocol', 'Amazon WAF Blocked', 'Apture Linking Platform', 'Cloudflare', 'Content Delivery Network', 'DAV', 'Ecwid Ecommerce Shopping Cart', 'Express', 'Fastly', 'Fastly CDN', 'Fireblade', 'GZIP Module', 'Google Related Website Sites', 'Microdata for Google Shopping', 'NFOrce Internet', 'POWr', 'PWA', 'Perl', 'QUIC', 'SMC', 'Seflow Italy', 'Sentry', 'SiteW', 'Thank You', 'UTF-8', 'Vector Internet Services', 'WP Booking Calendar', 'Wix', 'Wix Media', 'Yelp Badge', 'eLand', 'mlcom']"
womenofwinc.com,Business Networking | Winchester Virginia | Womenofwinchester,,,67,91493,2026-09-25T18:50:14.742461372Z,"['Alternate Protocol', 'Amazon WAF Blocked', 'Apture Linking Platform', 'Cloudflare', 'Content Delivery Network', 'Ecwid Ecommerce Shopping Cart', 'Eventbrite', 'Express', 'Fastly', 'Fastly CDN', 'GZIP Module', 'Google Related Website Sites', 'Instagram Follow Button', 'Microdata for Google Shopping', 'NFOrce Internet', 'POWr', 'PWA', 'Perl', 'QUIC', 'SMC', 'Seflow Italy', 'Sentry', 'SiteW', 'UTF-8', 'Vector Internet Services', 'Wix', 'Wix Media', 'mlcom']"
decowin.org,DECOWIN TEXTILE | Korean Blinds Manufacturer,,PRK,87,256838,2026-09-25T18:50:14.738943242Z,"['123FormBuilder', 'Alternate Protocol', 'Amazon WAF Blocked', 'Apture Linking Platform', 'Cloudflare', 'Content Delivery Network', 'DAV', 'Ecwid Ecommerce Shopping Cart', 'Express', 'Fastly', 'Fastly CDN', 'Financial Services Guide', 'Fireblade', 'GZIP Module', 'Google Related Website Sites', 'Instagram Follow Button', 'LiveChat Monitoring', 'Microdata for Google Shopping', 'NFOrce Internet', 'POWr', 'PWA', 'Perl', 'QUIC', 'SMC', 'Salesforce Hosted', 'Seflow Italy', 'Sentry', 'SiteW', 'Sitelinks Search Box', 'Subversion', 'Thank You', 'UTF-8', 'Vector Internet Services', 'WP Booking Calendar', 'Wix', 'Wix Media', 'XiSearch', 'YouTube', 'eLand', 'mlcom']"
littlegogetters.com,Little Go Getters - Inspiring Enterprising Youth with Educational Books and Programs | Little Go Getters,Little Go Getters,GBR,87,103543,2026-09-25T18:38:50.69486195Z,"['Apture Linking Platform', 'Aruba', 'Contento', 'Ecwid Ecommerce Shopping Cart', 'Express', 'GZIP Module', 'Google Analytics', 'Google Tag Manager', 'IcoMoon', 'Line2', 'Magento Enterprise', 'Microdata for Google Shopping', 'NFOrce Internet', 'Newsletter for Wordpress', 'Pico CSS', 'QUIC', 'SiteW', 'Squarespace', 'UTF-8', 'WordPress SEO Structured Data Schema Plugin', 'eLand']"
thebeautyknwhow.com,Online Store,,USA,55,2847,2026-09-25T18:07:06.322382319Z,"['Alternate Protocol', 'Amazon', 'Amazon CloudFront', 'CloudFront', 'ETranslate', 'Ecwid Ecommerce Shopping Cart', 'GZIP Module', 'Google Cloud DNS', 'Google Maps', 'Google My Business', 'Instagram Follow Button', 'Nginx', 'PWA', 'RM Education', 'Stripe', 'Typeform', 'UTF-8', 'Unsplash', 'eLand']"
rasadhya.com,Rasadhya Farms – Fresh Vegetables & Fruits Direct from the Farm,,IND,77,205789,2026-09-25T18:07:06.312952719Z,"['Alternate Protocol', 'Amazon WAF Blocked', 'Apture Linking Platform', 'Aruba', 'Cloudflare', 'Content Delivery Network', 'Contento', 'Ecwid Ecommerce Shopping Cart', 'Express', 'Fastly', 'Fastly CDN', 'Fireblade', 'FormSubmit', 'GZIP Module', 'GitHub Hosting', 'Google Analytics', 'Google Related Website Sites', 'Google Tag Manager', 'Instagram Follow Button', 'K2F', 'KVH', 'Microdata for Google Shopping', 'NFOrce Internet', 'POWr', 'PWA', 'Pico CSS', 'QUIC', 'SMC', 'Seflow Italy', 'Sentry', 'SiteW', 'Subversion', 'Thank You', 'The Fresh', 'UTF-8', 'Vector Internet Services', 'Wix', 'Wix Media', 'eLand', 'mlcom']"
roatansunsplashtours.com,Excursions Roatan | Roatan Boat Charters | Roatan Tours,Roatan Sun Splash Tours,,77,319783,2026-09-25T17:05:28.777209211Z,"['123FormBuilder', 'Adult Content', 'Alternate Protocol', 'Amazon WAF Blocked', 'Apture Linking Platform', 'Better Lead Generation Services', 'Cloudflare', 'Content Delivery Network', 'Ecwid Ecommerce Shopping Cart', 'Express', 'Fastly', 'Fastly CDN', 'Fireblade', 'Formilla', 'GZIP Module', 'Google My Business', 'Google Related Website Sites', 'K2F', 'KVH', 'LiveChat Monitoring', 'Microdata for Google Shopping', 'NFOrce Internet', 'On The Map', 'PWA', 'QUIC', 'SMC', 'Salesforce Hosted', 'Seflow Italy', 'Sentry', 'SiteW', 'Subversion', 'Twitter Ads', 'UTF-8', 'Vector Internet Services', 'Wix', 'Wix Media', 'YouTube', 'mlcom']"
billiano.com,Billiano Inc – The Electronic Water Distribution Co,,USA,60,363,2026-09-25T17:00:39.576315899Z,"['3 Products', 'AWS WAF Challenge', 'Alternate Protocol', 'Amazon CloudFront', 'Apache', 'CloudFront', 'Cloudflare', 'Cloudflare CDN', 'Ecwid Ecommerce Shopping Cart', 'EmbedPress', 'FreeCSSTemplates', 'GZIP Module', 'Google', 'Google Cloud DNS', 'Google Font API', 'Google My Business', 'Instagram Follow Button', 'PHP', 'Simple Social Icons', 'Theme In WP', 'UTF-8', 'WordPress', 'WordPress Multisite', 'jQuery']"
suitandshoot.com,HOME | My Site,Klackshaw,USA,60,26896,2026-09-25T16:57:26.090450732Z,"['Alternate Protocol', 'Amazon WAF Blocked', 'Apture Linking Platform', 'Cloudflare', 'Content Delivery Network', 'Ecwid Ecommerce Shopping Cart', 'Express', 'Fastly', 'Fastly CDN', 'GZIP Module', 'Google Analytics', 'Google Tag Manager', 'Instagram Follow Button', 'Microdata for Google Shopping', 'NFOrce Internet', 'PWA', 'Perl', 'QUIC', 'SMC', 'Seflow Italy', 'Sentry', 'SiteW', 'Sitelinks Search Box', 'Thank You', 'UTF-8', 'Vector Internet Services', 'Wix', 'Wix Media', 'YouTube', 'mlcom']"
codegreenhealth.com,Michelle Ferrin NP/ Code Green Healthcare | Medical Card,Code Green Healthcare,USA,87,124592,2026-09-25T16:39:28.475195241Z,"['AWS WAF Challenge', 'Alternate Protocol', 'Amazon WAF Blocked', 'Apture Linking Platform', 'Cloudflare', 'Content Delivery Network', 'DAV', 'Ecwid Ecommerce Shopping Cart', 'Express', 'Fastly', 'Fastly CDN', 'GZIP Module', 'Google My Business', 'Google Related Website Sites', 'Instagram Follow Button', 'Microdata for Google Shopping', 'NFOrce Internet', 'On The Map', 'PWA', 'Perl', 'QUIC', 'SMC', 'Seflow Italy', 'Sentry', 'Shopify', 'Shopify Collabs', 'SiteW', 'Thank You', 'UTF-8', 'University or College', 'Vector Internet Services', 'WP Booking Calendar', 'Wix', 'Wix Media', 'eLand', 'mlcom']"
brokenarrowbeads.ca,Broken Arrow Beads,,CAN,72,13727,2026-09-25T16:09:53.749169431Z,"['Alternate Protocol', 'Amazon', 'Amazon CloudFront', 'Apture Linking Platform', 'CloudFront', 'ETranslate', 'Ecwid Ecommerce Shopping Cart', 'GZIP Module', 'Google Cloud DNS', 'Google Maps', 'Google My Business', 'Nginx', 'PWA', 'RM Education', 'Share Link', 'Stripe', 'Tailwind CSS', 'Typeform', 'UTF-8', 'Unsplash', 'eLand']"
tamaracsocceracademy.com,Soccer Academy kids | Coral Springs Soccer Academy | United States,,ZAF,87,121994,2026-09-25T16:09:53.726565316Z,"['AWS WAF Challenge', 'Alternate Protocol', 'Amazon WAF Blocked', 'Apture Linking Platform', 'Cloudflare', 'Content Delivery Network', 'DAV', 'Ecwid Ecommerce Shopping Cart', 'Express', 'Fastly', 'Fastly CDN', 'Fireblade', 'GZIP Module', 'Google Related Website Sites', 'Instagram Follow Button', 'Microdata for Google Shopping', 'NFOrce Internet', 'POWr', 'PWA', 'Perl', 'QUIC', 'SMC', 'Seflow Italy', 'Sentry', 'SiteW', 'Social Intents', 'Thank You', 'UTF-8', 'University or College', 'Vector Internet Services', 'WP Booking Calendar', 'Wix', 'Wix Media', 'YouTube', 'eLand', 'mlcom']"
arlingtonschoolofdance.com,Home | Arlington Dance,,,55,26956,2026-09-25T16:00:16.453354329Z,"['Alternate Protocol', 'Amazon WAF Blocked', 'Apture Linking Platform', 'Cloudflare', 'Content Delivery Network', 'Ecwid Ecommerce Shopping Cart', 'Express', 'Fastly', 'Fastly CDN', 'GZIP Module', 'Heroku', 'Instagram Follow Button', 'Microdata for Google Shopping', 'NFOrce Internet', 'PWA', 'QUIC', 'SMC', 'Seflow Italy', 'Sentry', 'SiteW', 'UTF-8', 'Vector Internet Services', 'Wix', 'Wix Media', 'mlcom']"
thefavelafoundation.org,The Favela Foundation | Home | Education for Rio's Favelas | London,,GBR,82,108644,2026-09-25T15:54:55.838866012Z,"['Alternate Protocol', 'Amazon WAF Blocked', 'Apture Linking Platform', 'Cloudflare', 'Content Delivery Network', 'DAV', 'Ecwid Ecommerce Shopping Cart', 'Express', 'Fastly', 'Fastly CDN', 'GZIP Module', 'Google Related Website Sites', 'Instagram Follow Button', 'Microdata for Google Shopping', 'NFOrce Internet', 'On The Map', 'PWA', 'Perl', 'QUIC', 'SMC', 'Seflow Italy', 'Sentry', 'SiteW', 'Thank You', 'Twitter Ads', 'UTF-8', 'Vector Internet Services', 'WP Booking Calendar', 'Wix', 'Wix Media', 'eLand', 'mlcom']"
realtacairsoftshop.com,realtacairsoft.com,,,55,10347,2026-09-25T15:54:55.833245817Z,"['Alternate Protocol', 'Amazon', 'Amazon CloudFront', 'CloudFront', 'ETranslate', 'Ecwid Ecommerce Shopping Cart', 'Fireblade', 'GZIP Module', 'Google Cloud DNS', 'Google Maps', 'Instagram Follow Button', 'Nginx', 'PWA', 'RM Education', 'Stripe', 'Typeform', 'UTF-8', 'Unsplash', 'YouTube', 'eLand']"
casapartners4.org,Be A Voice For A Child In Foster Care | CASA Partners 4NMKIDS | New Mexico,,USA,82,90493,2026-09-25T15:46:56.570350449Z,"['Alternate Protocol', 'Amazon WAF Blocked', 'Apture Linking Platform', 'Cloudflare', 'Content Delivery Network', 'Ecwid Ecommerce Shopping Cart', 'Express', 'Fastly', 'Fastly CDN', 'GZIP Module', 'Google Related Website Sites', 'Instagram Follow Button', 'Microdata for Google Shopping', 'NFOrce Internet', 'POWr', 'PWA', 'Perl', 'QUIC', 'SMC', 'Seflow Italy', 'Sentry', 'SiteW', 'Sitelinks Search Box', 'Thank You', 'UTF-8', 'Vector Internet Services', 'Wix', 'Wix Media', 'eLand', 'mlcom']"
davidiansfarm.com,"About Us | Davidian's Farm | Northborough, MA",,USA,82,98406,2026-09-25T15:37:28.436279111Z,"['Alternate Protocol', 'Amazon WAF Blocked', 'Apture Linking Platform', 'Cloudflare', 'Content Delivery Network', 'DAV', 'Ecwid Ecommerce Shopping Cart', 'Express', 'Fastly', 'Fastly CDN', 'GZIP Module', 'Google Related Website Sites', 'Instagram Follow Button', 'Microdata for Google Shopping', 'NFOrce Internet', 'POWr', 'PWA', 'Perl', 'QUIC', 'RM Education', 'SMC', 'Seflow Italy', 'Sentry', 'SiteW', 'Thank You', 'UTF-8', 'Vector Internet Services', 'WP Booking Calendar', 'Wix', 'Wix Media', 'eLand', 'mlcom']"
lincolncityfoundation.com,Lincoln City Foundation | Lincolnshire Charity | England,Lincoln City Foundation,,72,138806,2026-09-25T15:19:55.071561346Z,"['Alternate Protocol', 'Amazon WAF Blocked', 'Apture Linking Platform', 'Cloudflare', 'Content Delivery Network', 'DAV', 'DC74', 'Ecwid Ecommerce Shopping Cart', 'Express', 'Fastly', 'Fastly CDN', 'GZIP Module', 'Google Related Website Sites', 'Instagram Follow Button', 'K2F', 'Microdata for Google Shopping', 'NFOrce Internet', 'Ntent', 'On The Map', 'POWr', 'PWA', 'Perl', 'QUIC', 'SMC', 'Seflow Italy', 'Sentry', 'SiteW', 'Thank You', 'Twitter Ads', 'UTF-8', 'Vector Internet Services', 'WP Booking Calendar', 'Wix', 'Wix Media', 'WordPress Related Posts', 'YouTube', 'mlcom']"
allpointscampingnz.org,NZ Camping Club | AllPointsCampingClub,All Points Camping Club of NZ,,82,129846,2026-09-25T15:03:47.120129015Z,"['123FormBuilder', 'Amazon WAF Blocked', 'Apture Linking Platform', 'Cloudflare', 'Content Delivery Network', 'DAV', 'DC74', 'Ecwid Ecommerce Shopping Cart', 'Express', 'Fastly', 'Fastly CDN', 'Fireblade', 'GZIP Module', 'Google Related Website Sites', 'Heroku', 'Instagram Follow Button', 'Microdata for Google Shopping', 'NFOrce Internet', 'On The Map', 'POWr', 'PWA', 'Perl', 'QUIC', 'SMC', 'Seflow Italy', 'Sentry', 'SiteW', 'Thank You', 'UTF-8', 'Vector Internet Services', 'WP Booking Calendar', 'Wix', 'Wix Media', 'XiSearch', 'eLand', 'mlcom']"
coastalclimatecontrol.com,Coastal Climate Control,,SWE,72,93192,2026-09-25T14:46:04.322291718Z,"['Apache', 'DAV', 'Ecwid Ecommerce Shopping Cart', 'Facebook Login', 'Facebook Messenger Platform', 'Facebook Reseller', 'Font Awesome', 'GZIP Module', 'Gambling Content', 'Google Analytics', 'Google Cloud DNS', 'Google Font API', 'Google My Business', 'Google Related Website Sites', 'Google Tag Manager', 'Harbor', 'Iconz', 'Instagram API', 'Instagram Follow Button', 'Joomla!', 'KVH', 'NFOrce Internet', 'No-Q', 'PHP', 'QUIC', 'RokNavMenu', 'SMC', 'Subversion', 'Twitter Ads', 'UTF-8', 'YouTube', 'jQuery']"
richsweetsandtreats.com,Happiness is Homemade,,USA,65,24371,2026-09-25T14:38:15.860466955Z,"['Amazon', 'Amazon CloudFront', 'ClickOn', 'CloudFront', 'Ecwid Ecommerce Shopping Cart', 'Financial Services Guide', 'GZIP Module', 'Google Cloud DNS', 'Google Maps', 'Instagram Follow Button', 'KVH', 'Nginx', 'PWA', 'Show.co', 'Subversion', 'Tailwind CSS', 'Twitter Ads', 'UTF-8', 'Vimeo', 'YouTube']"
wheelreplicas.com,Wheel Replicas,Wheel Replicas,USA,67,57101,2026-09-25T14:36:17.582343735Z,"['Amazon', 'Amazon CloudFront', 'CloudFront', 'DAV', 'Ecwid Ecommerce Shopping Cart', 'GZIP Module', 'Google', 'Google Cloud DNS', 'Google Font API', 'Google Maps', 'Microdata for Google Shopping', 'Nginx', 'No-Q', 'PWA', 'SMC', 'Show.co', 'Subversion', 'Tailwind CSS', 'Twitter Ads', 'UTF-8', 'Vimeo', 'YouTube']"
sun-star.ca,General Contractor Toronto | Sunstar contracting – GTA Experts,Sunstar contracting ,USA,87,168644,2026-09-25T14:21:45.409573529Z,"['AWS WAF Challenge', 'Alternate Protocol', 'Amazon WAF Blocked', 'Apture Linking Platform', 'Cloudflare', 'Content Delivery Network', 'DAV', 'Ecwid Ecommerce Shopping Cart', 'Express', 'Fastly', 'Fastly CDN', 'GZIP Module', 'Google Related Website Sites', 'Instagram Follow Button', 'K2F', 'KVH', 'Microdata for Google Shopping', 'NFOrce Internet', 'On The Map', 'PWA', 'Perl', 'QUIC', 'SMC', 'Seflow Italy', 'Sentry', 'SiteW', 'Subversion', 'Thank You', 'UTF-8', 'Vector Internet Services', 'WP Booking Calendar', 'Wix', 'Wix Media', 'eLand', 'mlcom']"
prismamediaservices.com,Real Estate Photography & Videography Houston TX | Prisma Media Services,Prisma Media Services,USA,87,124102,2026-09-25T14:21:45.401261729Z,"['Alternate Protocol', 'Amazon WAF Blocked', 'Apture Linking Platform', 'Aruba', 'Cloudflare', 'Content Delivery Network', 'DAV', 'Ecwid Ecommerce Shopping Cart', 'Express', 'Fastly', 'Fastly CDN', 'Fireblade', 'FormSubmit', 'GZIP Module', 'Google Conversion Tracking', 'Google Related Website Sites', 'Instagram Follow Button', 'Microdata for Google Shopping', 'NFOrce Internet', 'On The Map', 'POWr', 'PWA', 'Perl', 'Pico CSS', 'QUIC', 'SMC', 'Seflow Italy', 'Sentry', 'SiteW', 'Subversion', 'UTF-8', 'Vector Internet Services', 'WP Booking Calendar', 'Wix', 'Wix Media', 'YouTube', 'eLand', 'mlcom']"
taylorfamilyfarmtn.com,"Non-GMO - Taylor Family Farm Pasture raised Beef, Pork, Poultry & Feeds",,,72,6406,2026-09-25T13:57:21.280744403Z,"['Alternate Protocol', 'Amazon CloudFront', 'Amazon WAF Blocked', 'CloudFront', 'Content Delivery Network', 'Ecwid Ecommerce Shopping Cart', 'EmbedPress', 'Google', 'Google Analytics', 'Google Cloud DNS', 'Google Customer Reviews', 'Google Font API', 'Google My Business', 'Google Tag Manager', 'Instagram Follow Button', 'Kinsta', 'Line2', 'LiteSpeed', 'Microdata for Google Shopping', 'PHP', 'QUIC', 'QUIC.cloud', 'Sitelinks Search Box', 'ThemeFusion', 'UTF-8', 'WordPress', 'WordPress Multisite', 'YouTube', 'reCAPTCHA']"
bluedogcycles.com,Bluedog Cycles | Bicycles Sales & Repairs | Viroqua,Bluedog Cycles,USA,75,111046,2026-09-25T13:41:36.882296208Z,"['123FormBuilder', 'Alternate Protocol', 'Amazon WAF Blocked', 'Apture Linking Platform', 'Cloudflare', 'Content Delivery Network', 'DC74', 'Ecwid Ecommerce Shopping Cart', 'Epic Form Builder', 'Express', 'Fastly', 'Fastly CDN', 'Fireblade', 'GZIP Module', 'Google Related Website Sites', 'Instagram Follow Button', 'Microdata for Google Shopping', 'NFOrce Internet', 'Ntent', 'POWr', 'PWA', 'Perl', 'QUIC', 'SMC', 'Seflow Italy', 'Sentry', 'SiteW', 'UTF-8', 'Vector Internet Services', 'Wix', 'Wix Media', 'WordPress Related Posts', 'eLand', 'mlcom']"
join-aim.org,Association for Independent Medicine | Independent Physician Association,,USA,72,91140,2026-09-25T13:33:31.181182005Z,"['Amazon', 'Amazon CloudFront', 'Amazon Route 53', 'CloudFront', 'Cloudflare', 'Cloudflare CDN', 'DoubleClick Bid Manager', 'Ecwid Ecommerce Shopping Cart', 'Fireblade', 'Font Awesome', 'Forethought', 'GZIP Module', 'GetResponse', 'Google', 'Google Analytics', 'Google Cloud DNS', 'Google Maps', 'Google My Business', 'Google Tag Manager', 'Instagram Follow Button', 'LinkedIn Insights', 'LinkedIn Pixel', 'Storyblocks', 'Twitter Ads', 'UTF-8', 'UserVoice', 'Wild Apricot', 'YouTube', 'Zendesk Embeddables', 'elevio', 'reCAPTCHA']"
yesigns.com,Yesigns Sign Shop In Kendall Miami Florida- For a,yesigns inc,USA,87,90331,2026-09-25T13:21:55.036840841Z,"['Alternate Protocol', 'Amazon WAF Blocked', 'Apture Linking Platform', 'Cloudflare', 'Content Delivery Network', 'Ecwid Ecommerce Shopping Cart', 'Express', 'Fastly', 'Fastly CDN', 'Financial Services Guide', 'GZIP Module', 'Google Related Website Sites', 'Instagram Follow Button', 'Microdata for Google Shopping', 'NFOrce Internet', 'PWA', 'QUIC', 'SMC', 'Seflow Italy', 'Sentry', 'SiteW', 'Thank You', 'UTF-8', 'Vector Internet Services', 'Wix', 'Wix Media', 'eLand', 'mlcom']"
cornerstonestorage.nz,Cornerstone Storage | Self Storage Kaikohe & Containers,,NZL,72,6306,2026-09-25T13:15:44.059304058Z,"['Alternate Protocol', 'Amazon', 'Amazon CloudFront', 'CloudFront', 'Cornerstone', 'ETranslate', 'Ecwid Ecommerce Shopping Cart', 'GZIP Module', 'Google Cloud DNS', 'Google Maps', 'Google My Business', 'Google Related Website Sites', 'Nginx', 'PWA', 'UTF-8', 'Unsplash', 'eLand']"
denisecassidywood.com,Denise Cassidy Wood Original Fine Art: Artist | Michigan,"DCW Fine Art, LLC",,82,108806,2026-09-25T13:15:44.056611742Z,"['Alternate Protocol', 'Amazon WAF Blocked', 'Apture Linking Platform', 'BunnyCDN General', 'Cloudflare', 'Content Delivery Network', 'DAV', 'Ecwid Ecommerce Shopping Cart', 'Express', 'Fastly', 'Fastly CDN', 'Fireblade', 'GZIP Module', 'Google Related Website Sites', 'Instagram Follow Button', 'Microdata for Google Shopping', 'Microsoft Azure', 'NFOrce Internet', 'POWr', 'PWA', 'Perl', 'QUIC', 'SMC', 'Seflow Italy', 'Sentry', 'SiteW', 'Thank You', 'UTF-8', 'Vector Internet Services', 'WP Booking Calendar', 'Wix', 'Wix Media', 'eLand', 'mlcom']"
kidsfanbasecamp.com,Kids Fanbase | Kids Soccer Classes,KidsFanbase,USA,87,137102,2026-09-25T13:15:44.056244999Z,"['Alternate Protocol', 'Amazon WAF Blocked', 'Apture Linking Platform', 'Basecamp', 'Camp', 'Cloudflare', 'Commoninja', 'Content Delivery Network', 'DAV', 'Ecwid Ecommerce Shopping Cart', 'Express', 'Fastly', 'Fastly CDN', 'GZIP Module', 'Google Related Website Sites', 'Instagram Follow Button', 'K2F', 'KVH', 'Microdata for Google Shopping', 'NFOrce Internet', 'POWr', 'PWA', 'Perl', 'QUIC', 'SMC', 'Seflow Italy', 'Sentry', 'SiteW', 'Subversion', 'Thank You', 'UTF-8', 'Vector Internet Services', 'WP Booking Calendar', 'Wix', 'Wix Media', 'eLand', 'mlcom']"
thehawaiispca.org,Animal Sanctuary And Charity | Hawaii Spca In Maili-waianae | Waianae,Hawaii SPCA in Maili-Waianae,,67,118944,2026-09-25T12:09:19.322672127Z,"['17hats', '501c3 Status Nonprofit', 'Amazon WAF Blocked', 'Apture Linking Platform', 'BLR', 'Cloudflare', 'Content Delivery Network', 'DAV', 'Ecwid Ecommerce Shopping Cart', 'Express', 'Fastly', 'Fastly CDN', 'GZIP Module', 'Google Maps', 'Google My Business', 'Google Related Website Sites', 'Instagram Follow Button', 'Microdata for Google Shopping', 'NFOrce Internet', 'On The Map', 'PWA', 'Perl', 'QUIC', 'SMC', 'Seflow Italy', 'Sentry', 'SiteW', 'Tumblr', 'Twitter Ads', 'UTF-8', 'Vector Internet Services', 'WP Booking Calendar', 'Wix', 'Wix Media', 'Zeffy', 'mlcom']"
becomechurch.com,Become Church,,,50,30696,2026-09-25T10:59:35.46707212Z,"['Adult Content', 'Amazon WAF Blocked', 'Apture Linking Platform', 'Content Delivery Network', 'Ecwid Ecommerce Shopping Cart', 'Express', 'GZIP Module', 'K2F', 'Microdata for Google Shopping', 'NFOrce Internet', 'PWA', 'Perl', 'QUIC', 'SMC', 'Seflow Italy', 'Sentry', 'SiteW', 'Subversion', 'Twitter Ads', 'UTF-8', 'Vector Internet Services', 'Wix', 'Wix Media', 'YouTube', 'mlcom']"
fsalaundry.com,"Full Steam Ahead Laundry Service | ironing service prices | Ferndale Close, Stokenchurch, High Wycombe, UK",Full Steam Ahead Laundry Services,GBR,82,115644,2026-09-25T10:49:03.145957636Z,"['Alternate Protocol', 'Amazon WAF Blocked', 'Apture Linking Platform', 'Cloudflare', 'Content Delivery Network', 'DAV', 'Ecwid Ecommerce Shopping Cart', 'Express', 'Fastly', 'Fastly CDN', 'GZIP Module', 'Google My Business', 'Google Related Website Sites', 'Instagram Follow Button', 'K2F', 'Microdata for Google Shopping', 'NFOrce Internet', 'PWA', 'Perl', 'QUIC', 'SMC', 'Seflow Italy', 'Sentry', 'SiteW', 'Subversion', 'Twitter Ads', 'UTF-8', 'Vector Internet Services', 'WP Booking Calendar', 'Wix', 'Wix Media', 'eLand', 'mlcom']"
fotodono.com,Nature Photography Art by Foto Dono | United States,Foto Dono,,77,108536,2026-09-25T10:39:45.495976625Z,"['AWS WAF Challenge', 'Alternate Protocol', 'Amazon WAF Blocked', 'Apture Linking Platform', 'Cloudflare', 'Content Delivery Network', 'DAV', 'Ecwid Ecommerce Shopping Cart', 'Express', 'Fastly', 'Fastly CDN', 'GZIP Module', 'Google Related Website Sites', 'Instagram Follow Button', 'Microdata for Google Shopping', 'Microsoft Azure', 'NFOrce Internet', 'No-Q', 'POWr', 'PWA', 'Perl', 'Pico CSS', 'QUIC', 'SMC', 'Seflow Italy', 'Sentry', 'SiteW', 'Thank You', 'Twitter Ads', 'UTF-8', 'Vector Internet Services', 'WP Booking Calendar', 'Wix', 'Wix Media', 'eLand', 'mlcom']"
sirintel.com,Internship | Sirintel | Davanagere,SIRINTEL TECHNOLOGIES PVT LTD,,82,153806,2026-09-25T10:08:54.18327751Z,"['Alternate Protocol', 'Amazon WAF Blocked', 'Apture Linking Platform', 'Cloudflare', 'Content Delivery Network', 'DAV', 'Ecwid Ecommerce Shopping Cart', 'Express', 'Fastly', 'Fastly CDN', 'GZIP Module', 'Google Customer Reviews', 'Google My Business', 'Google Related Website Sites', 'Instagram Follow Button', 'K2F', 'KVH', 'Microdata for Google Shopping', 'NFOrce Internet', 'On The Map', 'POWr', 'PWA', 'Perl', 'Python', 'QUIC', 'SMC', 'Seflow Italy', 'Sentry', 'SiteW', 'Subversion', 'Thank You', 'UTF-8', 'University or College', 'Vector Internet Services', 'WP Booking Calendar', 'Wix', 'Wix Media', 'YouTube', 'eLand', 'mlcom']"
fatcowstudio.com,Welcome | Fat Cow Studio,Fat Cow Studio,,55,519,2026-09-25T10:08:54.176122888Z,"['Alternate Protocol', 'Amazon CloudFront', 'CloudFront', 'Cloudflare', 'Cloudflare CDN', 'Constant Contact Wordpress Forms', 'Content Delivery Network', 'Divi', 'Ecwid Ecommerce Shopping Cart', 'Elegant Themes', 'EmbedPress', 'Google', 'Google Analytics', 'Google Cloud DNS', 'Google Font API', 'Google Tag Manager', 'Instagram Feed for WordPress', 'Instagram Follow Button', 'Microdata for Google Shopping', 'PHP', 'UTF-8', 'WP Rocket', 'WPForms', 'Woo Themes', 'WordPress', 'WordPress Multisite', 'jQuery']"
aldwincklescoffeehouse.co.uk,Coffee House | Aldwinckles Coffee House | Market Harborough England,Aldwinckles Coffee House,,87,140793,2026-09-25T09:57:55.042578061Z,"['Alternate Protocol', 'Amazon WAF Blocked', 'Apture Linking Platform', 'Cloudflare', 'Content Delivery Network', 'DAV', 'DC74', 'Ecwid Ecommerce Shopping Cart', 'Express', 'Fastly', 'Fastly CDN', 'GZIP Module', 'Google Related Website Sites', 'Harbor', 'Instagram Follow Button', 'K2F', 'KVH', 'Microdata for Google Shopping', 'NFOrce Internet', 'PWA', 'Perl', 'QUIC', 'SMC', 'Seflow Italy', 'Sentry', 'SiteW', 'Subversion', 'UTF-8', 'Vector Internet Services', 'WP Booking Calendar', 'Wix', 'Wix Media', 'WordPress SEO Structured Data Schema Plugin', 'eLand', 'mlcom']"
sustainbioceuticals.com,"SUSTAIN ™ | Wellness Dispensary | 207 West Washington Street, Charles Town, WV, USA",SUSTAIN ™,,77,103944,2026-09-25T09:50:39.377592818Z,"['AgeChecker.Net', 'Alternate Protocol', 'Amazon WAF Blocked', 'Apture Linking Platform', 'Content Delivery Network', 'DAV', 'DC74', 'Ecwid Ecommerce Shopping Cart', 'Express', 'Fastly', 'Fastly CDN', 'GZIP Module', 'Google Related Website Sites', 'Instagram Follow Button', 'Microdata for Google Shopping', 'NFOrce Internet', 'PWA', 'Perl', 'QUIC', 'RM Education', 'SMC', 'Seflow Italy', 'Sentry', 'SiteW', 'Sitelinks Search Box', 'Thank You', 'Twitter Ads', 'UTF-8', 'Vector Internet Services', 'WP Booking Calendar', 'Wix', 'Wix Media', 'mlcom']"
visani.net,Restaurant | Visani-comedy-zone | Port Charlotte,Visani Entertainment Inc,USA,67,119364,2026-09-25T09:43:42.566581457Z,"['Alternate Protocol', 'Amazon WAF Blocked', 'Apture Linking Platform', 'Cloudflare', 'Content Delivery Network', 'DAV', 'Ecwid Ecommerce Shopping Cart', 'Express', 'Fastly', 'Fastly CDN', 'GZIP Module', 'Google Related Website Sites', 'K2F', 'Microdata for Google Shopping', 'NFOrce Internet', 'Ntent', 'PWA', 'Perl', 'QUIC', 'SMC', 'Seflow Italy', 'Sentry', 'SiteW', 'Subversion', 'Thank You', 'ThunderTix', 'Toast POS', 'Twitter Ads', 'UTF-8', 'Vector Internet Services', 'WP Booking Calendar', 'Wix', 'Wix Media', 'Yelp Badge', 'YouTube', 'mlcom']"
standoutpros.com,Orlando business consulting | Stand Out Consulting,,USA,67,112244,2026-09-25T09:33:40.444776298Z,"['Alternate Protocol', 'Amazon WAF Blocked', 'Apture Linking Platform', 'Cloudflare', 'Content Delivery Network', 'DAV', 'Ecwid Ecommerce Shopping Cart', 'Express', 'Fastly', 'Fastly CDN', 'GZIP Module', 'Google Related Website Sites', 'Homes.com CMS', 'Instagram Follow Button', 'Microdata for Google Shopping', 'NFOrce Internet', 'On The Map', 'PWA', 'Perl', 'QUIC', 'SMC', 'Seflow Italy', 'Sentry', 'SiteW', 'Thank You', 'Twitter Ads', 'UTF-8', 'Vector Internet Services', 'WP Booking Calendar', 'Wix', 'Wix Media', 'YouTube', 'mlcom']"
disciplineskatestore.com,Discipline Skatestore - It all starts with Discipline | Online Skateshop,Discipline Skatestore,,72,95532,2026-09-25T09:29:57.130099929Z,"['Alternate Protocol', 'Amazon WAF Blocked', 'Apture Linking Platform', 'Cloudflare', 'Coming Soon Page', 'Content Delivery Network', 'DC74', 'Ecwid Ecommerce Shopping Cart', 'Express', 'Fastly', 'Fastly CDN', 'GZIP Module', 'Google Customer Reviews', 'Google Related Website Sites', 'Instagram Follow Button', 'Microdata for Google Shopping', 'NFOrce Internet', 'POWr', 'PWA', 'QUIC', 'SMC', 'Seflow Italy', 'Sentry', 'SiteW', 'Sitelinks Search Box', 'Subversion', 'Thank You', 'UTF-8', 'Vector Internet Services', 'Wix', 'Wix Media', 'YouTube', 'mlcom']"
globalxploration.com,About Us | Global Xploration,Global Xploration,USA,77,170806,2026-09-25T08:39:27.405677069Z,"['AWS WAF Challenge', 'Alternate Protocol', 'Amazon WAF Blocked', 'Apture Linking Platform', 'Cloudflare', 'Content Delivery Network', 'DAV', 'Ecwid Ecommerce Shopping Cart', 'Express', 'Fastly', 'Fastly CDN', 'GZIP Module', 'Google Related Website Sites', 'HMDG', 'K2F', 'KVH', 'Microdata for Google Shopping', 'NFOrce Internet', 'POWr', 'PWA', 'Perl', 'QUIC', 'SMC', 'Seflow Italy', 'Sentry', 'SiteW', 'Subversion', 'Thank You', 'UTF-8', 'Vector Internet Services', 'WP Booking Calendar', 'Wix', 'Wix Media', 'mlcom']"
thesassysubber.com,Online Store,,,55,683,2026-09-25T08:39:27.375407361Z,"['Alternate Protocol', 'Amazon', 'Amazon CloudFront', 'CloudFront', 'ETranslate', 'Ecwid Ecommerce Shopping Cart', 'GZIP Module', 'Google Cloud DNS', 'Google Maps', 'Google My Business', 'Instagram Follow Button', 'Nginx', 'PWA', 'Stripe', 'UTF-8', 'Umbler', 'Unsplash', 'YouTube', 'eLand']"
shopinwrapments.com,Home | InWrapments Gift Boutique,InWrapments Gift Boutique,,60,26985,2026-09-25T08:39:27.371723511Z,"['Alternate Protocol', 'Amazon WAF Blocked', 'Apture Linking Platform', 'Cloudflare', 'Content Delivery Network', 'DAV', 'Ecwid Ecommerce Shopping Cart', 'Express', 'Fastly', 'Fastly CDN', 'GZIP Module', 'Instagram Follow Button', 'Microdata for Google Shopping', 'NFOrce Internet', 'PWA', 'Perl', 'QUIC', 'SMC', 'Seflow Italy', 'Sentry', 'SiteW', 'Twitter Ads', 'UTF-8', 'Vector Internet Services', 'WP Booking Calendar', 'Wix', 'Wix Media', 'mlcom']"
ihoopnationllc.com,Home | ihoopnationllc,,,40,28951,2026-09-25T08:10:42.958246895Z,"['Alternate Protocol', 'Amazon WAF Blocked', 'Apture Linking Platform', 'Content Delivery Network', 'DAV', 'Ecwid Ecommerce Shopping Cart', 'Express', 'Fastly', 'Fastly CDN', 'GZIP Module', 'Instagram Follow Button', 'Microdata for Google Shopping', 'NFOrce Internet', 'POWr', 'PWA', 'Perl', 'QUIC', 'RM Education', 'SMC', 'Seflow Italy', 'Sentry', 'SiteW', 'UTF-8', 'University or College', 'Vector Internet Services', 'WP Booking Calendar', 'Wix', 'Wix Media', 'mlcom']"
fostingsalpacas.co.uk,Alpaca Breeder in Wales,Fostings Alpacas ,GBR,77,102806,2026-09-25T08:06:21.744017068Z,"['Alternate Protocol', 'Amazon WAF Blocked', 'Apture Linking Platform', 'Cloudflare', 'Content Delivery Network', 'DAV', 'DC74', 'Ecwid Ecommerce Shopping Cart', 'Express', 'Fastly', 'Fastly CDN', 'GZIP Module', 'Google My Business', 'Google Related Website Sites', 'Instagram Follow Button', 'Microdata for Google Shopping', 'NFOrce Internet', 'POWr', 'PWA', 'Perl', 'Prospective', 'QUIC', 'SMC', 'Seflow Italy', 'Sentry', 'SiteW', 'Thank You', 'UTF-8', 'Vector Internet Services', 'WP Booking Calendar', 'Wix', 'Wix Media', 'mlcom']"
harveyssweetshoppe.com,"Custom Cake Orders | Harvey's Sweet Shoppe | Butler, PA",,,82,125644,2026-09-25T07:55:34.913569268Z,"['Alternate Protocol', 'Amazon WAF Blocked', 'Apture Linking Platform', 'Cloudflare', 'Content Delivery Network', 'DAV', 'DC74', 'Ecwid Ecommerce Shopping Cart', 'Express', 'Fastly', 'Fastly CDN', 'GZIP Module', 'Google Related Website Sites', 'Instagram Follow Button', 'Microdata for Google Shopping', 'NFOrce Internet', 'PWA', 'Perl', 'QUIC', 'SMC', 'Seflow Italy', 'Sentry', 'SiteW', 'Thank You', 'The Fresh', 'UTF-8', 'Vector Internet Services', 'WP Booking Calendar', 'Wix', 'Wix Media', 'eLand', 'mlcom']"
dynamitebrazil.com.br,HOME | Dynamite,,BRA,65,129283,2026-09-25T07:47:21.972479277Z,"['AWS WAF Challenge', 'Alternate Protocol', 'Amazon', 'Amazon CloudFront', 'Amazon WAF Blocked', 'Apture Linking Platform', 'CloudFront', 'Cloudflare', 'Coming Soon Page', 'Content Delivery Network', 'DAV', 'Ecwid Ecommerce Shopping Cart', 'Express', 'Fastly', 'Fastly CDN', 'GZIP Module', 'Google Analytics', 'Google Conversion Tracking', 'Google Related Website Sites', 'Google Tag Manager', 'Instagram Follow Button', 'KVH', 'Microdata for Google Shopping', 'NFOrce Internet', 'PWA', 'Perl', 'QUIC', 'RD Station', 'SMC', 'Seflow Italy', 'Sentry', 'SiteW', 'Sitelinks Search Box', 'Thank You', 'UTF-8', 'Vector Internet Services', 'WP Booking Calendar', 'Wix', 'Wix Media', 'XiSearch', 'mlcom']"
raneesfoodsupplies.com,Ranee’s Food Supplies,Ranee’s Food Supplies,VCT,82,6771,2026-09-25T07:39:11.857155698Z,"['Amazon', 'Amazon CloudFront', 'CloudFront', 'Ecwid Ecommerce Shopping Cart', 'GZIP Module', 'Google', 'Google Cloud DNS', 'Google Font API', 'Google Maps', 'Google My Business', 'Instagram Follow Button', 'Microdata for Google Shopping', 'Nginx', 'PWA', 'QUIC', 'Show.co', 'Tailwind CSS', 'Twitter Ads', 'UTF-8', 'Vimeo', 'YouTube']"
montanaliquor.com,Montana Liquor,,USA,55,2847,2026-09-25T07:39:11.857248839Z,"['Alternate Protocol', 'Amazon', 'Amazon CloudFront', 'CloudFront', 'ETranslate', 'Ecwid Ecommerce Shopping Cart', 'GZIP Module', 'Google Cloud DNS', 'Google Maps', 'Google My Business', 'Nginx', 'PWA', 'RM Education', 'Stripe', 'Twitter Ads', 'Typeform', 'UTF-8', 'Unsplash', 'YouTube', 'eLand']"
runningcenters.com,Running | Southern California | Running Center,Running Center,,77,133236,2026-09-25T07:36:24.94980288Z,"['AWS WAF Challenge', 'Amazon WAF Blocked', 'Apture Linking Platform', 'Cloudflare', 'Constant Contact', 'Content Delivery Network', 'DAV', 'DC74', 'Ecwid Ecommerce Shopping Cart', 'Express', 'Facebook Conversion Tracking', 'Facebook Login', 'Facebook Messenger Platform', 'Facebook Pixel', 'Facebook Reseller', 'Facebook Tag API', 'Fastly', 'Fastly CDN', 'GZIP Module', 'Google', 'Google Analytics', 'Google Cloud CDN', 'Google Related Website Sites', 'Google Tag Manager', 'Microdata for Google Shopping', 'Microsoft Azure Blob Storage', 'NFOrce Internet', 'On The Map', 'POWr', 'PWA', 'Perl', 'QUIC', 'SMC', 'Seflow Italy', 'Sentry', 'SiteW', 'Tailwind CSS', 'Thank You', 'UTF-8', 'UserWay', 'Vector Internet Services', 'WP Booking Calendar', 'Wix', 'Wix Media', 'eLand', 'mlcom']"
kioskstores.com.au,Australia online store| Fashion | Travel goods|Le bon shoppe | Bongusta | Acme cups| Apartamento| L.F Markey| La Paz menswear,KIOSK STORES PTY LIMITED,GBR,77,115570,2026-09-25T07:24:37.130856729Z,"['Alternate Protocol', 'Amazon WAF Blocked', 'Apture Linking Platform', 'Cloudflare', 'Coming Soon Page', 'Content Delivery Network', 'DC74', 'Ecwid Ecommerce Shopping Cart', 'Express', 'Fastly', 'Fastly CDN', 'GZIP Module', 'Google Related Website Sites', 'Instagram Follow Button', 'KVH', 'Microdata for Google Shopping', 'NFOrce Internet', 'PWA', 'Perl', 'QUIC', 'SMC', 'Seflow Italy', 'Sentry', 'SiteW', 'Sitelinks Search Box', 'Thank You', 'UTF-8', 'Umbler', 'Vector Internet Services', 'Wix', 'Wix Media', 'mlcom']"
theunassailablemage.com,The Unassailable Mage,,,60,3313,2026-09-25T07:13:04.183976035Z,"['AWS WAF Challenge', 'Amazon', 'Amazon CloudFront', 'ClickOn', 'CloudFront', 'Ecwid Ecommerce Shopping Cart', 'Ethy', 'GZIP Module', 'Google', 'Google Cloud DNS', 'Google Font API', 'Google Maps', 'Google My Business', 'Instagram Follow Button', 'Nginx', 'Onyx Internet', 'PWA', 'Show.co', 'Tailwind CSS', 'Twitter Ads', 'UTF-8', 'Vimeo', 'YouTube']"
thefeelingofgreatness.com,The Feeling of Greatness: The Legend of Moe Norman,,USA,67,90331,2026-09-25T07:04:54.242970823Z,"['Alternate Protocol', 'Amazon WAF Blocked', 'Apture Linking Platform', 'Cloudflare', 'Content Delivery Network', 'DAV', 'Ecwid Ecommerce Shopping Cart', 'Express', 'Fastly', 'Fastly CDN', 'Financial Services Guide', 'GZIP Module', 'Google Related Website Sites', 'Microdata for Google Shopping', 'NFOrce Internet', 'PWA', 'QUIC', 'SMC', 'Seflow Italy', 'Sentry', 'SiteW', 'Subversion', 'Thank You', 'UTF-8', 'Vector Internet Services', 'Wix', 'Wix Media', 'WordPress Related Posts', 'YouTube', 'mlcom']"
writingbydesignk8.com,Writing by Design© | K-8 Common Core Writing Program & Assessments,,,67,141579,2026-09-25T06:41:49.707336579Z,"['Alternate Protocol', 'Amazon WAF Blocked', 'Apture Linking Platform', 'Cloudflare', 'Content Delivery Network', 'DC74', 'Ecwid Ecommerce Shopping Cart', 'Express', 'Fastly', 'Fastly CDN', 'Formilla', 'GZIP Module', 'Google Analytics', 'Google Related Website Sites', 'Google Tag Manager', 'K2F', 'KVH', 'Microdata for Google Shopping', 'NFOrce Internet', 'PWA', 'QUIC', 'SMC', 'Seflow Italy', 'Sentry', 'SiteW', 'Subversion', 'Thank You', 'UTF-8', 'University or College', 'Vector Internet Services', 'Vimeo', 'Wix', 'Wix Media', 'iPlayerHD', 'mlcom']"
noblesoccer.in,Buy Football Jerseys in India | Noble Soccer Store - Premium Quality,,GBR,77,146684,2026-09-25T06:17:56.148785064Z,"['123FormBuilder', 'AWS WAF Challenge', 'Alternate Protocol', 'Amazon WAF Blocked', 'Apture Linking Platform', 'Cloudflare', 'Content Delivery Network', 'DAV', 'DC74', 'Ecwid Ecommerce Shopping Cart', 'Express', 'Fastly', 'Fastly CDN', 'Financial Services Guide', 'Fireblade', 'GZIP Module', 'Google Related Website Sites', 'Heroku', 'Instagram Follow Button', 'KVH', 'Microdata for Google Shopping', 'NFOrce Internet', 'PWA', 'Perl', 'QUIC', 'SMC', 'Seflow Italy', 'Sentry', 'SiteW', 'Sitelinks Search Box', 'Thank You', 'Twitter Ads', 'UTF-8', 'Vector Internet Services', 'WP Booking Calendar', 'Wix', 'Wix Media', 'XiSearch', 'mlcom']"
heroicathleticclub.com,Heroic Athletic Club | Athletic & Business Club,Heroic Athletic Club,USA,75,77043,2026-09-25T06:06:50.187615821Z,"['Aruba', 'Ecwid Ecommerce Shopping Cart', 'Express', 'GZIP Module', 'Google Analytics', 'Google Tag Manager', 'IcoMoon', 'Instagram Follow Button', 'Line2', 'Magento Enterprise', 'Microdata for Google Shopping', 'Newsletter for Wordpress', 'Pico CSS', 'QUIC', 'SiteW', 'Squarespace', 'UTF-8', 'WordPress SEO Structured Data Schema Plugin', 'eLand']"
clcworks.org,"CLC Works | Workforce Development | Columbus, OH",Columbus Literacy Council,USA,87,91306,2026-09-25T05:59:14.49047739Z,"['Alternate Protocol', 'Amazon WAF Blocked', 'Apture Linking Platform', 'Cloudflare', 'Content Delivery Network', 'DAV', 'Ecwid Ecommerce Shopping Cart', 'Express', 'Fastly', 'Fastly CDN', 'GZIP Module', 'Google Related Website Sites', 'Heroku', 'InitiativeS', 'Instagram Follow Button', 'Microdata for Google Shopping', 'NFOrce Internet', 'Neighborhoods', 'POWr', 'PWA', 'Perl', 'QUIC', 'SMC', 'Seflow Italy', 'Sentry', 'SiteW', 'UTF-8', 'Vector Internet Services', 'WP Booking Calendar', 'Wix', 'Wix Media', 'YouTube', 'eLand', 'mlcom']"
tjsfurniture.co.nz,Bradsta Enterprises Ltd T/A: TJs Furniture Online,,NZL,70,7227,2026-09-25T05:37:06.178239306Z,"['3 Products', 'Alternate Protocol', 'Amazon', 'Amazon CloudFront', 'ByteDance', 'CloudFront', 'ETranslate', 'Ecwid Ecommerce Shopping Cart', 'Express', 'GZIP Module', 'Google Cloud DNS', 'Google Maps', 'Google My Business', 'Instagram Follow Button', 'NFOrce Internet', 'Nginx', 'PWA', 'TikTok Conversion Tracking Pixel', 'Twitter Ads', 'UTF-8', 'Unsplash', 'eLand']"
925socks.com,925Socks | Sports Socks,925Socks,,87,90635,2026-09-25T05:30:07.409719476Z,"['Alternate Protocol', 'Amazon WAF Blocked', 'Apture Linking Platform', 'Content Delivery Network', 'Ecwid Ecommerce Shopping Cart', 'Express', 'Fastly', 'Fastly CDN', 'GZIP Module', 'Google Related Website Sites', 'Microdata for Google Shopping', 'NFOrce Internet', 'POWr', 'PWA', 'QUIC', 'SMC', 'Seflow Italy', 'Sentry', 'SiteW', 'Sitelinks Search Box', 'Thank You', 'UTF-8', 'Vector Internet Services', 'WP Advanced Ads', 'Wix', 'Wix Media', 'eLand', 'mlcom']"
fityogifitness.com,Home | Agape' Fit Yogi /Personal Training/ Nutrition Coaching/Bootcamps/Modesto,Transformation Fitnese,USA,82,150644,2026-09-25T05:11:54.710640535Z,"['AWS WAF Challenge', 'Alternate Protocol', 'Amazon WAF Blocked', 'Apture Linking Platform', 'Cloudflare', 'Content Delivery Network', 'DAV', 'Ecwid Ecommerce Shopping Cart', 'Express', 'Fastly', 'Fastly CDN', 'GZIP Module', 'Google Related Website Sites', 'Instagram Follow Button', 'K2F', 'KVH', 'Microdata for Google Shopping', 'NFOrce Internet', 'PWA', 'Perl', 'QUIC', 'SMC', 'Seflow Italy', 'Sentry', 'SiteW', 'Subversion', 'Thank You', 'UTF-8', 'Vector Internet Services', 'WP Booking Calendar', 'Wix', 'Wix Media', 'eLand', 'mlcom']"
804stickyprints.com,"804 Sticky Prints | Custom Apparel | 1811 Huguenot Road, Midlothian, VA, USA",804 Sticky Prints,,77,89611,2026-09-25T04:48:43.564923883Z,"['Alternate Protocol', 'Amazon WAF Blocked', 'Apture Linking Platform', 'Cloudflare', 'Content Delivery Network', 'Ecwid Ecommerce Shopping Cart', 'Express', 'Fastly', 'Fastly CDN', 'GZIP Module', 'Instagram Follow Button', 'Microdata for Google Shopping', 'NFOrce Internet', 'PWA', 'QUIC', 'SMC', 'Seflow Italy', 'Sentry', 'SiteW', 'Thank You', 'UTF-8', 'Vector Internet Services', 'Wix', 'Wix Media', 'eLand', 'mlcom']"
marmodesign-trade.net,Marble Egypt | Egyptian Marble & Granite Supplier | Premium Stone Factory & Supplier,"Marble Egypt - Marble &amp; Granite, Limestone Supplier | Marmo Design",EGY,77,353977,2026-09-25T04:43:20.082350688Z,"['123FormBuilder', 'Alternate Protocol', 'Amazon WAF Blocked', 'Apture Linking Platform', 'Better Lead Generation Services', 'Brevo', 'Cloudflare', 'Content Delivery Network', 'Contento', 'DC74', 'Ecwid Ecommerce Shopping Cart', 'Express', 'Fastly', 'Fastly CDN', 'Fireblade', 'FormSubmit', 'GZIP Module', 'Google Analytics', 'Google Conversion Tracking', 'Google Related Website Sites', 'Google Tag Manager', 'Instagram Follow Button', 'JivoSite', 'K2F', 'KVH', 'LiveChat Monitoring', 'Microdata for Google Shopping', 'NFOrce Internet', 'On The Map', 'POWr', 'PWA', 'Perl', 'Pico CSS', 'QUIC', 'SMC', 'Salesforce Hosted', 'Seflow Italy', 'Sentry', 'SiteW', 'Social Intents', 'Subversion', 'Thank You', 'Twitter Ads', 'UTF-8', 'Vector Internet Services', 'Wix', 'Wix Media', 'Yandex Hosting', 'YouTube', 'mlcom']"
socialactionhub.com,"The Social Action Hub | Charity | Rainworth Youth & Community Centre, Kirklington Road, Rainworth, Mansfield, UK",,GBR,87,147699,2026-09-25T04:38:36.410049814Z,"['123FormBuilder', 'AWS WAF Challenge', 'Alternate Protocol', 'Amazon', 'Amazon WAF Blocked', 'Apture Linking Platform', 'Cloudflare', 'Content Delivery Network', 'CoreUI', 'DAV', 'DC74', 'Daily Deals', 'Ecwid Ecommerce Shopping Cart', 'Express', 'Fastly', 'Fastly CDN', 'Fireblade', 'GZIP Module', 'Google Related Website Sites', 'Microdata for Google Shopping', 'NFOrce Internet', 'No-Q', 'On The Map', 'POWr', 'PWA', 'Parcel', 'PayPal Adaptive Payments', 'Perl', 'QUIC', 'SMC', 'Seflow Italy', 'Sentry', 'SiteW', 'Sitelinks Search Box', 'Slotti', 'Thank You', 'UTF-8', 'University or College', 'Vector Internet Services', 'WP Booking Calendar', 'Wix', 'Wix Media', 'eLand', 'mlcom']"
romanspizzahouse.com,"Romans Pizza House | take out delivery near me | Absecon, NJ, United States",,MYS,87,200599,2026-09-25T04:38:36.408098935Z,"['123FormBuilder', 'AJAX Libraries API', 'Alternate Protocol', 'Amazon WAF Blocked', 'Apture Linking Platform', 'Call to Visit', 'Cloudflare', 'Content Delivery Network', 'DAV', 'Ecwid Ecommerce Shopping Cart', 'Epic Form Builder', 'Express', 'Fastly', 'Fastly CDN', 'Fireblade', 'GZIP Module', 'Google Analytics', 'Google Cloud DNS', 'Google Customer Reviews', 'Google Related Website Sites', 'Google Tag Manager', 'Instagram Follow Button', 'K2F', 'KVH', 'Microdata for Google Shopping', 'NFOrce Internet', 'On The Map', 'POWr', 'PWA', 'Perl', 'QUIC', 'SMC', 'Seflow Italy', 'Sentry', 'SiteW', 'Subversion', 'Thank You', 'The Fresh', 'UTF-8', 'Vector Internet Services', 'WP Booking Calendar', 'WhatsApp Sharing', 'Wix', 'Wix Media', 'eLand', 'jQuery', 'mlcom']"
touchedbytainc.org,Touched By T&A inc,,USA,65,18027,2026-09-25T04:17:26.626659232Z,"['501c3 Status Nonprofit', 'AWS WAF Challenge', 'Alternate Protocol', 'Amazon', 'Amazon CloudFront', 'CloudFront', 'Ecwid Ecommerce Shopping Cart', 'GZIP Module', 'Google Cloud DNS', 'Google Maps', 'Google My Business', 'Instagram Follow Button', 'Nginx', 'PWA', 'QUIC', 'UTF-8', 'Unsplash', 'eLand']"
fitwellcollection.com,"Fit Well | Pregnancy, postnatal, mat and reformer Pilates, Croxley Green WD3 3EN",FitWell Collection,GBR,77,124080,2026-09-25T04:09:05.049933193Z,"['Alternate Protocol', 'Amazon WAF Blocked', 'Apture Linking Platform', 'BookWhen', 'Cloudflare', 'Content Delivery Network', 'DAV', 'Ecwid Ecommerce Shopping Cart', 'Express', 'Fastly', 'Fastly CDN', 'Fireblade', 'GZIP Module', 'Google Related Website Sites', 'Instagram Follow Button', 'Microdata for Google Shopping', 'NFOrce Internet', 'On The Map', 'POWr', 'PWA', 'Perl', 'QUIC', 'SMC', 'Seflow Italy', 'Sentry', 'SiteW', 'Thank You', 'UTF-8', 'Vector Internet Services', 'WP Booking Calendar', 'Wix', 'Wix Media', 'mlcom']"
elevatecoach.co.uk,Study Skills | Elevate Coaching UK,,GBR,72,122611,2026-09-25T03:42:02.35737665Z,"['Alternate Protocol', 'Amazon WAF Blocked', 'Apture Linking Platform', 'Cloudflare', 'Content Delivery Network', 'DAV', 'Ecwid Ecommerce Shopping Cart', 'Express', 'Fastly', 'Fastly CDN', 'Financial Services Guide', 'GZIP Module', 'Microdata for Google Shopping', 'NFOrce Internet', 'PWA', 'Pardot', 'QUIC', 'SMC', 'Seflow Italy', 'Sentry', 'SiteW', 'Subversion', 'Thank You', 'UTF-8', 'Vector Internet Services', 'Wix', 'Wix Media', 'YouTube', 'mlcom']"
power-holdings-inc.com,Power Holdings Inc,,USA,60,123,2026-09-25T03:25:43.058183701Z,"['Amazon', 'Amazon CloudFront', 'ClickOn', 'CloudFront', 'Ecwid Ecommerce Shopping Cart', 'Freshworks CRM', 'GZIP Module', 'Google', 'Google Cloud DNS', 'Google Font API', 'Google Maps', 'Instagram Follow Button', 'Nginx', 'PWA', 'Show.co', 'Tailwind CSS', 'Twitter Ads', 'UTF-8', 'Vimeo', 'YouTube']"
eyeforitorganizing.com,"Eye For It Organizing | Professional Organizer Near me | 16930 W Bristol Ln, Surprise, AZ, USA",Eye For It Organizing,,77,89803,2026-09-25T03:08:32.369516572Z,"['Alternate Protocol', 'Amazon WAF Blocked', 'Apture Linking Platform', 'Calendly', 'Cloudflare', 'Content Delivery Network', 'Ecwid Ecommerce Shopping Cart', 'Express', 'Fastly', 'Fastly CDN', 'GZIP Module', 'Instagram Follow Button', 'Microdata for Google Shopping', 'NFOrce Internet', 'PWA', 'QUIC', 'SMC', 'Seflow Italy', 'Sentry', 'SiteW', 'Sitelinks Search Box', 'Thank You', 'UTF-8', 'Vector Internet Services', 'Wix', 'Wix Media', 'mlcom']"
orbitpackagingltd.com,Home - Orbit Packaging Limited,Orbit Packaging,TTO,92,1564,2026-09-25T03:08:32.342882937Z,"['Adult Content', 'Alternate Protocol', 'Amazon CloudFront', 'Apture Linking Platform', 'CloudFront', 'Contact Form Plugin', 'Content Delivery Network', 'Ecwid Ecommerce Shopping Cart', 'EmbedPress', 'Font Awesome', 'Google Analytics', 'Google Cloud DNS', 'Google Font API', 'Google My Business', 'Google Tag Manager', 'IcoMoon', 'LiteSpeed', 'Microdata for Google Shopping', 'MonsterInsights', 'PHP', 'QUIC', 'Redux Framework', 'SiteOrigin', 'Sitelinks Search Box', 'Slider Revolution', 'The7', 'Theme In WP', 'Twitter Ads', 'UTF-8', 'Visual Composer Ultimate Addons', 'WPBakery', 'WordPress', 'WordPress Multisite', 'jQuery']"
bucurls.com,BU Curls,,USA,65,5527,2026-09-25T02:35:53.10986223Z,"['Alternate Protocol', 'Amazon', 'Amazon CloudFront', 'CloudFront', 'ETranslate', 'Ecwid Ecommerce Shopping Cart', 'GZIP Module', 'Google Cloud DNS', 'Google Maps', 'Google My Business', 'Instagram Follow Button', 'Nginx', 'PWA', 'Stripe', 'UTF-8', 'Unsplash', 'eLand']"
floridaspringscouncil.org,Home | Florida Springs Council,,USA,87,120493,2026-09-25T01:35:44.672493284Z,"['501c3 Status Nonprofit', 'AWS WAF Challenge', 'Alternate Protocol', 'Amazon WAF Blocked', 'Apture Linking Platform', 'Cloudflare', 'Content Delivery Network', 'DAV', 'Ecwid Ecommerce Shopping Cart', 'Express', 'Fastly', 'Fastly CDN', 'Fireblade', 'GZIP Module', 'Givebutter', 'Google Related Website Sites', 'Instagram Follow Button', 'Microdata for Google Shopping', 'NFOrce Internet', 'POWr', 'PWA', 'QUIC', 'SMC', 'Seflow Italy', 'Sentry', 'Share Link', 'SiteW', 'UTF-8', 'Vector Internet Services', 'Wix', 'Wix Media', 'eLand', 'mlcom']"
esdsystems.ro,ESD Floor Coatings - ESD Systems Romania,,ROU,72,28831,2026-09-25T01:22:58.848502616Z,"['ETranslate', 'Ecwid Ecommerce Shopping Cart', 'Ektron', 'Foundation', 'GTranslate', 'GetSiteControl', 'Google Cloud DNS', 'Google Font API', 'Google My Business', 'IcoMoon', 'Joomla!', 'LiteSpeed', 'RokNavMenu', 'Subversion', 'Tailwind CSS', 'Twitter Ads', 'UTF-8', 'jQuery']"
mizvanezza.com,WELCOME | mizvanezza,,,35,26962,2026-09-25T01:17:56.50011779Z,"['Adult Content', 'Alternate Protocol', 'Amazon WAF Blocked', 'Apture Linking Platform', 'Cloudflare', 'Content Delivery Network', 'Ecwid Ecommerce Shopping Cart', 'Express', 'Fastly', 'Fastly CDN', 'GZIP Module', 'Instagram Follow Button', 'Microdata for Google Shopping', 'NFOrce Internet', 'OnlyFans', 'POWr', 'PWA', 'Perl', 'QUIC', 'SMC', 'Seflow Italy', 'Sentry', 'SiteW', 'Thank You', 'Twitter Ads', 'UTF-8', 'Vector Internet Services', 'Wix', 'Wix Media', 'YouTube', 'mlcom']"
misfuelledcarfix.co.uk,24/7 Mobile Wrong Fuel Drain & AdBlue Removal | Misfuelled Car Fix,Misfuelled Car Fixer Group Ltd,GBR,77,135644,2026-09-25T01:03:56.74442267Z,"['Alternate Protocol', 'Amazon WAF Blocked', 'Apture Linking Platform', 'Cloudflare', 'Content Delivery Network', 'DAV', 'Ecwid Ecommerce Shopping Cart', 'Express', 'Fastly', 'Fastly CDN', 'GZIP Module', 'Google Analytics', 'Google Conversion Tracking', 'Google Customer Reviews', 'Google Related Website Sites', 'Google Tag Manager', 'K2F', 'KVH', 'Microdata for Google Shopping', 'NFOrce Internet', 'PWA', 'Perl', 'QUIC', 'SMC', 'Seflow Italy', 'Sentry', 'SiteW', 'Sitelinks Search Box', 'Subversion', 'Thank You', 'UTF-8', 'Vector Internet Services', 'WP Booking Calendar', 'Wix', 'Wix Media', 'mlcom']"
bookmerchant.com.au,Book Merchant Bookstore,,GBR,77,80527,2026-09-25T00:54:20.885316014Z,"['Alternate Protocol', 'Amazon', 'Amazon CloudFront', 'Cart.com', 'CloudFront', 'ETranslate', 'Ecwid Ecommerce Shopping Cart', 'Express', 'GZIP Module', 'Google Cloud DNS', 'Google Maps', 'Google My Business', 'Nginx', 'PWA', 'QUIC', 'UTF-8', 'Unsplash', 'eLand']"
restorativeink.com,Restorative Ink – Restorative Ink,,,55,358,2026-09-25T00:48:40.535634987Z,"['Alternate Protocol', 'Amazon CloudFront', 'Apache', 'Bulma', 'CloudFront', 'CoBlocks', 'Ecwid Ecommerce Shopping Cart', 'EmbedPress', 'Font Awesome', 'GiveWP', 'GoDaddy', 'Google Cloud DNS', 'Google Font API', 'Google My Business', 'IcoMoon', 'Nisarg', 'PHP', 'Theme In WP', 'UTF-8', 'Woo Themes', 'WordPress', 'WordPress Multisite', 'jQuery']"
justchefjasmine.com,Jasmine Stewart | 2017 MasterChef Junior Winner | Just Chef Jasmine,,,67,92413,2026-09-25T00:48:40.532751895Z,"['Amazon', 'Amazon WAF Blocked', 'Apture Linking Platform', 'Cloudflare', 'Content Delivery Network', 'Ecwid Ecommerce Shopping Cart', 'Express', 'Fastly', 'Fastly CDN', 'GZIP Module', 'Instagram Follow Button', 'Microdata for Google Shopping', 'NFOrce Internet', 'POWr', 'PWA', 'QUIC', 'SMC', 'Seflow Italy', 'Sentry', 'SiteW', 'Twitter Ads', 'UTF-8', 'Vector Internet Services', 'Vercel', 'Wix', 'Wix Media', 'eLand', 'mlcom']"
standanddeliver.com.au,Demetrius Romeo aka Dom,,,67,74303,2026-09-25T00:32:09.190747809Z,"['Amazon CloudFront', 'Aruba', 'Baidu Cloud', 'CDN JS', 'CloudFront', 'Cloudflare', 'Cloudflare CDN', 'DAV', 'Ecwid Ecommerce Shopping Cart', 'GZIP Module', 'Google Analytics', 'Microdata for Google Shopping', 'Onyx Internet', 'OpenResty', 'Perl', 'Python', 'UTF-8', 'University or College', 'Vignette OpenText', 'YouTube', 'eLand', 'jQuery', 'mlcom', 'reCAPTCHA']"
dstheatre.org,Home | DSTHEATRE.ORG,Dripping Springs Theatre Booster Club,ZAF,60,29096,2026-09-25T00:32:09.189649965Z,"['Alternate Protocol', 'Amazon WAF Blocked', 'Apture Linking Platform', 'Cloudflare', 'Content Delivery Network', 'Ecwid Ecommerce Shopping Cart', 'Express', 'Fastly', 'Fastly CDN', 'GZIP Module', 'Instagram Follow Button', 'Keller Williams Realty', 'Ludus', 'Microdata for Google Shopping', 'NFOrce Internet', 'PWA', 'QUIC', 'RM Education', 'SMC', 'Seflow Italy', 'Sentry', 'SiteW', 'Thank You', 'UTF-8', 'Vector Internet Services', 'Wix', 'Wix Media', 'mlcom']"
nourishwell.online,NourishWell,,USA,72,2304,2026-09-25T00:11:36.389337614Z,"['Adobe Creative Cloud WebFonts', 'Alternate Protocol', 'Aruba', 'Ecwid Ecommerce Shopping Cart', 'Express', 'GZIP Module', 'Instagram Follow Button', 'Line2', 'Microdata for Google Shopping', 'Practice Better', 'QUIC', 'Squarespace', 'UTF-8', 'University or College', 'WordPress SEO Structured Data Schema Plugin', 'eLand']"
kgagym.com,KY Gymnastics Academy,Kentucky Gymnastics Academy,USA,67,116712,2026-09-24T23:56:53.152145664Z,"['Amazon WAF Blocked', 'Apture Linking Platform', 'Cloudflare', 'Content Delivery Network', 'CoolText', 'DAV', 'Ecwid Ecommerce Shopping Cart', 'Express', 'Fastly', 'Fastly CDN', 'GZIP Module', 'Google Related Website Sites', 'Instagram Follow Button', 'K2F', 'Kudobuzz', 'Microdata for Google Shopping', 'NFOrce Internet', 'PWA', 'Perl', 'QUIC', 'SMC', 'Seflow Italy', 'Sentry', 'SiteW', 'Subversion', 'Thank You', 'UTF-8', 'Vector Internet Services', 'WP Booking Calendar', 'Wix', 'Wix Media', 'mlcom']"
lovewellfarmsupplies22.com,Lovewell Farm Supplies Inc. | Farming equipment and parts | Oklahoma,Lovewell Farm Supplies Inc.,,77,135331,2026-09-24T23:21:47.768466303Z,"['Alternate Protocol', 'Amazon WAF Blocked', 'Apture Linking Platform', 'Better Lead Generation Services', 'Cloudflare', 'Content Delivery Network', 'Ecwid Ecommerce Shopping Cart', 'Express', 'Fastly', 'Fastly CDN', 'GZIP Module', 'Google Related Website Sites', 'K2F', 'KVH', 'Microdata for Google Shopping', 'NFOrce Internet', 'PWA', 'Perl', 'QUIC', 'SMC', 'Seflow Italy', 'Sentry', 'SiteW', 'Subversion', 'Thank You', 'UTF-8', 'Vector Internet Services', 'Wix', 'Wix Media', 'eLand', 'mlcom']"
lallihair.com,Ardmore Hair Salon Services | La'lli Hair Lounge,La'lli Hair Lounge,USA,72,90644,2026-09-24T23:21:47.758198477Z,"['Amazon WAF Blocked', 'Apture Linking Platform', 'Cloudflare', 'Content Delivery Network', 'CoolText', 'DAV', 'Ecwid Ecommerce Shopping Cart', 'Express', 'Fastly', 'Fastly CDN', 'GZIP Module', 'Google Related Website Sites', 'Instagram Follow Button', 'Microdata for Google Shopping', 'NFOrce Internet', 'PWA', 'Perl', 'QUIC', 'SMC', 'Seflow Italy', 'Sentry', 'SiteW', 'UTF-8', 'Vector Internet Services', 'WP Booking Calendar', 'Wix', 'Wix Media', 'Yelp Badge', 'mlcom']"
catchthemoment.com.au,Catch The Moment | Wedding Photography and Videography Packages | St. Marys SA,Catch The Moment,AUS,57,36985,2026-09-24T23:10:53.935343556Z,"['Alternate Protocol', 'Amazon WAF Blocked', 'Apture Linking Platform', 'Cloudflare', 'Content Delivery Network', 'DAV', 'Ecwid Ecommerce Shopping Cart', 'Express', 'Fastly', 'Fastly CDN', 'GZIP Module', 'Google Analytics', 'Google Related Website Sites', 'Google Tag Manager', 'Instagram Follow Button', 'K2F', 'KVH', 'Microdata for Google Shopping', 'NFOrce Internet', 'PWA', 'Perl', 'QUIC', 'SMC', 'Seflow Italy', 'Sentry', 'SiteW', 'Subversion', 'Thank You', 'UTF-8', 'Vector Internet Services', 'Vimeo', 'WP Booking Calendar', 'Wix', 'Wix Media', 'mlcom']"
roysecityamericanlegionpost100tx.com,Veterans | Laramore-Osborne American Legion Post 100,Laramore-Osborne American Legion Post 100,,82,108331,2026-09-24T23:06:20.876292724Z,"['Alternate Protocol', 'Amazon WAF Blocked', 'Apture Linking Platform', 'Content Delivery Network', 'Ecwid Ecommerce Shopping Cart', 'Express', 'Fastly', 'Fastly CDN', 'GZIP Module', 'Google Related Website Sites', 'InitiativeS', 'Microdata for Google Shopping', 'NFOrce Internet', 'On The Map', 'PWA', 'QUIC', 'SMC', 'Seflow Italy', 'Sentry', 'SiteW', 'Thank You', 'UTF-8', 'Vector Internet Services', 'Wix', 'Wix Media', 'eLand', 'mlcom']"
sacredbody.ca,Lymphatic Drainage & Nervous System Health,Sacred Body,CAN,77,134281,2026-09-24T22:54:55.862958253Z,"['123FormBuilder', 'Alternate Protocol', 'Amazon', 'Amazon WAF Blocked', 'Apture Linking Platform', 'Cloudflare', 'Coming Soon Page', 'Content Delivery Network', 'CoolText', 'DAV', 'DC74', 'Ecwid Ecommerce Shopping Cart', 'Express', 'Fastly', 'Fastly CDN', 'Fireblade', 'GZIP Module', 'Google Related Website Sites', 'Heroku', 'Instagram Follow Button', 'Microdata for Google Shopping', 'NFOrce Internet', 'Ntent', 'On The Map', 'POWr', 'PWA', 'Perl', 'QUIC', 'SMC', 'Seflow Italy', 'Sentry', 'SiteW', 'Sitelinks Search Box', 'Social Intents', 'UTF-8', 'UpContent', 'Vector Internet Services', 'WP Booking Calendar', 'Wix', 'Wix Media', 'iPlayerHD', 'mlcom']"
coffeeyanpaws.com,"We Love Coffee & We Love Dogs | Coffee Yan & Paws | Frisco, TX, United States",Coffee Yan &amp; Paws Company,USA,67,155731,2026-09-24T22:11:15.704492286Z,"['Amazon', 'Amazon WAF Blocked', 'Apture Linking Platform', 'Cloudflare', 'Content Delivery Network', 'Ecwid Ecommerce Shopping Cart', 'Express', 'Fastly', 'Fastly CDN', 'GZIP Module', 'Google Related Website Sites', 'Instagram Follow Button', 'K2F', 'KVH', 'Microdata for Google Shopping', 'NFOrce Internet', 'On The Map', 'PWA', 'Perl', 'QUIC', 'SMC', 'Seflow Italy', 'Sentry', 'SiteW', 'Subversion', 'Thank You', 'UTF-8', 'Vector Internet Services', 'Wix', 'Wix Media', 'mlcom']"
konaweddingrentals.com,HAWAII ISLAND EVENTS | Premium Wedding and Event Rentals Hawaii,Hawaii Island Events ,VEN,77,101328,2026-09-24T22:05:54.988272706Z,"['Alternate Protocol', 'Amazon WAF Blocked', 'Apture Linking Platform', 'Calendly', 'Cisco/Arrowpoint Content Service Switch', 'Content Delivery Network', 'DAV', 'DC74', 'Ecwid Ecommerce Shopping Cart', 'Express', 'Fastly', 'Fastly CDN', 'GZIP Module', 'Google Related Website Sites', 'Instagram Follow Button', 'Microdata for Google Shopping', 'NFOrce Internet', 'No-Q', 'POWr', 'PWA', 'Perl', 'QUIC', 'SMC', 'Seflow Italy', 'Sentry', 'Share Link', 'SiteW', 'Thank You', 'Twitter Ads', 'UTF-8', 'Vector Internet Services', 'WP Booking Calendar', 'Wix', 'Wix Media', 'mlcom']"
blancempress.com,Blanc Empress,,ROU,65,21897,2026-09-24T22:01:10.522823436Z,"['Alternate Protocol', 'Amazon', 'Amazon CloudFront', 'ByteDance', 'CloudFront', 'ETranslate', 'Ecwid Ecommerce Shopping Cart', 'Express', 'Fireblade', 'GZIP Module', 'Google Cloud DNS', 'Google Maps', 'Google My Business', 'Heroku', 'Investor Relations', 'Nginx', 'Omnisend', 'PWA', 'QUIC', 'SiteW', 'SiteWit', 'Stripe', 'Tailwind CSS', 'TikTok Conversion Tracking Pixel', 'UTF-8', 'Unsplash', 'eLand']"
barefootrepublic.org,Summer Camps for Kids | KY & TN | Barefoot Republic Camp & Retreat Center,Barefoot Republic Summer Camp,,77,95806,2026-09-24T21:57:38.605269143Z,"['501c3 Status Nonprofit', 'Alternate Protocol', 'Amazon Associates', 'Amazon WAF Blocked', 'Amazon Widgets', 'Apture Linking Platform', 'Cloudflare', 'Content Delivery Network', 'CoolText', 'DAV', 'DC74', 'Ecwid Ecommerce Shopping Cart', 'Express', 'Fastly', 'Fastly CDN', 'GZIP Module', 'Google Related Website Sites', 'Instagram Follow Button', 'Microdata for Google Shopping', 'NFOrce Internet', 'POWr', 'PWA', 'Perl', 'QUIC', 'SMC', 'Seflow Italy', 'Sentry', 'SiteW', 'Sitelinks Search Box', 'Twitter Ads', 'UTF-8', 'Vector Internet Services', 'WP Booking Calendar', 'Wix', 'Wix Media', 'YouTube', 'mlcom']"
waaddesigns.com,Waad | WAADdesigns | Qatar,WAADdesigns,EGY,72,114394,2026-09-24T21:51:20.387552739Z,"['Alternate Protocol', 'Amazon WAF Blocked', 'Apture Linking Platform', 'Cloudflare', 'Content Delivery Network', 'DAV', 'DC74', 'Ecwid Ecommerce Shopping Cart', 'Express', 'Fastly', 'Fastly CDN', 'GZIP Module', 'Google Related Website Sites', 'Instagram Follow Button', 'Microdata for Google Shopping', 'NFOrce Internet', 'On The Map', 'POWr', 'PWA', 'Perl', 'QUIC', 'SMC', 'Seflow Italy', 'Sentry', 'SiteW', 'Sitelinks Search Box', 'Subversion', 'Thank You', 'Twitter Ads', 'UTF-8', 'Vector Internet Services', 'WP Booking Calendar', 'Wix', 'Wix Media', 'iPlayerHD', 'mlcom']"
antabli.ca,THE ANTABLI EXPERIENCE | Antabli,Antabli,PER,77,93206,2026-09-24T21:40:40.45565099Z,"['Alternate Protocol', 'Amazon WAF Blocked', 'Apture Linking Platform', 'Cloudflare', 'Content Delivery Network', 'DAV', 'Ecwid Ecommerce Shopping Cart', 'Express', 'Fastly', 'Fastly CDN', 'GZIP Module', 'Google Related Website Sites', 'Instagram Follow Button', 'Microdata for Google Shopping', 'Microsoft Azure', 'NFOrce Internet', 'POWr', 'PWA', 'Perl', 'QUIC', 'SMC', 'Seflow Italy', 'Sentry', 'SiteW', 'Thank You', 'UTF-8', 'Vector Internet Services', 'WP Booking Calendar', 'Wix', 'Wix Media', 'eLand', 'mlcom']"
delchmann-engineering.de,Konstruktion | Delchmann-engineering,,,57,26296,2026-09-24T21:03:04.199929261Z,"['Amazon WAF Blocked', 'Apture Linking Platform', 'Content Delivery Network', 'CookieYes', 'Ecwid Ecommerce Shopping Cart', 'Fastly', 'Fastly CDN', 'GZIP Module', 'Google Related Website Sites', 'Microdata for Google Shopping', 'NFOrce Internet', 'PWA', 'QUIC', 'SMC', 'Sentry', 'SiteW', 'UTF-8', 'Vector Internet Services', 'Wix', 'Wix Media', 'mlcom']"
whiterivernursery.com,"White River Nursery - Garden Center - Fayetteville, AR",White River Nursery,USA,87,112573,2026-09-24T20:28:58.765458581Z,"['123FormBuilder', 'Alternate Protocol', 'Amazon WAF Blocked', 'Apture Linking Platform', 'Cloudflare', 'Constant Contact', 'Content Delivery Network', 'DC74', 'Ecwid Ecommerce Shopping Cart', 'Express', 'Fastly', 'Fastly CDN', 'Fireblade', 'GZIP Module', 'Google Related Website Sites', 'Instagram Follow Button', 'Microdata for Google Shopping', 'Microsoft Azure Blob Storage', 'NFOrce Internet', 'POWr', 'PWA', 'QUIC', 'SMC', 'Seflow Italy', 'Sentry', 'SiteW', 'Thank You', 'UTF-8', 'Vector Internet Services', 'Wix', 'Wix Media', 'YouTube', 'eLand', 'mlcom']"
campervansauckland.co.nz,Buy Campervan Auckland | NZ Campervans For sale | Self-contained car,Pars Auto,JPN,87,140493,2026-09-24T20:28:58.753323999Z,"['Amazon WAF Blocked', 'Apture Linking Platform', 'Content Delivery Network', 'DC74', 'Ecwid Ecommerce Shopping Cart', 'Express', 'Fastly', 'Fastly CDN', 'GZIP Module', 'Google My Business', 'Google Related Website Sites', 'K2F', 'KVH', 'Microdata for Google Shopping', 'NFOrce Internet', 'POWr', 'PWA', 'Perl', 'QUIC', 'SMC', 'Seflow Italy', 'Sentry', 'SiteW', 'Subversion', 'UTF-8', 'Vector Internet Services', 'Wix', 'Wix Media', 'eLand', 'mlcom']"
civanogrowers.com,Wholesale Growers | Arizona | Civano Growers,Civano Growers,,87,143865,2026-09-24T20:18:33.166197207Z,"['AWS WAF Challenge', 'Alternate Protocol', 'Amazon WAF Blocked', 'Apache', 'Apture Linking Platform', 'Cloudflare', 'Content Delivery Network', 'Cornerstone', 'DAV', 'DC74', 'Ecwid Ecommerce Shopping Cart', 'Express', 'Fastly', 'Fastly CDN', 'Fireblade', 'GZIP Module', 'Google Related Website Sites', 'Gravity', 'InitiativeS', 'Instagram Follow Button', 'Microdata for Google Shopping', 'NFOrce Internet', 'Neighborhoods', 'On The Map', 'POWr', 'PWA', 'Perl', 'QUIC', 'SMC', 'Seflow Italy', 'Sentry', 'SiteW', 'Sitelinks Search Box', 'Thank You', 'UTF-8', 'Underscores', 'Vector Internet Services', 'WP Booking Calendar', 'Wix', 'Wix Media', 'eLand', 'mlcom']"
statehousecafe.com,STATE HOUSE CAFE,,USA,50,647,2026-09-24T20:06:38.466128619Z,"['Alternate Protocol', 'Amazon', 'Amazon CloudFront', 'CloudFront', 'ETranslate', 'Ecwid Ecommerce Shopping Cart', 'GZIP Module', 'Google Cloud DNS', 'Google Maps', 'Google My Business', 'Instagram Follow Button', 'Nginx', 'PWA', 'Twitter Ads', 'UTF-8', 'Unsplash', 'eLand']"
redbottom.com.au,Online Store,,,55,147,2026-09-24T20:06:38.466818369Z,"['Alternate Protocol', 'Amazon', 'Amazon CloudFront', 'CloudFront', 'Ecwid Ecommerce Shopping Cart', 'Express', 'GZIP Module', 'Google Cloud DNS', 'Google Maps', 'Google My Business', 'Google Related Website Sites', 'Instagram Follow Button', 'Nginx', 'PWA', 'Parcel', 'Stripe', 'UTF-8', 'Unsplash', 'eLand']"
partybus360-ny.com,"Party Bus 360 | Largest Collection of Party Buses | Search, Compare, & Reserve",Party Bus 360,USA,77,98114,2026-09-24T19:57:36.868536695Z,"['Alternate Protocol', 'Amazon WAF Blocked', 'Apture Linking Platform', 'Better Lead Generation Services', 'Content Delivery Network', 'DAV', 'Ecwid Ecommerce Shopping Cart', 'Express', 'Fastly', 'Fastly CDN', 'GZIP Module', 'Google Customer Reviews', 'Google Related Website Sites', 'Hotjar', 'Instagram Follow Button', 'Microdata for Google Shopping', 'Microsoft Azure', 'NFOrce Internet', 'No-Q', 'PWA', 'Perl', 'QUIC', 'Rush', 'SMC', 'Seflow Italy', 'Semrush', 'Sentry', 'SiteW', 'Sitelinks Search Box', 'Thank You', 'UTF-8', 'Vector Internet Services', 'WP Booking Calendar', 'Wix', 'Wix Media', 'WordPress Related Posts', 'YouTube', 'mlcom']"
kichiya.co.uk,Home | Kichiya | Cake | Japanese | Greater London,,GBR,67,134773,2026-09-24T19:53:08.049186247Z,"['Alternate Protocol', 'Amazon WAF Blocked', 'Apture Linking Platform', 'Cloudflare', 'Content Delivery Network', 'Ecwid Ecommerce Shopping Cart', 'Express', 'Fastly', 'Fastly CDN', 'GZIP Module', 'Instagram Follow Button', 'K2F', 'KVH', 'Microdata for Google Shopping', 'NFOrce Internet', 'POWr', 'PWA', 'Perl', 'QUIC', 'SMC', 'Seflow Italy', 'Sentry', 'SiteW', 'Subversion', 'Thank You', 'Twitter Ads', 'UTF-8', 'Vector Internet Services', 'Wix', 'Wix Media', 'mlcom']"
madison-louise.com,Madison Louise,,,50,647,2026-09-24T19:36:02.729983764Z,"['Alternate Protocol', 'Amazon', 'Amazon CloudFront', 'CloudFront', 'ETranslate', 'Ecwid Ecommerce Shopping Cart', 'GZIP Module', 'Google Cloud DNS', 'Google Maps', 'Google My Business', 'Instagram Follow Button', 'Nginx', 'PWA', 'Stripe', 'UTF-8', 'Unsplash', 'eLand']"
familyhistory.com.au,Society of Australian Genealogists - Home,,AUS,65,84100,2026-09-24T19:21:44.636779071Z,"['Amazon', 'Amazon CloudFront', 'Amazon Route 53', 'Canva Websites', 'CloudFront', 'Cloudflare', 'Cloudflare CDN', 'Corporate Governance and Regulatory Compliance', 'DoubleClick Bid Manager', 'Ecwid Ecommerce Shopping Cart', 'Facebook Reseller', 'Font Awesome', 'Forethought', 'GZIP Module', 'GetResponse', 'Google', 'Google Analytics', 'Google Cloud DNS', 'Google Maps', 'Google My Business', 'Google Tag Manager', 'Instagram Follow Button', 'RM Education', 'Smart App Banner', 'Storyblocks', 'Twitter Ads', 'UTF-8', 'UserVoice', 'Vimeo', 'Wild Apricot', 'YouTube', 'Zendesk Embeddables', 'elevio', 'reCAPTCHA']"
thestylyshspot.com,The StyLysh Spot,,,55,10261,2026-09-24T19:14:01.919724035Z,"['AAPT', 'Amazon', 'Amazon CloudFront', 'ClickOn', 'CloudFront', 'DAV', 'Ecwid Ecommerce Shopping Cart', 'GZIP Module', 'Google Cloud DNS', 'Google Maps', 'Instagram Follow Button', 'KVH', 'Nginx', 'No-Q', 'PWA', 'Show.co', 'Subversion', 'Tailwind CSS', 'Twitter Ads', 'UTF-8', 'Vimeo', 'YouTube']"
beachlakebakery.com,"Beach Lake Bakery | Artisan Breads, Pies & Confectionary",Beach Lake Bakery,,67,110739,2026-09-24T19:08:07.918345862Z,"['123FormBuilder', 'Alternate Protocol', 'Amazon WAF Blocked', 'Apture Linking Platform', 'Cloudflare', 'Content Delivery Network', 'DC74', 'Ecwid Ecommerce Shopping Cart', 'Express', 'Fastly', 'Fastly CDN', 'Fireblade', 'GZIP Module', 'Instagram Follow Button', 'Microdata for Google Shopping', 'NFOrce Internet', 'PWA', 'Perl', 'QUIC', 'SMC', 'Seflow Italy', 'Sentry', 'SiteW', 'Thank You', 'Twitter Ads', 'UTF-8', 'Vector Internet Services', 'Wix', 'Wix Media', 'iPlayerHD', 'mlcom']"
sebastiankobelt.com,Order Now: Artisanal Chocolates by Sebastian Kobelt | Handmade in Scotland | Sebastian Kobelt,Sebastian Kobelt Chocolatier,GBR,82,140493,2026-09-24T18:55:31.843206199Z,"['Alternate Protocol', 'Amazon WAF Blocked', 'Apture Linking Platform', 'Cloudflare', 'Content Delivery Network', 'DC74', 'Ecwid Ecommerce Shopping Cart', 'Express', 'Fastly', 'Fastly CDN', 'GZIP Module', 'Google Related Website Sites', 'Instagram Follow Button', 'K2F', 'KVH', 'Microdata for Google Shopping', 'NFOrce Internet', 'POWr', 'PWA', 'QUIC', 'SMC', 'Seflow Italy', 'Sentry', 'SiteW', 'Subversion', 'Thank You', 'Twitter Ads', 'UTF-8', 'Vector Internet Services', 'Wix', 'Wix Media', 'eLand', 'mlcom']"
hair-salon-near-me.com,Inscape Beauty Salon - Hair Color Experts #1 Reviewed Davie,Inscape Beauty Salon,USA,82,4824,2026-09-24T18:49:41.534015798Z,"['Adobe Creative Cloud WebFonts', 'Alternate Protocol', 'Aruba', 'DAV', 'Ecwid Ecommerce Shopping Cart', 'Express', 'Facebook Like', 'Facebook Login', 'Facebook Messenger Platform', 'Facebook Reseller', 'GZIP Module', 'Google Analytics', 'Google Tag Manager', 'Instagram Follow Button', 'Line2', 'Microdata for Google Shopping', 'QUIC', 'ReviewsOnMyWebsite', 'SiteW', 'Squarespace', 'Thank You', 'UTF-8', 'University or College', 'WordPress SEO Structured Data Schema Plugin', 'Yelp Badge', 'eLand']"
cruxclubhq.com,Games | cruxclubhq,Crux Club,,65,105806,2026-09-24T18:39:15.745217533Z,"['AWS WAF Challenge', 'Alternate Protocol', 'Amazon WAF Blocked', 'Apture Linking Platform', 'Cloudflare', 'Content Delivery Network', 'DAV', 'Ecwid Ecommerce Shopping Cart', 'Express', 'Fastly', 'Fastly CDN', 'GZIP Module', 'Google Related Website Sites', 'Instagram Follow Button', 'Kewool Testimonials', 'Microdata for Google Shopping', 'NFOrce Internet', 'POWr', 'PWA', 'Perl', 'QUIC', 'SMC', 'Seflow Italy', 'Sentry', 'SiteW', 'Thank You', 'Twitter Ads', 'UTF-8', 'Vector Internet Services', 'WP Booking Calendar', 'Wix', 'Wix Media', 'eLand', 'mlcom']"
brandedbykashja.com,Branded by Kash JA,,,45,647,2026-09-24T18:12:48.173469479Z,"['Alternate Protocol', 'Amazon', 'Amazon CloudFront', 'CloudFront', 'ETranslate', 'Ecwid Ecommerce Shopping Cart', 'GZIP Module', 'Google Cloud DNS', 'Google Maps', 'Instagram Follow Button', 'Nginx', 'PWA', 'UTF-8', 'Unsplash', 'eLand']"
hanaandbeyond.com,Road to Hana | Hana & Beyond Maui - Hawaii Tours,Hana and Beyond,USA,87,141154,2026-09-24T18:12:48.162752865Z,"['Alternate Protocol', 'Amazon WAF Blocked', 'Apture Linking Platform', 'Cloudflare', 'Content Delivery Network', 'CoolText', 'DAV', 'DC74', 'Ecwid Ecommerce Shopping Cart', 'Express', 'FareHarbor', 'Fastly', 'Fastly CDN', 'GZIP Module', 'Google Related Website Sites', 'Harbor', 'Instagram Follow Button', 'K2F', 'KVH', 'Kewool Testimonials', 'Microdata for Google Shopping', 'NFOrce Internet', 'POWr', 'PWA', 'Perl', 'QUIC', 'SMC', 'Schedulista', 'Seflow Italy', 'Sentry', 'SiteW', 'Subversion', 'Tailwind CSS', 'Thank You', 'UTF-8', 'Vector Internet Services', 'WP Booking Calendar', 'Wix', 'Wix Media', 'Yelp Badge', 'YouTube', 'eLand', 'mlcom']"
hammerized.productions,#Hammerized | Bonnie Hammer Teaches. You Learn. It's Fun!,,,62,2454,2026-09-24T18:08:20.962464225Z,"['Alternate Protocol', 'Amazon CloudFront', 'Automattic', 'CloudFront', 'Content Delivery Network', 'Ecwid Ecommerce Shopping Cart', 'EmbedPress', 'Facebook Customer Chat SDK', 'Facebook Login', 'Facebook Messenger Platform', 'Facebook Reseller', 'GoDaddy', 'Google My Business', 'Google Related Website Sites', 'Gutenberg', 'Instagram Follow Button', 'Jetpack', 'Jetpack Site Accelerator', 'Nginx', 'PHP', 'Telegram', 'Twitter Ads', 'UTF-8', 'WordPress', 'WordPress Multisite', 'WordPress Stats', 'Yelp Badge', 'YouTube', 'about.me', 'jQuery']"
pawsforaphoto.co.uk,Award-Winning Dog Photographer Warrington | Natural Pet Photography,pawsforaphoto,,82,108644,2026-09-24T17:42:24.851806461Z,"['Alternate Protocol', 'Amazon WAF Blocked', 'Apture Linking Platform', 'Content Delivery Network', 'DAV', 'Ecwid Ecommerce Shopping Cart', 'Express', 'Fastly', 'Fastly CDN', 'GZIP Module', 'Google Customer Reviews', 'Google Related Website Sites', 'Instagram Follow Button', 'Microdata for Google Shopping', 'NFOrce Internet', 'On The Map', 'PWA', 'Perl', 'QUIC', 'SMC', 'Seflow Italy', 'Sentry', 'SiteW', 'UTF-8', 'Vector Internet Services', 'WP Booking Calendar', 'Wix', 'Wix Media', 'eLand', 'mlcom']"
red7studios.com,"RED7STUDIOS East Anglia, Suffolk | Video Production & Videography Service | Ipswich, UK",RED7STUDIOS,USA,87,96394,2026-09-24T17:26:35.841900297Z,"['Alternate Protocol', 'Amazon CloudFront', 'Amazon WAF Blocked', 'Apache', 'Apture Linking Platform', 'Cloudflare', 'Content Delivery Network', 'DAV', 'DC74', 'Ecwid Ecommerce Shopping Cart', 'Express', 'Fastly', 'Fastly CDN', 'GZIP Module', 'Google My Business', 'Google Related Website Sites', 'Instagram Follow Button', 'Microdata for Google Shopping', 'NFOrce Internet', 'POWr', 'PWA', 'Perl', 'QUIC', 'SMC', 'Seflow Italy', 'Sentry', 'SiteW', 'Sitelinks Search Box', 'Thank You', 'UTF-8', 'Vector Internet Services', 'WP Booking Calendar', 'Wix', 'Wix Media', 'eLand', 'iPlayerHD', 'mlcom']"
groundartcaffe.co.za,Ground Art Caffe | Coffee Bar & Micro Gallery | Cape Town,,ZAF,77,106371,2026-09-24T17:06:44.034494007Z,"['123FormBuilder', 'Alternate Protocol', 'Amazon WAF Blocked', 'Apture Linking Platform', 'Cloudflare', 'Content Delivery Network', 'Ecwid Ecommerce Shopping Cart', 'Express', 'Fastly', 'Fastly CDN', 'Fireblade', 'GZIP Module', 'Google Related Website Sites', 'Heroku', 'Instagram Follow Button', 'Microdata for Google Shopping', 'NFOrce Internet', 'PWA', 'Perl', 'QUIC', 'SMC', 'Seflow Italy', 'Sentry', 'SiteW', 'Thank You', 'UTF-8', 'Vector Internet Services', 'Wix', 'Wix Media', 'eLand', 'mlcom']"
readtorewire.com,"About me | Read to Rewire, LLC","Read to Rewire, LLC",USA,60,34851,2026-09-24T16:22:26.704001691Z,"['123FormBuilder', 'Alternate Protocol', 'Amazon WAF Blocked', 'Apture Linking Platform', 'Cloudflare', 'Content Delivery Network', 'DAV', 'Ecwid Ecommerce Shopping Cart', 'Express', 'Fastly', 'Fastly CDN', 'Fireblade', 'GZIP Module', 'Google Related Website Sites', 'Instagram Follow Button', 'Microdata for Google Shopping', 'NFOrce Internet', 'POWr', 'PWA', 'Perl', 'QUIC', 'SMC', 'Seflow Italy', 'Sentry', 'SiteW', 'Thank You', 'UTF-8', 'University or College', 'Vector Internet Services', 'WP Booking Calendar', 'Wix', 'Wix Media', 'eLand', 'mlcom']"
mmtattoosupplies.com,MM Tattoo Supplies cc,,ZAF,70,5887,2026-09-24T16:15:47.59788898Z,"['Alternate Protocol', 'Amazon', 'Amazon CloudFront', 'Amazon S3 CDN', 'CloudFront', 'ETranslate', 'Ecwid Ecommerce Shopping Cart', 'GZIP Module', 'Google Cloud DNS', 'Google Maps', 'Instagram Follow Button', 'Nginx', 'PWA', 'Squid', 'Storyblocks', 'Twitter Ads', 'UTF-8', 'Unsplash', 'eLand']"
streetrodgarage.com,Chassis and Restoration | Street Rod Garage | United States,Street Rod Garage,USA,67,90493,2026-09-24T15:57:43.960222368Z,"['Alternate Protocol', 'Amazon WAF Blocked', 'Apture Linking Platform', 'Cloudflare', 'Content Delivery Network', 'Ecwid Ecommerce Shopping Cart', 'Express', 'Fastly', 'Fastly CDN', 'GZIP Module', 'Google Related Website Sites', 'Microdata for Google Shopping', 'NFOrce Internet', 'POWr', 'PWA', 'Perl', 'QUIC', 'SMC', 'Seflow Italy', 'Sentry', 'SiteW', 'Thank You', 'UTF-8', 'Vector Internet Services', 'Wix', 'Wix Media', 'mlcom']"
kazemijazi.com,"Kazemijazi | Music Producer | Composer | Artist | London SE, UK | Omid Jazi",Kazemijazi,GBR,67,96081,2026-09-24T15:37:33.454772985Z,"['Alternate Protocol', 'Amazon WAF Blocked', 'Apture Linking Platform', 'Cloudflare', 'Content Delivery Network', 'DC74', 'Ecwid Ecommerce Shopping Cart', 'Express', 'Fastly', 'Fastly CDN', 'GZIP Module', 'Google Related Website Sites', 'Instagram Follow Button', 'Microdata for Google Shopping', 'NFOrce Internet', 'POWr', 'PWA', 'QUIC', 'SMC', 'Seflow Italy', 'Sentry', 'SiteW', 'UTF-8', 'Vector Internet Services', 'Wix', 'Wix Media', 'YouTube', 'eLand', 'iPlayerHD', 'mlcom']"
caeora.com,Caeora: Fantasy Cartography,Caeora,,82,125493,2026-09-24T15:27:05.024256515Z,"['Alternate Protocol', 'Amazon WAF Blocked', 'Apture Linking Platform', 'BLR', 'Cloudflare', 'Content Delivery Network', 'DC74', 'Discord', 'Ecwid Ecommerce Shopping Cart', 'Express', 'Fastly', 'Fastly CDN', 'GZIP Module', 'Google Related Website Sites', 'Instagram Follow Button', 'KVH', 'Microdata for Google Shopping', 'NFOrce Internet', 'POWr', 'PWA', 'QUIC', 'SMC', 'Seflow Italy', 'Sentry', 'SiteW', 'Sitelinks Search Box', 'Thank You', 'Tumblr', 'Twitter Ads', 'UTF-8', 'Vector Internet Services', 'Wix', 'Wix Media', 'WordPress Related Posts', 'YouTube', 'eLand', 'mlcom']"
longlawofficeswv.com,"Personal Injury Attorney | Long Law Offices, PLLC | Teays Valley",,USA,67,88644,2026-09-24T15:19:10.373775235Z,"['Alternate Protocol', 'Amazon WAF Blocked', 'Apture Linking Platform', 'Cloudflare', 'Content Delivery Network', 'DAV', 'Ecwid Ecommerce Shopping Cart', 'Fastly', 'Fastly CDN', 'GZIP Module', 'Google Related Website Sites', 'Microdata for Google Shopping', 'NFOrce Internet', 'PWA', 'Perl', 'QUIC', 'SMC', 'Sentry', 'SiteW', 'UTF-8', 'Vector Internet Services', 'WP Booking Calendar', 'Wix', 'Wix Media', 'mlcom']"
oceanscrusoe.com,OceansCrusoe Australia - Protecting Our Planet's Oceans,,,62,16802,2026-09-24T15:19:10.364894396Z,"['Alternate Protocol', 'Band Camp', 'Camp', 'Ecwid Ecommerce Shopping Cart', 'Fireblade', 'Font Awesome', 'LiteSpeed', 'To Top', 'UTF-8', 'YouTube']"
remindworkshop.com,Healing | Hong Kong | Re-mind Sound Healing Singing Bowl Tuning Fork,,CHN,77,111346,2026-09-24T15:04:41.939603Z,"['123FormBuilder', 'Alternate Protocol', 'Amazon WAF Blocked', 'Apture Linking Platform', 'Cloudflare', 'Content Delivery Network', 'DAV', 'DC74', 'Ecwid Ecommerce Shopping Cart', 'Express', 'Fastly', 'Fastly CDN', 'Fireblade', 'GZIP Module', 'Google Related Website Sites', 'Instagram Follow Button', 'Microdata for Google Shopping', 'NFOrce Internet', 'POWr', 'PWA', 'Perl', 'QUIC', 'SMC', 'Seflow Italy', 'Sentry', 'SiteW', 'Sitelinks Search Box', 'Thank You', 'UTF-8', 'Vector Internet Services', 'WP Booking Calendar', 'Wix', 'Wix Media', 'YouTube', 'eLand', 'mlcom']"
4rradioworks.com,"Radio Advertising | Four R Broadcasting, Inc. | United States",4 R BROADCASTING,USA,67,106346,2026-09-24T14:40:16.681936243Z,"['123FormBuilder', 'Alternate Protocol', 'Amazon WAF Blocked', 'Apture Linking Platform', 'Cloudflare', 'Content Delivery Network', 'DAV', 'Ecwid Ecommerce Shopping Cart', 'Express', 'Fastly', 'Fastly CDN', 'Fireblade', 'GZIP Module', 'Google Related Website Sites', 'Microdata for Google Shopping', 'NFOrce Internet', 'POWr', 'PWA', 'Perl', 'QUIC', 'SMC', 'Seflow Italy', 'Sentry', 'SiteW', 'UTF-8', 'Vector Internet Services', 'WP Booking Calendar', 'Wix', 'Wix Media', 'mlcom']"
boatservicegc.com.au,Home | Boat Service Gold Coast,,AUS,87,95331,2026-09-24T14:40:16.652464009Z,"['Amazon WAF Blocked', 'Apture Linking Platform', 'Cloudflare', 'Content Delivery Network', 'DC74', 'Ecwid Ecommerce Shopping Cart', 'Express', 'Fastly', 'Fastly CDN', 'GZIP Module', 'GitHub Hosting', 'Google Analytics', 'Google Related Website Sites', 'Google Tag Manager', 'Instagram Follow Button', 'Microdata for Google Shopping', 'NFOrce Internet', 'PWA', 'QUIC', 'SMC', 'Seflow Italy', 'Sentry', 'SiteW', 'Sitelinks Search Box', 'UTF-8', 'Vector Internet Services', 'Wix', 'Wix Media', 'eLand', 'mlcom']"
thespanishadvantageclub.com,Spanish Preschool Programs Near Me | The Spanish Advantage Club | United States,The Spanish Advantage Club,USA,82,156806,2026-09-24T14:11:15.760484754Z,"['Alternate Protocol', 'Amazon WAF Blocked', 'Apture Linking Platform', 'ChamberMaster', 'Cloudflare', 'Content Delivery Network', 'DAV', 'Ecwid Ecommerce Shopping Cart', 'Ember.js', 'Express', 'Fastly', 'Fastly CDN', 'Fireblade', 'GZIP Module', 'Google Related Website Sites', 'Instagram Follow Button', 'K2F', 'KVH', 'Microdata for Google Shopping', 'NFOrce Internet', 'POWr', 'PWA', 'Perl', 'QUIC', 'SMC', 'Seflow Italy', 'Sentry', 'SiteW', 'Subversion', 'UTF-8', 'Vector Internet Services', 'WP Booking Calendar', 'Wix', 'Wix Media', 'eLand', 'mlcom']"
veterinarypetcbd.com,Farley's Green Paw Consulting - Pet CBD Services | CBD for pets,Farley's Green Paw Consulting - Pet CBD Services,USA,77,106495,2026-09-24T14:02:49.553426374Z,"['123FormBuilder', 'Alternate Protocol', 'Amazon WAF Blocked', 'Apture Linking Platform', 'Cloudflare', 'Content Delivery Network', 'DAV', 'Ecwid Ecommerce Shopping Cart', 'Express', 'Fastly', 'Fastly CDN', 'Fireblade', 'GZIP Module', 'Google Adsense', 'Google Analytics', 'Google Conversion Tracking', 'Google Funding Choices', 'Google Matched Content', 'Google Related Website Sites', 'Google Reseller', 'Google Tag Manager', 'Instagram Follow Button', 'Microdata for Google Shopping', 'Microsoft Clarity', 'NFOrce Internet', 'POWr', 'PWA', 'Perl', 'Pinterest Conversion Tracking', 'QUIC', 'SMC', 'Seflow Italy', 'Sentry', 'SiteW', 'Subversion', 'Thank You', 'UTF-8', 'Vector Internet Services', 'WP Booking Calendar', 'Wix', 'Wix Media', 'WordPress SEO Structured Data Schema Plugin', 'mlcom']"
tricoat.com,Triangle Coatings Inc. – Your Total Coating Solution,,,55,22632,2026-09-24T13:46:31.37492751Z,"['Alternate Protocol', 'Amazon CloudFront', 'Apache', 'CloudFront', 'Contact Form Plugin', 'ContentViews', 'Ecwid Ecommerce Shopping Cart', 'EmbedPress', 'Fireblade', 'GZIP Module', 'Google Analytics', 'Google Cloud DNS', 'Google Font API', 'Google Maps', 'PHP', 'SMC', 'ShareThis', 'Slider Revolution', 'Theme In WP', 'Toolset', 'UTF-8', 'Ubuntu', 'WPBakery', 'Woo Themes', 'WordPress', 'WordPress Multisite', 'jQuery']"
mybaits.co.uk,Welcome to mybaits.co.uk,,GBR,70,54701,2026-09-24T13:40:06.163384409Z,"['Amazon', 'Amazon CloudFront', 'ClickOn', 'CloudFront', 'DAV', 'Ecwid Ecommerce Shopping Cart', 'Financial Services Guide', 'GZIP Module', 'Google Cloud DNS', 'Google Maps', 'Google My Business', 'Nginx', 'No-Q', 'PWA', 'SMC', 'Show.co', 'Subversion', 'Tailwind CSS', 'Twitter Ads', 'UTF-8', 'Vimeo', 'YouTube']"
twistedglasssmokeshop.com,Twisted Glass Smoke Shop,,,50,647,2026-09-24T13:35:53.132241519Z,"['Alternate Protocol', 'Amazon', 'Amazon CloudFront', 'CloudFront', 'Coming Soon Page', 'ETranslate', 'Ecwid Ecommerce Shopping Cart', 'GZIP Module', 'Google Cloud DNS', 'Google Maps', 'Instagram Follow Button', 'Nginx', 'PWA', 'UTF-8', 'Unsplash', 'eLand']"
vapebossab.com,"Vape Boss and Cigars – Wide Selection of Vapes, Disposables & Accessories",,CAN,82,5527,2026-09-24T13:13:02.160628301Z,"['Alternate Protocol', 'Amazon', 'Amazon CloudFront', 'CloudFront', 'ETranslate', 'Ecwid Ecommerce Shopping Cart', 'GZIP Module', 'Google Cloud DNS', 'Google Maps', 'Google My Business', 'Instagram Follow Button', 'Microdata for Google Shopping', 'Nginx', 'PWA', 'QUIC', 'UTF-8', 'Unsplash', 'eLand']"
allureverfshop.nl,Home,,,40,10660,2026-09-24T13:02:09.53454668Z,"['Amazon', 'Amazon CloudFront', 'CloudFront', 'Content Delivery Network', 'Contento', 'Ecwid Ecommerce Shopping Cart', 'Fastly', 'GZIP Module', 'Google Analytics', 'Google Tag Manager', 'OpenResty', 'UTF-8']"
thedailypush.com,"The Daily Push | Skate Exercises, Recovery, Mindset, Nutrition & Performance Knowledge for Skateboarders",The Daily Push,ESP,87,168902,2026-09-24T12:59:38.543061295Z,"['AWS WAF Challenge', 'Alternate Protocol', 'Amazon WAF Blocked', 'Apture Linking Platform', 'Cloudflare', 'Content Delivery Network', 'Contento', 'DAV', 'DC74', 'Ecwid Ecommerce Shopping Cart', 'Express', 'Fastly', 'Fastly CDN', 'Fireblade', 'FormSubmit', 'Free Call', 'GZIP Module', 'Google Related Website Sites', 'Gravity', 'Instagram Follow Button', 'Microdata for Google Shopping', 'NFOrce Internet', 'On The Map', 'POWr', 'PWA', 'Perl', 'Pico CSS', 'QUIC', 'SMC', 'Seflow Italy', 'Sentry', 'SiteW', 'Thank You', 'UTF-8', 'Vector Internet Services', 'WP Booking Calendar', 'Wix', 'Wix Media', 'YouTube', 'eLand', 'mlcom']"
techniquelaserclinic.co.uk,Technique Professional Laser Clinic | Tattoo Removal | Hair Removal,,GBR,72,90919,2026-09-24T12:47:02.42961108Z,"['Alternate Protocol', 'Amazon WAF Blocked', 'Apture Linking Platform', 'Cloudflare', 'Content Delivery Network', 'Ecwid Ecommerce Shopping Cart', 'Express', 'Facebook Embedded Posts', 'Fastly', 'Fastly CDN', 'GZIP Module', 'Google Related Website Sites', 'Instagram Follow Button', 'NFOrce Internet', 'PWA', 'QUIC', 'SMC', 'Seflow Italy', 'Sentry', 'SiteW', 'UTF-8', 'University or College', 'Vector Internet Services', 'Wix', 'Wix Media', 'iPlayerHD', 'mlcom']"
designer-education.com,Designer Education LLC,DEsigner Education,USA,82,81836,2026-09-24T12:47:02.411830557Z,"['Adobe Creative Cloud WebFonts', 'Aruba', 'Ecwid Ecommerce Shopping Cart', 'Express', 'GZIP Module', 'Instagram Follow Button', 'Line2', 'Magento Enterprise', 'Microdata for Google Shopping', 'QUIC', 'SiteW', 'Squarespace', 'UTF-8', 'Vector Internet Services', 'WordPress SEO Structured Data Schema Plugin', 'eLand']"
noquarter.com.au,Welcome to No Quarter Boxing Gym,No Quarter Boxing Gym,AUS,72,138704,2026-09-24T12:36:33.829692726Z,"['Alternate Protocol', 'Amazon WAF Blocked', 'Apture Linking Platform', 'Cloudflare', 'Content Delivery Network', 'DAV', 'Ecwid Ecommerce Shopping Cart', 'Express', 'Fastly', 'Fastly CDN', 'GZIP Module', 'Glofox', 'Google Related Website Sites', 'Instagram Follow Button', 'K2F', 'KVH', 'Microdata for Google Shopping', 'NFOrce Internet', 'No-Q', 'POWr', 'PWA', 'Perl', 'QUIC', 'SMC', 'Seflow Italy', 'Sentry', 'SiteW', 'Subversion', 'Thank You', 'UTF-8', 'Vector Internet Services', 'WP Booking Calendar', 'Wix', 'Wix Media', 'YouTube', 'eLand', 'iPlayerHD', 'mlcom']"
diastole.org,Event & Performance Space | Diastole Scholars' Center | Kansas City,Diastole Scholars' Center,USA,72,107773,2026-09-24T12:36:33.819473394Z,"['Alternate Protocol', 'Amazon WAF Blocked', 'Apture Linking Platform', 'Content Delivery Network', 'Ecwid Ecommerce Shopping Cart', 'Express', 'Fastly', 'Fastly CDN', 'GZIP Module', 'InitiativeS', 'Microdata for Google Shopping', 'NFOrce Internet', 'On The Map', 'POWr', 'PWA', 'QUIC', 'SMC', 'Seflow Italy', 'Sentry', 'SiteW', 'Thank You', 'UTF-8', 'University or College', 'Vector Internet Services', 'Wix', 'Wix Media', 'mlcom']"
xxroads.com,Crossroads Live Music Venue / Bar & Restaurant in Garwood NJ,Crossroads,,67,128611,2026-09-24T12:23:55.166139865Z,"['Adult Content', 'Amazon WAF Blocked', 'Apture Linking Platform', 'Cloudflare', 'Content Delivery Network', 'DC74', 'Ecwid Ecommerce Shopping Cart', 'Eventbrite', 'Express', 'Fastly', 'Fastly CDN', 'Fireblade', 'GZIP Module', 'Instagram Follow Button', 'Microdata for Google Shopping', 'NFOrce Internet', 'On The Map', 'PWA', 'QUIC', 'SMC', 'Seflow Italy', 'Sentry', 'SiteW', 'Thank You', 'Twitter Ads', 'UTF-8', 'Vector Internet Services', 'Wix', 'Wix Media', 'YouTube', 'mlcom']"
mrsmauve.com,Coloring Books | Mrs. Mauve,,,67,111493,2026-09-24T12:12:06.536527665Z,"['Alternate Protocol', 'Amazon WAF Blocked', 'Amazon Widgets', 'Apture Linking Platform', 'Cloudflare', 'Content Delivery Network', 'DC74', 'Ecwid Ecommerce Shopping Cart', 'Fastly', 'Fastly CDN', 'GZIP Module', 'Google Related Website Sites', 'Instagram Follow Button', 'Microdata for Google Shopping', 'NFOrce Internet', 'On The Map', 'POWr', 'PWA', 'QUIC', 'SMC', 'Sentry', 'SiteW', 'Sitelinks Search Box', 'UTF-8', 'Vector Internet Services', 'Wix', 'Wix Media', 'eLand', 'mlcom']"
camptoccoaatcurrahee.org,HOME | camptoccoaatcurrahee,,,57,34851,2026-09-24T12:12:06.532521319Z,"['123FormBuilder', 'Alternate Protocol', 'Amazon WAF Blocked', 'Apture Linking Platform', 'Cloudflare', 'Content Delivery Network', 'DAV', 'Ecwid Ecommerce Shopping Cart', 'Express', 'Fastly', 'Fastly CDN', 'Fireblade', 'GZIP Module', 'Instagram Follow Button', 'Microdata for Google Shopping', 'NFOrce Internet', 'POWr', 'PWA', 'Perl', 'QUIC', 'SMC', 'Seflow Italy', 'Sentry', 'SiteW', 'Sitelinks Search Box', 'Thank You', 'UTF-8', 'Vector Internet Services', 'WP Booking Calendar', 'Wix', 'Wix Media', 'mlcom']"
tuscaroraoutdoors.com,Tuscarora Outdoors Hunting Products,,,55,647,2026-09-24T11:48:09.167451321Z,"['Alternate Protocol', 'Amazon', 'Amazon CloudFront', 'CloudFront', 'Coming Soon Page', 'ETranslate', 'Ecwid Ecommerce Shopping Cart', 'GZIP Module', 'Google Cloud DNS', 'Google Forms', 'Google Maps', 'Google My Business', 'Nginx', 'PWA', 'UTF-8', 'Unsplash', 'eLand']"
