domain,title,business_name,country,seo_score,tech_spend,crawled_at,technologies
northlaketahoecleaning.com,North Lake Tahoe Cleaning & Vacation Home Cleaning - NV / CA,Vacation Rental Cleaning Company - North Lake Tahoe NV / CA,USA,82,4027,2026-10-10T14:35:08.314470461Z,"['Alternate Protocol', 'Amazon WAF Blocked', 'Apture Linking Platform', 'Clicky', 'Contact Form Plugin', 'Content Delivery Network', 'Crisp', 'Elementor', 'EmbedPress', 'GZIP Module', 'Google Analytics', 'Google Maps', 'Google My Business', 'Google Tag Manager', 'Hello Elementor', 'ID Services', 'Lazy Load for WordPress', 'Make Column Clickable Elementor', 'Microdata for Google Shopping', 'Nginx', 'PHP', 'QUIC', 'Table Addons for Elementor', 'UTF-8', 'WP Engine', 'WP Rocket', 'WordPress', 'WordPress Multisite', 'Yelp Badge', 'reCAPTCHA']"
mychurch.co.ke,MyChurch ChMS - Easy Manage Your Church,,KEN,77,16389,2026-10-10T13:25:32.935573054Z,"['AWS WAF Challenge', 'Adult Content', 'Apache', 'CDN JS', 'Cloudflare', 'Cloudflare CDN', 'Crisp', 'Formspree', 'GZIP Module', 'Google Analytics', 'Google My Business', 'Google Play', 'Google Tag Manager', 'Instagram Follow Button', 'QUIC', 'Thank You', 'Twitter Ads', 'Ubuntu']"
foodsol.com.mx,FOODSOL,,MEX,72,2878,2026-10-10T12:46:46.353405602Z,"['Apache', 'Bulma', 'CDN JS', 'Cloudflare', 'Cloudflare CDN', 'Crisp', 'Facebook Embedded Posts', 'GetButton.io', 'Google Cloud DNS', 'Google Font API', 'Google Maps', 'Google My Business', 'IcoMoon', 'YouTube', 'jQuery', 'reCAPTCHA']"
besttcccam.info,Wolf Cccam-Buy CCcam- Cline server-Premium CCCam – Wolfcccam is one of the Best & Fast Oscam & CCcam Cline server in Europe & World Buy CCcam Oscam subscription now and enjoy Watching TV.,,,55,8150,2026-10-10T11:20:55.055635565Z,"['Apache', 'Contact Form Plugin', 'Crisp', 'EmbedPress', 'Fireblade', 'Font Awesome', 'GZIP Module', 'Google Analytics', 'Google Related Website Sites', 'Instagram Follow Button', 'Matomo', 'Matomo Tag Manager', 'PHP', 'Popup Maker for Wordpress', 'Tailwind CSS', 'Tawk', 'Theme In WP', 'UTF-8', 'WordPress', 'WordPress Multisite', 'jQuery']"
thecoollegion.com,Boutique Marketing Agency - The Cool Legion,The Cool Legion,GBR,77,8335,2026-10-10T09:33:29.518868876Z,"['Alternate Protocol', 'Blocksy', 'Confirmic', 'Crisp', 'DC74', 'Elementor', 'ElementsKit Elementor', 'EmbedPress', 'Express', 'FormSubmit', 'Google Analytics', 'Google Cloud DNS', 'Google Font API', 'Google Tag Manager', 'Instagram Follow Button', 'LiteSpeed', 'Metform Elemento', 'Microdata for Google Shopping', 'NFOrce Internet', 'PHP', 'Premium Addons for Elementor', 'Sitelinks Search Box', 'Theme In WP', 'UTF-8', 'WordPress', 'WordPress Multisite', 'jQuery']"
paddockblade.nl,Paddock Blade Europe | Paddocks Cleaning Made Easy,Paddock Blade Europe,,72,24232,2026-10-10T09:33:29.482513067Z,"['Agoda', 'Alternate Protocol', 'Automattic', 'Content Delivery Network', 'CookieYes', 'Crisp', 'DMCA Badge', 'ElementUI', 'Elementor', 'EmbedPress', 'Facebook Login', 'Facebook Messenger Platform', 'Facebook Pixel', 'Facebook Reseller', 'Facebook Tag API', 'Fireblade', 'Google Analytics', 'Google Related Website Sites', 'Google Tag Manager', 'Instagram Follow Button', 'Jetpack', 'Kitco', 'Line2', 'LiteSpeed', 'Microdata for Google Shopping', 'Microsoft Clarity', 'PHP', 'QUIC', 'QUIC.cloud', 'Sitelinks Search Box', 'Table Addons for Elementor', 'TranslatePress', 'UTF-8', 'Vimeo', 'Woo Themes', 'WooCommerce', 'WooCommerce Checkout', 'WordPress', 'WordPress Multisite', 'WordPress Related Posts', 'WordPress Stats']"
bike-parts-triumph.com,Triumph genuine parts and accessories,,,72,1900,2026-10-10T09:13:00.2265601Z,"['Alternate Protocol', 'Apache', 'Crisp', 'GZIP Module', 'Google Analytics', 'Google Cloud DNS', 'Google Maps', 'Google My Business', 'Google Related Website Sites', 'Google Tag Manager', 'QUIC', 'Sign In With Google', 'Tailwind CSS', 'UTF-8', 'jQuery']"
easyfake.ai,EasyFake - The Future of AI-Powered Media Creation - EasyFake - The Future of AI-Powered Media Creation,,,67,1140,2026-10-10T08:51:03.844652339Z,"['Angular', 'Angular Material', 'Apture Linking Platform', 'Cloudflare', 'Cloudflare CDN', 'Crisp', 'Express', 'GZIP Module', 'Tailwind CSS', 'Telegram', 'UTF-8', 'shadcn ui']"
criminallawyersitaly.com,Criminal defense attorneys italy | Home,,ESP,72,1648,2026-10-10T08:36:19.490168637Z,"['Apache', 'Bulma', 'Crisp', 'GZIP Module', 'Google Analytics', 'Google Cloud DNS', 'Google Font API', 'Google My Business', 'IcoMoon', 'PHP', 'PayPal Adaptive Payments', 'PayPal Button', 'PayPal Form', 'Tailwind CSS', 'UTF-8', 'WhatsApp Sharing', 'jQuery']"
einvoo.com,GST Invoicing Software for Small Business | Einvoo,,IND,82,2927,2026-10-10T07:48:48.559551791Z,"['Alternate Protocol', 'Apture Linking Platform', 'Crisp', 'Elementor', 'EmbedPress', 'Instagram Follow Button', 'Lazy Load for WordPress', 'Microdata for Google Shopping', 'NFOrce Internet', 'PHP', 'QUIC', 'Royal Elementor Addons', 'UTF-8', 'WordPress', 'WordPress Multisite']"
spamarc.com,USA #1 Medical Exam Chairs & Treatment Tables | SpaMarc,,,72,36482,2026-10-10T07:10:19.522289563Z,"['Amazon CloudFront', 'Amazon WAF Blocked', 'Apture Linking Platform', 'Baidu Cloud', 'CDN JS', 'CallRail', 'CloudFront', 'Cloudflare', 'Cloudflare CDN', 'Crisp', 'Express', 'Fontello', 'Fraud Blocker', 'Google Analytics', 'Google Related Website Sites', 'Google Tag Manager', 'Klaviyo', 'Microdata for Google Shopping', 'NFOrce Internet', 'QUIC', 'Shopify', 'Shopify Collabs', 'Snowplow', 'Thank You', 'UTF-8', 'Yandex Hosting', 'hCaptcha', 'jQuery', 'jsDelivr', 'reCAPTCHA']"
parsplasmatec.com,Pars Plasma Bonyan | Pars Plasma Bonyan,Pars Plasma Bonyan,IRN,77,48160,2026-10-10T06:13:02.819965266Z,"['AJAX Libraries API', 'AWS WAF Challenge', 'Alternate Protocol', 'CheryFramework', 'Contento', 'Crisp', 'EmbedPress', 'GZIP Module', 'Google Cloud DNS', 'Google Font API', 'Menu Icons by ThemeIsle', 'Microdata for Google Shopping', 'NFOrce Internet', 'Nginx', 'PHP', 'Sitelinks Search Box', 'Slider Revolution', 'The SEO Framework', 'Theme In WP', 'UTF-8', 'University or College', 'Vector Internet Services', 'WPBakery', 'Woo Themes', 'WooCommerce', 'WooCommerce Checkout', 'WordPress', 'WordPress Multisite', 'WordPress SEO Structured Data Schema Plugin', 'Zephyr', 'jQuery']"
dryerventhose.com,Dryer Vent Hose® | Your Dryer Knowledge Base,Dryer Vent Hose,USA,77,14692,2026-10-10T05:57:37.912508803Z,"['Amazon WAF Blocked', 'Apture Linking Platform', 'Baidu Cloud', 'ByteDance', 'Cloudflare', 'Cloudflare CDN', 'Crisp', 'Google Adsense', 'Google Funding Choices', 'Google Matched Content', 'Google Related Website Sites', 'Google Reseller', 'Hotjar', 'IcoMoon', 'Instagram Follow Button', 'Microdata for Google Shopping', 'NFOrce Internet', 'PageFly', 'Perl', 'Pinterest Conversion Tracking', 'QUIC', 'Say what', 'Shopify', 'Shopify Collabs', 'Tailwind CSS', 'Thank You', 'TikTok Conversion Tracking Pixel', 'TrackingMore', 'Twitter Ads', 'UTF-8', 'Yandex Hosting', 'YouTube', 'hCaptcha', 'reCAPTCHA']"
utvextreme.net,UTV Spare Parts/Accessories for Sale -,utvextreme.net,USA,82,20345,2026-10-10T05:23:24.661154885Z,"['AWS WAF Challenge', 'Alternate Protocol', 'Astra Theme', 'Cloudflare', 'Cloudflare CDN', 'Content Delivery Network', 'Crisp', 'DAV', 'Elementor', 'ElementsKit Elementor', 'EmbedPress', 'FreeCSSTemplates', 'Google', 'Google Analytics', 'Google Cloud DNS', 'Google Font API', 'Google My Business', 'Google Related Website Sites', 'Google Tag Manager', 'Gravity', 'LiteSpeed', 'Microdata for Google Shopping', 'PHP', 'QUIC', 'Site Reviews for Wordpress', 'Sitelinks Search Box', 'Smart Slider 3', 'Table Addons for Elementor', 'Theme In WP', 'UTF-8', 'WPForms', 'Woo Themes', 'WooCommerce', 'WooCommerce Checkout', 'WordPress', 'WordPress Multisite', 'WordPress Related Posts', 'eLand', 'jQuery']"
infinityserver.net,Super fast SSD Web Hosting & VPS Hosting - InfinityServer.Net,,IND,67,1239,2026-10-10T00:07:04.016398974Z,"['Crisp', 'Font Awesome', 'FreeCSSTemplates', 'Nginx', 'Tailwind CSS', 'UTF-8']"
masterturbosystem.com,Master Turbo System,,,40,1102,2026-10-09T23:31:40.845465313Z,"['AWS WAF Challenge', 'Alternate Protocol', 'Apache', 'Azion', 'Cloudflare', 'Cloudflare CDN', 'Crisp', 'Elementor', 'EmbedPress', 'GZIP Module', 'Google', 'Google Cloud DNS', 'Google Font API', 'Google My Business', 'Gtranslate for Wordpress', 'NFOrce Internet', 'PHP', 'Qi Addons For Elementor', 'Slider Revolution', 'Theme In WP', 'UTF-8', 'Ubuntu', 'WhatsApp Sharing', 'Woo Themes', 'WooCommerce', 'WooCommerce Checkout', 'WordPress', 'WordPress Multisite', 'eLand', 'jQuery']"
boholestrellatoursandtransport.com,Bohol Estrella Tours – Welcome to Bohol!,,ZAF,70,19580,2026-10-09T22:23:19.955444307Z,"['AWS WAF Challenge', 'Alternate Protocol', 'Astra Theme', 'Cloudflare', 'Cloudflare CDN', 'CoBlocks', 'Content Delivery Network', 'Crisp', 'DAV', 'Elementor', 'EmbedPress', 'GetButton.io', 'GoDaddy', 'Google', 'Google Cloud DNS', 'Google Font API', 'Google My Business', 'Instagram Follow Button', 'Microdata for Google Shopping', 'PHP', 'Schema Plugin', 'Smart Slider 3', 'Theme In WP', 'UTF-8', 'Woo Themes', 'WordPress', 'WordPress Multisite', 'WordPress Related Posts', 'eLand', 'jQuery']"
nots.io,Nots | Keep your documentation up‑to‑date,,,62,66580,2026-10-09T22:23:19.94369073Z,"['AWS WAF Challenge', 'Amazon', 'Cloudflare', 'Cloudflare CDN', 'Crisp', 'Drift', 'Facebook CDN', 'GZIP Module', 'GitHub Hosting', 'Google', 'Google Analytics', 'Google Cloud DNS', 'Google Font API', 'Google My Business', 'Google Recommendations AI', 'Nginx', 'Ntent', 'Perl', 'Pico CSS', 'Product Hunt', 'ProfitWell', 'QUIC', 'Sentry', 'Storyblocks', 'Telegram', 'Twitter Ads', 'Twitter CDN', 'UTF-8', 'Ubuntu']"
profitbl.com,Profitbl | #1 European B2B Outsourced Sales Agency,Profitbl,LUX,87,41520,2026-10-09T21:53:43.654787477Z,"['AJAX Libraries API', 'AWS WAF Challenge', 'Amazon', 'Amazon CloudFront', 'Better Lead Generation Services', 'CloudFront', 'Cloudflare', 'Clutch', 'Content Delivery Network', 'Crisp', 'DC74', 'Facebook Conversion Tracking', 'Facebook Login', 'Facebook Messenger Platform', 'Facebook Pixel', 'Facebook Reseller', 'Facebook Tag API', 'FormSubmit', 'GZIP Module', 'Google', 'Google Analytics', 'Google Cloud DNS', 'Google Font API', 'Google My Business', 'Google Related Website Sites', 'Google Tag Manager', 'Hotjar', 'IcoMoon', 'LinkedIn Insights', 'LinkedIn Pixel', 'MailChimp', 'Microdata for Google Shopping', 'NFOrce Internet', 'QUIC', 'Tailwind CSS', 'UTF-8', 'WF Cookie Consent', 'Webflow', 'YouTube', 'jsDelivr', 'reCAPTCHA']"
accsystemsinc.com,ACC Systems Inc -,A.C.C. Systems Inc.,USA,77,780964,2026-10-09T20:56:15.496878832Z,"['AB Tasty', 'ADFOX', 'AJAX Libraries API', 'AWS WAF Challenge', 'Active Campaign', 'AdRoll', 'AddThis for Wordpress', 'Adobe Analytics', 'Adobe Marketing Cloud', 'Alternate Protocol', 'Amazon Associates Affiliate Shop', 'Amazon WAF Blocked', 'Amplitude', 'AppNexus Direct', 'Astra Theme', 'Authorize.net', 'Automattic', 'Bing Cashback', 'Bing Conversion Tracking', 'Braintree', 'Brevo', 'Brightcove', 'Bunny Fonts', 'BunnyCDN General', 'ByteDance', 'CDN JS', 'CDN77 Hosted', 'Calendly', 'Cart.com', 'Chartbeat', 'Clicky', 'Cloudflare', 'Cloudflare CDN', 'Cloudflare Web Analytics', 'Content Delivery Network', 'ConvertKit', 'CrazyEgg', 'Crisp', 'Criteo', 'Criteo Reseller', 'DailyMotion Video', 'Disqus Comment System for WordPress', 'DoubleClick Bid Manager', 'Drift', 'ElementUI', 'Elementor', 'EmbedPress', 'Engage', 'Facebook Embedded Posts', 'Facebook Reseller', 'Firebase', 'Font Awesome', 'Freshworks Bot', 'Giphy', 'Global Privacy Control', 'GoDaddy', 'Google', 'Google Adsense', 'Google Analytics', 'Google Cloud CDN', 'Google Cloud DNS', 'Google Font API', 'Google Maps', 'Google Matched Content', 'Google My Business', 'Google Pay', 'Google Reseller', 'Google Tag Manager', 'Heap', 'Help Scout', 'Hubspot', 'Impact', 'Infolinks', 'Inspectlet', 'Instagram Follow Button', 'Intercom', 'Iubenda', 'JW Player Platform', 'Jetpack', 'JotForm', 'Kinsta', 'Klaviyo', 'Line2', 'LiveChat', 'LiveChat Monitoring', 'MailChimp', 'MailerLite', 'Marketo', 'Matomo', 'Media.net', 'Media.net Reseller', 'Mediavine Publisher', 'Microdata for Google Shopping', 'Microsoft Clarity', 'Mixpanel', 'Mouseflow', 'NFOrce Internet', 'New Relic', 'NitroPack', 'Olark', 'OpenX Direct', 'OptiMole', 'Optimizely Recommendations', 'Outbrain Direct', 'PHP', 'Pardot', 'Parse.ly', 'PayPal Adaptive Payments', 'Pinterest Conversion Tracking', 'Piwik PRO', 'Plausible Analytics', 'PubMatic Direct', 'Pubmatic', 'PushEngage', 'QUIC', 'Quantcast Direct', 'RM Education', 'Recart', 'RocketCDN', 'Rumble Player', 'Seflow Italy', 'Segment', 'ShareThis', 'Sign In With Google', 'Sitelinks Search Box', 'Square', 'Squarespace Online Appointment Scheduling', 'StatCounter', 'Statically', 'Stripe', 'Sumo', 'Swell Rewards', 'Taboola Direct', 'Taboola Reseller', 'Tealium', 'Theme In WP', 'Thrive Direct', 'Twitch', 'Twitter Ads', 'Twitter Analytics', 'Typeform', 'UTF-8', 'VigLink', 'Vimeo', 'Vine Embed', 'Visual Website Optimizer', 'Wangsu', 'Way', 'Website Tonight', 'Wistia', 'Woo Themes', 'WooCommerce', 'WooCommerce Checkout', 'WooCommerce Payments', 'Woopra', 'WordPress', 'WordPress Multisite', 'WordPress Related Posts', 'Yandex Hosting', 'Yotpo', 'YouTube', 'comScore', 'jQuery', 'jsDelivr', 'reCAPTCHA']"
emailmarketingworkswell.com,This domain is not longer supported,,,55,3481,2026-10-09T20:47:51.566438142Z,"['Alternate Protocol', 'Apture Linking Platform', 'BunnyCDN', 'BunnyCDN General', 'Cloudflare', 'Cloudflare Web Analytics', 'Content Delivery Network', 'Crisp', 'FirstPromoter', 'Google', 'Google Analytics', 'Google Cloud DNS', 'Google Font API', 'Google My Business', 'Google Related Website Sites', 'Google Tag Manager', 'Instagram Follow Button', 'Notion', 'Product Hunt', 'ProfitWell', 'RM Education', 'Tailwind CSS', 'Twitter Ads', 'UTF-8', 'Unicorn Platform']"
nomadbnb.xyz,"Airbnb Alerts for Cancellations, New Listings & Price Drops, with Push | Alertstays",,ZAF,92,6129,2026-10-09T19:07:50.126303683Z,"['App Store', 'Apture Linking Platform', 'Astro', 'Content Delivery Network', 'Crisp', 'Fastly', 'GZIP Module', 'GitHub Hosting', 'Google', 'Google Analytics', 'Google Cloud DNS', 'Google Font API', 'Google My Business', 'Google Play', 'Google Tag Manager', 'Instagram Follow Button', 'Microdata for Google Shopping', 'Product Hunt', 'Smart App Banner', 'Tailwind CSS', 'UTF-8', 'WordPress SEO Structured Data Schema Plugin', 'YouTube', 'shadcn ui']"
cybertech-ai.com,CyberTech AI,,,50,7863,2026-10-09T18:42:58.89961855Z,"['Alternate Protocol', 'Astra Theme', 'Content Delivery Network', 'Crisp', 'EmbedPress', 'Fireblade', 'GenerateBlocks', 'Google', 'Google Analytics', 'Google Cloud DNS', 'Google Font API', 'Google Tag Manager', 'LiteSpeed', 'PHP', 'Theme In WP', 'UTF-8', 'Ultimate Addons for Gutenberg', 'WordPress', 'WordPress Multisite', 'WordPress Related Posts']"
phonerepairmore.com,Electronics Repair Shop in Florida | Phone Repair & More®,Phone Repair & More®,USA,82,6770,2026-10-09T18:01:08.051452798Z,"['Alternate Protocol', 'Apture Linking Platform', 'AutoComplete', 'CDN JS', 'Cloudflare', 'Cloudflare CDN', 'Crisp', 'DAV', 'ElementUI', 'Elementor', 'EmbedPress', 'Google Analytics', 'Google Customer Reviews', 'Google My Business', 'Google Related Website Sites', 'Google Tag Manager', 'Harbor', 'Lazy Load for WordPress', 'Microdata for Google Shopping', 'NFOrce Internet', 'PHP', 'Perfmatters', 'Perl', 'QUIC', 'Theme In WP', 'TrustIndex', 'UTF-8', 'WP Rocket', 'WordPress', 'WordPress Multisite', 'WordPress Related Posts', 'Yandex Hosting', 'jQuery']"
bluetechwindows.com,BlueTech Windows — Windows & Doors You Can Rely On,BlueTech Windows,POL,87,18619,2026-10-09T15:54:08.071684887Z,"['AWS WAF Challenge', 'Cloudflare', 'Cloudflare CDN', 'Cloudflare Turnstile', 'Coming Soon Page', 'Crisp', 'DoubleClick Bid Manager', 'Financial Services Guide', 'GZIP Module', 'Google', 'Google Analytics', 'Google Cloud DNS', 'Google Font API', 'Google My Business', 'Google Tag Manager', 'Instagram Follow Button', 'LiteSpeed', 'Microdata for Google Shopping', 'Next.js', 'Tailwind CSS', 'UTF-8', 'YouTube', 'shadcn ui']"
graphly.app,#1 Rated Reporting Tool for Keap Users | Graphly.io,Graphly,USA,67,4041,2026-10-09T14:39:16.805216913Z,"['Accordion Blocks', 'Alternate Protocol', 'Autoptimize', 'Crisp', 'ElementUI', 'EmbedPress', 'GZIP Module', 'GenerateBlocks', 'GeneratePress Company', 'Google', 'Google Analytics', 'Google Cloud DNS', 'Google Font API', 'Google Tag Manager', 'Gravity', 'Gravity Forms', 'Microdata for Google Shopping', 'Nginx', 'PHP', 'Sitelinks Search Box', 'Theme In WP', 'Toolset', 'Twitter Ads', 'UTF-8', 'WordPress', 'WordPress Multisite', 'YouTube', 'jQuery', 'shadcn ui']"
staxio.tools,Staxio - SEO Stacks,,,67,26939,2026-10-09T14:28:21.944990234Z,"['Brizy', 'Bunny Fonts', 'BunnyCDN', 'BunnyCDN General', 'Content Delivery Network', 'ConvertBox', 'Crisp', 'Google Analytics', 'Google Tag Manager', 'IBM Cloud', 'KVH', 'Netlify', 'No-Q', 'QUIC', 'Subversion', 'UTF-8', 'YouTube']"
prewaxedchains.eu,"Professionally Waxed Bike Chains | Shimano, SRAM, Campagnolo",prewaxedchains.eu,FRA,70,18197,2026-10-09T13:04:28.416969936Z,"['Alternate Protocol', 'Amazon WAF Blocked', 'Apache', 'Apture Linking Platform', 'ByteDance', 'Crisp', 'DailyMotion Video', 'Elementor', 'EmbedPress', 'Facebook Pixel', 'Facebook Reseller', 'Google Analytics', 'Google Maps', 'Google My Business', 'Google Related Website Sites', 'Google Tag Manager', 'Hello Elementor', 'Hubspot', 'Instagram Follow Button', 'Intercom', 'Microdata for Google Shopping', 'Microsoft Clarity', 'PHP', 'PWA', 'Parcel', 'QUIC', 'TikTok Conversion Tracking Pixel', 'TranslatePress', 'Twitter Ads', 'Twitter Analytics', 'UTF-8', 'Vimeo', 'Woo Themes', 'WooCommerce', 'WooCommerce Checkout', 'WordPress', 'WordPress Multisite', 'YouTube', 'jQuery']"
carmensjanitorialservice.com,Janitorial Services - Carmen’s Janitorial Cleaning Services,,USA,82,22890,2026-10-09T12:10:40.947335858Z,"['Alternate Protocol', 'Cloudflare', 'Content Delivery Network', 'Crisp', 'DAV', 'Elementor', 'EmbedPress', 'FormSubmit', 'Formidable Pro Form', 'GoDaddy', 'Google Analytics', 'Google Customer Reviews', 'Google Maps', 'Google My Business', 'Google Tag Manager', 'Instagram Follow Button', 'Kitco', 'Microdata for Google Shopping', 'Neve', 'Ntent', 'PHP', 'QUIC', 'Site Kit', 'Sitelinks Search Box', 'Theme In WP', 'TrustIndex', 'UTF-8', 'Wangsu', 'WordPress', 'WordPress Multisite', 'jQuery']"
cubillas10.com,"Soccer Athletic Wear - Simple, Quality Gear Inspired by Nene Cubillas – Cubillas10 Store",Cubillas10 Store,,72,13372,2026-10-09T12:10:40.93350024Z,"['Alternate Protocol', 'Apture Linking Platform', 'Baidu Cloud', 'Cloudflare', 'Cloudflare CDN', 'Crisp', 'Express', 'Fastly', 'Google Cloud DNS', 'Google Font API', 'IcoMoon', 'Instagram Follow Button', 'Microdata for Google Shopping', 'OptiMonk', 'Perl', 'QUIC', 'Shopify', 'Shopify Collabs', 'UTF-8', 'Yandex Hosting', 'hCaptcha', 'reCAPTCHA']"
lockpickpro.shop,Lock Pick Pro | Best Lock Pick Set for Beginners Practice Kit + Guide,Lockpickpro,CHN,82,10464,2026-10-09T11:51:27.874904901Z,"['Alternate Protocol', 'Apture Linking Platform', 'Baidu Cloud', 'Cloudflare', 'Cloudflare CDN', 'Crisp', 'Google Analytics', 'Google Related Website Sites', 'IcoMoon', 'Microdata for Google Shopping', 'QUIC', 'Shopify', 'Shopify Collabs', 'Tailwind CSS', 'UTF-8', 'Yandex Hosting', 'hCaptcha', 'reCAPTCHA']"
elhejaz.com,Premium Outdoor Living Solutions Egypt - ElHejaz,El hejaz Company,EGY,87,8749,2026-10-09T10:45:56.770228301Z,"['Alternate Protocol', 'Apture Linking Platform', 'CDN JS', 'Cloudflare', 'Cloudflare CDN', 'Contact Form Plugin', 'Crisp', 'DAV', 'Elementor', 'EmbedPress', 'Financial Services Guide', 'Google Analytics', 'Google Related Website Sites', 'Google Tag Manager', 'Instagram Follow Button', 'Intercom', 'Lazy Load for WordPress', 'Metform Elemento', 'Microdata for Google Shopping', 'No-Q', 'PHP', 'ProfilePress', 'Slider Revolution', 'UTF-8', 'Woo Themes', 'WooCommerce Checkout', 'WordPress', 'WordPress Multisite', 'YouTube', 'eLand', 'jsDelivr']"
khizu.com,Khizu — Where Style and Comfort Unite – Step with Confidence. Impress Everywhere,,,55,1339,2026-10-09T10:18:02.156602952Z,"['Alternate Protocol', 'Contact Form Plugin', 'Content Delivery Network', 'Crisp', 'Elementor', 'EmbedPress', 'Google Related Website Sites', 'Hotjar', 'Instagram Follow Button', 'LiteSpeed', 'LiveChat', 'LiveChat Monitoring', 'NFOrce Internet', 'PHP', 'QUIC', 'Rocket Chat', 'Tailwind CSS', 'Theme In WP', 'UTF-8', 'Woo Themes', 'WooCommerce', 'WooCommerce Checkout', 'WordPress', 'WordPress Multisite', 'XStore', 'YouTube', 'jQuery']"
leadidentitycheck.com,"Lead Identity Check – Boost your sales with high-quality leads! Our lead verification service ensures accurate and authentic data, reducing fake and inaccurate leads.",,USA,87,33538,2026-10-09T09:21:03.357575078Z,"['AWS WAF Challenge', 'Alternate Protocol', 'Cloudflare', 'Content Delivery Network', 'Crisp', 'Elementor', 'EmbedPress', 'Fireblade', 'Google Analytics', 'Google Tag Manager', 'Hello Elementor', 'PHP', 'QUIC', 'Theme In WP', 'UTF-8', 'WP Engine', 'Wistia', 'WordPress', 'WordPress Multisite', 'YouTube', 'jQuery']"
linkmatch.com,CRM Integration for LinkedIn – Chrome Extension | LinkMatch,,,82,238226,2026-10-09T03:17:28.897353261Z,"['Alternate Protocol', 'Apture Linking Platform', 'Cloudflare', 'Cloudflare CDN', 'Coming Soon Page', 'Crisp', 'EmbedPress', 'Fancybox for WordPress', 'Fireblade', 'Google Analytics', 'Google My Business', 'Google Tag Manager', 'IcoMoon', 'KVH', 'Microdata for Google Shopping', 'No-Q', 'PHP', 'QUIC', 'SMC', 'Salesforce Hosted', 'SavvyCal', 'Subversion', 'Thank You', 'Theme In WP', 'Twitter Ads', 'UTF-8', 'WordPress', 'WordPress Multisite', 'YouTube', 'Zope']"
linkupapi.com,LinkupAPI: The Outreach API for AI Agents & Software,LinkupAPI,,82,39008,2026-10-09T01:50:15.311777872Z,"['Alternate Protocol', 'Amazon', 'Amazon CloudFront', 'Apture Linking Platform', 'Better Lead Generation Services', 'Calendly', 'CloudFront', 'Cloudflare', 'Content Delivery Network', 'Crisp', 'ElementUI', 'Flow', 'GZIP Module', 'Google Analytics', 'Google My Business', 'Google Tag Manager', 'Microdata for Google Shopping', 'Pico CSS', 'QUIC', 'Tailwind CSS', 'UTF-8', 'Vector Internet Services', 'WF Cookie Consent', 'Webflow', 'jsDelivr']"
ttcso.com,TTCADD & STRUCTURAL OUTSOURCING PVT LTD,TTCADD STRUCTURAL OUTSOURCING PVT LTD,IND,77,6562,2026-10-08T23:04:03.520449129Z,"['Alternate Protocol', 'Contact Form Plugin', 'Crisp', 'Elementor', 'EmbedPress', 'Essential Addons for Elementor', 'Font Awesome', 'GZIP Module', 'Google', 'Google Analytics', 'Google Cloud CDN', 'Google Cloud DNS', 'Google Font API', 'Google Related Website Sites', 'Google Tag Manager', 'Microdata for Google Shopping', 'NFOrce Internet', 'Nginx', 'PHP', 'QUIC', 'Theme In WP', 'UTF-8', 'Vello', 'Woo Themes', 'WordPress', 'WordPress File Upload', 'WordPress Multisite', 'jQuery']"
pesupiste.fi,Pesu Piste – Puhdas auto rennolla otteella,,FIN,70,763592,2026-10-08T20:50:16.903213425Z,"['AB Tasty', 'ADFOX', 'AJAX Libraries API', 'AWS WAF Challenge', 'Active Campaign', 'AdRoll', 'AddThis for Wordpress', 'Adobe Analytics', 'Adobe Marketing Cloud', 'Alternate Protocol', 'Amazon Associates Affiliate Shop', 'Amazon WAF Blocked', 'Amplitude', 'AppNexus Direct', 'Astra Theme', 'Authorize.net', 'Automattic', 'Bing Cashback', 'Bing Conversion Tracking', 'Braintree', 'Brevo', 'Brightcove', 'Bunny Fonts', 'BunnyCDN General', 'ByteDance', 'CDN JS', 'CDN77 Hosted', 'Calendly', 'Cart.com', 'Chartbeat', 'Clicky', 'Cloudflare', 'Cloudflare CDN', 'Cloudflare Web Analytics', 'ConvertKit', 'CrazyEgg', 'Crisp', 'Criteo', 'Criteo Reseller', 'DailyMotion Video', 'Disqus Comment System for WordPress', 'DoubleClick Bid Manager', 'Drift', 'ElementUI', 'Elementor', 'EmbedPress', 'Engage', 'Facebook Embedded Posts', 'Facebook Reseller', 'Firebase', 'Font Awesome', 'Freshworks Bot', 'Giphy', 'Google', 'Google Adsense', 'Google Analytics', 'Google Cloud CDN', 'Google Cloud DNS', 'Google Font API', 'Google Maps', 'Google Matched Content', 'Google My Business', 'Google Pay', 'Google Reseller', 'Google Tag Manager', 'Heap', 'Help Scout', 'Hubspot', 'Impact', 'Infolinks', 'Inspectlet', 'Instagram Follow Button', 'Intercom', 'Iubenda', 'JW Player Platform', 'Jetpack', 'JotForm', 'Kinsta', 'Klaviyo', 'LiteSpeed', 'LiveChat', 'LiveChat Monitoring', 'MailChimp', 'MailerLite', 'Marketo', 'Matomo', 'Media.net', 'Media.net Reseller', 'Mediavine Publisher', 'Microsoft Clarity', 'Mixpanel', 'Mouseflow', 'New Relic', 'NitroPack', 'Olark', 'OpenX Direct', 'OptiMole', 'Optimizely Recommendations', 'Outbrain Direct', 'PHP', 'Pardot', 'Parse.ly', 'PayPal Adaptive Payments', 'Pinterest Conversion Tracking', 'Piwik PRO', 'Plausible Analytics', 'PubMatic Direct', 'Pubmatic', 'PushEngage', 'Quantcast Direct', 'RM Education', 'Recart', 'RocketCDN', 'Rumble Player', 'Seflow Italy', 'Segment', 'ShareThis', 'Sign In With Google', 'Square', 'Squarespace Online Appointment Scheduling', 'StatCounter', 'Statically', 'Stripe', 'Sumo', 'Swell Rewards', 'Taboola Direct', 'Taboola Reseller', 'Tealium', 'Theme In WP', 'Thrive Direct', 'Twitch', 'Twitter Ads', 'Twitter Analytics', 'Typeform', 'UTF-8', 'VigLink', 'Vimeo', 'Vine Embed', 'Visual Website Optimizer', 'Way', 'Wistia', 'Woo Themes', 'Woopra', 'WordPress', 'WordPress Multisite', 'WordPress Related Posts', 'Yandex Hosting', 'Yotpo', 'YouTube', 'comScore', 'jQuery', 'jsDelivr', 'reCAPTCHA']"
tailscreative.com,"Tails Creative | Content, Digital & Print Graphic Design | Southampton",,GBR,77,20170,2026-10-08T18:05:56.473173133Z,"['AWS WAF Challenge', 'Adobe Creative Cloud WebFonts', 'Alternate Protocol', 'Apache', 'Apture Linking Platform', 'Cloudflare', 'Cloudflare CDN', 'Crisp', 'EmbedPress', 'Facebook Conversion Tracking', 'Facebook Login', 'Facebook Messenger Platform', 'Facebook Pixel', 'Facebook Reseller', 'Facebook Tag API', 'FormSubmit', 'Formidable Pro Form', 'GZIP Module', 'Google', 'Google My Business', 'Google Related Website Sites', 'Instagram Follow Button', 'MailChimp for WordPress', 'Microdata for Google Shopping', 'PHP', 'QUIC', 'Tailwind CSS', 'Theme In WP', 'UTF-8', 'University or College', 'WPBakery', 'Woo Themes', 'WooCommerce', 'WooCommerce Checkout', 'WooCommerce Payments', 'WordPress', 'WordPress Multisite', 'jQuery']"
benzel.com.ph,Benzel,,PHL,50,456,2026-10-08T17:27:32.261603597Z,"['Bulma', 'Crisp', 'GZIP Module', 'IcoMoon', 'Instagram Follow Button', 'Nginx', 'Tailwind CSS', 'Twitter Ads']"
polikliniekprinswillem.nl,Home - The International Health Centre The Hague %,The International Health Centre The Hague,NLD,77,19208,2026-10-08T17:17:04.649925605Z,"['AWS WAF Challenge', 'Alternate Protocol', 'Cloudflare', 'Cloudflare CDN', 'Contact Form Plugin', 'Content Delivery Network', 'Crisp', 'DuracellTomi Google Tag Manager for WordPress', 'EmbedPress', 'GTranslate', 'Google', 'Google Analytics', 'Google Cloud DNS', 'Google Font API', 'Google My Business', 'Google Tag Manager', 'Gtranslate for Wordpress', 'Instagram Follow Button', 'Microdata for Google Shopping', 'Microsoft Clarity', 'PHP', 'Perl', 'Theme In WP', 'UTF-8', 'Woo Themes', 'WordPress', 'WordPress Multisite', 'YouTube', 'jQuery']"
contrast-connect.com,Virtual Contrast Supervision | ContrastConnect,,USA,82,28347,2026-10-08T17:07:21.899989437Z,"['AJAX Libraries API', 'AWS WAF Challenge', 'Amazon', 'Amazon CloudFront', 'Apollo IO', 'CDN JS', 'CloudFront', 'Cloudflare', 'Cloudflare CDN', 'Content Delivery Network', 'Crisp', 'Express', 'GZIP Module', 'Google', 'Google Cloud DNS', 'Google Font API', 'Google My Business', 'Google Tag Manager', 'Microdata for Google Shopping', 'Microsoft Clarity', 'Newsletter for Wordpress', 'Tailwind CSS', 'UTF-8', 'Vector Internet Services', 'Vimeo', 'WF Cookie Consent', 'jsDelivr', 'reCAPTCHA']"
zen-brew.com,ZenBrew Tea Studio: Authentic Chinese Loose-Leaf Tea,ZenBrew Tea Studio,CHN,77,9996,2026-10-08T15:58:29.410048274Z,"['Apture Linking Platform', 'Baidu Cloud', 'Cloudflare', 'Cloudflare CDN', 'Crisp', 'Express', 'Google Related Website Sites', 'Microdata for Google Shopping', 'QUIC', 'Shopify', 'Shopify Collabs', 'UTF-8', 'Yandex Hosting', 'hCaptcha', 'reCAPTCHA']"
myplacepay.com,Guest WiFi & Review Generation for Hospitality | MyPlace,MyPlace,IRL,77,48853,2026-10-08T15:48:04.206402958Z,"['AWS WAF Challenge', 'Agoda', 'Alternate Protocol', 'Apture Linking Platform', 'Aruba', 'Beaver Builder Lite', 'CDN JS', 'Cisco/Arrowpoint Content Service Switch', 'Cloudflare', 'Cloudflare CDN', 'Content Delivery Network', 'Contento', 'Crisp', 'DAV', 'EmbedPress', 'Font Awesome', 'Google Analytics', 'Google Customer Reviews', 'Google My Business', 'Google Tag Manager', 'LottieFiles', 'Max Mega Menu Pro', 'Microdata for Google Shopping', 'NitroPack', 'Sitelinks Search Box', 'Twitter Ads', 'UTF-8', 'Vimeo', 'WP Engine', 'Woo Themes', 'WooCommerce Checkout', 'WordPress', 'WordPress Multisite']"
gofastsailing.com,Spencer.club,Spencer,BRA,77,46640,2026-10-08T12:04:11.758494764Z,"['AWS WAF Challenge', 'Alternate Protocol', 'Amazon', 'Amazon WAF Blocked', 'Apture Linking Platform', 'Better Lead Generation Services', 'Cisco/Arrowpoint Content Service Switch', 'Content Delivery Network', 'Crisp', 'DAV', 'Envoy', 'Express', 'Fireblade', 'Giphy', 'Google', 'Google Cloud DNS', 'Google Maps', 'Google My Business', 'Instagram API', 'Instagram Follow Button', 'Line2', 'Microdata for Google Shopping', 'Next.js', 'Plausible Analytics', 'QUIC', 'Share Link', 'Tailwind CSS', 'Thank You', 'UTF-8', 'Vector Internet Services', 'Vercel', 'eLand', 'shadcn ui']"
houseofpianos.com.au,Pianos Melbourne | Piano Shop Melbourne | House of Pianos,House Of Pianos,AUS,87,26416,2026-10-08T12:04:11.740708551Z,"['Apture Linking Platform', 'Aruba', 'CDN JS', 'Cloudflare', 'Cloudflare CDN', 'Crisp', 'DAV', 'Facebook Conversion Tracking', 'Facebook Login', 'Facebook Messenger Platform', 'Facebook Pixel', 'Facebook Reseller', 'Facebook Tag API', 'Google Analytics', 'Google Customer Reviews', 'Google My Business', 'Google Tag Manager', 'Instagram Follow Button', 'Microdata for Google Shopping', 'Microsoft Clarity', 'NFOrce Internet', 'Ntent', 'Perl', 'QUIC', 'Shopify', 'Shopify Collabs', 'Snowplow', 'Subversion', 'Tailwind CSS', 'UTF-8', 'Vercel', 'eLand', 'hCaptcha', 'jQuery', 'reCAPTCHA']"
leuchtreklameshop.eu,Leucht Reklame Shop,,SRB,65,3580,2026-10-08T11:51:49.084047038Z,"['Apache', 'Crisp', 'GZIP Module', 'Google', 'Google Cloud DNS', 'Google Font API', 'PHP', 'QUIC', 'Twitter Ads', 'UTF-8', 'YouTube', 'jQuery', 'jsDelivr']"
lightsuponline.com.au,"Lighting, Pendant & Table Lamps Store | Lightsup Online AU",lightsuponline,GBR,77,20211,2026-10-08T10:21:55.020612622Z,"['Amazon WAF Blocked', 'Amped', 'Apture Linking Platform', 'Baidu Cloud', 'Cloudflare', 'Cloudflare CDN', 'Crisp', 'Google My Business', 'Google Related Website Sites', 'Klaviyo', 'Microdata for Google Shopping', 'Newsletter for Wordpress', 'QUIC', 'Shopify', 'Shopify Collabs', 'Stamped', 'Svelte', 'Tailwind CSS', 'Thank You', 'Tidio', 'To Top', 'UTF-8', 'Yandex Hosting', 'YouTube', 'hCaptcha', 'reCAPTCHA']"
nyp-corp.com,NYP Corporation - 75 Years of Packaging Excellence,,USA,77,6256,2026-10-08T09:07:53.512158206Z,"['AJAX Libraries API', 'Amazon', 'Amazon CloudFront', 'CloudFront', 'Cloudflare', 'Content Delivery Network', 'Crisp', 'GZIP Module', 'Google', 'Google Analytics', 'Google Cloud DNS', 'Google Font API', 'Google Tag Manager', 'Tailwind CSS', 'UTF-8', 'WF Cookie Consent', 'Webflow']"
kubicoffee.com,Kubi coffee,Kubi coffee,USA,70,32852,2026-10-08T09:07:53.508170459Z,"['Apture Linking Platform', 'Baidu Cloud', 'Cloudflare', 'Cloudflare CDN', 'Crisp', 'Fastly', 'GoAffPro', 'IcoMoon', 'M247', 'Microdata for Google Shopping', 'Shopify', 'Shopify Collabs', 'Tailwind CSS', 'Twitter Ads', 'UTF-8', 'Yandex Hosting', 'YouTube', 'hCaptcha', 'reCAPTCHA']"
suitedreamsguesthouse.com,Suite Dreams Inn by the beach,,GBR,77,50279,2026-10-08T07:20:20.841826081Z,"['All in One SEO Pack', 'Alternate Protocol', 'AutoComplete', 'Book Direct', 'Crisp', 'DoubleClick Bid Manager', 'Google', 'Google Analytics', 'Google Cloud DNS', 'Google Maps', 'Google My Business', 'Google Recommendations AI', 'Google Tag Manager', 'NFOrce Internet', 'Nginx', 'PHP', 'The Fresh', 'Theme In WP', 'UTF-8', 'WordPress', 'WordPress Multisite', 'YouTube', 'jQuery']"
mokidsworld.com,Home | MO Kids World,Mo Kids World,JOR,65,12131,2026-10-08T05:04:43.729809272Z,"['Alternate Protocol', 'Amazon', 'CookieYes', 'Crisp', 'Elementor', 'EmbedPress', 'Facebook Login', 'Facebook Messenger Platform', 'Facebook Pixel', 'Facebook Reseller', 'Facebook Tag API', 'Google Analytics', 'Google My Business', 'Google Related Website Sites', 'Google Tag Manager', 'Instagram Follow Button', 'Kitco', 'Line2', 'LiteSpeed', 'Microdata for Google Shopping', 'NFOrce Internet', 'Ntent', 'Polylang', 'QUIC', 'QUIC.cloud', 'Sign In With Google', 'UTF-8', 'Woo Themes', 'WooCommerce', 'WooCommerce Checkout', 'WordPress', 'WordPress Multisite', 'YouTube']"
atihvacr.com,"Adroit Technical Institute | HVAC/R Training Services in Signal Hill, CA",Adroit Technical Institute,,67,17000,2026-10-08T03:59:51.159714332Z,"['Alternate Protocol', 'Apture Linking Platform', 'AutoComplete', 'Contact Form Plugin', 'Crisp', 'Elementor', 'EmbedPress', 'Fireblade', 'Google Cloud DNS', 'Google Font API', 'IcoMoon', 'Instagram Follow Button', 'LayerSlider Responsive', 'LiteSpeed', 'Microdata for Google Shopping', 'PHP', 'Q2W3 Fixed Widget', 'Sitelinks Search Box', 'Slider Revolution', 'Theme In WP', 'UTF-8', 'Visual Composer Ultimate Addons', 'WP Featherlight', 'WPBakery', 'WordPress', 'WordPress Multisite', 'YouTube', 'jQuery']"
bigthinkcapita1.com,Small Business Loans & Online Funding | Big Think Capital,,USA,77,71536,2026-10-08T02:30:29.652749056Z,"['AWS WAF Challenge', 'Bing Cashback', 'ByteDance', 'Calendly', 'Cloudflare', 'Cloudflare CDN', 'Cloudflare Turnstile', 'Content Delivery Network', 'Crisp', 'DoubleClick Bid Manager', 'Drift', 'Facebook Reseller', 'Google', 'Google Analytics', 'Google Cloud DNS', 'Google Font API', 'Google Tag Manager', 'Hubspot', 'Instagram Follow Button', 'Intercom', 'LinkedIn Pixel', 'LiveChat', 'LiveChat Monitoring', 'Microdata for Google Shopping', 'Microsoft Clarity', 'Next.js', 'Pico CSS', 'QUIC', 'Sitelinks Search Box', 'Trustpilot Reviews for WordPress', 'Twitter Ads', 'UTF-8', 'Vercel', 'Zendesk Embeddables', 'reCAPTCHA']"
yesnotarot.org,Yes No Tarot Reading Online — Free Instant Answers,,,67,16527,2026-10-08T01:06:00.524000548Z,"['AWS WAF Challenge', 'Alternate Protocol', 'Cloudflare', 'Cloudflare CDN', 'Cloudflare Web Analytics', 'Coming Soon Page', 'Crisp', 'Express', 'Funding Choices', 'Google Adsense', 'Google Analytics', 'Google Funding Choices', 'Google Matched Content', 'Google My Business', 'Google Reseller', 'Google Tag Manager', 'Microdata for Google Shopping', 'Plausible Analytics', 'QUIC', 'SiteW', 'Tailwind CSS', 'The Deck', 'UTF-8', 'shadcn ui']"
gospelcinemaint.com,HOME - Gospel Cinema International,Gospel Cinema International,NGA,82,763592,2026-10-08T00:12:20.198698222Z,"['AB Tasty', 'ADFOX', 'AJAX Libraries API', 'AWS WAF Challenge', 'Active Campaign', 'AdRoll', 'AddThis for Wordpress', 'Adobe Analytics', 'Adobe Marketing Cloud', 'Alternate Protocol', 'Amazon Associates Affiliate Shop', 'Amazon WAF Blocked', 'Amplitude', 'AppNexus Direct', 'Astra Theme', 'Authorize.net', 'Automattic', 'Bing Cashback', 'Bing Conversion Tracking', 'Braintree', 'Brevo', 'Brightcove', 'Bunny Fonts', 'BunnyCDN General', 'ByteDance', 'CDN JS', 'CDN77 Hosted', 'Calendly', 'Cart.com', 'Chartbeat', 'Clicky', 'Cloudflare', 'Cloudflare CDN', 'Cloudflare Web Analytics', 'ConvertKit', 'CrazyEgg', 'Crisp', 'Criteo', 'Criteo Reseller', 'DailyMotion Video', 'Disqus Comment System for WordPress', 'DoubleClick Bid Manager', 'Drift', 'ElementUI', 'Elementor', 'EmbedPress', 'Engage', 'Facebook Embedded Posts', 'Facebook Reseller', 'Firebase', 'Font Awesome', 'Freshworks Bot', 'Giphy', 'Global Privacy Control', 'Google', 'Google Adsense', 'Google Analytics', 'Google Cloud CDN', 'Google Cloud DNS', 'Google Font API', 'Google Maps', 'Google Matched Content', 'Google My Business', 'Google Pay', 'Google Reseller', 'Google Tag Manager', 'Header, Footer and Blocks for Elementor', 'Heap', 'Help Scout', 'Hubspot', 'Impact', 'Infolinks', 'Inspectlet', 'Instagram Follow Button', 'Intercom', 'Iubenda', 'JW Player Platform', 'Jetpack', 'JotForm', 'Kinsta', 'Klaviyo', 'LiveChat', 'LiveChat Monitoring', 'MailChimp', 'MailerLite', 'Marketo', 'Matomo', 'Media.net', 'Media.net Reseller', 'Mediavine Publisher', 'Microdata for Google Shopping', 'Microsoft Clarity', 'Mixpanel', 'Mouseflow', 'New Relic', 'NitroPack', 'Olark', 'OpenX Direct', 'OptiMole', 'Optimizely Recommendations', 'Outbrain Direct', 'PHP', 'Pardot', 'Parse.ly', 'PayPal Adaptive Payments', 'Pinterest Conversion Tracking', 'Piwik PRO', 'Plausible Analytics', 'PubMatic Direct', 'Pubmatic', 'PushEngage', 'Quantcast Direct', 'RM Education', 'Recart', 'RocketCDN', 'Rumble Player', 'Seflow Italy', 'Segment', 'ShareThis', 'Sign In With Google', 'Square', 'Squarespace Online Appointment Scheduling', 'StatCounter', 'Statically', 'Stripe', 'Sumo', 'Swell Rewards', 'Taboola Direct', 'Taboola Reseller', 'Tealium', 'Theme In WP', 'Thrive Direct', 'Twitch', 'Twitter Ads', 'Twitter Analytics', 'Typeform', 'UTF-8', 'VigLink', 'Vimeo', 'Vine Embed', 'Visual Website Optimizer', 'Way', 'Wistia', 'Woo Themes', 'Woopra', 'WordPress', 'WordPress Multisite', 'WordPress Related Posts', 'Yandex Hosting', 'Yotpo', 'YouTube', 'comScore', 'jQuery', 'jsDelivr', 'reCAPTCHA']"
homecaretherapy.ca,Home,,USA,67,26516,2026-10-07T23:24:15.398975172Z,"['Alternate Protocol', 'Bookly', 'Contento', 'Crisp', 'EmbedPress', 'Google Analytics', 'Google Cloud DNS', 'Google Font API', 'Google Tag Manager', 'Instagram Follow Button', 'Material Design Icons', 'Nginx', 'PHP', 'Slider Revolution', 'Telegram', 'Theme In WP', 'UTF-8', 'WPBakery', 'Woo Themes', 'WooCommerce', 'WooCommerce Checkout', 'WooCommerce Payments', 'WordPress', 'WordPress Multisite', 'Zephyr', 'jQuery']"
myafz.in,Afz Education,,IND,60,490,2026-10-07T19:36:58.735032847Z,"['AF themes', 'Alternate Protocol', 'CDN JS', 'Cloudflare', 'Cloudflare CDN', 'Contact Form Plugin', 'ContentViews', 'Crisp', 'Elementor', 'EmbedPress', 'Font Awesome', 'Google Cloud DNS', 'Google Font API', 'Google Related Website Sites', 'Instagram Follow Button', 'PHP', 'QUIC', 'SiteOrigin', 'SiteOrigin Panels', 'Tailwind CSS', 'Theme In WP', 'UTF-8', 'University or College', 'Vantage', 'WhatsApp Sharing', 'WordPress', 'WordPress Multisite', 'jQuery', 'shadcn ui']"
tdoxasia.com,Holistic health services in Asia TDOX Asia,TDOX ASIA,,67,9390,2026-10-07T19:36:58.725833018Z,"['Alternate Protocol', 'Apture Linking Platform', 'Crisp', 'EmbedPress', 'Federal Deposit Insurance Corporation', 'GZIP Module', 'Google', 'Google Cloud DNS', 'Google Font API', 'Google My Business', 'IcoMoon', 'Instagram Follow Button', 'Jetpack', 'Lazy Load for WordPress', 'Microdata for Google Shopping', 'Nginx', 'PHP', 'Slider Revolution', 'Theme In WP', 'UTF-8', 'Vector Internet Services', 'WPBakery', 'Woo Themes', 'WooCommerce', 'WooCommerce Checkout', 'WordPress', 'WordPress Multisite', 'jQuery']"
optimalproof.com,Optimal Proof - Increase conversions on your website,,,62,1756,2026-10-07T18:46:31.506977047Z,"['AJAX Libraries API', 'Alternate Protocol', 'Bulma', 'CDN JS', 'Cloudflare', 'Cloudflare CDN', 'Content Delivery Network', 'Crisp', 'Font Awesome', 'Formspree', 'Google Cloud DNS', 'Google Font API', 'Netlify', 'QUIC', 'Tailwind CSS', 'UTF-8', 'jQuery']"
alsyane.com,Alsyane General Trading Co. Ltd,ALSYANE GENERAL TRADING LTD,CHN,67,13540,2026-10-07T18:34:54.607898056Z,"['Crisp', 'Facebook Embedded Posts', 'GZIP Module', 'Google', 'Google Cloud CDN', 'Instagram Follow Button', 'Microdata for Google Shopping', 'Nginx', 'Onyx Internet', 'QUIC', 'Tailwind CSS', 'UTF-8', 'shadcn ui']"
rammww.com,rammww.com,,,50,877,2026-10-07T15:25:04.818820534Z,"['AWS WAF Challenge', 'Alternate Protocol', 'Apache', 'Apture Linking Platform', 'Astra Theme', 'Crisp', 'Elementor', 'EmbedPress', 'GenerateBlocks', 'Google', 'Google Analytics', 'Google Cloud DNS', 'Google Font API', 'Google Tag Manager', 'Header, Footer and Blocks for Elementor', 'InitiativeS', 'Line2', 'PHP', 'Presto Player', 'QUIC', 'Site Kit', 'Theme In WP', 'UTF-8', 'Ultimate Addons for Gutenberg', 'WP Live Chat Support', 'Woo Themes', 'WooCommerce', 'WooCommerce Checkout', 'WordPress', 'WordPress Multisite', 'WordPress Related Posts', 'jQuery']"
qrzam.com,QR Zam: Enterprise QR Code Solutions & Strategies,,,62,6370,2026-10-07T14:26:13.373932913Z,"['Alternate Protocol', 'Amazon', 'Apture Linking Platform', 'Cloudflare', 'Cloudflare CDN', 'Cloudflare Web Analytics', 'Crisp', 'Idaq', 'Microsoft Clarity', 'No-Q', 'QUIC', 'Tailwind CSS', 'UTF-8', 'Zope', 'shadcn ui']"
axcim.com,Axcim | Business Process Management | Outsourcing,Axcim,LKA,77,2386,2026-10-07T12:37:08.101633818Z,"['Alternate Protocol', 'Contact Form Plugin', 'Content Delivery Network', 'Crisp', 'EmbedPress', 'GZIP Module', 'Google Analytics', 'Google Cloud DNS', 'Google Font API', 'Google Related Website Sites', 'Google Tag Manager', 'Instagram Follow Button', 'Jetpack', 'Microdata for Google Shopping', 'PHP', 'Slider Revolution', 'Theme In WP', 'UTF-8', 'WPBakery', 'Woo Themes', 'WordPress', 'WordPress Multisite', 'WordPress Stats', 'jQuery']"
pcpumps.in,Home | PC Pumps & Systems | The Specialist in Eccentric Screw Pumps,PC Pumps & Systems,IND,87,3426,2026-10-07T12:11:15.955478461Z,"['Alternate Protocol', 'Better Lead Generation Services', 'Content Delivery Network', 'Crisp', 'Divi', 'Elegant Themes', 'EmbedPress', 'Font Awesome', 'Google Cloud DNS', 'Google Font API', 'Google My Business', 'Google Related Website Sites', 'LiteSpeed', 'Microdata for Google Shopping', 'PHP', 'Sitelinks Search Box', 'Theme In WP', 'Twitter Ads', 'UTF-8', 'WordPress', 'WordPress Multisite', 'YouTube', 'jQuery', 'reCAPTCHA']"
appfactory.com.br,AppFactory,,BRA,65,21239,2026-10-07T12:11:15.95332429Z,"['Apache', 'Bulma', 'Crisp', 'Font Awesome', 'Google Analytics', 'Google Tag Manager', 'Instagram Follow Button', 'M247', 'OpenSSL', 'PHP', 'Tailwind CSS', 'UTF-8', 'jQuery']"
snowcloud.in,SnowCloud - Creative Web Development Company,,IND,72,1648,2026-10-07T10:43:46.109846823Z,"['Apache', 'CDN JS', 'Cloudflare', 'Cloudflare CDN', 'Crisp', 'GZIP Module', 'Google Analytics', 'Google Cloud DNS', 'Google Font API', 'Google Tag Manager', 'IcoMoon', 'Tailwind CSS', 'jQuery']"
zoomedia.tv,"ZooMedia.tv AI for TV buying, AI The Future of Television Advertising | A dakdan worldwide comapny founded by Dan Kost",,,55,630,2026-10-07T10:21:29.740442973Z,"['Alternate Protocol', 'Apache', 'Apture Linking Platform', 'Contact Form Plugin', 'Crisp', 'Divi', 'Elegant Themes', 'EmbedPress', 'Google', 'Google Analytics', 'Google Cloud CDN', 'Google Cloud DNS', 'Google Font API', 'Google Related Website Sites', 'Google Tag Manager', 'Instagram Follow Button', 'Jetpack', 'Monarch Social Sharing Plugin For WordPress', 'PHP', 'Telegram', 'Theme In WP', 'Twitter Ads', 'UTF-8', 'Woo Themes', 'WordPress', 'WordPress Multisite', 'WordPress Stats', 'YouTube', 'jQuery']"
tanginofficial.com,Tangin Watches - Swiss Made Watches Online Store,Tangin Watches,SGP,82,40464,2026-10-07T09:15:26.340680197Z,"['Alternate Protocol', 'Apture Linking Platform', 'Baidu Cloud', 'Cloudflare', 'Cloudflare CDN', 'Crisp', 'Express', 'Google Related Website Sites', 'IcoMoon', 'Instagram Follow Button', 'M247', 'Microdata for Google Shopping', 'Onyx Internet', 'QUIC', 'Shopify', 'Shopify Collabs', 'Tailwind CSS', 'UTF-8', 'Yandex Hosting', 'YouTube', 'hCaptcha', 'reCAPTCHA']"
mysupportly.pro,Mysupportly,,USA,60,8363,2026-10-07T08:55:32.152622104Z,"['Alternate Protocol', 'Astra Theme', 'Crisp', 'Elementor', 'ElementsKit Elementor', 'EmbedPress', 'Essential Addons for Elementor', 'Fireblade', 'Google', 'Google Cloud DNS', 'Google Font API', 'Header, Footer and Blocks for Elementor', 'NFOrce Internet', 'PHP', 'QUIC', 'Royal Elementor Addons', 'Theme In WP', 'UTF-8', 'Woo Themes', 'WooCommerce', 'WooCommerce Checkout', 'WordPress', 'WordPress Multisite', 'WordPress Related Posts', 'jQuery']"
jeffpayne.net,Jeff Payne Company - Marketing - SEO - AI - Jeff Payne Company,,USA,92,65654,2026-10-07T04:01:21.803044506Z,"['AWS WAF Challenge', 'Alternate Protocol', 'Amazon WAF Blocked', 'Anti-spam for WordPress', 'Aruba', 'Better Lead Generation Services', 'Bulma', 'CDN JS', 'CleanTalk Spam Protect', 'Cloudflare', 'Cloudflare CDN', 'Coming Soon Page', 'Content Delivery Network', 'Crisp', 'EmbedPress', 'Fireblade', 'Font Awesome', 'GenerateBlocks', 'Genesis Blocks', 'Google Analytics', 'Google Cloud DNS', 'Google Font API', 'Google Related Website Sites', 'Gravity', 'Gravity Forms', 'K2F', 'Lazy Load for WordPress', 'Microdata for Google Shopping', 'No-Q', 'PHP', 'Sitelinks Search Box', 'StudioPress', 'Tailwind CSS', 'Twitter Ads', 'UTF-8', 'Vector Internet Services', 'Vimeo', 'WP Engine', 'Woo Themes', 'WooCommerce Checkout', 'WordPress', 'WordPress Multisite', 'YouTube', 'eLand', 'jsDelivr']"
perfectacoustic.co.uk,Perfect Acoustic - The experts in acoustics and soundproofing,,HUN,82,34095,2026-10-07T03:28:22.914771631Z,"['AWS WAF Challenge', 'Alternate Protocol', 'Amazon WAF Blocked', 'Apture Linking Platform', 'AutomateWoo', 'ByteDance', 'Cloudflare', 'Content Delivery Network', 'Crisp', 'Customer Reviews for WooCommerce', 'DailyMotion Video', 'EmbedPress', 'Facebook Pixel', 'Facebook Reseller', 'Google Analytics', 'Google Maps', 'Google My Business', 'Google Related Website Sites', 'Google Tag Manager', 'Gravity', 'Gravity Forms', 'Gutenberg Blocks by Kadence Blocks', 'Hubspot', 'Instagram Follow Button', 'Intercom', 'Jetpack', 'Kadence WP', 'Lazy Load for WordPress', 'Microdata for Google Shopping', 'Microsoft Clarity', 'No-Q', 'PHP', 'PWA', 'Tawk', 'Theme In WP', 'Twitter Ads', 'Twitter Analytics', 'UTF-8', 'Vimeo', 'WP Rocket', 'Woo Themes', 'WooCommerce', 'WooCommerce Checkout', 'WordPress', 'WordPress Multisite', 'YouTube', 'jQuery']"
usealpndigital.com,Fractional GTM &amp; AI-Native RevOps for B2B SaaS | ALPN Digital,ALPN Digital,,67,254408,2026-10-07T01:16:26.162158449Z,"['Alternate Protocol', 'Amazon CloudFront', 'Apollo IO', 'Apyl', 'CloudFront', 'Cloudflare', 'Content Square', 'Crisp', 'GZIP Module', 'Google', 'Google Analytics', 'Google Cloud DNS', 'Google Font API', 'Google Tag Manager', 'LinkedIn Insights', 'LinkedIn Pixel', 'Microdata for Google Shopping', 'Salesforce Hosted', 'Sitelinks Search Box', 'Tailwind CSS', 'UTF-8', 'shadcn ui']"
pplwise.com,"Rent a recruiter for Sales, Tech, Executive & High-Volume hiring",pplwise GmbH,ARG,82,42639,2026-10-06T23:38:53.282299169Z,"['AWS WAF Challenge', 'Alternate Protocol', 'Amazon WAF Blocked', 'Apture Linking Platform', 'Borlabs Cookie', 'Cloudflare', 'Content Delivery Network', 'Crisp', 'Elementor', 'EmbedPress', 'Google Analytics', 'Google My Business', 'Google Tag Manager', 'Hello Elementor', 'HubSpot WordPress Plugin', 'Hubspot', 'Microdata for Google Shopping', 'NFOrce Internet', 'PHP', 'QUIC', 'Sitelinks Search Box', 'Storyblocks', 'Subversion', 'Tailwind CSS', 'Treatwell', 'UTF-8', 'Vimeo', 'WP Engine', 'WP Rocket', 'Way', 'Weglot', 'WordPress', 'WordPress Multisite', 'YouTube', 'eLand', 'jQuery']"
bensonandklaus.com,Benson & Klaus Strategic Advisors | Corporate Consulting Firm,Benson & Klaus Strategic Advisors,USA,82,3931,2026-10-06T23:05:51.370934061Z,"['Alternate Protocol', 'Calendly', 'Content Delivery Network', 'Crisp', 'Elementor', 'Google', 'Google Analytics', 'Google Cloud CDN', 'Google Tag Manager', 'Investor Relations', 'Microdata for Google Shopping', 'Nginx', 'Twitter Ads', 'UTF-8', 'WordPress', 'WordPress Multisite', 'jQuery']"
bundleofhope.org,Bundle of Hope | Adoption and Family Services | Abortion Alternative,Bundle of Hope Adoption and Family Services,USA,77,4524,2026-10-06T23:05:51.369683377Z,"['Agoda', 'Alternate Protocol', 'Astra Theme', 'Content Delivery Network', 'Crisp', 'Elementor', 'EmbedPress', 'Essential Addons for Elementor', 'Express', 'Fancybox for WordPress', 'Google Related Website Sites', 'Gravity', 'Gravity Forms', 'HappyAddons', 'Instagram Follow Button', 'Line2', 'LiteSpeed', 'Microdata for Google Shopping', 'Ntent', 'PHP', 'QUIC', 'QUIC.cloud', 'Schema Plugin', 'Table Addons for Elementor', 'Tidio', 'To Top', 'TrustIndex', 'Twitter Ads', 'UTF-8', 'Woo Themes', 'WordPress', 'WordPress Multisite', 'WordPress Related Posts', 'YouTube']"
slideai.io,"SlidesAI | Turn Text, Docs & Prompts into Presentations in Seconds",SlidesAI,,72,19781,2026-10-06T22:13:56.459335736Z,"['Alternate Protocol', 'Apture Linking Platform', 'Cloudflare', 'Cloudflare CDN', 'Cloudflare Web Analytics', 'Coming Soon Page', 'Crisp', 'Digital Ocean Spaces', 'Express', 'Facebook Reseller', 'Fireblade', 'GitHub Hosting', 'Google Analytics', 'Google My Business', 'Google Tag Manager', 'Google Workspace', 'Headless UI', 'InitiativeS', 'Instagram Follow Button', 'Line2', 'NFOrce Internet', 'Next.js', 'Perl', 'Pleroma', 'ProfitWell', 'QUIC', 'Share Link', 'Tailwind CSS', 'Tally', 'Tolt', 'Twitter Ads', 'UTF-8', 'University or College', 'YouTube', 'shadcn ui']"
ecommerceify.com,Buy Shopify store from us. Variety of Shopify starter stores for sale,,,77,9740,2026-10-06T21:19:37.962676503Z,"['Amazon', 'Amazon CloudFront', 'CloudFront', 'Cloudflare', 'Content Delivery Network', 'Crisp', 'GZIP Module', 'Google My Business', 'Instagram Follow Button', 'Tailwind CSS', 'Twitter Ads', 'UTF-8', 'Vector Internet Services', 'WF Cookie Consent', 'reCAPTCHA']"
syracusepi.com,Syracuse Private Investigator | Witness Investigations,,USA,77,71199,2026-10-06T19:49:28.002554084Z,"['Apache', 'Carrd', 'Crisp', 'Fireblade', 'GZIP Module', 'Google Analytics', 'Google Cloud DNS', 'Google Font API', 'Google Tag Manager', 'SMC', 'Vector Internet Services']"
premiumdatingscript.com,Premium Dating Script - Global Dating Software Services,,,67,1860,2026-10-06T18:55:59.167895064Z,"['Apache', 'Crisp', 'ElementUI', 'GZIP Module', 'Gambling Content', 'Google Analytics', 'Google Related Website Sites', 'Google Tag Manager', 'Microdata for Google Shopping', 'PHP', 'PayPal Button', 'PayPal Form', 'Schema Plugin', 'Twitter Ads', 'UTF-8']"
airmove.no,"Airmove - Ventilation for natural draft homes - Heat recovery, fresh air",Airmove,,67,58696,2026-10-06T18:23:06.235694068Z,"['AWS WAF Challenge', 'Alternate Protocol', 'Amazon', 'Amazon CloudFront', 'Amazon WAF Blocked', 'Apture Linking Platform', 'Baidu Cloud', 'CloudFront', 'Cloudflare', 'Cloudflare CDN', 'Crisp', 'Digital Ocean Spaces', 'Google', 'Google Cloud CDN', 'Google Cloud DNS', 'Google Font API', 'Microdata for Google Shopping', 'NFOrce Internet', 'QUIC', 'RM Education', 'ScheduleOnce', 'Shopify', 'Shopify Collabs', 'Snowplow', 'Tailwind CSS', 'Thank You', 'UTF-8', 'Yandex Hosting', 'eLand', 'hCaptcha', 'reCAPTCHA']"
ghrix.com,Ghrix | Best Web Design Company | Custom Web Development,Ghrix Technologies Private Limited,USA,87,159000,2026-10-06T17:48:57.920310341Z,"['Agoda', 'Alternate Protocol', 'Content Delivery Network', 'Crisp', 'Elementor', 'EmbedPress', 'GZIP Module', 'Google Analytics', 'Google My Business', 'Google Related Website Sites', 'Google Tag Manager', 'Hello Elementor', 'Instagram Follow Button', 'License Buttons', 'Line2', 'LiteSpeed', 'Microdata for Google Shopping', 'PHP', 'Python', 'QUIC', 'QUIC.cloud', 'Salesforce Hosted', 'Table Addons for Elementor', 'Twitter Ads', 'UTF-8', 'Vector Internet Services', 'WordPress', 'WordPress Multisite', 'YouTube', 'reCAPTCHA']"
kvmanalytics.com,KVM Analytics – AI powered medical research,,,55,303,2026-10-06T17:14:05.761072686Z,"['Alternate Protocol', 'Apache', 'CheryFramework', 'Contact Form Plugin', 'Crisp', 'EmbedPress', 'GZIP Module', 'Google Cloud DNS', 'Google Font API', 'PHP', 'QUIC', 'Theme In WP', 'UTF-8', 'Ubuntu', 'Woo Themes', 'WordPress', 'WordPress Multisite', 'jQuery']"
prestigecaregroup.com,Prestige Care Group | Care Homes,Prestige Care Group,AUS,82,1841051,2026-10-06T16:29:50.227833452Z,"['33 Across Direct', 'AB Tasty', 'ADFOX', 'AWS WAF Challenge', 'Active Campaign', 'AdRoll', 'AddThis for Wordpress', 'Adform Direct', 'Adobe Analytics', 'Adobe Marketing Cloud', 'Adpushup', 'Aimtell', 'Akamai Global Host', 'Alibaba Cloud CDN', 'Alternate Protocol', 'Amazon Associates Affiliate Shop', 'Amazon CloudFront', 'Amped', 'Amplitude', 'Analytify', 'AnyChat', 'AppNexus Direct', 'Automattic', 'BLR', 'Baidu Ads', 'Baidu Analytics', 'Baidu Cloud', 'Band Camp', 'Bazaarvoice', 'Bazaarvoice Curations', 'BidSwitch Direct', 'Bing Cashback', 'Bing Conversion Tracking', 'Birdeye', 'Brevo', 'Brightcove', 'ByteDance', 'CDN JS', 'Calendly', 'Camp', 'Chartbeat', 'Chatra', 'Clicky', 'CloudFront', 'Cloudflare', 'Cloudflare CDN', 'Cloudflare Stream', 'Cloudflare Web Analytics', 'Cognito Forms', 'Connatix Reseller', 'Constant Contact', 'Content Square', 'Convert', 'ConvertKit', 'Cookie First', 'CookieYes', 'Countly', 'CrazyEgg', 'Crisp', 'Criteo', 'Criteo Reseller', 'Crowdsignal', 'Customer.io', 'Cybot', 'DailyMotion Video', 'Dailymotion Reseller', 'Decibel Insight', 'DemDex', 'Didomi', 'Disqus Comment System for WordPress', 'DoubleClick Bid Manager', 'Drift', 'Drip', 'DuracellTomi Google Tag Manager for WordPress', 'Dynamic Yield', 'Eber', 'Eloqua', 'EmbedPress', 'Engage', 'Ensighten', 'Enzuzo', 'ExactTarget', 'Ezoic Direct', 'Ezoic Publisher', 'Facebook Embedded Posts', 'Facebook Pixel', 'Facebook Reseller', 'Feefo', 'Fomo', 'Font Awesome', 'Fonts.com', 'Formstack', 'Freshdesk Support', 'Freshpaint', 'Freshworks Bot', 'FullStory', 'GetGist', 'GetResponse', 'GetSiteControl', 'Giphy', 'GoatCounter', 'Google', 'Google Adsense', 'Google Analytics', 'Google Calendar', 'Google Cloud CDN', 'Google Cloud DNS', 'Google Flights Conversion Tracking', 'Google Font API', 'Google Funding Choices', 'Google Maps', 'Google Matched Content', 'Google My Business', 'Google Related Website Sites', 'Google Reseller', 'Google Tag Manager', 'Gorgias', 'GumGum', 'GumGum Direct', 'Heap', 'Hello Bar', 'Help Scout', 'HelpCrunch', 'Hotjar', 'HubSpot Conversations', 'Hubspot', 'Infolinks', 'Inspectlet', 'Instagram Follow Button', 'Intercom', 'IponWeb BidSwitch', 'Iterable', 'Iubenda', 'JW Player Platform', 'Jetpack', 'JivoSite', 'JotForm', 'Kakao', 'Kaltura', 'Kameleoon', 'Kampyle Analytics', 'Klaviyo', 'Leadfeeder', 'Lijit Reseller', 'LinkedIn Insights', 'LiteSpeed', 'LiveChat', 'LiveChat Monitoring', 'LiveRamp', 'MGID', 'MGID Reseller', 'MailChimp', 'MailerLite', 'Mailjet Widget', 'Marketo', 'Matomo', 'Mautic', 'Media.net', 'Media.net Reseller', 'Mediavine Publisher', 'Microdata for Google Shopping', 'Microsoft Azure Blob Storage', 'Microsoft Clarity', 'Mixpanel', 'Monetate', 'Monster', 'Monumetric Publisher', 'Mouseflow', 'New Relic', 'Ntent', 'Nudgify', 'OSS CDN', 'Okendo', 'Olark', 'OmniConvert', 'Omnisend', 'OneTrust Domain Verification', 'Ontraport', 'OpenX Direct', 'Optimizely Recommendations', 'OptinMonster', 'Outbrain Direct', 'PHP', 'Paperform', 'Pardot', 'Parse.ly', 'PayPal', 'PayPal Adaptive Payments', 'Pendo', 'Personyze', 'Pinterest Conversion Tracking', 'Pirsch', 'Piwik PRO', 'Plausible Analytics', 'Podium', 'PollDaddy', 'PubMatic Direct', 'Pubmatic', 'PushAlert', 'PushEngage', 'Qualtrics Site Intercept', 'Quantcast Direct', 'Quantum Metric', 'RM Education', 'RTB House Direct', 'Reamaze', 'Revcontent Reseller', 'ReviewsOnMyWebsite', 'Rumble Player', 'ScarabResearch', 'Seflow Italy', 'Segment', 'Segment Consent Manager', 'SendPulse', 'Sentry', 'ShareThis', 'Shopper Approved', 'Simple Analytics', 'SiteW', 'SiteWit', 'SmartAdServer Direct', 'SmartSupp', 'SnapEngage', 'Sourcepoint', 'SproutVideo', 'Stamped', 'StatCounter', 'Streamable', 'Sumo', 'Swell Rewards', 'Taboola Direct', 'Taboola Reseller', 'Tailwind CSS', 'Tally', 'Tealium', 'Telegram', 'The Trade Desk Direct', 'Theme In WP', 'Thrive Direct', 'TikTok Conversion Tracking Pixel', 'Triple Lift Direct', 'TrustPulse', 'Tumblr', 'Twitch', 'Twitter Ads', 'Twitter Analytics', 'Typeform', 'UK Cookie Consent', 'UTF-8', 'Unix', 'Vercel', 'Vimeo', 'Vimeo CDN', 'Vine Embed', 'Visual Website Optimizer', 'Webpushr', 'Wistia', 'Woo Themes', 'Woopra', 'WordPress', 'WordPress Multisite', 'Wufoo', 'Yahoo Image CDN', 'Yahoo Web Analytics', 'Yandex Hosting', 'Yieldmo Direct', 'Yotpo', 'YouTube', 'Zendesk Embeddables', 'Zoho SalesIQ', 'arsys.es', 'comScore', 'eKomi', 'iZooto', 'jQuery', 'jsDelivr', 'mParticle', 'reCAPTCHA']"
gyvlink.com,GyvLINK – Your platform for community donations,,,60,800,2026-10-06T16:07:25.68909157Z,"['Alternate Protocol', 'Apache', 'Crisp', 'Debian', 'Elementor', 'Elementor Custom Skin', 'EmbedPress', 'Essential Addons for Elementor', 'GZIP Module', 'Header, Footer and Blocks for Elementor', 'Hello Elementor', 'Hotjar', 'NFOrce Internet', 'PHP', 'Premium Addons for Elementor', 'QUIC', 'Sticky Header Effects for Elementor', 'Theme In WP', 'UTF-8', 'WordPress', 'WordPress Multisite', 'jQuery']"
irepair-mobiles.co.uk,iRepair Mobiles - Expert Mobile Repair Shop in the UK,,GBR,92,88357,2026-10-06T15:28:43.84676386Z,"['Alpine.js', 'Alternate Protocol', 'Content Delivery Network', 'Crisp', 'DuracellTomi Google Tag Manager for WordPress', 'Elementor', 'EmbedPress', 'Express', 'Facebook Conversion Tracking', 'Facebook Login', 'Facebook Messenger Platform', 'Facebook Pixel', 'Facebook Reseller', 'Facebook Tag API', 'Financial Services Guide', 'Fireblade', 'Google', 'Google Analytics', 'Google My Business', 'Google Recommendations AI', 'Google Tag Manager', 'Hello Elementor', 'Instagram Follow Button', 'JetElements', 'LiteSpeed', 'Microdata for Google Shopping', 'NFOrce Internet', 'PHP', 'QUIC', 'SMC', 'Shoelace Style', 'Side Cart Woocommerce', 'Sitelinks Search Box', 'Theme In WP', 'UTF-8', 'Variation Swatches for WooCommerce', 'Vue.js', 'WPForms', 'Woo Themes', 'WooCommerce', 'WooCommerce Checkout', 'WooLentor', 'WordPress', 'WordPress Multisite', 'Yandex Hosting', 'jQuery']"
juanibeachbungalow.com,Home - Juani Beach Bungalow,Juani Beach Bungalow,TZA,77,834018,2026-10-06T15:13:26.339648872Z,"['AB Tasty', 'ADFOX', 'AJAX Libraries API', 'AWS WAF Challenge', 'Active Campaign', 'AdRoll', 'AddThis for Wordpress', 'Adobe Analytics', 'Adobe Marketing Cloud', 'Alternate Protocol', 'Amazon Associates Affiliate Shop', 'Amazon WAF Blocked', 'Amplitude', 'AppNexus Direct', 'Astra Theme', 'Authorize.net', 'Automattic', 'Bing Cashback', 'Bing Conversion Tracking', 'Braintree', 'Brevo', 'Brightcove', 'Bunny Fonts', 'BunnyCDN General', 'ByteDance', 'CDN JS', 'CDN77 Hosted', 'Calendly', 'Cart.com', 'Chartbeat', 'Clicky', 'Cloudflare', 'Cloudflare CDN', 'Cloudflare Web Analytics', 'ConvertKit', 'CrazyEgg', 'Crisp', 'Criteo', 'Criteo Reseller', 'DAV', 'DailyMotion Video', 'Disqus Comment System for WordPress', 'DoubleClick Bid Manager', 'Drift', 'ElementUI', 'Elementor', 'EmbedPress', 'Engage', 'Facebook Embedded Posts', 'Facebook Reseller', 'Firebase', 'Font Awesome', 'FormSubmit', 'Freshworks Bot', 'Giphy', 'Google', 'Google Adsense', 'Google Analytics', 'Google Cloud CDN', 'Google Cloud DNS', 'Google Customer Reviews', 'Google Font API', 'Google Maps', 'Google Matched Content', 'Google My Business', 'Google Pay', 'Google Reseller', 'Google Tag Manager', 'Header, Footer and Blocks for Elementor', 'Heap', 'Help Scout', 'Hubspot', 'Impact', 'Infolinks', 'Inspectlet', 'Instagram Follow Button', 'Intercom', 'Iubenda', 'JW Player Platform', 'Jetpack', 'JotForm', 'KVH', 'Kinsta', 'Klaviyo', 'LiteSpeed', 'LiveChat', 'LiveChat Monitoring', 'MailChimp', 'MailerLite', 'Marketo', 'Matomo', 'Media.net', 'Media.net Reseller', 'Mediavine Publisher', 'Microdata for Google Shopping', 'Microsoft Clarity', 'Mixpanel', 'Mouseflow', 'New Relic', 'NitroPack', 'No-Q', 'Olark', 'OpenX Direct', 'OptiMole', 'Optimizely Recommendations', 'Outbrain Direct', 'PHP', 'Pardot', 'Parse.ly', 'PayPal Adaptive Payments', 'Pinterest Conversion Tracking', 'Piwik PRO', 'Plausible Analytics', 'PubMatic Direct', 'Pubmatic', 'PushEngage', 'QUIC', 'Quantcast Direct', 'RM Education', 'Recart', 'RocketCDN', 'Rumble Player', 'SMC', 'Seflow Italy', 'Segment', 'ShareThis', 'Sign In With Google', 'Square', 'Squarespace Online Appointment Scheduling', 'StatCounter', 'Statically', 'Stripe', 'Subversion', 'Sumo', 'Swell Rewards', 'Table Addons for Elementor', 'Taboola Direct', 'Taboola Reseller', 'Tealium', 'Theme In WP', 'Thrive Direct', 'Twitch', 'Twitter Ads', 'Twitter Analytics', 'Typeform', 'UTF-8', 'VigLink', 'Vimeo', 'Vine Embed', 'Visual Website Optimizer', 'Way', 'Wistia', 'Woo Themes', 'Woopra', 'WordPress', 'WordPress Multisite', 'WordPress Related Posts', 'Yandex Hosting', 'Yotpo', 'YouTube', 'comScore', 'jQuery', 'jsDelivr', 'reCAPTCHA']"
cmitdallas.com,IT Support for Your Business | CMIT Solutions of Dallas,CMIT Solutions Dallas,USA,77,122052,2026-10-06T14:44:54.324367838Z,"['AWS WAF Challenge', 'Alternate Protocol', 'Amazon', 'Amazon CloudFront', 'Amazon Route 53', 'Amazon WAF Blocked', 'Ametys', 'Apture Linking Platform', 'Baidu Ads', 'Baidu Cloud', 'Bing Cashback', 'Bing Conversion Tracking', 'CDN JS', 'Calendly', 'CallRail', 'ClickCease', 'CloudFront', 'Cloudflare', 'Cloudflare CDN', 'Content Delivery Network', 'CrazyEgg', 'Crisp', 'DAV', 'DoubleClick Bid Manager', 'EmbedPress', 'Facebook Reseller', 'Filestack', 'Fireblade', 'Font Awesome', 'FormSubmit', 'Fortress', 'Google', 'Google Analytics', 'Google Cloud DNS', 'Google Customer Reviews', 'Google Font API', 'Google Maps', 'Google My Business', 'Google Related Website Sites', 'Google Tag Manager', 'Gravity Forms', 'Hubspot', 'Instagram Follow Button', 'Lazy Load for WordPress', 'LinkedIn Pixel', 'LiveChat', 'LiveChat Monitoring', 'Microdata for Google Shopping', 'Microsoft 365', 'Microsoft Azure Blob Storage', 'Microsoft Clarity', 'NFOrce Internet', 'Ntent', 'PHP', 'Pardot', 'QUIC', 'RM Education', 'Sentry', 'Shutterstock', 'Smith.ai', 'Storyblocks', 'Tailwind CSS', 'Theme In WP', 'Twitter Ads', 'Typeform', 'UTF-8', 'University or College', 'Vector Internet Services', 'Vimeo', 'Vimeo CDN', 'WP Engine', 'WP Rocket', 'Way', 'Wistia', 'WordPress', 'WordPress Multisite', 'YouTube', 'jQuery', 'jsDelivr', 'shadcn ui']"
visionercloud.com,Netex Cloud – The Edge Cloud Platform,,IND,65,13131,2026-10-06T12:27:23.350799956Z,"['ADFOX', 'Alternate Protocol', 'Apache', 'Crisp', 'Elementor', 'ElementsKit Elementor', 'EmbedPress', 'Essential Addons for Elementor', 'Google', 'Google Cloud CDN', 'Google Cloud DNS', 'Google Font API', 'Hello Elementor', 'IcoMoon', 'Jeg Elementor Kit', 'Metform Elemento', 'PHP', 'QUIC', 'Theme In WP', 'TranslatePress', 'UTF-8', 'WordPress', 'WordPress Multisite', 'Yandex Hosting', 'Yandex Metrika', 'jQuery']"
wod.guru,The #1 Gym Management Software,WodGuru,POL,92,8788,2026-10-06T10:58:37.725214044Z,"['Alternate Protocol', 'Apture Linking Platform', 'Better Lead Generation Services', 'Calendly', 'Cloudflare', 'Cloudflare CDN', 'Content Delivery Network', 'Crisp', 'Cybot', 'DAV', 'Elementor', 'Elementor Custom Skin', 'EmbedPress', 'GetResponse', 'Google Analytics', 'Google Tag Manager', 'Hello Elementor', 'Instagram Follow Button', 'Microdata for Google Shopping', 'Mixpanel', 'NFOrce Internet', 'NitroPack', 'Plausible Analytics', 'Table Addons for Elementor', 'UTF-8', 'WPML Multilingual', 'WordPress', 'WordPress Multisite', 'YouTube', 'jsDelivr']"
thynkk.in,"Transform Your Brand with the Leading Web Design, WordPress & Shopify Development Company in Bangalore",,IND,82,17687,2026-10-06T10:22:07.216328916Z,"['AutoComplete', 'CDN JS', 'Cloudflare', 'Cloudflare CDN', 'Coming Soon Page', 'Crisp', 'Fancybox for WordPress', 'Fireblade', 'Google Analytics', 'Google Tag Manager', 'Hotjar', 'IcoMoon', 'Instagram Follow Button', 'PHP', 'Python', 'QUIC', 'Tailwind CSS', 'Twitter Ads', 'UTF-8', 'WhatsApp Sharing']"
mindwaybiomedicals.com,Mindway Bio Medicals Pvt Ltd,,,57,300,2026-10-06T10:09:18.730392787Z,"['Content Delivery Network', 'Crisp', 'ElementUI', 'Headless UI', 'Instagram Follow Button', 'Netlify', 'Next.js', 'Pleroma', 'Tailwind CSS', 'UTF-8', 'shadcn ui']"
digitalsmartexchange.com,Digital Smart exchange - Trade Forex and Binary,,GBR,77,47317,2026-10-06T09:26:13.534794379Z,"['AJAX Libraries API', 'Adult Content', 'Apache', 'Aruba', 'Crisp', 'ETranslate', 'Easy Pie Chart', 'Fireblade', 'Flat Icon', 'GTranslate', 'GZIP Module', 'Google Analytics', 'Google Cloud DNS', 'Google Font API', 'Google Maps', 'Google My Business', 'Google Related Website Sites', 'K2F', 'Oddle', 'PHP', 'QUIC', 'Slider Revolution', 'Tailwind CSS', 'Telegram', 'UTF-8', 'YouTube', 'eLand', 'jQuery', 'reCAPTCHA']"
tweakmywebsite.com.au,One-Time Seo Service & Website Tweaks - Website Improvement Services,Tweak My Website,AUS,82,6167,2026-10-06T09:22:41.399137929Z,"['Alternate Protocol', 'Amazon WAF Blocked', 'Apture Linking Platform', 'Cloudflare', 'Cloudflare Web Analytics', 'Crisp', 'Elementor', 'EmbedPress', 'Google', 'Google Analytics', 'Google Cloud DNS', 'Google Font API', 'Google Related Website Sites', 'Google Tag Manager', 'Hello Elementor', 'Lazy Load for WordPress', 'Microdata for Google Shopping', 'NFOrce Internet', 'Nginx', 'PHP', 'Perl', 'QUIC', 'Table Addons for Elementor', 'UTF-8', 'WP Rocket', 'WordPress', 'WordPress Multisite']"
thelavenderfashion.com,Lavender | Set Your Own Trend & Style With Lavender!,Lavender,,67,9139,2026-10-06T08:08:26.255921259Z,"['Alternate Protocol', 'Apache', 'Contact Form Plugin', 'Crisp', 'Elementor', 'EmbedPress', 'Facebook Conversion Tracking', 'Facebook Login', 'Facebook Messenger Platform', 'Facebook Pixel', 'Facebook Reseller', 'Facebook Tag API', 'GZIP Module', 'Google Cloud DNS', 'Google Font API', 'Google Related Website Sites', 'Header, Footer and Blocks for Elementor', 'License Buttons', 'Microdata for Google Shopping', 'NFOrce Internet', 'PHP', 'QUIC', 'TI WooCommerce Wishlist', 'Theme In WP', 'UTF-8', 'Variation Swatches for WooCommerce', 'Vector Internet Services', 'Woo Themes', 'WooCommerce', 'WooCommerce Checkout', 'WooFramework', 'WooLentor', 'Woostify', 'WordPress', 'WordPress Multisite', 'jQuery', 'myStickymenu']"
rabbitlink.net,Worksite Compliance Made Easy | Rabbit Link | Built to Deliver,Rabbit Link,,72,28270,2026-10-06T06:02:36.155066157Z,"['AWS WAF Challenge', 'Alternate Protocol', 'Amazon WAF Blocked', 'App Store', 'Apture Linking Platform', 'Aruba', 'Calendly', 'Content Delivery Network', 'CookieYes', 'Crisp', 'Divi', 'Elegant Themes', 'EmbedPress', 'Fastly', 'GZIP Module', 'Google', 'Google Analytics', 'Google Cloud DNS', 'Google Font API', 'Google My Business', 'Google Play', 'Google Tag Manager', 'Gravity', 'Gravity Forms', 'Instagram Follow Button', 'Kitco', 'Microdata for Google Shopping', 'Microsoft Clarity', 'PHP', 'Site Kit', 'Tailwind CSS', 'Theme In WP', 'UTF-8', 'Woo Themes', 'WordPress', 'WordPress Multisite', 'eLand', 'jQuery', 'reCAPTCHA']"
puzzlelondon.com,Homepage - Puzzle | Digital Media Agency,Puzzle | Digital Agency,GBR,82,18087,2026-10-06T05:33:39.083405191Z,"['AWS WAF Challenge', 'Add to Any', 'Alternate Protocol', 'Cloudflare', 'Content Delivery Network', 'Crisp', 'DAV', 'ElementUI', 'EmbedPress', 'Facebook Conversion Tracking', 'Facebook Login', 'Facebook Messenger Platform', 'Facebook Pixel', 'Facebook Reseller', 'Facebook Tag API', 'Font Awesome', 'Google Analytics', 'Google My Business', 'Google Tag Manager', 'Gravity Forms', 'Instagram Follow Button', 'LinkedIn Insights', 'LinkedIn Pixel', 'Microdata for Google Shopping', 'MonsterInsights', 'PHP', 'Sitelinks Search Box', 'Theme In WP', 'Twitter Ads', 'UTF-8', 'Vimeo', 'WP Engine', 'WordPress', 'WordPress Multisite', 'jQuery']"
frenchtutoringlondon.com,French Tutoring - Catherine Cornolier,,CAN,82,92164,2026-10-06T05:23:17.901958116Z,"['AWS WAF Challenge', 'Agoda', 'Alternate Protocol', 'Amazon WAF Blocked', 'Apture Linking Platform', 'CCSI', 'Calendly', 'CanvasJS', 'Crisp', 'DAV', 'EmbedPress', 'Express', 'Hexo', 'Instagram Follow Button', 'K2F', 'KVH', 'LiteSpeed', 'Microdata for Google Shopping', 'No-Q', 'Onyx Internet', 'PHP', 'Perfmatters', 'QUIC', 'Subversion', 'UTF-8', 'University or College', 'WPML Multilingual', 'WordPress', 'WordPress Multisite', 'WordPress Related Posts']"
hawaiitickets4less.com,Hawaii Tickets For Less | Discounted Tours & Activities in Oahu,Hawaii Tickets For Less,,72,4247,2026-10-06T03:51:44.697444234Z,"['Agoda', 'Alternate Protocol', 'Content Delivery Network', 'Crisp', 'Elementor', 'EmbedPress', 'Google Analytics', 'Google Tag Manager', 'Harbor', 'Hello Elementor', 'Line2', 'LiteSpeed', 'Microdata for Google Shopping', 'NFOrce Internet', 'PHP', 'QUIC', 'QUIC.cloud', 'TrustIndex', 'UTF-8', 'Woo Themes', 'WordPress', 'WordPress Multisite', 'YouTube']"
jindaloffset.com,Jindal Offset India Pvt. Ltd.,Jindal Offset India Pvt. Ltd.,CHN,92,7686,2026-10-06T00:42:11.597733256Z,"['Alternate Protocol', 'Automattic', 'Cloudflare', 'CoBlocks', 'Contact Form Plugin', 'Content Delivery Network', 'Crisp', 'Elementor', 'EmbedPress', 'GoDaddy', 'Google My Business', 'Jetpack', 'Microdata for Google Shopping', 'NFOrce Internet', 'OFFSET', 'PHP', 'Schema Plugin', 'Theme In WP', 'Twitter Ads', 'UTF-8', 'WordPress', 'WordPress Multisite', 'WordPress Stats', 'YouTube', 'jQuery', 'reCAPTCHA']"
greensulfur.com,greensulfur,,CAN,75,172565,2026-10-06T00:11:58.507919691Z,"['Alternate Protocol', 'Amazon WAF Blocked', 'Contact Form Plugin', 'Content Delivery Network', 'Crisp', 'DAV', 'EmbedPress', 'Font Awesome', 'FreeBSD', 'Google', 'Google Cloud CDN', 'Gravity', 'Gravity Forms', 'IcoMoon', 'KeyCDN', 'LiteSpeed', 'PHP', 'Python', 'QUIC', 'Salesforce Hosted', 'Shopware', 'The Events Calendar', 'Theme In WP', 'ThemeFusion', 'Twitter Ads', 'UTF-8', 'University or College', 'Vector Internet Services', 'WhatsApp Sharing', 'Woo Themes', 'WordPress', 'WordPress Multisite', 'WordPress Related Posts', 'Yandex Hosting', 'YouTube', 'jQuery', 'symfony PHP Framework']"
aapfb.com,AAPFB home - AAP Finance Brokers,AAP Finance Brokers,AUS,82,22009,2026-10-05T23:49:54.57524023Z,"['AWS WAF Challenge', 'Alternate Protocol', 'Apture Linking Platform', 'Australian Credit Licence', 'Cloudflare', 'Content Delivery Network', 'Crisp', 'DAV', 'EmbedPress', 'Facebook Conversion Tracking', 'Facebook Login', 'Facebook Messenger Platform', 'Facebook Pixel', 'Facebook Reseller', 'Facebook Tag API', 'Google', 'Google Analytics', 'Google My Business', 'Google Related Website Sites', 'Google Tag Manager', 'Gravity', 'Gravity Forms', 'Microdata for Google Shopping', 'Ntent', 'PHP', 'Thank You', 'ThemeFusion', 'UTF-8', 'WP Engine', 'WP Rocket', 'WordPress', 'WordPress Multisite', 'eLand', 'jQuery', 'reCAPTCHA']"
purematchapartners.com,Wholesale Matcha Supplier | Bulk Matcha Powder B2B | Pure Matcha Partners,Pure Matcha Partners,,77,87900,2026-10-05T22:42:24.696713041Z,"['AJAX Libraries API', 'Agoda', 'Alternate Protocol', 'Amazon', 'Amazon CloudFront', 'CloudFront', 'Cloudflare', 'Content Delivery Network', 'Corporate Governance and Regulatory Compliance', 'Crisp', 'GZIP Module', 'Google', 'Google Analytics', 'Google Cloud DNS', 'Google Font API', 'Google My Business', 'Google Related Website Sites', 'Google Tag Manager', 'Intellimize', 'Microdata for Google Shopping', 'QUIC', 'Tailwind CSS', 'Thank You', 'UTF-8', 'WF Cookie Consent', 'reCAPTCHA']"
smscalendar.app,SMS Recordatorio para Google Calendar,,,77,1740,2026-10-05T22:33:57.5072923Z,"['ByteDance', 'Content Delivery Network', 'Crisp', 'Google Analytics', 'Google My Business', 'Google Tag Manager', 'Google Workspace', 'QUIC', 'SveltKit', 'Svelte', 'Tailwind CSS', 'TikTok Conversion Tracking Pixel', 'Vercel', 'YouTube', 'shadcn ui']"
kimp.io,Kimp - Unlimited Graphic Design & Video Design - Flat Fee Subscriptions,,CAN,72,3605,2026-10-05T22:07:27.853145559Z,"['Apture Linking Platform', 'CDN JS', 'Cloudflare', 'Cloudflare CDN', 'Content Delivery Network', 'ContentBox', 'Crisp', 'DAV', 'DuracellTomi Google Tag Manager for WordPress', 'EmbedPress', 'Fancybox for WordPress', 'Font Awesome', 'Getwid Gutenberg Blocks', 'Google Analytics', 'Google Cloud DNS', 'Google Font API', 'Google My Business', 'Google Related Website Sites', 'Google Tag Manager', 'Instagram Follow Button', 'Lazy Load for WordPress', 'Ninja Forms', 'PHP', 'Perl', 'QUIC', 'Tailwind CSS', 'Twitter Ads', 'UTF-8', 'WP Rocket', 'Woo Themes', 'WooCommerce', 'WooCommerce Checkout', 'WordPress', 'YouTube', 'eLand', 'jsDelivr', 'reCAPTCHA']"
caringlegends.com,"Home Help For Elderly in St. Louis, MO: CaringLegends, LLC",Caring Legends,USA,82,6622,2026-10-05T19:15:43.469376567Z,"['Alternate Protocol', 'Better Lead Generation Services', 'Cloudflare', 'Contact Form Plugin', 'Content Delivery Network', 'Cornerstone', 'Crisp', 'EmbedPress', 'Facebook Conversion Tracking', 'Facebook Login', 'Facebook Messenger Platform', 'Facebook Pixel', 'Facebook Reseller', 'Facebook Tag API', 'GoDaddy', 'Google', 'Google Analytics', 'Google Cloud DNS', 'Google Font API', 'Google My Business', 'Google Related Website Sites', 'Google Tag Manager', 'ID Services', 'Investor Relations', 'Microdata for Google Shopping', 'PHP', 'Pagekit', 'Redux Framework', 'Slider Revolution', 'Smush Image Optimization', 'Tally', 'Theme In WP', 'UTF-8', 'University or College', 'Unix', 'WPBakery', 'Woo Themes', 'WordPress', 'WordPress Multisite', 'eLand', 'jQuery', 'reCAPTCHA']"
savageone.co,Home - SavageOne,SavageOne Pty Ltd,,52,2301,2026-10-05T16:49:41.784241401Z,"['AWS WAF Challenge', 'Alternate Protocol', 'Apache', 'Cornerstone', 'Crisp', 'Elementor', 'EmbedPress', 'GZIP Module', 'Google Analytics', 'Google Cloud DNS', 'Google Font API', 'Google Tag Manager', 'Header, Footer and Blocks for Elementor', 'InitiativeS', 'Instagram Follow Button', 'Microdata for Google Shopping', 'NFOrce Internet', 'PHP', 'QUIC', 'Sitelinks Search Box', 'Slider Revolution', 'Table Addons for Elementor', 'Theme In WP', 'UTF-8', 'Vector Internet Services', 'WordPress', 'WordPress Multisite', 'jQuery']"
dypodten.com,"Dypodten | Defined Living, Timeless Comfort",DYPODTEN,USA,87,56504,2026-10-05T15:51:15.082315271Z,"['Apture Linking Platform', 'Baidu Cloud', 'Cloudflare', 'Cloudflare CDN', 'Crisp', 'Express', 'Google Related Website Sites', 'Hotjar', 'IcoMoon', 'Instagram Follow Button', 'K2F', 'M247', 'Microdata for Google Shopping', 'QUIC', 'Shopify', 'Shopify Collabs', 'Tailwind CSS', 'UTF-8', 'Yandex Hosting', 'YouTube', 'hCaptcha', 'reCAPTCHA']"
joinrealtynation.com,Home - Realty Nation Agents,,,65,34997,2026-10-05T12:05:24.97109959Z,"['AWS WAF Challenge', 'Alternate Protocol', 'Calendly', 'Cloudflare', 'Content Delivery Network', 'Crisp', 'Divi', 'Elegant Themes', 'Elementor', 'EmbedPress', 'Fireblade', 'Google Analytics', 'Google Cloud DNS', 'Google Font API', 'Google My Business', 'Google Related Website Sites', 'Google Tag Manager', 'Instagram Follow Button', 'Microdata for Google Shopping', 'PHP', 'Subversion', 'Theme In WP', 'Twitter Ads', 'UTF-8', 'WP Engine', 'Woo Themes', 'WordPress', 'WordPress Multisite', 'YouTube', 'jQuery', 'reCAPTCHA']"
fanz.tv,"Fanz – The Social Side of Sports | Streaming/CTV/OTT programming, shows, highlights, live and VOD sports & esports content",,,57,510,2026-10-05T09:19:08.735723479Z,"['Alternate Protocol', 'Apache', 'Bridge', 'Coming Soon Page', 'Contact Form Plugin', 'Crisp', 'Elementor', 'EmbedPress', 'Font Awesome', 'Google Analytics', 'Google Cloud DNS', 'Google Font API', 'Google My Business', 'Google Related Website Sites', 'Google Tag Manager', 'Instagram Follow Button', 'Microdata for Google Shopping', 'PHP', 'Qi Addons For Elementor', 'Schema Plugin', 'Slider Revolution', 'Telegram', 'Theme In WP', 'Twitter Ads', 'UTF-8', 'Woo Themes', 'WordPress', 'WordPress Multisite', 'YouTube', 'eLand', 'jQuery', 'reCAPTCHA']"
iranstravel.com,Iran’s Travel - Best Iranian Tour Operator and Travel Agency,,IRN,67,18046,2026-10-05T08:40:01.302162472Z,"['Alibaba Cloud CDN', 'Alternate Protocol', 'Amazon WAF Blocked', 'Anti-spam for WordPress', 'CleanTalk Spam Protect', 'Crisp', 'Elementor', 'EmbedPress', 'Fireblade', 'FreeCSSTemplates', 'GZIP Module', 'Hello Elementor', 'Instagram Follow Button', 'JetElements', 'Microdata for Google Shopping', 'NFOrce Internet', 'Nginx', 'PHP', 'Schema Plugin', 'Sitelinks Search Box', 'TablePress', 'Thank You', 'Theme In WP', 'UTF-8', 'Vue.js', 'Woo Themes', 'WooCommerce', 'WooCommerce Checkout', 'WordPress', 'WordPress Multisite', 'YouTube', 'jQuery']"
dubailocaltours.com,Best Tours & Travels in Dubai | Dubai Local Tours,,IND,82,20701,2026-10-05T07:55:11.174463177Z,"['AWS WAF Challenge', 'Alternate Protocol', 'Apture Linking Platform', 'Astra Theme', 'Cloudflare', 'Cloudflare CDN', 'Content Delivery Network', 'Crisp', 'Elementor', 'EmbedPress', 'Express', 'Google', 'Google My Business', 'Header, Footer and Blocks for Elementor', 'Instagram Follow Button', 'LiteSpeed', 'Microdata for Google Shopping', 'NFOrce Internet', 'PHP', 'QUIC', 'Recent Posts Widget With Thumbnails', 'Table Addons for Elementor', 'Theme In WP', 'UTF-8', 'Vimeo', 'Woo Themes', 'WordPress', 'WordPress Multisite', 'WordPress Related Posts', 'jQuery']"
pearldentalsoftware.com,Home - Pearl Dental Software,,,82,19527,2026-10-05T06:48:31.442310078Z,"['AWS WAF Challenge', 'Alternate Protocol', 'Calendly', 'Crisp', 'Elementor', 'EmbedPress', 'GZIP Module', 'Google', 'Google Analytics', 'Google Cloud CDN', 'Google Cloud DNS', 'Google Font API', 'Google Tag Manager', 'IcoMoon', 'Instagram Follow Button', 'LiteSpeed', 'Microdata for Google Shopping', 'PHP', 'QUIC', 'Sitelinks Search Box', 'Slider Revolution', 'Tailwind CSS', 'UTF-8', 'WordPress', 'WordPress Multisite', 'YouTube']"
dentflora.com,Dent Flora – Uzman ekip | Sağlıklı Gülüş,,,45,7998,2026-10-05T05:45:34.094358956Z,"['Alternate Protocol', 'Contact Form Plugin', 'Content Delivery Network', 'Crisp', 'DAV', 'DuracellTomi Google Tag Manager for WordPress', 'EmbedPress', 'Fireblade', 'Google Analytics', 'Google Cloud DNS', 'Google Font API', 'Google Maps', 'Google My Business', 'Google Tag Manager', 'IcoMoon', 'Instagram Follow Button', 'LiteSpeed', 'PHP', 'Polylang', 'Slider Revolution', 'Theme In WP', 'To Top', 'UTF-8', 'WhatsApp Sharing', 'WordPress', 'WordPress Multisite', 'YouTube', 'jQuery', 'reCAPTCHA']"
techladz.com,Techladz,Techladz,,60,8055,2026-10-05T04:10:46.990139704Z,"['Alternate Protocol', 'Angular', 'Apache', 'Contact Form Plugin', 'Crisp', 'EmbedPress', 'Fireblade', 'Font Awesome', 'IcoMoon', 'Instagram Follow Button', 'MailChimp for WordPress', 'Microdata for Google Shopping', 'PHP', 'QUIC', 'Tailwind CSS', 'Theme In WP', 'UTF-8', 'WordPress', 'WordPress Multisite', 'YouTube', 'jQuery']"
lwattorneys.co.za,Lee Wrench Attorneys,,ZAF,55,300,2026-10-05T03:23:17.929319367Z,"['Alternate Protocol', 'Apache', 'Crisp', 'Elementor', 'EmbedPress', 'PHP', 'Theme In WP', 'Twenty Seventeen', 'UTF-8', 'WordPress', 'WordPress Multisite', 'jQuery']"
malatytherapy.com,"Malaty Therapy - Counselors and Therapist in Houston, Texas",,USA,92,22324,2026-10-05T03:18:36.019958587Z,"['AWS WAF Challenge', 'Alternate Protocol', 'Calendly', 'Cloudflare', 'Content Delivery Network', 'Crisp', 'Elementor', 'ElementsKit Elementor', 'EmbedPress', 'Genesis Blocks', 'Google Analytics', 'Google Customer Reviews', 'Google Maps', 'Google My Business', 'Google Related Website Sites', 'Google Tag Manager', 'Header, Footer and Blocks for Elementor', 'Hello Elementor', 'Instagram Follow Button', 'Investor Relations', 'Microdata for Google Shopping', 'NFOrce Internet', 'Ntent', 'PHP', 'QUIC', 'Site Kit', 'Sitelinks Search Box', 'Table Addons for Elementor', 'The Plus Addons for Elementor', 'Theme In WP', 'TrustIndex', 'UTF-8', 'WP Engine', 'WordPress', 'WordPress Multisite', 'jQuery', 'reCAPTCHA']"
ardsdigital.com,Home - ARDS Digital Services | ARDS Group,ARDS Digital Services,IND,60,17112,2026-10-05T03:01:10.214878511Z,"['Alternate Protocol', 'Aruba', 'Astra Theme', 'Cookie Accept', 'Cookie Notice', 'Crisp', 'ETranslate', 'Elementor', 'EmbedPress', 'FreeCSSTemplates', 'GTranslate', 'Giropay', 'Google', 'Google Adsense', 'Google Analytics', 'Google Cloud CDN', 'Google Cloud DNS', 'Google Font API', 'Google Funding Choices', 'Google Matched Content', 'Google My Business', 'Google Reseller', 'Google Tag Manager', 'Gtranslate for Wordpress', 'MailChimp', 'Microdata for Google Shopping', 'MonsterInsights', 'Mouseflow', 'OneSignal', 'PHP', 'Perl', 'Poptin', 'QUIC', 'SMC', 'Seflow Italy', 'Shiprocket', 'Simple Banner for Wordpress', 'Sitelinks Search Box', 'Theme In WP', 'UPS', 'UTF-8', 'WPForms', 'Woo Themes', 'WooCommerce', 'WooCommerce Checkout', 'WooLentor', 'WordPress', 'WordPress Multisite', 'WordPress Related Posts', 'eLand', 'jQuery', 'reCAPTCHA']"
voovorganics.com,Feel the Voov – Voov Organics,,,62,14523,2026-10-05T02:02:46.058456353Z,"['Amazon WAF Blocked', 'Apture Linking Platform', 'Baidu Cloud', 'CDN JS', 'Cloudflare', 'Cloudflare CDN', 'Crisp', 'Fastly', 'Font Awesome', 'GoAffPro', 'Google Cloud DNS', 'Google Font API', 'Heroku', 'Instagram Follow Button', 'NFOrce Internet', 'QUIC', 'ShareThis', 'Shopify', 'Shopify Collabs', 'Thank You', 'UTF-8', 'Yandex Hosting', 'hCaptcha', 'reCAPTCHA']"
boyamoissanite.com,Moissanite & Sapphire Jewelry | Rings | Earrings | Pendant | Necklaces,BOYA,VAT,87,14388,2026-10-04T22:35:21.578181836Z,"['Apture Linking Platform', 'Aruba', 'Baidu Cloud', 'Chatra', 'Cloudflare', 'Cloudflare CDN', 'Crisp', 'Express', 'Fastly', 'GoAffPro', 'Google Analytics', 'Google Cloud DNS', 'Google Font API', 'Google Related Website Sites', 'IcoMoon', 'Instagram Follow Button', 'Microdata for Google Shopping', 'Privy', 'Shopify', 'Shopify Collabs', 'Tailwind CSS', 'UTF-8', 'Yandex Hosting', 'eLand', 'hCaptcha', 'reCAPTCHA']"
upliftsales.com.au,"Outsourced SDR Agency Australia · B2B Tech Meetings, Booked",UpliftSales,,77,168684,2026-10-04T21:23:04.184124318Z,"['Alternate Protocol', 'Better Lead Generation Services', 'Calendly', 'Cloudflare', 'Cloudflare CDN', 'Cloudflare Web Analytics', 'Content Delivery Network', 'Crisp', 'Google', 'Google Analytics', 'Google Cloud DNS', 'Google Font API', 'Google My Business', 'Google Tag Manager', 'Microdata for Google Shopping', 'Microsoft Clarity', 'Next.js', 'Plausible Analytics', 'Pleroma', 'Prospective', 'RM Education', 'Salesforce Hosted', 'Sitelinks Search Box', 'Tailwind CSS', 'UTF-8', 'Unsplash', 'shadcn ui']"
supersoftech.com,Home - Super SofTech Super SofTech Super SofTech | Innovative IT Solutions for Business Growth,Super SofTech,IND,77,20506,2026-10-04T20:54:13.927008692Z,"['AWS WAF Challenge', 'Alternate Protocol', 'Ametys', 'AutoComplete', 'Cloudflare', 'Cloudflare CDN', 'Contact Form Plugin', 'Crisp', 'Elementor', 'EmbedPress', 'Font Awesome', 'Google', 'Google Cloud CDN', 'Google Cloud DNS', 'Google Font API', 'Google My Business', 'Instagram Follow Button', 'Microdata for Google Shopping', 'NFOrce Internet', 'PHP', 'QUIC', 'Tailwind CSS', 'UTF-8', 'Woo Themes', 'WooCommerce', 'WooCommerce Checkout', 'WordPress', 'WordPress Multisite']"
miratechcorp.com,Emissions and Acoustical Solutions for Industrial Engines - MIRATECH,,USA,92,6128,2026-10-04T18:39:53.62822848Z,"['Alternate Protocol', 'CDN JS', 'Cloudflare', 'Cloudflare CDN', 'Content Delivery Network', 'Crisp', 'EmbedPress', 'Fastly', 'Font Awesome', 'GZIP Module', 'Google', 'Google Analytics', 'Google Cloud DNS', 'Google Font API', 'Google My Business', 'Google Tag Manager', 'Microdata for Google Shopping', 'PHP', 'Theme In WP', 'UTF-8', 'WP Google Maps', 'WordPress', 'WordPress Multisite', 'YouTube', 'jsDelivr']"
versosecreto.com,https://versosecreto.com/ – VersoSecreto,VersoSecreto,USA,70,44124,2026-10-04T17:29:18.873071968Z,"['Apture Linking Platform', 'BLR', 'Baidu Cloud', 'Cloudflare', 'Cloudflare CDN', 'Crisp', 'Express', 'Google', 'Google Analytics', 'Google Cloud DNS', 'Google Font API', 'Google Related Website Sites', 'Google Tag Manager', 'Instagram Follow Button', 'Microdata for Google Shopping', 'PageFly', 'QUIC', 'Shopify', 'Shopify Collabs', 'Snowplow', 'TrackingMore', 'Tumblr', 'UTF-8', 'Yandex Hosting', 'hCaptcha', 'reCAPTCHA']"
site-tag.co.uk,SiteTag - Simplify Your Timesheets. | SiteTag,,,57,477,2026-10-04T17:29:18.832794805Z,"['Alternate Protocol', 'Content Delivery Network', 'Crisp', 'Google', 'Google Cloud DNS', 'Google Font API', 'Google My Business', 'QUIC', 'Thank You', 'Unsplash', 'Zyro']"
kamagra2doorbestellen.de,Kamagra2Door | Beste ED-Lösungen | Kein Rezept Erforderlich,Kamagra2door Bestellen,,72,26298,2026-10-04T16:50:22.596447753Z,"['AWS WAF Challenge', 'Alternate Protocol', 'Astra Theme', 'Click to Chat for WhatsApp', 'Cloudflare', 'Cloudflare CDN', 'Crisp', 'Elementor', 'EmbedPress', 'GTranslate', 'GenerateBlocks', 'Google', 'Google Analytics', 'Google Cloud CDN', 'Google Cloud DNS', 'Google Font API', 'Google My Business', 'Google Tag Manager', 'Gumlet', 'Krypt Technologies', 'Microdata for Google Shopping', 'NFOrce Internet', 'PHP', 'UTF-8', 'Ultimate Addons for Gutenberg', 'Woo Themes', 'WooCommerce', 'WooCommerce Checkout', 'WordPress', 'WordPress Multisite', 'shadcn ui']"
forwardpage.com,Home - Professional Website & Page Creation Services | ForwardPage,Professional Website &amp; Page Creation Services | ForwardPage,,67,18146,2026-10-04T15:25:45.982905067Z,"['Alternate Protocol', 'Contact Form Plugin', 'Crisp', 'Elementor', 'EmbedPress', 'Fireblade', 'Font Awesome', 'Google Cloud DNS', 'Google Font API', 'Microdata for Google Shopping', 'NFOrce Internet', 'PHP', 'Tailwind CSS', 'Telegram', 'Theme In WP', 'UTF-8', 'WP Rocket', 'WordPress', 'WordPress Multisite', 'eLand', 'jQuery']"
elearndesignsolutions.co.uk,Managed Moodle Platforms UK | Moodle LMS & eLearning Specialist,,AUS,87,1857,2026-10-04T13:15:01.664516946Z,"['Alternate Protocol', 'Better Lead Generation Services', 'Crisp', 'DAV', 'Formspree', 'IcoMoon', 'Impact', 'LiteSpeed', 'Microdata for Google Shopping', 'QUIC', 'University or College']"
mysharingbox.us,Photo & Video Experiences for Brands and Leisure Venues | sharingbox,Photobooth Rental sharingbox Unforgettable Photo Experiences for Events and Leisure Venues,ESP,92,35165,2026-10-04T06:38:29.290373216Z,"['AWS WAF Challenge', 'Alternate Protocol', 'Apache', 'Apture Linking Platform', 'Axeptio', 'Azure Edge', 'Bing Cashback', 'Content Delivery Network', 'Crisp', 'DoubleClick Bid Manager', 'FormSubmit', 'GZIP Module', 'Google', 'Google Analytics', 'Google Cloud DNS', 'Google Font API', 'Google Matched Content', 'Google My Business', 'Google Reseller', 'Google Tag Manager', 'Instagram Follow Button', 'Jetpack Site Accelerator', 'Microdata for Google Shopping', 'Microsoft Azure', 'Microsoft Azure Blob Storage', 'Microsoft Clarity', 'PHP', 'Polylang', 'Tailwind CSS', 'Trustpilot Reviews for WordPress', 'Twitter Ads', 'UTF-8', 'Vector Internet Services', 'WordPress', 'WordPress Multisite', 'YouTube', 'shadcn ui']"
bankstatemently.com,Bankstatemently — Bank Statement Converter | PDF to CSV,Bankstatemently,SGP,82,19219,2026-10-03T22:03:55.630417715Z,"['AWS WAF Challenge', 'Alternate Protocol', 'Apture Linking Platform', 'Better Stack', 'Cloudflare', 'Cloudflare CDN', 'Coming Soon Page', 'Content Delivery Network', 'Crisp', 'DoubleClick Bid Manager', 'GitHub Hosting', 'Google', 'Google Analytics', 'Google Cloud DNS', 'Google Font API', 'Google My Business', 'Google Tag Manager', 'QUIC', 'Radix UI', 'Stripe', 'Tailwind CSS', 'Thank You', 'UTF-8', 'Vercel', 'jsDelivr', 'shadcn ui']"
cinchtrax.com,CinchTrax – Traction Control for Rubber Tracks,,,60,1019,2026-10-03T19:46:28.917558264Z,"['Alternate Protocol', 'Contact Form Plugin', 'Crisp', 'Elementor', 'EmbedPress', 'Express', 'Facebook Login', 'Facebook Messenger Platform', 'Facebook Pixel', 'Facebook Reseller', 'GZIP Module', 'Google', 'Google Analytics', 'Google Cloud DNS', 'Google Font API', 'Google Tag Manager', 'IcoMoon', 'Instagram Follow Button', 'Interchange', 'Klaviyo', 'LiteSpeed', 'NFOrce Internet', 'PHP', 'QUIC', 'Site Kit', 'Theme In WP', 'UTF-8', 'W3 Total Cache', 'Woo Themes', 'WooCommerce', 'WooCommerce Checkout', 'WooCommerce Stripe Payment Gateway', 'WordPress', 'WordPress Multisite', 'YouTube', 'jQuery']"
flawlesswebsitedesign.com,Flawless Website Design | High-Converting Website Designs,Flawless Website Design,USA,77,49035,2026-10-03T18:50:34.441884423Z,"['Alternate Protocol', 'Amazon WAF Blocked', 'Anti-spam for WordPress', 'Apture Linking Platform', 'Automattic', 'BLR', 'CleanTalk Spam Protect', 'Content Delivery Network', 'Crisp', 'Divi', 'Elegant Themes', 'EmbedPress', 'Fireblade', 'Freshworks Bot', 'Google', 'Google Analytics', 'Google Cloud CDN', 'Google Cloud DNS', 'Google Font API', 'Google My Business', 'Google Recommendations AI', 'Gravity', 'Instagram Follow Button', 'Jetpack', 'LiteSpeed', 'Microdata for Google Shopping', 'Monarch Social Sharing Plugin For WordPress', 'PHP', 'Perl', 'PixelYourSite', 'QUIC', 'Repuso', 'Theme In WP', 'Thrive Themes', 'Tumblr', 'Twitter Ads', 'UTF-8', 'Woo Themes', 'WordPress', 'WordPress Multisite', 'WordPress Stats', 'Yelp Badge', 'YouTube', 'jQuery', 'reCAPTCHA']"
casalicense.com,Home - CASALICENSE,CASALICENSE,GBR,77,20616,2026-10-03T12:28:28.85660358Z,"['Alternate Protocol', 'Automattic', 'ByteDance', 'Content Delivery Network', 'Crisp', 'Easy Pie Chart', 'Elementor', 'ElementsKit Elementor', 'EmbedPress', 'Facebook Conversion Tracking', 'Facebook Pixel', 'Facebook Reseller', 'Facebook Tag API', 'Fireblade', 'GTranslate', 'Google Analytics', 'Google Cloud DNS', 'Google Font API', 'Google Tag Manager', 'Instagram Follow Button', 'Jetpack', 'LiteSpeed', 'Microdata for Google Shopping', 'QUIC', 'Trustpilot Reviews for WordPress', 'UTF-8', 'Visual Studio', 'WP Statistics', 'Woo Themes', 'WooCommerce', 'WooCommerce Checkout', 'WooLentor', 'WordPress', 'WordPress Multisite']"
sendpulse.net,Multi-Channel Marketing Automation Platform | SendPulse,,,72,13308,2026-10-03T08:58:23.914540887Z,"['Alternate Protocol', 'Amazon WAF Blocked', 'App Store', 'Apture Linking Platform', 'Bing Cashback', 'CDN JS', 'Cloudflare', 'Cloudflare CDN', 'Crisp', 'Cybot', 'Disqus Comment System for WordPress', 'DoubleClick Bid Manager', 'ElementUI', 'Facebook CDN', 'Fastly', 'GZIP Module', 'GetResponse', 'GitHub Hosting', 'Google', 'Google Analytics', 'Google Cloud DNS', 'Google My Business', 'Google Play', 'Google Related Website Sites', 'Google Reseller', 'Google Tag Manager', 'Instagram Follow Button', 'Microdata for Google Shopping', 'Microsoft Clarity', 'New Relic', 'Ntent', 'OpenResty', 'PWA', 'Perl', 'Ringostat', 'SendPulse', 'Sign In With Google', 'Tailwind CSS', 'Twitter Ads', 'UTF-8', 'WPML Multilingual', 'YouTube', 'jQuery', 'jsDelivr', 'reCAPTCHA']"
enterprises.solutions,enterprises.solutions — DevOps-as-a-Service Belgium,,,67,32932,2026-10-03T05:49:47.421110274Z,"['AWS WAF Challenge', 'Cloudflare', 'Cloudflare CDN', 'Cloudflare Web Analytics', 'Crisp', 'Fireblade', 'Free Call', 'Google Cloud DNS', 'Google Font API', 'NFOrce Internet', 'PagerDuty', 'UTF-8']"
saeedalsuwaidi.com,SaeedAlSuwaidi – Saeed al Suwaidi Lawyers & Legal Consultants,,,60,850,2026-10-03T04:51:17.732406508Z,"['Alternate Protocol', 'Contact Form Plugin', 'Crisp', 'Elementor', 'EmbedPress', 'Font Awesome', 'FreeCSSTemplates', 'GZIP Module', 'Google', 'Google Cloud DNS', 'Google Font API', 'LiteSpeed', 'PHP', 'Slider Revolution', 'Theme In WP', 'TrustIndex', 'UTF-8', 'Unlimited Elements For Elementor', 'WP Super Cache', 'Woo Themes', 'WordPress', 'WordPress Multisite', 'jQuery']"
ameltygosy.se,Hem - Tygaffär och skrädderi,Amel Tyg & Sy,NLD,82,783116,2026-10-03T03:19:43.608966185Z,"['AB Tasty', 'ADFOX', 'AJAX Libraries API', 'AWS WAF Challenge', 'Active Campaign', 'AdRoll', 'AddThis for Wordpress', 'Adobe Analytics', 'Adobe Marketing Cloud', 'Alternate Protocol', 'Amazon Associates Affiliate Shop', 'Amazon WAF Blocked', 'Amplitude', 'AppNexus Direct', 'Astra Theme', 'Authorize.net', 'Automattic', 'Bing Cashback', 'Bing Conversion Tracking', 'Braintree', 'Brevo', 'Brightcove', 'Bunny Fonts', 'BunnyCDN General', 'ByteDance', 'CDN JS', 'CDN77 Hosted', 'Calendly', 'Cart.com', 'Chartbeat', 'CleanTalk Spam Protect', 'Clicky', 'Cloudflare', 'Cloudflare CDN', 'Cloudflare Web Analytics', 'Content Delivery Network', 'ConvertKit', 'CrazyEgg', 'Crisp', 'Criteo', 'Criteo Reseller', 'DailyMotion Video', 'Disqus Comment System for WordPress', 'DoubleClick Bid Manager', 'Drift', 'ElementUI', 'Elementor', 'EmbedPress', 'Engage', 'Facebook Embedded Posts', 'Facebook Reseller', 'Firebase', 'Font Awesome', 'Freshworks Bot', 'Giphy', 'Google', 'Google Adsense', 'Google Analytics', 'Google Cloud CDN', 'Google Cloud DNS', 'Google Font API', 'Google Maps', 'Google Matched Content', 'Google My Business', 'Google Pay', 'Google Reseller', 'Google Tag Manager', 'Header, Footer and Blocks for Elementor', 'Heap', 'Help Scout', 'Hubspot', 'Impact', 'Infolinks', 'Inspectlet', 'Instagram Follow Button', 'Intercom', 'Iubenda', 'JW Player Platform', 'Jetpack', 'JotForm', 'Kinsta', 'Klaviyo', 'LiteSpeed', 'LiveChat', 'LiveChat Monitoring', 'MailChimp', 'MailerLite', 'Marketo', 'Matomo', 'Media.net', 'Media.net Reseller', 'Mediavine Publisher', 'Microdata for Google Shopping', 'Microsoft Clarity', 'Mixpanel', 'Mouseflow', 'NFOrce Internet', 'New Relic', 'NitroPack', 'Olark', 'On The Map', 'OpenX Direct', 'OptiMole', 'Optimizely Recommendations', 'Outbrain Direct', 'PHP', 'Pardot', 'Parse.ly', 'PayPal Adaptive Payments', 'Pinterest Conversion Tracking', 'Piwik PRO', 'Plausible Analytics', 'PubMatic Direct', 'Pubmatic', 'PushEngage', 'QUIC', 'Quantcast Direct', 'RM Education', 'Recart', 'RocketCDN', 'Rumble Player', 'Seflow Italy', 'Segment', 'ShareThis', 'Sign In With Google', 'Site Kit', 'Square', 'Squarespace Online Appointment Scheduling', 'StatCounter', 'Statically', 'Stripe', 'Sumo', 'Swell Rewards', 'Table Addons for Elementor', 'Taboola Direct', 'Taboola Reseller', 'Tealium', 'Theme In WP', 'Thrive Direct', 'Twitch', 'Twitter Ads', 'Twitter Analytics', 'Typeform', 'UTF-8', 'VigLink', 'Vimeo', 'Vine Embed', 'Visual Website Optimizer', 'Way', 'Wistia', 'Woo Themes', 'Woopra', 'WordPress', 'WordPress Multisite', 'WordPress Related Posts', 'Yandex Hosting', 'Yotpo', 'YouTube', 'comScore', 'eLand', 'jQuery', 'jsDelivr', 'reCAPTCHA']"
tealstratus.com,Cloud Design & Deployment Services - Teal Stratus Technologies,Teal Stratus Technologies,,72,24499,2026-10-03T02:16:01.235000145Z,"['Alternate Protocol', 'Autoptimize', 'Calendly', 'Cloudflare', 'Content Delivery Network', 'Crisp', 'DAV', 'EmbedPress', 'Fireblade', 'GoDaddy', 'Google Analytics', 'Google Related Website Sites', 'Google Tag Manager', 'Jetpack', 'Microdata for Google Shopping', 'PHP', 'Pico CSS', 'QUIC', 'Stratus', 'Subversion', 'Tailwind CSS', 'Theme In WP', 'UTF-8', 'WordPress', 'WordPress Multisite', 'WordPress Stats', 'jQuery']"
bigairwoodstock.com,Big Air Woodstock | Indoor Trampoline Park & Family Attraction,Big Air Trampoline Park,USA,77,154937,2026-10-02T23:11:15.540820486Z,"['AJAX Libraries API', 'Alternate Protocol', 'Amazon', 'Amazon CloudFront', 'CCSI', 'CloudFront', 'Cloudflare', 'Coming Soon Page', 'Content Delivery Network', 'Crisp', 'DAV', 'DC74', 'Financial Services Guide', 'Fraud Blocker', 'GZIP Module', 'Google', 'Google Analytics', 'Google Cloud DNS', 'Google Font API', 'Google Maps', 'Google My Business', 'Google Tag Manager', 'HHVM', 'Hexo', 'Idaq', 'InitiativeS', 'Instagram Follow Button', 'K2F', 'KVH', 'Microdata for Google Shopping', 'Microsoft Clarity', 'No-Q', 'Oddle', 'Onyx Internet', 'Phew', 'SMC', 'Subversion', 'Tailwind CSS', 'UTF-8', 'University or College', 'WF Cookie Consent', 'jsDelivr', 'reCAPTCHA']"
righttoursthailand.com,Thailand Tour Packages from Pattaya | Right Tours Thailand,,THA,87,3904,2026-10-02T22:26:47.62600474Z,"['Content Delivery Network', 'Crisp', 'Facebook Conversion Tracking', 'Facebook Login', 'Facebook Messenger Platform', 'Facebook Pixel', 'Facebook Reseller', 'Facebook Tag API', 'Google', 'Google Analytics', 'Google Cloud DNS', 'Google Font API', 'Google Tag Manager', 'Instagram Follow Button', 'Microdata for Google Shopping', 'Neighborhoods', 'Next.js', 'Pleroma', 'UTF-8', 'Unsplash', 'Vercel']"
lovelyinkenmore.com,"Nail & Beauty Salon in Kenmore, WA | Lovely Nails & Beauty",,USA,82,3820,2026-10-02T21:11:10.643765584Z,"['Alternate Protocol', 'Apture Linking Platform', 'Content Delivery Network', 'Crisp', 'Express', 'Google', 'Google Cloud DNS', 'Google Font API', 'Google Maps', 'Google My Business', 'Instagram Follow Button', 'Microdata for Google Shopping', 'Perl', 'QUIC', 'UTF-8', 'Vercel', 'Yelp Badge']"
theptd.com,"The Property Tax Department, LLC",,USA,67,27627,2026-10-02T19:21:44.424091138Z,"['Alternate Protocol', 'Apache', 'Contact Form Plugin', 'Contento', 'Crisp', 'EmbedPress', 'Facebook Conversion Tracking', 'Facebook Login', 'Facebook Messenger Platform', 'Facebook Pixel', 'Facebook Reseller', 'Facebook Tag API', 'GZIP Module', 'Google Cloud DNS', 'Google Font API', 'Google My Business', 'Impreza', 'Microdata for Google Shopping', 'PHP', 'Theme In WP', 'UTF-8', 'Visual Composer Ultimate Addons', 'W3 Total Cache', 'WPBakery', 'WordPress', 'WordPress Multisite', 'jQuery', 'reCAPTCHA']"
grohneysllp.com,Grohneys AAA LLP - Premier Audit & Accounting Firm in Kenya | Financial Services,,KEN,87,17067,2026-10-02T14:48:25.762221825Z,"['Better Lead Generation Services', 'Bulma', 'Cloudflare', 'Corporate Governance and Regulatory Compliance', 'Crisp', 'Elfsight', 'Fireblade', 'Font Awesome', 'IcoMoon', 'LiteSpeed', 'Microdata for Google Shopping', 'QUIC', 'Tailwind CSS', 'Twitter Ads', 'UTF-8']"
smartmoneyfs.com,Smart Money Financial Services | stock Market Tips | commodity Tips - Indore,,IND,72,23283,2026-10-02T12:51:50.609283321Z,"['Apache', 'Bulma', 'CDN JS', 'Cloudflare', 'Cloudflare CDN', 'Crisp', 'DoubleClick Bid Manager', 'Font Awesome', 'FreeCSSTemplates', 'GZIP Module', 'Google Analytics', 'Google Cloud DNS', 'Google Flights Conversion Tracking', 'Google Font API', 'Google My Business', 'Google Play', 'Google Related Website Sites', 'IcoMoon', 'Iconz', 'Tailwind CSS', 'Twitter Ads', 'UTF-8', 'Universe', 'Webflow', 'WordPress', 'YouTube', 'Zopim']"
shopyns.com,Shopyns is an e-commerce platform where you can browse and purchase a variety of products.,,GBR,67,1140,2026-10-02T10:51:55.675862117Z,"['Crisp', 'Express', 'GZIP Module', 'QUIC', 'Stripe', 'UTF-8']"
happierchildcare.com,Joyshappier Childcare - Welcome to Joyshappier Childcare,,AUS,70,2671,2026-10-02T08:07:23.013919928Z,"['AJAX Libraries API', 'Apache', 'Bulma', 'CDN JS', 'Cloudflare', 'Cloudflare CDN', 'Crisp', 'Font Awesome', 'Google Cloud DNS', 'Google My Business', 'Line2', 'QUIC', 'Tailwind CSS', 'UTF-8', 'jQuery', 'reCAPTCHA']"
winkelgetriebe.de,Home - ATEK Drive Solutions,,DEU,82,18664,2026-10-02T07:40:01.567261372Z,"['Adobe Creative Cloud WebFonts', 'Alternate Protocol', 'Apache', 'CookieYes', 'Crisp', 'DAV', 'Elementor', 'EmbedPress', 'Fireblade', 'GZIP Module', 'Google Analytics', 'Google My Business', 'Google Tag Manager', 'Gravity', 'Gravity Forms', 'HappyAddons', 'Hello Elementor', 'Microdata for Google Shopping', 'PHP', 'Polylang', 'QUIC', 'Site Kit', 'Sitelinks Search Box', 'Theme In WP', 'To Top', 'UTF-8', 'WP Super Cache', 'WordPress', 'WordPress Download Manager', 'WordPress Multisite', 'jQuery', 'reCAPTCHA']"
tdstour.co.id,Terminal Document Services,,IDN,45,360,2026-10-02T05:19:40.301834289Z,"['Crisp', 'Elfsight', 'Exa Bytes Network', 'Google Analytics', 'Google Related Website Sites', 'LiteSpeed', 'PHP', 'UTF-8', 'WhatsApp Sharing']"
zeescommerce.com,Custom Sportswear Manufacturer | Zees Commerce,Zees Commerce,USA,82,8786,2026-10-02T05:19:40.248639409Z,"['Alternate Protocol', 'Better Lead Generation Services', 'Content Delivery Network', 'Crisp', 'Elementor', 'EmbedPress', 'Express', 'Facebook Login', 'Facebook Messenger Platform', 'Facebook Pixel', 'Facebook Reseller', 'Facebook Tag API', 'Google Analytics', 'Google Cloud DNS', 'Google Font API', 'Google Related Website Sites', 'Google Tag Manager', 'LiteSpeed', 'Microdata for Google Shopping', 'NFOrce Internet', 'PHP', 'QUIC', 'UTF-8', 'University or College', 'Vector Internet Services', 'Woo Themes', 'WooFramework', 'WordPress', 'WordPress Multisite', 'XTemos Studio', 'jQuery']"
musicsmith.ai,MusicSmith — AI Music Generator (No Subscription),MusicSmith AI,,72,8340,2026-10-02T04:52:51.532453517Z,"['Apture Linking Platform', 'Cloudflare', 'Cloudflare CDN', 'Cloudflare Web Analytics', 'Content Delivery Network', 'Crisp', 'GitHub Hosting', 'Microdata for Google Shopping', 'Ntent', 'Nuxt.js', 'Smith.ai', 'Tailwind CSS', 'UTF-8']"
nanceessence.com,Nance Essence – Elevate Your Haircare Routine For More Growth,,ZAF,65,18546,2026-10-02T03:03:12.835280763Z,"['AWS WAF Challenge', 'Alternate Protocol', 'Apture Linking Platform', 'Automattic', 'Contact Form Plugin', 'Crisp', 'Elementor', 'EmbedPress', 'Google My Business', 'Header, Footer and Blocks for Elementor', 'Hello Elementor', 'Instagram Follow Button', 'Jetpack', 'Line2', 'LiteSpeed', 'PHP', 'QUIC', 'Table Addons for Elementor', 'Tailwind CSS', 'The Plus Addons for Elementor', 'Theme In WP', 'UTF-8', 'Woo Themes', 'WooCommerce', 'WooCommerce Checkout', 'WooCommerce Payments', 'WordPress', 'WordPress Multisite', 'WordPress Stats', 'jQuery', 'reCAPTCHA']"
kardow.dev,The AI Job Board Builder | Kardow,Kardow,,72,13855,2026-10-02T02:36:23.813399032Z,"['Alternate Protocol', 'Amazon WAF Blocked', 'App Store', 'Apture Linking Platform', 'Astro', 'Builder', 'Cloudflare', 'Cloudflare CDN', 'Cloudflare Web Analytics', 'Cloudinary', 'Content Delivery Network', 'Crisp', 'ElementUI', 'Google Analytics', 'Google My Business', 'Google Play', 'Google Tag Manager', 'Microdata for Google Shopping', 'Newsletter for Wordpress', 'Ntent', 'PWA', 'Perl', 'Plausible Analytics', 'Say what', 'Sign In With Google', 'Sitelinks Search Box', 'Smartjobboard', 'Tailwind CSS', 'shadcn ui']"
valeonline.co.uk,www.valeonline.co.uk - Click. Shop. Delivered.,www.valeonline.co.uk,,62,96368,2026-10-02T01:28:27.91285965Z,"['Alternate Protocol', 'Apache', 'Cart.com', 'Content Delivery Network', 'Crisp', 'EmbedPress', 'Express', 'Fireblade', 'Funding Choices', 'Google Adsense', 'Google Analytics', 'Google Funding Choices', 'Google Matched Content', 'Google My Business', 'Google Reseller', 'Google Tag Manager', 'LiteSpeed', 'Microdata for Google Shopping', 'PHP', 'QUIC', 'Recart', 'Theme In WP', 'Trustpilot Reviews for WordPress', 'UTF-8', 'Woo Themes', 'WooCommerce', 'WooCommerce Checkout', 'WooCommerce Payments', 'WordPress', 'WordPress Multisite', 'eLand', 'jQuery']"
greathousedealsonline.com,Great House Deals Online,,USA,77,21776,2026-10-01T22:57:01.515721694Z,"['AdChoices in Canada', 'AdRoll', 'Crisp', 'Evidon', 'Express', 'Fireblade', 'FormSubmit', 'GZIP Module', 'Google Cloud DNS', 'Google Maps', 'Google My Business', 'Instagram Follow Button', 'NFOrce Internet', 'Nginx', 'Perl', 'TermsFeed', 'Twitter Ads', 'UTF-8', 'jQuery', 'jsDelivr']"
saba-exchange.com,Saba Exchange,,TUR,57,453,2026-10-01T21:33:27.981149966Z,"['CDN JS', 'Cloudflare', 'Cloudflare CDN', 'Crisp', 'Flat Icon', 'Google', 'Google Cloud DNS', 'Google Font API', 'PHP', 'Tailwind CSS', 'Telegram', 'UTF-8', 'jQuery', 'jsDelivr']"
baoguane.com,报关易 - 高效的一站式通关服务平台,,,52,525,2026-10-01T21:20:19.302147857Z,"['Baidu Ads', 'Baidu Analytics', 'Baidu Cloud', 'Crisp', 'GZIP Module', 'Line2', 'Nginx', 'UTF-8']"
sariamsboutique.com,Sariams House of Luxuries Boutique - Welcome to sariams boutique,,,60,402,2026-10-01T20:53:40.164850697Z,"['AJAX Libraries API', 'Apache', 'Bulma', 'CDN JS', 'Cloudflare', 'Cloudflare CDN', 'Crisp', 'Express', 'Font Awesome', 'Google Cloud DNS', 'Google My Business', 'QUIC', 'Tailwind CSS', 'UTF-8', 'jQuery', 'reCAPTCHA']"
softventure.ro,Softventure | Solutii software pentru avocati,,ROU,62,1140,2026-10-01T16:19:50.942866075Z,"['Crisp', 'Google Analytics', 'Google Tag Manager', 'LiteSpeed', 'Tailwind CSS', 'YouTube']"
opterty.com,Remove Your Personal Information from Google - Optery,Optery Inc,VEN,77,47675,2026-10-01T14:57:52.923499382Z,"['AWS WAF Challenge', 'Alternate Protocol', 'Amplitude', 'App Store', 'Apture Linking Platform', 'Bug Bounty', 'Cisco/Arrowpoint Content Service Switch', 'Cloudflare', 'Cloudflare CDN', 'Content Delivery Network', 'Crisp', 'DAV', 'ElementUI', 'EmbedPress', 'Express', 'Fireblade', 'GoGrid', 'Google My Business', 'Google Play', 'Google Related Website Sites', 'Google Tag Manager', 'HandL UTM Grabber', 'IcoMoon', 'Jetpack', 'Microdata for Google Shopping', 'PHP', 'QUIC', 'Tailwind CSS', 'Theme In WP', 'Twitter Ads', 'UTF-8', 'University or College', 'WordPress', 'WordPress Multisite', 'WordPress Stats', 'YouTube', 'jQuery']"
apptonize.nl,"Mobile App Loyalty, Marketing & Sales: Sparen. Verleiden. Verkopen. - Apptonize",,,60,9205,2026-10-01T11:24:59.758075013Z,"['Alternate Protocol', 'Amazon WAF Blocked', 'Anti-spam for WordPress', 'CleanTalk Spam Protect', 'Content Delivery Network', 'Crisp', 'Divi', 'Elegant Themes', 'EmbedPress', 'Fireblade', 'Google Analytics', 'Google Cloud DNS', 'Google Font API', 'Google Tag Manager', 'Kitco', 'Microdata for Google Shopping', 'Nginx', 'PHP', 'Shopware', 'Site Kit', 'Theme In WP', 'UTF-8', 'Vector Internet Services', 'Woo Themes', 'WordPress', 'WordPress Multisite', 'eLand', 'jQuery']"
pearllemonrepairs.co.uk,Property Repairs Central London - 24/7 Property Maintenance,Pearl Lemon Repairs,GBR,82,17195,2026-10-01T09:33:35.515511177Z,"['AWS WAF Challenge', 'Alternate Protocol', 'Amazon WAF Blocked', 'Apture Linking Platform', 'Crisp', 'Elementor', 'ElementsKit Elementor', 'EmbedPress', 'Google Analytics', 'Google Maps', 'Google My Business', 'Google Related Website Sites', 'Google Tag Manager', 'Hello Elementor', 'Instagram Follow Button', 'Microdata for Google Shopping', 'Microsoft Clarity', 'PHP', 'QUIC', 'Schema Plugin', 'Sitelinks Search Box', 'Theme In WP', 'UTF-8', 'WordPress', 'WordPress Multisite', 'YouTube', 'jQuery']"
webnum.com,Home - Webnum,Webnum,,77,5514,2026-10-01T09:22:22.491499402Z,"['Agoda', 'Alternate Protocol', 'Amazon WAF Blocked', 'Angular', 'Bookeo', 'CleanTalk Spam Protect', 'Cloudflare', 'Cloudflare CDN', 'Content Delivery Network', 'Crisp', 'DuracellTomi Google Tag Manager for WordPress', 'Elementor', 'EmbedPress', 'Google Analytics', 'Google Cloud DNS', 'Google Font API', 'Google Related Website Sites', 'Google Tag Manager', 'Gravity', 'Microdata for Google Shopping', 'NFOrce Internet', 'QUIC', 'Rey Theme', 'Schedulicity', 'Shoelace Style', 'SiteW', 'Sitelinks Search Box', 'Telegram', 'UTF-8', 'University or College', 'Vagaro', 'Woo Themes', 'WooCommerce', 'WooCommerce Checkout', 'WordPress', 'WordPress Multisite', 'YouTube', 'jQuery']"
roveiptv.com,IPTV Canada - Starting 4.99$/Mo - #1 In Best IPTV Providers.,,CAN,87,27413,2026-10-01T04:10:25.141973977Z,"['AWS WAF Challenge', 'Agoda', 'Alternate Protocol', 'Amazon WAF Blocked', 'Apture Linking Platform', 'Automattic', 'CDN JS', 'Click to Chat for WhatsApp', 'Cloudflare', 'Cloudflare CDN', 'Complianz', 'Content Delivery Network', 'Crisp', 'Customer Reviews for WooCommerce', 'Elementor', 'EmbedPress', 'Font Awesome', 'Google', 'Google Adsense', 'Google Analytics', 'Google Cloud CDN', 'Google Funding Choices', 'Google Matched Content', 'Google My Business', 'Google Reseller', 'Google Tag Manager', 'Hotjar', 'Instagram Follow Button', 'Jetpack', 'Kitco', 'Klarna', 'Medium', 'Microdata for Google Shopping', 'NFOrce Internet', 'NitroPack', 'PHP', 'Perl', 'QUIC', 'Sign In With Google', 'Site Kit', 'Sitelinks Search Box', 'Twitter Ads', 'UTF-8', 'Woo Themes', 'WordPress', 'WordPress Multisite', 'YouTube']"
doyourorder.com,Restaurant Online Ordering System | QR Code Menu | POS | Do Your Order,,ESP,82,21731,2026-10-01T03:58:27.969003774Z,"['AWS WAF Challenge', 'Alternate Protocol', 'Amazon', 'Amazon CloudFront', 'Amazon Route 53', 'Amazon S3 CDN', 'App Store', 'Calendly', 'Clockwork', 'CloudFront', 'Content Delivery Network', 'Create React App', 'Crisp', 'Facebook Reseller', 'GZIP Module', 'Google', 'Google Analytics', 'Google Cloud DNS', 'Google Font API', 'Google Maps', 'Google My Business', 'Google Play', 'Google Tag Manager', 'Instagram Follow Button', 'Microdata for Google Shopping', 'Microsoft Clarity', 'PWA', 'Pleroma', 'QUIC', 'Storyblocks', 'WordPress SEO Structured Data Schema Plugin', 'YouTube']"
saasgohub.com,Get Unlimited Access to Powerful Marketing Tools – SaaSGoHub - saasgohub.com,,,62,51608,2026-10-01T03:31:40.51196457Z,"['Alternate Protocol', 'Apture Linking Platform', 'Better Lead Generation Services', 'Crisp', 'Facebook Conversion Tracking', 'Facebook Login', 'Facebook Messenger Platform', 'Facebook Pixel', 'Facebook Reseller', 'Facebook Tag API', 'GZIP Module', 'Google Analytics', 'Google Conversion Tracking', 'Google Tag Manager', 'IcoMoon', 'Nginx', 'Perl', 'SMC', 'Tailwind CSS', 'UTF-8', 'jQuery']"
ampolymer.in,AM Polymer,,IND,72,3147,2026-10-01T03:04:52.701069675Z,"['Bulma', 'Coming Soon Page', 'Crisp', 'IcoMoon', 'Instagram Follow Button', 'NFOrce Internet', 'jQuery']"
bottlebooks.sk,E-labels | Bottlebooks,,,62,116281,2026-10-01T03:04:52.645758905Z,"['Alternate Protocol', 'Amazon WAF Blocked', 'Apture Linking Platform', 'Content Delivery Network', 'Crisp', 'DAV', 'DC74', 'Express', 'Fastly', 'Fastly CDN', 'GZIP Module', 'Google My Business', 'Google Related Website Sites', 'Instagram Follow Button', 'M247', 'NFOrce Internet', 'Ntent', 'PWA', 'Perl', 'QUIC', 'SMC', 'Seflow Italy', 'Sentry', 'SiteW', 'Thank You', 'Twitter Ads', 'UTF-8', 'Vector Internet Services', 'WP Booking Calendar', 'Wix', 'Wix Media', 'WordPress Related Posts', 'YouTube', 'mlcom']"
uisoe.at,صفحه اصلی - انجمن علمی دانشجویان اتریش,انجمن علمی دانشجویان اتریش,,60,363,2026-10-01T00:39:25.829804107Z,"['Alternate Protocol', 'Apache', 'Contact Form Plugin', 'Crisp', 'EmbedPress', 'Google Cloud DNS', 'Google Font API', 'Microdata for Google Shopping', 'PHP', 'Slider Revolution', 'Theme In WP', 'UTF-8', 'WPBakery', 'WordPress', 'WordPress Multisite', 'jQuery']"
csiq.uk,"Cyber Security Consultancy Services, Hampshire, UK | CSIQ",CSIQ Limited,GBR,77,74274,2026-10-01T00:26:58.921159598Z,"['AWS WAF Challenge', 'Alternate Protocol', 'Amazon WAF Blocked', 'Ametys', 'Builder', 'Citrix', 'Cloudflare', 'Cloudflare CDN', 'Cloudflare Web Analytics', 'Content Delivery Network', 'CookieYes', 'Crisp', 'DAV', 'Ecologi', 'EmbedPress', 'Facebook Conversion Tracking', 'Facebook Login', 'Facebook Messenger Platform', 'Facebook Pixel', 'Facebook Reseller', 'Facebook Tag API', 'Fireblade', 'Form.IO', 'FormSubmit', 'Google', 'Google Analytics', 'Google Cloud DNS', 'Google Font API', 'Google My Business', 'Google Tag Manager', 'Gravity', 'Gravity Forms', 'IcoMoon', 'Kitco', 'LiteSpeed', 'Menu Icons by ThemeIsle', 'Microdata for Google Shopping', 'Nectar Slide Plugin', 'PHP', 'PWA', 'Perl', 'QUIC', 'Salient', 'Tailwind CSS', 'Theme In WP', 'Twitter Ads', 'UTF-8', 'WPBakery', 'WordPress', 'WordPress Multisite', 'jQuery', 'reCAPTCHA']"
alwayspoweron.com,Always Power On Inc.,,USA,65,17380,2026-09-30T23:44:14.342144005Z,"['Apache', 'Crisp', 'Fireblade', 'GZIP Module', 'Google Analytics', 'Google Cloud DNS', 'Google Maps', 'Google My Business', 'Google Tag Manager', 'Perl', 'QUIC', 'Stripe', 'UTF-8', 'reCAPTCHA']"
premiersourcinggroup.com.au,Home - Premier Sourcing Group,Premier Sourcing Group,SYC,77,8666,2026-09-30T22:30:48.89124094Z,"['Alternate Protocol', 'Apture Linking Platform', 'Contact Form Plugin', 'Crisp', 'EmbedPress', 'Facebook Conversion Tracking', 'Facebook Login', 'Facebook Messenger Platform', 'Facebook Pixel', 'Facebook Reseller', 'Facebook Tag API', 'GZIP Module', 'Google Analytics', 'Google My Business', 'Google Related Website Sites', 'Google Tag Manager', 'Kitco', 'LiteSpeed', 'Microdata for Google Shopping', 'MonsterInsights', 'PHP', 'PixelYourSite', 'QUIC', 'Sign In With Google', 'Simple Banner for Wordpress', 'Site Kit', 'Sitelinks Search Box', 'UTF-8', 'WP Rocket', 'WordPress', 'WordPress Multisite', 'jQuery', 'reCAPTCHA']"
gayoo.at,Gayoo - The gay-friendly label for an equal welcome for all,Gayoo,BEL,77,6626,2026-09-30T21:34:26.261352679Z,"['Alternate Protocol', 'Amazon', 'Amazon CloudFront', 'Apache', 'CloudFront', 'Cookie Accept', 'Cookie Notice', 'Crisp', 'Elfsight', 'EmbedPress', 'Facebook Login', 'Facebook Messenger Platform', 'Facebook Reseller', 'Font Awesome', 'FooBox', 'GZIP Module', 'Google Cloud DNS', 'Google Font API', 'Google Maps', 'Google My Business', 'Google Related Website Sites', 'Instagram Follow Button', 'PHP', 'Photo Gallery by FooGallery', 'Polylang', 'SVG Support', 'Simple Social Icons', 'Sitelinks Search Box', 'Theme In WP', 'Twitter Ads', 'UTF-8', 'University or College', 'WP Job Manager', 'WP Retina 2x', 'WPBakery', 'Woo Themes', 'WooCommerce', 'WooCommerce Checkout', 'WordPress', 'WordPress Multisite', 'YouTube', 'jQuery', 'reCAPTCHA']"
guevaratoursbelize.bz,Guevara Tours - Home,,PHL,60,300,2026-09-30T19:36:18.386741374Z,"['Apache', 'CDN JS', 'Cloudflare', 'Cloudflare CDN', 'Crisp', 'GZIP Module', 'Google Analytics', 'Google Conversion Tracking', 'Google My Business', 'Google Tag Manager', 'Instagram Follow Button', 'PHP', 'UTF-8', 'jsDelivr']"
quantumkurv.com,AI & ML Development Company | AI & ML Services,,USA,87,213427,2026-09-30T18:06:31.1427009Z,"['AWS WAF Challenge', 'Alternate Protocol', 'Crisp', 'Elementor', 'EmbedPress', 'Fireblade', 'Google Analytics', 'Google My Business', 'Google Related Website Sites', 'Google Tag Manager', 'Instagram Follow Button', 'Kitco', 'M247', 'Microdata for Google Shopping', 'Nginx', 'Pico CSS', 'Salesforce Hosted', 'Schema Plugin', 'Site Kit', 'Sitelinks Search Box', 'Twitter Ads', 'UTF-8', 'Vector Internet Services', 'WP Rocket', 'WordPress', 'WordPress Multisite', 'jQuery', 'reCAPTCHA']"
bostonresearchjournals.org,Boston Research Journals: Peer-Reviewed Open Access,Boston Research Journals,USA,77,1140,2026-09-30T16:57:15.227489609Z,"['App Store', 'Cloudflare', 'Cloudflare CDN', 'Corporate Governance and Regulatory Compliance', 'Crisp', 'Express', 'Google My Business', 'Google Play', 'License Buttons', 'Microdata for Google Shopping', 'Next.js', 'QUIC', 'Sitelinks Search Box', 'Tailwind CSS', 'UTF-8', 'University or College', 'shadcn ui']"
econoligne.net,"Worldline - Unlimited Internet, TV Services, Home Phone and Long Distance Calling",Worldline,,67,1761,2026-09-30T16:41:39.67685044Z,"['Alternate Protocol', 'Content Delivery Network', 'Crisp', 'EmbedPress', 'Facebook Conversion Tracking', 'Facebook Login', 'Facebook Messenger Platform', 'Facebook Pixel', 'Facebook Reseller', 'Facebook Tag API', 'GTranslate', 'GZIP Module', 'Google Analytics', 'Google Tag Manager', 'Instagram Follow Button', 'Lazy Load for WordPress', 'Microdata for Google Shopping', 'Nginx', 'PHP', 'Parallels Plesk Panel', 'Sitelinks Search Box', 'Strong Testimonials', 'Theme In WP', 'Twitter Ads', 'UTF-8', 'WordPress', 'WordPress Multisite', 'YouTube', 'jQuery']"
rentyourmac.nl,Rent or Lease Sustainable MacBooks and iPhones | JUUZ.,JUUZ.,NLD,87,34455,2026-09-30T16:28:38.342649654Z,"['Alternate Protocol', 'Amazon WAF Blocked', 'Contact Form Plugin', 'Content Delivery Network', 'Crisp', 'Cybot', 'DuracellTomi Google Tag Manager for WordPress', 'Ektron', 'Elementor', 'EmbedPress', 'Google', 'Google Analytics', 'Google Cloud CDN', 'Google Cloud DNS', 'Google Font API', 'Google Tag Manager', 'IcoMoon', 'Instagram Follow Button', 'Material Design Icons', 'Microdata for Google Shopping', 'Microsoft Clarity', 'NFOrce Internet', 'Nginx', 'PHP', 'QUIC', 'Slider Revolution', 'Table Addons for Elementor', 'TranslatePress', 'Trustpilot Reviews for WordPress', 'UTF-8', 'WP Rocket', 'Webwinkel Keurmerk', 'Woo Themes', 'WooCommerce', 'WooCommerce Checkout', 'WordPress', 'WordPress Multisite']"
nikatiandco.com,Nikati and Company | Photography | Nashville • TN,Nikati and Company,,77,13626,2026-09-30T13:07:11.213157267Z,"['Alternate Protocol', 'Amazon', 'Amazon CloudFront', 'Amazon Route 53', 'CDN JS', 'CloudFront', 'Cloudflare', 'Cloudflare CDN', 'Content Delivery Network', 'Crisp', 'DoubleClick Bid Manager', 'EmbedPress', 'Express', 'Font Awesome', 'Genius Link', 'Google', 'Google Analytics', 'Google Cloud DNS', 'Google Font API', 'Google My Business', 'Google Tag Manager', 'Gravity', 'Gutenberg Blocks by Kadence Blocks', 'Instagram Follow Button', 'Jetpack', 'Kadence WP', 'Klaviyo', 'Microdata for Google Shopping', 'NFOrce Internet', 'PHP', 'Perfmatters', 'Pexels', 'Pinterest Conversion Tracking', 'Report URI', 'Shopify', 'Sitelinks Search Box', 'The SEO Framework', 'Theme In WP', 'UTF-8', 'Woo Themes', 'WooCommerce', 'WooCommerce Checkout', 'WordPress', 'WordPress Multisite', 'jQuery']"
kadget.ca,Kadgets Technologies - Igniting Digital Evolution,Kadgets Technologies,USA,77,213540,2026-09-30T12:51:35.142586283Z,"['AWS WAF Challenge', 'Alternate Protocol', 'Apture Linking Platform', 'Cisco/Arrowpoint Content Service Switch', 'Clutch', 'Content Delivery Network', 'CookieYes', 'Crisp', 'Elementor', 'EmbedPress', 'Fastly', 'GZIP Module', 'Google Analytics', 'Google My Business', 'Google Tag Manager', 'IBM Cloud', 'Instagram Follow Button', 'Microdata for Google Shopping', 'Nginx', 'Oracle Cloud', 'PHP', 'Premium Addons for Elementor', 'Rackspace Cloud Servers', 'Salesforce Hosted', 'Schema Plugin', 'Smooch', 'Theme In WP', 'UTF-8', 'Vector Internet Services', 'WordPress', 'WordPress Multisite', 'YouTube', 'jQuery']"
hanatonic.co,Hana Tonic - Natural Remedies For Nausea,,GUF,87,39207,2026-09-30T12:37:45.270692955Z,"['AJAX Libraries API', 'AWS WAF Challenge', 'Adobe Creative Cloud WebFonts', 'Apture Linking Platform', 'Aruba', 'Baidu Cloud', 'BunnyCDN General', 'Cloudflare', 'Cloudflare CDN', 'Coming Soon Page', 'Crisp', 'DAV', 'Express', 'Fastly CDN', 'Google Analytics', 'Google Cloud DNS', 'Google Related Website Sites', 'Google Tag Manager', 'IcoMoon', 'Instagram Follow Button', 'Microdata for Google Shopping', 'NFOrce Internet', 'PageFly', 'Perl', 'Privy', 'QUIC', 'ShareASale', 'Shopify', 'Shopify Collabs', 'Shopify Payments', 'Swell Rewards', 'Thank You', 'Twitter Ads', 'UTF-8', 'Vercel', 'Yandex Hosting', 'Yotpo', 'eLand', 'hCaptcha', 'jQuery', 'reCAPTCHA', 'uPress']"
linkedscrape.com,LinkedScraper | Scrape emails from LinkedIn,,,62,5107,2026-09-30T08:18:12.069076174Z,"['AJAX Libraries API', 'Cloudflare', 'Crisp', 'Font Awesome', 'Google', 'Google Analytics', 'Google Cloud DNS', 'Google Font API', 'Google Tag Manager', 'Plausible Analytics', 'Pleroma', 'Python', 'QUIC', 'SmartLead AI', 'UTF-8', 'Webflow', 'jQuery', 'jsDelivr']"
flaredigital.in,Digital Marketing Agency in Trivandrum - Digital Marketing Company in Kerala- Digital Marketing Services in Trivandrum,Flare Digital,IND,87,2175,2026-09-30T06:37:04.576578151Z,"['AJAX Libraries API', 'Alternate Protocol', 'Contact Form Plugin', 'Content Delivery Network', 'Crisp', 'EmbedPress', 'Google Analytics', 'Google Cloud DNS', 'Google Font API', 'Google Maps', 'Google My Business', 'Google Tag Manager', 'IcoMoon', 'Instagram Follow Button', 'King Composer', 'LiteSpeed', 'MailOptin for Wordpress', 'Microdata for Google Shopping', 'MonsterInsights', 'PHP', 'Page scroll to id', 'QUIC', 'Schema Plugin', 'Slider Revolution', 'Theme In WP', 'UTF-8', 'WordPress', 'WordPress Multisite', 'jQuery']"
appsku.cc,商店首页 - 自助购卡商城,,,67,6540,2026-09-30T05:37:14.293513547Z,"['Baomitu', 'CDN JS', 'Cloudflare', 'Cloudflare CDN', 'Cloudflare Web Analytics', 'Crisp', 'Fingerprint Pro', 'GitHub Hosting', 'Google', 'Google Cloud CDN', 'Google My Business', 'Layui', 'QUIC', 'Staticfile CDN', 'Tailwind CSS', 'Tawk', 'Telegram', 'UTF-8', 'jQuery']"
silentshoresresort.com,Silent Shores - The Best Luxury Resort & Spa in Mysore,Silent Shores,IND,77,25528,2026-09-30T03:54:19.369199166Z,"['Adult Content', 'Alternate Protocol', 'AxisRooms', 'Content Delivery Network', 'Crisp', 'EmbedPress', 'Fastly', 'GZIP Module', 'Google Analytics', 'Google Tag Manager', 'Instagram Follow Button', 'KVH', 'Microdata for Google Shopping', 'Nginx', 'PHP', 'Perfmatters', 'The SEO Framework', 'Theme In WP', 'UTF-8', 'WordPress', 'WordPress Multisite', 'jQuery']"
encoxtransportation.com,ENCOX – Safe & Reliable Transportation,,ZAF,70,4047,2026-09-29T20:43:59.882427753Z,"['Alternate Protocol', 'Content Delivery Network', 'Crisp', 'Elementor', 'EmbedPress', 'Google', 'Google Cloud CDN', 'Google Cloud DNS', 'Google Font API', 'Kadence WP', 'LiteSpeed', 'PHP', 'QUIC', 'Theme In WP', 'UTF-8', 'WordPress', 'WordPress Multisite', 'jQuery']"
eurodesignremodel.com,Euro Design Remodel - bathroom remodeler with 20 years of experience,Euro Design Remodel,USA,92,3609,2026-09-29T17:00:12.187934966Z,"['AJAX Libraries API', 'Alternate Protocol', 'Aruba', 'Crisp', 'Elfsight', 'Express', 'FormSubmit', 'GZIP Module', 'Google Analytics', 'Google Cloud DNS', 'Google Cloud Storage', 'Google Tag Manager', 'Line2', 'Microdata for Google Shopping', 'QUIC', 'SiteW', 'Squarespace', 'Tailwind CSS', 'UTF-8', 'WordPress SEO Structured Data Schema Plugin', 'Yelp Badge', 'YouTube', 'eLand']"
scoutbot.info,Scoutbot - AI-Powered Company Discovery,,,55,563,2026-09-29T12:15:10.774615791Z,"['AWS WAF Challenge', 'Apture Linking Platform', 'Cloudflare', 'Content Delivery Network', 'Crisp', 'Google', 'Google Cloud DNS', 'Google Font API', 'UTF-8', 'Vimeo']"
moneysmarts.us,Money Smarts,,CAN,60,11132,2026-09-29T10:32:17.058086856Z,"['AWS WAF Challenge', 'Apache', 'BunnyCDN', 'BunnyCDN General', 'Contact Form Plugin', 'Crisp', 'Elementor', 'EmbedPress', 'Google Analytics', 'Google My Business', 'Google Related Website Sites', 'Google Tag Manager', 'Instagram Follow Button', 'NFOrce Internet', 'Newsletter for Wordpress', 'PHP', 'Python', 'Tailwind CSS', 'The Fresh', 'Twitter Ads', 'UTF-8', 'University or College', 'WordPress', 'WordPress Multisite', 'YouTube', 'jQuery', 'reCAPTCHA', 'shadcn ui']"
toughmats.co.uk,"Custom Car Mats UK | Luxury Leather, Full Coverage & Tailored Fit",Toughmats UK,GBR,77,43715,2026-09-29T09:01:04.162316716Z,"['3 Products', 'AWS WAF Challenge', 'Alternate Protocol', 'Cloudflare', 'Cloudflare CDN', 'Content Delivery Network', 'Crisp', 'DuracellTomi Google Tag Manager for WordPress', 'EmbedPress', 'Facebook Conversion Tracking', 'Facebook Login', 'Facebook Messenger Platform', 'Facebook Pixel', 'Facebook Reseller', 'Facebook Tag API', 'Fireblade', 'Flatsome', 'Google', 'Google Analytics', 'Google My Business', 'Google Related Website Sites', 'Google Tag Manager', 'IcoMoon', 'Instagram Follow Button', 'Kitco', 'LiteSpeed', 'MaxCDN', 'Microdata for Google Shopping', 'Microsoft Clarity', 'PHP', 'QUIC', 'Tailwind CSS', 'UTF-8', 'Woo Themes', 'WooCommerce Payments', 'WordPress', 'WordPress Multisite', 'jQuery', 'reCAPTCHA']"
tvzeno.nl,"Tvzeno - Live Sport, Films & Series op Elk Apparaat",,NLD,87,23679,2026-09-29T05:46:47.511831144Z,"['Crisp', 'Express', 'Facebook Conversion Tracking', 'Facebook Login', 'Facebook Messenger Platform', 'Facebook Pixel', 'Facebook Reseller', 'Facebook Tag API', 'Font Awesome', 'Google', 'Google Analytics', 'Google Cloud DNS', 'Google Conversion Tracking', 'Google Font API', 'Google Tag Manager', 'Iconz', 'Squid', 'Tailwind CSS', 'jsDelivr']"
unicourseglobal.com,Unicourse | Klasurvorbereitung für deine Uni,,,62,8068,2026-09-29T05:15:38.021263414Z,"['AJAX Libraries API', 'Amazon', 'Amazon CloudFront', 'CloudFront', 'Cloudflare', 'Content Delivery Network', 'Crisp', 'DoubleClick Bid Manager', 'Facebook Conversion Tracking', 'Facebook Login', 'Facebook Messenger Platform', 'Facebook Pixel', 'Facebook Reseller', 'Facebook Tag API', 'Framer Sites', 'GZIP Module', 'Google', 'Google Analytics', 'Google Cloud DNS', 'Google Font API', 'Google Tag Manager', 'Instagram Follow Button', 'JivoSite', 'LinkedIn Pixel', 'Microsoft Clarity', 'Ntent', 'QUIC', 'Segment', 'Segment Consent Manager', 'Stripe', 'Tailwind CSS', 'UTF-8', 'Vercel', 'WF Cookie Consent', 'YouTube']"
navigatecf.com,Navigate Commercial Finance - Navigate Commercial Finance,,GBR,92,799062,2026-09-29T05:02:22.706150474Z,"['AB Tasty', 'ADFOX', 'AJAX Libraries API', 'AWS WAF Challenge', 'Active Campaign', 'AdRoll', 'AddThis for Wordpress', 'Adobe Analytics', 'Adobe Marketing Cloud', 'Alternate Protocol', 'Amazon Associates Affiliate Shop', 'Amazon WAF Blocked', 'Amplitude', 'AppNexus Direct', 'Astra Theme', 'Authorize.net', 'Automattic', 'Bing Cashback', 'Bing Conversion Tracking', 'Braintree', 'Brevo', 'Brightcove', 'Bunny Fonts', 'BunnyCDN General', 'ByteDance', 'CDN JS', 'CDN77 Hosted', 'Calendly', 'Cart.com', 'Chartbeat', 'Clicky', 'Cloudflare', 'Cloudflare CDN', 'Cloudflare Web Analytics', 'Content Delivery Network', 'ConvertKit', 'CrazyEgg', 'Crisp', 'Criteo', 'Criteo Reseller', 'DailyMotion Video', 'Disqus Comment System for WordPress', 'DoubleClick Bid Manager', 'Drift', 'ElementUI', 'EmbedPress', 'Engage', 'Express', 'Facebook Embedded Posts', 'Facebook Reseller', 'Firebase', 'Fireblade', 'Font Awesome', 'Freshworks Bot', 'Freshworks CRM', 'GZIP Module', 'GenerateBlocks', 'Giphy', 'Google', 'Google Adsense', 'Google Analytics', 'Google Cloud CDN', 'Google Cloud DNS', 'Google Font API', 'Google Maps', 'Google Matched Content', 'Google My Business', 'Google Pay', 'Google Reseller', 'Google Tag Manager', 'Heap', 'Help Scout', 'Hubspot', 'Impact', 'Infolinks', 'Inspectlet', 'Instagram Follow Button', 'Intercom', 'Iubenda', 'JW Player Platform', 'Jetpack', 'JotForm', 'Kinsta', 'Klaviyo', 'LiveChat', 'LiveChat Monitoring', 'MailChimp', 'MailerLite', 'Marketo', 'Matomo', 'Media.net', 'Media.net Reseller', 'Mediavine Publisher', 'Microdata for Google Shopping', 'Microsoft Clarity', 'Mixpanel', 'Mouseflow', 'New Relic', 'Nginx', 'NitroPack', 'Olark', 'On The Map', 'OpenX Direct', 'OptiMole', 'Optimizely Recommendations', 'Outbrain Direct', 'PHP', 'Parallels Plesk Panel', 'Pardot', 'Parse.ly', 'PayPal Adaptive Payments', 'Pinterest Conversion Tracking', 'Piwik PRO', 'Plausible Analytics', 'PubMatic Direct', 'Pubmatic', 'PushEngage', 'QUIC', 'Quantcast Direct', 'RM Education', 'Recart', 'RocketCDN', 'Rumble Player', 'Seflow Italy', 'Segment', 'ShareThis', 'Sign In With Google', 'Site Kit', 'Sitelinks Search Box', 'Square', 'Squarespace Online Appointment Scheduling', 'StatCounter', 'Statically', 'Stripe', 'Sumo', 'Swell Rewards', 'Taboola Direct', 'Taboola Reseller', 'Tealium', 'Theme In WP', 'Thrive Direct', 'Twitch', 'Twitter Ads', 'Twitter Analytics', 'Typeform', 'UTF-8', 'Ultimate Addons for Gutenberg', 'VigLink', 'Vimeo', 'Vine Embed', 'Visual Website Optimizer', 'Way', 'Wistia', 'Woopra', 'WordPress', 'WordPress Multisite', 'WordPress Related Posts', 'Yandex Hosting', 'Yotpo', 'YouTube', 'comScore', 'jQuery', 'jsDelivr', 'reCAPTCHA']"
torontocameramanservices.com,"Corporate Video Production Burlington, Mississauga & Toronto",Corporate Video Production Studio/Company - Toronto Videographer,USA,82,19378,2026-09-29T02:48:11.466328084Z,"['AWS WAF Challenge', 'Alternate Protocol', 'Crisp', 'DAV', 'Elementor', 'Gambling Content', 'Google Analytics', 'Google My Business', 'Google Tag Manager', 'Instagram Follow Button', 'Microdata for Google Shopping', 'NFOrce Internet', 'Nginx', 'Pico CSS', 'Twitter Ads', 'UTF-8', 'University or College', 'Vimeo', 'W3 Total Cache', 'WordPress', 'WordPress Multisite', 'reCAPTCHA']"
theusapublisher.com,Book Writing Services | Best Book Publishing Company In USA,The USA Publisher,USA,82,16140,2026-09-29T01:19:59.035679828Z,"['AWS WAF Challenge', 'Apture Linking Platform', 'Better Lead Generation Services', 'Bulma', 'CDN JS', 'Cloudflare', 'Cloudflare CDN', 'Crisp', 'Fancybox for WordPress', 'Google Tag Manager', 'Instagram Follow Button', 'LiteSpeed', 'PHP', 'Tailwind CSS', 'Thank You', 'UTF-8', 'jQuery']"
urbanelitestore.pk,Urban Elite Store,Urban Elite Store ,PAK,72,15935,2026-09-29T00:40:26.151045756Z,"['Amazon WAF Blocked', 'Apture Linking Platform', 'Baidu Cloud', 'Cloudflare', 'Cloudflare CDN', 'Coming Soon Page', 'Crisp', 'GetSiteControl', 'Google My Business', 'Instagram Follow Button', 'Microdata for Google Shopping', 'NFOrce Internet', 'QUIC', 'Shopify', 'Shopify Collabs', 'Shopify Payments', 'Tailwind CSS', 'Thank You', 'To Top', 'UTF-8', 'Vector Internet Services', 'Yandex Hosting', 'hCaptcha', 'reCAPTCHA']"
palstudioz.com,PalStudios- Ideas to Systems,,IND,77,16464,2026-09-28T18:56:50.478765156Z,"['AWS WAF Challenge', 'Content Delivery Network', 'Crisp', 'DAV', 'FormSubmit', 'Google Analytics', 'Google Tag Manager', 'Netlify', 'Tailwind CSS', 'UTF-8']"
doublelightpoint.com,doublelightpoint,,USA,77,4098,2026-09-28T16:52:18.735843371Z,"['Alternate Protocol', 'Amazon WAF Blocked', 'Coinbase', 'Coinlib', 'Crisp', 'ETranslate', 'GTranslate', 'GetButton.io', 'Google Analytics', 'Google My Business', 'Google Tag Manager', 'JivoSite', 'Medium', 'Microdata for Google Shopping', 'Telegram', 'Thank You', 'Twitter Ads', 'University or College', 'YouTube', 'jsDelivr']"
teljoiner.com,Buy Telegram Members - Free Telegram Members | Teljoiner,Teljoiner,,67,16608,2026-09-28T16:52:18.719541722Z,"['Alternate Protocol', 'Bulma', 'Crisp', 'Fireblade', 'IcoMoon', 'Instagram Follow Button', 'Microdata for Google Shopping', 'QUIC', 'Tailwind CSS', 'Telegram', 'UTF-8', 'shadcn ui']"
mailsweeper.co,MailSweeper — Automatic Gmail Cleaner | Tidy. Happy. Email.,,,62,59068,2026-09-28T12:24:28.912256248Z,"['AWS WAF Challenge', 'Apture Linking Platform', 'ByteDance', 'Cloudflare', 'Cloudflare CDN', 'Content Delivery Network', 'Crisp', 'DoubleClick Bid Manager', 'Facebook Conversion Tracking', 'Facebook Login', 'Facebook Messenger Platform', 'Facebook Pixel', 'Facebook Reseller', 'Facebook Tag API', 'Google Analytics', 'Google My Business', 'Google Tag Manager', 'Instagram Follow Button', 'NFOrce Internet', 'QUIC', 'Rewardful', 'Stripe', 'Tailwind CSS', 'TikTok Conversion Tracking Pixel', 'Twitter Ads', 'Twitter Analytics', 'UTF-8', 'Vercel', 'Vignette OpenText', 'YouTube', 'shadcn ui']"
socialscraperapp.info,SocialScraper | Scrape emails from Instagram,,PHL,72,8695,2026-09-28T11:22:50.375254756Z,"['AJAX Libraries API', 'Amazon', 'Amazon CloudFront', 'Apture Linking Platform', 'CloudFront', 'Cloudflare', 'Crisp', 'Font Awesome', 'Google', 'Google Analytics', 'Google Cloud DNS', 'Google Font API', 'Google Tag Manager', 'Plausible Analytics', 'Pleroma', 'Python', 'QUIC', 'Rewardful', 'SmartLead AI', 'UTF-8', 'Webflow', 'jQuery', 'jsDelivr']"
bajaprivatetransportation.com,Baja Private Transportation,,MEX,72,3775,2026-09-28T11:17:19.483802484Z,"['Apache', 'Bulma', 'Crisp', 'Express', 'Facebook Login', 'Facebook Reseller', 'Font Awesome', 'FormSubmit', 'GZIP Module', 'Google', 'Google Cloud DNS', 'Google Font API', 'Instagram Follow Button', 'PayPal Adaptive Payments', 'PayPal Form', 'Tailwind CSS', 'TermsFeed', 'jsDelivr']"
lacaisse.ma,La caisse enregistreuse réinventée pour vous,,,60,5363,2026-09-28T09:15:34.161558298Z,"['CDN JS', 'Cloudflare', 'Cloudflare CDN', 'Crisp', 'ElementUI', 'Envoy', 'FreeCSSTemplates', 'GZIP Module', 'Google', 'Google Analytics', 'Google Cloud DNS', 'Google Font API', 'Google Tag Manager', 'Nginx', 'SKWID', 'UTF-8', 'WordPress', 'YouTube', 'jQuery']"
mullingarsolicitors.ie,Nooney & Dowdall | Solicitors In Mullingar Since 1877,,IRL,92,24671,2026-09-28T07:22:40.64271785Z,"['Alternate Protocol', 'Astra Theme', 'Contact Form Plugin', 'Content Delivery Network', 'Crisp', 'Elementor', 'EmbedPress', 'Google', 'Google Analytics', 'Google Cloud CDN', 'Google Cloud DNS', 'Google Font API', 'Google My Business', 'Google Related Website Sites', 'Google Tag Manager', 'KVH', 'Microdata for Google Shopping', 'Nginx', 'QUIC', 'Simple Banner for Wordpress', 'Sitelinks Search Box', 'UTF-8', 'WordPress', 'WordPress Multisite', 'eLand']"
maxifyboosts.com,Maxify - Trusted Discord Services | Secure & Reliable,Maxify,,82,6940,2026-09-28T06:20:20.192406238Z,"['Cloudflare', 'Cloudflare Web Analytics', 'Content Delivery Network', 'Crisp', 'Google', 'Google Analytics', 'Google Cloud DNS', 'Google Font API', 'Google My Business', 'Google Related Website Sites', 'Google Tag Manager', 'Microdata for Google Shopping', 'Next.js', 'PayPal Adaptive Payments', 'Pleroma', 'Stripe', 'Tailwind CSS', 'Telegram', 'UTF-8', 'Vercel', 'Yandex Hosting', 'shadcn ui']"
911divorcio.com,Full-service and multi-jurisdictional | Prada Law | United States,,COL,77,97867,2026-09-28T00:57:06.864682371Z,"['Alternate Protocol', 'Amazon WAF Blocked', 'Apture Linking Platform', 'Content Delivery Network', 'Crisp', 'Express', 'Fastly', 'Fastly CDN', 'GZIP Module', 'Google Related Website Sites', 'Instagram Follow Button', 'Microdata for Google Shopping', 'NFOrce Internet', 'PWA', 'Paessler', 'Perl', 'QUIC', 'SMC', 'Seflow Italy', 'Sentry', 'SiteW', 'UTF-8', 'Vector Internet Services', 'Wix', 'Wix Media', 'YouTube', 'mlcom']"
dscr-genie.com,Home - DSCR Genie,,,60,264451,2026-09-27T23:49:26.152133456Z,"['AB Tasty', 'ADFOX', 'AJAX Libraries API', 'AWS WAF Challenge', 'Active Campaign', 'AdRoll', 'AddThis for Wordpress', 'Adobe Analytics', 'Adobe Marketing Cloud', 'Alternate Protocol', 'Amazon Associates Affiliate Shop', 'Amazon WAF Blocked', 'Amplitude', 'AppNexus Direct', 'Astra Theme', 'Authorize.net', 'Automattic', 'Bing Cashback', 'Bing Conversion Tracking', 'Braintree', 'Brevo', 'Brightcove', 'Bunny Fonts', 'BunnyCDN General', 'ByteDance', 'CDN JS', 'CDN77 Hosted', 'Calendly', 'Cart.com', 'Chartbeat', 'Clicky', 'Cloudflare', 'Cloudflare CDN', 'Cloudflare Web Analytics', 'Content Delivery Network', 'ConvertKit', 'CrazyEgg', 'Crisp', 'Criteo', 'Criteo Reseller', 'DailyMotion Video', 'Disqus Comment System for WordPress', 'DoubleClick Bid Manager', 'Drift', 'ElementUI', 'EmbedPress', 'Engage', 'Facebook Embedded Posts', 'Facebook Reseller', 'Firebase', 'Font Awesome', 'Freshworks Bot', 'Giphy', 'Google', 'Google Adsense', 'Google Analytics', 'Google Cloud CDN', 'Google Cloud DNS', 'Google Font API', 'Google Maps', 'Google Matched Content', 'Google My Business', 'Google Pay', 'Google Reseller', 'Google Tag Manager', 'Heap', 'Help Scout', 'Hubspot', 'Impact', 'Infolinks', 'Inspectlet', 'Instagram Follow Button', 'Intercom', 'JW Player Platform', 'Jetpack', 'JotForm', 'Kinsta', 'Klaviyo', 'LiteSpeed', 'LiveChat', 'LiveChat Monitoring', 'MailChimp', 'MailerLite', 'Marketo', 'Matomo', 'Media.net', 'Media.net Reseller', 'Mediavine Publisher', 'Microdata for Google Shopping', 'Microsoft Clarity', 'Mixpanel', 'Mouseflow', 'New Relic', 'NitroPack', 'Olark', 'OpenX Direct', 'OptiMole', 'Optimizely Recommendations', 'Outbrain Direct', 'PHP', 'Pardot', 'Parse.ly', 'PayPal Adaptive Payments', 'Pinterest Conversion Tracking', 'Piwik PRO', 'Plausible Analytics', 'PubMatic Direct', 'Pubmatic', 'PushEngage', 'QUIC', 'Quantcast Direct', 'RM Education', 'Recart', 'RocketCDN', 'Rumble Player', 'Seflow Italy', 'Segment', 'ShareThis', 'Sign In With Google', 'Sitelinks Search Box', 'Square', 'Squarespace Online Appointment Scheduling', 'StatCounter', 'Statically', 'Stripe', 'Sumo', 'Swell Rewards', 'Taboola Direct', 'Taboola Reseller', 'Tealium', 'Theme In WP', 'Thrive Direct', 'Twitch', 'Twitter Ads', 'Twitter Analytics', 'Typeform', 'UTF-8', 'VigLink', 'Vimeo', 'Vine Embed', 'Visual Website Optimizer', 'Way', 'Wistia', 'Woopra', 'WordPress', 'WordPress Multisite', 'WordPress Related Posts', 'Yandex Hosting', 'Yotpo', 'YouTube', 'comScore', 'jsDelivr', 'reCAPTCHA']"
fieldhousenursery.co.uk,Field House Nursery,,,50,803,2026-09-27T22:32:36.847351682Z,"['Alternate Protocol', 'Contact Form Plugin', 'Content Delivery Network', 'Crisp', 'EmbedPress', 'Google Cloud DNS', 'Google Font API', 'LiteSpeed', 'NFOrce Internet', 'PHP', 'Theme In WP', 'UTF-8', 'WordPress', 'WordPress Multisite', 'jQuery']"
amprex.co.uk,Home - Amprex Tech Solution,,GBR,77,17402,2026-09-27T22:13:33.443379559Z,"['Alternate Protocol', 'CDN JS', 'Cisco/Arrowpoint Content Service Switch', 'Cloudflare', 'Cloudflare CDN', 'Consultio Theme', 'Contact Form Plugin', 'Crisp', 'DAV', 'Elementor', 'EmbedPress', 'Font Awesome', 'Google', 'Google Analytics', 'Google Cloud CDN', 'Google Cloud DNS', 'Google Font API', 'Google Related Website Sites', 'Google Tag Manager', 'IcoMoon', 'Instagram Feed for WordPress', 'Line2', 'LiteSpeed', 'Microdata for Google Shopping', 'NFOrce Internet', 'Newsletter for Wordpress', 'PHP', 'Perl', 'QUIC', 'Sitelinks Search Box', 'Slider Revolution', 'Tailwind CSS', 'Theme In WP', 'UTF-8', 'Vector Internet Services', 'Vercel', 'Woo Themes', 'WooCommerce', 'WooCommerce Checkout', 'WordPress', 'WordPress Multisite', 'eLand', 'jQuery', 'shadcn ui']"
wp-dash.io,WordPress management without the subscription - WP Dash,,,67,1140,2026-09-27T21:59:10.242490735Z,"['Apache', 'Bulma', 'Crisp', 'PHP', 'Product Hunt', 'Tailwind CSS', 'UTF-8']"
geoholding.ge,Geo Holding: A collection of Opportunities for Investment,geo holding state,GEO,87,3410,2026-09-27T21:53:01.7913668Z,"['501c3 Status Nonprofit', 'Alternate Protocol', 'Corporate Governance and Regulatory Compliance', 'Crisp', 'Elementor', 'ElementsKit Elementor', 'EmbedPress', 'Font Awesome', 'Gambling Content', 'Google Analytics', 'Google Tag Manager', 'Gravity Forms', 'Instagram Follow Button', 'Microdata for Google Shopping', 'NFOrce Internet', 'PHP', 'QUIC', 'Sitelinks Search Box', 'Slider Revolution', 'Table Addons for Elementor', 'Telegram', 'Theme In WP', 'Twitter Ads', 'UTF-8', 'University or College', 'Woo Themes', 'WooCommerce', 'WooCommerce Checkout', 'WooFramework', 'WordPress', 'WordPress Multisite', 'XTemos Studio', 'YouTube', 'jQuery']"
wheeltransit.com,WHEEL - Cloud-based Fleet Management System,,SGP,77,3590,2026-09-27T16:06:17.303331066Z,"['Amazon', 'Amazon CloudFront', 'Amazon Route 53', 'Amazon S3 CDN', 'Bulma', 'CloudFront', 'Content Delivery Network', 'Crisp', 'Express', 'Facebook Conversion Tracking', 'Facebook Login', 'Facebook Messenger Platform', 'Facebook Pixel', 'Facebook Reseller', 'Facebook Tag API', 'Giphy', 'Google Analytics', 'Google Tag Manager', 'QUIC', 'Tailwind CSS', 'jQuery']"
needaprint.co.uk,Business Printing Solutions | Need A Print,,,72,8685,2026-09-27T15:20:26.327510759Z,"['Cloudinary', 'Crisp', 'Cybot', 'Express', 'GZIP Module', 'Google', 'Google Analytics', 'Google Cloud DNS', 'Google Font API', 'Google Related Website Sites', 'Google Tag Manager', 'Nginx', 'Subversion', 'Tailwind CSS', 'UTF-8', 'eLand', 'shadcn ui']"
needaprint.ie,Online Business Printing Services - Need A Print Ireland,,,62,8300,2026-09-27T15:20:26.327601726Z,"['Cloudinary', 'Crisp', 'Express', 'GZIP Module', 'Google', 'Google Analytics', 'Google Cloud DNS', 'Google Font API', 'Google Related Website Sites', 'Google Tag Manager', 'Nginx', 'Subversion', 'Tailwind CSS', 'UTF-8', 'eLand', 'shadcn ui']"
coastalrides.ca,BC’s Local Taxi Alternative | Book a Ride with Coastal Rides,,CAN,87,6940,2026-09-27T15:05:04.108614051Z,"['AJAX Libraries API', 'Amazon', 'Amazon CloudFront', 'App Store', 'CloudFront', 'Cloudflare', 'Content Delivery Network', 'Crisp', 'GZIP Module', 'Google', 'Google Analytics', 'Google Cloud DNS', 'Google Font API', 'Google My Business', 'Google Play', 'Google Related Website Sites', 'Google Tag Manager', 'Instagram Follow Button', 'Tailwind CSS', 'UTF-8', 'Vercel', 'WF Cookie Consent']"
sellmeyourwatch.com,Sell Me Your Watch - Sell Your Luxury Watch,,,77,18812,2026-09-27T13:29:57.660110742Z,"['Better Lead Generation Services', 'Content Delivery Network', 'Crisp', 'GZIP Module', 'GetResponse', 'Google Cloud DNS', 'Google Font API', 'Google My Business', 'PHP', 'QUIC', 'Sucuri Cloudproxy', 'Thank You', 'Wangsu', 'WordPress', 'reCAPTCHA']"
atk-apu.fi,ICT -palvelut ja laitteet | SP-Systems Oy | Turku,SP-Systems Oy,FIN,87,114468,2026-09-27T11:21:08.021149578Z,"['Alternate Protocol', 'Amazon WAF Blocked', 'Apture Linking Platform', 'Cisco/Arrowpoint Content Service Switch', 'Cloudflare', 'Content Delivery Network', 'Crisp', 'Fastly', 'Fastly CDN', 'Financial Services Guide', 'GZIP Module', 'Google Related Website Sites', 'Heroku', 'Landis Holdings', 'Microdata for Google Shopping', 'NFOrce Internet', 'PWA', 'QUIC', 'SMC', 'Sentry', 'SiteW', 'UTF-8', 'Vector Internet Services', 'Wix', 'Wix Media', 'eLand', 'mlcom']"
pixelperfectworldtx.com,Pixel Perfect World – ONE PIXEL AT A TIME,,,60,6572,2026-09-27T10:58:27.59972376Z,"['501c3 Status Nonprofit', 'Alternate Protocol', 'Aruba', 'Automattic', 'Contact Form Plugin', 'Content Delivery Network', 'Crisp', 'DAV', 'Elementor', 'Elfsight', 'EmbedPress', 'Express', 'FiboSearch', 'Font Awesome', 'Google Cloud DNS', 'Google Customer Reviews', 'Google Font API', 'Google My Business', 'Instagram Follow Button', 'Jetpack', 'KVH', 'LiteSpeed', 'NFOrce Internet', 'NitroPack', 'No-Q', 'Ntent', 'PHP', 'QUIC', 'Subversion', 'Tailwind CSS', 'Theme In WP', 'TrustIndex', 'Twitter Ads', 'UTF-8', 'Umbler', 'Vimeo', 'Woo Themes', 'WooCommerce', 'WooCommerce Checkout', 'WooCommerce Payments', 'WordPress', 'WordPress Multisite', 'WordPress Stats', 'YouTube', 'eLand', 'jQuery']"
ainycs.com,Ainycs - Best Leads & Sales Software Suite - Ainycs,,,72,51608,2026-09-27T07:48:42.031006252Z,"['Alternate Protocol', 'Apture Linking Platform', 'Better Lead Generation Services', 'Crisp', 'GZIP Module', 'Google Analytics', 'Google Tag Manager', 'IcoMoon', 'Instagram Follow Button', 'Microdata for Google Shopping', 'Nginx', 'Perl', 'SMC', 'Tailwind CSS', 'UTF-8', 'jQuery']"
derbyssupplyteachers.co.uk,Derbyshire Supply Teachers | Your Primary Supply Teaching Specialists,Derbyshire Supply Teachers,,67,176492,2026-09-27T06:58:57.229495117Z,"['Alternate Protocol', 'Amazon', 'Amazon S3 CDN', 'Amazon WAF Blocked', 'Apache', 'Cloudflare', 'Contact Form Plugin', 'Crisp', 'DAV', 'Ditty News Ticker', 'EmbedPress', 'Event Tickets for Wordpress', 'Facebook Conversion Tracking', 'Facebook Login', 'Facebook Messenger Platform', 'Facebook Pixel', 'Facebook Reseller', 'Facebook Tag API', 'Font Awesome', 'FreeBSD', 'GZIP Module', 'Google', 'Google Analytics', 'Google Cloud CDN', 'Google My Business', 'Gravity', 'Gravity Forms', 'KeyCDN', 'Microdata for Google Shopping', 'PHP', 'Pleroma', 'Python', 'QUIC', 'Salesforce Hosted', 'Shopware', 'SiteW', 'Storyblocks', 'The Events Calendar', 'Theme In WP', 'ThemeFusion', 'UTF-8', 'University or College', 'Vector Internet Services', 'WP Job Manager', 'WP jQuery Lightbox', 'Woo Themes', 'WordPress', 'WordPress Multisite', 'WordPress Related Posts', 'Yandex Hosting', 'jQuery', 'reCAPTCHA', 'symfony PHP Framework']"
hendratanjung.id,Home - HENDRA TANJUNG,HENDRA TANJUNG,,77,780200,2026-09-27T06:44:08.975531858Z,"['AB Tasty', 'ADFOX', 'AJAX Libraries API', 'AWS WAF Challenge', 'Active Campaign', 'AdRoll', 'AddThis for Wordpress', 'Adobe Analytics', 'Adobe Marketing Cloud', 'Alternate Protocol', 'Amazon Associates Affiliate Shop', 'Amazon WAF Blocked', 'Amplitude', 'AppNexus Direct', 'Astra Theme', 'Authorize.net', 'Automattic', 'Bing Cashback', 'Bing Conversion Tracking', 'Braintree', 'Brevo', 'Brightcove', 'Bunny Fonts', 'BunnyCDN General', 'ByteDance', 'CDN JS', 'CDN77 Hosted', 'Calendly', 'Cart.com', 'Chartbeat', 'Clicky', 'Cloudflare', 'Cloudflare CDN', 'Cloudflare Web Analytics', 'Content Delivery Network', 'ConvertKit', 'CrazyEgg', 'Crisp', 'Criteo', 'Criteo Reseller', 'DailyMotion Video', 'Disqus Comment System for WordPress', 'DoubleClick Bid Manager', 'Drata', 'Drift', 'ElementUI', 'Elementor', 'EmbedPress', 'Engage', 'Facebook Embedded Posts', 'Facebook Reseller', 'Firebase', 'Font Awesome', 'Freshworks Bot', 'GenerateBlocks', 'Giphy', 'Google', 'Google Adsense', 'Google Analytics', 'Google Cloud CDN', 'Google Cloud DNS', 'Google Font API', 'Google Maps', 'Google Matched Content', 'Google My Business', 'Google Pay', 'Google Reseller', 'Google Tag Manager', 'Heap', 'Help Scout', 'Hubspot', 'Impact', 'Infolinks', 'Inspectlet', 'Instagram Follow Button', 'Intercom', 'Iubenda', 'JW Player Platform', 'Jetpack', 'JotForm', 'Kinsta', 'Klaviyo', 'LiteSpeed', 'LiveChat', 'LiveChat Monitoring', 'MailChimp', 'MailerLite', 'Marketo', 'Matomo', 'Media.net', 'Media.net Reseller', 'Mediavine Publisher', 'Microdata for Google Shopping', 'Microsoft Clarity', 'Mixpanel', 'Mouseflow', 'NFOrce Internet', 'New Relic', 'NitroPack', 'Olark', 'OpenX Direct', 'OptiMole', 'Optimizely Recommendations', 'Outbrain Direct', 'PHP', 'Pardot', 'Parse.ly', 'PayPal Adaptive Payments', 'Pinterest Conversion Tracking', 'Piwik PRO', 'Plausible Analytics', 'PubMatic Direct', 'Pubmatic', 'PushEngage', 'QUIC', 'Quantcast Direct', 'RM Education', 'Recart', 'RocketCDN', 'Rumble Player', 'Seflow Italy', 'Segment', 'ShareThis', 'Sign In With Google', 'Square', 'Squarespace Online Appointment Scheduling', 'StatCounter', 'Statically', 'Stripe', 'Sumo', 'Swell Rewards', 'Taboola Direct', 'Taboola Reseller', 'Tealium', 'Theme In WP', 'Thrive Direct', 'Twitch', 'Twitter Ads', 'Twitter Analytics', 'Typeform', 'UTF-8', 'Ultimate Addons for Gutenberg', 'VigLink', 'Vimeo', 'Vine Embed', 'Visual Website Optimizer', 'Way', 'Wistia', 'Woo Themes', 'Woopra', 'WordPress', 'WordPress Multisite', 'WordPress Related Posts', 'Yandex Hosting', 'Yotpo', 'YouTube', 'comScore', 'jQuery', 'jsDelivr', 'reCAPTCHA']"
shopiotic.com,Shopify SEO Agency | Shopiotic — For $100k+/mo Shopify Brands,Shopiotic,USA,82,16140,2026-09-27T03:13:08.291388122Z,"['Cloudflare', 'Cloudflare CDN', 'Cloudflare Web Analytics', 'Crisp', 'Fireblade', 'Google Analytics', 'Google Maps', 'Google My Business', 'Google Tag Manager', 'Microdata for Google Shopping', 'QUIC', 'UTF-8']"
galaxyairballoons.com,Galaxy Air Balloons,,EGY,45,881,2026-09-27T02:40:49.742915448Z,"['Alternate Protocol', 'Click to Chat for WhatsApp', 'Consultio Theme', 'Contact Form Plugin', 'Content Delivery Network', 'Crisp', 'Elementor', 'EmbedPress', 'Engintron', 'FreeCSSTemplates', 'GZIP Module', 'Google Cloud DNS', 'Google Font API', 'Google Maps', 'Google My Business', 'Gtranslate for Wordpress', 'NFOrce Internet', 'Nginx', 'PHP', 'Slider Revolution', 'Theme In WP', 'UTF-8', 'WPS Visitor Counter Plugin', 'Woo Themes', 'WooCommerce', 'WooCommerce Checkout', 'WordPress', 'WordPress Multisite', 'YouTube', 'jQuery']"
chartivo.io,Chartivo | Live Charts Embedded Anywhere,,,72,1368,2026-09-27T01:38:34.995075213Z,"['Astro', 'Content Delivery Network', 'Crisp', 'Google Analytics', 'Google Tag Manager', 'Microdata for Google Shopping', 'Netlify', 'QUIC', 'Tailwind CSS', 'UTF-8', 'shadcn ui']"
rivieraproduce.com,"Wholesale Produce & Food Supplier for NJ, NY, CT Restaurants",,GBR,77,59050,2026-09-26T21:44:36.071860367Z,"['Ajax Search Lite', 'Alternate Protocol', 'Amazon WAF Blocked', 'Anti-spam for WordPress', 'Apture Linking Platform', 'CleanTalk Spam Protect', 'Contact Form Plugin', 'Content Delivery Network', 'Cookie Accept', 'Cookie Notice', 'Crisp', 'EmbedPress', 'Facebook Reseller', 'Fireblade', 'GZIP Module', 'Google', 'Google Analytics', 'Google Cloud CDN', 'Google Cloud DNS', 'Google Font API', 'Google Maps', 'Google My Business', 'Google Related Website Sites', 'Google Tag Manager', 'Gravity Forms', 'Instagram Follow Button', 'Lazy Load for WordPress', 'MailChimp for WordPress', 'Microdata for Google Shopping', 'Microsoft Clarity', 'Nginx', 'PHP', 'Popup Maker for Wordpress', 'Porto Wordpress', 'QUIC', 'Sitelinks Search Box', 'Tailwind CSS', 'The Fresh', 'Theme In WP', 'Twitter Ads', 'UTF-8', 'Vector Internet Services', 'WP Engine', 'WP Rocket', 'WPBakery', 'WPForms', 'Woo Themes', 'WooCommerce', 'WooCommerce Checkout', 'WordPress', 'WordPress Multisite', 'Yandex Hosting', 'jQuery']"
loystar.co,"Loystar | Sell, Drive Repeat Sales & Boost Loyalty",Loystar - Everything You Need to Sell and Keep Customers,NGA,77,39591,2026-09-26T21:26:37.19960109Z,"['AWS WAF Challenge', 'Alternate Protocol', 'Animate It', 'Better Click To Tweet', 'Better Lead Generation Services', 'Cloudflare', 'Cloudflare CDN', 'Contact Form Plugin', 'ConvertKit for Wordpress', 'Crisp', 'ElementUI', 'EmbedPress', 'Fastly', 'Fireblade', 'Google', 'Google Cloud DNS', 'Google Font API', 'Google My Business', 'IcoMoon', 'Instagram Follow Button', 'Line2', 'LiteSpeed', 'Microdata for Google Shopping', 'Microsoft Clarity', 'Nectar Slide Plugin', 'OpenAI', 'PHP', 'Pagekit', 'QUIC', 'Salient', 'Smush Image Optimization', 'Theme In WP', 'Twitter Ads', 'UTF-8', 'WPBakery', 'WordPress', 'WordPress Multisite', 'YouTube', 'YouTube Advanced by Embed Plus', 'jQuery']"
parsmaharat.com,وب سایت رسمی شرکت پارس مهارت - تولید کننده ادوات هیدرولیکی با کیفیتی مرغوب,parsmaharat,IRN,72,1775,2026-09-26T21:22:01.536341208Z,"['Alternate Protocol', 'Content Delivery Network', 'Crisp', 'EmbedPress', 'IcoMoon', 'LiteSpeed', 'PHP', 'Sitelinks Search Box', 'Slider Revolution', 'UTF-8', 'Woo Themes', 'WooCommerce', 'WooCommerce Checkout', 'WordPress', 'WordPress Multisite', 'jQuery']"
aibrandme.com,AiBrandMe - AI Marketing Images & Short Video for Businesses,AiBrandMe,,67,3819,2026-09-26T19:52:06.004864541Z,"['Alternate Protocol', 'Baidu Cloud', 'Better Lead Generation Services', 'Coming Soon Page', 'Content Delivery Network', 'Crisp', 'Microdata for Google Shopping', 'Next.js', 'Perl', 'Pleroma', 'QUIC', 'Tailwind CSS', 'UTF-8', 'University or College', 'Vercel']"
ramses-unlocker.com,Ramses Unlocker,,,57,5943,2026-09-26T19:06:52.009641667Z,"['CDN JS', 'Cloudflare', 'Cloudflare CDN', 'Crisp', 'Google', 'Google Analytics', 'Google Cloud DNS', 'Google Font API', 'Instagram Follow Button', 'KVH', 'LiteSpeed', 'LiveChat', 'LiveChat Monitoring', 'Microsoft Azure Blob Storage', 'PHP', 'Rocket Chat', 'Subversion', 'Tailwind CSS', 'Telegram', 'UTF-8', 'WordPress', 'jQuery', 'jsDelivr', 'shadcn ui']"
gitana.ai,Native AI CMS for Enterprise Content | Gitana,,AUS,67,109267,2026-09-26T16:13:47.753260271Z,"['Adobe Creative Cloud WebFonts', 'Amazon', 'Amazon CloudFront', 'Amazon Route 53', 'Amazon S3 CDN', 'Angular', 'Apture Linking Platform', 'CloudFront', 'Content Delivery Network', 'Crisp', 'DAV', 'Financial Services Guide', 'Font Awesome', 'GZIP Module', 'GitHub Hosting', 'Google Analytics', 'Google Tag Manager', 'IPFS', 'Idaq', 'K2F', 'KVH', 'Microdata for Google Shopping', 'No-Q', 'PHP', 'Python', 'QUIC', 'SMC', 'StatusPage IO', 'Storyblocks', 'Subversion', 'Svelte', 'UTF-8', 'University or College', 'Vector Internet Services']"
akambitumencompany.com,AKAM Bitumen Co,Akamb Co,IRN,77,117358,2026-09-26T13:40:26.184831482Z,"['AWS WAF Challenge', 'Alternate Protocol', 'Apache', 'CCSI', 'Contento', 'Crisp', 'DAV', 'EmbedPress', 'GZIP Module', 'Google Related Website Sites', 'Impreza', 'K2F', 'KVH', 'Microdata for Google Shopping', 'No-Q', 'Onyx Internet', 'Slider Revolution', 'Subversion', 'UTF-8', 'WPBakery', 'WordPress', 'WordPress Multisite']"
irstudiollc.com,Image Retouch Studio,,BGD,60,507,2026-09-26T12:48:03.525275775Z,"['Alternate Protocol', 'Contact Form Plugin', 'Crisp', 'Drag and Drop Multiple File Upload', 'EmbedPress', 'GZIP Module', 'IcoMoon', 'LiteSpeed', 'PHP', 'Pagekit', 'QUIC', 'ThemeFusion', 'UTF-8', 'WordPress', 'WordPress Multisite', 'jQuery']"
mapenzigrill.ug,Mapenzi Grill Restaurant,,UGA,67,1279,2026-09-26T10:35:56.186989292Z,"['Apache', 'AutoComplete', 'Crisp', 'Google Analytics', 'Google Cloud DNS', 'Google Font API', 'Google My Business', 'Google Tag Manager', 'Instagram Follow Button', 'Omeka', 'PHP', 'Tailwind CSS', 'Twitter Ads', 'UTF-8', 'WoWonder']"
cmbimlatam.com,CM-BIM Latinoamerica – Certificacion BIM del AGC en LATAM,,DOM,70,21034,2026-09-26T07:19:14.699109987Z,"['AWS WAF Challenge', 'Alternate Protocol', 'Apache', 'Automattic', 'Cloudflare', 'Cloudflare CDN', 'Contact Form Plugin', 'Crisp', 'Easy Pie Chart', 'EmbedPress', 'GZIP Module', 'Google', 'Google Cloud DNS', 'Google Font API', 'Google My Business', 'IcoMoon', 'Jetpack', 'Microdata for Google Shopping', 'PHP', 'Schema Plugin', 'Slider Revolution', 'Tailwind CSS', 'Theme In WP', 'Twitter Ads', 'UTF-8', 'WPBakery', 'Woo Themes', 'WooCommerce', 'WooCommerce Checkout', 'WordPress', 'WordPress Multisite', 'WordPress Stats', 'YouTube', 'jQuery', 'reCAPTCHA']"
trimurtiprojectengineers.com,Home - Trimurti Project Engineers,Trimurti Project Engineers,IND,77,783142,2026-09-26T00:35:14.632600301Z,"['AB Tasty', 'ADFOX', 'AJAX Libraries API', 'AWS WAF Challenge', 'Active Campaign', 'AdRoll', 'AddThis for Wordpress', 'Adobe Analytics', 'Adobe Marketing Cloud', 'Alibaba Cloud CDN', 'Alternate Protocol', 'Amazon Associates Affiliate Shop', 'Amazon WAF Blocked', 'Amplitude', 'AppNexus Direct', 'Astra Theme', 'Authorize.net', 'Automattic', 'Bing Cashback', 'Bing Conversion Tracking', 'Braintree', 'Brevo', 'Brightcove', 'Bunny Fonts', 'BunnyCDN General', 'ByteDance', 'CDN JS', 'CDN77 Hosted', 'Calendly', 'Cart.com', 'Chartbeat', 'Clicky', 'Cloudflare', 'Cloudflare CDN', 'Cloudflare Web Analytics', 'ConvertKit', 'CrazyEgg', 'Crisp', 'Criteo', 'Criteo Reseller', 'DailyMotion Video', 'Disqus Comment System for WordPress', 'DoubleClick Bid Manager', 'Drift', 'ElementUI', 'Elementor', 'EmbedPress', 'Engage', 'Essential Addons for Elementor', 'Facebook Embedded Posts', 'Facebook Reseller', 'Firebase', 'Font Awesome', 'Freshworks Bot', 'Giphy', 'Google', 'Google Adsense', 'Google Analytics', 'Google Cloud CDN', 'Google Cloud DNS', 'Google Font API', 'Google Maps', 'Google Matched Content', 'Google My Business', 'Google Pay', 'Google Reseller', 'Google Tag Manager', 'Heap', 'Help Scout', 'Hubspot', 'Impact', 'Infolinks', 'Inspectlet', 'Instagram Follow Button', 'Intercom', 'Iubenda', 'JW Player Platform', 'Jetpack', 'JotForm', 'Kinsta', 'Klaviyo', 'LiveChat', 'LiveChat Monitoring', 'MailChimp', 'MailerLite', 'Marketo', 'Matomo', 'Media.net', 'Media.net Reseller', 'Mediavine Publisher', 'Microdata for Google Shopping', 'Microsoft Clarity', 'Mixpanel', 'Mouseflow', 'NFOrce Internet', 'New Relic', 'NitroPack', 'Olark', 'On The Map', 'OpenX Direct', 'OptiMole', 'Optimizely Recommendations', 'Outbrain Direct', 'PHP', 'Pardot', 'Parse.ly', 'PayPal Adaptive Payments', 'Pinterest Conversion Tracking', 'Piwik PRO', 'Plausible Analytics', 'PubMatic Direct', 'Pubmatic', 'PushEngage', 'QUIC', 'Quantcast Direct', 'RM Education', 'Recart', 'RocketCDN', 'Rumble Player', 'Seflow Italy', 'Segment', 'ShareThis', 'Sign In With Google', 'Square', 'Squarespace Online Appointment Scheduling', 'StatCounter', 'Statically', 'Stripe', 'Sumo', 'Swell Rewards', 'Taboola Direct', 'Taboola Reseller', 'Tealium', 'Theme In WP', 'Thrive Direct', 'Twitch', 'Twitter Ads', 'Twitter Analytics', 'Typeform', 'UTF-8', 'VigLink', 'Vimeo', 'Vine Embed', 'Visual Website Optimizer', 'Way', 'Wistia', 'Woo Themes', 'Woopra', 'WordPress', 'WordPress Multisite', 'WordPress Related Posts', 'Yandex Hosting', 'Yotpo', 'YouTube', 'comScore', 'jQuery', 'jsDelivr', 'reCAPTCHA']"
site.gws.eu,GWS mbH - Warenwirtschaft mit System,,DEU,77,44593,2026-09-25T23:58:25.112392883Z,"['AWS WAF Challenge', 'Alternate Protocol', 'Apture Linking Platform', 'Astra Theme', 'Crisp', 'DAV', 'Elementor', 'EmbedPress', 'EventOn', 'Fireblade', 'GZIP Module', 'Google', 'Google Cloud DNS', 'Google Maps', 'Google Related Website Sites', 'Instagram Follow Button', 'Microdata for Google Shopping', 'NFOrce Internet', 'Nginx', 'PHP', 'Perl', 'Polylang', 'QUIC', 'Search and Filter Pro', 'Shopware', 'Sitelinks Search Box', 'Table Addons for Elementor', 'Theme In WP', 'Twitter Ads', 'UTF-8', 'UberMenu', 'WPForms', 'Woo Themes', 'WordPress', 'WordPress Multisite', 'WordPress Related Posts', 'YouTube', 'jQuery']"
elev8or.io,"Influencer Marketing Platform, Free to Start | Elev8or",Elev8or,,57,647,2026-09-25T23:51:15.664241024Z,"['AWS WAF Challenge', 'Alternate Protocol', 'AnyChat', 'Apture Linking Platform', 'Cloudflare', 'Cloudflare CDN', 'Cloudflare Web Analytics', 'Content Delivery Network', 'Crisp', 'DoubleClick Bid Manager', 'Facebook Reseller', 'Google', 'Google Analytics', 'Google Cloud DNS', 'Google Font API', 'Google My Business', 'Google Tag Manager', 'Instagram Follow Button', 'Microdata for Google Shopping', 'Next.js', 'Pleroma', 'QUIC', 'Tailwind CSS', 'UTF-8', 'Unsplash', 'jsDelivr', 'shadcn ui']"
catpasswd.com,Catpasswd - Safe and fast recovery of file passwords,Catpasswd,,67,4058,2026-09-25T23:17:59.843431186Z,"['Alternate Protocol', 'Amazon', 'Amazon CloudFront', 'Amazon Route 53', 'CloudFront', 'Contao Cookie Consent', 'Content Delivery Network', 'Crisp', 'GZIP Module', 'GitHub Hosting', 'Google Analytics', 'Google Tag Manager', 'IcoMoon', 'Instagram Follow Button', 'Microdata for Google Shopping', 'QUIC', 'Tailwind CSS', 'UTF-8']"
elevatetechconsultant.com,Elevate AI Consultancy - Transform Your Business with AI,,USA,77,16560,2026-09-25T21:04:16.727946736Z,"['AWS WAF Challenge', 'Calendly', 'Content Delivery Network', 'Crisp', 'Netlify', 'Next.js', 'Pleroma', 'QUIC', 'Tailwind CSS', 'UTF-8', 'shadcn ui']"
wittywhite.com,WittyWhite Dental Clinic Bangalore – Trusted Dentist for All Ages,,IND,82,25235,2026-09-25T20:50:23.021835274Z,"['Alternate Protocol', 'AutoComplete', 'Autoptimize', 'Content Delivery Network', 'Crisp', 'DAV', 'Elementor', 'ElementsKit Elementor', 'EmbedPress', 'Google', 'Google Analytics', 'Google Cloud DNS', 'Google Font API', 'Google Tag Manager', 'IcoMoon', 'Instagram Follow Button', 'KVH', 'LiteSpeed', 'Microdata for Google Shopping', 'PHP', 'QUIC', 'Schema Plugin', 'Smart Slider 3', 'Subversion', 'TI WooCommerce Wishlist', 'Theme In WP', 'TrustIndex', 'UTF-8', 'Woo Themes', 'WooCommerce', 'WooCommerce Checkout', 'WordPress', 'WordPress Multisite', 'YouTube', 'jQuery']"
sayerautos.co.uk,Sayer Autos - Car Servicing & Repairs In Dereham,Sayer Autos,USA,87,782627,2026-09-25T19:15:46.691892791Z,"['AB Tasty', 'ADFOX', 'AJAX Libraries API', 'AWS WAF Challenge', 'Active Campaign', 'AdRoll', 'AddThis for Wordpress', 'Adobe Analytics', 'Adobe Marketing Cloud', 'Alternate Protocol', 'Amazon Associates Affiliate Shop', 'Amazon WAF Blocked', 'Amplitude', 'AppNexus Direct', 'Astra Theme', 'Authorize.net', 'Automattic', 'Bing Cashback', 'Bing Conversion Tracking', 'Braintree', 'Brevo', 'Brightcove', 'Bunny Fonts', 'BunnyCDN General', 'ByteDance', 'CDN JS', 'CDN77 Hosted', 'Calendly', 'Cart.com', 'Chartbeat', 'Clicky', 'Cloudflare', 'Cloudflare CDN', 'Cloudflare Web Analytics', 'ConvertKit', 'CrazyEgg', 'Crisp', 'Criteo', 'Criteo Reseller', 'DailyMotion Video', 'Disqus Comment System for WordPress', 'DoubleClick Bid Manager', 'Drift', 'ElementUI', 'Elementor', 'ElementsKit Elementor', 'EmbedPress', 'Engage', 'Facebook Embedded Posts', 'Facebook Reseller', 'Firebase', 'Font Awesome', 'Freshworks Bot', 'GZIP Module', 'Giphy', 'Google', 'Google Adsense', 'Google Analytics', 'Google Cloud CDN', 'Google Cloud DNS', 'Google Font API', 'Google Maps', 'Google Matched Content', 'Google My Business', 'Google Pay', 'Google Reseller', 'Google Tag Manager', 'Google Workspace', 'Heap', 'Help Scout', 'Hubspot', 'Impact', 'Infolinks', 'Inspectlet', 'Instagram Follow Button', 'Intercom', 'Iubenda', 'JW Player Platform', 'Jetpack', 'JotForm', 'Kinsta', 'Klaviyo', 'LiteSpeed', 'LiveChat', 'LiveChat Monitoring', 'MailChimp', 'MailerLite', 'Marketo', 'Matomo', 'Media.net', 'Media.net Reseller', 'Mediavine Publisher', 'Microdata for Google Shopping', 'Microsoft Clarity', 'Mixpanel', 'Mouseflow', 'New Relic', 'NitroPack', 'Ntent', 'Olark', 'On The Map', 'OpenX Direct', 'OptiMole', 'Optimizely Recommendations', 'Outbrain Direct', 'PHP', 'Pardot', 'Parse.ly', 'PayPal Adaptive Payments', 'Pinterest Conversion Tracking', 'Piwik PRO', 'Plausible Analytics', 'PubMatic Direct', 'Pubmatic', 'PushEngage', 'QUIC', 'Quantcast Direct', 'RM Education', 'Recart', 'RocketCDN', 'Rumble Player', 'Seflow Italy', 'Segment', 'ShareThis', 'Sign In With Google', 'Square', 'Squarespace Online Appointment Scheduling', 'StatCounter', 'Statically', 'Stripe', 'Sumo', 'Swell Rewards', 'Table Addons for Elementor', 'Taboola Direct', 'Taboola Reseller', 'Tealium', 'Thank You', 'Theme In WP', 'Thrive Direct', 'TrustIndex', 'Twitch', 'Twitter Ads', 'Twitter Analytics', 'Typeform', 'UTF-8', 'VigLink', 'Vimeo', 'Vine Embed', 'Visual Website Optimizer', 'Way', 'Wistia', 'Woo Themes', 'Woopra', 'WordPress', 'WordPress Multisite', 'WordPress Related Posts', 'Yandex Hosting', 'Yotpo', 'YouTube', 'comScore', 'jQuery', 'jsDelivr', 'reCAPTCHA']"
derteppichmeister.li,Teppich Meister – Teppichreinigung vom Profi,,LIE,65,4546,2026-09-25T17:41:52.876913967Z,"['Alternate Protocol', 'Cloudflare', 'Crisp', 'Elementor', 'EmbedPress', 'GZIP Module', 'Google', 'Google Cloud CDN', 'Google Cloud DNS', 'Google Font API', 'Header, Footer and Blocks for Elementor', 'LoftLoader', 'Nginx', 'OceanWP', 'PHP', 'Theme In WP', 'UTF-8', 'W3 Total Cache', 'WPForms', 'Woo Themes', 'WooCommerce Checkout', 'WordPress', 'WordPress Multisite', 'jQuery']"
trypulse.app,Pulse,,,57,384,2026-09-25T17:41:52.875551684Z,"['Bing Cashback', 'Content Delivery Network', 'Crisp', 'Google Analytics', 'Google Tag Manager', 'Microsoft Clarity', 'Next.js', 'PWA', 'Pleroma', 'QUIC', 'Stripe', 'Tailwind CSS', 'UTF-8', 'Unsplash', 'Vercel']"
betterstacks.com,Stacks | Own Your Digital Footprint with Personal AI,,PHL,87,20012,2026-09-25T16:39:28.475923027Z,"['App Store', 'Apture Linking Platform', 'Calendly', 'Canny', 'Content Delivery Network', 'Crisp', 'DC74', 'FirstPromoter', 'Google', 'Google Analytics', 'Google My Business', 'Google Play', 'Google Tag Manager', 'Instagram Follow Button', 'Microdata for Google Shopping', 'Next.js', 'Pleroma', 'Product Hunt', 'QUIC', 'Radix UI', 'Tailwind CSS', 'Twitter Ads', 'UTF-8', 'Vector Internet Services', 'Vercel', 'YouTube', 'shadcn ui']"
myhoneycare.com,Honey Care - Personalized Wellness for Older Adults,,USA,77,1987,2026-09-25T15:54:55.850805929Z,"['Content Delivery Network', 'Crisp', 'Font Awesome', 'Google Cloud DNS', 'Google Font API', 'IcoMoon', 'Instagram Follow Button', 'Next.js', 'Pleroma', 'QUIC', 'Tailwind CSS', 'UTF-8', 'Vercel']"
sortiqsolutions.com,Best IT Company in Chandigarh for Internship | Sortiq Solutions,SortiqSoluitions,IND,82,27986,2026-09-25T12:51:34.734697881Z,"['AWS WAF Challenge', 'Alternate Protocol', 'CDN JS', 'Cloudflare', 'Cloudflare CDN', 'CodeIgniter', 'Contact Form Plugin', 'Crisp', 'DAV', 'Easy Pie Chart', 'Elementor', 'EmbedPress', 'Express', 'Facebook Conversion Tracking', 'Facebook Login', 'Facebook Messenger Platform', 'Facebook Pixel', 'Facebook Reseller', 'Facebook Tag API', 'Font Awesome', 'GZIP Module', 'GoodFirms', 'Google Analytics', 'Google Cloud DNS', 'Google Font API', 'Google My Business', 'Google Related Website Sites', 'Google Tag Manager', 'Instagram Follow Button', 'Medium', 'Microdata for Google Shopping', 'NFOrce Internet', 'Nginx', 'PHP', 'Slider Revolution', 'Table Addons for Elementor', 'Theme In WP', 'UTF-8', 'Vector Internet Services', 'WordPress', 'WordPress Multisite', 'YouTube', 'eLand', 'jQuery', 'jsDelivr', 'reCAPTCHA']"
cutthephoto.com,Photo Cut Out | Image Background Remove | Clipping Path Service,Cut The Photo,IND,82,82648,2026-09-25T12:27:21.981668673Z,"['AWS WAF Challenge', 'Alternate Protocol', 'Apture Linking Platform', 'Better Lead Generation Services', 'Content Delivery Network', 'Crisp', 'DC74', 'EmbedPress', 'Facebook Login', 'Facebook Messenger Platform', 'Facebook Reseller', 'Fastly', 'Font Awesome', 'Google Analytics', 'Google Cloud DNS', 'Google Font API', 'Google Related Website Sites', 'Google Tag Manager', 'Kallyas', 'Line2', 'LiteSpeed', 'Microdata for Google Shopping', 'PHP', 'Perl', 'QUIC', 'QUIC.cloud', 'SMC', 'Slider Revolution', 'Subversion', 'Twitter Ads', 'UTF-8', 'Vector Internet Services', 'WordPress', 'WordPress Multisite', 'Yandex Hosting', 'YouTube']"
therapypartnersgroup.com,Therapy Partners Group | A Family of Physical Therapy & Wellness Brands,Therapy Partners Group,,67,29095,2026-09-25T08:06:21.762818613Z,"['AWS WAF Challenge', 'Alternate Protocol', 'Amazon CloudFront', 'Amazon WAF Blocked', 'Aruba', 'Cisco/Arrowpoint Content Service Switch', 'CloudFront', 'Cloudflare', 'Coming Soon Page', 'Content Delivery Network', 'Crisp', 'EmbedPress', 'Fastly', 'Google Analytics', 'Google Cloud DNS', 'Google Font API', 'Google My Business', 'Google Tag Manager', 'Gravity', 'Gravity Forms', 'Instagram Follow Button', 'Microdata for Google Shopping', 'Oracle Cloud', 'Oxygen', 'Oxygen Builder', 'Store Locator WordPress', 'Twenty Twenty', 'UTF-8', 'University or College', 'WP Engine', 'WP Rocket', 'WordPress', 'WordPress Multisite', 'eLand', 'jQuery', 'jsDelivr', 'reCAPTCHA']"
spaces-and-places.co.uk,Self Storage Solutions Across The North West & Midlands - Spaces & Places,,GBR,72,2707,2026-09-25T05:53:34.613553957Z,"['Alternate Protocol', 'Apache', 'Contact Form Plugin', 'CookieYes', 'Crisp', 'EmbedPress', 'Google Analytics', 'Google Cloud DNS', 'Google Font API', 'Google Maps', 'Google My Business', 'Google Related Website Sites', 'Google Tag Manager', 'IcoMoon', 'Instagram Follow Button', 'Microdata for Google Shopping', 'PHP', 'Pagekit', 'QUIC', 'Sitelinks Search Box', 'Smush Image Optimization', 'Theme In WP', 'Twenty Sixteen', 'Twitter Ads', 'UTF-8', 'WPBakery', 'WordPress', 'WordPress Multisite', 'jQuery']"
balleydier-parts.com,Isuzu genuine spare parts and accessories for pickup truck,,,62,1680,2026-09-25T05:11:54.709224442Z,"['Alternate Protocol', 'Apache', 'Crisp', 'GZIP Module', 'Google Analytics', 'Google Cloud DNS', 'Google Maps', 'Google My Business', 'Google Tag Manager', 'Parcel', 'Shifter', 'Sign In With Google', 'Tailwind CSS', 'UTF-8', 'jQuery']"
benjaminrestore.com,Home - Benjamin Restore,Benjamin Restore,USA,70,3953,2026-09-25T02:14:14.798752797Z,"['Alternate Protocol', 'Apache', 'Contact Form Plugin', 'Crisp', 'Elementor', 'EmbedPress', 'GZIP Module', 'Google', 'Google Analytics', 'Google Cloud DNS', 'Google Font API', 'Google Tag Manager', 'Microdata for Google Shopping', 'PHP', 'Pagekit', 'QUIC', 'Sassy Social Share', 'Smush Image Optimization', 'Theme In WP', 'UTF-8', 'Woo Themes', 'WordPress', 'WordPress Multisite', 'jQuery']"
booklocalizer.com,BookLocalizer - International Book Marketing,,,70,1140,2026-09-24T19:38:20.798549596Z,"['Better Lead Generation Services', 'Crisp', 'ElementUI', 'Facebook Conversion Tracking', 'Facebook Login', 'Facebook Messenger Platform', 'Facebook Pixel', 'Facebook Reseller', 'Facebook Tag API', 'GZIP Module', 'Google Analytics', 'Google Tag Manager', 'Microsoft Clarity', 'Tailwind CSS', 'UTF-8', 'shadcn ui']"
sharayeh.com,Create professional PowerPoint presentations with AI in seconds. | Sharayeh,Sharayeh,IND,77,120320,2026-09-24T19:36:02.749355458Z,"['AWS WAF Challenge', 'Alternate Protocol', 'Cloudflare', 'Cloudflare CDN', 'Content Delivery Network', 'Content Square', 'Crisp', 'DoubleClick Bid Manager', 'Google', 'Google Adsense', 'Google Analytics', 'Google Cloud DNS', 'Google Font API', 'Google Funding Choices', 'Google Matched Content', 'Google My Business', 'Google Reseller', 'Google Tag Manager', 'Microdata for Google Shopping', 'Microsoft Clarity', 'NFOrce Internet', 'Next.js', 'PWA', 'Pleroma', 'Sitelinks Search Box', 'Stripe', 'Tailwind CSS', 'Twitter Ads', 'UTF-8', 'University or College', 'Vercel', 'shadcn ui']"
ruralpharmacyaustralia.com,Home - Rural Pharmacy Australia,,,62,17182,2026-09-24T19:14:01.944438539Z,"['AWS WAF Challenge', 'Alternate Protocol', 'Contact Form Plugin', 'Content Delivery Network', 'Creative Mail by Constant Contact', 'Crisp', 'EmbedPress', 'Essential Grid', 'Fontello', 'IcoMoon', 'LayerSlider Responsive', 'Microdata for Google Shopping', 'Nginx', 'PHP', 'QUIC', 'Slider Revolution', 'Theme In WP', 'UTF-8', 'WPBakery', 'Woo Themes', 'WooCommerce', 'WooCommerce Checkout', 'WordPress', 'WordPress Multisite', 'jQuery']"
meloma.app,Meloma - AI Meeting Assistant,,PHL,82,31380,2026-09-24T18:55:31.845175415Z,"['AWS WAF Challenge', 'Alternate Protocol', 'Apture Linking Platform', 'Cloudflare', 'Cloudflare CDN', 'Content Delivery Network', 'Crisp', 'DAV', 'Fireblade', 'GitHub Hosting', 'Google Adsense', 'Google Analytics', 'Google Funding Choices', 'Google Matched Content', 'Google Reseller', 'Google Tag Manager', 'Microsoft Clarity', 'Next.js', 'Radix UI', 'Tailwind CSS', 'Twitter Ads', 'UTF-8', 'Vercel', 'shadcn ui']"
thomasbouchard.net,Art4all marketplace,,,55,363,2026-09-24T17:55:48.509949328Z,"['Alternate Protocol', 'Apture Linking Platform', 'Astra Theme', 'Content Delivery Network', 'Crisp', 'Elementor', 'EmbedPress', 'Google', 'Google Analytics', 'Google Cloud CDN', 'Google Cloud DNS', 'Google Font API', 'Google Tag Manager', 'Jetpack', 'LiteSpeed', 'Microdata for Google Shopping', 'PHP', 'Schema Plugin', 'Theme In WP', 'UTF-8', 'Woo Themes', 'WooCommerce Checkout', 'WordPress', 'WordPress Multisite', 'WordPress Related Posts', 'WordPress Stats', 'jQuery']"
carshippingtospain.com,Car Transport UK to Spain | Car Shipping to Spain,Car Shipping To Spain,GIB,77,797012,2026-09-24T16:31:13.607231999Z,"['AB Tasty', 'ADFOX', 'AJAX Libraries API', 'AWS WAF Challenge', 'Active Campaign', 'AdRoll', 'AddThis for Wordpress', 'Adobe Analytics', 'Adobe Marketing Cloud', 'Alternate Protocol', 'Amazon Associates Affiliate Shop', 'Amazon WAF Blocked', 'Amplitude', 'AppNexus Direct', 'Astra Theme', 'Authorize.net', 'Automattic', 'Better Lead Generation Services', 'Bing Cashback', 'Bing Conversion Tracking', 'Braintree', 'Brevo', 'Brightcove', 'Bunny Fonts', 'BunnyCDN General', 'ByteDance', 'CDN JS', 'CDN77 Hosted', 'Calendly', 'Cart.com', 'Chartbeat', 'Clicky', 'Cloudflare', 'Cloudflare CDN', 'Cloudflare Web Analytics', 'Contact Form Plugin', 'ConvertKit', 'CrazyEgg', 'Crisp', 'Criteo', 'Criteo Reseller', 'DailyMotion Video', 'Disqus Comment System for WordPress', 'DoubleClick Bid Manager', 'Drift', 'ElementUI', 'Elementor', 'EmbedPress', 'Engage', 'Facebook Embedded Posts', 'Facebook Reseller', 'Firebase', 'Fireblade', 'Font Awesome', 'Freshworks Bot', 'GZIP Module', 'Giphy', 'Google', 'Google Adsense', 'Google Analytics', 'Google Cloud CDN', 'Google Cloud DNS', 'Google Font API', 'Google Maps', 'Google Matched Content', 'Google My Business', 'Google Pay', 'Google Related Website Sites', 'Google Reseller', 'Google Tag Manager', 'Heap', 'Help Scout', 'Hubspot', 'Impact', 'Infolinks', 'Inspectlet', 'Instagram Follow Button', 'Intercom', 'JW Player Platform', 'Jetpack', 'JotForm', 'Kinsta', 'Klaviyo', 'LiveChat', 'LiveChat Monitoring', 'MailChimp', 'MailerLite', 'Marketo', 'Matomo', 'Media.net', 'Media.net Reseller', 'Mediavine Publisher', 'Microdata for Google Shopping', 'Microsoft Clarity', 'Mixpanel', 'Mouseflow', 'New Relic', 'Nginx', 'NitroPack', 'Olark', 'On The Map', 'OpenX Direct', 'OptiMole', 'Optimizely Recommendations', 'Outbrain Direct', 'PHP', 'Pardot', 'Parse.ly', 'PayPal Adaptive Payments', 'Pinterest Conversion Tracking', 'Piwik PRO', 'Plausible Analytics', 'PubMatic Direct', 'Pubmatic', 'PushEngage', 'QUIC', 'Quantcast Direct', 'RM Education', 'Recart', 'RocketCDN', 'Rumble Player', 'Seflow Italy', 'Segment', 'ShareThis', 'Sign In With Google', 'Square', 'Squarespace Online Appointment Scheduling', 'StatCounter', 'Statically', 'Stripe', 'Sumo', 'Swell Rewards', 'Table Addons for Elementor', 'Taboola Direct', 'Taboola Reseller', 'Tealium', 'Theme In WP', 'Thrive Direct', 'Twitch', 'Twitter Ads', 'Twitter Analytics', 'Typeform', 'UTF-8', 'VigLink', 'Vimeo', 'Vine Embed', 'Visual Website Optimizer', 'Way', 'Wistia', 'Woo Themes', 'Woopra', 'WordPress', 'WordPress Multisite', 'WordPress Related Posts', 'Yandex Hosting', 'Yotpo', 'YouTube', 'comScore', 'jQuery', 'jsDelivr', 'reCAPTCHA']"
bookingyourumrah.com,Book Your Umrah | Mecca & Medina Packages | Booking Your Umrah,,NLD,72,44510,2026-09-24T01:10:20.003063211Z,"['AAPT', 'Alternate Protocol', 'Amazon', 'Apture Linking Platform', 'Content Delivery Network', 'Crisp', 'DAV', 'DoubleClick Bid Manager', 'Facebook Reseller', 'Google Analytics', 'Google Cloud DNS', 'Google Font API', 'Google Tag Manager', 'Instagram Follow Button', 'KVH', 'Microsoft Clarity', 'No-Q', 'Nuxt.js', 'Perl', 'QUIC', 'Storyblocks', 'Subversion', 'Tailwind CSS', 'UTF-8', 'Vercel']"
kalooconstruction.ca,"Kaloo Construction | Residental and Commercial Renovations in Edmonton, Alberta",,CAN,65,1585,2026-09-23T23:10:36.590990394Z,"['Alternate Protocol', 'Content Delivery Network', 'Crisp', 'Divi', 'Elegant Themes', 'EmbedPress', 'Font Awesome', 'Google Cloud DNS', 'Google Font API', 'Nginx', 'PHP', 'Theme In WP', 'UTF-8', 'Woo Themes', 'WordPress', 'WordPress Multisite', 'jQuery']"
feather-flow.com,"FeatherFlow | AI product studio, Cologne.",,DEU,72,36620,2026-09-23T22:00:05.21094099Z,"['AWS WAF Challenge', 'Alternate Protocol', 'Apture Linking Platform', 'Cloudflare', 'Cloudflare Stream', 'Clutch', 'Crisp', 'Figma', 'Financial Services Guide', 'Framer Sites', 'Google', 'Google Analytics', 'Google Cloud CDN', 'Google Tag Manager', 'Instagram Follow Button', 'Ntent', 'Svelte', 'Twitter Ads', 'Yandex Hosting', 'Zeald']"
discoverbalitours.com,Discover Bali Tours | Bali Adventures • Visas • Services,,IDN,77,9555,2026-09-23T21:28:13.356955215Z,"['Alternate Protocol', 'Apture Linking Platform', 'Content Delivery Network', 'Crisp', 'ETranslate', 'Elementor', 'EmbedPress', 'Express', 'Font Awesome', 'GTranslate', 'Google', 'Google Cloud CDN', 'Google Cloud DNS', 'Google Font API', 'Google My Business', 'Gtranslate for Wordpress', 'Houzez', 'Instagram Follow Button', 'Line2', 'LiteSpeed', 'Microdata for Google Shopping', 'Ntent', 'PHP', 'QUIC', 'QUIC.cloud', 'Sitelinks Search Box', 'Tailwind CSS', 'Thank You', 'TrustIndex', 'UTF-8', 'Woo Themes', 'WordPress', 'WordPress Multisite', 'YouTube', 'eLand', 'reCAPTCHA', 'shadcn ui']"
talentmap.com,Home - TalentMap,TalentMap,,62,67244,2026-09-23T19:27:12.904795614Z,"['Alternate Protocol', 'Apache', 'Apture Linking Platform', 'Crisp', 'Elementor', 'EmbedPress', 'GZIP Module', 'Google Analytics', 'Google My Business', 'Google Tag Manager', 'Hello Elementor', 'Microdata for Google Shopping', 'MonsterInsights', 'NFOrce Internet', 'PHP', 'Pagekit', 'Pardot', 'Pardot for WordPress', 'ScheduleOnce', 'Smush Image Optimization', 'Twitter Ads', 'UTF-8', 'University or College', 'WP Fastest Cache', 'WordPress', 'WordPress Multisite', 'YouTube', 'dc.js', 'eLand', 'jQuery']"
mobrand.com,Mobrand - App promotion specialists,,,77,1320,2026-09-23T17:35:48.781572561Z,"['Content Delivery Network', 'Crisp', 'GZIP Module', 'Gambling Content', 'Google Analytics', 'Google Tag Manager', 'Material-UI', 'Next.js', 'Nginx', 'Tailwind CSS', 'UTF-8', 'YouTube', 'shadcn ui']"
tractorbumper.com,Tractor front bumper — built to be seen | Tractorbumper,,NLD,92,71786,2026-09-23T17:18:29.78347494Z,"['Alternate Protocol', 'Astro', 'Crisp', 'Fireblade', 'Font Awesome', 'Google Analytics', 'Google Tag Manager', 'IcoMoon', 'Instagram Follow Button', 'Microdata for Google Shopping', 'QUIC', 'SMC', 'UTF-8', 'Vector Internet Services', 'Woo Themes']"
giraffecontent.com,Giraffe Content | High-Impact SEO Content for Growing Your Website - Giraffe Content,,FRA,77,5461,2026-09-23T16:31:52.932709273Z,"['Alternate Protocol', 'Astra Theme', 'Crisp', 'Elementor', 'EmbedPress', 'Google', 'Header, Footer and Blocks for Elementor', 'Microdata for Google Shopping', 'NFOrce Internet', 'Ntent', 'PHP', 'Telegram', 'Theme In WP', 'UTF-8', 'Woo Themes', 'WordPress', 'WordPress Multisite', 'WordPress Related Posts', 'jQuery']"
digitalentsacademy.com,Best Digital Marketing Course in Bangalore | Digitalents,,IND,77,22898,2026-09-23T15:31:17.024670913Z,"['AWS WAF Challenge', 'Alternate Protocol', 'Apture Linking Platform', 'Astra Theme', 'Cloudflare', 'Cloudflare CDN', 'Content Delivery Network', 'Crisp', 'Elementor', 'EmbedPress', 'Google', 'Google Adsense', 'Google Analytics', 'Google Cloud DNS', 'Google Customer Reviews', 'Google Font API', 'Google Funding Choices', 'Google Matched Content', 'Google My Business', 'Google Related Website Sites', 'Google Reseller', 'Google Tag Manager', 'Instagram Follow Button', 'Jetpack', 'Line2', 'LiteSpeed', 'Microdata for Google Shopping', 'NFOrce Internet', 'Ntent', 'PHP', 'QUIC', 'QUIC.cloud', 'QuadLayers', 'Sign In With Google', 'TrustIndex', 'UTF-8', 'Woo Themes', 'WordPress', 'WordPress Multisite', 'WordPress Related Posts', 'WordPress Stats']"
aidiptv.com,Best IPTV Service Provider 2026 | Premium Streaming Worldwide,Aidiptv Service Provider,,72,24960,2026-09-23T14:46:08.494805977Z,"['Alternate Protocol', 'Apture Linking Platform', 'Automattic', 'Crisp', 'Crypto.com', 'Elementor', 'EmbedPress', 'Fireblade', 'GZIP Module', 'Google', 'Google Cloud DNS', 'Google Font API', 'Google Related Website Sites', 'Jetpack', 'Kinsta', 'Lazy Load for WordPress', 'LiteSpeed', 'Microdata for Google Shopping', 'OceanWP', 'PHP', 'QUIC', 'Tailwind CSS', 'UTF-8', 'WP Mobile Menu', 'WP Rocket', 'WPForms', 'Woo Themes', 'WooCommerce Checkout', 'WordPress', 'WordPress Multisite', 'WordPress Stats', 'Yandex Hosting']"
baraleigh.com,Big Air Raleigh | Indoor Trampoline Park & Family Attraction,Big Air Trampoline Park,USA,77,154937,2026-09-23T13:20:51.430348555Z,"['AJAX Libraries API', 'Alternate Protocol', 'Amazon', 'Amazon CloudFront', 'CCSI', 'CloudFront', 'Cloudflare', 'Coming Soon Page', 'Content Delivery Network', 'Crisp', 'DAV', 'DC74', 'Financial Services Guide', 'Fraud Blocker', 'GZIP Module', 'Google', 'Google Analytics', 'Google Cloud DNS', 'Google Font API', 'Google Maps', 'Google My Business', 'Google Tag Manager', 'HHVM', 'Hexo', 'Idaq', 'InitiativeS', 'Instagram Follow Button', 'K2F', 'KVH', 'Microdata for Google Shopping', 'Microsoft Clarity', 'No-Q', 'Oddle', 'Onyx Internet', 'Phew', 'SMC', 'Subversion', 'Tailwind CSS', 'UTF-8', 'University or College', 'WF Cookie Consent', 'jsDelivr', 'reCAPTCHA']"
vwpartsltd.co.uk,VW Parts Limited – VW Parts Specialists,,GBR,80,3849,2026-09-23T11:45:48.084224797Z,"['Alternate Protocol', 'Contact Form Plugin', 'Crisp', 'EWWW Image Optimizer', 'Elementor', 'Elementor Addon Elements', 'EmbedPress', 'Essential Addons for Elementor', 'GZIP Module', 'Google Cloud DNS', 'Google Font API', 'Gtranslate for Wordpress', 'Lazy Load for WordPress', 'NFOrce Internet', 'Nginx', 'PHP', 'Pagekit', 'Parallels Plesk Panel', 'QUIC', 'Smart Slider 3', 'Theme In WP', 'UTF-8', 'Woo Themes', 'WooCommerce', 'WooCommerce Checkout', 'WordPress', 'WordPress Multisite', 'XStore', 'eLand', 'jQuery']"
kaahconsulting.com,"Kaah Consulting LTD – A Leading Development, Strategy and Management Consulting Firm",,,70,20486,2026-09-23T07:42:14.803271029Z,"['AWS WAF Challenge', 'Alternate Protocol', 'Astra Theme', 'Contact Form Plugin', 'Content Delivery Network', 'Corporate Governance and Regulatory Compliance', 'Crisp', 'DAV', 'Elementor', 'ElementsKit Elementor', 'EmbedPress', 'Essential Addons for Elementor', 'GDPR Cookie Compliance', 'Google', 'Google Cloud CDN', 'Google Cloud DNS', 'Google Font API', 'Google My Business', 'Header, Footer and Blocks for Elementor', 'LiteSpeed', 'PHP', 'Premium Addons for Elementor', 'QUIC', 'Smart Slider 3', 'Theme In WP', 'UTF-8', 'Woo Themes', 'WordPress', 'WordPress Multisite', 'WordPress Related Posts', 'YouTube', 'eLand', 'jQuery', 'reCAPTCHA']"
freshfrost.nl,Home Fresh Frost - For Import & Export,,EGY,92,3825,2026-09-23T05:52:00.484520799Z,"['Alternate Protocol', 'Better Lead Generation Services', 'Contact Form Plugin', 'Content Delivery Network', 'Crisp', 'ElementUI', 'Elementor', 'EmbedPress', 'Facebook Conversion Tracking', 'Facebook Login', 'Facebook Messenger Platform', 'Facebook Pixel', 'Facebook Reseller', 'Facebook Tag API', 'Google Analytics', 'Google Cloud DNS', 'Google Font API', 'Google Related Website Sites', 'Google Tag Manager', 'Instagram Follow Button', 'LiteSpeed', 'Microdata for Google Shopping', 'NFOrce Internet', 'PHP', 'QUIC', 'Sitelinks Search Box', 'Slider Revolution', 'Theme In WP', 'UTF-8', 'Woo Themes', 'WooCommerce', 'WooCommerce Checkout', 'WooFramework', 'WordPress', 'WordPress Multisite', 'XTemos Studio', 'jQuery']"
wordpresszonderzorgen.nl,Klarned Managed Hosting,Klarned,NLD,77,20344,2026-09-23T04:40:03.885298726Z,"['AWS WAF Challenge', 'Alternate Protocol', 'Apture Linking Platform', 'Content Delivery Network', 'Crisp', 'EmbedPress', 'GZIP Module', 'Google Customer Reviews', 'Lazy Load for WordPress', 'LiteSpeed', 'Mastodon', 'Matomo', 'Matomo Tag Manager', 'Microdata for Google Shopping', 'Nginx', 'PHP', 'QUIC', 'Snitcher', 'Theme In WP', 'UTF-8', 'WP Rocket', 'WordPress', 'WordPress Multisite', 'jQuery']"
davsc.com.mx,Despacho Aduanal de Veracruz - Inicio,,MEX,67,1140,2026-09-23T03:26:59.380469203Z,"['Crisp', 'DAV', 'Google Analytics', 'Google Tag Manager', 'Instagram Follow Button', 'LiteSpeed', 'Tailwind CSS', 'UTF-8', 'jsDelivr']"
drivekadhills.com,KADHILLS | Midwest LTL & Expedite Freight Carrier,,USA,67,1629,2026-09-23T02:16:12.469000511Z,"['Content Delivery Network', 'Crisp', 'Formspree', 'Microdata for Google Shopping', 'Next.js', 'QUIC', 'Thank You', 'UTF-8', 'Vercel']"
pippipyalah.ma,Carpooling in Morocco — rides & prices | Pip Pip Yalah,Pip Pip Yalah,,67,62667,2026-09-23T00:59:58.017937562Z,"['About Cookies', 'Alternate Protocol', 'Ant Design Vue', 'App Store', 'Cloudflare', 'Cloudflare CDN', 'Cloudflare Web Analytics', 'Coming Soon Page', 'Content Delivery Network', 'Crisp', 'Envoy', 'Fireblade', 'Google Analytics', 'Google My Business', 'Google Play', 'Google Tag Manager', 'InitiativeS', 'Instagram Follow Button', 'Microdata for Google Shopping', 'Next.js', 'ON24', 'PWA', 'PartnerPage', 'Pleroma', 'Sitelinks Search Box', 'Tailwind CSS', 'Thank You', 'Triggered Messaging', 'UTF-8', 'Verified Profile', 'YouTube', 'eLand', 'shadcn ui']"
growingwisdomacademy.in,Home - growingwisdomacademy.in,growingwisdomacademy.in,,67,783047,2026-09-22T23:21:28.861509563Z,"['AB Tasty', 'ADFOX', 'AJAX Libraries API', 'AWS WAF Challenge', 'Active Campaign', 'AdRoll', 'AddThis for Wordpress', 'Adobe Analytics', 'Adobe Marketing Cloud', 'Adult Content', 'Alternate Protocol', 'Amazon Associates Affiliate Shop', 'Amazon WAF Blocked', 'Amplitude', 'AppNexus Direct', 'Astra Theme', 'Authorize.net', 'Automattic', 'Bing Cashback', 'Bing Conversion Tracking', 'Braintree', 'Brevo', 'Brightcove', 'Bunny Fonts', 'BunnyCDN General', 'ByteDance', 'CDN JS', 'CDN77 Hosted', 'Calendly', 'Cart.com', 'Chartbeat', 'Clicky', 'Cloudflare', 'Cloudflare CDN', 'Cloudflare Web Analytics', 'ConvertKit', 'CrazyEgg', 'Crisp', 'Criteo', 'Criteo Reseller', 'DailyMotion Video', 'Disqus Comment System for WordPress', 'DoubleClick Bid Manager', 'Drift', 'ElementUI', 'Elementor', 'EmbedPress', 'Engage', 'Facebook Embedded Posts', 'Facebook Reseller', 'Firebase', 'Font Awesome', 'Freshworks Bot', 'Giphy', 'Google', 'Google Adsense', 'Google Analytics', 'Google Cloud CDN', 'Google Cloud DNS', 'Google Font API', 'Google Maps', 'Google Matched Content', 'Google My Business', 'Google Pay', 'Google Reseller', 'Google Tag Manager', 'Header, Footer and Blocks for Elementor', 'Heap', 'Help Scout', 'Hubspot', 'Impact', 'Infolinks', 'Inspectlet', 'Instagram Follow Button', 'Intercom', 'JW Player Platform', 'Jetpack', 'JotForm', 'Kinsta', 'Klaviyo', 'LiveChat', 'LiveChat Monitoring', 'MailChimp', 'MailerLite', 'Marketo', 'Matomo', 'Media.net', 'Media.net Reseller', 'Mediavine Publisher', 'Microdata for Google Shopping', 'Microsoft Clarity', 'Mixpanel', 'Mouseflow', 'NFOrce Internet', 'New Relic', 'NitroPack', 'Olark', 'On The Map', 'OpenX Direct', 'OptiMole', 'Optimizely Recommendations', 'Outbrain Direct', 'PHP', 'Pardot', 'Parse.ly', 'PayPal Adaptive Payments', 'Pinterest Conversion Tracking', 'Piwik PRO', 'Plausible Analytics', 'Presto Player', 'PubMatic Direct', 'Pubmatic', 'PushEngage', 'QUIC', 'Quantcast Direct', 'RM Education', 'Recart', 'RocketCDN', 'Royal Elementor Addons', 'Rumble Player', 'Seflow Italy', 'Segment', 'ShareThis', 'Sign In With Google', 'Square', 'Squarespace Online Appointment Scheduling', 'StatCounter', 'Statically', 'Stripe', 'Sumo', 'Swell Rewards', 'Taboola Direct', 'Taboola Reseller', 'Tealium', 'Theme In WP', 'Thrive Direct', 'Twitch', 'Twitter Ads', 'Twitter Analytics', 'Typeform', 'UTF-8', 'VigLink', 'Vimeo', 'Vine Embed', 'Visual Website Optimizer', 'Way', 'Wistia', 'Woo Themes', 'WooCommerce', 'WooCommerce Checkout', 'WooCommerce Payments', 'Woopra', 'WordPress', 'WordPress Multisite', 'WordPress Related Posts', 'Yandex Hosting', 'Yotpo', 'YouTube', 'comScore', 'jQuery', 'jsDelivr', 'reCAPTCHA']"
nightlysleep.co,Nightly | Sleep Deep. Wake Clear.,Nightly,CAN,87,102100,2026-09-22T21:44:47.268574273Z,"['Content Delivery Network', 'Content Square', 'Crisp', 'Facebook Conversion Tracking', 'Facebook Login', 'Facebook Messenger Platform', 'Facebook Pixel', 'Facebook Reseller', 'Facebook Tag API', 'Google Analytics', 'Google Related Website Sites', 'Google Tag Manager', 'Microdata for Google Shopping', 'Next.js', 'Tailwind CSS', 'UTF-8', 'Vercel']"
personalflipbook.com,Personal Flipbook - Home,,,35,303,2026-09-22T17:42:28.547187081Z,"['Crisp', 'GZIP Module', 'Google Analytics', 'Google Cloud DNS', 'Google Font API', 'Google Tag Manager', 'Nginx', 'Tailwind CSS', 'UTF-8', 'Ubuntu']"
medilexes.com,Medilexes.com,,GBR,70,22074,2026-09-22T17:42:28.523536779Z,"['Alternate Protocol', 'Apture Linking Platform', 'Cloudflare', 'Cloudflare CDN', 'Content Delivery Network', 'Crisp', 'EmbedPress', 'Facebook Conversion Tracking', 'Facebook Login', 'Facebook Messenger Platform', 'Facebook Pixel', 'Facebook Reseller', 'Facebook Tag API', 'Fireblade', 'Google Cloud DNS', 'Google Font API', 'IcoMoon', 'Microdata for Google Shopping', 'Microsoft Clarity', 'PHP', 'Parcel', 'QUIC', 'Shipping Rates Calculator', 'Side Cart Woocommerce', 'Tailwind CSS', 'Theme In WP', 'UTF-8', 'Variation Swatches for WooCommerce', 'Vector Internet Services', 'WP Rocket', 'Woo Themes', 'WooCommerce', 'WooCommerce Checkout', 'WordPress', 'WordPress Multisite', 'jQuery', 'jsDelivr']"
seraldekor.com,Seral Mermer Mobilya – Ordu'nun lider mermer mobilya üretici firması,,,60,1194,2026-09-22T16:41:15.266282116Z,"['Agoda', 'Alternate Protocol', 'Content Delivery Network', 'Crisp', 'Elementor', 'EmbedPress', 'Google', 'Google Adsense', 'Google Analytics', 'Google Cloud CDN', 'Google Cloud DNS', 'Google Font API', 'Google Funding Choices', 'Google Matched Content', 'Google My Business', 'Google Related Website Sites', 'Google Reseller', 'Google Tag Manager', 'Gtranslate for Wordpress', 'IcoMoon', 'Instagram Follow Button', 'Kitco', 'Line2', 'LiteSpeed', 'PHP', 'Popupsmart', 'QUIC', 'QUIC.cloud', 'UTF-8', 'WordPress', 'WordPress Multisite']"
jetrack.live,Jetrack - Privacy-First Web Analytics,Jetrack,,72,16419,2026-09-22T16:25:35.89786156Z,"['AWS WAF Challenge', 'Cloudflare', 'Cloudflare CDN', 'Coming Soon Page', 'Content Delivery Network', 'Crisp', 'Microdata for Google Shopping', 'Next.js', 'Ntent', 'Tailwind CSS', 'UTF-8', 'Vercel', 'shadcn ui']"
trueparkings.com,Trueparkings: Kansas City International Airport (KCI/MCI),,USA,77,3895,2026-09-22T14:48:30.123272556Z,"['Alternate Protocol', 'Amazon WAF Blocked', 'Apture Linking Platform', 'Book Direct', 'CDN JS', 'Cloudflare', 'Cloudflare CDN', 'Contact Form Plugin', 'Content Delivery Network', 'Crisp', 'DuracellTomi Google Tag Manager for WordPress', 'Elementor', 'EmbedPress', 'Express', 'Facebook Conversion Tracking', 'Facebook Login', 'Facebook Messenger Platform', 'Facebook Pixel', 'Facebook Reseller', 'Facebook Tag API', 'Google Analytics', 'Google Cloud DNS', 'Google Font API', 'Google Maps', 'Google My Business', 'Google Tag Manager', 'Hello Elementor', 'Microdata for Google Shopping', 'Microsoft Clarity', 'NFOrce Internet', 'Ntent', 'PHP', 'QUIC', 'Sucuri Cloudproxy', 'Table Addons for Elementor', 'Tailwind CSS', 'Thank You', 'Theme In WP', 'TrustIndex', 'UTF-8', 'Woo Themes', 'WordPress', 'WordPress Multisite', 'jQuery', 'jsDelivr']"
cre8ivitysolutionservices.com,Home - cre8ivitysolutionservices.com,,USA,75,23580,2026-09-22T12:54:35.535267772Z,"['AWS WAF Challenge', 'Alternate Protocol', 'Content Delivery Network', 'Crisp', 'Elementor', 'EmbedPress', 'Investor Relations', 'Line2', 'LiteSpeed', 'Microdata for Google Shopping', 'NFOrce Internet', 'PHP', 'QUIC', 'QUIC.cloud', 'Table Addons for Elementor', 'UTF-8', 'Vector Internet Services', 'WordPress', 'WordPress Multisite']"
podolsky.com,Podolsky,"Podolsky & Associates, Ltd.",USA,77,1841029,2026-09-22T09:43:16.354255061Z,"['33 Across Direct', 'AB Tasty', 'ADFOX', 'AWS WAF Challenge', 'Active Campaign', 'AdRoll', 'AddThis for Wordpress', 'Adform Direct', 'Adobe Analytics', 'Adobe Marketing Cloud', 'Adpushup', 'Aimtell', 'Akamai Global Host', 'Alibaba Cloud CDN', 'Alternate Protocol', 'Amazon Associates Affiliate Shop', 'Amazon CloudFront', 'Amazon WAF Blocked', 'Amped', 'Amplitude', 'Analytify', 'AnyChat', 'Apache', 'AppNexus Direct', 'Apture Linking Platform', 'Automattic', 'BLR', 'Baidu Ads', 'Baidu Analytics', 'Baidu Cloud', 'Band Camp', 'Bazaarvoice', 'Bazaarvoice Curations', 'BidSwitch Direct', 'Bing Cashback', 'Bing Conversion Tracking', 'Birdeye', 'Brevo', 'Brightcove', 'ByteDance', 'Calendly', 'Camp', 'Chartbeat', 'Chatra', 'Clicky', 'CloudFront', 'Cloudflare', 'Cloudflare CDN', 'Cloudflare Stream', 'Cloudflare Web Analytics', 'Cognito Forms', 'Connatix Reseller', 'Constant Contact', 'Content Square', 'Convert', 'ConvertKit', 'Cookie First', 'CookieYes', 'Countly', 'CrazyEgg', 'Crisp', 'Criteo', 'Criteo Reseller', 'Crowdsignal', 'Customer.io', 'Cybot', 'DailyMotion Video', 'Dailymotion Reseller', 'Decibel Insight', 'DemDex', 'Didomi', 'Disqus Comment System for WordPress', 'DoubleClick Bid Manager', 'Drift', 'Drip', 'Dynamic Yield', 'Eber', 'Elegant Themes', 'Eloqua', 'EmbedPress', 'Engage', 'Ensighten', 'Enzuzo', 'ExactTarget', 'Ezoic Direct', 'Ezoic Publisher', 'Facebook Embedded Posts', 'Facebook Pixel', 'Facebook Reseller', 'Feefo', 'Fomo', 'Font Awesome', 'Fonts.com', 'Formstack', 'Freshdesk Support', 'Freshpaint', 'Freshworks Bot', 'FullStory', 'GZIP Module', 'GetGist', 'GetResponse', 'GetSiteControl', 'Giphy', 'Global Privacy Control', 'GoatCounter', 'Google', 'Google Adsense', 'Google Analytics', 'Google Calendar', 'Google Cloud CDN', 'Google Cloud DNS', 'Google Flights Conversion Tracking', 'Google Font API', 'Google Funding Choices', 'Google Maps', 'Google Matched Content', 'Google My Business', 'Google Reseller', 'Google Tag Manager', 'Gorgias', 'GumGum', 'GumGum Direct', 'Heap', 'Hello Bar', 'Help Scout', 'HelpCrunch', 'Hotjar', 'HubSpot Conversations', 'Hubspot', 'IcoMoon', 'Infolinks', 'Inspectlet', 'Instagram Follow Button', 'Intercom', 'IponWeb BidSwitch', 'Iterable', 'Iubenda', 'JW Player Platform', 'Jetpack', 'JivoSite', 'JotForm', 'Kakao', 'Kaltura', 'Kameleoon', 'Kampyle Analytics', 'Klaviyo', 'Lazy Load for WordPress', 'Leadfeeder', 'Lijit Reseller', 'LinkedIn Insights', 'LiteSpeed', 'LiveChat', 'LiveChat Monitoring', 'LiveRamp', 'MGID', 'MGID Reseller', 'MailChimp', 'MailerLite', 'Mailjet Widget', 'Marketo', 'Matomo', 'Mautic', 'Media.net', 'Media.net Reseller', 'Mediavine Publisher', 'Microdata for Google Shopping', 'Microsoft Azure Blob Storage', 'Microsoft Clarity', 'Mixpanel', 'Monetate', 'Monster', 'Monumetric Publisher', 'Mouseflow', 'New Relic', 'Ntent', 'Nudgify', 'OSS CDN', 'Okendo', 'Olark', 'OmniConvert', 'Omnisend', 'OneTrust Domain Verification', 'Ontraport', 'OpenX Direct', 'Optimizely Recommendations', 'OptinMonster', 'Outbrain Direct', 'PHP', 'Paperform', 'Pardot', 'Parse.ly', 'PayPal', 'PayPal Adaptive Payments', 'Pendo', 'Personyze', 'Pinterest Conversion Tracking', 'Pirsch', 'Piwik PRO', 'Plausible Analytics', 'Podium', 'PollDaddy', 'PubMatic Direct', 'Pubmatic', 'PushAlert', 'PushEngage', 'Qualtrics Site Intercept', 'Quantcast Direct', 'Quantum Metric', 'RM Education', 'RTB House Direct', 'Reamaze', 'Revcontent Reseller', 'ReviewsOnMyWebsite', 'Rumble Player', 'ScarabResearch', 'Seflow Italy', 'Segment', 'Segment Consent Manager', 'SendPulse', 'Sentry', 'ShareThis', 'Shopper Approved', 'Simple Analytics', 'SiteW', 'SiteWit', 'Sitelinks Search Box', 'SmartAdServer Direct', 'SmartSupp', 'SnapEngage', 'Sourcepoint', 'SproutVideo', 'Stamped', 'StatCounter', 'Streamable', 'Stripe', 'Sumo', 'Swell Rewards', 'Taboola Direct', 'Taboola Reseller', 'Tally', 'Tealium', 'Telegram', 'The Trade Desk Direct', 'Theme In WP', 'ThemeFusion', 'Thrive Direct', 'TikTok Conversion Tracking Pixel', 'Triple Lift Direct', 'TrustPulse', 'Tumblr', 'Twitch', 'Twitter Ads', 'Twitter Analytics', 'Typeform', 'UK Cookie Consent', 'UTF-8', 'Vercel', 'Vimeo', 'Vimeo CDN', 'Vine Embed', 'Visual Website Optimizer', 'WP Rocket', 'WP jQuery Lightbox', 'Webpushr', 'WhatsApp Sharing', 'Wistia', 'Woo Themes', 'Woopra', 'WordPress', 'WordPress Multisite', 'Wufoo', 'Yahoo Image CDN', 'Yahoo Web Analytics', 'Yandex Hosting', 'Yieldmo Direct', 'Yotpo', 'YouTube', 'Zendesk Embeddables', 'Zoho SalesIQ', 'arsys.es', 'comScore', 'eKomi', 'iZooto', 'jQuery', 'jsDelivr', 'mParticle', 'reCAPTCHA']"
mybraidedwig.com,"Premium Quality Braided Wigs, Hand-Tied, Full HD Lace | MyBraidedWig",My Braided Wig,VAT,77,12614,2026-09-22T08:16:43.122419749Z,"['Alternate Protocol', 'Amazon WAF Blocked', 'Apture Linking Platform', 'Aruba', 'Baidu Cloud', 'Cloudflare', 'Cloudflare CDN', 'Crisp', 'Express', 'Google Analytics', 'Google Conversion Tracking', 'Google Related Website Sites', 'Google Tag Manager', 'IcoMoon', 'Instagram Follow Button', 'Microdata for Google Shopping', 'NFOrce Internet', 'Omnisend', 'Perl', 'QUIC', 'Shopify', 'Shopify Collabs', 'Tailwind CSS', 'Thank You', 'UTF-8', 'Yandex Hosting', 'YouTube', 'eLand', 'hCaptcha', 'reCAPTCHA']"
nls-norvege.fr,Nls Norvege,,NOR,70,3188,2026-09-22T04:07:58.702647935Z,"['Alternate Protocol', 'Astra Theme', 'Content Delivery Network', 'Crisp', 'DAV', 'Elementor', 'ElementsKit Elementor', 'EmbedPress', 'Express', 'Google Analytics', 'Google Cloud DNS', 'Google Font API', 'Google Tag Manager', 'Header, Footer and Blocks for Elementor', 'Instagram Follow Button', 'LiteSpeed', 'NFOrce Internet', 'PHP', 'QUIC', 'Site Kit', 'Theme In WP', 'UTF-8', 'Woo Themes', 'WordPress', 'WordPress Multisite', 'WordPress Related Posts', 'YouTube', 'jQuery']"
l10ntech.com,Home - l10ntech,,,65,3008,2026-09-21T23:56:09.669468656Z,"['Alternate Protocol', 'Apache', 'CheryFramework', 'CoBlocks', 'Contact Form Plugin', 'Crisp', 'EmbedPress', 'GZIP Module', 'GoDaddy', 'Google Cloud DNS', 'Google Font API', 'Google My Business', 'Instagram Follow Button', 'Microdata for Google Shopping', 'PHP', 'QUIC', 'Theme In WP', 'Twitter Ads', 'UTF-8', 'Woo Themes', 'WooCommerce', 'WooCommerce Checkout', 'WordPress', 'WordPress Multisite', 'jQuery', 'reCAPTCHA']"
ariadb.ir,دیتابیس ابری آنلاین اندروید و آی او اس آریا Aria Database,,IRN,72,3840,2026-09-21T23:50:57.499025554Z,"['Bulma', 'CDN JS', 'Cloudflare', 'Cloudflare CDN', 'Crisp', 'FreeCSSTemplates', 'Google Analytics', 'Google Related Website Sites', 'Google Tag Manager', 'Line2', 'OneSignal', 'PHP', 'Telegram', 'e-Namad']"
dewittheating.com,Tyler Heating & Cooling - Professional HVAC - Greater Lansing,,PER,82,1840625,2026-09-21T18:49:29.592897363Z,"['33 Across Direct', 'AB Tasty', 'ADFOX', 'AWS WAF Challenge', 'Active Campaign', 'AdRoll', 'AddThis for Wordpress', 'Adform Direct', 'Adobe Analytics', 'Adobe Marketing Cloud', 'Adpushup', 'Aimtell', 'Akamai Global Host', 'Alibaba Cloud CDN', 'Amazon Associates Affiliate Shop', 'Amazon CloudFront', 'Amazon WAF Blocked', 'Amped', 'Amplitude', 'Analytify', 'AnyChat', 'AppNexus Direct', 'Apture Linking Platform', 'Automattic', 'BLR', 'Baidu Ads', 'Baidu Analytics', 'Baidu Cloud', 'Band Camp', 'Bazaarvoice', 'Bazaarvoice Curations', 'BidSwitch Direct', 'Bing Cashback', 'Bing Conversion Tracking', 'Birdeye', 'Brevo', 'Brightcove', 'ByteDance', 'CDN JS', 'Calendly', 'Camp', 'Chartbeat', 'Chatra', 'Clicky', 'CloudFront', 'Cloudflare', 'Cloudflare CDN', 'Cloudflare Stream', 'Cloudflare Turnstile', 'Cloudflare Web Analytics', 'Cognito Forms', 'Connatix Reseller', 'Constant Contact', 'Content Square', 'Convert', 'ConvertKit', 'Cookie First', 'CookieYes', 'Countly', 'CrazyEgg', 'Crisp', 'Criteo', 'Criteo Reseller', 'Crowdsignal', 'Customer.io', 'Cybot', 'DailyMotion Video', 'Dailymotion Reseller', 'Decibel Insight', 'DemDex', 'Didomi', 'Disqus Comment System for WordPress', 'DoubleClick Bid Manager', 'Drift', 'Drip', 'Dynamic Yield', 'Eber', 'Elegant Themes', 'Eloqua', 'EmbedPress', 'Engage', 'Ensighten', 'Enzuzo', 'ExactTarget', 'Ezoic Direct', 'Ezoic Publisher', 'Facebook Embedded Posts', 'Facebook Pixel', 'Facebook Reseller', 'Feefo', 'Fomo', 'Font Awesome', 'Fonts.com', 'Formstack', 'Freshdesk Support', 'Freshpaint', 'Freshworks Bot', 'FullStory', 'GZIP Module', 'GetGist', 'GetResponse', 'GetSiteControl', 'Giphy', 'Global Privacy Control', 'GoatCounter', 'Google', 'Google Adsense', 'Google Analytics', 'Google Calendar', 'Google Cloud CDN', 'Google Cloud DNS', 'Google Flights Conversion Tracking', 'Google Font API', 'Google Funding Choices', 'Google Maps', 'Google Matched Content', 'Google My Business', 'Google Reseller', 'Google Tag Manager', 'Gorgias', 'GumGum', 'GumGum Direct', 'Heap', 'Hello Bar', 'Help Scout', 'HelpCrunch', 'Hotjar', 'HubSpot Conversations', 'Hubspot', 'Infolinks', 'Inspectlet', 'Instagram Follow Button', 'Intercom', 'IponWeb BidSwitch', 'Iterable', 'Iubenda', 'JW Player Platform', 'Jetpack', 'JivoSite', 'JotForm', 'Kakao', 'Kaltura', 'Kameleoon', 'Kampyle Analytics', 'Klaviyo', 'Lazy Load for WordPress', 'Leadfeeder', 'Lijit Reseller', 'LinkedIn Insights', 'LiteSpeed', 'LiveChat', 'LiveChat Monitoring', 'LiveRamp', 'MGID', 'MGID Reseller', 'MailChimp', 'MailerLite', 'Mailjet Widget', 'Marketo', 'Matomo', 'Mautic', 'Media.net', 'Media.net Reseller', 'Mediavine Publisher', 'Microdata for Google Shopping', 'Microsoft Azure Blob Storage', 'Microsoft Clarity', 'Mixpanel', 'Monetate', 'Monster', 'Monumetric Publisher', 'Mouseflow', 'New Relic', 'Nginx', 'NitroPack', 'Ntent', 'Nudgify', 'OSS CDN', 'Okendo', 'Olark', 'OmniConvert', 'Omnisend', 'OneTrust Domain Verification', 'Ontraport', 'OpenX Direct', 'Optimizely Recommendations', 'OptinMonster', 'Outbrain Direct', 'PHP', 'Paperform', 'Pardot', 'Parse.ly', 'PayPal', 'PayPal Adaptive Payments', 'Pendo', 'Personyze', 'Pinterest Conversion Tracking', 'Pirsch', 'Piwik PRO', 'Plausible Analytics', 'Podium', 'PollDaddy', 'PubMatic Direct', 'Pubmatic', 'PushAlert', 'PushEngage', 'Qualtrics Site Intercept', 'Quantcast Direct', 'Quantum Metric', 'RM Education', 'RTB House Direct', 'Reamaze', 'Revcontent Reseller', 'ReviewsOnMyWebsite', 'Rumble Player', 'ScarabResearch', 'Seflow Italy', 'Segment', 'Segment Consent Manager', 'SendPulse', 'Sentry', 'ShareThis', 'Shopper Approved', 'Simple Analytics', 'SiteW', 'SiteWit', 'SmartAdServer Direct', 'SmartSupp', 'SnapEngage', 'Sourcepoint', 'SproutVideo', 'Stamped', 'StatCounter', 'Streamable', 'Stripe', 'Sumo', 'Swell Rewards', 'Taboola Direct', 'Taboola Reseller', 'Tailwind CSS', 'Tally', 'Tealium', 'Telegram', 'The Trade Desk Direct', 'Theme In WP', 'Thrive Direct', 'TikTok Conversion Tracking Pixel', 'Triple Lift Direct', 'TrustPulse', 'Tumblr', 'Twitch', 'Twitter Ads', 'Twitter Analytics', 'Typeform', 'UK Cookie Consent', 'UTF-8', 'Vercel', 'Vimeo', 'Vimeo CDN', 'Vine Embed', 'Visual Website Optimizer', 'Webpushr', 'Wistia', 'Woo Themes', 'Woopra', 'WordPress', 'WordPress Multisite', 'Wufoo', 'Yahoo Image CDN', 'Yahoo Web Analytics', 'Yandex Hosting', 'Yieldmo Direct', 'Yotpo', 'YouTube', 'Zendesk Embeddables', 'Zoho SalesIQ', 'arsys.es', 'comScore', 'eKomi', 'iZooto', 'jQuery', 'jsDelivr', 'mParticle', 'reCAPTCHA']"
hub.business,How To Start A Business,HUB.Business,USA,82,35830,2026-09-21T18:15:40.94756985Z,"['501c3 Status Nonprofit', 'AWS WAF Challenge', 'Alternate Protocol', 'Apache', 'Automattic', 'Calendly', 'Cloudflare', 'Cloudflare CDN', 'Contact Form Plugin', 'Crisp', 'Elementor', 'EmbedPress', 'Essential Addons for Elementor', 'Fireblade', 'GZIP Module', 'Google', 'Google Analytics', 'Google Maps', 'Google My Business', 'Google Tag Manager', 'LiteSpeed', 'Microdata for Google Shopping', 'NFOrce Internet', 'PHP', 'Python', 'Tailwind CSS', 'Theme In WP', 'UTF-8', 'University or College', 'WordPress', 'WordPress Multisite', 'jQuery']"
puprimelive.com,PU Prime Live | Support,,,77,60600,2026-09-21T17:34:56.033473051Z,"['Alternate Protocol', 'Crisp', 'Framer Sites', 'Google', 'Google Cloud CDN', 'Google Forms', 'Google My Business', 'Ntent', 'SMC', 'SupaDemo', 'Telegram', 'Yandex Hosting', 'Zeald']"
unisciencepub.com,Uniscience Publishers | Open Access Journals | Journal of Medical Clinical Case Reports | Journal of Psychology | Journal of Cardiology | Earth and Environmental Science | Journal of Materials and Polymer Science,Uniscience Publishers,,72,4581,2026-09-21T17:03:29.508740232Z,"['Alternate Protocol', 'Content Delivery Network', 'Crisp', 'EmbedPress', 'Express', 'Google Analytics', 'Google Related Website Sites', 'Google Tag Manager', 'Microdata for Google Shopping', 'PHP', 'QUIC', 'ThemeFusion', 'UTF-8', 'Vello', 'WP jQuery Lightbox', 'WhatsApp Sharing', 'WordPress', 'Yandex Hosting', 'jQuery']"
mlprint.com.au,ML PRINT | High-Speed Precision Printing Sydney | Same Day & Offset,ML PRINT,GBR,92,16332,2026-09-21T16:17:57.908522525Z,"['AWS WAF Challenge', 'Alternate Protocol', 'Astro', 'Better Lead Generation Services', 'Cloudflare', 'Cloudflare CDN', 'Cloudflare Turnstile', 'Cloudflare Web Analytics', 'Content Delivery Network', 'Crisp', 'DAV', 'Express', 'Google Analytics', 'Google Tag Manager', 'Instagram Follow Button', 'Line2', 'Microdata for Google Shopping', 'Pico CSS', 'QUIC', 'Tailwind CSS', 'jsDelivr', 'shadcn ui']"
colouredorganic.com,Organic Baby Clothes - Kids Clothing | Colored Organics®,Colored Organics,,77,126907,2026-09-21T12:02:56.183072778Z,"['Amped', 'Apture Linking Platform', 'AspireIQ', 'BJ Lazy Load for WordPress', 'Baidu Cloud', 'Bing Cashback', 'Bing Conversion Tracking', 'Cloudflare', 'Cloudflare CDN', 'Crisp', 'ElementUI', 'Express', 'Facebook Reseller', 'Fastly', 'Font Awesome', 'Google', 'Google Analytics', 'Google Related Website Sites', 'Google Tag Manager', 'IcoMoon', 'Instagram Follow Button', 'Klaviyo', 'Microdata for Google Shopping', 'Oddle', 'Reamaze', 'ReviewWidget', 'SMC', 'Shopify', 'Shopify Collabs', 'Shopify Payments', 'Sitelinks Search Box', 'Stamped', 'Tailwind CSS', 'UTF-8', 'Yandex Hosting', 'hCaptcha', 'reCAPTCHA']"
inburgeringexam.nl,Inburgering Exam Practice - Free Tests,,,62,6000,2026-09-21T11:18:44.853921609Z,"['Content Delivery Network', 'Crisp', 'DAV', 'Google Analytics', 'Google Related Website Sites', 'Google Tag Manager', 'Microsoft Clarity', 'NFOrce Internet', 'Next.js', 'Pleroma', 'QUIC', 'Radix UI', 'Tailwind CSS', 'UTF-8', 'Vercel', 'Yandex Hosting', 'shadcn ui']"
saintcyspace.com,Saintcy,Saintcy,,60,2687,2026-09-21T08:33:40.628757944Z,"['Alternate Protocol', 'Amazon WAF Blocked', 'Apture Linking Platform', 'Baidu Cloud', 'Cloudflare', 'Cloudflare CDN', 'Crisp', 'Express', 'Google', 'Google Analytics', 'Google Cloud DNS', 'Google Font API', 'Google Related Website Sites', 'Google Tag Manager', 'IcoMoon', 'Instagram Follow Button', 'Microdata for Google Shopping', 'NFOrce Internet', 'QUIC', 'Shopify', 'Shopify Collabs', 'Tailwind CSS', 'Thank You', 'UTF-8', 'Vector Internet Services', 'Yandex Hosting', 'hCaptcha', 'reCAPTCHA']"
flytodent.com,Specialist Dental Care & Cosmetic Dentistry in Valencia | Flytodent,Flytodent,BRA,77,49032,2026-09-21T04:33:10.808398096Z,"['AWS WAF Challenge', 'Accelerated Mobile Pages', 'Alternate Protocol', 'Amazon WAF Blocked', 'Apture Linking Platform', 'Azion', 'Better Lead Generation Services', 'Bing Cashback', 'Bing Conversion Tracking', 'ByteDance', 'CDN JS', 'Cloudflare', 'Cloudflare Bot Manager', 'Cloudflare CDN', 'Cloudflare Turnstile', 'Crisp', 'Cybot', 'DAV', 'DoubleClick Bid Manager', 'Eber', 'EmbedPress', 'Facebook Pixel', 'Facebook Reseller', 'GZIP Module', 'Google', 'Google Analytics', 'Google Cloud CDN', 'Google Cloud DNS', 'Google Maps', 'Google Matched Content', 'Google My Business', 'Google Reseller', 'Google Tag Manager', 'Hubspot', 'Instagram Follow Button', 'Intercom', 'Iubenda', 'Lazy Load for WordPress', 'LinkedIn Insights', 'Matomo', 'Microdata for Google Shopping', 'Microsoft Clarity', 'Nginx', 'PHP', 'Parallels Plesk Panel', 'PayPal', 'Post Views Counter', 'Stripe', 'Sumo', 'Theme In WP', 'TikTok Conversion Tracking Pixel', 'Trusted Shops', 'Twitter Ads', 'UTF-8', 'University or College', 'Vector Internet Services', 'Vimeo', 'WP Rocket', 'WPML Multilingual', 'WordPress', 'WordPress Multisite', 'YouTube', 'jQuery', 'reCAPTCHA']"
colorlyai.art,Best AI Coloring Page Generator 2026 | ColoringFam,ColoringFam,,77,18561,2026-09-21T02:30:11.905520129Z,"['AWS WAF Challenge', 'Agoda', 'Alternate Protocol', 'Angular', 'Apture Linking Platform', 'Cloudflare', 'Coming Soon Page', 'Content Delivery Network', 'Crisp', 'Express', 'GitHub Hosting', 'Google Adsense', 'Google Analytics', 'Google Funding Choices', 'Google Matched Content', 'Google Reseller', 'Google Tag Manager', 'Gravity', 'Jetpack', 'Kylos', 'Microdata for Google Shopping', 'Microsoft Clarity', 'Next.js', 'Oddle', 'PWA', 'Pterodactyl Panel', 'QUIC', 'Radix UI', 'Squid', 'Tailwind CSS', 'UTF-8', 'Vercel', 'eLand', 'shadcn ui']"
ownplots.com,Ownplots – Trusted Real Estate Company,,IND,65,5515,2026-09-20T22:51:06.441250869Z,"['Alternate Protocol', 'Content Delivery Network', 'Crisp', 'Elementor', 'EmbedPress', 'Google', 'Google Cloud DNS', 'Google Font API', 'Houzez', 'Instagram Follow Button', 'LiteSpeed', 'NFOrce Internet', 'PHP', 'Slider Revolution', 'Theme In WP', 'UTF-8', 'Woo Themes', 'WordPress', 'WordPress Multisite', 'YouTube', 'jQuery', 'shadcn ui']"
market4health.io,Market4Health,,,55,645,2026-09-20T21:20:35.451610179Z,"['Alternate Protocol', 'Contact Form Plugin', 'Content Delivery Network', 'Crisp', 'EmbedPress', 'GZIP Module', 'Nginx', 'PHP', 'Poptin', 'Theme In WP', 'Twitter Ads', 'UTF-8', 'WordPress', 'WordPress Multisite', 'YooTheme']"
chartmaker.com,Home - ChartMaker,,USA,65,5852,2026-09-20T14:41:39.743332387Z,"['Ajax Search Lite', 'Alternate Protocol', 'Apache', 'Automattic', 'Beaver Builder Lite', 'Contact Form Plugin', 'Crisp', 'DAV', 'EmbedPress', 'Google', 'Google Analytics', 'Google Analytics with Ad Tracking', 'Google Cloud DNS', 'Google Font API', 'Google My Business', 'Jetpack', 'Lazy Load for WordPress', 'Microdata for Google Shopping', 'PHP', 'Popup Maker for Wordpress', 'Smart Slider 3', 'Theme In WP', 'Theme My Login', 'UTF-8', 'WPBakery', 'WordPress', 'WordPress Multisite', 'WordPress Stats', 'YouTube', 'eLand', 'jQuery', 'reCAPTCHA']"
caddcae.com,Cadd Cae Computers – Top Best Computer Software Training Institute in Dindigul,,IND,65,7285,2026-09-20T14:16:30.242395298Z,"['Alternate Protocol', 'Apache', 'Astra Theme', 'Automattic', 'Cisco/Arrowpoint Content Service Switch', 'Contact Form Plugin', 'Crisp', 'DAV', 'Ditty News Ticker', 'Elementor', 'EmbedPress', 'GZIP Module', 'Google Cloud DNS', 'Google Font API', 'Google My Business', 'Instagram Follow Button', 'Jetpack', 'Jetpack Site Accelerator', 'Lazy Load for WordPress', 'PHP', 'Python', 'Table Addons for Elementor', 'Theme In WP', 'Twitter Ads', 'UTF-8', 'Ultimate Addons for Gutenberg', 'WordPress', 'WordPress Multisite', 'WordPress Stats', 'jQuery', 'myStickymenu']"
umatter2inc.org,Home - U Matter 2,U Matter 2,,62,781014,2026-09-20T12:22:57.629593666Z,"['501c3 Status Nonprofit', 'AB Tasty', 'ADFOX', 'AJAX Libraries API', 'AWS WAF Challenge', 'Active Campaign', 'AdRoll', 'AddThis for Wordpress', 'Adobe Analytics', 'Adobe Marketing Cloud', 'Alternate Protocol', 'Amazon Associates Affiliate Shop', 'Amazon WAF Blocked', 'Amplitude', 'Apache', 'AppNexus Direct', 'Astra Theme', 'Authorize.net', 'Automattic', 'Bing Cashback', 'Bing Conversion Tracking', 'Braintree', 'Brevo', 'Brightcove', 'Bunny Fonts', 'BunnyCDN General', 'ByteDance', 'CDN JS', 'CDN77 Hosted', 'Calendly', 'Cart.com', 'Chartbeat', 'Clicky', 'Cloudflare', 'Cloudflare CDN', 'Cloudflare Web Analytics', 'ConvertKit', 'CrazyEgg', 'Crisp', 'Criteo', 'Criteo Reseller', 'DailyMotion Video', 'Disqus Comment System for WordPress', 'DoubleClick Bid Manager', 'Drift', 'ElementUI', 'EmbedPress', 'Engage', 'Facebook Embedded Posts', 'Facebook Reseller', 'Firebase', 'Font Awesome', 'Freshworks Bot', 'GZIP Module', 'Giphy', 'Google', 'Google Adsense', 'Google Analytics', 'Google Cloud CDN', 'Google Cloud DNS', 'Google Font API', 'Google Maps', 'Google Matched Content', 'Google My Business', 'Google Pay', 'Google Reseller', 'Google Tag Manager', 'Heap', 'Help Scout', 'Hubspot', 'Impact', 'Infolinks', 'Inspectlet', 'Instagram Follow Button', 'Intercom', 'JW Player Platform', 'Jetpack', 'JotForm', 'Kinsta', 'Klaviyo', 'LiveChat', 'LiveChat Monitoring', 'MailChimp', 'MailerLite', 'Marketo', 'Matomo', 'Media.net', 'Media.net Reseller', 'Mediavine Publisher', 'Microdata for Google Shopping', 'Microsoft Clarity', 'Mixpanel', 'Mouseflow', 'New Relic', 'NitroPack', 'Olark', 'On The Map', 'OpenX Direct', 'OptiMole', 'Optimizely Recommendations', 'Outbrain Direct', 'PHP', 'Pardot', 'Parse.ly', 'PayPal Adaptive Payments', 'Pinterest Conversion Tracking', 'Piwik PRO', 'Plausible Analytics', 'PubMatic Direct', 'Pubmatic', 'PushEngage', 'QUIC', 'Quantcast Direct', 'RM Education', 'Recart', 'RocketCDN', 'Rumble Player', 'Seflow Italy', 'Segment', 'ShareThis', 'Sign In With Google', 'Square', 'Squarespace Online Appointment Scheduling', 'StatCounter', 'Statically', 'Stripe', 'Sumo', 'Swell Rewards', 'Taboola Direct', 'Taboola Reseller', 'Tealium', 'Theme In WP', 'Thrive Direct', 'Twitch', 'Twitter Ads', 'Twitter Analytics', 'Typeform', 'UTF-8', 'VigLink', 'Vimeo', 'Vine Embed', 'Visual Website Optimizer', 'Way', 'Wistia', 'Woopra', 'WordPress', 'WordPress Multisite', 'WordPress Related Posts', 'Yandex Hosting', 'Yotpo', 'YouTube', 'Zeffy', 'comScore', 'jsDelivr', 'reCAPTCHA']"
summerlandtitle.com,Fort Lauderdale Title Company | Title And Escrow Services,Summerlandtitle,USA,77,22822,2026-09-20T12:00:30.357791945Z,"['AWS WAF Challenge', 'Alternate Protocol', 'Apache', 'Astra Theme', 'Better Lead Generation Services', 'Cloudflare', 'Cloudflare CDN', 'CookieYes', 'Crisp', 'Elementor', 'EmbedPress', 'GZIP Module', 'Google', 'Google Analytics', 'Google Cloud DNS', 'Google Font API', 'Google Maps', 'Google My Business', 'Google Tag Manager', 'Gtranslate for Wordpress', 'Instagram Follow Button', 'LiteSpeed', 'Microdata for Google Shopping', 'NFOrce Internet', 'Ntent', 'PHP', 'Sitelinks Search Box', 'Theme In WP', 'TrustIndex', 'UTF-8', 'Woo Themes', 'WordPress', 'WordPress Multisite', 'WordPress Related Posts', 'jQuery', 'reCAPTCHA']"
universalmct.co.uk,Universal Motorcycle Training® - Home of CBT and Full Motorcycle Licence London,Universal Motorcycle Training®,GBR,82,78633,2026-09-20T11:11:37.302158119Z,"['Adult Content', 'Alternate Protocol', 'Amazon WAF Blocked', 'Apture Linking Platform', 'Cloudflare', 'Cloudflare CDN', 'Consent Manager AutoBlocking', 'Crisp', 'Elementor', 'EmbedPress', 'Facebook Pixel', 'Fireblade', 'Font Awesome', 'GDPR Consent Management Platform', 'Google', 'Google Analytics', 'Google Cloud DNS', 'Google Customer Reviews', 'Google Maps', 'Google My Business', 'Google Tag Manager', 'Instagram Follow Button', 'Kitco', 'Lazy Load for WordPress', 'Microdata for Google Shopping', 'Microsoft Clarity', 'NFOrce Internet', 'Ntent', 'OpenAI', 'PHP', 'Perl', 'QUIC', 'SMC', 'Schema Plugin', 'Site Kit', 'Table Addons for Elementor', 'Theme In WP', 'TrustIndex', 'US Privacy User Signal Mechanism', 'UTF-8', 'WP Rocket', 'WPML Multilingual', 'WordPress', 'WordPress Multisite', 'YouTube', 'jQuery']"
otadrive.com,Home,,,55,5459,2026-09-20T10:22:20.471390101Z,"['CDN JS', 'Cloudflare', 'Cloudflare CDN', 'Crisp', 'ElementUI', 'GitHub Hosting', 'Google Cloud DNS', 'Google Font API', 'Google My Business', 'IcoMoon', 'M247', 'Nginx', 'Python', 'Tailwind CSS', 'Telegram', 'UTF-8', 'WebAssembly', 'YouTube', 'reCAPTCHA']"
sky-elevator.it,Elevator Control Systems & Spare Parts | Sky Elevator,Sky Elevator,DEU,77,3580,2026-09-20T09:15:45.022297218Z,"['Alternate Protocol', 'Apache', 'Better Lead Generation Services', 'Bulma', 'Crisp', 'GZIP Module', 'Google', 'Google Cloud DNS', 'Google Font API', 'Google My Business', 'Microdata for Google Shopping', 'QUIC', 'Sitelinks Search Box', 'UTF-8', 'WhatsApp Sharing', 'YouTube', 'jsDelivr']"
ikhlas.com,Your Companion - IKHLAS,,SAU,72,63037,2026-09-20T06:59:27.570332042Z,"['AWS WAF Challenge', 'Alternate Protocol', 'Amazon', 'Amazon CloudFront', 'Amazon Route 53', 'App Store', 'Apture Linking Platform', 'Bing Cashback', 'CDN JS', 'CloudFront', 'Cloudflare', 'Cloudflare CDN', 'Cloudflare Web Analytics', 'Coming Soon Page', 'Contentstack', 'Crisp', 'DoubleClick Bid Manager', 'ElementUI', 'Engage', 'Facebook CDN', 'Facebook Reseller', 'Google', 'Google Analytics', 'Google Cloud DNS', 'Google Cloud Storage', 'Google Font API', 'Google My Business', 'Google Play', 'Google Tag Manager', 'IcoMoon', 'Instagram Follow Button', 'LinkedIn Insights', 'LinkedIn Pixel', 'Microsoft Clarity', 'MoEngage', 'Next.js', 'Ntent', 'Perl', 'Tailwind CSS', 'UTF-8', 'YouTube', 'jsDelivr', 'shadcn ui']"
prilamandetailxperts.com,Mobile Detailing Columbus & Ashville Prilaman Detail Xperts,Prilaman Detail Xperts,USA,77,23648,2026-09-20T05:00:01.279247141Z,"['Alternate Protocol', 'Cloudinary', 'Crisp', 'DAV', 'Fireblade', 'GZIP Module', 'Google', 'Google Cloud DNS', 'Google Customer Reviews', 'Google Font API', 'Google My Business', 'Google Related Website Sites', 'Instagram Follow Button', 'Microdata for Google Shopping', 'Nginx', 'Plausible Analytics', 'QUIC', 'Thank You', 'UTF-8', 'Webador']"
wareghana.com,West Africa Real Estate Ltd - Welcome,,GHA,77,2340,2026-09-20T04:54:34.916122027Z,"['Apache', 'Bulma', 'CDN JS', 'Cloudflare', 'Cloudflare CDN', 'Crisp', 'ElementUI', 'Google My Business', 'UTF-8', 'jQuery', 'jsDelivr', 'reCAPTCHA']"
airefs.co,Airefs: Be the recommended brand in ChatGPT & Google,Airefs,GBR,77,1898,2026-09-20T04:19:49.932448825Z,"['Astro', 'Better Lead Generation Services', 'Cloudflare', 'Cloudflare CDN', 'Cloudflare Web Analytics', 'Content Delivery Network', 'Crisp', 'Google Analytics', 'Google My Business', 'Google Tag Manager', 'Microdata for Google Shopping', 'Plausible Analytics', 'QUIC', 'Tailwind CSS', 'Tally', 'Twitter Ads', 'Vercel', 'shadcn ui']"
jboard-feeds.io,Create Stunning Job Boards - Job Board Software by JBoard,,,67,7989,2026-09-20T02:39:25.670311548Z,"['Amazon', 'Amazon CloudFront', 'Apture Linking Platform', 'CloudFront', 'CookieYes', 'Crisp', 'GZIP Module', 'Google', 'Google Analytics', 'Google Cloud DNS', 'Google Font API', 'Google Tag Manager', 'Microdata for Google Shopping', 'QUIC', 'Rollbar', 'Tailwind CSS', 'UTF-8', 'University or College', 'YouTube', 'jBoard', 'shadcn ui']"
deliasoft.com,DeliaSoft | Software Development Company,,POL,67,21180,2026-09-20T01:49:36.910386104Z,"['AWS WAF Challenge', 'Baidu Cloud', 'Crisp', 'GZIP Module', 'Microdata for Google Shopping', 'Schema Plugin', 'Tilda', 'UTF-8', 'Yandex Hosting']"
quickauto.dk,Quick Auto | Din genvej til et godt værksted,Quick Auto,DNK,77,21750,2026-09-19T23:07:07.029137668Z,"['AWS WAF Challenge', 'Alternate Protocol', 'Apache', 'Astra Theme', 'Cloudflare', 'Cloudflare CDN', 'Contact Form Plugin', 'Crisp', 'DAV', 'Elementor', 'EmbedPress', 'GZIP Module', 'Google', 'Google Analytics', 'Google Cloud DNS', 'Google Font API', 'Google Maps', 'Google My Business', 'Google Tag Manager', 'Header, Footer and Blocks for Elementor', 'Instagram Follow Button', 'Microdata for Google Shopping', 'NFOrce Internet', 'PHP', 'QUIC', 'Site Kit', 'Smart Slider 3', 'Theme In WP', 'UTF-8', 'Woo Themes', 'WordPress', 'WordPress Multisite', 'WordPress Related Posts', 'eLand', 'jQuery', 'reCAPTCHA']"
anisia.us,"CPA Inc. • Timur Knyazev, CPA - Best CPA in Little Italy, SoHo & Tribeca, NYC, USA",,USA,82,5940,2026-09-19T22:52:15.462922368Z,"['Amazon CloudFront', 'Amazon Widgets', 'Baidu Cloud', 'Bunny Fonts', 'CloudFront', 'Crisp', 'GZIP Module', 'Google Analytics', 'Google My Business', 'Google Tag Manager', 'Instagram Follow Button', 'Microdata for Google Shopping', 'Nginx', 'OS Class', 'QUIC', 'Tailwind CSS', 'Twitter Ads', 'UTF-8', 'University or College', 'Yandex Hosting', 'jsDelivr', 'shadcn ui']"
dyslexialisbon.com,Dyslexia Portugal,,PRT,82,92473,2026-09-19T21:14:51.681914267Z,"['AWS WAF Challenge', 'Adobe Creative Cloud WebFonts', 'Aruba', 'Crisp', 'Express', 'GZIP Module', 'Google Analytics', 'Google Tag Manager', 'Instagram Follow Button', 'Line2', 'Magento Enterprise', 'Microdata for Google Shopping', 'QUIC', 'SiteW', 'Squarespace', 'UTF-8', 'WordPress SEO Structured Data Schema Plugin', 'YouTube', 'eLand']"
chinareactor.com,Glass Lined Reactor|Stainless Steel Reactor|Chemical Storage Tank|Tanglian Reactor Manufacturers,,CHN,72,1140,2026-09-19T14:47:42.990618793Z,"['Bulma', 'Crisp', 'GZIP Module', 'Google Analytics', 'Google Conversion Tracking', 'Google Tag Manager', 'Nginx', 'Tailwind CSS', 'Twitter Ads', 'jQuery']"
capshine.co.uk,Accountants for Influencers & Content Creators UK – Capshine,Capshine Ltd,GBR,77,26826,2026-09-19T13:15:00.146533598Z,"['AWS WAF Challenge', 'Alternate Protocol', 'AutoComplete', 'Contact Form Plugin', 'Crisp', 'DC74', 'Elementor', 'EmbedPress', 'Google', 'Google Analytics', 'Google Cloud CDN', 'Google Cloud DNS', 'Google Customer Reviews', 'Google Font API', 'Google Maps', 'Google My Business', 'Google Tag Manager', 'Gravity', 'Hub Theme', 'Instagram Follow Button', 'LiteSpeed', 'Microdata for Google Shopping', 'MonsterInsights', 'NFOrce Internet', 'PHP', 'QUIC', 'Schema Plugin', 'Slider Revolution', 'Thank You', 'Theme In WP', 'UTF-8', 'WordPress', 'WordPress Multisite', 'YouTube', 'jQuery', 'reCAPTCHA']"
gioutsourcing.net,Home - GI Outsourcing,GI Outsourcing,IND,77,6770,2026-09-19T10:34:51.477830659Z,"['Alternate Protocol', 'Apture Linking Platform', 'Better Lead Generation Services', 'Complianz', 'Content Delivery Network', 'Crisp', 'EmbedPress', 'Google Analytics', 'Google My Business', 'Google Tag Manager', 'Line2', 'LinkedIn Insights', 'LinkedIn Pixel', 'LiteSpeed', 'Max Mega Menu Pro', 'Microdata for Google Shopping', 'Oracle Cloud', 'PHP', 'Photo Gallery by FooGallery', 'Pipedrive', 'QUIC', 'QUIC.cloud', 'Rate my Post', 'Sassy Social Share', 'Slider Revolution', 'Strong Testimonials', 'Twitter Ads', 'UTF-8', 'Vantage', 'WP Responsive Menu', 'WPBakery', 'WordPress', 'WordPress Multisite', 'YouTube', 'eLand', 'reCAPTCHA']"
socapp.io,SOCA - La relation client-fournisseur nouvelle génération - SOCA,SOCA,MCO,92,1970,2026-09-19T08:17:55.954500932Z,"['Alternate Protocol', 'Apture Linking Platform', 'Contact Form Plugin', 'Content Delivery Network', 'Crisp', 'EmbedPress', 'Envoy', 'Google Analytics', 'Google Cloud DNS', 'Google Font API', 'Google Related Website Sites', 'Google Tag Manager', 'Instagram Follow Button', 'LiteSpeed', 'Microdata for Google Shopping', 'Microsoft Clarity', 'PHP', 'Theme In WP', 'UTF-8', 'WPBakery', 'WordPress', 'WordPress Multisite', 'YouTube', 'jQuery']"
takhfif-yab.ir,تخفیف یاب – مرجع کوپن و کد تخفیف وب سایت ها,,,60,3768,2026-09-19T08:08:33.935854917Z,"['Alternate Protocol', 'Apture Linking Platform', 'BLR', 'Contact Form Plugin', 'Crisp', 'EmbedPress', 'Font Awesome', 'GZIP Module', 'Google Cloud DNS', 'Google Font API', 'IcoMoon', 'King Composer', 'Menu Icons by ThemeIsle', 'Nginx', 'PHP', 'Tailwind CSS', 'Telegram', 'Theme In WP', 'Tumblr', 'Twitter Ads', 'UTF-8', 'Vector Internet Services', 'WordPress', 'WordPress Multisite', 'jQuery']"
itgt.co.il,Welcome to Intechgrade Technologies,,ISR,65,1180,2026-09-19T06:21:01.390225837Z,"['Apache', 'Crisp', 'Google Cloud DNS', 'Google Font API', 'Tailwind CSS', 'jQuery']"
tinannmart.com,Tinann Mart,,,60,10055,2026-09-19T05:33:09.680097815Z,"['3 Products', 'Alternate Protocol', 'Automattic', 'Click to Chat for WhatsApp', 'Contact Form Plugin', 'Content Delivery Network', 'Crisp', 'EmbedPress', 'Express', 'Fireblade', 'Font Awesome', 'Google Related Website Sites', 'IcoMoon', 'Jetpack', 'LiteSpeed', 'Max Mega Menu', 'OneSignal', 'PHP', 'RM Education', 'Theme In WP', 'UTF-8', 'Woo Themes', 'WooCommerce', 'WooCommerce Checkout', 'WordPress', 'WordPress Multisite', 'WordPress Stats', 'jQuery']"
flylooping.com,Flylooping - Organize your multi-destination trips in Europe,,GBR,77,57208,2026-09-19T05:28:31.009418946Z,"['Alternate Protocol', 'Amazon S3 CDN', 'App Store', 'Bulma', 'Cisco/Arrowpoint Content Service Switch', 'Crisp', 'DailyMotion Video', 'GZIP Module', 'Google Analytics', 'Google Customer Reviews', 'Google My Business', 'Google Play', 'Google Tag Manager', 'IcoMoon', 'Instagram Follow Button', 'Nginx', 'QUIC', 'SMC', 'Smart App Banner', 'Squid', 'Storyblocks', 'Tailwind CSS', 'UTF-8', 'Vimeo', 'YouTube', 'shadcn ui']"
orfs.us,O R Financial Services – You Can count on Our Ways,,USA,80,19333,2026-09-19T03:34:55.49307536Z,"['Alternate Protocol', 'Crisp', 'ETranslate', 'Elementor', 'ElementsKit Elementor', 'EmbedPress', 'Fireblade', 'GTranslate', 'Google Cloud DNS', 'Google Font API', 'Google My Business', 'LiteSpeed', 'PHP', 'Slider Revolution', 'Table Addons for Elementor', 'UTF-8', 'Woo Themes', 'WordPress', 'WordPress Multisite']"
thirumal.co.in,Best Security Services in Chennai | Security Agency in Chennai,,IND,82,1260,2026-09-19T03:12:53.022239749Z,"['Apache', 'Crisp', 'GZIP Module', 'Google Analytics', 'Google Tag Manager', 'Instagram Follow Button', 'Material Design Icons', 'Microdata for Google Shopping', 'SiteW', 'UTF-8', 'YouTube']"
aikosite.com,All About KPOP - aiko,aiko,PRK,75,4584,2026-09-19T02:05:08.231369362Z,"['Alternate Protocol', 'Apture Linking Platform', 'Automattic', 'Blocksy', 'Content Delivery Network', 'Crisp', 'DAV', 'Elementor', 'EmbedPress', 'Google Analytics', 'Google Tag Manager', 'Instagram Follow Button', 'Jetpack', 'Line2', 'LiteSpeed', 'Microdata for Google Shopping', 'NFOrce Internet', 'PHP', 'QUIC', 'QUIC.cloud', 'SearchWP', 'Smart Slider 3', 'UTF-8', 'Woo Themes', 'WooCommerce Payments', 'WordPress', 'WordPress Multisite', 'WordPress Stats', 'eLand']"
manekskin.in,Manek Skin Clinic,,IND,60,5303,2026-09-19T01:23:56.7416918Z,"['AJAX Libraries API', 'Apache', 'Bulma', 'CDN JS', 'Cloudflare', 'Cloudflare CDN', 'Crisp', 'Endis', 'Google Adsense', 'Google Cloud DNS', 'Google Funding Choices', 'Google Matched Content', 'Google Reseller', 'PWA', 'QUIC', 'UTF-8', 'YouTube', 'jsDelivr']"
johnbiggscs.com,"John Biggs, CS",,GBR,65,19248,2026-09-18T22:09:54.413200502Z,"['AWS WAF Challenge', 'Alternate Protocol', 'Automattic', 'BatCache', 'CoBlocks', 'Content Delivery Network', 'Crisp', 'DAV', 'EmbedPress', 'Fastly', 'Jetpack', 'Jetpack Site Accelerator', 'Nginx', 'PHP', 'PayPal Adaptive Payments', 'Perl', 'Share Link', 'Slider Revolution', 'ThemeFusion', 'UTF-8', 'WordPress', 'WordPress Multisite', 'WordPress Stats', 'jQuery']"
artistorama.in,ARTIST ORAMA - Artistorama,Artistorama,GBR,82,21542,2026-09-18T21:42:19.505596868Z,"['AWS WAF Challenge', 'Alternate Protocol', 'Apture Linking Platform', 'Astra Theme', 'Contact Form Plugin', 'Content Delivery Network', 'Crisp', 'DAV', 'Elementor', 'ElementsKit Elementor', 'EmbedPress', 'Express', 'Google', 'Google Analytics', 'Google Cloud DNS', 'Google Font API', 'Google Related Website Sites', 'Google Tag Manager', 'LiteSpeed', 'Microdata for Google Shopping', 'NFOrce Internet', 'PHP', 'PWA', 'QUIC', 'Smart Slider 3', 'TI WooCommerce Wishlist', 'Theme In WP', 'UTF-8', 'Variation Swatches for WooCommerce', 'Woo Themes', 'WooCommerce', 'WooCommerce Checkout', 'WordPress', 'WordPress Multisite', 'WordPress Related Posts', 'eLand', 'jQuery']"
upskillcode.com,Tunch Diptas – Certified High Performance Coach,,LKA,65,4289,2026-09-18T20:19:46.073383305Z,"['Ajax Search Lite', 'Alternate Protocol', 'Apture Linking Platform', 'Contact Form Plugin', 'Crisp', 'Elementor', 'EmbedPress', 'Ewebot Theme', 'GZIP Module', 'Google', 'Google Cloud CDN', 'Google Cloud DNS', 'Google Font API', 'Instagram Follow Button', 'Lazy Load for WordPress', 'LiteSpeed', 'PHP', 'Polylang', 'QUIC', 'Slider Revolution', 'UTF-8', 'WP Rocket', 'Woo Themes', 'WooCommerce Checkout', 'WordPress', 'WordPress Multisite', 'YouTube', 'jQuery']"
cantaproject.org,Home -,,BRA,72,780778,2026-09-18T18:19:44.892823492Z,"['AB Tasty', 'ADFOX', 'AJAX Libraries API', 'AWS WAF Challenge', 'Active Campaign', 'AdRoll', 'AddThis for Wordpress', 'Adobe Analytics', 'Adobe Marketing Cloud', 'Alternate Protocol', 'Amazon Associates Affiliate Shop', 'Amazon WAF Blocked', 'Amplitude', 'AppNexus Direct', 'Apture Linking Platform', 'Astra Theme', 'Authorize.net', 'Automattic', 'Bing Cashback', 'Bing Conversion Tracking', 'Braintree', 'Brevo', 'Brightcove', 'Bunny Fonts', 'BunnyCDN General', 'ByteDance', 'CDN JS', 'CDN77 Hosted', 'Calendly', 'Cart.com', 'Chartbeat', 'Clicky', 'Cloudflare', 'Cloudflare CDN', 'Cloudflare Web Analytics', 'Content Delivery Network', 'ConvertKit', 'CrazyEgg', 'Crisp', 'Criteo', 'Criteo Reseller', 'DailyMotion Video', 'Disqus Comment System for WordPress', 'DoubleClick Bid Manager', 'Drift', 'ElementUI', 'Elementor', 'ElementsKit Elementor', 'EmbedPress', 'Engage', 'Facebook Embedded Posts', 'Facebook Reseller', 'Firebase', 'Font Awesome', 'Freshworks Bot', 'Giphy', 'GoDaddy', 'Google', 'Google Adsense', 'Google Analytics', 'Google Cloud CDN', 'Google Cloud DNS', 'Google Customer Reviews', 'Google Font API', 'Google Maps', 'Google Matched Content', 'Google My Business', 'Google Pay', 'Google Reseller', 'Google Tag Manager', 'Header, Footer and Blocks for Elementor', 'Heap', 'Help Scout', 'Hubspot', 'Impact', 'Infolinks', 'Inspectlet', 'Instagram Follow Button', 'Intercom', 'JW Player Platform', 'Jetpack', 'JotForm', 'Kinsta', 'Klaviyo', 'LiveChat', 'LiveChat Monitoring', 'MailChimp', 'MailerLite', 'Marketo', 'Matomo', 'Media.net', 'Media.net Reseller', 'Mediavine Publisher', 'Microdata for Google Shopping', 'Microsoft Clarity', 'Mixpanel', 'Mouseflow', 'NFOrce Internet', 'New Relic', 'NitroPack', 'Olark', 'OpenX Direct', 'OptiMole', 'Optimizely Recommendations', 'Outbrain Direct', 'PHP', 'Pardot', 'Parse.ly', 'PayPal Adaptive Payments', 'Pinterest Conversion Tracking', 'Piwik PRO', 'Plausible Analytics', 'PubMatic Direct', 'Pubmatic', 'PushEngage', 'QUIC', 'Quantcast Direct', 'RM Education', 'Recart', 'RocketCDN', 'Rumble Player', 'Seflow Italy', 'Segment', 'ShareThis', 'Sign In With Google', 'Square', 'Squarespace Online Appointment Scheduling', 'StatCounter', 'Statically', 'Stripe', 'Sumo', 'Swell Rewards', 'Taboola Direct', 'Taboola Reseller', 'Tealium', 'Thank You', 'Theme In WP', 'Thrive Direct', 'Twitch', 'Twitter Ads', 'Twitter Analytics', 'Typeform', 'UTF-8', 'VigLink', 'Vimeo', 'Vine Embed', 'Visual Website Optimizer', 'WPForms', 'Wangsu', 'Way', 'Wistia', 'Woo Themes', 'Woopra', 'WordPress', 'WordPress Multisite', 'WordPress Related Posts', 'Yandex Hosting', 'Yotpo', 'YouTube', 'comScore', 'jQuery', 'jsDelivr', 'reCAPTCHA']"
douglaswperez.com,Doug Perez | Full Stack Engineer,,,52,1022,2026-09-18T16:56:25.788856188Z,"['Calendly', 'Content Delivery Network', 'Crisp', 'DAV', 'Express', 'Fastly', 'Gatsby JS', 'GitHub Hosting', 'Google Cloud DNS', 'Google Font API', 'Heroku', 'Hub Theme', 'Netlify', 'Nginx', 'Python', 'Tailwind CSS', 'UTF-8', 'University or College']"
hunthomes.ca,Hunt Homes - Southern Ontario's Premium Home Builder,,CAN,92,3747,2026-09-18T16:35:15.077087149Z,"['Alternate Protocol', 'Cloudflare', 'Content Delivery Network', 'Crisp', 'Elementor', 'EmbedPress', 'Font Awesome', 'Google Analytics', 'Google Cloud DNS', 'Google Font API', 'Google Maps', 'Google Related Website Sites', 'Google Tag Manager', 'Instagram Follow Button', 'Microdata for Google Shopping', 'NFOrce Internet', 'PHP', 'Sitelinks Search Box', 'Tailwind CSS', 'Theme In WP', 'UTF-8', 'WordPress', 'WordPress Multisite', 'YouTube', 'jQuery']"
iridescence-group.com,IRIDESCENCE - Expertise et accompagnement en optique,,FRA,77,1180,2026-09-18T15:02:52.689167859Z,"['Apache', 'Crisp', 'GZIP Module', 'GitHub Hosting', 'Google Cloud DNS', 'Google Font API', 'PHP', 'Tailwind CSS', 'UTF-8']"
clinicadrboboc.ro,Acasă - Dr. Boboc - Clinică Stomatologică Pitești,,,72,718974,2026-09-18T13:12:53.420301341Z,"['ADFOX', 'AWS WAF Challenge', 'Active Campaign', 'AddThis for Wordpress', 'Adobe Analytics', 'Adobe Marketing Cloud', 'Akamai Global Host', 'Alternate Protocol', 'Amazon Associates Affiliate Shop', 'Amazon CloudFront', 'Amplitude', 'Analytify', 'Automattic', 'BLR', 'Baidu Ads', 'Baidu Analytics', 'Baidu Cloud', 'Bing Cashback', 'Bing Conversion Tracking', 'ByteDance', 'Calendly', 'Clicky', 'CloudFront', 'Cloudflare', 'Cloudflare CDN', 'Cloudflare Web Analytics', 'Content Square', 'Convert', 'ConvertKit', 'CrazyEgg', 'Crisp', 'Criteo', 'Criteo Reseller', 'Customer.io', 'Cybot', 'DailyMotion Video', 'Dailymotion Reseller', 'DemDex', 'Disqus Comment System for WordPress', 'DoubleClick Bid Manager', 'Drift', 'Drip', 'ElementUI', 'Elementor', 'EmbedPress', 'Facebook Embedded Posts', 'Facebook Pixel', 'Facebook Reseller', 'Freshdesk Support', 'Freshworks Bot', 'FullStory', 'Google', 'Google Adsense', 'Google Analytics', 'Google Cloud CDN', 'Google Cloud DNS', 'Google Customer Reviews', 'Google Flights Conversion Tracking', 'Google Font API', 'Google Funding Choices', 'Google Maps', 'Google Matched Content', 'Google My Business', 'Google Related Website Sites', 'Google Reseller', 'Google Tag Manager', 'Heap', 'Hello Bar', 'Hello Elementor', 'Hotjar', 'HubSpot Conversations', 'Hubspot', 'Instagram Follow Button', 'Intercom', 'Jetpack', 'JivoSite', 'Klaviyo', 'LinkedIn Insights', 'LiteSpeed', 'LiveChat', 'LiveChat Monitoring', 'MailChimp', 'Marketo', 'Matomo', 'Mautic', 'Microdata for Google Shopping', 'Microsoft Azure Blob Storage', 'Microsoft Clarity', 'Mixpanel', 'Monster', 'Mouseflow', 'New Relic', 'Olark', 'OneTrust Domain Verification', 'Optimizely Recommendations', 'OptinMonster', 'Outbrain Direct', 'PHP', 'Pardot', 'PayPal', 'PayPal Adaptive Payments', 'Pendo', 'Pinterest Conversion Tracking', 'Plausible Analytics', 'PollDaddy', 'QUIC', 'Quantcast Direct', 'RM Education', 'Seflow Italy', 'Segment', 'Segment Consent Manager', 'Sentry', 'ShareThis', 'SiteW', 'SiteWit', 'Sitelinks Search Box', 'Stripe', 'Sumo', 'Taboola Direct', 'Taboola Reseller', 'Theme In WP', 'TikTok Conversion Tracking Pixel', 'Tumblr', 'Twitch', 'Twitter Ads', 'Twitter Analytics', 'Typeform', 'UTF-8', 'Vimeo', 'Vimeo CDN', 'Visual Website Optimizer', 'Wistia', 'Woo Themes', 'WordPress', 'WordPress Multisite', 'Yandex Hosting', 'YouTube', 'Zendesk Embeddables', 'Zoho SalesIQ', 'jQuery', 'jsDelivr', 'reCAPTCHA']"
jsahu.me,Jnanaranjan Sahu - Personal Website,,IND,67,1199,2026-09-18T11:49:35.827583739Z,"['Apache', 'BootstrapMade', 'Crisp', 'GZIP Module', 'GitHub Hosting', 'Google Analytics', 'Google Cloud DNS', 'Google Font API', 'Google My Business', 'Google Tag Manager', 'Instagram Follow Button', 'Microsoft Clarity', 'Tailwind CSS', 'Twitter Ads', 'UTF-8', 'Ubuntu', 'YouTube', 'jQuery']"
qichenchemical.com,"Qichen Chemical - Professional Manufacturer of Epoxy Resins, Curing Agents, Reactive Diluents and Modifiers",,CHN,65,3397,2026-09-18T11:49:35.82213543Z,"['Apache', 'Crisp', 'EmbedPress', 'Ethy', 'GTranslate', 'GZIP Module', 'Google Analytics', 'Google Cloud DNS', 'Google Font API', 'Google My Business', 'Google Tag Manager', 'Gtranslate for Wordpress', 'IcoMoon', 'UTF-8', 'WordPress', 'jQuery']"
keywestlights.com,Keywest Lights & Electric | Home and Business Service,Keywest Lights & Electric | Residential Service & Commercial Construction,USA,82,778706,2026-09-18T11:33:33.421299409Z,"['AB Tasty', 'ADFOX', 'AJAX Libraries API', 'AWS WAF Challenge', 'Active Campaign', 'AdRoll', 'AddThis for Wordpress', 'Adobe Analytics', 'Adobe Marketing Cloud', 'Alternate Protocol', 'Amazon Associates Affiliate Shop', 'Amazon WAF Blocked', 'Amplitude', 'AppNexus Direct', 'Astra Theme', 'Authorize.net', 'Automattic', 'Bing Cashback', 'Bing Conversion Tracking', 'Braintree', 'Brevo', 'Brightcove', 'Bunny Fonts', 'BunnyCDN General', 'ByteDance', 'CDN JS', 'CDN77 Hosted', 'Calendly', 'Cart.com', 'Chartbeat', 'Clicky', 'Cloudflare', 'Cloudflare CDN', 'Cloudflare Web Analytics', 'Content Delivery Network', 'ConvertKit', 'CrazyEgg', 'Crisp', 'Criteo', 'Criteo Reseller', 'DailyMotion Video', 'Disqus Comment System for WordPress', 'DoubleClick Bid Manager', 'Drift', 'ElementUI', 'EmbedPress', 'Engage', 'Facebook Embedded Posts', 'Facebook Reseller', 'Firebase', 'Fireblade', 'Font Awesome', 'Freshworks Bot', 'Giphy', 'Google', 'Google Adsense', 'Google Analytics', 'Google Cloud CDN', 'Google Cloud DNS', 'Google Customer Reviews', 'Google Font API', 'Google Maps', 'Google Matched Content', 'Google My Business', 'Google Pay', 'Google Reseller', 'Google Tag Manager', 'Heap', 'Help Scout', 'Hubspot', 'Impact', 'Infolinks', 'Inspectlet', 'Instagram Follow Button', 'Intercom', 'JW Player Platform', 'Jetpack', 'JotForm', 'Kinsta', 'Klaviyo', 'Line2', 'LiteSpeed', 'LiveChat', 'LiveChat Monitoring', 'MailChimp', 'MailerLite', 'Marketo', 'Matomo', 'Media.net', 'Media.net Reseller', 'Mediavine Publisher', 'Microdata for Google Shopping', 'Microsoft Clarity', 'Mixpanel', 'Mouseflow', 'New Relic', 'NitroPack', 'Olark', 'OpenX Direct', 'OptiMole', 'Optimizely Recommendations', 'Outbrain Direct', 'Pardot', 'Parse.ly', 'PayPal Adaptive Payments', 'Pinterest Conversion Tracking', 'Piwik PRO', 'Plausible Analytics', 'PubMatic Direct', 'Pubmatic', 'PushEngage', 'QUIC', 'QUIC.cloud', 'Quantcast Direct', 'RM Education', 'Recart', 'RocketCDN', 'Rumble Player', 'Seflow Italy', 'Segment', 'ShareThis', 'Sign In With Google', 'Square', 'Squarespace Online Appointment Scheduling', 'StatCounter', 'Statically', 'Stripe', 'Sumo', 'Swell Rewards', 'Taboola Direct', 'Taboola Reseller', 'Tealium', 'Thrive Direct', 'Twitch', 'Twitter Ads', 'Twitter Analytics', 'Typeform', 'UTF-8', 'VigLink', 'Vimeo', 'Vine Embed', 'Visual Website Optimizer', 'Way', 'Wistia', 'Woopra', 'WordPress', 'WordPress Multisite', 'WordPress Related Posts', 'Yandex Hosting', 'Yotpo', 'YouTube', 'comScore', 'jsDelivr', 'reCAPTCHA']"
topemailchecker.com,Top Email Chekcer – Accurate Email Verification for Better Inboxing,,,60,1158,2026-09-18T10:37:44.740082492Z,"['AWS WAF Challenge', 'Alternate Protocol', 'Astra Theme', 'Cloudflare', 'Cloudflare CDN', 'Crisp', 'Elementor', 'EmbedPress', 'Express', 'Google', 'Google My Business', 'Gravity', 'Gravity Forms', 'HappyAddons', 'Header, Footer and Blocks for Elementor', 'Instagram Follow Button', 'NFOrce Internet', 'PHP', 'QUIC', 'Theme In WP', 'To Top', 'UTF-8', 'Woo Themes', 'WordPress', 'WordPress Multisite', 'WordPress Related Posts', 'YouTube', 'jQuery']"
ezystudio.com,"EzyStudio | Create Your Website in Minutes: Easier, Faster, Better",,,72,60260,2026-09-18T10:23:44.816136497Z,"['Alternate Protocol', 'BunnyCDN', 'BunnyCDN General', 'Canny', 'Cloudflare', 'Cloudflare CDN', 'Cloudflare Web Analytics', 'Content Delivery Network', 'Crisp', 'Google Analytics', 'Google Related Website Sites', 'Google Tag Manager', 'Instagram Follow Button', 'Next.js', 'QUIC', 'SMC', 'Subversion', 'Tailwind CSS', 'UTF-8', 'YouTube', 'shadcn ui']"
dariuszgarus.pl,Home :: Oliwier Dariusz Garus,,,35,462,2026-09-18T09:01:09.747686942Z,"['Concrete CMS', 'Crisp', 'Font Awesome', 'GZIP Module', 'Google', 'Google Analytics', 'Google Cloud DNS', 'Google Font API', 'Google Tag Manager', 'Nginx', 'PHP', 'Tailwind CSS', 'Twitter Ads', 'UTF-8', 'jQuery']"
meditactik.com,Home - meditactik.com,,,65,12765,2026-09-18T05:11:21.56164705Z,"['Alternate Protocol', 'Autoptimize', 'Bunny Fonts', 'Crisp', 'Elementor', 'EmbedPress', 'GZIP Module', 'Google', 'Google Analytics', 'Google Cloud DNS', 'Google Font API', 'Google My Business', 'Google Tag Manager', 'Instagram Follow Button', 'Lazy Load for WordPress', 'Microdata for Google Shopping', 'Monster', 'Nginx', 'OptinMonster', 'Oxygen', 'Oxygen Builder', 'Pico CSS', 'Sitelinks Search Box', 'Stripe', 'Twenty Twenty', 'Twitter Ads', 'Twitter Analytics', 'Twitter Conversion Tracking', 'UTF-8', 'University or College', 'WordPress', 'WordPress Multisite', 'jQuery', 'reCAPTCHA']"
refine-app.com,"Refine AI — Track Your Brand on ChatGPT, Gemini & Perplexity",Refine AI,,67,1140,2026-09-18T04:22:54.428985584Z,"['Alternate Protocol', 'Cloudflare', 'Cloudflare CDN', 'Cloudflare Web Analytics', 'Crisp', 'Google Analytics', 'Google Tag Manager', 'Microdata for Google Shopping', 'Next.js', 'PWA', 'Product Hunt', 'QUIC', 'Sitelinks Search Box', 'Twitter Ads', 'UTF-8', 'shadcn ui']"
nocodeperu.com,NoCodePeru | Líderes en desarrollo NoCode en Bubble.,,ARG,72,37991,2026-09-18T03:39:05.964968455Z,"['Alternate Protocol', 'BootstrapMade', 'Calendly', 'Contento', 'Crisp', 'Facebook Conversion Tracking', 'Facebook Login', 'Facebook Messenger Platform', 'Facebook Pixel', 'Facebook Reseller', 'Facebook Tag API', 'Google Analytics', 'Google Cloud DNS', 'Google Font API', 'Google My Business', 'Google Tag Manager', 'IcoMoon', 'Instagram Follow Button', 'Linktree', 'PHP', 'RM Education', 'Tailwind CSS', 'Typeform', 'Weglot', 'YouTube', 'jQuery']"
pp.q2p.co,TheGreenShot: Crew Scheduling & Carbon Tracking Software,,FRA,77,22831,2026-09-18T03:18:13.861726047Z,"['Alternate Protocol', 'Apache', 'App Store', 'Crisp', 'Elementor', 'EmbedPress', 'GZIP Module', 'Google Analytics', 'Google My Business', 'Google Play', 'Google Tag Manager', 'Hello Elementor', 'HubSpot Conversations', 'HubSpot WordPress Plugin', 'Hubspot', 'Instagram Follow Button', 'Microdata for Google Shopping', 'NFOrce Internet', 'PHP', 'Polylang', 'Tailwind CSS', 'Theme In WP', 'UTF-8', 'Unsplash', 'WP Fastest Cache', 'WordPress', 'WordPress Multisite', 'YouTube']"
magefront.com,Magefront - dedicated UX/UI/front-end support for Magento 2 storefronts,,POL,92,36380,2026-09-18T01:28:41.352061273Z,"['AWS WAF Challenge', 'Astro', 'Crisp', 'Fireblade', 'GitHub Hosting', 'LinkedIn Insights', 'LiteSpeed', 'Microdata for Google Shopping', 'QUIC', 'Tailwind CSS', 'Vector Internet Services', 'Vercel', 'shadcn ui']"
woolpowerstore.com,Buy Woolpower products online - WoolpowerStore.com,Woolpower Store,NLD,77,17245,2026-09-18T00:10:50.955841147Z,"['Alternate Protocol', 'Amazon WAF Blocked', 'Aruba', 'Cloudflare', 'Cloudflare CDN', 'Crisp', 'Customer Reviews for WooCommerce', 'DuracellTomi Google Tag Manager for WordPress', 'EmbedPress', 'Facebook Reseller', 'Fireblade', 'GenerateBlocks', 'GeneratePress Company', 'Google Analytics', 'Google Tag Manager', 'Gravity', 'Gravity Forms', 'Instagram Follow Button', 'Klarna', 'MailChimp', 'Microdata for Google Shopping', 'PHP', 'Perfmatters', 'QUIC', 'Sitelinks Search Box', 'Theme In WP', 'UTF-8', 'Variation Swatches for WooCommerce', 'Webwinkel Keurmerk', 'WhatsApp Sharing', 'Woo Themes', 'WooCommerce', 'WooCommerce Checkout', 'WordPress', 'WordPress Multisite', 'YouTube', 'eLand', 'jQuery', 'jsDelivr']"
sjlx.win,世界旅行|官网导航,,,32,303,2026-09-17T20:51:24.105928359Z,"['CDN JS', 'Cloudflare', 'Cloudflare CDN', 'Crisp', 'GZIP Module', 'Google Cloud DNS', 'Google Font API', 'Nginx']"
armdshipping.com,ARMD-Home,,IRN,70,3423,2026-09-17T20:37:04.700120322Z,"['Alternate Protocol', 'Crisp', 'EmbedPress', 'Federal Deposit Insurance Corporation', 'Google Cloud DNS', 'Google Font API', 'Google Maps', 'Google My Business', 'Gravity', 'Gravity Forms', 'IcoMoon', 'LiteSpeed', 'PHP', 'QUIC', 'SiteW', 'Sitelinks Search Box', 'Slider Revolution', 'Theme In WP', 'Twitter Ads', 'UTF-8', 'UberMenu', 'WPBakery', 'WPML Multilingual', 'Woo Themes', 'WooCommerce Checkout', 'WordPress', 'WordPress Multisite', 'jQuery', 'reCAPTCHA']"
pesonamahameru.com,Pesona Mahameru,,IDN,60,540,2026-09-17T18:07:47.588718054Z,"['CDN JS', 'Cloudflare', 'Cloudflare CDN', 'Crisp', 'Instagram Follow Button', 'MaxCDN', 'PHP', 'UTF-8', 'YouTube', 'jQuery']"
akeenext.com,Accueil,,,57,1000,2026-09-17T13:36:37.65839796Z,"['AWS WAF Challenge', 'Apache', 'Bulma', 'CDN JS', 'Cloudflare', 'Cloudflare CDN', 'Crisp', 'DAV', 'Envoy', 'Express', 'GZIP Module', 'Google My Business', 'InitiativeS', 'Klaro', 'NFOrce Internet', 'PHP', 'Stripe', 'Tailwind CSS', 'Twitter Ads', 'UTF-8']"
gutovery.com,Guto Jewelers,Guto Jewelers,USA,70,10064,2026-09-17T10:08:32.912056501Z,"['3 Products', 'Apture Linking Platform', 'Baidu Cloud', 'Cloudflare', 'Cloudflare CDN', 'Crisp', 'Express', 'GetSiteControl', 'IcoMoon', 'Microdata for Google Shopping', 'PayPal', 'QUIC', 'Shopify', 'Shopify Collabs', 'Shopify Payments', 'Tailwind CSS', 'Twitter Ads', 'UTF-8', 'Yandex Hosting', 'YouTube', 'eLand', 'hCaptcha', 'reCAPTCHA']"
familywatchs.com,Family Watchs,Family Watchs,,67,15652,2026-09-17T07:24:25.050506439Z,"['17TRACK', 'Amazon CloudFront', 'Apture Linking Platform', 'Baidu Cloud', 'CloudFront', 'Cloudflare', 'Cloudflare CDN', 'Crisp', 'Express', 'Fastly', 'GoAffPro', 'Google Related Website Sites', 'IcoMoon', 'Microdata for Google Shopping', 'QUIC', 'Shopify', 'Shopify Collabs', 'Tailwind CSS', 'Thank You', 'UTF-8', 'UpPromote', 'Yandex Hosting', 'YouTube', 'hCaptcha', 'reCAPTCHA']"
bridgedm.com,Bridge Software Solutions - Web Development Company in Hyderabad,Bridge Software Solutions,,50,622,2026-09-17T06:19:04.913753672Z,"['Alternate Protocol', 'Content Delivery Network', 'Crisp', 'Formspree', 'Google', 'Google Analytics', 'Google Cloud CDN', 'Google Cloud DNS', 'Google Cloud Storage', 'Google Font API', 'Google Tag Manager', 'Microdata for Google Shopping', 'Next.js', 'Pleroma', 'Twitter Ads', 'UTF-8', 'Vercel', 'Web3Forms', 'jsDelivr']"
zentrades.pro,"ZenTrades | FSM Software Trusted by 10,000+ Trade Businesses",ZenTrades,IND,82,55173,2026-09-17T06:16:16.01560252Z,"['Alternate Protocol', 'Cloudflare', 'Content Delivery Network', 'Crisp', 'DAV', 'Dynamic Visibility for Elementor', 'Element Pack Lite', 'Elementor', 'Elementor Addon Elements', 'ElementsKit Elementor', 'EmbedPress', 'Essential Addons for Elementor', 'Fireblade', 'Font Awesome', 'GoDaddy', 'Google Analytics', 'Google My Business', 'Google Tag Manager', 'Gravity', 'Gravity Forms', 'HappyAddons', 'Header, Footer and Blocks for Elementor', 'Hello Elementor', 'HubSpot Conversations', 'HubSpot WordPress Plugin', 'Hubspot', 'Microdata for Google Shopping', 'Microsoft Clarity', 'MonsterInsights', 'NFOrce Internet', 'Perl', 'Post Slider and Carousel', 'Premium Addons for Elementor', 'QUIC', 'Royal Elementor Addons', 'SupaDemo', 'Table Addons for Elementor', 'To Top', 'UTF-8', 'WPForms', 'Wangsu', 'WordPress', 'WordPress Multisite', 'YouTube', 'jQuery']"
allseasonscommunications.co.ke,Home | All Seasons Communications,All Seasons Communications,KEN,82,22135,2026-09-17T01:53:21.043942956Z,"['AWS WAF Challenge', 'Alternate Protocol', 'Apture Linking Platform', 'Astra Theme', 'Brevo', 'Crisp', 'Elementor', 'EmbedPress', 'Essential Addons for Elementor', 'GZIP Module', 'Google Analytics', 'Google My Business', 'Google Related Website Sites', 'Google Tag Manager', 'Gravity', 'Gravity Forms', 'HappyAddons', 'Instagram Follow Button', 'NFOrce Internet', 'PHP', 'QUIC', 'To Top', 'Twitter Ads', 'UTF-8', 'W3 Total Cache', 'WonderPush', 'Woo Themes', 'WordPress', 'WordPress Related Posts', 'Yandex Hosting', 'YouTube', 'eLand']"
cambodiadrivertour.com,Home - Cambodia Driver Tour,Cambodia Driver Tour,,67,798512,2026-09-16T22:27:58.092247456Z,"['AB Tasty', 'ADFOX', 'AJAX Libraries API', 'AWS WAF Challenge', 'Active Campaign', 'AdRoll', 'AddThis for Wordpress', 'Adobe Analytics', 'Adobe Marketing Cloud', 'Alternate Protocol', 'Amazon Associates Affiliate Shop', 'Amazon WAF Blocked', 'Amplitude', 'Apache', 'AppNexus Direct', 'Astra Theme', 'Authorize.net', 'Automattic', 'Bing Cashback', 'Bing Conversion Tracking', 'Braintree', 'Brevo', 'Brightcove', 'Bunny Fonts', 'BunnyCDN General', 'ByteDance', 'CDN JS', 'CDN77 Hosted', 'Calendly', 'Cart.com', 'Chartbeat', 'Clicky', 'Cloudflare', 'Cloudflare CDN', 'Cloudflare Web Analytics', 'ConvertKit', 'CrazyEgg', 'Crisp', 'Criteo', 'Criteo Reseller', 'DailyMotion Video', 'Disqus Comment System for WordPress', 'DoubleClick Bid Manager', 'Drift', 'ElementUI', 'Elementor', 'EmbedPress', 'Engage', 'Facebook Embedded Posts', 'Facebook Reseller', 'Firebase', 'Fireblade', 'Font Awesome', 'Freshworks Bot', 'Giphy', 'Google', 'Google Adsense', 'Google Analytics', 'Google Cloud CDN', 'Google Cloud DNS', 'Google Customer Reviews', 'Google Font API', 'Google Maps', 'Google Matched Content', 'Google My Business', 'Google Pay', 'Google Related Website Sites', 'Google Reseller', 'Google Tag Manager', 'Header, Footer and Blocks for Elementor', 'Heap', 'Help Scout', 'Hubspot', 'Impact', 'Infolinks', 'Inspectlet', 'Instagram Follow Button', 'Intercom', 'JW Player Platform', 'Jetpack', 'JotForm', 'Kinsta', 'Klaviyo', 'LiveChat', 'LiveChat Monitoring', 'MailChimp', 'MailerLite', 'Marketo', 'Matomo', 'Media.net', 'Media.net Reseller', 'Mediavine Publisher', 'Microdata for Google Shopping', 'Microsoft Clarity', 'Mixpanel', 'Mouseflow', 'NFOrce Internet', 'New Relic', 'NitroPack', 'Olark', 'On The Map', 'OpenX Direct', 'OptiMole', 'Optimizely Recommendations', 'Outbrain Direct', 'PHP', 'Pardot', 'Parse.ly', 'PayPal Adaptive Payments', 'Pinterest Conversion Tracking', 'Piwik PRO', 'Plausible Analytics', 'PubMatic Direct', 'Pubmatic', 'PushEngage', 'QUIC', 'Quantcast Direct', 'RM Education', 'Recart', 'RocketCDN', 'Rumble Player', 'Seflow Italy', 'Segment', 'ShareThis', 'Sign In With Google', 'Square', 'Squarespace Online Appointment Scheduling', 'StatCounter', 'Statically', 'Stripe', 'Sumo', 'Swell Rewards', 'Table Addons for Elementor', 'Taboola Direct', 'Taboola Reseller', 'Tealium', 'Telegram', 'Theme In WP', 'Thrive Direct', 'Twitch', 'Twitter Ads', 'Twitter Analytics', 'Typeform', 'UTF-8', 'VigLink', 'Vimeo', 'Vine Embed', 'Visual Website Optimizer', 'Way', 'Wistia', 'Woo Themes', 'Woopra', 'WordPress', 'WordPress Multisite', 'WordPress Related Posts', 'Yandex Hosting', 'Yotpo', 'YouTube', 'comScore', 'jQuery', 'jsDelivr', 'reCAPTCHA']"
sanroqueclub.com,The San Roque Club - The San Roque Club,,ESP,82,36462,2026-09-16T20:42:45.879116063Z,"['Agoda', 'Alternate Protocol', 'AutoConvert', 'Content Delivery Network', 'Contento', 'CookieYes', 'Crisp', 'Elementor', 'EmbedPress', 'Essential Addons for Elementor', 'Google Analytics', 'Google Tag Manager', 'Hello Elementor', 'Instagram Follow Button', 'Line2', 'LiteSpeed', 'Metricool', 'Microdata for Google Shopping', 'NFOrce Internet', 'PHP', 'QUIC', 'QUIC.cloud', 'Twitter Ads', 'UTF-8', 'WPML Multilingual', 'WordPress', 'WordPress Multisite', 'YouTube']"
dhisquare.com,DHI Square,,USA,65,18587,2026-09-16T19:13:57.171864862Z,"['Alternate Protocol', 'Cloudflare', 'CoBlocks', 'Contact Form Plugin', 'Content Delivery Network', 'Crisp', 'Elementor', 'EmbedPress', 'GoDaddy', 'Google Cloud DNS', 'Google Font API', 'NFOrce Internet', 'PHP', 'Tailwind CSS', 'Theme In WP', 'UTF-8', 'WP Job Manager', 'Wangsu', 'WordPress', 'WordPress Multisite', 'jQuery']"
hitechbag.com,India's Top Automatic Weighing & Bagging Machine Manufacture | Hi-Tech Engineers Firm,,IND,77,2368,2026-09-16T17:28:13.190623539Z,"['Apache', 'Better Lead Generation Services', 'Crisp', 'Express', 'GZIP Module', 'Google Analytics', 'Google Cloud DNS', 'Google Font API', 'Google Related Website Sites', 'Google Tag Manager', 'IcoMoon', 'Instagram Follow Button', 'PHP', 'QUIC', 'Tailwind CSS', 'Tawk', 'UTF-8', 'WhatsApp Sharing', 'YouTube']"
alienwebsolutions.com,Alien Web Solutions | AI and Web development company Mohali,,CAN,77,4379,2026-09-16T15:23:47.676157104Z,"['Alternate Protocol', 'Apache', 'CDN JS', 'Cloudflare', 'Cloudflare CDN', 'Crisp', 'GZIP Module', 'Google', 'Google Analytics', 'Google Cloud DNS', 'Google Font API', 'Google My Business', 'Google Related Website Sites', 'Google Tag Manager', 'Instagram Follow Button', 'Microdata for Google Shopping', 'Microsoft Clarity', 'PHP', 'QUIC', 'Tailwind CSS', 'UTF-8', 'Woo Themes', 'jsDelivr']"
ltpimpex.com,LTP Import Export B.V.,LTP IMPORT EXPORT B.V.,NLD,92,4918,2026-09-16T13:56:43.655370882Z,"['Alternate Protocol', 'ArvanCloud', 'Brevo', 'Coming Soon Page', 'Crisp', 'GZIP Module', 'Google', 'Google Analytics', 'Google Cloud DNS', 'Google Font API', 'Google My Business', 'Google Tag Manager', 'Instagram Follow Button', 'Microdata for Google Shopping', 'Newsletter for Wordpress', 'Nginx', 'QUIC', 'Tailwind CSS', 'UTF-8', 'Ubuntu', 'YouTube', 'jQuery', 'jsDelivr']"
dreamermates.com,Home | Dreamermates,,,50,1560,2026-09-16T13:18:37.79843245Z,"['Alternate Protocol', 'Apache', 'Calendly', 'Crisp', 'EmbedPress', 'Everest Forms', 'Google Analytics', 'Google Cloud DNS', 'Google Font API', 'Google Tag Manager', 'Hello Elementor', 'Hootsuite Badge', 'Instagram Follow Button', 'Tailwind CSS', 'Ultimate Social Media', 'W3 Total Cache', 'Woo Themes', 'WordPress', 'WordPress Multisite', 'jQuery']"
na-parts.com,NaParts,,,55,15384,2026-09-16T11:10:15.82386267Z,"['Alternate Protocol', 'Content Delivery Network', 'Crisp', 'EmbedPress', 'Instagram Follow Button', 'LiteSpeed', 'PHP', 'SMC', 'Theme In WP', 'Twitter Ads', 'UTF-8', 'Unsplash', 'Woo Themes', 'WooCommerce', 'WooCommerce Checkout', 'WordPress', 'WordPress Multisite', 'jQuery']"
serpdaddy.com,SERPdaddy - Affordable Digital Marketing Services,,,62,3279,2026-09-16T09:42:34.060041034Z,"['Alternate Protocol', 'Apache', 'Contact Form Plugin', 'Crisp', 'Elementor', 'EmbedPress', 'Facebook Conversion Tracking', 'Facebook Login', 'Facebook Messenger Platform', 'Facebook Pixel', 'Facebook Reseller', 'Facebook Tag API', 'FormSubmit', 'GZIP Module', 'GeneratePress Company', 'Google Analytics', 'Google Tag Manager', 'Gravity', 'Gravity Forms', 'HappyAddons', 'Microdata for Google Shopping', 'NFOrce Internet', 'To Top', 'Twitter Ads', 'UTF-8', 'WordPress', 'WordPress Multisite', 'jQuery']"
k79group.com,Home - K79 Group of Companies,K79 Group of Companies,GHA,82,765147,2026-09-16T08:50:46.669218387Z,"['AB Tasty', 'ADFOX', 'AJAX Libraries API', 'AWS WAF Challenge', 'Active Campaign', 'AdRoll', 'AddThis for Wordpress', 'Adobe Analytics', 'Adobe Marketing Cloud', 'Alternate Protocol', 'Amazon Associates Affiliate Shop', 'Amazon WAF Blocked', 'Amplitude', 'Apache', 'AppNexus Direct', 'Astra Theme', 'Authorize.net', 'Automattic', 'Bing Cashback', 'Bing Conversion Tracking', 'Braintree', 'Brevo', 'Brightcove', 'Bunny Fonts', 'BunnyCDN General', 'ByteDance', 'CDN JS', 'CDN77 Hosted', 'Calendly', 'Cart.com', 'Chartbeat', 'Clicky', 'Cloudflare', 'Cloudflare CDN', 'Cloudflare Web Analytics', 'Contact Form Plugin', 'ConvertKit', 'CrazyEgg', 'Crisp', 'Criteo', 'Criteo Reseller', 'DailyMotion Video', 'Disqus Comment System for WordPress', 'DoubleClick Bid Manager', 'Drift', 'ElementUI', 'Elementor', 'EmbedPress', 'Engage', 'Facebook Embedded Posts', 'Facebook Reseller', 'Firebase', 'Font Awesome', 'FormSubmit', 'Freshworks Bot', 'GZIP Module', 'Giphy', 'Google', 'Google Adsense', 'Google Analytics', 'Google Cloud CDN', 'Google Cloud DNS', 'Google Customer Reviews', 'Google Font API', 'Google Maps', 'Google Matched Content', 'Google My Business', 'Google Pay', 'Google Reseller', 'Google Tag Manager', 'Header, Footer and Blocks for Elementor', 'Heap', 'Help Scout', 'Hubspot', 'Impact', 'Infolinks', 'Inspectlet', 'Instagram Follow Button', 'Intercom', 'JW Player Platform', 'Jetpack', 'JotForm', 'Kinsta', 'Klaviyo', 'LiveChat', 'LiveChat Monitoring', 'MailChimp', 'MailerLite', 'Marketo', 'Matomo', 'Media.net', 'Media.net Reseller', 'Mediavine Publisher', 'Microdata for Google Shopping', 'Microsoft Clarity', 'Mixpanel', 'Mouseflow', 'NFOrce Internet', 'New Relic', 'NitroPack', 'Olark', 'OpenX Direct', 'OptiMole', 'Optimizely Recommendations', 'Outbrain Direct', 'PHP', 'Pardot', 'Parse.ly', 'PayPal Adaptive Payments', 'Pinterest Conversion Tracking', 'Piwik PRO', 'Plausible Analytics', 'PubMatic Direct', 'Pubmatic', 'PushEngage', 'QUIC', 'Quantcast Direct', 'RM Education', 'Recart', 'RocketCDN', 'Rumble Player', 'Seflow Italy', 'Segment', 'ShareThis', 'Sign In With Google', 'Sitelinks Search Box', 'Slider Revolution', 'Square', 'Squarespace Online Appointment Scheduling', 'StatCounter', 'Statically', 'Stripe', 'Sumo', 'Swell Rewards', 'Table Addons for Elementor', 'Taboola Direct', 'Taboola Reseller', 'Tealium', 'Theme In WP', 'Thrive Direct', 'Twitch', 'Twitter Ads', 'Twitter Analytics', 'Typeform', 'Typescale', 'UTF-8', 'University or College', 'VigLink', 'Vimeo', 'Vine Embed', 'Visual Website Optimizer', 'WP Live Chat Support', 'WPBakery', 'Way', 'Wistia', 'Woo Themes', 'WooCommerce Checkout', 'Woopra', 'WordPress', 'WordPress Multisite', 'WordPress Related Posts', 'Yandex Hosting', 'Yotpo', 'YouTube', 'comScore', 'jQuery', 'jsDelivr', 'reCAPTCHA']"
trentwood.nl,Trentwood - Home,,,25,543,2026-09-16T08:24:13.880070171Z,"['Alternate Protocol', 'AutoComplete', 'CDN JS', 'Cloudflare', 'Cloudflare CDN', 'Contact Form Plugin', 'CookieYes', 'Crisp', 'EmbedPress', 'Font Awesome', 'Google Analytics', 'Google My Business', 'Google Tag Manager', 'LinkedIn Insights', 'LinkedIn Pixel', 'Microdata for Google Shopping', 'MonsterInsights', 'Nginx', 'PHP', 'Page-list for WordPress', 'Parallels Plesk Panel', 'Polylang', 'Theme In WP', 'UTF-8', 'WordPress', 'WordPress Multisite', 'jQuery', 'jsDelivr']"
doindizital.com,Doindizital: Your Guide to the Digital World – EXPLORE DIGITAL WORLD,,IND,65,4241,2026-09-16T07:43:21.312474238Z,"['Alternate Protocol', 'Bunny Fonts', 'Content Delivery Network', 'Crisp', 'Elementor', 'ElementsKit Elementor', 'EmbedPress', 'Essential Addons for Elementor', 'Facebook Conversion Tracking', 'Facebook Login', 'Facebook Messenger Platform', 'Facebook Pixel', 'Facebook Reseller', 'Facebook Tag API', 'Google Adsense', 'Google Analytics', 'Google Cloud DNS', 'Google Font API', 'Google Funding Choices', 'Google Matched Content', 'Google Reseller', 'Google Tag Manager', 'IcoMoon', 'LiteSpeed', 'NFOrce Internet', 'OceanWP', 'PHP', 'QUIC', 'Theme In WP', 'Twitter Ads', 'UTF-8', 'Unlimited Elements For Elementor', 'WPForms', 'WhatsApp Sharing', 'Woo Themes', 'WooCommerce Checkout', 'WordPress', 'WordPress Multisite', 'WordPress PopUp', 'jQuery']"
truemindlabs.com,Truemind Labs,,,62,1380,2026-09-16T07:15:21.914011274Z,"['Content Delivery Network', 'Crisp', 'Next.js', 'Tailwind CSS', 'Twitter Ads', 'UTF-8', 'Vercel']"
techwizpk.com,"Home - Web Development, SEO & Digital Marketing Services | TechWiz","Web Development, SEO &amp; Digital Marketing Services | TechWiz",PAK,77,783695,2026-09-16T06:14:48.6154741Z,"['AB Tasty', 'ADFOX', 'AJAX Libraries API', 'AWS WAF Challenge', 'Active Campaign', 'AdRoll', 'AddThis for Wordpress', 'Adobe Analytics', 'Adobe Marketing Cloud', 'Alternate Protocol', 'Amazon Associates Affiliate Shop', 'Amazon WAF Blocked', 'Amplitude', 'AppNexus Direct', 'Astra Theme', 'Authorize.net', 'Automattic', 'Bing Cashback', 'Bing Conversion Tracking', 'Braintree', 'Brevo', 'Brightcove', 'Bunny Fonts', 'BunnyCDN General', 'ByteDance', 'CDN JS', 'CDN77 Hosted', 'Calendly', 'Cart.com', 'Chartbeat', 'Clicky', 'Cloudflare', 'Cloudflare CDN', 'Cloudflare Web Analytics', 'Contact Form Plugin', 'ConvertKit', 'CrazyEgg', 'Crisp', 'Criteo', 'Criteo Reseller', 'DailyMotion Video', 'Disqus Comment System for WordPress', 'DoubleClick Bid Manager', 'Drift', 'ElementUI', 'Elementor', 'EmbedPress', 'Engage', 'Facebook Embedded Posts', 'Facebook Reseller', 'Firebase', 'Font Awesome', 'Freshworks Bot', 'Giphy', 'Google', 'Google Adsense', 'Google Analytics', 'Google Cloud CDN', 'Google Cloud DNS', 'Google Font API', 'Google Maps', 'Google Matched Content', 'Google My Business', 'Google Pay', 'Google Related Website Sites', 'Google Reseller', 'Google Tag Manager', 'Header, Footer and Blocks for Elementor', 'Heap', 'Help Scout', 'Hubspot', 'Impact', 'Infolinks', 'Inspectlet', 'Instagram Follow Button', 'Intercom', 'JW Player Platform', 'Jetpack', 'JotForm', 'Kinsta', 'Klaviyo', 'LiveChat', 'LiveChat Monitoring', 'MailChimp', 'MailerLite', 'Marketo', 'Matomo', 'Media.net', 'Media.net Reseller', 'Mediavine Publisher', 'Microdata for Google Shopping', 'Microsoft Clarity', 'Mixpanel', 'Mouseflow', 'NFOrce Internet', 'New Relic', 'NitroPack', 'Olark', 'On The Map', 'OpenX Direct', 'OptiMole', 'Optimizely Recommendations', 'Outbrain Direct', 'PHP', 'Pardot', 'Parse.ly', 'PayPal Adaptive Payments', 'Pinterest Conversion Tracking', 'Piwik PRO', 'Plausible Analytics', 'PubMatic Direct', 'Pubmatic', 'PushEngage', 'QUIC', 'QuadLayers', 'Quantcast Direct', 'RM Education', 'Recart', 'RocketCDN', 'Rumble Player', 'Seflow Italy', 'Segment', 'ShareThis', 'Sign In With Google', 'Square', 'Squarespace Online Appointment Scheduling', 'StatCounter', 'Statically', 'Stripe', 'Sumo', 'Swell Rewards', 'Taboola Direct', 'Taboola Reseller', 'Tealium', 'Theme In WP', 'Thrive Direct', 'Twitch', 'Twitter Ads', 'Twitter Analytics', 'Typeform', 'UTF-8', 'Unsplash', 'VigLink', 'Vimeo', 'Vine Embed', 'Visual Website Optimizer', 'Way', 'Wistia', 'Woo Themes', 'Woopra', 'WordPress', 'WordPress Multisite', 'WordPress Related Posts', 'Yandex Hosting', 'Yotpo', 'YouTube', 'comScore', 'jQuery', 'jsDelivr', 'reCAPTCHA']"
dr-haghi.com,Dr. Haghi – Oncoplastic Breast Surgeon,,ITA,65,53103,2026-09-16T05:14:42.843302748Z,"['Alternate Protocol', 'Content Delivery Network', 'Contento', 'Crisp', 'EmbedPress', 'Financial Services Guide', 'Font Awesome', 'Gravity', 'Gravity Forms', 'Instagram Follow Button', 'KVH', 'LiteSpeed', 'Material Design Icons', 'No-Q', 'PHP', 'QUIC', 'Slider Revolution', 'Subversion', 'Telegram', 'UTF-8', 'University or College', 'Vector Internet Services', 'Visual Composer Ultimate Addons', 'WPBakery', 'WhatsApp Sharing', 'WordPress', 'WordPress Multisite', 'Zephyr', 'hCaptcha', 'jQuery']"
iterapic.com,Iterapic: AI Product Image Generator,,,67,21179,2026-09-16T04:13:04.572649759Z,"['Coming Soon Page', 'Crisp', 'Facebook Conversion Tracking', 'Facebook Login', 'Facebook Messenger Platform', 'Facebook Pixel', 'Facebook Reseller', 'Facebook Tag API', 'GZIP Module', 'Google Analytics', 'Google Tag Manager', 'HMDG', 'Instagram Follow Button', 'Nginx', 'PHP', 'QUIC', 'Tailwind CSS', 'UTF-8', 'shadcn ui']"
casinohotelcalicut.in,Casino Hotel,,IND,72,1579,2026-09-16T03:55:29.923232044Z,"['Bulma', 'CDN JS', 'Cloudflare', 'Cloudflare CDN', 'Crisp', 'ElementUI', 'Font Awesome', 'GZIP Module', 'Gambling Content', 'Google Cloud DNS', 'Google Font API', 'Instagram Follow Button', 'Nginx', 'PHP', 'Parallels Plesk Panel', 'Tailwind CSS', 'UTF-8', 'YouTube']"
prepfort.com,"PrepFort — 3PL, Amazon FBA Prep & E-Commerce Fulfillment",PrepFort,USA,77,1380,2026-09-16T02:19:30.511511573Z,"['Better Lead Generation Services', 'Content Delivery Network', 'Crisp', 'Google Analytics', 'Google Tag Manager', 'Instagram Follow Button', 'Microdata for Google Shopping', 'Next.js', 'Pleroma', 'Radix UI', 'UTF-8', 'Vercel']"
websitetion.com,Websitetion | Notion Website Templates,,USA,77,1503,2026-09-16T01:34:33.542762556Z,"['CDN JS', 'Cloudflare', 'Cloudflare CDN', 'Coming Soon Page', 'Crisp', 'Google Analytics', 'Google Tag Manager', 'Lemon Squeezy', 'ShareThis', 'Tailwind CSS', 'Twitter Ads', 'Unsplash', 'Vercel', 'shadcn ui']"
ecircular.com,"eCircular | Trusted ITAD Recycler in Houston, TX",eCircular,USA,82,160415,2026-09-16T00:04:55.059723656Z,"['AJAX Libraries API', 'Alternate Protocol', 'Automattic', 'BatCache', 'Content Delivery Network', 'Crisp', 'Elementor', 'EmbedPress', 'Fastly', 'Google Analytics', 'Google Cloud DNS', 'Google Maps', 'Google My Business', 'Google Related Website Sites', 'Google Tag Manager', 'Gutenberg', 'Hotjar', 'Idaq', 'Jetpack', 'Jetpack Site Accelerator', 'MailOptin for Wordpress', 'Microdata for Google Shopping', 'NFOrce Internet', 'Nginx', 'PHP', 'Salesforce Hosted', 'Theme In WP', 'Twitter Ads', 'UTF-8', 'WordPress', 'WordPress Multisite', 'WordPress Stats', 'jQuery']"
americaninkatrail.com,"More than trips, unforgettable memories...",,PER,82,11748,2026-09-15T23:43:16.058353986Z,"['Crisp', 'ETranslate', 'GTranslate', 'Google', 'Google Cloud DNS', 'Google Font API', 'Google My Business', 'IcoMoon', 'Instagram Follow Button', 'Microdata for Google Shopping', 'QUIC', 'Tailwind CSS', 'UTF-8', 'Vector Internet Services', 'jsDelivr']"
rtagorepharmacy.com,RAVINDRA VIDYA PRASARAK MANDAL INSTITUTE OF PHARMACY. – BEST PHARMACY COLLEGE IN NASHIK,,IND,80,36559,2026-09-15T23:17:31.472198626Z,"['AWS WAF Challenge', 'Alternate Protocol', 'Cloudflare', 'Cloudflare CDN', 'CoBlocks', 'Content Delivery Network', 'Crisp', 'Ditty News Ticker', 'Elementor', 'EmbedPress', 'FreeCSSTemplates', 'GoDaddy', 'Google', 'Google Cloud DNS', 'Google Font API', 'Google My Business', 'HT Mega', 'IcoMoon', 'Max Mega Menu', 'Max Mega Menu Pro', 'NFOrce Internet', 'PHP', 'Pleroma', 'TablePress', 'Tailwind CSS', 'Theme In WP', 'UTF-8', 'University or College', 'Wangsu', 'WordPress', 'WordPress File Upload', 'WordPress Multisite', 'jQuery']"
outdoorammory.com,"Handgun, Shotgun, Pistol, & Rifles | Outdoorammory",,GBR,82,20313,2026-09-15T19:43:26.150423566Z,"['Age Gate', 'Alternate Protocol', 'Angular', 'Automattic', 'Cloudflare', 'Cloudflare CDN', 'Cloudflare Web Analytics', 'Contact Form Plugin', 'Crisp', 'EmbedPress', 'Fireblade', 'Google', 'Google Analytics', 'Google Cloud CDN', 'Google Cloud DNS', 'Google Font API', 'Google Related Website Sites', 'Google Tag Manager', 'Jetpack', 'Microdata for Google Shopping', 'PHP', 'QUIC', 'Shoelace Style', 'Simple Banner for Wordpress', 'Slider Revolution', 'Theme In WP', 'UTF-8', 'WPBakery', 'Woo Themes', 'WooCommerce', 'WooCommerce Checkout', 'WordPress', 'WordPress Multisite', 'WordPress Stats', 'YITH WooCommerce Compare']"
capitalfreightways.com,Capital Freight Ways,,,50,862,2026-09-15T16:55:54.879146845Z,"['Alternate Protocol', 'Crisp', 'Elementor', 'EmbedPress', 'Google Analytics', 'Google Cloud DNS', 'Google Font API', 'Google Tag Manager', 'NFOrce Internet', 'PHP', 'QUIC', 'Theme In WP', 'UTF-8', 'Woo Themes', 'WooCommerce Checkout', 'WordPress', 'WordPress Multisite', 'Xtra Theme', 'jQuery']"
tipsologyconsulting.com,Home - tipsologyconsulting.com,tipsologyconsulting.com,,67,19548,2026-09-15T15:11:28.840505908Z,"['AWS WAF Challenge', 'Alternate Protocol', 'Contact Form Plugin', 'Crisp', 'Elementor', 'EmbedPress', 'Google', 'Google Cloud CDN', 'Google Cloud DNS', 'Google Font API', 'Google Related Website Sites', 'Microdata for Google Shopping', 'PHP', 'QUIC', 'Sitelinks Search Box', 'Theme In WP', 'UTF-8', 'WordPress', 'WordPress Multisite', 'YouTube', 'jQuery']"
samairapolicy.in,Samaira Policy Research Institute,Samaira Policy Research Institue,IND,77,4594,2026-09-15T12:40:08.900115163Z,"['Alternate Protocol', 'Astra Theme', 'CleanTalk Spam Protect', 'Content Delivery Network', 'Crisp', 'Elementor', 'ElementsKit Elementor', 'EmbedPress', 'Essential Addons for Elementor', 'Google Related Website Sites', 'Instagram Follow Button', 'Line2', 'LiteSpeed', 'Microdata for Google Shopping', 'NFOrce Internet', 'PHP', 'Perl', 'QUIC', 'QUIC.cloud', 'Royal Elementor Addons', 'UTF-8', 'University or College', 'WordPress', 'WordPress Multisite', 'jQuery']"
pmhit.co.uk,Project Management High Intensity Training Ltd.,,GBR,77,44048,2026-09-15T12:33:20.101369335Z,"['Content Delivery Network', 'Crisp', 'Gatsby JS', 'Google Analytics', 'Google Tag Manager', 'Idaq', 'Instagram Follow Button', 'Material-UI', 'Netlify', 'ON24', 'Twitter Ads', 'UTF-8']"
tinybarwp.com,WordPress Notification Bar Plugin,TinyBar,,82,26192,2026-09-15T12:00:18.583986417Z,"['AWS WAF Challenge', 'Agoda', 'Alternate Protocol', 'Astra Theme', 'CDN JS', 'Cloudflare', 'Cloudflare CDN', 'Coming Soon Page', 'Content Delivery Network', 'Crisp', 'Elementor', 'EmbedPress', 'Express', 'Google', 'Google Analytics', 'Google My Business', 'Google Tag Manager', 'Line2', 'LiteSpeed', 'Microdata for Google Shopping', 'NFOrce Internet', 'PHP', 'QUIC', 'QUIC.cloud', 'Schema Plugin', 'Twitter Ads', 'UTF-8', 'Vector Internet Services', 'Woo Themes', 'WordPress', 'WordPress Multisite', 'WordPress Related Posts', 'YouTube']"
energyart.org,hand-painted Energy Art by Harmonie im Ganzen®,Harmonie im Ganzen®,DEU,77,25972,2026-09-15T12:00:18.578595575Z,"['AWS WAF Challenge', 'Alternate Protocol', 'Apture Linking Platform', 'Cisco/Arrowpoint Content Service Switch', 'Crisp', 'Customer Reviews for WooCommerce', 'DAV', 'Divi', 'Doofinder', 'Elegant Themes', 'EmbedPress', 'Express', 'GetResponse', 'Google Analytics', 'Google Cloud DNS', 'Google Font API', 'Google Related Website Sites', 'Google Tag Manager', 'Instagram Follow Button', 'Line2', 'Microdata for Google Shopping', 'Microsoft Clarity', 'Newsletter for Wordpress', 'Nginx', 'NitroPack', 'PHP', 'Perl', 'QUIC', 'SiteW', 'SiteWit', 'Sitelinks Search Box', 'Theme In WP', 'UTF-8', 'Vercel', 'Woo Themes', 'WooCommerce', 'WooCommerce Checkout', 'WordPress', 'WordPress Multisite', 'YouTube', 'eLand', 'jQuery']"
mascoop.com.ph,MASCOOP – Experience the dedicated services to all!,,PHL,70,19422,2026-09-15T12:00:18.575212829Z,"['AWS WAF Challenge', 'Alternate Protocol', 'Contact Form Plugin', 'Content Delivery Network', 'Crisp', 'Download Monitor', 'EmbedPress', 'Font Awesome', 'FreeCSSTemplates', 'Google', 'Google Cloud CDN', 'Google Cloud DNS', 'Google Font API', 'Google My Business', 'IcoMoon', 'InitiativeS', 'Instagram Follow Button', 'LiteSpeed', 'PHP', 'QUIC', 'Slider Revolution', 'Theme In WP', 'UTF-8', 'WP Statistics', 'WPS Visitor Counter Plugin', 'Woo Themes', 'WordPress', 'WordPress Multisite', 'YouTube', 'jQuery']"
metal8.cloud,Metal8: Bare-Metal Kubernetes,,,60,555,2026-09-15T11:30:58.019002139Z,"['ADFOX', 'Alternate Protocol', 'ArvanCloud', 'Bulma', 'Calendly', 'Crisp', 'GZIP Module', 'Google', 'Google Cloud DNS', 'Google Font API', 'OpenResty', 'Tailwind CSS', 'Thank You', 'Yandex Hosting', 'Yandex Metrika', 'jsDelivr']"
privacybunker.io,Protect your business from 8 most common GDPR violations,,,77,40542,2026-09-15T11:20:36.453331858Z,"['Alternate Protocol', 'Bulma', 'Calendly', 'Crisp', 'Facebook Customer Chat SDK', 'Facebook Login', 'Facebook Messenger Platform', 'Facebook Reseller', 'Fireblade', 'GZIP Module', 'GitHub Hosting', 'Google Cloud DNS', 'Google My Business', 'Hugo', 'KVH', 'No-Q', 'Ntent', 'OpenResty', 'Paddle', 'ProfitWell', 'QUIC', 'Sign In With Google', 'Slack', 'Tailwind CSS', 'Thank You', 'Vimeo', 'WhatsApp Sharing', 'jQuery']"
tongkhouc.com,Trang chủ - TongKhoUc,Tổng Kho Hàng Úc,,67,9165,2026-09-15T11:01:12.607287419Z,"['Alternate Protocol', 'Automattic', 'Content Delivery Network', 'Crisp', 'Digital Ocean Spaces', 'EmbedPress', 'Flatsome', 'GZIP Module', 'Google Related Website Sites', 'IcoMoon', 'Jetpack', 'Jetpack Site Accelerator', 'Line2', 'LiteSpeed', 'Microdata for Google Shopping', 'PHP', 'QUIC', 'QUIC.cloud', 'Sitelinks Search Box', 'UTF-8', 'Vector Internet Services', 'Woo Themes', 'WordPress', 'WordPress Multisite', 'WordPress Stats']"
studenliv.com,Studenliv - student accommodation placement agency,,GBR,82,4678,2026-09-15T08:44:15.887107438Z,"['Content Delivery Network', 'Crisp', 'Curator', 'ElementUI', 'Express', 'Google', 'Google Analytics', 'Google Cloud DNS', 'Google Font API', 'Google Tag Manager', 'Instagram Follow Button', 'MailerLite', 'Microdata for Google Shopping', 'Netlify', 'Parcel', 'Tailwind CSS', 'Telegram', 'UTF-8', 'University or College', 'eLand', 'jQuery']"
schemesofwork.co.ke,Schemes of Work - Free Schemes of Work Online Generator.,,KEN,72,1180,2026-09-15T08:17:30.301434952Z,"['Apache', 'Crisp', 'GZIP Module', 'Google Analytics', 'Google Cloud DNS', 'Google Font API', 'Google Tag Manager', 'PWA', 'QUIC', 'UTF-8', 'Ubuntu', 'YouTube', 'jQuery']"
cssowl.ir,"CSS Owl, Best CSS Optimizer, Remove Unused CSS Online",,,52,588,2026-09-15T04:52:26.151330357Z,"['ArvanCloud', 'Bulma', 'Crisp', 'GZIP Module', 'IcoMoon', 'Tailwind CSS', 'UTF-8', 'YouTube']"
businessadvisoressex.co.uk,- ENGLEMAN WILLS + POWERS OF ATTORNEY + PROBATE + EQUITY RELEASE 01268 761022 / 07901 948745,,,60,37944,2026-09-15T04:37:18.016618372Z,"['Alternate Protocol', 'Amazon CloudFront', 'CCSI', 'CloudFront', 'Contact Form Plugin', 'Crisp', 'DAV', 'EmbedPress', 'Events Manager for WordPress', 'Financial Services Guide', 'Fireblade', 'Google Analytics', 'Google Related Website Sites', 'Google Tag Manager', 'K2F', 'KVH', 'Nginx', 'PHP', 'Parallels Plesk Panel', 'Perl', 'QUIC', 'SMC', 'Subversion', 'Theme In WP', 'Twitter Ads', 'UTF-8', 'WordPress', 'WordPress Multisite', 'jQuery']"
sccdr.org,SCCDR - Society for Community & Communication Development Research,,NGA,77,5278,2026-09-15T02:40:06.993995208Z,"['Bulma', 'Cloudinary', 'Crisp', 'Font Awesome', 'Lineicons', 'LiteSpeed', 'PHP', 'Tailwind CSS', 'Twitter Ads', 'University or College']"
codevision.co.za,CodeVision: Expert Website Designer in Cape Town,CodeVision,ZAF,67,19931,2026-09-15T01:26:12.776601915Z,"['Alternate Protocol', 'Apache', 'Apture Linking Platform', 'Better Lead Generation Services', 'Brevo', 'Content Delivery Network', 'CookieYes', 'Cornerstone', 'Corporate Governance and Regulatory Compliance', 'Crisp', 'Elementor', 'EmbedPress', 'GZIP Module', 'Google', 'Google Analytics', 'Google Cloud CDN', 'Google Cloud DNS', 'Google Font API', 'Google My Business', 'Google Tag Manager', 'Instagram Follow Button', 'Line2', 'Microdata for Google Shopping', 'Onyx Internet', 'Post Views Counter', 'Sitelinks Search Box', 'Twitter Ads', 'UTF-8', 'Vector Internet Services', 'WonderPush', 'Woo Themes', 'WordPress', 'WordPress Multisite', 'jQuery']"
studioreel2reel.de,Photo & Video Studio Rental in Berlin | Reel2Reel Studio Berlin,Reel2Reel Studio,DEU,87,1140,2026-09-14T21:52:05.324585946Z,"['Alternate Protocol', 'Crisp', 'Instagram Follow Button', 'Microdata for Google Shopping', 'Nginx', 'QUIC', 'Svelte', 'Tailwind CSS', 'Telegram', 'WhatsApp Sharing', 'shadcn ui']"
sos-raid-recovery.com,RAID & NAS Data Recovery in Switzerland | SOS Raid Recovery,SOS Data Recovery - tesweb SA,CHE,77,19604,2026-09-14T21:15:05.942012455Z,"['Alternate Protocol', 'Avis Verifies', 'Cloudflare', 'Cloudflare CDN', 'Crisp', 'Fireblade', 'Gambling Content', 'Google', 'Google Cloud DNS', 'Google Font API', 'Google Maps', 'Google My Business', 'ID Services', 'Microdata for Google Shopping', 'PWA', 'UTF-8']"
renaissancea.com,Renaissance Americans Inc. - Renaissance Americans Inc.,Renaissance Americans Inc.,CAN,77,20984,2026-09-14T17:50:11.369290168Z,"['AWS WAF Challenge', 'Alternate Protocol', 'Cloudflare', 'Cloudflare CDN', 'Contact Form Plugin', 'Crisp', 'Elementor', 'EmbedPress', 'Essential Addons for Elementor', 'Google', 'Google Analytics', 'Google Cloud DNS', 'Google Font API', 'Google My Business', 'Google Tag Manager', 'Header, Footer and Blocks for Elementor', 'IcoMoon', 'Microdata for Google Shopping', 'NFOrce Internet', 'PHP', 'Prime Slide for Elementor', 'Tailwind CSS', 'Theme In WP', 'UTF-8', 'Woo Themes', 'WooCommerce', 'WooCommerce Checkout', 'WordPress', 'WordPress Multisite', 'YouTube', 'jQuery']"
shanthilogistics.com,Welcome to Shanthi Logistic Services (SLS),,IND,67,1608,2026-09-14T16:29:22.569059641Z,"['Apache', 'Better Lead Generation Services', 'Crisp', 'GZIP Module', 'Google My Business', 'IcoMoon', 'Parcel', 'Tailwind CSS', 'UTF-8', 'jQuery']"
cosmascharlesub.com.ng,"Cosmascharlesub - Airtime, Data Resell & Bill Payments",,NGA,70,4345,2026-09-14T16:00:10.140105906Z,"['Bulma', 'Coming Soon Page', 'Crisp', 'GetButton.io', 'Google Adsense', 'Google Cloud DNS', 'Google Font API', 'Google Funding Choices', 'Google Matched Content', 'Google Reseller', 'IcoMoon', 'LiteSpeed', 'Netlify', 'QUIC', 'StackPath', 'Tailwind CSS', 'Tawk', 'UTF-8']"
accorp.com.sg,Singapore Audit Firm | Secretary Service Singapore,,SGP,82,9934,2026-09-14T15:39:58.514388165Z,"['Alternate Protocol', 'Baidu Cloud', 'Click to Chat for WhatsApp', 'Crisp', 'Divi', 'Download Monitor', 'Elegant Themes', 'EmbedPress', 'GTranslate', 'GZIP Module', 'Google', 'Google Analytics', 'Google Cloud DNS', 'Google Font API', 'Google My Business', 'Google Related Website Sites', 'Google Tag Manager', 'LiteSpeed', 'Microdata for Google Shopping', 'MonsterInsights', 'PHP', 'TablePress', 'Theme In WP', 'Twitter Ads', 'UTF-8', 'WP Rocket', 'WordPress', 'WordPress Multisite', 'Yandex Hosting', 'jQuery']"
portstlucie55communities.com,"Port St. Lucie 55+ Communities – Active Adult Living in Florida – Discover the best 55+ communities, expert insights, lifestyle guides, and retirement living resources in Port St. Lucie, Florida.",,USA,70,35648,2026-09-14T14:29:43.773479833Z,"['501c3 Status Nonprofit', 'AWS WAF Challenge', 'Alternate Protocol', 'Amazon S3 CDN', 'Angular', 'Cloudflare', 'Cloudflare CDN', 'Content Delivery Network', 'Crisp', 'Elementor', 'EmbedPress', 'Fireblade', 'Google', 'Google Analytics', 'Google My Business', 'Google Tag Manager', 'Hello Elementor', 'Instagram Follow Button', 'LiteSpeed', 'NFOrce Internet', 'Neighborhoods', 'PHP', 'Site Kit', 'Storyblocks', 'Theme In WP', 'UTF-8', 'WordPress', 'WordPress Multisite', 'YouTube', 'jQuery']"
omdiziworld.com,"Omdiziworld: Your Digital Source – The Future, Digitized.",,,55,1145,2026-09-14T11:09:41.949492449Z,"['AWS WAF Challenge', 'Alternate Protocol', 'Bunny Fonts', 'Content Delivery Network', 'Crisp', 'Elementor', 'ElementsKit Elementor', 'EmbedPress', 'Essential Addons for Elementor', 'Facebook Conversion Tracking', 'Facebook Login', 'Facebook Messenger Platform', 'Facebook Pixel', 'Facebook Reseller', 'Facebook Tag API', 'Google Adsense', 'Google Analytics', 'Google Cloud DNS', 'Google Font API', 'Google Funding Choices', 'Google Matched Content', 'Google Reseller', 'Google Tag Manager', 'LiteSpeed', 'NFOrce Internet', 'OceanWP', 'PHP', 'QUIC', 'Theme In WP', 'Twitter Ads', 'UTF-8', 'WPForms', 'WhatsApp Sharing', 'Woo Themes', 'WooCommerce Checkout', 'WordPress', 'WordPress Multisite', 'WordPress PopUp', 'jQuery']"
pivshowerinstallation.com,pivshowerinstallation.com,,,55,303,2026-09-14T09:07:34.925238088Z,"['Alternate Protocol', 'Content Delivery Network', 'Crisp', 'Elementor', 'EmbedPress', 'Google Analytics', 'Google Cloud DNS', 'Google Font API', 'Google Maps', 'Google My Business', 'Google Tag Manager', 'Hello Elementor', 'Instagram Follow Button', 'LiteSpeed', 'PHP', 'Theme In WP', 'UTF-8', 'WordPress', 'WordPress Multisite', 'Yelp Badge', 'jQuery']"
discplusprofiles.com,Buy Online DISC Assessment - DISC+Plus Profiles,DISC+Plus Profiles,USA,82,26565,2026-09-14T07:50:53.267149386Z,"['AWS WAF Challenge', 'Alternate Protocol', 'Amazon WAF Blocked', 'Apture Linking Platform', 'Calendly', 'Cloudflare', 'Content Delivery Network', 'Crisp', 'Divi', 'Easy Accordio', 'Elegant Themes', 'EmbedPress', 'FooBox', 'Google', 'Google Analytics', 'Google Cloud DNS', 'Google Font API', 'Google Related Website Sites', 'Google Tag Manager', 'Gravity', 'Gravity Forms', 'Instagram Follow Button', 'Mastodon', 'Microdata for Google Shopping', 'PHP', 'Pagekit', 'Popup Maker for Wordpress', 'QUIC', 'Smush Image Optimization', 'Stripe', 'Supreme Modules Lite', 'Theme In WP', 'Twitter Ads', 'UTF-8', 'University or College', 'Vector Internet Services', 'WP Engine', 'WP Rocket', 'WordPress', 'WordPress Multisite', 'YouTube', 'jQuery']"
techforge.in,Innovative Solutions : Top Software Companies in Salem,TechForge,IND,82,16178,2026-09-14T06:59:36.187150271Z,"['Apache', 'CDN JS', 'Calendly', 'Cloudflare', 'Cloudflare CDN', 'Clutch', 'Crisp', 'Font Awesome', 'GZIP Module', 'GoodFirms', 'Google Cloud DNS', 'Google Font API', 'IcoMoon', 'Instagram Follow Button', 'Lazy Load for WordPress', 'Microdata for Google Shopping', 'QUIC', 'Rush', 'Slider Revolution', 'Tailwind CSS', 'Tawk', 'Twitter Ads', 'University or College', 'WordPress', 'YouTube']"
digitalsignatureintegration.com,Digital Signature Integration | Digital Signature API,,IND,72,1758,2026-09-14T06:41:51.06848383Z,"['Bulma', 'Crisp', 'Google Analytics', 'Google My Business', 'Google Tag Manager', 'IcoMoon', 'LiteSpeed', 'Perl', 'QUIC', 'Tailwind CSS', 'Zoho SalesIQ', 'jQuery']"
sos-tape-recovery.com,Magnetic Tape Data Recovery in Switzerland | SOS Tape Recovery,SOS Data Recovery - tesweb SA,CHE,77,19604,2026-09-14T06:08:15.06788175Z,"['Alternate Protocol', 'Avis Verifies', 'Cloudflare', 'Cloudflare CDN', 'Crisp', 'Fireblade', 'Gambling Content', 'Google', 'Google Cloud DNS', 'Google Font API', 'Google Maps', 'Google My Business', 'Microdata for Google Shopping', 'PWA', 'UTF-8']"
nambisanctuary.org,Own your piece of conservation in a Costa Rican biological corridor,,CRI,87,19182,2026-09-14T04:05:12.397851653Z,"['Alternate Protocol', 'Crisp', 'Donorbox', 'DoubleClick Bid Manager', 'Express', 'Fireblade', 'Google', 'Google Cloud DNS', 'Google Font API', 'Google Maps', 'Google My Business', 'InitiativeS', 'Instagram Follow Button', 'Linktree', 'Microdata for Google Shopping', 'Perl', 'Tailwind CSS', 'Telegram', 'Thank You', 'YouTube', 'Zyro']"
reso360.com,Websites for restaurants | Done-for-you | RESO360,,,82,9328,2026-09-14T03:08:00.706354845Z,"['Alternate Protocol', 'Amazon CloudFront', 'ClickOn', 'CloudFront', 'Crisp', 'Duda', 'GZIP Module', 'Google Analytics', 'Google Related Website Sites', 'Google Tag Manager', 'Microdata for Google Shopping', 'Nginx', 'O360', 'QUIC', 'Tailwind CSS', 'UTF-8']"
stokk.ai,Stokk.ai - Coming Soon,,,67,12659,2026-09-13T23:43:41.034765748Z,"['Alternate Protocol', 'BunnyCDN', 'BunnyCDN General', 'Coming Soon Page', 'Content Delivery Network', 'Crisp', 'Google Cloud DNS', 'Google Font API', 'QUIC', 'RM Education', 'Tailwind CSS', 'Twitter Ads', 'UTF-8', 'Unicorn Platform']"
globhrc.com,Global Hills Reliance Capital Bank | Home,,USA,70,4280,2026-09-13T20:53:07.392942796Z,"['Alternate Protocol', 'Bold Themes', 'CDN JS', 'Cloudflare', 'Cloudflare CDN', 'Crisp', 'ETranslate', 'EmbedPress', 'GTranslate', 'Google Cloud DNS', 'Google Font API', 'Google My Business', 'InitiativeS', 'LiteSpeed', 'PHP', 'QUIC', 'Slider Revolution', 'Team Members', 'The Events Calendar', 'UTF-8', 'WPBakery', 'Woo Themes', 'WordPress', 'WordPress Multisite']"
faycouture.com,Luxury Abaya Dress for Women - Shop Best Abayas Online,Fay Couture,,67,4903,2026-09-13T20:41:58.210482607Z,"['Alternate Protocol', 'Apache', 'Apture Linking Platform', 'Contact Form Plugin', 'Content Delivery Network', 'Crisp', 'DAV', 'Elementor', 'ElementsKit Elementor', 'EmbedPress', 'FiboSearch', 'GZIP Module', 'Google Analytics', 'Google Related Website Sites', 'Google Tag Manager', 'Hello Elementor', 'Instagram Follow Button', 'Microdata for Google Shopping', 'NFOrce Internet', 'NitroPack', 'PHP', 'Premium Addons for Elementor', 'QUIC', 'Side Cart Woocommerce', 'Tidio', 'UTF-8', 'Variation Swatches for WooCommerce', 'Woo Themes', 'WooCommerce', 'WooCommerce Checkout', 'WooLentor', 'WordPress', 'WordPress Multisite']"
der-teppich-meister.de,Teppich Meister – Teppichreinigung vom Profi,,LIE,65,4546,2026-09-13T19:38:15.202537594Z,"['Alternate Protocol', 'Cloudflare', 'Crisp', 'Elementor', 'EmbedPress', 'GZIP Module', 'Google', 'Google Cloud CDN', 'Google Cloud DNS', 'Google Font API', 'Header, Footer and Blocks for Elementor', 'LoftLoader', 'Nginx', 'OceanWP', 'PHP', 'Theme In WP', 'UTF-8', 'W3 Total Cache', 'WPForms', 'Woo Themes', 'WordPress', 'WordPress Multisite', 'jQuery']"
gdbay.com,GDBAY – Games Industry Community Portal powered by AI,,,55,8300,2026-09-13T19:30:20.640953394Z,"['Alternate Protocol', 'Amazon WAF Blocked', 'Apture Linking Platform', 'Cloudflare', 'Cloudflare CDN', 'Cloudflare Web Analytics', 'Coming Soon Page', 'Crisp', 'Elementor', 'EmbedPress', 'Fireblade', 'Hello Elementor', 'Instagram Follow Button', 'LiteSpeed', 'NFOrce Internet', 'Shoelace Style', 'UTF-8', 'WordPress', 'WordPress Multisite', 'jQuery']"
caddcentre.lk,Home - CADD Centre,CADD Centre,LKA,70,57150,2026-09-13T19:19:21.468131044Z,"['Alternate Protocol', 'Content Delivery Network', 'Crisp', 'Custom Facebook Feed', 'DAV', 'Elementor', 'EmbedPress', 'Essential Addons for Elementor', 'Formidable Pro Form', 'Google', 'Google Analytics', 'Google Cloud DNS', 'Google Conversion Tracking', 'Google Font API', 'Google Tag Manager', 'Gravity', 'Instagram Follow Button', 'LearnPress', 'LiteSpeed', 'Microdata for Google Shopping', 'Oracle Cloud', 'PHP', 'Perl', 'PixelYourSite', 'Popup Maker for Wordpress', 'QUIC', 'SMC', 'Site Kit', 'Smart Slider 3', 'Theme In WP', 'UTF-8', 'University or College', 'Woo Themes', 'WooCommerce', 'WooCommerce Checkout', 'WordPress', 'WordPress Multisite', 'YouTube', 'eLand', 'jQuery']"
ama-qride.com.au,AMA Q-Ride - Motorcycle Training - Gold Coast,,AUS,77,103649,2026-09-13T18:18:07.011949206Z,"['Alternate Protocol', 'Apture Linking Platform', 'BookingTimes', 'Crisp', 'Financial Services Guide', 'Font Awesome', 'GZIP Module', 'Google Analytics', 'Google Cloud DNS', 'Google Font API', 'Google My Business', 'Google Tag Manager', 'K2F', 'KVH', 'Microdata for Google Shopping', 'Microsoft Azure', 'NFOrce Internet', 'No-Q', 'QUIC', 'SMC', 'Sentry', 'Silicon Valley Web Hosting', 'Subversion', 'UTF-8', 'Visual Studio']"
figment.so,Figment | Figma-to-Website in Seconds,,,70,30200,2026-09-13T17:57:48.377827824Z,"['Angular', 'Content Delivery Network', 'Crisp', 'Figma', 'Google', 'Google Analytics', 'Google Cloud CDN', 'Google Cloud DNS', 'Google Font API', 'Google Tag Manager', 'K2F', 'Material-UI', 'Next.js', 'Pleroma', 'Product Hunt', 'QUIC', 'Twitter Ads', 'Twitter CDN', 'UTF-8', 'Vercel']"
setmoney.app,SetMoney – Best Budgeting App and Expense Tracker,,,67,21979,2026-09-13T17:46:29.591971684Z,"['AWS WAF Challenge', 'Alternate Protocol', 'Coming Soon Page', 'Content Delivery Network', 'Crisp', 'Gambling Content', 'Google', 'Google Cloud DNS', 'Google Font API', 'Google Related Website Sites', 'Instagram Follow Button', 'Microdata for Google Shopping', 'Next.js', 'PWA', 'Pleroma', 'QUIC', 'Tailwind CSS', 'UTF-8', 'Vercel', 'Yandex Hosting', 'shadcn ui']"
proadvisorsolutions.com,Professional QuickBooks Bookkeeping Services | ProAdvisor Solutions,ProAdvisor Solutions,USA,77,61046,2026-09-13T16:33:05.676047199Z,"['AWS WAF Challenge', 'Alternate Protocol', 'Apache', 'Cloudflare', 'Cloudflare CDN', 'Crisp', 'DAV', 'EmbedPress', 'GZIP Module', 'Google', 'Google Analytics', 'Google Cloud DNS', 'Google Font API', 'Google My Business', 'Google Related Website Sites', 'Google Tag Manager', 'IcoMoon', 'Instagram Follow Button', 'Jetpack', 'Line2', 'LiteSpeed', 'Microdata for Google Shopping', 'Neve', 'QUIC', 'QUIC.cloud', 'Sage Intacct', 'Sitelinks Search Box', 'Twitter Ads', 'UTF-8', 'W3 Total Cache', 'WPBakery', 'WordPress', 'WordPress Multisite', 'WordPress Stats', 'jsDelivr']"
nessaskitchenpbc.com,Nessa's Kitchen PBC | Official Site,,USA,70,27651,2026-09-13T16:10:15.865179184Z,"['Alternate Protocol', 'Astra Theme', 'ChowNow', 'Cloudflare', 'CoBlocks', 'Contact Form Plugin', 'Content Delivery Network', 'Crisp', 'Elementor', 'ElementsKit Elementor', 'EmbedPress', 'Essential Addons for Elementor', 'Exclusive Addons for Elementor', 'GoDaddy', 'Google Cloud DNS', 'Google Font API', 'Google Maps', 'Google My Business', 'Header, Footer and Blocks for Elementor', 'Instagram Follow Button', 'Line2', 'M247', 'NFOrce Internet', 'PHP', 'The Events Calendar', 'Theme In WP', 'UTF-8', 'WPForms', 'Website Tonight', 'Woo Themes', 'WooCommerce', 'WooCommerce Checkout', 'WordPress', 'WordPress Multisite', 'WordPress Related Posts', 'jQuery', 'myStickymenu', 'reCAPTCHA']"
rrsoft.us,RR SOFT LLC | Official Microsoft Partner | Genuine Licenses,RR Soft LLC,USA,82,27445,2026-09-13T14:36:10.571954849Z,"['Alternate Protocol', 'Automattic', 'Content Delivery Network', 'Crisp', 'Elementor', 'EmbedPress', 'Google Analytics', 'Google Cloud DNS', 'Google Font API', 'Google Related Website Sites', 'Google Tag Manager', 'Gtranslate for Wordpress', 'Hello Elementor', 'Jetpack', 'LiteSpeed', 'M247', 'Microdata for Google Shopping', 'NFOrce Internet', 'PHP', 'Site Kit', 'SiteW', 'SiteWit', 'Sitelinks Search Box', 'Theme In WP', 'UTF-8', 'Woo Themes', 'WooCommerce', 'WooCommerce Checkout', 'WooCommerce Payments', 'WooCommerce Stripe Payment Gateway', 'WordPress', 'WordPress Multisite', 'WordPress Stats', 'Yandex Hosting', 'jQuery']"
bostonnexus.org,Boston Nexus – For Global Studies,,USA,65,20588,2026-09-13T14:25:46.171792964Z,"['AWS WAF Challenge', 'Alibaba Cloud CDN', 'Alternate Protocol', 'Astra Theme', 'Cloudflare', 'Cloudflare CDN', 'Crisp', 'DAV', 'Elementor', 'ElementsKit Elementor', 'EmbedPress', 'Google', 'Google Cloud DNS', 'Google Font API', 'Google My Business', 'InitiativeS', 'LiteSpeed', 'NFOrce Internet', 'PHP', 'QUIC', 'Theme In WP', 'UTF-8', 'Woo Themes', 'WordPress', 'WordPress Multisite', 'WordPress Related Posts', 'YouTube', 'jQuery']"
b5s4parts.com,Home - b5s4parts.com,b5s4parts.com,,60,11356,2026-09-13T13:50:29.714160618Z,"['Alternate Protocol', 'Contact Form Plugin', 'Content Delivery Network', 'CoreShop', 'Crisp', 'Elementor', 'EmbedPress', 'Fireblade', 'Google', 'Google Analytics', 'Google Cloud CDN', 'Google Cloud DNS', 'Google Font API', 'Google Related Website Sites', 'Google Tag Manager', 'IcoMoon', 'LiteSpeed', 'Microdata for Google Shopping', 'NFOrce Internet', 'Onyx Internet', 'PHP', 'QUIC', 'Slider Revolution', 'Tailwind CSS', 'TemplateMela', 'Theme In WP', 'Tidio', 'UTF-8', 'Woo Themes', 'WooCommerce', 'WooCommerce Checkout', 'WordPress', 'WordPress Multisite', 'jQuery']"
darkbluestudios.net,DarkBlue | 3D Animation Studio,,TUR,60,372,2026-09-13T13:19:55.007901428Z,"['Alternate Protocol', 'Bulma', 'Crisp', 'Elementor', 'EmbedPress', 'Essentials Theme', 'Google Cloud DNS', 'Google Font API', 'Instagram Follow Button', 'PHP', 'QUIC', 'Tailwind CSS', 'Theme In WP', 'UTF-8', 'WordPress', 'WordPress Multisite', 'YouTube', 'jQuery']"
bildusjen.no,Bildusjen – Børsteløs bilvask – Godfølelsen av ren bil,,,67,77939,2026-09-13T12:25:24.06046771Z,"['Accordion Blocks', 'Accordion FAQ', 'Adobe Creative Cloud WebFonts', 'Aruba', 'Cookie Information', 'Crisp', 'Express', 'GZIP Module', 'Google My Business', 'Instagram Follow Button', 'Line2', 'Magento Enterprise', 'Microdata for Google Shopping', 'QUIC', 'SiteW', 'Squarespace', 'UTF-8', 'WordPress SEO Structured Data Schema Plugin', 'eLand']"
hugluxx.com,hugluxx,,CHN,60,637,2026-09-13T10:18:44.14911635Z,"['Alternate Protocol', 'CDN JS', 'Cloudflare', 'Cloudflare CDN', 'Contact Form Plugin', 'Crisp', 'EmbedPress', 'Flatsome', 'GZIP Module', 'Google', 'Google Cloud DNS', 'Google Font API', 'IcoMoon', 'Nginx', 'PHP', 'Pagekit', 'QUIC', 'Tailwind CSS', 'Theme In WP', 'UTF-8', 'WP Rocket', 'Woo Themes', 'WooCommerce', 'WooCommerce Checkout', 'WordPress', 'WordPress Multisite', 'YouTube', 'jQuery', 'jsDelivr', 'shadcn ui']"
kolhatkarintriorstudio.com,Kolhatkar Interior Studio,,IND,75,2202,2026-09-13T09:52:09.748881821Z,"['Alternate Protocol', 'Apache', 'Cloudflare', 'Contact Form Plugin', 'Content Delivery Network', 'Crisp', 'EmbedPress', 'Express', 'Flatsome', 'GZIP Module', 'IcoMoon', 'Instagram Follow Button', 'Microdata for Google Shopping', 'PHP', 'Popup Maker for Wordpress', 'Tailwind CSS', 'Theme In WP', 'UTF-8', 'WPForms', 'WhatsApp Sharing', 'WordPress', 'WordPress Multisite', 'YouTube', 'jQuery', 'shadcn ui']"
happyproductions.live,Home,,CAN,65,3598,2026-09-13T09:32:46.909004854Z,"['Alternate Protocol', 'Amazon CloudFront', 'Amazon WAF Blocked', 'CloudFront', 'Crisp', 'Duda', 'Eventbrite', 'GZIP Module', 'Google Analytics', 'Google Tag Manager', 'Instagram Follow Button', 'Metricool', 'Nginx', 'PWA', 'PayPal Adaptive Payments', 'QUIC', 'Tailwind CSS', 'UTF-8', 'UserWay']"
kobiol.it,Kobiol - Laboratorio Analisi Mediche e Biologiche,,,62,2639,2026-09-13T05:37:38.824648417Z,"['Alternate Protocol', 'Aruba', 'Azion', 'Crisp', 'Font Awesome', 'GZIP Module', 'Tailwind CSS']"
tuscanvalleyrealty.com,Home | Santa Teresa New Mexico | Tuscan Valley Realty,,USA,77,4108,2026-09-13T04:01:39.956234246Z,"['Alternate Protocol', 'Amazon CloudFront', 'CloudFront', 'Crisp', 'Duda', 'GZIP Module', 'Idaq', 'Microdata for Google Shopping', 'Nginx', 'Tailwind CSS', 'UTF-8']"
caribbeanwarehouse.co.uk,Caribbean Warehouse Holidays 2026/2027 | All-Inclusive Destinations,,GBR,82,116728,2026-09-13T03:39:04.900465261Z,"['AWS WAF Challenge', 'Aruba', 'BloomReach', 'Cloudflare', 'Cloudflare CDN', 'Cloudflare Turnstile', 'Cloudflare Web Analytics', 'Corporate Governance and Regulatory Compliance', 'Crisp', 'Digital Ocean Spaces', 'Express', 'Facebook Login', 'Facebook Messenger Platform', 'Facebook Pixel', 'Facebook Reseller', 'Facebook Tag API', 'Fireblade', 'Google Analytics', 'Google Tag Manager', 'Hotjar', 'Instagram Follow Button', 'Iubenda', 'Microdata for Google Shopping', 'Pico CSS', 'ResponseiQ', 'Ruler Analytics', 'Trustpilot Reviews for WordPress', 'Twitter Ads', 'UTF-8', 'YouTube']"
horusir.com,Home | Horus Infrared,,IND,80,16140,2026-09-12T23:33:46.518314547Z,"['Bulma', 'CDN JS', 'Cloudflare', 'Cloudflare CDN', 'Crisp', 'Easy Pie Chart', 'Fireblade', 'Instagram Follow Button', 'QUIC', 'Subversion', 'Tailwind CSS', 'Twitter Ads', 'UTF-8', 'YouTube', 'jQuery']"
gywv.net,GYWV | Build the future,,,57,363,2026-09-12T23:33:46.476211522Z,"['Crisp', 'Google', 'Google Cloud DNS', 'Google Font API', 'LiteSpeed', 'QUIC', 'Tailwind CSS']"
liated.cz,Homepage | liated.cz,,CZE,65,16180,2026-09-12T17:37:22.324836431Z,"['AJAX Libraries API', 'Crisp', 'Express', 'Fireblade', 'GZIP Module', 'Google Analytics', 'Google Cloud DNS', 'Google Tag Manager', 'QUIC', 'UTF-8', 'jQuery', 'jsDelivr', 'shadcn ui']"
medicaurosim.com,MedicaUroSim | Medical Simulations,,TUR,72,11547,2026-09-12T17:14:13.485574004Z,"['ADFOX', 'AutoComplete', 'CDN JS', 'Cloudflare', 'Cloudflare CDN', 'Crisp', 'DAV', 'IcoMoon', 'Instagram Follow Button', 'NFOrce Internet', 'Placehold IT', 'QUIC', 'Slider Revolution', 'Tailwind CSS', 'Twitter Ads', 'UTF-8', 'University or College', 'Yandex Hosting', 'Yandex Metrika', 'YouTube']"
blazeott.com,BlazeOTT – Best IPTV Service for Your Smart Device,,,60,1063,2026-09-12T15:44:50.342706781Z,"['AWS WAF Challenge', 'Alternate Protocol', 'Astra Theme', 'Cloudflare', 'Cloudflare CDN', 'Content Delivery Network', 'Crisp', 'Elementor', 'EmbedPress', 'Essential Addons for Elementor', 'Essential Blocks for Gutenberg', 'Express', 'GZIP Module', 'Google', 'Google Cloud DNS', 'Google Font API', 'Google My Business', 'Google Related Website Sites', 'Header, Footer and Blocks for Elementor', 'Instagram Follow Button', 'NFOrce Internet', 'Nginx', 'PHP', 'QUIC', 'Table Addons for Elementor', 'Theme In WP', 'Twitter Ads', 'UTF-8', 'Woo Themes', 'WooCommerce', 'WooCommerce Checkout', 'WordPress', 'WordPress Multisite', 'WordPress Related Posts', 'jQuery']"
tvtaiv.com,Business TV advertising and venue revenue | Taiv,,USA,77,58772,2026-09-12T15:30:26.285142343Z,"['AWS WAF Challenge', 'Amazon WAF Blocked', 'Apture Linking Platform', 'Astro', 'Bing Cashback', 'Calendly', 'Cloudflare', 'Cloudflare CDN', 'Content Delivery Network', 'Crisp', 'DoubleClick Bid Manager', 'Facebook Reseller', 'Gambling Content', 'Google Analytics', 'Google Cloud DNS', 'Google My Business', 'Google Tag Manager', 'Instagram Follow Button', 'LinkedIn Pixel', 'Microdata for Google Shopping', 'Microsoft Clarity', 'OpenAI', 'QUIC', 'Tailwind CSS', 'Vignette OpenText', 'shadcn ui']"
umuly.com,Umuly Software,,,67,11548,2026-09-12T14:50:21.82059128Z,"['Angular', 'Cloudflare', 'Cloudflare CDN', 'Crisp', 'ETranslate', 'FreeCSSTemplates', 'Google Analytics', 'Google Cloud DNS', 'Google Font API', 'Google Tag Manager', 'IcoMoon', 'Microsoft Azure', 'Microsoft IIS', 'Ntent', 'Tailwind CSS', 'UTF-8', 'Vector Internet Services', 'YouTube']"
kraftinox.ro,"kraftinox – Precizie în inox: creșterea calității, îmbunătățirea vieții",,ROU,65,237511,2026-09-12T14:02:59.781896656Z,"['ADFOX', 'AWS WAF Challenge', 'Active Campaign', 'AdRoll', 'AddThis for Wordpress', 'Affiliatly', 'Afterpay', 'Alternate Protocol', 'Amazon Associates Affiliate Shop', 'Amazon WAF Blocked', 'Amped', 'Amplitude', 'Automattic', 'Bing Cashback', 'Bing Conversion Tracking', 'Blocksy', 'ByteDance', 'Calendly', 'Clicky', 'Cloudflare', 'Cloudflare CDN', 'Cloudflare Web Analytics', 'Commission Junction', 'Crisp', 'Criteo', 'Criteo Reseller', 'Crowdsignal', 'DemDex', 'Disqus Comment System for WordPress', 'DoubleClick Bid Manager', 'Drift', 'Drip', 'ETranslate', 'Elementor', 'EmbedPress', 'Facebook Embedded Posts', 'Facebook Login', 'Facebook Messenger Platform', 'Facebook Reseller', 'Fomo', 'Freshdesk Support', 'Freshworks Bot', 'GTranslate', 'Google', 'Google Analytics', 'Google Cloud CDN', 'Google Cloud DNS', 'Google Font API', 'Google Maps', 'Google Matched Content', 'Google My Business', 'Google Reseller', 'Google Tag Manager', 'Hello Bar', 'Hubspot', 'Impact', 'Inspectlet', 'Instagram Follow Button', 'Intercom', 'Jetpack', 'JustUno', 'Klarna', 'Klaviyo', 'LiveChat', 'LiveChat Monitoring', 'MailChimp', 'Matomo', 'Microsoft Clarity', 'Mixpanel', 'Monster', 'Mouseflow', 'NFOrce Internet', 'Olark', 'OptinMonster', 'Outbrain Direct', 'PHP', 'PayPal Adaptive Payments', 'Platform.sh', 'Plausible Analytics', 'Popup Maker for Wordpress', 'Popupsmart', 'Privy', 'Proof', 'RM Education', 'Rakuten Affiliate', 'Referral Candy', 'Refersion', 'Seflow Italy', 'Segment', 'ShareASale', 'ShareThis Share Buttons for WordPress', 'Simple Analytics', 'Sleeknote', 'Smart Slider 3', 'Smile IO', 'Stripe', 'Sumo', 'Swell Rewards', 'Taboola Direct', 'Taboola Reseller', 'Theme In WP', 'TradeDoubler', 'Twitter Ads', 'Twitter Analytics', 'Typeform', 'UTF-8', 'Unbounce', 'Vimeo', 'WPForms', 'Wisepops', 'Wistia', 'Woo Themes', 'WooCommerce', 'WooCommerce Checkout', 'WordPress', 'WordPress Multisite', 'WordPress Stats', 'Yandex Hosting', 'Yotpo', 'YouTube', 'eLand', 'hCaptcha', 'hCaptcha for WordPress', 'jQuery', 'reCAPTCHA', 'shadcn ui']"
rcominc.com,RCOM Inc. – Manufacturer's Representative,,,50,8083,2026-09-12T13:39:42.408268116Z,"['Alternate Protocol', 'Content Delivery Network', 'Crisp', 'Elementor', 'EmbedPress', 'Fireblade', 'Google', 'Google Analytics', 'Google Cloud CDN', 'Google Cloud DNS', 'Google Font API', 'Google Tag Manager', 'Newsletter for Wordpress', 'Nginx', 'OceanWP', 'SiteGround Optimizer', 'Tailwind CSS', 'UTF-8', 'WP Mobile Menu', 'WPForms', 'Woo Themes', 'WooCommerce Checkout', 'WordPress', 'WordPress Multisite', 'WordPress Related Posts']"
thesmfactory.org,The Social Media Factory,,,60,702,2026-09-12T12:55:58.366408692Z,"['AutoComplete', 'CDN JS', 'Cloudflare', 'Cloudflare CDN', 'Crisp', 'Facebook Conversion Tracking', 'Facebook Login', 'Facebook Messenger Platform', 'Facebook Pixel', 'Facebook Reseller', 'Facebook Tag API', 'Font Awesome', 'GZIP Module', 'Google Cloud DNS', 'Google Font API', 'IcoMoon', 'Instagram Follow Button', 'Nginx', 'PHP', 'Parallels Plesk Panel', 'Tailwind CSS', 'UTF-8']"
homecareliving.co.uk,Home - Homecare,Homecare,,55,28546,2026-09-12T12:06:46.799026251Z,"['Alternate Protocol', 'Apache', 'Content Delivery Network', 'Cornerstone', 'Crisp', 'DAV', 'Elementor', 'EmbedPress', 'Ethy', 'Facebook Conversion Tracking', 'Facebook Login', 'Facebook Messenger Platform', 'Facebook Pixel', 'Facebook Reseller', 'Facebook Tag API', 'Financial Services Guide', 'GZIP Module', 'Google Analytics', 'Google Tag Manager', 'Hello Elementor', 'K2F', 'KVH', 'Microdata for Google Shopping', 'NFOrce Internet', 'No-Q', 'PHP', 'Paessler', 'QUIC', 'SMC', 'Subversion', 'Theme In WP', 'UTF-8', 'University or College', 'WordPress', 'WordPress Multisite', 'YouTube', 'Zope', 'jQuery']"
rempahwarisanbernam.net,Rempah Warisan Bernam | Industrial Excellence & Pure Heritage,,MYS,92,18664,2026-09-12T09:46:55.232891615Z,"['AWS WAF Challenge', 'Alternate Protocol', 'Cloudflare', 'Cloudflare CDN', 'Cloudflare Web Analytics', 'Content Delivery Network', 'Crisp', 'ElementUI', 'Facebook Conversion Tracking', 'Facebook Login', 'Facebook Messenger Platform', 'Facebook Pixel', 'Facebook Reseller', 'Facebook Tag API', 'Google', 'Google Adsense', 'Google Analytics', 'Google Cloud CDN', 'Google Cloud DNS', 'Google Font API', 'Google Funding Choices', 'Google Matched Content', 'Google My Business', 'Google Reseller', 'Google Tag Manager', 'Instagram Follow Button', 'Microdata for Google Shopping', 'Microsoft Clarity', 'Placehold IT', 'ShareThis', 'Squid', 'Unsplash', 'WordPress', 'shadcn ui']"
monkeystudios.pro,"Monkey Studios - Animation, video and podcast partner",,PHL,72,21613,2026-09-12T09:26:18.495535802Z,"['Astro', 'CookieYes', 'Crisp', 'Google Analytics', 'Google Tag Manager', 'M247', 'Tailwind CSS', 'Vimeo', 'shadcn ui']"
pharmacypk.com,Home - All kind of Imported Adult Products available.,All kind of Imported Adult Products available. 03455708242,ITA,77,24214,2026-09-12T05:42:06.721038868Z,"['AWS WAF Challenge', 'Alternate Protocol', 'Cloudflare', 'Cloudflare CDN', 'Contact Form Plugin', 'Creative Mail by Constant Contact', 'Crisp', 'Customer Reviews for WooCommerce', 'Elementor', 'ElementsKit Elementor', 'EmbedPress', 'Google', 'Google Cloud DNS', 'Google Font API', 'Google My Business', 'IcoMoon', 'Join.chat', 'Livemesh Addons for Elementor', 'Microdata for Google Shopping', 'NFOrce Internet', 'Newsletter for Wordpress', 'OceanWP', 'OneSignal', 'PHP', 'Premium Addons for Elementor', 'QUIC', 'Sassy Social Share', 'TI WooCommerce Wishlist', 'Tailwind CSS', 'Theme In WP', 'UTF-8', 'WP Mobile Menu', 'WPForms', 'Woo Themes', 'WooCommerce', 'WooCommerce Checkout', 'WordPress', 'WordPress Multisite', 'jQuery']"
tradoxvps.com,Trading VPS for Futures & Polymarket and Kalshi Bots - TradoxVPS,TradoxVPS,GBR,87,21476,2026-09-12T03:09:36.884637396Z,"['Alternate Protocol', 'Apache', 'Coming Soon Page', 'Crisp', 'DAV', 'Elementor', 'EmbedPress', 'Fireblade', 'Flat Icon', 'GZIP Module', 'Google', 'Google Analytics', 'Google Cloud DNS', 'Google Conversion Tracking', 'Google Font API', 'Google Related Website Sites', 'Google Tag Manager', 'Hello Elementor', 'Microdata for Google Shopping', 'Microsoft Clarity', 'NFOrce Internet', 'PHP', 'Theme In WP', 'TradingView', 'UTF-8', 'WordPress', 'WordPress Multisite', 'YouTube', 'eLand', 'jQuery', 'jsDelivr']"
mogul.ee,"Saunamogul — Outdoor Saunas, Hot Tubs & Sauna Heaters",Saunamogul,DEU,67,68787,2026-09-12T02:46:57.191200674Z,"['AWS WAF Challenge', 'Alternate Protocol', 'Apache', 'Cloudflare', 'Cloudflare CDN', 'Crisp', 'EmbedPress', 'GZIP Module', 'Google', 'Google Analytics', 'Google My Business', 'Google Tag Manager', 'Microdata for Google Shopping', 'PHP', 'Polylang', 'SMC', 'Theme In WP', 'UTF-8', 'Woo Themes', 'WooCommerce', 'WooCommerce Checkout', 'WordPress', 'WordPress Multisite', 'jQuery']"
mosttalentedcouture.com,"Mosttalented Couture - Timeless, bespoke bridal and couture garments",,,55,501,2026-09-12T01:13:07.036549056Z,"['Amazon WAF Blocked', 'Crisp', 'Elementor', 'EmbedPress', 'Font Awesome', 'Google', 'Google Cloud CDN', 'Google Cloud DNS', 'Google Font API', 'Instagram Follow Button', 'LiteSpeed', 'PHP', 'QUIC', 'Slider Revolution', 'UTF-8', 'WhatsApp Sharing', 'WordPress', 'WordPress Multisite', 'YouTube']"
abclanguages.com,International Language Centres | Cambridge,,CAN,72,10099,2026-09-11T23:54:28.357783397Z,"['AJAX Libraries API', 'Amazon', 'Amazon CloudFront', 'Animate It', 'CDN JS', 'CloudFront', 'Cloudflare', 'Cloudflare CDN', 'Content Delivery Network', 'Conversion AI', 'CookieYes', 'Crisp', 'Facebook Conversion Tracking', 'Facebook Login', 'Facebook Messenger Platform', 'Facebook Pixel', 'Facebook Reseller', 'Facebook Tag API', 'GZIP Module', 'Google', 'Google Analytics', 'Google Cloud DNS', 'Google Font API', 'Google Related Website Sites', 'Google Tag Manager', 'Instagram Follow Button', 'Jetboost', 'QUIC', 'Tailwind CSS', 'Thank You', 'UTF-8', 'University or College', 'WF Cookie Consent', 'Webflow', 'YouTube', 'jsDelivr']"
s2gacademy.com,S2G SOLUTIONS — Coming Soon,,IND,35,363,2026-09-11T23:04:37.541042985Z,"['Coming Soon Page', 'Content Delivery Network', 'Crisp', 'Google', 'Google Cloud DNS', 'Google Font API', 'Netlify', 'UTF-8']"
mybcins.com,BC Commercial Insurance Services – Commercial Insurance,,USA,70,41160,2026-09-11T21:01:33.611095364Z,"['Alternate Protocol', 'Better Lead Generation Services', 'Content Delivery Network', 'Crisp', 'Elementor', 'EmbedPress', 'Express', 'Fastly', 'Fireblade', 'GZIP Module', 'GetResponse', 'Google Analytics', 'Google Cloud DNS', 'Google Font API', 'Google Maps', 'Google My Business', 'Google Tag Manager', 'Hello Elementor', 'M247', 'Nginx', 'QUIC', 'Table Addons for Elementor', 'UTF-8', 'University or College', 'WordPress', 'WordPress Multisite', 'jQuery', 'reCAPTCHA']"
mealprepsundayservice.com,All-in-One Meal Prep Service for Your Fitness Goals | Meal Prep Sunday,,USA,92,72897,2026-09-11T19:59:14.72087668Z,"['3 Products', 'AWS WAF Challenge', 'Alternate Protocol', 'Amazon WAF Blocked', 'Angular', 'App Store', 'Apture Linking Platform', 'Cisco/Arrowpoint Content Service Switch', 'Cloudflare', 'Cloudflare CDN', 'Coming Soon Page', 'Content Delivery Network', 'Crisp', 'DAV', 'Elementor', 'EmbedPress', 'Express', 'Facebook Login', 'Facebook Messenger Platform', 'Facebook Pixel', 'Facebook Reseller', 'Fireblade', 'Font Awesome', 'FreeCSSTemplates', 'Google', 'Google Analytics', 'Google My Business', 'Google Play', 'Google Related Website Sites', 'Google Tag Manager', 'Hotjar', 'InitiativeS', 'Instagram Follow Button', 'Line2', 'Microdata for Google Shopping', 'NFOrce Internet', 'PHP', 'Perl', 'QUIC', 'TablePress', 'The Fresh', 'Theme In WP', 'UTF-8', 'Vercel', 'Woo Themes', 'WooCommerce', 'WooCommerce Checkout', 'WordPress', 'WordPress Multisite', 'YouTube', 'eLand', 'jQuery']"
cbmforum.com.ua,CBMFORUM,,,62,25795,2026-09-11T17:39:21.797744413Z,"['Alternate Protocol', 'Bulma', 'Cloudflare', 'Cloudflare CDN', 'Cloudflare Web Analytics', 'Contact Form Plugin', 'Crisp', 'Elementor', 'EmbedPress', 'Fancybox for WordPress', 'Fireblade', 'Font Awesome', 'GTranslate', 'Google', 'Google Analytics', 'Google Cloud CDN', 'Google Cloud DNS', 'Google Font API', 'Google My Business', 'Google Tag Manager', 'IcoMoon', 'Instagram Follow Button', 'Microdata for Google Shopping', 'PHP', 'Pico CSS', 'Telegram', 'Theme In WP', 'UTF-8', 'Vector Internet Services', 'WordPress', 'WordPress Multisite', 'YouTube', 'jQuery', 'jsDelivr', 'reCAPTCHA']"
coingenerator.sh,CoinGenerator | Supercharge your project with your own energy-efficient cryptocurrency,,,72,54098,2026-09-11T11:35:52.005584949Z,"['Alternate Protocol', 'Content Delivery Network', 'Crisp', 'GitHub Hosting', 'Google', 'Google Analytics', 'Google Cloud DNS', 'Google Font API', 'Google Tag Manager', 'Medium', 'Netlify', 'Nuxt.js', 'SMC', 'Tally', 'UTF-8']"
healthcore.org.uk,HealthCore | Nurse-led training in the East Midlands,,GBR,82,18580,2026-09-11T10:22:16.557056927Z,"['AWS WAF Challenge', 'Alternate Protocol', 'Cloudflare', 'Cloudflare CDN', 'Content Delivery Network', 'Crisp', 'DoubleClick Bid Manager', 'Facebook Reseller', 'Google', 'Google Analytics', 'Google Cloud DNS', 'Google Customer Reviews', 'Google Font API', 'Google My Business', 'Google Tag Manager', 'Instagram Follow Button', 'Microdata for Google Shopping', 'Stripe', 'UTF-8']"
mysbm-assistance.com,Mysbm Assistance - Home,,,62,16140,2026-09-11T05:13:32.281824825Z,"['AWS WAF Challenge', 'Crisp', 'Federal Deposit Insurance Corporation', 'InitiativeS', 'Microdata for Google Shopping', 'Nginx', 'PHP', 'PWA', 'QUIC', 'Schema Plugin', 'Tailwind CSS', 'UTF-8']"
serpyx.io,Google Search API — Real-time Google SERPs as JSON | Serpyx,Serpyx,,57,9560,2026-09-11T04:04:26.15162088Z,"['AWS WAF Challenge', 'Baidu Cloud', 'Calendly', 'Cloudflare', 'Cloudflare CDN', 'Cloudflare Web Analytics', 'Content Delivery Network', 'Crisp', 'DC74', 'Fireblade', 'GitHub Hosting', 'Google Analytics', 'Google My Business', 'Google Tag Manager', 'Microdata for Google Shopping', 'Next.js', 'OpenAI', 'Pleroma', 'Sitelinks Search Box', 'Tailwind CSS', 'Twitter Ads', 'UTF-8', 'Yandex Hosting', 'shadcn ui']"
belaydiagnostics.com,Belay Diagnostics | CSF Liquid Biopsy for CNS Cancer,Belay Diagnostics,USA,82,25279,2026-09-11T03:25:27.616513121Z,"['Alternate Protocol', 'BetterDocs', 'Content Delivery Network', 'CookieConsent', 'Crisp', 'Elementor', 'EmbedPress', 'Fastly', 'GZIP Module', 'Google Analytics', 'Google Tag Manager', 'Gravity', 'HubSpot Conversations', 'HubSpot WordPress Plugin', 'Hubspot', 'Instagram Follow Button', 'Lazy Load for WordPress', 'Microdata for Google Shopping', 'NFOrce Internet', 'Nginx', 'PHP', 'Sitelinks Search Box', 'Theme In WP', 'UTF-8', 'Woo Themes', 'WordPress', 'WordPress Multisite', 'jQuery']"
zietz.se,ZiETZ | Get your communication moving,ZiETZ,SWE,77,14748,2026-09-11T03:12:04.84668329Z,"['Alternate Protocol', 'Crisp', 'Elementor', 'EmbedPress', 'Essential Addons for Elementor', 'Google Analytics', 'Google Cloud DNS', 'Google Font API', 'Google My Business', 'Google Related Website Sites', 'Google Tag Manager', 'Hello Elementor', 'HubSpot WordPress Plugin', 'Instagram Follow Button', 'LoftLoader', 'Microdata for Google Shopping', 'NFOrce Internet', 'Nginx', 'OoohBoi Steroids for Elementor', 'PHP', 'Perl', 'UTF-8', 'Vimeo', 'WordPress', 'WordPress Multisite', 'YouTube', 'eLand', 'jQuery', 'reCAPTCHA']"
spis-toolbox.org,SPIS Toolbox | Calculates Dimensioning of Solar Powered Irrigation,Water and Energy for Food – Sun for Water,,67,23318,2026-09-11T03:12:04.840733735Z,"['Alternate Protocol', 'Autoptimize', 'CookieYes', 'Crisp', 'Elementor', 'EmbedPress', 'GZIP Module', 'Google Related Website Sites', 'KVH', 'Microdata for Google Shopping', 'Nginx', 'OceanWP', 'PHP', 'QUIC', 'Subversion', 'Theme In WP', 'TranslatePress', 'UTF-8', 'WP Mobile Menu', 'WP Super Cache', 'WPForms', 'Woo Themes', 'WooCommerce Checkout', 'WordPress', 'WordPress Multisite', 'jQuery']"
upleveled.io,Learn to code. Design your future. - UpLeveled,,NLD,77,7429,2026-09-10T22:57:25.040863286Z,"['Bizo', 'Calendly', 'Content Delivery Network', 'CookieYes', 'Crisp', 'DoubleClick Bid Manager', 'Eventbrite', 'Facebook Conversion Tracking', 'Facebook Login', 'Facebook Messenger Platform', 'Facebook Pixel', 'Facebook Reseller', 'Facebook Tag API', 'GitHub Hosting', 'Google', 'Google Analytics', 'Google Cloud CDN', 'Google Cloud DNS', 'Google Font API', 'Google Matched Content', 'Google My Business', 'Google Reseller', 'Google Tag Manager', 'Instagram Follow Button', 'LinkedIn Insights', 'LinkedIn Pixel', 'Netlify', 'Next.js', 'Oribi Analytics', 'PWA', 'Tailwind CSS', 'UTF-8', 'University or College', 'reCAPTCHA', 'shadcn ui']"
ehvajwellery.com,Trending Korean Jewellery for Every Occasion – Ehva Jwellery,,IND,77,48644,2026-09-10T19:39:56.909874845Z,"['Alternate Protocol', 'Amazon WAF Blocked', 'Apture Linking Platform', 'Baidu Cloud', 'Cloudflare', 'Cloudflare CDN', 'Crisp', 'Fastly', 'Fireblade', 'IcoMoon', 'Instagram Follow Button', 'Microdata for Google Shopping', 'NFOrce Internet', 'Perl', 'QUIC', 'Shopify', 'Shopify Collabs', 'Snowplow', 'Thank You', 'UTF-8', 'Yandex Hosting', 'YouTube', 'hCaptcha', 'reCAPTCHA']"
motoroad.lt,Motoroad.lt,,,72,44080,2026-09-10T19:18:04.38521558Z,"['CDN JS', 'Cloudflare', 'Cloudflare CDN', 'Crisp', 'Google', 'Google Analytics', 'Google Cloud DNS', 'Google Font API', 'Google Forms', 'Google My Business', 'Google Tag Manager', 'Instagram Follow Button', 'StatCounter', 'Tailwind CSS', 'Vignette OpenText', 'YouTube', 'jsDelivr', 'shadcn ui']"
ekline.io,EkLine: Developer docs that improve themselves.,,,72,213616,2026-09-10T19:09:00.195662123Z,"['AI Log', 'AJAX Libraries API', 'Amazon', 'Amazon CloudFront', 'Amazon Route 53', 'Animate It', 'Apollo IO', 'CloudFront', 'Content Delivery Network', 'Crisp', 'DAV', 'Financial Services Guide', 'GZIP Module', 'GitHub Hosting', 'Google', 'Google Cloud DNS', 'Google Font API', 'Google My Business', 'Google Tag Manager', 'Intellimize', 'K2F', 'KVH', 'No-Q', 'Oddle', 'SMC', 'Socure', 'Subversion', 'Tailwind CSS', 'UTF-8', 'Vercel', 'WF Cookie Consent', 'YouTube', 'jsDelivr']"
cleanfactoryus.com,CLEAN FACTORY TRUSTED DEALER – PREMIUM 1:1 ROLEX SUPER CLONES,CLEAN FACTORY,FRA,82,23449,2026-09-10T18:33:01.373489667Z,"['Alternate Protocol', 'Amazon WAF Blocked', 'Crisp', 'Elementor', 'EmbedPress', 'FiboSearch', 'Fireblade', 'GZIP Module', 'Lazy Load for WordPress', 'License Buttons', 'Microdata for Google Shopping', 'NFOrce Internet', 'Nginx', 'PHP', 'TI WooCommerce Wishlist', 'Telegram', 'Theme In WP', 'UTF-8', 'Vector Internet Services', 'WP Rocket', 'WP Statistics', 'WhatsApp Sharing', 'Woo Themes', 'WooCommerce', 'WooCommerce Checkout', 'WooFramework', 'Woostify', 'WordPress', 'WordPress Multisite', 'YouTube', 'jQuery']"
healthvalleyclinic.com,Health Valley - health fitness,healthvalleyclinic,TUR,82,75362,2026-09-10T16:46:17.273457929Z,"['AWS WAF Challenge', 'Alternate Protocol', 'Automattic', 'BatCache', 'Cloudflare', 'Cloudflare CDN', 'Content Delivery Network', 'Crisp', 'DAV', 'EmbedPress', 'Ethy', 'Fastly', 'FormSubmit', 'Google', 'Google My Business', 'Gutenberg', 'Instagram Follow Button', 'Jetpack', 'Jetpack Site Accelerator', 'Microdata for Google Shopping', 'Neighborhoods', 'Nginx', 'Oracle Cloud', 'Perl', 'SMC', 'Thank You', 'UTF-8', 'WhatsApp Sharing', 'Woo Themes', 'WooCommerce', 'WooCommerce Checkout', 'WordPress', 'WordPress Multisite', 'WordPress Stats', 'YouTube', 'jQuery']"
digitall.gr,Digitall - Digital Agency,,GRC,77,33083,2026-09-10T14:48:59.325118954Z,"['AWS WAF Challenge', 'Alternate Protocol', 'Amazon WAF Blocked', 'Bing Cashback', 'Bing Conversion Tracking', 'ByteDance', 'Cloudflare', 'Cloudflare CDN', 'Cloudflare Turnstile', 'Contact Form Plugin', 'Crisp', 'DoubleClick Bid Manager', 'Elementor', 'EmbedPress', 'Facebook Login', 'Facebook Messenger Platform', 'Facebook Pixel', 'Facebook Reseller', 'Facebook Tag API', 'FormSubmit', 'GZIP Module', 'Google', 'Google Analytics', 'Google Cloud DNS', 'Google Maps', 'Google My Business', 'Google Reseller', 'Google Tag Manager', 'Hubspot', 'Instagram Follow Button', 'LiteSpeed', 'Microsoft Clarity', 'NFOrce Internet', 'OpenAI', 'PHP', 'Polylang', 'QUIC', 'Theme In WP', 'Twitter Ads', 'UTF-8', 'Vimeo', 'Vimeo CDN', 'WordPress', 'WordPress Multisite', 'YouTube', 'jQuery']"
jazaaaccountants.com.au,Home - Jazaa Accountants,Jazaa Accountants,AUS,82,16099,2026-09-10T12:56:02.60389292Z,"['Alternate Protocol', 'Contact Form Plugin', 'Content Delivery Network', 'Crisp', 'Elementor', 'ElementsKit Elementor', 'EmbedPress', 'Fastly', 'Google', 'Google Cloud CDN', 'Google Cloud DNS', 'Google Font API', 'Google My Business', 'LiteSpeed', 'MailChimp for WordPress', 'Microdata for Google Shopping', 'Negate', 'PHP', 'Perl', 'Sitelinks Search Box', 'Theme In WP', 'UTF-8', 'WPForms', 'Woo Themes', 'WooCommerce', 'WooCommerce Checkout', 'WordPress', 'WordPress Multisite', 'jQuery', 'reCAPTCHA']"
1offers.net,1ST OFFERS,1offers.net,GBR,72,1857,2026-09-10T09:25:29.311496174Z,"['Alternate Protocol', 'Apache', 'Aruba', 'Crisp', 'EmbedPress', 'Facebook Conversion Tracking', 'Facebook Login', 'Facebook Messenger Platform', 'Facebook Pixel', 'Facebook Reseller', 'Facebook Tag API', 'GZIP Module', 'Google Adsense', 'Google Analytics', 'Google Funding Choices', 'Google Matched Content', 'Google Reseller', 'Google Tag Manager', 'IcoMoon', 'Instagram Follow Button', 'Microdata for Google Shopping', 'PHP', 'Sitelinks Search Box', 'Tailwind CSS', 'Theme In WP', 'Twitter Ads', 'UTF-8', 'WordPress', 'WordPress Multisite', 'eLand', 'jQuery']"
99ecommerceexperts.com,Ecommerce Development Company – 99 Ecommerce Experts,99ecommerce experts,,67,3636,2026-09-10T08:41:30.08959654Z,"['Alternate Protocol', 'CDN JS', 'Calendly', 'Cloudflare', 'Cloudflare CDN', 'CookieBAR', 'Crisp', 'EmbedPress', 'Facebook Conversion Tracking', 'Facebook Login', 'Facebook Messenger Platform', 'Facebook Pixel', 'Facebook Reseller', 'Facebook Tag API', 'Free Call', 'Google Analytics', 'Google Cloud DNS', 'Google Font API', 'Google Related Website Sites', 'Google Tag Manager', 'IcoMoon', 'Instagram Follow Button', 'LiteSpeed', 'Microdata for Google Shopping', 'Microsoft Clarity', 'PHP', 'Shopify', 'Tailwind CSS', 'Theme In WP', 'Twenty Twenty-One', 'Twitter Ads', 'WP Fastest Cache', 'Woo Themes', 'WooCommerce', 'WooCommerce Checkout', 'WooCommerce Payments', 'WooCommerce Stripe Payment Gateway', 'WordPress', 'WordPress Multisite', 'YouTube', 'jQuery']"
vpp.ma,vpp » Accueil,,,55,8710,2026-09-10T07:12:13.133806684Z,"['Apache', 'Crisp', 'Envoy', 'Fastly', 'Fireblade', 'GZIP Module', 'Google', 'Google Analytics', 'Google Cloud DNS', 'Google Font API', 'Google Tag Manager', 'Microdata for Google Shopping', 'No-Q', 'PWA', 'Parcel', 'Schema Plugin', 'Tailwind CSS', 'UTF-8', 'WordPress SEO Structured Data Schema Plugin']"
smaraad.net,Smaraad,Smaraad,VAT,70,10244,2026-09-10T04:20:58.609816809Z,"['Alternate Protocol', 'Apture Linking Platform', 'Aruba', 'Baidu Cloud', 'Cloudflare', 'Cloudflare CDN', 'Crisp', 'DAV', 'Google Analytics', 'IcoMoon', 'Instagram Follow Button', 'Microdata for Google Shopping', 'Privy', 'QUIC', 'Shopify', 'Shopify Collabs', 'Tailwind CSS', 'UTF-8', 'WhatsApp Sharing', 'Yandex Hosting', 'YouTube', 'eLand', 'hCaptcha', 'reCAPTCHA']"
sudarshana.io,AI Penetration Testing & Red Teaming | Sudarshana Labs,,IND,92,20120,2026-09-10T03:30:50.11396017Z,"['Alternate Protocol', 'Apture Linking Platform', 'Better Lead Generation Services', 'Bug Bounty', 'Clutch', 'Crisp', 'Framer Sites', 'Free Call', 'Google', 'Google Cloud CDN', 'Instagram Follow Button', 'Microdata for Google Shopping', 'Ntent', 'QUIC', 'Twitter Ads', 'Yandex Hosting', 'Zeald']"
midatlanticcl.com,Commercial Real Estate Lending PA & NJ - MidAtlantic Commercial Lending,MidAtlantic Commercial Lending,,82,44206,2026-09-10T02:55:39.211211433Z,"['AAPT', 'Alternate Protocol', 'Automattic', 'Cogeco Peer 1', 'Crisp', 'Elementor', 'EmbedPress', 'Google Analytics', 'Google Related Website Sites', 'Google Tag Manager', 'Gutenberg', 'Header, Footer and Blocks for Elementor', 'Hello Elementor', 'Jetpack', 'Jetpack Site Accelerator', 'Microdata for Google Shopping', 'NFOrce Internet', 'Nginx', 'PHP', 'Theme In WP', 'UTF-8', 'WordPress', 'WordPress Multisite', 'WordPress Stats', 'jQuery']"
tintbeautylounge.com,Home - Tint Beauty Lounge,tintbeautylounge.com,LBN,92,4240,2026-09-09T23:37:44.282388553Z,"['Alternate Protocol', 'Astra Theme', 'Content Delivery Network', 'Crisp', 'Elementor', 'EmbedPress', 'Google', 'Google Analytics', 'Google Cloud CDN', 'Google Cloud DNS', 'Google Font API', 'Google My Business', 'Google Tag Manager', 'Header, Footer and Blocks for Elementor', 'Instagram Follow Button', 'LiteSpeed', 'Microdata for Google Shopping', 'MonsterInsights', 'PHP', 'QUIC', 'Royal Elementor Addons', 'Sitelinks Search Box', 'Table Addons for Elementor', 'Theme In WP', 'UTF-8', 'WP PostRatings', 'WPFront Scroll Top', 'WhatsApp Sharing', 'Woo Themes', 'WordPress', 'WordPress Multisite', 'WordPress Related Posts', 'jQuery']"
getrealtime.com,RTSP Server & IP Camera Live Streaming Solution | Realtime,,USA,82,271048,2026-09-09T23:24:06.870395111Z,"['AAPT', 'Cloudflare', 'Crisp', 'DAV', 'Endis', 'Ethy', 'Federal Deposit Insurance Corporation', 'Financial Services Guide', 'Fireblade', 'Google Analytics', 'Google Related Website Sites', 'Google Tag Manager', 'HMDG', 'Hexo', 'IPFS', 'Idaq', 'Instagram Follow Button', 'Jublo', 'K2F', 'KVH', 'Krypt Technologies', 'Microdata for Google Shopping', 'Next.js', 'No-Q', 'O2MC Dimml', 'ON24', 'Onyx Internet', 'PHP', 'Paessler', 'Perl', 'Phew', 'Pleroma', 'Plivo', 'QUIC', 'Radix UI', 'SMC', 'Subversion', 'Tailwind CSS', 'UTF-8', 'University or College', 'Vector Internet Services', 'Visx', 'W3 Total Cache', 'Zope', 'shadcn ui']"
gobangkok.tours,"Bangkok Tours, Day Trips & Excursions from ฿675",Kohtour,THA,82,1600,2026-09-09T19:19:26.151585178Z,"['Alternate Protocol', 'Apture Linking Platform', 'Content Delivery Network', 'Crisp', 'Facebook Reseller', 'GetYourGuide', 'Google Analytics', 'Google Cloud DNS', 'Google Maps', 'Google My Business', 'Google Tag Manager', 'Instagram Follow Button', 'Material-UI', 'Microdata for Google Shopping', 'Next.js', 'Sitelinks Search Box', 'Stripe', 'Tailwind CSS', 'UTF-8', 'Vercel', 'YouTube', 'shadcn ui']"
moyosore-bamigbade.com,MB Architects | Home,,GBR,55,300,2026-09-09T15:50:22.578026095Z,"['Crisp', 'Google My Business', 'LiteSpeed', 'QUIC', 'University or College', 'eLand']"
nurse2care.com.au,Community Nursing Services | Nurse2Care Australia,Nurse2Care,AUS,77,18428,2026-09-09T15:34:22.378246537Z,"['Alternate Protocol', 'Cloudflare', 'CoBlocks', 'Contact Form Plugin', 'Content Delivery Network', 'Crisp', 'Elementor', 'EmbedPress', 'GoDaddy', 'Google Analytics', 'Google Cloud DNS', 'Google Font API', 'Google Tag Manager', 'Microdata for Google Shopping', 'NFOrce Internet', 'PHP', 'Table Addons for Elementor', 'Theme In WP', 'UTF-8', 'Wangsu', 'WordPress', 'WordPress Multisite', 'YouTube', 'jQuery']"
catalystprice.com,CatalystPrice.com – Catalytic converter buyers,,LTU,60,2357,2026-09-09T12:53:45.442149976Z,"['Akismet', 'Alternate Protocol', 'CDN JS', 'Cloudflare', 'Cloudflare CDN', 'Contact Form Plugin', 'Crisp', 'ETranslate', 'EmbedPress', 'Flatsome', 'GTranslate', 'Google Cloud DNS', 'Google Font API', 'Google My Business', 'Gtranslate for Wordpress', 'IcoMoon', 'OnlineWebFonts', 'PHP', 'QUIC', 'Theme In WP', 'UTF-8', 'Vector Internet Services', 'Woo Themes', 'WooCommerce Checkout', 'WordPress', 'WordPress Multisite', 'jQuery', 'jsDelivr']"
cybertech242-online.com,Cyber Tech Career College,,,62,89247,2026-09-09T12:44:41.511843534Z,"['Alibaba Cloud CDN', 'Amazon Widgets', 'Cloudflare', 'Cloudflare CDN', 'Crisp', 'Express', 'Fastly', 'Font Awesome', 'Google Cloud DNS', 'Google Cloud Storage', 'Google Font API', 'IcoMoon', 'Instagram Follow Button', 'NFOrce Internet', 'PHP', 'Python', 'RM Education', 'SMC', 'Tailwind CSS', 'Totara', 'Twitter Ads', 'UTF-8', 'University or College', 'WordPress', 'YouTube', 'jsDelivr']"
staging.cyr.pt,CYR,,PRT,50,15579,2026-09-09T12:44:41.507194539Z,"['AddThis', 'AddThis for Wordpress', 'Amazon', 'Apache', 'Bulma', 'CDN JS', 'Cloudflare', 'Cloudflare CDN', 'Crisp', 'GZIP Module', 'Google', 'Google Cloud DNS', 'Google Font API', 'IcoMoon', 'PWA', 'SMC', 'Tailwind CSS', 'UTF-8']"
beyondtraumaacademy.com,Beyond Trauma Academy CIC – Lived Experience Meets Professional Excellence,,,70,23321,2026-09-09T11:41:50.499430416Z,"['AWS WAF Challenge', 'Alternate Protocol', 'Cloudflare', 'Cloudflare CDN', 'Content Delivery Network', 'Crisp', 'Elementor', 'EmbedPress', 'GiveWP', 'Google', 'Google Analytics', 'Google Cloud DNS', 'Google Font API', 'Google My Business', 'Google Related Website Sites', 'Google Tag Manager', 'Hello Elementor', 'Instagram Follow Button', 'LiteSpeed', 'NFOrce Internet', 'PHP', 'PWA', 'Paid Memberships Pro', 'Perl', 'QUIC', 'Sapper', 'Site Kit', 'SuperPWA', 'Table Addons for Elementor', 'Theme In WP', 'Twitter Ads', 'UTF-8', 'University or College', 'WordPress', 'WordPress Multisite', 'YouTube', 'jQuery', 'reCAPTCHA', 'wpForo Forum']"
aquatravels.net,Home - Aqua Travel Vietnam,Aqua Travel Vietnam,THA,70,7220,2026-09-09T09:22:13.299094532Z,"['Alternate Protocol', 'Automattic', 'Contact Form Plugin', 'Crisp', 'Elementor', 'EmbedPress', 'Google Analytics', 'Google Cloud DNS', 'Google Font API', 'Google My Business', 'Google Tag Manager', 'Icons8', 'Instagram Follow Button', 'Jetpack', 'LiteSpeed', 'Microdata for Google Shopping', 'NFOrce Internet', 'PHP', 'QUIC', 'Site Kit', 'Slider Revolution', 'The Events Calendar', 'Theme In WP', 'Transifex', 'UTF-8', 'University or College', 'WPBakery', 'Woo Themes', 'WooCommerce', 'WooCommerce Checkout', 'WordPress', 'WordPress Multisite', 'WordPress Stats', 'jQuery', 'reCAPTCHA']"
thegarmentguardian.com,Wardrobe & Fashion Stylist x Costume Designer - Whitney N. Douglas,,IMN,72,87308,2026-09-09T07:52:11.493994086Z,"['Aruba', 'CDN JS', 'Cloudflare', 'Cloudflare CDN', 'Crisp', 'Express', 'FormSubmit', 'GZIP Module', 'Google Forms', 'Google My Business', 'Instagram Follow Button', 'Line2', 'Magento Enterprise', 'Microdata for Google Shopping', 'Newsletter for Wordpress', 'Onyx Internet', 'QUIC', 'SiteW', 'Squarespace', 'UTF-8', 'University or College', 'WordPress SEO Structured Data Schema Plugin', 'YouTube', 'eLand']"
legitimatesolutions.co.ke,"Legitimate Solutions Ltd. | CAD Services & Drafting, Engineering Design, Branding, manufacturing, machinery, tools",,KEN,92,4248,2026-09-09T07:22:23.918502247Z,"['Better Lead Generation Services', 'CDN JS', 'Cloudflare', 'Cloudflare CDN', 'Content Delivery Network', 'Crisp', 'Google', 'Google Analytics', 'Google Cloud CDN', 'Google Tag Manager', 'IcoMoon', 'Instagram Follow Button', 'Microdata for Google Shopping', 'Ntent', 'QUIC', 'Tailwind CSS', 'UTF-8', 'Vercel']"
theataccounts.co.uk,Theataccounts | Entertainment Accountants,,,72,44164,2026-09-09T05:52:49.36368038Z,"['Adobe Creative Cloud WebFonts', 'Amazon', 'Amazon CloudFront', 'CloudFront', 'Cloudflare', 'Content Delivery Network', 'Crisp', 'Flow', 'GZIP Module', 'Google My Business', 'Google Related Website Sites', 'Google Tag Manager', 'Instagram Follow Button', 'JotForm', 'RM Education', 'Tailwind CSS', 'Thank You', 'Twitter Ads', 'UTF-8', 'WF Cookie Consent', 'Webflow', 'jsDelivr', 'reCAPTCHA']"
archipel-store.com,Archipel Store,,ESP,60,379,2026-09-09T04:14:32.282091943Z,"['Alternate Protocol', 'Amazon WAF Blocked', 'Compact WP Audio Player', 'Contact Form Plugin', 'Content Delivery Network', 'Crisp', 'EmbedPress', 'Google Analytics', 'Google Tag Manager', 'Instagram Follow Button', 'Nginx', 'PHP', 'Shoelace Style', 'TI WooCommerce Wishlist', 'Tailwind CSS', 'Theme In WP', 'UTF-8', 'WP Bootstrap Starter', 'Woo Themes', 'WooCommerce', 'WooCommerce Checkout', 'WordPress', 'WordPress Multisite', 'jQuery']"
fairytale420.com,"Fairy Tale 420 – Get FREE Exotic Cannabis, Weed Delivery near Los Angeles, Southgate, Long Beach",,USA,65,19621,2026-09-09T01:32:41.525051694Z,"['AWS WAF Challenge', 'Age Gate', 'Alternate Protocol', 'Astra Theme', 'Cloudflare', 'Crisp', 'Elementor', 'EmbedPress', 'Font Awesome', 'Google', 'Google Cloud CDN', 'Google Cloud DNS', 'Google Font API', 'Google Maps', 'Google My Business', 'Google Tag Manager', 'Header, Footer and Blocks for Elementor', 'LiteSpeed', 'PHP', 'PWA', 'QUIC', 'Theme In WP', 'UTF-8', 'WPForms', 'Woo Themes', 'WordPress', 'WordPress Multisite', 'WordPress Related Posts', 'jQuery']"
sprwt.io,Sprwt – Meal Prep Software and Catering Software 2026,Sprwt,USA,82,4852,2026-09-08T23:45:19.205651508Z,"['Alternate Protocol', 'Apture Linking Platform', 'Automattic', 'Crisp', 'Elementor', 'EmbedPress', 'Essential Addons for Elementor', 'Facebook Conversion Tracking', 'Facebook Login', 'Facebook Messenger Platform', 'Facebook Pixel', 'Facebook Reseller', 'Facebook Tag API', 'Font Awesome', 'FormSubmit', 'Freshworks Bot', 'Google Analytics', 'Google Tag Manager', 'Header, Footer and Blocks for Elementor', 'Hello Elementor', 'Instagram Follow Button', 'Jetpack', 'Lazy Load for WordPress', 'LiteSpeed', 'MailerLite', 'Microdata for Google Shopping', 'Microsoft Clarity', 'PHP', 'Performance Lab', 'QUIC', 'UTF-8', 'WP Rocket', 'WordPress', 'WordPress Multisite', 'WordPress Stats', 'YouTube', 'jQuery']"
voisuntelecom.com,Best Lead Generation BPO For Australia | Voisun Telecom,Voisun Telecom Private Limited,IND,82,34291,2026-09-08T22:57:06.914706842Z,"['AWS WAF Challenge', 'Alternate Protocol', 'Apache', 'Better Lead Generation Services', 'Cloudflare', 'Cloudflare CDN', 'Contact Form Plugin', 'Crisp', 'EmbedPress', 'Fireblade', 'Font Awesome', 'Foundation', 'GZIP Module', 'Google', 'Google Analytics', 'Google Cloud DNS', 'Google Font API', 'Google Maps', 'Google My Business', 'Google Tag Manager', 'Instagram Follow Button', 'Jetpack', 'Lazy Load for WordPress', 'Microdata for Google Shopping', 'PHP', 'Sitelinks Search Box', 'Slider Revolution', 'Structured Content for WordPress', 'Theme In WP', 'UTF-8', 'WPBakery', 'Woo Themes', 'WordPress', 'WordPress Multisite', 'WordPress Stats', 'jQuery']"
casaaccommodations.com,Casa Properties – Property Management,,CAN,65,22391,2026-09-08T22:07:13.195648721Z,"['AWS WAF Challenge', 'Alternate Protocol', 'Apache', 'Apture Linking Platform', 'Astra Theme', 'Bing Cashback', 'Booking Affiliate', 'Calendly', 'Cloudflare', 'Cloudflare CDN', 'Crisp', 'Elementor', 'EmbedPress', 'Essential Addons for Elementor', 'Essential Blocks for Gutenberg', 'GZIP Module', 'Google', 'Google Cloud DNS', 'Google Font API', 'Google My Business', 'Header, Footer and Blocks for Elementor', 'Instagram Follow Button', 'NFOrce Internet', 'PHP', 'QUIC', 'Theme In WP', 'UTF-8', 'WPForms', 'Woo Themes', 'WordPress', 'WordPress Multisite', 'WordPress Related Posts', 'jQuery', 'reCAPTCHA']"
ziddrones.com,Home - Zid Drones,,,55,7863,2026-09-08T21:15:12.915194914Z,"['Alternate Protocol', 'Automattic', 'Crisp', 'Elementor', 'EmbedPress', 'Fireblade', 'GZIP Module', 'Google', 'Google Cloud DNS', 'Google Font API', 'Instagram Follow Button', 'Jetpack', 'Microdata for Google Shopping', 'Nginx', 'PHP', 'PopularFX', 'Theme In WP', 'Twitter Ads', 'UTF-8', 'WordPress', 'WordPress Multisite', 'WordPress Stats', 'YouTube', 'jQuery', 'myStickymenu']"
hendrysrenovations.com,Home - Hendrys Renovation,Hendrys Reno,CAN,77,3101,2026-09-08T19:36:40.616850547Z,"['Alternate Protocol', 'Astra Theme', 'Crisp', 'Elementor', 'EmbedPress', 'Google Cloud DNS', 'Google Font API', 'Google Maps', 'Google My Business', 'Instagram Follow Button', 'Microdata for Google Shopping', 'NFOrce Internet', 'PHP', 'Theme In WP', 'UTF-8', 'WhatsApp Sharing', 'Woo Themes', 'WordPress', 'WordPress Multisite', 'WordPress Related Posts', 'jQuery']"
msofficestore.us,Get Microsoft Office Licenses Anytime | Official Store,MS Office Store,USA,87,8399,2026-09-08T18:25:29.87091917Z,"['Alternate Protocol', 'Cisco/Arrowpoint Content Service Switch', 'Crisp', 'DAV', 'DuracellTomi Google Tag Manager for WordPress', 'Elementor', 'EmbedPress', 'GZIP Module', 'Google Analytics', 'Google Tag Manager', 'Hello Elementor', 'Line2', 'Microdata for Google Shopping', 'NFOrce Internet', 'Nginx', 'PHP', 'Perl', 'QUIC', 'Sitelinks Search Box', 'Theme In WP', 'UTF-8', 'Vercel', 'Woo Themes', 'WooCommerce', 'WooCommerce Checkout', 'WooCommerce Stripe Payment Gateway', 'WordPress', 'WordPress Multisite', 'eLand', 'jQuery']"
arad-studio.com,ARAD Studio for Liferay,,,62,3676,2026-09-08T18:00:27.269962133Z,"['Adult Content', 'Alternate Protocol', 'Amazon', 'Apache', 'Crisp', 'FormSubmit', 'GZIP Module', 'Google Analytics', 'Google Cloud DNS', 'Google Font API', 'QUIC', 'Sapper', 'UTF-8', 'Ubuntu']"
bestusamarket.com,BestUSAMarket - Digital Marketing Reviews Services Provider,Best USA Market,USA,77,34025,2026-09-08T15:36:20.458156238Z,"['AWS WAF Challenge', 'Adult Content', 'Alternate Protocol', 'Apture Linking Platform', 'Astra Theme', 'Cloudflare', 'Cloudflare CDN', 'Content Delivery Network', 'Crisp', 'DAV', 'Elementor', 'EmbedPress', 'Fireblade', 'Google Analytics', 'Google Customer Reviews', 'Google Related Website Sites', 'Google Tag Manager', 'Header, Footer and Blocks for Elementor', 'LiteSpeed', 'Microdata for Google Shopping', 'NFOrce Internet', 'NitroPack', 'PHP', 'Premium Addons for Elementor', 'QUIC', 'Site Kit', 'Sitelinks Search Box', 'Tailwind CSS', 'Telegram', 'Theme In WP', 'UTF-8', 'Woo Themes', 'WooCommerce', 'WooCommerce Checkout', 'WordPress', 'WordPress Multisite', 'WordPress Related Posts', 'jQuery']"
llccars.com,"Bespoke Travel and Lifestyle Services UK | Luxury Executive Travel, Transfers, Concierge",LONDON LUXURY CHAUFFEURING LTD,ITA,82,34764,2026-09-08T14:23:15.25107329Z,"['AWS WAF Challenge', 'Alternate Protocol', 'Amazon', 'Amazon CloudFront', 'Amazon WAF Blocked', 'CloudFront', 'Cloudflare', 'Content Delivery Network', 'Crisp', 'Fireblade', 'GZIP Module', 'Google Analytics', 'Google Related Website Sites', 'Google Tag Manager', 'Instagram Follow Button', 'Microdata for Google Shopping', 'Plausible Analytics', 'Tailwind CSS', 'UTF-8', 'WF Cookie Consent', 'Webflow', 'YouTube', 'jsDelivr']"
videotoflip.com,Video to Flipbook | Create Flipbooks from Any Video,,,72,32512,2026-09-08T12:52:35.355920115Z,"['AWS WAF Challenge', 'Amazon CloudFront', 'Apture Linking Platform', 'CloudFront', 'Content Delivery Network', 'Crisp', 'DAV', 'Express', 'Facebook Conversion Tracking', 'Facebook Login', 'Facebook Messenger Platform', 'Facebook Pixel', 'Facebook Reseller', 'Facebook Tag API', 'Fireblade', 'Flip', 'GetResponse', 'Google Analytics', 'Google Tag Manager', 'Instagram Follow Button', 'Next.js', 'Pinterest Conversion Tracking', 'Pleroma', 'QUIC', 'Tailwind CSS', 'UTF-8', 'Vercel', 'shadcn ui']"
