domain,title,business_name,country,seo_score,tech_spend,crawled_at,technologies
biogaia-prodentis.vn,"Viên Ngậm Nha Khoa BioGaia ProDentis Chính Hãng, Giá Tốt",Biogaia,,67,1071,2026-10-07T14:26:13.402005322Z,"['Alternate Protocol', 'Beaver Builder Lite', 'ByteDance', 'CDN JS', 'Cloudflare', 'Cloudflare CDN', 'Express', 'Facebook Conversion Tracking', 'Facebook Login', 'Facebook Messenger Platform', 'Facebook Pixel', 'Facebook Reseller', 'Facebook Tag API', 'Google Analytics', 'Google Cloud DNS', 'Google Font API', 'Google Related Website Sites', 'Google Tag Manager', 'Microdata for Google Shopping', 'Nationwide Mortgage Licensing System and Registry', 'Nginx', 'PHP', 'Sitelinks Search Box', 'TikTok Conversion Tracking Pixel', 'UTF-8', 'Woo Themes', 'WordPress', 'WordPress Multisite', 'jQuery']"
patam.co.ke,Home - Patam Tech Kenya,Patam Tech Kenya,KEN,70,37208,2026-10-07T13:59:29.413059294Z,"['AWS WAF Challenge', 'Alternate Protocol', 'ByteDance', 'Cloudflare', 'Cloudflare CDN', 'Content Delivery Network', 'Elementor', 'EmbedPress', 'Facebook Conversion Tracking', 'Facebook Login', 'Facebook Messenger Platform', 'Facebook Pixel', 'Facebook Reseller', 'Facebook Tag API', 'Fireblade', 'FormSubmit', 'Google', 'Google Analytics', 'Google Cloud DNS', 'Google Conversion Tracking', 'Google Font API', 'Google My Business', 'Google Related Website Sites', 'Google Tag Manager', 'Instagram Follow Button', 'Juicer DMP', 'LiteSpeed', 'Microdata for Google Shopping', 'NFOrce Internet', 'Oddle', 'PHP', 'PixelYourSite', 'QUIC', 'Shifter', 'Tailwind CSS', 'Theme In WP', 'TikTok Conversion Tracking Pixel', 'UTF-8', 'University or College', 'Woo Themes', 'WooCommerce', 'WooCommerce Checkout', 'WordPress', 'WordPress Multisite', 'jQuery']"
awamimarket.pk,Awami Market,,FRA,70,1120,2026-10-07T13:44:11.113995956Z,"['Alternate Protocol', 'Automattic', 'ByteDance', 'Contact Form Plugin', 'Content Delivery Network', 'ElementUI', 'Elementor', 'EmbedPress', 'Express', 'Facebook Conversion Tracking', 'Facebook Login', 'Facebook Messenger Platform', 'Facebook Pixel', 'Facebook Reseller', 'Facebook Tag API', 'FormSubmit', 'Google Analytics', 'Google Cloud DNS', 'Google Font API', 'Google Tag Manager', 'Instagram Follow Button', 'Jetpack', 'LiteSpeed', 'PHP', 'Parcel', 'QUIC', 'Site Kit', 'Theme In WP', 'TikTok Conversion Tracking Pixel', 'UTF-8', 'Woo Themes', 'WooCommerce', 'WooCommerce Checkout', 'WooFramework', 'WordPress', 'WordPress Multisite', 'WordPress Stats', 'XTemos Studio', 'jQuery']"
kijiretail.com,KIJI RETAIL - Live Now - Kijiretail.com,Kiji Retail,PAK,77,110644,2026-10-07T13:24:33.747847376Z,"['Amazon CloudFront', 'Apture Linking Platform', 'Baidu Cloud', 'BunnyCDN Header', 'ByteDance', 'Cloudflare', 'Cloudflare CDN', 'Content Square', 'Google Related Website Sites', 'IcoMoon', 'Instagram Follow Button', 'Microdata for Google Shopping', 'Microsoft Clarity', 'QUIC', 'Shopify', 'Shopify Collabs', 'TikTok Conversion Tracking Pixel', 'UTF-8', 'Yandex Hosting', 'YouTube', 'Zoko', 'eLand', 'hCaptcha', 'reCAPTCHA']"
medicase.com.au,Home - medicase.com.au,medicase.com.au,,67,18967,2026-10-07T13:15:13.019913347Z,"['Alternate Protocol', 'Blocksy', 'ByteDance', 'Elementor', 'EmbedPress', 'Facebook Conversion Tracking', 'Facebook Login', 'Facebook Messenger Platform', 'Facebook Pixel', 'Facebook Reseller', 'Facebook Tag API', 'Fireblade', 'Google', 'Google Analytics', 'Google Cloud CDN', 'Google Cloud DNS', 'Google Font API', 'Google My Business', 'Google Tag Manager', 'Microdata for Google Shopping', 'OpenResty', 'PHP', 'QUIC', 'Site Kit', 'Sitelinks Search Box', 'Theme In WP', 'TikTok Conversion Tracking Pixel', 'UTF-8', 'University or College', 'WordPress', 'WordPress Multisite', 'jQuery', 'reCAPTCHA']"
eniacelec.com,ENILINX,ENIAC Electronic,SGP,72,11355,2026-10-07T12:47:27.500466024Z,"['Alternate Protocol', 'Amazon CloudFront', 'Apture Linking Platform', 'Baidu Cloud', 'ByteDance', 'CloudFront', 'Cloudflare', 'Cloudflare CDN', 'Express', 'Fastly', 'Google Related Website Sites', 'Instagram Follow Button', 'Microdata for Google Shopping', 'Newsletter for Wordpress', 'QUIC', 'Shopify', 'Shopify Collabs', 'TikTok Conversion Tracking Pixel', 'UTF-8', 'Yandex Hosting', 'YouTube', 'eLand', 'hCaptcha', 'reCAPTCHA']"
awazelabsofficial.com,Awaze Labs,Awaze Labs,,55,15746,2026-10-07T12:37:08.146738677Z,"['3 Products', 'Alternate Protocol', 'Amazon WAF Blocked', 'Apture Linking Platform', 'Aruba', 'Baidu Cloud', 'ByteDance', 'Cloudflare', 'Cloudflare CDN', 'Content Delivery Network', 'Express', 'Facebook Reseller', 'Google', 'Google Analytics', 'Google Cloud CDN', 'Google Cloud DNS', 'Google Cloud Storage', 'Google Related Website Sites', 'Google Tag Manager', 'Microdata for Google Shopping', 'Microsoft Clarity', 'Pinterest Conversion Tracking', 'QUIC', 'Shopify', 'Shopify Collabs', 'TikTok Conversion Tracking Pixel', 'Twitter Ads', 'Twitter Analytics', 'UTF-8', 'Vimeo', 'Yandex Hosting', 'YouTube', 'eLand', 'hCaptcha', 'iAPPS', 'reCAPTCHA']"
9t9styles.com,Pakistan's Best Nightwear Brand – 9t9 Styles,9t9 Styles,USA,82,19836,2026-10-07T11:44:19.274747611Z,"['Amazon WAF Blocked', 'Apture Linking Platform', 'ByteDance', 'Cloudflare', 'Cloudflare CDN', 'Fireblade', 'Instagram Follow Button', 'Microdata for Google Shopping', 'NFOrce Internet', 'Parcel', 'QUIC', 'Shopify', 'Shopify Collabs', 'Thank You', 'TikTok Conversion Tracking Pixel', 'UTF-8', 'hCaptcha', 'reCAPTCHA']"
zenvyfinancial.com,Personal Loans Made Simple | Zenvy Financial,,USA,77,6040,2026-10-07T11:35:08.680271277Z,"['AJAX Libraries API', 'Amazon', 'Amazon CloudFront', 'ByteDance', 'CloudFront', 'Cloudflare', 'Content Delivery Network', 'Facebook Conversion Tracking', 'Facebook Login', 'Facebook Messenger Platform', 'Facebook Pixel', 'Facebook Reseller', 'Facebook Tag API', 'Figma', 'GZIP Module', 'Google', 'Google Cloud DNS', 'Google Font API', 'Google Tag Manager', 'Nationwide Mortgage Licensing System and Registry', 'QUIC', 'Tailwind CSS', 'Thank You', 'TikTok Conversion Tracking Pixel', 'UTF-8', 'WF Cookie Consent', 'jsDelivr']"
kavitajhaveri.com,"Extraordinary Love, Extraordinary Women | Kavita Jhaveri, Love Coach",,,72,144860,2026-10-07T11:08:25.261804035Z,"['AJAX Libraries API', 'AWS WAF Challenge', 'Adobe Creative Cloud WebFonts', 'Alternate Protocol', 'Amazon WAF Blocked', 'AutoComplete', 'ByteDance', 'Cart.com', 'Cloudflare', 'Content Delivery Network', 'Contento', 'ConvertKit', 'EmbedPress', 'Facebook Conversion Tracking', 'Facebook Login', 'Facebook Messenger Platform', 'Facebook Pixel', 'Facebook Reseller', 'Facebook Tag API', 'Font Awesome', 'GitHub Hosting', 'Google Adsense', 'Google Analytics', 'Google Cloud DNS', 'Google Funding Choices', 'Google Matched Content', 'Google Related Website Sites', 'Google Reseller', 'Google Tag Manager', 'Hyros', 'Infusionsoft', 'Instagram Follow Button', 'Microdata for Google Shopping', 'PHP', 'Perl', 'RM Education', 'Schema Plugin', 'Theme In WP', 'TikTok Conversion Tracking Pixel', 'Twitter Ads', 'Typeform', 'UTF-8', 'Vimeo', 'WP Engine', 'WordPress', 'WordPress Multisite', 'YouTube', 'Zemanta', 'jQuery']"
blancdusky.com,BLANC DUSKY | Canadian Skin Engineering – Blanc Dusky,,CAN,72,74364,2026-10-07T10:21:29.758273401Z,"['Adult Content', 'Amazon WAF Blocked', 'Apture Linking Platform', 'Baidu Cloud', 'ByteDance', 'Cloudflare', 'Cloudflare CDN', 'Express', 'Fireblade', 'Google Cloud DNS', 'Google Font API', 'Google My Business', 'Google Related Website Sites', 'IcoMoon', 'Instagram Follow Button', 'Microdata for Google Shopping', 'Microsoft Clarity', 'QUIC', 'SMC', 'Schema Plugin', 'Shopify', 'Shopify Collabs', 'Shopify Payments', 'Subversion', 'Tailwind CSS', 'TikTok Conversion Tracking Pixel', 'Twitter Ads', 'UTF-8', 'Yandex Hosting', 'YouTube', 'hCaptcha', 'reCAPTCHA']"
pictoria.app,استوديو تصوير أطفال الكويت | Pictoria Studio,,KWT,77,2550,2026-10-07T10:21:29.729464551Z,"['B12', 'ByteDance', 'CDN JS', 'Cloudflare', 'Cloudflare CDN', 'DAV', 'Facebook Conversion Tracking', 'Facebook Login', 'Facebook Messenger Platform', 'Facebook Pixel', 'Facebook Reseller', 'Facebook Tag API', 'Flat Icon', 'GZIP Module', 'Google Analytics', 'Google My Business', 'Google Tag Manager', 'Instagram Follow Button', 'Line2', 'Perl', 'QUIC', 'TikTok Conversion Tracking Pixel', 'reCAPTCHA']"
perfecttedwholesale.com,PerfectTed Wholesale,,,60,1556,2026-10-07T10:12:26.43055679Z,"['Alternate Protocol', 'Amazon WAF Blocked', 'Apture Linking Platform', 'Baidu Cloud', 'Bing Cashback', 'Bing Conversion Tracking', 'ByteDance', 'Cloudflare', 'Cloudflare CDN', 'DoubleClick Bid Manager', 'Express', 'Facebook Reseller', 'GetResponse', 'GitHub Hosting', 'Global Privacy Control', 'Google Analytics', 'Google My Business', 'Google Tag Manager', 'Instagram Follow Button', 'Klaviyo', 'Microdata for Google Shopping', 'NFOrce Internet', 'Perl', 'QUIC', 'Shopify', 'Shopify Collabs', 'Shopify Payments', 'Subversion', 'Swell Rewards', 'Tailwind CSS', 'Thank You', 'TikTok Conversion Tracking Pixel', 'Tolstoy', 'UTF-8', 'Weglot', 'Yandex Hosting', 'YouTube', 'hCaptcha', 'jsDelivr', 'reCAPTCHA']"
thefantasycentre.com,#1 Best Perfume Store in Doha | 15+ Years in Qatar,Fantasy Centre Qatar,QAT,77,10864,2026-10-07T09:40:54.272963339Z,"['Alternate Protocol', 'Amazon WAF Blocked', 'Apture Linking Platform', 'Baidu Cloud', 'ByteDance', 'Cloudflare', 'Cloudflare CDN', 'Express', 'Google Cloud DNS', 'Google Font API', 'Google Related Website Sites', 'IcoMoon', 'Instagram Follow Button', 'Microdata for Google Shopping', 'NFOrce Internet', 'QUIC', 'Shopify', 'Shopify Collabs', 'Thank You', 'TikTok Conversion Tracking Pixel', 'UTF-8', 'Verified Profile', 'Yandex Hosting', 'hCaptcha', 'reCAPTCHA']"
deltabingo.com,Delta Bingo & Gaming | Ontario's Largest Bingo Operator,,CAN,82,19065,2026-10-07T09:15:26.362684653Z,"['AWS WAF Challenge', 'Adobe Creative Cloud WebFonts', 'Alternate Protocol', 'Amazon WAF Blocked', 'Aruba', 'ByteDance', 'Cloudflare', 'Content Delivery Network', 'EmbedPress', 'Gambling Content', 'Google Analytics', 'Google Cloud DNS', 'Google Maps', 'Google My Business', 'Google Tag Manager', 'Gravity', 'Gravity Forms', 'IcoMoon', 'Instagram Follow Button', 'Microdata for Google Shopping', 'PHP', 'Popup Maker for Wordpress', 'QUIC', 'SVG Support', 'Termly', 'Theme In WP', 'TikTok Conversion Tracking Pixel', 'TranslatePress', 'UTF-8', 'WP Engine', 'WordPress', 'WordPress Multisite', 'YouTube', 'eLand', 'jQuery', 'jsDelivr', 'reCAPTCHA']"
greenbnano.com,GreenBnano,,USA,65,18027,2026-10-07T08:55:32.165205266Z,"['AWS WAF Challenge', 'Alternate Protocol', 'Amazon', 'Amazon CloudFront', 'ByteDance', 'CloudFront', 'Ecwid Ecommerce Shopping Cart', 'GZIP Module', 'Google Cloud DNS', 'Google Maps', 'Google My Business', 'Instagram Follow Button', 'Nginx', 'PWA', 'QUIC', 'Sapper', 'Stripe', 'TikTok Conversion Tracking Pixel', 'UTF-8', 'Unsplash', 'eLand']"
myairy.co,The Airy,The Airy,,50,471,2026-10-07T08:27:25.556663309Z,"['AJAX Libraries API', 'Apture Linking Platform', 'Baidu Cloud', 'ByteDance', 'Cloudflare', 'Cloudflare CDN', 'Google Cloud DNS', 'Google Font API', 'Microdata for Google Shopping', 'QUIC', 'Shopify', 'Shopify Collabs', 'TikTok Conversion Tracking Pixel', 'UTF-8', 'Yandex Hosting', 'hCaptcha', 'jQuery', 'reCAPTCHA']"
safebuystore.com,SafeBuy-Beauty & Gadget In BD.,SafeBuy Store,JPN,92,3160,2026-10-07T08:20:24.894861982Z,"['Alternate Protocol', 'ByteDance', 'Cloudflare', 'Cloudflare CDN', 'Content Delivery Network', 'Facebook Conversion Tracking', 'Facebook Login', 'Facebook Messenger Platform', 'Facebook Pixel', 'Facebook Reseller', 'Facebook Tag API', 'Financial Services Guide', 'Google', 'Google Cloud DNS', 'Google Font API', 'Google Related Website Sites', 'Instagram Follow Button', 'Microdata for Google Shopping', 'QUIC', 'Tailwind CSS', 'TikTok Conversion Tracking Pixel', 'shadcn ui']"
chiropraktik-osteopathie-muenchen.de,Chiropraktik & Osteopathie in München | Dr. Thiele,Chiropraktiker München | Chiropraktik Dr. Thiele,DEU,77,232896,2026-10-07T08:11:49.38397258Z,"['AAPT', 'Alternate Protocol', 'Apyl', 'ByteDance', 'Cisco/Arrowpoint Content Service Switch', 'Complianz', 'DAV', 'DC74', 'Ektron', 'EmbedPress', 'Ethy', 'Financial Services Guide', 'GZIP Module', 'Google Analytics', 'Google My Business', 'Google Tag Manager', 'HHVM', 'HMDG', 'Hexo', 'Idaq', 'K2F', 'KVH', 'Microdata for Google Shopping', 'Nationwide Mortgage Licensing System and Registry', 'Nginx', 'No-Q', 'Ntent', 'O2MC Dimml', 'Onyx Internet', 'PHP', 'Parallels Plesk Panel', 'Perl', 'Phew', 'QUIC', 'SMC', 'Siweb', 'Subversion', 'TikTok Conversion Tracking Pixel', 'TrustIndex', 'UTF-8', 'Unix', 'Vello', 'Visx', 'WordPress', 'WordPress Multisite', 'eLand']"
thelogr.com,Custom Rings & Jewelry - Lord of Gem Rings,,,67,27372,2026-10-07T07:55:47.615362458Z,"['Alternate Protocol', 'Amazon WAF Blocked', 'Apture Linking Platform', 'Azure Edge', 'Baidu Cloud', 'ByteDance', 'CDN JS', 'Click Chat', 'Cloudflare', 'Cloudflare CDN', 'Ethy', 'Express', 'Google Analytics', 'Google Related Website Sites', 'IcoMoon', 'Instagram Follow Button', 'Microdata for Google Shopping', 'Microsoft Azure Verified CDN', 'NFOrce Internet', 'Onyx Internet', 'Perl', 'QUIC', 'Shopify', 'Shopify Collabs', 'Swell Rewards', 'Tailwind CSS', 'Thank You', 'TikTok Conversion Tracking Pixel', 'Twitter Ads', 'UTF-8', 'Yandex Hosting', 'hCaptcha', 'jQuery', 'jsDelivr', 'reCAPTCHA']"
libertypestservice.com,Termite Control Services | LIBERTY PEST SERVICES,,USA,92,52506,2026-10-07T07:25:23.466277172Z,"['Alternate Protocol', 'Amazon WAF Blocked', 'Apture Linking Platform', 'Automattic', 'Beaver Builder Lite', 'ByteDance', 'CDN JS', 'Cloudflare', 'Cloudflare CDN', 'CoBlocks', 'Content Delivery Network', 'Contento', 'ElementUI', 'EmbedPress', 'Express', 'Fancybox for WordPress', 'GitHub Hosting', 'GoDaddy', 'Google', 'Google Analytics', 'Google Cloud CDN', 'Google Cloud DNS', 'Google Customer Reviews', 'Google Font API', 'Google Maps', 'Google My Business', 'Google Related Website Sites', 'Google Tag Manager', 'Gravity', 'Instagram Follow Button', 'Jetpack', 'Lazy Load for WordPress', 'Line2', 'Max Mega Menu Pro', 'Metricool', 'Microdata for Google Shopping', 'PHP', 'Schema Plugin', 'Site Kit', 'SiteW', 'TikTok Conversion Tracking Pixel', 'UTF-8', 'Vimeo', 'WP Rocket', 'Wangsu', 'Website Tonight', 'Wild Apricot', 'Woo Themes', 'WooCommerce', 'WooCommerce Checkout', 'WooCommerce Payments', 'WordPress', 'WordPress Multisite', 'WordPress Stats', 'Yandex Hosting', 'YouTube', 'hCaptcha']"
icegalleries.com,Ice Gallery,Ice Galleries,GBR,72,77580,2026-10-07T06:05:24.095033776Z,"['Aruba', 'ByteDance', 'Express', 'Facebook Login', 'Facebook Messenger Platform', 'Facebook Pixel', 'Facebook Reseller', 'Facebook Tag API', 'GZIP Module', 'Google Analytics', 'Google Tag Manager', 'Hotjar', 'IcoMoon', 'Instagram Follow Button', 'Line2', 'Magento Enterprise', 'Microdata for Google Shopping', 'Newsletter for Wordpress', 'Pico CSS', 'QUIC', 'SiteW', 'Squarespace', 'TikTok Conversion Tracking Pixel', 'UTF-8', 'WordPress SEO Structured Data Schema Plugin', 'YouTube', 'eLand']"
himalayanchef.pk,Himalayan Chef | 100% Natural Grocery Products in Pakistan – HIMALAYAN CHEF PAKISTAN,HIMALAYAN CHEF PAKISTAN,IND,82,40856,2026-10-07T05:18:44.048504385Z,"['Amazon WAF Blocked', 'Apture Linking Platform', 'Baidu Cloud', 'ByteDance', 'CDN JS', 'Cloudflare', 'Cloudflare CDN', 'Express', 'Facebook Conversion Tracking', 'Facebook Login', 'Facebook Messenger Platform', 'Facebook Pixel', 'Facebook Reseller', 'Facebook Tag API', 'Google Analytics', 'Google Related Website Sites', 'Google Tag Manager', 'Heroku', 'Instagram Follow Button', 'Investor Relations', 'Microdata for Google Shopping', 'NFOrce Internet', 'PWA', 'QUIC', 'Shopify', 'Shopify Collabs', 'Shopify Payments', 'Tailwind CSS', 'Thank You', 'The Fresh', 'TikTok Conversion Tracking Pixel', 'Twitter Ads', 'UTF-8', 'Yandex Hosting', 'YouTube', 'hCaptcha', 'reCAPTCHA']"
sgshops.space,SGSHOPS - Make your shopping experience great with sgshopspace,SGSHOPSSPACE,,62,624,2026-10-07T05:10:23.334839058Z,"['Alternate Protocol', 'ByteDance', 'EmbedPress', 'Font Awesome', 'Instagram Feed for WordPress', 'Instagram Follow Button', 'Jetpack', 'Microdata for Google Shopping', 'PHP', 'Tailwind CSS', 'TikTok Conversion Tracking Pixel', 'Twenty Twenty-Four', 'UTF-8', 'Woo Themes', 'WooCommerce', 'WooCommerce Checkout', 'WordPress', 'WordPress Multisite', 'WordPress Stats', 'jQuery']"
nutriwell.gr,Αρχική,,,45,5003,2026-10-07T04:12:44.725300929Z,"['ByteDance', 'Google Analytics', 'Google Cloud DNS', 'Google Font API', 'Google Tag Manager', 'Helix Ultimate', 'Iconz', 'Instagram Follow Button', 'Joomla!', 'LiteSpeed', 'PHP', 'QUIC', 'RokNavMenu', 'TikTok Conversion Tracking Pixel', 'UTF-8', 'YouTube', 'jQuery']"
desivarieties.pk,Desi Varieties,,,50,578,2026-10-07T02:48:20.486951723Z,"['Alternate Protocol', 'ByteDance', 'Click to Chat for WhatsApp', 'ElementUI', 'Elementor', 'EmbedPress', 'Facebook Conversion Tracking', 'Facebook Login', 'Facebook Messenger Platform', 'Facebook Pixel', 'Facebook Reseller', 'Facebook Tag API', 'Google Analytics', 'Google Tag Manager', 'Header, Footer and Blocks for Elementor', 'Hello Elementor', 'Instagram Follow Button', 'LiteSpeed', 'NFOrce Internet', 'PHP', 'QUIC', 'Site Kit', 'Tailwind CSS', 'The Plus Addons for Elementor', 'Theme In WP', 'TikTok Conversion Tracking Pixel', 'UTF-8', 'Woo Themes', 'WooCommerce', 'WooCommerce Checkout', 'WooLentor', 'WordPress', 'WordPress Multisite', 'YouTube', 'jQuery']"
northernlifttrucks.co.uk,Northern Lift Trucks | Telehandlers For Sale NI | Forklifts | Diggers | Excavators,,GBR,67,43865,2026-10-07T02:32:44.97096812Z,"['AWS WAF Challenge', 'Alternate Protocol', 'ByteDance', 'Cloudflare', 'Cloudflare CDN', 'Content Delivery Network', 'Cornerstone', 'EmbedPress', 'Facebook Conversion Tracking', 'Facebook Login', 'Facebook Messenger Platform', 'Facebook Pixel', 'Facebook Reseller', 'Facebook Tag API', 'Google', 'Google Analytics', 'Google Cloud CDN', 'Google Cloud DNS', 'Google Font API', 'Google My Business', 'Google Related Website Sites', 'Google Tag Manager', 'Instagram Follow Button', 'K2F', 'Microdata for Google Shopping', 'PHP', 'QUIC', 'Schema Plugin', 'Slider Revolution', 'Theme In WP', 'TikTok Conversion Tracking Pixel', 'UTF-8', 'WPBakery', 'WPForms', 'Woo Themes', 'WooCommerce', 'WooCommerce Checkout', 'WooFramework', 'WordPress', 'WordPress Multisite', 'XTemos Studio', 'YouTube', 'eLand', 'jQuery']"
yakinikuplaza.com.sg,Home - Yakiniku Plaza,,SGP,75,41035,2026-10-07T02:32:44.966781475Z,"['Alternate Protocol', 'ByteDance', 'Cloudflare', 'Cloudflare CDN', 'Content Delivery Network', 'Contento', 'DuracellTomi Google Tag Manager for WordPress', 'Elegant Themes', 'EmbedPress', 'Endis', 'Facebook Conversion Tracking', 'Facebook Login', 'Facebook Messenger Platform', 'Facebook Pixel', 'Facebook Reseller', 'Facebook Tag API', 'Google Analytics', 'Google Cloud DNS', 'Google Font API', 'Google Tag Manager', 'IcoMoon', 'Instagram Follow Button', 'Microdata for Google Shopping', 'Muffin Group', 'PHP', 'Popup Maker for Wordpress', 'QUIC', 'Slider Revolution', 'Supreme Modules Lite', 'Theme In WP', 'TikTok Conversion Tracking Pixel', 'Twitter Ads', 'UTF-8', 'WP Logo Showcase', 'Woo Themes', 'WooCommerce', 'WooCommerce Checkout', 'WordPress', 'WordPress Multisite', 'YouTube', 'jQuery']"
thechromeshack.com,The Chrome Shack,,,45,683,2026-10-07T00:50:39.356296639Z,"['Alternate Protocol', 'Amazon', 'Amazon CloudFront', 'ByteDance', 'CloudFront', 'ETranslate', 'Ecwid Ecommerce Shopping Cart', 'GZIP Module', 'Google Cloud DNS', 'Google Maps', 'Instagram Follow Button', 'Nginx', 'PWA', 'Stripe', 'TikTok Conversion Tracking Pixel', 'Twitter Ads', 'UTF-8', 'Umbler', 'Unsplash', 'eLand']"
magnetuo.com,My Store,My Store,,55,924,2026-10-06T23:32:30.50411473Z,"['Amazon Widgets', 'Apture Linking Platform', 'Baidu Cloud', 'BigCommerce', 'ByteDance', 'Cloudflare', 'Cloudflare CDN', 'Express', 'Facebook CDN', 'Facebook Login', 'Facebook Messenger Platform', 'Facebook Pixel', 'Facebook Reseller', 'Financial Services Guide', 'Microdata for Google Shopping', 'QUIC', 'ReviewWidget', 'Shopify', 'Shopify Collabs', 'Shopify Payments', 'Thank You', 'TikTok Conversion Tracking Pixel', 'UTF-8', 'Yandex Hosting', 'hCaptcha', 'jQuery', 'reCAPTCHA']"
kytfashion.com,KYT Fashion,KYT Fashion,,60,528,2026-10-06T22:40:31.365924746Z,"['Amazon', 'Apture Linking Platform', 'Baidu Cloud', 'ByteDance', 'Cloudflare', 'Cloudflare CDN', 'DAV', 'Instagram Follow Button', 'Microdata for Google Shopping', 'Microsoft Clarity', 'Parcel', 'ParcelPanel Order Tracking', 'QUIC', 'Shopify', 'Shopify Collabs', 'Snowplow', 'Tailwind CSS', 'TikTok Conversion Tracking Pixel', 'To Top', 'UTF-8', 'Yandex Hosting', 'hCaptcha', 'reCAPTCHA']"
knkemb.sg,"Custom Corporate Gifts, Shirts & Machine Embroidery Designs | K&K Embroidery",,SGP,77,46087,2026-10-06T22:13:56.47801292Z,"['3 Products', 'Alternate Protocol', 'Amazon', 'Amazon CloudFront', 'Business Promotion', 'ByteDance', 'CloudFront', 'ETranslate', 'Ecwid Ecommerce Shopping Cart', 'Elfsight', 'Express', 'GZIP Module', 'Google Cloud DNS', 'Google Customer Reviews', 'Google Maps', 'Google My Business', 'Google Recommendations AI', 'Instagram Follow Button', 'Nginx', 'PWA', 'Pexels', 'QUIC', 'SAP Ariba Network', 'Stripe', 'TikTok Conversion Tracking Pixel', 'UTF-8', 'Unsplash', 'YouTube', 'eLand']"
korean-skincare.pk,Pakistan's Official Seller #1 Korean Skincare Store – KOREAN SKINCARE PAKISTAN,Korean Skincare Pakistan,PRK,82,34816,2026-10-06T21:31:06.164409196Z,"['Adult Content', 'Alternate Protocol', 'Amazon WAF Blocked', 'Apture Linking Platform', 'Baidu Cloud', 'ByteDance', 'Cloudflare', 'Cloudflare CDN', 'Express', 'Facebook Reseller', 'Fastly', 'Fireblade', 'GoAffPro', 'Google Cloud DNS', 'Google Related Website Sites', 'IcoMoon', 'Instagram Follow Button', 'Klaviyo', 'Microdata for Google Shopping', 'NFOrce Internet', 'Parcel', 'QUIC', 'Setmore', 'Shopify', 'Shopify Collabs', 'Tagembed', 'Thank You', 'TikTok Conversion Tracking Pixel', 'Trustpilot Reviews for WordPress', 'Twitter Ads', 'UTF-8', 'Yandex Hosting', 'YouTube', 'hCaptcha', 'reCAPTCHA']"
deadlymedia.ro,Deadly Media - Agenție Creativă Full Service,Deadly Media,ROU,67,22960,2026-10-06T21:14:00.338757473Z,"['Alternate Protocol', 'ByteDance', 'CDN JS', 'Cloudflare', 'Cloudflare CDN', 'CookieYes', 'ElementUI', 'Elementor', 'EmbedPress', 'European Commission Online Dispute Resolution', 'Google', 'Google Adsense', 'Google Analytics', 'Google Cloud CDN', 'Google Cloud DNS', 'Google Font API', 'Google Funding Choices', 'Google Matched Content', 'Google My Business', 'Google Reseller', 'Google Tag Manager', 'Hello Elementor', 'INETu', 'Instagram Follow Button', 'LiteSpeed', 'Microdata for Google Shopping', 'PHP', 'Royal Elementor Addons', 'Table Addons for Elementor', 'Theme In WP', 'TikTok Conversion Tracking Pixel', 'UTF-8', 'WordPress', 'WordPress Multisite', 'YouTube', 'jQuery']"
craftcleaners.pl,CraftCleaners – Skuteczna chemia samochodowa do ochrony i pielęgnacji auta,,POL,72,1204,2026-10-06T21:06:25.610533152Z,"['Airtable', 'ByteDance', 'Content Delivery Network', 'Facebook Conversion Tracking', 'Facebook Login', 'Facebook Messenger Platform', 'Facebook Pixel', 'Facebook Reseller', 'Facebook Tag API', 'Google Analytics', 'Google Cloud DNS', 'Google Font API', 'Google Related Website Sites', 'Google Tag Manager', 'Instagram Follow Button', 'Next.js', 'Tailwind CSS', 'TikTok Conversion Tracking Pixel', 'UK Cookie Consent', 'UTF-8', 'Vercel', 'YouTube', 'shadcn ui']"
planaheadkit.com,Home-Revised | Plan Ahead Kit,Plan Ahead Kit,USA,82,80297,2026-10-06T20:54:34.496979975Z,"['AWS WAF Challenge', 'ActiveProspect', 'Alternate Protocol', 'Amazon WAF Blocked', 'Anura', 'Baidu Cloud', 'ByteDance', 'Content Delivery Network', 'Divi', 'Duoban', 'Elegant Themes', 'EmbedPress', 'Express', 'Facebook Conversion Tracking', 'Facebook Login', 'Facebook Messenger Platform', 'Facebook Pixel', 'Facebook Reseller', 'Facebook Tag API', 'Fastly', 'Fireblade', 'GZIP Module', 'Google', 'Google Analytics', 'Google Cloud CDN', 'Google Cloud DNS', 'Google Font API', 'Google My Business', 'Google Tag Manager', 'Gravity', 'Gravity Forms', 'HandL UTM Grabber', 'IcoMoon', 'Loomly', 'Microdata for Google Shopping', 'Nginx', 'PHP', 'RM Education', 'Sitelinks Search Box', 'SmartCrawl', 'Theme In WP', 'TikTok Conversion Tracking Pixel', 'UTF-8', 'University or College', 'Woo Themes', 'WordPress', 'WordPress Multisite', 'Yandex Hosting', 'jQuery', 'reCAPTCHA']"
hibou.com,HIBOU is a Polish clothing brand which was created out of love for simplicity and comfort,,POL,87,4118,2026-10-06T19:22:47.485427964Z,"['Amazon WAF Blocked', 'ByteDance', 'DAV', 'Facebook Conversion Tracking', 'Facebook Login', 'Facebook Messenger Platform', 'Facebook Pixel', 'Facebook Reseller', 'Facebook Tag API', 'GZIP Module', 'Google', 'Google Analytics', 'Google Cloud DNS', 'Google Font API', 'Google My Business', 'Google Tag Manager', 'IcoMoon', 'Instagram Follow Button', 'Lightwidget', 'Microdata for Google Shopping', 'Nginx', 'PWA', 'Parcel', 'Pinterest Conversion Tracking', 'TikTok Conversion Tracking Pixel', 'UTF-8', 'eLand', 'reCAPTCHA']"
kamaliakhaddar.online,Kamalia Khaddar - Premium Quality Traditional Fabric,Kamalia Khaddar,,72,2761,2026-10-06T18:37:47.78494629Z,"['Alternate Protocol', 'Automattic', 'ByteDance', 'CDN JS', 'Cloudflare', 'Cloudflare CDN', 'Content Delivery Network', 'EmbedPress', 'Facebook Login', 'Facebook Messenger Platform', 'Facebook Pixel', 'Facebook Reseller', 'Facebook Tag API', 'Flatsome', 'FormSubmit', 'Google Related Website Sites', 'IcoMoon', 'Instagram Follow Button', 'Jetpack', 'Line2', 'LiteSpeed', 'Microdata for Google Shopping', 'PHP', 'QUIC', 'QUIC.cloud', 'Tailwind CSS', 'TikTok Conversion Tracking Pixel', 'UTF-8', 'Woo Themes', 'WooCommerce', 'WooCommerce Checkout', 'WordPress', 'WordPress Multisite', 'WordPress Stats']"
vatsshop.ca,VATS Shop,,USA,65,44447,2026-10-06T18:01:37.95775825Z,"['AWS WAF Challenge', 'Alternate Protocol', 'Amazon', 'Amazon CloudFront', 'ByteDance', 'CloudFront', 'Cloudflare', 'Cloudflare CDN', 'Cloudflare Web Analytics', 'ETranslate', 'Ecwid Ecommerce Shopping Cart', 'Express', 'Fireblade', 'Google Cloud DNS', 'Google Maps', 'Google My Business', 'Google Related Website Sites', 'Instagram Follow Button', 'PWA', 'RM Education', 'TikTok Conversion Tracking Pixel', 'Typeform', 'UTF-8', 'Unsplash', 'eLand']"
cipherx.ca,Indoor Entertainment Coquitlam & Delta BC | CipherX,CipherX Entertainment,CAN,92,37880,2026-10-06T17:40:00.680004737Z,"['AWS WAF Challenge', 'Alternate Protocol', 'ByteDance', 'Cloudflare', 'Cloudflare CDN', 'Content Delivery Network', 'DAV', 'Elementor', 'EmbedPress', 'Facebook Login', 'Facebook Messenger Platform', 'Facebook Pixel', 'Facebook Reseller', 'Facebook Tag API', 'Google', 'Google Analytics', 'Google Cloud CDN', 'Google Cloud DNS', 'Google Font API', 'Google My Business', 'Google Tag Manager', 'Hello Elementor', 'Instagram Follow Button', 'KVH', 'Line2', 'LiteSpeed', 'Microdata for Google Shopping', 'TikTok Conversion Tracking Pixel', 'UTF-8', 'WordPress', 'WordPress Multisite', 'jQuery', 'jsDelivr']"
reyqaexclusive.com,Reyqa Exclusive | Muslimah Collection | Hijab | Exclusive Muslimah Attire |,,,57,162,2026-10-06T17:26:36.105326276Z,"['AJAX Libraries API', 'Apache', 'ByteDance', 'CDN JS', 'Cloudflare', 'Cloudflare CDN', 'ElementUI', 'Facebook Conversion Tracking', 'Facebook Login', 'Facebook Messenger Platform', 'Facebook Pixel', 'Facebook Reseller', 'Facebook Tag API', 'Font Awesome', 'GZIP Module', 'Google', 'Google Analytics', 'Google Cloud DNS', 'Google Tag Manager', 'Instagram Follow Button', 'PHP', 'QUIC', 'TikTok Conversion Tracking Pixel', 'UTF-8', 'jQuery', 'jsDelivr']"
bme-store.com,BME Store,,GBR,55,162,2026-10-06T17:22:43.29897295Z,"['Alternate Protocol', 'Bulma', 'ByteDance', 'DAV', 'Facebook Conversion Tracking', 'Facebook Login', 'Facebook Messenger Platform', 'Facebook Pixel', 'Facebook Reseller', 'Facebook Tag API', 'Font Awesome', 'GZIP Module', 'Google Analytics', 'Google Cloud DNS', 'Google Conversion Tracking', 'Google Tag Manager', 'Instagram Follow Button', 'Microsoft Azure', 'QUIC', 'TikTok Conversion Tracking Pixel', 'UTF-8', 'Visual Studio', 'jQuery']"
obascloset.ca,Oba's Closet,,CAN,55,387,2026-10-06T16:37:36.996334848Z,"['Alternate Protocol', 'Amazon', 'Amazon CloudFront', 'ByteDance', 'CloudFront', 'Ecwid Ecommerce Shopping Cart', 'GZIP Module', 'Google Cloud DNS', 'Google Maps', 'Google My Business', 'Instagram Follow Button', 'Nginx', 'PWA', 'Poptin', 'Stripe', 'TikTok Conversion Tracking Pixel', 'UTF-8', 'Unsplash', 'eLand']"
prestigecaregroup.com,Prestige Care Group | Care Homes,Prestige Care Group,AUS,82,1841051,2026-10-06T16:29:50.227833452Z,"['33 Across Direct', 'AB Tasty', 'ADFOX', 'AWS WAF Challenge', 'Active Campaign', 'AdRoll', 'AddThis for Wordpress', 'Adform Direct', 'Adobe Analytics', 'Adobe Marketing Cloud', 'Adpushup', 'Aimtell', 'Akamai Global Host', 'Alibaba Cloud CDN', 'Alternate Protocol', 'Amazon Associates Affiliate Shop', 'Amazon CloudFront', 'Amped', 'Amplitude', 'Analytify', 'AnyChat', 'AppNexus Direct', 'Automattic', 'BLR', 'Baidu Ads', 'Baidu Analytics', 'Baidu Cloud', 'Band Camp', 'Bazaarvoice', 'Bazaarvoice Curations', 'BidSwitch Direct', 'Bing Cashback', 'Bing Conversion Tracking', 'Birdeye', 'Brevo', 'Brightcove', 'ByteDance', 'CDN JS', 'Calendly', 'Camp', 'Chartbeat', 'Chatra', 'Clicky', 'CloudFront', 'Cloudflare', 'Cloudflare CDN', 'Cloudflare Stream', 'Cloudflare Web Analytics', 'Cognito Forms', 'Connatix Reseller', 'Constant Contact', 'Content Square', 'Convert', 'ConvertKit', 'Cookie First', 'CookieYes', 'Countly', 'CrazyEgg', 'Crisp', 'Criteo', 'Criteo Reseller', 'Crowdsignal', 'Customer.io', 'Cybot', 'DailyMotion Video', 'Dailymotion Reseller', 'Decibel Insight', 'DemDex', 'Didomi', 'Disqus Comment System for WordPress', 'DoubleClick Bid Manager', 'Drift', 'Drip', 'DuracellTomi Google Tag Manager for WordPress', 'Dynamic Yield', 'Eber', 'Eloqua', 'EmbedPress', 'Engage', 'Ensighten', 'Enzuzo', 'ExactTarget', 'Ezoic Direct', 'Ezoic Publisher', 'Facebook Embedded Posts', 'Facebook Pixel', 'Facebook Reseller', 'Feefo', 'Fomo', 'Font Awesome', 'Fonts.com', 'Formstack', 'Freshdesk Support', 'Freshpaint', 'Freshworks Bot', 'FullStory', 'GetGist', 'GetResponse', 'GetSiteControl', 'Giphy', 'GoatCounter', 'Google', 'Google Adsense', 'Google Analytics', 'Google Calendar', 'Google Cloud CDN', 'Google Cloud DNS', 'Google Flights Conversion Tracking', 'Google Font API', 'Google Funding Choices', 'Google Maps', 'Google Matched Content', 'Google My Business', 'Google Related Website Sites', 'Google Reseller', 'Google Tag Manager', 'Gorgias', 'GumGum', 'GumGum Direct', 'Heap', 'Hello Bar', 'Help Scout', 'HelpCrunch', 'Hotjar', 'HubSpot Conversations', 'Hubspot', 'Infolinks', 'Inspectlet', 'Instagram Follow Button', 'Intercom', 'IponWeb BidSwitch', 'Iterable', 'Iubenda', 'JW Player Platform', 'Jetpack', 'JivoSite', 'JotForm', 'Kakao', 'Kaltura', 'Kameleoon', 'Kampyle Analytics', 'Klaviyo', 'Leadfeeder', 'Lijit Reseller', 'LinkedIn Insights', 'LiteSpeed', 'LiveChat', 'LiveChat Monitoring', 'LiveRamp', 'MGID', 'MGID Reseller', 'MailChimp', 'MailerLite', 'Mailjet Widget', 'Marketo', 'Matomo', 'Mautic', 'Media.net', 'Media.net Reseller', 'Mediavine Publisher', 'Microdata for Google Shopping', 'Microsoft Azure Blob Storage', 'Microsoft Clarity', 'Mixpanel', 'Monetate', 'Monster', 'Monumetric Publisher', 'Mouseflow', 'New Relic', 'Ntent', 'Nudgify', 'OSS CDN', 'Okendo', 'Olark', 'OmniConvert', 'Omnisend', 'OneTrust Domain Verification', 'Ontraport', 'OpenX Direct', 'Optimizely Recommendations', 'OptinMonster', 'Outbrain Direct', 'PHP', 'Paperform', 'Pardot', 'Parse.ly', 'PayPal', 'PayPal Adaptive Payments', 'Pendo', 'Personyze', 'Pinterest Conversion Tracking', 'Pirsch', 'Piwik PRO', 'Plausible Analytics', 'Podium', 'PollDaddy', 'PubMatic Direct', 'Pubmatic', 'PushAlert', 'PushEngage', 'Qualtrics Site Intercept', 'Quantcast Direct', 'Quantum Metric', 'RM Education', 'RTB House Direct', 'Reamaze', 'Revcontent Reseller', 'ReviewsOnMyWebsite', 'Rumble Player', 'ScarabResearch', 'Seflow Italy', 'Segment', 'Segment Consent Manager', 'SendPulse', 'Sentry', 'ShareThis', 'Shopper Approved', 'Simple Analytics', 'SiteW', 'SiteWit', 'SmartAdServer Direct', 'SmartSupp', 'SnapEngage', 'Sourcepoint', 'SproutVideo', 'Stamped', 'StatCounter', 'Streamable', 'Sumo', 'Swell Rewards', 'Taboola Direct', 'Taboola Reseller', 'Tailwind CSS', 'Tally', 'Tealium', 'Telegram', 'The Trade Desk Direct', 'Theme In WP', 'Thrive Direct', 'TikTok Conversion Tracking Pixel', 'Triple Lift Direct', 'TrustPulse', 'Tumblr', 'Twitch', 'Twitter Ads', 'Twitter Analytics', 'Typeform', 'UK Cookie Consent', 'UTF-8', 'Unix', 'Vercel', 'Vimeo', 'Vimeo CDN', 'Vine Embed', 'Visual Website Optimizer', 'Webpushr', 'Wistia', 'Woo Themes', 'Woopra', 'WordPress', 'WordPress Multisite', 'Wufoo', 'Yahoo Image CDN', 'Yahoo Web Analytics', 'Yandex Hosting', 'Yieldmo Direct', 'Yotpo', 'YouTube', 'Zendesk Embeddables', 'Zoho SalesIQ', 'arsys.es', 'comScore', 'eKomi', 'iZooto', 'jQuery', 'jsDelivr', 'mParticle', 'reCAPTCHA']"
digitalitems.store,DigitalItems.Store – Buy Social Media Accounts & Digital Services,,GBR,82,121170,2026-10-06T15:28:43.851024037Z,"['ADFOX', 'Adult Content', 'Amazon WAF Blocked', 'Apture Linking Platform', 'ByteDance', 'Cloudflare', 'Cloudflare CDN', 'Cloudflare Web Analytics', 'Content Delivery Network', 'Facebook Conversion Tracking', 'Facebook Login', 'Facebook Messenger Platform', 'Facebook Pixel', 'Facebook Reseller', 'Facebook Tag API', 'Financial Services Guide', 'Fireblade', 'GZIP Module', 'Google', 'Google Analytics', 'Google Cloud DNS', 'Google Conversion Tracking', 'Google Font API', 'Google My Business', 'Google Tag Manager', 'Instagram Follow Button', 'K2F', 'KVH', 'Microdata for Google Shopping', 'No-Q', 'SMC', 'Telegram', 'Thank You', 'TikTok Conversion Tracking Pixel', 'Twitter Ads', 'Yandex Hosting', 'Yandex Metrika']"
engbreaking.id,Eng Breaking 2025 - Menghilangkan Rasa Takut Berbahasa Inggris dalam waktu,Eng Breaking,IDN,67,13363,2026-10-06T15:17:44.493906032Z,"['Akismet', 'Alternate Protocol', 'Apture Linking Platform', 'ByteDance', 'CDN JS', 'Cloudflare', 'Cloudflare CDN', 'Contact Form Plugin', 'EmbedPress', 'Flatsome', 'GZIP Module', 'Google Analytics', 'Google Tag Manager', 'IcoMoon', 'Microdata for Google Shopping', 'Monster', 'Nginx', 'OptinMonster', 'PHP', 'Perl', 'Tailwind CSS', 'Theme In WP', 'TikTok Conversion Tracking Pixel', 'UTF-8', 'Ubuntu', 'Vector Internet Services', 'Woo Themes', 'WooCommerce Checkout', 'WordPress', 'WordPress Multisite', 'jQuery', 'jsDelivr']"
riwaitirang.com,Up to 50% Off Summer Sale | Best Clothing Brand in Pakistan – Riwaiti Rang,,PAK,72,83126,2026-10-06T14:12:24.793941964Z,"['Amazon WAF Blocked', 'Apture Linking Platform', 'Baidu Cloud', 'ByteDance', 'Cloudflare', 'Cloudflare CDN', 'DAV', 'Financial Services Guide', 'Google', 'Google Analytics', 'Google Cloud CDN', 'Google Cloud DNS', 'Google Font API', 'Google Related Website Sites', 'Google Tag Manager', 'Instagram Follow Button', 'KVH', 'Microsoft Clarity', 'NFOrce Internet', 'No-Q', 'QUIC', 'SMC', 'Shopify', 'Shopify Collabs', 'Shopify Payments', 'Thank You', 'TikTok Conversion Tracking Pixel', 'UTF-8', 'Yandex Hosting', 'hCaptcha', 'reCAPTCHA']"
wwerb.com,Watch House Skringo,,RUS,77,17516,2026-10-06T14:07:12.086345683Z,"['ADFOX', 'Bitrix', 'ByteDance', 'Calltracking RU', 'ElementUI', 'Elfsight', 'Fancybox for WordPress', 'Google Analytics', 'Google Cloud DNS', 'Google Font API', 'Google My Business', 'Google Related Website Sites', 'Google Tag Manager', 'IcoMoon', 'Instagram Follow Button', 'Microdata for Google Shopping', 'Nginx', 'PHP', 'Schema Plugin', 'Subversion', 'Tailwind CSS', 'Telegram', 'TikTok Conversion Tracking Pixel', 'UTF-8', 'Yandex Hosting', 'Yandex Metrika', 'YouTube', 'eSputnik', 'reCAPTCHA']"
parracityweb.com,Home - Your local Digital Marketing Agency in Sydney - ParraCity Web,ParraCity Web,AUS,70,23152,2026-10-06T13:38:34.561647821Z,"['AWS WAF Challenge', 'Alternate Protocol', 'Better Lead Generation Services', 'ByteDance', 'Content Delivery Network', 'Corporate Governance and Regulatory Compliance', 'Elementor', 'ElementsKit Elementor', 'EmbedPress', 'Essential Addons for Elementor', 'Google', 'Google Analytics', 'Google Cloud CDN', 'Google Cloud DNS', 'Google Font API', 'Google Tag Manager', 'Header, Footer and Blocks for Elementor', 'Kitco', 'LiteSpeed', 'Microdata for Google Shopping', 'PHP', 'PixelYourSite', 'QUIC', 'Royal Elementor Addons', 'Site Kit', 'Sitelinks Search Box', 'Theme In WP', 'TikTok Conversion Tracking Pixel', 'UTF-8', 'Woo Themes', 'WordPress', 'WordPress Multisite', 'jQuery']"
gswebtech.ca,"Top Web Development & Marketing Services in Calgary, Canada",GS Web Technologies,CAN,82,19320,2026-10-06T12:48:42.384076589Z,"['AWS WAF Challenge', 'Amazon', 'ByteDance', 'CDN JS', 'Cloudflare', 'Cloudflare CDN', 'CodeIgniter', 'Google Analytics', 'Google My Business', 'Google Related Website Sites', 'Google Tag Manager', 'Instagram Follow Button', 'LiteSpeed', 'Microdata for Google Shopping', 'PHP', 'Schema Plugin', 'TikTok Conversion Tracking Pixel', 'Twitter Ads', 'UTF-8', 'WhatsApp Sharing', 'YouTube', 'jQuery', 'reCAPTCHA']"
buildmystore.ai,Build My Store AI - Get AI Built Shopify Dropshipping Stores,,,67,58980,2026-10-06T12:37:01.968473253Z,"['Alternate Protocol', 'ByteDance', 'Clearbit', 'Facebook Conversion Tracking', 'Facebook Login', 'Facebook Messenger Platform', 'Facebook Pixel', 'Facebook Reseller', 'Facebook Tag API', 'Framer Sites', 'Google', 'Google Analytics', 'Google Cloud CDN', 'Google Tag Manager', 'KVH', 'Ntent', 'QUIC', 'TikTok Conversion Tracking Pixel', 'Vector Internet Services', 'Yandex Hosting', 'Zeald']"
cysindosuksesabadi.com,"Produksi Kantong Plastik PP, PE dan HD. Printing, Potong Las",,IDN,77,2805,2026-10-06T12:10:38.153257051Z,"['Alternate Protocol', 'Apture Linking Platform', 'ByteDance', 'CDN JS', 'Cloudflare', 'Cloudflare CDN', 'Contact Form Plugin', 'ConvertPlug', 'EmbedPress', 'Ethy', 'Font Awesome', 'GZIP Module', 'Google Analytics', 'Google Cloud DNS', 'Google Font API', 'Google My Business', 'Google Tag Manager', 'Instagram Follow Button', 'Microdata for Google Shopping', 'Nginx', 'PHP', 'QUIC', 'Slider Revolution', 'The7', 'Theme In WP', 'TikTok Conversion Tracking Pixel', 'UTF-8', 'Ubuntu', 'Visual Composer Ultimate Addons', 'WPBakery', 'WordPress', 'WordPress Multisite', 'jQuery', 'reCAPTCHA']"
cuttingedgeladies.com,Cutting Edge Salon Dubai | Trendy Haircuts & Styling,Cutting Edge Ladies,FRA,92,19651,2026-10-06T11:16:33.68221266Z,"['Alternate Protocol', 'ByteDance', 'Cloudflare', 'Contact Form Plugin', 'Content Delivery Network', 'Custom Facebook Feed', 'Custom Twitter Feeds', 'DAV', 'Elementor', 'EmbedPress', 'Fresha', 'GoDaddy', 'Google Analytics', 'Google Maps', 'Google My Business', 'Google Related Website Sites', 'Google Tag Manager', 'Header, Footer and Blocks for Elementor', 'Hello Elementor', 'Instagram Feed for WordPress', 'Instagram Follow Button', 'Jeg Elementor Kit', 'Matomo', 'Matomo Tag Manager', 'Microdata for Google Shopping', 'Ntent', 'PHP', 'Pleroma', 'QUIC', 'Site Kit', 'Theme In WP', 'TikTok Conversion Tracking Pixel', 'TrustIndex', 'UTF-8', 'Wangsu', 'WhatsApp Sharing', 'WordPress', 'WordPress Multisite', 'jQuery']"
nationalelectricwatercooler.com,Electric Water Cooler in Rawalpindi - Gas & Electric Geyser,Nationwide Electric Cooler,PAK,92,10999,2026-10-06T10:13:46.9586227Z,"['Alternate Protocol', 'BLR', 'ByteDance', 'CDN JS', 'Cloudflare', 'Cloudflare CDN', 'CoBlocks', 'Contact Form Plugin', 'Content Delivery Network', 'EmbedPress', 'Essential Grid', 'Facebook Conversion Tracking', 'Facebook Login', 'Facebook Messenger Platform', 'Facebook Pixel', 'Facebook Reseller', 'Facebook Tag API', 'Fontello', 'GoDaddy', 'Google Analytics', 'Google Cloud DNS', 'Google Font API', 'Google Maps', 'Google My Business', 'Google Tag Manager', 'Instagram Follow Button', 'Line2', 'Microdata for Google Shopping', 'PHP', 'QUIC', 'Slider Revolution', 'Theme In WP', 'TikTok Conversion Tracking Pixel', 'Tumblr', 'Twitter Ads', 'UTF-8', 'WPBakery', 'Woo Themes', 'WooCommerce', 'WooCommerce Checkout', 'WordPress', 'WordPress Multisite', 'YouTube', 'eLand', 'jQuery']"
glowfix.com.ng,glowfix.com.ng,,,45,7500,2026-10-06T09:47:59.068157768Z,"['Alternate Protocol', 'Astra Theme', 'ByteDance', 'Content Delivery Network', 'Elementor', 'EmbedPress', 'Fireblade', 'Join.chat', 'LiteSpeed', 'Ntent', 'PHP', 'PixelYourSite', 'Theme In WP', 'TikTok Conversion Tracking Pixel', 'UTF-8', 'Woo Themes', 'WordPress', 'WordPress Multisite', 'WordPress Related Posts', 'jQuery']"
e-lite.com.pk,Buy The Best Home Appliances In Pakistan | Online Home Appliances – Elite-Appliances,Elite-Appliances,PAK,87,11524,2026-10-06T09:43:03.135657346Z,"['AddThis for Wordpress', 'Apture Linking Platform', 'Baidu Cloud', 'ByteDance', 'CDN JS', 'Cloudflare', 'Cloudflare CDN', 'Google', 'Google Cloud DNS', 'Google Font API', 'Google Related Website Sites', 'Instagram Follow Button', 'Juicer DMP', 'Microdata for Google Shopping', 'Perl', 'QUIC', 'Shopify', 'Shopify Collabs', 'TikTok Conversion Tracking Pixel', 'UTF-8', 'Yandex Hosting', 'hCaptcha', 'jQuery', 'reCAPTCHA']"
thegrottospa.co.za,The Grotto Spa at 15 on Orange | Spa Cape Town,,ZAF,92,36726,2026-10-06T09:30:44.668532003Z,"['AWS WAF Challenge', 'Adobe Creative Cloud WebFonts', 'Akismet', 'Alternate Protocol', 'Amazon WAF Blocked', 'Apture Linking Platform', 'Aruba', 'Astra Theme', 'ByteDance', 'Cloudflare', 'Content Delivery Network', 'CookieYes', 'Elementor', 'Elementor Custom Skin', 'Elfsight', 'EmbedPress', 'Fancybox for WordPress', 'Google', 'Google Analytics', 'Google Cloud DNS', 'Google Font API', 'Google Tag Manager', 'Gravity', 'Gravity Forms', 'Instagram Follow Button', 'Microdata for Google Shopping', 'Microsoft Clarity', 'PHP', 'Pingdom RUM', 'Smart Slider 3', 'Table Addons for Elementor', 'Tailwind CSS', 'Theme In WP', 'TikTok Conversion Tracking Pixel', 'UTF-8', 'VWO Engage', 'Vimeo', 'Visual Website Optimizer', 'WP Engine', 'WordPress', 'WordPress Multisite', 'Yandex Hosting', 'eLand', 'jQuery']"
azezee.com,AZE ZEE Constructions,,IND,77,70365,2026-10-06T08:41:21.216959592Z,"['ADFOX', 'AJAX Libraries API', 'Apache', 'ByteDance', 'ElementUI', 'Facebook Login', 'Facebook Messenger Platform', 'Facebook Pixel', 'Facebook Reseller', 'Font Awesome', 'GZIP Module', 'Google Cloud DNS', 'Google Tag Manager', 'Hotjar', 'Instagram Follow Button', 'KVH', 'Next.js', 'No-Q', 'Phusion Passenger Enterprise', 'Pleroma', 'Prospective', 'QUIC', 'Styled Components', 'Subversion', 'Tailwind CSS', 'TikTok Conversion Tracking Pixel', 'Twitter Ads', 'UTF-8', 'Vector Internet Services', 'Visual Website Optimizer', 'Wangsu', 'WordPress', 'Yandex Hosting', 'Yandex Metrika', 'YouTube', 'Zendesk Embeddables', 'jQuery']"
fitnesshubmode.com,Fitnesshubmode,,,57,,2026-10-06T08:22:22.625805366Z,"['Apture Linking Platform', 'ByteDance', 'Cloudflare', 'ElementUI', 'Express', 'GZIP Module', 'GetResponse', 'Microdata for Google Shopping', 'QUIC', 'Tailwind CSS', 'TikTok Conversion Tracking Pixel', 'UTF-8', 'Vue.js', 'jsDelivr']"
merchgears.com,Make every occasion special with a gift personalized - MerchGears – Merch Gears,Merch Gears,CHN,82,25288,2026-10-06T08:03:29.554351205Z,"['Alternate Protocol', 'Amazon CloudFront', 'Amazon WAF Blocked', 'Apture Linking Platform', 'Aruba', 'BLR', 'Baidu Cloud', 'ByteDance', 'CloudFront', 'Cloudflare', 'Cloudflare CDN', 'Express', 'Facebook Conversion Tracking', 'Facebook Login', 'Facebook Messenger Platform', 'Facebook Pixel', 'Facebook Reseller', 'Facebook Tag API', 'Fastly', 'GetResponse', 'Google Analytics', 'Google Related Website Sites', 'Google Tag Manager', 'Heroku', 'Instagram Follow Button', 'Microdata for Google Shopping', 'NFOrce Internet', 'Parcel', 'ParcelPanel Order Tracking', 'QUIC', 'Shopify', 'Shopify Collabs', 'Thank You', 'TikTok Conversion Tracking Pixel', 'Tumblr', 'Twitter Ads', 'UTF-8', 'Umbler', 'Yandex Hosting', 'YouTube', 'eLand', 'hCaptcha', 'reCAPTCHA']"
mx-shield.com,Custom Motocross Bike Covers | MX SHIELD,,USA,82,62402,2026-10-06T08:03:29.552533686Z,"['Alternate Protocol', 'Beaver Builder Lite', 'ByteDance', 'Cloudflare', 'Content Delivery Network', 'Content ad', 'Contento', 'EmbedPress', 'Facebook Conversion Tracking', 'Facebook Login', 'Facebook Messenger Platform', 'Facebook Pixel', 'Facebook Reseller', 'Facebook Tag API', 'Fireblade', 'FormSubmit', 'GitHub Hosting', 'GoDaddy', 'Google', 'Google Analytics', 'Google Cloud DNS', 'Google Font API', 'Google Related Website Sites', 'Google Tag Manager', 'Gravity', 'Instagram Follow Button', 'Jetpack', 'Line2', 'Microdata for Google Shopping', 'PHP', 'Pagekit', 'QUIC', 'Schema Plugin', 'SiteW', 'Theme In WP', 'TikTok Conversion Tracking Pixel', 'UTF-8', 'Vimeo', 'Wangsu', 'Website Tonight', 'Woo Themes', 'WooCommerce', 'WooCommerce Checkout', 'WooCommerce Payments', 'WordPress', 'WordPress Multisite', 'Yandex Hosting', 'jQuery']"
holidayinnorlando.com,Holiday Inn Resort Kissimmee by the Parks: Home,Holiday Inn Resort Kissimmee by the Parks,USA,92,15335,2026-10-06T06:54:44.278487252Z,"['AJAX Libraries API', 'Alternate Protocol', 'Amazon', 'Amazon S3 CDN', 'Asksuite', 'AutoComplete', 'Beaver Builder Lite', 'ByteDance', 'Content Delivery Network', 'ElementUI', 'EmbedPress', 'Fastly', 'Font Awesome', 'GZIP Module', 'GoDaddy', 'Google Adsense', 'Google Analytics', 'Google Cloud DNS', 'Google Font API', 'Google Funding Choices', 'Google Matched Content', 'Google My Business', 'Google Reseller', 'Google Tag Manager', 'Instagram Follow Button', 'Kitco', 'Microdata for Google Shopping', 'PHP', 'Pagekit', 'Perl', 'Primer', 'Site Kit', 'Smush Image Optimization', 'Storyblocks', 'The Post Grid', 'Theme In WP', 'TikTok Conversion Tracking Pixel', 'Twitter Ads', 'Twitter Analytics', 'Twitter Conversion Tracking', 'UTF-8', 'Website Tonight', 'WordPress', 'WordPress Multisite', 'eLand', 'jQuery']"
rdihub.com,RDI Hub | Applied Innovation on Europe's Western Edge,,,62,29019,2026-10-06T06:02:36.156723132Z,"['ByteDance', 'Framer Sites', 'GenerateBlocks', 'Google', 'Google Analytics', 'Google Cloud CDN', 'Google Tag Manager', 'InitiativeS', 'Instagram Follow Button', 'KVH', 'LinkedIn Insights', 'LinkedIn Pixel', 'Ntent', 'TikTok Conversion Tracking Pixel', 'Yandex Hosting', 'Zeald', 'eLand']"
aquacosmes.com,Welcome to Sparklingwonderus,Sparklingwonderus,,65,14644,2026-10-06T05:46:46.734664619Z,"['Amazon', 'Amazon CloudFront', 'Apture Linking Platform', 'Aruba', 'Baidu Cloud', 'ByteDance', 'CloudFront', 'Cloudflare', 'Cloudflare CDN', 'Express', 'Google', 'Google Cloud CDN', 'Google Cloud DNS', 'Google Cloud Storage', 'IcoMoon', 'Microdata for Google Shopping', 'QUIC', 'Shopify', 'Shopify Collabs', 'TikTok Conversion Tracking Pixel', 'UTF-8', 'Yandex Hosting', 'eLand', 'hCaptcha', 'reCAPTCHA']"
perfectgroup-egypt.com,Home,,,52,1695,2026-10-06T05:27:52.822301606Z,"['Alternate Protocol', 'Amazon CloudFront', 'ByteDance', 'CloudFront', 'DC74', 'ElementUI', 'GZIP Module', 'Google', 'Google Cloud CDN', 'Google Cloud DNS', 'Google Font API', 'Google Maps', 'Instagram Follow Button', 'Next.js', 'Pleroma', 'Shutterstock', 'Thank You', 'TikTok Conversion Tracking Pixel', 'UTF-8', 'Unsplash']"
emmi-dent.com,"emmi-dent: Toothbrushes, dental health and oral care",,DEU,77,52784,2026-10-06T04:18:32.207531977Z,"['ADCELL', 'AWS WAF Challenge', 'Adform Direct', 'Alternate Protocol', 'Amazon CloudFront', 'Amazon WAF Blocked', 'AppNexus Direct', 'Apture Linking Platform', 'Azion', 'Baidu Cloud', 'Bing Cashback', 'Bing Conversion Tracking', 'ByteDance', 'CDN JS', 'CloudFront', 'Cloudflare', 'Cloudflare CDN', 'DAV', 'DoubleClick Bid Manager', 'Facebook Reseller', 'Fastly', 'Fireblade', 'Google Analytics', 'Google My Business', 'Google Related Website Sites', 'Google Reseller', 'Google Tag Manager', 'Gorgias', 'Instagram Follow Button', 'Klaviyo', 'Microdata for Google Shopping', 'Microsoft Clarity', 'NFOrce Internet', 'Perl', 'QUIC', 'Shopify', 'Shopify Collabs', 'Shopify Payments', 'SmartAdServer Direct', 'Subversion', 'Tailwind CSS', 'Thank You', 'TikTok Conversion Tracking Pixel', 'Trusted Shops', 'Twitter Ads', 'Twitter Analytics', 'UTF-8', 'University or College', 'UpPromote', 'Vimeo', 'Yandex Hosting', 'YouTube', 'eLand', 'hCaptcha', 'jQuery', 'reCAPTCHA', 'shadcn ui']"
eduwing.ae,Eduwing Education Best Distance Education Institute in UAE & GCC,Eduwing Education,IND,67,24383,2026-10-06T04:04:33.316843358Z,"['AJAX Libraries API', 'Alternate Protocol', 'ByteDance', 'CDN JS', 'Cloudflare', 'Cloudflare CDN', 'Contact Form Plugin', 'ElementUI', 'Elementor', 'EmbedPress', 'Facebook Conversion Tracking', 'Facebook Login', 'Facebook Messenger Platform', 'Facebook Pixel', 'Facebook Reseller', 'Facebook Tag API', 'Fancybox for WordPress', 'FormSubmit', 'GZIP Module', 'Google', 'Google Cloud DNS', 'Google Font API', 'Google My Business', 'Instagram Follow Button', 'LottieFiles', 'M247', 'Microdata for Google Shopping', 'Nginx', 'PHP', 'Perl', 'QUIC', 'Royal Elementor Addons', 'Tailwind CSS', 'Theme In WP', 'TikTok Conversion Tracking Pixel', 'UTF-8', 'University or College', 'WhatsApp Sharing', 'WordPress', 'WordPress Multisite', 'YouTube', 'jQuery', 'jQuery Updater', 'jsDelivr', 'reCAPTCHA']"
storming-agency.co,Storming Agency,,USA,65,7774,2026-10-06T03:51:44.688701873Z,"['AJAX Libraries API', 'Alternate Protocol', 'Amazon WAF Blocked', 'AutoComplete', 'ByteDance', 'CDN JS', 'Cloudflare', 'Cloudflare CDN', 'Contact Form Plugin', 'Elementor', 'EmbedPress', 'Facebook Login', 'Facebook Messenger Platform', 'Facebook Pixel', 'Facebook Reseller', 'FreeCSSTemplates', 'Google Analytics', 'Google Cloud DNS', 'Google Font API', 'Google Tag Manager', 'HurryTimer', 'Instagram Follow Button', 'LiteSpeed', 'Microsoft Clarity', 'Monster', 'PHP', 'PixelYourSite', 'QUIC', 'QuadLayers', 'Thank You', 'Theme In WP', 'TikTok Conversion Tracking Pixel', 'Twitter Ads', 'UTF-8', 'Woo Themes', 'WooCommerce', 'WooCommerce Checkout', 'WordPress', 'WordPress Multisite', 'YouTube', 'jQuery']"
beachtimesunglasses.com,Home - Beachtime Sunglasses,Beachtime Sunglasses,USA,77,31166,2026-10-06T03:48:53.627896218Z,"['AWS WAF Challenge', 'Alternate Protocol', 'Apture Linking Platform', 'ByteDance', 'CDN JS', 'Cloudflare', 'Cloudflare CDN', 'DoubleClick Bid Manager', 'ElementUI', 'Elementor', 'EmbedPress', 'EqualWeb', 'Facebook CDN', 'Facebook Reseller', 'Financial Services Guide', 'GitHub Hosting', 'Google', 'Google Analytics', 'Google Cloud DNS', 'Google Font API', 'Google My Business', 'Google Related Website Sites', 'Google Tag Manager', 'Instagram Feed for WordPress', 'Instagram Follow Button', 'Matomo', 'Matomo Tag Manager', 'Microdata for Google Shopping', 'Microsoft Clarity', 'NFOrce Internet', 'Nginx', 'PHP', 'Pagekit', 'QUIC', 'RM Education', 'Smart Coupons for WooCommerce', 'Tailwind CSS', 'Theme In WP', 'TikTok Conversion Tracking Pixel', 'UTF-8', 'WP Rocket', 'WPMU DEV', 'WhatsApp Sharing', 'Woo Themes', 'WooCommerce', 'WooCommerce Checkout', 'WooCommerce Payments', 'WordPress', 'WordPress Multisite', 'jQuery']"
askponytail.com,Home Selling Made Simple | Ask Ponytail,,USA,77,19737,2026-10-06T03:42:23.295097318Z,"['Alternate Protocol', 'Amazon', 'Amazon S3 CDN', 'Apture Linking Platform', 'Brivity', 'Bulma', 'ByteDance', 'CDN JS', 'Cloudflare', 'Cloudflare CDN', 'DAV', 'DoubleClick Bid Manager', 'Elfsight', 'Facebook Conversion Tracking', 'Facebook Login', 'Facebook Messenger Platform', 'Facebook Pixel', 'Facebook Reseller', 'Facebook Tag API', 'Fello', 'Font Awesome', 'GZIP Module', 'Google', 'Google Analytics', 'Google Cloud DNS', 'Google Flights Conversion Tracking', 'Google Font API', 'Google Maps', 'Google My Business', 'Google Related Website Sites', 'Google Remarketing', 'Google Tag Manager', 'IcoMoon', 'Microdata for Google Shopping', 'Neighborhoods', 'Nginx', 'PHP', 'QUIC', 'Realvolution', 'Storyblocks', 'Tailwind CSS', 'TikTok Conversion Tracking Pixel', 'UTF-8', 'University or College', 'Yandex Hosting', 'YouTube', 'accessiBe', 'jQuery', 'jsDelivr']"
oikosaphrodite.shop,OIKOS APHRODITE - ΕΠΙΠΛΑ ΜΕ ΔΟΣΕΙΣ,,USA,82,14145,2026-10-06T00:36:25.064726793Z,"['AJAX Libraries API', 'Apture Linking Platform', 'ByteDance', 'CartHook', 'Checkout.com', 'Cloudflare', 'Cloudflare CDN', 'CookieYes', 'ElementUI', 'Google', 'Google Analytics', 'Google Cloud DNS', 'Google Maps', 'Google Related Website Sites', 'Google Tag Manager', 'IcoMoon', 'Instagram Follow Button', 'Klaviyo', 'Microdata for Google Shopping', 'Recharge', 'Shopify', 'Shopify Collabs', 'TikTok Conversion Tracking Pixel', 'UTF-8', 'hCaptcha', 'jQuery', 'jsDelivr', 'reCAPTCHA']"
levelsmelbourne.com.au,Levels Melbourne | Melbourne's only Superclub,,,47,26956,2026-10-06T00:06:12.739532068Z,"['Amazon', 'Amazon WAF Blocked', 'Apture Linking Platform', 'ByteDance', 'Cloudflare', 'Content Delivery Network', 'Eventbrite', 'Express', 'Fastly', 'Fastly CDN', 'GZIP Module', 'Google Conversion Tracking', 'Google Related Website Sites', 'Instagram Follow Button', 'Microdata for Google Shopping', 'NFOrce Internet', 'PWA', 'QUIC', 'SMC', 'Seflow Italy', 'Sentry', 'SiteW', 'TikTok Conversion Tracking Pixel', 'UTF-8', 'Vector Internet Services', 'Wix', 'Wix Media', 'mlcom']"
dollarflightclub.com,Dollar Flight Club | Cheap Flights - International & Domestic Flight Deals,Dollar Flight Club,USA,77,13488,2026-10-05T23:38:59.084655876Z,"['Alternate Protocol', 'Apache', 'ByteDance', 'Cisco/Arrowpoint Content Service Switch', 'Elementor', 'EmbedPress', 'Facebook Pixel', 'Facebook Tag API', 'GZIP Module', 'Google Adsense', 'Google Analytics', 'Google Funding Choices', 'Google Matched Content', 'Google Reseller', 'Google Tag Manager', 'Heap', 'Hello Elementor', 'Hotjar', 'Instagram Follow Button', 'Microdata for Google Shopping', 'PHP', 'ProfitWell', 'Quantcast Direct', 'Refersion', 'Theme In WP', 'TikTok Conversion Tracking Pixel', 'Twitter Ads', 'UTF-8', 'WordPress', 'WordPress Multisite', 'YouTube', 'jQuery']"
smscalendar.app,SMS Recordatorio para Google Calendar,,,77,1740,2026-10-05T22:33:57.5072923Z,"['ByteDance', 'Content Delivery Network', 'Crisp', 'Google Analytics', 'Google My Business', 'Google Tag Manager', 'Google Workspace', 'QUIC', 'SveltKit', 'Svelte', 'Tailwind CSS', 'TikTok Conversion Tracking Pixel', 'Vercel', 'YouTube', 'shadcn ui']"
santafesmilestx.com,"General & Cosmetic Dentistry Santa Fe, TX - Call Us Today",,USA,77,22455,2026-10-05T22:19:48.755974261Z,"['Akismet', 'Alternate Protocol', 'Angular', 'ByteDance', 'Call to Visit', 'CallRail', 'Content Delivery Network', 'DuracellTomi Google Tag Manager for WordPress', 'EmbedPress', 'Facebook Conversion Tracking', 'Facebook Login', 'Facebook Messenger Platform', 'Facebook Pixel', 'Facebook Reseller', 'Facebook Tag API', 'Font Awesome', 'Fontello', 'GZIP Module', 'Google Analytics', 'Google Cloud DNS', 'Google Customer Reviews', 'Google Font API', 'Google Maps', 'Google My Business', 'Google Recommendations AI', 'Google Related Website Sites', 'Google Tag Manager', 'Gravity Forms', 'Instagram Follow Button', 'Microdata for Google Shopping', 'Nginx', 'Open Dental', 'PHP', 'Popup Anything', 'Popup Maker for Wordpress', 'QUIC', 'SiteW', 'Sitelinks Search Box', 'Slider Revolution', 'Stockholm', 'Thank You', 'Theme In WP', 'TikTok Conversion Tracking Pixel', 'Twitter Ads', 'UTF-8', 'University or College', 'WP Engine', 'WP Mobile Menu', 'WPBakery', 'WordPress', 'WordPress Multisite', 'YouTube', 'eLand', 'jQuery']"
fantasyworldtoys.com,Shop online with Fantasy World Toys - Kids Deserves the Best!.,,,67,476386,2026-10-05T22:07:27.821613355Z,"['AWS WAF Challenge', 'Adobe Analytics', 'Adobe Marketing Cloud', 'Algolia', 'Alternate Protocol', 'Amazon', 'Amazon S3 CDN', 'Amazon WAF Blocked', 'Amplitude', 'App Store', 'Apture Linking Platform', 'Better Lead Generation Services', 'Bing Cashback', 'Bunny Fonts', 'BunnyCDN General', 'ByteDance', 'CDN JS', 'Cloudflare', 'Cloudflare CDN', 'Content Delivery Network', 'CookieYes', 'DemDex', 'DoubleClick Bid Manager', 'ElementUI', 'Engage', 'Express', 'Facebook Login', 'Facebook Messenger Platform', 'Facebook Pixel', 'Facebook Reseller', 'Fastly', 'Financial Services Guide', 'Font Awesome', 'GetResponse', 'GitHub Hosting', 'Google', 'Google Analytics', 'Google Cloud CDN', 'Google Cloud DNS', 'Google Cloud Storage', 'Google Font API', 'Google Maps', 'Google My Business', 'Google Play', 'Google Tag Manager', 'IcoMoon', 'Instagram Follow Button', 'Jetpack', 'K2F', 'Klarna', 'LiveChat Monitoring', 'Magento', 'Magento Enterprise', 'Microdata for Google Shopping', 'MoEngage', 'New Relic', 'Oddle', 'PayPal Adaptive Payments', 'QUIC', 'Schema Plugin', 'Segment', 'Shopify', 'Storyblocks', 'Tailwind CSS', 'TikTok Conversion Tracking Pixel', 'Trusted Shops', 'Twitter Ads', 'UTF-8', 'Vimeo', 'Vimeo CDN', 'Way', 'YouTube', 'arsys.es', 'eLand', 'jsDelivr', 'reCAPTCHA']"
ideaframe.co.uk,IDEAFRAME,,,62,66358,2026-10-05T21:58:01.559795665Z,"['ByteDance', 'CDN JS', 'Carrd', 'Cloudflare', 'Cloudflare CDN', 'Fireblade', 'Font Awesome', 'GZIP Module', 'Google Cloud DNS', 'Google Font API', 'SMC', 'TikTok Conversion Tracking Pixel', 'reCAPTCHA']"
mountofolivesbook.com,Inspirational book | Mountofolivesbook.com,,GBR,72,164368,2026-10-05T21:58:01.550534362Z,"['AWS WAF Challenge', 'Alternate Protocol', 'Amazon WAF Blocked', 'Apture Linking Platform', 'ByteDance', 'Cloudflare', 'Coming Soon Page', 'Content Delivery Network', 'DAV', 'Express', 'Fastly', 'Fastly CDN', 'GZIP Module', 'Google Related Website Sites', 'Instagram Follow Button', 'NFOrce Internet', 'ON24', 'On The Map', 'PWA', 'Perl', 'QUIC', 'SMC', 'Seflow Italy', 'Sentry', 'SiteW', 'Social Intents', 'Thank You', 'TikTok Conversion Tracking Pixel', 'UTF-8', 'Vector Internet Services', 'WP Booking Calendar', 'Wix', 'Wix Media', 'mlcom']"
nationalcandidacenter.com,Candida Yeast Treatment - Natural Alternatives to Drugs in FL at National Candida Center,,USA,82,50641,2026-10-05T21:35:44.883699201Z,"['AWS WAF Challenge', 'Ajax Search Lite', 'Alternate Protocol', 'Bulma', 'ByteDance', 'Cloudflare', 'Contact Form Plugin', 'Content Delivery Network', 'DAV', 'Elementor', 'EmbedPress', 'Endis', 'Express', 'Facebook Conversion Tracking', 'Facebook Login', 'Facebook Messenger Platform', 'Facebook Pixel', 'Facebook Reseller', 'Facebook Tag API', 'GoDaddy', 'Google', 'Google Analytics', 'Google Cloud DNS', 'Google Font API', 'Google My Business', 'Google Related Website Sites', 'Google Tag Manager', 'Instagram Follow Button', 'Lazy Load for WordPress', 'Line2', 'Microdata for Google Shopping', 'PHP', 'Pagekit', 'QUIC', 'Sassy Social Share', 'Site Kit', 'Smush Image Optimization', 'Theme In WP', 'TikTok Conversion Tracking Pixel', 'To Top', 'Twenty Sixteen', 'Twitter Ads', 'UTF-8', 'Wangsu', 'Website Tonight', 'Woo Themes', 'WooCommerce', 'WooCommerce Checkout', 'WordPress', 'WordPress Multisite', 'YouTube', 'jQuery', 'qTranslate', 'reCAPTCHA']"
time-recruitment.com,Homepage · Time Recruitment Solutions Ltd,,GBR,72,133521,2026-10-05T21:20:57.526070686Z,"['ADFOX', 'AWS WAF Challenge', 'Amazon', 'Amazon CloudFront', 'Amazon Route 53', 'Apture Linking Platform', 'ByteDance', 'CDN JS', 'CloudFront', 'Cloudflare', 'Cloudflare CDN', 'Content Delivery Network', 'CookieConsent', 'DAV', 'DoubleClick Bid Manager', 'Font Awesome', 'GZIP Module', 'Google', 'Google Analytics', 'Google Cloud DNS', 'Google Maps', 'Google My Business', 'Google Tag Manager', 'Herefish', 'Hubspot', 'Intercom', 'LinkedIn Pixel', 'LiveTex', 'Microsoft Azure', 'Nginx', 'Pico CSS', 'QUIC', 'SMC', 'Snitcher', 'StackPath', 'Tailwind CSS', 'TikTok Conversion Tracking Pixel', 'Trustpilot Reviews for WordPress', 'Twitter Ads', 'UTF-8', 'Vector Internet Services', 'Volcanic Cloud', 'Yandex Hosting', 'eLand', 'reCAPTCHA', 'uCalc']"
fakiehaquarium.com,Fakieh Aquarium,,SAU,72,3299,2026-10-05T20:45:42.578824909Z,"['Bulma', 'ByteDance', 'CDN JS', 'Cloudflare', 'Cloudflare CDN', 'Coming Soon Page', 'ETranslate', 'Facebook Conversion Tracking', 'Facebook Login', 'Facebook Messenger Platform', 'Facebook Pixel', 'Facebook Reseller', 'Facebook Tag API', 'Google Analytics', 'Google Cloud DNS', 'Google Font API', 'Google Related Website Sites', 'Google Tag Manager', 'Instagram Follow Button', 'TikTok Conversion Tracking Pixel', 'Twitter Ads', 'UTF-8', 'jQuery']"
technogroup.shop,Techno Group Lithuania,,LTU,65,48966,2026-10-05T20:15:32.819167974Z,"['3 Products', 'Adult Content', 'Alternate Protocol', 'Amazon CloudFront', 'Amazon WAF Blocked', 'Apture Linking Platform', 'Aruba', 'Azure Edge', 'Baidu Cloud', 'ByteDance', 'CloudFront', 'Cloudflare', 'Cloudflare CDN', 'DC74', 'Google My Business', 'Google Related Website Sites', 'Instagram Follow Button', 'Klaviyo', 'M247', 'Microsoft Azure Verified CDN', 'NFOrce Internet', 'Omnisend', 'QUIC', 'Shopify', 'Shopify Collabs', 'Shopify Payments', 'Tailwind CSS', 'Thank You', 'TikTok Conversion Tracking Pixel', 'Twitter Ads', 'UTF-8', 'Vector Internet Services', 'Yandex Hosting', 'eLand', 'hCaptcha', 'reCAPTCHA']"
balkanbeats.eu,START - BALKANBEATS,,GBR,77,27711,2026-10-05T19:39:34.38716525Z,"['Alternate Protocol', 'Amazon WAF Blocked', 'Astra Theme', 'Band Camp', 'ByteDance', 'Camp', 'Cisco/Arrowpoint Content Service Switch', 'Content Delivery Network', 'Cookie Accept', 'Elementor', 'EmbedPress', 'Ethy', 'Fireblade', 'Google Analytics', 'Google My Business', 'Google Tag Manager', 'Instagram Follow Button', 'Jetpack', 'Line2', 'LiteSpeed', 'Microdata for Google Shopping', 'NFOrce Internet', 'PHP', 'Perl', 'QUIC', 'QUIC.cloud', 'Sitelinks Search Box', 'TikTok Conversion Tracking Pixel', 'Twitter Ads', 'UTF-8', 'University or College', 'Woo Themes', 'WordPress', 'WordPress Multisite', 'WordPress Related Posts', 'WordPress Stats', 'Yandex Hosting', 'eLand']"
ardy.im,The fastest way to become an idol - ardy,아디,PRK,77,33800,2026-10-05T19:39:34.363647683Z,"['AJAX Libraries API', 'Alternate Protocol', 'Amazon', 'Amazon CloudFront', 'Amazon Route 53', 'ArvanCloud', 'ByteDance', 'CloudFront', 'Content Delivery Network', 'Discord', 'Facebook Conversion Tracking', 'Facebook Login', 'Facebook Messenger Platform', 'Facebook Pixel', 'Facebook Reseller', 'Facebook Tag API', 'Fastly CDN', 'Google', 'Google Analytics', 'Google Cloud DNS', 'Google Font API', 'Google Related Website Sites', 'Google Tag Manager', 'Instagram Follow Button', 'KVH', 'Microdata for Google Shopping', 'No-Q', 'PWA', 'Tailwind CSS', 'Thank You', 'TikTok Conversion Tracking Pixel', 'UTF-8', 'jQuery', 'jsDelivr', 'shadcn ui']"
quraniclawofattraction.com,qloa-2 - Quranic Law of Attraction,,,67,248,2026-10-05T18:09:40.907392605Z,"['Alternate Protocol', 'Autoptimize', 'ByteDance', 'DAV', 'Elementor', 'EmbedPress', 'Facebook Conversion Tracking', 'Facebook Login', 'Facebook Messenger Platform', 'Facebook Pixel', 'Facebook Reseller', 'Facebook Tag API', 'Google Analytics', 'Google Tag Manager', 'Instagram Follow Button', 'LinkedIn Insights', 'LinkedIn Pixel', 'LiteSpeed', 'Microdata for Google Shopping', 'PHP', 'Perl', 'Theme In WP', 'TikTok Conversion Tracking Pixel', 'UTF-8', 'WordPress', 'WordPress Multisite', 'jQuery']"
vinoq.wine,VinoQ,,,67,12164,2026-10-05T17:36:55.9091051Z,"['Apture Linking Platform', 'Baidu Cloud', 'Bing Cashback', 'Bing Conversion Tracking', 'ByteDance', 'Cloudflare', 'Cloudflare CDN', 'Express', 'Facebook Conversion Tracking', 'Facebook Login', 'Facebook Messenger Platform', 'Facebook Pixel', 'Facebook Reseller', 'Facebook Tag API', 'Google Analytics', 'Google My Business', 'Google Related Website Sites', 'Google Tag Manager', 'Instagram Follow Button', 'MailChimp', 'Microdata for Google Shopping', 'Microsoft Clarity', 'Newsletter for Wordpress', 'No-Q', 'OnlineWebFonts', 'OpenAI', 'Pinterest Conversion Tracking', 'QUIC', 'Reddit Conversion Tracking', 'Shopify', 'Shopify Collabs', 'TikTok Conversion Tracking Pixel', 'Twitter Ads', 'Twitter Analytics', 'UTF-8', 'Umbler', 'Yandex Hosting', 'hCaptcha', 'reCAPTCHA']"
usmantravels.com,HOME - USMAN TRAVELS S.R.L | Affordable Umrah Packages,,EGY,82,2633,2026-10-05T17:36:55.906803205Z,"['Alternate Protocol', 'ByteDance', 'Contact Form Plugin', 'Content Delivery Network', 'Elementor', 'EmbedPress', 'Facebook Conversion Tracking', 'Facebook Login', 'Facebook Messenger Platform', 'Facebook Pixel', 'Facebook Reseller', 'Facebook Tag API', 'FormSubmit', 'Google Analytics', 'Google Cloud DNS', 'Google Font API', 'Google Forms', 'Google My Business', 'Google Tag Manager', 'IcoMoon', 'Instagram Follow Button', 'LiteSpeed', 'Microdata for Google Shopping', 'NFOrce Internet', 'Newsletter for Wordpress', 'PHP', 'QUIC', 'Schema Plugin', 'Site Kit', 'Sitelinks Search Box', 'Tailwind CSS', 'Theme In WP', 'TikTok Conversion Tracking Pixel', 'TranslatePress', 'UTF-8', 'WordPress', 'WordPress Multisite', 'YouTube', 'jQuery', 'jsDelivr']"
superbox.me,SuperBox Online Store – SuperBox Series Store,,,60,661,2026-10-05T17:21:04.73068999Z,"['Alternate Protocol', 'Blocksy', 'ByteDance', 'Content Delivery Network', 'EmbedPress', 'Everest Forms', 'Google Analytics', 'Google Tag Manager', 'LiteSpeed', 'PHP', 'Parcel', 'Site Kit', 'Stackable Page Builder Gutenberg Blocks', 'Theme In WP', 'Tidio', 'TikTok Conversion Tracking Pixel', 'UTF-8', 'WP Statistics', 'Woo Themes', 'WooCommerce', 'WooCommerce Checkout', 'WooCommerce Pixel Manager by woopt', 'WordPress', 'WordPress Multisite', 'jQuery']"
brandywear.shop,Brandy Wear,Brandy Wear,PAK,70,18376,2026-10-05T16:17:29.167252792Z,"['AddThis for Wordpress', 'Apture Linking Platform', 'ByteDance', 'Cloudflare', 'Cloudflare CDN', 'DAV', 'Fireblade', 'Google Cloud DNS', 'Google Font API', 'Microdata for Google Shopping', 'Shopify', 'Shopify Collabs', 'Shopify Payments', 'TikTok Conversion Tracking Pixel', 'UTF-8', 'hCaptcha', 'reCAPTCHA']"
urbannutcracker.com,Home - Urban Nutcracker,Urban Nutcracker,,62,23376,2026-10-05T15:51:15.069127463Z,"['Alternate Protocol', 'Apache', 'ByteDance', 'Elementor', 'EmbedPress', 'Facebook Conversion Tracking', 'Facebook Login', 'Facebook Messenger Platform', 'Facebook Pixel', 'Facebook Reseller', 'Facebook Tag API', 'Google', 'Google Analytics', 'Google Cloud CDN', 'Google Cloud DNS', 'Google Font API', 'Google My Business', 'Google Tag Manager', 'Instagram Follow Button', 'KVH', 'Microdata for Google Shopping', 'MonsterInsights', 'PHP', 'Sitelinks Search Box', 'Theme In WP', 'TikTok Conversion Tracking Pixel', 'Twitter Ads', 'UTF-8', 'WPForms', 'WordPress', 'WordPress Multisite', 'YouTube', 'ZAKRA', 'jQuery']"
lanoor.vip,"LANOOR & NORINA | Turbans, Accessories & Clothing",LANOOR,JOR,77,23436,2026-10-05T15:25:21.571606237Z,"['AWS WAF Challenge', 'Adobe Creative Cloud WebFonts', 'Adult Content', 'Alternate Protocol', 'ByteDance', 'Cloudflare', 'Cloudflare CDN', 'Cloudflare Web Analytics', 'Elementor', 'EmbedPress', 'Facebook Conversion Tracking', 'Facebook Login', 'Facebook Messenger Platform', 'Facebook Pixel', 'Facebook Reseller', 'Facebook Tag API', 'Fontello', 'Google Analytics', 'Google My Business', 'Google Related Website Sites', 'Google Tag Manager', 'IcoMoon', 'Instagram Follow Button', 'Line2', 'LiteSpeed', 'Menu Icons by ThemeIsle', 'Microdata for Google Shopping', 'PHP', 'Shipping Rates Calculator', 'Side Cart Woocommerce', 'Slider Revolution', 'Theme In WP', 'TikTok Conversion Tracking Pixel', 'UTF-8', 'Vector Internet Services', 'Woo Themes', 'WooCommerce', 'WooCommerce Checkout', 'WordPress', 'WordPress Multisite', 'eLand', 'jQuery', 'reCAPTCHA']"
blueabatherapy.com,Blue ABA Therapy: Trusted Autism Support In-Home & At School,,USA,82,298489,2026-10-05T15:21:04.686464746Z,"['Adult Content', 'Alternate Protocol', 'Amazon WAF Blocked', 'Apture Linking Platform', 'Baidu Cloud', 'ByteDance', 'Content Delivery Network', 'EmbedPress', 'Express', 'GenerateBlocks', 'GeneratePress Company', 'Google', 'Google Analytics', 'Google Cloud CDN', 'Google Cloud DNS', 'Google Font API', 'Google Tag Manager', 'Lazy Load for WordPress', 'LiveChat', 'LiveChat Monitoring', 'Microdata for Google Shopping', 'NFOrce Internet', 'Nginx', 'PHP', 'Perl', 'QUIC', 'RM Education', 'Rocket Chat', 'Salesforce', 'Salesforce Experience Cloud', 'Salesforce Hosted', 'Salesforce Web to Lead', 'Sitelinks Search Box', 'TikTok Conversion Tracking Pixel', 'TranslatePress', 'UTF-8', 'Ultimate Addons for Gutenberg', 'WP Rocket', 'WordPress', 'WordPress Multisite', 'Yet Another Related Posts Plugin']"
burj-bigart.com,Berin Iglesias Art LLC,,MCO,77,34381,2026-10-05T15:21:04.685663658Z,"['ADFOX', 'Alternate Protocol', 'Apache', 'ByteDance', 'Contento', 'Express', 'Facebook Conversion Tracking', 'Facebook Login', 'Facebook Messenger Platform', 'Facebook Pixel', 'Facebook Reseller', 'Facebook Tag API', 'FastClick', 'GZIP Module', 'Google Analytics', 'Google Tag Manager', 'IcoMoon', 'Instagram Follow Button', 'Line2', 'PHP', 'PWA', 'Parallels Plesk Panel', 'PrestaShop', 'QUIC', 'Telegram', 'TikTok Conversion Tracking Pixel', 'UTF-8', 'WPBakery', 'Yandex Hosting', 'Yandex Metrika', 'YouTube']"
themarilyns.org.au,Marilyn Jetty Swim : Home,,,45,63,2026-10-05T15:13:33.395930521Z,"['Amazon', 'Amazon CloudFront', 'Apache', 'Apture Linking Platform', 'AutoComplete', 'ByteDance', 'CDN JS', 'CloudFront', 'Cloudflare', 'Cloudflare CDN', 'Express', 'Facebook Login', 'Facebook Messenger Platform', 'Facebook Reseller', 'GZIP Module', 'Google Analytics', 'Google Cloud DNS', 'Google Font API', 'Google Maps', 'Google Tag Manager', 'Instagram Follow Button', 'QUIC', 'TikTok Conversion Tracking Pixel', 'UTF-8']"
epragyanam.com,Pragyanam - Best Institute for Loksewa Aayog and Service Commission Preparation in Kathmandu,,NPL,72,240,2026-10-05T15:02:24.420305362Z,"['ByteDance', 'CDN JS', 'Cloudflare', 'Cloudflare CDN', 'Content Delivery Network', 'Google Analytics', 'Google Tag Manager', 'Next.js', 'Pleroma', 'QUIC', 'Tailwind CSS', 'TikTok Conversion Tracking Pixel', 'UTF-8', 'University or College', 'Vercel']"
gatewaytosms.com,Gateway To SMS – Bulk SMS Marketing Services,,IND,70,21488,2026-10-05T14:56:41.931098542Z,"['Alternate Protocol', 'ByteDance', 'Elementor', 'EmbedPress', 'Facebook Conversion Tracking', 'Facebook Login', 'Facebook Messenger Platform', 'Facebook Pixel', 'Facebook Reseller', 'Facebook Tag API', 'Google Analytics', 'Google Cloud DNS', 'Google Font API', 'Google My Business', 'Google Tag Manager', 'Hello Elementor', 'Instagram Follow Button', 'M247', 'PHP', 'QUIC', 'Table Addons for Elementor', 'Telegram', 'Theme In WP', 'TikTok Conversion Tracking Pixel', 'Twitter Ads', 'UTF-8', 'WhatsApp Sharing', 'WordPress', 'WordPress Multisite', 'jQuery', 'reCAPTCHA']"
pictureperfectmounting.com,TV Mounting NYC | Picture Hanging | Picture Perfect Mounting,,USA,77,6107,2026-10-05T14:49:16.875987356Z,"['Alternate Protocol', 'ByteDance', 'Elementor', 'EmbedPress', 'Google', 'Google Cloud CDN', 'Google Cloud DNS', 'Google Customer Reviews', 'Google Font API', 'Google My Business', 'Instagram Follow Button', 'Line2', 'LiteSpeed', 'Microdata for Google Shopping', 'NFOrce Internet', 'Neighborhoods', 'Nginx', 'Oddle', 'PHP', 'Perl', 'QUIC', 'QUIC.cloud', 'Sitelinks Search Box', 'Slider Revolution', 'Tailwind CSS', 'Theme In WP', 'TikTok Conversion Tracking Pixel', 'UTF-8', 'WordPress', 'WordPress Multisite', 'Yelp Badge', 'YouTube', 'jQuery']"
tineriangajati.ro,Tineri angajati,,ITA,60,652,2026-10-05T14:20:23.18569784Z,"['Alternate Protocol', 'Azion', 'ByteDance', 'Canva Websites', 'Elementor', 'ElementsKit Elementor', 'EmbedPress', 'GZIP Module', 'Google Analytics', 'Google Analytics with Ad Tracking', 'Google Cloud DNS', 'Google Font API', 'Google Maps', 'Google My Business', 'Google Tag Manager', 'Instagram Follow Button', 'Kadence WP', 'NFOrce Internet', 'PHP', 'Pico CSS', 'Site Kit', 'Theme In WP', 'TikTok Conversion Tracking Pixel', 'UTF-8', 'WordPress', 'WordPress Multisite', 'jQuery', 'reCAPTCHA']"
kryptechsales.com,Kryptonite Products | Hard Core Steering & Suspension,Kryptonite Products,JPN,77,65988,2026-10-05T13:56:36.158693396Z,"['Adult Content', 'Alternate Protocol', 'Amazon CloudFront', 'Amazon WAF Blocked', 'Apture Linking Platform', 'Baidu Cloud', 'Bing Cashback', 'Bing Conversion Tracking', 'ByteDance', 'CloudFront', 'Cloudflare', 'Cloudflare CDN', 'DAV', 'ElementUI', 'Express', 'Fastly', 'Fireblade', 'GetSiteControl', 'Google My Business', 'Google Related Website Sites', 'Instagram Follow Button', 'Krypt Technologies', 'Mapp', 'Microdata for Google Shopping', 'NFOrce Internet', 'OFFSET', 'Omnisend', 'POWr', 'QUIC', 'Shopify', 'Shopify Collabs', 'Tailwind CSS', 'Thank You', 'TikTok Conversion Tracking Pixel', 'UTF-8', 'Yandex Hosting', 'YouTube', 'hCaptcha', 'jQuery', 'reCAPTCHA']"
wholesalesbd.com,wholesalesbd - wholesalesbd,,BGD,72,99,2026-10-05T12:10:23.182983192Z,"['ByteDance', 'CDN JS', 'Cloudflare', 'Cloudflare CDN', 'Font Awesome', 'Google Analytics', 'Google Tag Manager', 'LiteSpeed', 'QUIC', 'TikTok Conversion Tracking Pixel', 'UTF-8', 'WhatsApp Sharing', 'jsDelivr']"
crealityofficial.co.uk,"Official Creality 3D Store, Creality 3D Printer for sale, Ender series 3D printer",,CHN,77,2683,2026-10-05T11:34:47.563876479Z,"['Amazon', 'Amazon CloudFront', 'Amazon Route 53', 'ByteDance', 'CloudFront', 'Content Delivery Network', 'CookieYes', 'Facebook Conversion Tracking', 'Facebook Customer Chat SDK', 'Facebook Login', 'Facebook Messenger Platform', 'Facebook Pixel', 'Facebook Reseller', 'Facebook Tag API', 'Google Analytics', 'Google Conversion Tracking', 'Google Tag Manager', 'Instagram Follow Button', 'Nginx', 'QUIC', 'TikTok Conversion Tracking Pixel', 'UTF-8', 'YouTube', 'eLand']"
magiclear.com,Home - MAGICLEAR,MAGICLEAR,,55,8845,2026-10-05T10:39:54.038603988Z,"['AJAX Libraries API', 'Alternate Protocol', 'Brevo', 'ByteDance', 'Content Delivery Network', 'Elementor', 'EmbedPress', 'Express', 'Fireblade', 'GZIP Module', 'Google Analytics', 'Google Cloud DNS', 'Google Tag Manager', 'Hello Elementor', 'Instagram Follow Button', 'MailOptin for Wordpress', 'Metricool', 'Microdata for Google Shopping', 'NFOrce Internet', 'Nginx', 'No-Q', 'PHP', 'QUIC', 'Smart Coupons for WooCommerce', 'Table Addons for Elementor', 'TikTok Conversion Tracking Pixel', 'TranslatePress', 'UTF-8', 'Woo Themes', 'WooCommerce', 'WooCommerce Checkout', 'WordPress', 'WordPress Multisite', 'bbPress', 'eLand', 'jQuery']"
madewithdiamonds.com,The #1 Diamond Painting Brand | 2 days US shipping,,,82,63048,2026-10-05T10:14:24.250301098Z,"['Alternate Protocol', 'Amazon CloudFront', 'Apture Linking Platform', 'Baidu Cloud', 'Bing Cashback', 'Bing Conversion Tracking', 'ByteDance', 'CDN JS', 'ClickCease', 'CloudFront', 'Cloudflare', 'Cloudflare CDN', 'Cowlendar', 'Express', 'Facebook Customer Chat SDK', 'Fastly', 'FeedArmy', 'Google', 'Google Analytics', 'Google Cloud DNS', 'Google Cloud Storage', 'Google Font API', 'Google Maps', 'Google Tag Manager', 'IcoMoon', 'Instagram Follow Button', 'Lucky Orange', 'Mapp', 'Microdata for Google Shopping', 'Negate', 'OptiMonk', 'Parcel', 'ParcelPanel Order Tracking', 'QUIC', 'Secomapp', 'Shopify', 'Shopify Collabs', 'Shopify Payments', 'TikTok Conversion Tracking Pixel', 'Tolstoy', 'UTF-8', 'Yandex Hosting', 'YouTube', 'hCaptcha', 'jsDelivr', 'reCAPTCHA']"
tradeontut.com,Tut - توت Online Shopping | Tut - توت Ecommerce,,EGY,72,,2026-10-05T09:55:47.072773442Z,"['Apture Linking Platform', 'ByteDance', 'Cloudflare', 'Cloudflare CDN', 'Cloudflare Web Analytics', 'Facebook Conversion Tracking', 'Facebook Login', 'Facebook Messenger Platform', 'Facebook Pixel', 'Facebook Reseller', 'Facebook Tag API', 'Google Analytics', 'Google Tag Manager', 'Instagram Follow Button', 'LinkedIn Insights', 'LinkedIn Pixel', 'QUIC', 'Tailwind CSS', 'TikTok Conversion Tracking Pixel', 'UTF-8', 'YouTube']"
curise.org,Home | Christian Union Rise,,,60,26896,2026-10-05T09:03:12.706921082Z,"['Amazon WAF Blocked', 'Apture Linking Platform', 'ByteDance', 'Cloudflare', 'Content Delivery Network', 'Express', 'Fastly', 'Fastly CDN', 'GZIP Module', 'Google Analytics', 'Google Forms', 'Google My Business', 'Google Tag Manager', 'Instagram Follow Button', 'Microdata for Google Shopping', 'NFOrce Internet', 'PWA', 'QUIC', 'SMC', 'Seflow Italy', 'Sentry', 'SiteW', 'TikTok Conversion Tracking Pixel', 'UTF-8', 'University or College', 'Vector Internet Services', 'Wix', 'Wix Media', 'eLand', 'mlcom']"
krago.store,"KRAGO Accessories. Umbrellas, Socks, Brushes and Belts – KRAGO Acc sro",KRAGO Acc sro,,60,1412,2026-10-05T07:47:09.897996036Z,"['Alternate Protocol', 'Apture Linking Platform', 'Baidu Cloud', 'ByteDance', 'Cloudflare', 'Cloudflare CDN', 'Content Delivery Network', 'ETranslate', 'Express', 'Google Analytics', 'Google Related Website Sites', 'Google Tag Manager', 'IcoMoon', 'Instagram Follow Button', 'Microdata for Google Shopping', 'Microsoft Clarity', 'PageFly', 'QUIC', 'Shopify', 'Shopify Collabs', 'Tailwind CSS', 'TikTok Conversion Tracking Pixel', 'UTF-8', 'Yandex Hosting', 'hCaptcha', 'reCAPTCHA']"
husnelibaas.com,Husn-e-Libaas - Elegant & Affordable Women's Clothing – Husn e Libaas,Husn e Libaas,PAK,87,12468,2026-10-05T07:42:13.382844754Z,"['Apture Linking Platform', 'Azion', 'Baidu Cloud', 'ByteDance', 'Cloudflare', 'Cloudflare CDN', 'GetResponse', 'Instagram Follow Button', 'Microdata for Google Shopping', 'QUIC', 'Shopify', 'Shopify Collabs', 'Shopify Plus', 'Thank You', 'TikTok Conversion Tracking Pixel', 'UTF-8', 'Yandex Hosting', 'hCaptcha', 'reCAPTCHA']"
pistokachegym.com,"The Ultimate Gym In Pharr, Texas | The Pistokache Gym",The Pistokache Gym,,77,3973,2026-10-05T07:21:11.247277947Z,"['Adobe Creative Cloud WebFonts', 'Alternate Protocol', 'Aruba', 'ByteDance', 'Express', 'Facebook Login', 'Facebook Messenger Platform', 'Facebook Pixel', 'Facebook Reseller', 'Facebook Tag API', 'Financial Services Guide', 'GZIP Module', 'Google Analytics', 'Google Tag Manager', 'Instagram Follow Button', 'Klaviyo', 'Line2', 'Microdata for Google Shopping', 'QUIC', 'Squarespace', 'Subversion', 'TikTok Conversion Tracking Pixel', 'UTF-8', 'WordPress SEO Structured Data Schema Plugin', 'YouTube', 'eLand']"
zerodistraction.co,Nymmind | #1 Social Media Health and Wellness Store for Couples,,,67,62212,2026-10-05T07:07:30.284295841Z,"['Apture Linking Platform', 'Aruba', 'Baidu Cloud', 'ByteDance', 'Cloudflare', 'Cloudflare CDN', 'Express', 'Fastly', 'Fireblade', 'Google Cloud DNS', 'Google Cloud Storage', 'IcoMoon', 'Instagram Follow Button', 'Klaviyo', 'Microsoft Clarity', 'PHP', 'Perl', 'Shopify', 'Shopify Collabs', 'Tailwind CSS', 'The Fresh', 'TikTok Conversion Tracking Pixel', 'UTF-8', 'Yandex Hosting', 'Zipify', 'eLand', 'hCaptcha', 'reCAPTCHA']"
maplelawnfarms.com,"Maple Lawn Farms - Farm Market & Orchards (York County, PA)",Maple Lawn Farms,USA,67,44764,2026-10-05T06:55:18.176490116Z,"['Alternate Protocol', 'Apache', 'ByteDance', 'Cisco/Arrowpoint Content Service Switch', 'DuracellTomi Google Tag Manager for WordPress', 'ETranslate', 'Elementor', 'EmbedPress', 'GTranslate', 'GZIP Module', 'Google Analytics', 'Google Cloud DNS', 'Google Font API', 'Google My Business', 'Google Tag Manager', 'Hello Elementor', 'Instagram Follow Button', 'Kitco', 'MailChimp', 'Microdata for Google Shopping', 'NFOrce Internet', 'PHP', 'Pagekit', 'Site Kit', 'Smush Image Optimization', 'The Fresh', 'TikTok Conversion Tracking Pixel', 'UTF-8', 'WordPress', 'WordPress Multisite', 'jQuery']"
mazefunpark.com,Maize Quest Corn Maze & Fun Park – 30+ Attractions – Your destination for fun!,,USA,65,7033,2026-10-05T06:48:31.451023047Z,"['Alternate Protocol', 'Apache', 'ByteDance', 'Cisco/Arrowpoint Content Service Switch', 'DuracellTomi Google Tag Manager for WordPress', 'Elementor', 'EmbedPress', 'Facebook Conversion Tracking', 'Facebook Login', 'Facebook Messenger Platform', 'Facebook Pixel', 'Facebook Reseller', 'Facebook Tag API', 'GZIP Module', 'Google Analytics', 'Google Cloud DNS', 'Google Font API', 'Google Tag Manager', 'Hello Elementor', 'Instagram Follow Button', 'NFOrce Internet', 'PHP', 'Pagekit', 'PixelYourSite', 'Smush Image Optimization', 'TikTok Conversion Tracking Pixel', 'UTF-8', 'WordPress', 'WordPress Multisite', 'jQuery']"
tamarindosurfandtours.com,"Tamarindo Surf & Tours - Fishing Tours, Surfing & Adventures",,ZAF,77,17919,2026-10-05T06:01:56.522524285Z,"['Alternate Protocol', 'ByteDance', 'Content Delivery Network', 'Cookie Accept', 'Cookie Notice', 'DAV', 'Divi', 'Elegant Themes', 'Elfsight', 'EmbedPress', 'Express', 'Facebook Conversion Tracking', 'Facebook Login', 'Facebook Messenger Platform', 'Facebook Pixel', 'Facebook Reseller', 'Facebook Tag API', 'Fireblade', 'FormSubmit', 'Google Analytics', 'Google Cloud DNS', 'Google Customer Reviews', 'Google Font API', 'Google Related Website Sites', 'Google Tag Manager', 'Instagram Follow Button', 'Jetpack', 'Microdata for Google Shopping', 'Nginx', 'PHP', 'Sitelinks Search Box', 'Theme In WP', 'TikTok Conversion Tracking Pixel', 'TuriTop', 'UTF-8', 'WPML Multilingual', 'Woo Themes', 'WooCommerce Checkout', 'WordPress', 'WordPress Multisite', 'WordPress Stats', 'eLand', 'jQuery']"
diagency.ro,Di agency,Di agency,,62,756,2026-10-05T05:57:40.741055371Z,"['Alternate Protocol', 'ByteDance', 'Contact Form Plugin', 'Elementor', 'EmbedPress', 'Facebook Conversion Tracking', 'Facebook Login', 'Facebook Messenger Platform', 'Facebook Pixel', 'Facebook Reseller', 'Facebook Tag API', 'Google Analytics', 'Google Cloud DNS', 'Google Font API', 'Google Tag Manager', 'IcoMoon', 'Instagram Follow Button', 'LiteSpeed', 'Microdata for Google Shopping', 'PHP', 'Site Kit', 'Sitelinks Search Box', 'Theme In WP', 'TikTok Conversion Tracking Pixel', 'UTF-8', 'WordPress', 'WordPress Multisite', 'jQuery']"
cwinterceptwine.com,Charles Woodson's Intercept Wines – CW Intercept Wines,,,72,28667,2026-10-05T03:50:54.490161087Z,"['AWS WAF Challenge', 'AdRoll', 'Alternate Protocol', 'Amazon S3 CDN', 'Amazon WAF Blocked', 'Apture Linking Platform', 'Baidu Cloud', 'Bing Cashback', 'Bing Conversion Tracking', 'ByteDance', 'Cloudflare', 'Cloudflare CDN', 'DoubleClick Bid Manager', 'ElementUI', 'Equally AI', 'Express', 'GitHub Hosting', 'Google My Business', 'Instagram Follow Button', 'Klaviyo', 'Microdata for Google Shopping', 'Perl', 'Pinterest Conversion Tracking', 'QUIC', 'Shopify', 'Shopify Collabs', 'Shopify Payments', 'Storyblocks', 'Swell Rewards', 'Tailwind CSS', 'Thank You', 'TikTok Conversion Tracking Pixel', 'Twitter Ads', 'Twitter Analytics', 'UTF-8', 'Vimeo', 'Yandex Hosting', 'YouTube', 'hCaptcha', 'reCAPTCHA']"
software-dealz.de,Buy software online – now at great prices at Software-Dealz,,DEU,77,32153,2026-10-05T02:56:41.109233066Z,"['ADCELL', 'Alternate Protocol', 'Amazon WAF Blocked', 'Apture Linking Platform', 'Baidu Cloud', 'Bing Cashback', 'ByteDance', 'Cloudflare', 'Cloudflare CDN', 'DoubleClick Bid Manager', 'Express', 'Fireblade', 'Google', 'Google Cloud DNS', 'Google Maps', 'Google Related Website Sites', 'GraphQL', 'IcoMoon', 'Instagram Follow Button', 'Microdata for Google Shopping', 'Microsoft Clarity', 'NFOrce Internet', 'Omnisend', 'PageFly', 'Perl', 'QUIC', 'Shopify', 'Shopify Collabs', 'Shopify Payments', 'Taboola Direct', 'Tailwind CSS', 'TikTok Conversion Tracking Pixel', 'TrackingMore', 'Trusted Shops', 'UTF-8', 'Visual Studio', 'Yandex Hosting', 'YouTube', 'Zencal', 'hCaptcha', 'jsDelivr', 'reCAPTCHA']"
aestheticbackbar.com,Wholesale Skincare for Estheticians & Spas | Aesthetic Back Bar,Aesthetic Back Bar,USA,92,18639,2026-10-05T01:38:24.053819916Z,"['Alternate Protocol', 'Amazon', 'Analytify', 'ByteDance', 'Cloudflare', 'Content Delivery Network', 'DAV', 'DuracellTomi Google Tag Manager for WordPress', 'EmbedPress', 'Express', 'Fireblade', 'GoDaddy', 'Google Analytics', 'Google Cloud DNS', 'Google Font API', 'Google Tag Manager', 'Instagram Follow Button', 'Microdata for Google Shopping', 'PHP', 'QUIC', 'Schema Plugin', 'Sitelinks Search Box', 'Theme In WP', 'TikTok Conversion Tracking Pixel', 'UTF-8', 'Woo Themes', 'WooCommerce', 'WooCommerce Checkout', 'WooCommerce Payments', 'WooCommerce Pixel Manager by woopt', 'WordPress', 'WordPress Multisite', 'jQuery']"
ronaq.online,ronaq.online,,,57,827,2026-10-05T00:14:21.468393961Z,"['AWS WAF Challenge', 'Amazon CloudFront', 'Apture Linking Platform', 'Azion', 'Baidu Cloud', 'ByteDance', 'CloudFront', 'Cloudflare', 'Cloudflare CDN', 'GetResponse', 'Google Analytics', 'Google Cloud DNS', 'Google Font API', 'Google My Business', 'Google Related Website Sites', 'Google Tag Manager', 'IcoMoon', 'Instagram Follow Button', 'Microdata for Google Shopping', 'QUIC', 'Schema Plugin', 'Shopify', 'Shopify Collabs', 'Shopify Payments', 'Tailwind CSS', 'Thank You', 'TikTok Conversion Tracking Pixel', 'UTF-8', 'Yandex Hosting', 'hCaptcha', 'reCAPTCHA']"
herraproductions.com,Herra Productions | Video Production Company San Francisco,,USA,67,114828,2026-10-04T23:47:27.735906293Z,"['AWS WAF Challenge', 'Alternate Protocol', 'Amazon WAF Blocked', 'Apture Linking Platform', 'ByteDance', 'Cisco/Arrowpoint Content Service Switch', 'Cloudflare', 'Content Delivery Network', 'DC74', 'Express', 'Facebook Conversion Tracking', 'Facebook Login', 'Facebook Messenger Platform', 'Facebook Pixel', 'Facebook Reseller', 'Facebook Tag API', 'Fastly', 'Fastly CDN', 'GZIP Module', 'Google Analytics', 'Google Related Website Sites', 'Google Tag Manager', 'Microdata for Google Shopping', 'NFOrce Internet', 'PWA', 'Perl', 'QUIC', 'Reddit Conversion Tracking', 'SMC', 'Seflow Italy', 'Sentry', 'SiteW', 'Thank You', 'TikTok Conversion Tracking Pixel', 'Twitter Ads', 'Twitter Analytics', 'Twitter Conversion Tracking', 'UTF-8', 'Vector Internet Services', 'Wix', 'Wix Media', 'mlcom']"
kytech.com.au,"Home Theatre & Cinema Installers, Melbourne",,SYC,77,3410,2026-10-04T21:23:04.185219607Z,"['Alternate Protocol', 'Amazon WAF Blocked', 'ByteDance', 'Complianz', 'Content Delivery Network', 'Elementor', 'EmbedPress', 'Facebook Conversion Tracking', 'Facebook Login', 'Facebook Messenger Platform', 'Facebook Pixel', 'Facebook Reseller', 'Facebook Tag API', 'FormSubmit', 'Google Analytics', 'Google Related Website Sites', 'Google Tag Manager', 'Hello Elementor', 'Instagram Follow Button', 'LiteSpeed', 'Microdata for Google Shopping', 'NFOrce Internet', 'Ntent', 'PHP', 'Page scroll to id', 'QUIC', 'Site Kit', 'Theme In WP', 'TikTok Conversion Tracking Pixel', 'TrustIndex', 'UTF-8', 'Woo Themes', 'WooCommerce', 'WooCommerce Checkout', 'WooCommerce Payments', 'WordPress', 'WordPress Multisite', 'jQuery']"
naviswim.com,Navi Swim,,VAT,67,9842,2026-10-04T20:46:49.99889425Z,"['Alternate Protocol', 'Apture Linking Platform', 'Aruba', 'Baidu Cloud', 'ByteDance', 'Cloudflare', 'Cloudflare CDN', 'Express', 'Font Awesome', 'Google Related Website Sites', 'IcoMoon', 'Instagram Follow Button', 'Microdata for Google Shopping', 'Newsletter for Wordpress', 'PayPal', 'QUIC', 'Schema Plugin', 'Shopify', 'Shopify Collabs', 'SiteW', 'Tailwind CSS', 'TikTok Conversion Tracking Pixel', 'To Top', 'UTF-8', 'Yandex Hosting', 'eLand', 'hCaptcha', 'reCAPTCHA']"
flamingbluemargaritas.com,"Flaming Blue Margaritas | Grill, Tequila & Mezcal.",,PHL,65,1606,2026-10-04T20:13:13.226224846Z,"['Alternate Protocol', 'Amazon WAF Blocked', 'ByteDance', 'Content Delivery Network', 'DAV', 'Divi', 'Elegant Themes', 'EmbedPress', 'Facebook Conversion Tracking', 'Facebook Login', 'Facebook Messenger Platform', 'Facebook Pixel', 'Facebook Reseller', 'Facebook Tag API', 'GDPR Cookie Compliance', 'Google Analytics', 'Google Cloud DNS', 'Google Font API', 'Google My Business', 'Google Tag Manager', 'Instagram Follow Button', 'Nginx', 'PHP', 'SiteGround Optimizer', 'Theme In WP', 'TikTok Conversion Tracking Pixel', 'UTF-8', 'Woo Themes', 'WordPress', 'WordPress Multisite', 'eLand', 'jQuery', 'reCAPTCHA']"
filamentpublishing.com,Filament Publishing - Filament Publishing,,,65,15574,2026-10-04T20:10:37.712230574Z,"['Alternate Protocol', 'Amazon WAF Blocked', 'Anti-spam for WordPress', 'Better Lead Generation Services', 'ByteDance', 'Calendly', 'CleanTalk Spam Protect', 'Cloudflare', 'Content Delivery Network', 'Divi', 'Elegant Themes', 'EmbedPress', 'Fireblade', 'Google Analytics', 'Google Cloud DNS', 'Google Font API', 'Google Forms', 'Google My Business', 'Google Tag Manager', 'Instagram Follow Button', 'Microdata for Google Shopping', 'PHP', 'Perl', 'Theme In WP', 'TikTok Conversion Tracking Pixel', 'Twitter Ads', 'UTF-8', 'Woo Themes', 'WooCommerce', 'WooCommerce Checkout', 'WooCommerce Payments', 'WordPress', 'WordPress Multisite', 'YouTube', 'jQuery']"
everythingprintly.com,Everything Printly | Affordable Prices | Wall Art | T-shirts | Hats,Everything Printly,,77,9587,2026-10-04T19:35:06.887409433Z,"['Alternate Protocol', 'Automattic', 'ByteDance', 'Contact Form Plugin', 'Content Delivery Network', 'ConvertKit for Wordpress', 'ElementUI', 'Elementor', 'EmbedPress', 'Facebook Conversion Tracking', 'Facebook Login', 'Facebook Messenger Platform', 'Facebook Pixel', 'Facebook Reseller', 'Facebook Tag API', 'Google Adsense', 'Google Analytics', 'Google Funding Choices', 'Google Matched Content', 'Google My Business', 'Google Related Website Sites', 'Google Reseller', 'Google Tag Manager', 'Instagram Follow Button', 'Jetpack', 'Kitco', 'LiteSpeed', 'MailChimp for WordPress', 'Microdata for Google Shopping', 'Ntent', 'PHP', 'Pinterest Conversion Tracking', 'QUIC', 'Sign In With Google', 'Site Kit', 'TI WooCommerce Wishlist', 'Theme In WP', 'TikTok Conversion Tracking Pixel', 'Twitter Ads', 'UTF-8', 'Woo Themes', 'WooCommerce', 'WooCommerce Checkout', 'WordPress', 'WordPress Multisite', 'WordPress Stats', 'Yandex Hosting', 'YouTube', 'eLand', 'jQuery']"
brandsrepublicstore.com,Brands Republic – brandsrepublic.pk,,,67,11296,2026-10-04T18:22:57.975317378Z,"['Apture Linking Platform', 'Baidu Cloud', 'ByteDance', 'Cloudflare', 'Cloudflare CDN', 'Google', 'Google Cloud DNS', 'Google Font API', 'Google Related Website Sites', 'Instagram Follow Button', 'QUIC', 'Shopify', 'Shopify Collabs', 'TikTok Conversion Tracking Pixel', 'UTF-8', 'Yandex Hosting', 'YouTube', 'hCaptcha', 'reCAPTCHA']"
kamazingart.com,K Amazing Art | K Amazing Art | Professional Festive Decoration | Sculptures & Structures | Exhibition Structions | Theme Park Game | Birthday Decoration |,,,62,7539,2026-10-04T17:21:26.049083029Z,"['AJAX Libraries API', 'Apache', 'ByteDance', 'CDN JS', 'Cloudflare', 'Cloudflare CDN', 'ElementUI', 'Facebook Pixel', 'Facebook Tag API', 'Font Awesome', 'GZIP Module', 'Google', 'Google Analytics', 'Google Cloud DNS', 'Google Font API', 'Google Tag Manager', 'Instagram Follow Button', 'PHP', 'QUIC', 'TikTok Conversion Tracking Pixel', 'UTF-8', 'Vector Internet Services', 'jQuery', 'jsDelivr']"
coolrunningsfoods.ca,Spicing Up: Explore New Flavors – Cool Runnings Foods CA,,,67,40434,2026-10-04T17:11:03.437042156Z,"['Alternate Protocol', 'Amazon WAF Blocked', 'Apture Linking Platform', 'Baidu Cloud', 'ByteDance', 'CDN JS', 'Cloudflare', 'Cloudflare CDN', 'Crowdsignal', 'Express', 'Facebook Conversion Tracking', 'Facebook Customer Chat SDK', 'Facebook Login', 'Facebook Messenger Platform', 'Facebook Pixel', 'Facebook Reseller', 'Facebook Tag API', 'Google Analytics', 'Google Related Website Sites', 'Google Tag Manager', 'IcoMoon', 'Instagram Follow Button', 'Microdata for Google Shopping', 'Omnisend', 'QUIC', 'Schema Plugin', 'Shopify', 'Shopify Collabs', 'SiteW', 'Tailwind CSS', 'The Fresh', 'TikTok Conversion Tracking Pixel', 'Twitter Ads', 'UTF-8', 'Yandex Hosting', 'YouTube', 'hCaptcha', 'jQuery', 'reCAPTCHA']"
abdurscoaching.com,A.R Coaching Academy – Heal | Grow | Lead,,GBR,80,16973,2026-10-04T17:11:03.404809846Z,"['AJAX Libraries API', 'AWS WAF Challenge', 'Agoda', 'Ajax Search Lite', 'Alternate Protocol', 'Apture Linking Platform', 'ByteDance', 'Calendly', 'CartFlows', 'Content Delivery Network', 'EmbedPress', 'Facebook Login', 'Facebook Messenger Platform', 'Facebook Pixel', 'Facebook Reseller', 'Facebook Tag API', 'Font Awesome', 'Google Cloud DNS', 'Google Font API', 'Instagram Follow Button', 'Line2', 'LiteSpeed', 'MailChimp', 'Microdata for Google Shopping', 'PHP', 'Popup Maker for Wordpress', 'QUIC', 'QUIC.cloud', 'Schema Plugin', 'TI WooCommerce Wishlist', 'TikTok Conversion Tracking Pixel', 'Twitter Ads', 'UTF-8', 'WPBakery', 'Woo Themes', 'WooCommerce Checkout', 'WooCommerce Payments', 'WordPress', 'WordPress Multisite']"
gemmasmart.com,Bright Buy,,,30,3,2026-10-04T16:44:24.787647568Z,"['Alternate Protocol', 'ByteDance', 'Cloudflare', 'Cloudflare CDN', 'Cloudflare Web Analytics', 'EmbedPress', 'Facebook Login', 'Facebook Messenger Platform', 'Facebook Pixel', 'Facebook Reseller', 'Facebook Tag API', 'Google Analytics', 'Google Cloud DNS', 'Google Font API', 'Google Tag Manager', 'PHP', 'Tailwind CSS', 'Theme In WP', 'TikTok Conversion Tracking Pixel', 'UTF-8', 'Variation Swatches for WooCommerce', 'Woo Themes', 'WooCommerce', 'WooCommerce Checkout', 'WordPress', 'WordPress Multisite', 'WordPress Related Posts', 'jQuery']"
lilteddy.co,Luxury Baby Blankets & Heirloom Gifts | Lil Teddy,My Lil Teddy,SGP,77,41495,2026-10-04T15:28:25.525705092Z,"['Amazon CloudFront', 'Amazon WAF Blocked', 'Apture Linking Platform', 'Aruba', 'Azion', 'Baidu Cloud', 'ByteDance', 'CloudFront', 'Cloudflare', 'Cloudflare CDN', 'Coming Soon Page', 'Endis', 'Envoy', 'Express', 'Facebook Conversion Tracking', 'Facebook Login', 'Facebook Messenger Platform', 'Facebook Pixel', 'Facebook Reseller', 'Facebook Tag API', 'Fastly', 'FormSubmit', 'Google Analytics', 'Google Related Website Sites', 'Google Tag Manager', 'IcoMoon', 'Instagram Follow Button', 'Klaviyo', 'Microdata for Google Shopping', 'Mouseflow', 'NFOrce Internet', 'QUIC', 'Rebuy', 'Seflow Italy', 'Shipping Rates Calculator', 'Shopify', 'Shopify Collabs', 'Shopify Payments', 'Thank You', 'TikTok Conversion Tracking Pixel', 'Tolstoy', 'UTF-8', 'Yandex Hosting', 'eLand', 'hCaptcha', 'reCAPTCHA']"
pokepaw.com,Poképaw Cards - Customized Poké Cards For Your Pet! - Create Yours Now – PokePaw,PokePaw,VAT,82,32323,2026-10-04T15:12:57.502312056Z,"['AJAX Libraries API', 'Alternate Protocol', 'Apture Linking Platform', 'Aruba', 'Baidu Cloud', 'ByteDance', 'Cloudflare', 'Cloudflare CDN', 'ETranslate', 'Express', 'Fastly', 'Fireblade', 'Font Awesome', 'Giropay', 'Google Analytics', 'Google Cloud DNS', 'Google Tag Manager', 'Heroku', 'Klaviyo', 'Microdata for Google Shopping', 'PHP', 'PageFly', 'Shopify', 'Shopify Collabs', 'TikTok Conversion Tracking Pixel', 'UTF-8', 'Yandex Hosting', 'eLand', 'hCaptcha', 'jQuery', 'reCAPTCHA']"
newayrei.com,Home - Neway REI,,ZAF,87,4014,2026-10-04T14:47:47.703205106Z,"['Alternate Protocol', 'ByteDance', 'Content Delivery Network', 'Elementor', 'EmbedPress', 'Facebook Conversion Tracking', 'Facebook Login', 'Facebook Messenger Platform', 'Facebook Pixel', 'Facebook Reseller', 'Facebook Tag API', 'Google Analytics', 'Google My Business', 'Google Tag Manager', 'Hello Elementor', 'IcoMoon', 'Jeg Elementor Kit', 'LiteSpeed', 'Microdata for Google Shopping', 'NFOrce Internet', 'Ntent', 'PHP', 'Pico CSS', 'QUIC', 'Sitelinks Search Box', 'Theme In WP', 'TikTok Conversion Tracking Pixel', 'TrustIndex', 'UTF-8', 'WordPress', 'WordPress Multisite', 'jQuery', 'reCAPTCHA']"
mitranpack.com,Mitran Pack | Distributor Jual Lakban dan Keperluan Pengemasan,Mitran Pack,IDN,77,2033,2026-10-04T14:47:47.693188689Z,"['Alternate Protocol', 'ByteDance', 'Click to Chat for WhatsApp', 'Elementor', 'EmbedPress', 'Facebook CDN', 'Facebook Conversion Tracking', 'Facebook Login', 'Facebook Messenger Platform', 'Facebook Pixel', 'Facebook Reseller', 'Facebook Tag API', 'Google Analytics', 'Google Cloud DNS', 'Google Font API', 'Google Maps', 'Google Related Website Sites', 'Google Tag Manager', 'Instagram Feed for WordPress', 'Instagram Follow Button', 'Jetpack', 'Lazy Load for WordPress', 'Microdata for Google Shopping', 'OceanWP', 'PHP', 'Perl', 'QUIC', 'Table Addons for Elementor', 'Theme In WP', 'TikTok Conversion Tracking Pixel', 'UTF-8', 'WPForms', 'WhatsApp Sharing', 'Woo Themes', 'WooCommerce', 'WooCommerce Checkout', 'WordPress', 'WordPress Multisite', 'WordPress Stats', 'YouTube', 'jQuery']"
salesociety.nl,SaleSociety,,NLD,82,59092,2026-10-04T14:42:42.467132427Z,"['1Password', 'Alternate Protocol', 'ByteDance', 'DAV', 'Facebook Conversion Tracking', 'Facebook Login', 'Facebook Messenger Platform', 'Facebook Pixel', 'Facebook Reseller', 'Facebook Tag API', 'Framer Sites', 'Google', 'Google Analytics', 'Google Cloud CDN', 'Google Tag Manager', 'Instagram Follow Button', 'Ntent', 'SMC', 'TikTok Conversion Tracking Pixel', 'Yandex Hosting', 'Zeald']"
tulumcharters.com,Your Private Yacht Experience Concierge | Tulum Charters,Tulum Charters,USA,92,69143,2026-10-04T12:46:22.482653839Z,"['AWS WAF Challenge', 'Alternate Protocol', 'Bing Cashback', 'Bing Conversion Tracking', 'ByteDance', 'Cisco/Arrowpoint Content Service Switch', 'Cloudflare', 'Cloudflare CDN', 'Cloudflare Turnstile', 'Contact Form Plugin', 'Content Delivery Network', 'ContentViews', 'DAV', 'EmbedPress', 'Facebook Conversion Tracking', 'Facebook Login', 'Facebook Messenger Platform', 'Facebook Pixel', 'Facebook Reseller', 'Facebook Tag API', 'FormSubmit', 'GoDaddy', 'Google', 'Google Analytics', 'Google Cloud CDN', 'Google Cloud DNS', 'Google Font API', 'Google My Business', 'Google Tag Manager', 'Harbor', 'Instagram Follow Button', 'Jetpack', 'Mesmerize Companion', 'Microdata for Google Shopping', 'Ntent', 'PHP', 'QUIC', 'Strong Testimonials', 'Tailwind CSS', 'The Deck', 'The Fresh', 'Theme In WP', 'TikTok Conversion Tracking Pixel', 'TrustIndex', 'UTF-8', 'Wangsu', 'Woo Themes', 'WordPress', 'WordPress Multisite', 'jQuery']"
jcinmeprayer.com,JC in Me Prayer,,,55,2847,2026-10-04T12:15:04.530743468Z,"['Alternate Protocol', 'Amazon', 'Amazon CloudFront', 'Apture Linking Platform', 'ByteDance', 'CloudFront', 'ETranslate', 'Ecwid Ecommerce Shopping Cart', 'GZIP Module', 'Google Cloud DNS', 'Google Maps', 'Google My Business', 'Instagram Follow Button', 'Nginx', 'PWA', 'RM Education', 'Stripe', 'TikTok Conversion Tracking Pixel', 'Typeform', 'UTF-8', 'Unsplash', 'eLand']"
ledtop.com,Custom LED Display Screen Manufacturer/Company/Supplier/Factory China | Ledtop,,CHN,77,,2026-10-04T12:02:04.229890009Z,"['Apache', 'Apture Linking Platform', 'ByteDance', 'Facebook Conversion Tracking', 'Facebook Login', 'Facebook Messenger Platform', 'Facebook Pixel', 'Facebook Reseller', 'Facebook Tag API', 'GZIP Module', 'Gambling Content', 'Microdata for Google Shopping', 'PHP', 'QUIC', 'Tailwind CSS', 'TikTok Conversion Tracking Pixel', 'Twitter Ads', 'UTF-8', 'YouTube']"
lootsinfashion.com,Cape Town Luxury Wedding Photographer | Lootsinfashion | Lootsin Photography,Lootsin Bride,ZAF,72,114990,2026-10-04T10:35:11.753955831Z,"['Alternate Protocol', 'Amazon WAF Blocked', 'Apture Linking Platform', 'ByteDance', 'Cloudflare', 'Content Delivery Network', 'Express', 'Fastly', 'Fastly CDN', 'GZIP Module', 'Google Analytics', 'Google Customer Reviews', 'Google Related Website Sites', 'Google Tag Manager', 'Instagram Follow Button', 'K2F', 'Microdata for Google Shopping', 'NFOrce Internet', 'POWr', 'PWA', 'QUIC', 'SMC', 'Seflow Italy', 'Sentry', 'SiteW', 'Subversion', 'TikTok Conversion Tracking Pixel', 'UTF-8', 'Vector Internet Services', 'Wix', 'Wix Media', 'mlcom']"
formshopping.co.kr,폼쇼핑,,,57,948,2026-10-04T08:28:31.648623743Z,"['ArvanCloud', 'ByteDance', 'CDN JS', 'Cloudflare', 'Cloudflare CDN', 'Facebook Conversion Tracking', 'Facebook Login', 'Facebook Messenger Platform', 'Facebook Pixel', 'Facebook Reseller', 'Facebook Tag API', 'Fastly CDN', 'Fontello', 'Google Related Website Sites', 'IcoMoon', 'Microdata for Google Shopping', 'Microsoft Azure', 'Microsoft IIS', 'QUIC', 'Schema Plugin', 'Tailwind CSS', 'TikTok Conversion Tracking Pixel', 'UTF-8', 'Visual Studio', 'jsDelivr']"
shopwithluxeoasis.co,Luxe Oasis,Luxe Oasis,,60,471,2026-10-04T07:32:47.294974063Z,"['AJAX Libraries API', 'Apture Linking Platform', 'Baidu Cloud', 'ByteDance', 'Cloudflare', 'Cloudflare CDN', 'Google Cloud DNS', 'Microdata for Google Shopping', 'QUIC', 'Shopify', 'Shopify Collabs', 'TikTok Conversion Tracking Pixel', 'UTF-8', 'Yandex Hosting', 'hCaptcha', 'jQuery', 'reCAPTCHA']"
ecart.com.bd,Home - eCart.com.bd,,BGD,60,37599,2026-10-04T06:52:30.876062981Z,"['ByteDance', 'CDN JS', 'Cart.com', 'Cloudflare', 'Cloudflare CDN', 'Facebook Conversion Tracking', 'Facebook Login', 'Facebook Messenger Platform', 'Facebook Pixel', 'Facebook Reseller', 'Facebook Tag API', 'Fireblade', 'Font Awesome', 'Juicer DMP', 'LiteSpeed', 'QUIC', 'TikTok Conversion Tracking Pixel', 'Twitter Ads', 'UTF-8', 'YouTube', 'jsDelivr']"
astraluminagc.com,Astra Lumina at Currumbin | #1 Gold Coast Light Show,Currumbin Wildlife Sanctuary,AUS,77,93533,2026-10-04T05:28:43.657981904Z,"['Accordion Blocks', 'Affirm', 'Alternate Protocol', 'Amazon WAF Blocked', 'Ametys', 'Apache', 'Apture Linking Platform', 'Aruba', 'Bing Cashback', 'ByteDance', 'Cloudflare', 'Cloudflare Bot Manager', 'Cloudflare CDN', 'Content Delivery Network', 'CookieYes', 'EmbedPress', 'Express', 'Fastly', 'GZIP Module', 'Google Analytics', 'Google My Business', 'Google Related Website Sites', 'Google Tag Manager', 'Gravity', 'Gravity Forms', 'Gutenberg Blocks by Kadence Blocks', 'Hubspot', 'Instagram Follow Button', 'Kadence WP', 'Microsoft Clarity', 'Perl', 'RM Education', 'Share Link', 'ThreatMetrix', 'TikTok Conversion Tracking Pixel', 'Twitter Ads', 'UK Cookie Consent', 'UTF-8', 'WordPress', 'WordPress Multisite', 'YouTube', 'eLand', 'jQuery']"
medicalert.org.uk,NHS Recommended Medical ID Membership | MedicAlert,MedicAlertUK,,77,92342,2026-10-04T04:00:33.623750726Z,"['AWS WAF Challenge', 'Amazon', 'Amazon CloudFront', 'Amazon Route 53', 'AutoComplete', 'ByteDance', 'CloudFront', 'Cognito Forms', 'Content Delivery Network', 'Cybot', 'DAV', 'DoubleClick Bid Manager', 'Facebook Conversion Tracking', 'Facebook Login', 'Facebook Messenger Platform', 'Facebook Pixel', 'Facebook Reseller', 'Facebook Tag API', 'Fireblade', 'Font Awesome', 'Freshworks Bot', 'Google', 'Google Analytics', 'Google Cloud DNS', 'Google Font API', 'Google My Business', 'Google Tag Manager', 'Hotjar', 'Hushly', 'ID Services', 'Instagram Follow Button', 'KVH', 'Microdata for Google Shopping', 'Microsoft Azure', 'Microsoft IIS', 'PayPal Adaptive Payments', 'Plausible Analytics', 'QUIC', 'Stripe', 'Tailwind CSS', 'TikTok Conversion Tracking Pixel', 'Twitter Ads', 'UTF-8', 'Visual Studio', 'YouTube']"
verasoil.com.au,Verasoil | Organic and Sustainable Garden Solutions,Verasoil,AUS,77,7756,2026-10-04T04:00:33.595831407Z,"['Alternate Protocol', 'Apache', 'Apture Linking Platform', 'ByteDance', 'Customer Reviews for WooCommerce', 'Elementor', 'EmbedPress', 'Facebook Conversion Tracking', 'Facebook Login', 'Facebook Messenger Platform', 'Facebook Pixel', 'Facebook Reseller', 'Facebook Tag API', 'GZIP Module', 'Google Analytics', 'Google Cloud DNS', 'Google Font API', 'Google Related Website Sites', 'Google Tag Manager', 'Harbor', 'Header, Footer and Blocks for Elementor', 'Instagram API', 'Instagram Follow Button', 'Lazy Load for WordPress', 'Microdata for Google Shopping', 'NFOrce Internet', 'PHP', 'QUIC', 'Table Addons for Elementor', 'TikTok Conversion Tracking Pixel', 'UTF-8', 'Vector Internet Services', 'WP Rocket', 'Woo Themes', 'WooCommerce', 'WooCommerce Checkout', 'WordPress', 'WordPress Multisite', 'YouTube']"
motcapital.com,MOT CAPITAL - Trade the way you want,MOT Forex,MNG,77,138679,2026-10-04T02:05:06.754957733Z,"['AWS WAF Challenge', 'AdRoll', 'Alternate Protocol', 'App Store', 'Apture Linking Platform', 'Bug Bounty', 'ByteDance', 'Coming Soon Page', 'Content Delivery Network', 'Content Square', 'DAV', 'Express', 'Facebook Conversion Tracking', 'Facebook Login', 'Facebook Messenger Platform', 'Facebook Pixel', 'Facebook Reseller', 'Facebook Tag API', 'Fireblade', 'Google Analytics', 'Google My Business', 'Google Play', 'Google Related Website Sites', 'Google Tag Manager', 'Instagram Follow Button', 'Intercom', 'Line2', 'Microdata for Google Shopping', 'NFOrce Internet', 'Next.js', 'QUIC', 'Radix UI', 'Tailwind CSS', 'Telegram', 'TikTok Conversion Tracking Pixel', 'UTF-8', 'Vercel', 'YouTube', 'shadcn ui']"
sneaker-trends.com,SneakersTrend - sneakerstrend,,,55,180,2026-10-04T00:23:53.350933111Z,"['Amazon WAF Blocked', 'Apture Linking Platform', 'ByteDance', 'Checkout.com', 'Coming Soon Page', 'Content Delivery Network', 'Express', 'Google My Business', 'Instagram Follow Button', 'Klaviyo', 'Microsoft Clarity', 'PayPal Adaptive Payments', 'Pinterest Conversion Tracking', 'QUIC', 'ShopBase', 'Tailwind CSS', 'Telegram', 'Thank You', 'TikTok Conversion Tracking Pixel', 'Twitter Ads', 'Twitter Analytics', 'UTF-8', 'University or College', 'YouTube', 'eLand', 'shadcn ui']"
marcsmusic.com,Marc Scibilia,,,57,25769,2026-10-03T22:03:55.609819704Z,"['Amazon Widgets', 'Apple Auto Link Maker', 'Aruba', 'ByteDance', 'Express', 'Facebook Conversion Tracking', 'Facebook Login', 'Facebook Messenger Platform', 'Facebook Pixel', 'Facebook Reseller', 'Facebook Tag API', 'GZIP Module', 'Instagram Follow Button', 'Line2', 'Magento Enterprise', 'Microdata for Google Shopping', 'QUIC', 'Shopify', 'SiteW', 'Squarespace', 'TikTok Conversion Tracking Pixel', 'Twitter Ads', 'UTF-8', 'WordPress SEO Structured Data Schema Plugin', 'YouTube', 'eLand']"
borntoswim.com,"Czech swimming brand - Fins, swimwear, buoys, caps... - Born To Swim",Born To Swim,,67,16300,2026-10-03T21:33:13.154952331Z,"['AJAX Libraries API', 'Alternate Protocol', 'ByteDance', 'Facebook Conversion Tracking', 'Facebook Login', 'Facebook Messenger Platform', 'Facebook Pixel', 'Facebook Reseller', 'Facebook Tag API', 'Fireblade', 'GZIP Module', 'Google Analytics', 'Google Cloud DNS', 'Google Related Website Sites', 'Google Tag Manager', 'Instagram Follow Button', 'Microdata for Google Shopping', 'OpenResty', 'Parcel', 'Shoptet', 'Tailwind CSS', 'Thank You', 'TikTok Conversion Tracking Pixel', 'UTF-8', 'YouTube']"
firstedumigration.com.au,"First One Education | Study, Live & Work in Australia",,AUS,77,3760,2026-10-03T21:33:13.12296139Z,"['ByteDance', 'CDN JS', 'Cloudflare', 'Cloudflare CDN', 'Google Cloud DNS', 'Google Font API', 'Google My Business', 'Instagram Follow Button', 'Microdata for Google Shopping', 'Microsoft Azure', 'Microsoft IIS', 'Perl', 'QUIC', 'SiteW', 'TikTok Conversion Tracking Pixel', 'UTF-8', 'University or College', 'YouTube', 'reCAPTCHA']"
thursdaynight.nyc,Buy Seafood Online | Seafood Delivery - Fulton Fish Market,Fulton Fish Market,USA,77,97399,2026-10-03T20:00:39.796658794Z,"['AddShoppers', 'Adult Content', 'Alternate Protocol', 'Amazon S3 CDN', 'Amazon WAF Blocked', 'Amped', 'Apache', 'Apture Linking Platform', 'Azure Edge', 'Baidu Cloud', 'Bing Cashback', 'Bing Conversion Tracking', 'ByteDance', 'Cloudflare', 'Cloudflare CDN', 'DAV', 'Duoban', 'Ethy', 'Express', 'Facebook Reseller', 'Fastly', 'GZIP Module', 'Gobot', 'Google Analytics', 'Google My Business', 'Google Related Website Sites', 'Google Tag Manager', 'Gorgias', 'Hootsuite Badge', 'IcoMoon', 'Instagram Follow Button', 'Klarna On Site Messaging', 'Klaviyo', 'Landis Holdings', 'Microdata for Google Shopping', 'NFOrce Internet', 'PepperJam Network', 'Perl', 'Pico CSS', 'Python', 'QUIC', 'Shopify', 'Shopify Collabs', 'Squid', 'Stamped', 'Storyblocks', 'Subversion', 'Tailwind CSS', 'Thank You', 'The Fresh', 'Thumbor', 'TikTok Conversion Tracking Pixel', 'Trustpilot Reviews for WordPress', 'Twitter Ads', 'UTF-8', 'Vector Internet Services', 'WoWonder', 'Yandex Hosting', 'YouTube', 'hCaptcha', 'reCAPTCHA', 'shadcn ui']"
finesse.shop,Finesse Boutique,,,55,63,2026-10-03T19:17:44.931944174Z,"['Alternate Protocol', 'Apache', 'ByteDance', 'CDN JS', 'Cloudflare', 'Cloudflare CDN', 'Contact Form Plugin', 'EmbedPress', 'GZIP Module', 'Google Cloud DNS', 'Google Font API', 'Instagram Follow Button', 'PHP', 'Slider Revolution', 'Theme In WP', 'TikTok Conversion Tracking Pixel', 'Twenty Twenty', 'UTF-8', 'WPBakery', 'Woo Themes', 'WooCommerce', 'WooCommerce Checkout', 'WordPress', 'WordPress Multisite', 'jQuery']"
femia.co.za,Home - Femia,Femia,,67,17017,2026-10-03T17:20:35.292675021Z,"['3 Products', 'Adult Content', 'Alternate Protocol', 'ByteDance', 'Content Delivery Network', 'DuracellTomi Google Tag Manager for WordPress', 'ElementUI', 'Elementor', 'EmbedPress', 'Essential Addons for Elementor', 'Facebook Conversion Tracking', 'Facebook Login', 'Facebook Messenger Platform', 'Facebook Pixel', 'Facebook Reseller', 'Facebook Tag API', 'FullStory', 'GZIP Module', 'Google Analytics', 'Google Tag Manager', 'Header, Footer and Blocks for Elementor', 'Hello Elementor', 'Instagram Follow Button', 'LiteSpeed', 'MailChimp', 'Microdata for Google Shopping', 'NFOrce Internet', 'QUIC', 'Sitelinks Search Box', 'TikTok Conversion Tracking Pixel', 'Trustpilot Reviews for WordPress', 'UTF-8', 'Woo Themes', 'WooCommerce', 'WooCommerce Checkout', 'WordPress', 'WordPress Multisite', 'YouTube', 'jQuery']"
puresport.net,Puresport - Driving Experience Days,,ITA,82,25640,2026-10-03T16:56:52.019893649Z,"['AJAX Libraries API', 'Alternate Protocol', 'Azion', 'Bing Cashback', 'Bing Conversion Tracking', 'Bulma', 'ByteDance', 'Call to Visit', 'DAV', 'ElementUI', 'Facebook Login', 'Facebook Messenger Platform', 'Facebook Reseller', 'Fireblade', 'GZIP Module', 'Google Analytics', 'Google Cloud DNS', 'Google Related Website Sites', 'Google Tag Manager', 'Instagram Follow Button', 'Iubenda', 'LinkedIn Insights', 'LinkedIn Pixel', 'Microdata for Google Shopping', 'Microsoft Azure', 'Microsoft Azure Blob Storage', 'Microsoft IIS', 'Pico CSS', 'REVE Chat', 'Tailwind CSS', 'TikTok Conversion Tracking Pixel', 'Trustpilot Reviews for WordPress', 'UTF-8', 'Visual Studio', 'YouTube', 'jQuery']"
propaganda-events.com,PROPAGANDA EVENTS,,,37,375,2026-10-03T16:29:26.563250005Z,"['Alternate Protocol', 'Apache', 'BunnyCDN', 'BunnyCDN General', 'ByteDance', 'Content Delivery Network', 'Facebook Conversion Tracking', 'Facebook Login', 'Facebook Messenger Platform', 'Facebook Pixel', 'Facebook Reseller', 'Facebook Tag API', 'Font Awesome', 'GZIP Module', 'Google Analytics', 'Google Tag Manager', 'Instagram Follow Button', 'PHP', 'Parallels Plesk Panel', 'Perl', 'Tailwind CSS', 'TikTok Conversion Tracking Pixel', 'UTF-8', 'YouTube']"
dancefromhome.com,Dance Classes Online - Wedding Dance ❤️ | Dance From Home,Dance From Home,,65,16444,2026-10-03T13:00:06.514311999Z,"['AWS WAF Challenge', 'Alternate Protocol', 'Amazon WAF Blocked', 'Apture Linking Platform', 'ByteDance', 'CDN JS', 'Cloudflare', 'Cloudflare CDN', 'Cookie First', 'DuracellTomi Google Tag Manager for WordPress', 'Elementor', 'ElementsKit Elementor', 'EmbedPress', 'Facebook Conversion Tracking', 'Facebook Login', 'Facebook Messenger Platform', 'Facebook Pixel', 'Facebook Reseller', 'Facebook Tag API', 'Google Analytics', 'Google Related Website Sites', 'Google Tag Manager', 'Hello Elementor', 'Instagram Follow Button', 'Lazy Load for WordPress', 'LiteSpeed', 'Microdata for Google Shopping', 'PHP', 'QUIC', 'Schema Plugin', 'Table Addons for Elementor', 'Theme In WP', 'TikTok Conversion Tracking Pixel', 'UTF-8', 'WP Rocket', 'Woo Themes', 'WooCommerce', 'WooCommerce Checkout', 'WooCommerce Waitlist Pro', 'WordPress', 'WordPress Multisite', 'YouTube', 'eLand', 'jQuery', 'jsDelivr']"
seyonmigration.com,Home - Seyon Migration,Seyon Migration,IND,75,1416,2026-10-03T11:29:37.075974273Z,"['Alternate Protocol', 'Astra Theme', 'ByteDance', 'Coming Soon Page', 'Contact Form Plugin', 'Content Delivery Network', 'Elementor', 'ElementsKit Elementor', 'EmbedPress', 'Essential Addons for Elementor', 'Express', 'Facebook Conversion Tracking', 'Facebook Login', 'Facebook Messenger Platform', 'Facebook Pixel', 'Facebook Reseller', 'Facebook Tag API', 'FormSubmit', 'Google Analytics', 'Google Customer Reviews', 'Google Tag Manager', 'Gravity', 'Gravity Forms', 'HappyAddons', 'Header, Footer and Blocks for Elementor', 'Instagram Follow Button', 'LiteSpeed', 'Media.net', 'Microdata for Google Shopping', 'PHP', 'Premium Addons for Elementor', 'QUIC', 'Site Kit', 'Sticky Header Effects for Elementor', 'Theme In WP', 'TikTok Conversion Tracking Pixel', 'To Top', 'UTF-8', 'University or College', 'Woo Themes', 'WooCommerce', 'WooCommerce Checkout', 'WooCommerce Pixel Manager by woopt', 'WordPress', 'WordPress Multisite', 'WordPress Related Posts', 'jQuery']"
concretejobs.co.uk,UK Construction Jobs by Concrete Jobs – Find Top Consutrction Jobs in the UK | Expert Construction Staffing and Recruitment Services,,GBR,70,15370,2026-10-03T10:57:20.369303942Z,"['AWS WAF Challenge', 'Alternate Protocol', 'Apache', 'Astra Theme', 'ByteDance', 'Contact Form Plugin', 'EmbedPress', 'GZIP Module', 'GenerateBlocks', 'Google Analytics', 'Google Cloud DNS', 'Google Font API', 'Google Tag Manager', 'PHP', 'QUIC', 'Theme In WP', 'TikTok Conversion Tracking Pixel', 'UTF-8', 'Ultimate Addons for Gutenberg', 'Woo Themes', 'WordPress', 'WordPress Multisite', 'WordPress Related Posts']"
simple.biz,Web Design Agency | USA | Simple.biz,,USA,72,57408,2026-10-03T07:34:31.426393168Z,"['Alternate Protocol', 'Amazon CloudFront', 'ByteDance', 'ClickCease', 'CloudFront', 'Cognito Forms', 'DAV', 'Duda', 'Elfsight', 'Facebook Conversion Tracking', 'Facebook Login', 'Facebook Messenger Platform', 'Facebook Pixel', 'Facebook Reseller', 'Facebook Tag API', 'GZIP Module', 'Google Analytics', 'Google Cloud DNS', 'Google Font API', 'Google My Business', 'Google Related Website Sites', 'Google Tag Manager', 'Microdata for Google Shopping', 'Nginx', 'Perl', 'QUIC', 'SMC', 'Sitejabber', 'Tailwind CSS', 'Thank You', 'TikTok Conversion Tracking Pixel', 'UTF-8', 'University or College']"
goatsimulator.com,Goat Simulator 3 - Goat Simulator 3,,,62,20909,2026-10-03T02:32:11.099722128Z,"['AWS WAF Challenge', 'Amazon', 'Amazon S3 CDN', 'Amazon Widgets', 'App Store', 'ByteDance', 'CDN JS', 'Cloudflare', 'Cloudflare CDN', 'Content Delivery Network', 'Facebook Conversion Tracking', 'Facebook Login', 'Facebook Messenger Platform', 'Facebook Pixel', 'Facebook Reseller', 'Facebook Tag API', 'Font Awesome', 'Google', 'Google Analytics', 'Google Cloud CDN', 'Google Cloud DNS', 'Google Font API', 'Google My Business', 'Google Play', 'Google Tag Manager', 'Jetpack', 'Netlify', 'Nuxt.js', 'Plausible Analytics', 'Reddit Conversion Tracking', 'Storyblocks', 'Tailwind CSS', 'TikTok Conversion Tracking Pixel', 'Twitter Ads', 'Twitter Analytics', 'UTF-8', 'YouTube', 'shadcn ui']"
sonlightwindow.com,"Sonlight Window Cleaning | Colorado, New Mexico, SoCal",Sonlight Window Cleaning,ZAF,82,27440,2026-10-02T23:57:14.790588814Z,"['Alternate Protocol', 'Amazon WAF Blocked', 'Apture Linking Platform', 'Bing Cashback', 'Bing Conversion Tracking', 'ByteDance', 'Cloudflare', 'Cloudflare CDN', 'Cloudflare Web Analytics', 'Content Delivery Network', 'Facebook Reseller', 'Fireblade', 'Google', 'Google Analytics', 'Google Cloud DNS', 'Google Customer Reviews', 'Google Maps', 'Google My Business', 'Google Tag Manager', 'Instagram Follow Button', 'Microdata for Google Shopping', 'Next.js', 'OpenAI', 'PWA', 'Pleroma', 'RM Education', 'Reddit Conversion Tracking', 'Tailwind CSS', 'TikTok Conversion Tracking Pixel', 'UTF-8', 'Yelp Badge', 'YouTube', 'eLand', 'shadcn ui']"
tinaeloise.com,HOME | My Site,,GBR,60,27111,2026-10-02T23:11:15.565016886Z,"['Alternate Protocol', 'Amazon WAF Blocked', 'Apture Linking Platform', 'ByteDance', 'Content Delivery Network', 'DAV', 'Express', 'Fastly', 'Fastly CDN', 'GZIP Module', 'NFOrce Internet', 'Oracle Cloud', 'POWr', 'PWA', 'Perl', 'QUIC', 'SMC', 'Seflow Italy', 'Sentry', 'SiteW', 'Thank You', 'TikTok Conversion Tracking Pixel', 'UTF-8', 'Vector Internet Services', 'WP Booking Calendar', 'Wix', 'Wix Media', 'mlcom']"
lambrightleatherco.com,"Amish Handcrafted Leather - Belts, Wallets, Bags, Purses etc.",Lambright Leather Company,USA,82,39181,2026-10-02T22:59:17.175591283Z,"['AWS WAF Challenge', 'Alternate Protocol', 'Amazon WAF Blocked', 'Anti-spam for WordPress', 'Aruba', 'ByteDance', 'CleanTalk Spam Protect', 'Cloudflare', 'Content Delivery Network', 'Customer Reviews for WooCommerce', 'DAV', 'ElementUI', 'Elementor', 'EmbedPress', 'Facebook Conversion Tracking', 'Facebook Login', 'Facebook Messenger Platform', 'Facebook Pixel', 'Facebook Reseller', 'Facebook Tag API', 'Fireblade', 'Font Awesome', 'Google Analytics', 'Google Related Website Sites', 'Google Tag Manager', 'Hello Elementor', 'Instagram Follow Button', 'Kitco', 'Microdata for Google Shopping', 'PHP', 'Pinterest Conversion Tracking', 'QUIC', 'Rev', 'Site Kit', 'Theme In WP', 'TikTok Conversion Tracking Pixel', 'UTF-8', 'Variation Swatches for WooCommerce', 'Verified Profile', 'WP Engine', 'Woo Themes', 'WooCommerce', 'WooCommerce Checkout', 'WordPress', 'WordPress Multisite', 'YouTube', 'eLand', 'jQuery']"
skypremiumlife.gr,Nutritional Supplements | Sky Premium Life | Greece,SKY PHARM S.A. ,GRC,72,153603,2026-10-02T22:26:47.666276309Z,"['Alternate Protocol', 'Amazon WAF Blocked', 'Apture Linking Platform', 'ByteDance', 'Cloudflare', 'Content Delivery Network', 'DAV', 'DC74', 'Express', 'Fastly', 'Fastly CDN', 'GZIP Module', 'Google Related Website Sites', 'Instagram Follow Button', 'Microdata for Google Shopping', 'Microsoft Clarity', 'NFOrce Internet', 'ON24', 'On The Map', 'POWr', 'PWA', 'Perl', 'QUIC', 'SMC', 'Seflow Italy', 'Sentry', 'Share Link', 'SiteW', 'SiteWit', 'Sitelinks Search Box', 'Tailwind CSS', 'Thank You', 'TikTok Conversion Tracking Pixel', 'UTF-8', 'Vector Internet Services', 'WP Booking Calendar', 'Wix', 'Wix Media', 'YouTube', 'mlcom']"
entreprenerds.fr,Entreprenerds,,CHN,72,96687,2026-10-02T21:43:10.61790393Z,"['AWS WAF Challenge', 'Adult Content', 'Alternate Protocol', 'Apollo IO', 'Aruba', 'ArvanCloud', 'ByteDance', 'Express', 'Facebook Login', 'Facebook Messenger Platform', 'Facebook Pixel', 'Facebook Reseller', 'Facebook Tag API', 'FormSubmit', 'GZIP Module', 'Google Analytics', 'Google Tag Manager', 'IcoMoon', 'Instagram Follow Button', 'Jetpack', 'Line2', 'LinkedIn Insights', 'LinkedIn Pixel', 'Magento Enterprise', 'Microdata for Google Shopping', 'QUIC', 'SiteW', 'Squarespace', 'Tidio', 'TikTok Conversion Tracking Pixel', 'UTF-8', 'Weglot', 'WordPress SEO Structured Data Schema Plugin', 'YouTube', 'eLand', 'jsDelivr']"
humantalk.io,HumanTalk | Unlimited AI Content Writer | 800 AI Text-To-Speech Voice Clones | AI Emotional Text-to-Speech,,CAN,77,36628,2026-10-02T19:52:48.890122749Z,"['Alternate Protocol', 'Blue Box Group', 'ByteDance', 'DAV', 'Facebook Conversion Tracking', 'Facebook Login', 'Facebook Messenger Platform', 'Facebook Pixel', 'Facebook Reseller', 'Facebook Tag API', 'GZIP Module', 'Google', 'Google Analytics', 'Google Cloud DNS', 'Google Font API', 'Google Tag Manager', 'INETu', 'LinkedIn Insights', 'LinkedIn Pixel', 'Nginx', 'PayKickStart', 'QUIC', 'Smith.ai', 'TikTok Conversion Tracking Pixel', 'UTF-8', 'Vector Internet Services', 'YouTube', 'eLand', 'jQuery']"
darinandbrookealdridge.com,Darin & Brooke Aldridge,,,67,137468,2026-10-02T18:46:25.013121323Z,"['Amazon', 'Amazon WAF Blocked', 'Apture Linking Platform', 'Big Cartel', 'ByteDance', 'Content Delivery Network', 'DAV', 'Express', 'Facebook Conversion Tracking', 'Facebook Login', 'Facebook Messenger Platform', 'Facebook Pixel', 'Facebook Reseller', 'Facebook Tag API', 'Fastly', 'Fastly CDN', 'GZIP Module', 'Google Related Website Sites', 'Instagram Follow Button', 'K2F', 'KVH', 'Microdata for Google Shopping', 'NFOrce Internet', 'PWA', 'QUIC', 'SMC', 'Seflow Italy', 'Sentry', 'SiteW', 'Subversion', 'Thank You', 'TikTok Conversion Tracking Pixel', 'UTF-8', 'Vector Internet Services', 'Wix', 'Wix Media', 'YouTube', 'eLand', 'mlcom']"
jointhegreenride.pl,Zostań Fundraiserem/ką Greenpeace!,Zostań Fundraiserem/ką Greenpeace – Wskocz na Zielony Rollercoaster! Greenpeace,POL,82,5466,2026-10-02T16:01:38.317688965Z,"['Alternate Protocol', 'Amazon WAF Blocked', 'Apache', 'ByteDance', 'Content Delivery Network', 'Elementor', 'EmbedPress', 'Essential Addons for Elementor', 'Facebook Conversion Tracking', 'Facebook Login', 'Facebook Messenger Platform', 'Facebook Pixel', 'Facebook Reseller', 'Facebook Tag API', 'Futurio', 'GDPR Cookie Compliance', 'Google Analytics', 'Google Tag Manager', 'Instagram Follow Button', 'LiteSpeed', 'Microdata for Google Shopping', 'PHP', 'Tailwind CSS', 'Theme In WP', 'TikTok Conversion Tracking Pixel', 'UTF-8', 'Vector Internet Services', 'WP Statistics', 'WordPress', 'WordPress Multisite', 'YouTube', 'jQuery']"
mildmay.nhs.uk,Mildmay Hospital | Specialist HIV Rehabilitation & Care for the NHS,Mildmay Mission Hospital,GBR,77,109990,2026-10-02T15:49:13.529685028Z,"['AWS WAF Challenge', 'Alternate Protocol', 'Amazon WAF Blocked', 'Apture Linking Platform', 'ByteDance', 'Content Delivery Network', 'DC74', 'Express', 'Fastly', 'Fastly CDN', 'GZIP Module', 'Google Related Website Sites', 'Instagram Follow Button', 'Microdata for Google Shopping', 'NFOrce Internet', 'POWr', 'PWA', 'Perl', 'QUIC', 'SMC', 'Seflow Italy', 'Sentry', 'SiteW', 'Sitelinks Search Box', 'TikTok Conversion Tracking Pixel', 'UTF-8', 'Vector Internet Services', 'Wix', 'Wix Media', 'WordPress Related Posts', 'YouTube', 'mlcom']"
bijuteriaopal.ro,"OPAL Bijuterii Argint 925 | Colecție Elegantă de Cercei, Inele și Coliere",,ROU,82,6440,2026-10-02T15:19:55.917464301Z,"['Apache', 'ByteDance', 'European Commission Online Dispute Resolution', 'Fastly', 'Google Analytics', 'Google Cloud DNS', 'Google Font API', 'Google Tag Manager', 'Instagram Follow Button', 'Microdata for Google Shopping', 'Perl', 'Tailwind CSS', 'Tawk', 'The Marketer', 'TikTok Conversion Tracking Pixel', 'UTF-8']"
brandstage.ro,Brandstage.ro - TikTok Marketing Agency,,ROU,72,887,2026-10-02T15:03:54.311531281Z,"['BootstrapMade', 'ByteDance', 'Google Analytics', 'Google Cloud DNS', 'Google Font API', 'Google My Business', 'Google Tag Manager', 'Google Workspace', 'IcoMoon', 'Instagram Follow Button', 'LiteSpeed', 'Tailwind CSS', 'TikTok Conversion Tracking Pixel']"
concordiacareercenter.com,Career Center | Concordia College,,ARG,72,40787,2026-10-02T14:48:25.72267367Z,"['Amazon S3 CDN', 'AppNexus Direct', 'ByteDance', 'Cludo', 'Contento', 'ElementUI', 'Facebook Conversion Tracking', 'Facebook Login', 'Facebook Messenger Platform', 'Facebook Pixel', 'Facebook Reseller', 'Facebook Tag API', 'Font Awesome', 'GZIP Module', 'Givebutter', 'Google', 'Google Analytics', 'Google Cloud DNS', 'Google Font API', 'Google My Business', 'Google Tag Manager', 'InitiativeS', 'Instagram Follow Button', 'LinkedIn Insights', 'LinkedIn Pixel', 'Microdata for Google Shopping', 'Nginx', 'PHP', 'Parallels Plesk Panel', 'PrestoSports', 'QUIC', 'Schema Plugin', 'Storyblocks', 'TikTok Conversion Tracking Pixel', 'Twitter Ads', 'UTF-8', 'University or College', 'YouTube']"
xglglobal.com,Global Supply Chain & OEM Solutions | XGL Company,,CHN,67,9172,2026-10-02T14:07:02.458472762Z,"['51microshop', 'ByteDance', 'Facebook Conversion Tracking', 'Facebook Login', 'Facebook Messenger Platform', 'Facebook Pixel', 'Facebook Reseller', 'Facebook Tag API', 'GZIP Module', 'Google', 'Google Analytics', 'Google Cloud DNS', 'Google Font API', 'Google Tag Manager', 'Line2', 'Microsoft Azure', 'Nginx', 'StackPath', 'TikTok Conversion Tracking Pixel', 'UTF-8', 'Visual Studio', 'jQuery']"
marcheleos.com,"Online Grocery Shopping & Delivery in Toronto, Grocery Delivery Toronto- Marché Leo’s",,CAN,72,383837,2026-10-02T13:51:00.617990112Z,"['Accelerated Mobile Pages', 'Adobe Analytics', 'Adobe Marketing Cloud', 'Amazon', 'Amazon CloudFront', 'Amazon Route 53', 'App Store', 'Authorize.net', 'Braintree', 'ByteDance', 'CloudFront', 'Coming Soon Page', 'Content Delivery Network', 'DemDex', 'Express', 'GZIP Module', 'Google', 'Google Analytics', 'Google Cloud DNS', 'Google Conversion Tracking', 'Google Customer Reviews', 'Google Font API', 'Google My Business', 'Google Play', 'Google Related Website Sites', 'Google Tag Manager', 'Instagram Follow Button', 'Magento', 'Magento Enterprise', 'Nginx', 'PayPal Adaptive Payments', 'QUIC', 'Swell Rewards', 'TikTok Conversion Tracking Pixel', 'Twitter Ads', 'UTF-8', 'Vimeo', 'Vimeo CDN', 'Way', 'Web Stories', 'YouTube']"
ntriwaacatering.com,Ntriwaa Catering - Ghanaian Food with Passion in UK.,Ntriwaa Catering,GBR,82,22135,2026-10-02T13:35:07.009726321Z,"['AWS WAF Challenge', 'Alternate Protocol', 'Apture Linking Platform', 'Better Lead Generation Services', 'ByteDance', 'Contact Form Plugin', 'Content Delivery Network', 'Elementor', 'EmbedPress', 'GZIP Module', 'Gambling Content', 'Google Analytics', 'Google Cloud DNS', 'Google Font API', 'Google My Business', 'Google Related Website Sites', 'Google Tag Manager', 'Hello Elementor', 'Instagram Follow Button', 'Microdata for Google Shopping', 'NFOrce Internet', 'Nginx', 'Pinterest Conversion Tracking', 'Schema Plugin', 'Table Addons for Elementor', 'Tidio', 'TikTok Conversion Tracking Pixel', 'Trustpilot Reviews for WordPress', 'UTF-8', 'Woo Themes', 'WooCommerce', 'WooCommerce Checkout', 'WooCommerce Payments', 'WooCommerce Stripe Payment Gateway', 'WordPress', 'WordPress Multisite', 'YouTube', 'jQuery', 'reCAPTCHA']"
retropixie.com,RetroPixie ® All Rights Reserved. Shop,,,45,9982,2026-10-02T12:06:00.69293827Z,"['Apture Linking Platform', 'ArvanCloud', 'AutoComplete', 'Branch.io', 'ByteDance', 'Express', 'Facebook Conversion Tracking', 'Facebook Login', 'Facebook Messenger Platform', 'Facebook Pixel', 'Facebook Reseller', 'Facebook Tag API', 'Fastly CDN', 'GZIP Module', 'Google Analytics', 'Google Cloud DNS', 'Google Font API', 'Google Tag Manager', 'GrandNode', 'Instagram Follow Button', 'Microdata for Google Shopping', 'Microsoft Azure', 'Microsoft Azure Blob Storage', 'Microsoft IIS', 'OpenReplay', 'PHP', 'QUIC', 'Schema Plugin', 'Tailwind CSS', 'TikTok Conversion Tracking Pixel', 'UTF-8', 'WoWonder', 'jQuery', 'jsDelivr', 'nopCommerce']"
companygiftsingapore.com,Singapore Corporate Gifts: Most Corporate Gifts in Singapore,,SGP,72,31049,2026-10-02T10:08:04.44635026Z,"['AWS WAF Challenge', 'Apache', 'Bing Cashback', 'Bing Conversion Tracking', 'ByteDance', 'Font Awesome', 'GZIP Module', 'Gambling Content', 'GetButton.io', 'GoDaddy', 'Google Analytics', 'Google Cloud DNS', 'Google Conversion Tracking', 'Google Font API', 'Google My Business', 'Google Recommendations AI', 'Google Tag Manager', 'Instagram Follow Button', 'PHP', 'QUIC', 'Tailwind CSS', 'Tawk', 'TikTok Conversion Tracking Pixel', 'Twitter Ads', 'UTF-8', 'Umbler', 'University or College', 'Website Tonight', 'WhatsApp Sharing', 'YouTube']"
eatonhotel.com.hk,Eaton Workshop | Mission-Driven Hospitality and Coworking,Eaton Workshop,CHN,70,203099,2026-10-02T09:41:11.524247202Z,"['Adobe Analytics', 'Adobe Marketing Cloud', 'Alternate Protocol', 'Amazon WAF Blocked', 'ByteDance', 'Corporate Governance and Regulatory Compliance', 'DAV', 'Express', 'Google Analytics', 'Google Tag Manager', 'Hotelchamp', 'Instagram Follow Button', 'Microdata for Google Shopping', 'PHP', 'TikTok Conversion Tracking Pixel', 'UTF-8', 'WoWonder', 'YouTube', 'shadcn ui']"
openroaddriver.com,Driver Magazine | OpenRoad Auto,,JPN,72,23108,2026-10-02T08:47:24.320820363Z,"['Alternate Protocol', 'Audi AG', 'AutoComplete', 'ByteDance', 'CDN JS', 'Cloudflare', 'Cloudflare CDN', 'CrazyEgg', 'Darwin Automotive', 'GoGrid', 'Google Analytics', 'Google My Business', 'Google Related Website Sites', 'Google Tag Manager', 'Instagram Follow Button', 'Motive', 'QUIC', 'TikTok Conversion Tracking Pixel', 'UTF-8', 'YouTube', 'jsDelivr', 'reCAPTCHA']"
alifbaypay.co,Upcademy — online classes for kids,Upcademy,USA,87,1480,2026-10-02T08:17:33.202786903Z,"['ByteDance', 'Content Delivery Network', 'Facebook Login', 'Facebook Messenger Platform', 'Facebook Pixel', 'Facebook Reseller', 'FirstPromoter', 'Google Analytics', 'Google Tag Manager', 'Instagram Follow Button', 'Microdata for Google Shopping', 'Pinterest Conversion Tracking', 'TikTok Conversion Tracking Pixel', 'UTF-8', 'Vercel', 'YouTube']"
muyfragilshop.com,MUY FRÁGIL - Barcelona,MUY FRÁGIL,ESP,77,186873,2026-10-02T08:17:33.198382879Z,"['AWS WAF Challenge', 'Alternate Protocol', 'Amazon WAF Blocked', 'Brevo', 'ByteDance', 'Cloudflare', 'Complianz', 'DAV', 'ElementUI', 'Elementor', 'EmbedPress', 'Event Tickets for Wordpress', 'Express', 'Facebook Conversion Tracking', 'Facebook Login', 'Facebook Messenger Platform', 'Facebook Pixel', 'Facebook Reseller', 'Facebook Tag API', 'Font Awesome', 'FreeBSD', 'Google Analytics', 'Google Cloud DNS', 'Google Font API', 'Google Related Website Sites', 'Google Tag Manager', 'Gravity', 'Gravity Forms', 'Instagram Follow Button', 'KeyCDN', 'Microdata for Google Shopping', 'NFOrce Internet', 'Nginx', 'PHP', 'Perl', 'Pinterest Conversion Tracking', 'Python', 'QUIC', 'Salesforce Hosted', 'Shopware', 'Site Kit', 'Sitelinks Search Box', 'Slider Revolution', 'Thank You', 'The Events Calendar', 'ThemeFusion', 'TikTok Conversion Tracking Pixel', 'UTF-8', 'University or College', 'Vector Internet Services', 'WonderPush', 'Woo Themes', 'WooCommerce', 'WooCommerce Checkout', 'WordPress', 'WordPress Multisite', 'WordPress Related Posts', 'Yandex Hosting', 'jQuery', 'symfony PHP Framework']"
magnetforceholster.com,JM4 Tactical Holsters – Changing the way you carry,JM4 Tactical,USA,80,13493,2026-10-02T07:15:02.340097824Z,"['Alibaba Cloud CDN', 'Alternate Protocol', 'Aruba', 'Astra Theme', 'ByteDance', 'CartFlows', 'Cloudflare', 'Content Delivery Network', 'Daily Deals', 'DoubleClick Bid Manager', 'Elementor', 'EmbedPress', 'Facebook Reseller', 'Formidable Pro Form', 'GenerateBlocks', 'Google Analytics', 'Google Related Website Sites', 'Google Tag Manager', 'Hotjar', 'Instagram Follow Button', 'JetElements', 'JetWooBuilder', 'Klaviyo', 'Klaviyo for WordPress', 'Lazy Load for WordPress', 'Microdata for Google Shopping', 'NFOrce Internet', 'Olark', 'OpenAI', 'PHP', 'Pico CSS', 'QUIC', 'Theme In WP', 'TikTok Conversion Tracking Pixel', 'Trustpilot Reviews for WordPress', 'Twitter Ads', 'UTF-8', 'Vue.js', 'WP Rocket', 'Woo Themes', 'WooCommerce', 'WooCommerce Checkout', 'WooCommerce Pixel Manager by woopt', 'WordPress', 'WordPress Multisite', 'WordPress Related Posts', 'YouTube', 'eLand', 'jQuery']"
ital-seamoss.co.za,Ital-Sea Moss | Organic Sea Moss & Herbal Wellness SA,Ital SeaMoss,ZAF,87,217246,2026-10-02T06:50:35.948526019Z,"['AWS WAF Challenge', 'Alternate Protocol', 'Amazon WAF Blocked', 'Apture Linking Platform', 'ByteDance', 'Content Delivery Network', 'CoolText', 'DAV', 'DC74', 'Ecwid Ecommerce Shopping Cart', 'Express', 'Facebook Conversion Tracking', 'Facebook Login', 'Facebook Messenger Platform', 'Facebook Pixel', 'Facebook Reseller', 'Facebook Tag API', 'Fastly', 'Fastly CDN', 'GZIP Module', 'GitHub Hosting', 'Google Analytics', 'Google Related Website Sites', 'Google Tag Manager', 'Hotjar', 'Instagram Follow Button', 'K2F', 'KVH', 'Microdata for Google Shopping', 'NFOrce Internet', 'ON24', 'On The Map', 'POWr', 'PWA', 'Perl', 'Pico CSS', 'QUIC', 'SMC', 'Seflow Italy', 'Sentry', 'SiteW', 'Subversion', 'Tailwind CSS', 'Thank You', 'TikTok Conversion Tracking Pixel', 'UTF-8', 'Vector Internet Services', 'WP Booking Calendar', 'Wix', 'Wix Media', 'WordPress Related Posts', 'Yandex Hosting', 'eLand', 'mlcom']"
itconsultancyfirm.com,"IT CONSULTANCY FIRM — Software, SMS, WhatsApp API, Cloud & AI Solutions",,BGD,77,11489,2026-10-02T06:11:57.874316275Z,"['Alternate Protocol', 'Better Lead Generation Services', 'ByteDance', 'Cloudflare', 'Facebook Conversion Tracking', 'Facebook Login', 'Facebook Messenger Platform', 'Facebook Pixel', 'Facebook Reseller', 'Facebook Tag API', 'Formspree', 'Google', 'Google Analytics', 'Google Cloud DNS', 'Google Customer Reviews', 'Google Font API', 'Google My Business', 'Google Tag Manager', 'Instagram Follow Button', 'LinkedIn Insights', 'LiteSpeed', 'Microdata for Google Shopping', 'Microsoft Clarity', 'PWA', 'Perl', 'QUIC', 'RM Education', 'Tailwind CSS', 'Tawk', 'TikTok Conversion Tracking Pixel', 'YouTube', 'reCAPTCHA']"
sionmk.com,시온마케팅,,,50,63,2026-10-02T05:58:57.849349532Z,"['ByteDance', 'GZIP Module', 'Google', 'Google Analytics', 'Google Cloud DNS', 'Google Font API', 'Google Tag Manager', 'Instagram Follow Button', 'Nginx', 'TikTok Conversion Tracking Pixel', 'UTF-8']"
thecraverscollective.com,"Custom Cookies & UGC Services, The Cravers Collective, Green Bay, WI",,USA,77,13127,2026-10-02T05:07:58.740698445Z,"['Alternate Protocol', 'Amazon', 'Amazon CloudFront', 'Apture Linking Platform', 'ByteDance', 'CloudFront', 'ETranslate', 'Ecwid Ecommerce Shopping Cart', 'GZIP Module', 'Google Cloud DNS', 'Google Maps', 'Nginx', 'PWA', 'RM Education', 'Stripe', 'TikTok Conversion Tracking Pixel', 'UTF-8', 'Unsplash', 'YouTube', 'eLand']"
sarahmaryam.com,sarahmaryam,sarahmaryam,PAK,70,12504,2026-10-02T03:31:07.734903493Z,"['Amazon', 'Amazon WAF Blocked', 'Apture Linking Platform', 'Baidu Cloud', 'ByteDance', 'Cloudflare', 'Cloudflare CDN', 'IcoMoon', 'Instagram Follow Button', 'Microdata for Google Shopping', 'Microsoft Clarity', 'NFOrce Internet', 'QUIC', 'Shopify', 'Shopify Collabs', 'Thank You', 'TikTok Conversion Tracking Pixel', 'UTF-8', 'Yandex Hosting', 'hCaptcha', 'reCAPTCHA']"
stauffe.com,Stauffe,,,45,647,2026-10-02T03:15:46.991554456Z,"['Alternate Protocol', 'Amazon', 'Amazon CloudFront', 'ByteDance', 'CloudFront', 'ETranslate', 'Ecwid Ecommerce Shopping Cart', 'GZIP Module', 'Google Cloud DNS', 'Google Maps', 'Instagram Follow Button', 'Nginx', 'PWA', 'Stripe', 'TikTok Conversion Tracking Pixel', 'UTF-8', 'Unsplash', 'eLand']"
artweek.sg,Home,,CHN,67,340179,2026-10-02T02:36:23.824355916Z,"['AWS WAF Challenge', 'Accelerated Mobile Pages', 'Adobe Marketing Cloud', 'Apture Linking Platform', 'Azure Edge', 'BLR', 'Bulma', 'ByteDance', 'CDN JS', 'Cloudflare', 'Cloudflare CDN', 'DemDex', 'DoubleClick Bid Manager', 'ElementUI', 'Eloqua', 'Facebook Conversion Tracking', 'Facebook Login', 'Facebook Messenger Platform', 'Facebook Pixel', 'Facebook Reseller', 'Facebook Tag API', 'Font Awesome', 'GZIP Module', 'Google', 'Google Analytics', 'Google Cloud DNS', 'Google My Business', 'Google Recommendations AI', 'Google Tag Manager', 'Hubspot', 'Imperva Bot Detection and Mitigation', 'Incapsula CDN', 'Instagram Follow Button', 'Marketo', 'MaxCDN', 'Microsoft Ajax Content Delivery Network', 'Microsoft Azure', 'Microsoft Azure Verified CDN', 'Telerik CDN', 'TikTok Conversion Tracking Pixel', 'Tumblr', 'Twitter Ads', 'Twitter CDN', 'UTF-8', 'Vimeo', 'YouTube', 'jsDelivr']"
globalenterprisesco.com,Global Enterprises Co. - Qatar Online Car Spare Parts Shop,,QAT,57,150,2026-10-02T01:28:27.874237564Z,"['ByteDance', 'Facebook Login', 'Facebook Messenger Platform', 'Facebook Reseller', 'GZIP Module', 'Google', 'Google Analytics', 'Google Cloud CDN', 'Google Tag Manager', 'Nginx', 'Plausible Analytics', 'QUIC', 'TikTok Conversion Tracking Pixel', 'UTF-8']"
hufol.com,www.hufol.com | Wire stripping machines,ImportørenX AS,NOR,72,134977,2026-10-02T01:13:15.901920091Z,"['Alternate Protocol', 'Amazon WAF Blocked', 'Apture Linking Platform', 'Better Lead Generation Services', 'ByteDance', 'Content Delivery Network', 'DC74', 'Express', 'Facebook Conversion Tracking', 'Facebook Login', 'Facebook Messenger Platform', 'Facebook Pixel', 'Facebook Reseller', 'Facebook Tag API', 'Fastly', 'Fastly CDN', 'GZIP Module', 'Google Analytics', 'Google Related Website Sites', 'Google Tag Manager', 'Instagram Follow Button', 'Microdata for Google Shopping', 'NFOrce Internet', 'ON24', 'PWA', 'QUIC', 'SMC', 'Seflow Italy', 'Sentry', 'SiteW', 'Sitelinks Search Box', 'Thank You', 'TikTok Conversion Tracking Pixel', 'UTF-8', 'Vector Internet Services', 'WhatsApp Sharing', 'Wix', 'Wix Media', 'WordPress SEO Structured Data Schema Plugin', 'YouTube', 'mlcom']"
adsmarketingstrategies.com,Homepage (Main) - ADS Marketing Strategies,ADS Marketing Strategies,USA,92,47984,2026-10-02T00:32:50.319132804Z,"['AWS WAF Challenge', 'Alternate Protocol', 'Amazon Associates Affiliate Shop', 'AppNexus Direct', 'Automattic', 'BLR', 'BatCache', 'BidSwitch Direct', 'ByteDance', 'Cloudflare', 'Cloudflare CDN', 'Content Delivery Network', 'Criteo', 'Criteo Reseller', 'DC74', 'DoubleClick Bid Manager', 'Elementor', 'EmbedPress', 'Fastly', 'GDPR Consent Management Platform', 'Google', 'Google Adsense', 'Google Analytics', 'Google Cloud DNS', 'Google Font API', 'Google Funding Choices', 'Google Matched Content', 'Google My Business', 'Google Related Website Sites', 'Google Reseller', 'Google Tag Manager', 'Gutenberg', 'Hello Elementor', 'HubSpot WordPress Plugin', 'Instagram Follow Button', 'IponWeb BidSwitch', 'Jetpack', 'Jetpack Site Accelerator', 'NFOrce Internet', 'Nginx', 'PubMatic Direct', 'Pubmatic', 'Site Kit', 'TikTok Conversion Tracking Pixel', 'Tumblr', 'UTF-8', 'WPForms', 'Woo Themes', 'WooCommerce', 'WooCommerce Checkout', 'WooCommerce Payments', 'WordPress', 'WordPress Multisite', 'WordPress Stats', 'jQuery']"
chicagomamaskitchen.com,"Chicago Mama's Kitchen - West Town, Chicago, IL",,USA,77,5427,2026-10-02T00:32:50.305624021Z,"['ByteDance', 'ElementUI', 'Fastly', 'GZIP Module', 'Google Analytics', 'Google My Business', 'Google Tag Manager', 'IcoMoon', 'Instagram Follow Button', 'Microsoft Authentication Library for JavaScript', 'Tailwind CSS', 'TikTok Conversion Tracking Pixel', 'Toast POS', 'Twitter Ads', 'UTF-8', 'WP Job Manager', 'jQuery']"
catherinecruises.vn,Home - Catherine Cruises Official Website - Catherine Cruises - Official Website,,,67,17015,2026-10-01T23:38:58.676211402Z,"['Alternate Protocol', 'ByteDance', 'Cloudflare', 'Cloudflare CDN', 'Elementor', 'EmbedPress', 'Facebook Conversion Tracking', 'Facebook Login', 'Facebook Messenger Platform', 'Facebook Pixel', 'Facebook Reseller', 'Facebook Tag API', 'Fireblade', 'Font Awesome', 'Fonts Plugin', 'Google Analytics', 'Google My Business', 'Google Tag Manager', 'Hello Elementor', 'Instagram Follow Button', 'LiteSpeed', 'Microdata for Google Shopping', 'NFOrce Internet', 'PHP', 'Polylang', 'Sitelinks Search Box', 'Sticky Header Effects for Elementor', 'Theme In WP', 'TikTok Conversion Tracking Pixel', 'UTF-8', 'WordPress', 'WordPress Multisite', 'jQuery']"
civicfest.us,Home - DCTMI,DC Tutoring and Mentoring Initiative,VEN,72,26079,2026-10-01T22:14:51.265100997Z,"['501c3 Status Nonprofit', 'AWS WAF Challenge', 'Alternate Protocol', 'ByteDance', 'Cisco/Arrowpoint Content Service Switch', 'Cloudflare', 'Cloudflare CDN', 'Content Delivery Network', 'Elementor', 'ElementsKit Elementor', 'EmbedPress', 'Essential Addons for Elementor', 'Eventbrite', 'Google', 'Google Analytics', 'Google Cloud CDN', 'Google Cloud DNS', 'Google Font API', 'Google My Business', 'Google Tag Manager', 'Hello Elementor', 'IcoMoon', 'Instagram Follow Button', 'Material Design Icons', 'Microdata for Google Shopping', 'MonsterInsights', 'Neighborhoods', 'PHP', 'PixelYourSite', 'Royal Elementor Addons', 'Slider Revolution', 'The Events Calendar', 'TikTok Conversion Tracking Pixel', 'Twitter Ads', 'UTF-8', 'University or College', 'WordPress', 'WordPress Multisite', 'YouTube', 'eLand', 'jQuery', 'reCAPTCHA']"
goodtimeswin.com,Good Times Win,,USA,65,13927,2026-10-01T22:14:51.245397114Z,"['Alternate Protocol', 'Amazon', 'Amazon CloudFront', 'ByteDance', 'CloudFront', 'ETranslate', 'Ecwid Ecommerce Shopping Cart', 'GZIP Module', 'Google Cloud DNS', 'Google Maps', 'Google My Business', 'Instagram Follow Button', 'Nginx', 'PWA', 'RM Education', 'TikTok Conversion Tracking Pixel', 'Typeform', 'UTF-8', 'Umbler', 'Unsplash', 'eLand']"
mymastery.tv,MyMastery,,,62,17430,2026-10-01T21:04:53.974551327Z,"['AJAX Libraries API', 'Amazon', 'Amazon CloudFront', 'Amazon S3 CDN', 'Amazon WAF Blocked', 'App Store', 'Apture Linking Platform', 'ByteDance', 'CDN JS', 'CloudFront', 'Cloudflare', 'Cloudflare CDN', 'Coming Soon Page', 'DAV', 'Drip', 'ElementUI', 'Facebook Conversion Tracking', 'Facebook Login', 'Facebook Messenger Platform', 'Facebook Pixel', 'Facebook Reseller', 'Facebook Tag API', 'Font Awesome', 'GetResponse', 'GitHub Hosting', 'Google', 'Google Analytics', 'Google Cloud', 'Google Cloud DNS', 'Google Font API', 'Google My Business', 'Google Play', 'Google Tag Manager', 'Hotjar', 'Instagram Follow Button', 'LinkedIn Insights', 'LiveChat', 'LiveChat Monitoring', 'New Relic', 'Rocket Chat', 'Share Link', 'Storyblocks', 'Tailwind CSS', 'TikTok Conversion Tracking Pixel', 'Twitter Ads', 'UTF-8', 'YouTube', 'jQuery', 'jsDelivr', 'uScreen']"
ukhomestudents.com,Empower Your Future with UK Courses - Undergraduate courses UK | UK Home Students for UG & PG courses,,,77,2554,2026-10-01T20:53:40.192581327Z,"['Alternate Protocol', 'ByteDance', 'Content Delivery Network', 'Google', 'Google Cloud DNS', 'Google Font API', 'Google Tag Manager', 'Microdata for Google Shopping', 'TikTok Conversion Tracking Pixel', 'University or College', 'Unsplash', 'Zyro']"
finerpoint.com,Bevel - The Connected Health Coach,,,67,90360,2026-10-01T20:09:26.119222664Z,"['A Small Orange', 'Alternate Protocol', 'Amazon', 'Amazon CloudFront', 'Amazon S3 CDN', 'App Store', 'Apture Linking Platform', 'ByteDance', 'CloudFront', 'Cloudflare', 'Content Delivery Network', 'ElementUI', 'Facebook Conversion Tracking', 'Facebook Login', 'Facebook Messenger Platform', 'Facebook Pixel', 'Facebook Reseller', 'Facebook Tag API', 'GZIP Module', 'Google Analytics', 'Google Tag Manager', 'Instagram Follow Button', 'Intellimize', 'LinkedIn Insights', 'LinkedIn Pixel', 'Microdata for Google Shopping', 'OpenAI', 'Reddit Conversion Tracking', 'Storyblocks', 'Subversion', 'Tailwind CSS', 'TikTok Conversion Tracking Pixel', 'Twitter Ads', 'UTF-8', 'Vector Internet Services', 'WF Cookie Consent', 'YouTube']"
headaihubbase.org,AhaCreator | The world's #1 AI-native influencer marketing platform with 140k+ active creators,AhaCreator,,72,20570,2026-10-01T18:50:32.604681756Z,"['Amazon', 'Amazon CloudFront', 'Amazon Route 53', 'Ant Design Vue', 'ByteDance', 'CloudFront', 'Content Delivery Network', 'Discord', 'Fastly', 'Fireblade', 'GZIP Module', 'Google Analytics', 'Google Related Website Sites', 'Google Tag Manager', 'Instagram Follow Button', 'LinkedIn Insights', 'LinkedIn Pixel', 'Microdata for Google Shopping', 'Next.js', 'Pleroma', 'Tailwind CSS', 'TikTok Conversion Tracking Pixel', 'Twitter Ads', 'Twitter Analytics', 'UTF-8', 'YouTube', 'shadcn ui']"
sagadistrict.com,Saga District - Semua Berhak Punya Rumah,Saga District,IDN,82,5742,2026-10-01T16:31:22.642999151Z,"['Adult Content', 'Alternate Protocol', 'ByteDance', 'Click to Chat for WhatsApp', 'Contact Form Plugin', 'Content Delivery Network', 'Elementor', 'EmbedPress', 'Facebook Conversion Tracking', 'Facebook Login', 'Facebook Messenger Platform', 'Facebook Pixel', 'Facebook Reseller', 'Facebook Tag API', 'Fancybox for WordPress', 'Font Awesome', 'Google', 'Google Analytics', 'Google Cloud CDN', 'Google Cloud DNS', 'Google Font API', 'Google My Business', 'Google Related Website Sites', 'Google Tag Manager', 'IcoMoon', 'Instagram Follow Button', 'LiteSpeed', 'Microdata for Google Shopping', 'NFOrce Internet', 'PHP', 'Perl', 'PixelYourSite', 'Slider Revolution', 'Theme In WP', 'TikTok Conversion Tracking Pixel', 'UTF-8', 'WhatsApp Sharing', 'WordPress', 'WordPress Multisite', 'jQuery']"
cecisale.com,Shopping Online,,,52,7500,2026-10-01T15:51:50.206435609Z,"['ByteDance', 'Cloudflare', 'Cloudflare CDN', 'Express', 'Facebook Conversion Tracking', 'Facebook Login', 'Facebook Messenger Platform', 'Facebook Pixel', 'Facebook Reseller', 'Facebook Tag API', 'Fireblade', 'Google Tag Manager', 'Next.js', 'Pleroma', 'Tailwind CSS', 'TikTok Conversion Tracking Pixel', 'UTF-8']"
noraeducation.com,Nora Education Centre | Education Consultant | Expert Guidance for Students,,BGD,77,17908,2026-10-01T14:17:02.546157515Z,"['AWS WAF Challenge', 'ByteDance', 'CDN JS', 'Cloudflare', 'Cloudflare CDN', 'Facebook Conversion Tracking', 'Facebook Customer Chat SDK', 'Facebook Login', 'Facebook Messenger Platform', 'Facebook Pixel', 'Facebook Reseller', 'Facebook Tag API', 'Google', 'Google Analytics', 'Google Cloud CDN', 'Google Cloud DNS', 'Google Font API', 'Google Tag Manager', 'IcoMoon', 'Instagram Follow Button', 'LiteSpeed', 'PHP', 'QUIC', 'Tailwind CSS', 'TikTok Conversion Tracking Pixel', 'Twitter Ads', 'UTF-8', 'University or College', 'WordPress', 'YouTube', 'eLand']"
towtal.co.uk,Home - Towtal,Towtal,,62,3980,2026-10-01T10:43:12.884242754Z,"['AlmaLinux', 'Alternate Protocol', 'Apache', 'ByteDance', 'CookieYes', 'Elementor', 'EmbedPress', 'Facebook Conversion Tracking', 'Facebook Login', 'Facebook Messenger Platform', 'Facebook Pixel', 'Facebook Reseller', 'Facebook Tag API', 'Google Analytics', 'Google Maps', 'Google My Business', 'Google Related Website Sites', 'Google Tag Manager', 'Hello Elementor', 'Microdata for Google Shopping', 'NFOrce Internet', 'PHP', 'QUIC', 'Theme In WP', 'TikTok Conversion Tracking Pixel', 'UTF-8', 'WhatsApp Sharing', 'Woo Themes', 'WooCommerce', 'WooCommerce Checkout', 'WordPress', 'WordPress Multisite', 'jQuery', 'reCAPTCHA']"
anarkali.ae,"Anarkali Street Food — Pakistani & Lahori Restaurant, Ajman",,PAK,82,2440,2026-10-01T10:15:47.411577626Z,"['Alternate Protocol', 'ByteDance', 'Google', 'Google Analytics', 'Google Cloud DNS', 'Google Customer Reviews', 'Google Font API', 'Google My Business', 'Google Tag Manager', 'Instagram Follow Button', 'Microdata for Google Shopping', 'QUIC', 'TikTok Conversion Tracking Pixel']"
homeraiseddacshundpuppies.com,Home Raised Dachshund Puppies – Because Every Puppy Deserves a Loving Home,,,55,2828,2026-10-01T09:59:11.343790637Z,"['Alternate Protocol', 'BLR', 'ByteDance', 'CDN JS', 'Cloudflare', 'Cloudflare CDN', 'Elementor', 'EmbedPress', 'Google Cloud DNS', 'Google Font API', 'IcoMoon', 'Jeg Elementor Kit', 'Kadence WP', 'LoftLoader', 'NFOrce Internet', 'PHP', 'QUIC', 'Tailwind CSS', 'Theme In WP', 'TikTok Conversion Tracking Pixel', 'Tumblr', 'UTF-8', 'WordPress', 'WordPress Multisite', 'jQuery']"
discoverpebblesai.com,Pebbles Ai — The gold standard for GTM,,,62,27175,2026-10-01T06:26:15.743316359Z,"['Amazon', 'Amazon CloudFront', 'Apture Linking Platform', 'Better Lead Generation Services', 'ByteDance', 'Cisco/Arrowpoint Content Service Switch', 'CloudFront', 'Cloudflare', 'Coming Soon Page', 'Content Delivery Network', 'GZIP Module', 'Google Analytics', 'Google Related Website Sites', 'Google Tag Manager', 'HubSpot Conversations', 'Hubspot', 'Instagram Follow Button', 'Microsoft Clarity', 'Mixpanel', 'Product Hunt', 'Tailwind CSS', 'TikTok Conversion Tracking Pixel', 'Twitter Ads', 'UTF-8', 'Vector Internet Services', 'WF Cookie Consent', 'Webflow', 'YouTube', 'jsDelivr']"
yoomah.com,Homepage | Yoomah,,,72,77440,2026-10-01T05:59:49.806863818Z,"['Alternate Protocol', 'ByteDance', 'Content Delivery Network', 'Financial Services Guide', 'GZIP Module', 'Google', 'Google Analytics', 'Google Cloud DNS', 'Google Font API', 'Google Tag Manager', 'Instagram Follow Button', 'KVH', 'License Buttons', 'Microdata for Google Shopping', 'Next.js', 'Pleroma', 'QUIC', 'SMC', 'Styled Components', 'Tailwind CSS', 'TikTok Conversion Tracking Pixel', 'UTF-8', 'Vector Internet Services']"
ai-sle.app,AiSLE: Ai Meal Planner & Smart Grocery Shopping List App,,,47,70,2026-10-01T05:03:47.730311635Z,"['ByteDance', 'Content Delivery Network', 'Google Analytics', 'Google Tag Manager', 'Instagram Follow Button', 'Iubenda', 'Microsoft Clarity', 'Next.js', 'Pleroma', 'Radix UI', 'Tailwind CSS', 'TikTok Conversion Tracking Pixel', 'UTF-8', 'Vercel']"
dnadiet.uk,The DNA Diet,,USA,60,39,2026-10-01T04:52:21.841911525Z,"['Alternate Protocol', 'Apache', 'ByteDance', 'Element Pack Lite', 'Elementor', 'ElementsKit Elementor', 'EmbedPress', 'GZIP Module', 'Hello Elementor', 'Instagram Follow Button', 'PHP', 'Premium Addons for Elementor', 'QUIC', 'Theme In WP', 'TikTok Conversion Tracking Pixel', 'UTF-8', 'WordPress', 'WordPress Multisite', 'YouTube', 'jQuery']"
wemakeup.com,Products- Wemakeup.it,,,77,2415,2026-10-01T03:31:40.474502532Z,"['AJAX Libraries API', 'Adobe Creative Cloud WebFonts', 'Alternate Protocol', 'Aruba', 'AutoComplete', 'ByteDance', 'Criteo', 'Criteo Reseller', 'Express', 'Facebook Login', 'Facebook Messenger Platform', 'Facebook Pixel', 'Facebook Reseller', 'Facebook Tag API', 'Font Awesome', 'Foundation', 'GZIP Module', 'Google Analytics', 'Google Cloud DNS', 'Google Font API', 'Google Tag Manager', 'Instagram Follow Button', 'Iubenda', 'MailChimp', 'Material Design Icons', 'Nginx', 'PHP', 'Parallels Plesk Panel', 'Parcel', 'Plausible Analytics', 'Tailwind CSS', 'Tidio', 'TikTok Conversion Tracking Pixel', 'UTF-8', 'YouTube', 'eLand', 'jQuery', 'jsDelivr']"
plankd.com,Plank'd Luxury Vinyl Flooring | Flooring Built To Last,Plankd Luxury Vinyl Plank Flooring,GBR,82,27793,2026-10-01T03:04:52.708106435Z,"['Alibaba Cloud CDN', 'Alternate Protocol', 'Apture Linking Platform', 'Better Lead Generation Services', 'ByteDance', 'CCSI', 'EmbedPress', 'Facebook Conversion Tracking', 'Facebook Login', 'Facebook Messenger Platform', 'Facebook Pixel', 'Facebook Reseller', 'Facebook Tag API', 'Google Analytics', 'Google Tag Manager', 'LiteSpeed', 'Microdata for Google Shopping', 'PHP', 'Parcel', 'QUIC', 'RM Education', 'Termageddon', 'Thank You', 'Theme In WP', 'TikTok Conversion Tracking Pixel', 'UTF-8', 'WordPress', 'WordPress Multisite', 'jQuery']"
salonimmobiliermontpellier.fr,Salon Immobilier Montpellier - Méditerranée Occitanie,,FRA,77,2228,2026-10-01T01:56:59.213918835Z,"['Adobe Creative Cloud WebFonts', 'Bulma', 'ByteDance', 'Facebook Login', 'Facebook Messenger Platform', 'Facebook Pixel', 'Facebook Reseller', 'Facebook Tag API', 'GZIP Module', 'Google Analytics', 'Google My Business', 'Google Tag Manager', 'IcoMoon', 'Instagram Follow Button', 'Nginx', 'Tailwind CSS', 'TikTok Conversion Tracking Pixel', 'Twitter Ads', 'Weezevent', 'YouTube', 'jQuery']"
thefaceshop.com.sg,THEFACESHOP-Nature Collection | Your One-Stop K-Beauty Shop,THEFACESHOP,SGP,77,28492,2026-10-01T01:56:59.187787101Z,"['Add to Any', 'Alternate Protocol', 'Apture Linking Platform', 'Bellows Accordion Menu', 'Bookly', 'ByteDance', 'CDN JS', 'Cloudflare', 'Cloudflare CDN', 'Contact Form Plugin', 'Contento', 'DuracellTomi Google Tag Manager for WordPress', 'EmbedPress', 'Facebook Conversion Tracking', 'Facebook Login', 'Facebook Messenger Platform', 'Facebook Pixel', 'Facebook Reseller', 'Facebook Tag API', 'Flatsome', 'GDPR Cookie Compliance', 'Google Analytics', 'Google Cloud DNS', 'Google Font API', 'Google My Business', 'Google Related Website Sites', 'Google Tag Manager', 'IcoMoon', 'Instagram Follow Button', 'MailChimp', 'Max Mega Menu', 'Max Mega Menu Pro', 'Microdata for Google Shopping', 'Nginx', 'PHP', 'PixelYourSite', 'Post Views Counter', 'QUIC', 'Tailwind CSS', 'Thank You', 'Theme In WP', 'TikTok Conversion Tracking Pixel', 'UTF-8', 'WP Rocket', 'Widget Options', 'Woo Themes', 'WooCommerce', 'WooCommerce Checkout', 'WordPress', 'WordPress Multisite', 'YouTube', 'eLand', 'jQuery', 'jsDelivr', 'reCAPTCHA']"
minhashops.com,Minha Shop,Minha Shop,,60,15624,2026-10-01T01:18:12.2270849Z,"['Amazon WAF Blocked', 'Apture Linking Platform', 'Azion', 'Baidu Cloud', 'ByteDance', 'Cloudflare', 'Cloudflare CDN', 'GetResponse', 'IcoMoon', 'Instagram Follow Button', 'Microdata for Google Shopping', 'QUIC', 'SMC', 'Shopify', 'Shopify Collabs', 'Shopify Payments', 'Thank You', 'TikTok Conversion Tracking Pixel', 'UTF-8', 'Yandex Hosting', 'hCaptcha', 'reCAPTCHA']"
kidzstations.com,KidzStations – أهلا بكم في محطات طفولة للترفيه وتنظيم الحفلات,,SAU,70,8238,2026-10-01T00:00:11.798386408Z,"['3 Products', 'Alibaba Cloud CDN', 'Alternate Protocol', 'Amazon WAF Blocked', 'Apture Linking Platform', 'Aruba', 'Blocksy', 'Bookly', 'ByteDance', 'CleanTalk Spam Protect', 'Codero', 'Elegant Themes', 'Elementor', 'EmbedPress', 'Facebook Conversion Tracking', 'Facebook Login', 'Facebook Messenger Platform', 'Facebook Pixel', 'Facebook Reseller', 'Facebook Tag API', 'GZIP Module', 'Google Analytics', 'Google My Business', 'Google Tag Manager', 'JetElements', 'Join.chat', 'Lazy Load for WordPress', 'Line2', 'LiteSpeed', 'NFOrce Internet', 'QUIC', 'Shipping Rates Calculator', 'Side Cart Woocommerce', 'TikTok Conversion Tracking Pixel', 'TranslatePress', 'UTF-8', 'WP Rocket', 'Woo Themes', 'WooCommerce', 'WooCommerce Checkout', 'WordPress', 'WordPress Multisite', 'eLand']"
dsmedical.co.uk,DS Medical - Your Trusted Supplier for Emergency Medical Supplies & First Aid Supplies,,,67,74836,2026-09-30T23:34:10.687071209Z,"['AWS WAF Challenge', 'Alternate Protocol', 'Amazon WAF Blocked', 'Apps4BigCommerce', 'Apture Linking Platform', 'BLR', 'BigCommerce', 'Bing Cashback', 'Bing Conversion Tracking', 'ByteDance', 'Cloudflare', 'Cloudflare CDN', 'Cloudflare Insights', 'ElementUI', 'Express', 'Facebook Login', 'Facebook Messenger Platform', 'Facebook Pixel', 'Facebook Reseller', 'Fastly', 'Fireblade', 'Google', 'Google Analytics', 'Google Cloud CDN', 'Google Cloud DNS', 'Google Font API', 'Google My Business', 'Google Recommendations AI', 'Google Tag Manager', 'IcoMoon', 'Instagram Follow Button', 'Kitco', 'Klaviyo', 'LinkedIn Insights', 'Microsoft Clarity', 'Ntent', 'OpenAI', 'Perl', 'QUIC', 'Tailwind CSS', 'TikTok Conversion Tracking Pixel', 'Trustpilot Reviews for WordPress', 'Tumblr', 'Twitter Ads', 'UTF-8', 'YouTube']"
balatonatevezes.net,MOL Balaton-Átevezés 2026,,,62,2400,2026-09-30T22:09:47.213535123Z,"['Alternate Protocol', 'Apache', 'ByteDance', 'Facebook Conversion Tracking', 'Facebook Login', 'Facebook Messenger Platform', 'Facebook Pixel', 'Facebook Reseller', 'Facebook Tag API', 'Fastly', 'GZIP Module', 'Google Analytics', 'Google Tag Manager', 'Instagram Follow Button', 'Material Design Icons', 'PHP', 'Theme In WP', 'TikTok Conversion Tracking Pixel', 'UTF-8', 'WordPress', 'WordPress Multisite']"
thrivepartners.co.nz,Thrive Investment Partners | NZ Property Investment,,NZL,87,97720,2026-09-30T20:46:57.609915046Z,"['Alternate Protocol', 'Amazon', 'Amazon WAF Blocked', 'Apture Linking Platform', 'ByteDance', 'Cloudflare', 'Content Delivery Network', 'DC74', 'Express', 'Fastly', 'Fastly CDN', 'GZIP Module', 'GitHub Hosting', 'Google Related Website Sites', 'Instagram Follow Button', 'Microdata for Google Shopping', 'NFOrce Internet', 'No-Q', 'POWr', 'PWA', 'QUIC', 'SMC', 'Seflow Italy', 'Sentry', 'SiteW', 'TikTok Conversion Tracking Pixel', 'UTF-8', 'University or College', 'Vector Internet Services', 'Wix', 'Wix Media', 'eLand', 'mlcom']"
awwalquran.com,"Online classes for your kids to learn Namaz, Quran, and Tafseer.",,PAK,82,54743,2026-09-30T19:49:59.355058605Z,"['Alternate Protocol', 'ByteDance', 'DAV', 'Elementor', 'EmbedPress', 'Express', 'Google', 'Google Adsense', 'Google Analytics', 'Google Cloud DNS', 'Google Customer Reviews', 'Google Font API', 'Google Matched Content', 'Google My Business', 'Google Reseller', 'Google Tag Manager', 'IcoMoon', 'Instagram Follow Button', 'Lazy Load for WordPress', 'LiteSpeed', 'Microdata for Google Shopping', 'NFOrce Internet', 'Popup Maker for Wordpress', 'SMC', 'Tailwind CSS', 'Tawk', 'TikTok Conversion Tracking Pixel', 'UTF-8', 'WhatsApp Sharing', 'WordPress', 'WordPress Multisite', 'YouTube']"
tusksignup.com,Tusk is now Tusk Central AI - TUSK Browser,TUSK Browser,,62,19045,2026-09-30T18:53:18.437740669Z,"['Alternate Protocol', 'Apache', 'Baidu Cloud', 'ByteDance', 'Contact Form Plugin', 'Cookie Accept', 'Cookie Notice', 'EmbedPress', 'GDPR Consent Management Platform', 'GZIP Module', 'GitHub Hosting', 'Google', 'Google Analytics', 'Google Cloud CDN', 'Google Cloud DNS', 'Google Font API', 'Google My Business', 'Google Tag Manager', 'Instagram Follow Button', 'Jetpack', 'Media.net', 'Microdata for Google Shopping', 'Onyx Internet', 'PHP', 'Perl', 'PixelYourSite', 'Rumble Player', 'Slider Revolution', 'ThemeFusion', 'TikTok Conversion Tracking Pixel', 'Twitter Ads', 'UTF-8', 'Ubuntu', 'Vimeo', 'WordPress', 'WordPress Multisite', 'WordPress Stats', 'Yandex Hosting', 'YouTube', 'Zendesk Guide', 'eLand', 'jQuery', 'jsDelivr']"
ramenations.com,Home - Ramenations,,IDN,70,4165,2026-09-30T18:22:55.249833399Z,"['Agoda', 'Alternate Protocol', 'ByteDance', 'Content Delivery Network', 'Elementor', 'ElementsKit Elementor', 'EmbedPress', 'Facebook Login', 'Facebook Messenger Platform', 'Facebook Pixel', 'Facebook Reseller', 'Facebook Tag API', 'Google', 'Google Analytics', 'Google Cloud CDN', 'Google My Business', 'Google Tag Manager', 'Gravity', 'Gravity Forms', 'Instagram Follow Button', 'Line2', 'LiteSpeed', 'Metricool', 'Microdata for Google Shopping', 'PHP', 'QUIC', 'QUIC.cloud', 'TikTok Conversion Tracking Pixel', 'To Top', 'Twitter Ads', 'UTF-8', 'Woo Themes', 'WooCommerce', 'WooCommerce Checkout', 'WordPress', 'WordPress Multisite', 'YouTube']"
sndcustomz.com,S&D Customz,,,55,647,2026-09-30T17:53:01.398168879Z,"['Alternate Protocol', 'Amazon', 'Amazon CloudFront', 'ByteDance', 'CloudFront', 'ETranslate', 'Ecwid Ecommerce Shopping Cart', 'GZIP Module', 'Google Cloud DNS', 'Google Maps', 'Instagram Follow Button', 'Nginx', 'PWA', 'QUIC', 'Stripe', 'TikTok Conversion Tracking Pixel', 'UTF-8', 'Unsplash', 'eLand']"
boumbuy.store,boumbuy,,,55,8160,2026-09-30T17:11:09.269807838Z,"['Agoda', 'Apple Pay JS', 'Apture Linking Platform', 'Azion', 'ByteDance', 'Express', 'Facebook Conversion Tracking', 'Facebook Login', 'Facebook Messenger Platform', 'Facebook Pixel', 'Facebook Reseller', 'Facebook Tag API', 'Fastly', 'Fingerprint Pro', 'Fireblade', 'GZIP Module', 'Google Analytics', 'Google Tag Manager', 'Microdata for Google Shopping', 'TikTok Conversion Tracking Pixel', 'UTF-8', 'Yandex Hosting', 'YouCan', 'eLand']"
thedpfdelete.com,DPF Delete Shop | DEF & EGR Diesel Delete Kits & Tuners,DPF Delete,USA,82,56430,2026-09-30T16:28:38.278398029Z,"['AWS WAF Challenge', 'Alternate Protocol', 'Apture Linking Platform', 'Bing Cashback', 'Bing Conversion Tracking', 'ByteDance', 'Cloudflare', 'Cloudflare CDN', 'Cloudflare Web Analytics', 'Contact Form Plugin', 'Content Delivery Network', 'Content ad', 'Customer Reviews for WooCommerce', 'DMCA Badge', 'DuracellTomi Google Tag Manager for WordPress', 'Elegant Themes', 'ElementUI', 'EmbedPress', 'Express', 'Facebook Conversion Tracking', 'Facebook Login', 'Facebook Messenger Platform', 'Facebook Pixel', 'Facebook Reseller', 'Facebook Tag API', 'Fastly', 'FiboSearch', 'Fireblade', 'GitHub Hosting', 'Google', 'Google Analytics', 'Google Cloud DNS', 'Google Font API', 'Google Related Website Sites', 'Google Tag Manager', 'Gravity Forms', 'IcoMoon', 'Instagram Follow Button', 'JivoSite', 'Klaviyo', 'Klaviyo for WordPress', 'License Buttons', 'Line2', 'LiveChat', 'LiveChat Monitoring', 'MailPoet', 'Microdata for Google Shopping', 'Ninja Forms', 'OpenAI', 'PHP', 'Popup Maker for Wordpress', 'QUIC', 'ReviewsOnMyWebsite', 'Rocket Chat', 'Schema Plugin', 'Sitejabber', 'Theme In WP', 'TikTok Conversion Tracking Pixel', 'UTF-8', 'Vector Internet Services', 'WPBakery', 'Woo Themes', 'WooCommerce', 'WooCommerce Checkout', 'WordPress', 'WordPress Multisite', 'jQuery']"
7yaak.com,7yaak,,FRA,60,22403,2026-09-30T15:33:45.984286656Z,"['ByteDance', 'CDN JS', 'Cloudflare', 'Cloudflare CDN', 'DAV', 'Facebook Conversion Tracking', 'Facebook Login', 'Facebook Messenger Platform', 'Facebook Pixel', 'Facebook Reseller', 'Facebook Tag API', 'GZIP Module', 'Google Analytics', 'Google Cloud DNS', 'Google Font API', 'Google Tag Manager', 'Instagram Follow Button', 'K2F', 'LiteSpeed', 'Onyx Internet', 'QUIC', 'SMC', 'Tailwind CSS', 'TikTok Conversion Tracking Pixel', 'UTF-8', 'jsDelivr', 'shadcn ui']"
xhpowdercoating.com,Professional Powder Coating Manufacturer,"Dawo Xinhui Technology Co.,Ltd",CHN,77,7700,2026-09-30T15:16:04.435561228Z,"['Alternate Protocol', 'ByteDance', 'Cloudflare', 'ETranslate', 'Facebook Conversion Tracking', 'Facebook Login', 'Facebook Messenger Platform', 'Facebook Pixel', 'Facebook Reseller', 'Facebook Tag API', 'GTranslate', 'Google Analytics', 'Google My Business', 'Google Tag Manager', 'Instagram Follow Button', 'Microdata for Google Shopping', 'Pico CSS', 'Pleroma', 'QUIC', 'TikTok Conversion Tracking Pixel', 'UEESHOP', 'UTF-8', 'WhatsApp Sharing', 'YouTube']"
pepperandpearls.com,Pepper and Pearls,,,50,2855,2026-09-30T15:03:53.07971856Z,"['Alternate Protocol', 'Amazon', 'Amazon CloudFront', 'ByteDance', 'CloudFront', 'ETranslate', 'Ecwid Ecommerce Shopping Cart', 'GZIP Module', 'Google Cloud DNS', 'Google Maps', 'Google Related Website Sites', 'Helpful Crowd', 'Instagram Follow Button', 'Nginx', 'Omnisend', 'PWA', 'Sapper', 'Shutterstock', 'SiteW', 'SiteWit', 'Storyblocks', 'Stripe', 'TikTok Conversion Tracking Pixel', 'Twitter Ads', 'UTF-8', 'Unsplash', 'Vector Internet Services', 'WordPress', 'eLand']"
sitesignal.online,SiteSignal: AI Visibility Platform & AI Strategist,SiteSignal,,67,3317,2026-09-30T14:47:37.491044773Z,"['Amazon', 'Amazon CloudFront', 'Amazon Route 53', 'Amazon S3 CDN', 'Apollo IO', 'ByteDance', 'CloudFront', 'Coming Soon Page', 'Content Delivery Network', 'Facebook Login', 'Facebook Messenger Platform', 'Facebook Pixel', 'Facebook Reseller', 'Facebook Tag API', 'Google Analytics', 'Google Tag Manager', 'Microdata for Google Shopping', 'Microsoft Clarity', 'QUIC', 'Reddit Conversion Tracking', 'TikTok Conversion Tracking Pixel', 'YouTube']"
megasavings.com.au,Big Sale - Mega Savings Store,Mega Savings Store,,67,3055,2026-09-30T14:47:37.432478066Z,"['Alternate Protocol', 'Apache', 'ByteDance', 'Contact Form Plugin', 'EmbedPress', 'Fastly', 'Flatsome', 'GZIP Module', 'IcoMoon', 'Microdata for Google Shopping', 'PHP', 'QUIC', 'Sitelinks Search Box', 'Tailwind CSS', 'TikTok Conversion Tracking Pixel', 'UTF-8', 'WP Fastest Cache', 'Woo Themes', 'WooCommerce', 'WooCommerce Checkout', 'WordPress', 'YouTube']"
sigmaos.io,SigmaOS,,,72,95459,2026-09-30T13:48:47.375473099Z,"['Alternate Protocol', 'Amazon', 'ByteDance', 'Coming Soon Page', 'Express', 'Fireblade', 'Framer Sites', 'Google', 'Google Analytics', 'Google Cloud CDN', 'Google Tag Manager', 'Instagram Follow Button', 'KVH', 'Ntent', 'Perl', 'Product Hunt', 'QUIC', 'Reddit Conversion Tracking', 'SMC', 'Segment', 'Segment Consent Manager', 'TikTok Conversion Tracking Pixel', 'Twitter Ads', 'Twitter Analytics', 'Twitter Conversion Tracking', 'YouTube', 'Zeald']"
betterlook.ai,The BEST AI Dating Photos Generator | Betterlook AI,Betterlook AI,,72,,2026-09-30T13:35:38.866952058Z,"['ByteDance', 'Cloudflare', 'Cloudflare CDN', 'Content Delivery Network', 'Facebook Conversion Tracking', 'Facebook Login', 'Facebook Messenger Platform', 'Facebook Pixel', 'Facebook Reseller', 'Facebook Tag API', 'Google Analytics', 'Google Tag Manager', 'Instagram Follow Button', 'Microdata for Google Shopping', 'Next.js', 'Sitelinks Search Box', 'Tailwind CSS', 'TikTok Conversion Tracking Pixel', 'Twitter Ads', 'UTF-8']"
mymilkdelivery.com,Home milk delivery service | dale farm,,GBR,77,12178,2026-09-30T13:07:11.199450535Z,"['Adobe Creative Cloud WebFonts', 'Alternate Protocol', 'Amazon', 'Amazon S3 CDN', 'Apache', 'ByteDance', 'CDN JS', 'Cloudflare', 'Cloudflare CDN', 'ContentBox', 'Craft', 'ElementUI', 'Facebook Conversion Tracking', 'Facebook Login', 'Facebook Messenger Platform', 'Facebook Pixel', 'Facebook Reseller', 'Facebook Tag API', 'Font Awesome', 'GZIP Module', 'Google Analytics', 'Google Tag Manager', 'Instagram Follow Button', 'MSHOP', 'RM Education', 'Storyblocks', 'Tailwind CSS', 'TikTok Conversion Tracking Pixel', 'UTF-8', 'eLand', 'jsDelivr']"
meetlakegeorge.com,"Book Your Meetings, Weddings and Events in the Lake George Area - Lake George Regional Convention & Visitors Bureau",,USA,72,21680,2026-09-30T10:30:03.914272437Z,"['AJAX Libraries API', 'Amazon', 'Amazon S3 CDN', 'ByteDance', 'Crowdriff', 'Google Analytics', 'Google Cloud DNS', 'Google Tag Manager', 'HostGator', 'ISO/IEC 8859', 'Instagram Follow Button', 'MailChimp', 'Microsoft Azure', 'Microsoft IIS', 'Parallels Plesk Panel', 'Storyblocks', 'Tailwind CSS', 'TikTok Conversion Tracking Pixel', 'Visual Studio', 'YouTube', 'jQuery']"
egoofarms.com,Egoofarms.com – Buy THCa & Delta 8 | Online BTC Dispensary,,,60,1687,2026-09-30T10:13:23.158654393Z,"['3 Products', 'AWS WAF Challenge', 'Age Gate', 'Alternate Protocol', 'Apture Linking Platform', 'Automattic', 'ByteDance', 'Cisco/Arrowpoint Content Service Switch', 'Contact Form Plugin', 'Content Delivery Network', 'Customer Reviews for WooCommerce', 'EmbedPress', 'Event Tickets for Wordpress', 'Flatsome', 'Google', 'Google Analytics', 'Google Cloud DNS', 'Google Font API', 'Google My Business', 'Google Related Website Sites', 'Google Tag Manager', 'IcoMoon', 'Instagram Follow Button', 'Jetpack', 'LiteSpeed', 'MailPoet', 'PHP', 'Perl', 'QUIC', 'Tailwind CSS', 'Theme In WP', 'TikTok Conversion Tracking Pixel', 'UTF-8', 'Woo Themes', 'WooCommerce', 'WooCommerce Checkout', 'WooCommerce Payments', 'WordPress', 'WordPress Multisite', 'WordPress Stats', 'YouTube', 'YouTube Advanced by Embed Plus', 'jQuery', 'reCAPTCHA']"
kraftysupply.com,Krafty Supply,,,62,36256,2026-09-30T08:18:12.047280917Z,"['AWS WAF Challenge', 'Alternate Protocol', 'Apps4BigCommerce', 'Apture Linking Platform', 'BigCommerce', 'ByteDance', 'Cloudflare', 'Cloudflare CDN', 'Doofinder', 'Express', 'Facebook Login', 'Facebook Messenger Platform', 'Facebook Pixel', 'Facebook Reseller', 'Fireblade', 'Google', 'Google Analytics', 'Google Cloud CDN', 'Google Cloud DNS', 'Google Font API', 'Google Related Website Sites', 'Google Tag Manager', 'Instagram Follow Button', 'MailChimp', 'Pinterest Conversion Tracking', 'QUIC', 'Subversion', 'TikTok Conversion Tracking Pixel', 'UTF-8']"
simpletome.com,"simpletome | Make Home More Like Home, NOT Just A House ! | simple design simple life | houseware & household home products brand since 2017",simpletome | choose a simple life to me,,67,2700,2026-09-30T07:07:13.928779146Z,"['ByteDance', 'Cloudflare', 'ETranslate', 'ElementUI', 'Facebook Conversion Tracking', 'Facebook Login', 'Facebook Messenger Platform', 'Facebook Pixel', 'Facebook Reseller', 'Facebook Tag API', 'GTranslate', 'Google My Business', 'Google Tag Manager', 'Instagram Follow Button', 'Microdata for Google Shopping', 'Ntent', 'PHP', 'PayPal Adaptive Payments', 'Pico CSS', 'Pinterest Conversion Tracking', 'Pleroma', 'Sign In With Google', 'TikTok Conversion Tracking Pixel', 'Twitter Ads', 'UTF-8', 'YouTube']"
hcglobaldeals.com,HCGLOBAL DEALS - HC GLOBAL,,,55,180,2026-09-30T06:20:41.594108027Z,"['Amazon WAF Blocked', 'Apture Linking Platform', 'ByteDance', 'Checkout.com', 'Coming Soon Page', 'Content Delivery Network', 'Express', 'Google My Business', 'Instagram Follow Button', 'PayPal Adaptive Payments', 'QUIC', 'ShopBase', 'Tailwind CSS', 'Thank You', 'TikTok Conversion Tracking Pixel', 'UTF-8', 'YouTube', 'shadcn ui']"
precisiondynamics.shop,Home - PRECISION Peptide Dynamics,PRECISION Peptide Dynamics,,72,33068,2026-09-30T06:20:41.575514678Z,"['Alternate Protocol', 'Aruba', 'AutoComplete', 'AutomateWoo', 'BunnyCDN', 'BunnyCDN General', 'ByteDance', 'Cloudflare', 'Contact Form Plugin', 'Content Delivery Network', 'Contento', 'Elementor', 'EmbedPress', 'Facebook Conversion Tracking', 'Facebook Login', 'Facebook Messenger Platform', 'Facebook Pixel', 'Facebook Reseller', 'Facebook Tag API', 'GitHub Hosting', 'Google', 'Google Analytics', 'Google Cloud CDN', 'Google Cloud DNS', 'Google Font API', 'Google Maps', 'Google Tag Manager', 'Header, Footer and Blocks for Elementor', 'IcoMoon', 'Instagram Follow Button', 'JetWooBuilder', 'Jetpack', 'MailChimp for WordPress', 'Make Column Clickable Elementor', 'Microdata for Google Shopping', 'PHP', 'Pagekit', 'QUIC', 'Slider Revolution', 'Thank You', 'Theme In WP', 'TikTok Conversion Tracking Pixel', 'UTF-8', 'Variation Swatches for WooCommerce', 'WPForms', 'Woo Themes', 'WooCommerce', 'WooCommerce Checkout', 'WordPress', 'WordPress Multisite', 'WordPress Stats', 'eLand', 'jQuery']"
mitzoneshop.com,Mitzone Auto Parts Manufacturer | Car Accessories Factory in China,MITZONE,,62,36740,2026-09-30T06:06:37.277115408Z,"['AWS WAF Challenge', 'Alternate Protocol', 'Better Lead Generation Services', 'ByteDance', 'Content Delivery Network', 'Express', 'Facebook Conversion Tracking', 'Facebook Login', 'Facebook Messenger Platform', 'Facebook Pixel', 'Facebook Reseller', 'Facebook Tag API', 'Fastly', 'Fireblade', 'GZIP Module', 'Google Analytics', 'Google Related Website Sites', 'Google Tag Manager', 'Instagram Follow Button', 'Interchange', 'LeaseWeb', 'Microdata for Google Shopping', 'NFOrce Internet', 'Next.js', 'Nginx', 'Perl', 'Pleroma', 'QUIC', 'SiteW', 'Tailwind CSS', 'Thank You', 'TikTok Conversion Tracking Pixel', 'UTF-8', 'shadcn ui']"
formulaman.co.za,Home - Formula Man,,,62,5134,2026-09-30T05:01:26.151067042Z,"['3 Products', 'Alternate Protocol', 'Aruba', 'ByteDance', 'Click to Chat for WhatsApp', 'Coming Soon Page', 'Contact Form Plugin', 'Content Delivery Network', 'Customer Reviews for WooCommerce', 'Elementor', 'EmbedPress', 'Google Analytics', 'Google Cloud DNS', 'Google Font API', 'Google Tag Manager', 'Instagram Follow Button', 'LiteSpeed', 'Microdata for Google Shopping', 'NFOrce Internet', 'PHP', 'QUIC', 'Sitelinks Search Box', 'Theme In WP', 'TikTok Conversion Tracking Pixel', 'Trustpilot Reviews for WordPress', 'UTF-8', 'Woo Themes', 'WooCommerce', 'WooCommerce Checkout', 'WooFramework', 'WordPress', 'WordPress Multisite', 'XTemos Studio', 'eLand', 'jQuery']"
asapproval.com,Asapproval,,,52,7500,2026-09-30T04:52:29.850142432Z,"['Adult Content', 'Apture Linking Platform', 'ByteDance', 'Cloudflare', 'Content Delivery Network', 'ElementUI', 'Express', 'Facebook Login', 'Facebook Messenger Platform', 'Facebook Pixel', 'Facebook Reseller', 'Fireblade', 'GZIP Module', 'GetResponse', 'Giropay', 'Microdata for Google Shopping', 'PayPal', 'QUIC', 'Tailwind CSS', 'TikTok Conversion Tracking Pixel', 'UTF-8', 'Vue.js', 'jsDelivr']"
marysellsmaryland.com,Mary Kiessling — Home Towne Real Estate,Home Towne Real Estate,GBR,70,3370,2026-09-30T04:24:33.013858045Z,"['Adobe Creative Cloud WebFonts', 'Alternate Protocol', 'Amazon CloudFront', 'Amazon WAF Blocked', 'Apture Linking Platform', 'Aruba', 'Better Lead Generation Services', 'ByteDance', 'CloudFront', 'Coming Soon Page', 'Express', 'Facebook Conversion Tracking', 'Facebook Customer Chat SDK', 'Facebook Login', 'Facebook Messenger Platform', 'Facebook Pixel', 'Facebook Reseller', 'Facebook Tag API', 'FormSubmit', 'FreeCSSTemplates', 'GZIP Module', 'GetResponse', 'Google Analytics', 'Google Cloud DNS', 'Google Font API', 'Google Maps', 'Google My Business', 'Google Tag Manager', 'Instagram Follow Button', 'Line2', 'Microdata for Google Shopping', 'QUIC', 'SiteW', 'Squarespace', 'Tailwind CSS', 'TikTok Conversion Tracking Pixel', 'UTF-8', 'UserWay', 'Vimeo', 'WordPress SEO Structured Data Schema Plugin', 'YouTube', 'eLand']"
marthajackson.co.uk,Affordable Sterling Silver Jewellery - Martha Jackson - 10% Off First Order,Martha Jackson,GBR,87,59549,2026-09-30T04:08:13.99109113Z,"['Add to Any', 'Alternate Protocol', 'Apture Linking Platform', 'ByteDance', 'Cloudflare', 'Cloudflare CDN', 'Content Delivery Network', 'CookieYes', 'Doofinder', 'ElementUI', 'Facebook CDN', 'Facebook Conversion Tracking', 'Facebook Login', 'Facebook Messenger Platform', 'Facebook Pixel', 'Facebook Reseller', 'Facebook Tag API', 'GitHub Hosting', 'Google Analytics', 'Google Tag Manager', 'Instagram Follow Button', 'Kitco', 'Klarna', 'Klaviyo', 'Max Mega Menu Pro', 'Microdata for Google Shopping', 'PHP', 'Pinterest Conversion Tracking', 'QUIC', 'SMC', 'Tailwind CSS', 'TikTok Conversion Tracking Pixel', 'UTF-8', 'Woo Themes', 'WordPress', 'WordPress Multisite', 'YouTube', 'jQuery']"
badaxedoc.com,Bad Axe | Official Website | November 18 2022,,,57,2235,2026-09-30T03:54:19.339168021Z,"['Adobe Creative Cloud WebFonts', 'Alternate Protocol', 'Amazon', 'Amazon CloudFront', 'Amazon Route 53', 'Amazon S3 CDN', 'Amazon Widgets', 'Apple Auto Link Maker', 'Apture Linking Platform', 'BLR', 'ByteDance', 'CloudFront', 'Coming Soon Page', 'Content Delivery Network', 'DAV', 'Facebook Login', 'Facebook Messenger Platform', 'Facebook Pixel', 'Facebook Reseller', 'GZIP Module', 'Google Analytics', 'Google Looker Studio', 'Google My Business', 'Google Play', 'Google Tag Manager', 'Instagram Follow Button', 'Microdata for Google Shopping', 'QUIC', 'Telegram', 'TikTok Conversion Tracking Pixel', 'Tumblr', 'Twitter Ads', 'Twitter Analytics', 'UTF-8', 'WhatsApp Sharing', 'WordPress SEO Structured Data Schema Plugin', 'YouTube', 'eLand']"
nakshiwearsecrets.com,nakshiwearsecrets.com,,BGD,65,2228,2026-09-30T03:41:21.053115066Z,"['Alternate Protocol', 'Apture Linking Platform', 'ByteDance', 'CartFlows', 'ClickOn', 'Elementor', 'EmbedPress', 'Google Analytics', 'Google Cloud DNS', 'Google Font API', 'Google Tag Manager', 'Instagram Follow Button', 'LiteSpeed', 'NFOrce Internet', 'PHP', 'QUIC', 'Theme In WP', 'TikTok Conversion Tracking Pixel', 'UTF-8', 'WhatsApp Sharing', 'Woo Themes', 'WooCommerce', 'WooCommerce Checkout', 'WooFramework', 'WordPress', 'WordPress Multisite', 'XTemos Studio', 'jQuery']"
pieeyedparrot.com,Myrtle Beach Sunset Cruises | PEPSC,Pie Eyed Parrot,USA,77,76380,2026-09-30T03:24:48.849938011Z,"['Alternate Protocol', 'Apture Linking Platform', 'Beaver Builder Lite', 'ByteDance', 'Cloudflare', 'CoBlocks', 'Content Delivery Network', 'Contento', 'ElementUI', 'EmbedPress', 'Event Tickets for Wordpress', 'Facebook Conversion Tracking', 'Facebook Login', 'Facebook Messenger Platform', 'Facebook Pixel', 'Facebook Reseller', 'Facebook Tag API', 'Fancybox for WordPress', 'FareHarbor', 'FiboSearch', 'Financial Services Guide', 'GitHub Hosting', 'GoDaddy', 'Google', 'Google Cloud DNS', 'Google Customer Reviews', 'Google Font API', 'Google My Business', 'Gravity', 'Harbor', 'Instagram Follow Button', 'K2F', 'Line2', 'Microdata for Google Shopping', 'PHP', 'QUIC', 'Schema Plugin', 'SiteW', 'The Deck', 'Theme In WP', 'TikTok Conversion Tracking Pixel', 'UTF-8', 'Vector Internet Services', 'Wangsu', 'Website Tonight', 'Woo Themes', 'WooCommerce', 'WooCommerce Checkout', 'WooCommerce Payments', 'WordPress', 'WordPress Multisite', 'Yandex Hosting', 'jQuery']"
mrtutushop.com,Mrtutushop,,USA,77,21132,2026-09-30T03:24:48.827780895Z,"['Adult Content', 'Apture Linking Platform', 'ByteDance', 'Cloudflare', 'DC74', 'ElementUI', 'Express', 'Fireblade', 'GZIP Module', 'GetResponse', 'Microdata for Google Shopping', 'QUIC', 'Tailwind CSS', 'TikTok Conversion Tracking Pixel', 'UTF-8', 'Vue.js', 'jsDelivr']"
frequenitly.com,Frequenitly,,,52,,2026-09-30T01:41:48.963945162Z,"['Apture Linking Platform', 'ByteDance', 'Cloudflare', 'ElementUI', 'Express', 'Facebook Login', 'Facebook Messenger Platform', 'Facebook Pixel', 'Facebook Reseller', 'GZIP Module', 'GetResponse', 'Google Customer Reviews', 'Microdata for Google Shopping', 'QUIC', 'TikTok Conversion Tracking Pixel', 'UTF-8', 'Vue.js', 'jsDelivr']"
leprincedelafragrance.store,LE PRINCE DE LA FRAGRANCE,,,60,5102,2026-09-30T00:12:03.700831069Z,"['Alternate Protocol', 'Apture Linking Platform', 'ByteDance', 'Content Delivery Network', 'Elementor', 'EmbedPress', 'Facebook Conversion Tracking', 'Facebook Login', 'Facebook Messenger Platform', 'Facebook Pixel', 'Facebook Reseller', 'Facebook Tag API', 'Google', 'Google Analytics', 'Google Cloud CDN', 'Google Cloud DNS', 'Google Font API', 'Google Tag Manager', 'HandL UTM Grabber', 'Hello Elementor', 'LiteSpeed', 'M247', 'Metform Elemento', 'PHP', 'Theme In WP', 'TikTok Conversion Tracking Pixel', 'UTF-8', 'WordPress', 'WordPress Multisite', 'jQuery']"
mayurimeeg.com,Mayuri Meeg,,,52,630,2026-09-30T00:12:03.670815953Z,"['ByteDance', 'Facebook Conversion Tracking', 'Facebook Login', 'Facebook Messenger Platform', 'Facebook Pixel', 'Facebook Reseller', 'Facebook Tag API', 'Font Awesome', 'GZIP Module', 'Google', 'Google Analytics', 'Google Cloud DNS', 'Google Font API', 'Google Tag Manager', 'Landingi', 'Render', 'TikTok Conversion Tracking Pixel', 'UTF-8']"
gwchbfoundation.com,Foundation | Golden West College,,USA,65,57225,2026-09-30T00:12:03.657320988Z,"['AWS WAF Challenge', 'Adobe Creative Cloud WebFonts', 'Apture Linking Platform', 'ByteDance', 'CrazyEgg', 'Divi', 'Elegant Themes', 'Facebook Conversion Tracking', 'Facebook Login', 'Facebook Messenger Platform', 'Facebook Pixel', 'Facebook Reseller', 'Facebook Tag API', 'Font Awesome', 'GZIP Module', 'Google Analytics', 'Google Cloud DNS', 'Google Conversion Tracking', 'Google Font API', 'Google My Business', 'Google Related Website Sites', 'Google Tag Manager', 'Instagram Follow Button', 'KVH', 'M247', 'Nginx', 'PHP', 'Theme In WP', 'TikTok Conversion Tracking Pixel', 'Twitter Ads', 'Ubuntu', 'University or College', 'Vimeo', 'WordPress', 'YouTube', 'jsDelivr']"
thesmarterboss.com,Foluke Akapo,,,52,630,2026-09-29T23:25:59.852984713Z,"['ByteDance', 'Facebook Conversion Tracking', 'Facebook Login', 'Facebook Messenger Platform', 'Facebook Pixel', 'Facebook Reseller', 'Facebook Tag API', 'Font Awesome', 'GZIP Module', 'Google', 'Google Analytics', 'Google Cloud DNS', 'Google Font API', 'Google Tag Manager', 'Landingi', 'OSS CDN', 'Pinterest Conversion Tracking', 'Render', 'TikTok Conversion Tracking Pixel', 'UTF-8']"
myqcprc.org,Queen City Pregnancy Resource Center - Free Pregnancy Tests and More,,USA,82,5147,2026-09-29T22:10:15.852119371Z,"['501c3 Status Nonprofit', 'Adobe Creative Cloud WebFonts', 'Alternate Protocol', 'Apture Linking Platform', 'ByteDance', 'CallRail', 'Content Delivery Network', 'Cornerstone', 'Divi', 'Elegant Themes', 'EmbedPress', 'Facebook Conversion Tracking', 'Facebook Login', 'Facebook Messenger Platform', 'Facebook Pixel', 'Facebook Reseller', 'Facebook Tag API', 'GTranslate', 'Google', 'Google Analytics', 'Google Cloud DNS', 'Google Font API', 'Google My Business', 'Google Related Website Sites', 'Google Tag Manager', 'Instagram Follow Button', 'Microdata for Google Shopping', 'Microsoft Clarity', 'Nginx', 'PHP', 'SmartCrawl', 'Theme In WP', 'TikTok Conversion Tracking Pixel', 'UTF-8', 'Woo Themes', 'WordPress']"
thevintagebazar.com,Home | The Vintage Bazar,The Vintage Bazar,CAN,82,9480,2026-09-29T22:10:15.848170995Z,"['Alternate Protocol', 'Apture Linking Platform', 'ByteDance', 'Content Delivery Network', 'DAV', 'ElementUI', 'Elementor', 'EmbedPress', 'Facebook Conversion Tracking', 'Facebook Login', 'Facebook Messenger Platform', 'Facebook Pixel', 'Facebook Reseller', 'Facebook Tag API', 'FiboSearch', 'Google Analytics', 'Google Related Website Sites', 'Google Tag Manager', 'Hello Elementor', 'IcoMoon', 'Instagram Follow Button', 'LiteSpeed', 'Matomo', 'Matomo Tag Manager', 'Microdata for Google Shopping', 'Nginx', 'Ntent', 'Pinterest Conversion Tracking', 'QUIC', 'Sitelinks Search Box', 'TikTok Conversion Tracking Pixel', 'TrustIndex', 'Twitter Ads', 'UTF-8', 'University or College', 'Vector Internet Services', 'WhatsApp Sharing', 'Woo Themes', 'WordPress', 'WordPress Multisite', 'YouTube', 'jQuery']"
truebluemarine.com.au,Home - True Blue Marine,True Blue Marine,AUS,77,25738,2026-09-29T21:14:27.863791422Z,"['AWS WAF Challenge', 'Agoda', 'Alternate Protocol', 'Angular', 'ByteDance', 'Cloudflare', 'Cloudflare CDN', 'Content Delivery Network', 'ElementUI', 'Elementor', 'EmbedPress', 'Express', 'Facebook Login', 'Facebook Messenger Platform', 'Facebook Pixel', 'Facebook Reseller', 'Facebook Tag API', 'Google', 'Google Analytics', 'Google Cloud DNS', 'Google Font API', 'Google My Business', 'Google Related Website Sites', 'Google Tag Manager', 'Instagram Follow Button', 'Klarna', 'Line2', 'LiteSpeed', 'Microdata for Google Shopping', 'NFOrce Internet', 'PHP', 'QUIC', 'QUIC.cloud', 'Sign In With Google', 'Sitelinks Search Box', 'Subversion', 'TikTok Conversion Tracking Pixel', 'UTF-8', 'Vector Internet Services', 'Woo Themes', 'WooCommerce Checkout', 'WooFramework', 'WordPress', 'WordPress Multisite', 'XTemos Studio']"
artanddancelab.pl,Szkoła Tańca i Fitness w Łodzi - Art And Dance Lab,,,62,20141,2026-09-29T21:14:27.838425277Z,"['AWS WAF Challenge', 'Alternate Protocol', 'ByteDance', 'Cloudflare', 'Cloudflare CDN', 'Contact Form Plugin', 'Content Delivery Network', 'CookieYes', 'Elementor', 'EmbedPress', 'Google', 'Google Analytics', 'Google Cloud DNS', 'Google Maps', 'Google My Business', 'Google Related Website Sites', 'Google Tag Manager', 'Instagram Follow Button', 'Microdata for Google Shopping', 'Nginx', 'PHP', 'Parallels Plesk Panel', 'Theme In WP', 'TikTok Conversion Tracking Pixel', 'UTF-8', 'WordPress', 'WordPress Multisite', 'jQuery', 'jsDelivr', 'reCAPTCHA']"
priscillangaca.com,Priscilla Ngaca,,,57,5630,2026-09-29T20:43:59.89970526Z,"['ByteDance', 'Facebook Conversion Tracking', 'Facebook Login', 'Facebook Messenger Platform', 'Facebook Pixel', 'Facebook Reseller', 'Facebook Tag API', 'Font Awesome', 'GZIP Module', 'Google', 'Google Analytics', 'Google Cloud DNS', 'Google Font API', 'Google Tag Manager', 'KVH', 'Landingi', 'Render', 'TikTok Conversion Tracking Pixel', 'UTF-8', 'YouTube']"
wusoccerjersey.com,wusoccerjersey,wu soccer jersey,GBR,72,17200,2026-09-29T20:43:59.840889569Z,"['17TRACK', 'Azion', 'ByteDance', 'Cloudflare', 'Express', 'Google Analytics', 'Google Conversion Tracking', 'Google My Business', 'Google Recommendations AI', 'Google Tag Manager', 'Microdata for Google Shopping', 'Ntent', 'PayPal Adaptive Payments', 'Pico CSS', 'Sign In With Google', 'Tailwind CSS', 'TikTok Conversion Tracking Pixel', 'UTF-8', 'eLand']"
baselinecarpetcare.net,Cucamonga Carpet Cleaning,,USA,72,82173,2026-09-29T19:55:52.679908574Z,"['Aruba', 'ByteDance', 'Chatbase', 'Express', 'Facebook Conversion Tracking', 'Facebook Login', 'Facebook Messenger Platform', 'Facebook Pixel', 'Facebook Reseller', 'Facebook Tag API', 'GZIP Module', 'Google Analytics', 'Google Tag Manager', 'Instagram Follow Button', 'Line2', 'Magento Enterprise', 'Microdata for Google Shopping', 'QUIC', 'SiteW', 'Squarespace', 'Subversion', 'TikTok Conversion Tracking Pixel', 'UTF-8', 'Vector Internet Services', 'WordPress SEO Structured Data Schema Plugin', 'Yelp Badge', 'eLand']"
statewidecapital.com.au,"Specialist advisory, and strategic property services | Statewide Capital",StateWide Capital,,77,3342,2026-09-29T19:43:09.329195504Z,"['Alternate Protocol', 'Amazon WAF Blocked', 'Apture Linking Platform', 'Astra Theme', 'ByteDance', 'Contact Form Plugin', 'DAV', 'Elementor', 'ElementsKit Elementor', 'EmbedPress', 'Essential Addons for Elementor', 'Financial Services Guide', 'GZIP Module', 'Google Analytics', 'Google Related Website Sites', 'Google Tag Manager', 'HappyAddons', 'Instagram Follow Button', 'Lazy Load for WordPress', 'LiteSpeed', 'Microdata for Google Shopping', 'NFOrce Internet', 'PHP', 'Parallels Plesk Panel', 'QUIC', 'Royal Elementor Addons', 'Sitelinks Search Box', 'Sticky Header Effects for Elementor', 'Table Addons for Elementor', 'TikTok Conversion Tracking Pixel', 'UTF-8', 'WP Rocket', 'Woo Themes', 'WordPress', 'WordPress Multisite']"
inkfusedcreations.com,Unique Custom T-Shirts for all | Inkfused Creations | InkFused Creations,,,62,27554,2026-09-29T18:27:56.714344603Z,"['Alternate Protocol', 'ByteDance', 'Content Delivery Network', 'Express', 'Google', 'Google Cloud DNS', 'Google Font API', 'Instagram Follow Button', 'K2F', 'Microdata for Google Shopping', 'Thank You', 'TikTok Conversion Tracking Pixel', 'Unsplash', 'Zyro']"
singletonschreiber.com,Singleton Schreiber | Fearless Advocacy,Singleton Schreiber,USA,77,41990,2026-09-29T18:27:56.67459593Z,"['Amazon', 'Amazon WAF Blocked', 'ByteDance', 'CallRail', 'ETranslate', 'Facebook Conversion Tracking', 'Facebook Login', 'Facebook Messenger Platform', 'Facebook Pixel', 'Facebook Reseller', 'Facebook Tag API', 'Fireblade', 'FormSubmit', 'GTranslate', 'GZIP Module', 'Google', 'Google Analytics', 'Google Cloud DNS', 'Google Font API', 'Google My Business', 'Google Related Website Sites', 'Google Tag Manager', 'Instagram Follow Button', 'Juvo Leads', 'Microdata for Google Shopping', 'Microsoft Clarity', 'NFOrce Internet', 'RM Education', 'Smith.ai', 'TikTok Conversion Tracking Pixel', 'Twitter Ads', 'UTF-8', 'eLand']"
archernclex.com,"NCLEX-RN Prep: CAT Exams, Q-Bank, and Live Reviews",Archer Review,,77,26287,2026-09-29T18:16:04.13994781Z,"['AWS WAF Challenge', 'App Store', 'Brevo', 'ByteDance', 'CDN JS', 'Cloudflare', 'Cloudflare CDN', 'Coming Soon Page', 'Content Delivery Network', 'Facebook Conversion Tracking', 'Facebook Login', 'Facebook Messenger Platform', 'Facebook Pixel', 'Facebook Reseller', 'Facebook Tag API', 'Freshworks Bot', 'Google', 'Google Cloud DNS', 'Google Font API', 'Google My Business', 'Google Play', 'Google Tag Manager', 'Imgix', 'Instagram Follow Button', 'Microdata for Google Shopping', 'NFOrce Internet', 'Next.js', 'OpenAI', 'Pleroma', 'Reddit Conversion Tracking', 'Tailwind CSS', 'Tapfiliate', 'TikTok Conversion Tracking Pixel', 'Twitter Ads', 'UTF-8', 'University or College', 'Vercel', 'YouTube', 'shadcn ui']"
jfxprime.com,JFX Prime - Multi Asset Trading Platform,,,50,155,2026-09-29T17:28:27.717745461Z,"['Apture Linking Platform', 'ByteDance', 'GZIP Module', 'Nginx', 'QUIC', 'TikTok Conversion Tracking Pixel', 'TradingView']"
klean-esp.com,Kitchen Smoke Perpetrator and Industrial Electrostatic Appreciators,,CHN,77,30040,2026-09-29T17:00:12.201690388Z,"['AWS WAF Challenge', 'Alternate Protocol', 'ByteDance', 'Fireblade', 'GZIP Module', 'Google Analytics', 'Google Cloud DNS', 'Google Conversion Tracking', 'Google Font API', 'Google Tag Manager', 'LinkedIn Insights', 'Microdata for Google Shopping', 'Nginx', 'Schema Plugin', 'TikTok Conversion Tracking Pixel', 'UTF-8', 'WhatsApp Sharing', 'YouTube', 'jQuery']"
newgameplusut.com,New Game Plus,,USA,45,2847,2026-09-29T16:46:27.217651249Z,"['Alternate Protocol', 'Amazon', 'Amazon CloudFront', 'ByteDance', 'CloudFront', 'ETranslate', 'Ecwid Ecommerce Shopping Cart', 'GZIP Module', 'Google Cloud DNS', 'Google Maps', 'Google My Business', 'Instagram Follow Button', 'Nginx', 'PWA', 'RM Education', 'Stripe', 'TikTok Conversion Tracking Pixel', 'Typeform', 'UTF-8', 'Unsplash', 'eLand']"
franchongdotcom.com,Fran Chong | Empower Your Music Journey Today,,,67,81996,2026-09-29T13:45:49.12471603Z,"['Apture Linking Platform', 'Aruba', 'ByteDance', 'Elfsight', 'Express', 'Facebook Login', 'Facebook Messenger Platform', 'Facebook Pixel', 'Facebook Reseller', 'Facebook Tag API', 'FormSubmit', 'GZIP Module', 'Google Analytics', 'Google Tag Manager', 'IcoMoon', 'Instagram Follow Button', 'Line2', 'Magento Enterprise', 'Microdata for Google Shopping', 'Newsletter for Wordpress', 'Parcel', 'Pico CSS', 'QUIC', 'SiteW', 'Squarespace', 'TikTok Conversion Tracking Pixel', 'UTF-8', 'Vector Internet Services', 'WordPress SEO Structured Data Schema Plugin', 'YouTube', 'eLand']"
trentsizemore.com,Trent Sizemore Photography,"Trent Sizemore Photography, LLC",,55,25805,2026-09-29T13:15:03.865221483Z,"['Aruba', 'ByteDance', 'Etsy', 'Express', 'Facebook Login', 'Facebook Messenger Platform', 'Facebook Pixel', 'Facebook Reseller', 'Facebook Tag API', 'GZIP Module', 'Helpful Crowd', 'IcoMoon', 'Instagram Follow Button', 'Line2', 'Magento Enterprise', 'Microdata for Google Shopping', 'QUIC', 'SiteW', 'Squarespace', 'TikTok Conversion Tracking Pixel', 'UTF-8', 'WordPress SEO Structured Data Schema Plugin', 'eLand']"
welbhy.com,Home - welbhy,welbhy,,67,23926,2026-09-29T13:01:42.332485873Z,"['Alternate Protocol', 'Amazon', 'ByteDance', 'Contact Form Plugin', 'Content Delivery Network', 'EmbedPress', 'Fireblade', 'GZIP Module', 'Google', 'Google Cloud DNS', 'Google Font API', 'Google Related Website Sites', 'Gtranslate for Wordpress', 'IcoMoon', 'LiteSpeed', 'Microdata for Google Shopping', 'Nginx', 'PHP', 'Perl', 'QUIC', 'Sitelinks Search Box', 'Smart Slider 3', 'Theme In WP', 'TikTok Conversion Tracking Pixel', 'UTF-8', 'WPBakery', 'Woo Themes', 'WooCommerce', 'WooCommerce Checkout', 'WooCommerce Payments', 'WordPress', 'WordPress Multisite', 'Yandex Hosting', 'eLand', 'jQuery']"
4tecgame.com,4tec Game | a Classic 3D 4-in-a-row Game Ireland,a 4-in-a-row strategy game,,67,107990,2026-09-29T10:45:17.553250824Z,"['Amazon WAF Blocked', 'Apture Linking Platform', 'ByteDance', 'Cloudflare', 'Content Delivery Network', 'Express', 'Facebook Conversion Tracking', 'Facebook Login', 'Facebook Messenger Platform', 'Facebook Pixel', 'Facebook Reseller', 'Facebook Tag API', 'Fastly', 'Fastly CDN', 'GZIP Module', 'Google Analytics', 'Google Related Website Sites', 'Google Tag Manager', 'Instagram Follow Button', 'Microdata for Google Shopping', 'NFOrce Internet', 'On The Map', 'POWr', 'PWA', 'Perl', 'QUIC', 'SMC', 'Seflow Italy', 'Sentry', 'SiteW', 'Thank You', 'TikTok Conversion Tracking Pixel', 'Twitter Ads', 'UTF-8', 'Vector Internet Services', 'Wix', 'Wix Media', 'YouTube', 'eLand', 'mlcom']"
kadodomarketplace.com,Kadodo Marketplace,,GHA,72,426,2026-09-29T10:45:17.529159929Z,"['Angular', 'ByteDance', 'CDN JS', 'Cloudflare', 'Cloudflare CDN', 'Content Delivery Network', 'Daily Deals', 'Facebook Conversion Tracking', 'Facebook Login', 'Facebook Messenger Platform', 'Facebook Pixel', 'Facebook Reseller', 'Facebook Tag API', 'Font Awesome', 'GZIP Module', 'Google Analytics', 'Google My Business', 'Google Tag Manager', 'Instagram Follow Button', 'Juicer DMP', 'LinkedIn Insights', 'Nginx', 'PHP', 'Pinterest Conversion Tracking', 'QUIC', 'Tailwind CSS', 'TikTok Conversion Tracking Pixel', 'Twitter Ads', 'Twitter Analytics', 'UTF-8', 'WoWonder', 'YouTube']"
toofarshow.com,TooFar? | A Sketch Comedy Show by Tommy Schoenith,,CAN,77,106178,2026-09-29T10:32:17.104168319Z,"['AWS WAF Challenge', 'Amazon WAF Blocked', 'Apture Linking Platform', 'ByteDance', 'Cloudflare', 'Content Delivery Network', 'Express', 'Facebook Conversion Tracking', 'Facebook Login', 'Facebook Messenger Platform', 'Facebook Pixel', 'Facebook Reseller', 'Facebook Tag API', 'Fastly', 'Fastly CDN', 'GZIP Module', 'Google Adsense', 'Google Funding Choices', 'Google Matched Content', 'Google Related Website Sites', 'Google Reseller', 'Instagram Follow Button', 'Microdata for Google Shopping', 'NFOrce Internet', 'POWr', 'PWA', 'QUIC', 'SMC', 'Seflow Italy', 'Sentry', 'Show.co', 'SiteW', 'TikTok Conversion Tracking Pixel', 'UTF-8', 'Vector Internet Services', 'Wix', 'Wix Media', 'YouTube', 'mlcom']"
skincarebytaylor.com,Home skin care skincare - Skincare by Taylor Spa Party,Skincare by Taylor,USA,77,15616,2026-09-29T09:45:44.563153498Z,"['Alternate Protocol', 'Apache', 'Apture Linking Platform', 'ByteDance', 'Cloudflare', 'Cloudflare Web Analytics', 'Elementor', 'EmbedPress', 'Essential Addons for Elementor', 'Fireblade', 'GZIP Module', 'Google Analytics', 'Google Customer Reviews', 'Google My Business', 'Google Tag Manager', 'Instagram Follow Button', 'Lazy Load for WordPress', 'MailPoet', 'Microdata for Google Shopping', 'Ntent', 'PHP', 'QUIC', 'Site Kit', 'Theme In WP', 'TikTok Conversion Tracking Pixel', 'To Top', 'Twitter Ads', 'UTF-8', 'WP Rocket', 'Woo Themes', 'WooCommerce', 'WooCommerce Checkout', 'WooCommerce Payments', 'WordPress', 'WordPress Multisite', 'jQuery']"
auroreluxe.net,Aurore Luxe – High-end luxury brand bag customization,,FRA,65,28586,2026-09-29T09:40:26.150778445Z,"['AWS WAF Challenge', 'Alternate Protocol', 'ByteDance', 'Cisco/Arrowpoint Content Service Switch', 'Cloudflare', 'Cloudflare CDN', 'Content Delivery Network', 'DAV', 'Elementor', 'EmbedPress', 'Fastly', 'Google', 'Google Cloud DNS', 'Google Font API', 'Google My Business', 'IcoMoon', 'Instagram Follow Button', 'Line2', 'LiteSpeed', 'MailPoet', 'NFOrce Internet', 'PHP', 'Perl', 'QUIC', 'QUIC.cloud', 'TikTok Conversion Tracking Pixel', 'UTF-8', 'Vercel', 'WPForms', 'Woo Themes', 'WordPress', 'WordPress Multisite', 'eLand']"
fundsbytes.com,"Get Your Personal Loan Up To $5,000 | fundsbytes.com",,,60,,2026-09-29T08:31:24.372937791Z,"['ByteDance', 'CDN JS', 'Cloudflare', 'Cloudflare CDN', 'Facebook Conversion Tracking', 'Facebook Login', 'Facebook Messenger Platform', 'Facebook Pixel', 'Facebook Reseller', 'Facebook Tag API', 'Financial Services Guide', 'GZIP Module', 'Nginx', 'QUIC', 'Subversion', 'TikTok Conversion Tracking Pixel', 'UTF-8']"
bigg.com.ua,Головна | BiGG,,UKR,75,2440,2026-09-29T08:31:24.355098514Z,"['ByteDance', 'CDN JS', 'Cloudflare', 'Cloudflare CDN', 'Facebook Conversion Tracking', 'Facebook Login', 'Facebook Messenger Platform', 'Facebook Pixel', 'Facebook Reseller', 'Facebook Tag API', 'GZIP Module', 'Google', 'Google Cloud DNS', 'Google Font API', 'Instagram Follow Button', 'Nginx', 'Tailwind CSS', 'Telegram', 'TikTok Conversion Tracking Pixel', 'UTF-8', 'jQuery', 'jsDelivr']"
wounnrt.com,wounnrt,,,50,821,2026-09-29T08:31:24.349142691Z,"['ByteDance', 'ETranslate', 'Express', 'Facebook Conversion Tracking', 'Facebook Login', 'Facebook Messenger Platform', 'Facebook Pixel', 'Facebook Reseller', 'Facebook Tag API', 'GZIP Module', 'IcoMoon', 'Line2', 'Microdata for Google Shopping', 'OpenResty', 'PHP', 'PayPal Adaptive Payments', 'Schema Plugin', 'Taboola Direct', 'Tailwind CSS', 'TikTok Conversion Tracking Pixel', 'UTF-8', 'jQuery']"
textheysam.org,Hey Sam | Mental Health Textline | Samaritans,Samaritans,USA,77,17319,2026-09-29T06:45:56.988788173Z,"['3D FlipBook', 'AWS WAF Challenge', 'Alternate Protocol', 'Autoptimize', 'ByteDance', 'Cloudflare', 'Content Delivery Network', 'DuracellTomi Google Tag Manager for WordPress', 'EmbedPress', 'Facebook CDN', 'Facebook Conversion Tracking', 'Facebook Login', 'Facebook Messenger Platform', 'Facebook Pixel', 'Facebook Reseller', 'Facebook Tag API', 'GenerateBlocks', 'Google Analytics', 'Google My Business', 'Google Tag Manager', 'Gravity Forms', 'Gutenberg Blocks by Kadence Blocks', 'Instagram Feed for WordPress', 'Instagram Follow Button', 'Microdata for Google Shopping', 'PHP', 'Popup Maker for Wordpress', 'QUIC', 'SiteW', 'The Events Calendar', 'Theme In WP', 'TikTok Conversion Tracking Pixel', 'UTF-8', 'Vimeo', 'WP Engine', 'WPFront Notification Bar', 'WordPress', 'WordPress Multisite', 'jQuery']"
villageedsolutions.com,villageedsolutions,,,40,63,2026-09-29T06:33:40.707478715Z,"['Alternate Protocol', 'ByteDance', 'Calendly', 'ConvertKit for Wordpress', 'Elementor', 'EmbedPress', 'Facebook Conversion Tracking', 'Facebook Login', 'Facebook Messenger Platform', 'Facebook Pixel', 'Facebook Reseller', 'Facebook Tag API', 'GitHub Hosting', 'Google', 'Google Analytics', 'Google Cloud CDN', 'Google Cloud DNS', 'Google Font API', 'Google Tag Manager', 'Hello Elementor', 'Instagram Follow Button', 'Jetpack', 'Klaviyo', 'Klaviyo for WordPress', 'LiteSpeed', 'PHP', 'Theme In WP', 'TikTok Conversion Tracking Pixel', 'Twitter Ads', 'UTF-8', 'Woo Themes', 'WooCommerce', 'WooCommerce Checkout', 'WordPress', 'WordPress Multisite', 'WordPress Stats', 'YouTube', 'jQuery']"
ganggaclub-app.com,GANGA CLUB — Safe and Verified Login Page for Members,,,67,9348,2026-09-29T06:17:04.047506413Z,"['Baidu Cloud', 'ByteDance', 'CDN JS', 'Cloudflare', 'Cloudflare CDN', 'Facebook CDN', 'Facebook Conversion Tracking', 'Facebook Login', 'Facebook Messenger Platform', 'Facebook Pixel', 'Facebook Reseller', 'Facebook Tag API', 'Gambling Content', 'Google Analytics', 'Google Related Website Sites', 'Google Tag Manager', 'ImageKit.io', 'LiteSpeed', 'PHP', 'QUIC', 'Tailwind CSS', 'TikTok Conversion Tracking Pixel', 'Yandex Hosting', 'jQuery', 'jsDelivr']"
academy-kravmaga.co.uk,Krav Maga Academy,,,62,17450,2026-09-29T05:02:22.739534257Z,"['AWS WAF Challenge', 'Amazon', 'Amazon CloudFront', 'Amazon Route 53', 'ByteDance', 'CloudFront', 'Content Delivery Network', 'Facebook Embedded Posts', 'GZIP Module', 'Google Analytics', 'Instagram Follow Button', 'Next.js', 'Pleroma', 'TikTok Conversion Tracking Pixel', 'UTF-8']"
shnfoundation.com,SHN Foundation | Support Scarborough Hospitals,,CAN,92,96607,2026-09-29T04:17:31.272861794Z,"['AJAX Libraries API', 'AKA Raisin', 'Alternate Protocol', 'Amazon', 'Amazon CloudFront', 'ByteDance', 'CloudFront', 'Cloudflare', 'Content Delivery Network', 'ElementUI', 'Facebook Conversion Tracking', 'Facebook Login', 'Facebook Messenger Platform', 'Facebook Pixel', 'Facebook Reseller', 'Facebook Tag API', 'Fundraise Up', 'GZIP Module', 'Google', 'Google Analytics', 'Google Cloud DNS', 'Google Font API', 'Google Tag Manager', 'IcoMoon', 'Instagram Follow Button', 'Microdata for Google Shopping', 'Newsletter for Wordpress', 'O2MC Dimml', 'SMC', 'Tailwind CSS', 'TikTok Conversion Tracking Pixel', 'UTF-8', 'University or College', 'Vector Internet Services', 'WF Cookie Consent', 'YouTube', 'jsDelivr', 'reCAPTCHA']"
meskieopowiesci.pl,Męskie Opowieści,,POL,82,,2026-09-29T03:18:09.422983432Z,"['ByteDance', 'Facebook Login', 'Facebook Messenger Platform', 'Facebook Pixel', 'Facebook Reseller', 'Facebook Tag API', 'GZIP Module', 'Google Analytics', 'Google Tag Manager', 'Next.js', 'OpenResty', 'Tailwind CSS', 'TikTok Conversion Tracking Pixel']"
empire.edu,Empire Beauty School | Cosmetology Schools | Hair Schools,,USA,77,55483,2026-09-29T03:18:09.408735399Z,"['Alternate Protocol', 'Apache', 'Autoptimize', 'BlankSlate', 'Bulma', 'ByteDance', 'CDN JS', 'Cloudflare', 'Cloudflare CDN', 'Cornerstone Platform', 'CrazyEgg', 'Elfsight', 'EmbedPress', 'Font Awesome', 'GZIP Module', 'Google', 'Google Analytics', 'Google Cloud DNS', 'Google Font API', 'Google Tag Manager', 'HubSpot Conversations', 'Hubspot', 'Imgix', 'Inspectlet', 'Microdata for Google Shopping', 'PHP', 'QUIC', 'Theme In WP', 'TikTok Conversion Tracking Pixel', 'Twitter Ads', 'USAePay', 'UTF-8', 'Ubuntu', 'University or College', 'W3 Total Cache', 'WordPress', 'WordPress Multisite', 'YouTube', 'jQuery', 'jsDelivr']"
workpro.com.au,WorkPro | Workforce Compliance | Background & Nationally Coordinated Criminal History Checks (NCCHC),,USA,82,159775,2026-09-29T03:03:41.240140448Z,"['Alternate Protocol', 'Amazon CloudFront', 'ByteDance', 'CDN JS', 'CloudFront', 'Cloudflare', 'Cloudflare CDN', 'Cornerstone', 'DAV', 'Duda', 'Express', 'Facebook Conversion Tracking', 'Facebook Login', 'Facebook Messenger Platform', 'Facebook Pixel', 'Facebook Reseller', 'Facebook Tag API', 'Freshworks CRM', 'GA Connector', 'GZIP Module', 'Google Analytics', 'Google Related Website Sites', 'Google Tag Manager', 'Microdata for Google Shopping', 'Nginx', 'QUIC', 'Salesforce Hosted', 'Tailwind CSS', 'TikTok Conversion Tracking Pixel', 'Twitter Ads', 'UTF-8', 'Vector Internet Services', 'YouTube']"
resultsdigital.org,Digital Marketing | Results Digital,Results Digital,USA,57,28096,2026-09-29T02:34:34.691373743Z,"['Amazon WAF Blocked', 'Apture Linking Platform', 'ByteDance', 'Cloudflare', 'Content Delivery Network', 'DC74', 'Express', 'Facebook Conversion Tracking', 'Facebook Login', 'Facebook Messenger Platform', 'Facebook Pixel', 'Facebook Reseller', 'Facebook Tag API', 'Fastly', 'Fastly CDN', 'GZIP Module', 'Google Analytics', 'Google Conversion Tracking', 'Google Related Website Sites', 'Google Tag Manager', 'Instagram Follow Button', 'Microdata for Google Shopping', 'Microsoft Clarity', 'NFOrce Internet', 'PWA', 'QUIC', 'SMC', 'Seflow Italy', 'Sentry', 'SiteW', 'TikTok Conversion Tracking Pixel', 'UTF-8', 'Vector Internet Services', 'Wix', 'Wix Media', 'mlcom']"
mudafy.ai,Mudafy | AI Photo Editing for Real Estate,,,62,240,2026-09-29T01:34:16.458014369Z,"['ByteDance', 'Content Delivery Network', 'Google Analytics', 'Google Tag Manager', 'Instagram Follow Button', 'Next.js', 'Tailwind CSS', 'TikTok Conversion Tracking Pixel', 'UTF-8', 'Vercel', 'YouTube', 'shadcn ui']"
curvesstudios.co.uk,Boudoir Photography Manchester - Curves Photography Studios.,Curves Photography Studios,GBR,77,76841,2026-09-29T00:53:48.239477928Z,"['Adobe Creative Cloud WebFonts', 'Adult Content', 'Alternate Protocol', 'Apture Linking Platform', 'Aruba', 'ByteDance', 'Express', 'Facebook Customer Chat SDK', 'Facebook Login', 'Facebook Messenger Platform', 'Facebook Pixel', 'Facebook Reseller', 'Facebook Tag API', 'GZIP Module', 'Google Analytics', 'Google Cloud DNS', 'Google Font API', 'Google Tag Manager', 'IcoMoon', 'Impact', 'Instagram Follow Button', 'Line2', 'Magento Enterprise', 'Microdata for Google Shopping', 'QUIC', 'ShareThis', 'SiteW', 'Squarespace', 'TikTok Conversion Tracking Pixel', 'UTF-8', 'WordPress SEO Structured Data Schema Plugin', 'eLand']"
premiumelite.shop,Premiumelite | Digital Products,,,52,17723,2026-09-28T23:16:13.912261373Z,"['3 Products', 'Alternate Protocol', 'Amazon WAF Blocked', 'Apture Linking Platform', 'ByteDance', 'Content Delivery Network', 'DAV', 'Ektron', 'Express', 'Facebook CDN', 'Facebook Reseller', 'Fireblade', 'FormSubmit', 'Google', 'Google Analytics', 'Google Cloud DNS', 'Google Font API', 'Google Maps', 'Google My Business', 'Google Tag Manager', 'Klarna', 'Next.js', 'Pleroma', 'QUIC', 'Stripe', 'Tailwind CSS', 'Thank You', 'TikTok Conversion Tracking Pixel', 'UTF-8', 'Vercel', 'eLand', 'shadcn ui']"
hmecompanies.com,"HME Inc - Your trusted partner for steel design, fabrication, and erection.",,ZAF,77,103407,2026-09-28T21:51:55.906549032Z,"['Alternate Protocol', 'BJ Lazy Load for WordPress', 'ByteDance', 'CDN JS', 'Cloudflare', 'Cloudflare CDN', 'CoBlocks', 'Coming Soon Page', 'Contact Form Plugin', 'Content Delivery Network', 'Contento', 'DAV', 'EmbedPress', 'Federal Deposit Insurance Corporation', 'Font Awesome', 'FreeCSSTemplates', 'GoDaddy', 'Google Analytics', 'Google Cloud DNS', 'Google Font API', 'Google My Business', 'Google Tag Manager', 'Gutenberg Blocks by Kadence Blocks', 'IcoMoon', 'Instagram Follow Button', 'K2F', 'KVH', 'LinkedIn Insights', 'LinkedIn Pixel', 'LiteSpeed', 'Meta Slider for WordPress', 'Microdata for Google Shopping', 'MonsterInsights', 'OnlineWebFonts', 'Onyx Internet', 'PHP', 'Page scroll to id', 'Popup Maker for Wordpress', 'Smart Slider 3', 'Theme In WP', 'TikTok Conversion Tracking Pixel', 'UTF-8', 'Vector Internet Services', 'Vimeo', 'Virtue Premium', 'Wangsu', 'WordPress', 'WordPress Multisite', 'a3 Lazy Load', 'eLand', 'jQuery', 'reCAPTCHA']"
croix-de-coeur.ch,La Croix-de-Coeur | High altitude restaurant,,CHE,87,203084,2026-09-28T21:44:06.065443227Z,"['Alternate Protocol', 'Apache', 'ByteDance', 'Cookie Information', 'DAV', 'Fastly', 'Financial Services Guide', 'GZIP Module', 'GitHub Hosting', 'Google Analytics', 'Google Tag Manager', 'HHVM', 'K2F', 'KVH', 'Microdata for Google Shopping', 'No-Q', 'PWA', 'QUIC', 'SMC', 'Subversion', 'Tailwind CSS', 'The Fresh', 'TikTok Conversion Tracking Pixel', 'UTF-8', 'Unix', 'iGoDigital']"
physiotherapy-mississauga.com,Therapic Physiotherapy Clinic | Top Physiotherapy Clinic | Best Physiotherapy Near You,,CAN,77,153855,2026-09-28T20:28:40.528510889Z,"['Alternate Protocol', 'Amazon WAF Blocked', 'Apture Linking Platform', 'ByteDance', 'Content Delivery Network', 'DAV', 'Express', 'Facebook Pixel', 'Facebook Tag API', 'Fastly', 'Fastly CDN', 'GZIP Module', 'Google Analytics', 'Google Conversion Tracking', 'Google Customer Reviews', 'Google Related Website Sites', 'Google Tag Manager', 'Instagram Follow Button', 'K2F', 'KVH', 'Microdata for Google Shopping', 'NFOrce Internet', 'No-Q', 'On The Map', 'POWr', 'PWA', 'Perl', 'QUIC', 'SMC', 'Seflow Italy', 'Sentry', 'SiteW', 'Sitelinks Search Box', 'Subversion', 'Thank You', 'TikTok Conversion Tracking Pixel', 'UTF-8', 'Vector Internet Services', 'VocalReferences', 'WP Booking Calendar', 'Wix', 'Wix Media', 'WordPress Related Posts', 'YouTube', 'mlcom']"
mikekuster.net,Mike Kuster – Authentic Country Storytelling from the Heart of Small-Town America,,,67,20416,2026-09-28T20:00:25.243047972Z,"['AWS WAF Challenge', 'Alternate Protocol', 'Apture Linking Platform', 'Automattic', 'ByteDance', 'Cloudflare', 'Cloudflare CDN', 'Content Delivery Network', 'Creative Mail by Constant Contact', 'ElementUI', 'EmbedPress', 'Express', 'Facebook Conversion Tracking', 'Facebook Login', 'Facebook Messenger Platform', 'Facebook Pixel', 'Facebook Reseller', 'Facebook Tag API', 'Google', 'Google Cloud DNS', 'Google Font API', 'Google My Business', 'IcoMoon', 'Instagram Follow Button', 'Jetpack', 'Jetpack Site Accelerator', 'LiteSpeed', 'NFOrce Internet', 'PHP', 'PayPal', 'Share Link', 'ShareThis', 'Theme In WP', 'TikTok Conversion Tracking Pixel', 'UTF-8', 'Woo Themes', 'WooCommerce Payments', 'WordPress', 'WordPress Multisite', 'WordPress Stats', 'YouTube', 'eLand', 'jQuery']"
luxe-span.com,Stretch Ceilings in Pattaya & Chonburi — LuxeSpan | Premium Installation,LuxeSpan,THA,87,27436,2026-09-28T19:49:06.269376447Z,"['ADFOX', 'Alternate Protocol', 'ByteDance', 'Cloudflare', 'Cloudflare CDN', 'Facebook Conversion Tracking', 'Facebook Login', 'Facebook Messenger Platform', 'Facebook Pixel', 'Facebook Reseller', 'Facebook Tag API', 'Fireblade', 'FormSubmit', 'Google', 'Google Analytics', 'Google Cloud DNS', 'Google Font API', 'Google My Business', 'Google Tag Manager', 'Microdata for Google Shopping', 'NFOrce Internet', 'Telegram', 'TikTok Conversion Tracking Pixel', 'Yandex Hosting', 'Yandex Metrika']"
dezstore.com,"Piese de camion noi si second hand Stroiesti, Suceava, Romania - MAN, DAF, MERCEDES, VOLVO, SCANIA, RENAULT, IVECO",,IND,82,2400,2026-09-28T19:36:29.598801198Z,"['ByteDance', 'GZIP Module', 'Google Analytics', 'Google Tag Manager', 'Instagram Follow Button', 'Microdata for Google Shopping', 'QUIC', 'TikTok Conversion Tracking Pixel', 'UTF-8', 'Yandex Hosting', 'YouTube']"
tampanianprints.com,Tampanian Prints,,USA,75,18407,2026-09-28T18:03:04.539936864Z,"['AWS WAF Challenge', 'Alternate Protocol', 'Apache', 'ByteDance', 'Cloudflare', 'Cloudflare CDN', 'Content Delivery Network', 'Divi', 'Elegant Themes', 'EmbedPress', 'GZIP Module', 'Google', 'Google Cloud CDN', 'Google Cloud DNS', 'Google Font API', 'Google My Business', 'Instagram Follow Button', 'Line2', 'PHP', 'Perl', 'QUIC', 'SiteW', 'SiteWit', 'Theme In WP', 'TikTok Conversion Tracking Pixel', 'UTF-8', 'Variation Swatches for WooCommerce', 'Woo Themes', 'WooCommerce', 'WooCommerce Checkout', 'WooCommerce Payments', 'WordPress', 'WordPress Multisite', 'jQuery']"
longcreekmarketing.com,Your Site Title | Grow Your Agriculture Business Today,,,67,75973,2026-09-28T13:19:11.235099315Z,"['Apture Linking Platform', 'Aruba', 'Better Lead Generation Services', 'ByteDance', 'Express', 'Facebook Conversion Tracking', 'Facebook Login', 'Facebook Messenger Platform', 'Facebook Pixel', 'Facebook Reseller', 'Facebook Tag API', 'GZIP Module', 'Instagram Follow Button', 'Line2', 'Magento Enterprise', 'Microdata for Google Shopping', 'QUIC', 'SiteW', 'Squarespace', 'TikTok Conversion Tracking Pixel', 'Twitter Ads', 'UTF-8', 'WordPress SEO Structured Data Schema Plugin', 'eLand']"
mailsweeper.co,MailSweeper — Automatic Gmail Cleaner | Tidy. Happy. Email.,,,62,59068,2026-09-28T12:24:28.912256248Z,"['AWS WAF Challenge', 'Apture Linking Platform', 'ByteDance', 'Cloudflare', 'Cloudflare CDN', 'Content Delivery Network', 'Crisp', 'DoubleClick Bid Manager', 'Facebook Conversion Tracking', 'Facebook Login', 'Facebook Messenger Platform', 'Facebook Pixel', 'Facebook Reseller', 'Facebook Tag API', 'Google Analytics', 'Google My Business', 'Google Tag Manager', 'Instagram Follow Button', 'NFOrce Internet', 'QUIC', 'Rewardful', 'Stripe', 'Tailwind CSS', 'TikTok Conversion Tracking Pixel', 'Twitter Ads', 'Twitter Analytics', 'UTF-8', 'Vercel', 'Vignette OpenText', 'YouTube', 'shadcn ui']"
adnocabudhabimarathon.com,ADNOC ABU DHABI MARATHON 2026 - ADNOC Abu Dhabi Marathon,ADNOC Abu Dhabi Marathon,,77,18207,2026-09-28T11:00:11.484654624Z,"['AWS WAF Challenge', 'Alternate Protocol', 'App Store', 'ByteDance', 'Divi', 'Elegant Themes', 'EmbedPress', 'Facebook Conversion Tracking', 'Facebook Login', 'Facebook Messenger Platform', 'Facebook Pixel', 'Facebook Reseller', 'Facebook Tag API', 'GZIP Module', 'Google', 'Google Analytics', 'Google Cloud DNS', 'Google Font API', 'Google My Business', 'Google Play', 'Google Tag Manager', 'Instagram Follow Button', 'Iubenda', 'Microdata for Google Shopping', 'Nginx', 'PHP', 'Tailwind CSS', 'Theme In WP', 'TikTok Conversion Tracking Pixel', 'Twitter Ads', 'UTF-8', 'Vimeo', 'WordPress', 'WordPress Multisite', 'jQuery']"
gosshirt.com,Home - Gosshirt,,USA,80,1993,2026-09-28T11:00:11.483711704Z,"['Alternate Protocol', 'ByteDance', 'CDN JS', 'Cloudflare', 'Cloudflare CDN', 'Contact Form Plugin', 'Content Delivery Network', 'DAV', 'EmbedPress', 'FiboSearch', 'Flatsome', 'GZIP Module', 'Google Analytics', 'Google Cloud DNS', 'Google Cloud Storage', 'Google Font API', 'Google Tag Manager', 'IcoMoon', 'LiteSpeed', 'Microdata for Google Shopping', 'PHP', 'PixelYourSite', 'QUIC', 'Sitelinks Search Box', 'Theme In WP', 'TikTok Conversion Tracking Pixel', 'UTF-8', 'Woo Themes', 'WooCommerce', 'WooCommerce Checkout', 'WordPress', 'WordPress Multisite', 'jQuery', 'jsDelivr']"
riyadhluxurylive.com,Riyadh Luxury,,SAU,65,2045,2026-09-28T10:21:49.97016791Z,"['Alternate Protocol', 'ByteDance', 'CDN JS', 'Cloudflare', 'Cloudflare CDN', 'Coming Soon Page', 'Contact Form Plugin', 'ElementUI', 'Elementor', 'EmbedPress', 'Font Awesome', 'Google Analytics', 'Google Cloud DNS', 'Google Font API', 'Google Tag Manager', 'Hello Elementor', 'LiteSpeed', 'NFOrce Internet', 'PHP', 'Polylang', 'QUIC', 'Theme In WP', 'TikTok Conversion Tracking Pixel', 'UTF-8', 'WordPress', 'WordPress Multisite', 'jQuery']"
smartcloudtax.com,SmartCloud Tax | Seattle CPA Firm,SmartCloud CPAs,USA,87,168203,2026-09-28T09:27:26.721226324Z,"['AWS WAF Challenge', 'Alternate Protocol', 'Amazon WAF Blocked', 'Apture Linking Platform', 'ByteDance', 'Cloudflare', 'Content Delivery Network', 'DAV', 'Express', 'Fastly', 'Fastly CDN', 'Fireblade', 'GZIP Module', 'Google Analytics', 'Google My Business', 'Google Related Website Sites', 'Google Tag Manager', 'Instagram Follow Button', 'K2F', 'KVH', 'LinkedIn Insights', 'LinkedIn Pixel', 'Metricool', 'Microdata for Google Shopping', 'NFOrce Internet', 'POWr', 'PWA', 'Perl', 'QUIC', 'SMC', 'Seflow Italy', 'Sentry', 'SiteW', 'Subversion', 'Thank You', 'TikTok Conversion Tracking Pixel', 'Twitter Ads', 'Twitter Analytics', 'UTF-8', 'Vector Internet Services', 'WP Booking Calendar', 'Wix', 'Wix Media', 'Yandex Hosting', 'YouTube', 'eLand', 'mlcom']"
thechilledbutter.com,Chilled Butter Scheduling Software,Chilled Butter,USA,92,26534,2026-09-28T08:52:23.590911456Z,"['AWS WAF Challenge', 'Alternate Protocol', 'ByteDance', 'Cloudflare', 'Content Delivery Network', 'Divi', 'Elegant Themes', 'EmbedPress', 'Google', 'Google Analytics', 'Google Cloud CDN', 'Google Cloud DNS', 'Google Font API', 'Google Tag Manager', 'Instagram Follow Button', 'Metronet Profile Picture', 'Microdata for Google Shopping', 'Monster', 'OptinMonster', 'PHP', 'Perl', 'QUIC', 'Sitelinks Search Box', 'Theme In WP', 'TikTok Conversion Tracking Pixel', 'UTF-8', 'WP Engine', 'Woo Themes', 'WordPress', 'WordPress Multisite', 'eLand', 'jQuery']"
sudglass.ro,Pergole Moderne & Produse Top Din Sticla Securizata | Sud Glass,Sud Glass,ROU,82,104115,2026-09-28T07:55:11.004539632Z,"['Alternate Protocol', 'ByteDance', 'DAV', 'Divi', 'Elegant Themes', 'EmbedPress', 'Financial Services Guide', 'GZIP Module', 'Google Analytics', 'Google Cloud DNS', 'Google Font API', 'Google Related Website Sites', 'Google Tag Manager', 'Idaq', 'K2F', 'KVH', 'LoftLoader', 'Microdata for Google Shopping', 'No-Q', 'PHP', 'PixelYourSite', 'SMC', 'Subversion', 'Theme In WP', 'TikTok Conversion Tracking Pixel', 'UTF-8', 'Vector Internet Services', 'Woo Themes', 'WordPress', 'WordPress Multisite', 'jQuery']"
thetrunk.co.uk,HOME | Hair Trunk,,IND,65,207847,2026-09-28T05:49:20.240573427Z,"['Alternate Protocol', 'Amazon WAF Blocked', 'Apture Linking Platform', 'ByteDance', 'Cloudflare', 'Content Delivery Network', 'Contento', 'DAV', 'Express', 'Fastly', 'Fastly CDN', 'Fireblade', 'FormSubmit', 'GZIP Module', 'Instagram Follow Button', 'M247', 'Microdata for Google Shopping', 'NFOrce Internet', 'No-Q', 'ON24', 'On The Map', 'PWA', 'Parcel', 'Perl', 'Pico CSS', 'QUIC', 'SMC', 'Seflow Italy', 'Sentry', 'SiteW', 'Thank You', 'TikTok Conversion Tracking Pixel', 'UTF-8', 'Vector Internet Services', 'WP Booking Calendar', 'Wix', 'Wix Media', 'mlcom']"
realtorjohnwagner.com,John Wagner | Northeast LA Realtor® & ADU Specialist,John Wagner - Compass Pasadena,USA,72,79669,2026-09-28T05:39:22.713529495Z,"['Aruba', 'ByteDance', 'Express', 'Facebook Conversion Tracking', 'Facebook Login', 'Facebook Messenger Platform', 'Facebook Pixel', 'Facebook Reseller', 'Facebook Tag API', 'FormSubmit', 'GZIP Module', 'Google Analytics', 'Google Tag Manager', 'Homes.com CMS', 'Instagram Follow Button', 'Line2', 'Magento Enterprise', 'Microdata for Google Shopping', 'QUIC', 'SiteW', 'Squarespace', 'TikTok Conversion Tracking Pixel', 'UTF-8', 'University or College', 'WordPress SEO Structured Data Schema Plugin', 'Yelp Badge', 'YouTube', 'eLand']"
sufixtechteam.com,Sufix Tech : Empowering Businesses with Innovative Technology,Sufix Tech,GBR,77,17004,2026-09-28T05:24:45.33406815Z,"['AWS WAF Challenge', 'Agoda', 'Alternate Protocol', 'Better Lead Generation Services', 'ByteDance', 'CDN JS', 'CleanTalk Spam Protect', 'Cloudflare', 'Cloudflare CDN', 'Content Delivery Network', 'DAV', 'Elementor', 'ElementsKit Elementor', 'EmbedPress', 'Essential Addons for Elementor', 'Google Analytics', 'Google Tag Manager', 'Hello Elementor', 'IcoMoon', 'Instagram Follow Button', 'Jeg Elementor Kit', 'Line2', 'LiteSpeed', 'Metform Elemento', 'Microdata for Google Shopping', 'Microsoft Clarity', 'PHP', 'QUIC', 'QUIC.cloud', 'Table Addons for Elementor', 'Theme In WP', 'TikTok Conversion Tracking Pixel', 'UTF-8', 'Vimeo', 'Woo Themes', 'WordPress', 'WordPress Multisite', 'YouTube']"
squigglesprout.com,SQUIGGLESPROUT – Be captivated.,,,62,1867,2026-09-28T04:05:07.316970274Z,"['Alternate Protocol', 'ByteDance', 'EmbedPress', 'Font Awesome', 'GetResponse', 'Google Cloud DNS', 'Google Font API', 'IcoMoon', 'Instagram Follow Button', 'Nginx', 'PHP', 'Pleroma', 'Theme In WP', 'TikTok Conversion Tracking Pixel', 'Twitter Ads', 'UTF-8', 'Unyson', 'Woo Themes', 'WordPress', 'WordPress Multisite', 'YouTube', 'jQuery']"
thedieselclub.co.uk,The Diesel Club || Members-Only Fuel Discount Card,The Diesel Club,GBR,92,3487,2026-09-28T03:52:26.086598459Z,"['App Store', 'Bulma', 'ByteDance', 'CDN JS', 'Cloudflare', 'Cloudflare CDN', 'Facebook Conversion Tracking', 'Facebook Login', 'Facebook Messenger Platform', 'Facebook Pixel', 'Facebook Reseller', 'Facebook Tag API', 'Font Awesome', 'GZIP Module', 'Google', 'Google Analytics', 'Google Cloud DNS', 'Google Font API', 'Google My Business', 'Google Play', 'Google Tag Manager', 'Microdata for Google Shopping', 'Microsoft Clarity', 'Nginx', 'Reddit Conversion Tracking', 'TikTok Conversion Tracking Pixel', 'UTF-8', 'Ubuntu', 'Zendesk Guide', 'jsDelivr']"
getsoma.xyz,Easiest Way Bulk Launch Facebook Ads | Soma AI,,,62,24992,2026-09-28T03:52:26.064838277Z,"['ByteDance', 'Cloudflare', 'Content Delivery Network', 'Factors.ai', 'Fireblade', 'Google Analytics', 'Google Tag Manager', 'Next.js', 'OpenAI', 'QUIC', 'Radix UI', 'Tailwind CSS', 'TikTok Conversion Tracking Pixel', 'UTF-8']"
ieducationltd.co.uk,Best Educational Consultant London | iEducation Ltd - Study in UK,,,82,1875,2026-09-28T02:33:45.892278378Z,"['Alternate Protocol', 'ByteDance', 'Elementor', 'ElementsKit Elementor', 'EmbedPress', 'Facebook Conversion Tracking', 'Facebook Login', 'Facebook Messenger Platform', 'Facebook Pixel', 'Facebook Reseller', 'Facebook Tag API', 'GZIP Module', 'Google Analytics', 'Google Cloud DNS', 'Google Font API', 'Google Tag Manager', 'Hello Elementor', 'Instagram Follow Button', 'Microdata for Google Shopping', 'NFOrce Internet', 'PHP', 'Qi Addons For Elementor', 'Sitelinks Search Box', 'Tailwind CSS', 'TikTok Conversion Tracking Pixel', 'UTF-8', 'University or College', 'WhatsApp Sharing', 'WordPress', 'WordPress Multisite', 'jQuery']"
whistle.movie,Whistle | Official Website | February 06 2026,,,62,16094,2026-09-27T23:57:56.313261948Z,"['Adobe Creative Cloud WebFonts', 'Alternate Protocol', 'Amazon', 'Amazon CloudFront', 'Amazon Route 53', 'Amazon S3 CDN', 'Amazon Widgets', 'Apture Linking Platform', 'Asana', 'BLR', 'ByteDance', 'CloudFront', 'Coming Soon Page', 'Content Delivery Network', 'DAV', 'Facebook Login', 'Facebook Messenger Platform', 'Facebook Pixel', 'Facebook Reseller', 'FormSubmit', 'GZIP Module', 'Google Analytics', 'Google My Business', 'Google Play', 'Google Tag Manager', 'Instagram Follow Button', 'Microdata for Google Shopping', 'QUIC', 'Telegram', 'TikTok Conversion Tracking Pixel', 'Tumblr', 'Twitter Ads', 'Twitter Analytics', 'UTF-8', 'WhatsApp Sharing', 'WordPress SEO Structured Data Schema Plugin', 'YouTube', 'eLand']"
eraport.bg,eraport.bg,,,40,10828,2026-09-27T23:52:26.15094908Z,"['Alternate Protocol', 'ByteDance', 'Contact Form Plugin', 'Content Delivery Network', 'Contento', 'DAV', 'EmbedPress', 'Facebook Login', 'Facebook Messenger Platform', 'Facebook Pixel', 'Facebook Reseller', 'Facebook Tag API', 'Fastly', 'GZIP Module', 'Google Analytics', 'Google Cloud DNS', 'Google Font API', 'Google Related Website Sites', 'Google Tag Manager', 'IcoMoon', 'Instagram Follow Button', 'Microsoft Clarity', 'Muffin Group', 'Nginx', 'PHP', 'QUIC', 'Theme In WP', 'TikTok Conversion Tracking Pixel', 'UTF-8', 'Woo Themes', 'WordPress', 'WordPress Multisite', 'jQuery']"
setynon.com,Setynon,,,57,630,2026-09-27T23:36:14.088591919Z,"['ByteDance', 'CDN JS', 'Cloudflare', 'Cloudflare CDN', 'Font Awesome', 'GZIP Module', 'Google', 'Google Analytics', 'Google Cloud DNS', 'Google Font API', 'Google Tag Manager', 'Landingi', 'QUIC', 'Render', 'TikTok Conversion Tracking Pixel', 'UTF-8']"
dogdads.com,Dog Dads Supply Co. | Built For The Bond,,,62,81936,2026-09-27T20:12:36.605637925Z,"['Adobe Creative Cloud WebFonts', 'Aruba', 'ByteDance', 'Coming Soon Page', 'Express', 'Facebook Login', 'Facebook Messenger Platform', 'Facebook Pixel', 'Facebook Reseller', 'Facebook Tag API', 'FormSubmit', 'GZIP Module', 'Google Analytics', 'Google Tag Manager', 'IcoMoon', 'Instagram Follow Button', 'Line2', 'Magento Enterprise', 'Microdata for Google Shopping', 'QUIC', 'SiteW', 'Squarespace', 'TikTok Conversion Tracking Pixel', 'UTF-8', 'Vector Internet Services', 'WordPress SEO Structured Data Schema Plugin', 'eLand']"
alkalineway.co.uk,Shop Vegan Supplements | Alkaline Way | Organic & Holistic Products,Alkaline Way,,77,183171,2026-09-27T20:05:59.280018892Z,"['Alternate Protocol', 'Amazon WAF Blocked', 'Apture Linking Platform', 'ByteDance', 'Cloudflare', 'Content Delivery Network', 'DAV', 'DC74', 'Express', 'Facebook CDN', 'Fastly', 'Fastly CDN', 'Financial Services Guide', 'GZIP Module', 'Google Related Website Sites', 'Instagram Follow Button', 'K2F', 'KVH', 'Microdata for Google Shopping', 'NFOrce Internet', 'No-Q', 'ON24', 'PWA', 'Perl', 'Pico CSS', 'QUIC', 'SMC', 'Seflow Italy', 'Sentry', 'SiteW', 'Subversion', 'Thank You', 'TikTok Conversion Tracking Pixel', 'Trustpilot Reviews for WordPress', 'UTF-8', 'Vector Internet Services', 'WP Booking Calendar', 'Wix', 'Wix Media', 'XiSearch', 'mlcom']"
asalbaladi.com,Asal Baladi | BEST Pure Raw Honey,,,67,3227,2026-09-27T20:05:59.266311389Z,"['3 Products', 'Alternate Protocol', 'Amazon', 'Amazon CloudFront', 'ByteDance', 'CloudFront', 'Ecwid Ecommerce Shopping Cart', 'Express', 'GZIP Module', 'Google Cloud DNS', 'Google Maps', 'Google My Business', 'Instagram Follow Button', 'Nginx', 'PWA', 'QUIC', 'Stripe', 'TikTok Conversion Tracking Pixel', 'Twitter Ads', 'UTF-8', 'Unsplash', 'eLand']"
iftishop.com,Online Shopping | Smart Gadgets & Home Decor | Ifti Shop,iftishop.com,USA,77,11856,2026-09-27T18:52:43.553117455Z,"['Alternate Protocol', 'Aruba', 'ByteDance', 'DAV', 'EmbedPress', 'Facebook Conversion Tracking', 'Facebook Login', 'Facebook Messenger Platform', 'Facebook Pixel', 'Facebook Reseller', 'Facebook Tag API', 'GZIP Module', 'Google', 'Google Adsense', 'Google Analytics', 'Google Cloud DNS', 'Google Font API', 'Google Funding Choices', 'Google Matched Content', 'Google My Business', 'Google Related Website Sites', 'Google Reseller', 'Google Tag Manager', 'Gravity', 'IcoMoon', 'Instagram Follow Button', 'Investor Relations', 'Kitco', 'MailChimp', 'Microdata for Google Shopping', 'Microsoft Clarity', 'Newsletter for Wordpress', 'Nginx', 'Ntent', 'PHP', 'QUIC', 'Sign In With Google', 'Site Kit', 'Sitelinks Search Box', 'Theme In WP', 'TikTok Conversion Tracking Pixel', 'Twitter Ads', 'UTF-8', 'Vimeo', 'WordPress', 'WordPress Multisite', 'Yandex Hosting', 'Yelp Badge', 'YouTube', 'eLand', 'jQuery']"
czsenjehb.com,Filter Press Machine Manufacturer China | Senjie,"Changzhou Senjie Environmental Equipment Co., Ltd.",CHN,87,18318,2026-09-27T18:38:11.363863048Z,"['Agoda', 'Alternate Protocol', 'Blocksy', 'ByteDance', 'CDN JS', 'Cloudflare', 'Cloudflare CDN', 'Content Delivery Network', 'Elementor', 'EmbedPress', 'Facebook Login', 'Facebook Messenger Platform', 'Facebook Pixel', 'Facebook Reseller', 'Facebook Tag API', 'Fireblade', 'Google Analytics', 'Google Related Website Sites', 'Google Tag Manager', 'Lazy Load for WordPress', 'Line2', 'LiteSpeed', 'Microdata for Google Shopping', 'NFOrce Internet', 'Oxygen Builder', 'PHP', 'QUIC', 'QUIC.cloud', 'Sitelinks Search Box', 'TikTok Conversion Tracking Pixel', 'UTF-8', 'Woo Themes', 'WordPress', 'WordPress Multisite', 'YouTube']"
peryhome.pl,Strona Główna - PeryHome,PeryHome,POL,85,46848,2026-09-27T18:34:03.222114486Z,"['AWS WAF Challenge', 'Alternate Protocol', 'ByteDance', 'Cloudflare', 'Cloudflare CDN', 'Coming Soon Page', 'Complianz', 'Contact Form Plugin', 'Content Delivery Network', 'Ektron', 'Elementor', 'EmbedPress', 'Google', 'Google Analytics', 'Google Cloud CDN', 'Google Cloud DNS', 'Google Font API', 'Google My Business', 'Google Related Website Sites', 'Google Tag Manager', 'Instagram Follow Button', 'Jetpack', 'LiteSpeed', 'MailChimp for WordPress', 'Microdata for Google Shopping', 'NFOrce Internet', 'PHP', 'QUIC', 'Site Kit', 'Slider Revolution', 'Theme In WP', 'TikTok Conversion Tracking Pixel', 'UTF-8', 'Woo Themes', 'WooCommerce', 'WooCommerce Checkout', 'WordPress', 'WordPress Multisite', 'WordPress Related Posts', 'WordPress Stats', 'jQuery', 'reCAPTCHA']"
kico.my,Home - Baby Kico,Baby Kico,,62,21014,2026-09-27T17:21:43.456352212Z,"['AWS WAF Challenge', 'Alternate Protocol', 'Astra Theme', 'ByteDance', 'Cloudflare', 'Cloudflare CDN', 'Content Delivery Network', 'DAV', 'Elementor', 'EmbedPress', 'Essential Addons for Elementor', 'Essential Blocks for Gutenberg', 'Express', 'Google', 'Google Cloud DNS', 'Google Font API', 'Google Maps', 'Google My Business', 'Instagram Follow Button', 'Line2', 'LiteSpeed', 'Max Mega Menu Pro', 'Microdata for Google Shopping', 'NFOrce Internet', 'Ntent', 'Perl', 'Popup Maker for Wordpress', 'QUIC', 'QUIC.cloud', 'Sitelinks Search Box', 'Smart Slider 3', 'Table Addons for Elementor', 'Tawk', 'TikTok Conversion Tracking Pixel', 'TrustIndex', 'UTF-8', 'Woo Themes', 'WooCommerce', 'WooCommerce Checkout', 'WooLentor', 'WordPress', 'WordPress Multisite', 'WordPress Related Posts', 'YouTube', 'eLand']"
flavoredprints.com,FlavoredPrints,,VEN,55,1180,2026-09-27T16:40:53.508835364Z,"['Amazon WAF Blocked', 'Apture Linking Platform', 'ByteDance', 'Checkout.com', 'Cisco/Arrowpoint Content Service Switch', 'Coming Soon Page', 'Content Delivery Network', 'Express', 'Google My Business', 'Google Related Website Sites', 'Instagram Follow Button', 'PayPal Adaptive Payments', 'QUIC', 'ShopBase', 'Tailwind CSS', 'Thank You', 'TikTok Conversion Tracking Pixel', 'UTF-8', 'YouTube', 'eLand', 'shadcn ui']"
microbvm.com,Micro BVM | Emergency medical equipment,Micro BVM,,72,115062,2026-09-27T16:27:56.545226766Z,"['Alternate Protocol', 'Amazon WAF Blocked', 'Apture Linking Platform', 'ByteDance', 'Cloudflare', 'Content Delivery Network', 'DAV', 'DC74', 'Express', 'Fastly', 'Fastly CDN', 'GZIP Module', 'Google Related Website Sites', 'Instagram Follow Button', 'KVH', 'Linktree', 'Microdata for Google Shopping', 'NFOrce Internet', 'POWr', 'PWA', 'Perl', 'QUIC', 'SMC', 'Seflow Italy', 'Sentry', 'SiteW', 'Thank You', 'TikTok Conversion Tracking Pixel', 'Twitter Ads', 'UTF-8', 'Vector Internet Services', 'WhatsApp Sharing', 'Wix', 'Wix Media', 'YouTube', 'mlcom']"
ptme.io,PT ME | Find Local Personal Trainers | PTME.IO,PT ME,,72,95141,2026-09-27T16:22:29.406915414Z,"['Alternate Protocol', 'Amazon WAF Blocked', 'Apture Linking Platform', 'ByteDance', 'Cloudflare', 'Content Delivery Network', 'DAV', 'DC74', 'Express', 'Fastly', 'Fastly CDN', 'GZIP Module', 'Google Related Website Sites', 'Instagram Follow Button', 'Microdata for Google Shopping', 'NFOrce Internet', 'PWA', 'Perl', 'QUIC', 'SMC', 'Seflow Italy', 'Sentry', 'SiteW', 'Sitelinks Search Box', 'Thank You', 'TikTok Conversion Tracking Pixel', 'Twitter Ads', 'UTF-8', 'Vector Internet Services', 'WP Booking Calendar', 'Wix', 'Wix Media', 'mlcom']"
routesandjourneys.com,Asia DMC - Routes And Journeys,,PAK,70,660,2026-09-27T15:41:01.994674486Z,"['ArvanCloud', 'ByteDance', 'Google My Business', 'Instagram Follow Button', 'Nginx', 'TikTok Conversion Tracking Pixel', 'Twitter Ads', 'UTF-8', 'WhatsApp Sharing', 'jQuery', 'jsDelivr']"
theplantdothan.com,The Plant | The Plant started out its life as a Coca Cola bottling facility in Downtown Dothan. It officially closed its doors in the 90's and sat vacant until the summer of 2017 when we began transforming it into a hub of entertainment for Dothan.,,,50,3216,2026-09-27T15:05:04.105549956Z,"['Alternate Protocol', 'ByteDance', 'Cloudflare', 'Content Delivery Network', 'Elegant Themes', 'EmbedPress', 'EventOn', 'Facebook Conversion Tracking', 'Facebook Login', 'Facebook Messenger Platform', 'Facebook Pixel', 'Facebook Reseller', 'Facebook Tag API', 'Font Awesome', 'Google Cloud DNS', 'Google Font API', 'Instagram Follow Button', 'PHP', 'Theme In WP', 'TikTok Conversion Tracking Pixel', 'UTF-8', 'Wangsu', 'WordPress', 'WordPress Multisite', 'jQuery']"
unimeal-keto.com,Unimeal app,,CYP,77,34097,2026-09-27T14:32:41.957872851Z,"['AWS WAF Challenge', 'Adult Content', 'Alternate Protocol', 'Amazon', 'Amazon CloudFront', 'Amazon Route 53', 'Amazon WAF Blocked', 'Amplitude', 'ByteDance', 'CloudFront', 'Coming Soon Page', 'Content Delivery Network', 'DAV', 'Efilli', 'Express', 'Google Related Website Sites', 'Next.js', 'Nginx', 'Oddle', 'Perl', 'Pleroma', 'Prospective', 'QUIC', 'Thank You', 'TikTok Conversion Tracking Pixel', 'Trustpilot Reviews for WordPress', 'UTF-8', 'University or College']"
fosteringexcellenceproductions.com,Home - Fostering Excellence Productions,Fostering Excellence Productions,USA,77,19413,2026-09-27T13:55:10.865102165Z,"['AWS WAF Challenge', 'Alternate Protocol', 'Astra Theme', 'Automattic', 'ByteDance', 'Cloudflare', 'Cloudflare CDN', 'Content Delivery Network', 'DAV', 'DuracellTomi Google Tag Manager for WordPress', 'Elementor', 'EmbedPress', 'Essential Addons for Elementor', 'Essential Blocks for Gutenberg', 'Facebook Conversion Tracking', 'Facebook Login', 'Facebook Messenger Platform', 'Facebook Pixel', 'Facebook Reseller', 'Facebook Tag API', 'Google', 'Google Analytics', 'Google Cloud DNS', 'Google Font API', 'Google My Business', 'Google Tag Manager', 'InitiativeS', 'Jetpack', 'LinkedIn Insights', 'LinkedIn Pixel', 'Metricool', 'Microdata for Google Shopping', 'Nginx', 'PHP', 'Pinterest Conversion Tracking', 'PixelYourSite', 'Reddit Conversion Tracking', 'Theme In WP', 'TikTok Conversion Tracking Pixel', 'Twitter Ads', 'Twitter Analytics', 'Twitter Conversion Tracking', 'UTF-8', 'University or College', 'WP Event Manager', 'Woo Themes', 'WordPress', 'WordPress Multisite', 'WordPress Related Posts', 'WordPress Stats', 'jQuery']"
glynns.ie,"Glynn’s Agrichoice | Farm Supplies, Animal Health & Hardware",Glynns Agrichoice,,67,98055,2026-09-27T12:52:45.905809067Z,"['Amazon WAF Blocked', 'Apture Linking Platform', 'Bing Cashback', 'Bing Conversion Tracking', 'ByteDance', 'Cloudflare', 'Cloudflare CDN', 'Contento', 'DAV', 'Facebook Conversion Tracking', 'Facebook Login', 'Facebook Messenger Platform', 'Facebook Pixel', 'Facebook Reseller', 'Facebook Tag API', 'Fireblade', 'Font Awesome', 'Google Analytics', 'Google My Business', 'Google Related Website Sites', 'Google Tag Manager', 'Instagram Follow Button', 'Microdata for Google Shopping', 'Microsoft Clarity', 'NFOrce Internet', 'Ntent', 'OpenAI', 'Pinterest Conversion Tracking', 'QUIC', 'Reddit Conversion Tracking', 'SMC', 'Shopify', 'Shopify Collabs', 'Thank You', 'TikTok Conversion Tracking Pixel', 'Twitter Ads', 'Twitter Analytics', 'UTF-8', 'eLand', 'hCaptcha', 'jQuery', 'reCAPTCHA']"
darwishtravel.com,Darwish Travel Company - Travel Agency in Qatar Since 1950,,QAT,92,240,2026-09-27T11:57:50.423972666Z,"['Alternate Protocol', 'ByteDance', 'Content Delivery Network', 'Facebook Conversion Tracking', 'Facebook Login', 'Facebook Messenger Platform', 'Facebook Pixel', 'Facebook Reseller', 'Facebook Tag API', 'Google Analytics', 'Google My Business', 'Google Tag Manager', 'Instagram Follow Button', 'Microdata for Google Shopping', 'Next.js', 'Tailwind CSS', 'TikTok Conversion Tracking Pixel', 'UTF-8', 'Vercel', 'YouTube', 'shadcn ui']"
getteez.com,GetTeez | Wear Your Vibe - GetTeez,,GBR,77,5315,2026-09-27T10:40:26.150445877Z,"['Amazon WAF Blocked', 'Apture Linking Platform', 'ByteDance', 'Checkout.com', 'Coming Soon Page', 'Content Delivery Network', 'DAV', 'Express', 'Google Analytics', 'Google My Business', 'Google Related Website Sites', 'Google Tag Manager', 'Instagram Follow Button', 'Klaviyo', 'PayPal Adaptive Payments', 'Pinterest Conversion Tracking', 'QUIC', 'ShopBase', 'Tailwind CSS', 'Thank You', 'TikTok Conversion Tracking Pixel', 'Twitter Ads', 'Twitter Analytics', 'UTF-8', 'YouTube', 'eLand', 'shadcn ui']"
edgegeelong.com.au,Edge Geelong | Bar & Restaurant | Geelong Waterfront,Edge Geelong,AUS,77,14667,2026-09-27T10:09:36.384708875Z,"['Alternate Protocol', 'Amazon WAF Blocked', 'Aruba', 'ByteDance', 'Call to Visit', 'Content Delivery Network', 'ElementUI', 'EmbedPress', 'Facebook CDN', 'Facebook Conversion Tracking', 'Facebook Login', 'Facebook Messenger Platform', 'Facebook Pixel', 'Facebook Reseller', 'Facebook Tag API', 'Fastly', 'GZIP Module', 'Google Analytics', 'Google My Business', 'Google Tag Manager', 'Gravity', 'Gravity Forms', 'Instagram Feed for WordPress', 'Instagram Follow Button', 'Max Mega Menu', 'Max Mega Menu Pro', 'Microdata for Google Shopping', 'Nginx', 'OpenTable', 'PHP', 'Pagekit', 'PixelYourSite', 'Popup Maker for Wordpress', 'SEVENROOMS', 'Schema Plugin', 'Smush Image Optimization', 'Theme In WP', 'TikTok Conversion Tracking Pixel', 'UTF-8', 'UnderStrap', 'WordPress', 'WordPress Multisite', 'YouTube', 'eLand', 'jQuery', 'reCAPTCHA']"
goldaurainvesting.com,Trusted Gold & Forex Trading Company in Al Karama Dubai,,,82,66896,2026-09-27T09:39:58.089986974Z,"['Alternate Protocol', 'Apture Linking Platform', 'ByteDance', 'Contact Form Plugin', 'Content Delivery Network', 'Elementor', 'EmbedPress', 'Facebook Conversion Tracking', 'Facebook Login', 'Facebook Messenger Platform', 'Facebook Pixel', 'Facebook Reseller', 'Facebook Tag API', 'Google', 'Google Analytics', 'Google Cloud CDN', 'Google Cloud DNS', 'Google Font API', 'Google My Business', 'Google Related Website Sites', 'Google Tag Manager', 'HubSpot WordPress Plugin', 'IcoMoon', 'Instagram Follow Button', 'Investing', 'LiteSpeed', 'MailChimp for WordPress', 'Microdata for Google Shopping', 'NFOrce Internet', 'PHP', 'Pico CSS', 'QUIC', 'SMC', 'Site Kit', 'Slider Revolution', 'Tawk', 'Theme In WP', 'TikTok Conversion Tracking Pixel', 'UTF-8', 'WP Job Manager', 'WPBakery', 'Woo Themes', 'WooCommerce', 'WooCommerce Checkout', 'WordPress', 'WordPress Multisite', 'YITH WooCommerce Compare', 'YouTube', 'jQuery', 'reCAPTCHA']"
casaregal.ro,Casa Regal Imobiliare | CasaRegal.ro,,ROU,87,1668,2026-09-27T09:04:47.312964241Z,"['Apache', 'ByteDance', 'Facebook Conversion Tracking', 'Facebook Login', 'Facebook Messenger Platform', 'Facebook Pixel', 'Facebook Reseller', 'Facebook Tag API', 'GZIP Module', 'Google Analytics', 'Google My Business', 'Google Tag Manager', 'IcoMoon', 'Tailwind CSS', 'TikTok Conversion Tracking Pixel', 'UTF-8', 'jQuery', 'jsDelivr', 'reCAPTCHA']"
yeppystl.com,"Yeppy Marketing Agency | Websites, Social Media, PPC Ads | Fort Myers",,,92,1788,2026-09-27T07:27:51.60633769Z,"['Alternate Protocol', 'Amazon CloudFront', 'Apture Linking Platform', 'ByteDance', 'Calendly', 'CloudFront', 'Constant Contact', 'Duda', 'EmbedSocial', 'Facebook Conversion Tracking', 'Facebook Login', 'Facebook Messenger Platform', 'Facebook Pixel', 'Facebook Reseller', 'Facebook Tag API', 'GZIP Module', 'Google Analytics', 'Google Tag Manager', 'Instagram Follow Button', 'Microdata for Google Shopping', 'Nginx', 'Perl', 'QUIC', 'Styled Components', 'Tailwind CSS', 'TikTok Conversion Tracking Pixel', 'Twitter Ads', 'UTF-8', 'YouTube']"
sheelady.com,Home - Shee Lady,Shee Lady,USA,77,18526,2026-09-27T07:23:39.398460465Z,"['Alternate Protocol', 'Amazon', 'ByteDance', 'Cloudflare', 'Contact Form Plugin', 'Content Delivery Network', 'Elementor', 'EmbedPress', 'Facebook Conversion Tracking', 'Facebook Login', 'Facebook Messenger Platform', 'Facebook Pixel', 'Facebook Reseller', 'Facebook Tag API', 'GoDaddy', 'Google Analytics', 'Google Cloud DNS', 'Google Font API', 'Google My Business', 'Google Tag Manager', 'Instagram Follow Button', 'LiteSpeed', 'Microdata for Google Shopping', 'MonsterInsights', 'PHP', 'QUIC', 'Theme In WP', 'TikTok Conversion Tracking Pixel', 'UTF-8', 'Wangsu', 'Woo Themes', 'WooCommerce', 'WooCommerce Checkout', 'WooCommerce Stripe Payment Gateway', 'WooFramework', 'WordPress', 'WordPress Multisite', 'XTemos Studio', 'jQuery']"
flymotion.shop,FLY DRONE 4K,,,65,7928,2026-09-27T06:05:42.721404105Z,"['ByteDance', 'Content Delivery Network', 'Express', 'Fastly', 'GZIP Module', 'Google', 'Google Cloud', 'Google Cloud CDN', 'Google Cloud DNS', 'Google Font API', 'PageFly', 'TikTok Conversion Tracking Pixel', 'UTF-8', 'YouTube']"
aiforprofitdept.com,The Free Website Guys - The #1-Rated Website Builder,The Free Website Guys,,77,25711,2026-09-27T05:31:39.37440738Z,"['AJAX Libraries API', 'Alternate Protocol', 'Apture Linking Platform', 'ArvanCloud', 'Astra Theme', 'ByteDance', 'CDN JS', 'Cloudflare', 'Cloudflare CDN', 'Clutch', 'Content Delivery Network', 'Elementor', 'EmbedPress', 'Essential Addons for Elementor', 'Facebook Embedded Posts', 'Google', 'Google Analytics', 'Google Cloud DNS', 'Google Tag Manager', 'Header, Footer and Blocks for Elementor', 'Instagram Follow Button', 'Lazy Load for WordPress', 'Matomo Tag Manager', 'Microdata for Google Shopping', 'PHP', 'QUIC', 'RM Education', 'Schema Plugin', 'Table Addons for Elementor', 'Thank You', 'Theme In WP', 'TikTok Conversion Tracking Pixel', 'Trustpilot Reviews for WordPress', 'Twitter Ads', 'Twitter Analytics', 'Typeform', 'UTF-8', 'Vercel', 'Woo Themes', 'WooCommerce', 'WooCommerce Checkout', 'WordPress', 'WordPress Multisite', 'WordPress Related Posts', 'YouTube', 'jQuery', 'jsDelivr']"
sefoni.ma,"Sefoni | La symphonie des marques | Jusqu'à 90% de réduction sur plusieurs marques dans les catégories Hommes, Femmes, Chaussures et Sacs chez Sefoni le site de ventes privées et Outlet au Maroc. | Sefoni",,,67,607,2026-09-27T04:10:38.302357447Z,"['ByteDance', 'Envoy', 'Facebook Conversion Tracking', 'Facebook Login', 'Facebook Messenger Platform', 'Facebook Pixel', 'Facebook Reseller', 'Facebook Tag API', 'Font Awesome', 'Google Analytics', 'Google Cloud DNS', 'Google Font API', 'Google Tag Manager', 'IcoMoon', 'Instagram Follow Button', 'LiteSpeed', 'PHP', 'Tailwind CSS', 'TikTok Conversion Tracking Pixel', 'UTF-8', 'WhatsApp Sharing']"
falconscart.com,Falcons Cart – Everyday Essentials & More—Delivered to Your Door,,,70,102126,2026-09-27T01:46:55.477442062Z,"['Alternate Protocol', 'Aruba', 'ByteDance', 'Cart.com', 'ClickOn', 'Content Delivery Network', 'Daily Deals', 'Elementor', 'EmbedPress', 'Google Cloud DNS', 'Google Font API', 'Instagram Follow Button', 'K2F', 'LiteSpeed', 'NFOrce Internet', 'PHP', 'QUIC', 'Theme In WP', 'TikTok Conversion Tracking Pixel', 'UTF-8', 'Woo Themes', 'WooCommerce', 'WooCommerce Checkout', 'WooCommerce Stripe Payment Gateway', 'WooFramework', 'WordPress', 'WordPress Multisite', 'XTemos Studio', 'eLand', 'jQuery']"
tokmerce.com.br,Tokmerce — Social Commerce Intelligence com IA,,CHN,77,,2026-09-27T01:28:26.15698926Z,"['ByteDance', 'CJ Dropshipping', 'Cloudflare', 'Express', 'GZIP Module', 'Tailwind CSS', 'TikTok Conversion Tracking Pixel', 'UTF-8', 'eLand', 'shadcn ui']"
wavesinapril.net,Waves In April — Texas Metalcore,,USA,87,58839,2026-09-27T00:53:59.999966239Z,"['AWS WAF Challenge', 'Alternate Protocol', 'Amazon WAF Blocked', 'Apture Linking Platform', 'ByteDance', 'Cloudflare', 'Cloudflare CDN', 'Cloudflare Turnstile', 'Coming Soon Page', 'Content Delivery Network', 'Facebook Conversion Tracking', 'Facebook Login', 'Facebook Messenger Platform', 'Facebook Pixel', 'Facebook Reseller', 'Facebook Tag API', 'GetResponse', 'Google', 'Google Analytics', 'Google Cloud DNS', 'Google Font API', 'Google Tag Manager', 'Instagram Follow Button', 'Microdata for Google Shopping', 'Netlify', 'QUIC', 'Stripe', 'TikTok Conversion Tracking Pixel', 'UTF-8', 'Vignette OpenText', 'YouTube', 'jsDelivr']"
reevesevents.co.uk,Wedding & Event Caterers in Suffolk | Reeves Events,Reeves Events,USA,82,7281,2026-09-27T00:28:12.762110912Z,"['AJAX Libraries API', 'Alternate Protocol', 'ByteDance', 'Content Delivery Network', 'Divi', 'Elegant Themes', 'EmbedPress', 'Facebook Conversion Tracking', 'Facebook Login', 'Facebook Messenger Platform', 'Facebook Pixel', 'Facebook Reseller', 'Facebook Tag API', 'Fastly', 'GZIP Module', 'Google', 'Google Analytics', 'Google Cloud CDN', 'Google Cloud DNS', 'Google Conversion Tracking', 'Google Font API', 'Google My Business', 'Google Related Website Sites', 'Google Tag Manager', 'Gravity', 'Gravity Forms', 'Instagram Feed for WordPress', 'Instagram Follow Button', 'Microdata for Google Shopping', 'Nginx', 'PHP', 'Pagekit', 'Smush Image Optimization', 'Theme In WP', 'TikTok Conversion Tracking Pixel', 'Twitter Ads', 'UTF-8', 'WordPress', 'WordPress Multisite', 'jQuery', 'reCAPTCHA']"
sweetnessnj.com,Sweetness,,USA,60,647,2026-09-26T22:59:55.716244931Z,"['Alternate Protocol', 'Amazon', 'Amazon CloudFront', 'ByteDance', 'CloudFront', 'ETranslate', 'Ecwid Ecommerce Shopping Cart', 'Express', 'Facebook Conversion Tracking', 'Facebook Login', 'Facebook Messenger Platform', 'Facebook Pixel', 'Facebook Reseller', 'Facebook Tag API', 'GZIP Module', 'Google Cloud DNS', 'Google Maps', 'Google Related Website Sites', 'Instagram Follow Button', 'Nginx', 'PWA', 'Stripe', 'TikTok Conversion Tracking Pixel', 'UTF-8', 'Unsplash', 'eLand']"
careleatherbd.com,Care Leather | Trusted Care Leather Shop,,BGD,60,63,2026-09-26T22:26:13.95643068Z,"['AJAX Libraries API', 'ByteDance', 'CDN JS', 'Cloudflare', 'Cloudflare CDN', 'Facebook Conversion Tracking', 'Facebook Login', 'Facebook Messenger Platform', 'Facebook Pixel', 'Facebook Reseller', 'Facebook Tag API', 'GitHub Hosting', 'Google', 'Google Analytics', 'Google Cloud DNS', 'Google Conversion Tracking', 'Google Font API', 'Google Tag Manager', 'Instagram Follow Button', 'LiteSpeed', 'Microdata for Google Shopping', 'QUIC', 'Tailwind CSS', 'TikTok Conversion Tracking Pixel', 'UTF-8', 'YouTube', 'jQuery', 'jsDelivr']"
foxlowphotography.com,Confidence Boosting Boudoir Photography,Foxlow Photography,,67,76669,2026-09-26T20:43:50.31825261Z,"['Adobe Creative Cloud WebFonts', 'Aruba', 'ByteDance', 'Express', 'Facebook Login', 'Facebook Messenger Platform', 'Facebook Pixel', 'Facebook Reseller', 'Facebook Tag API', 'FormSubmit', 'GZIP Module', 'Google Analytics', 'Google Conversion Tracking', 'Google Tag Manager', 'Instagram Follow Button', 'Line2', 'Magento Enterprise', 'MailChimp', 'Microdata for Google Shopping', 'QUIC', 'SiteW', 'Squarespace', 'Thank You', 'TikTok Conversion Tracking Pixel', 'UTF-8', 'WordPress SEO Structured Data Schema Plugin', 'eLand']"
tucsons2sons.com,Tucsons Two Sons,,USA,72,6247,2026-09-26T20:29:35.358910573Z,"['Alternate Protocol', 'Amazon', 'Amazon CloudFront', 'ByteDance', 'CloudFront', 'ETranslate', 'Ecwid Ecommerce Shopping Cart', 'GZIP Module', 'Google Cloud DNS', 'Google Maps', 'Google Related Website Sites', 'Instagram Follow Button', 'Nginx', 'PWA', 'TikTok Conversion Tracking Pixel', 'UTF-8', 'Unsplash', 'YouTube', 'eLand']"
onlineflowershop.ae,Online Flower Shop UAE: Same-Day Next Day Flowers Delivery Dubai & UAE,Online Flower Shop,EGY,82,7679,2026-09-26T19:56:40.493001005Z,"['AJAX Libraries API', 'App Store', 'AutoComplete', 'ByteDance', 'CDN JS', 'Cloudflare', 'Cloudflare CDN', 'Facebook Conversion Tracking', 'Facebook Login', 'Facebook Messenger Platform', 'Facebook Pixel', 'Facebook Reseller', 'Facebook Tag API', 'Fastly', 'Font Awesome', 'GZIP Module', 'Google', 'Google Analytics', 'Google Cloud DNS', 'Google Font API', 'Google My Business', 'Google Play', 'Google Tag Manager', 'Instagram Follow Button', 'LinkedIn Insights', 'LinkedIn Pixel', 'MailChimp', 'Microdata for Google Shopping', 'Microsoft Clarity', 'PHP', 'QUIC', 'Sitelinks Search Box', 'Submittable', 'Tailwind CSS', 'Tawk', 'TikTok Conversion Tracking Pixel', 'Twitter Ads', 'UTF-8', 'WhatsApp Sharing', 'YouTube', 'jQuery', 'jsDelivr']"
credyfacil.es,CredyFacil,,SYC,67,40,2026-09-26T16:25:30.454825356Z,"['Afiliados', 'Bulma', 'ByteDance', 'Facebook Conversion Tracking', 'Facebook Login', 'Facebook Messenger Platform', 'Facebook Pixel', 'Facebook Reseller', 'Facebook Tag API', 'GZIP Module', 'Google Adsense', 'Google Analytics', 'Google Cloud DNS', 'Google Font API', 'Google Funding Choices', 'Google Matched Content', 'Google Reseller', 'Google Tag Manager', 'Tailwind CSS', 'TikTok Conversion Tracking Pixel', 'Truepush', 'UTF-8', 'jQuery']"
zxjmobilehome.com,"SXKON Capsule House Factory,SXKON Expandable Container House Factory",,USA,77,720,2026-09-26T13:08:15.710158886Z,"['Alternate Protocol', 'ByteDance', 'DAV', 'GZIP Module', 'Google Analytics', 'Google Related Website Sites', 'Google Tag Manager', 'Instagram Follow Button', 'Layui', 'Microdata for Google Shopping', 'Nginx', 'PHP', 'Pleroma', 'Sitelinks Search Box', 'Tailwind CSS', 'TikTok Conversion Tracking Pixel', 'UTF-8', 'WhatsApp Sharing', 'YouTube', 'jQuery']"
genxsabers.com,GenXSabers - GenXSabers,GenXSabers,NZL,82,28148,2026-09-26T13:02:34.438290159Z,"['Alternate Protocol', 'ByteDance', 'Cloudflare', 'Content Delivery Network', 'Contento', 'ElementUI', 'EmbedPress', 'Facebook Conversion Tracking', 'Facebook Login', 'Facebook Messenger Platform', 'Facebook Pixel', 'Facebook Reseller', 'Facebook Tag API', 'Fastly', 'GoDaddy', 'Google Analytics', 'Google Cloud DNS', 'Google Font API', 'Google Tag Manager', 'Impreza', 'Instagram Follow Button', 'Microdata for Google Shopping', 'PHP', 'Pagekit', 'QUIC', 'Site Kit', 'Theme In WP', 'TikTok Conversion Tracking Pixel', 'UTF-8', 'WPBakery', 'Woo Themes', 'WooCommerce', 'WooCommerce Checkout', 'WooCommerce Payments', 'WordPress', 'WordPress Multisite', 'YouTube', 'jQuery']"
mcaescapeplan.com,Home | First Choice Debt Solutions,,USA,72,19140,2026-09-26T12:56:04.467245226Z,"['AWS WAF Challenge', 'ByteDance', 'Facebook Conversion Tracking', 'Facebook Login', 'Facebook Messenger Platform', 'Facebook Pixel', 'Facebook Reseller', 'Facebook Tag API', 'Fastly', 'GZIP Module', 'Google Analytics', 'Google Tag Manager', 'Instagram Follow Button', 'NFOrce Internet', 'Next.js', 'OpenResty', 'Pleroma', 'QUIC', 'Tailwind CSS', 'TikTok Conversion Tracking Pixel', 'UTF-8', 'YouTube', 'taggbox']"
gracokiddo.store,Heal store,,,62,26835,2026-09-26T12:21:26.224511429Z,"['Amazon WAF Blocked', 'Apture Linking Platform', 'ByteDance', 'Checkout.com', 'Coming Soon Page', 'Content Delivery Network', 'Contento', 'Express', 'Google My Business', 'Instagram Follow Button', 'PayPal Adaptive Payments', 'QUIC', 'ShopBase', 'Tailwind CSS', 'Thank You', 'TikTok Conversion Tracking Pixel', 'Twitter Ads', 'UTF-8', 'YouTube', 'shadcn ui']"
boostup.in.th,BoostUp ติวออนไลน์ กวดวิชาออนไลน์ เรียนออนไลน์ ติวเตอร์ TCAS GAT PAT 9 วิชาสามัญ O-NET,,,62,2149,2026-09-26T12:03:15.380926369Z,"['Apache', 'Bulma', 'ByteDance', 'CDN JS', 'Cloudflare', 'Cloudflare CDN', 'Facebook Conversion Tracking', 'Facebook Customer Chat SDK', 'Facebook Login', 'Facebook Messenger Platform', 'Facebook Pixel', 'Facebook Reseller', 'Facebook Tag API', 'Flat Icon', 'Font Awesome', 'GZIP Module', 'Google Analytics', 'Google Cloud DNS', 'Google Font API', 'Google My Business', 'Google Related Website Sites', 'Google Tag Manager', 'Ntent', 'PHP', 'Tailwind CSS', 'TikTok Conversion Tracking Pixel', 'UTF-8', 'YouTube', 'jsDelivr', 'reCAPTCHA']"
orcasurgical.com,Home - Orca Surgical,Orca Surgical,,55,1695,2026-09-26T07:44:39.627300445Z,"['Alternate Protocol', 'Apollo IO', 'Automattic', 'ByteDance', 'Content Delivery Network', 'Elementor', 'EmbedPress', 'Financial Services Guide', 'Font Awesome', 'Gravity', 'Gutenberg', 'Hello Elementor', 'Jetpack', 'Jetpack Site Accelerator', 'LearnPress', 'Microdata for Google Shopping', 'NFOrce Internet', 'Nginx', 'No-Q', 'TikTok Conversion Tracking Pixel', 'UTF-8', 'Woo Themes', 'WooCommerce', 'WooCommerce Checkout', 'WooCommerce Payments', 'WordPress', 'WordPress Multisite', 'WordPress Stats', 'YouTube', 'cstate', 'jQuery']"
tubisshop.com,Tubi's Shop,,PRK,72,19840,2026-09-26T05:36:20.099878237Z,"['ByteDance', 'CDN JS', 'Cloudflare', 'Cloudflare CDN', 'Fastly', 'Fireblade', 'GZIP Module', 'Google', 'Google Cloud DNS', 'Google Font API', 'LiteSpeed', 'PHP', 'QUIC', 'Tailwind CSS', 'TikTok Conversion Tracking Pixel', 'UTF-8', 'WhatsApp Sharing']"
memby.org,Memby - Online Group Tutoring,,CAN,87,63314,2026-09-26T05:21:56.853175857Z,"['AWS WAF Challenge', 'Alternate Protocol', 'Amazon', 'Amazon CloudFront', 'Amazon Route 53', 'Apture Linking Platform', 'ByteDance', 'ChatFuel', 'CloudFront', 'Content Delivery Network', 'Facebook Conversion Tracking', 'Facebook Login', 'Facebook Messenger Platform', 'Facebook Pixel', 'Facebook Reseller', 'Facebook Tag API', 'Framer Sites', 'Google', 'Google Analytics', 'Google Cloud CDN', 'Google Tag Manager', 'Hotjar', 'Instagram Follow Button', 'KVH', 'Klaviyo', 'Ntent', 'QUIC', 'TikTok Conversion Tracking Pixel', 'University or College', 'VWO Engage', 'Visual Website Optimizer', 'Yandex Hosting', 'YouTube', 'Zeald', 'jsDelivr']"
invictusinstituteofbarbering.com,Invictus Institute of Barbering a modern barber-only school!,,USA,82,9004,2026-09-26T05:12:12.468790286Z,"['Alternate Protocol', 'Apture Linking Platform', 'ByteDance', 'DAV', 'Elementor', 'EmbedPress', 'Font Awesome', 'GTranslate', 'Gambling Content', 'Google', 'Google Analytics', 'Google Cloud DNS', 'Google Font API', 'Google My Business', 'Google Tag Manager', 'Gtranslate for Wordpress', 'Instagram Follow Button', 'Microdata for Google Shopping', 'NFOrce Internet', 'OpenAI', 'PHP', 'PixelYourSite', 'Premium Addons for Elementor', 'Site Kit', 'Sitelinks Search Box', 'Theme In WP', 'TikTok Conversion Tracking Pixel', 'UTF-8', 'Woo Themes', 'WooCommerce', 'WooCommerce Checkout', 'WordPress', 'WordPress Multisite', 'YouTube', 'accessiBe', 'jQuery', 'jsDelivr']"
culinaryangels.org,"Culinary Angels – Nourish with Purpose, Serve with Love",,IRL,70,20578,2026-09-26T04:22:30.075202334Z,"['501c3 Status Nonprofit', 'AWS WAF Challenge', 'Alternate Protocol', 'Amazon WAF Blocked', 'Aruba', 'ByteDance', 'CDN JS', 'Cloudflare', 'Cloudflare CDN', 'Content Delivery Network', 'EmbedPress', 'Express', 'Facebook Login', 'Facebook Messenger Platform', 'Facebook Pixel', 'Facebook Reseller', 'Facebook Tag API', 'Font Awesome', 'Google', 'Google Cloud CDN', 'Google Cloud DNS', 'Google Conversion Tracking', 'Google Font API', 'Google My Business', 'Google Tag Manager', 'Gravity', 'Gravity Forms', 'Instagram Follow Button', 'Line2', 'LiteSpeed', 'Max Mega Menu Pro', 'OnlineWebFonts', 'PHP', 'Popup Maker for Wordpress', 'QUIC', 'QUIC.cloud', 'Slider Revolution', 'Stripe', 'Thank You', 'TikTok Conversion Tracking Pixel', 'UTF-8', 'Volgistics', 'WPBakery', 'WordPress', 'WordPress Multisite', 'YouTube', 'Zeffy', 'eLand', 'jQuery', 'jsDelivr', 'reCAPTCHA']"
crema.gg,Crema – A bunch of monkeys making videogames. What could go wrong?,,ESP,70,15389,2026-09-26T03:34:13.006447021Z,"['Alternate Protocol', 'Autoptimize', 'ByteDance', 'CDN JS', 'Cloudflare', 'Cloudflare CDN', 'EmbedPress', 'Fireblade', 'GZIP Module', 'Google Cloud DNS', 'Google Font API', 'Instagram Follow Button', 'Nginx', 'PHP', 'Parallels Plesk Panel', 'QUIC', 'TikTok Conversion Tracking Pixel', 'UTF-8', 'WordPress', 'WordPress Multisite', 'YouTube', 'jQuery']"
thebrightonflorist.com,The Brighton Florist - The Brighton Florist,The Brighton Florist,GBR,92,4063,2026-09-26T03:27:51.20549598Z,"['Alternate Protocol', 'Automattic', 'ByteDance', 'CDN JS', 'Cloudflare', 'Cloudflare CDN', 'Coming Soon Page', 'EmbedPress', 'Express', 'Google Related Website Sites', 'Gutenberg', 'Instagram Follow Button', 'Jetpack', 'Jetpack Site Accelerator', 'Microdata for Google Shopping', 'Nginx', 'Oracle Cloud', 'Organic Themes', 'PHP', 'Perl', 'Pinterest Conversion Tracking', 'QUIC', 'Simple Banner for Wordpress', 'Theme In WP', 'TikTok Conversion Tracking Pixel', 'UTF-8', 'Woo Themes', 'WooCommerce', 'WooCommerce Checkout', 'WooCommerce Payments', 'WordPress', 'WordPress Multisite', 'WordPress Stats', 'jQuery']"
annacampbell.com.au,Australian Bridal Designer - Unique wedding dresses and bridal separates,Anna Campbell,AUS,92,106388,2026-09-26T01:41:03.904402745Z,"['AJAX Libraries API', 'Adobe Creative Cloud WebFonts', 'Alternate Protocol', 'Aruba', 'ByteDance', 'Contento', 'DAV', 'Express', 'Facebook Login', 'Facebook Messenger Platform', 'Facebook Pixel', 'Facebook Reseller', 'Facebook Tag API', 'GZIP Module', 'Google Analytics', 'Google Cloud DNS', 'Google Tag Manager', 'IcoMoon', 'Instagram Follow Button', 'Klaviyo', 'Line2', 'Magento Enterprise', 'Microdata for Google Shopping', 'NFOrce Internet', 'Newsletter for Wordpress', 'Parcel', 'QUIC', 'SiteW', 'Squarespace', 'TikTok Conversion Tracking Pixel', 'Timely', 'UTF-8', 'WordPress SEO Structured Data Schema Plugin', 'eLand', 'jQuery']"
smilestudios.us,Teeth Whitening in San Diego,Teeth Whitening San Diego by Smile Studios,USA,82,2627,2026-09-26T01:36:36.536588563Z,"['Alternate Protocol', 'ByteDance', 'CheryFramework', 'Content Delivery Network', 'Cornerstone', 'EmbedPress', 'Fastly', 'GZIP Module', 'Google Analytics', 'Google Cloud DNS', 'Google Font API', 'Google My Business', 'Google Tag Manager', 'Instagram Follow Button', 'Microdata for Google Shopping', 'Nginx', 'PHP', 'QUIC', 'Square', 'Theme In WP', 'TikTok Conversion Tracking Pixel', 'Twitter CDN', 'UTF-8', 'Woo Themes', 'WooCommerce Checkout', 'WordPress', 'WordPress Multisite', 'Yelp Badge', 'jQuery']"
slpconcerts.net,SLP Concerts Presents,SLP Concerts Presents,ESP,82,2729,2026-09-25T23:54:22.009123241Z,"['ByteDance', 'Content Delivery Network', 'Facebook Conversion Tracking', 'Facebook Login', 'Facebook Messenger Platform', 'Facebook Pixel', 'Facebook Reseller', 'Facebook Tag API', 'Fastly', 'Font Awesome', 'GZIP Module', 'Google Analytics', 'Google Cloud DNS', 'Google Font API', 'Google Tag Manager', 'Instagram Follow Button', 'Lightwidget', 'Microdata for Google Shopping', 'Site.pro', 'TikTok Conversion Tracking Pixel', 'Twitter Ads', 'UTF-8', 'YouTube']"
covers.ai,"Covers.ai – Viral Fan Content Tools for Artists, Music Teams & Creators",,,72,51080,2026-09-25T23:34:11.542349243Z,"['Baidu Cloud', 'Builder', 'ByteDance', 'Content Delivery Network', 'DAV', 'Facebook Conversion Tracking', 'Facebook Login', 'Facebook Messenger Platform', 'Facebook Pixel', 'Facebook Reseller', 'Facebook Tag API', 'Google Analytics', 'Google Cloud DNS', 'Google Cloud Storage', 'Google Tag Manager', 'K2F', 'KVH', 'Next.js', 'PWA', 'Pleroma', 'Squid', 'TikTok Conversion Tracking Pixel', 'UTF-8', 'Vercel']"
meandmygolf.com,Homepage - Me And My Golf,Me And My Golf,,75,91609,2026-09-25T23:24:23.14359359Z,"['501c3 Status Nonprofit', 'AWS WAF Challenge', 'Alternate Protocol', 'Amazon WAF Blocked', 'Ametys', 'Bing Cashback', 'ByteDance', 'Cloudflare', 'Cloudflare CDN', 'Cloudflare Turnstile', 'Content Delivery Network', 'CookieYes', 'DoubleClick Bid Manager', 'EWWW Image Optimizer', 'EmbedPress', 'Express', 'Facebook Login', 'Facebook Messenger Platform', 'Facebook Pixel', 'Facebook Reseller', 'Fireblade', 'Google Analytics', 'Google Cloud DNS', 'Google Font API', 'Google Related Website Sites', 'Google Tag Manager', 'Hotjar', 'IcoMoon', 'Insider', 'Instagram Follow Button', 'LiveChat Monitoring', 'Microdata for Google Shopping', 'PHP', 'Perl', 'ProfitWell', 'QUIC', 'RM Education', 'Shoelace Style', 'Tailwind CSS', 'Theme In WP', 'TikTok Conversion Tracking Pixel', 'Twitter Ads', 'Typeform', 'UK Cookie Consent', 'UTF-8', 'Woo Themes', 'WordPress', 'WordPress Multisite', 'YouTube']"
avicennafoundation.org.uk,Avicenna Foundation,,GBR,75,17256,2026-09-25T22:40:01.860315106Z,"['AWS WAF Challenge', 'Alternate Protocol', 'Apache', 'ByteDance', 'Contact Form Plugin', 'Elementor', 'EmbedPress', 'Essential Addons for Elementor', 'GZIP Module', 'Google Analytics', 'Google Cloud DNS', 'Google Font API', 'Google Maps', 'Google My Business', 'Google Tag Manager', 'Instagram Follow Button', 'Kingster Theme', 'LinkedIn Insights', 'LinkedIn Pixel', 'NFOrce Internet', 'Newsletter for Wordpress', 'PHP', 'Slider Revolution', 'Tailwind CSS', 'The Events Calendar', 'Theme In WP', 'TikTok Conversion Tracking Pixel', 'Twitter Ads', 'UTF-8', 'University or College', 'User Submitted Posts', 'WordPress', 'WordPress Multisite', 'jQuery']"
emibeautylaser.com,Emibeauty Home,,CHN,67,3816,2026-09-25T22:20:04.963167096Z,"['Alternate Protocol', 'Apture Linking Platform', 'ByteDance', 'Contact Form Plugin', 'ETranslate', 'EmbedPress', 'GTranslate', 'GZIP Module', 'Google Analytics', 'Google My Business', 'Google Tag Manager', 'Gtranslate for Wordpress', 'Instagram Follow Button', 'Lazy Load for WordPress', 'Nginx', 'PHP', 'Theme In WP', 'Tidio', 'TikTok Conversion Tracking Pixel', 'Twitter Ads', 'UTF-8', 'WP Rocket', 'WhatsApp Sharing', 'WordPress', 'WordPress Multisite', 'YouTube', 'jQuery']"
hipclip.ai,"Vibe Marketing AI: co-editor for videos, podcasts, and blogs | Hipclip",,,67,25332,2026-09-25T21:43:17.21567454Z,"['AJAX Libraries API', 'Amazon', 'Amazon CloudFront', 'Apture Linking Platform', 'ByteDance', 'Calendly', 'CloudFront', 'Cloudflare', 'Content Delivery Network', 'Facebook Conversion Tracking', 'Facebook Login', 'Facebook Messenger Platform', 'Facebook Pixel', 'Facebook Reseller', 'Facebook Tag API', 'GZIP Module', 'Google', 'Google Analytics', 'Google Cloud DNS', 'Google Font API', 'Google Tag Manager', 'Iubenda', 'M247', 'QUIC', 'Tailwind CSS', 'TikTok Conversion Tracking Pixel', 'Twitter Ads', 'Twitter Analytics', 'UTF-8', 'WF Cookie Consent', 'jsDelivr']"
laiphubeverage.com,Lai Phu Beverage – Công ty Nước giải khát Lai Phú,,THA,77,4320,2026-09-25T21:28:04.636849884Z,"['ByteDance', 'Content Delivery Network', 'Facebook Conversion Tracking', 'Facebook Customer Chat SDK', 'Facebook Login', 'Facebook Messenger Platform', 'Facebook Pixel', 'Facebook Reseller', 'Facebook Tag API', 'GZIP Module', 'Google Adsense', 'Google Analytics', 'Google Funding Choices', 'Google Matched Content', 'Google My Business', 'Google Reseller', 'Google Tag Manager', 'Haravan', 'MaxCDN', 'Microdata for Google Shopping', 'OpenResty', 'PHP', 'Schema Plugin', 'TikTok Conversion Tracking Pixel', 'UTF-8', 'YouTube', 'jQuery', 'reCAPTCHA']"
clawpod.com,ClawPod - Turn Podcasts into Social Media Clips,,,67,,2026-09-25T21:04:16.722464857Z,"['ByteDance', 'Cloudflare', 'Google Analytics', 'Google Tag Manager', 'Python', 'QUIC', 'Tailwind CSS', 'TikTok Conversion Tracking Pixel', 'UTF-8', 'jsDelivr']"
tuyortvip.com,Tugatort Store,Tugatort Store,,55,528,2026-09-25T19:19:13.183227123Z,"['Amazon CloudFront', 'Apture Linking Platform', 'Baidu Cloud', 'ByteDance', 'CloudFront', 'Cloudflare', 'Cloudflare CDN', 'Express', 'Google', 'Google Cloud CDN', 'Microdata for Google Shopping', 'QUIC', 'Shopify', 'Shopify Collabs', 'TikTok Conversion Tracking Pixel', 'UTF-8', 'Yandex Hosting', 'hCaptcha', 'reCAPTCHA']"
rosepetalsandcomicpanels.com,Comic Books | AU Comics | Phoenix,AU Comics,USA,87,106166,2026-09-25T19:19:13.181941225Z,"['Alternate Protocol', 'Amazon WAF Blocked', 'Amazon Widgets', 'Apture Linking Platform', 'ByteDance', 'Cloudflare', 'Commoninja', 'Content Delivery Network', 'DC74', 'Express', 'Facebook Conversion Tracking', 'Facebook Login', 'Facebook Messenger Platform', 'Facebook Pixel', 'Facebook Reseller', 'Facebook Tag API', 'Fastly', 'Fastly CDN', 'GZIP Module', 'Google Related Website Sites', 'Instagram Follow Button', 'Microdata for Google Shopping', 'MightyCall', 'NFOrce Internet', 'POWr', 'PWA', 'Perl', 'Prospective', 'QUIC', 'SMC', 'Seflow Italy', 'Sentry', 'SiteW', 'Sitelinks Search Box', 'Thank You', 'TikTok Conversion Tracking Pixel', 'UTF-8', 'Vector Internet Services', 'Wix', 'Wix Media', 'Yandex Hosting', 'YouTube', 'eLand', 'mlcom']"
scottishstainedglass.com,Scottish Stained Glass | Custom Stained Glass | Leaded Glass,Scottish Stained Glass,USA,82,11034,2026-09-25T19:15:46.698854438Z,"['AJAX Libraries API', 'Alternate Protocol', 'AutoComplete', 'Automattic', 'Bulma', 'ByteDance', 'Content Delivery Network', 'EmbedPress', 'Express', 'Fastly', 'GZIP Module', 'Gambling Content', 'GitHub Hosting', 'Google Analytics', 'Google Cloud DNS', 'Google My Business', 'Google Tag Manager', 'Hub Theme', 'Instagram Follow Button', 'Jetpack', 'Microdata for Google Shopping', 'Microsoft Clarity', 'Nginx', 'PHP', 'PixelYourSite', 'QUIC', 'RM Education', 'Schema Plugin', 'Theme In WP', 'TikTok Conversion Tracking Pixel', 'UTF-8', 'University or College', 'Woo Themes', 'WooCommerce', 'WooCommerce Checkout', 'WordPress', 'WordPress Multisite', 'WordPress Stats', 'YouTube', 'eLand', 'jQuery']"
andreadeckard.com,Andrea Deckard,Andrea Deckard,,67,615,2026-09-25T18:20:34.523612137Z,"['Alternate Protocol', 'ByteDance', 'Content Delivery Network', 'EmbedPress', 'Facebook Conversion Tracking', 'Facebook Login', 'Facebook Messenger Platform', 'Facebook Pixel', 'Facebook Reseller', 'Facebook Tag API', 'GZIP Module', 'Google Analytics', 'Google Cloud DNS', 'Google Font API', 'Google Tag Manager', 'Gutenberg Blocks by Kadence Blocks', 'Instagram Follow Button', 'Kadence WP', 'Max Mega Menu', 'Microdata for Google Shopping', 'Nginx', 'PHP', 'Restored 316 Designs', 'Theme In WP', 'TikTok Conversion Tracking Pixel', 'UTF-8', 'WordPress', 'WordPress Multisite', 'jQuery']"
mightygoodsolutions.com,MightyGood | Wipes with Personality,,,77,76792,2026-09-25T18:07:06.313523529Z,"['Adobe Creative Cloud WebFonts', 'Aruba', 'ByteDance', 'ElementUI', 'Express', 'Facebook Conversion Tracking', 'Facebook Login', 'Facebook Messenger Platform', 'Facebook Pixel', 'Facebook Reseller', 'Facebook Tag API', 'GZIP Module', 'Google Analytics', 'Google Tag Manager', 'Instagram Follow Button', 'Line2', 'LottieFiles', 'Magento Enterprise', 'Microdata for Google Shopping', 'Newsletter for Wordpress', 'PHP', 'QUIC', 'SiteW', 'Squarespace', 'TikTok Conversion Tracking Pixel', 'UTF-8', 'WordPress SEO Structured Data Schema Plugin', 'eLand']"
oceancitychamber.com,"Ocean City, New Jersey: America's Favorite Family Vacation",,,67,28559,2026-09-25T16:34:05.567681768Z,"['Alternate Protocol', 'Amazon CloudFront', 'Amazon WAF Blocked', 'Apture Linking Platform', 'Bing Cashback', 'Bing Conversion Tracking', 'ByteDance', 'CloudFront', 'Cloudflare', 'Contact Form Plugin', 'CrazyEgg', 'DoubleClick Bid Manager', 'EmbedPress', 'Express', 'Facebook Reseller', 'Fireblade', 'Font Awesome', 'GZIP Module', 'GetResponse', 'GitHub Hosting', 'Google', 'Google Analytics', 'Google Cloud CDN', 'Google Cloud DNS', 'Google Font API', 'Google My Business', 'Google Related Website Sites', 'Google Tag Manager', 'IcoMoon', 'Instagram Follow Button', 'Lazy Load for WordPress', 'LinkedIn Insights', 'LinkedIn Pixel', 'Microdata for Google Shopping', 'Ninja Tables', 'OmniConvert', 'PHP', 'Perl', 'QUIC', 'SearchWP', 'Tailwind CSS', 'Thank You', 'The Events Calendar', 'Theme In WP', 'TikTok Conversion Tracking Pixel', 'Twitter Ads', 'UTF-8', 'UberMenu', 'University or College', 'WP PageNavi', 'WP Rocket', 'WordPress', 'WordPress Multisite', 'YouTube', 'accessiBe', 'reCAPTCHA']"
austin-barbell.com,"Austin Barbell - #1 Weightlifting Gym in Austin, TX",The Austin Barbell Club ,USA,87,7607,2026-09-25T14:36:17.592912353Z,"['AJAX Libraries API', 'About Cookies', 'Accordion Blocks', 'Accordion FAQ', 'Adobe Creative Cloud WebFonts', 'Alternate Protocol', 'Aruba', 'ByteDance', 'Express', 'Facebook Login', 'Facebook Messenger Platform', 'Facebook Pixel', 'Facebook Reseller', 'Facebook Tag API', 'FormSubmit', 'GZIP Module', 'Google Analytics', 'Google Cloud DNS', 'Google Conversion Tracking', 'Google My Business', 'Google Tag Manager', 'Hotjar', 'Instagram Follow Button', 'Line2', 'Microdata for Google Shopping', 'NFOrce Internet', 'Network Advertising Initiative', 'No-Q', 'Perl', 'PushPress', 'QUIC', 'Shopify', 'Squarespace', 'Thank You', 'TikTok Conversion Tracking Pixel', 'UTF-8', 'University or College', 'WordPress SEO Structured Data Schema Plugin', 'YouTube', 'eLand', 'jQuery', 'jsDelivr']"
uvacoffee.com,Homepage | UVA,,,77,12440,2026-09-25T14:16:17.690856763Z,"['ByteDance', 'Content Delivery Network', 'GZIP Module', 'Google', 'Google Analytics', 'Google Cloud DNS', 'Google Font API', 'Google Tag Manager', 'Instagram Follow Button', 'Microdata for Google Shopping', 'Next.js', 'Onyx Internet', 'Pleroma', 'Styled Components', 'Tailwind CSS', 'TikTok Conversion Tracking Pixel', 'UTF-8']"
kiasprings.co.za,Home - Kia Springs,Kia Springs,ZAF,72,3935,2026-09-25T12:13:51.509947583Z,"['Adult Content', 'Alternate Protocol', 'ByteDance', 'Cloudflare', 'Cloudflare CDN', 'Cloudflare Web Analytics', 'Elementor', 'Elementor Custom Skin', 'EmbedPress', 'Essential Addons for Elementor', 'Facebook Conversion Tracking', 'Facebook Login', 'Facebook Messenger Platform', 'Facebook Pixel', 'Facebook Reseller', 'Facebook Tag API', 'Fastly', 'Font Awesome', 'Google Analytics', 'Google Tag Manager', 'Hello Elementor', 'Instagram Follow Button', 'KeyCDN', 'Microdata for Google Shopping', 'PHP', 'QUIC', 'Theme In WP', 'TikTok Conversion Tracking Pixel', 'UTF-8', 'Woo Themes', 'WooCommerce', 'WooCommerce Checkout', 'WordPress', 'WordPress Multisite', 'jQuery', 'jsDelivr']"
chillsaigon.com,Chill Skybar - Chill Skybar - Chill Dining,Chill Skybar - Chill Dining,,55,318,2026-09-25T11:49:44.454878035Z,"['AJAX Libraries API', 'Alternate Protocol', 'AutoComplete', 'ByteDance', 'CDN JS', 'Cloudflare', 'Cloudflare CDN', 'Elementor', 'Facebook Conversion Tracking', 'Facebook Customer Chat SDK', 'Facebook Login', 'Facebook Messenger Platform', 'Facebook Pixel', 'Facebook Reseller', 'Facebook Tag API', 'Font Awesome', 'Google', 'Google Analytics', 'Google Cloud CDN', 'Google Cloud DNS', 'Google Font API', 'Google My Business', 'Google Tag Manager', 'IcoMoon', 'Instagram Follow Button', 'LiteSpeed', 'Microdata for Google Shopping', 'PHP', 'Prefix Free', 'Schema Plugin', 'Thank You', 'TikTok Conversion Tracking Pixel', 'WP Fastest Cache', 'WordPress', 'WordPress Multisite', 'YouTube', 'reCAPTCHA']"
stamatissarris.com,"Stamatis Sarris | Creative Direction, Storytelling & Digital Design",,,57,7783,2026-09-25T11:38:00.603426415Z,"['AWS WAF Challenge', 'Amazon WAF Blocked', 'Bulma', 'ByteDance', 'Contact Form Plugin', 'Content Delivery Network', 'EmbedPress', 'Facebook Conversion Tracking', 'Facebook Login', 'Facebook Messenger Platform', 'Facebook Pixel', 'Facebook Reseller', 'Facebook Tag API', 'Fireblade', 'GDPR Cookie Compliance', 'Google Analytics', 'Google Cloud DNS', 'Google Font API', 'Google Tag Manager', 'Instagram Follow Button', 'LiteSpeed', 'Microdata for Google Shopping', 'PHP', 'Site Kit', 'Tailwind CSS', 'Theme In WP', 'TikTok Conversion Tracking Pixel', 'UTF-8', 'Uncode', 'University or College', 'WPBakery', 'WordPress', 'WordPress Multisite', 'eLand', 'jQuery']"
mydomx.eu,domx IoT Technologies – Smart Energy for Smarter Buildings – Upgrade Buildings. Maximize Efficiency. Home Energy Management by DOMX,domx IoT Technologies - Smart Energy for Smarter Buildings,GBR,82,46294,2026-09-25T11:19:04.120953292Z,"['AWS WAF Challenge', 'Alternate Protocol', 'Azion', 'ByteDance', 'CDN JS', 'Cloudflare', 'Cloudflare CDN', 'Cloudflare Turnstile', 'Contact Form Plugin', 'EmbedPress', 'Facebook Login', 'Facebook Messenger Platform', 'Facebook Pixel', 'Facebook Reseller', 'Facebook Tag API', 'GeneratePress Company', 'Google Analytics', 'Google Tag Manager', 'HandL UTM Grabber', 'HubSpot WordPress Plugin', 'INETu', 'Instagram Follow Button', 'LiteSpeed', 'Microdata for Google Shopping', 'PHP', 'Perl', 'PixelYourSite', 'Polylang', 'Popup Maker for Wordpress', 'Theme In WP', 'TikTok Conversion Tracking Pixel', 'Twitter Ads', 'UTF-8', 'WordPress', 'WordPress Multisite', 'YouTube', 'eLand', 'jQuery']"
strollercoaster.com,StrollerCoaster: A Parenting Podcast | Munchkin,"Munchkin, Inc.",,62,368694,2026-09-25T10:49:03.149750282Z,"['AWS WAF Challenge', 'Adobe Creative Cloud WebFonts', 'Alternate Protocol', 'Amazon', 'Amazon Associates', 'Amazon CloudFront', 'Amazon Route 53', 'Amazon Widgets', 'Bing Cashback', 'ByteDance', 'CDN JS', 'Cisco/Arrowpoint Content Service Switch', 'CloudFront', 'Cloudflare', 'Cloudflare CDN', 'DAV', 'DoubleClick Bid Manager', 'Express', 'Fireblade', 'Google', 'Google Analytics', 'Google Cloud CDN', 'Google Cloud DNS', 'Google Font API', 'Google My Business', 'Google Tag Manager', 'Instagram Follow Button', 'Investor Relations', 'Kaltura', 'Klaviyo', 'LiveAgent', 'Loop Returns', 'Medium', 'Microdata for Google Shopping', 'Microsoft Clarity', 'Oddle', 'OpenAI', 'QUIC', 'Rebuy', 'Salesforce', 'Salesforce Experience Cloud', 'Salesforce Hosted', 'Salesforce Live Agent', 'Shopify', 'Shopify Collabs', 'Storyblocks', 'Swell Rewards', 'Tailwind CSS', 'TikTok Conversion Tracking Pixel', 'Twitter Ads', 'University or College', 'Walmart', 'YouTube', 'shadcn ui']"
oversizedliftingclub.com,Oversized Studios | Shop Oversized Gym Wear,Oversized Studios,DNK,77,27796,2026-09-25T10:04:16.991736807Z,"['3 Products', 'Alternate Protocol', 'Amazon CloudFront', 'Amazon WAF Blocked', 'Apture Linking Platform', 'Baidu Cloud', 'ByteDance', 'Cloudflare', 'Cloudflare CDN', 'ElementUI', 'Fastly', 'Google Analytics', 'Google Cloud DNS', 'Google Cloud Storage', 'Google Related Website Sites', 'Google Tag Manager', 'GraphQL', 'Hotjar', 'Instagram Follow Button', 'Klaviyo', 'Microdata for Google Shopping', 'NFOrce Internet', 'QUIC', 'Shopify', 'Shopify Collabs', 'Shopify Payments', 'Tailwind CSS', 'Thank You', 'TikTok Conversion Tracking Pixel', 'UTF-8', 'University or College', 'Visual Website Optimizer', 'Yandex Hosting', 'YouTube', 'eLand', 'hCaptcha', 'jsDelivr', 'reCAPTCHA', 'shadcn ui']"
markqhomes.com.au,Luxury Custom Home Builders in Australia | MarkQ Homes,,AUS,72,10157,2026-09-25T09:57:55.052807915Z,"['Amazon WAF Blocked', 'ArvanCloud', 'ByteDance', 'CDN JS', 'Cloudflare', 'Cloudflare CDN', 'Facebook Conversion Tracking', 'Facebook Login', 'Facebook Messenger Platform', 'Facebook Pixel', 'Facebook Reseller', 'Facebook Tag API', 'Font Awesome', 'GZIP Module', 'Homes.com CMS', 'IcoMoon', 'Instagram Follow Button', 'Nginx', 'No-Q', 'QUIC', 'Tailwind CSS', 'TikTok Conversion Tracking Pixel', 'UTF-8', 'Ubuntu', 'Vector Internet Services', 'YouTube', 'jsDelivr']"
herbatonix.com,Natural Remedies & Herbal Supplements in Pakistan | Herbatonix,Herbatonix,,77,17795,2026-09-25T09:24:13.402871495Z,"['Alternate Protocol', 'Amazon', 'Amazon WAF Blocked', 'Apture Linking Platform', 'Baidu Cloud', 'ByteDance', 'Cloudflare', 'Cloudflare CDN', 'Coming Soon Page', 'Google Related Website Sites', 'Instagram Follow Button', 'Microdata for Google Shopping', 'NFOrce Internet', 'QUIC', 'Shopify', 'Shopify Collabs', 'Thank You', 'TikTok Conversion Tracking Pixel', 'UTF-8', 'Vector Internet Services', 'Yandex Hosting', 'hCaptcha', 'reCAPTCHA']"
rayspeed.asia,Pilihan Tepat Kirim Paket ke Luar Negeri - RaySpeed Asia,,IDN,72,65200,2026-09-25T09:06:02.753969838Z,"['Apache', 'Aruba', 'ByteDance', 'Debian', 'Ektron', 'Express', 'GZIP Module', 'Google Analytics', 'Google Tag Manager', 'Instagram Follow Button', 'PHP', 'Perl', 'QUIC', 'Tailwind CSS', 'TikTok Conversion Tracking Pixel', 'Twitter Ads', 'UTF-8', 'Vignette OpenText', 'WhatsApp Sharing', 'YouTube', 'eLand', 'jsDelivr']"
stephenscoggins.com,Stephen Scoggins | Integrated Leadership for High-Capacity Founders,Stephen Scoggins,USA,82,20247,2026-09-25T08:29:30.934024369Z,"['AWS WAF Challenge', 'Alternate Protocol', 'Amazon', 'Amazon CloudFront', 'Amazon S3 CDN', 'Amazon Widgets', 'ByteDance', 'CloudFront', 'Cloudflare', 'Content Delivery Network', 'Elementor', 'EmbedPress', 'Essential Addons for Elementor', 'Facebook Conversion Tracking', 'Facebook Login', 'Facebook Messenger Platform', 'Facebook Pixel', 'Facebook Reseller', 'Facebook Tag API', 'Font Awesome', 'Google Adsense', 'Google Analytics', 'Google Cloud DNS', 'Google Font API', 'Google Funding Choices', 'Google Matched Content', 'Google Related Website Sites', 'Google Reseller', 'Google Tag Manager', 'Hello Elementor', 'Instagram Follow Button', 'JetElements', 'Microdata for Google Shopping', 'Popup Maker for Wordpress', 'Site Kit', 'Sticky Header Effects for Elementor', 'Storyblocks', 'TikTok Conversion Tracking Pixel', 'Twitter Ads', 'UTF-8', 'WP Engine', 'WordPress', 'WordPress Multisite', 'YouTube', 'jQuery']"
parazar.co,Parazar - Trouve où tu sors et avec qui en quelques secondes,Parazar,,67,7378,2026-09-25T07:13:04.171330926Z,"['AJAX Libraries API', 'Amazon', 'Amazon CloudFront', 'App Store', 'Axeptio', 'ByteDance', 'CloudFront', 'Cloudflare', 'Content Delivery Network', 'Facebook Conversion Tracking', 'Facebook Login', 'Facebook Messenger Platform', 'Facebook Pixel', 'Facebook Reseller', 'Facebook Tag API', 'Firebase', 'GZIP Module', 'Google', 'Google Cloud CDN', 'Google Cloud DNS', 'Google Font API', 'Google My Business', 'Google Play', 'Google Tag Manager', 'IcoMoon', 'Instagram Follow Button', 'Microdata for Google Shopping', 'TikTok Conversion Tracking Pixel', 'UTF-8', 'WF Cookie Consent']"
minetteutama.com,Minette Utama,,,72,53667,2026-09-25T06:46:31.322711504Z,"['ByteDance', 'Express', 'Facebook Conversion Tracking', 'Facebook Login', 'Facebook Messenger Platform', 'Facebook Pixel', 'Facebook Reseller', 'Facebook Tag API', 'Font Awesome', 'GZIP Module', 'Google', 'Google Analytics', 'Google Cloud DNS', 'Google Font API', 'Google Tag Manager', 'Landingi', 'QUIC', 'Render', 'SMC', 'TikTok Conversion Tracking Pixel', 'UTF-8']"
getwellpads.com,Patchii,,USA,65,34023,2026-09-25T05:42:26.718444299Z,"['AJAX Libraries API', 'ByteDance', 'Cloudflare', 'Cloudflare CDN', 'Facebook Login', 'Facebook Messenger Platform', 'Facebook Pixel', 'Facebook Reseller', 'Facebook Tag API', 'Fireblade', 'Font Awesome', 'Google Analytics', 'Google Cloud DNS', 'Google Font API', 'Google Tag Manager', 'Hotjar', 'Tailwind CSS', 'TikTok Conversion Tracking Pixel', 'UTF-8', 'VWO Engage', 'Visual Website Optimizer', 'Zemanta', 'jQuery']"
tjsfurniture.co.nz,Bradsta Enterprises Ltd T/A: TJs Furniture Online,,NZL,70,7227,2026-09-25T05:37:06.178239306Z,"['3 Products', 'Alternate Protocol', 'Amazon', 'Amazon CloudFront', 'ByteDance', 'CloudFront', 'ETranslate', 'Ecwid Ecommerce Shopping Cart', 'Express', 'GZIP Module', 'Google Cloud DNS', 'Google Maps', 'Google My Business', 'Instagram Follow Button', 'NFOrce Internet', 'Nginx', 'PWA', 'TikTok Conversion Tracking Pixel', 'Twitter Ads', 'UTF-8', 'Unsplash', 'eLand']"
barlow-irvin.co.uk,Barlow Irvin Financial Services - Barlow Irvin Financial Advisers,,GBR,82,16837,2026-09-25T04:38:36.393844889Z,"['Alternate Protocol', 'ByteDance', 'Cloudflare', 'Cloudflare CDN', 'Content Delivery Network', 'ContentBox', 'EmbedPress', 'Facebook Conversion Tracking', 'Facebook Login', 'Facebook Messenger Platform', 'Facebook Pixel', 'Facebook Reseller', 'Facebook Tag API', 'Fireblade', 'Font Awesome', 'Google Analytics', 'Google Cloud DNS', 'Google Font API', 'Google Tag Manager', 'Microdata for Google Shopping', 'PHP', 'QUIC', 'Sitelinks Search Box', 'Theme In WP', 'Thrive Themes', 'TikTok Conversion Tracking Pixel', 'Twitter Ads', 'UTF-8', 'WordPress', 'WordPress Multisite', 'jQuery', 'reCAPTCHA']"
ibarratend.com,iBarratend Co. – Premium Craft Mixers & Professional Bartending Services,,NOR,60,7527,2026-09-25T03:08:32.360953021Z,"['Alternate Protocol', 'Amazon CloudFront', 'Amazon WAF Blocked', 'Anti-spam for WordPress', 'Automattic', 'ByteDance', 'CleanTalk Spam Protect', 'CloudFront', 'ElementUI', 'EmbedPress', 'Facebook Conversion Tracking', 'Facebook Login', 'Facebook Messenger Platform', 'Facebook Pixel', 'Facebook Reseller', 'Facebook Tag API', 'Fireblade', 'Google Analytics', 'Google Cloud DNS', 'Google Font API', 'Google My Business', 'Google Related Website Sites', 'Google Tag Manager', 'Instagram Follow Button', 'Jetpack', 'Kitco', 'LiteSpeed', 'PHP', 'QUIC', 'Site Kit', 'Theme In WP', 'TikTok Conversion Tracking Pixel', 'Twitter Ads', 'UTF-8', 'Woo Themes', 'WooCommerce', 'WooCommerce Checkout', 'WordPress', 'WordPress Multisite', 'WordPress Stats', 'YouTube', 'jQuery', 'myStickymenu']"
mindleads.online,"Mindfulness for Work – Focus, Productivity & Calm | The Mindfulness App",,,62,5723,2026-09-25T02:25:21.004493016Z,"['AJAX Libraries API', 'Amazon', 'Amazon CloudFront', 'App Store', 'ByteDance', 'CloudFront', 'Cloudflare', 'Content Delivery Network', 'Cybot', 'Facebook Conversion Tracking', 'Facebook Login', 'Facebook Messenger Platform', 'Facebook Pixel', 'Facebook Reseller', 'Facebook Tag API', 'GZIP Module', 'Google', 'Google Analytics', 'Google Cloud DNS', 'Google Font API', 'Google My Business', 'Google Play', 'Google Tag Manager', 'InitiativeS', 'Instagram Follow Button', 'Jetboost', 'LinkedIn Insights', 'LinkedIn Pixel', 'QUIC', 'TikTok Conversion Tracking Pixel', 'UTF-8', 'WF Cookie Consent', 'YouTube']"
vetalia.vet,Vetalia - Clínica Veterinaria 24/7 en México | Urgencias y Cuidado Integral,,ESP,82,12272,2026-09-25T01:54:46.533676438Z,"['AJAX Libraries API', 'Alternate Protocol', 'Amazon', 'Amazon CloudFront', 'ByteDance', 'CloudFront', 'Cloudflare', 'Content Delivery Network', 'Facebook Conversion Tracking', 'Facebook Login', 'Facebook Messenger Platform', 'Facebook Pixel', 'Facebook Reseller', 'Facebook Tag API', 'GZIP Module', 'Google', 'Google Analytics', 'Google Cloud DNS', 'Google Font API', 'Google My Business', 'Google Related Website Sites', 'Google Tag Manager', 'IcoMoon', 'Instagram Follow Button', 'Postimage.org', 'Tailwind CSS', 'TikTok Conversion Tracking Pixel', 'UTF-8', 'Vector Internet Services', 'WF Cookie Consent', 'Webflow', 'Zendesk Guide']"
josebordas.com,Credit Repair near you | Credit Restoration Expert Services,,USA,77,18457,2026-09-25T00:32:09.194453401Z,"['AWS WAF Challenge', 'Active Campaign', 'Alternate Protocol', 'ByteDance', 'Elfsight', 'Flat Icon', 'Fontello', 'GZIP Module', 'Google Analytics', 'Google Cloud DNS', 'Google Font API', 'Google My Business', 'Google Tag Manager', 'IcoMoon', 'Instagram Follow Button', 'Nginx', 'QUIC', 'Slider Revolution', 'Tailwind CSS', 'TikTok Conversion Tracking Pixel', 'UTF-8', 'YouTube', 'jQuery', 'jsDelivr', 'reCAPTCHA']"
crawfordmulholland.com,"Mortgage Advisor Belfast, NI | Crawford Mulholland",,GBR,82,25891,2026-09-24T23:44:12.340182913Z,"['10to8', 'Alternate Protocol', 'Ametys', 'ByteDance', 'Content Delivery Network', 'Express', 'Facebook Login', 'Facebook Messenger Platform', 'Facebook Pixel', 'Facebook Reseller', 'Facebook Tag API', 'Fancybox for WordPress', 'Fastly', 'Fireblade', 'GZIP Module', 'Google', 'Google Analytics', 'Google Cloud DNS', 'Google Font API', 'Google Maps', 'Google Related Website Sites', 'Google Tag Manager', 'Instagram Follow Button', 'Interchange', 'LiteSpeed', 'Microdata for Google Shopping', 'PHP', 'QUIC', 'Sitelinks Search Box', 'Tailwind CSS', 'TikTok Conversion Tracking Pixel', 'Twitter Ads', 'UTF-8', 'Vector Internet Services', 'WordPress', 'WordPress Multisite', 'YouTube', 'eLand', 'jQuery']"
thelegalnurselab.com,Home,,FLK,72,3671,2026-09-24T23:06:20.874711422Z,"['Amazon WAF Blocked', 'Animate It', 'Apture Linking Platform', 'ByteDance', 'CDN JS', 'Cloudflare', 'Cloudflare CDN', 'Content Delivery Network', 'Express', 'Facebook Conversion Tracking', 'Facebook Login', 'Facebook Messenger Platform', 'Facebook Pixel', 'Facebook Reseller', 'Facebook Tag API', 'Font Awesome', 'GetResponse', 'Google Analytics', 'Google Cloud DNS', 'Google Font API', 'Google Tag Manager', 'New Relic', 'QUIC', 'TikTok Conversion Tracking Pixel', 'UTF-8', 'jQuery', 'jsDelivr']"
blancempress.com,Blanc Empress,,ROU,65,21897,2026-09-24T22:01:10.522823436Z,"['Alternate Protocol', 'Amazon', 'Amazon CloudFront', 'ByteDance', 'CloudFront', 'ETranslate', 'Ecwid Ecommerce Shopping Cart', 'Express', 'Fireblade', 'GZIP Module', 'Google Cloud DNS', 'Google Maps', 'Google My Business', 'Heroku', 'Investor Relations', 'Nginx', 'Omnisend', 'PWA', 'QUIC', 'SiteW', 'SiteWit', 'Stripe', 'Tailwind CSS', 'TikTok Conversion Tracking Pixel', 'UTF-8', 'Unsplash', 'eLand']"
secureonlinesmelody.com,Secureonlinesmelody,,,62,1132,2026-09-24T21:36:04.082997979Z,"['Adult Content', 'Apture Linking Platform', 'ByteDance', 'Cloudflare', 'ElementUI', 'Express', 'GZIP Module', 'GetResponse', 'Microdata for Google Shopping', 'QUIC', 'Tailwind CSS', 'TikTok Conversion Tracking Pixel', 'UTF-8', 'Vue.js', 'jsDelivr']"
medisynclabs.ca,MediSync Labs,,FLK,65,20560,2026-09-24T21:17:33.652890277Z,"['AWS WAF Challenge', 'ByteDance', 'CDN JS', 'Cloudflare', 'Cloudflare CDN', 'Facebook Conversion Tracking', 'Facebook Login', 'Facebook Messenger Platform', 'Facebook Pixel', 'Facebook Reseller', 'Facebook Tag API', 'Fastly', 'GZIP Module', 'Google', 'Google Cloud DNS', 'Google Font API', 'Google My Business', 'Google Play', 'Google Related Website Sites', 'Nginx', 'PWA', 'QUIC', 'Share Link', 'Tailwind CSS', 'TikTok Conversion Tracking Pixel', 'UTF-8', 'jsDelivr']"
quickplay-soccer.com,QUICKPLAY | Innovative US Based Sports Training Equipment,QUICKPLAY USA,FRA,82,63324,2026-09-24T20:41:56.358678207Z,"['501c3 Status Nonprofit', 'AWS WAF Challenge', 'Alternate Protocol', 'Amazon CloudFront', 'Amazon WAF Blocked', 'Apture Linking Platform', 'Baidu Cloud', 'ByteDance', 'CloudFront', 'Cloudflare', 'Cloudflare CDN', 'DoubleClick Bid Manager', 'Express', 'Facebook Reseller', 'Fastly', 'GoAffPro', 'Google', 'Google Analytics', 'Google Cloud CDN', 'Google Cloud DNS', 'Google Font API', 'Google Related Website Sites', 'Google Tag Manager', 'Gorgias', 'Instagram Follow Button', 'K2F', 'Klaviyo', 'Microdata for Google Shopping', 'Microsoft Clarity', 'NFOrce Internet', 'No-Q', 'Parcel', 'Perl', 'QUIC', 'Shopify', 'Shopify Collabs', 'Tailwind CSS', 'Thank You', 'TikTok Conversion Tracking Pixel', 'UTF-8', 'University or College', 'UserWay', 'Vercel', 'Yandex Hosting', 'YouTube', 'hCaptcha', 'jsDelivr', 'reCAPTCHA']"
monstertrucksunleashed.com.au,Monster Trucks Unleashed | Perth Motorplex 24 & 25 Jan 2026,Monster Events,AUS,77,67897,2026-09-24T20:36:20.962545731Z,"['Alternate Protocol', 'ByteDance', 'Content Delivery Network', 'Elementor', 'EmbedPress', 'Facebook Conversion Tracking', 'Facebook Login', 'Facebook Messenger Platform', 'Facebook Pixel', 'Facebook Reseller', 'Facebook Tag API', 'Fireblade', 'Google Analytics', 'Google Related Website Sites', 'Google Tag Manager', 'Hello Elementor', 'Instagram Feed for WordPress', 'Instagram Follow Button', 'LiteSpeed', 'Microdata for Google Shopping', 'NFOrce Internet', 'No-Q', 'PHP', 'QUIC', 'SMC', 'Theme In WP', 'TikTok Conversion Tracking Pixel', 'UTF-8', 'WordPress', 'WordPress Multisite', 'YouTube', 'jQuery']"
maplevoiceassistant.com,Maple | Voice AI That Answers Calls & Takes Orders for Restaurants,Maple Voice AI,USA,87,30304,2026-09-24T19:47:00.487634064Z,"['AWS WAF Challenge', 'Alternate Protocol', 'Amazon', 'Amazon CloudFront', 'Apture Linking Platform', 'ArvanCloud', 'ByteDance', 'CloudFront', 'Cloudflare', 'Cloudflare CDN', 'Cloudflare Turnstile', 'Cloudflare Web Analytics', 'Content Delivery Network', 'Facebook Conversion Tracking', 'Facebook Login', 'Facebook Messenger Platform', 'Facebook Pixel', 'Facebook Reseller', 'Facebook Tag API', 'GZIP Module', 'Google Analytics', 'Google Related Website Sites', 'Google Tag Manager', 'IcoMoon', 'Instagram Follow Button', 'Microdata for Google Shopping', 'Mouseflow', 'Ntent', 'OpenAI', 'QUIC', 'Sanity', 'Seflow Italy', 'Tailwind CSS', 'TikTok Conversion Tracking Pixel', 'Vector Internet Services', 'WF Cookie Consent', 'jsDelivr']"
adultonlinehighschool.org,Smart Schools | Earn Your High School Diploma Online,Smart Schools,USA,77,17053,2026-09-24T18:39:15.724178575Z,"['501c3 Status Nonprofit', 'AWS WAF Challenge', 'Alternate Protocol', 'ByteDance', 'Cloudflare', 'Content Delivery Network', 'DuracellTomi Google Tag Manager for WordPress', 'EmbedPress', 'Facebook Conversion Tracking', 'Facebook Login', 'Facebook Messenger Platform', 'Facebook Pixel', 'Facebook Reseller', 'Facebook Tag API', 'FormSubmit', 'Google Analytics', 'Google Tag Manager', 'IcoMoon', 'Instagram Follow Button', 'Microdata for Google Shopping', 'PHP', 'QUIC', 'Tailwind CSS', 'Theme In WP', 'TikTok Conversion Tracking Pixel', 'UTF-8', 'University or College', 'Vimeo', 'WP Engine', 'WordPress', 'WordPress Multisite', 'YouTube', 'jQuery']"
remedytaxsolutions.com,Tax Relief Solution- Lower Your Tax Debt | Remedy Tax Solutions,Remedy Tax Solutions,USA,82,440,2026-09-24T18:12:48.158131043Z,"['Alternate Protocol', 'ByteDance', 'Calendly', 'Content Delivery Network', 'Elementor', 'EmbedPress', 'Google Analytics', 'Google Tag Manager', 'Instagram Follow Button', 'LiteSpeed', 'Microdata for Google Shopping', 'PHP', 'Schema Plugin', 'Site Kit', 'Table Addons for Elementor', 'TikTok Conversion Tracking Pixel', 'UTF-8', 'WordPress', 'WordPress Multisite', 'jQuery']"
rodastesfom.com,Rodas Tesfom Gaim,,,72,3667,2026-09-24T15:45:53.90165793Z,"['ByteDance', 'Facebook Conversion Tracking', 'Facebook Login', 'Facebook Messenger Platform', 'Facebook Pixel', 'Facebook Reseller', 'Facebook Tag API', 'Font Awesome', 'GZIP Module', 'Google', 'Google Analytics', 'Google Cloud DNS', 'Google Font API', 'Google Tag Manager', 'Landingi', 'Render', 'TikTok Conversion Tracking Pixel', 'UTF-8']"
grandcentralmenshealth.com,Grand Central Men's Health | Male ED & Low-T Clinic | New York,Grand Central Men's Health of Manhattan,USA,82,40695,2026-09-24T15:42:44.967868073Z,"['Alternate Protocol', 'ByteDance', 'Cloudflare', 'Cloudflare CDN', 'Content Delivery Network', 'Divi', 'Elegant Themes', 'EmbedPress', 'FreeCSSTemplates', 'Google', 'Google Analytics', 'Google Cloud CDN', 'Google Cloud DNS', 'Google Customer Reviews', 'Google Font API', 'Google Maps', 'Google My Business', 'Google Tag Manager', 'HubSpot Conversations', 'HubSpot WordPress Plugin', 'Hubspot', 'Instagram Follow Button', 'Microdata for Google Shopping', 'On The Map', 'PHP', 'PixelYourSite', 'QUIC', 'Site Kit', 'Theme In WP', 'TikTok Conversion Tracking Pixel', 'UTF-8', 'WP Google Maps', 'Woo Themes', 'WordPress', 'WordPress Multisite', 'YouTube', 'jQuery']"
deerpimp.com,Home | Deer Pimp Scents | Real Doe in Heat Estrus Urine,Deer Pimp Scents and Lures,,87,127990,2026-09-24T14:28:16.449775141Z,"['Alternate Protocol', 'Amazon WAF Blocked', 'Apture Linking Platform', 'ByteDance', 'Cloudflare', 'Content Delivery Network', 'Express', 'Facebook Conversion Tracking', 'Facebook Login', 'Facebook Messenger Platform', 'Facebook Pixel', 'Facebook Reseller', 'Facebook Tag API', 'Fastly', 'Fastly CDN', 'GZIP Module', 'Google Related Website Sites', 'Instagram Follow Button', 'KVH', 'Microdata for Google Shopping', 'NFOrce Internet', 'On The Map', 'POWr', 'PWA', 'QUIC', 'SMC', 'Seflow Italy', 'Sentry', 'SiteW', 'Thank You', 'TikTok Conversion Tracking Pixel', 'UTF-8', 'Vector Internet Services', 'Wix', 'Wix Media', 'eLand', 'mlcom']"
sunrisefundgrowthworksteam.com,Sunrise,,USA,67,89310,2026-09-24T14:02:49.57868923Z,"['Alternate Protocol', 'Apture Linking Platform', 'ByteDance', 'Facebook Conversion Tracking', 'Facebook Login', 'Facebook Messenger Platform', 'Facebook Pixel', 'Facebook Reseller', 'Facebook Tag API', 'Framer Sites', 'Google', 'Google Cloud CDN', 'K2F', 'LinkedIn Insights', 'LinkedIn Pixel', 'No-Q', 'Ntent', 'QUIC', 'SMC', 'TikTok Conversion Tracking Pixel', 'Vector Internet Services', 'Yandex Hosting', 'Zeald']"
bullionriseconsult.com,build a house in Nigeria with bullionrise consult - Build Your House In Nigeria With Bullionrise,,NGA,82,2229,2026-09-24T14:02:49.575875551Z,"['Alternate Protocol', 'Apture Linking Platform', 'Astra Theme', 'ByteDance', 'CleanTalk Spam Protect', 'Elementor', 'EmbedPress', 'Facebook Conversion Tracking', 'Facebook Login', 'Facebook Messenger Platform', 'Facebook Pixel', 'Facebook Reseller', 'Facebook Tag API', 'Font Awesome', 'FormSubmit', 'Google Analytics', 'Google Cloud DNS', 'Google Font API', 'Google Tag Manager', 'Header, Footer and Blocks for Elementor', 'Instagram Follow Button', 'Microdata for Google Shopping', 'NFOrce Internet', 'PHP', 'Site Kit', 'Sitelinks Search Box', 'Smart Slider 3', 'Table Addons for Elementor', 'Theme In WP', 'TikTok Conversion Tracking Pixel', 'Twitter Ads', 'UTF-8', 'University or College', 'WhatsApp Sharing', 'Woo Themes', 'WordPress', 'WordPress Multisite', 'YouTube', 'jQuery']"
gotonexus.com,NEXUS — Premium Executive Training,Nexus,EGY,77,2944,2026-09-24T12:12:06.535796463Z,"['Alternate Protocol', 'Beaver Builder Lite', 'ByteDance', 'Content Delivery Network', 'EmbedPress', 'Facebook Conversion Tracking', 'Facebook Login', 'Facebook Messenger Platform', 'Facebook Pixel', 'Facebook Reseller', 'Facebook Tag API', 'Google', 'Google Analytics', 'Google Cloud DNS', 'Google Font API', 'Google Tag Manager', 'Instagram Follow Button', 'LinkedIn Insights', 'LinkedIn Pixel', 'Microdata for Google Shopping', 'Nginx', 'PHP', 'Sitelinks Search Box', 'Theme In WP', 'Tickera', 'TikTok Conversion Tracking Pixel', 'UTF-8', 'Woo Themes', 'WooCommerce', 'WooCommerce Checkout', 'WordPress', 'WordPress Multisite', 'jQuery', 'jsDelivr']"
southendroundtable.com,Southend Round Table 106,Southend Round Table 106,GBR,82,59460,2026-09-24T12:08:47.337301249Z,"['AWS WAF Challenge', 'Alternate Protocol', 'ByteDance', 'Cloudflare', 'Cloudflare CDN', 'Cloudflare Turnstile', 'Content Delivery Network', 'EmbedPress', 'Facebook Login', 'Facebook Messenger Platform', 'Facebook Pixel', 'Facebook Reseller', 'Facebook Tag API', 'GOV.UK Design System', 'Google', 'Google Analytics', 'Google Cloud CDN', 'Google Cloud DNS', 'Google Font API', 'Google Tag Manager', 'Instagram Follow Button', 'KVH', 'Line2', 'LiteSpeed', 'M247', 'Microdata for Google Shopping', 'Pico CSS', 'QUIC', 'QUIC.cloud', 'TikTok Conversion Tracking Pixel', 'UTF-8', 'Woo Themes', 'WordPress', 'WordPress Multisite', 'reCAPTCHA']"
asana.hn,Work & Project Management for Human-Agent Teams • Asana,Asana,,82,350200,2026-09-24T10:00:35.679981868Z,"['Adalyser', 'Alternate Protocol', 'Amazon', 'Amazon Associates Affiliate Shop', 'Amazon CloudFront', 'Amazon Route 53', 'Amazon WAF Blocked', 'Apple Auto Link Maker', 'Apture Linking Platform', 'Asana', 'Bing Cashback', 'Bing Conversion Tracking', 'Bizo', 'ByteDance', 'CDN JS', 'CloudFront', 'Cloudflare', 'Cloudflare CDN', 'Content Delivery Network', 'Content Square', 'Contentful', 'Crowdsignal', 'DoubleClick Bid Manager', 'Facebook Reseller', 'Global Privacy Control', 'Google', 'Google Analytics', 'Google Cloud CDN', 'Google Cloud DNS', 'Google Matched Content', 'Google My Business', 'Google Play', 'Google Recommendations AI', 'Google Related Website Sites', 'Google Reseller', 'Google Tag Manager', 'Greenhouse', 'IcoMoon', 'InitiativeS', 'Instagram Follow Button', 'Investor Relations', 'JotForm', 'LinkedIn Pixel', 'Microdata for Google Shopping', 'Microsoft Ajax Content Delivery Network', 'Netlify', 'Next.js', 'OneTrust Domain Verification', 'OpenAI', 'Optimizely Recommendations', 'Perl', 'Pico CSS', 'Pinterest Conversion Tracking', 'Pleroma', 'Plivo', 'Postie', 'QUIC', 'RM Education', 'Recurly', 'Reddit Conversion Tracking', 'Share Link', 'Sign In With Google', 'StatusPage IO', 'Storyblocks', 'TVSquared', 'Thank You', 'TikTok Conversion Tracking Pixel', 'Twitter Ads', 'UTF-8', 'Vector Internet Services', 'Vimeo CDN', 'Wistia', 'Yandex Hosting', 'YouTube', 'ZoomInfo', 'jsDelivr', 'reCAPTCHA']"
verroniciak.com,Verroniciak,,USA,67,13771,2026-09-24T09:40:02.851435937Z,"['Amazon', 'Amazon CloudFront', 'Baidu Cloud', 'ByteDance', 'CloudFront', 'Cloudflare', 'Cloudflare CDN', 'Express', 'GZIP Module', 'GetResponse', 'Giropay', 'Google', 'Google Analytics', 'Google Cloud CDN', 'Google Tag Manager', 'Microsoft Azure', 'Newsletter for Wordpress', 'PHP', 'QUIC', 'Tailwind CSS', 'TikTok Conversion Tracking Pixel', 'UTF-8', 'Visual Studio', 'Yandex Hosting']"
dozepatches.co.uk,Doze Patches,,,67,4440,2026-09-24T09:40:02.841453136Z,"['Adobe Creative Cloud WebFonts', 'Alternate Protocol', 'Automattic', 'ByteDance', 'Content Delivery Network', 'CookieYes', 'EmbedPress', 'Font Awesome', 'Instagram Follow Button', 'Jetpack', 'Klaviyo', 'Klaviyo for WordPress', 'Nginx', 'PHP', 'ThemeFusion', 'TikTok Conversion Tracking Pixel', 'UTF-8', 'Woo Themes', 'WooCommerce', 'WooCommerce Checkout', 'WooCommerce Payments', 'WordPress', 'WordPress Multisite', 'WordPress Stats', 'jQuery']"
hestanbul.com,Hestanbul - Hair Transplant In Turkey,,TUR,67,19095,2026-09-24T09:27:35.223471128Z,"['AWS WAF Challenge', 'AdRoll', 'Alternate Protocol', 'Better Lead Generation Services', 'ByteDance', 'Cloudflare', 'Cloudflare CDN', 'Contact Form Plugin', 'EmbedPress', 'Express', 'Facebook Conversion Tracking', 'Facebook Login', 'Facebook Messenger Platform', 'Facebook Pixel', 'Facebook Reseller', 'Facebook Tag API', 'Gambling Content', 'Google', 'Google Analytics', 'Google Cloud DNS', 'Google Font API', 'Google My Business', 'Google Related Website Sites', 'Google Tag Manager', 'Gravity Forms', 'Instagram Follow Button', 'Microdata for Google Shopping', 'PHP', 'Perl', 'Sitelinks Search Box', 'Theme In WP', 'TikTok Conversion Tracking Pixel', 'Twitter Ads', 'UTF-8', 'WPForms', 'WPML Multilingual', 'Woo Themes', 'WordPress', 'WordPress Multisite', 'YouTube', 'Zoho SalesIQ', 'jQuery']"
dollarbid.com.au,"DollarBid – Need a dollar? Personal loans from $100 – $100,000. Get approved today!",,,62,43753,2026-09-24T09:19:39.057657599Z,"['Alternate Protocol', 'Australian Credit Licence', 'ByteDance', 'Contact Form Plugin', 'Contento', 'DAV', 'EmbedPress', 'Facebook Conversion Tracking', 'Facebook Login', 'Facebook Messenger Platform', 'Facebook Pixel', 'Facebook Reseller', 'Facebook Tag API', 'Fireblade', 'Google Analytics', 'Google Cloud DNS', 'Google Font API', 'Google My Business', 'Google Tag Manager', 'IcoMoon', 'LiteSpeed', 'Muffin Group', 'OneSignal', 'PHP', 'Photo Gallery for WordPress', 'QUIC', 'Subversion', 'Theme In WP', 'TikTok Conversion Tracking Pixel', 'UTF-8', 'WP Fastest Cache', 'Woo Themes', 'WordPress', 'WordPress Multisite', 'YouTube', 'reCAPTCHA']"
emadacademy.com,تعلم مهارات المستقبل وانطلق بسرعة وقوة إلى سوق العمل | Emad Academy | عماد أكاديمي,Emad Academy | عماد أكاديمي,EGY,82,8978,2026-09-24T06:42:04.245652664Z,"['Alternate Protocol', 'Apture Linking Platform', 'ByteDance', 'CDN JS', 'Cloudflare', 'Cloudflare CDN', 'Content Delivery Network', 'Elementor', 'EmbedPress', 'Google Analytics', 'Google Cloud DNS', 'Google Font API', 'Google My Business', 'Google Tag Manager', 'Instagram Follow Button', 'Kitco', 'Line2', 'LiteSpeed', 'Microdata for Google Shopping', 'PHP', 'Python', 'QUIC', 'QUIC.cloud', 'Sign In With Google', 'TikTok Conversion Tracking Pixel', 'Tutor LMS', 'Twitter Ads', 'UTF-8', 'WhatsApp Sharing', 'Woo Themes', 'WooCommerce', 'WooCommerce Checkout', 'WordPress', 'WordPress Multisite', 'Yandex Hosting', 'YouTube', 'Zoom Video Conferencing']"
museumofsenses.es,Museum of Senses Madrid,Museum of Senses,ESP,87,34387,2026-09-24T06:32:40.03801194Z,"['AWS WAF Challenge', 'Adult Content', 'Amazon WAF Blocked', 'Apache', 'Apture Linking Platform', 'Astro', 'ByteDance', 'Coming Soon Page', 'Fireblade', 'Google', 'Google Analytics', 'Google Cloud DNS', 'Google Font API', 'Google My Business', 'Google Related Website Sites', 'Google Tag Manager', 'Gravity', 'Instagram Follow Button', 'Microdata for Google Shopping', 'Oddle', 'PWA', 'QUIC', 'Share Link', 'Tailwind CSS', 'Thank You', 'TikTok Conversion Tracking Pixel', 'shadcn ui']"
hoiltd.com,Home & Office Improvements – Delivering The Digital Enterprise Step by Step with Microsoft,,GBR,77,61431,2026-09-24T05:51:04.932959357Z,"['Alternate Protocol', 'Automattic', 'Blog Designer Pack', 'ByteDance', 'Cloudflare', 'CoBlocks', 'Contact Form Plugin', 'Content Delivery Network', 'ElementUI', 'Elementor', 'ElementsKit Elementor', 'EmbedPress', 'Facebook Conversion Tracking', 'Facebook Login', 'Facebook Messenger Platform', 'Facebook Pixel', 'Facebook Reseller', 'Facebook Tag API', 'Fireblade', 'GoDaddy', 'Google Analytics', 'Google My Business', 'Google Related Website Sites', 'Google Tag Manager', 'Hello Elementor', 'Instagram Follow Button', 'Investor Relations', 'Jetpack', 'Jetpack Site Accelerator', 'Kitco', 'M247', 'Metform Elemento', 'Microsoft Clarity', 'Ntent', 'Oracle Cloud', 'PHP', 'Parallels Plesk Panel', 'Perl', 'Pinterest Conversion Tracking', 'QUIC', 'Sign In With Google', 'Site Kit', 'Table Addons for Elementor', 'Theme In WP', 'TikTok Conversion Tracking Pixel', 'Twitter Ads', 'UTF-8', 'Wangsu', 'Website Tonight', 'WhatsApp Sharing', 'Woo Themes', 'WooCommerce', 'WooCommerce Checkout', 'WooCommerce Payments', 'WordPress', 'WordPress Multisite', 'WordPress Stats', 'YouTube', 'eLand', 'jQuery', 'reCAPTCHA']"
inkwaveclothing.com,Ink Wave Clothing,,USA,60,647,2026-09-24T03:41:55.323295507Z,"['Alternate Protocol', 'Amazon', 'Amazon CloudFront', 'ByteDance', 'CloudFront', 'ETranslate', 'Ecwid Ecommerce Shopping Cart', 'GZIP Module', 'Google Cloud DNS', 'Google Maps', 'Google My Business', 'Nginx', 'PWA', 'Stripe', 'TikTok Conversion Tracking Pixel', 'UTF-8', 'Unsplash', 'eLand']"
skaperverket.com,"Jemsideas | Gift Boxes, Survival kits with Custom Messages",,,57,384,2026-09-24T02:50:38.815295829Z,"['Amazon CloudFront', 'Apache', 'ByteDance', 'CDN JS', 'CloudFront', 'Cloudflare', 'Cloudflare CDN', 'ElementUI', 'Express', 'Facebook Login', 'Facebook Messenger Platform', 'Facebook Pixel', 'Facebook Reseller', 'Foundation', 'GZIP Module', 'GitHub Hosting', 'Google', 'Google Analytics', 'Google Cloud DNS', 'Google Font API', 'Google My Business', 'Google Related Website Sites', 'Google Tag Manager', 'IcoMoon', 'Line2', 'Microdata for Google Shopping', 'QUIC', 'Tailwind CSS', 'Thank You', 'TikTok Conversion Tracking Pixel', 'UTF-8', 'eLand', 'jsDelivr']"
rektinc.com,REKT Inc. - Georgia's Highest Rated Rage Room,REKT Inc. Rage Rooms,,72,3404,2026-09-24T02:17:17.794789881Z,"['Alternate Protocol', 'Apache', 'ByteDance', 'Cloudflare', 'DAV', 'EmbedPress', 'Font Awesome', 'GS Logo Slider', 'GZIP Module', 'Google Analytics', 'Google Analytics Dashboard for WordPress', 'Google Cloud DNS', 'Google Font API', 'Google Maps', 'Google My Business', 'Google Tag Manager', 'Hotjar', 'Microdata for Google Shopping', 'PHP', 'PixelYourSite', 'Schema Plugin', 'Shortcodes Ultimate', 'Site Kit', 'Tailwind CSS', 'Theme In WP', 'TikTok Conversion Tracking Pixel', 'UTF-8', 'W3.CSS', 'WP Google Maps', 'WPForms', 'Woo Themes', 'WordPress', 'WordPress Multisite', 'jQuery', 'jsDelivr', 'reCAPTCHA']"
diamonddicebaseball.com,Diamond Dice Baseball Game,,,55,803,2026-09-24T01:02:24.841241981Z,"['Alternate Protocol', 'Amazon', 'Amazon CloudFront', 'ByteDance', 'CloudFront', 'ETranslate', 'Ecwid Ecommerce Shopping Cart', 'GZIP Module', 'Google Cloud DNS', 'Google Maps', 'Google My Business', 'MailChimp', 'Nginx', 'PWA', 'QUIC', 'Stripe', 'TikTok Conversion Tracking Pixel', 'UTF-8', 'Unsplash', 'eLand']"
myplanetvape.com,Planetvape,,,55,3087,2026-09-24T00:36:18.017412838Z,"['Alternate Protocol', 'Amazon', 'Amazon CloudFront', 'ByteDance', 'CloudFront', 'ETranslate', 'Ecwid Ecommerce Shopping Cart', 'GZIP Module', 'Google Cloud DNS', 'Google Maps', 'Google My Business', 'Instagram Follow Button', 'Nginx', 'PWA', 'Poptin', 'RM Education', 'TikTok Conversion Tracking Pixel', 'Typeform', 'UTF-8', 'Unsplash', 'eLand']"
youarealifeguard.org,Teen Suicide Prevention | You Are A Lifeguard | Orlando,,USA,87,104990,2026-09-24T00:20:24.507707616Z,"['AWS WAF Challenge', 'Alternate Protocol', 'Amazon WAF Blocked', 'Apture Linking Platform', 'ByteDance', 'Cloudflare', 'Content Delivery Network', 'Express', 'Fastly', 'Fastly CDN', 'GZIP Module', 'Google Conversion Tracking', 'Google Related Website Sites', 'Instagram Follow Button', 'Microdata for Google Shopping', 'NFOrce Internet', 'POWr', 'PWA', 'QUIC', 'SMC', 'Seflow Italy', 'Sentry', 'SiteW', 'Thank You', 'TikTok Conversion Tracking Pixel', 'UTF-8', 'Vector Internet Services', 'Wix', 'Wix Media', 'eLand', 'mlcom']"
therockorchestra.co.uk,"The Rock Orchestra – A collective of classical musicians, breathing beautifully dark energy into legendary Rock & Metal.",,,62,55699,2026-09-24T00:20:24.506850365Z,"['Adult Content', 'Alternate Protocol', 'Amazon WAF Blocked', 'Apture Linking Platform', 'Automattic', 'BatCache', 'ByteDance', 'Content Delivery Network', 'DAV', 'DuracellTomi Google Tag Manager for WordPress', 'EmbedPress', 'Facebook Conversion Tracking', 'Facebook Login', 'Facebook Messenger Platform', 'Facebook Pixel', 'Facebook Reseller', 'Facebook Tag API', 'Fastly', 'Financial Services Guide', 'FormSubmit', 'Google Analytics', 'Google Tag Manager', 'Gravity Forms', 'Gutenberg', 'Instagram Follow Button', 'Jetpack', 'Jetpack Site Accelerator', 'Nginx', 'Oracle Cloud', 'Perl', 'SMC', 'Site Kit', 'Thank You', 'TikTok Conversion Tracking Pixel', 'UTF-8', 'WPFront Notification Bar', 'Woo Themes', 'WooCommerce', 'WooCommerce Checkout', 'WooCommerce Payments', 'WordPress', 'WordPress Multisite', 'YouTube', 'eLand', 'jQuery']"
shopattheelementandether.co,Element & Ether – Element & Ether,Element &amp; Ether,PRK,77,8176,2026-09-24T00:15:43.188101436Z,"['AJAX Libraries API', 'Apture Linking Platform', 'Baidu Cloud', 'ByteDance', 'Cloudflare', 'Cloudflare CDN', 'Google Cloud DNS', 'Microdata for Google Shopping', 'QUIC', 'Shopify', 'Shopify Collabs', 'TikTok Conversion Tracking Pixel', 'UTF-8', 'Yandex Hosting', 'hCaptcha', 'jQuery', 'reCAPTCHA']"
rockthecalm.com,Helpful Gifts for Cancer Patients & Chemo Care Packages,Rock The Treatment,PER,77,31986,2026-09-23T21:47:40.236196036Z,"['AWS WAF Challenge', 'Alternate Protocol', 'Amped', 'Apture Linking Platform', 'Automattic', 'Beaver Builder Lite', 'ByteDance', 'Content Delivery Network', 'DAV', 'DC74', 'ElementUI', 'Elementor', 'EmbedPress', 'Express', 'Facebook Login', 'Facebook Messenger Platform', 'Facebook Pixel', 'Facebook Reseller', 'Flatsome', 'GZIP Module', 'Google', 'Google Analytics', 'Google Cloud CDN', 'Google Cloud DNS', 'Google Font API', 'Google Tag Manager', 'Harbor', 'Instagram Follow Button', 'Jetpack', 'Line2', 'Microdata for Google Shopping', 'NFOrce Internet', 'Nginx', 'NitroPack', 'Perl', 'Popup Maker for Wordpress', 'QUIC', 'Schema Plugin', 'Sitelinks Search Box', 'Table Addons for Elementor', 'Tailwind CSS', 'TikTok Conversion Tracking Pixel', 'Twitter Ads', 'UTF-8', 'UserWay', 'Woo Themes', 'WooCommerce', 'WooCommerce Checkout', 'WordPress', 'WordPress Multisite', 'YouTube']"
tree.it,tree · we deliver impact through innovation,,JPN,92,14141,2026-09-23T21:00:31.571714503Z,"['Alternate Protocol', 'Azion', 'ByteDance', 'Contact Form Plugin', 'Content Delivery Network', 'EmbedPress', 'Essential Grid', 'Facebook Conversion Tracking', 'Facebook Login', 'Facebook Messenger Platform', 'Facebook Pixel', 'Facebook Reseller', 'Facebook Tag API', 'Fontello', 'GZIP Module', 'Gambling Content', 'Google Analytics', 'Google Cloud DNS', 'Google Font API', 'Google My Business', 'Google Related Website Sites', 'Google Tag Manager', 'HubSpot Conversations', 'Hubspot', 'IcoMoon', 'Instagram Follow Button', 'MailChimp for WordPress', 'Microdata for Google Shopping', 'Nginx', 'PHP', 'Perl', 'QUIC', 'Schema Plugin', 'Slider Revolution', 'Theme In WP', 'TikTok Conversion Tracking Pixel', 'Twitter Ads', 'UTF-8', 'WP Engine', 'WPBakery', 'Woo Themes', 'WordPress', 'WordPress Multisite', 'eLand', 'jQuery']"
hiscapitalgroup.com,Home | HIS Capital Group,,USA,67,20229,2026-09-23T20:23:28.838766549Z,"['AWS WAF Challenge', 'Alternate Protocol', 'Anti-spam for WordPress', 'Apture Linking Platform', 'ByteDance', 'CleanTalk Spam Protect', 'Cloudflare', 'Content Delivery Network', 'Elementor', 'EmbedPress', 'Facebook Conversion Tracking', 'Facebook Login', 'Facebook Messenger Platform', 'Facebook Pixel', 'Facebook Reseller', 'Facebook Tag API', 'Google', 'Google Analytics', 'Google Cloud CDN', 'Google Cloud DNS', 'Google Font API', 'Google Maps', 'Google My Business', 'Google Tag Manager', 'Gravity', 'Gravity Forms', 'HappyAddons', 'Hello Elementor', 'Hotjar', 'Instagram Follow Button', 'Microdata for Google Shopping', 'QUIC', 'Sitelinks Search Box', 'TikTok Conversion Tracking Pixel', 'To Top', 'Twitter Ads', 'UTF-8', 'WP Engine', 'WordPress', 'WordPress Multisite', 'YouTube', 'jQuery']"
gmbrokerage.com,Mortgage Broker California: Simplifying Your Loan Process,,IDN,82,2296,2026-09-23T20:08:40.500871171Z,"['Alternate Protocol', 'Apache', 'Astra Theme', 'ByteDance', 'Elementor', 'ElementsKit Elementor', 'EmbedPress', 'Essential Addons for Elementor', 'Facebook Conversion Tracking', 'Facebook Login', 'Facebook Messenger Platform', 'Facebook Pixel', 'Facebook Reseller', 'Facebook Tag API', 'FormSubmit', 'GZIP Module', 'Google Analytics', 'Google Related Website Sites', 'Google Tag Manager', 'Instagram Follow Button', 'LiteSpeed', 'Microdata for Google Shopping', 'Nationwide Mortgage Licensing System and Registry', 'Ntent', 'PHP', 'PixelYourSite', 'Premium Addons for Elementor', 'Site Kit', 'Sticky Header Effects for Elementor', 'Theme In WP', 'TikTok Conversion Tracking Pixel', 'TrustIndex', 'UTF-8', 'WP Data Access', 'Woo Themes', 'WordPress', 'WordPress Multisite', 'WordPress Related Posts', 'YouTube', 'jQuery']"
minadora925.com,Homepage | MINADORA925,,,77,2440,2026-09-23T19:27:12.872952269Z,"['ByteDance', 'Content Delivery Network', 'Express', 'Financial Services Guide', 'GZIP Module', 'Google', 'Google Analytics', 'Google Cloud DNS', 'Google Font API', 'Google Tag Manager', 'Microdata for Google Shopping', 'Next.js', 'Pleroma', 'Styled Components', 'Tailwind CSS', 'TikTok Conversion Tracking Pixel', 'UTF-8']"
40acrecomeback.com,40 Acre Comeback,40 Acre Comeback LLC,,62,106072,2026-09-23T18:41:32.750897526Z,"['Aruba', 'ByteDance', 'Contento', 'Express', 'Facebook Conversion Tracking', 'Facebook Login', 'Facebook Messenger Platform', 'Facebook Pixel', 'Facebook Reseller', 'Facebook Tag API', 'GZIP Module', 'Instagram Follow Button', 'Line2', 'Magento Enterprise', 'Microdata for Google Shopping', 'Newsletter for Wordpress', 'Parcel', 'Pico CSS', 'QUIC', 'SiteW', 'Squarespace', 'TikTok Conversion Tracking Pixel', 'UTF-8', 'Vector Internet Services', 'WordPress SEO Structured Data Schema Plugin', 'YouTube', 'eLand']"
happiermom.com,Happier Mom – Empowering Resources for Mothers,Happier Mom,,72,116783,2026-09-23T17:28:07.421446619Z,"['AWS WAF Challenge', 'About Cookies', 'Adult Content', 'Agoda', 'Amazon Widgets', 'Aruba', 'ByteDance', 'Cisco/Arrowpoint Content Service Switch', 'Cloudflare', 'Cloudflare CDN', 'Cloudflare Web Analytics', 'Coming Soon Page', 'Cornerstone', 'DAV', 'Express', 'Facebook Conversion Tracking', 'Facebook Login', 'Facebook Messenger Platform', 'Facebook Pixel', 'Facebook Reseller', 'Facebook Tag API', 'Financial Services Guide', 'Fireblade', 'Flat Icon', 'Font Awesome', 'Gambling Content', 'Google', 'Google Analytics', 'Google Cloud DNS', 'Google Font API', 'Google My Business', 'Google Related Website Sites', 'Google Tag Manager', 'Instagram Follow Button', 'M247', 'Material-UI', 'NFOrce Internet', 'Network Advertising Initiative', 'Oddle', 'Oracle Cloud', 'Passion.io', 'Perl', 'Pico CSS', 'QUIC', 'SMC', 'Thank You', 'TikTok Conversion Tracking Pixel', 'Twitter Ads', 'UTF-8', 'University or College', 'YouTube', 'eLand']"
destinyengine.net,You've found the Destiny Engine,,,62,8663,2026-09-23T16:16:27.166723848Z,"['Amazon', 'Amazon WAF Blocked', 'Animate It', 'Apture Linking Platform', 'ByteDance', 'CDN JS', 'Cloudflare', 'Cloudflare CDN', 'Cloudflare Turnstile', 'Content Delivery Network', 'Express', 'Facebook Conversion Tracking', 'Facebook Login', 'Facebook Messenger Platform', 'Facebook Pixel', 'Facebook Reseller', 'Facebook Tag API', 'Font Awesome', 'GetResponse', 'Google Cloud DNS', 'Google Font API', 'Honeybadger', 'NFOrce Internet', 'New Relic', 'TikTok Conversion Tracking Pixel', 'Twitter Ads', 'Twitter Analytics', 'UTF-8', 'YouTube', 'jQuery', 'jsDelivr']"
shopivate.pk,Shopivate.pk - Top Rated Online Store In Pakistan,,PAK,82,2270,2026-09-23T16:10:31.81373508Z,"['Alternate Protocol', 'Automattic', 'ByteDance', 'Contact Form Plugin', 'Content Delivery Network', 'Customer Reviews for WooCommerce', 'DAV', 'EmbedPress', 'Facebook Conversion Tracking', 'Facebook Login', 'Facebook Messenger Platform', 'Facebook Pixel', 'Facebook Reseller', 'Facebook Tag API', 'Flatsome', 'Google Analytics', 'Google Related Website Sites', 'Google Tag Manager', 'HurryTimer', 'IcoMoon', 'Instagram Follow Button', 'Jetpack', 'LiteSpeed', 'Microdata for Google Shopping', 'PHP', 'QUIC', 'QuadLayers', 'Smart Slider 3', 'Tailwind CSS', 'TikTok Conversion Tracking Pixel', 'Twitter Ads', 'UTF-8', 'Woo Themes', 'WooCommerce', 'WooCommerce Checkout', 'WordPress', 'WordPress Multisite', 'WordPress Stats', 'YouTube', 'eLand', 'jQuery']"
freshfindsz.com,freshfindsz,,,45,8360,2026-09-23T16:06:04.665466062Z,"['AWS WAF Challenge', 'Apple Pay JS', 'Apture Linking Platform', 'Azion', 'ByteDance', 'Express', 'Facebook Conversion Tracking', 'Facebook Login', 'Facebook Messenger Platform', 'Facebook Pixel', 'Facebook Reseller', 'Facebook Tag API', 'Fastly', 'Fingerprint Pro', 'Fireblade', 'GZIP Module', 'Instagram Follow Button', 'Microdata for Google Shopping', 'TikTok Conversion Tracking Pixel', 'UTF-8', 'Yandex Hosting', 'YouCan', 'eLand']"
bilqiscenter.com,bilqiscenter.com – Ngaji Berkualitas,,IDN,80,8887,2026-09-23T15:10:11.929977394Z,"['Alternate Protocol', 'ByteDance', 'Content Delivery Network', 'Elementor', 'EmbedPress', 'Google Maps', 'Google My Business', 'IPFS', 'LiteSpeed', 'NFOrce Internet', 'PHP', 'Paessler', 'Subversion', 'Theme In WP', 'TikTok Conversion Tracking Pixel', 'UTF-8', 'WordPress', 'WordPress Multisite', 'jQuery']"
geodixon.com,Links,,,45,7563,2026-09-23T13:07:34.944995515Z,"['Apture Linking Platform', 'ByteDance', 'Coming Soon Page', 'Content Delivery Network', 'Facebook Conversion Tracking', 'Facebook Login', 'Facebook Messenger Platform', 'Facebook Pixel', 'Facebook Reseller', 'Facebook Tag API', 'Fireblade', 'GZIP Module', 'Google', 'Google Analytics', 'Google Cloud DNS', 'Google Font API', 'Google Forms', 'Google My Business', 'Google Tag Manager', 'Instagram Follow Button', 'Microdata for Google Shopping', 'Microsoft Clarity', 'PrivacyPolicies', 'QUIC', 'Schema Plugin', 'Tailwind CSS', 'TikTok Conversion Tracking Pixel', 'UTF-8', 'YouTube']"
yibimetal.com,Home - Yibi MIM,Yibi MIM,CHN,67,2408,2026-09-23T13:01:53.127859152Z,"['Alternate Protocol', 'ByteDance', 'Content Delivery Network', 'Elementor', 'EmbedPress', 'Express', 'FormSubmit', 'GZIP Module', 'Google Analytics', 'Google Cloud DNS', 'Google Conversion Tracking', 'Google Font API', 'Google Maps', 'Google My Business', 'Google Tag Manager', 'Kadence WP', 'Metform Elemento', 'Microdata for Google Shopping', 'NFOrce Internet', 'Nginx', 'PHP', 'QUIC', 'RankMath', 'Sitelinks Search Box', 'Theme In WP', 'TikTok Conversion Tracking Pixel', 'Twitter Ads', 'UTF-8', 'WP Super Cache', 'WordPress', 'WordPress Multisite', 'jQuery']"
cannycollege.com,Canny College - Pathway to Canadian Red Seal Trades License Exam,Canny College:,USA,92,107273,2026-09-23T12:28:54.27081856Z,"['AWS WAF Challenge', 'Accordion Blocks', 'Accordion FAQ', 'Aruba', 'ByteDance', 'Express', 'Fireblade', 'GZIP Module', 'Google Analytics', 'Google My Business', 'Google Related Website Sites', 'Google Tag Manager', 'IcoMoon', 'Line2', 'Magento Enterprise', 'Microdata for Google Shopping', 'QUIC', 'SiteW', 'Squarespace', 'TikTok Conversion Tracking Pixel', 'UTF-8', 'University or College', 'WordPress SEO Structured Data Schema Plugin', 'YouTube', 'eLand']"
lovelybrows.com,Microblading | Powder Brows | Lovely Brows Studio | Permanent make up,Lovely Brows Studio,USA,72,90141,2026-09-23T09:38:33.9398956Z,"['Alternate Protocol', 'Amazon WAF Blocked', 'Apture Linking Platform', 'ByteDance', 'Content Delivery Network', 'DAV', 'Express', 'Fastly', 'Fastly CDN', 'GZIP Module', 'Google Related Website Sites', 'Instagram Follow Button', 'Microdata for Google Shopping', 'NFOrce Internet', 'PWA', 'Perl', 'QUIC', 'SMC', 'Seflow Italy', 'Sentry', 'SiteW', 'Subversion', 'Thank You', 'TikTok Conversion Tracking Pixel', 'UTF-8', 'Vector Internet Services', 'WP Booking Calendar', 'Wix', 'Wix Media', 'mlcom']"
cyrixshealth.com,Cyrixs Health — Healthy Immune System. Happy Life.,,,67,65882,2026-09-23T09:16:33.263685765Z,"['Afterpay', 'Amazon CloudFront', 'Apture Linking Platform', 'Baidu Cloud', 'Bold Commerce', 'ByteDance', 'CloudFront', 'Cloudflare', 'Cloudflare CDN', 'DMCA Badge', 'Express', 'Fireblade', 'Fomo', 'Font Awesome', 'Google', 'Google Analytics', 'Google Cloud DNS', 'Google Font API', 'Google My Business', 'Google Related Website Sites', 'Google Tag Manager', 'Hotjar', 'Instagram Follow Button', 'Klaviyo', 'Mapp', 'Microdata for Google Shopping', 'PWA', 'PageFly', 'Perl', 'QUIC', 'Schema Plugin', 'Secomapp', 'Shopify', 'Shopify Collabs', 'Subversion', 'Tailwind CSS', 'TikTok Conversion Tracking Pixel', 'TrackingMore', 'UTF-8', 'Yandex Hosting', 'hCaptcha', 'reCAPTCHA']"
pelzerdesigns.com,"Pelzer Designs | Nature-Inspired T-Shirts, Mugs, Tote Bags, Gifts",Pelzer Designs,,77,20905,2026-09-23T08:40:04.174890206Z,"['AWS WAF Challenge', 'Alternate Protocol', 'Automattic', 'ByteDance', 'Cloudflare', 'Cloudflare CDN', 'Content Delivery Network', 'Customer Reviews for WooCommerce', 'ElementUI', 'EmbedPress', 'Facebook Conversion Tracking', 'Facebook Login', 'Facebook Messenger Platform', 'Facebook Pixel', 'Facebook Reseller', 'Facebook Tag API', 'Font Awesome', 'Google', 'Google Analytics', 'Google My Business', 'Google Related Website Sites', 'Google Tag Manager', 'Instagram Follow Button', 'Jetpack', 'LiteSpeed', 'Metricool', 'Microdata for Google Shopping', 'Oddle', 'PHP', 'Pinterest Conversion Tracking', 'Site Kit', 'Thank You', 'ThemeFusion', 'TikTok Conversion Tracking Pixel', 'UTF-8', 'Umbler', 'Woo Themes', 'WooCommerce', 'WooCommerce Checkout', 'WooCommerce Payments', 'WooCommerce Stripe Payment Gateway', 'WordPress', 'WordPress Multisite', 'WordPress Stats', 'jQuery']"
luckybrandonline.co.zw,A Lucky Brand - Power your world,A Lucky Brand,ZWE,77,7234,2026-09-23T08:32:39.408503644Z,"['Alternate Protocol', 'Analytify', 'Apache', 'ByteDance', 'ElementUI', 'Elementor', 'EmbedPress', 'Facebook Conversion Tracking', 'Facebook Login', 'Facebook Messenger Platform', 'Facebook Pixel', 'Facebook Reseller', 'Facebook Tag API', 'FormSubmit', 'GZIP Module', 'Google Analytics', 'Google Tag Manager', 'Improved AJAX Login', 'Instagram Follow Button', 'Kitco', 'MailChimp for WordPress', 'Microdata for Google Shopping', 'NFOrce Internet', 'PHP', 'Pico CSS', 'QUIC', 'Site Kit', 'Tailwind CSS', 'Tawk', 'Theme In WP', 'TikTok Conversion Tracking Pixel', 'UTF-8', 'Ubuntu', 'Woo Themes', 'WooCommerce', 'WooCommerce Checkout', 'WordPress', 'WordPress Multisite', 'eLand', 'jQuery']"
pickupsforbreastcancer.org,Pickups for Breast Cancer | South Florida and Orlando Donation Pickup Service,,USA,92,52125,2026-09-23T08:03:48.819723168Z,"['501c3 Status Nonprofit', 'Alternate Protocol', 'AudioEye', 'ByteDance', 'Coming Soon Page', 'Contact Form Plugin', 'Content Delivery Network', 'EmbedPress', 'Facebook Conversion Tracking', 'Facebook Login', 'Facebook Messenger Platform', 'Facebook Pixel', 'Facebook Reseller', 'Facebook Tag API', 'Font Awesome', 'GZIP Module', 'Google Analytics', 'Google Tag Manager', 'Instagram Feed for WordPress', 'Instagram Follow Button', 'Microdata for Google Shopping', 'PHP', 'SMC', 'Slider Revolution', 'Sucuri Cloudproxy', 'TikTok Conversion Tracking Pixel', 'UTF-8', 'WordPress', 'WordPress Multisite', 'YouTube', 'jQuery']"
thebeautychambers.co.uk,The Beauty Chambers,,,47,156,2026-09-23T06:50:30.76261503Z,"['Alternate Protocol', 'Automattic', 'ByteDance', 'Content Delivery Network', 'ElementUI', 'EmbedPress', 'Facebook Conversion Tracking', 'Facebook Login', 'Facebook Messenger Platform', 'Facebook Pixel', 'Facebook Reseller', 'Facebook Tag API', 'Google Related Website Sites', 'Gutenberg', 'Jetpack', 'Jetpack Site Accelerator', 'MailChimp', 'Microdata for Google Shopping', 'Nginx', 'PHP', 'Perl', 'Storefront', 'TikTok Conversion Tracking Pixel', 'UTF-8', 'Woo Themes', 'WooCommerce', 'WooCommerce Checkout', 'WooCommerce Payments', 'WordPress', 'WordPress Multisite', 'WordPress Stats', 'jQuery']"
ribbonofhearts.co.uk,"Ribbon Of Hearts | Personalised Wooden Photo Hearts | Wakefield, West Yorkshire, United Kingdom",Ribbon Of Hearts,,82,112990,2026-09-23T06:09:15.116310873Z,"['Alternate Protocol', 'Amazon WAF Blocked', 'Apture Linking Platform', 'ByteDance', 'Cloudflare', 'Content Delivery Network', 'DC74', 'Express', 'Fastly', 'Fastly CDN', 'GZIP Module', 'Google Related Website Sites', 'Instagram Follow Button', 'Microdata for Google Shopping', 'NFOrce Internet', 'On The Map', 'POWr', 'PWA', 'Perl', 'QUIC', 'SMC', 'Seflow Italy', 'Sentry', 'SiteW', 'Thank You', 'TikTok Conversion Tracking Pixel', 'Twitter Ads', 'UTF-8', 'Vector Internet Services', 'Wix', 'Wix Media', 'eLand', 'mlcom']"
enrestaurant.vn,Trang chủ - Én Restaurant,,,67,3111,2026-09-23T04:26:36.629435937Z,"['Alternate Protocol', 'ByteDance', 'Content Delivery Network', 'EWWW Image Optimizer', 'Elementor', 'EmbedPress', 'Financial Services Guide', 'Google Cloud DNS', 'Google Font API', 'Google My Business', 'Google Tag Manager', 'Hello Elementor', 'Instagram Follow Button', 'LiteSpeed', 'Microdata for Google Shopping', 'NFOrce Internet', 'PHP', 'Table Addons for Elementor', 'Theme In WP', 'TikTok Conversion Tracking Pixel', 'UTF-8', 'WP Statistics', 'WordPress', 'WordPress Multisite', 'WordPress Related Posts', 'YouTube', 'jQuery', 'reCAPTCHA']"
fammalls.com,Fammalls,,,57,7500,2026-09-23T03:44:14.669886031Z,"['Apture Linking Platform', 'ByteDance', 'Cloudflare', 'ElementUI', 'Express', 'Fireblade', 'GZIP Module', 'GetResponse', 'Interchange', 'Microdata for Google Shopping', 'QUIC', 'TikTok Conversion Tracking Pixel', 'UTF-8', 'Vue.js', 'jsDelivr']"
invitatielanunta.ro,Invitații digitale de nuntă | InvitatieLaNunta.ro -,,,67,18622,2026-09-23T00:47:47.595464138Z,"['AWS WAF Challenge', 'Alternate Protocol', 'Astra Theme', 'ByteDance', 'Cloudflare', 'Cloudflare CDN', 'Countdown Timer Ultimate', 'Elementor', 'EmbedPress', 'Google', 'Google Analytics', 'Google Cloud DNS', 'Google Customer Reviews', 'Google Font API', 'Google My Business', 'Google Related Website Sites', 'Google Tag Manager', 'Instagram Follow Button', 'LiteSpeed', 'Microdata for Google Shopping', 'PHP', 'Perl', 'Site Kit', 'Theme In WP', 'TikTok Conversion Tracking Pixel', 'UTF-8', 'Woo Themes', 'WordPress', 'WordPress Multisite', 'WordPress Related Posts', 'jQuery']"
worldofdune.com,Online Dune RPG Universe. - World of Dune,,,72,808,2026-09-22T23:47:16.988679111Z,"['AdRoll', 'Bulma', 'ByteDance', 'Express', 'Facebook Conversion Tracking', 'Facebook Login', 'Facebook Messenger Platform', 'Facebook Pixel', 'Facebook Reseller', 'Facebook Tag API', 'Google Cloud DNS', 'Google Font API', 'IcoMoon', 'Iubenda', 'PHP', 'Perl', 'TikTok Conversion Tracking Pixel', 'UTF-8']"
minibamboopjs.com,"Bamboo Baby Clothes Sale - Bamboo Pajamas for Baby, Kids, Toddlers, Women & Men",Minibamboopjs,,82,9266,2026-09-22T23:13:44.046853825Z,"['Adult Content', 'Agoda', 'Alibaba Cloud CDN', 'Alternate Protocol', 'ByteDance', 'Cisco/Arrowpoint Content Service Switch', 'Content Delivery Network', 'DAV', 'Elementor', 'EmbedPress', 'Google Analytics', 'Google Cloud DNS', 'Google Font API', 'Google My Business', 'Google Related Website Sites', 'Google Tag Manager', 'Instagram Follow Button', 'Line2', 'LiteSpeed', 'Microdata for Google Shopping', 'NFOrce Internet', 'Oddle', 'Perl', 'QUIC', 'Sign In With Google', 'TikTok Conversion Tracking Pixel', 'UTF-8', 'Vercel', 'Woo Themes', 'WooCommerce', 'WooCommerce Checkout', 'WooFramework', 'WordPress', 'WordPress Multisite', 'XTemos Studio', 'YouTube', 'eLand']"
jewbulletcaseofficial.com,Jewbulletcase Official Store | Home Cleaning & Personal Care – Jewbulletcaseofficial,Jewbulletcaseofficial,,77,26256,2026-09-22T23:06:33.117835168Z,"['Amazon CloudFront', 'Apture Linking Platform', 'Baidu Cloud', 'ByteDance', 'CloudFront', 'Cloudflare', 'Cloudflare CDN', 'Fireblade', 'Google', 'Google Analytics', 'Google Cloud CDN', 'Google Related Website Sites', 'Google Tag Manager', 'Microdata for Google Shopping', 'QUIC', 'Shopify', 'Shopify Collabs', 'TikTok Conversion Tracking Pixel', 'UTF-8', 'Yandex Hosting', 'hCaptcha', 'reCAPTCHA']"
veryshortfilmfestival.com.au,Very Short Film Festival Australia,,AUS,77,4617,2026-09-22T22:15:19.837632921Z,"['Alternate Protocol', 'Amazon WAF Blocked', 'Aruba', 'Brevo', 'ByteDance', 'Content Delivery Network', 'DAV', 'Elementor', 'EmbedPress', 'Essential Addons for Elementor', 'Facebook Conversion Tracking', 'Facebook Login', 'Facebook Messenger Platform', 'Facebook Pixel', 'Facebook Reseller', 'Facebook Tag API', 'Google Analytics', 'Google My Business', 'Google Related Website Sites', 'Google Tag Manager', 'Gravity', 'Gravity Forms', 'Hello Elementor', 'Instagram Follow Button', 'LiteSpeed', 'Microdata for Google Shopping', 'NFOrce Internet', 'PHP', 'QUIC', 'Sitelinks Search Box', 'Stripe', 'Table Addons for Elementor', 'Theme In WP', 'TikTok Conversion Tracking Pixel', 'UTF-8', 'Way', 'WordPress', 'WordPress Multisite', 'YouTube', 'eLand', 'jQuery', 'reCAPTCHA']"
forashop.gr,"Wearable Art, Silk Scarves & Greek Luxury Accessories",Fora Shop,GRC,72,9190,2026-09-22T20:33:47.214534727Z,"['Alternate Protocol', 'Autoptimize', 'ByteDance', 'Cisco/Arrowpoint Content Service Switch', 'CookieYes', 'DAV', 'Elegant Themes', 'EmbedPress', 'Facebook Conversion Tracking', 'Facebook Login', 'Facebook Messenger Platform', 'Facebook Pixel', 'Facebook Reseller', 'Facebook Tag API', 'FiboSearch', 'Google', 'Google Analytics', 'Google Conversion Tracking', 'Google Related Website Sites', 'Google Tag Manager', 'Instagram Feed for WordPress', 'Instagram Follow Button', 'Line2', 'Microdata for Google Shopping', 'Nginx', 'PHP', 'Perl', 'Pinterest Conversion Tracking', 'QUIC', 'Theme In WP', 'TikTok Conversion Tracking Pixel', 'UTF-8', 'Vercel', 'WP Super Cache', 'Woo Themes', 'WooCommerce', 'WooCommerce Checkout', 'WordPress', 'WordPress Multisite', 'eLand', 'jQuery']"
susansbooksandgifts.com,"Susan’s Books, Gifts & Toys | Aurora, Nebraska",Susan's Books & Gifts,GBR,82,33630,2026-09-22T20:11:26.646164024Z,"['Alternate Protocol', 'Apture Linking Platform', 'Aruba', 'Automattic', 'BatCache', 'ByteDance', 'Cisco/Arrowpoint Content Service Switch', 'Content Delivery Network', 'EmbedPress', 'Express', 'Fastly', 'Financial Services Guide', 'Google Analytics', 'Google My Business', 'Google Related Website Sites', 'Google Tag Manager', 'Gutenberg', 'HMDG', 'Jetpack', 'Jetpack Site Accelerator', 'Line2', 'MailPoet', 'Microdata for Google Shopping', 'Nginx', 'Ntent', 'Oracle Cloud', 'Perl', 'Sitelinks Search Box', 'The SEO Framework', 'TikTok Conversion Tracking Pixel', 'TrustIndex', 'UTF-8', 'Woo Themes', 'WooCommerce', 'WooCommerce Checkout', 'WooCommerce Payments', 'WordPress', 'WordPress Multisite', 'WordPress Stats', 'YouTube', 'eLand', 'jQuery', 'reCAPTCHA']"
deletasdomain.com,Deleta’s Domain,,,55,1109,2026-09-22T19:58:14.396122748Z,"['Alternate Protocol', 'Amazon', 'Amazon CloudFront', 'Amazon S3 CDN', 'ByteDance', 'CloudFront', 'ETranslate', 'Ecwid Ecommerce Shopping Cart', 'GZIP Module', 'Google Cloud DNS', 'Google Maps', 'Google My Business', 'Instagram Follow Button', 'MailChimp', 'Nginx', 'POWr', 'PWA', 'Pinterest Conversion Tracking', 'QUIC', 'Storyblocks', 'Stripe', 'TikTok Conversion Tracking Pixel', 'UTF-8', 'Unsplash', 'eLand']"
puppington.uk,Oprah's Favorite Things 2024 | Fashion Meets Function for Pet Parents,Puppington,,77,46569,2026-09-22T19:34:45.9066346Z,"['3 Products', 'AWS WAF Challenge', 'Afterpay', 'Alternate Protocol', 'Amazon CloudFront', 'Amazon WAF Blocked', 'Apture Linking Platform', 'Aruba', 'Baidu Cloud', 'Bing Cashback', 'Bing Conversion Tracking', 'ByteDance', 'CloudFront', 'Cloudflare', 'Cloudflare CDN', 'Coming Soon Page', 'Customer Fields', 'DAV', 'Express', 'Fancybox for WordPress', 'Fastly', 'Global Privacy Control', 'Google Analytics', 'Google Cloud DNS', 'Google My Business', 'Google Related Website Sites', 'Google Tag Manager', 'IcoMoon', 'Instagram Follow Button', 'Klaviyo', 'Microdata for Google Shopping', 'NFOrce Internet', 'Onyx Internet', 'PageFly', 'Perl', 'QUIC', 'RevenueHunt', 'Shopify', 'Shopify Collabs', 'Shopify Payments', 'Subversion', 'Tailwind CSS', 'Thank You', 'TikTok Conversion Tracking Pixel', 'TrackingMore', 'Twitter Ads', 'UTF-8', 'UserWay', 'Vercel', 'Yandex Hosting', 'YouTube', 'eLand', 'hCaptcha', 'jQuery', 'reCAPTCHA']"
talents360.com,Soccer Player Profile & AI Highlight Builder | Talnets,Talnets,GBR,77,49505,2026-09-22T18:46:45.231904561Z,"['Adult Content', 'Alternate Protocol', 'Apture Linking Platform', 'ByteDance', 'Complianz', 'Contento', 'EmbedPress', 'Facebook Conversion Tracking', 'Facebook Login', 'Facebook Messenger Platform', 'Facebook Pixel', 'Facebook Reseller', 'Facebook Tag API', 'Fireblade', 'Font Awesome', 'FormSubmit', 'Google', 'Google Analytics', 'Google Cloud CDN', 'Google Cloud DNS', 'Google Font API', 'Google Related Website Sites', 'Google Tag Manager', 'IcoMoon', 'Instagram Follow Button', 'LiteSpeed', 'Microdata for Google Shopping', 'Ninja Forms', 'PHP', 'Social Warfare', 'Tailwind CSS', 'Theme In WP', 'TikTok Conversion Tracking Pixel', 'Twitter Ads', 'UTF-8', 'University or College', 'Unsplash', 'Vector Internet Services', 'Verified Profile', 'WP Rocket', 'WordPress', 'WordPress Multisite', 'YouTube', 'jQuery']"
trycabinets.com,USA CABINETS | America's #1 Online Kitchen Cabinet Wholesaler,USA Cabinets,CHL,77,159190,2026-09-22T18:36:50.802987807Z,"['Algolia', 'Alternate Protocol', 'Apture Linking Platform', 'ArvanCloud', 'ByteDance', 'Content Delivery Network', 'Elementor', 'Elementor Custom Skin', 'ElementsKit Elementor', 'EmbedPress', 'Facebook Conversion Tracking', 'Facebook Login', 'Facebook Messenger Platform', 'Facebook Pixel', 'Facebook Reseller', 'Facebook Tag API', 'Fastly', 'FormSubmit', 'GZIP Module', 'Google Analytics', 'Google Customer Reviews', 'Google My Business', 'Google Tag Manager', 'Harbor', 'Hello Elementor', 'Instagram Follow Button', 'Jetpack', 'Lazy Load for WordPress', 'LiteSpeed', 'Microdata for Google Shopping', 'Microsoft Clarity', 'MonsterInsights', 'NFOrce Internet', 'Ntent', 'PHP', 'Pinterest Conversion Tracking', 'QUIC', 'Salesforce Hosted', 'Site Kit', 'Table Addons for Elementor', 'Theme In WP', 'TikTok Conversion Tracking Pixel', 'UTF-8', 'WP Rocket', 'WP Search with Algolia', 'Woo Themes', 'WooCommerce', 'WooCommerce Checkout', 'WooCommerce Payments', 'WooCommerce Stripe Payment Gateway', 'WordPress', 'WordPress Multisite', 'WordPress Stats', 'YouTube', 'jQuery', 'jsDelivr']"
advertstreet.com.ua,Home - Advert Street,Advert Street,UKR,77,29713,2026-09-22T18:36:50.789246554Z,"['Alternate Protocol', 'Business Promotion', 'ByteDance', 'DAV', 'Elementor', 'EmbedPress', 'Facebook Conversion Tracking', 'Facebook Login', 'Facebook Messenger Platform', 'Facebook Pixel', 'Facebook Reseller', 'Facebook Tag API', 'FreeCSSTemplates', 'GZIP Module', 'Google Analytics', 'Google Cloud DNS', 'Google Font API', 'Google My Business', 'Google Tag Manager', 'Header, Footer and Blocks for Elementor', 'Instagram Follow Button', 'Kitco', 'Microdata for Google Shopping', 'NFOrce Internet', 'Nginx', 'Ntent', 'OceanWP', 'PHP', 'Polylang', 'Popup Maker for Wordpress', 'Site Kit', 'Smart Slider 3', 'TablePress', 'Tailwind CSS', 'Telegram', 'Theme In WP', 'TikTok Conversion Tracking Pixel', 'To Top', 'TrustIndex', 'UTF-8', 'W3 Total Cache', 'WP Mobile Menu', 'WPForms', 'Woo Themes', 'WooCommerce Checkout', 'WordPress', 'WordPress Multisite', 'eLand', 'hCaptcha', 'jQuery']"
rhenisnursing.com,"Rhenis Nursing : TEAS 7, HESI A2, NCLEX-RN , PN, Nursing",Rhenis Nursing,USA,82,24197,2026-09-22T16:32:45.283675553Z,"['AWS WAF Challenge', 'Alternate Protocol', 'BootstrapMade', 'ByteDance', 'CDN JS', 'Cloudflare', 'Cloudflare CDN', 'Coming Soon Page', 'DAV', 'Font Awesome', 'GitHub Hosting', 'Google', 'Google Analytics', 'Google Cloud DNS', 'Google Font API', 'Google My Business', 'Google Tag Manager', 'Instagram Follow Button', 'Medium', 'Microdata for Google Shopping', 'NFOrce Internet', 'PHP', 'Slack', 'Tailwind CSS', 'Tawk', 'Telegram', 'TikTok Conversion Tracking Pixel', 'Trustpilot Reviews for WordPress', 'Twitter Ads', 'UTF-8', 'University or College', 'YouTube', 'eLand', 'jsDelivr']"
wayfinderinsures.com,Home | Way Finder Insurance & Financial,,,67,165303,2026-09-22T16:32:45.277315041Z,"['AWS WAF Challenge', 'Alternate Protocol', 'Amazon WAF Blocked', 'Apture Linking Platform', 'BLR', 'ByteDance', 'Content Delivery Network', 'DAV', 'DC74', 'Express', 'Fastly', 'Fastly CDN', 'GZIP Module', 'Google Related Website Sites', 'Instagram Follow Button', 'K2F', 'KVH', 'Microdata for Google Shopping', 'NFOrce Internet', 'POWr', 'PWA', 'Perl', 'QUIC', 'SMC', 'Seflow Italy', 'Sentry', 'SiteW', 'Subversion', 'Thank You', 'TikTok Conversion Tracking Pixel', 'Tumblr', 'Twitter Ads', 'UTF-8', 'Vector Internet Services', 'WP Booking Calendar', 'Wix', 'Wix Media', 'YouTube', 'mlcom']"
kellyjayne.co.za,Best Cakes and Cupcakes in Joburg | Kelly Jayne's Cakes,,ZAF,72,3400,2026-09-22T16:21:00.467150921Z,"['Angular', 'Angular Material', 'Apache', 'ByteDance', 'GZIP Module', 'Google', 'Google Analytics', 'Google Cloud CDN', 'Google Tag Manager', 'Instagram Follow Button', 'Material Design Icons', 'Microsoft Azure Blob Storage', 'TikTok Conversion Tracking Pixel']"
slikt.co.uk,Home - Slikt - Sensory Touch Head Razor,Slikt - Sensory Touch Head Razor,,75,28281,2026-09-22T15:36:55.086446798Z,"['3 Products', 'AWS WAF Challenge', 'Alternate Protocol', 'Astra Theme', 'ByteDance', 'Cloudflare', 'Cloudflare CDN', 'Complianz', 'Content Delivery Network', 'Elementor', 'EmbedPress', 'Google', 'Google Analytics', 'Google Cloud DNS', 'Google Font API', 'Google My Business', 'Google Related Website Sites', 'Google Tag Manager', 'Hotjar', 'Instagram Follow Button', 'Kitco', 'Microdata for Google Shopping', 'NFOrce Internet', 'PHP', 'QUIC', 'Site Kit', 'Theme In WP', 'TikTok Conversion Tracking Pixel', 'Twitter Ads', 'UTF-8', 'WP Dark Mode', 'WP Engine', 'WPForms', 'Woo Themes', 'WooCommerce', 'WooCommerce Checkout', 'WooCommerce Payments', 'WordPress', 'WordPress Multisite', 'WordPress Related Posts', 'YouTube', 'jQuery']"
mhopus.org,Mr Holland's Opus Foundation - Keeping Music Alive in Our Schools,,USA,92,10208,2026-09-22T15:32:58.87783931Z,"['501c3 Status Nonprofit', 'Alternate Protocol', 'ByteDance', 'Cloudflare', 'Cloudflare CDN', 'Contact Form Plugin', 'Content Delivery Network', 'Ditty News Ticker', 'Elementor', 'EmbedPress', 'Essential Addons for Elementor', 'Essential Blocks for Gutenberg', 'Express', 'Facebook Conversion Tracking', 'Facebook Login', 'Facebook Messenger Platform', 'Facebook Pixel', 'Facebook Reseller', 'Facebook Tag API', 'Font Awesome', 'GenerateBlocks', 'GeneratePress Company', 'GoFundMe', 'Google', 'Google Analytics', 'Google Cloud DNS', 'Google Font API', 'Google My Business', 'Google Related Website Sites', 'Google Tag Manager', 'Gutenberg Blocks by Kadence Blocks', 'Instagram Follow Button', 'Kitco', 'PHP', 'Popup Maker for Wordpress', 'QUIC', 'Site Kit', 'Theme In WP', 'TikTok Conversion Tracking Pixel', 'Twitter Ads', 'UTF-8', 'WordPress', 'WordPress Multisite', 'YouTube', 'YouTube Advanced by Embed Plus', 'jQuery', 'reCAPTCHA']"
ivoryoncampbell.net,"Ivory On Campbell - Bridal Shop in Roanoke, VA",,,67,76333,2026-09-22T15:14:22.442332993Z,"['Aruba', 'ByteDance', 'Elfsight', 'Express', 'Facebook Login', 'Facebook Messenger Platform', 'Facebook Pixel', 'Facebook Reseller', 'Facebook Tag API', 'GZIP Module', 'Google Analytics', 'Google Tag Manager', 'Instagram Follow Button', 'Line2', 'Magento Enterprise', 'Microdata for Google Shopping', 'QUIC', 'SiteW', 'Squarespace', 'TikTok Conversion Tracking Pixel', 'UTF-8', 'WordPress SEO Structured Data Schema Plugin', 'eLand']"
admitereplus.ro,Admitere Plus,,,62,1460,2026-09-22T14:17:20.328490632Z,"['ByteDance', 'Content Delivery Network', 'Facebook Conversion Tracking', 'Facebook Login', 'Facebook Messenger Platform', 'Facebook Pixel', 'Facebook Reseller', 'Facebook Tag API', 'Google Analytics', 'Google Related Website Sites', 'Google Tag Manager', 'Next.js', 'Pleroma', 'Pressable', 'Tailwind CSS', 'TikTok Conversion Tracking Pixel', 'UTF-8', 'Vercel', 'shadcn ui']"
crescendodigiatlmarketingagency.com,"Crescendo Digital Marketing - Marketing Agency in Miami | SEO, Digital Advertising, Web Design",,USA,92,2536,2026-09-22T13:56:28.232120884Z,"['Alternate Protocol', 'Bunny Fonts', 'ByteDance', 'CDN JS', 'Cloudflare', 'Cloudflare CDN', 'DoubleClick Bid Manager', 'Facebook Reseller', 'FormSubmit', 'Free Call', 'Google', 'Google Analytics', 'Google Cloud DNS', 'Google Customer Reviews', 'Google Font API', 'Google My Business', 'Google Tag Manager', 'Instagram Follow Button', 'Microdata for Google Shopping', 'QUIC', 'TikTok Conversion Tracking Pixel']"
greatamericantinyhouse.show,Great American Tiny House Shows,Great American Tiny House Show,USA,87,144431,2026-09-22T13:06:31.371775466Z,"['123FormBuilder', 'AWS WAF Challenge', 'Alternate Protocol', 'Amazon WAF Blocked', 'Apture Linking Platform', 'ByteDance', 'Content Delivery Network', 'DAV', 'DC74', 'Express', 'Fastly', 'Fastly CDN', 'Fireblade', 'GZIP Module', 'Google Related Website Sites', 'Instagram Follow Button', 'Microdata for Google Shopping', 'NFOrce Internet', 'On The Map', 'POWr', 'PWA', 'Perl', 'QUIC', 'SMC', 'Seflow Italy', 'Sentry', 'Share Link', 'SiteW', 'Thank You', 'TikTok Conversion Tracking Pixel', 'Twitter Ads', 'UTF-8', 'Vector Internet Services', 'WP Booking Calendar', 'Wix', 'Wix Media', 'YouTube', 'eLand', 'iPlayerHD', 'mlcom']"
podcast-studio-dubai.com,DUBAI PODCAST STUDIO | Podcast Studio Rental | Podcast Studio Dubai,,,87,92541,2026-09-22T12:11:26.346134948Z,"['Alternate Protocol', 'Amazon WAF Blocked', 'Apture Linking Platform', 'ByteDance', 'Content Delivery Network', 'DAV', 'Express', 'Facebook Login', 'Facebook Messenger Platform', 'Facebook Pixel', 'Facebook Reseller', 'Facebook Tag API', 'Fastly', 'Fastly CDN', 'Financial Services Guide', 'GZIP Module', 'Google Analytics', 'Google Customer Reviews', 'Google Related Website Sites', 'Google Tag Manager', 'Instagram Follow Button', 'LinkedIn Insights', 'LinkedIn Pixel', 'Medium', 'Microdata for Google Shopping', 'NFOrce Internet', 'PWA', 'Perl', 'QUIC', 'SMC', 'Seflow Italy', 'Sentry', 'SiteW', 'Thank You', 'TikTok Conversion Tracking Pixel', 'UTF-8', 'Vector Internet Services', 'WP Booking Calendar', 'Wix', 'Wix Media', 'Yandex Hosting', 'YouTube', 'eLand', 'mlcom']"
sobercuriousnh.org,Drinking moderately and responsibly is what it is all about - Sober Curious NH,Binge-Free 603,,72,19739,2026-09-22T11:17:54.705670103Z,"['3D FlipBook', 'AWS WAF Challenge', 'Alternate Protocol', 'ByteDance', 'Cloudflare', 'Content Delivery Network', 'Cookie Accept', 'Cookie Notice', 'DAV', 'Divi', 'Elegant Themes', 'EmbedPress', 'Facebook Conversion Tracking', 'Facebook Login', 'Facebook Messenger Platform', 'Facebook Pixel', 'Facebook Reseller', 'Facebook Tag API', 'Google', 'Google Analytics', 'Google Cloud CDN', 'Google Cloud DNS', 'Google Conversion Tracking', 'Google Font API', 'Google Related Website Sites', 'Google Tag Manager', 'Instagram Follow Button', 'Microdata for Google Shopping', 'PHP', 'Popup Maker for Wordpress', 'Smart Slider 3', 'Thank You', 'Theme In WP', 'TikTok Conversion Tracking Pixel', 'UTF-8', 'WP Engine', 'WordPress', 'WordPress Multisite', 'YouTube', 'eLand', 'jQuery']"
mykonospartyboat.com,MYK Boat Club | The Ultimate Boat Party in Mykonos 2026 - MYK Boat Club Official Website,,GRC,67,25608,2026-09-22T10:54:24.361786898Z,"['Alternate Protocol', 'Better Lead Generation Services', 'ByteDance', 'Facebook Conversion Tracking', 'Facebook Login', 'Facebook Messenger Platform', 'Facebook Pixel', 'Facebook Reseller', 'Facebook Tag API', 'GZIP Module', 'Google', 'Google Analytics', 'Google Cloud CDN', 'Google Cloud DNS', 'Google Font API', 'Google Tag Manager', 'Harbor', 'IcoMoon', 'Instagram Follow Button', 'KVH', 'Microdata for Google Shopping', 'Nginx', 'OpenAI', 'PHP', 'Parallels Plesk Panel', 'Tailwind CSS', 'TikTok Conversion Tracking Pixel', 'UTF-8', 'WhatsApp Sharing', 'jQuery', 'jsDelivr']"
unsubscriber.net,Unsubscriber — Clean up your inbox in seconds,Unsubscriber,,67,720,2026-09-22T10:07:26.150720856Z,"['Apture Linking Platform', 'ByteDance', 'Daily Deals', 'Facebook Login', 'Facebook Messenger Platform', 'Facebook Pixel', 'Facebook Reseller', 'Facebook Tag API', 'Google Related Website Sites', 'Instagram Follow Button', 'Microdata for Google Shopping', 'Nginx', 'QUIC', 'Tailwind CSS', 'TikTok Conversion Tracking Pixel']"
podolsky.com,Podolsky,"Podolsky & Associates, Ltd.",USA,77,1841029,2026-09-22T09:43:16.354255061Z,"['33 Across Direct', 'AB Tasty', 'ADFOX', 'AWS WAF Challenge', 'Active Campaign', 'AdRoll', 'AddThis for Wordpress', 'Adform Direct', 'Adobe Analytics', 'Adobe Marketing Cloud', 'Adpushup', 'Aimtell', 'Akamai Global Host', 'Alibaba Cloud CDN', 'Alternate Protocol', 'Amazon Associates Affiliate Shop', 'Amazon CloudFront', 'Amazon WAF Blocked', 'Amped', 'Amplitude', 'Analytify', 'AnyChat', 'Apache', 'AppNexus Direct', 'Apture Linking Platform', 'Automattic', 'BLR', 'Baidu Ads', 'Baidu Analytics', 'Baidu Cloud', 'Band Camp', 'Bazaarvoice', 'Bazaarvoice Curations', 'BidSwitch Direct', 'Bing Cashback', 'Bing Conversion Tracking', 'Birdeye', 'Brevo', 'Brightcove', 'ByteDance', 'Calendly', 'Camp', 'Chartbeat', 'Chatra', 'Clicky', 'CloudFront', 'Cloudflare', 'Cloudflare CDN', 'Cloudflare Stream', 'Cloudflare Web Analytics', 'Cognito Forms', 'Connatix Reseller', 'Constant Contact', 'Content Square', 'Convert', 'ConvertKit', 'Cookie First', 'CookieYes', 'Countly', 'CrazyEgg', 'Crisp', 'Criteo', 'Criteo Reseller', 'Crowdsignal', 'Customer.io', 'Cybot', 'DailyMotion Video', 'Dailymotion Reseller', 'Decibel Insight', 'DemDex', 'Didomi', 'Disqus Comment System for WordPress', 'DoubleClick Bid Manager', 'Drift', 'Drip', 'Dynamic Yield', 'Eber', 'Elegant Themes', 'Eloqua', 'EmbedPress', 'Engage', 'Ensighten', 'Enzuzo', 'ExactTarget', 'Ezoic Direct', 'Ezoic Publisher', 'Facebook Embedded Posts', 'Facebook Pixel', 'Facebook Reseller', 'Feefo', 'Fomo', 'Font Awesome', 'Fonts.com', 'Formstack', 'Freshdesk Support', 'Freshpaint', 'Freshworks Bot', 'FullStory', 'GZIP Module', 'GetGist', 'GetResponse', 'GetSiteControl', 'Giphy', 'Global Privacy Control', 'GoatCounter', 'Google', 'Google Adsense', 'Google Analytics', 'Google Calendar', 'Google Cloud CDN', 'Google Cloud DNS', 'Google Flights Conversion Tracking', 'Google Font API', 'Google Funding Choices', 'Google Maps', 'Google Matched Content', 'Google My Business', 'Google Reseller', 'Google Tag Manager', 'Gorgias', 'GumGum', 'GumGum Direct', 'Heap', 'Hello Bar', 'Help Scout', 'HelpCrunch', 'Hotjar', 'HubSpot Conversations', 'Hubspot', 'IcoMoon', 'Infolinks', 'Inspectlet', 'Instagram Follow Button', 'Intercom', 'IponWeb BidSwitch', 'Iterable', 'Iubenda', 'JW Player Platform', 'Jetpack', 'JivoSite', 'JotForm', 'Kakao', 'Kaltura', 'Kameleoon', 'Kampyle Analytics', 'Klaviyo', 'Lazy Load for WordPress', 'Leadfeeder', 'Lijit Reseller', 'LinkedIn Insights', 'LiteSpeed', 'LiveChat', 'LiveChat Monitoring', 'LiveRamp', 'MGID', 'MGID Reseller', 'MailChimp', 'MailerLite', 'Mailjet Widget', 'Marketo', 'Matomo', 'Mautic', 'Media.net', 'Media.net Reseller', 'Mediavine Publisher', 'Microdata for Google Shopping', 'Microsoft Azure Blob Storage', 'Microsoft Clarity', 'Mixpanel', 'Monetate', 'Monster', 'Monumetric Publisher', 'Mouseflow', 'New Relic', 'Ntent', 'Nudgify', 'OSS CDN', 'Okendo', 'Olark', 'OmniConvert', 'Omnisend', 'OneTrust Domain Verification', 'Ontraport', 'OpenX Direct', 'Optimizely Recommendations', 'OptinMonster', 'Outbrain Direct', 'PHP', 'Paperform', 'Pardot', 'Parse.ly', 'PayPal', 'PayPal Adaptive Payments', 'Pendo', 'Personyze', 'Pinterest Conversion Tracking', 'Pirsch', 'Piwik PRO', 'Plausible Analytics', 'Podium', 'PollDaddy', 'PubMatic Direct', 'Pubmatic', 'PushAlert', 'PushEngage', 'Qualtrics Site Intercept', 'Quantcast Direct', 'Quantum Metric', 'RM Education', 'RTB House Direct', 'Reamaze', 'Revcontent Reseller', 'ReviewsOnMyWebsite', 'Rumble Player', 'ScarabResearch', 'Seflow Italy', 'Segment', 'Segment Consent Manager', 'SendPulse', 'Sentry', 'ShareThis', 'Shopper Approved', 'Simple Analytics', 'SiteW', 'SiteWit', 'Sitelinks Search Box', 'SmartAdServer Direct', 'SmartSupp', 'SnapEngage', 'Sourcepoint', 'SproutVideo', 'Stamped', 'StatCounter', 'Streamable', 'Stripe', 'Sumo', 'Swell Rewards', 'Taboola Direct', 'Taboola Reseller', 'Tally', 'Tealium', 'Telegram', 'The Trade Desk Direct', 'Theme In WP', 'ThemeFusion', 'Thrive Direct', 'TikTok Conversion Tracking Pixel', 'Triple Lift Direct', 'TrustPulse', 'Tumblr', 'Twitch', 'Twitter Ads', 'Twitter Analytics', 'Typeform', 'UK Cookie Consent', 'UTF-8', 'Vercel', 'Vimeo', 'Vimeo CDN', 'Vine Embed', 'Visual Website Optimizer', 'WP Rocket', 'WP jQuery Lightbox', 'Webpushr', 'WhatsApp Sharing', 'Wistia', 'Woo Themes', 'Woopra', 'WordPress', 'WordPress Multisite', 'Wufoo', 'Yahoo Image CDN', 'Yahoo Web Analytics', 'Yandex Hosting', 'Yieldmo Direct', 'Yotpo', 'YouTube', 'Zendesk Embeddables', 'Zoho SalesIQ', 'arsys.es', 'comScore', 'eKomi', 'iZooto', 'jQuery', 'jsDelivr', 'mParticle', 'reCAPTCHA']"
firststepwc.com,"Women's Center Springfield, IL | First Step Women's Center | Abortion Info",,USA,87,136894,2026-09-22T08:16:43.123545435Z,"['501c3 Status Nonprofit', 'Alternate Protocol', 'Amazon WAF Blocked', 'Apture Linking Platform', 'ByteDance', 'CallRail', 'Content Delivery Network', 'Express', 'Fastly', 'Fastly CDN', 'GZIP Module', 'Google Related Website Sites', 'Hotjar', 'Instagram Follow Button', 'K2F', 'KVH', 'Microdata for Google Shopping', 'NFOrce Internet', 'PWA', 'QUIC', 'SMC', 'Seflow Italy', 'Sentry', 'SiteW', 'Sitelinks Search Box', 'Subversion', 'Thank You', 'TikTok Conversion Tracking Pixel', 'UTF-8', 'Vector Internet Services', 'Wix', 'Wix Media', 'WordPress Related Posts', 'eLand', 'mlcom']"
essentialistics.com,ESSENTIALISTICS,,JPN,60,567,2026-09-22T08:05:26.760896583Z,"['Active Campaign', 'Alternate Protocol', 'ByteDance', 'GZIP Module', 'Google', 'Google Analytics', 'Google Cloud DNS', 'Google Font API', 'Google My Business', 'Google Tag Manager', 'IcoMoon', 'Instagram Follow Button', 'Microdata for Google Shopping', 'Nginx', 'QUIC', 'Schema Plugin', 'Shopware', 'TikTok Conversion Tracking Pixel', 'UTF-8', 'jsDelivr', 'reCAPTCHA']"
stagebeauty.co,Stage - Stage Beauty Co,,,55,539,2026-09-22T07:08:20.882320696Z,"['Alternate Protocol', 'ByteDance', 'Contact Form Plugin', 'Content Delivery Network', 'EmbedPress', 'Facebook Conversion Tracking', 'Facebook Login', 'Facebook Messenger Platform', 'Facebook Pixel', 'Facebook Reseller', 'Facebook Tag API', 'GZIP Module', 'Google Analytics', 'Google Cloud DNS', 'Google Font API', 'IcoMoon', 'Instagram Follow Button', 'MailChimp for WordPress', 'Microdata for Google Shopping', 'Nectar Slide Plugin', 'Nginx', 'PHP', 'QUIC', 'Salient', 'Slider Revolution', 'Tagembed', 'Theme In WP', 'TikTok Conversion Tracking Pixel', 'Twitter Ads', 'UTF-8', 'WP Engine', 'WPBakery', 'Woo Themes', 'WooCommerce', 'WooCommerce Checkout', 'WordPress', 'WordPress Multisite', 'jQuery']"
hortmanclinics-doctors.com,Best Aesthetics Clinic in Dubai | Hortman Clinics – Luxury Beauty & Wellness Experts,"Hortman Clinics, Aesthetic Clinics in Dubai",GBR,82,8186,2026-09-22T06:43:46.606272344Z,"['Alternate Protocol', 'Amazon WAF Blocked', 'Apache', 'Apture Linking Platform', 'AutoComplete', 'ByteDance', 'DAV', 'Easy Accordio', 'Elementor', 'EmbedPress', 'Ethy', 'GZIP Module', 'Google', 'Google Analytics', 'Google Cloud DNS', 'Google Font API', 'Google My Business', 'Google Related Website Sites', 'Google Tag Manager', 'Hub Theme', 'Instagram Follow Button', 'Lazy Load for WordPress', 'LinkedIn Insights', 'LinkedIn Pixel', 'Microdata for Google Shopping', 'NFOrce Internet', 'Ntent', 'PHP', 'Pico CSS', 'QUIC', 'Schema Plugin', 'Sitelinks Search Box', 'Table Addons for Elementor', 'TikTok Conversion Tracking Pixel', 'TrustIndex', 'UTF-8', 'WP Rocket', 'WordPress', 'WordPress Multisite', 'WordPress Related Posts', 'YouTube', 'reCAPTCHA']"
petraalliedhealth.com,Medical & Dental Assistant Training Springdale | Petra Allied Health,"Petra Allied Health, Inc.",USA,77,79513,2026-09-22T06:13:13.118333656Z,"['Adult Content', 'Alternate Protocol', 'Apache', 'Apture Linking Platform', 'Automattic', 'ByteDance', 'Cart.com', 'Elementor', 'EmbedPress', 'Financial Services Guide', 'GZIP Module', 'Google Analytics', 'Google My Business', 'Google Related Website Sites', 'Google Tag Manager', 'IcoMoon', 'Instagram Follow Button', 'Jetpack', 'Microdata for Google Shopping', 'NFOrce Internet', 'Ntent', 'PDF Embedder for Wordpress', 'PHP', 'Perl', 'QUIC', 'Shoptimizer', 'Simple Social Icons', 'Theme In WP', 'TikTok Conversion Tracking Pixel', 'UTF-8', 'University or College', 'WPForms', 'Woo Themes', 'WooCommerce', 'WooCommerce Checkout', 'WooCommerce Pixel Manager by woopt', 'WordPress', 'WordPress Multisite', 'WordPress Stats', 'eLand', 'jQuery']"
siteai.ro,SiteAI,,,62,432,2026-09-22T04:44:30.579404919Z,"['AI Log', 'Adult Content', 'ByteDance', 'Calendly', 'Content Delivery Network', 'Google Analytics', 'Google Tag Manager', 'Instagram Follow Button', 'Next.js', 'PWA', 'Tailwind CSS', 'TikTok Conversion Tracking Pixel', 'UTF-8', 'Vercel', 'shadcn ui']"
dewellie.com,dewellie,,CHN,65,32035,2026-09-22T04:22:06.520339756Z,"['Amazon WAF Blocked', 'Apture Linking Platform', 'ByteDance', 'Checkout.com', 'Cisco/Arrowpoint Content Service Switch', 'Coming Soon Page', 'Content Delivery Network', 'Contento', 'Express', 'Google My Business', 'Instagram Follow Button', 'PayPal Adaptive Payments', 'QUIC', 'ShopBase', 'Tailwind CSS', 'Thank You', 'TikTok Conversion Tracking Pixel', 'Twitter Ads', 'UTF-8', 'Umbler', 'YouTube', 'shadcn ui']"
bidconsultancy.co.za,Home - Bid Consultancy,,,82,5258,2026-09-22T04:00:47.418112407Z,"['Alternate Protocol', 'Blocksy', 'ByteDance', 'Content Delivery Network', 'Elementor', 'EmbedPress', 'Event Tickets for Wordpress', 'Facebook Conversion Tracking', 'Facebook Login', 'Facebook Messenger Platform', 'Facebook Pixel', 'Facebook Reseller', 'Facebook Tag API', 'Fastly', 'GZIP Module', 'Google Analytics', 'Google Tag Manager', 'Gravity', 'Gravity Forms', 'HappyAddons', 'Instagram Follow Button', 'Microdata for Google Shopping', 'NFOrce Internet', 'Nginx', 'Ntent', 'PHP', 'Sitelinks Search Box', 'Thank You', 'Theme In WP', 'TikTok Conversion Tracking Pixel', 'To Top', 'TrustIndex', 'UTF-8', 'Woo Themes', 'WooCommerce', 'WooCommerce Checkout', 'WordPress', 'WordPress Multisite', 'jQuery']"
alraddadigroup.com,Alraddadi Group Your Trusted Partner In Car Maintenance,مجموعة الردادي لصيانة السيارات,PHL,82,9601,2026-09-22T03:12:08.646809931Z,"['Alternate Protocol', 'Apache', 'Aruba', 'Better Lead Generation Services', 'ByteDance', 'DuracellTomi Google Tag Manager for WordPress', 'Elementor', 'ElementsKit Elementor', 'EmbedPress', 'Facebook Login', 'Facebook Messenger Platform', 'Facebook Pixel', 'Facebook Reseller', 'FiboSearch', 'GZIP Module', 'Google Analytics', 'Google My Business', 'Google Related Website Sites', 'Google Tag Manager', 'Hello Elementor', 'Instagram Follow Button', 'Kitco', 'Lazy Load for WordPress', 'MailChimp', 'Microdata for Google Shopping', 'NFOrce Internet', 'PHP', 'Polylang', 'Site Kit', 'Sitelinks Search Box', 'Table Addons for Elementor', 'Theme In WP', 'TikTok Conversion Tracking Pixel', 'UTF-8', 'WP Rocket', 'Woo Themes', 'WooCommerce', 'WooCommerce Checkout', 'WordPress', 'WordPress Multisite', 'YouTube', 'eLand', 'jQuery', 'reCAPTCHA']"
academiccoaches.co.za,Home | Academic Coaches | Premium Academic Coaching Programs,Academic Coaches,,87,136050,2026-09-22T02:19:51.141471757Z,"['Alternate Protocol', 'Amazon WAF Blocked', 'Apture Linking Platform', 'ByteDance', 'Cloudflare', 'Coming Soon Page', 'Content Delivery Network', 'DAV', 'Express', 'Fastly', 'Fastly CDN', 'GZIP Module', 'Google Related Website Sites', 'Instagram Follow Button', 'K2F', 'KVH', 'Microdata for Google Shopping', 'NFOrce Internet', 'POWr', 'PWA', 'Perl', 'Poptin', 'QUIC', 'SMC', 'Seflow Italy', 'Sentry', 'SiteW', 'Sitelinks Search Box', 'Subversion', 'Thank You', 'TikTok Conversion Tracking Pixel', 'UTF-8', 'University or College', 'Vector Internet Services', 'WP Booking Calendar', 'Wix', 'Wix Media', 'eLand', 'mlcom']"
velvetlashesandbeauty.com.au,Eyelash Extensions | Velvet Lashes and Beauty | Prahran,Velvet Lashes and Beauty,SYC,82,136181,2026-09-22T02:01:31.365153962Z,"['Alternate Protocol', 'Amazon WAF Blocked', 'Apture Linking Platform', 'ByteDance', 'Cloudflare', 'Content Delivery Network', 'DAV', 'Express', 'Fastly', 'Fastly CDN', 'GZIP Module', 'Google Analytics', 'Google Related Website Sites', 'Google Tag Manager', 'Hotjar', 'Instagram Follow Button', 'K2F', 'KVH', 'Microdata for Google Shopping', 'NFOrce Internet', 'PWA', 'Perl', 'QUIC', 'SMC', 'Seflow Italy', 'Sentry', 'SiteW', 'Subversion', 'Thank You', 'TikTok Conversion Tracking Pixel', 'UTF-8', 'Vector Internet Services', 'WP Booking Calendar', 'Wix', 'Wix Media', 'eLand', 'mlcom']"
trtshopping.com,Доставка товарів з США в Україну | TRT Shopping,TRT Express,USA,77,54109,2026-09-21T23:34:52.578873934Z,"['3 Products', 'AWS WAF Challenge', 'Alternate Protocol', 'Amazon Widgets', 'ByteDance', 'CDN JS', 'Cloudflare', 'Cloudflare CDN', 'Contact Form Plugin', 'Content Delivery Network', 'Contento', 'Create React App', 'EmbedPress', 'Express', 'Facebook Conversion Tracking', 'Facebook Login', 'Facebook Messenger Platform', 'Facebook Pixel', 'Facebook Reseller', 'Facebook Tag API', 'Google Analytics', 'Google Cloud DNS', 'Google Font API', 'Google My Business', 'Google Tag Manager', 'Hotjar', 'Instagram Follow Button', 'Kitco', 'Material Design Icons', 'Microdata for Google Shopping', 'PHP', 'Pleroma', 'Site Kit', 'Telegram', 'Theme In WP', 'TikTok Conversion Tracking Pixel', 'Twitter Ads', 'UPS', 'UTF-8', 'Umbler', 'Vector Internet Services', 'WP Engine', 'WPBakery', 'Walmart', 'WordPress', 'WordPress Multisite', 'Zephyr', 'jQuery', 'reCAPTCHA']"
engyfashion.com,Homepage | إنجي للمحجبات,,EGY,77,2440,2026-09-21T23:18:44.163249611Z,"['ByteDance', 'Content Delivery Network', 'GZIP Module', 'Google', 'Google Analytics', 'Google Cloud DNS', 'Google Font API', 'Google Tag Manager', 'Instagram Follow Button', 'Microdata for Google Shopping', 'Next.js', 'Pleroma', 'Styled Components', 'Tailwind CSS', 'Telegram', 'TikTok Conversion Tracking Pixel', 'UTF-8']"
mediatech.edu,MediaTech Institute - Campus and Online Degrees,,USA,77,42214,2026-09-21T22:59:22.326279754Z,"['AWS WAF Challenge', 'Alternate Protocol', 'Apache', 'Apture Linking Platform', 'ByteDance', 'ClickCease', 'CoBlocks', 'DAV', 'Divi', 'DoubleClick Bid Manager', 'Elegant Themes', 'EmbedPress', 'Facebook Conversion Tracking', 'Facebook Login', 'Facebook Messenger Platform', 'Facebook Pixel', 'Facebook Reseller', 'Facebook Tag API', 'Foundation', 'GZIP Module', 'GoDaddy', 'Google', 'Google Analytics', 'Google Cloud DNS', 'Google Font API', 'Google My Business', 'Google Related Website Sites', 'Google Tag Manager', 'Gravity', 'Gravity Forms', 'Instagram Follow Button', 'KVH', 'Microdata for Google Shopping', 'PHP', 'Perl', 'Smart Slider 3', 'Theme In WP', 'TikTok Conversion Tracking Pixel', 'UTF-8', 'University or College', 'WP Rocket', 'WordPress', 'WordPress Multisite', 'YouTube', 'eLand', 'jQuery', 'reCAPTCHA']"
mrsupplement1.com,Homepage | MR Supplements Store,,,57,1483,2026-09-21T22:34:31.871452799Z,"['AWS WAF Challenge', 'ByteDance', 'CDN JS', 'Cloudflare', 'Cloudflare CDN', 'Content Delivery Network', 'GZIP Module', 'Google', 'Google Analytics', 'Google Cloud DNS', 'Google Font API', 'Google Tag Manager', 'Instagram Follow Button', 'Microdata for Google Shopping', 'Next.js', 'Pleroma', 'Postimage.org', 'Pure.css', 'QUIC', 'Styled Components', 'Tailwind CSS', 'TikTok Conversion Tracking Pixel', 'UTF-8', 'Vector Internet Services', 'YouTube']"
sinnocloud.com,SINO Cloud,SINO Cloud,USA,72,,2026-09-21T21:04:30.479103283Z,"['ByteDance', 'Cloudflare', 'Express', 'Google Tag Manager', 'Microdata for Google Shopping', 'PHP', 'Pico CSS', 'Pleroma', 'TikTok Conversion Tracking Pixel', 'UTF-8']"
destina.one,Destina 1 International Sdn Bhd,,MYS,77,96699,2026-09-21T20:48:53.554697766Z,"['ByteDance', 'Content ad', 'Ethy', 'Facebook Conversion Tracking', 'Facebook Login', 'Facebook Messenger Platform', 'Facebook Pixel', 'Facebook Reseller', 'Facebook Tag API', 'Firebase', 'Fireblade', 'Font Awesome', 'Google', 'Google Analytics', 'Google Cloud CDN', 'Google My Business', 'Google Recommendations AI', 'Google Tag Manager', 'Instagram Follow Button', 'Microdata for Google Shopping', 'Nginx', 'Onyx Internet', 'PHP', 'Parcel', 'Perl', 'QUIC', 'SMC', 'Tailwind CSS', 'TikTok Conversion Tracking Pixel', 'Twitter Ads', 'UTF-8', 'Way', 'YouTube', 'reCAPTCHA']"
storybookinvites.com,Apply To Receive A Princess Portrait Session,,USA,60,1505,2026-09-21T20:02:29.778639934Z,"['AWS WAF Challenge', 'Amazon S3 CDN', 'Aruba', 'ByteDance', 'CDN JS', 'Cloudflare', 'Cloudflare CDN', 'Cloudflare Web Analytics', 'Content Delivery Network', 'Facebook Like', 'Facebook Login', 'Facebook Messenger Platform', 'Facebook Reseller', 'Font Awesome', 'Giphy', 'Google Analytics', 'Google Cloud DNS', 'Google Font API', 'Google Tag Manager', 'Pinterest Conversion Tracking', 'Proof', 'Storyblocks', 'TikTok Conversion Tracking Pixel', 'UTF-8', 'eLand', 'jsDelivr']"
faithfultransformation.com,Faithful Transformation,,USA,70,28727,2026-09-21T19:32:32.358506136Z,"['AWS WAF Challenge', 'Alternate Protocol', 'Amazon', 'Amazon CloudFront', 'ByteDance', 'CloudFront', 'ETranslate', 'Ecwid Ecommerce Shopping Cart', 'GZIP Module', 'Google Cloud DNS', 'Google Forms', 'Google Maps', 'Google My Business', 'Instagram Follow Button', 'Nginx', 'PWA', 'QUIC', 'RM Education', 'Sapper', 'Stripe', 'Thank You', 'TikTok Conversion Tracking Pixel', 'Typeform', 'UTF-8', 'Unsplash', 'YouTube', 'eLand']"
dewittheating.com,Tyler Heating & Cooling - Professional HVAC - Greater Lansing,,PER,82,1840625,2026-09-21T18:49:29.592897363Z,"['33 Across Direct', 'AB Tasty', 'ADFOX', 'AWS WAF Challenge', 'Active Campaign', 'AdRoll', 'AddThis for Wordpress', 'Adform Direct', 'Adobe Analytics', 'Adobe Marketing Cloud', 'Adpushup', 'Aimtell', 'Akamai Global Host', 'Alibaba Cloud CDN', 'Amazon Associates Affiliate Shop', 'Amazon CloudFront', 'Amazon WAF Blocked', 'Amped', 'Amplitude', 'Analytify', 'AnyChat', 'AppNexus Direct', 'Apture Linking Platform', 'Automattic', 'BLR', 'Baidu Ads', 'Baidu Analytics', 'Baidu Cloud', 'Band Camp', 'Bazaarvoice', 'Bazaarvoice Curations', 'BidSwitch Direct', 'Bing Cashback', 'Bing Conversion Tracking', 'Birdeye', 'Brevo', 'Brightcove', 'ByteDance', 'CDN JS', 'Calendly', 'Camp', 'Chartbeat', 'Chatra', 'Clicky', 'CloudFront', 'Cloudflare', 'Cloudflare CDN', 'Cloudflare Stream', 'Cloudflare Turnstile', 'Cloudflare Web Analytics', 'Cognito Forms', 'Connatix Reseller', 'Constant Contact', 'Content Square', 'Convert', 'ConvertKit', 'Cookie First', 'CookieYes', 'Countly', 'CrazyEgg', 'Crisp', 'Criteo', 'Criteo Reseller', 'Crowdsignal', 'Customer.io', 'Cybot', 'DailyMotion Video', 'Dailymotion Reseller', 'Decibel Insight', 'DemDex', 'Didomi', 'Disqus Comment System for WordPress', 'DoubleClick Bid Manager', 'Drift', 'Drip', 'Dynamic Yield', 'Eber', 'Elegant Themes', 'Eloqua', 'EmbedPress', 'Engage', 'Ensighten', 'Enzuzo', 'ExactTarget', 'Ezoic Direct', 'Ezoic Publisher', 'Facebook Embedded Posts', 'Facebook Pixel', 'Facebook Reseller', 'Feefo', 'Fomo', 'Font Awesome', 'Fonts.com', 'Formstack', 'Freshdesk Support', 'Freshpaint', 'Freshworks Bot', 'FullStory', 'GZIP Module', 'GetGist', 'GetResponse', 'GetSiteControl', 'Giphy', 'Global Privacy Control', 'GoatCounter', 'Google', 'Google Adsense', 'Google Analytics', 'Google Calendar', 'Google Cloud CDN', 'Google Cloud DNS', 'Google Flights Conversion Tracking', 'Google Font API', 'Google Funding Choices', 'Google Maps', 'Google Matched Content', 'Google My Business', 'Google Reseller', 'Google Tag Manager', 'Gorgias', 'GumGum', 'GumGum Direct', 'Heap', 'Hello Bar', 'Help Scout', 'HelpCrunch', 'Hotjar', 'HubSpot Conversations', 'Hubspot', 'Infolinks', 'Inspectlet', 'Instagram Follow Button', 'Intercom', 'IponWeb BidSwitch', 'Iterable', 'Iubenda', 'JW Player Platform', 'Jetpack', 'JivoSite', 'JotForm', 'Kakao', 'Kaltura', 'Kameleoon', 'Kampyle Analytics', 'Klaviyo', 'Lazy Load for WordPress', 'Leadfeeder', 'Lijit Reseller', 'LinkedIn Insights', 'LiteSpeed', 'LiveChat', 'LiveChat Monitoring', 'LiveRamp', 'MGID', 'MGID Reseller', 'MailChimp', 'MailerLite', 'Mailjet Widget', 'Marketo', 'Matomo', 'Mautic', 'Media.net', 'Media.net Reseller', 'Mediavine Publisher', 'Microdata for Google Shopping', 'Microsoft Azure Blob Storage', 'Microsoft Clarity', 'Mixpanel', 'Monetate', 'Monster', 'Monumetric Publisher', 'Mouseflow', 'New Relic', 'Nginx', 'NitroPack', 'Ntent', 'Nudgify', 'OSS CDN', 'Okendo', 'Olark', 'OmniConvert', 'Omnisend', 'OneTrust Domain Verification', 'Ontraport', 'OpenX Direct', 'Optimizely Recommendations', 'OptinMonster', 'Outbrain Direct', 'PHP', 'Paperform', 'Pardot', 'Parse.ly', 'PayPal', 'PayPal Adaptive Payments', 'Pendo', 'Personyze', 'Pinterest Conversion Tracking', 'Pirsch', 'Piwik PRO', 'Plausible Analytics', 'Podium', 'PollDaddy', 'PubMatic Direct', 'Pubmatic', 'PushAlert', 'PushEngage', 'Qualtrics Site Intercept', 'Quantcast Direct', 'Quantum Metric', 'RM Education', 'RTB House Direct', 'Reamaze', 'Revcontent Reseller', 'ReviewsOnMyWebsite', 'Rumble Player', 'ScarabResearch', 'Seflow Italy', 'Segment', 'Segment Consent Manager', 'SendPulse', 'Sentry', 'ShareThis', 'Shopper Approved', 'Simple Analytics', 'SiteW', 'SiteWit', 'SmartAdServer Direct', 'SmartSupp', 'SnapEngage', 'Sourcepoint', 'SproutVideo', 'Stamped', 'StatCounter', 'Streamable', 'Stripe', 'Sumo', 'Swell Rewards', 'Taboola Direct', 'Taboola Reseller', 'Tailwind CSS', 'Tally', 'Tealium', 'Telegram', 'The Trade Desk Direct', 'Theme In WP', 'Thrive Direct', 'TikTok Conversion Tracking Pixel', 'Triple Lift Direct', 'TrustPulse', 'Tumblr', 'Twitch', 'Twitter Ads', 'Twitter Analytics', 'Typeform', 'UK Cookie Consent', 'UTF-8', 'Vercel', 'Vimeo', 'Vimeo CDN', 'Vine Embed', 'Visual Website Optimizer', 'Webpushr', 'Wistia', 'Woo Themes', 'Woopra', 'WordPress', 'WordPress Multisite', 'Wufoo', 'Yahoo Image CDN', 'Yahoo Web Analytics', 'Yandex Hosting', 'Yieldmo Direct', 'Yotpo', 'YouTube', 'Zendesk Embeddables', 'Zoho SalesIQ', 'arsys.es', 'comScore', 'eKomi', 'iZooto', 'jQuery', 'jsDelivr', 'mParticle', 'reCAPTCHA']"
beckyjanefox.com,Home - Becky Jane Fox,,,72,19732,2026-09-21T18:49:29.586411473Z,"['AWS WAF Challenge', 'Alternate Protocol', 'Apture Linking Platform', 'ByteDance', 'Cloudflare', 'Cloudflare CDN', 'Coming Soon Page', 'Contact Form Plugin', 'Content Delivery Network', 'ConvertKit for Wordpress', 'Elementor', 'EmbedPress', 'Google', 'Google My Business', 'Hello Elementor', 'LiteSpeed', 'Microdata for Google Shopping', 'NFOrce Internet', 'PHP', 'Pagekit', 'PixelYourSite', 'QUIC', 'Smush Image Optimization', 'Theme In WP', 'TikTok Conversion Tracking Pixel', 'UTF-8', 'WordPress', 'WordPress Multisite', 'jQuery']"
