domain,title,business_name,country,seo_score,tech_spend,crawled_at,technologies
deanfoxmndfoundation.org,The Dean Fox MND Foundation,,,67,3740,2026-10-06T19:55:32.950270608Z,"['Alternate Protocol', 'Authorize.net', 'Content Delivery Network', 'GZIP Module', 'GoFundMe', 'Google', 'Google Cloud CDN', 'Google Cloud DNS', 'Google Cloud Storage', 'Google Font API', 'Instagram Follow Button', 'Nuxt.js', 'UTF-8', 'YouTube']"
junkyardblooze.com,OFFICIAL site for Punk&Rock&Rollers JUNKYARD & Tim Mosher & His JUNKYARD Friends - RIP David Roach,Junkyard,USA,77,967,2026-10-06T15:42:33.694228141Z,"['Alternate Protocol', 'Apache', 'Bandsintown', 'DAV', 'EmbedPress', 'Express', 'Facebook CDN', 'Financial Services Guide', 'GZIP Module', 'GoFundMe', 'Google Analytics', 'Google Related Website Sites', 'Google Tag Manager', 'Instagram Feed for WordPress', 'Instagram Follow Button', 'Meta Slider for WordPress', 'Microdata for Google Shopping', 'PHP', 'PayPal Button', 'PayPal Form', 'Square', 'Theme In WP', 'Twenty Sixteen', 'UTF-8', 'WordPress', 'WordPress Multisite', 'YouTube', 'jQuery']"
creativepatternmakers.com,CREATIVE PATTERN MAKERS,Creative Pattern Makers,USA,87,4453,2026-10-06T13:29:53.343879908Z,"['Adobe Creative Cloud WebFonts', 'Aruba', 'Express', 'Fastly', 'GZIP Module', 'GoFundMe', 'Google Related Website Sites', 'Instagram Follow Button', 'Line2', 'Microdata for Google Shopping', 'Perl', 'QUIC', 'SiteW', 'Squarespace', 'Tailwind CSS', 'UTF-8', 'WordPress SEO Structured Data Schema Plugin', 'eLand']"
belliveaucove.com,"Belliveau Cove Development Commission – Where the land meets the sea in Clare, NS",,,50,322,2026-10-06T09:53:12.465629067Z,"['Alternate Protocol', 'Amazon', 'Amazon S3 CDN', 'Apache', 'Contact Form Plugin', 'EmbedPress', 'GZIP Module', 'GoFundMe', 'PHP', 'Polylang', 'Storyblocks', 'Theme In WP', 'ThemeFusion', 'UTF-8', 'WP jQuery Lightbox', 'WordPress', 'WordPress Multisite', 'jQuery']"
ucgfortwayne.com,Home | UCG Fort Wayne,Utopian Community Grocery,USA,60,27051,2026-10-06T05:46:46.711107209Z,"['Alternate Protocol', 'Amazon WAF Blocked', 'Apture Linking Platform', 'Cloudflare', 'Content Delivery Network', 'DAV', 'Express', 'Fastly', 'Fastly CDN', 'GZIP Module', 'GoFundMe', 'Microdata for Google Shopping', 'NFOrce Internet', 'POWr', 'PWA', 'Perl', 'QUIC', 'SMC', 'Seflow Italy', 'Sentry', 'SiteW', 'Subversion', 'Thank You', 'UTF-8', 'Vector Internet Services', 'WP Booking Calendar', 'Wix', 'Wix Media', 'mlcom']"
csasoupkitchen.org,"Community Service Associates, Inc. – Free Meal Program",,USA,65,1537,2026-10-06T03:34:15.467407542Z,"['Alternate Protocol', 'Apache', 'CoBlocks', 'Complianz', 'Constant Contact Wordpress Forms', 'Contact Form Plugin', 'DAV', 'ElementUI', 'EmbedPress', 'GZIP Module', 'GoDaddy', 'GoFundMe', 'Google Cloud DNS', 'Google Font API', 'Google My Business', 'Instagram Follow Button', 'Microdata for Google Shopping', 'PHP', 'Primer', 'Schema Plugin', 'Smart Slider 3', 'Thank You', 'Theme In WP', 'UTF-8', 'Website Tonight', 'WordPress', 'WordPress Multisite', 'eLand', 'jQuery']"
onedayseyoum.org,One Day Seyoum,,GBR,77,101544,2026-10-05T23:16:28.082353229Z,"['Accordion Blocks', 'Accordion FAQ', 'Adobe Creative Cloud WebFonts', 'Aruba', 'Express', 'Financial Services Guide', 'GZIP Module', 'GoFundMe', 'Instagram Follow Button', 'K2F', 'Line2', 'Magento Enterprise', 'Microdata for Google Shopping', 'Newsletter for Wordpress', 'QUIC', 'SiteW', 'Squarespace', 'Twitter Ads', 'UTF-8', 'WordPress SEO Structured Data Schema Plugin', 'eLand']"
tokoriki.com,Home Page - Tokoriki Island Resort | Tokoriki Island Resort,Tokoriki Island Resort,FJI,75,66068,2026-10-05T23:00:08.538060077Z,"['Alternate Protocol', 'Collapse-O-Matic', 'Contact Form Plugin', 'Content Delivery Network', 'EmbedPress', 'Facebook Conversion Tracking', 'Facebook Login', 'Facebook Messenger Platform', 'Facebook Pixel', 'Facebook Reseller', 'Facebook Tag API', 'Formidable Pro Form', 'GZIP Module', 'GoFundMe', 'Google', 'Google Analytics', 'Google Cloud DNS', 'Google Conversion Tracking', 'Google Font API', 'Google My Business', 'Google No Site Links Search', 'Google Related Website Sites', 'Google Tag Manager', 'Instagram Follow Button', 'Kitco', 'Microdata for Google Shopping', 'Nginx', 'PHP', 'SMC', 'Site Kit', 'SiteMinder', 'Sojern', 'StackPath', 'Tailwind CSS', 'Theme In WP', 'Twenty Thirteen', 'UTF-8', 'WP Engine', 'Wistia', 'WordPress', 'WordPress Multisite', 'YouTube', 'jQuery', 'reCAPTCHA']"
resilientrecoverync.org,Resilient Recovery NC,,USA,87,38779,2026-10-05T22:07:27.825556788Z,"['501c3 Status Nonprofit', 'AWS WAF Challenge', 'Alternate Protocol', 'Authorize.net', 'Cloudflare', 'Cloudflare Web Analytics', 'Coming Soon Page', 'Content Delivery Network', 'DC74', 'Financial Services Guide', 'Fireblade', 'GoFundMe', 'Google', 'Google Cloud CDN', 'Google Cloud DNS', 'Google Cloud Storage', 'Google Font API', 'Nuxt.js', 'UTF-8']"
redgravyco.com,Home Page - Red Gravy,Red Gravy,USA,75,26146,2026-10-05T21:35:44.933468816Z,"['AWS WAF Challenge', 'Alternate Protocol', 'Cloudflare', 'Content Delivery Network', 'Divi', 'Elegant Themes', 'ElementUI', 'EmbedPress', 'GoFundMe', 'Google', 'Google Analytics', 'Google Cloud CDN', 'Google Cloud DNS', 'Google Font API', 'Google Maps', 'Google My Business', 'Google Tag Manager', 'Instagram Follow Button', 'LottieFiles', 'Microdata for Google Shopping', 'OpenTable', 'PHP', 'QUIC', 'Theme In WP', 'Toast POS', 'Twitter Ads', 'UTF-8', 'WP Engine', 'Woo Themes', 'WordPress', 'WordPress Multisite', 'YouTube', 'accessiBe', 'jQuery']"
scarville.org,"Scarville, Iowa – Located at the top of Iowa, this small town knows how to enjoy life.",,USA,70,25827,2026-10-05T20:39:53.992677556Z,"['AWS WAF Challenge', 'Alternate Protocol', 'Cloudflare', 'Content Delivery Network', 'DAV', 'Elementor', 'EmbedPress', 'Font Awesome', 'Genesis Blocks', 'GoFundMe', 'Google My Business', 'Google Related Website Sites', 'Hello Elementor', 'PHP', 'RM Education', 'Table Addons for Elementor', 'Theme In WP', 'Typeform', 'UTF-8', 'WP Engine', 'WordPress', 'WordPress Multisite', 'jQuery']"
animalbloodcenter.org,Animal Blood Center | California's Community Pet Blood Bank,Animal Blood Center,VEN,82,20564,2026-10-05T20:25:07.444214655Z,"['AWS WAF Challenge', 'Alternate Protocol', 'Amazon CloudFront', 'Cisco/Arrowpoint Content Service Switch', 'CloudFront', 'Duda', 'FormSubmit', 'GZIP Module', 'GoFundMe', 'Instagram Follow Button', 'Microdata for Google Shopping', 'Nginx', 'Perl', 'QUIC', 'Styled Components', 'Tailwind CSS', 'Thank You', 'UTF-8', 'YouTube']"
harlemstage.org,Harlem Stage,,USA,60,12427,2026-10-05T15:51:15.104612683Z,"['AWS WAF Challenge', 'Apture Linking Platform', 'Cisco/Arrowpoint Content Service Switch', 'Classy', 'Content Delivery Network', 'Cornerstone', 'DAV', 'Eventbrite', 'Express', 'Fireblade', 'Gambling Content', 'GoFundMe', 'Google Analytics', 'Google Cloud DNS', 'Google Font API', 'Google Tag Manager', 'InitiativeS', 'Instagram Follow Button', 'Line2', 'NFOrce Internet', 'Next.js', 'Pico CSS', 'Pleroma', 'QUIC', 'Thank You', 'UTF-8', 'University or College', 'Vercel', 'YouTube', 'eLand']"
tradcatknight.org,TRADCATKNIGHT/ORDER OF THE EAGLE,,ITA,80,22492,2026-10-05T10:18:41.338634394Z,"['Alternate Protocol', 'Amazon Widgets', 'Apple Auto Link Maker', 'Automattic', 'BatCache', 'Chute', 'Content Delivery Network', 'DAV', 'EmbedPress', 'Fastly', 'GTranslate', 'GoFundMe', 'Google My Business', 'Google Play', 'Gtranslate for Wordpress', 'Idaq', 'Jetpack', 'Jetpack Site Accelerator', 'Nginx', 'PHP', 'PayPal Adaptive Payments', 'PayPal Button', 'PayPal Form', 'Perl', 'Pico CSS', 'QUIC', 'Soliloquy for WordPress', 'Thank You', 'The Events Calendar', 'Theme In WP', 'Tidio', 'Twitter Ads', 'UTF-8', 'WordPress', 'WordPress Multisite', 'WordPress Stats', 'YOP Poll', 'YouTube', 'eLand', 'iDevAffiliate', 'jQuery']"
aspenartvault.com,Aspen Art Vault Home - Aspen Art Vault,,USA,72,3544,2026-10-05T05:11:12.967834652Z,"['Alternate Protocol', 'Contact Form Plugin', 'Content Delivery Network', 'Cornerstone', 'Elementor', 'EmbedPress', 'Express', 'GiveWP', 'GoFundMe', 'Google', 'Google Analytics', 'Google Cloud CDN', 'Google Cloud DNS', 'Google Font API', 'Google Maps', 'Google My Business', 'Google Tag Manager', 'IcoMoon', 'LiteSpeed', 'Microdata for Google Shopping', 'PHP', 'Theme In WP', 'UTF-8', 'Woo Themes', 'WooCommerce', 'WooCommerce Checkout', 'WordPress', 'WordPress Multisite', 'jQuery']"
dlcra.ie,D.L.C.R.A.,,IRL,77,8047,2026-10-05T03:23:17.938645373Z,"['Alternate Protocol', 'Automattic', 'BatCache', 'CoBlocks', 'Content Delivery Network', 'EmbedPress', 'Express', 'Fastly', 'GDPR Consent Management Platform', 'GoFundMe', 'Jetpack', 'Jetpack Site Accelerator', 'Nginx', 'Perl', 'Share Link', 'Twitter Ads', 'UTF-8', 'Vector Internet Services', 'WordPress', 'WordPress Multisite', 'WordPress Stats']"
giftsfromfriendsofch.com,Friends of Monroe Carell Jr. Children's Hospital at Vanderbilt,,,67,17164,2026-10-05T03:13:22.619239116Z,"['501c3 Status Nonprofit', 'Alternate Protocol', 'Amazon CloudFront', 'Cisco/Arrowpoint Content Service Switch', 'Classy', 'CloudFront', 'Cloudflare', 'Cloudflare Web Analytics', 'Express', 'GoFundMe', 'Instagram Follow Button', 'Line2', 'Microdata for Google Shopping', 'NFOrce Internet', 'Next.js', 'Ntent', 'Pleroma', 'QUIC', 'SignUpGenius', 'Smartsheet', 'Squarespace', 'Storybook', 'Thank You', 'UTF-8', 'University or College', 'YouTube']"
socialemotionallearningconference.net,Social-Emotional Learning Forum / Innovative Schools Summit 2027,Innovative Schools Summit,USA,77,24402,2026-10-05T02:24:54.113698995Z,"['Alternate Protocol', 'Coming Soon Page', 'Content Delivery Network', 'Cvent', 'Elementor', 'EmbedPress', 'Essential Addons for Elementor', 'Express', 'Fastly', 'GZIP Module', 'GoFundMe', 'Google Analytics', 'Google Cloud DNS', 'Google Font API', 'Google My Business', 'Google Tag Manager', 'Hello Elementor', 'Instagram Follow Button', 'LinkedIn Insights', 'LinkedIn Pixel', 'Microdata for Google Shopping', 'Microsoft Clarity', 'PixelYourSite', 'Presto Player', 'Site Kit', 'Tawk', 'Telegram', 'Twitter Ads', 'UTF-8', 'University or College', 'WordPress', 'WordPress Multisite', 'YouTube', 'jQuery', 'reCAPTCHA']"
andrewshedgehoghospital.org.uk,Andrews Hedgehog Hospital - Care & Rescue,Andrews Hedgehog Hospital,,77,17967,2026-10-05T01:26:41.189494819Z,"['Alternate Protocol', 'Astra Theme', 'Content Delivery Network', 'EmbedPress', 'Facebook CDN', 'Fireblade', 'GoFundMe', 'Google', 'Google Cloud DNS', 'Google Font API', 'Microdata for Google Shopping', 'Nginx', 'PHP', 'Parallels Plesk Panel', 'PayPal Adaptive Payments', 'QUIC', 'Sitelinks Search Box', 'The SEO Framework', 'Theme In WP', 'UTF-8', 'WordPress', 'WordPress Multisite', 'WordPress Related Posts']"
cedarhavenacademy.com,Cedarhaven Academy and Therapeutics,,,52,,2026-10-05T01:19:30.061423904Z,"['Adult Content', 'Alternate Protocol', 'Content Delivery Network', 'GoFundMe', 'Next.js', 'Pleroma', 'UTF-8', 'Vercel']"
denafirehelp.com,Eaton Fire Resources – for Altadena and Pasadena,,USA,77,26742,2026-10-04T21:06:32.487009542Z,"['Airbnb', 'Alternate Protocol', 'Astra Theme', 'Content Delivery Network', 'EmbedPress', 'Fireblade', 'GenerateBlocks', 'GoFundMe', 'Google', 'Google Analytics', 'Google Cloud CDN', 'Google My Business', 'Google Related Website Sites', 'Google Tag Manager', 'Help.com', 'Instagram Follow Button', 'Motive', 'RM Education', 'SiteGround Optimizer', 'Twitter Ads', 'UTF-8', 'University or College', 'Vercel', 'WhatsApp Sharing', 'WordPress', 'WordPress Multisite', 'WordPress Related Posts', 'YouTube']"
doctordog.life,Doctor Dog – Sniffing Out Cancer,,,55,3385,2026-10-04T18:44:23.11828472Z,"['Adult Content', 'Alternate Protocol', 'Cloudflare', 'CoBlocks', 'Content Delivery Network', 'EmbedPress', 'GoDaddy', 'GoFundMe', 'Google Analytics', 'Google My Business', 'Google Tag Manager', 'Line2', 'PHP', 'QUIC', 'Theme In WP', 'UTF-8', 'Wangsu', 'Website Tonight', 'Woo Themes', 'WooCommerce', 'WooCommerce Checkout', 'WordPress', 'WordPress Multisite', 'jQuery']"
trudysilver.com,"Trudy Silver – Musician — New York, NY",,NLD,77,40,2026-10-04T18:14:50.615692933Z,"['Apache', 'DAV', 'Foundation', 'GoFundMe', 'Google Analytics', 'Google Cloud DNS', 'Google Font API', 'Interchange', 'Neighborhoods', 'Perl', 'UTF-8', 'University or College', 'YouTube']"
poiseentertainmenteducation.org,Poise-Entertainment – Poise Entertainment Education,,GBR,70,21106,2026-10-04T18:14:50.610486155Z,"['AWS WAF Challenge', 'Alternate Protocol', 'Azion', 'Cloudflare', 'Cloudflare CDN', 'Complianz', 'Content Delivery Network', 'Elementor', 'EmbedPress', 'GTranslate', 'GoFundMe', 'Google', 'Google My Business', 'Gtranslate for Wordpress', 'Header, Footer and Blocks for Elementor', 'Hello Elementor', 'Instagram Follow Button', 'LiteSpeed', 'NFOrce Internet', 'PHP', 'Perl', 'QUIC', 'Theme In WP', 'UTF-8', 'Woo Themes', 'WooCommerce', 'WooCommerce Checkout', 'WordPress', 'WordPress Multisite', 'YouTube', 'Zeffy', 'eLand', 'jQuery']"
heldenderarbeit.me,Helden der Arbeit - der Podcast zur Zukunft der Arbeitswelt - VEGA - Safe AI für Recruiting von hijob,VEGA - Safe AI für Recruiting von hijob,DEU,82,13788,2026-10-04T18:02:52.508757821Z,"['Alternate Protocol', 'Apache', 'ContentBox', 'DAV', 'DC74', 'EmbedPress', 'Font Awesome', 'GZIP Module', 'GoFundMe', 'Google', 'Google Analytics', 'Google Cloud DNS', 'Google Font API', 'Google My Business', 'Google Tag Manager', 'Instagram Follow Button', 'Krypt Technologies', 'Medium', 'Microdata for Google Shopping', 'PHP', 'Page scroll to id', 'Theme In WP', 'Twitter Ads', 'UTF-8', 'WordPress', 'WordPress Multisite', 'WordPress Related Posts', 'jQuery', 'reCAPTCHA']"
archivo.us,Archivo,,USA,65,15040,2026-10-04T17:15:51.920679066Z,"['CDN JS', 'Cloudflare', 'Cloudflare CDN', 'Fireblade', 'GoFundMe', 'Google Cloud DNS', 'Google Font API', 'Google Forms', 'Google My Business', 'Tailwind CSS', 'YouTube', 'jQuery']"
caninecompanionsltd.org,"Canine Companions | We are a non-profit, we rescue canines from being euthanized and train them into service companions",,USA,70,18344,2026-10-04T15:12:57.53695982Z,"['501c3 Status Nonprofit', 'AWS WAF Challenge', 'Alternate Protocol', 'Apache', 'Automattic', 'Cloudflare', 'Cloudflare CDN', 'DAV', 'Divi', 'Elegant Themes', 'EmbedPress', 'GZIP Module', 'GoFundMe', 'Google', 'Google Cloud CDN', 'Google Cloud DNS', 'Google Font API', 'Google My Business', 'Instagram Follow Button', 'Jetpack', 'PHP', 'Perl', 'Theme In WP', 'Twitter Ads', 'UTF-8', 'Woo Themes', 'WordPress', 'WordPress Multisite', 'WordPress Stats', 'YouTube', 'jQuery']"
nmsregina.ca,Home - NMSR,NMSR,CAN,77,19580,2026-10-04T11:30:57.32546535Z,"['AWS WAF Challenge', 'Alternate Protocol', 'Apache', 'Apture Linking Platform', 'Cloudflare', 'Cloudflare CDN', 'Contact Form Plugin', 'DAV', 'Elementor', 'ElementsKit Elementor', 'EmbedPress', 'Essential Addons for Elementor', 'Events Manager for WordPress', 'GZIP Module', 'GiveWP', 'GoFundMe', 'Google', 'Google Cloud CDN', 'Google Cloud DNS', 'Google Font API', 'Google My Business', 'Hello Elementor', 'LoftLoader', 'Microdata for Google Shopping', 'PHP', 'PayPal Button', 'PayPal Form', 'Premium Addons for Elementor', 'Royal Elementor Addons', 'Smart Slider 3', 'Thank You', 'Theme In WP', 'UTF-8', 'WhatsApp Sharing', 'Woo Themes', 'WooCommerce', 'WooCommerce Checkout', 'WordPress', 'WordPress Multisite', 'eLand', 'jQuery', 'reCAPTCHA']"
morethanagoal.com,More Than A Goal,,GHA,65,,2026-10-04T08:56:53.971718374Z,"['Content Delivery Network', 'Envoy', 'GZIP Module', 'GoFundMe', 'Google Analytics', 'Google My Business', 'Google Tag Manager', 'Instagram Follow Button', 'Next.js', 'Tailwind CSS', 'UTF-8', 'YouTube']"
giguides.com,"G.I.Guides LTD – Guides, Gear and Great Locations",,GBR,82,21886,2026-10-04T05:44:10.169095172Z,"['AWS WAF Challenge', 'Alternate Protocol', 'Automattic', 'Cloudflare', 'Cloudflare CDN', 'Content Delivery Network', 'DAV', 'EmbedPress', 'GoFundMe', 'Google', 'Google Analytics', 'Google Cloud DNS', 'Google Font API', 'Google My Business', 'Google Related Website Sites', 'Google Tag Manager', 'Gravity', 'Instagram Follow Button', 'Jetpack', 'Jetpack Site Accelerator', 'Klaviyo', 'Klaviyo for WordPress', 'Nginx', 'PHP', 'Reddit Conversion Tracking', 'Share Link', 'Site Kit', 'SiteGround Optimizer', 'Storefront', 'Theme In WP', 'UTF-8', 'University or College', 'Woo Themes', 'WooCommerce', 'WooCommerce Checkout', 'WooCommerce Payments', 'WordPress', 'WordPress Multisite', 'WordPress Stats', 'eLand', 'jQuery']"
albertsletter.org,Non Profit | Alberts Letter,,ESP,77,89828,2026-10-04T02:15:54.864400819Z,"['501c3 Status Nonprofit', 'Alternate Protocol', 'Amazon WAF Blocked', 'Apture Linking Platform', 'Content Delivery Network', 'Express', 'Fastly', 'Fastly CDN', 'GZIP Module', 'GoFundMe', 'Google Related Website Sites', 'Instagram Follow Button', 'Microdata for Google Shopping', 'NFOrce Internet', 'PWA', 'QUIC', 'SMC', 'Seflow Italy', 'Sentry', 'SiteW', 'UTF-8', 'University or College', 'Vector Internet Services', 'Wix', 'Wix Media', 'mlcom']"
makingembodiedmagic.com,Making Embodied Magic,,,60,3556,2026-10-03T22:32:59.628896046Z,"['GoDaddy', 'GoFundMe', 'Google', 'Google Cloud DNS', 'Google Font API', 'Google My Business', 'Line2', 'PWA', 'PayPal Adaptive Payments', 'PayPal Button', 'PayPal Form', 'UTF-8', 'Vimeo CDN', 'Wangsu', 'Website Tonight', 'YouTube']"
cvsag.co.uk,Solar-Action,,,60,8144,2026-10-03T22:32:59.581842573Z,"['Express', 'Fireblade', 'GZIP Module', 'GoFundMe', 'Google Analytics', 'Google Tag Manager', 'Interchange', 'NFOrce Internet', 'Nginx', 'PHP', 'Parallels Plesk Panel', 'UTF-8', 'eLand']"
salarmy-tennessee.org,Donate to The Salvation Army Tennessee,,,67,16192,2026-10-03T20:51:52.121056448Z,"['501c3 Status Nonprofit', 'Alternate Protocol', 'Amazon CloudFront', 'Cisco/Arrowpoint Content Service Switch', 'Classy', 'CloudFront', 'Cloudflare', 'Cloudflare Web Analytics', 'Express', 'GoFundMe', 'Line2', 'Microdata for Google Shopping', 'NFOrce Internet', 'Next.js', 'Ntent', 'Pleroma', 'QUIC', 'Storybook', 'Thank You', 'Twitter Ads', 'UTF-8']"
ponderosaforest.org,Home | Ponderosa Forest Maintenance Association,"Ponderosa Forest Maintenance Association, Ponderosa Forest Community",USA,92,49980,2026-10-03T14:47:30.088467402Z,"['AWS WAF Challenge', 'Amazon CloudFront', 'CloudFront', 'Fireblade', 'GoDaddy', 'GoFundMe', 'Google', 'Google Cloud DNS', 'Google Font API', 'Google My Business', 'Google Tag Manager', 'Microdata for Google Shopping', 'NFOrce Internet', 'Neighborhoods', 'PWA', 'Perl', 'QUIC', 'SignUpGenius', 'Thank You', 'UTF-8', 'Wangsu', 'Website Tonight']"
therightpath.org,Home - Right Path,Right Path,USA,87,40744,2026-10-03T14:09:13.994979759Z,"['Alternate Protocol', 'Cloudflare', 'Contact Form Plugin', 'Content Delivery Network', 'Contento', 'EmbedPress', 'GoFundMe', 'Google Cloud DNS', 'Google Font API', 'IcoMoon', 'Instagram Follow Button', 'Microdata for Google Shopping', 'Muffin Group', 'PHP', 'QUIC', 'Slider Revolution', 'Theme In WP', 'UTF-8', 'Wangsu', 'Woo Themes', 'WordPress', 'WordPress Multisite', 'YouTube', 'jQuery']"
starzfoundation.org,Starz Foundation,,,50,3,2026-10-03T08:45:19.594540855Z,"['501c3 Status Nonprofit', 'Alternate Protocol', 'Apache', 'Elementor', 'EmbedPress', 'GZIP Module', 'GoFundMe', 'Google Cloud DNS', 'Google Font API', 'Hello Elementor', 'Help.com', 'PHP', 'Table Addons for Elementor', 'UTF-8', 'WordPress', 'WordPress Multisite', 'jQuery']"
redwoodcityredkettle.org,Donate to Redwood City Virtual Red Kettle 2026,,,67,16192,2026-10-03T04:51:17.649845029Z,"['501c3 Status Nonprofit', 'Alternate Protocol', 'Amazon CloudFront', 'Cisco/Arrowpoint Content Service Switch', 'Classy', 'CloudFront', 'Cloudflare', 'Cloudflare Web Analytics', 'Express', 'GoFundMe', 'Google My Business', 'Line2', 'Microdata for Google Shopping', 'NFOrce Internet', 'Next.js', 'Ntent', 'Pleroma', 'QUIC', 'Storybook', 'Thank You', 'Twitter Ads', 'UTF-8']"
redkettleidahofalls.org,Donate to Idaho Falls Virtual Red Kettle 2025,,,67,16192,2026-10-03T03:19:43.613369029Z,"['501c3 Status Nonprofit', 'Alternate Protocol', 'Amazon CloudFront', 'Cisco/Arrowpoint Content Service Switch', 'Classy', 'CloudFront', 'Cloudflare', 'Cloudflare Web Analytics', 'Express', 'GoFundMe', 'Google My Business', 'Instagram Follow Button', 'Line2', 'Microdata for Google Shopping', 'NFOrce Internet', 'Next.js', 'Ntent', 'Pleroma', 'QUIC', 'Storybook', 'Thank You', 'UTF-8']"
axolotlartcar.com,¡AXOLOTL! : The Earth Guardian – An Inspirational Art Car Concert Stage,,PHL,80,43733,2026-10-03T02:01:50.299096701Z,"['Alternate Protocol', 'Astra Theme', 'Autoptimize', 'Cloudflare', 'Content Delivery Network', 'Elementor', 'EmbedPress', 'GoDaddy', 'GoFundMe', 'Google', 'Google Cloud DNS', 'Google Font API', 'Instagram Follow Button', 'Investor Relations', 'K2F', 'Line2', 'QUIC', 'Table Addons for Elementor', 'UTF-8', 'Wangsu', 'Website Tonight', 'Woo Themes', 'WooCommerce Checkout', 'WordPress', 'WordPress Multisite', 'WordPress Related Posts', 'YouTube', 'jQuery']"
bloodfood.ca,Dr PC Helpful Downloads. Free Rescue and Free Education!,,CAN,65,63803,2026-10-02T20:56:38.414808174Z,"['Alternate Protocol', 'Amazon WAF Blocked', 'Apture Linking Platform', 'Aruba', 'Australia Post', 'Coming Soon Page', 'DAV', 'Doteasy', 'Express', 'Gambling Content', 'GoFundMe', 'Google My Business', 'Help.com', 'Hive.co', 'Homestead', 'NFOrce Internet', 'PHP', 'Perl', 'QUIC', 'Shockwave Flash Embed', 'UTF-8', 'University or College', 'Vista Cloud', 'Walmart', 'Way', 'YouTube', 'ePages']"
ecio.or.tz,"ECIO – Enduata Community Initiative Organization is a non-profit, Tanzania registered non-governmental organization",,TZA,65,17347,2026-10-02T19:21:44.427312242Z,"['AWS WAF Challenge', 'Alternate Protocol', 'Astra Theme', 'Content Delivery Network', 'DAV', 'Elementor', 'ElementsKit Elementor', 'EmbedPress', 'GiveWP', 'GoFundMe', 'Google Cloud DNS', 'Google Font API', 'InitiativeS', 'Instagram Follow Button', 'LiteSpeed', 'NFOrce Internet', 'PHP', 'QUIC', 'Smart Slider 3', 'Theme In WP', 'UTF-8', 'Woo Themes', 'WooCommerce', 'WooCommerce Checkout', 'WordPress', 'WordPress Multisite', 'WordPress Related Posts', 'YouTube', 'eLand', 'jQuery']"
lydiasacredsong.com,Musician | Lydia Sacred Song,,GBR,77,106100,2026-10-02T18:46:25.043874975Z,"['AWS WAF Challenge', 'Alternate Protocol', 'Amazon WAF Blocked', 'Apture Linking Platform', 'Band Camp', 'Camp', 'Content Delivery Network', 'DAV', 'Express', 'Fastly', 'Fastly CDN', 'Financial Services Guide', 'GZIP Module', 'GoFundMe', 'Google Related Website Sites', 'Instagram Follow Button', 'Linktree', 'Microdata for Google Shopping', 'NFOrce Internet', 'PWA', 'QUIC', 'SMC', 'Seflow Italy', 'Sentry', 'SiteW', 'Subversion', 'UTF-8', 'University or College', 'Vector Internet Services', 'Wix', 'Wix Media', 'YouTube', 'mlcom']"
projectetheric.com,projectetheric | Linktree,,,77,10632,2026-10-02T18:00:26.116099907Z,"['Alternate Protocol', 'Cloudflare', 'Content Delivery Network', 'DAV', 'Fastly', 'GZIP Module', 'GoFundMe', 'Google', 'Google Cloud DNS', 'Google Font API', 'Kitco', 'Linktree', 'Microdata for Google Shopping', 'Next.js', 'Nginx', 'Ntent', 'PWA', 'Pleroma', 'QUIC', 'Rakuten Affiliate', 'SiteW', 'Superfiliate', 'Tailwind CSS', 'UTF-8', 'WordPress', 'YouTube', 'shadcn ui']"
myelaphilippines.com,MYELA | Make an Impact Today - Support Bicol Communities,,BRA,92,75973,2026-10-02T16:30:44.296947765Z,"['Aruba', 'Express', 'GZIP Module', 'GoFundMe', 'InitiativeS', 'Line2', 'Magento Enterprise', 'Microdata for Google Shopping', 'QUIC', 'SiteW', 'Squarespace', 'UTF-8', 'University or College', 'WordPress SEO Structured Data Schema Plugin', 'eLand']"
scwq.org.au,Home - SCWQ,SCWQ,AUS,80,2639,2026-10-02T15:03:54.376636548Z,"['Adult Content', 'Alternate Protocol', 'Automattic', 'Elementor', 'EmbedPress', 'GiveWP', 'GoFundMe', 'Google Maps', 'Google My Business', 'Jetpack', 'Jetpack Site Accelerator', 'Microdata for Google Shopping', 'NFOrce Internet', 'Nginx', 'PHP', 'Pagekit', 'Perl', 'Stripe', 'The Events Calendar', 'Theme In WP', 'UTF-8', 'UberMenu', 'Woo Themes', 'WooCommerce Checkout', 'WordPress', 'WordPress Multisite', 'WordPress Related Posts', 'eLand', 'jQuery']"
sssupport.org,Home - S&S Support Inc.,S&S Support Inc.,,67,49,2026-10-02T15:03:54.333127809Z,"['501c3 Status Nonprofit', 'Adult Content', 'Alternate Protocol', 'Apache', 'EmbedPress', 'GZIP Module', 'GoFundMe', 'Instagram Follow Button', 'Microdata for Google Shopping', 'PHP', 'Theme In WP', 'UTF-8', 'WordPress', 'WordPress Multisite']"
kathy.best,Cathy J. Fitzpatrick — cathyjf,,GBR,77,94080,2026-10-02T12:20:34.124051286Z,"['Alternate Protocol', 'Atlassian Bitbucket', 'BLR', 'Cloudflare', 'Cloudflare CDN', 'Content Delivery Network', 'Disqus Comment System for WordPress', 'Fireblade', 'GitHub Hosting', 'GoFundMe', 'HackerOne', 'Instagram Follow Button', 'IntenseDebate', 'Mastodon', 'Medium', 'Microdata for Google Shopping', 'Telegram', 'Trello', 'Tumblr', 'Twitter Ads', 'UTF-8', 'User.com', 'about.me']"
weleyofoundation.org,The WELEYO Foundation,,,62,3048,2026-10-02T11:39:26.288727772Z,"['Alternate Protocol', 'GZIP Module', 'GoFundMe', 'Google My Business', 'NFOrce Internet', 'Nginx', 'PayPal Adaptive Payments', 'Plausible Analytics', 'QUIC', 'UTF-8', 'Webador', 'reCAPTCHA']"
bryansallstars.org,HOME | Bryans Allstars,"BRYAN'S ALL STARS CHALLENGE SPORTS, INC.",,65,104421,2026-10-02T10:23:24.715486445Z,"['AWS WAF Challenge', 'Alternate Protocol', 'Amazon WAF Blocked', 'Apture Linking Platform', 'Content Delivery Network', 'DAV', 'Express', 'Fastly', 'Fastly CDN', 'Financial Services Guide', 'GZIP Module', 'GoFundMe', 'Google Calendar', 'Google My Business', 'Instagram Follow Button', 'Microdata for Google Shopping', 'NFOrce Internet', 'PWA', 'Perl', 'QUIC', 'SMC', 'Seflow Italy', 'Sentry', 'SiteW', 'Subversion', 'Twitter Ads', 'UTF-8', 'Vector Internet Services', 'WP Booking Calendar', 'Wix', 'Wix Media', 'YouTube', 'mlcom']"
wearemayreau.org,We Are Mayreau,,,55,13448,2026-10-02T09:03:43.998979791Z,"['Contento', 'GoDaddy', 'GoFundMe', 'Google', 'Google Cloud DNS', 'Google Font API', 'Google Tag Manager', 'InitiativeS', 'Instagram Follow Button', 'Investor Relations', 'Line2', 'PWA', 'Thank You', 'UTF-8', 'Wangsu', 'Website Tonight']"
sparklesforstrays.com,HOME | Sparkles For Strays,,,72,89828,2026-10-02T05:19:40.314865862Z,"['Amazon WAF Blocked', 'Apture Linking Platform', 'Cloudflare', 'Content Delivery Network', 'Etsy', 'Express', 'Fastly', 'Fastly CDN', 'GZIP Module', 'GoFundMe', 'Google Related Website Sites', 'Instagram Follow Button', 'NFOrce Internet', 'PWA', 'Perl', 'QUIC', 'SMC', 'Seflow Italy', 'Sentry', 'SiteW', 'Thank You', 'UTF-8', 'Vector Internet Services', 'Wix', 'Wix Media', 'eLand', 'mlcom']"
jpltroop509.org,"JPL Troop 509 - La Canada Flintridge, CA",,JPN,77,18519,2026-10-02T04:52:51.523521882Z,"['AWS WAF Challenge', 'Apache', 'Coming Soon Page', 'DAV', 'Fastly', 'GZIP Module', 'GoFundMe', 'Google Forms', 'Google My Business', 'Google Related Website Sites', 'Microdata for Google Shopping', 'QUIC', 'Schema Plugin', 'SignUpGenius', 'UTF-8', 'University or College']"
lunarmakes.com,@lunarmakes | Donate to Save Whimsy: help Veronica | Beacons,,,62,2610,2026-10-02T03:57:25.267011657Z,"['Alternate Protocol', 'Beacons', 'GZIP Module', 'GoFundMe', 'Google Cloud', 'Instagram Follow Button', 'Microdata for Google Shopping', 'Next.js', 'PWA', 'Subversion', 'UTF-8']"
santaclaritaspeedskating.org,Stay cool and skate Short Track - Santa Clarita Speed Skating Club,,USA,72,283,2026-10-02T03:31:07.727074139Z,"['501c3 Status Nonprofit', 'Alternate Protocol', 'CafePress', 'CleanTalk Spam Protect', 'DAV', 'FreeCSSTemplates', 'GZIP Module', 'GoFundMe', 'Google Cloud DNS', 'Google Font API', 'Helix Ultimate', 'Joomla!', 'LiteSpeed', 'PHP', 'Perl', 'QUIC', 'RokNavMenu', 'SiteW', 'UTF-8', 'University or College', 'WoWonder', 'jQuery']"
hopehas4paws.org,Home | hopehas4paws,DogsforSASurvivors,,65,91860,2026-10-02T03:31:07.709339742Z,"['501c3 Status Nonprofit', 'Alternate Protocol', 'Amazon', 'Amazon WAF Blocked', 'Apture Linking Platform', 'Cloudflare', 'Coming Soon Page', 'Content Delivery Network', 'DAV', 'Express', 'Fastly', 'Fastly CDN', 'Financial Services Guide', 'GZIP Module', 'GoFundMe', 'Microdata for Google Shopping', 'NFOrce Internet', 'PWA', 'Perl', 'QUIC', 'SMC', 'Seflow Italy', 'Sentry', 'SiteW', 'Sitelinks Search Box', 'UTF-8', 'Vector Internet Services', 'WP Booking Calendar', 'Wix', 'Wix Media', 'WordPress Related Posts', 'eLand', 'mlcom']"
forever-home-foundation.org,Home | Forever Home Foundat,Forever Home Foundation,UGA,70,87438,2026-10-02T03:03:12.81652182Z,"['501c3 Status Nonprofit', 'Alternate Protocol', 'Amazon WAF Blocked', 'Apture Linking Platform', 'Cloudflare', 'Content Delivery Network', 'Fastly', 'Fastly CDN', 'GZIP Module', 'GoFundMe', 'Microdata for Google Shopping', 'NFOrce Internet', 'No-Q', 'PWA', 'QUIC', 'SMC', 'Sentry', 'SiteW', 'UTF-8', 'Vector Internet Services', 'Wix', 'Wix Media', 'mlcom']"
thecompassionatevillage.org,Home | The Compassionate Village,,USA,70,149810,2026-10-02T00:18:45.836215618Z,"['123FormBuilder', '501c3 Status Nonprofit', 'Alternate Protocol', 'Amazon WAF Blocked', 'Apture Linking Platform', 'Content Delivery Network', 'Express', 'Fastly', 'Fastly CDN', 'Fireblade', 'GZIP Module', 'GoFundMe', 'Instagram Follow Button', 'K2F', 'KVH', 'Microdata for Google Shopping', 'NFOrce Internet', 'POWr', 'PWA', 'Perl', 'QUIC', 'SMC', 'Seflow Italy', 'Sentry', 'SiteW', 'Subversion', 'UTF-8', 'Vector Internet Services', 'Wix', 'Wix Media', 'mlcom']"
jacopri.org,Home -,,USA,65,6141,2026-10-01T22:42:53.316474641Z,"['Alternate Protocol', 'Astra Theme', 'Automattic', 'Contact Form Plugin', 'Creative Mail by Constant Contact', 'Elementor', 'EmbedPress', 'Endurance Page Cache', 'Fastly', 'GZIP Module', 'GoFundMe', 'Google', 'Google Cloud DNS', 'Google Font API', 'Google Maps', 'Google My Business', 'Jetpack', 'Microdata for Google Shopping', 'Nginx', 'PHP', 'PayPal Adaptive Payments', 'Theme In WP', 'UTF-8', 'University or College', 'Woo Themes', 'WordPress', 'WordPress Multisite', 'WordPress Related Posts', 'WordPress Stats', 'jQuery']"
kapsalistransport.com,Trucking and Transport Services | Kapsalis Transport,,,62,18840,2026-10-01T20:53:40.203100513Z,"['GoDaddy', 'GoFundMe', 'Google', 'Google Cloud DNS', 'Google Font API', 'Google My Business', 'Google Related Website Sites', 'PWA', 'UTF-8', 'Wangsu', 'Website Tonight']"
rhesutron.ch,Rhesutron,,,55,,2026-10-01T20:09:26.09107024Z,"['Alternate Protocol', 'EmbedPress', 'GoFundMe', 'Google Analytics', 'Google Tag Manager', 'PHP', 'QUIC', 'UTF-8', 'WordPress', 'WordPress Multisite']"
futuralism.org,EDGE OUTDOORS,Edge Outdoors,,60,28621,2026-10-01T19:29:36.258954416Z,"['501c3 Status Nonprofit', 'Aruba', 'Express', 'Financial Services Guide', 'GZIP Module', 'GoFundMe', 'Instagram Follow Button', 'Line2', 'Magento Enterprise', 'Microdata for Google Shopping', 'Mightycause', 'QUIC', 'SiteW', 'Squarespace', 'UTF-8', 'Vector Internet Services', 'WordPress SEO Structured Data Schema Plugin', 'eLand']"
ridetherifttaos.com,HOME | ridetherifttaos,,BRA,70,58027,2026-10-01T18:35:21.304540062Z,"['AWS WAF Challenge', 'Amazon WAF Blocked', 'Apture Linking Platform', 'Classy', 'Cloudflare', 'Coming Soon Page', 'Content Delivery Network', 'Fastly', 'Fastly CDN', 'Givebutter', 'GoFundMe', 'Google My Business', 'Instagram Follow Button', 'Microdata for Google Shopping', 'NFOrce Internet', 'PWA', 'QUIC', 'Sentry', 'Twitter Ads', 'UTF-8', 'Vector Internet Services', 'Wix', 'Wix Media', 'mlcom']"
csipros.com,CSI Moving Claims: Homepage,CSI,ZAF,67,22758,2026-10-01T18:08:36.063123939Z,"['Alternate Protocol', 'BLR', 'Contact Form Plugin', 'DAV', 'Elegant Themes', 'EmbedPress', 'GZIP Module', 'GoFundMe', 'Google Analytics', 'Google Cloud DNS', 'Google Font API', 'Google My Business', 'Google Related Website Sites', 'Google Tag Manager', 'Gravity Forms', 'Material Design Icons', 'Microdata for Google Shopping', 'Negate', 'Nginx', 'PHP', 'QUIC', 'StackPath', 'Tawk', 'Theme In WP', 'ThemeFusion', 'Tumblr', 'UTF-8', 'Ubuntu', 'WP jQuery Lightbox', 'WhatsApp Sharing', 'Woo Themes', 'WooCommerce', 'WooCommerce Checkout', 'WordPress', 'WordPress Multisite', 'jQuery', 'reCAPTCHA']"
soundsright.earth,Sounds Right,,,57,228,2026-10-01T15:12:58.811909854Z,"['Astro', 'Content Delivery Network', 'Cookie Information', 'DAV', 'GoFundMe', 'Google Analytics', 'Google My Business', 'Google Tag Manager', 'InitiativeS', 'Instagram Follow Button', 'Netlify', 'Tailwind CSS', 'UTF-8', 'YouTube', 'shadcn ui']"
missyrambles.com,"MissyRambles – ""Instructions for living a life: Pay attention. Be astonished. Tell about it."" – Mary Oliver",,GBR,77,5647,2026-10-01T14:57:52.913249858Z,"['Alternate Protocol', 'Amazon Widgets', 'Automattic', 'Content Delivery Network', 'DAV', 'EmbedPress', 'Express', 'GoFundMe', 'Jetpack', 'Jetpack Site Accelerator', 'Nginx', 'Perl', 'UTF-8', 'University or College', 'Vector Internet Services', 'WordPress', 'WordPress Multisite', 'WordPress Stats']"
savedelcerro.org,Save Del Cerro – Save Del Cerro,,USA,65,40247,2026-10-01T14:28:42.404500847Z,"['501c3 Status Nonprofit', 'Alternate Protocol', 'Apache', 'Column Shortcodes', 'Contento', 'EmbedPress', 'Express', 'Fireblade', 'GZIP Module', 'GoFundMe', 'Google Cloud DNS', 'Google Font API', 'Google Forms', 'Google My Business', 'Instagram Feed for WordPress', 'Instagram Follow Button', 'Kriesi.at', 'Perl', 'QUIC', 'UTF-8', 'University or College', 'WordPress', 'WordPress Multisite', 'jQuery']"
rjfesq.com,Ronald J. Fichera Law Firm | King Of Prussia's Premier Law Firm,RONALD J.  Fichera Law Firm,GBR,82,306933,2026-10-01T12:22:14.992491527Z,"['34SP.com', '501c3 Status Nonprofit', 'AWS WAF Challenge', 'About Cookies', 'Alternate Protocol', 'Apture Linking Platform', 'Asana', 'Bankrate', 'Cisco/Arrowpoint Content Service Switch', 'Cloudflare', 'Cloudflare CDN', 'Coming Soon Page', 'Cornerstone', 'Corporate Governance and Regulatory Compliance', 'DAV', 'Datawrapper', 'Designated Medical', 'Elfsight', 'Expedient', 'Experian Marketing Services', 'Express', 'Federal Deposit Insurance Corporation', 'Financial Industry Regulatory Authority', 'Financial Services Guide', 'Fireblade', 'Font Awesome', 'Gambling Content', 'GoDaddy', 'GoFundMe', 'Google Analytics', 'Google My Business', 'Google Tag Manager', 'GrubHub', 'Help.com', 'HomeLight Listing Management', 'ID Services', 'InitiativeS', 'Interchange', 'Investor Relations', 'M247', 'Material-UI', 'NFOrce Internet', 'Negate', 'Neighborhoods', 'Network Advertising Initiative', 'Nomics', 'Ntent', 'OLO', 'Oddle', 'On The Map', 'Parcel', 'Perl', 'Phew', 'Pico CSS', 'QUIC', 'SMC', 'Share Link', 'Shopify', 'Smile IO', 'Tailwind CSS', 'Thank You', 'Tipalti', 'Twitter Ads', 'UENI', 'UTF-8', 'Underscores', 'University or College', 'UserWay', 'Vector Internet Services', 'WordPress', 'YouTube', 'eLand']"
gypsyconsciousfood.com,The Hippie Gypsy | Food is Love. Will Travel For Veggies. Will Surf for Peace. Be the Change. Practice Compassion.,,SYC,87,26835,2026-10-01T09:07:30.473085519Z,"['AWS WAF Challenge', 'Alternate Protocol', 'Automattic', 'Cisco/Arrowpoint Content Service Switch', 'EmbedPress', 'GDPR Consent Management Platform', 'GoFundMe', 'Jetpack', 'Jetpack Site Accelerator', 'Nginx', 'Oddle', 'Perl', 'QUIC', 'Twitter Ads', 'UTF-8', 'University or College', 'Vector Internet Services', 'WordPress', 'WordPress Multisite', 'WordPress Stats', 'Yelp Badge']"
kimcrawley.com,"Kim Crawley: cybersecurity research, writing, threat intel | Linktree",,CAN,82,25992,2026-10-01T07:57:56.70863956Z,"['AWS WAF Challenge', 'Alternate Protocol', 'Amazon CloudFront', 'Amazon S3 CDN', 'Amazon Widgets', 'CloudFront', 'Cloudflare', 'Content Delivery Network', 'Fastly', 'GZIP Module', 'GitHub Hosting', 'GoFundMe', 'Google', 'Google Cloud CDN', 'Google Cloud DNS', 'Google Font API', 'Google My Business', 'Google Play', 'JumpCloud', 'Kitco', 'Linktree', 'Medium', 'Microdata for Google Shopping', 'Next.js', 'Nginx', 'PWA', 'Pleroma', 'QUIC', 'Rakuten Affiliate', 'SiteW', 'Storyblocks', 'Superfiliate', 'Tailwind CSS', 'UTF-8', 'University or College', 'YouTube', 'shadcn ui']"
rhicenter.org,Red Hook Initiative – Creating Change from Within,,USA,72,49,2026-10-01T07:44:23.354324159Z,"['Alternate Protocol', 'Apache', 'ElementUI', 'EmbedPress', 'GZIP Module', 'GoFundMe', 'Google Analytics', 'Instagram Follow Button', 'PHP', 'Tailwind CSS', 'Theme In WP', 'Twitter Ads', 'UTF-8', 'WordPress', 'WordPress Multisite', 'YouTube', 'jQuery']"
elkorespite.org,Encompass Respite Care | Caregiver Relief And Respite Services In Elko County Nevada,,USA,72,2440,2026-10-01T07:44:23.292628237Z,"['501c3 Status Nonprofit', 'GZIP Module', 'GoFundMe', 'Google', 'Google Cloud DNS', 'Google Font API', 'Google My Business', 'Microdata for Google Shopping', 'Nginx']"
jstemrobotics.com,J-S.T.E.M. Robotics,,,72,132108,2026-10-01T06:26:15.735413895Z,"['Adult Content', 'Alternate Protocol', 'Amazon WAF Blocked', 'Apture Linking Platform', 'Cloudflare', 'Content Delivery Network', 'Fastly', 'Fastly CDN', 'GZIP Module', 'GoFundMe', 'Instagram Follow Button', 'K2F', 'KVH', 'Microdata for Google Shopping', 'NFOrce Internet', 'PWA', 'Perl', 'QUIC', 'SMC', 'Sentry', 'SiteW', 'Subversion', 'UTF-8', 'Vector Internet Services', 'Wix', 'Wix Media', 'eLand', 'mlcom']"
wellengermusic.com,Music Education | Wellenger School of Music | Scotland,Wellenger School Of Music,,67,106346,2026-10-01T04:26:06.362055449Z,"['AWS WAF Challenge', 'Alternate Protocol', 'Amazon WAF Blocked', 'Apture Linking Platform', 'Cloudflare', 'Content Delivery Network', 'Crowdsignal', 'DAV', 'Ecwid Ecommerce Shopping Cart', 'Express', 'Fastly', 'Fastly CDN', 'GZIP Module', 'GoFundMe', 'Google Analytics', 'Google Related Website Sites', 'Google Tag Manager', 'Microdata for Google Shopping', 'NFOrce Internet', 'POWr', 'PWA', 'PayPal Adaptive Payments', 'Perl', 'QUIC', 'SMC', 'Seflow Italy', 'Sentry', 'SiteW', 'Thank You', 'UTF-8', 'Vector Internet Services', 'WP Booking Calendar', 'Wix', 'Wix Media', 'YouTube', 'mlcom']"
transvoiceinitiative.com,About | Trans Voice Initiative,,,60,27045,2026-10-01T02:22:59.63982318Z,"['Alternate Protocol', 'Amazon WAF Blocked', 'Apture Linking Platform', 'Content Delivery Network', 'DAV', 'Express', 'Fastly', 'Fastly CDN', 'GZIP Module', 'GoFundMe', 'Heroku', 'Instagram Follow Button', 'Microdata for Google Shopping', 'NFOrce Internet', 'PWA', 'Perl', 'QUIC', 'SMC', 'Seflow Italy', 'Sentry', 'SiteW', 'Thank You', 'UTF-8', 'Vector Internet Services', 'WP Booking Calendar', 'Wix', 'Wix Media', 'mlcom']"
nancypilates.com,Center Pilates NY,,FRA,60,7668,2026-10-01T01:44:54.435580194Z,"['Alternate Protocol', 'Blogger', 'Express', 'GZIP Module', 'GoFundMe', 'Google Funding Choices', 'Google Matched Content', 'Google My Business', 'Google Recommendations AI', 'Google Reseller', 'MindBody', 'Ntent', 'UTF-8', 'YouTube']"
lukeschemmlegacy.com,HOME | Luke Schemm Legacy,,,60,26296,2026-10-01T01:04:12.330551612Z,"['Amazon WAF Blocked', 'Apture Linking Platform', 'Cloudflare', 'Content Delivery Network', 'Fastly', 'Fastly CDN', 'GZIP Module', 'GoFundMe', 'Microdata for Google Shopping', 'NFOrce Internet', 'PWA', 'QUIC', 'SMC', 'Sentry', 'SiteW', 'UTF-8', 'Vector Internet Services', 'Wix', 'Wix Media', 'eLand', 'mlcom']"
indigigoldenherbalacademy.org,The Indigi Golden Herbal Academy | education,,,67,112303,2026-09-30T23:34:10.672809532Z,"['501c3 Status Nonprofit', 'Alternate Protocol', 'Amazon WAF Blocked', 'Apture Linking Platform', 'Cloudflare', 'Content Delivery Network', 'DAV', 'Express', 'Fastly', 'Fastly CDN', 'Fireblade', 'GZIP Module', 'GoFundMe', 'Google Related Website Sites', 'Instagram Follow Button', 'Investor Relations', 'Microdata for Google Shopping', 'NFOrce Internet', 'POWr', 'PWA', 'Perl', 'Prospective', 'QUIC', 'SMC', 'Seflow Italy', 'Sentry', 'SiteW', 'Sitelinks Search Box', 'Thank You', 'UTF-8', 'Vector Internet Services', 'WP Booking Calendar', 'Wix', 'Wix Media', 'mlcom']"
rowland.foundation,Rowland Brothers Foundation - Rowland Brothers Foundation,Rowland Brothers,GBR,87,2198,2026-09-30T21:52:06.367099236Z,"['Alternate Protocol', 'Cloudflare', 'Cloudflare CDN', 'Contact Form Plugin', 'Content Delivery Network', 'Corporate Governance and Regulatory Compliance', 'EmbedPress', 'Font Awesome', 'Genesis Blocks', 'GoFundMe', 'Google Analytics', 'Google My Business', 'Google Tag Manager', 'IcoMoon', 'Microdata for Google Shopping', 'PHP', 'QUIC', 'Tawk', 'ThemeFusion', 'Twitter Ads', 'UTF-8', 'WP Accessibility', 'WordPress', 'WordPress Multisite', 'jQuery', 'reCAPTCHA']"
celbridgeboysclub.ie,Home - Celbridge Boys Club,Celbridge Boys Club,,67,22504,2026-09-30T19:49:59.292910026Z,"['AWS WAF Challenge', 'Alternate Protocol', 'Amazon', 'Apture Linking Platform', 'Custom Facebook Feed', 'Custom Twitter Feeds', 'DAV', 'Elementor', 'EmbedPress', 'Enjoi', 'Eventbrite', 'GZIP Module', 'GoFundMe', 'Google', 'Google Analytics', 'Google Cloud CDN', 'Google Cloud DNS', 'Google Font API', 'Google Related Website Sites', 'Google Tag Manager', 'Hello Elementor', 'Instagram Feed for WordPress', 'Instagram Follow Button', 'Microdata for Google Shopping', 'Nginx', 'PHP', 'QUIC', 'Share Link', 'Sitelinks Search Box', 'Theme In WP', 'UTF-8', 'WPForms', 'WordPress', 'WordPress Multisite', 'eLand', 'jQuery']"
blindjohnmovie.com,Home - Blind John Movie,,GBR,70,2449,2026-09-30T16:15:27.74903062Z,"['Alternate Protocol', 'Apache', 'EmbedPress', 'GZIP Module', 'GoFundMe', 'Microdata for Google Shopping', 'PHP', 'Theme In WP', 'Twenty Seventeen', 'Twitter Ads', 'UTF-8', 'WordPress', 'WordPress Multisite', 'Yandex Hosting', 'YouTube', 'jQuery']"
thegreatcanadiannotebook.com,The Great Canadian Notebook,,CAN,70,1200,2026-09-30T15:16:04.441450622Z,"['Alternate Protocol', 'Azion', 'CDN JS', 'Cloudflare', 'Cloudflare CDN', 'GoFundMe', 'LiteSpeed', 'QUIC', 'Tailwind CSS', 'UTF-8', 'YouTube', 'jQuery', 'jsDelivr']"
bigfootbuild.com,Bigfoot Builders | Construction,,USA,77,90141,2026-09-30T14:47:37.421625404Z,"['Amazon WAF Blocked', 'Apture Linking Platform', 'Cloudflare', 'Content Delivery Network', 'DAV', 'Express', 'Fastly', 'Fastly CDN', 'GZIP Module', 'GoFundMe', 'Google Analytics', 'Google Related Website Sites', 'Google Tag Manager', 'Instagram Follow Button', 'Microdata for Google Shopping', 'NFOrce Internet', 'PWA', 'Perl', 'QUIC', 'SMC', 'Seflow Italy', 'Sentry', 'SiteW', 'Thank You', 'UTF-8', 'Vector Internet Services', 'WP Booking Calendar', 'Wix', 'Wix Media', 'mlcom']"
imstillhere.film,I'm Still Here - I'm Still Here,I&#039;m Still Here,,77,298,2026-09-30T14:18:02.505512963Z,"['Alternate Protocol', 'Apache', 'Content Delivery Network', 'EmbedPress', 'GZIP Module', 'GoFundMe', 'Google Cloud DNS', 'Google Font API', 'Instagram Follow Button', 'Microdata for Google Shopping', 'PHP', 'PixelYourSite', 'QUIC', 'Stripe', 'Theme In WP', 'UTF-8', 'WordPress', 'WordPress Multisite', 'YouTube', 'jQuery']"
keithsgiftofhope.org,Keith's Gift of Hope Foundation | Keith's Gift of Hope Foundation,,,82,44284,2026-09-30T12:51:35.15502202Z,"['AWS WAF Challenge', 'Alternate Protocol', 'Ethy', 'Express', 'GoFundMe', 'Google', 'Google Cloud DNS', 'Google Font API', 'Instagram Follow Button', 'K2F', 'Microdata for Google Shopping', 'No-Q', 'Thank You', 'Twitter Ads', 'Umbler', 'Unsplash', 'YouTube', 'Zyro']"
projectconfidenceri.org,Project Confidence RI,,,70,97333,2026-09-30T08:06:06.860683194Z,"['501c3 Status Nonprofit', 'AWS WAF Challenge', 'Adobe Creative Cloud WebFonts', 'Aruba', 'Donorbox', 'Express', 'GZIP Module', 'GoDaddy', 'GoFundMe', 'Instagram Follow Button', 'Line2', 'Magento Enterprise', 'Microdata for Google Shopping', 'QUIC', 'SiteW', 'Squarespace', 'UTF-8', 'Vector Internet Services', 'WordPress SEO Structured Data Schema Plugin', 'YouTube', 'eLand']"
kauainonprofit.com,Ho'okele | Kaua'i Youth Outreach,,,67,120324,2026-09-30T07:07:13.951742221Z,"['34SP.com', '501c3 Status Nonprofit', 'AWS WAF Challenge', 'Airbnb', 'Amazon WAF Blocked', 'Apture Linking Platform', 'Cloudflare', 'Content Delivery Network', 'Express', 'Fastly', 'Fastly CDN', 'Fireblade', 'FormSubmit', 'GZIP Module', 'GitHub Hosting', 'GoFundMe', 'Google Related Website Sites', 'Instagram Follow Button', 'Microdata for Google Shopping', 'NFOrce Internet', 'PWA', 'Pico CSS', 'QUIC', 'SMC', 'Seflow Italy', 'Sentry', 'SiteW', 'UTF-8', 'Vector Internet Services', 'Wix', 'Wix Media', 'mlcom']"
margatecoconutcreekkiwanis.com,Margate-Coconut Creek Kiwanis Club,,,50,3283,2026-09-30T01:54:49.881032116Z,"['GoDaddy', 'GoFundMe', 'Google', 'Google Cloud DNS', 'Google Font API', 'PWA', 'PayPal Adaptive Payments', 'PayPal Button', 'PayPal Form', 'UTF-8', 'Wangsu', 'Website Tonight']"
exodusinscriptions.com,Explore Ancient Inscriptions: Sign Up for Webinar | Exodus Inscriptions,,,62,2470,2026-09-30T00:28:15.61699114Z,"['Alternate Protocol', 'Content Delivery Network', 'DAV', 'Express', 'Facebook Login', 'Facebook Messenger Platform', 'Facebook Pixel', 'Facebook Reseller', 'GoFundMe', 'Google', 'Google Cloud DNS', 'Google Font API', 'Instagram Follow Button', 'Microdata for Google Shopping', 'Perl', 'Thank You', 'University or College', 'Zyro']"
accessiblesantaco.org,Accessible Santa,,NOR,65,80973,2026-09-29T23:25:59.831691104Z,"['Apture Linking Platform', 'Aruba', 'Express', 'GZIP Module', 'GoFundMe', 'Instagram Follow Button', 'Line2', 'Magento Enterprise', 'Microdata for Google Shopping', 'QUIC', 'SiteW', 'Squarespace', 'UTF-8', 'Vector Internet Services', 'WordPress SEO Structured Data Schema Plugin', 'eLand']"
terasakibudokan.org,Terasaki Budokan | Join the Community Today,,JPN,87,75973,2026-09-29T23:25:59.827936157Z,"['Aruba', 'Corporate Governance and Regulatory Compliance', 'Express', 'GZIP Module', 'GoFundMe', 'Google Analytics', 'Google Tag Manager', 'Instagram Follow Button', 'Line2', 'Magento Enterprise', 'Microdata for Google Shopping', 'QUIC', 'SiteW', 'Squarespace', 'UTF-8', 'WordPress SEO Structured Data Schema Plugin', 'eLand']"
sayitwithyourchestdtx.com,Say It With Your Chest,,USA,70,2752,2026-09-29T21:25:39.976817392Z,"['Amazon Widgets', 'Astro', 'Big Cartel', 'Cloudflare', 'Cloudflare CDN', 'Cloudflare Web Analytics', 'GoFundMe', 'Google', 'Google Calendar', 'Google Cloud DNS', 'Google Font API', 'Google My Business', 'InitiativeS', 'Instagram API', 'Instagram Follow Button', 'Linktree', 'QUIC']"
saveshoebill.com,Friends of Save Shoebill | Protecting Africa’s Living Dinosaur,,USA,77,17668,2026-09-29T20:26:48.355134021Z,"['501c3 Status Nonprofit', 'Apture Linking Platform', 'Content Delivery Network', 'Facebook Embedded Posts', 'Fireblade', 'GoFundMe', 'Google', 'Google Cloud DNS', 'Google Font API', 'Instagram Follow Button', 'Netlify', 'UTF-8']"
sugarbirdfoundation.org,Sugar Bird Foundation,,CAN,70,507,2026-09-29T17:45:48.148619507Z,"['Apache', 'GoFundMe', 'Google Analytics', 'Google Tag Manager', 'IcoMoon', 'PHP', 'Slider Revolution', 'Twitter Ads', 'UTF-8', 'jQuery']"
jfayerecoverysolutions.com,JFaye Recovery Solutions,,,55,25541,2026-09-29T17:00:12.15786929Z,"['Adobe Creative Cloud WebFonts', 'Aruba', 'Express', 'Financial Services Guide', 'GZIP Module', 'GoFundMe', 'Line2', 'Magento Enterprise', 'Microdata for Google Shopping', 'QUIC', 'SiteW', 'Squarespace', 'UTF-8', 'WordPress SEO Structured Data Schema Plugin', 'eLand']"
mamas-home.com,Explore Family Traditions at Mama's Home,,,67,19032,2026-09-29T15:34:10.29796327Z,"['Facebook Conversion Tracking', 'Facebook Login', 'Facebook Messenger Platform', 'Facebook Pixel', 'Facebook Reseller', 'Facebook Tag API', 'GoDaddy', 'GoFundMe', 'Google', 'Google Analytics', 'Google Cloud DNS', 'Google Font API', 'Google My Business', 'Google Related Website Sites', 'Google Tag Manager', 'Instagram Follow Button', 'Line2', 'PWA', 'QUIC', 'UTF-8', 'Wangsu', 'Website Tonight']"
friendsofroxhill.org,Home - Friends of Roxhill Elementary (FORE),Friends of Roxhill Elementary,,77,1094,2026-09-29T12:30:58.615610985Z,"['501c3 Status Nonprofit', 'Adult Content', 'Alternate Protocol', 'Apache', 'EmbedPress', 'Event Tickets for Wordpress', 'GZIP Module', 'GoFundMe', 'Gtranslate for Wordpress', 'IcoMoon', 'Instagram Follow Button', 'Microdata for Google Shopping', 'Ollie Theme', 'QUIC', 'The Events Calendar', 'UTF-8', 'WordPress', 'WordPress Multisite', 'jQuery']"
ltschmitzfoundation.org,Lt. David Schmitz Foundation,,GBR,70,96429,2026-09-29T10:45:17.57048843Z,"['AWS WAF Challenge', 'Adobe Creative Cloud WebFonts', 'Aruba', 'DAV', 'Express', 'FormSubmit', 'GZIP Module', 'GoFundMe', 'Line2', 'Magento Enterprise', 'Microdata for Google Shopping', 'QUIC', 'SiteW', 'Squarespace', 'Thank You', 'UTF-8', 'University or College', 'Vector Internet Services', 'WordPress SEO Structured Data Schema Plugin', 'eLand']"
safenestproject.org,The Safe Nest Project - Creating Comfort for Young Survivors of Domestic Violence,,NZL,77,17440,2026-09-29T09:16:02.273231832Z,"['501c3 Status Nonprofit', 'AWS WAF Challenge', 'CDN JS', 'Cloudflare', 'Cloudflare CDN', 'Content Delivery Network', 'Content ad', 'Express', 'Fastly', 'GZIP Module', 'GitHub Hosting', 'GoFundMe', 'Google Cloud DNS', 'Google Font API', 'Google My Business', 'QUIC', 'Tailwind CSS', 'UTF-8', 'jsDelivr', 'shadcn ui']"
sworeptiles.org,scale World order | Explore reptiles today!,,,67,90973,2026-09-29T07:45:27.327826914Z,"['Aruba', 'Express', 'Fireblade', 'GZIP Module', 'GoFundMe', 'Instagram Follow Button', 'Line2', 'Magento Enterprise', 'Microdata for Google Shopping', 'Python', 'QUIC', 'SiteW', 'Squarespace', 'Twitter Ads', 'UTF-8', 'University or College', 'WordPress SEO Structured Data Schema Plugin', 'YouTube', 'eLand']"
cadethoops.org,CADET HOOPS BASKETBALL,Cadet Hoops Basketball,USA,80,1309,2026-09-29T07:15:12.120512769Z,"['Adobe Creative Cloud WebFonts', 'Alternate Protocol', 'Amazon Widgets', 'Aruba', 'Express', 'FormSubmit', 'GZIP Module', 'GoFundMe', 'Instagram Follow Button', 'Line2', 'Microdata for Google Shopping', 'QUIC', 'Squarespace', 'Twitter Ads', 'UTF-8', 'WordPress SEO Structured Data Schema Plugin', 'YouTube', 'eLand']"
thevalleymp.com,THE VALLEY INDOOR MPTX,,,62,91432,2026-09-29T06:45:56.998393438Z,"['AWS WAF Challenge', 'Adobe Creative Cloud WebFonts', 'Adult Content', 'Aruba', 'Express', 'GZIP Module', 'GoFundMe', 'Google Calendar', 'Google My Business', 'Instagram Follow Button', 'Line2', 'Magento Enterprise', 'Microdata for Google Shopping', 'Newsletter for Wordpress', 'Pico CSS', 'QUIC', 'SiteW', 'Squarespace', 'UTF-8', 'WordPress SEO Structured Data Schema Plugin', 'eLand']"
mypromisetotopaz.com,My Promise To Topaz,,UKR,70,75973,2026-09-29T06:33:40.664725935Z,"['501c3 Status Nonprofit', 'Aruba', 'Express', 'GZIP Module', 'GoFundMe', 'Instagram Follow Button', 'Line2', 'Magento Enterprise', 'Microdata for Google Shopping', 'QUIC', 'SiteW', 'Squarespace', 'UTF-8', 'WordPress SEO Structured Data Schema Plugin', 'eLand']"
dutx.org,Home - Darul Uloom Texas,Darul Uloom Texas,USA,75,20680,2026-09-29T05:46:47.494207177Z,"['501c3 Status Nonprofit', 'AWS WAF Challenge', 'Alternate Protocol', 'Astra Theme', 'Cloudflare', 'Cloudflare CDN', 'Content Delivery Network', 'Elementor', 'EmbedPress', 'Font Awesome', 'GTranslate', 'GoFundMe', 'Google', 'Google Cloud DNS', 'Google Font API', 'Google My Business', 'Google Related Website Sites', 'Gtranslate for Wordpress', 'Header, Footer and Blocks for Elementor', 'Instagram Follow Button', 'LiteSpeed', 'Microdata for Google Shopping', 'NFOrce Internet', 'PHP', 'Theme In WP', 'UTF-8', 'Woo Themes', 'WordPress', 'WordPress Multisite', 'WordPress Related Posts', 'YouTube', 'eLand', 'jQuery']"
risingmoonfarm.org,Rising Moon Farm,,,55,7503,2026-09-29T05:33:51.579455084Z,"['501c3 Status Nonprofit', 'Apache', 'Express', 'Fireblade', 'GZIP Module', 'GoFundMe', 'Google Cloud DNS', 'Google Font API', 'Google Maps', 'Google My Business', 'Responsive Lightbox', 'Tailwind CSS', 'WP Lightbox 2', 'reCAPTCHA']"
darkskyland.us,Dark Sky Land,Dark Sky Land Inc.,PHL,65,90973,2026-09-29T03:18:09.401211224Z,"['Aruba', 'Express', 'GZIP Module', 'GoFundMe', 'InitiativeS', 'Instagram Follow Button', 'Line2', 'Magento Enterprise', 'Microdata for Google Shopping', 'QUIC', 'SiteW', 'Squarespace', 'UTF-8', 'Vector Internet Services', 'Virtuous', 'WordPress SEO Structured Data Schema Plugin', 'YouTube', 'eLand']"
auntieba.com,"auntie ba | Just an opinionated, Jesus-loving woman following one dream at a time…",,USA,62,53774,2026-09-29T03:03:41.225574004Z,"['AWS WAF Challenge', 'Alternate Protocol', 'Automattic', 'Automattic Direct', 'BatCache', 'Coming Soon Page', 'Content Delivery Network', 'EmbedPress', 'Express', 'Fastly', 'Fireblade', 'Gambling Content', 'Global Privacy Control', 'GoFundMe', 'Google Analytics', 'Jetpack', 'Jetpack Site Accelerator', 'Microdata for Google Shopping', 'Neighborhoods', 'Nginx', 'Oddle', 'Perl', 'Phew', 'Prospective', 'QUIC', 'Schema Plugin', 'Tailwind CSS', 'US Privacy User Signal Mechanism', 'UTF-8', 'University or College', 'Way', 'WordPress', 'WordPress Multisite', 'WordPress Stats']"
trollhaugensofn.com,"Trollhaugen Snoqualmie, Sons of Norway, cross country skiing",,,77,87600,2026-09-29T02:48:11.495947109Z,"['Adult Content', 'Amazon WAF Blocked', 'Apture Linking Platform', 'Cloudflare', 'Content Delivery Network', 'Fastly', 'Fastly CDN', 'GZIP Module', 'GoFundMe', 'Google My Business', 'Microdata for Google Shopping', 'NFOrce Internet', 'No-Q', 'POWr', 'PWA', 'QUIC', 'SMC', 'Sentry', 'SiteW', 'Twitter Ads', 'UTF-8', 'Vector Internet Services', 'Wix', 'Wix Media', 'eLand', 'mlcom']"
foxxlayers.com,info@foxxlayers.com,,,55,500,2026-09-29T00:33:16.891769893Z,"['Alternate Protocol', 'Content Delivery Network', 'EmbedPress', 'GoFundMe', 'Google Analytics', 'Google Tag Manager', 'LiteSpeed', 'NFOrce Internet', 'PHP', 'Site Kit', 'Twenty Twenty-Four', 'UTF-8', 'WordPress', 'WordPress Multisite']"
wemakethings3d.com,WeMakeThings3D,,,65,76441,2026-09-28T23:20:04.797277554Z,"['Aruba', 'Etsy', 'Express', 'GZIP Module', 'GoFundMe', 'IcoMoon', 'Instagram Follow Button', 'Line2', 'Magento Enterprise', 'Microdata for Google Shopping', 'QUIC', 'SiteW', 'Squarespace', 'Twitter Ads', 'UTF-8', 'WordPress SEO Structured Data Schema Plugin', 'eLand']"
speakvolumesfestival.co.uk,"Speak Volumes Festival – Fun, Fresh, affordable and Gen-Z: Worcester's Accessible and Inclusive Multi-Arts Festival!",,,77,8047,2026-09-28T22:21:02.676839673Z,"['Alternate Protocol', 'Automattic', 'BatCache', 'DAV', 'EmbedPress', 'Fastly', 'GDPR Consent Management Platform', 'GoFundMe', 'Instagram Follow Button', 'Jetpack', 'Jetpack Site Accelerator', 'Nginx', 'Perl', 'UTF-8', 'Vector Internet Services', 'WordPress', 'WordPress Multisite', 'WordPress Related Posts', 'WordPress Stats']"
hiitohio.com,"The Train Station Fitness | Best CrossFit Gym in Youngstown, OH",,ZAF,77,18336,2026-09-28T20:51:50.579894306Z,"['AWS WAF Challenge', 'Amazon CloudFront', 'CDN JS', 'CloudFront', 'Cloudflare', 'Cloudflare CDN', 'DAV', 'Duda', 'Express', 'GZIP Module', 'GoFundMe', 'Google My Business', 'Google Related Website Sites', 'Google Tag Manager', 'InitiativeS', 'Instagram Follow Button', 'Microdata for Google Shopping', 'Nginx', 'Shopify', 'Tailwind CSS', 'Thank You', 'UTF-8', 'eLand', 'reCAPTCHA']"
casaofcollincounty.org,"CASA of Collin County, Texas - Child Advocacy Volunteers",CASA of Collin County,USA,82,17530,2026-09-28T20:51:50.577325556Z,"['501c3 Status Nonprofit', 'Adobe Creative Cloud WebFonts', 'Alternate Protocol', 'Bloomerang', 'Classy', 'Cloudflare', 'Content Delivery Network', 'DAV', 'Elementor', 'ElementsKit Elementor', 'EmbedPress', 'Essential Addons for Elementor', 'Facebook Conversion Tracking', 'Facebook Login', 'Facebook Messenger Platform', 'Facebook Pixel', 'Facebook Reseller', 'Facebook Tag API', 'Gambling Content', 'GoDaddy', 'GoFundMe', 'Google Analytics', 'Google Tag Manager', 'Gravity', 'Gravity Forms', 'HappyAddons', 'Hello Elementor', 'Instagram Follow Button', 'Investor Relations', 'Kindful', 'Kitco', 'Microdata for Google Shopping', 'NFOrce Internet', 'PHP', 'Table Addons for Elementor', 'The Trade Desk Direct', 'Theme In WP', 'To Top', 'Twitter Ads', 'UTF-8', 'WordPress', 'WordPress Multisite', 'YouTube', 'Zoom Video Conferencing', 'jQuery']"
utahpigbus.com,Utah Pig Bus - Go Utes!,,USA,77,134828,2026-09-28T18:10:24.764336431Z,"['Alternate Protocol', 'Amazon WAF Blocked', 'Apture Linking Platform', 'Cloudflare', 'Content Delivery Network', 'Express', 'Fastly', 'Fastly CDN', 'GZIP Module', 'GoFundMe', 'Google Related Website Sites', 'Instagram Follow Button', 'K2F', 'KVH', 'Microdata for Google Shopping', 'NFOrce Internet', 'PWA', 'Perl', 'QUIC', 'SMC', 'Seflow Italy', 'Sentry', 'SiteW', 'Subversion', 'Thank You', 'Twitter Ads', 'UTF-8', 'University or College', 'Vector Internet Services', 'Wix', 'Wix Media', 'mlcom']"
fonsbonitatis.org,Fons Bonitatis Foundation,,VEN,70,22440,2026-09-28T14:28:35.307891824Z,"['Apache', 'Bulma', 'CDN JS', 'Cisco/Arrowpoint Content Service Switch', 'Cloudflare', 'Cloudflare CDN', 'DAV', 'Drata', 'GoFundMe', 'Google Cloud DNS', 'Google Font API', 'Instagram Follow Button', 'StackPath', 'Tailwind CSS', 'UTF-8', 'jsDelivr']"
council82.org,New York State Law Enforcement Officers Union,,USA,72,5440,2026-09-28T09:46:20.629539805Z,"['Apache', 'Fancybox for WordPress', 'GZIP Module', 'GoFundMe', 'Google', 'Google Analytics', 'Google Cloud DNS', 'Google Font API', 'Google My Business', 'Google Tag Manager', 'NFOrce Internet', 'PHP', 'Parallels Plesk Panel', 'Tailwind CSS', 'UTF-8', 'reCAPTCHA']"
projecthearher.org,HearHer,,,45,26621,2026-09-28T09:46:20.626690237Z,"['Aruba', 'Express', 'GZIP Module', 'GoFundMe', 'Instagram Follow Button', 'Line2', 'Magento Enterprise', 'Microdata for Google Shopping', 'QUIC', 'SiteW', 'Squarespace', 'UTF-8', 'Vector Internet Services', 'WordPress SEO Structured Data Schema Plugin', 'eLand']"
mushwomb.love,Mama de la Myco | Psychedelic Education,Mama de la Myco (mushWOMB),USA,82,105644,2026-09-28T09:39:07.409530591Z,"['AWS WAF Challenge', 'Alternate Protocol', 'Amazon WAF Blocked', 'Apture Linking Platform', 'Cloudflare', 'Content Delivery Network', 'DAV', 'Ecwid Ecommerce Shopping Cart', 'Express', 'Fastly', 'Fastly CDN', 'GZIP Module', 'GoFundMe', 'Google Related Website Sites', 'Microdata for Google Shopping', 'NFOrce Internet', 'PWA', 'Perl', 'QUIC', 'SMC', 'Seflow Italy', 'Sentry', 'SiteW', 'Thank You', 'UTF-8', 'Vector Internet Services', 'WP Booking Calendar', 'Wix', 'Wix Media', 'eLand', 'mlcom']"
torodyne.org,Home - Torodyne,,USA,77,1845,2026-09-28T07:10:40.66471921Z,"['Alternate Protocol', 'Elementor', 'ElementsKit Elementor', 'EmbedPress', 'GoFundMe', 'Google No Site Links Search', 'Google Tag Manager', 'Hello Elementor', 'Instagram Follow Button', 'Jeg Elementor Kit', 'LiteSpeed', 'Microdata for Google Shopping', 'NFOrce Internet', 'Table Addons for Elementor', 'University or College', 'WordPress', 'WordPress Multisite', 'jQuery']"
dreampublicity.com,Home | Michael Peng | Shirley,Michael Peng,GBR,77,265152,2026-09-28T06:08:03.120972619Z,"['AWS WAF Challenge', 'Alternate Protocol', 'Amazon WAF Blocked', 'Apollo IO', 'App Store', 'Apture Linking Platform', 'BLR', 'Band Camp', 'Camp', 'Cloudflare', 'Community', 'Content Delivery Network', 'DAV', 'DailyMotion Video', 'Discord', 'Disqus Comment System for WordPress', 'Drupal', 'Ecwid Ecommerce Shopping Cart', 'Ethy', 'Express', 'Facebook Embedded Posts', 'Fastly', 'Fastly CDN', 'Financial Services Guide', 'Free Call', 'GZIP Module', 'Giphy', 'GitHub Hosting', 'GoFundMe', 'Google Adsense', 'Google Funding Choices', 'Google Matched Content', 'Google My Business', 'Google Play', 'Google Related Website Sites', 'Google Reseller', 'HMDG', 'Heroku', 'Hive.co', 'Influenster', 'Instagram Follow Button', 'K2F', 'KVH', 'Line.me', 'Linktree', 'Medium', 'Micro.blog', 'Microdata for Google Shopping', 'NFOrce Internet', 'No-Q', 'Ntent', 'On The Map', 'POWr', 'PWA', 'PayPal Adaptive Payments', 'Perl', 'Product Hunt', 'QUIC', 'RM Education', 'SMC', 'Seflow Italy', 'Sentry', 'SiteW', 'Sitelinks Search Box', 'Subversion', 'Telegram', 'Thank You', 'Tumblr', 'Twitter Ads', 'UTF-8', 'University or College', 'UpContent', 'Vector Internet Services', 'WP Booking Calendar', 'WhatsApp Sharing', 'Wix', 'Wix Media', 'YouTube', 'Zoom Video Conferencing', 'about.me', 'mlcom']"
superpoolfan.com,GeorgeOlivos.Com – Raising Money for Stem Cell Therapy to slow MS Progression,,USA,77,20726,2026-09-28T04:37:47.895226463Z,"['AWS WAF Challenge', 'Alternate Protocol', 'Automattic', 'CoBlocks', 'Content Delivery Network', 'EmbedPress', 'GoFundMe', 'Harbor', 'Instagram Follow Button', 'Jetpack', 'Jetpack Site Accelerator', 'Nginx', 'Perl', 'UTF-8', 'Vector Internet Services', 'Woo Themes', 'WordPress', 'WordPress Multisite', 'WordPress Stats', 'YouTube']"
civiced.org,Center for Civic Education,,IMN,70,100973,2026-09-28T00:57:06.862917513Z,"['Aruba', 'Contento', 'Express', 'GZIP Module', 'GoFundMe', 'Instagram Follow Button', 'Line2', 'Magento Enterprise', 'Microdata for Google Shopping', 'QUIC', 'SiteW', 'Squarespace', 'UTF-8', 'WordPress SEO Structured Data Schema Plugin', 'eLand']"
skibucks.net,The Sin Of Retirement | Redefine Your Retirement - United States,The Sin of Retirement,USA,77,119924,2026-09-28T00:49:00.540533418Z,"['501c3 Status Nonprofit', 'AWS WAF Challenge', 'Alternate Protocol', 'Amazon WAF Blocked', 'Apture Linking Platform', 'Cloudflare', 'Content Delivery Network', 'DAV', 'Express', 'Fastly', 'Fastly CDN', 'Financial Services Guide', 'Fireblade', 'FormSubmit', 'GZIP Module', 'GoFundMe', 'Google Related Website Sites', 'Microdata for Google Shopping', 'NFOrce Internet', 'PWA', 'Pico CSS', 'QUIC', 'SMC', 'Seflow Italy', 'Sentry', 'SiteW', 'Subversion', 'Thank You', 'UTF-8', 'Vector Internet Services', 'Wix', 'Wix Media', 'YouTube', 'eLand', 'mlcom']"
gpeacefoundation.org,"Global Peace Foundation, Inc. – Promoting peace and global community",,USA,72,26994,2026-09-27T23:15:46.756450377Z,"['501c3 Status Nonprofit', 'Alternate Protocol', 'Apache', 'Contact Form Plugin', 'Contento', 'EmbedPress', 'GoFundMe', 'Google Analytics', 'Google Cloud DNS', 'Google Font API', 'Google My Business', 'Google Tag Manager', 'IcoMoon', 'LayerSlider Responsive', 'Muffin Group', 'PHP', 'PayPal Adaptive Payments', 'PayPal Button', 'PayPal Form', 'QUIC', 'Slider Revolution', 'Theme In WP', 'UTF-8', 'Ultimate Social Media', 'Woo Themes', 'WordPress', 'WordPress Multisite', 'YouTube', 'jQuery', 'reCAPTCHA']"
emglobal.ca,EM Global – Capacity Building in Global Health Emergency Medicine,,,60,2159,2026-09-27T21:08:16.526121905Z,"['Activello', 'Alternate Protocol', 'BLR', 'GZIP Module', 'GitHub Hosting', 'GoFundMe', 'Google Cloud DNS', 'Google Font API', 'Google My Business', 'IcoMoon', 'InitiativeS', 'Instagram Follow Button', 'Nginx', 'PHP', 'Theme In WP', 'Tumblr', 'Twitter Ads', 'UTF-8', 'Ubuntu', 'University or College', 'Vello', 'WordPress', 'WordPress Multisite', 'YouTube', 'jQuery']"
brandedsaloon.com,Branded Saloon,,,45,21563,2026-09-27T15:24:43.961871016Z,"['Apache', 'Apture Linking Platform', 'ClickOn', 'Express', 'GZIP Module', 'GitHub Hosting', 'GoFundMe', 'Google', 'Google Analytics', 'Google Calendar', 'Google Cloud CDN', 'Google Cloud DNS', 'Google Font API', 'Google My Business', 'Google Recommendations AI', 'Google Related Website Sites', 'Google Tag Manager', 'Microdata for Google Shopping', 'NFOrce Internet', 'Ntent', 'SMC', 'Sapper', 'Schema Plugin', 'Subversion', 'UTF-8']"
jamojiapp.com,Home - Jamoji,Jamoji,,62,17285,2026-09-27T12:21:49.073415472Z,"['Alternate Protocol', 'Amazon WAF Blocked', 'Anti-spam for WordPress', 'App Store', 'Astra Theme', 'Bunny Fonts', 'CDN JS', 'CleanTalk Spam Protect', 'Cloudflare', 'Cloudflare CDN', 'Coming Soon Page', 'Elementor', 'EmbedPress', 'Essential Addons for Elementor', 'Express', 'Fireblade', 'GZIP Module', 'GoFundMe', 'Google Analytics', 'Google My Business', 'Google Play', 'Google Tag Manager', 'Instagram Follow Button', 'Jetpack', 'Microdata for Google Shopping', 'NFOrce Internet', 'Nginx', 'PHP', 'Pagekit', 'Royal Elementor Addons', 'Sassy Social Share', 'Smush Image Optimization', 'Theme In WP', 'Twitter Ads', 'UTF-8', 'WP Fastest Cache', 'Woo Themes', 'WordPress', 'WordPress Multisite', 'WordPress Related Posts', 'YouTube']"
finleyshouse.com,Fundraiser by Mike and McKenzie Sandusky : Finley’s Golden Fundraiser 2025,GoFundMe,,67,74031,2026-09-27T12:04:58.670551827Z,"['501c3 Status Nonprofit', 'AWS WAF Challenge', 'Alternate Protocol', 'Amazon', 'Amazon CloudFront', 'Amazon Route 53', 'Amazon WAF Blocked', 'Aruba', 'CloudFront', 'Coming Soon Page', 'Content Delivery Network', 'Fireblade', 'GZIP Module', 'Gambling Content', 'GoFundMe', 'Google', 'Google My Business', 'Google Related Website Sites', 'Instagram Follow Button', 'KVH', 'Linktree', 'MemberDev', 'Microdata for Google Shopping', 'NFOrce Internet', 'Next.js', 'Nginx', 'No-Q', 'Perl', 'Pleroma', 'QUIC', 'Share Link', 'SiteW', 'Tailwind CSS', 'Thank You', 'Twitter Ads', 'UTF-8', 'University or College', 'YouTube', 'eLand', 'reCAPTCHA']"
kristinfairfield.com,Kristin Fairfield Creative,,,60,26741,2026-09-27T11:52:18.561519094Z,"['Adobe Creative Cloud WebFonts', 'Apture Linking Platform', 'Aruba', 'Express', 'GZIP Module', 'GoFundMe', 'Instagram Follow Button', 'Line2', 'Magento Enterprise', 'Microdata for Google Shopping', 'Newsletter for Wordpress', 'Pico CSS', 'QUIC', 'SiteW', 'Squarespace', 'UTF-8', 'Vector Internet Services', 'WordPress SEO Structured Data Schema Plugin', 'eLand']"
heritagesignaturechorale.org,The Heritage Signature Chorale,,FLK,87,17213,2026-09-27T03:55:20.957245808Z,"['Adobe Creative Cloud WebFonts', 'Adult Content', 'Apture Linking Platform', 'Aruba', 'DAV', 'Eventbrite', 'Express', 'Fireblade', 'GZIP Module', 'GoFundMe', 'Google Maps', 'Google My Business', 'InitiativeS', 'Instagram Follow Button', 'Line2', 'Microdata for Google Shopping', 'QUIC', 'Squarespace', 'Tailwind CSS', 'UTF-8', 'University or College', 'WordPress SEO Structured Data Schema Plugin', 'YouTube', 'eLand']"
urbanstoriesfestival.com,Urban Stories Festival,,USA,67,135270,2026-09-27T03:51:11.492771417Z,"['Amazon WAF Blocked', 'Apture Linking Platform', 'Cloudflare', 'Content Delivery Network', 'Eventbrite', 'Express', 'Fastly', 'Fastly CDN', 'GZIP Module', 'GoFundMe', 'Instagram Follow Button', 'K2F', 'KVH', 'Microdata for Google Shopping', 'NFOrce Internet', 'POWr', 'PWA', 'QUIC', 'SMC', 'Seflow Italy', 'Sentry', 'SiteW', 'Subversion', 'Twitter Ads', 'UTF-8', 'Vector Internet Services', 'Wix', 'Wix Media', 'YouTube', 'mlcom']"
stowmaries.org.uk,Stow Maries Great War Aerodrome,,,67,5908,2026-09-27T03:29:46.06445481Z,"['CDN JS', 'Cloudflare', 'Cloudflare CDN', 'Content Delivery Network', 'GZIP Module', 'GoFundMe', 'Google', 'Google Analytics', 'Google Cloud DNS', 'Google Font API', 'Google My Business', 'Google Tag Manager', 'IcoMoon', 'Microdata for Google Shopping', 'Nginx', 'PWA', 'Parallels Plesk Panel', 'QUIC', 'ShareThis', 'Tailwind CSS', 'Trustpilot Reviews for WordPress', 'Twitter Ads', 'UTF-8', 'YouTube']"
jacktrottierfoundation.org,Home | Jack Trottier Foundation,,USA,75,96303,2026-09-27T02:52:10.386803313Z,"['501c3 Status Nonprofit', 'Alternate Protocol', 'Amazon WAF Blocked', 'Apture Linking Platform', 'Classy', 'Cloudflare', 'Content Delivery Network', 'DAV', 'Express', 'Fastly', 'Fastly CDN', 'GZIP Module', 'GoFundMe', 'Google Related Website Sites', 'InitiativeS', 'Instagram Follow Button', 'Microdata for Google Shopping', 'NFOrce Internet', 'POWr', 'PWA', 'Perl', 'QUIC', 'SMC', 'Seflow Italy', 'Sentry', 'SiteW', 'Thank You', 'UTF-8', 'Vector Internet Services', 'WP Booking Calendar', 'Wix', 'Wix Media', 'YouTube', 'eLand', 'mlcom']"
wolfartgallery.com,Home | Wolf Art Gallery,,,50,26985,2026-09-27T02:45:23.01585049Z,"['Alternate Protocol', 'Amazon WAF Blocked', 'Apture Linking Platform', 'Cloudflare', 'Content Delivery Network', 'DAV', 'Express', 'Fastly', 'Fastly CDN', 'GZIP Module', 'GoFundMe', 'Instagram Follow Button', 'Microdata for Google Shopping', 'NFOrce Internet', 'PWA', 'Perl', 'QUIC', 'SMC', 'Seflow Italy', 'Sentry', 'SiteW', 'Thank You', 'UTF-8', 'Vector Internet Services', 'WP Booking Calendar', 'Wix', 'Wix Media', 'eLand', 'mlcom']"
theguardianmile.org,The Guardian Mile,,,55,35621,2026-09-26T19:12:27.910403372Z,"['AWS WAF Challenge', 'Aruba', 'Contento', 'Express', 'GZIP Module', 'GoFundMe', 'Instagram Follow Button', 'Line2', 'Magento Enterprise', 'Microdata for Google Shopping', 'QUIC', 'SiteW', 'Squarespace', 'Twitter Ads', 'UTF-8', 'WordPress SEO Structured Data Schema Plugin', 'YouTube', 'eLand']"
animaltouch.org,"Miller's Ark | Our Charity is the UK’s first and only complete farm animal therapy centre based in Hook, Hampshire. Email: elizabeth@millersark.co.uk. Miller's Ark (Registered Charity 1105059)",,,77,6697,2026-09-26T18:51:54.595383596Z,"['Alternate Protocol', 'Automattic', 'DAV', 'EmbedPress', 'GDPR Consent Management Platform', 'GoFundMe', 'Google Maps', 'Google My Business', 'Google Related Website Sites', 'Instagram Follow Button', 'Jetpack', 'Jetpack Site Accelerator', 'Microdata for Google Shopping', 'Nginx', 'No-Q', 'Perl', 'Pico CSS', 'Schema Plugin', 'Share Link', 'Twitter Ads', 'UTF-8', 'Vector Internet Services', 'WordPress', 'WordPress Multisite', 'WordPress Stats', 'YouTube']"
weare2ndact.org,2nd Act | Destigmatizing Substance Use Through the Arts,,USA,67,91530,2026-09-26T18:38:19.898173529Z,"['Alternate Protocol', 'Amazon WAF Blocked', 'Apture Linking Platform', 'Apyl', 'Cloudflare', 'Constant Contact', 'Content Delivery Network', 'Express', 'Fastly', 'Fastly CDN', 'GZIP Module', 'Givebutter', 'GoFundMe', 'Google Related Website Sites', 'Instagram Follow Button', 'Microdata for Google Shopping', 'Microsoft Azure Blob Storage', 'NFOrce Internet', 'POWr', 'PWA', 'QUIC', 'SMC', 'Seflow Italy', 'Sentry', 'Share Link', 'SiteW', 'Sitelinks Search Box', 'Thank You', 'UTF-8', 'Vector Internet Services', 'Wix', 'Wix Media', 'YouTube', 'eLand', 'mlcom']"
iceoutphilly.org,Philly Queer Fundy Official: Instagram | Linktree,,ZAF,82,28392,2026-09-26T18:01:41.374444353Z,"['Alternate Protocol', 'Amazon', 'Amazon CloudFront', 'Amazon S3 CDN', 'CloudFront', 'Cloudflare', 'Content Delivery Network', 'Fastly', 'Fireblade', 'GZIP Module', 'GoFundMe', 'Google', 'Google Cloud DNS', 'Google Font API', 'Google My Business', 'Instagram Follow Button', 'Kitco', 'Linktree', 'Microdata for Google Shopping', 'Next.js', 'Nginx', 'PWA', 'Pleroma', 'QUIC', 'Rakuten Affiliate', 'SiteW', 'Storyblocks', 'Superfiliate', 'Tailwind CSS', 'UTF-8', 'shadcn ui']"
wellandsoccerclub.com,Welland Soccer Club – learn. grow. play.,,USA,70,1836,2026-09-26T12:03:15.389977268Z,"['Add to Any', 'Alternate Protocol', 'Angular', 'Apache', 'Contact Form Plugin', 'EmbedPress', 'Font Awesome', 'GZIP Module', 'GoFundMe', 'Google Analytics', 'Google Cloud DNS', 'Google Font API', 'Google Maps', 'Google My Business', 'Google Tag Manager', 'Instagram Follow Button', 'MonsterInsights', 'PHP', 'Team Members', 'The Events Calendar', 'Theme In WP', 'UTF-8', 'WPBakery', 'Woo Themes', 'WordPress', 'WordPress Multisite', 'jQuery', 'reCAPTCHA']"
compellinglove.net,Compelling Love | For the love of Christ compels us… (2 Cor. 5:14-15),,ISR,87,35758,2026-09-26T08:45:01.934048604Z,"['AWS WAF Challenge', 'Alternate Protocol', 'Automattic', 'Automattic Direct', 'CoBlocks', 'Coming Soon Page', 'DAV', 'EmbedPress', 'Express', 'Fireblade', 'GDPR Consent Management Platform', 'Global Privacy Control', 'GoFundMe', 'Google Analytics', 'Jetpack', 'Jetpack Site Accelerator', 'Linktree', 'Nginx', 'Perl', 'QUIC', 'US Privacy User Signal Mechanism', 'UTF-8', 'University or College', 'Vector Internet Services', 'WordPress', 'WordPress Multisite', 'WordPress Stats']"
oldtownrunclub.org,Old Town Run Club,,USA,62,2847,2026-09-26T07:25:55.220379548Z,"['BrandCrowd Website Builder', 'CoreUI', 'GZIP Module', 'GoFundMe', 'Google', 'Google Cloud DNS', 'Google Font API', 'Instagram Follow Button', 'Nuxt.js', 'QUIC', 'UTF-8']"
oddfellowsvallejo.org,"San Pablo Lodge #43 - Friendship, Love and Truth",Just another WordPress site,USA,77,25247,2026-09-26T06:54:34.127602528Z,"['Alternate Protocol', 'Apache', 'Apture Linking Platform', 'Custom Facebook Feed', 'EmbedPress', 'Font Awesome', 'GZIP Module', 'GoFundMe', 'K2F', 'Microdata for Google Shopping', 'PHP', 'Theme In WP', 'Twenty Fifteen', 'UTF-8', 'WP Super Cache', 'WordPress', 'WordPress Multisite', 'jQuery']"
holyokeyouthfootball.org,HYF | Holyoke Youth Football,,,65,22180,2026-09-26T05:48:32.819786858Z,"['Add to Any', 'Alternate Protocol', 'Amazon Widgets', 'Automattic', 'Contact Form Plugin', 'EmbedPress', 'GoFundMe', 'Google Cloud DNS', 'Google Font API', 'Google Maps', 'Google Related Website Sites', 'Gutenberg', 'IcoMoon', 'Instagram Follow Button', 'Jetpack', 'Jetpack Site Accelerator', 'KVH', 'LeagueLineup', 'Login and Pay with Amazon', 'MailChimp for WordPress', 'Nginx', 'PHP', 'Pinterest Conversion Tracking', 'QUIC', 'Slider Revolution', 'Stripe', 'Theme In WP', 'Twitter Ads', 'UTF-8', 'WPBakery', 'Woo Themes', 'WooCommerce', 'WooCommerce Checkout', 'WooCommerce Payments', 'WordPress', 'WordPress Multisite', 'WordPress Stats', 'jQuery']"
broomstickpettreats.com,Pet Treat Cookbook - Woof & Purr,Woof & Purr Pet Treat Recipe Book,,72,52884,2026-09-26T04:22:30.054522546Z,"['Adult Content', 'Alternate Protocol', 'Coming Soon Page', 'Content Delivery Network', 'Divi', 'Elegant Themes', 'EmbedPress', 'GoFundMe', 'Google', 'Google Cloud CDN', 'Google Cloud DNS', 'Google Font API', 'Instagram Follow Button', 'LiteSpeed', 'Microdata for Google Shopping', 'PHP', 'QUIC', 'SMC', 'Theme In WP', 'UTF-8', 'WP Recipe Maker', 'Woo Themes', 'WordPress', 'WordPress Multisite', 'jQuery']"
savesmithsbeach.org,Save Smiths Beach | Support the Fight,Save Smiths Beach,,72,79333,2026-09-26T03:27:51.201643264Z,"['Adobe Creative Cloud WebFonts', 'Amazon', 'Amazon S3 CDN', 'Aruba', 'Express', 'GZIP Module', 'GoFundMe', 'Google Analytics', 'Google Tag Manager', 'Instagram Follow Button', 'Line2', 'Magento Enterprise', 'MailChimp', 'Microdata for Google Shopping', 'QUIC', 'SiteW', 'Squarespace', 'Storyblocks', 'UTF-8', 'WordPress SEO Structured Data Schema Plugin', 'eLand']"
sostdsb.ca,Save Our Schools,,CAN,60,692,2026-09-26T02:09:30.266510578Z,"['501c3 Status Nonprofit', 'Content Delivery Network', 'Express', 'GoFundMe', 'Investor Relations', 'NFOrce Internet', 'Netlify', 'Squarespace', 'UTF-8', 'University or College']"
faithfuldeliverancetemple.org,faithful deliverance temple | church,,USA,72,89270,2026-09-25T23:42:10.007451751Z,"['Alternate Protocol', 'Amazon WAF Blocked', 'Apture Linking Platform', 'Cloudflare', 'Content Delivery Network', 'Express', 'Fastly', 'Fastly CDN', 'GZIP Module', 'GoFundMe', 'Instagram Follow Button', 'NFOrce Internet', 'POWr', 'PWA', 'Perl', 'QUIC', 'SMC', 'Seflow Italy', 'Sentry', 'SiteW', 'UTF-8', 'Vector Internet Services', 'Wix', 'Wix Media', 'YouTube', 'mlcom']"
millenniumcomplex.com,"The Millennium Complex, DBA For I Am Global Ministries",,,60,500,2026-09-25T22:40:01.867599178Z,"['Bulma', 'CDN JS', 'Cloudflare', 'Cloudflare CDN', 'GoFundMe', 'NFOrce Internet', 'Tailwind CSS', 'UTF-8', 'YouTube', 'jQuery']"
frankiegreenvariouswritings.com,"Frankie Green – Various writings on experiences of Women's Liberation, Gay Liberation and other political activism",,USA,72,19547,2026-09-25T22:40:01.866253289Z,"['Alternate Protocol', 'Apture Linking Platform', 'Automattic', 'BatCache', 'Content Delivery Network', 'EmbedPress', 'Express', 'Fastly', 'Fireblade', 'GoFundMe', 'Jetpack', 'Jetpack Site Accelerator', 'NFOrce Internet', 'Nginx', 'Parcel', 'Perl', 'Tailwind CSS', 'UTF-8', 'WordPress', 'WordPress Multisite', 'WordPress Stats']"
cambodialovespeace.com,Cambodia Loves Peace Fundraising Initiative,,,60,25421,2026-09-25T22:08:12.864174677Z,"['Aruba', 'Express', 'GZIP Module', 'GoFundMe', 'Instagram Follow Button', 'Line2', 'Magento Enterprise', 'Microdata for Google Shopping', 'QUIC', 'SiteW', 'Squarespace', 'Telegram', 'UTF-8', 'WordPress SEO Structured Data Schema Plugin', 'eLand']"
rettglobalregistry.org,Rett Syndrome Global Registry,,USA,72,8440,2026-09-25T22:08:12.848527842Z,"['501c3 Status Nonprofit', 'Alternate Protocol', 'Apache', 'Charity Navigator', 'Classy', 'Facebook Conversion Tracking', 'Facebook Login', 'Facebook Messenger Platform', 'Facebook Pixel', 'Facebook Reseller', 'Facebook Tag API', 'GZIP Module', 'GoFundMe', 'Google', 'Google Analytics', 'Google Cloud DNS', 'Google Font API', 'Google Tag Manager', 'Instagram Follow Button', 'Perl', 'UTF-8', 'University or College', 'YouTube']"
hopkinsseniorparty.com,HOPKINS SENIOR PARTY - Home,,GBR,65,18780,2026-09-25T21:54:04.31771519Z,"['501c3 Status Nonprofit', 'Amazon', 'Amazon CloudFront', 'Apture Linking Platform', 'CloudFront', 'Cloudflare', 'Content Delivery Network', 'DAV', 'Fireblade', 'GZIP Module', 'GoFundMe', 'Google Analytics', 'Google My Business', 'QUIC', 'UTF-8', 'Unix', 'Weebly', 'reCAPTCHA']"
greatstate2019.org,Great State Alabama,,USA,60,101,2026-09-25T21:43:17.239636022Z,"['501c3 Status Nonprofit', 'Alternate Protocol', 'Apache', 'CheryFramework', 'Cornerstone', 'DAV', 'Donorbox', 'EmbedPress', 'Formidable Pro Form', 'GZIP Module', 'GoFundMe', 'Google Cloud DNS', 'Google Font API', 'Google My Business', 'Instagram Follow Button', 'PHP', 'Pico CSS', 'Slider Revolution', 'Smart Slider 3', 'Theme In WP', 'Twitter Ads', 'UTF-8', 'Woo Themes', 'WordPress', 'WordPress Multisite', 'eLand', 'jQuery', 'reCAPTCHA']"
mntcit.org,Substance Abuse Treatment & Recovery Centers in Minnesota,Mn Adult & Teen Challenge,,57,21712,2026-09-25T21:08:43.813971541Z,"['AWS WAF Challenge', 'Alternate Protocol', 'Amazon WAF Blocked', 'Angular', 'Anti-spam for WordPress', 'CleanTalk Spam Protect', 'Content Delivery Network', 'Convio', 'Cornerstone', 'DAV', 'Divi', 'Elegant Themes', 'EmbedPress', 'Facebook Conversion Tracking', 'Facebook Login', 'Facebook Messenger Platform', 'Facebook Pixel', 'Facebook Reseller', 'Facebook Tag API', 'Fastly', 'Fireblade', 'Font Awesome', 'GZIP Module', 'GoFundMe', 'Google Analytics', 'Google Cloud DNS', 'Google Font API', 'Google Related Website Sites', 'Google Tag Manager', 'Gravity', 'Gravity Forms', 'Instagram Follow Button', 'LegitScript', 'Microdata for Google Shopping', 'Netseer Direct', 'PHP', 'Perl', 'Smart Slider 3', 'Store Locator WordPress', 'The Events Calendar', 'Theme In WP', 'Twitter Ads', 'UTF-8', 'Woo Themes', 'WordPress', 'WordPress Multisite', 'accessiBe', 'eLand', 'jQuery']"
savekiri.org,A Match for Kiri | Join the Registry,,JAM,77,71264,2026-09-25T20:10:43.454026906Z,"['AWS WAF Challenge', 'Amazon', 'Amazon CloudFront', 'CloudFront', 'Cloudflare', 'Content Delivery Network', 'DAV', 'Elfsight', 'GZIP Module', 'GoFundMe', 'Google Analytics', 'Google My Business', 'Google Related Website Sites', 'Google Tag Manager', 'IcoMoon', 'Instagram Follow Button', 'Perl', 'QUIC', 'SMC', 'Share Link', 'Smartsheet', 'Tailwind CSS', 'UTF-8', 'University or College', 'Vimeo', 'Vimeo CDN', 'WF Cookie Consent', 'Webflow', 'YouTube', 'reCAPTCHA']"
ldsmedhanealem.co.uk,London Debre Semayat Medhanealem & St Gabriel Church | Ethiopian Orthodox Church London,,GBR,62,508,2026-09-25T19:04:36.690664852Z,"['Bulma', 'GoFundMe', 'Google Cloud DNS', 'Google Maps', 'IcoMoon', 'LiteSpeed', 'YouTube', 'eLand', 'jQuery']"
bonestheatre.com,Bones Theatre Home Page,,,50,,2026-09-25T17:05:28.795075369Z,"['Apache', 'GoFundMe', 'Google My Business', 'Twitter Ads']"
livenarcfree.com,LiveNarcfree,,GBR,72,38492,2026-09-25T16:47:33.981740151Z,"['AWS WAF Challenge', 'Alternate Protocol', 'Amazon Widgets', 'DC74', 'GitHub Hosting', 'GoDaddy', 'GoDaddy Website Builder', 'GoFundMe', 'Google', 'Google Cloud DNS', 'Google Font API', 'Google My Business', 'Google Tag Manager', 'Line2', 'PWA', 'UTF-8', 'Wangsu', 'Website Tonight', 'YouTube']"
volunteenz.org,Volunteenz | student volunteering organization,,,72,90141,2026-09-25T15:37:28.493936763Z,"['501c3 Status Nonprofit', 'Amazon WAF Blocked', 'Apture Linking Platform', 'Cloudflare', 'Content Delivery Network', 'DAV', 'Express', 'Fastly', 'Fastly CDN', 'GZIP Module', 'GoFundMe', 'Google Forms', 'Google My Business', 'Google Related Website Sites', 'Instagram Follow Button', 'Microdata for Google Shopping', 'NFOrce Internet', 'PWA', 'Perl', 'QUIC', 'SMC', 'Seflow Italy', 'Sentry', 'SiteW', 'Tailwind CSS', 'UTF-8', 'Vector Internet Services', 'WP Booking Calendar', 'Wix', 'Wix Media', 'YouTube', 'eLand', 'mlcom']"
savebelmar.org,Home | Save Belmar Park,,USA,72,89990,2026-09-25T15:08:49.900596209Z,"['501c3 Status Nonprofit', 'Alternate Protocol', 'Amazon WAF Blocked', 'Apture Linking Platform', 'Cloudflare', 'Content Delivery Network', 'Express', 'Fastly', 'Fastly CDN', 'GZIP Module', 'GoFundMe', 'Google Related Website Sites', 'Instagram Follow Button', 'Microdata for Google Shopping', 'NFOrce Internet', 'POWr', 'PWA', 'QUIC', 'SMC', 'Seflow Italy', 'Sentry', 'SiteW', 'UTF-8', 'Vector Internet Services', 'Wix', 'Wix Media', 'mlcom']"
workandshop.co.tz,Work&Shop Creative Center – Empowering Mwanza's Future: A Community Hub for Young Artisans and Entrepreneurs,,TZA,75,448,2026-09-25T15:03:47.137493286Z,"['Alternate Protocol', 'Cloudflare', 'EmbedPress', 'GoFundMe', 'Instagram Follow Button', 'LiteSpeed', 'PHP', 'Page scroll to id', 'QUIC', 'Theme In WP', 'UTF-8', 'WPForms', 'WordPress', 'WordPress Multisite', 'jQuery']"
thequippyquill.com,The Quippy Quill - Reach The World Today!,The Quippy Quill,USA,82,18476,2026-09-25T15:03:47.110298635Z,"['AWS WAF Challenge', 'Apache', 'CDN JS', 'Cloudflare', 'Cloudflare CDN', 'Contact Form Plugin', 'EmbedPress', 'FiboSearch', 'Font Awesome', 'GZIP Module', 'GitHub Hosting', 'GoFundMe', 'Google', 'Google Adsense', 'Google Cloud DNS', 'Google Font API', 'Google Funding Choices', 'Google Matched Content', 'Google My Business', 'Google Related Website Sites', 'Google Reseller', 'Gravity', 'Instagram Follow Button', 'Microdata for Google Shopping', 'PHP', 'Perl', 'QUIC', 'Tailwind CSS', 'Thank You', 'Theme In WP', 'Twitter Ads', 'UTF-8', 'Woo Themes', 'WooCommerce', 'WooCommerce Checkout', 'WordPress', 'WordPress Multisite', 'YouTube', 'jQuery', 'jsDelivr']"
caringrefugees.com,"Caring For Refugees - Empowering Hope, Embracing Humanity",Caring For Refugees,KEN,77,17866,2026-09-25T14:52:41.913586339Z,"['AWS WAF Challenge', 'Alternate Protocol', 'Cloudflare', 'Cloudflare CDN', 'Content Delivery Network', 'Elementor', 'EmbedPress', 'Express', 'GoFundMe', 'Google', 'Google Cloud DNS', 'Google Font API', 'Google My Business', 'Investor Relations', 'Microdata for Google Shopping', 'Nginx', 'PHP', 'Tailwind CSS', 'The Events Calendar', 'Theme In WP', 'UTF-8', 'Woo Themes', 'WordPress', 'WordPress Multisite', 'jQuery']"
bastsgarden.com,Bast's Garden | Purveyors of Dragons and other exotic pets,,,50,,2026-09-25T10:59:35.470197009Z,"['Alternate Protocol', 'Contact Form Plugin', 'EmbedPress', 'Etsy', 'GZIP Module', 'GoFundMe', 'Nginx', 'Twenty Eleven', 'UTF-8', 'WordPress', 'WordPress Multisite', 'jQuery']"
greaterancestors.com,Home - Greater Ancestors,,CAN,77,3120,2026-09-25T07:30:09.678810311Z,"['Alternate Protocol', 'Apache', 'GZIP Module', 'GoFundMe', 'Google Analytics', 'Google Related Website Sites', 'Microdata for Google Shopping', 'PHP', 'PayPal Adaptive Payments', 'PayPal Button', 'PayPal Form', 'Shockwave Flash Embed', 'Theme In WP', 'UTF-8', 'WordPress', 'WordPress Multisite', 'Yahoo Image CDN', 'Yandex Hosting']"
mindmatterfoundation.org,"MindMatter Foundation – ""Making the World a Better Place, One Mind At A Time."" The MindMatter Foundation is committed to funding several local New York based initiatives that helps foster open, safe spaces that encourage mental wellness and raise awareness for mental health.",,USA,67,5647,2026-09-25T07:24:37.131285024Z,"['Alternate Protocol', 'Automattic', 'Content Delivery Network', 'EmbedPress', 'GoFundMe', 'InitiativeS', 'Jetpack', 'Jetpack Site Accelerator', 'Nginx', 'UTF-8', 'University or College', 'Vector Internet Services', 'WordPress', 'WordPress Multisite', 'WordPress Stats']"
milascorner.org,Jack's Corner | Cure SPG50,,,77,101513,2026-09-25T06:28:27.383387206Z,"['501c3 Status Nonprofit', 'Adobe Creative Cloud WebFonts', 'Aruba', 'Contento', 'Express', 'GZIP Module', 'GoFundMe', 'Google Analytics', 'Google Tag Manager', 'Instagram Follow Button', 'Line2', 'Magento Enterprise', 'Material-UI', 'Microdata for Google Shopping', 'QUIC', 'SiteW', 'Squarespace', 'UTF-8', 'WordPress SEO Structured Data Schema Plugin', 'YouTube', 'eLand']"
awezoom.net,"awezoom Official: TikTok, X, Facebook | Linktree",,,72,18032,2026-09-24T22:40:49.511008048Z,"['Alternate Protocol', 'Amazon', 'Cloudflare', 'Content Delivery Network', 'DC74', 'Fastly', 'GZIP Module', 'GoFundMe', 'Google', 'Google Cloud CDN', 'Google Cloud DNS', 'Google Font API', 'Kitco', 'Linktree', 'Microdata for Google Shopping', 'Next.js', 'Nginx', 'PWA', 'Pleroma', 'QUIC', 'Rakuten Affiliate', 'SiteW', 'Superfiliate', 'Tailwind CSS', 'UTF-8', 'YouTube', 'shadcn ui']"
cynthiahawkins.net,Cynthia Hawkins,,USA,65,13868,2026-09-24T22:27:36.75088395Z,"['Alternate Protocol', 'Apache', 'BLR', 'Fastly', 'GoFundMe', 'Google Cloud DNS', 'Google Font API', 'LiteSpeed', 'Oddle', 'PHP', 'Python', 'QUIC', 'Tailwind CSS', 'Theme In WP', 'Tumblr', 'Twitter Ads', 'UTF-8', 'Vimeo', 'Vine Embed', 'WordPress', 'WordPress Multisite', 'YouTube', 'jQuery']"
nashvillebookconnection.info,Nashville Book Connection,Nashville Book Connection,GBR,87,4152,2026-09-24T21:28:22.656387218Z,"['501c3 Status Nonprofit', 'Adobe Creative Cloud WebFonts', 'Amazon', 'Amazon S3 CDN', 'Aruba', 'Cornerstone', 'Express', 'GZIP Module', 'GoFundMe', 'Instagram Follow Button', 'Line2', 'Microdata for Google Shopping', 'QUIC', 'SiteW', 'Squarespace', 'Storyblocks', 'Twitter Ads', 'UTF-8', 'WordPress SEO Structured Data Schema Plugin', 'YouTube', 'eLand']"
santacruzgreens.org,Santa Cruz Green Party,,BOL,75,77953,2026-09-24T20:52:09.093200533Z,"['Adobe Creative Cloud WebFonts', 'Aruba', 'Express', 'GZIP Module', 'GoFundMe', 'Instagram Follow Button', 'Line2', 'Magento Enterprise', 'Microdata for Google Shopping', 'NationBuilder', 'QUIC', 'SiteW', 'Squarespace', 'UTF-8', 'WordPress SEO Structured Data Schema Plugin', 'eLand']"
daisychainsanctuary.com,"Equine Sanctuary in Boulder, Colorado - Daisy Chain Sanctuary",Daisy Chain Sanctuary,USA,77,9476,2026-09-24T18:39:15.738265118Z,"['Alternate Protocol', 'Anti-spam for WordPress', 'CleanTalk Spam Protect', 'Content Delivery Network', 'EmbedPress', 'GoFundMe', 'Google Analytics', 'Google Cloud DNS', 'Google Font API', 'Google Tag Manager', 'IcoMoon', 'Instagram Follow Button', 'Line2', 'LiteSpeed', 'Microdata for Google Shopping', 'Nectar Slide Plugin', 'Perl', 'QUIC', 'QUIC.cloud', 'RM Education', 'Salient', 'Twitter Ads', 'UTF-8', 'UserWay', 'WPBakery', 'WordPress', 'WordPress Multisite', 'Yelp Badge', 'YouTube']"
cancelthecondos.com,Save 910 South Mariposa - CANCEL THE CONDOS - Greedy developers endanger The Rancho,,USA,82,76429,2026-09-24T17:47:57.93778506Z,"['501c3 Status Nonprofit', 'Adobe Creative Cloud WebFonts', 'Aruba', 'Express', 'FormSubmit', 'GZIP Module', 'GoFundMe', 'InitiativeS', 'Instagram Follow Button', 'Line2', 'Magento Enterprise', 'Microdata for Google Shopping', 'Parcel', 'QUIC', 'Share Link', 'SiteW', 'Squarespace', 'Thank You', 'UTF-8', 'WordPress SEO Structured Data Schema Plugin', 'YouTube', 'eLand']"
savesummitavenue.net,Save Summit Avenue | SOS Save Our Street,,USA,82,20395,2026-09-24T17:16:38.008727912Z,"['AJAX Libraries API', 'AWS WAF Challenge', 'Alternate Protocol', 'Amazon', 'Amazon CloudFront', 'CDN JS', 'CloudFront', 'Cloudflare', 'Cloudflare CDN', 'Coming Soon Page', 'Content Delivery Network', 'DAV', 'Express', 'GZIP Module', 'GoFundMe', 'Google', 'Google Analytics', 'Google Cloud DNS', 'Google Font API', 'Google My Business', 'Google Tag Manager', 'InitiativeS', 'Instagram Follow Button', 'Tailwind CSS', 'Twitter Ads', 'UTF-8', 'University or College', 'Vimeo', 'WF Cookie Consent', 'Webflow', 'YouTube', 'eLand']"
jayroot.us,"byjayroot@gmail.com | 518-779-6529 | PO Box 7285, Albany, NY 12224",,USA,70,82473,2026-09-24T16:58:41.313262013Z,"['Adult Content', 'Aruba', 'DAV', 'Express', 'GZIP Module', 'GoFundMe', 'Instagram Follow Button', 'Investor Relations', 'Line2', 'Magento Enterprise', 'Microdata for Google Shopping', 'NFOrce Internet', 'Neighborhoods', 'QUIC', 'SiteW', 'Squarespace', 'Twitter Ads', 'UTF-8', 'University or College', 'Vector Internet Services', 'WordPress SEO Structured Data Schema Plugin', 'YouTube', 'eLand']"
greeknationalsoftball.com,HOME | Hellas National Softball Team,,CZE,87,90361,2026-09-24T15:57:43.962222531Z,"['Alternate Protocol', 'Amazon WAF Blocked', 'Apture Linking Platform', 'Cloudflare', 'Content Delivery Network', 'DAV', 'Express', 'Fastly', 'Fastly CDN', 'GZIP Module', 'GoFundMe', 'Google Related Website Sites', 'Instagram Follow Button', 'Microdata for Google Shopping', 'NFOrce Internet', 'PWA', 'Perl', 'QUIC', 'SMC', 'Seflow Italy', 'Sentry', 'SiteW', 'Sitelinks Search Box', 'UTF-8', 'University or College', 'Vector Internet Services', 'WP Booking Calendar', 'Wix', 'Wix Media', 'Zoom Video Conferencing', 'eLand', 'mlcom']"
bearcountry999.com,Your Home for Country Music - Bear Country Radio - WQBR-FM,,USA,82,13812,2026-09-24T14:11:15.761182826Z,"['Apture Linking Platform', 'Content Delivery Network', 'Fastly', 'Fastly CDN', 'Financial Services Guide', 'GZIP Module', 'GoFundMe', 'Google Cloud', 'Google My Business', 'Instagram Follow Button', 'NFOrce Internet', 'Netlify', 'Next.js', 'Pleroma', 'QUIC', 'Tailwind CSS', 'UTF-8', 'University or College', 'Unsplash', 'YouTube']"
stopnoelrockquarry.com,Stop Project Noel Rock Quarry! - Stop Project Noel Rock Quarry,,,67,27312,2026-09-24T13:46:31.375347262Z,"['AWS WAF Challenge', 'Content Delivery Network', 'DAV', 'Fastly', 'Fastly CDN', 'Financial Services Guide', 'GZIP Module', 'GoFundMe', 'Google Cloud', 'Google My Business', 'Harbor', 'Netlify', 'Next.js', 'Pleroma', 'QUIC', 'Tailwind CSS', 'UTF-8', 'Unsplash']"
veganinbellingham.com,Vegan in Bellingham,,IND,70,81512,2026-09-24T12:36:33.83106974Z,"['AWS WAF Challenge', 'Alternate Protocol', 'Amazon WAF Blocked', 'Blogger', 'Express', 'Fireblade', 'GZIP Module', 'GoFundMe', 'Google', 'Google Adsense', 'Google Cloud CDN', 'Google Cloud DNS', 'Google Font API', 'Google Funding Choices', 'Google Matched Content', 'Google My Business', 'Google Recommendations AI', 'Google Reseller', 'Instagram Follow Button', 'Linktree', 'NFOrce Internet', 'Ntent', 'O2MC Dimml', 'Phew', 'Subversion', 'UTF-8', 'University or College', 'YouTube', 'Zeffy']"
thewhiterabbit.click,TWR OS - The White Rabbit,,PHL,67,99,2026-09-24T10:27:10.484563638Z,"['CDN JS', 'Cloudflare', 'Cloudflare CDN', 'Express', 'Font Awesome', 'GoFundMe', 'Instagram Follow Button', 'LiteSpeed', 'QUIC']"
wilsoncafe.com.au,wilson,,,62,76333,2026-09-24T09:49:16.20453318Z,"['Adobe Creative Cloud WebFonts', 'Aruba', 'Express', 'GZIP Module', 'GoFundMe', 'Instagram Follow Button', 'Line2', 'Magento Enterprise', 'Microdata for Google Shopping', 'QUIC', 'Share Link', 'SiteW', 'Squarespace', 'UTF-8', 'WordPress SEO Structured Data Schema Plugin', 'eLand']"
stem-med.org,STEM-med,,,52,,2026-09-24T05:45:14.765005126Z,"['CDN JS', 'Cloudflare', 'Cloudflare CDN', 'Coming Soon Page', 'Content Delivery Network', 'GoFundMe', 'InitiativeS', 'Instagram Follow Button', 'UTF-8', 'Vercel']"
ourladyandstteresasprimaryschool.com,Welcome to Our Lady and St Teresa's Catholic Primary School,Our Lady and St Teresa's Catholic Primary School,USA,77,165422,2026-09-24T02:32:18.006888157Z,"['AAPT', 'AWS WAF Challenge', 'Alternate Protocol', 'Apture Linking Platform', 'CCSI', 'Cloudflare', 'Cloudflare CDN', 'Content Delivery Network', 'Content ad', 'ContentBox', 'DAV', 'ETranslate', 'Express', 'Facebook CDN', 'Fancybox for WordPress', 'GTranslate', 'GetResponse', 'GoFundMe', 'Google Analytics', 'Google My Business', 'Google Related Website Sites', 'Google Tag Manager', 'InitiativeS', 'Instagram Follow Button', 'K2F', 'KVH', 'Microdata for Google Shopping', 'No-Q', 'Onyx Internet', 'Parallels Plesk Panel', 'QUIC', 'SMC', 'Subversion', 'Twitter Ads', 'UTF-8', 'University or College', 'Vimeo', 'YouTube']"
tamikaandfriends.com,Nonprofit Cervical Cancer Awareness & Support | Cervivor,Cervivor,ITA,77,207134,2026-09-24T02:14:53.435367238Z,"['501c3 Status Nonprofit', 'AJAX Libraries API', 'AWS WAF Challenge', 'Adabra', 'Adobe Creative Cloud WebFonts', 'Alternate Protocol', 'Amazon Widgets', 'Apture Linking Platform', 'Atrium Health', 'Automattic', 'Azion', 'BLR', 'Brightcove', 'Brightspot', 'Canva Websites', 'Cisco/Arrowpoint Content Service Switch', 'Classy', 'Clockwork', 'Cloudflare', 'Cloudflare CDN', 'Coming Soon Page', 'Content Delivery Network', 'Cornerstone', 'DAV', 'EmbedPress', 'Eventbrite', 'Express', 'Facebook Embedded Posts', 'Financial Services Guide', 'Fireblade', 'Font Awesome', 'Formidable Pro Form', 'GoFundMe', 'Google Calendar', 'Google Cloud DNS', 'Google Forms', 'Google My Business', 'Google Related Website Sites', 'Gravity', 'InitiativeS', 'Instagram Follow Button', 'Investor Relations', 'KVH', 'Linktree', 'Microdata for Google Shopping', 'NFOrce Internet', 'Neighborhoods', 'Ntent', 'Oddle', 'PHP', 'Perl', 'Pfizer', 'Phew', 'Python', 'QUIC', 'RM Education', 'Share Link', 'Tailwind CSS', 'Thank You', 'Theme In WP', 'Tumblr', 'Twitter Ads', 'UTF-8', 'Underscores', 'University or College', 'Vimeo', 'WP Engine', 'Woo Themes', 'WooCommerce', 'WooCommerce Checkout', 'WooCommerce Stripe Payment Gateway', 'WordPress', 'WordPress Multisite', 'YouTube', 'Zeffy', 'Zoom', 'Zoom Video Conferencing', 'eLand', 'jQuery', 'reCAPTCHA']"
protectourrights.ca,The Task Force on Linguistic Policy | Bill 96,The Task Force on Linguistic Policy,,77,119828,2026-09-23T20:15:29.285569917Z,"['AWS WAF Challenge', 'Alternate Protocol', 'Amazon WAF Blocked', 'Apture Linking Platform', 'Cloudflare', 'Content Delivery Network', 'Express', 'Fastly', 'Fastly CDN', 'Fireblade', 'GZIP Module', 'GoFundMe', 'Google Related Website Sites', 'Instagram Follow Button', 'Microdata for Google Shopping', 'NFOrce Internet', 'PWA', 'PayPal Adaptive Payments', 'QUIC', 'SMC', 'Seflow Italy', 'Sentry', 'SiteW', 'Sitelinks Search Box', 'UTF-8', 'Vector Internet Services', 'Wix', 'Wix Media', 'YouTube', 'mlcom']"
youngwithheart.com,Young With Heart - Inspire . Motivate . Persevere,,,67,5526,2026-09-23T17:07:36.929023261Z,"['Alternate Protocol', 'Automattic', 'BatCache', 'Content Delivery Network', 'CookieConsent', 'EmbedPress', 'Fastly', 'GoFundMe', 'Gutenberg', 'Jetpack', 'Jetpack Site Accelerator', 'Nginx', 'Oracle Cloud', 'Perl', 'UTF-8', 'University or College', 'Woo Themes', 'WooCommerce', 'WooCommerce Checkout', 'WordPress', 'WordPress Multisite', 'WordPress Stats', 'YouTube', 'jQuery']"
countthemajority.com,HOME | countthemajority,,,55,26896,2026-09-23T16:42:55.172651263Z,"['Alternate Protocol', 'Amazon WAF Blocked', 'Apture Linking Platform', 'Cloudflare', 'Content Delivery Network', 'Express', 'Fastly', 'Fastly CDN', 'GZIP Module', 'GoFundMe', 'Instagram Follow Button', 'Microdata for Google Shopping', 'NFOrce Internet', 'PWA', 'QUIC', 'SMC', 'Seflow Italy', 'Sentry', 'SiteW', 'Twitter Ads', 'UTF-8', 'University or College', 'Vector Internet Services', 'Wix', 'Wix Media', 'mlcom']"
freejimmywilgus.com,Free Jimmy Wilgus: Justice for an American Innocent Musician | Free Jimmy Wilgus,,RUS,87,17470,2026-09-23T16:24:35.246659123Z,"['Alternate Protocol', 'Cloudflare', 'Cloudflare CDN', 'Content Delivery Network', 'Fireblade', 'GoFundMe', 'Google', 'Google Cloud DNS', 'Google Font API', 'Microdata for Google Shopping', 'Perl', 'Pexels', 'Thank You', 'Zyro']"
saltmb.com,"Himalayan Salt Therapy | Spa in Myrtle Beach, South Carolina",Himalayan Salt Therapy,USA,87,251647,2026-09-23T15:53:17.480726488Z,"['34SP.com', 'AWS WAF Challenge', 'About Cookies', 'Alternate Protocol', 'Apture Linking Platform', 'Cloudflare', 'Cloudflare CDN', 'Coming Soon Page', 'Commoninja', 'Cornerstone', 'DAV', 'Elfsight', 'Ethy', 'Etsy', 'Express', 'Facebook Conversion Tracking', 'Facebook Login', 'Facebook Messenger Platform', 'Facebook Pixel', 'Facebook Reseller', 'Facebook Tag API', 'Financial Services Guide', 'Fireblade', 'Font Awesome', 'Fresha', 'GoFundMe', 'Google Analytics', 'Google Customer Reviews', 'Google Maps', 'Google My Business', 'Google Tag Manager', 'HMDG', 'Instagram Follow Button', 'K2F', 'KVH', 'Lucky Orange', 'M247', 'Material-UI', 'NFOrce Internet', 'Network Advertising Initiative', 'No-Q', 'Ntent', 'ON24', 'Oddle', 'Onyx Internet', 'Perl', 'Pico CSS', 'QUIC', 'SMC', 'Subversion', 'Tailwind CSS', 'Thank You', 'The Fresh', 'Twitter Ads', 'UTF-8', 'Underscores', 'University or College', 'Yelp Badge', 'YouTube', 'uPress']"
happyreturn.org,Happy Return Mount's Bay Lugger Association Happy Return a Mounts Bay Lugger,Mounts Bay Lugger Association,,67,16333,2026-09-23T13:20:51.394490848Z,"['Adobe Creative Cloud WebFonts', 'Aruba', 'Express', 'Facebook Like', 'Facebook Login', 'Facebook Reseller', 'Fireblade', 'GZIP Module', 'GoFundMe', 'Instagram Follow Button', 'Line2', 'Microdata for Google Shopping', 'QUIC', 'SiteW', 'Squarespace', 'UTF-8', 'WordPress SEO Structured Data Schema Plugin', 'eLand']"
losttrailcommunications.com,Marketing & Communications Strategies for all size businesses.,Lost Trail Communications,USA,82,2880,2026-09-23T11:09:54.441744164Z,"['Alternate Protocol', 'Calendly', 'DAV', 'Elementor', 'EmbedPress', 'GoFundMe', 'Google', 'Google Cloud CDN', 'Google Cloud DNS', 'Google Font API', 'Hello Elementor', 'Instagram Follow Button', 'Microdata for Google Shopping', 'PHP', 'Theme In WP', 'UTF-8', 'Walmart', 'WordPress', 'WordPress Multisite', 'jQuery']"
sammiegramz.com,SAMMIE GRAMZ,,,67,32773,2026-09-23T10:21:41.666123769Z,"['Alternate Protocol', 'Apture Linking Platform', 'Beacons', 'Coming Soon Page', 'DAV', 'Endis', 'Fireblade', 'GZIP Module', 'GoFundMe', 'Google Cloud', 'Google Cloud DNS', 'Google Font API', 'Instagram Follow Button', 'Microdata for Google Shopping', 'Next.js', 'PWA', 'Share Link', 'UTF-8', 'Unsplash', 'YouTube', 'shadcn ui']"
what2do.live,"What2Do.Live – Changing the world, one free minute at a time.",,GBR,70,1847,2026-09-23T06:09:15.123385852Z,"['Alternate Protocol', 'Apache', 'Apture Linking Platform', 'Automattic', 'DreamHost Hosting', 'EmbedPress', 'GZIP Module', 'GoFundMe', 'Jetpack', 'Jetpack Site Accelerator', 'Matomo Tag Manager', 'PHP', 'Theme In WP', 'Twenty Seventeen', 'UTF-8', 'WP Super Cache', 'WordPress', 'WordPress Multisite', 'WordPress Stats', 'jQuery']"
newsradio1170.com,NewsRadio 1170 WWVA - Wheeling's Newstalk Station,,USA,72,125260,2026-09-23T00:01:13.494831907Z,"['AWS WAF Challenge', 'Amazon Associates Affiliate Shop', 'Amazon WAF Blocked', 'Apture Linking Platform', 'Cisco/Arrowpoint Content Service Switch', 'Content Delivery Network', 'Contento', 'DAV', 'Express', 'Facebook Login', 'Facebook Messenger Platform', 'Facebook Reseller', 'Fastly', 'Fireblade', 'GTranslate', 'GZIP Module', 'Gambling Content', 'GetResponse', 'GitHub Hosting', 'GoFundMe', 'Google Cloud DNS', 'Google Font API', 'Google My Business', 'Google Related Website Sites', 'Gravity', 'IcoMoon', 'InitiativeS', 'Instagram Follow Button', 'NFOrce Internet', 'New Relic', 'OneTrust Domain Verification', 'Outbrain Direct', 'Prebid', 'QUIC', 'Rev', 'SMC', 'Submittable', 'Twitter Ads', 'UTF-8', 'University or College', 'Yahoo Finance Widget', 'YouTube', 'eLand', 'reCAPTCHA']"
radhastirling.com,Crisis Management | Radha Stirling,,GBR,87,202824,2026-09-23T00:01:13.486182241Z,"['AWS WAF Challenge', 'Adult Content', 'Alternate Protocol', 'Amazon WAF Blocked', 'App Store', 'Apture Linking Platform', 'Better Lead Generation Services', 'Content Delivery Network', 'Contento', 'DAV', 'DC74', 'Express', 'Fastly', 'Fastly CDN', 'Financial Services Guide', 'Fireblade', 'FormSubmit', 'GZIP Module', 'Gambling Content', 'GoFundMe', 'Google My Business', 'Google Play', 'Google Related Website Sites', 'InitiativeS', 'Instagram Follow Button', 'Investor Relations', 'K2F', 'Landis Holdings', 'Microdata for Google Shopping', 'NFOrce Internet', 'PWA', 'Perl', 'Pico CSS', 'QUIC', 'RM Education', 'SMC', 'Seflow Italy', 'Sentry', 'SiteW', 'Sitelinks Search Box', 'Subversion', 'Twitter Ads', 'UTF-8', 'Underscores', 'University or College', 'Vector Internet Services', 'Vimeo CDN', 'WhatsApp Sharing', 'Wix', 'Wix Media', 'WordPress Related Posts', 'YouTube', 'eLand', 'mlcom']"
hittingthewall.org,Home | Hitting The Wall,,,70,104270,2026-09-22T22:19:59.047907234Z,"['AWS WAF Challenge', 'Alternate Protocol', 'Amazon WAF Blocked', 'Apture Linking Platform', 'Content Delivery Network', 'Express', 'Fastly', 'Fastly CDN', 'GZIP Module', 'GoFundMe', 'Microdata for Google Shopping', 'NFOrce Internet', 'POWr', 'PWA', 'QUIC', 'SMC', 'Seflow Italy', 'Sentry', 'SiteW', 'UTF-8', 'Vector Internet Services', 'Wix', 'Wix Media', 'eLand', 'mlcom']"
fantasynonfiction.com,Fantasy Non Fiction,,USA,60,1141,2026-09-22T21:52:50.112274599Z,"['Adobe Creative Cloud WebFonts', 'Alternate Protocol', 'Aruba', 'Band Camp', 'Camp', 'Express', 'GZIP Module', 'GoFundMe', 'Instagram Follow Button', 'Line2', 'Microdata for Google Shopping', 'QUIC', 'Squarespace', 'Twitter Ads', 'UTF-8', 'WordPress SEO Structured Data Schema Plugin', 'eLand']"
larryedmunds.com,Book Store | Larry Edmunds Bookshop | United States,Larry Edmunds Bookshop,USA,87,97390,2026-09-22T21:12:39.98840978Z,"['Alternate Protocol', 'Amazon', 'Amazon WAF Blocked', 'Apture Linking Platform', 'Cloudflare', 'Content Delivery Network', 'DC74', 'Edmunds', 'Express', 'Fastly', 'Fastly CDN', 'GZIP Module', 'GoFundMe', 'Google Related Website Sites', 'Instagram Follow Button', 'Microdata for Google Shopping', 'NFOrce Internet', 'Ntent', 'POWr', 'PWA', 'Perl', 'QUIC', 'SMC', 'Seflow Italy', 'Sentry', 'SiteW', 'Thank You', 'Twitter Ads', 'UTF-8', 'Vector Internet Services', 'Wix', 'Wix Media', 'WordPress Related Posts', 'YouTube', 'eLand', 'mlcom']"
hooptrix.com,Hula Hoop Tricks Tutorials,,,57,90,2026-09-22T19:50:19.559625363Z,"['GoFundMe', 'PHP', 'RapidWeaver', 'UTF-8', 'jQuery']"
bravagardeneatery.com,bravagardeneatery,,ARG,70,89573,2026-09-22T19:14:52.730137633Z,"['Aruba', 'Express', 'GZIP Module', 'GoFundMe', 'Google My Business', 'Instagram Follow Button', 'Line2', 'Magento Enterprise', 'Microdata for Google Shopping', 'QUIC', 'Resy', 'SiteW', 'Squarespace', 'Toast POS', 'UTF-8', 'Vector Internet Services', 'WordPress SEO Structured Data Schema Plugin', 'eLand']"
negessegutema.com,"Negesse Gutema, Author",,,65,76729,2026-09-22T16:59:00.961160526Z,"['501c3 Status Nonprofit', 'Adobe Creative Cloud WebFonts', 'Aruba', 'Automattic', 'Express', 'FormSubmit', 'GZIP Module', 'GoFundMe', 'Line2', 'Magento Enterprise', 'Microdata for Google Shopping', 'QUIC', 'SiteW', 'Squarespace', 'Squid', 'Twitter Ads', 'UTF-8', 'WordPress SEO Structured Data Schema Plugin', 'YouTube', 'eLand']"
sevarva.com,SevaRVA,,,50,26741,2026-09-22T16:21:00.485727517Z,"['501c3 Status Nonprofit', 'Adobe Creative Cloud WebFonts', 'Aruba', 'Express', 'GZIP Module', 'GoFundMe', 'Instagram Follow Button', 'Line2', 'Magento Enterprise', 'Microdata for Google Shopping', 'Newsletter for Wordpress', 'Pico CSS', 'QUIC', 'SiteW', 'Squarespace', 'UTF-8', 'Vector Internet Services', 'WordPress SEO Structured Data Schema Plugin', 'eLand']"
mhopus.org,Mr Holland's Opus Foundation - Keeping Music Alive in Our Schools,,USA,92,10208,2026-09-22T15:32:58.87783931Z,"['501c3 Status Nonprofit', 'Alternate Protocol', 'ByteDance', 'Cloudflare', 'Cloudflare CDN', 'Contact Form Plugin', 'Content Delivery Network', 'Ditty News Ticker', 'Elementor', 'EmbedPress', 'Essential Addons for Elementor', 'Essential Blocks for Gutenberg', 'Express', 'Facebook Conversion Tracking', 'Facebook Login', 'Facebook Messenger Platform', 'Facebook Pixel', 'Facebook Reseller', 'Facebook Tag API', 'Font Awesome', 'GenerateBlocks', 'GeneratePress Company', 'GoFundMe', 'Google', 'Google Analytics', 'Google Cloud DNS', 'Google Font API', 'Google My Business', 'Google Related Website Sites', 'Google Tag Manager', 'Gutenberg Blocks by Kadence Blocks', 'Instagram Follow Button', 'Kitco', 'PHP', 'Popup Maker for Wordpress', 'QUIC', 'Site Kit', 'Theme In WP', 'TikTok Conversion Tracking Pixel', 'Twitter Ads', 'UTF-8', 'WordPress', 'WordPress Multisite', 'YouTube', 'YouTube Advanced by Embed Plus', 'jQuery', 'reCAPTCHA']"
gentleacresanimalhaven.org,Gentle Acres Animal Haven,,,70,76333,2026-09-22T15:32:58.859792106Z,"['Adobe Creative Cloud WebFonts', 'Aruba', 'Express', 'GZIP Module', 'GoFundMe', 'Instagram Follow Button', 'Line2', 'Magento Enterprise', 'Microdata for Google Shopping', 'QUIC', 'SiteW', 'Squarespace', 'UTF-8', 'WordPress SEO Structured Data Schema Plugin', 'eLand']"
winnickimotorsports.com,Winnicki Motorsports,,,20,21563,2026-09-22T13:06:31.373100723Z,"['Apache', 'Apture Linking Platform', 'ClickOn', 'Content Delivery Network', 'Express', 'GZIP Module', 'GitHub Hosting', 'GoFundMe', 'Google', 'Google Cloud CDN', 'Google Cloud DNS', 'Google Font API', 'Google My Business', 'Google Recommendations AI', 'Google Related Website Sites', 'Instagram Follow Button', 'Microdata for Google Shopping', 'NFOrce Internet', 'Ntent', 'SMC', 'Sapper', 'Schema Plugin', 'Subversion', 'UTF-8', 'YouTube']"
kalinasilverman.com,Kalina Silverman,,KAZ,82,2213,2026-09-22T12:05:08.76345462Z,"['Adobe Creative Cloud WebFonts', 'Amazon Widgets', 'Aruba', 'Eventbrite', 'Express', 'GZIP Module', 'GoFundMe', 'Instagram Follow Button', 'Line2', 'Microdata for Google Shopping', 'QUIC', 'Share Link', 'Squarespace', 'UTF-8', 'University or College', 'WordPress SEO Structured Data Schema Plugin', 'YouTube', 'eLand']"
bjvillagehall.org.uk,Burton Joyce & Bulcote Village Hall,Burton Joyce and Bulcote Village Hall - Charity No 522195,,67,2706,2026-09-22T10:54:24.352647684Z,"['Alternate Protocol', 'Contact Form Plugin', 'EmbedPress', 'Font Awesome', 'GoFundMe', 'Google', 'Google Cloud CDN', 'Google Cloud DNS', 'Google Font API', 'LiteSpeed', 'Microdata for Google Shopping', 'PHP', 'Slider Revolution', 'The7', 'Theme In WP', 'UTF-8', 'Visual Composer Ultimate Addons', 'WPBakery', 'WordPress', 'WordPress Multisite', 'jQuery']"
childrencri.org,Children Redeemed International | Outreach Ministry,Children Redeemed International,USA,77,41246,2026-09-22T08:26:23.438576533Z,"['AWS WAF Challenge', 'Alternate Protocol', 'Apache', 'Contento', 'EmbedPress', 'GZIP Module', 'GoFundMe', 'Google Analytics', 'Google Cloud DNS', 'Google Font API', 'Google Related Website Sites', 'Gravity', 'Gravity Forms', 'Impreza', 'Lazy Load for WordPress', 'Microdata for Google Shopping', 'OpenSSL', 'PHP', 'QUIC', 'Sitelinks Search Box', 'Thank You', 'Theme In WP', 'Twitter Ads', 'UTF-8', 'WP Rocket', 'WPBakery', 'Woo Themes', 'WooCommerce', 'WooCommerce Checkout', 'WordPress', 'WordPress Multisite', 'jQuery']"
inyourskin.org,In Your Skin,,,50,25421,2026-09-22T07:47:30.542131712Z,"['Aruba', 'Express', 'GZIP Module', 'GoFundMe', 'Instagram Follow Button', 'Line2', 'Magento Enterprise', 'Microdata for Google Shopping', 'QUIC', 'Share Link', 'SiteW', 'Squarespace', 'UTF-8', 'University or College', 'WordPress SEO Structured Data Schema Plugin', 'YouTube', 'eLand']"
sgssbendigo.com,Sri Guru Singh Sabha Bendigo,,AUS,70,39547,2026-09-22T05:57:02.937845898Z,"['Adult Content', 'Alternate Protocol', 'Automattic', 'Content Delivery Network', 'EmbedPress', 'Fireblade', 'GoFundMe', 'Jetpack', 'Jetpack Site Accelerator', 'KVH', 'Kinsta', 'Nginx', 'Oracle Cloud', 'UTF-8', 'WordPress', 'WordPress Multisite', 'WordPress Stats']"
unmaskingasmile.com,unmaskingasmile (@unmaskingasmile) | Instagram profile | Beacons,,,62,2610,2026-09-22T04:30:15.818377479Z,"['Alternate Protocol', 'Beacons', 'Financial Services Guide', 'GZIP Module', 'GoFundMe', 'Google Cloud', 'Instagram Follow Button', 'Microdata for Google Shopping', 'Next.js', 'PWA', 'Subversion', 'UTF-8']"
letsthrivebaltimore.org,Community Center | Lets Thrive Baltimore | Baltimore Maryland|PRP-Rehabilitation,Let’s Thrive Baltimore formerly No One Left Unhelped ,USA,87,117942,2026-09-22T04:07:58.70093199Z,"['AWS WAF Challenge', 'Alternate Protocol', 'Amazon WAF Blocked', 'Apture Linking Platform', 'Coming Soon Page', 'Content Delivery Network', 'CoolText', 'DAV', 'DC74', 'Express', 'Fastly', 'Fastly CDN', 'Financial Services Guide', 'GZIP Module', 'GoFundMe', 'Google Related Website Sites', 'InitiativeS', 'Instagram Follow Button', 'Microdata for Google Shopping', 'NFOrce Internet', 'POWr', 'PWA', 'Perl', 'QUIC', 'RM Education', 'SMC', 'Seflow Italy', 'Sentry', 'SiteW', 'Subversion', 'Thank You', 'Twitter Ads', 'UTF-8', 'University or College', 'Vector Internet Services', 'WP Booking Calendar', 'Wix', 'Wix Media', 'YouTube', 'eLand', 'mlcom']"
stmarkspennsburg.com,Home Page - St. Mark's Lutheran Church,,,35,537,2026-09-22T03:25:51.861868646Z,"['AJAX Libraries API', 'Amazon CloudFront', 'Apache', 'Bulma', 'CDN JS', 'CloudFront', 'Cloudflare', 'Cloudflare CDN', 'Constant Contact', 'GZIP Module', 'GoFundMe', 'Google', 'Google Analytics', 'Google Cloud CDN', 'Google Cloud DNS', 'Google Font API', 'Google Tag Manager', 'IcoMoon', 'No-Q', 'QUIC', 'UTF-8', 'YouTube']"
thesoupfoundation.com,The Soup Foundation,,,65,989,2026-09-22T02:48:13.716783932Z,"['AJAX Libraries API', 'Alternate Protocol', 'Aruba', 'Express', 'FormSubmit', 'GZIP Module', 'GoFundMe', 'Google Adsense', 'Google Analytics', 'Google Cloud DNS', 'Google Funding Choices', 'Google Matched Content', 'Google Reseller', 'Google Tag Manager', 'Instagram Follow Button', 'Line2', 'Microdata for Google Shopping', 'QUIC', 'Squarespace', 'UTF-8', 'WordPress SEO Structured Data Schema Plugin', 'eLand', 'jQuery']"
transit.engineering,Cars Are Basic Inc.™ - citizen transportation advocate organization,,USA,72,31540,2026-09-22T02:40:05.984842996Z,"['501c3 Status Nonprofit', 'AWS WAF Challenge', 'Apture Linking Platform', 'CDN JS', 'Cloudflare', 'Cloudflare CDN', 'DAV', 'Efilli', 'Express', 'Fireblade', 'Gambling Content', 'GoFundMe', 'Google Cloud DNS', 'Google Font API', 'LiteSpeed', 'Mastodon', 'NFOrce Internet', 'PayPal Button', 'PayPal Form', 'Perl', 'QUIC', 'Share Link', 'Thank You', 'University or College', 'W3.CSS', 'YouTube']"
cfcgmi.org,Christian Fellowship Church Global Minstries Inc.,Christian Fellowship Church Global Minstries Inc.,USA,92,19380,2026-09-21T23:18:44.193548256Z,"['Express', 'GoDaddy', 'GoFundMe', 'Google', 'Google Analytics', 'Google Cloud DNS', 'Google Font API', 'Google Related Website Sites', 'Google Tag Manager', 'Instagram Follow Button', 'Microdata for Google Shopping', 'PWA', 'PayPal Adaptive Payments', 'UTF-8', 'Vimeo', 'Vimeo CDN', 'Wangsu', 'Website Tonight', 'YouTube']"
lubellagauna.com,Lubellagauna,,USA,72,25620,2026-09-21T21:04:30.482223244Z,"['Alternate Protocol', 'Amazon Associates Affiliate Shop', 'Amazon Widgets', 'Cisco/Arrowpoint Content Service Switch', 'ETranslate', 'GitHub Hosting', 'GoDaddy', 'GoFundMe', 'Google', 'Google Cloud DNS', 'Google Font API', 'Google My Business', 'Instagram Follow Button', 'PWA', 'PayPal Adaptive Payments', 'PayPal Button', 'PayPal Form', 'Twitter Ads', 'UTF-8', 'University or College', 'Wangsu', 'Website Tonight', 'YouTube']"
islandsinmotion.com,IslandsInMotion,,DOM,60,1448,2026-09-21T20:28:42.175797737Z,"['Alternate Protocol', 'CDN JS', 'Cloudflare', 'Cloudflare CDN', 'Coming Soon Page', 'Contact Form Plugin', 'ElementUI', 'EmbedPress', 'Ethy', 'Font Awesome', 'GoFundMe', 'Google Cloud DNS', 'Google Font API', 'InMotion Hosting', 'Instagram Follow Button', 'LiveChat', 'LiveChat Monitoring', 'MaxCDN', 'PHP', 'Popup Maker for Wordpress', 'Theme In WP', 'Twitter Ads', 'UTF-8', 'WordPress', 'WordPress Multisite', 'YouTube', 'jQuery', 'qTranslate']"
kojoeducationalfoundation.org,About | United States | Kojo Educational Foundation,,,47,26296,2026-09-21T19:48:52.494293119Z,"['Alternate Protocol', 'Amazon WAF Blocked', 'Apture Linking Platform', 'Content Delivery Network', 'Express', 'Fastly', 'Fastly CDN', 'GZIP Module', 'GoFundMe', 'Microdata for Google Shopping', 'NFOrce Internet', 'PWA', 'QUIC', 'SMC', 'Sentry', 'SiteW', 'UTF-8', 'Vector Internet Services', 'Wix', 'Wix Media', 'mlcom']"
kansashswrestling.com,Kansas State High School Wrestling | Year by Year Results,,,67,89828,2026-09-21T19:48:52.479251409Z,"['Alternate Protocol', 'Amazon WAF Blocked', 'Apture Linking Platform', 'Content Delivery Network', 'Express', 'Fastly', 'Fastly CDN', 'GZIP Module', 'GoFundMe', 'Google Related Website Sites', 'Microdata for Google Shopping', 'NFOrce Internet', 'PWA', 'Perl', 'QUIC', 'SMC', 'Seflow Italy', 'Sentry', 'SiteW', 'Thank You', 'UTF-8', 'University or College', 'Vector Internet Services', 'Wix', 'Wix Media', 'eLand', 'mlcom']"
jdsafariblog.com,John Dunia's safari (Journey) 2005-Present. – Never forget those in need. Happiness is best when shared.,,GBR,72,16484,2026-09-21T18:31:51.737005014Z,"['AWS WAF Challenge', 'Alternate Protocol', 'Automattic', 'Automattic Direct', 'CoBlocks', 'Coming Soon Page', 'Content Delivery Network', 'EmbedPress', 'Express', 'Global Privacy Control', 'GoFundMe', 'Google Analytics', 'IcoMoon', 'Investor Relations', 'Jetpack', 'Jetpack Site Accelerator', 'Microdata for Google Shopping', 'Nginx', 'No-Q', 'Perl', 'QUIC', 'Schema Plugin', 'Tailwind CSS', 'Thank You', 'US Privacy User Signal Mechanism', 'UTF-8', 'University or College', 'WordPress', 'WordPress Multisite', 'WordPress Stats']"
canesfightcancer.com,Home | Canes Fight Cancer,,USA,82,90141,2026-09-21T16:36:10.65129042Z,"['Alternate Protocol', 'Amazon WAF Blocked', 'Apture Linking Platform', 'Content Delivery Network', 'DAV', 'Express', 'Fastly', 'Fastly CDN', 'GZIP Module', 'GoFundMe', 'Google Related Website Sites', 'Instagram Follow Button', 'Microdata for Google Shopping', 'NFOrce Internet', 'PWA', 'Perl', 'QUIC', 'SMC', 'Seflow Italy', 'Sentry', 'SiteW', 'UTF-8', 'University or College', 'Vector Internet Services', 'WP Booking Calendar', 'Wix', 'Wix Media', 'YouTube', 'eLand', 'mlcom']"
crossingthebridgemyjourney.com,"My Journey, Crossing the Bridge | Cancer Support Group | Living with Cancer | Coping with Cancer",Crossing the Bridge,USA,82,130124,2026-09-21T10:47:11.483998065Z,"['Alternate Protocol', 'Amazon WAF Blocked', 'Apture Linking Platform', 'Aruba', 'Content Delivery Network', 'Contento', 'Express', 'Fastly', 'Fastly CDN', 'Fireblade', 'FormSubmit', 'GZIP Module', 'GoFundMe', 'Google Related Website Sites', 'Microdata for Google Shopping', 'NFOrce Internet', 'PWA', 'Perl', 'Pico CSS', 'QUIC', 'SMC', 'Seflow Italy', 'Sentry', 'SiteW', 'Sitelinks Search Box', 'Subversion', 'Thank You', 'UTF-8', 'Vector Internet Services', 'Wix', 'Wix Media', 'WordPress Related Posts', 'eLand', 'mlcom']"
geoblood.org,GeoBlood – Free Blood Donor Finder App | iOS & Android,GeoBlood,PAK,87,1200,2026-09-21T07:03:16.208159278Z,"['501c3 Status Nonprofit', 'Alternate Protocol', 'App Store', 'GoFundMe', 'Google Analytics', 'Google My Business', 'Google Play', 'Google Tag Manager', 'Instagram Follow Button', 'Microdata for Google Shopping', 'Nginx', 'QUIC', 'Tailwind CSS', 'UTF-8', 'Verified Profile', 'YouTube', 'reCAPTCHA', 'shadcn ui']"
connectingcanvases.org,"Connecting Canvases, Corp. | Art | 36 Janes Avenue, Medfield, MA, USA",,USA,87,89828,2026-09-21T05:20:58.672610054Z,"['Amazon WAF Blocked', 'Apture Linking Platform', 'Content Delivery Network', 'Express', 'Fastly', 'Fastly CDN', 'GZIP Module', 'GoFundMe', 'Google Forms', 'Google My Business', 'Google Related Website Sites', 'InitiativeS', 'Microdata for Google Shopping', 'NFOrce Internet', 'PWA', 'QUIC', 'SMC', 'Seflow Italy', 'Sentry', 'SiteW', 'UTF-8', 'Vector Internet Services', 'Wix', 'Wix Media', 'eLand', 'mlcom']"
carlowmasjid.ie,Carlow Mosque: Carlow Islamic Cultural Centre,,EGY,77,4899,2026-09-20T22:51:06.429197463Z,"['CDN JS', 'Cloudflare', 'Cloudflare CDN', 'Content Delivery Network', 'Fastly', 'Font Awesome', 'GZIP Module', 'GitHub Hosting', 'GoFundMe', 'Google Analytics', 'Google Tag Manager', 'ID Services', 'Perl', 'StackPath', 'Tailwind CSS', 'UTF-8']"
springfieldskatepark.com,Springfield Township Skateboard Association,,USA,65,18660,2026-09-20T22:46:55.910911663Z,"['GoDaddy', 'GoFundMe', 'Google', 'Google Cloud DNS', 'Google Font API', 'Google My Business', 'PWA', 'UTF-8', 'Vimeo', 'Vimeo CDN', 'Wangsu', 'Website Tonight']"
ccsn.au,Cadia Community Sustainability Network,,,75,76333,2026-09-20T22:19:08.549660544Z,"['Adobe Creative Cloud WebFonts', 'Aruba', 'Express', 'GZIP Module', 'GoFundMe', 'Google Forms', 'Google My Business', 'Instagram Follow Button', 'Line2', 'Magento Enterprise', 'Microdata for Google Shopping', 'QUIC', 'SiteW', 'Squarespace', 'UTF-8', 'WordPress SEO Structured Data Schema Plugin', 'eLand']"
hurah.org,"HURAH! | Human Rights Accompaniment in Haiti, dedicated to serving the most disenfranchised citizens of Haiti as they pursue basic human rights under the law.",,USA,77,35847,2026-09-20T20:52:51.68405251Z,"['3 Products', '501c3 Status Nonprofit', 'AWS WAF Challenge', 'Alternate Protocol', 'Automattic', 'Cisco/Arrowpoint Content Service Switch', 'EmbedPress', 'Fireblade', 'GoFundMe', 'Jetpack', 'Jetpack Site Accelerator', 'Nginx', 'Perl', 'QUIC', 'Subversion', 'Tailwind CSS', 'UTF-8', 'University or College', 'WordPress', 'WordPress Multisite', 'WordPress Stats', 'YouTube']"
freedomskateparkja.org,Freedom Skate Park,,JAM,60,500,2026-09-20T14:07:20.076371621Z,"['Alternate Protocol', 'Apache', 'Elementor', 'ElementsKit Elementor', 'EmbedPress', 'Gambling Content', 'GoFundMe', 'Google My Business', 'Hello Elementor', 'Instagram Follow Button', 'NFOrce Internet', 'PHP', 'Pico CSS', 'QUIC', 'Theme In WP', 'UTF-8', 'WordPress', 'WordPress Multisite', 'YouTube', 'jQuery', 'reCAPTCHA']"
merlinshaven.com,Merlin's Haven Dog Rescue,,,62,106033,2026-09-20T00:07:40.233421031Z,"['123FormBuilder', 'Alternate Protocol', 'Amazon WAF Blocked', 'Apture Linking Platform', 'Content Delivery Network', 'Ecwid Ecommerce Shopping Cart', 'Express', 'Fastly', 'Fastly CDN', 'Fireblade', 'GZIP Module', 'GoFundMe', 'Google Related Website Sites', 'Instagram Follow Button', 'Microdata for Google Shopping', 'NFOrce Internet', 'POWr', 'PWA', 'QUIC', 'SMC', 'Seflow Italy', 'Sentry', 'SiteW', 'UTF-8', 'Vector Internet Services', 'Wix', 'Wix Media', 'mlcom']"
stmarysromanianchurchofboian.ca,St. Mary's Romanian Orthodox Church of Boian – A Parish of the Romanian Orthodox Diocese of Canada,,CAN,82,3767,2026-09-19T23:27:30.955792829Z,"['Alternate Protocol', 'Automattic', 'BatCache', 'CoBlocks', 'EmbedPress', 'Fastly', 'GDPR Consent Management Platform', 'GoFundMe', 'Google Related Website Sites', 'Jetpack', 'Jetpack Site Accelerator', 'Nginx', 'PHP', 'Perl', 'Thank You', 'UTF-8', 'WordPress', 'WordPress Multisite', 'WordPress Stats']"
lyraenatureblog.com,Home - Lyrae Nature Blog,Lyrae's Nature Blog,,67,4765,2026-09-19T22:17:35.386094349Z,"['Alternate Protocol', 'Apache', 'Automattic', 'CDN JS', 'Cloudflare', 'Cloudflare CDN', 'Creative Mail by Constant Contact', 'EmbedPress', 'Express', 'GZIP Module', 'GetResponse', 'GoFundMe', 'Google Analytics', 'Google Cloud DNS', 'Google Cloud Storage', 'Google Font API', 'Google My Business', 'Google Tag Manager', 'Instagram Follow Button', 'Jetpack', 'Jetpack Site Accelerator', 'Microdata for Google Shopping', 'MonsterInsights', 'PHP', 'Theme In WP', 'UTF-8', 'Unsplash', 'WebsiteBuilder', 'Woo Themes', 'WordPress', 'WordPress Multisite', 'WordPress Stats', 'jQuery', 'reCAPTCHA']"
bedayati.org,Bedayati,,LBN,65,26902,2026-09-19T21:30:43.920971427Z,"['Alternate Protocol', 'BLR', 'Contact Form Plugin', 'Content Delivery Network', 'EmbedPress', 'GZIP Module', 'GoFundMe', 'Google Cloud DNS', 'Google Font API', 'Google My Business', 'Instagram Feed for WordPress', 'Investor Relations', 'LiteSpeed', 'PHP', 'Slider Revolution', 'Startit', 'Sucuri Cloudproxy', 'Theme In WP', 'Tumblr', 'Twitter Ads', 'UTF-8', 'WPBakery', 'Wangsu', 'Woo Themes', 'WordPress', 'WordPress Multisite', 'YouTube', 'eLand', 'jQuery', 'reCAPTCHA']"
howeycaresfoundation.org,Howey Cares Foundation,,,70,33963,2026-09-19T21:14:51.665575849Z,"['501c3 Status Nonprofit', 'AWS WAF Challenge', 'Coming Soon Page', 'GitHub Hosting', 'GoDaddy', 'GoFundMe', 'Google', 'Google Cloud DNS', 'Google Font API', 'Google My Business', 'InitiativeS', 'Line2', 'Linktree', 'PWA', 'UTF-8', 'Vimeo', 'Vimeo CDN', 'Wangsu', 'Website Tonight', 'YouTube']"
gachiedev.org,Gachie Development Center | Community Organization | Nairobi,Gachie Development Center,KEN,87,133902,2026-09-19T19:54:15.131528537Z,"['34SP.com', 'AWS WAF Challenge', 'About Cookies', 'Apture Linking Platform', 'Cloudflare', 'Cloudflare CDN', 'Coming Soon Page', 'Commoninja', 'DAV', 'Elfsight', 'Express', 'Financial Services Guide', 'Fireblade', 'Font Awesome', 'GoFundMe', 'Google Analytics', 'Google Cloud DNS', 'Google Font API', 'Google My Business', 'Google Tag Manager', 'InitiativeS', 'Investor Relations', 'M247', 'Material-UI', 'NFOrce Internet', 'Neighborhoods', 'Network Advertising Initiative', 'Oddle', 'Pico CSS', 'QUIC', 'SMC', 'Thank You', 'The Fresh', 'Twitter Ads', 'UTF-8', 'University or College', 'eLand']"
hsor.education,HOME - HSOR Education,,IND,65,5716,2026-09-19T18:31:42.378369381Z,"['Alternate Protocol', 'CDN JS', 'Cloudflare', 'Cloudflare CDN', 'GoFundMe', 'Google', 'Google Cloud DNS', 'Google Font API', 'Google Forms', 'Google My Business', 'Google Related Website Sites', 'Icons8', 'LiteSpeed', 'PHP', 'QUIC', 'StackPath', 'Tailwind CSS', 'UTF-8', 'University or College', 'jsDelivr']"
kahunamemorial.com,Preserving A Legacy | Kahuna The Elk Memorial,Kahuna Elk Memorial,,77,139828,2026-09-19T08:51:30.874873976Z,"['501c3 Status Nonprofit', 'Alternate Protocol', 'Amazon WAF Blocked', 'Apture Linking Platform', 'Content Delivery Network', 'DC74', 'Express', 'Fastly', 'Fastly CDN', 'GZIP Module', 'GoFundMe', 'Google Related Website Sites', 'Instagram Follow Button', 'K2F', 'KVH', 'Microdata for Google Shopping', 'NFOrce Internet', 'PWA', 'Parcel', 'QUIC', 'SMC', 'Seflow Italy', 'Sentry', 'SiteW', 'Subversion', 'Twitter Ads', 'UTF-8', 'University or College', 'Vector Internet Services', 'Wix', 'Wix Media', 'mlcom']"
sciencecommons.org,Impact - Creative Commons,,,65,21816,2026-09-19T07:54:44.249991952Z,"['AWS WAF Challenge', 'Alternate Protocol', 'Classy', 'Cloudflare', 'Content Delivery Network', 'Corporate Governance and Regulatory Compliance', 'EmbedPress', 'Font Awesome', 'FreeCSSTemplates', 'GoFundMe', 'Google Analytics', 'Google My Business', 'Google Tag Manager', 'IcoMoon', 'License Buttons', 'Mastodon', 'Microdata for Google Shopping', 'MonsterInsights', 'PHP', 'Perl', 'TablePress', 'Theme In WP', 'UTF-8', 'WordPress', 'WordPress Multisite']"
muttstrut5k.com,Mutt Strut 5K | Mutt Strut 5k,,,77,6171,2026-09-19T07:34:04.771885986Z,"['501c3 Status Nonprofit', 'Agoda', 'Alternate Protocol', 'Content Delivery Network', 'EmbedPress', 'GeneratePress Company', 'GoFundMe', 'Line2', 'LiteSpeed', 'Microdata for Google Shopping', 'PHP', 'QUIC', 'QUIC.cloud', 'Race Roster', 'Sitelinks Search Box', 'Thryv', 'UTF-8', 'WordPress', 'WordPress Multisite']"
openoversightva.org,OpenOversightVA,,USA,77,2196,2026-09-19T04:03:23.389953912Z,"['GoFundMe', 'IcoMoon', 'NFOrce Internet', 'Nginx', 'Plausible Analytics', 'Pleroma', 'Tailwind CSS', 'UTF-8', 'jQuery', 'jsDelivr']"
thesuzannegrantfoundation.com,The Suzanne Grant Foundation,,,65,6213,2026-09-19T03:04:40.371046949Z,"['501c3 Status Nonprofit', 'Adobe Creative Cloud WebFonts', 'Alternate Protocol', 'Aruba', 'DC74', 'Express', 'GZIP Module', 'GoFundMe', 'InitiativeS', 'Instagram Follow Button', 'Line2', 'Microdata for Google Shopping', 'QUIC', 'Squarespace', 'UTF-8', 'WordPress SEO Structured Data Schema Plugin', 'eLand']"
mattgallagherfoundation.org,Home - Matt Gallagher Foundation,,USA,70,28442,2026-09-19T00:47:38.629090429Z,"['Alternate Protocol', 'BatCache', 'Content Delivery Network', 'Contento', 'Elementor', 'EmbedPress', 'Fastly', 'GoFundMe', 'Google Cloud DNS', 'Google Font API', 'IcoMoon', 'Instagram Follow Button', 'Microdata for Google Shopping', 'Muffin Group', 'Nginx', 'PHP', 'QUIC', 'Slider Revolution', 'Thank You', 'The Events Calendar', 'Theme In WP', 'UTF-8', 'Woo Themes', 'WordPress', 'WordPress Multisite', 'jQuery']"
marlothiview.co.za,Home | Marlothi View,,,67,17628,2026-09-18T23:30:04.738217165Z,"['AWS WAF Challenge', 'Bulma', 'CDN JS', 'Cloudflare', 'Cloudflare CDN', 'Content Delivery Network', 'GoFundMe', 'Netlify', 'StackPath', 'Thank You', 'UTF-8', 'jQuery']"
rehabilityantrim.co.uk,Home | Rehability,,USA,70,147108,2026-09-18T21:29:00.857389057Z,"['AWS WAF Challenge', 'Alternate Protocol', 'Amazon WAF Blocked', 'Apture Linking Platform', 'Content Delivery Network', 'Express', 'Fastly', 'Fastly CDN', 'GZIP Module', 'GoFundMe', 'Google Maps', 'Google My Business', 'K2F', 'KVH', 'NFOrce Internet', 'PWA', 'QUIC', 'SMC', 'Sentry', 'SiteW', 'Subversion', 'Thank You', 'UTF-8', 'Vector Internet Services', 'Wix', 'Wix Media', 'eLand', 'mlcom']"
worldmissionsoutreachcenter.org,Best Mission Trip Organization | World Missions Outreach,,,77,156142,2026-09-18T19:35:19.080226938Z,"['123FormBuilder', '501c3 Status Nonprofit', 'Alternate Protocol', 'Amazon WAF Blocked', 'Apture Linking Platform', 'Cloudflare', 'Commoninja', 'Content Delivery Network', 'DC74', 'Ecwid Ecommerce Shopping Cart', 'Epic Form Builder', 'Express', 'Fastly', 'Fastly CDN', 'Fireblade', 'GZIP Module', 'GoFundMe', 'Google Related Website Sites', 'K2F', 'KVH', 'Microdata for Google Shopping', 'NFOrce Internet', 'POWr', 'PWA', 'PayPal Adaptive Payments', 'Perl', 'QUIC', 'SMC', 'Seflow Italy', 'Sentry', 'SiteW', 'Subversion', 'Thank You', 'UTF-8', 'University or College', 'Vector Internet Services', 'Wix', 'Wix Media', 'WordPress Related Posts', 'eLand', 'mlcom']"
wxpiradio.org,WXPI Community Radio | Independent Radio for Open Minds,,,60,747,2026-09-18T08:13:57.890067769Z,"['Alternate Protocol', 'Apache', 'Content Delivery Network', 'EmbedPress', 'Fastly', 'GZIP Module', 'GoFundMe', 'Google Cloud DNS', 'Google Font API', 'InitiativeS', 'Nginx', 'PHP', 'Parallels Plesk Panel', 'PayPal Adaptive Payments', 'PayPal Button', 'PayPal Form', 'Theme In WP', 'UTF-8', 'WordPress', 'WordPress Multisite', 'jQuery']"
bluewatermaui.com,"Blue Water Maui - Group and Private Snorkel, SCUBA, Whale Watch and Fising Tours and Charters",,,67,49571,2026-09-18T07:20:01.099273113Z,"['AWS WAF Challenge', 'Alternate Protocol', 'Amazon CloudFront', 'Aruba', 'Baidu Cloud', 'CDN JS', 'CloudFront', 'Cloudflare', 'Cloudflare CDN', 'Coming Soon Page', 'EmbedSocial', 'Facebook Conversion Tracking', 'Facebook Login', 'Facebook Messenger Platform', 'Facebook Pixel', 'Facebook Reseller', 'Facebook Tag API', 'FareHarbor', 'GZIP Module', 'GoFundMe', 'Google Analytics', 'Google Conversion Tracking', 'Google Maps', 'Google My Business', 'Google Related Website Sites', 'Google Tag Manager', 'Harbor', 'Onyx Internet', 'OpenResty', 'Perl', 'Twitter Ads', 'UTF-8', 'Unsplash', 'Vimeo', 'Vimeo CDN', 'eLand', 'jQuery', 'mlcom']"
scottishactivistlegalproject.co.uk,Scottish Community & Activist Legal Project – Supporting communities and activists with infomation about police and the law.,,GBR,65,16787,2026-09-18T06:25:55.460304176Z,"['AWS WAF Challenge', 'Alternate Protocol', 'Content Delivery Network', 'Custom Twitter Feeds', 'EmbedPress', 'GoFundMe', 'Google Cloud DNS', 'Google Font API', 'Hiero', 'Instagram Feed for WordPress', 'Instagram Follow Button', 'LiteSpeed', 'NFOrce Internet', 'PHP', 'QUIC', 'Theme In WP', 'UTF-8', 'WordPress', 'WordPress Multisite', 'jQuery']"
theatrenovimost.org,Theatre Novi Most,,USA,82,105973,2026-09-18T05:38:34.312250538Z,"['Aruba', 'Contento', 'Express', 'GZIP Module', 'GoFundMe', 'Instagram Follow Button', 'Line2', 'Magento Enterprise', 'Microdata for Google Shopping', 'QUIC', 'SiteW', 'Squarespace', 'UTF-8', 'Vector Internet Services', 'WordPress SEO Structured Data Schema Plugin', 'eLand']"
queerflix.net,Free LGBTQ+ Films & Series | queerflix.net,QueerFlix,USA,77,150448,2026-09-18T04:29:37.148055375Z,"['Alternate Protocol', 'Amazon WAF Blocked', 'Amazon Widgets', 'Apture Linking Platform', 'BLR', 'Cloudflare', 'Content Delivery Network', 'DAV', 'DC74', 'Express', 'Fastly', 'Fastly CDN', 'GZIP Module', 'GoFundMe', 'Google Related Website Sites', 'Instagram Follow Button', 'K2F', 'Microdata for Google Shopping', 'NFOrce Internet', 'Ntent', 'On The Map', 'PWA', 'PayPal Adaptive Payments', 'Perl', 'QUIC', 'SMC', 'Seflow Italy', 'Sentry', 'SiteW', 'Sitelinks Search Box', 'Subversion', 'Tumblr', 'Twitter Ads', 'UTF-8', 'UpContent', 'Vector Internet Services', 'Wix', 'Wix Media', 'Yandex Hosting', 'YouTube', 'eLand', 'mlcom']"
gbgmc.org,GBGMC - Global Black Gay Men Connect,,CIV,75,34979,2026-09-18T02:58:14.954625506Z,"['AWS WAF Challenge', 'Adobe Creative Cloud WebFonts', 'Alternate Protocol', 'Amazon WAF Blocked', 'ClickOn', 'Content Delivery Network', 'Divi', 'Elegant Themes', 'EmbedPress', 'Fireblade', 'Font Awesome', 'Fonts Plugin', 'Fundraise Up', 'GoFundMe', 'Google Analytics', 'Google Cloud DNS', 'Google Font API', 'Google Tag Manager', 'InitiativeS', 'Instagram Follow Button', 'Matomo', 'Matomo Tag Manager', 'Microdata for Google Shopping', 'Modern Events Calendar Lite', 'NFOrce Internet', 'Nginx', 'PHP', 'Tailwind CSS', 'Theme In WP', 'Twitter Ads', 'UTF-8', 'WP Job Manager', 'Woo Themes', 'WordPress', 'WordPress Download Manager', 'WordPress Multisite', 'YouTube', 'eLand', 'jQuery']"
msacircusarts.org,"Professional Circus Training | MSA & Circus Arts | Chicago, IL",MSA &amp; Circus Arts,USA,87,125237,2026-09-18T01:03:51.611165314Z,"['501c3 Status Nonprofit', 'AWS WAF Challenge', 'Alternate Protocol', 'Amazon WAF Blocked', 'Apture Linking Platform', 'Content Delivery Network', 'DAV', 'DC74', 'Express', 'Fastly', 'Fastly CDN', 'Fireblade', 'FormSubmit', 'GZIP Module', 'GoFundMe', 'Google Analytics', 'Google Calendar', 'Google Conversion Tracking', 'Google My Business', 'Google Related Website Sites', 'Google Tag Manager', 'Gravity', 'Microdata for Google Shopping', 'NFOrce Internet', 'PWA', 'Perl', 'QUIC', 'SMC', 'Seflow Italy', 'Sentry', 'SiteW', 'Thank You', 'UTF-8', 'Vector Internet Services', 'WP Booking Calendar', 'Wix', 'Wix Media', 'WordPress Related Posts', 'eLand', 'mlcom']"
thegoodtreeghana.org,Home | The Good Tree,,,60,44456,2026-09-17T23:46:37.111059719Z,"['Alternate Protocol', 'Amazon WAF Blocked', 'Apture Linking Platform', 'Cloudflare', 'Content Delivery Network', 'Contento', 'Express', 'Fastly', 'Fastly CDN', 'Fireblade', 'FormSubmit', 'GZIP Module', 'GoFundMe', 'Instagram Follow Button', 'Microdata for Google Shopping', 'NFOrce Internet', 'Ntent', 'PWA', 'Perl', 'Pico CSS', 'QUIC', 'SMC', 'Seflow Italy', 'Sentry', 'SiteW', 'UTF-8', 'Vector Internet Services', 'Wix', 'Wix Media', 'WordPress Related Posts', 'YouTube', 'eLand', 'mlcom']"
letsbronzegeorge.com,Home - letsbronzegeorge,,GBR,75,1488,2026-09-17T22:36:16.422689406Z,"['Alternate Protocol', 'Content Delivery Network', 'Elementor', 'EmbedPress', 'Ethy', 'GZIP Module', 'GoFundMe', 'Google Cloud DNS', 'Google Font API', 'Hello Elementor', 'Instagram Follow Button', 'Microdata for Google Shopping', 'Nginx', 'PHP', 'Theme In WP', 'UTF-8', 'WordPress', 'WordPress Multisite', 'YouTube', 'jQuery']"
paulajcaplan.net,"Paula Joan Caplan (July 7, 1947 - July 21, 2021) - Home",,GBR,72,19860,2026-09-17T17:49:56.092638198Z,"['501c3 Status Nonprofit', 'AWS WAF Challenge', 'Adobe Creative Cloud WebFonts', 'Amazon Associates Affiliate Shop', 'Amazon Widgets', 'Apache', 'Apture Linking Platform', 'Band Camp', 'Camp', 'Constant Contact', 'DAV', 'Express', 'GoFundMe', 'Google Analytics', 'Google Cloud DNS', 'Google Font API', 'Google My Business', 'Google Play', 'Google Related Website Sites', 'Interchange', 'OpenSSL', 'PHP', 'QUIC', 'Red Hat Enterprise Linux', 'UTF-8', 'YouTube', 'reCAPTCHA']"
timstjohnfoundation.org,Tim St. John Memorial Foundation,,,77,39181,2026-09-17T15:44:45.777976977Z,"['501c3 Status Nonprofit', 'AWS WAF Challenge', 'Alternate Protocol', 'Classy', 'Cloudflare', 'Cloudflare CDN', 'Cloudflare Turnstile', 'Content Delivery Network', 'EmbedPress', 'Fireblade', 'GoDaddy', 'GoFundMe', 'Google Analytics', 'Google Cloud DNS', 'Google Font API', 'Google My Business', 'Google Tag Manager', 'Gutenberg', 'IcoMoon', 'Microdata for Google Shopping', 'Neve', 'OptiMole', 'Otter Blocks', 'PHP', 'Sitelinks Search Box', 'Theme In WP', 'UTF-8', 'University or College', 'WordPress', 'WordPress Multisite', 'reCAPTCHA']"
igpssworld.org,www.IGPSSWORLD.ORG,,USA,65,45712,2026-09-17T15:35:42.960579393Z,"['Amazon', 'Contento', 'GoDaddy', 'GoFundMe', 'Google', 'Google Cloud DNS', 'Google Font API', 'Google My Business', 'Line2', 'PWA', 'PayPal Adaptive Payments', 'PayPal Button', 'PayPal Form', 'Share Link', 'UTF-8', 'Wangsu', 'Website Tonight', 'YouTube']"
kevindorival.com,King Kevin Dorival Author of 7 Types of Queens | Courage To Believe | Winner In The Mirror – Never Give Up On Your Dreams. Connect with King Kevin Dorival: @Courage2Believe,,,55,263,2026-09-17T10:19:56.65528062Z,"['501c3 Status Nonprofit', 'AWS WAF Challenge', 'Alternate Protocol', 'AutoComplete', 'Coming Soon Page', 'Contact Form Plugin', 'Easy Pie Chart', 'EmbedPress', 'GoFundMe', 'Google Cloud DNS', 'Google Font API', 'Instagram Follow Button', 'LiteSpeed', 'PHP', 'Slider Revolution', 'Theme In WP', 'Twitter Ads', 'UTF-8', 'University or College', 'WPBakery', 'Woo Themes', 'WooCommerce', 'WooCommerce Checkout', 'WordPress', 'WordPress Multisite', 'YouTube', 'bbPress', 'jQuery']"
grounderssource.com,"The 100 News, Updates, and Fan Community | The Grounders Latest | Grounders Source",Grounders Source,USA,82,31803,2026-09-17T08:53:55.431820444Z,"['AWS WAF Challenge', 'Alternate Protocol', 'BigScoots', 'Cloudflare', 'Cloudflare CDN', 'Cloudflare Web Analytics', 'Content Delivery Network', 'Cookie Accept', 'Elementor', 'EmbedPress', 'Express', 'Facebook Conversion Tracking', 'Facebook Login', 'Facebook Messenger Platform', 'Facebook Pixel', 'Facebook Reseller', 'Facebook Tag API', 'Fastly', 'GoFundMe', 'Google', 'Google Analytics', 'Google Cloud CDN', 'Google Cloud DNS', 'Google Font API', 'Google My Business', 'Google Tag Manager', 'IcoMoon', 'Inspiro Theme', 'Instagram Feed for WordPress', 'Instagram Follow Button', 'Kitco', 'Mediavine Publisher', 'Microdata for Google Shopping', 'PHP', 'QUIC', 'UTF-8', 'Vector Internet Services', 'Vine Embed', 'Woo Themes', 'WordPress', 'YouTube']"
stuarts.page,stuart chater,,AUS,62,50019,2026-09-17T07:43:22.71629788Z,"['Apache', 'Carrd', 'GZIP Module', 'GoFundMe', 'Google Analytics', 'Google Tag Manager', 'Instagram Follow Button', 'SMC', 'Twitter Ads']"
blueyellowfoundation.org,Blue & Yellow Foundation - Supporting Ukraine Relief and Donations,,,62,51240,2026-09-17T06:57:25.952629882Z,"['501c3 Status Nonprofit', 'Amazon CloudFront', 'Carpathia Hosting', 'CloudFront', 'Content Delivery Network', 'Eventbrite', 'Facebook CDN', 'GoFundMe', 'Instagram Follow Button', 'Investor Relations', 'K2F', 'Next.js', 'Pleroma', 'QUIC', 'Tailwind CSS', 'Thank You', 'UTF-8', 'Vercel', 'YouTube', 'shadcn ui']"
healinginvictory.org,Healing In Victory - Home,,CHN,92,24888,2026-09-17T04:52:05.461310973Z,"['AWS WAF Challenge', 'Alternate Protocol', 'Cisco/Arrowpoint Content Service Switch', 'Cloudflare', 'Cloudflare CDN', 'Content Delivery Network', 'Elementor', 'EmbedPress', 'FooBox', 'GoFundMe', 'Google', 'Google Analytics', 'Google Cloud DNS', 'Google Font API', 'Google My Business', 'Google Tag Manager', 'Hello Elementor', 'LiteSpeed', 'MailPoet', 'Microdata for Google Shopping', 'NFOrce Internet', 'PHP', 'PayPal Adaptive Payments', 'Photo Gallery by FooGallery', 'Share Link', 'Sitelinks Search Box', 'Thank You', 'Theme In WP', 'UTF-8', 'WPForms', 'WordPress', 'WordPress Multisite', 'jQuery']"
cottontailspreschool.com,Home | Girton Cottontails Preschool - preschool care and education,Cottontails Pre School,CAN,77,87828,2026-09-17T03:37:11.387624051Z,"['Amazon WAF Blocked', 'Apture Linking Platform', 'Content Delivery Network', 'Fastly', 'Fastly CDN', 'GZIP Module', 'GoFundMe', 'Google Related Website Sites', 'Microdata for Google Shopping', 'NFOrce Internet', 'PWA', 'QUIC', 'SMC', 'Sentry', 'SiteW', 'UTF-8', 'Vector Internet Services', 'Wix', 'Wix Media', 'mlcom']"
wolfpack-security.com,Leading Security Companies in Michigan - Wolfpack Security Services,Wolfpack Security Services,USA,82,86480,2026-09-17T02:59:28.212980693Z,"['Alternate Protocol', 'AudioEye', 'Facebook Conversion Tracking', 'Facebook Login', 'Facebook Messenger Platform', 'Facebook Pixel', 'Facebook Reseller', 'Facebook Tag API', 'Fireblade', 'GoDaddy', 'GoFundMe', 'Google', 'Google Adsense', 'Google Analytics', 'Google Cloud DNS', 'Google Customer Reviews', 'Google Font API', 'Google Funding Choices', 'Google Matched Content', 'Google My Business', 'Google Related Website Sites', 'Google Reseller', 'Google Tag Manager', 'Instagram Follow Button', 'Line2', 'Microdata for Google Shopping', 'PWA', 'SMC', 'Shopify', 'UTF-8', 'Wangsu', 'Website Tonight', 'Yelp Badge', 'YouTube']"
kymfest.com,Home - KYMfest by For You Network inc - the KindYourMind festival!,Kymfest,,65,35413,2026-09-17T02:23:13.545916742Z,"['AWS WAF Challenge', 'Alternate Protocol', 'Apache', 'Cloudflare', 'Cloudflare CDN', 'EmbedPress', 'Fireblade', 'GZIP Module', 'GoFundMe', 'Google', 'Google Cloud DNS', 'Google Font API', 'Google My Business', 'Instagram Follow Button', 'Microdata for Google Shopping', 'Oracle Cloud', 'PHP', 'SiteOrigin', 'SiteOrigin Panels', 'Theme In WP', 'UTF-8', 'Vantage', 'WPForms', 'WordPress', 'WordPress Multisite', 'jQuery']"
kneehigh.co.uk,Kneehigh,,GBR,77,268,2026-09-16T23:53:32.607933729Z,"['Content Delivery Network', 'GoFundMe', 'Google Analytics', 'Google Cloud DNS', 'Google Font API', 'Google Tag Manager', 'Hugo', 'Netlify', 'Tailwind CSS', 'UTF-8', 'University or College', 'jsDelivr']"
notaragoincinerator.com,Communities against the Tarago Incinerator | No toxic waste Incinerator in Goulburn Malwaree,,AUS,77,109828,2026-09-16T23:33:57.675403003Z,"['Alternate Protocol', 'Amazon WAF Blocked', 'Apture Linking Platform', 'Content Delivery Network', 'DC74', 'Express', 'Fastly', 'Fastly CDN', 'Fireblade', 'GZIP Module', 'GoFundMe', 'Google Related Website Sites', 'Microdata for Google Shopping', 'NFOrce Internet', 'PWA', 'QUIC', 'SMC', 'Seflow Italy', 'Sentry', 'SiteW', 'UTF-8', 'Vector Internet Services', 'Wix', 'Wix Media', 'eLand', 'mlcom']"
recoveryfarmhouse.net,RecoveryFarmhouse.net – 12 Steps & Solutions To Addiction,,GBR,65,71783,2026-09-16T20:57:23.428790628Z,"['AWS WAF Challenge', 'Adult Content', 'Alternate Protocol', 'Amazon', 'Amazon Associates', 'Amazon Associates Affiliate Shop', 'Amazon CloudFront', 'Amazon WAF Blocked', 'Amazon Widgets', 'Apache', 'Apture Linking Platform', 'Automattic', 'CloudFront', 'Cornerstone', 'EmbedPress', 'Express', 'Facebook Embedded Posts', 'Fastly CDN', 'Fireblade', 'GZIP Module', 'GoFundMe', 'Google Analytics', 'Google My Business', 'Google Recommendations AI', 'Google Tag Manager', 'InitiativeS', 'Investor Relations', 'NFOrce Internet', 'Negate', 'PHP', 'Perl', 'PositiveSSL Badge', 'Prospective', 'QUIC', 'Say what', 'Share Link', 'Thank You', 'Theme In WP', 'TrustLogo', 'Twenty Seventeen', 'UTF-8', 'Umbler', 'University or College', 'WordPress', 'WordPress Multisite', 'YouTube', 'eLand', 'itch.io', 'jQuery']"
zeitgeistfilmfest.org,Zeitgeist Film Festival,Zeitgeist Film Fest,USA,82,4347,2026-09-16T19:13:57.161172706Z,"['501c3 Status Nonprofit', 'Adobe Creative Cloud WebFonts', 'Alternate Protocol', 'CheryFramework', 'Contact Form Plugin', 'Elementor', 'EmbedPress', 'Font Awesome', 'Fontello', 'GoFundMe', 'Google', 'Google Analytics', 'Google Cloud DNS', 'Google Font API', 'Google My Business', 'Google Tag Manager', 'Instagram Follow Button', 'Microdata for Google Shopping', 'PHP', 'QUIC', 'Sitelinks Search Box', 'Tailwind CSS', 'Theme In WP', 'Twitter Ads', 'UTF-8', 'WP Fastest Cache', 'WordPress', 'WordPress Multisite', 'YouTube', 'reCAPTCHA']"
pencilfd.org,"Supporting Nashville TN Public Schools, Student and Teachers - PENCIL",PENCIL,,67,9170,2026-09-16T18:26:37.191499715Z,"['501c3 Status Nonprofit', 'Alternate Protocol', 'Angular', 'Astra Theme', 'Classy', 'Contact Form Plugin', 'Content Delivery Network', 'Elementor', 'EmbedPress', 'GZIP Module', 'GoFundMe', 'Google Analytics', 'Google Cloud DNS', 'Google Font API', 'Google Tag Manager', 'Instagram Follow Button', 'Microdata for Google Shopping', 'NFOrce Internet', 'Nginx', 'PHP', 'QUIC', 'Theme In WP', 'UTF-8', 'UberMenu', 'WP Engine', 'Woo Themes', 'WooCommerce', 'WooCommerce Checkout', 'WordPress', 'WordPress Multisite', 'WordPress Related Posts', 'YouTube', 'jQuery']"
wrexhamminersproject.co.uk,Wrexham Miners Project,,,60,785,2026-09-16T14:53:34.070609848Z,"['Agoda', 'Alternate Protocol', 'Content Delivery Network', 'CookieYes', 'DAV', 'Elementor', 'ElementsKit Elementor', 'EmbedPress', 'GoFundMe', 'Google Analytics', 'Google My Business', 'Google Tag Manager', 'Gtranslate for Wordpress', 'Instagram Follow Button', 'Line2', 'LiteSpeed', 'NFOrce Internet', 'QUIC', 'QUIC.cloud', 'Table Addons for Elementor', 'The Events Calendar', 'Twitter Ads', 'UTF-8', 'University or College', 'WordPress', 'WordPress Multisite', 'YouTube', 'reCAPTCHA']"
empowerchicago.org,Empower International,,USA,75,81072,2026-09-16T09:51:16.14192891Z,"['Aruba', 'Express', 'GZIP Module', 'GoFundMe', 'Google Analytics', 'Google Tag Manager', 'InitiativeS', 'Instagram Follow Button', 'Line2', 'Magento Enterprise', 'Microdata for Google Shopping', 'Newsletter for Wordpress', 'Pico CSS', 'QUIC', 'Share Link', 'SiteW', 'Squarespace', 'UTF-8', 'Vector Internet Services', 'WordPress SEO Structured Data Schema Plugin', 'YouTube', 'eLand']"
lightcapfarm.com,Lightcap Farm | and Publishing Company,,,60,2141,2026-09-16T09:22:01.158261241Z,"['Alternate Protocol', 'Apache', 'Divi', 'Elegant Themes', 'EmbedPress', 'GZIP Module', 'GoFundMe', 'Google', 'Google Cloud CDN', 'Google Cloud DNS', 'Google Font API', 'PHP', 'RM Education', 'Theme In WP', 'UTF-8', 'Woo Themes', 'WordPress', 'WordPress Multisite', 'jQuery']"
landmarkdeal.org,"Landmark Centre | Community Centre | 129 High Street, Deal, UK",,CAN,77,134108,2026-09-16T07:21:18.576304275Z,"['Amazon WAF Blocked', 'Apture Linking Platform', 'Content Delivery Network', 'Express', 'Fastly', 'Fastly CDN', 'GZIP Module', 'GoFundMe', 'Instagram Follow Button', 'K2F', 'KVH', 'Microdata for Google Shopping', 'NFOrce Internet', 'PWA', 'QUIC', 'SMC', 'Seflow Italy', 'Sentry', 'SiteW', 'Subversion', 'UTF-8', 'Vector Internet Services', 'Wix', 'Wix Media', 'mlcom']"
joy-of-learning.de,Joy of Learning e.V.,,DEU,67,19110,2026-09-16T05:46:52.360023846Z,"['Beepworld', 'Bulma', 'Cybot', 'Fireblade', 'GoFundMe', 'Google Analytics', 'Google Conversion Tracking', 'Google My Business', 'Google Tag Manager', 'Instagram Follow Button', 'Microsoft Azure', 'Microsoft IIS', 'Tailwind CSS', 'TeamViewer', 'Twitter Ads', 'UTF-8', 'YouTube', 'Zoom Video Conferencing']"
branchoutacres.org,Branch Out Acres,Branch Out Acres,,62,18312,2026-09-15T21:07:07.594525625Z,"['Apache', 'Express', 'GitHub Hosting', 'GoDaddy', 'GoFundMe', 'Google', 'Google Cloud DNS', 'Google Font API', 'Google My Business', 'Line2', 'Microdata for Google Shopping', 'PWA', 'UTF-8', 'Wangsu', 'Website Tonight']"
friendsoftheparks.co.uk,The Friends of Biggin Hill Parks & Gardens | Volunteer group improving the parks and green spaces around Biggin Hill.,,GBR,65,346,2026-09-15T13:30:03.998535837Z,"['Alternate Protocol', 'Content Delivery Network', 'Divi', 'Elegant Themes', 'EmbedPress', 'GoFundMe', 'Google Cloud DNS', 'Google Font API', 'Nginx', 'PHP', 'Theme In WP', 'UTF-8', 'Woo Themes', 'WordPress', 'WordPress Multisite', 'jQuery']"
mutualnj.com,Mutual NJ – Neighbors helping neighbors,,,50,260,2026-09-15T10:04:28.035635934Z,"['AWS WAF Challenge', 'Alternate Protocol', 'Apache', 'Cloudflare', 'Cloudflare CDN', 'EmbedPress', 'GZIP Module', 'GoFundMe', 'Google', 'Google My Business', 'Jetpack', 'Lazy Load for WordPress', 'PHP', 'Theme In WP', 'Twenty Seventeen', 'UTF-8', 'WordPress', 'WordPress Multisite', 'WordPress Stats', 'jQuery']"
syotosfoundation.com,Syotos Foundation: Empowering Resilience for Veterans,,,77,33840,2026-09-15T09:18:49.957664319Z,"['AWS WAF Challenge', 'GitHub Hosting', 'GoDaddy', 'GoFundMe', 'Google', 'Google Analytics', 'Google Cloud DNS', 'Google Font API', 'Google My Business', 'Google Related Website Sites', 'Google Tag Manager', 'InitiativeS', 'Instagram Follow Button', 'PWA', 'UTF-8', 'Wangsu', 'Website Tonight', 'YouTube']"
defendersofgreaterivins.com,DOGI | Defenders of Greater Ivins,Defenders of Greater Ivins,GBR,77,89828,2026-09-15T08:44:15.901907936Z,"['Alternate Protocol', 'Amazon WAF Blocked', 'Apture Linking Platform', 'Cloudflare', 'Content Delivery Network', 'Express', 'Fastly', 'Fastly CDN', 'GZIP Module', 'GoFundMe', 'Google Related Website Sites', 'Microdata for Google Shopping', 'NFOrce Internet', 'PWA', 'Perl', 'QUIC', 'SMC', 'Seflow Italy', 'Sentry', 'SiteW', 'UTF-8', 'Vector Internet Services', 'Wix', 'Wix Media', 'WordPress Related Posts', 'YouTube', 'mlcom']"
theamericanborderstory.com,Home - The American Border Story,The American Border Story,PHL,85,4566,2026-09-15T02:04:11.22608103Z,"['Alternate Protocol', 'BatCache', 'Content Delivery Network', 'Divi', 'Elegant Themes', 'Elfsight', 'EmbedPress', 'Fastly', 'GoFundMe', 'Google Analytics', 'Google Tag Manager', 'Instagram Follow Button', 'Microdata for Google Shopping', 'NFOrce Internet', 'Nginx', 'PHP', 'Theme In WP', 'UTF-8', 'Woo Themes', 'WordPress', 'WordPress Multisite', 'YouTube', 'eLand', 'jQuery']"
santasflyingsleigh.org,Santas Flying Sleigh |,,,70,19464,2026-09-14T20:33:47.704085273Z,"['AWS WAF Challenge', 'Adult Content', 'Alternate Protocol', 'Apture Linking Platform', 'CDN JS', 'Cloudflare', 'Cloudflare CDN', 'Content Delivery Network', 'Divi', 'Elegant Themes', 'EmbedPress', 'GZIP Module', 'GoFundMe', 'Google', 'Google Cloud DNS', 'Google Font API', 'Google My Business', 'Nginx', 'PHP', 'UTF-8', 'WP Rocket', 'WPForms', 'Woo Themes', 'WordPress', 'WordPress Multisite', 'reCAPTCHA']"
pennandtylersgreen.com,The Penn and Tylers Green Blog – The Penn and Tylers Green Blog,,CAN,80,28000,2026-09-14T17:42:22.543404504Z,"['Alternate Protocol', 'Angular', 'DAV', 'Express', 'Fireblade', 'GZIP Module', 'GoFundMe', 'Investor Relations', 'Nginx', 'PHP', 'Phew', 'QUIC', 'StatCounter', 'Theme In WP', 'Twenty Twenty', 'UTF-8', 'University or College', 'WordPress', 'WordPress Multisite']"
studiobeirut.net,Studio Beirut,,LBN,72,647,2026-09-14T15:31:05.81078862Z,"['Alternate Protocol', 'Automattic', 'CoBlocks', 'Content Delivery Network', 'EmbedPress', 'Express', 'GoFundMe', 'InitiativeS', 'Investor Relations', 'Jetpack', 'Jetpack Site Accelerator', 'Nginx', 'Perl', 'Tailwind CSS', 'UTF-8', 'WordPress', 'WordPress Multisite', 'WordPress Stats']"
shuva.com.np,SHUVAYATRA – Around the world planting trees on a electric bicycle.,,NPL,70,557,2026-09-14T12:48:26.8026882Z,"['Alternate Protocol', 'Contact Form Plugin', 'EmbedPress', 'Gambling Content', 'GoFundMe', 'Google Cloud DNS', 'Google Font API', 'IcoMoon', 'LiteSpeed', 'PHP', 'QUIC', 'Tailwind CSS', 'Theme In WP', 'UTF-8', 'WordPress', 'WordPress Multisite', 'YouTube', 'jQuery']"
ocbreastwellness.com,OC Breast Wellness - Breast Exams and Screenings,,GBR,82,36617,2026-09-14T11:38:28.919547462Z,"['AWS WAF Challenge', 'Alternate Protocol', 'Astra Theme', 'Broadly', 'CleanTalk Spam Protect', 'Cloudflare', 'Content Delivery Network', 'Elementor', 'EmbedPress', 'Facebook Conversion Tracking', 'Facebook Login', 'Facebook Messenger Platform', 'Facebook Pixel', 'Facebook Reseller', 'Facebook Tag API', 'GoFundMe', 'Google', 'Google Analytics', 'Google Cloud DNS', 'Google Font API', 'Google Tag Manager', 'Gravity', 'Gravity Forms', 'HappyAddons', 'Mangomint', 'NFOrce Internet', 'PHP', 'QUIC', 'SearchWP', 'Table Addons for Elementor', 'Theme In WP', 'To Top', 'UTF-8', 'Vector Internet Services', 'WP Engine', 'Woo Themes', 'WordPress', 'WordPress Multisite', 'WordPress Related Posts', 'YouTube', 'hCaptcha', 'hCaptcha for WordPress', 'jQuery', 'reCAPTCHA']"
nabjmn.org,NABJ-Minnesota,NABJ-Minnesota,USA,70,26912,2026-09-14T09:21:57.103211742Z,"['Alternate Protocol', 'Eventbrite', 'GitHub Hosting', 'GoDaddy', 'GoFundMe', 'Google', 'Google Cloud DNS', 'Google Font API', 'Google My Business', 'InitiativeS', 'Instagram Follow Button', 'Line2', 'Microdata for Google Shopping', 'PWA', 'RM Education', 'UTF-8', 'University or College', 'Wangsu', 'Website Tonight', 'YouTube']"
mountain-pathways.org,Mountain Pathways School,Mountain Pathways Montessori School,,82,120117,2026-09-14T06:59:36.186975178Z,"['Adobe Creative Cloud WebFonts', 'Aruba', 'Contento', 'Express', 'FormSubmit', 'GZIP Module', 'GoFundMe', 'Google Analytics', 'Google My Business', 'Google Tag Manager', 'Google Workspace', 'HubSpot Conversations', 'Hubspot', 'Instagram Follow Button', 'Line2', 'Magento Enterprise', 'Microdata for Google Shopping', 'Oddle', 'Prospective', 'QUIC', 'SiteW', 'Squarespace', 'UTF-8', 'University or College', 'WordPress SEO Structured Data Schema Plugin', 'eLand']"
freejonadrianvelazquez.org,Home - Free Jon-Adrian Velazquez,,USA,70,748,2026-09-14T06:18:45.35813569Z,"['Amazon Widgets', 'Apache', 'CDN JS', 'Cloudflare', 'Cloudflare CDN', 'FreeCSSTemplates', 'GoFundMe', 'Google Analytics', 'Google Cloud DNS', 'Google Code Prettify', 'Google Font API', 'Google Tag Manager', 'IcoMoon', 'Instagram Follow Button', 'QUIC', 'Twitter Ads', 'UTF-8', 'Vimeo', 'YouTube', 'jQuery']"
thedanceconservatory.info,TheDanceConservatory Cortlandt | Premier Dance Studio in NY,The Dance Conservatory,,82,153303,2026-09-14T03:54:07.769598928Z,"['Alternate Protocol', 'Amazon WAF Blocked', 'Apture Linking Platform', 'Content Delivery Network', 'DAV', 'Express', 'Fastly', 'Fastly CDN', 'GZIP Module', 'GoFundMe', 'Google Related Website Sites', 'HMDG', 'Instagram Follow Button', 'K2F', 'Microdata for Google Shopping', 'NFOrce Internet', 'On The Map', 'POWr', 'PWA', 'Perl', 'QUIC', 'SMC', 'Seflow Italy', 'Sentry', 'SiteW', 'Sitelinks Search Box', 'Square', 'Subversion', 'Thank You', 'Twitter Ads', 'UTF-8', 'Vector Internet Services', 'WP Booking Calendar', 'Wix', 'Wix Media', 'Yelp Badge', 'eLand', 'mlcom']"
wangamiro.bio,wa Ngamiro bio,,,47,15364,2026-09-13T22:28:42.463184941Z,"['Alternate Protocol', 'Apture Linking Platform', 'Beacons', 'Big Cartel', 'Canva Websites', 'GZIP Module', 'Givebutter', 'GoFundMe', 'Google Cloud', 'Google My Business', 'Google Related Website Sites', 'Instagram Follow Button', 'Mastodon', 'Microdata for Google Shopping', 'Nationwide Mortgage Licensing System and Registry', 'Next.js', 'PWA', 'SMC', 'Subversion', 'UTF-8', 'Unsplash', 'YouTube']"
gamersoutreach.org,Gamers Outreach | Helping others level up.,,USA,77,65422,2026-09-13T21:27:00.756246372Z,"['1Password', '501c3 Status Nonprofit', 'Alternate Protocol', 'Classy', 'Discord', 'Financial Services Guide', 'Framer Sites', 'GoFundMe', 'Google', 'Google Analytics', 'Google Cloud CDN', 'Google Tag Manager', 'Instagram Follow Button', 'No-Q', 'Ntent', 'SMC', 'Twitter Ads', 'Yandex Hosting', 'Zeald']"
rarebirdfoundation.org,Rare Bird,,,65,81333,2026-09-13T19:38:15.231379343Z,"['Adobe Creative Cloud WebFonts', 'Aruba', 'Express', 'GZIP Module', 'GoFundMe', 'Instagram Follow Button', 'Line2', 'Magento Enterprise', 'Microdata for Google Shopping', 'QUIC', 'SiteW', 'Squarespace', 'UTF-8', 'Vector Internet Services', 'WordPress SEO Structured Data Schema Plugin', 'YouTube', 'Zeffy', 'eLand']"
wchs.page,Williamsburg Charter High School,,,52,5160,2026-09-13T17:57:48.330948835Z,"['Alternate Protocol', 'Beacons', 'Calendly', 'GZIP Module', 'Giphy', 'GoFundMe', 'Google Cloud', 'Google Forms', 'Google My Business', 'Instagram Follow Button', 'KVH', 'Microdata for Google Shopping', 'Next.js', 'PWA', 'QUIC', 'Subversion', 'Twitter Ads', 'UTF-8', 'University or College', 'Unix', 'YouTube']"
loxahatcheebattlefield.com,Loxahatchee Battlefield Preservationists,Loxahatchee Battlefield Preservationists,,65,18312,2026-09-13T16:22:19.534444476Z,"['501c3 Status Nonprofit', 'GitHub Hosting', 'GoDaddy', 'GoFundMe', 'Google', 'Google Analytics', 'Google Cloud DNS', 'Google Font API', 'Google Tag Manager', 'Instagram Follow Button', 'Line2', 'Microdata for Google Shopping', 'PWA', 'PayPal Adaptive Payments', 'PayPal Button', 'PayPal Form', 'QUIC', 'UTF-8', 'Wangsu', 'Website Tonight', 'YouTube']"
beyonduganda.org,"Beyond Uganda | Educate, Empower, and Restore",,,70,25642,2026-09-13T16:01:14.062881715Z,"['501c3 Status Nonprofit', 'AWS WAF Challenge', 'Alternate Protocol', 'Classy', 'Cloudflare', 'Content Delivery Network', 'Divi', 'Elegant Themes', 'EmbedPress', 'Etsy', 'Fonts Plugin', 'GiveWP', 'GoFundMe', 'Google', 'Google Cloud DNS', 'Google Font API', 'Google My Business', 'Instagram Follow Button', 'Jetpack', 'PHP', 'Square', 'Stripe', 'The Events Calendar', 'Theme In WP', 'UTF-8', 'WP Engine', 'Woo Themes', 'WordPress', 'WordPress Multisite', 'WordPress Stats', 'eLand', 'jQuery']"
the-learning-gardens.com,The Learning Gardens,,GBR,60,21563,2026-09-13T14:04:43.849964889Z,"['Apache', 'Apture Linking Platform', 'ClickOn', 'DAV', 'Express', 'GZIP Module', 'GetResponse', 'GitHub Hosting', 'GoFundMe', 'Google', 'Google Analytics', 'Google Cloud CDN', 'Google Cloud DNS', 'Google Font API', 'Google My Business', 'Google Recommendations AI', 'Google Related Website Sites', 'Google Tag Manager', 'Instagram Follow Button', 'Microdata for Google Shopping', 'NFOrce Internet', 'Ntent', 'SMC', 'Sapper', 'Schema Plugin', 'Square', 'Subversion', 'UTF-8', 'University or College', 'YouTube', 'Zeffy', 'Zope']"
careforhearts.org,Home | Care For Hearts,,,50,26296,2026-09-13T13:50:29.719860753Z,"['501c3 Status Nonprofit', 'Amazon WAF Blocked', 'Apture Linking Platform', 'Content Delivery Network', 'Express', 'Fastly', 'Fastly CDN', 'GZIP Module', 'GoFundMe', 'Instagram Follow Button', 'Microdata for Google Shopping', 'NFOrce Internet', 'PWA', 'QUIC', 'SMC', 'Sentry', 'SiteW', 'UTF-8', 'Vector Internet Services', 'Wix', 'Wix Media', 'mlcom']"
progressiveactionnh.org,Progressive Action New Hampshire | To encourage progressive action events and discussion in New Hampshire,,CAN,77,42335,2026-09-13T13:50:29.695966855Z,"['AWS WAF Challenge', 'Alternate Protocol', 'Automattic', 'Automattic Direct', 'Content Delivery Network', 'EmbedPress', 'EveryAction', 'Fireblade', 'Gambling Content', 'Global Privacy Control', 'GoFundMe', 'Google Analytics', 'Jetpack', 'Jetpack Site Accelerator', 'Microdata for Google Shopping', 'NFOrce Internet', 'Nginx', 'Oddle', 'PHP', 'Perl', 'QUIC', 'Schema Plugin', 'Tailwind CSS', 'US Privacy User Signal Mechanism', 'UTF-8', 'Underscores', 'University or College', 'WordPress', 'WordPress Multisite', 'WordPress Stats']"
visitmagnoliapark.com,Shop In Burbank | Visit Magnolia Park,,USA,82,89108,2026-09-13T13:30:34.736016861Z,"['Alternate Protocol', 'Amazon WAF Blocked', 'Apture Linking Platform', 'Content Delivery Network', 'Express', 'Fastly', 'Fastly CDN', 'GZIP Module', 'GoFundMe', 'Instagram Follow Button', 'Microdata for Google Shopping', 'NFOrce Internet', 'PWA', 'QUIC', 'SMC', 'Seflow Italy', 'Sentry', 'SiteW', 'UTF-8', 'Vector Internet Services', 'Wix', 'Wix Media', 'eLand', 'mlcom']"
locatemeals.com,locatemeals.com,,VEN,62,20000,2026-09-13T12:25:24.05762824Z,"['AWS WAF Challenge', 'Cisco/Arrowpoint Content Service Switch', 'Content Delivery Network', 'GZIP Module', 'GoFundMe', 'Next.js', 'Pleroma', 'Tailwind CSS', 'UTF-8']"
greenoguegoalmile.com,"Greenogue & Peamount Christmas Mile | Participate Now, Support Local Causes",,,72,80973,2026-09-13T11:31:39.861655916Z,"['Aruba', 'Express', 'GZIP Module', 'GoFundMe', 'InitiativeS', 'Line2', 'Magento Enterprise', 'Microdata for Google Shopping', 'QUIC', 'SiteW', 'Squarespace', 'UTF-8', 'Vector Internet Services', 'WordPress SEO Structured Data Schema Plugin', 'eLand']"
bromleyviewinn.com,Bromley View Inn | The Best Inn in Vermont,Bromley View Inn,GBR,77,15468,2026-09-13T06:45:55.730008156Z,"['AWS WAF Challenge', 'Amazon CloudFront', 'CloudFront', 'Duda', 'GZIP Module', 'GoFundMe', 'Google Tag Manager', 'Instagram Follow Button', 'Microdata for Google Shopping', 'Nginx', 'Tailwind CSS', 'The Deck', 'UTF-8']"
taikotaikai.com,Taiko Taikai,,,45,25577,2026-09-13T05:24:43.404034437Z,"['Aruba', 'Express', 'GZIP Module', 'GoFundMe', 'IcoMoon', 'Instagram Follow Button', 'Line2', 'Magento Enterprise', 'Microdata for Google Shopping', 'QUIC', 'SiteW', 'Squarespace', 'UTF-8', 'WordPress SEO Structured Data Schema Plugin', 'YouTube', 'eLand']"
protectflseniors.com,Protect FL Seniors,,USA,72,83891,2026-09-13T05:24:43.392236279Z,"['Apache', 'Coming Soon Page', 'Express', 'Fireblade', 'GitHub Hosting', 'GoDaddy', 'GoFundMe', 'Google', 'Google Cloud DNS', 'Google Font API', 'Google My Business', 'Google Tag Manager', 'Line2', 'PWA', 'SMC', 'Share Link', 'UTF-8', 'Vimeo', 'Vimeo CDN', 'Wangsu', 'Website Tonight', 'WordPress', 'YouTube']"
freeohiomovement.org,Free Ohio Movement,,TUR,72,300,2026-09-13T02:20:22.731842821Z,"['Apache', 'Automattic', 'Express', 'GZIP Module', 'GoFundMe', 'Share Link', 'Tailwind CSS', 'Thank You', 'Twitter Ads', 'YouTube']"
thedreamisreal.org,The Dream Is Real Foundation – A nonprofit organization helping create the next generation of innovators and change makers.,,USA,70,15481,2026-09-13T02:07:15.444061826Z,"['501c3 Status Nonprofit', 'AWS WAF Challenge', 'Alternate Protocol', 'Animate It', 'Bunny Fonts', 'EmbedPress', 'GZIP Module', 'GoFundMe', 'Google Cloud DNS', 'Google Font API', 'Instagram Feed for WordPress', 'Instagram Follow Button', 'Line2', 'Nectar Slide Plugin', 'Nginx', 'PHP', 'Salient', 'Theme In WP', 'Twitter Ads', 'UTF-8', 'WPBakery', 'WhatsApp Sharing', 'WordPress', 'WordPress Multisite', 'WordPress PopUp', 'jQuery']"
howardlodge93.org,"Howard Masonic Lodge No. 93 - Searching for more, come explore the allegory of Freemasonry",Howard Masonic Lodge No. 93,,67,5447,2026-09-13T01:32:04.421960862Z,"['Adult Content', 'Alternate Protocol', 'Automattic', 'BatCache', 'Content Delivery Network', 'EmbedPress', 'Fastly', 'GoFundMe', 'Google Analytics', 'Google Tag Manager', 'Gutenberg', 'Jetpack', 'Jetpack Site Accelerator', 'LiteSpeed', 'Microdata for Google Shopping', 'Nginx', 'Oracle Cloud', 'Perl', 'UTF-8', 'WordPress', 'WordPress Multisite', 'WordPress Stats']"
thelexingtonfoundation.org,Community Support Nonprofit | Lexington Foundation | Lexington,,USA,77,16764,2026-09-13T01:16:44.610768824Z,"['AWS WAF Challenge', 'Amazon CloudFront', 'CloudFront', 'Duda', 'Ethy', 'FormSubmit', 'GZIP Module', 'GoFundMe', 'InitiativeS', 'Instagram Follow Button', 'Microdata for Google Shopping', 'Nginx', 'Perl', 'Styled Components', 'Tailwind CSS', 'Thank You', 'Twitter Ads', 'UTF-8', 'YouTube']"
protectorsofthesalishsea.org,Protectors of the Salish Sea,,,72,33990,2026-09-13T00:05:49.767353054Z,"['Fireblade', 'GitHub Hosting', 'GoDaddy', 'GoFundMe', 'Google', 'Google Cloud DNS', 'Google Font API', 'Google My Business', 'Google Tag Manager', 'Instagram Follow Button', 'No-Q', 'PWA', 'UTF-8', 'Vimeo', 'Vimeo CDN', 'Wangsu', 'Website Tonight']"
kappartfestival.com,KappArt Festival,,,57,25421,2026-09-12T21:29:01.971702489Z,"['Aruba', 'Express', 'GZIP Module', 'GoFundMe', 'Instagram Follow Button', 'Line2', 'Magento Enterprise', 'Microdata for Google Shopping', 'QUIC', 'SiteW', 'Squarespace', 'UTF-8', 'WordPress SEO Structured Data Schema Plugin', 'eLand']"
thesearenotphotographs.com,these are not photographs,,CAN,87,13568,2026-09-12T21:03:53.292986893Z,"['Adult Content', 'Alternate Protocol', 'Amazon WAF Blocked', 'App Store', 'Apture Linking Platform', 'ArvanCloud', 'BLR', 'CDN JS', 'Cloudflare', 'Cloudflare CDN', 'Content Delivery Network', 'DAV', 'DoubleClick Bid Manager', 'ElementUI', 'GoFundMe', 'Google', 'Google Cloud DNS', 'Google Font API', 'Google My Business', 'Google Play', 'Icons8', 'Instagram Follow Button', 'Jetpack Site Accelerator', 'Microdata for Google Shopping', 'Nginx', 'Squarespace', 'Tailwind CSS', 'Tumblr', 'UTF-8', 'WordPress', 'YouTube', 'jsDelivr']"
aambg.org,African American Museum,,,70,1453,2026-09-12T20:01:02.446261807Z,"['Adobe Creative Cloud WebFonts', 'Alternate Protocol', 'Aruba', 'Express', 'GZIP Module', 'GoFundMe', 'Line2', 'Microdata for Google Shopping', 'QUIC', 'Squarespace', 'UTF-8', 'University or College', 'Vimeo', 'WordPress SEO Structured Data Schema Plugin', 'eLand']"
bellflowerredkettle.org,Bellflower Temple Virtual Red Kettle | The Salvation Army,,USA,77,16192,2026-09-12T19:37:18.257340474Z,"['501c3 Status Nonprofit', 'Alternate Protocol', 'Amazon CloudFront', 'Cisco/Arrowpoint Content Service Switch', 'Classy', 'CloudFront', 'Cloudflare', 'Cloudflare Web Analytics', 'Express', 'GoFundMe', 'Google My Business', 'Line2', 'Microdata for Google Shopping', 'NFOrce Internet', 'Next.js', 'Ntent', 'Pleroma', 'Storybook', 'Thank You', 'Twitter Ads', 'UTF-8']"
evergreenrotary.org,Home Page | Rotary Club of Evergreen,,,65,5048,2026-09-12T18:03:14.089037576Z,"['Apture Linking Platform', 'AutoComplete', 'Cloudflare', 'Facebook Login', 'Facebook Messenger Platform', 'Facebook Reseller', 'GZIP Module', 'GoFundMe', 'Google', 'Google Analytics', 'Google My Business', 'Google Tag Manager', 'IcoMoon', 'InitiativeS', 'Microsoft Application Insights', 'Microsoft Azure Blob Storage', 'Perl', 'SignUpGenius', 'YouTube', 'Zoom Video Conferencing']"
obokese.edu.gh,Obokese University of Excellence – Where African Culture is a part of Education,,,60,67,2026-09-12T17:14:13.479603526Z,"['Alternate Protocol', 'Contact Form Plugin', 'DAV', 'EmbedPress', 'GoFundMe', 'Google Cloud DNS', 'Google Font API', 'Google Maps', 'Google My Business', 'Instagram Follow Button', 'Kingster Theme', 'LiteSpeed', 'Newsletter for Wordpress', 'PHP', 'Perl', 'QUIC', 'Smart Slider 3', 'Tailwind CSS', 'The Events Calendar', 'Theme In WP', 'To Top', 'Twitter Ads', 'UTF-8', 'University or College', 'Woo Themes', 'WooCommerce', 'WooCommerce Checkout', 'WordPress', 'WordPress Multisite', 'YouTube', 'eLand', 'jQuery']"
parallaxrobotics.net,Parallax Robotics,,,55,1662,2026-09-12T14:58:48.698798075Z,"['AWS WAF Challenge', 'Apache', 'Freepik', 'GZIP Module', 'GoFundMe', 'Google', 'Google Cloud CDN', 'Instagram Follow Button', 'Thank You', 'Unsplash', 'Vector Internet Services']"
rememberingbenwoolf.com,Remembering Ben Woolf – 1980–2015,,USA,65,296,2026-09-12T14:25:22.572620658Z,"['Alternate Protocol', 'Apache', 'Contact Form Plugin', 'EmbedPress', 'GZIP Module', 'GoFundMe', 'Google Cloud DNS', 'Google Font API', 'Hueman', 'Jetpack', 'Jetpack Site Accelerator', 'PHP', 'Theme In WP', 'Twitter Ads', 'UTF-8', 'WordPress', 'WordPress Multisite', 'jQuery']"
joelharrismusic.com,JH Mastering,,USA,75,102357,2026-09-12T13:05:09.351856514Z,"['Accordion Blocks', 'Accordion FAQ', 'Aruba', 'Band Camp', 'Camp', 'Contento', 'DAV', 'Express', 'GZIP Module', 'GoFundMe', 'Instagram Follow Button', 'Line2', 'Linktree', 'Magento Enterprise', 'Microdata for Google Shopping', 'QUIC', 'SiteW', 'Squarespace', 'UTF-8', 'University or College', 'WordPress SEO Structured Data Schema Plugin', 'eLand']"
sebdocs.org,"Sebastopol Documentary Film Festival | Discover, Submit, Engage Now",,,72,90973,2026-09-12T10:18:06.405614277Z,"['AWS WAF Challenge', 'Aruba', 'Express', 'GZIP Module', 'GoFundMe', 'Instagram Follow Button', 'Line2', 'Magento Enterprise', 'Microdata for Google Shopping', 'QUIC', 'SiteW', 'Squarespace', 'UTF-8', 'Way', 'WordPress SEO Structured Data Schema Plugin', 'YouTube', 'eLand']"
tncf.org,TNCF.org - Home,,USA,67,1380,2026-09-12T09:04:46.527954827Z,"['501c3 Status Nonprofit', 'Apache', 'Apture Linking Platform', 'GZIP Module', 'GoFundMe', 'Google My Business', 'Perl', 'UTF-8', 'Unix', 'Weebly', 'reCAPTCHA']"
lauratjones.co.uk,Laura T. Jones | End the 7 Year Wait,,,77,121168,2026-09-12T07:32:27.75462408Z,"['AWS WAF Challenge', 'Aruba', 'Contento', 'Express', 'FormSubmit', 'GZIP Module', 'GoFundMe', 'InitiativeS', 'Instagram Follow Button', 'Line2', 'Magento Enterprise', 'Microdata for Google Shopping', 'Newsletter for Wordpress', 'Pico CSS', 'QUIC', 'SiteW', 'Squarespace', 'Tailwind CSS', 'UTF-8', 'Vector Internet Services', 'WordPress SEO Structured Data Schema Plugin', 'eLand']"
geesifu.de,geesi fu – Producer I Musician I Songwriter,,DEU,70,89,2026-09-12T07:11:35.400149827Z,"['Alternate Protocol', 'EmbedPress', 'GZIP Module', 'GoFundMe', 'Google Cloud DNS', 'Google Font API', 'Instagram Follow Button', 'Microdata for Google Shopping', 'OpenResty', 'PHP', 'Schema Plugin', 'Tailwind CSS', 'Theme In WP', 'UTF-8', 'WordPress', 'WordPress Multisite', 'YouTube', 'jQuery', 'shadcn ui']"
encounterchurchnsw.com,Home | Encounter Church,,,67,90141,2026-09-12T05:31:07.440525839Z,"['Amazon WAF Blocked', 'Apture Linking Platform', 'Content Delivery Network', 'DAV', 'Express', 'Fastly', 'Fastly CDN', 'GZIP Module', 'GoFundMe', 'Google Related Website Sites', 'Microdata for Google Shopping', 'NFOrce Internet', 'PWA', 'Perl', 'QUIC', 'SMC', 'Seflow Italy', 'Sentry', 'SiteW', 'UTF-8', 'Vector Internet Services', 'WP Booking Calendar', 'Wix', 'Wix Media', 'YouTube', 'eLand', 'mlcom']"
mddacf.org,SocialGood User,,USA,65,3048,2026-09-12T01:50:16.755171642Z,"['Alternate Protocol', 'GZIP Module', 'GoFundMe', 'Google My Business', 'NFOrce Internet', 'Nginx', 'Pico CSS', 'Plausible Analytics', 'UTF-8', 'Webador', 'reCAPTCHA']"
utahspirittrail.com,Utah's Spirit Trail | Utah Distillery Guide | Visit Utah,Utah’s Spirit Trail,USA,87,110641,2026-09-12T01:26:25.667927856Z,"['AWS WAF Challenge', 'Alternate Protocol', 'Amazon WAF Blocked', 'Apture Linking Platform', 'Content Delivery Network', 'DAV', 'DC74', 'Express', 'Fastly', 'Fastly CDN', 'GZIP Module', 'GoFundMe', 'Google Related Website Sites', 'Heroku', 'Instagram Follow Button', 'Microdata for Google Shopping', 'NFOrce Internet', 'PWA', 'Perl', 'QUIC', 'SMC', 'Seflow Italy', 'Sentry', 'Share Link', 'SiteW', 'Thank You', 'UTF-8', 'Vector Internet Services', 'WP Booking Calendar', 'Wix', 'Wix Media', 'YouTube', 'eLand', 'mlcom']"
mgmcchi.org,"Melanated Group Midwifery Care Chicago, Illinois",,USA,82,76069,2026-09-12T00:23:55.932042438Z,"['Aruba', 'Express', 'FormSubmit', 'GZIP Module', 'GoFundMe', 'Instagram Follow Button', 'Line2', 'Magento Enterprise', 'Microdata for Google Shopping', 'QUIC', 'SiteW', 'Squarespace', 'UTF-8', 'University or College', 'WordPress SEO Structured Data Schema Plugin', 'YouTube', 'eLand']"
thewidowedcollective.com,"The Widowed Collective | Built by the Widowed, for the Widowed",,,77,105116,2026-09-11T21:50:09.821916968Z,"['Alternate Protocol', 'Amazon WAF Blocked', 'Apture Linking Platform', 'Content Delivery Network', 'Corporate Governance and Regulatory Compliance', 'Express', 'Facebook Conversion Tracking', 'Facebook Login', 'Facebook Messenger Platform', 'Facebook Pixel', 'Facebook Reseller', 'Facebook Tag API', 'Fastly', 'Fastly CDN', 'Financial Services Guide', 'Fireblade', 'FormSubmit', 'GZIP Module', 'GoFundMe', 'Google Related Website Sites', 'Instagram Follow Button', 'Line2', 'Microdata for Google Shopping', 'NFOrce Internet', 'PWA', 'Pico CSS', 'QUIC', 'SMC', 'Seflow Italy', 'Sentry', 'SiteW', 'Sitelinks Search Box', 'UTF-8', 'Vector Internet Services', 'Wix', 'Wix Media', 'eLand', 'mlcom']"
feigenhain.org,Welcome to the Feigenhain Initiative | Feigenhain Initiative,,FRA,92,20308,2026-09-11T17:46:13.017223586Z,"['Alternate Protocol', 'Cloudflare', 'Cloudflare Web Analytics', 'Content Delivery Network', 'Fastly', 'Fireblade', 'GZIP Module', 'GitHub Hosting', 'GoFundMe', 'Google', 'Google Cloud DNS', 'Google Font API', 'IcoMoon', 'Jekyll', 'Microdata for Google Shopping', 'UTF-8', 'University or College', 'WordPress Related Posts']"
warriorraceusa.com,Warrior Adventure Racing and Ultras,Warrior Races,,87,186075,2026-09-11T16:33:12.698704727Z,"['123FormBuilder', 'AWS WAF Challenge', 'Alternate Protocol', 'Amazon', 'Amazon Associates', 'Amazon WAF Blocked', 'Amazon Widgets', 'Apture Linking Platform', 'Cloudflare', 'Content Delivery Network', 'DAV', 'DC74', 'Express', 'Fastly', 'Fastly CDN', 'Fireblade', 'Full Media', 'GZIP Module', 'GoFundMe', 'Google Cloud DNS', 'Google Font API', 'Google My Business', 'Google Related Website Sites', 'Instagram Follow Button', 'Investor Relations', 'K2F', 'Line2', 'Microdata for Google Shopping', 'NFOrce Internet', 'POWr', 'PWA', 'Perl', 'QUIC', 'RM Education', 'SMC', 'Seflow Italy', 'Sentry', 'SiteW', 'Subversion', 'Thank You', 'UTF-8', 'Vector Internet Services', 'WP Booking Calendar', 'Wix', 'Wix Media', 'YouTube', 'eLand', 'mlcom']"
readforsmartsgivefromtheheart.org,Home,,USA,70,1512,2026-09-11T13:21:38.939125203Z,"['Amazon CloudFront', 'CloudFront', 'Duda', 'FormSubmit', 'GZIP Module', 'GoFundMe', 'InitiativeS', 'Instagram Follow Button', 'Microdata for Google Shopping', 'Nginx', 'Pexels', 'Shopify', 'Tailwind CSS', 'Thank You', 'UTF-8', 'YouTube']"
rotarianrichardray.com,Service Stories – Richard Ray's Rotary Blog – Feel the Passion of Rotary at Work,,COL,77,18047,2026-09-11T13:05:46.987880308Z,"['AWS WAF Challenge', 'Alternate Protocol', 'Apture Linking Platform', 'Automattic', 'BatCache', 'Content Delivery Network', 'EmbedPress', 'Express', 'Fastly', 'GitHub Hosting', 'GoFundMe', 'Google My Business', 'Investor Relations', 'Jetpack', 'Jetpack Site Accelerator', 'Microdata for Google Shopping', 'Neighborhoods', 'Nginx', 'PHP', 'Perl', 'QUIC', 'Schema Plugin', 'Tailwind CSS', 'Thank You', 'Theme In WP', 'Twitter Ads', 'UTF-8', 'University or College', 'WordPress', 'WordPress Multisite', 'WordPress Stats', 'YouTube', 'eLand']"
soltafchildrenshome.org,SOLTAF CHILDRENS HOME – MAKING A DIFFERENCE,,USA,77,647,2026-09-11T10:31:21.816459806Z,"['501c3 Status Nonprofit', 'Alternate Protocol', 'Automattic', 'Content Delivery Network', 'EmbedPress', 'GoFundMe', 'Google Maps', 'Google My Business', 'Jetpack', 'Jetpack Site Accelerator', 'Microdata for Google Shopping', 'Nginx', 'Perl', 'Schema Plugin', 'Tailwind CSS', 'UTF-8', 'WordPress', 'WordPress Multisite', 'WordPress Stats']"
portlandiww.org,"Industrial Workers of the World – Portland, OR – An injury to one is an injury to all",,USA,65,1657,2026-09-11T10:22:16.572766411Z,"['Alternate Protocol', 'Content Delivery Network', 'EmbedPress', 'GoFundMe', 'Google Calendar', 'Google Cloud DNS', 'Google Font API', 'Google My Business', 'Google Related Website Sites', 'IcoMoon', 'Instagram Follow Button', 'Nginx', 'Ninja Forms', 'PHP', 'SiteOrigin', 'SiteOrigin Panels', 'TeamUp', 'Theme In WP', 'UTF-8', 'Vantage', 'WordPress', 'WordPress Multisite', 'jQuery']"
montclairsda.org,gracepointesda.org – Community Focused. Heaven Bound,,USA,65,3278,2026-09-11T10:22:16.554946456Z,"['Alternate Protocol', 'Apache', 'Call to Visit', 'Column Shortcodes', 'EmbedPress', 'Eventbrite', 'Formidable Pro Form', 'GZIP Module', 'GoFundMe', 'Google Cloud DNS', 'Google Font API', 'Google Forms', 'Google My Business', 'Instagram Follow Button', 'Kriesi.at', 'Line2', 'Modern Events Calendar Lite', 'PHP', 'Perl', 'Theme In WP', 'Twitter Ads', 'UTF-8', 'Vimeo', 'WordPress', 'WordPress Multisite', 'YouTube', 'Zoom Video Conferencing', 'eLand', 'jQuery']"
lv18radio.uk,Radio From the LV18 – Afloat in Harwich Harbour,,GBR,65,656,2026-09-11T10:12:05.359282016Z,"['Alternate Protocol', 'Contact Form Plugin', 'EmbedPress', 'GoFundMe', 'Google Analytics', 'Google Cloud DNS', 'Google Font API', 'Google Tag Manager', 'Gutenberg', 'IcoMoon', 'PHP', 'Tailwind CSS', 'The Events Calendar', 'Theme In WP', 'UTF-8', 'WordPress', 'WordPress Multisite', 'jQuery']"
elizabethspromiseawardsinc.com,Home | elizabethspromise,"Elizabeth's Promise Awards, Inc.",,70,134108,2026-09-11T09:55:55.559726211Z,"['Alternate Protocol', 'Amazon WAF Blocked', 'Apture Linking Platform', 'Content Delivery Network', 'Express', 'Fastly', 'Fastly CDN', 'GZIP Module', 'GoFundMe', 'K2F', 'KVH', 'Microdata for Google Shopping', 'NFOrce Internet', 'PWA', 'QUIC', 'SMC', 'Seflow Italy', 'Sentry', 'SiteW', 'Subversion', 'Twitter Ads', 'UTF-8', 'University or College', 'Vector Internet Services', 'Wix', 'Wix Media', 'YouTube', 'mlcom']"
finzaapp.com,Finza - Empowering Kids for Financial Success | Finza,,,47,177,2026-09-11T08:38:42.324497194Z,"['Alternate Protocol', 'Coming Soon Page', 'Content Delivery Network', 'GoFundMe', 'Google', 'Google Cloud DNS', 'Google Font API', 'Unsplash', 'Zyro']"
acaciafoundations.org,Acacia foundation | nonprofit,,,72,105324,2026-09-11T03:56:57.644649346Z,"['34SP.com', 'Amazon WAF Blocked', 'Apture Linking Platform', 'Content Delivery Network', 'Express', 'Fastly', 'Fastly CDN', 'Fireblade', 'FormSubmit', 'GZIP Module', 'GitHub Hosting', 'GoFundMe', 'Google Related Website Sites', 'Instagram Follow Button', 'Microdata for Google Shopping', 'NFOrce Internet', 'PWA', 'Pico CSS', 'QUIC', 'SMC', 'Seflow Italy', 'Sentry', 'SiteW', 'UTF-8', 'Vector Internet Services', 'Wix', 'Wix Media', 'eLand', 'mlcom']"
bandshirtday.org,"Band Shirt Day is September 19, 2025!",,,72,103880,2026-09-11T02:29:45.096842626Z,"['Accordion Blocks', 'Accordion FAQ', 'Aruba', 'DC74', 'Express', 'FormSubmit', 'GZIP Module', 'GoFundMe', 'Google Analytics', 'Google Tag Manager', 'Instagram Follow Button', 'Line2', 'Magento Enterprise', 'Microdata for Google Shopping', 'Newsletter for Wordpress', 'Onyx Internet', 'Pico CSS', 'QUIC', 'RM Education', 'SiteW', 'Squarespace', 'UTF-8', 'Vector Internet Services', 'WordPress SEO Structured Data Schema Plugin', 'eLand']"
laborforpalestine.net,Labor for Palestine | An Injury to Palestine Is an Injury to All! — Uphold the BDS Picket Line!,,CAN,75,135928,2026-09-10T22:31:17.640806985Z,"['AWS WAF Challenge', 'Alternate Protocol', 'Amazon S3 CDN', 'Amazon WAF Blocked', 'Amazon Widgets', 'Automattic', 'Automattic Direct', 'Baidu Cloud', 'Blackbaud', 'Cisco/Arrowpoint Content Service Switch', 'Content Delivery Network', 'Coraline', 'Cornerstone', 'DAV', 'EmbedPress', 'EveryAction', 'Express', 'Fireblade', 'GiveWP', 'GoFundMe', 'Google Cloud DNS', 'Google Font API', 'Google Forms', 'Google My Business', 'Harbor', 'InitiativeS', 'Instagram API', 'Instagram Follow Button', 'Investor Relations', 'Jetpack', 'Linktree', 'LiteSpeed', 'Microsoft Azure Blob Storage', 'NFOrce Internet', 'Neighborhoods', 'Ntent', 'ON24', 'On The Map', 'PHP', 'Perl', 'Pixabay', 'QUIC', 'RM Education', 'Storyblocks', 'Stripe', 'Twitter Ads', 'UTF-8', 'Underscores', 'University or College', 'WordPress', 'WordPress Multisite', 'WordPress Stats', 'YouTube', 'eLand', 'jQuery']"
welcometopowerandloveministrygospelpod.live,"Welcome To Power And Love Ministry Gospel Podcast Ministry, 10427 Artesia Blvd Bellflower California 90706, 951-404-8764, Michael W Lewis Senior Pastor | Ministry Faith Teaching Spirit Christian Holy Christ Jesus Savior Power Love Peace Joy Grace Mercy",,USA,82,75626,2026-09-10T21:53:09.644787018Z,"['501c3 Status Nonprofit', 'Akamai Edge', 'Akamai Global Host', 'Alternate Protocol', 'Automattic', 'BatCache', 'Coming Soon Page', 'ETranslate', 'EmbedPress', 'Eventbrite', 'Fastly', 'FormSubmit', 'GDPR Consent Management Platform', 'GTranslate', 'Givelify', 'GoFundMe', 'Google', 'Google Maps', 'Google My Business', 'Google Related Website Sites', 'Jetpack', 'Jetpack Site Accelerator', 'Microdata for Google Shopping', 'Nginx', 'PHP', 'Perl', 'Pico CSS', 'PollDaddy', 'QUIC', 'Schema Plugin', 'Share Link', 'Tailwind CSS', 'Telegram', 'Thank You', 'Twenty Fourteen', 'Twitter Ads', 'UTF-8', 'Vector Internet Services', 'WordPress', 'WordPress Multisite', 'WordPress Stats', 'YouTube', 'about.me', 'eLand']"
freeartsnyc.org,FREE ARTS NYC,,USA,80,88848,2026-09-10T21:10:27.473524701Z,"['AJAX Libraries API', 'Adobe Creative Cloud WebFonts', 'Aruba', 'Classy', 'Express', 'FormSubmit', 'GZIP Module', 'GoFundMe', 'Google Cloud DNS', 'Hotjar', 'Instagram Follow Button', 'Line2', 'Magento Enterprise', 'Microdata for Google Shopping', 'Neighborhoods', 'Newsletter for Wordpress', 'Pico CSS', 'QUIC', 'SiteW', 'Squarespace', 'UTF-8', 'University or College', 'Vector Internet Services', 'Vimeo', 'WordPress SEO Structured Data Schema Plugin', 'eLand', 'jQuery']"
melohealth.co,Melo Health - Your Personal Health Companion for iOS & Android,,,67,240,2026-09-10T20:08:50.35105864Z,"['App Store', 'Content Delivery Network', 'GoFundMe', 'Google Analytics', 'Google My Business', 'Google Play', 'Google Tag Manager', 'Next.js', 'Pleroma', 'Smart App Banner', 'Tailwind CSS', 'UTF-8', 'Vercel', 'shadcn ui']"
fixfreewayfiasco.org,Fix the Freeway Fiasco,,,67,135956,2026-09-10T20:02:58.108537041Z,"['Alternate Protocol', 'Amazon WAF Blocked', 'Apture Linking Platform', 'Automattic', 'Content Delivery Network', 'DAV', 'Express', 'Fastly', 'Fastly CDN', 'GZIP Module', 'GoFundMe', 'Google Related Website Sites', 'K2F', 'KVH', 'Microdata for Google Shopping', 'NFOrce Internet', 'PWA', 'Perl', 'QUIC', 'SMC', 'Seflow Italy', 'Sentry', 'Share Link', 'SiteW', 'Subversion', 'Twitter Ads', 'UTF-8', 'Vector Internet Services', 'Vimeo', 'Wix', 'Wix Media', 'iPlayerHD', 'mlcom']"
holycitytreks.com,Home,,USA,82,130429,2026-09-10T17:39:50.799666058Z,"['AWS WAF Challenge', 'Alternate Protocol', 'Amazon WAF Blocked', 'Amazon Widgets', 'Apture Linking Platform', 'Commoninja', 'Content Delivery Network', 'DAV', 'Express', 'Fastly', 'Fastly CDN', 'Formilla', 'GZIP Module', 'GoFundMe', 'K2F', 'Microdata for Google Shopping', 'NFOrce Internet', 'No-Q', 'POWr', 'PWA', 'Perl', 'QUIC', 'SMC', 'Seflow Italy', 'Sentry', 'SiteW', 'Sitelinks Search Box', 'Subversion', 'UTF-8', 'Vector Internet Services', 'WP Booking Calendar', 'Wix', 'Wix Media', 'YouTube', 'eLand', 'mlcom']"
theboarsrut.com,"Boar's Rut Men's Campground | Camden, Arkansas (gay campground)",Boar's Rut Men's Campground,USA,87,90141,2026-09-10T17:24:38.806017259Z,"['Alternate Protocol', 'Amazon WAF Blocked', 'Amazon Widgets', 'Apture Linking Platform', 'Campspot', 'Content Delivery Network', 'DAV', 'Express', 'Fastly', 'Fastly CDN', 'GZIP Module', 'GoFundMe', 'Google My Business', 'Google Related Website Sites', 'Instagram Follow Button', 'Microdata for Google Shopping', 'NFOrce Internet', 'PWA', 'Perl', 'QUIC', 'SMC', 'Seflow Italy', 'Sentry', 'SiteW', 'Sitelinks Search Box', 'Thank You', 'UTF-8', 'Vector Internet Services', 'WP Booking Calendar', 'Wix', 'Wix Media', 'YouTube', 'eLand', 'mlcom']"
daventuretours.com.au,Daventure Tours | Epic East African Safari Adventures,,AUS,87,25905,2026-09-10T17:24:38.780652974Z,"['AWS WAF Challenge', 'Alternate Protocol', 'Cloudflare', 'Cloudflare CDN', 'Content Delivery Network', 'DAV', 'DC74', 'Elementor', 'EmbedPress', 'GoFundMe', 'Google', 'Google Analytics', 'Google Cloud CDN', 'Google Cloud DNS', 'Google Font API', 'Google My Business', 'Google Tag Manager', 'Hello Elementor', 'IcoMoon', 'Instagram Follow Button', 'Jeg Elementor Kit', 'LiteSpeed', 'Material Design Icons', 'Microdata for Google Shopping', 'NFOrce Internet', 'PHP', 'QUIC', 'Site Kit', 'Sitelinks Search Box', 'Slider Revolution', 'Table Addons for Elementor', 'Theme In WP', 'UTF-8', 'WordPress', 'WordPress Multisite', 'eLand', 'jQuery', 'reCAPTCHA']"
naa10gene.com,NAA10 Ogden syndrome Patient Organisation | NAA10 Families Together,,,57,32162,2026-09-10T14:48:59.338125713Z,"['AWS WAF Challenge', 'Alternate Protocol', 'Amazon WAF Blocked', 'Apture Linking Platform', 'Content Delivery Network', 'CoolText', 'Express', 'Fastly', 'Fastly CDN', 'GZIP Module', 'GoFundMe', 'Google Related Website Sites', 'Instagram Follow Button', 'K2F', 'NFOrce Internet', 'POWr', 'PWA', 'Perl', 'QUIC', 'SMC', 'Seflow Italy', 'Sentry', 'Share Link', 'SiteW', 'Subversion', 'Twitter Ads', 'UTF-8', 'Vector Internet Services', 'Wix', 'Wix Media', 'mlcom']"
hancockhounds.com,Hancock Hounds Dog Park – Hancock Hounds Dog Park is an official New York State Not-Profit Corporation dedicated to the building the Hancock NY community its first Dog Park and further building jobs and social welfare based programming that meets the needs of this thriving town built into the Scenic Western Catskills!,,USA,70,3612,2026-09-10T13:44:48.067484316Z,"['501c3 Status Nonprofit', 'Alternate Protocol', 'Content Delivery Network', 'EmbedPress', 'Fastly', 'GoFundMe', 'Google Analytics', 'Google Cloud DNS', 'Google Font API', 'Google My Business', 'IcoMoon', 'Instagram Follow Button', 'Jetpack', 'LiteSpeed', 'MailChimp', 'Master Slider', 'PHP', 'Perl', 'Thank You', 'Theme In WP', 'UTF-8', 'Ultimate Social Media', 'Woo Themes', 'WordPress', 'WordPress Multisite', 'WordPress Related Posts', 'WordPress Stats', 'jQuery']"
gordonwaynewatts.com,"Gordon Wayne Watts personal site: Reports on Student Loan abuse, Terri Schiavo, FDLE, Star Trek, & other top stories, like the 2002 FLA Election problems not reported in ""mainstream"" media.",,USA,77,201490,2026-09-10T12:56:02.613103573Z,"['501c3 Status Nonprofit', 'AWS WAF Challenge', 'Adult Content', 'Alternate Protocol', 'Amazon Associates', 'Amazon WAF Blocked', 'Amazon Widgets', 'Angular', 'Apache', 'Apple Auto Link Maker', 'Apture Linking Platform', 'Automattic', 'BLR', 'Bankrate', 'Bing Cashback', 'CCSI', 'CollegeDegrees', 'Coming Soon Page', 'Cornerstone', 'DAV', 'Express', 'Fastly', 'Fastly CDN', 'Fireblade', 'Fundrazr', 'GZIP Module', 'Gambling Content', 'GetGist', 'GoDaddy', 'GoFundMe', 'Google My Business', 'HostGator', 'ID Services', 'ISO/IEC 8859', 'InitiativeS', 'Instagram Follow Button', 'Interchange', 'KVH', 'Medium', 'NFOrce Internet', 'Nomics', 'Ntent', 'Oddle', 'PHP', 'PayPal Adaptive Payments', 'PayPal Button', 'PayPal Form', 'Perl', 'Phew', 'Prospective', 'QUIC', 'SMC', 'Share Link', 'Show.co', 'Square', 'Tapatalk', 'Thank You', 'The Fresh', 'Tumblr', 'Twitter Ads', 'USPS', 'University or College', 'Way', 'Website Tonight', 'WordPress', 'Yahoo Finance Widget', 'YouTube', 'eLand']"
madnessradio.net,Madness Radio | Voices and Visions from Outside Mental Health,,GBR,65,71089,2026-09-10T11:51:03.28011156Z,"['AddThisEvent', 'Amazon Widgets', 'Apple Auto Link Maker', 'Cisco/Arrowpoint Content Service Switch', 'EmbedPress', 'Fireblade', 'GZIP Module', 'GoFundMe', 'Google Analytics', 'Google Cloud DNS', 'Google Font API', 'Google My Business', 'Google Play', 'Instagram Follow Button', 'License Buttons', 'Nginx', 'PHP', 'SMC', 'Say what', 'Theme In WP', 'Twitter Ads', 'UTF-8', 'University or College', 'WP PageNavi', 'WordPress', 'WordPress Multisite', 'YouTube', 'eLand', 'jQuery']"
capitalcitydancecollective.com,Capital City Dance Collective,,,62,18312,2026-09-10T10:20:39.101915958Z,"['Apture Linking Platform', 'Express', 'GitHub Hosting', 'GoDaddy', 'GoFundMe', 'Google', 'Google Cloud DNS', 'Google Font API', 'Google My Business', 'Google Tag Manager', 'Line2', 'PWA', 'UTF-8', 'Wangsu', 'Website Tonight']"
chairesmethodist.church,Chaires Methodist Church – Rooted in the past –,,USA,75,53363,2026-09-10T08:51:05.610510016Z,"['Alternate Protocol', 'Astra Theme', 'Content Delivery Network', 'DAV', 'EmbedPress', 'GenerateBlocks', 'GoFundMe', 'Google', 'Google Cloud DNS', 'Google Font API', 'Google My Business', 'Line2', 'LiteSpeed', 'PHP', 'QUIC', 'QUIC.cloud', 'SMC', 'Smart Slider 3', 'UTF-8', 'WordPress', 'WordPress Multisite', 'WordPress Related Posts', 'eLand']"
thesva.org,Staveley Village Association,,,65,76333,2026-09-10T08:32:38.536522926Z,"['Adobe Creative Cloud WebFonts', 'Aruba', 'Corporate Governance and Regulatory Compliance', 'Express', 'GZIP Module', 'GoFundMe', 'Line2', 'Magento Enterprise', 'Microdata for Google Shopping', 'QUIC', 'SiteW', 'Squarespace', 'UTF-8', 'WordPress SEO Structured Data Schema Plugin', 'eLand']"
w4cae.com,The Columbia Amateur Radio Club – W4CAE | An ARRL Special Service Club founded in 1973,,USA,70,21710,2026-09-10T06:59:40.654769005Z,"['AJAX Libraries API', 'Alternate Protocol', 'Automattic', 'Cloudflare', 'CoBlocks', 'Content Delivery Network', 'DAV', 'EmbedPress', 'FreeCSSTemplates', 'GitHub Hosting', 'GoDaddy', 'GoFundMe', 'Google', 'Google Cloud CDN', 'Google Cloud DNS', 'Google My Business', 'Graphene', 'Hive.co', 'IcoMoon', 'Jetpack', 'MailChimp for WordPress', 'Ninja Forms', 'PHP', 'Perl', 'Popup Maker for Wordpress', 'QUIC', 'TablePress', 'Thank You', 'Theme In WP', 'UTF-8', 'WP Polls', 'Wangsu', 'Woo Themes', 'WooCommerce Checkout', 'WordPress', 'WordPress Multisite', 'WordPress Stats', 'Zoom Video Conferencing', 'bbPress', 'jQuery', 'reCAPTCHA']"
sincerely-savage-foundation.org,Home,,,45,228,2026-09-10T06:26:10.967353427Z,"['GZIP Module', 'GoFundMe', 'Instagram Follow Button', 'PageCloud', 'UTF-8', 'University or College']"
hopedistrictartscouncil.com,Hope & District Arts Council,Hope &amp; District Arts Council,ZAF,77,132270,2026-09-10T05:54:29.156881908Z,"['Alternate Protocol', 'Amazon WAF Blocked', 'Apture Linking Platform', 'Content Delivery Network', 'DAV', 'Express', 'Fastly', 'Fastly CDN', 'GZIP Module', 'GoFundMe', 'Google Calendar', 'Google My Business', 'K2F', 'Microdata for Google Shopping', 'NFOrce Internet', 'On The Map', 'POWr', 'PWA', 'Perl', 'QUIC', 'SMC', 'Seflow Italy', 'Sentry', 'SiteW', 'Subversion', 'Twitter Ads', 'UTF-8', 'Vector Internet Services', 'Wix', 'Wix Media', 'mlcom']"
humanesocietystthomas.org,Humane Society of St. Thomas. Committed to our Community's Animals,,,67,6240,2026-09-10T05:54:29.147031808Z,"['501c3 Status Nonprofit', 'Classy', 'Content Delivery Network', 'GoFundMe', 'Google Maps', 'Google My Business', 'Instagram Follow Button', 'Next.js', 'Tailwind CSS', 'UTF-8', 'Vercel', 'shadcn ui']"
impactjobs.org,Impact Jobs - Social Impact and Nonprofit Job Board,,USA,82,340147,2026-09-10T03:16:32.787158894Z,"['501c3 Status Nonprofit', 'AWS WAF Challenge', 'Alternate Protocol', 'Amazon', 'Amazon CloudFront', 'Apture Linking Platform', 'Avature', 'BigRedSky', 'CareerPlug', 'Cisco/Arrowpoint Content Service Switch', 'Classy', 'CloudFront', 'Cornerstone', 'DAV', 'ETranslate', 'Express', 'Fireblade', 'GZIP Module', 'GoFundMe', 'Google', 'Google Analytics', 'Google Cloud DNS', 'Google Font API', 'Google Maps', 'Google My Business', 'Google Tag Manager', 'Greenhouse', 'InitiativeS', 'Instagram Follow Button', 'Investor Relations', 'JobVite', 'Loxo', 'Microdata for Google Shopping', 'NFOrce Internet', 'Neighborhoods', 'Paycor', 'Perl', 'Prospective', 'QUIC', 'Salesforce Hosted', 'UTF-8', 'University or College', 'Workable', 'YouTube', 'eLand', 'jBoard', 'reCAPTCHA']"
chicagohispanichealthcoalition.org,Chicago Hispanic Health Coalition | Prevenir Es Curar!,Chicago Hispanic Health Coalition,USA,75,1065,2026-09-10T02:55:39.206281239Z,"['Alternate Protocol', 'Amazon S3 CDN', 'BJ Lazy Load for WordPress', 'Bulma', 'Content Delivery Network', 'EmbedPress', 'Enable jQuery Migrate Helper', 'Events Manager for WordPress', 'FreeCSSTemplates', 'GoFundMe', 'Google Analytics', 'IcoMoon', 'InitiativeS', 'Lazy Load for WordPress', 'Microdata for Google Shopping', 'Nginx', 'PHP', 'Pfizer', 'Storyblocks', 'TablePress', 'Theme In WP', 'Twitter Ads', 'UTF-8', 'University or College', 'WP PageNavi', 'WPML Multilingual', 'WordPress', 'WordPress Multisite']"
footforwardfoundation.net,Home | Foot Forward Foundat,,,65,89270,2026-09-10T02:38:37.448973693Z,"['Alternate Protocol', 'Amazon WAF Blocked', 'Apture Linking Platform', 'Content Delivery Network', 'Express', 'Fastly', 'Fastly CDN', 'GZIP Module', 'GoFundMe', 'Microdata for Google Shopping', 'NFOrce Internet', 'POWr', 'PWA', 'QUIC', 'SMC', 'Seflow Italy', 'Sentry', 'SiteW', 'UTF-8', 'Vector Internet Services', 'Wix', 'Wix Media', 'eLand', 'mlcom']"
anotherchance4hope.org,Home | My Site,,USA,60,36985,2026-09-10T00:51:09.442279943Z,"['501c3 Status Nonprofit', 'Alternate Protocol', 'Amazon WAF Blocked', 'Apture Linking Platform', 'Content Delivery Network', 'DAV', 'Express', 'Fastly', 'Fastly CDN', 'GZIP Module', 'GoFundMe', 'Google Related Website Sites', 'Instagram Follow Button', 'K2F', 'KVH', 'NFOrce Internet', 'PWA', 'Perl', 'QUIC', 'SMC', 'Seflow Italy', 'Sentry', 'SiteW', 'Subversion', 'Twitter Ads', 'UTF-8', 'Vector Internet Services', 'WP Booking Calendar', 'Wix', 'Wix Media', 'YouTube', 'mlcom']"
art4orphans.org,Art 4 Orphans,,USA,65,6366,2026-09-10T00:27:46.7500058Z,"['501c3 Status Nonprofit', 'AJAX Libraries API', 'Bulma', 'CDN JS', 'Cloudflare', 'Cloudflare CDN', 'Coming Soon Page', 'Express', 'Font Awesome', 'GoFundMe', 'Google Cloud DNS', 'Google Font API', 'Instagram Follow Button', 'MaxCDN', 'MyFonts', 'Nginx', 'Oddle', 'PWA', 'StackPath', 'jQuery']"
petersonfg.com,Need Financial Advice? We Can Help. | Peterson Financial Group,Peterson Financial Group,USA,92,62550,2026-09-10T00:18:42.071719713Z,"['AWS WAF Challenge', 'Adobe Creative Cloud WebFonts', 'Alternate Protocol', 'Amazon WAF Blocked', 'Autoptimize', 'Beaver Builder Lite', 'CDN JS', 'Cloudflare', 'Cloudflare CDN', 'Content Delivery Network', 'Contento', 'EmbedPress', 'Fastly', 'Federal Deposit Insurance Corporation', 'Financial Industry Regulatory Authority', 'Fireblade', 'GZIP Module', 'GoFundMe', 'Google', 'Google Analytics', 'Google Cloud DNS', 'Google Font API', 'Google Related Website Sites', 'Google Tag Manager', 'Gravity', 'Gravity Forms', 'Help.com', 'Microdata for Google Shopping', 'Perl', 'Schema Plugin', 'UTF-8', 'Vimeo', 'Wistia', 'WordPress', 'WordPress Multisite', 'jQuery']"
shanainofuentes.com,SHANA INOFUENTES,,PHL,82,81333,2026-09-09T23:12:40.481066532Z,"['Adobe Creative Cloud WebFonts', 'Aruba', 'Express', 'GZIP Module', 'GoFundMe', 'Instagram Follow Button', 'Line2', 'Magento Enterprise', 'Microdata for Google Shopping', 'QUIC', 'SiteW', 'Squarespace', 'UTF-8', 'University or College', 'Vector Internet Services', 'WordPress SEO Structured Data Schema Plugin', 'eLand']"
welovetogive.org,WE LOVE TO GIVE - We Love To Give,,USA,72,23380,2026-09-09T21:42:12.855630559Z,"['501c3 Status Nonprofit', 'AWS WAF Challenge', 'Apture Linking Platform', 'GZIP Module', 'Givebutter', 'GoFundMe', 'Google Analytics', 'Google Calendar', 'Google My Business', 'Google Tag Manager', 'InitiativeS', 'Instagram Follow Button', 'Monster', 'Neighborhoods', 'Nginx', 'PayPal Adaptive Payments', 'UTF-8', 'Unix', 'Weebly', 'YouTube', 'reCAPTCHA']"
nairobirenaissance.com,Nairobi Renaissance,,KEN,82,18312,2026-09-09T21:22:43.13890223Z,"['GoDaddy', 'GoFundMe', 'Google', 'Google Cloud DNS', 'Google Font API', 'Google Forms', 'Google My Business', 'Google Tag Manager', 'Line2', 'PWA', 'UTF-8', 'Wangsu', 'Website Tonight']"
nhsmusical.com,Come From Away - Northampton High School Musical,Just another WordPress site,,60,83,2026-09-09T17:21:43.415993412Z,"['Alternate Protocol', 'Apache', 'Coming Soon Page', 'EmbedPress', 'GZIP Module', 'GoFundMe', 'Google Cloud DNS', 'Google Font API', 'Google My Business', 'Kalium', 'LayerSlider Responsive', 'Microdata for Google Shopping', 'PHP', 'Theme In WP', 'UTF-8', 'WP Super Cache', 'WPBakery', 'WordPress', 'WordPress Multisite', 'jQuery']"
stussupportsquad.co.uk,Stu's Support Squad,,,45,760,2026-09-09T17:04:24.919309005Z,"['AWS WAF Challenge', 'Alternate Protocol', 'Cloudflare', 'Cloudflare CDN', 'Content Delivery Network', 'Elementor', 'EmbedPress', 'GoFundMe', 'Google', 'Google My Business', 'Hello Elementor', 'NFOrce Internet', 'Nginx', 'Royal Elementor Addons', 'SiteGround Optimizer', 'Thank You', 'UTF-8', 'WordPress', 'WordPress Multisite', 'jQuery']"
apeaceofmindctr.org,Organization | A Peace of Mind Resource Center LLC,,,67,150141,2026-09-09T15:03:07.358962523Z,"['AWS WAF Challenge', 'Alternate Protocol', 'Amazon WAF Blocked', 'Apture Linking Platform', 'Cloudflare', 'Content Delivery Network', 'DAV', 'Express', 'Fastly', 'Fastly CDN', 'GZIP Module', 'GoFundMe', 'Google Calendar', 'Google My Business', 'Google Related Website Sites', 'InitiativeS', 'K2F', 'KVH', 'Microdata for Google Shopping', 'NFOrce Internet', 'PWA', 'Perl', 'QUIC', 'SMC', 'Seflow Italy', 'Sentry', 'SiteW', 'Subversion', 'UTF-8', 'Vector Internet Services', 'WP Booking Calendar', 'Wix', 'Wix Media', 'mlcom']"
aiexplorerfoundation.com,AI Explorer Foundation - Preparing Kids for the AI Future,,,55,10891,2026-09-09T14:32:15.405541918Z,"['Alternate Protocol', 'Content Delivery Network', 'Contento', 'EmbedPress', 'Fastly', 'Font Awesome', 'FormSubmit', 'GitHub Hosting', 'GoFundMe', 'Google Cloud DNS', 'Google Font API', 'Instagram Follow Button', 'Nginx', 'Ninja Forms', 'Oxygen', 'Oxygen Builder', 'Twenty Twenty-Three', 'UTF-8', 'University or College', 'WordPress', 'WordPress Multisite', 'YouTube', 'jQuery']"
zakatsadaqatsenegambia.org,Ramadan 2026 | ZakatSadaqatSG,,EGY,75,89108,2026-09-09T10:34:14.993501592Z,"['Alternate Protocol', 'Amazon WAF Blocked', 'Apture Linking Platform', 'Content Delivery Network', 'Express', 'Fastly', 'Fastly CDN', 'GZIP Module', 'GoFundMe', 'Instagram Follow Button', 'Microdata for Google Shopping', 'NFOrce Internet', 'PWA', 'Parcel', 'QUIC', 'SMC', 'Seflow Italy', 'Sentry', 'SiteW', 'Twitter Ads', 'UTF-8', 'Vector Internet Services', 'Wix', 'Wix Media', 'YouTube', 'eLand', 'mlcom']"
brazilianassociationsa.com.au,Brazilian Association of SA – Assist Brazilian migrants and students in Australia,,AUS,65,2797,2026-09-09T10:22:42.536472662Z,"['Alternate Protocol', 'Contact Form Plugin', 'Content Delivery Network', 'Elementor', 'EmbedPress', 'GoFundMe', 'Google Cloud DNS', 'Google Font API', 'Gtranslate for Wordpress', 'IcoMoon', 'Instagram Follow Button', 'LiteSpeed', 'NFOrce Internet', 'PHP', 'Parcel', 'QUIC', 'Robo Gallery', 'The Events Calendar', 'Theme In WP', 'Twitter Ads', 'UTF-8', 'Woo Themes', 'WooCommerce', 'WooCommerce Checkout', 'WordPress', 'WordPress Multisite', 'jQuery']"
roadtorefugeanimalsanctuary.com,Home - Road to Refuge Sanctuary,Road to Refuge Sanctuary,,72,2539,2026-09-09T09:57:34.917041539Z,"['501c3 Status Nonprofit', 'Adult Content', 'Alternate Protocol', 'Amazon Widgets', 'Bulma', 'Calendly', 'Cloudflare', 'CoBlocks', 'Contact Form Plugin', 'Content Delivery Network', 'Elementor', 'EmbedPress', 'GoDaddy', 'GoFundMe', 'Instagram Feed for WordPress', 'Instagram Follow Button', 'Microdata for Google Shopping', 'NFOrce Internet', 'PHP', 'QUIC', 'Theme In WP', 'UTF-8', 'WordPress', 'WordPress Multisite', 'jQuery']"
shesprays.org,Home | Mysite,,,50,26296,2026-09-09T08:24:31.752577757Z,"['Amazon WAF Blocked', 'Apture Linking Platform', 'Content Delivery Network', 'Fastly', 'Fastly CDN', 'GZIP Module', 'GoFundMe', 'Instagram Follow Button', 'NFOrce Internet', 'PWA', 'PayPal Adaptive Payments', 'QUIC', 'SMC', 'Sentry', 'SiteW', 'UTF-8', 'Vector Internet Services', 'Wix', 'Wix Media', 'mlcom']"
hongkongers.org.uk,Hongkongers in Britain | 英國港僑協會 - Aid and Empower,Hongkongers in Britain | 英國港僑協會,GBR,92,19278,2026-09-09T07:37:55.861628355Z,"['AWS WAF Challenge', 'Alternate Protocol', 'Automattic', 'BatCache', 'Content Delivery Network', 'Cookie Accept', 'Cookie Notice', 'EmbedPress', 'Eventbrite', 'Fastly', 'GoFundMe', 'Google Analytics', 'Google Tag Manager', 'Gutenberg', 'Instagram Follow Button', 'Jetpack', 'Jetpack Site Accelerator', 'Max Mega Menu Pro', 'Microdata for Google Shopping', 'Nginx', 'Perl', 'Simple Lightbox', 'Telegram', 'To Top', 'TranslatePress', 'Twitter Ads', 'UTF-8', 'University or College', 'WordPress', 'WordPress Multisite', 'WordPress Stats', 'jQuery']"
kidneyforeric.org,Home | Kidney for Eric,,USA,87,104924,2026-09-09T04:52:04.138307533Z,"['Alternate Protocol', 'Amazon WAF Blocked', 'Amazon Widgets', 'Apture Linking Platform', 'Content Delivery Network', 'Express', 'Fastly', 'Fastly CDN', 'Fireblade', 'FormSubmit', 'GZIP Module', 'GoFundMe', 'Google Related Website Sites', 'Instagram Follow Button', 'Microdata for Google Shopping', 'NFOrce Internet', 'PWA', 'Pico CSS', 'QUIC', 'SMC', 'Seflow Italy', 'Sentry', 'SiteW', 'Subversion', 'UTF-8', 'University or College', 'Vector Internet Services', 'Visx', 'Wix', 'Wix Media', 'eLand', 'mlcom']"
stokt.ca,Stokt — Creative & Motion Design Studio,,,72,32580,2026-09-09T02:25:04.86015677Z,"['AI Log', 'AWS WAF Challenge', 'Alternate Protocol', 'Better Lead Generation Services', 'BunnyCDN', 'BunnyCDN General', 'DAV', 'ElementUI', 'Framer Sites', 'GoFundMe', 'Google', 'Google Analytics', 'Google Cloud CDN', 'Google Tag Manager', 'Instagram Follow Button', 'Ntent', 'QUIC', 'Vector Internet Services', 'Yandex Hosting', 'Zeald']"
justiceforchloe.com,Justice for Chloe des Rochers,,CAN,80,75973,2026-09-09T02:11:23.048035457Z,"['Aruba', 'Express', 'GZIP Module', 'GoFundMe', 'Line2', 'Magento Enterprise', 'Microdata for Google Shopping', 'Perl', 'QUIC', 'SiteW', 'Squarespace', 'UTF-8', 'WordPress SEO Structured Data Schema Plugin', 'YouTube', 'eLand']"
friendsoffrenchmanbay.org,Friends of Frenchman Bay – preserving our national treasure,,,60,103,2026-09-08T22:33:11.467047959Z,"['Alternate Protocol', 'Cloudflare', 'CoBlocks', 'Content Delivery Network', 'EmbedPress', 'GoDaddy', 'GoFundMe', 'Google Cloud DNS', 'Google Font API', 'Google My Business', 'Harbor', 'Instagram Follow Button', 'PHP', 'PayPal Adaptive Payments', 'PayPal Button', 'PayPal Form', 'Primer', 'Theme In WP', 'UTF-8', 'Vimeo', 'WordPress', 'WordPress Multisite', 'jQuery']"
bloominfann.com,Bloomin Fann – Musical Play,,,60,83,2026-09-08T17:24:59.73786208Z,"['Alternate Protocol', 'Cloudflare', 'Content Delivery Network', 'EmbedPress', 'GoFundMe', 'Google Analytics', 'Google Cloud DNS', 'Google Font API', 'Google Tag Manager', 'LayerSlider Responsive', 'Microdata for Google Shopping', 'PHP', 'Responsive Data', 'Schema Plugin', 'Theme In WP', 'Total', 'UTF-8', 'WPBakery', 'Woo Themes', 'WordPress', 'WordPress Multisite', 'jQuery']"
letshawaii.org,Maui Citizen Emergency Relief: Resources & Volunteer Signup,,USA,82,83624,2026-09-08T14:10:50.66131812Z,"['AWS WAF Challenge', 'Alternate Protocol', 'Amazon CloudFront', 'Amazon WAF Blocked', 'Apture Linking Platform', 'Cloudflare', 'Cloudflare CDN', 'Cloudflare Web Analytics', 'Column Shortcodes', 'Contento', 'DuracellTomi Google Tag Manager for WordPress', 'EmbedPress', 'FareHarbor', 'Fireblade', 'GetResponse', 'GitHub Hosting', 'GoFundMe', 'Google', 'Google Analytics', 'Google Cloud DNS', 'Google Font API', 'Google Forms', 'Google My Business', 'Google Tag Manager', 'Harbor', 'HubSpot WordPress Plugin', 'Hubspot', 'IcoMoon', 'InitiativeS', 'Instagram Follow Button', 'Lazy Load for WordPress', 'Microdata for Google Shopping', 'New Relic', 'Ninja Forms', 'PHP', 'PWA', 'PixelYourSite', 'QUIC', 'Slider Revolution', 'Stripe', 'Tailwind CSS', 'Theme In WP', 'UTF-8', 'Vimeo', 'WP Rocket', 'Wistia', 'Woo Themes', 'WooCommerce', 'WooCommerce Checkout', 'WordPress', 'WordPress Multisite', 'YouTube', 'eLand', 'jQuery', 'reCAPTCHA']"
timbilaprivatecamp.com,Home | Timbila,Timbila,USA,77,4541,2026-09-08T14:01:48.801478263Z,"['AJAX Libraries API', 'Akismet', 'Camp', 'CookieYes', 'ElementUI', 'EmbedPress', 'Formidable Pro Form', 'GoFundMe', 'Google', 'Google Cloud DNS', 'Google Font API', 'Microdata for Google Shopping', 'Nginx', 'PHP', 'Parallels Plesk Panel', 'QUIC', 'Tailwind CSS', 'Theme In WP', 'UTF-8', 'WP Super Cache', 'WordPress', 'WordPress Multisite', 'jQuery', 'jsDelivr', 'shadcn ui']"
run2heal.org,RUN2HEAL - Running 3000 Miles to Prevent & Treat Child Abuse,,USA,82,36309,2026-09-08T13:51:02.806536978Z,"['AWS WAF Challenge', 'Adobe Creative Cloud WebFonts', 'Alternate Protocol', 'Aruba', 'Cisco/Arrowpoint Content Service Switch', 'Cloudflare', 'Cloudflare CDN', 'Cloudflare Web Analytics', 'Express', 'Facebook Conversion Tracking', 'Facebook Login', 'Facebook Messenger Platform', 'Facebook Pixel', 'Facebook Reseller', 'Facebook Tag API', 'Fireblade', 'FormSubmit', 'GoFundMe', 'Google Analytics', 'Google Tag Manager', 'Line2', 'Microdata for Google Shopping', 'QUIC', 'Squarespace', 'UTF-8', 'WordPress SEO Structured Data Schema Plugin', 'YouTube', 'eLand']"
therooseveltjamiewilliamsfoundation.org,The Roosevelt Jamie Williams Foundation Inc. |,,,55,3181,2026-09-08T13:28:22.101198255Z,"['Alternate Protocol', 'Apache', 'Divi', 'Elegant Themes', 'EmbedPress', 'GZIP Module', 'GoFundMe', 'Google Cloud DNS', 'Google Font API', 'Google Related Website Sites', 'PHP', 'Theme In WP', 'UTF-8', 'Wangsu', 'WordPress', 'WordPress Multisite', 'eLand', 'jQuery']"
bittenbylyme.com,HOME NEW | bitten,,,45,26296,2026-09-08T09:13:57.038237157Z,"['Amazon WAF Blocked', 'Apture Linking Platform', 'Content Delivery Network', 'Fastly', 'Fastly CDN', 'GZIP Module', 'GoFundMe', 'Microdata for Google Shopping', 'NFOrce Internet', 'PWA', 'QUIC', 'SMC', 'Sentry', 'SiteW', 'UTF-8', 'Vector Internet Services', 'Wix', 'Wix Media', 'mlcom']"
friendsofatascaderolake.com,FriendsofAtascaderoLake,,FRA,87,87108,2026-09-08T06:55:17.102942855Z,"['Amazon WAF Blocked', 'Apture Linking Platform', 'Cloudflare', 'Content Delivery Network', 'Fastly', 'Fastly CDN', 'GZIP Module', 'GoFundMe', 'Google My Business', 'Microdata for Google Shopping', 'NFOrce Internet', 'PWA', 'Perl', 'QUIC', 'SMC', 'Sentry', 'SiteW', 'Twitter Ads', 'UTF-8', 'Vector Internet Services', 'Wix', 'Wix Media', 'YouTube', 'eLand', 'mlcom']"
homeunemployed.com,Home - HomeUnemployed.com,HomeUnemployed.com,USA,77,7941,2026-09-08T00:49:41.010697383Z,"['Alternate Protocol', 'Apache', 'Astra Theme', 'Cisco/Arrowpoint Content Service Switch', 'Elementor', 'EmbedPress', 'GZIP Module', 'GoFundMe', 'Google', 'Google Cloud CDN', 'MailPoet', 'Microdata for Google Shopping', 'Table Addons for Elementor', 'UTF-8', 'Woo Themes', 'WordPress', 'WordPress Multisite']"
danceartsproject.com,"HOME | Dance Arts Project, Children's Dance Lessons,1201 Chestnut St Alameda",,,62,94828,2026-09-08T00:35:26.620409077Z,"['Alternate Protocol', 'Amazon WAF Blocked', 'Apture Linking Platform', 'Cloudflare', 'Content Delivery Network', 'DC74', 'Express', 'Fastly', 'Fastly CDN', 'GZIP Module', 'GoFundMe', 'Google My Business', 'Google Related Website Sites', 'Instagram Follow Button', 'NFOrce Internet', 'PWA', 'QUIC', 'SMC', 'Seflow Italy', 'Sentry', 'SiteW', 'UTF-8', 'Vector Internet Services', 'Wix', 'Wix Media', 'eLand', 'mlcom']"
whalesinthesky.com,Home | Whales in the Sky,,,65,104108,2026-09-07T10:42:22.364094367Z,"['AWS WAF Challenge', 'Amazon WAF Blocked', 'Apture Linking Platform', 'Cloudflare', 'Content Delivery Network', 'Etsy', 'Express', 'Fastly', 'Fastly CDN', 'GZIP Module', 'GoFundMe', 'Instagram Follow Button', 'NFOrce Internet', 'PWA', 'QUIC', 'SMC', 'Seflow Italy', 'Sentry', 'SiteW', 'Thank You', 'Twitter Ads', 'UTF-8', 'Vector Internet Services', 'Wix', 'Wix Media', 'YouTube', 'eLand', 'mlcom']"
njgsco.com,NJ GRAVEL & SAND CO.,NEW JERSEY GRAVEL & SAND CO.,,60,26741,2026-09-07T09:32:13.330226009Z,"['Aruba', 'Constant Contact', 'Express', 'GZIP Module', 'GoFundMe', 'Instagram Follow Button', 'Line2', 'Magento Enterprise', 'Microdata for Google Shopping', 'QUIC', 'SiteW', 'Squarespace', 'UTF-8', 'Vector Internet Services', 'WordPress SEO Structured Data Schema Plugin', 'eLand']"
rachelleoblack.com,Rachelle Oblack,,USA,77,73924,2026-09-07T09:12:08.503553127Z,"['Alternate Protocol', 'Amazon WAF Blocked', 'Amazon Widgets', 'Cloudinary', 'Content Delivery Network', 'ContentBox', 'Contento', 'Fastly', 'Fastly CDN', 'GoFundMe', 'Instagram Follow Button', 'Ntent', 'The Fresh', 'UTF-8', 'Vector Internet Services', 'Wix Media', 'WordPress Related Posts']"
1057thebrew.com,Columbus Alternative 105.7 - Everything Alternative,,,62,78193,2026-09-07T09:06:41.955604281Z,"['AWS WAF Challenge', 'Adult Content', 'Amazon Associates Affiliate Shop', 'Amazon Widgets', 'Automattic', 'BLR', 'Cisco/Arrowpoint Content Service Switch', 'Coming Soon Page', 'Content Delivery Network', 'Contento', 'Crypto.com', 'DAV', 'Express', 'Facebook Login', 'Facebook Messenger Platform', 'Facebook Reseller', 'Fastly', 'GTranslate', 'Gambling Content', 'GitHub Hosting', 'GoFundMe', 'Google My Business', 'Google Related Website Sites', 'Gravity', 'IcoMoon', 'Instagram Follow Button', 'Linktree', 'NFOrce Internet', 'OSS CDN', 'OneTrust Domain Verification', 'Outbrain Direct', 'PHP', 'Perl', 'Prebid', 'Submittable', 'TUNE', 'Tumblr', 'UTF-8', 'University or College', 'YouTube', 'eLand', 'reCAPTCHA']"
rest-stl.org,"HOME | R.E.S.T. (Respond-Establish-Stabilize-Transform) | St. Louis, Missouri",,USA,80,154770,2026-09-07T08:47:10.327274293Z,"['Amazon WAF Blocked', 'Apture Linking Platform', 'Content Delivery Network', 'DAV', 'Express', 'Fastly', 'Fastly CDN', 'GZIP Module', 'GoFundMe', 'Heroku', 'Instagram Follow Button', 'K2F', 'KVH', 'M247', 'Microdata for Google Shopping', 'NFOrce Internet', 'POWr', 'PWA', 'QUIC', 'SMC', 'Seflow Italy', 'Sentry', 'SiteW', 'Subversion', 'Twitter Ads', 'UTF-8', 'Vector Internet Services', 'Wix', 'Wix Media', 'eLand', 'mlcom']"
projectdiversifymedicine.org,@projectdiversifymedicine | Med School App Work Activity Review,,,52,15347,2026-09-07T08:11:57.707226667Z,"['Alternate Protocol', 'Amazon Widgets', 'Beacons', 'Express', 'GZIP Module', 'GoFundMe', 'Google Cloud', 'Google Cloud DNS', 'Google Cloud Storage', 'Google Forms', 'Google My Business', 'Instagram Follow Button', 'Microdata for Google Shopping', 'Next.js', 'PWA', 'QUIC', 'SMC', 'Subversion', 'UTF-8', 'Unsplash']"
chigosinternational.com,chigosinternational,Chigos Store,AUT,82,125869,2026-09-07T06:46:19.725083312Z,"['Airbnb', 'Amazon CloudFront', 'Amazon WAF Blocked', 'Apache', 'Apture Linking Platform', 'Blockchain', 'Commoninja', 'ContactUs', 'Content Delivery Network', 'DAV', 'DC74', 'Ecwid Ecommerce Shopping Cart', 'Express', 'Fastly', 'Fastly CDN', 'Financial Services Guide', 'GZIP Module', 'GoFundMe', 'Instagram Follow Button', 'Investor Relations', 'K2F', 'Microdata for Google Shopping', 'NFOrce Internet', 'POWr', 'PWA', 'Perl', 'QUIC', 'SMC', 'Seflow Italy', 'Sentry', 'SiteW', 'Subversion', 'UTF-8', 'Vector Internet Services', 'Wix', 'Wix Media', 'eLand', 'mlcom']"
mamadydrumdance.com,Home - African Cultural Arts Institute,,GIN,75,16569,2026-09-07T06:21:49.890721223Z,"['AWS WAF Challenge', 'Alternate Protocol', 'Apture Linking Platform', 'Bulma', 'EmbedPress', 'GoFundMe', 'Google Cloud DNS', 'Google Font API', 'Hestia', 'IcoMoon', 'Microdata for Google Shopping', 'Ninja Forms', 'Otter Blocks', 'PHP', 'Theme In WP', 'WP Fastest Cache', 'WPForms', 'Woo Themes', 'WooCommerce Checkout', 'WordPress', 'WordPress Multisite', 'jQuery']"
muracle.org,Muracle | Muracle San Jose,,,57,31296,2026-09-07T03:03:50.431932561Z,"['Amazon WAF Blocked', 'Apture Linking Platform', 'Content Delivery Network', 'Express', 'Fastly', 'Fastly CDN', 'GZIP Module', 'GoFundMe', 'Google Related Website Sites', 'Instagram Follow Button', 'K2F', 'Microdata for Google Shopping', 'NFOrce Internet', 'PWA', 'Perl', 'QUIC', 'SMC', 'Sentry', 'SiteW', 'Subversion', 'UTF-8', 'Vector Internet Services', 'Wix', 'Wix Media', 'YouTube', 'mlcom']"
kinoleemusic.co.uk,Freelance Composer | Kino Lee Music,Kino Lee Music,,67,134828,2026-09-06T15:14:12.115607819Z,"['Amazon WAF Blocked', 'Apture Linking Platform', 'Cloudflare', 'Content Delivery Network', 'Express', 'Fastly', 'Fastly CDN', 'GZIP Module', 'GoFundMe', 'Google Related Website Sites', 'K2F', 'KVH', 'Microdata for Google Shopping', 'NFOrce Internet', 'PWA', 'QUIC', 'SMC', 'Seflow Italy', 'Sentry', 'SiteW', 'Subversion', 'UTF-8', 'Vector Internet Services', 'Wix', 'Wix Media', 'YouTube', 'mlcom']"
rid-usa.org,"RID-USA, Inc | Remove Intoxicated Drivers",,USA,65,34517,2026-09-06T14:22:56.945725142Z,"['AWS WAF Challenge', 'Alternate Protocol', 'Apache', 'Apture Linking Platform', 'DAV', 'EmbedPress', 'Express', 'GZIP Module', 'GoFundMe', 'IcoMoon', 'Instagram Follow Button', 'Investor Relations', 'NFOrce Internet', 'Ntent', 'PHP', 'PayPal Adaptive Payments', 'PayPal Button', 'PayPal Form', 'Phew', 'QUIC', 'Thank You', 'Twenty Eleven', 'Twitter Ads', 'UTF-8', 'University or College', 'Vector Internet Services', 'WordPress', 'WordPress Multisite', 'YouTube']"
peoriapikes.com,Peoria Pikes,Peoria Pikes,USA,75,1528,2026-09-06T12:52:24.962116626Z,"['Adobe Creative Cloud WebFonts', 'Aruba', 'Express', 'FormSubmit', 'GZIP Module', 'Givebutter', 'GoFundMe', 'Line2', 'Microdata for Google Shopping', 'Newsletter for Wordpress', 'Pico CSS', 'QUIC', 'SiteW', 'Squarespace', 'Tailwind CSS', 'Thank You', 'UTF-8', 'University or College', 'WordPress SEO Structured Data Schema Plugin', 'eLand']"
genpur1.org,Home,,UGA,75,2539,2026-09-06T12:40:56.900166226Z,"['AJAX Libraries API', 'CDN JS', 'Cloudflare', 'Cloudflare CDN', 'Content Delivery Network', 'Fastly', 'Font Awesome', 'GZIP Module', 'GoFundMe', 'Google Cloud DNS', 'Google Font API', 'Instagram Follow Button', 'Perl', 'QUIC', 'UTF-8', 'jQuery']"
selbypulseradio.co.uk,Selby Pulse Radio | Discover & Engage: Listen Now,,,77,76069,2026-09-06T08:46:33.047274954Z,"['Aruba', 'Express', 'FormSubmit', 'GZIP Module', 'GoFundMe', 'Instagram Follow Button', 'Line2', 'Magento Enterprise', 'Microdata for Google Shopping', 'QUIC', 'SiteW', 'Squarespace', 'UTF-8', 'WordPress SEO Structured Data Schema Plugin', 'eLand']"
dogshelterkosovo.com,Dogshelter Kosovo | Adoption und Hilfe,,,67,109108,2026-09-06T06:06:41.708944002Z,"['Amazon WAF Blocked', 'Apture Linking Platform', 'Content Delivery Network', 'Express', 'Fastly', 'Fastly CDN', 'GZIP Module', 'GitHub Hosting', 'GoFundMe', 'Instagram Follow Button', 'M247', 'Microdata for Google Shopping', 'NFOrce Internet', 'PWA', 'QUIC', 'SMC', 'Seflow Italy', 'Sentry', 'SiteW', 'UTF-8', 'Vector Internet Services', 'Wix', 'Wix Media', 'mlcom']"
fuzzytek.com,Fuzzytek – Providing solutions and connecting people to possibility,,USA,70,13154,2026-09-06T04:51:32.078627577Z,"['Alternate Protocol', 'Automattic', 'BLR', 'Compact WP Audio Player', 'Easy Counter', 'EmbedPress', 'GZIP Module', 'GoFundMe', 'Google', 'Google Adsense', 'Google Analytics', 'Google Cloud DNS', 'Google Font API', 'Google Funding Choices', 'Google Matched Content', 'Google Reseller', 'Google Tag Manager', 'Jetpack', 'Microdata for Google Shopping', 'PHP', 'Schema Plugin', 'Shockwave Flash Embed', 'Tailwind CSS', 'Theme In WP', 'Tumblr', 'Twitter Ads', 'UTF-8', 'WP Advanced Ads', 'WordPress', 'WordPress Ad Manager and AdSense Ads', 'WordPress Multisite', 'YouTube', 'jQuery']"
allstarhealthcenter.com,"All Star Health Center | Where Everyones a Star | Thiensville, WI",All Star Health Center,,72,95303,2026-09-06T03:37:03.850585085Z,"['Alternate Protocol', 'Amazon WAF Blocked', 'Apture Linking Platform', 'Content Delivery Network', 'DAV', 'DC74', 'Express', 'Fastly', 'Fastly CDN', 'GZIP Module', 'GoFundMe', 'Google Related Website Sites', 'Instagram Follow Button', 'Microdata for Google Shopping', 'NFOrce Internet', 'POWr', 'PWA', 'Perl', 'QUIC', 'SMC', 'Seflow Italy', 'Sentry', 'SiteW', 'Thank You', 'UTF-8', 'Vector Internet Services', 'WP Booking Calendar', 'Wix', 'Wix Media', 'mlcom']"
cover6outdoors.org,Cover 6 Outdoors | For Veterans. By Veterans.,,,62,152270,2026-09-06T03:37:03.83977456Z,"['501c3 Status Nonprofit', 'Alternate Protocol', 'Amazon WAF Blocked', 'Apture Linking Platform', 'Cloudflare', 'Content Delivery Network', 'DC74', 'Express', 'Fastly', 'Fastly CDN', 'Fireblade', 'GZIP Module', 'GoFundMe', 'Instagram Follow Button', 'K2F', 'KVH', 'Microdata for Google Shopping', 'NFOrce Internet', 'POWr', 'PWA', 'Perl', 'QUIC', 'SMC', 'Sentry', 'SiteW', 'Subversion', 'UTF-8', 'Vector Internet Services', 'Wix', 'Wix Media', 'mlcom']"
makesomeonehappy.online,Have A Special Christmas | Bring Joy to Homeless & Orphaned Children in California,,,62,324,2026-09-06T00:28:57.520943755Z,"['501c3 Status Nonprofit', 'Alternate Protocol', 'Amazon CloudFront', 'CloudFront', 'Content Delivery Network', 'GoFundMe', 'Next.js', 'QUIC', 'Tailwind CSS', 'UTF-8', 'Unsplash', 'Vercel']"
skate4grant.org,Home | Skate4Grant,,,55,27096,2026-09-06T00:28:57.517237502Z,"['501c3 Status Nonprofit', 'AWS WAF Challenge', 'Amazon WAF Blocked', 'Apture Linking Platform', 'Content Delivery Network', 'Express', 'Fastly', 'Fastly CDN', 'GZIP Module', 'GoFundMe', 'Instagram Follow Button', 'Medium', 'Microdata for Google Shopping', 'NFOrce Internet', 'PWA', 'QUIC', 'SMC', 'Seflow Italy', 'Sentry', 'SiteW', 'Sitelinks Search Box', 'UTF-8', 'Vector Internet Services', 'Wix', 'Wix Media', 'mlcom']"
pipersangels.org,Piper's Angels Foundation,,PHL,87,114368,2026-09-05T23:02:53.067946906Z,"['501c3 Status Nonprofit', 'Amazon WAF Blocked', 'Apture Linking Platform', 'Classy', 'Cloudflare', 'Constant Contact', 'Content Delivery Network', 'Express', 'Fastly', 'Fastly CDN', 'GZIP Module', 'GoFundMe', 'Google Analytics', 'Google Forms', 'Google My Business', 'Google Related Website Sites', 'Google Tag Manager', 'InitiativeS', 'Instagram Follow Button', 'KVH', 'Microdata for Google Shopping', 'NFOrce Internet', 'PWA', 'QUIC', 'SMC', 'Sentry', 'SiteW', 'UTF-8', 'Vector Internet Services', 'Wix', 'Wix Media', 'YouTube', 'eLand', 'mlcom']"
americancapitalistparty.org,Home - American Capitalist Party,American Capitalist Party,,67,23212,2026-09-05T22:17:40.633608408Z,"['AWS WAF Challenge', 'Alternate Protocol', 'Constant Contact', 'Content Delivery Network', 'Divi', 'Elegant Themes', 'EmbedPress', 'Fastly', 'GZIP Module', 'GoFundMe', 'Google', 'Google Cloud CDN', 'Google Cloud DNS', 'Google Font API', 'Instagram Follow Button', 'Max Mega Menu', 'Max Mega Menu Pro', 'Medium', 'Microdata for Google Shopping', 'NFOrce Internet', 'PHP', 'Shopify', 'Theme In WP', 'UTF-8', 'Woo Themes', 'WordPress', 'WordPress Multisite', 'jQuery']"
4wardever.org.uk,"4WardEverUK - One-Stop campaigning news, resources, and information",,USA,72,33534,2026-09-05T19:12:27.680247519Z,"['AWS WAF Challenge', 'Alternate Protocol', 'Amazon CloudFront', 'CloudFront', 'Duda', 'Fireblade', 'FormSubmit', 'Freshdesk Support', 'GZIP Module', 'GoFundMe', 'Google Related Website Sites', 'Hive.co', 'InitiativeS', 'Instagram Follow Button', 'Nginx', 'No-Q', 'QUIC', 'Site Search 360', 'Tailwind CSS', 'Thank You', 'Twitter Ads', 'UTF-8', 'YouTube', 'eLand']"
therodstudios.com,Newark’s Own Creative Content Studio | The Rod Studios,,,77,17914,2026-09-05T19:12:27.677363475Z,"['Alternate Protocol', 'Apture Linking Platform', 'Beacons', 'Endis', 'GZIP Module', 'GoFundMe', 'Google Cloud', 'Google Cloud DNS', 'Google Font API', 'Instagram Follow Button', 'Material-UI', 'Microdata for Google Shopping', 'Next.js', 'PWA', 'UTF-8', 'Unsplash', 'YouTube']"
humanityfirstusa.org,Humanity First USA,Humanity First USA,COL,87,36687,2026-09-05T18:12:19.144141885Z,"['501c3 Status Nonprofit', 'AWS WAF Challenge', 'Adobe Creative Cloud WebFonts', 'Alternate Protocol', 'Amazon WAF Blocked', 'Aruba', 'CDN JS', 'ClickOn', 'Cloudflare', 'Cloudflare CDN', 'Content Delivery Network', 'CookieYes', 'CrazyEgg', 'Custom Facebook Feed', 'Custom Twitter Feeds', 'EmbedPress', 'Fastly', 'GZIP Module', 'GoFundMe', 'Google Analytics', 'Google Cloud DNS', 'Google Font API', 'Google Tag Manager', 'Gravity', 'Gravity Forms', 'Gtranslate for Wordpress', 'IcoMoon', 'Instagram Feed for WordPress', 'Instagram Follow Button', 'Jetpack', 'Line2', 'Microdata for Google Shopping', 'Modern Events Calendar Lite', 'Nectar Slide Plugin', 'Nginx', 'PHP', 'Pantheon', 'Post Grid', 'QUIC', 'Shopify', 'Tailwind CSS', 'Theme In WP', 'Twitter Ads', 'UTF-8', 'UserWay', 'VWO Engage', 'Visual Website Optimizer', 'WPBakery', 'WonderPush', 'Woo Themes', 'WooCommerce Checkout', 'WordPress', 'WordPress Multisite', 'WordPress Related Posts', 'YouTube', 'amCharts', 'eLand', 'jQuery', 'jsDelivr']"
talkgolfireland.com,Home - Talk Golf Ireland,Talk Golf Ireland,IMN,82,77091,2026-09-05T17:19:53.562225245Z,"['AWS WAF Challenge', 'Alternate Protocol', 'Amazon', 'Amazon WAF Blocked', 'Cloudflare', 'Cloudflare CDN', 'ConvertKit', 'CookieYes', 'Elementor', 'ElementsKit Elementor', 'EmbedPress', 'Essential Addons for Elementor', 'Express', 'Font Awesome', 'GoFundMe', 'Google', 'Google Analytics', 'Google My Business', 'Google Related Website Sites', 'Google Tag Manager', 'Header, Footer and Blocks for Elementor', 'Instagram Follow Button', 'MailChimp for WordPress', 'Microdata for Google Shopping', 'NFOrce Internet', 'Newsletter for Wordpress', 'OceanWP', 'PHP', 'SMC', 'Site Kit', 'Tailwind CSS', 'Theme In WP', 'Ticket Tailor', 'UTF-8', 'WP Mobile Menu', 'WPForms', 'Woo Themes', 'WooCommerce Checkout', 'WordPress', 'WordPress Multisite', 'eLand', 'jQuery']"
drivethecure.com,Home | Drivethecure,,GBR,65,87108,2026-09-05T14:18:13.126349877Z,"['Alternate Protocol', 'Amazon WAF Blocked', 'Apture Linking Platform', 'Content Delivery Network', 'Express', 'Fastly', 'Fastly CDN', 'GZIP Module', 'GoFundMe', 'Google Calendar', 'Google My Business', 'Microdata for Google Shopping', 'NFOrce Internet', 'PWA', 'QUIC', 'SMC', 'Sentry', 'SiteW', 'Twitter Ads', 'UTF-8', 'Vector Internet Services', 'Wix', 'Wix Media', 'mlcom']"
483rdlegacyfund.org,B-17 | 483rdLegacyFund.org,483rdLegacyFund.org,,77,152828,2026-09-05T13:49:09.669685804Z,"['501c3 Status Nonprofit', 'Amazon WAF Blocked', 'Apture Linking Platform', 'Cloudflare', 'Content Delivery Network', 'Express', 'Fastly', 'Fastly CDN', 'GZIP Module', 'GoFundMe', 'Google Related Website Sites', 'K2F', 'KVH', 'Microdata for Google Shopping', 'NFOrce Internet', 'On The Map', 'PWA', 'QUIC', 'SMC', 'Seflow Italy', 'Sentry', 'SiteW', 'Subversion', 'UTF-8', 'Vector Internet Services', 'Wix', 'Wix Media', 'YouTube', 'eLand', 'mlcom']"
christchildacademy.com,"Christ Child Academy School | Sheboygan, WI",,,62,19308,2026-09-05T13:43:06.877408418Z,"['AWS WAF Challenge', 'Alternate Protocol', 'Amazon', 'Amazon CloudFront', 'Apache', 'CDN JS', 'CloudFront', 'Cloudflare', 'Cloudflare CDN', 'Corporate Governance and Regulatory Compliance', 'Elfsight', 'GZIP Module', 'GoFundMe', 'Google Analytics', 'Google My Business', 'Google Related Website Sites', 'Google Tag Manager', 'IcoMoon', 'Instagram Follow Button', 'Joomla!', 'Notify', 'QUIC', 'RokNavMenu', 'UTF-8', 'University or College', 'jQuery']"
guardianfire.ie,Fire Safety Ireland | Fire Safety Training Courses | Guardian Fire Wexford,,IRL,62,16421,2026-09-05T09:58:24.89707112Z,"['AJAX Libraries API', 'All in One SEO Pack', 'Alternate Protocol', 'Contact Form Plugin', 'Corporate Governance and Regulatory Compliance', 'Cybot', 'EmbedPress', 'Fireblade', 'Fontello', 'GoFundMe', 'Google Analytics', 'Google Cloud DNS', 'Google Font API', 'Google Maps', 'Nginx', 'Outreach Pro', 'PHP', 'Parallels Plesk Panel', 'QUIC', 'Slider Revolution', 'Subversion', 'Tailwind CSS', 'Theme In WP', 'Twitter Ads', 'UTF-8', 'UberMenu', 'University or College', 'Visual Composer Ultimate Addons', 'WPBakery', 'WordPress', 'WordPress Multisite', 'eLand', 'jQuery']"
salesnetwork.org,National Sales Network – Advancing Sales Professionals Worldwide,,USA,60,208,2026-09-05T07:59:32.524336558Z,"['501c3 Status Nonprofit', 'Alternate Protocol', 'Apache', 'Bulma', 'EmbedPress', 'FreeCSSTemplates', 'GZIP Module', 'GoFundMe', 'Google Analytics', 'Google Cloud DNS', 'Google Font API', 'Google My Business', 'Google Tag Manager', 'IcoMoon', 'Instagram Follow Button', 'Microdata for Google Shopping', 'PDF Embedder for Wordpress', 'PHP', 'Schema Plugin', 'SiteOrigin', 'SiteOrigin Panels', 'TablePress', 'The Events Calendar', 'Theme In WP', 'Twitter Ads', 'UTF-8', 'Vantage', 'Woo Themes', 'WordPress', 'WordPress Multisite', 'YouTube', 'jQuery', 'reCAPTCHA']"
masjidsalaam.org,"Masjid Al Salam – 1038 Murfreesboro Pike, Nashville, TN 37217",,USA,70,2489,2026-09-05T07:20:18.150816728Z,"['Alternate Protocol', 'Contact Form Plugin', 'Content Delivery Network', 'EmbedPress', 'GoFundMe', 'Google', 'Google Cloud DNS', 'Google Font API', 'LiteSpeed', 'PHP', 'Theme In WP', 'Twenty Sixteen', 'UTF-8', 'WordPress', 'WordPress Multisite', 'jQuery']"
hiseptember.com,Creative communications consultancy | September,September,USA,82,109828,2026-09-05T05:35:19.815746424Z,"['Alternate Protocol', 'Amazon WAF Blocked', 'Apture Linking Platform', 'Cloudflare', 'Content Delivery Network', 'DC74', 'Express', 'Fastly', 'Fastly CDN', 'Fireblade', 'GZIP Module', 'GoFundMe', 'Google Related Website Sites', 'Microdata for Google Shopping', 'NFOrce Internet', 'PWA', 'QUIC', 'SMC', 'Seflow Italy', 'Sentry', 'SiteW', 'UTF-8', 'Vector Internet Services', 'Wix', 'Wix Media', 'WordPress Related Posts', 'eLand', 'mlcom']"
icarusinc.blog,I.C.A.R.U.S Inc. – Investigating global wildlife issues and providing networks for global solutions.,,PHL,72,39347,2026-09-05T05:18:10.698468177Z,"['AWS WAF Challenge', 'Alternate Protocol', 'Amazon WAF Blocked', 'Apture Linking Platform', 'Automattic', 'Automattic Direct', 'Content Delivery Network', 'EmbedPress', 'Express', 'Fastly CDN', 'Fireblade', 'Global Privacy Control', 'GoFundMe', 'Google Analytics', 'Instagram Follow Button', 'Investor Relations', 'Jetpack', 'Jetpack Site Accelerator', 'Lovecraft', 'Microdata for Google Shopping', 'NFOrce Internet', 'Nginx', 'PHP', 'Perl', 'Python', 'QUIC', 'Schema Plugin', 'Tailwind CSS', 'Twitter Ads', 'US Privacy User Signal Mechanism', 'UTF-8', 'WordPress', 'WordPress Multisite', 'WordPress Stats', 'YouTube', 'eLand']"
lovedalehorserescue.com.au,Lovedale Horse Rescue,,,70,15549,2026-09-05T04:43:33.918526719Z,"['Alternate Protocol', 'Cloudflare', 'Contact Form Plugin', 'Content Delivery Network', 'EmbedPress', 'GoDaddy', 'GoFundMe', 'PHP', 'Theme In WP', 'Twenty Twenty', 'UTF-8', 'Wangsu', 'WordPress', 'WordPress Multisite']"
sherescuehome.org,IT'S NOT OK Projects,,AUS,65,2468,2026-09-05T04:13:12.792313361Z,"['AJAX Libraries API', 'Adobe Creative Cloud WebFonts', 'Alternate Protocol', 'Aruba', 'DAV', 'Express', 'Financial Services Guide', 'FormSubmit', 'GZIP Module', 'GoFundMe', 'Google Cloud DNS', 'InitiativeS', 'Instagram Follow Button', 'Investor Relations', 'Line2', 'Linktree', 'Microdata for Google Shopping', 'Newsletter for Wordpress', 'QUIC', 'Shopify', 'Squarespace', 'UTF-8', 'WordPress SEO Structured Data Schema Plugin', 'eLand', 'jQuery']"
galaxseaexplorers.org,HOME | GalaxSea Explorers,,CAN,87,124990,2026-09-04T23:29:15.687950359Z,"['AWS WAF Challenge', 'Alternate Protocol', 'Amazon WAF Blocked', 'Apture Linking Platform', 'Cloudflare', 'Content Delivery Network', 'DAV', 'Express', 'Fastly', 'Fastly CDN', 'Financial Services Guide', 'GZIP Module', 'GoFundMe', 'Google Related Website Sites', 'HHVM', 'Instagram Follow Button', 'KVH', 'Microdata for Google Shopping', 'NFOrce Internet', 'POWr', 'PWA', 'QUIC', 'SMC', 'Seflow Italy', 'Sentry', 'Share Link', 'SiteW', 'Sitelinks Search Box', 'Subversion', 'UTF-8', 'Vector Internet Services', 'Visx', 'Wix', 'Wix Media', 'YouTube', 'eLand', 'mlcom']"
galaxyofmoses.com,galaxyofmoses socials,,,62,3810,2026-09-04T23:29:15.68714784Z,"['501c3 Status Nonprofit', 'Adult Content', 'Alternate Protocol', 'Band Camp', 'Beacons', 'Camp', 'Etsy', 'GZIP Module', 'GoFundMe', 'Google Cloud', 'Instagram Follow Button', 'Microdata for Google Shopping', 'Nationwide Mortgage Licensing System and Registry', 'Next.js', 'OnlyFans', 'PWA', 'Subversion', 'Twitter Ads', 'UTF-8', 'WordPress', 'YouTube']"
freyaswishxo.co.uk,Freyas Wish,,,67,1200,2026-09-04T22:29:26.821049067Z,"['Apture Linking Platform', 'Express', 'GoFundMe', 'Google My Business', 'InitiativeS', 'Microdata for Google Shopping', 'Nginx', 'UTF-8', 'jQuery', 'reCAPTCHA']"
olst.co.uk,Welcome to Our Lady and St Teresa's Catholic Primary School,Our Lady and St Teresa's Catholic Primary School,USA,77,165422,2026-09-04T21:45:37.209378929Z,"['AAPT', 'AWS WAF Challenge', 'Alternate Protocol', 'Apture Linking Platform', 'CCSI', 'Content Delivery Network', 'Content ad', 'ContentBox', 'DAV', 'ETranslate', 'Express', 'Facebook CDN', 'Fancybox for WordPress', 'GTranslate', 'GZIP Module', 'GetResponse', 'GoFundMe', 'Google Analytics', 'Google My Business', 'Google Related Website Sites', 'Google Tag Manager', 'InitiativeS', 'Instagram Follow Button', 'K2F', 'KVH', 'Microdata for Google Shopping', 'Nginx', 'No-Q', 'Onyx Internet', 'Parallels Plesk Panel', 'QUIC', 'SMC', 'Subversion', 'Twitter Ads', 'UTF-8', 'University or College', 'Vimeo', 'YouTube']"
mearaisreading.com,mearaisreading (@mearaisreading) | Let's talk about books,,,52,160,2026-09-04T20:25:11.399560963Z,"['Alternate Protocol', 'Amazon Widgets', 'Beacons', 'Financial Services Guide', 'GZIP Module', 'GoFundMe', 'Google Cloud', 'Google My Business', 'Instagram Follow Button', 'Microdata for Google Shopping', 'Nationwide Mortgage Licensing System and Registry', 'Next.js', 'PWA', 'Subversion', 'Twitter Ads', 'UTF-8', 'YouTube']"
sparkytheunicorn.com,Home | Sparky the Unicorn,,USA,70,87108,2026-09-04T19:37:17.561729149Z,"['Amazon WAF Blocked', 'Apture Linking Platform', 'Cloudflare', 'Content Delivery Network', 'Express', 'Fastly', 'Fastly CDN', 'GZIP Module', 'GoFundMe', 'Google Calendar', 'Google My Business', 'Instagram Follow Button', 'Microdata for Google Shopping', 'NFOrce Internet', 'PWA', 'QUIC', 'SMC', 'Sentry', 'SiteW', 'UTF-8', 'Vector Internet Services', 'Wix', 'Wix Media', 'mlcom']"
owedsoap.com,Home | Owed Soap,,,60,26296,2026-09-04T19:37:17.511848138Z,"['Amazon WAF Blocked', 'Apture Linking Platform', 'Cloudflare', 'Content Delivery Network', 'DAV', 'Express', 'Fastly', 'Fastly CDN', 'GZIP Module', 'GoFundMe', 'InitiativeS', 'Instagram Follow Button', 'Microdata for Google Shopping', 'NFOrce Internet', 'PWA', 'QUIC', 'SMC', 'Sentry', 'SiteW', 'UTF-8', 'Vector Internet Services', 'Wix', 'Wix Media', 'YouTube', 'eLand', 'mlcom']"
malonememorialride.com,Malone Memorial Ride | Laurence Malone Ride,,PHL,80,36988,2026-09-04T18:53:38.533559188Z,"['Amazon WAF Blocked', 'Apture Linking Platform', 'Content Delivery Network', 'Fastly', 'Fastly CDN', 'GoFundMe', 'Google My Business', 'Microdata for Google Shopping', 'NFOrce Internet', 'PWA', 'QUIC', 'Sentry', 'UTF-8', 'Vector Internet Services', 'Wix', 'Wix Media', 'YouTube', 'eLand', 'mlcom']"
coloringkalisworld.org,Coloring Kali's World | Kali's World Coloring Book,,,77,172724,2026-09-04T12:01:02.802018935Z,"['AWS WAF Challenge', 'Alternate Protocol', 'Amazon WAF Blocked', 'Apture Linking Platform', 'Aruba', 'Content Delivery Network', 'Contento', 'DAV', 'Express', 'Fastly', 'Fastly CDN', 'Financial Services Guide', 'Fireblade', 'FormSubmit', 'GZIP Module', 'GitHub Hosting', 'GoFundMe', 'Google Related Website Sites', 'Instagram Follow Button', 'KVH', 'Microdata for Google Shopping', 'NFOrce Internet', 'PWA', 'PayPal Adaptive Payments', 'Pico CSS', 'QUIC', 'RM Education', 'SMC', 'Seflow Italy', 'Sentry', 'SiteW', 'Subversion', 'Thank You', 'UTF-8', 'University or College', 'Vector Internet Services', 'Wix', 'Wix Media', 'YouTube', 'eLand', 'mlcom']"
houstonpals.com,Pet Artificial Limbs & Supports | Houston PALS,Houston PALS | Pet Artifical Limbs &amp; Supports,USA,82,760,2026-09-04T10:40:13.211999852Z,"['AJAX Libraries API', 'Apache', 'GZIP Module', 'GoFundMe', 'Google Analytics', 'Google Cloud DNS', 'Google Related Website Sites', 'Microdata for Google Shopping', 'Schema Plugin', 'Tailwind CSS', 'UTF-8', 'University or College', 'YouTube', 'jQuery']"
heartmindalliance.com,Home | solutions,,BRA,75,156821,2026-09-04T09:26:49.835721413Z,"['AWS WAF Challenge', 'Alternate Protocol', 'Amazon', 'Amazon WAF Blocked', 'Apture Linking Platform', 'Cloudflare', 'Content Delivery Network', 'Corporate Governance and Regulatory Compliance', 'DAV', 'DC74', 'Express', 'Fastly', 'Fastly CDN', 'GZIP Module', 'GoFundMe', 'Investor Relations', 'K2F', 'KVH', 'Microdata for Google Shopping', 'NFOrce Internet', 'PWA', 'Perl', 'QUIC', 'SMC', 'Seflow Italy', 'Sentry', 'SiteW', 'Subversion', 'Thank You', 'Twitter Ads', 'UTF-8', 'University or College', 'Vector Internet Services', 'WP Booking Calendar', 'Wix', 'Wix Media', 'YouTube', 'eLand', 'mlcom']"
friendsofsam.org.au,Friends Of Sam – Australia,,AUS,70,467,2026-09-04T06:39:21.936055226Z,"['AJAX Libraries API', 'Alternate Protocol', 'Coming Soon Page', 'Contact Form 7', 'Contact Form Plugin', 'EmbedPress', 'Facebook Login', 'Facebook Messenger Platform', 'Facebook Reseller', 'Font Awesome', 'GoFundMe', 'Google Cloud DNS', 'Google Font API', 'LiteSpeed', 'PHP', 'QUIC', 'Theme In WP', 'UTF-8', 'Vimeo', 'WordPress', 'WordPress Multisite', 'jQuery']"
creativehappinessinstitute.com,Welcome | Creative Happiness Institute,,USA,80,104204,2026-09-04T03:07:00.434779629Z,"['501c3 Status Nonprofit', 'Amazon WAF Blocked', 'Apture Linking Platform', 'Content Delivery Network', 'DAV', 'Express', 'Fastly', 'Fastly CDN', 'Fireblade', 'FormSubmit', 'GZIP Module', 'GoFundMe', 'Instagram Follow Button', 'Microdata for Google Shopping', 'NFOrce Internet', 'PWA', 'Pico CSS', 'QUIC', 'SMC', 'Seflow Italy', 'Sentry', 'SiteW', 'Subversion', 'UTF-8', 'University or College', 'Vector Internet Services', 'Wix', 'Wix Media', 'eLand', 'mlcom']"
sprollsdesserts.com,Sprolls - Sprolls Desserts,Sprolls Desserts,USA,70,1748,2026-09-03T22:56:15.282956851Z,"['Alternate Protocol', 'Apache', 'Contact Form Plugin', 'Elementor', 'EmbedPress', 'GZIP Module', 'GoFundMe', 'Google Analytics', 'Google Tag Manager', 'Hello Elementor', 'Microdata for Google Shopping', 'NFOrce Internet', 'PHP', 'Table Addons for Elementor', 'UTF-8', 'WordPress', 'WordPress Multisite', 'jQuery']"
buildupnepal.com,Build up Nepal - Climate-friendly homes and resilient livelihoods.,Buildup Nepal,,57,458,2026-09-03T22:56:15.278878568Z,"['AWS WAF Challenge', 'Alternate Protocol', 'Amazon CloudFront', 'Apache', 'Apture Linking Platform', 'CDN JS', 'CloudFront', 'Cloudflare', 'Cloudflare CDN', 'EmbedPress', 'Facebook Conversion Tracking', 'Facebook Login', 'Facebook Messenger Platform', 'Facebook Pixel', 'Facebook Reseller', 'Facebook Tag API', 'Font Awesome', 'GZIP Module', 'GoFundMe', 'Google Analytics', 'Google Cloud DNS', 'Google Font API', 'Google Maps', 'Google My Business', 'IcoMoon', 'Instagram Follow Button', 'MailChimp for WordPress', 'Microdata for Google Shopping', 'PHP', 'Tailwind CSS', 'Theme In WP', 'Twitter Ads', 'UTF-8', 'Ubuntu', 'WordPress', 'WordPress Multisite', 'YouTube', 'jQuery', 'reCAPTCHA']"
openletteropenmedicinefoundation.com,Open Letter to the Open Medicine Foundation - A plea from a severely ill ME/CFS patient,,JPN,82,17866,2026-09-03T22:47:14.33389703Z,"['AWS WAF Challenge', 'Alternate Protocol', 'Cloudflare', 'Cloudflare CDN', 'DAV', 'EmbedPress', 'GZIP Module', 'GoFundMe', 'Google', 'Google Cloud DNS', 'Google Font API', 'Google My Business', 'Jetpack', 'Microdata for Google Shopping', 'Nginx', 'PHP', 'QUIC', 'Theme In WP', 'Twitter Ads', 'UTF-8', 'University or College', 'Woo Themes', 'WordPress', 'WordPress Multisite', 'WordPress Stats', 'YouTube', 'jQuery']"
divinebreathfoundation.org,Home | DBF,,,55,26296,2026-09-03T22:11:22.380893824Z,"['Alternate Protocol', 'Amazon WAF Blocked', 'Apture Linking Platform', 'Cloudflare', 'Content Delivery Network', 'Express', 'Facebook Embedded Posts', 'Fastly', 'Fastly CDN', 'GZIP Module', 'GoFundMe', 'Instagram Follow Button', 'Microdata for Google Shopping', 'NFOrce Internet', 'PWA', 'QUIC', 'SMC', 'Sentry', 'SiteW', 'UTF-8', 'Vector Internet Services', 'Wix', 'Wix Media', 'mlcom']"
saboa.eu,SABOA (Stichting Advies Bureau Ongevraagd Advies),,NLD,82,36200,2026-09-03T21:29:42.691844483Z,"['AWS WAF Challenge', 'Amazon CloudFront', 'Aruba', 'Baidu Cloud', 'CDN JS', 'CloudFront', 'Cloudflare', 'Cloudflare CDN', 'Fireblade', 'GZIP Module', 'GoFundMe', 'Google Analytics', 'Microdata for Google Shopping', 'Microsoft 365', 'OpenResty', 'Perl', 'UTF-8', 'eLand', 'jQuery']"
teddybearfoundationnj.com,Teddy Bear Foundation for Achondroplasia | Summit NJ Chapter,,,72,132108,2026-09-03T21:13:47.887206966Z,"['501c3 Status Nonprofit', 'Amazon WAF Blocked', 'Apture Linking Platform', 'Content Delivery Network', 'Fastly', 'Fastly CDN', 'GZIP Module', 'Gambling Content', 'GoFundMe', 'K2F', 'KVH', 'Microdata for Google Shopping', 'NFOrce Internet', 'PWA', 'QUIC', 'SMC', 'Sentry', 'SiteW', 'Subversion', 'UTF-8', 'Vector Internet Services', 'Wix', 'Wix Media', 'YouTube', 'eLand', 'mlcom']"
danversfalconfest.org,"Danvers FalconFest | Danvers, MA",,,55,3581,2026-09-03T21:13:47.865199464Z,"['501c3 Status Nonprofit', 'Alternate Protocol', 'Amazon', 'Amazon S3 CDN', 'Cloudflare', 'CoBlocks', 'Content Delivery Network', 'Divi', 'Elegant Themes', 'EmbedPress', 'GoDaddy', 'GoFundMe', 'Google Cloud DNS', 'Google Font API', 'Instagram Follow Button', 'PHP', 'Storyblocks', 'Theme In WP', 'UTF-8', 'Wangsu', 'Woo Themes', 'WordPress', 'WordPress Multisite', 'jQuery']"
simby.org,Dense That Makes Sense,DENSE THAT MAKES SENSE,,57,25481,2026-09-03T19:06:36.870985319Z,"['Aruba', 'Elfsight', 'Express', 'FormSubmit', 'GZIP Module', 'GoFundMe', 'Google Analytics', 'Google Tag Manager', 'Line2', 'Magento Enterprise', 'Microdata for Google Shopping', 'Microsoft Clarity', 'Newsletter for Wordpress', 'Pico CSS', 'QUIC', 'SiteW', 'Squarespace', 'Twitter Ads', 'UTF-8', 'WordPress SEO Structured Data Schema Plugin', 'YouTube', 'eLand']"
raizeerin.me,Raize Erin Portfolio,,PHL,75,20500,2026-09-03T17:42:14.367456731Z,"['AWS WAF Challenge', 'Apture Linking Platform', 'Calendly', 'Content Delivery Network', 'Express', 'Fastly', 'GZIP Module', 'GitHub Hosting', 'GoFundMe', 'Google', 'Google Cloud DNS', 'Google Font API', 'Google My Business', 'IcoMoon', 'InitiativeS', 'Python', 'UTF-8']"
hurmuses.com,A Good Mind – Marketing strategy and execution with a sales focus,,,55,1354,2026-09-03T13:46:47.341810012Z,"['Alternate Protocol', 'Elementor', 'EmbedPress', 'Endurance Page Cache', 'Essential Addons for Elementor', 'Fastly', 'GZIP Module', 'GoFundMe', 'Gravity', 'Gravity Forms', 'HappyAddons', 'Header, Footer and Blocks for Elementor', 'IcoMoon', 'NFOrce Internet', 'Neve', 'Nginx', 'PHP', 'QUIC', 'Sticky Header Effects for Elementor', 'Theme In WP', 'To Top', 'WordPress', 'WordPress Multisite', 'jQuery']"
poshpetnow.com,Dog Walker | Poshpetnow.com | Miami Beach,poshpetnow,USA,87,155141,2026-09-03T12:48:04.441478597Z,"['AWS WAF Challenge', 'Alternate Protocol', 'Amazon WAF Blocked', 'Apture Linking Platform', 'Cloudflare', 'Content Delivery Network', 'DAV', 'DC74', 'Express', 'Fastly', 'Fastly CDN', 'GZIP Module', 'GoFundMe', 'Google Customer Reviews', 'Google Related Website Sites', 'Instagram Follow Button', 'K2F', 'KVH', 'Microdata for Google Shopping', 'NFOrce Internet', 'Neighborhoods', 'PWA', 'Perl', 'QUIC', 'SMC', 'Seflow Italy', 'Sentry', 'SiteW', 'Subversion', 'Thank You', 'UTF-8', 'Vector Internet Services', 'WP Booking Calendar', 'Wix', 'Wix Media', 'eLand', 'mlcom']"
livelikejoey.com,Home - Live Like Joey,,,40,3,2026-09-03T11:38:32.03415217Z,"['Alternate Protocol', 'Autoptimize', 'EmbedPress', 'GoFundMe', 'Google Cloud DNS', 'Google Font API', 'Microdata for Google Shopping', 'Nginx', 'UTF-8', 'WordPress', 'WordPress Multisite', 'jQuery']"
kaloumbankhi.com,Kaloum Bankhi,,GIN,72,9960,2026-09-03T02:10:19.501152452Z,"['501c3 Status Nonprofit', 'Adobe Creative Cloud WebFonts', 'Content Delivery Network', 'Fastly', 'Fastly CDN', 'GZIP Module', 'GoFundMe', 'Instagram Follow Button', 'Twitter Ads', 'UTF-8']"
forksintheroad.com,Home | forksintheroad,,,70,89108,2026-09-03T00:59:05.4513811Z,"['Alternate Protocol', 'Amazon WAF Blocked', 'Amazon Widgets', 'Apture Linking Platform', 'Content Delivery Network', 'Express', 'Fastly', 'Fastly CDN', 'GZIP Module', 'GoFundMe', 'Google My Business', 'Microdata for Google Shopping', 'NFOrce Internet', 'PWA', 'QUIC', 'SMC', 'Seflow Italy', 'Sentry', 'SiteW', 'Twitter Ads', 'UTF-8', 'University or College', 'Vector Internet Services', 'Wix', 'Wix Media', 'eLand', 'mlcom']"
museumoffamilyhistory.com,Museum of Family History,,USA,60,,2026-09-03T00:15:12.462707254Z,"['Apache', 'GoFundMe', 'Google Custom Search', 'Google My Business', 'Investor Relations', 'Neighborhoods', 'YouTube']"
kaminaowo.com,"@kaminaxowo | Donate to A Loving Daughter, Girlfriend & | Beacons",,,52,15244,2026-09-02T22:04:34.148622532Z,"['Adult Content', 'Alternate Protocol', 'Beacons', 'GZIP Module', 'GoFundMe', 'Google Cloud', 'Instagram Follow Button', 'Microdata for Google Shopping', 'Next.js', 'OnlyFans', 'PWA', 'SMC', 'Subversion', 'Twitter Ads', 'UTF-8', 'Unsplash', 'YouTube']"
steventurco.com,H O M E | Steven Turco | DP,,USA,70,94270,2026-09-02T20:51:54.293825592Z,"['Amazon WAF Blocked', 'Apture Linking Platform', 'Cloudflare', 'Content Delivery Network', 'DAV', 'DC74', 'Express', 'Fastly', 'Fastly CDN', 'Financial Services Guide', 'GZIP Module', 'GoFundMe', 'Instagram Follow Button', 'Microdata for Google Shopping', 'NFOrce Internet', 'POWr', 'PWA', 'QUIC', 'SMC', 'Seflow Italy', 'Sentry', 'SiteW', 'Subversion', 'UTF-8', 'Vector Internet Services', 'Wix', 'Wix Media', 'eLand', 'mlcom']"
emsnews.org,Ethiopian Media Services – EMS,,,65,3006,2026-09-02T09:14:55.719878163Z,"['Alternate Protocol', 'Charity Navigator', 'Contact Form Plugin', 'Content Delivery Network', 'Elementor', 'EmbedPress', 'GoFundMe', 'Google Adsense', 'Google Analytics', 'Google Cloud DNS', 'Google Font API', 'Google Funding Choices', 'Google Matched Content', 'Google My Business', 'Google Related Website Sites', 'Google Reseller', 'Google Tag Manager', 'IcoMoon', 'LiteSpeed', 'NFOrce Internet', 'Ntent', 'PHP', 'Share Link', 'Shuttle Themes', 'Stripe', 'Theme In WP', 'Twitter Ads', 'UTF-8', 'WordPress', 'WordPress Multisite', 'YouTube', 'jQuery']"
sobremesa.life,Sobremesa - Gather round the table,Sobremesa,ESP,77,2196,2026-08-27T09:51:17.487674979Z,"['Adobe Creative Cloud WebFonts', 'Alternate Protocol', 'Aruba', 'Express', 'FormSubmit', 'GZIP Module', 'GoFundMe', 'Google Analytics', 'Google Tag Manager', 'Instagram Follow Button', 'Line2', 'Microdata for Google Shopping', 'MyFonts', 'Newsletter for Wordpress', 'QUIC', 'Squarespace', 'Trustmary', 'UTF-8', 'WordPress SEO Structured Data Schema Plugin', 'eLand']"
floridacoalitionforsafetechnology.com,Florida Coalition,,USA,70,8835,2026-08-27T08:41:44.199999471Z,"['Alternate Protocol', 'Elementor', 'ElementsKit Elementor', 'EmbedPress', 'GoFundMe', 'Hello Elementor', 'LiteSpeed', 'Microdata for Google Shopping', 'NFOrce Internet', 'Neighborhoods', 'PHP', 'Prospective', 'QUIC', 'Theme In WP', 'UTF-8', 'WordPress', 'WordPress Multisite', 'YouTube', 'jQuery']"
skk.one,skk.one,,MCO,67,3099,2026-08-27T07:16:52.813172136Z,"['Community', 'DAV', 'Font Awesome', 'GZIP Module', 'GitHub Hosting', 'GoFundMe', 'Liberapay', 'Mastodon', 'Open Collective', 'Perl', 'Tailwind CSS', 'UTF-8', 'itch.io', 'shadcn ui']"
wanderlustbooks.net,Mood Reading Msya,,,27,1203,2026-08-27T04:08:42.238905929Z,"['Apache', 'Carrd', 'GZIP Module', 'GoFundMe', 'Google Cloud DNS', 'Google Font API', 'Instagram Follow Button', 'Vector Internet Services']"
lastalarmnc.com,"Last Alarm Foundation of North Carolina, Inc.",,USA,80,101333,2026-08-27T02:40:30.4008712Z,"['Adobe Creative Cloud WebFonts', 'Aruba', 'Contento', 'Express', 'GZIP Module', 'GoFundMe', 'Line2', 'Magento Enterprise', 'Microdata for Google Shopping', 'QUIC', 'SiteW', 'Squarespace', 'UTF-8', 'WordPress SEO Structured Data Schema Plugin', 'eLand']"
stephenedwardsphotographyandvideoproduction.com,HOME | Stephen Edwards Photography | California,,,72,3792,2026-08-26T17:30:23.450548795Z,"['Amazon CloudFront', 'Apture Linking Platform', 'CloudFront', 'Duda', 'Ethy', 'Express', 'FormSubmit', 'GZIP Module', 'GoFundMe', 'Instagram Follow Button', 'Microdata for Google Shopping', 'Nginx', 'Shutterstock', 'Tailwind CSS', 'Thank You', 'Twitter Ads', 'UTF-8']"
thebriefing.org,The Briefing – Award Winning Independent News Outlet,,GBR,67,8186,2026-08-26T15:41:36.170358796Z,"['Add to Any', 'Alternate Protocol', 'Amazon WAF Blocked', 'CDN JS', 'Cisco/Arrowpoint Content Service Switch', 'Cloudflare', 'Cloudflare CDN', 'Elementor', 'EmbedPress', 'GoFundMe', 'Google Adsense', 'Google Cloud DNS', 'Google Font API', 'Google Funding Choices', 'Google Matched Content', 'Google My Business', 'Google Reseller', 'Gravity', 'Gravity Forms', 'Hello Elementor', 'Instagram Follow Button', 'Microdata for Google Shopping', 'NFOrce Internet', 'PHP', 'QUIC', 'Royal Elementor Addons', 'Sitelinks Search Box', 'Table Addons for Elementor', 'Theme In WP', 'UTF-8', 'WordPress', 'WordPress Multisite', 'YouTube', 'jQuery', 'reCAPTCHA']"
cumberlandpride.org,Cumberland Pride,,,52,541,2026-08-26T15:04:23.160780119Z,"['Adobe Creative Cloud WebFonts', 'Alternate Protocol', 'Aruba', 'Express', 'GZIP Module', 'GoFundMe', 'Instagram Follow Button', 'Line2', 'Microdata for Google Shopping', 'QUIC', 'Squarespace', 'Tailwind CSS', 'UTF-8', 'WordPress SEO Structured Data Schema Plugin', 'eLand']"
reclaimturtleisland.com,Reclaim Turtle Island | Defend our lands. Shut down the tar sands.,,CAN,70,28286,2026-08-26T13:28:00.087106118Z,"['Alternate Protocol', 'Apache', 'Automattic', 'DAV', 'EmbedPress', 'Fireblade', 'GoFundMe', 'Google Cloud DNS', 'Google Font API', 'Investor Relations', 'Jetpack', 'Jetpack Site Accelerator', 'Meta Slider for WordPress', 'PHP', 'Phew', 'Share Link', 'Theme In WP', 'UTF-8', 'University or College', 'WordPress', 'WordPress Multisite', 'WordPress Stats', 'YouTube', 'eLand', 'jQuery']"
casociety315.com,"Donate to SOCIETY 315, September 2024",,USA,72,14731,2026-08-26T11:14:57.123844217Z,"['501c3 Status Nonprofit', 'Alternate Protocol', 'Amazon CloudFront', 'Cisco/Arrowpoint Content Service Switch', 'Classy', 'CloudFront', 'Cloudflare', 'Cloudflare Web Analytics', 'Coming Soon Page', 'Express', 'GoFundMe', 'Google My Business', 'Instagram Follow Button', 'Line2', 'Microdata for Google Shopping', 'Next.js', 'Ntent', 'Pleroma', 'Storybook', 'Thank You', 'Twitter Ads', 'UTF-8']"
asdireland.ie,ASD Ireland,ASD Ireland,,62,60998,2026-08-26T10:01:54.618944806Z,"['Alternate Protocol', 'Apple Auto Link Maker', 'CoBlocks', 'Content Delivery Network', 'EmbedPress', 'GoFundMe', 'Google Analytics', 'Google Cloud DNS', 'Google Font API', 'Google My Business', 'Google Play', 'Google Tag Manager', 'Instagram Follow Button', 'Line2', 'LiteSpeed', 'Matomo', 'Matomo Tag Manager', 'Microdata for Google Shopping', 'Primer', 'QUIC', 'QUIC.cloud', 'RM Education', 'SMC', 'Simple Social Icons', 'Sitelinks Search Box', 'Stripe', 'Twitter Ads', 'UTF-8', 'Vello', 'Woo Themes', 'WordPress', 'WordPress Multisite', 'YouTube', 'eLand']"
uwci.org,United Way of Central Indiana,United Way of Central Indiana,USA,70,82233,2026-08-26T05:36:49.476256091Z,"['501c3 Status Nonprofit', 'Accordion Blocks', 'Accordion FAQ', 'Adobe Creative Cloud WebFonts', 'Aruba', 'Boardable', 'ExactHire', 'Express', 'Facebook Login', 'Facebook Messenger Platform', 'Facebook Pixel', 'Facebook Reseller', 'Facebook Tag API', 'GZIP Module', 'GoFundMe', 'Google Analytics', 'Google Tag Manager', 'InitiativeS', 'Instagram Follow Button', 'Line2', 'Magento Enterprise', 'Microdata for Google Shopping', 'QUIC', 'SiteW', 'Squarespace', 'Twitter Ads', 'UTF-8', 'WordPress SEO Structured Data Schema Plugin', 'YouTube', 'eLand']"
peaks4all.org,Home | Peaks4all,,,45,27051,2026-08-26T05:36:49.464359978Z,"['Alternate Protocol', 'Amazon WAF Blocked', 'Apture Linking Platform', 'Content Delivery Network', 'DAV', 'Express', 'Fastly', 'Fastly CDN', 'GZIP Module', 'GoFundMe', 'Instagram Follow Button', 'Microdata for Google Shopping', 'NFOrce Internet', 'POWr', 'PWA', 'Perl', 'QUIC', 'SMC', 'Seflow Italy', 'Sentry', 'SiteW', 'Thank You', 'UTF-8', 'Vector Internet Services', 'WP Booking Calendar', 'Wix', 'Wix Media', 'mlcom']"
thestarjumpchallenge.org,The Star Jump Challenge – Help us reverse the type 2 diabetes epidemic!,,CAN,65,19237,2026-08-26T02:36:33.694576017Z,"['AWS WAF Challenge', 'Alternate Protocol', 'Apache', 'Astra Theme', 'Contact Form Plugin', 'Elementor', 'ElementsKit Elementor', 'EmbedPress', 'Essential Addons for Elementor', 'GZIP Module', 'GoFundMe', 'Google Cloud DNS', 'Google Font API', 'Header, Footer and Blocks for Elementor', 'Instagram Follow Button', 'Microsoft 365', 'PHP', 'QUIC', 'Royal Elementor Addons', 'Theme In WP', 'Twitter Ads', 'UTF-8', 'University or College', 'Woo Themes', 'WordPress', 'WordPress Multisite', 'WordPress Related Posts', 'YouTube', 'jQuery']"
shakinghandsfilm.com,Shaking Hands with the Devil,,,67,10200,2026-08-25T21:33:24.742047247Z,"['Adobe Creative Cloud WebFonts', 'Content Delivery Network', 'DAV', 'Fastly', 'Fastly CDN', 'GZIP Module', 'GoFundMe', 'Instagram Follow Button', 'UTF-8', 'Vimeo']"
scpsychotherapy.co.uk,Shropshire Psychotherapy & Support for Children & Families - Sea Change Family,The Sea Change Family,SYC,87,15767,2026-08-25T21:33:24.717192687Z,"['AWS WAF Challenge', 'Akismet', 'Alternate Protocol', 'Apture Linking Platform', 'Content Delivery Network', 'EmbedPress', 'Font Awesome', 'GZIP Module', 'GoFundMe', 'Google Analytics', 'Google Cloud DNS', 'Google Font API', 'Google My Business', 'Google Tag Manager', 'Gravity', 'Gravity Forms', 'Instagram Follow Button', 'Microdata for Google Shopping', 'Nginx', 'PHP', 'Parallels Plesk Panel', 'Theme In WP', 'UTF-8', 'WordPress', 'WordPress Multisite', 'jQuery']"
bobgoff.co.uk,BOBGOFF.CO.UK | BRISTOL UK,,FRA,75,88,2026-08-25T17:13:11.249002896Z,"['Alternate Protocol', 'Coming Soon Page', 'DAV', 'EmbedPress', 'Express', 'GoFundMe', 'Hupso Toolbar', 'LiteSpeed', 'Perl', 'QUIC', 'Taboola Direct', 'The Deck', 'Twenty Eleven', 'UTF-8', 'WordPress', 'WordPress Multisite', 'eLand', 'jQuery']"
thebluemoonseattle.com,Home | Blue Moon Tavern |Bar| Seattle,Bluemoon tavern,USA,72,89828,2026-08-25T16:58:25.421162401Z,"['Alternate Protocol', 'Amazon WAF Blocked', 'Apture Linking Platform', 'Content Delivery Network', 'Corporate Governance and Regulatory Compliance', 'Express', 'Fastly', 'Fastly CDN', 'GZIP Module', 'GoFundMe', 'Google Related Website Sites', 'Instagram Follow Button', 'Microdata for Google Shopping', 'NFOrce Internet', 'PWA', 'Perl', 'QUIC', 'SMC', 'Seflow Italy', 'Sentry', 'SiteW', 'Thank You', 'Twitter Ads', 'UTF-8', 'Vector Internet Services', 'Wix', 'Wix Media', 'YouTube', 'mlcom']"
saveangus.co.uk,Home - STIG,stig.group,,67,1864,2026-08-25T13:08:42.839359086Z,"['Advanced iFrame', 'Alternate Protocol', 'Astra Theme', 'EmbedPress', 'Gambling Content', 'GenerateBlocks', 'GoFundMe', 'Google Analytics', 'Google Cloud DNS', 'Google Font API', 'Google My Business', 'Google Tag Manager', 'Microdata for Google Shopping', 'MonsterInsights', 'PHP', 'Pico CSS', 'Popup Maker for Wordpress', 'Sitelinks Search Box', 'Theme In WP', 'To Top', 'UTF-8', 'Ultimate Addons for Gutenberg', 'Woo Themes', 'WordPress', 'WordPress Multisite', 'WordPress Related Posts', 'jQuery', 'reCAPTCHA']"
greenturtlecayfoundation.org,Green Turtle Cay Foundation,,,60,3448,2026-08-25T12:49:42.835064244Z,"['501c3 Status Nonprofit', 'Amazon Widgets', 'GoDaddy', 'GoFundMe', 'Google', 'Google Cloud DNS', 'Google Font API', 'Line2', 'PWA', 'Share Link', 'UTF-8', 'Wangsu', 'Website Tonight']"
zardoziaustralia.org,Zardozi Australia – Empowering Afghan Women – Breaking the cycle of poverty and oppression,,THA,77,647,2026-08-25T12:41:19.84684466Z,"['Alternate Protocol', 'Automattic', 'Content Delivery Network', 'EmbedPress', 'GoFundMe', 'Google My Business', 'Investor Relations', 'Jetpack', 'Jetpack Site Accelerator', 'Nginx', 'Perl', 'Tailwind CSS', 'UTF-8', 'WordPress', 'WordPress Multisite', 'WordPress Stats']"
anthemlemonaidchkd.org,Anthem LemonAid | The King's Daughters,,USA,77,1067,2026-08-25T09:55:12.882561817Z,"['Amazon WAF Blocked', 'Font Awesome', 'GZIP Module', 'GoFundMe', 'Google Analytics', 'Google Tag Manager', 'IcoMoon', 'Instagram Follow Button', 'OSS CDN', 'PWA', 'QUIC', 'Qgiv', 'Tailwind CSS', 'UTF-8']"
catholiccharitiesdoc.org,Catholic Charities Diocese of Charlotte | Help & Hope Home - Catholic Charities Diocese of Charlotte,,USA,82,24047,2026-08-24T23:25:21.458444608Z,"['AWS WAF Challenge', 'Alternate Protocol', 'Automattic', 'Classy', 'Cloudflare', 'Cloudflare CDN', 'CoBlocks', 'Content Delivery Network', 'EmbedPress', 'GoFundMe', 'Google', 'Google Analytics', 'Google My Business', 'Google Tag Manager', 'Instagram Follow Button', 'Jetpack', 'Jetpack Site Accelerator', 'Microdata for Google Shopping', 'Nginx', 'Perl', 'QUIC', 'UTF-8', 'WordPress', 'WordPress Multisite', 'WordPress Stats', 'YouTube', 'jQuery']"
freethewhisky.com,Free The Whisky – Fighting for Justice and Reform from BC's Liquor Laws,,CAN,65,19182,2026-08-24T17:23:39.434690669Z,"['AWS WAF Challenge', 'Alternate Protocol', 'Cloudflare', 'Cloudflare CDN', 'DAV', 'EmbedPress', 'GZIP Module', 'GoFundMe', 'Google', 'Google My Business', 'Instagram Follow Button', 'Jetpack', 'NFOrce Internet', 'Nginx', 'PHP', 'Thank You', 'Theme In WP', 'Twenty Twenty', 'Twitter Ads', 'UTF-8', 'Woo Themes', 'WordPress', 'WordPress Multisite']"
galahads-sanctuary.com,Galahad's Animal Sanctuary | Animal Tour | Zoom | Gisborne | B&B,Galahad's Animal Sanctuary,SYC,87,166575,2026-08-24T14:36:26.215884911Z,"['AWS WAF Challenge', 'Airbnb', 'Alternate Protocol', 'Amazon WAF Blocked', 'Apture Linking Platform', 'Camp', 'Cloudflare', 'Content Delivery Network', 'DAV', 'Express', 'Fastly', 'Fastly CDN', 'Fireblade', 'GZIP Module', 'GoFundMe', 'Google Related Website Sites', 'Instagram Follow Button', 'K2F', 'KVH', 'Linktree', 'Microdata for Google Shopping', 'NFOrce Internet', 'POWr', 'PWA', 'Perl', 'QUIC', 'SMC', 'Seflow Italy', 'Sentry', 'SiteW', 'Subversion', 'Thank You', 'UTF-8', 'Vector Internet Services', 'WP Booking Calendar', 'Wix', 'Wix Media', 'YouTube', 'eLand', 'mlcom']"
devonospreys.co.uk,Home | Devon Osprey Partnership,,,77,90303,2026-08-24T06:38:24.922862439Z,"['Alternate Protocol', 'Amazon WAF Blocked', 'Apture Linking Platform', 'Content Delivery Network', 'DAV', 'Express', 'Fastly', 'Fastly CDN', 'GZIP Module', 'GoFundMe', 'Google Related Website Sites', 'Instagram Follow Button', 'Microdata for Google Shopping', 'NFOrce Internet', 'POWr', 'PWA', 'Perl', 'QUIC', 'SMC', 'Seflow Italy', 'Sentry', 'SiteW', 'Sitelinks Search Box', 'Thank You', 'UTF-8', 'Vector Internet Services', 'WP Booking Calendar', 'Wix', 'Wix Media', 'WordPress Related Posts', 'eLand', 'mlcom']"
valleyofthesuncc.com,Valley of the Sun Casual Club,Valley of the Sun Casual Club,GBR,87,71067,2026-08-23T22:11:41.6103044Z,"['AJAX Libraries API', 'AWS WAF Challenge', 'Adult Content', 'Alternate Protocol', 'Coming Soon Page', 'CoolText', 'DAV', 'Express', 'Facebook Like', 'Fastly', 'Financial Services Guide', 'GZIP Module', 'Gambling Content', 'Giphy', 'GoFundMe', 'Google', 'Google Analytics', 'Google Cloud DNS', 'Google Font API', 'Google My Business', 'Google Related Website Sites', 'Google Tag Manager', 'IcoMoon', 'Imgbox', 'Microdata for Google Shopping', 'Ntent', 'PWA', 'QUIC', 'SMC', 'Sitelinks Search Box', 'Twitter Ads', 'UTF-8', 'eLand', 'jQuery', 'phpBB']"
mediadoghire.com,Media Dog Hire - HD Camera & Broadcast Equipment Hire,Media Dog Hire,USA,82,2929,2026-08-23T18:19:06.609151356Z,"['3 Products', 'Alternate Protocol', 'Ametys', 'Cookie Accept', 'Cookie Notice', 'EmbedPress', 'Express', 'Featured Video Plus', 'GZIP Module', 'GoFundMe', 'Google', 'Google Analytics', 'Google Cloud DNS', 'Google Font API', 'Google My Business', 'Google Tag Manager', 'Instagram Follow Button', 'Microdata for Google Shopping', 'Nginx', 'PHP', 'SVG Support', 'Share Link', 'Theme In WP', 'UTF-8', 'Vimeo', 'WP Super Cache', 'WordPress', 'WordPress Multisite', 'jQuery']"
stokedonms.org.uk,Stoked on MS,,GBR,77,39220,2026-08-23T16:29:30.971606835Z,"['AWS WAF Challenge', 'Amazon CloudFront', 'Aruba', 'Baidu Cloud', 'CDN JS', 'CloudFront', 'Cloudflare', 'Cloudflare CDN', 'GZIP Module', 'GoFundMe', 'Google Analytics', 'Google My Business', 'Google Related Website Sites', 'Instagram Follow Button', 'Microdata for Google Shopping', 'OpenResty', 'Perl', 'Storyblocks', 'Twitter Ads', 'UTF-8', 'Vimeo', 'Vimeo CDN', 'YouTube', 'eLand', 'jQuery', 'mlcom']"
garden-of-vegan.org,Our Compass | Because justice directs us …,,GBR,82,48626,2026-08-23T16:29:30.952866879Z,"['AWS WAF Challenge', 'Adult Content', 'Alternate Protocol', 'Amazon Widgets', 'Apture Linking Platform', 'Automattic', 'Bing Cashback', 'CoBlocks', 'Coming Soon Page', 'ETranslate', 'EmbedPress', 'Engaging Networks', 'Express', 'Financial Services Guide', 'Fireblade', 'GDPR Consent Management Platform', 'GTranslate', 'GoFundMe', 'Google My Business', 'Instagram Follow Button', 'Jetpack', 'Jetpack Site Accelerator', 'Nginx', 'Perl', 'QUIC', 'Tailwind CSS', 'Twitter Ads', 'UTF-8', 'University or College', 'Vimeo', 'WordPress', 'WordPress Multisite', 'WordPress Stats', 'YouTube', 'eLand']"
immortalathleticsclub.com,Home | Immortal Athletics Club,I. Athletics,VEN,80,94583,2026-08-23T16:00:26.547228719Z,"['Alternate Protocol', 'Amazon WAF Blocked', 'Apture Linking Platform', 'Cisco/Arrowpoint Content Service Switch', 'Cloudflare', 'Content Delivery Network', 'DAV', 'Express', 'Fastly', 'Fastly CDN', 'GZIP Module', 'GoFundMe', 'Instagram Follow Button', 'Microdata for Google Shopping', 'NFOrce Internet', 'POWr', 'PWA', 'Perl', 'QUIC', 'SMC', 'Seflow Italy', 'Sentry', 'SiteW', 'Subversion', 'Thank You', 'UTF-8', 'University or College', 'Vector Internet Services', 'WP Booking Calendar', 'Wix', 'Wix Media', 'eLand', 'mlcom']"
growinginfaithblog.com,Christian Faith Blog for Spiritual Growth | Growing in Fait,Growing In Faith Blog,,67,19381,2026-08-23T14:34:20.496055893Z,"['AWS WAF Challenge', 'Add to Any', 'Alternate Protocol', 'Amazon Widgets', 'Astra Theme', 'Cloudflare', 'Cloudflare CDN', 'Content Delivery Network', 'CookieYes', 'EmbedPress', 'Facebook Login', 'Facebook Messenger Platform', 'Facebook Reseller', 'GoFundMe', 'Google', 'Google Analytics', 'Google My Business', 'Google Related Website Sites', 'Google Tag Manager', 'Gutenberg', 'Instagram Follow Button', 'MailPoet', 'Microdata for Google Shopping', 'MonsterInsights', 'Nginx', 'PHP', 'Popup Maker for Wordpress', 'QUIC', 'SiteGround Optimizer', 'Thank You', 'Theme In WP', 'UTF-8', 'WPForms', 'Woo Themes', 'WooCommerce', 'WooCommerce Checkout', 'WordPress', 'WordPress Multisite', 'WordPress Related Posts', 'jQuery']"
studentmakers.org,Student Makers | Empowering the Next Generation of Creators,,USA,72,15240,2026-08-23T14:23:40.090633709Z,"['501c3 Status Nonprofit', 'AWS WAF Challenge', 'Content Delivery Network', 'GoFundMe', 'InitiativeS', 'Next.js', 'Python', 'Tailwind CSS', 'UTF-8', 'Vercel', 'eLand']"
davidszafranski.net,The Sin Of Retirement | Redefine Your Retirement - United States,The Sin of Retirement,,87,144924,2026-08-23T13:51:40.992666277Z,"['501c3 Status Nonprofit', 'AWS WAF Challenge', 'Alternate Protocol', 'Amazon WAF Blocked', 'Amazon Widgets', 'Apture Linking Platform', 'Cloudflare', 'Content Delivery Network', 'DAV', 'Express', 'Fastly', 'Fastly CDN', 'Financial Services Guide', 'Fireblade', 'FormSubmit', 'GZIP Module', 'GoFundMe', 'Google Related Website Sites', 'K2F', 'Microdata for Google Shopping', 'NFOrce Internet', 'PWA', 'Pico CSS', 'QUIC', 'SMC', 'Seflow Italy', 'Sentry', 'SiteW', 'Subversion', 'Thank You', 'UTF-8', 'University or College', 'Vector Internet Services', 'Wix', 'Wix Media', 'YouTube', 'eLand', 'mlcom']"
standupforellen.com,Stand Up For Ellen – Name the School!,,USA,70,69666,2026-08-23T12:18:46.647678587Z,"['AWS WAF Challenge', 'Alternate Protocol', 'Amazon WAF Blocked', 'Cloudflare', 'Cloudflare CDN', 'Content Delivery Network', 'Elementor', 'EmbedPress', 'Essential Addons for Elementor', 'Font Awesome', 'GiveWP', 'GoFundMe', 'Google', 'Google Cloud DNS', 'Google Font API', 'Google My Business', 'Instagram Follow Button', 'NFOrce Internet', 'Nginx', 'PHP', 'QUIC', 'SMC', 'SiteGround Optimizer', 'Table Addons for Elementor', 'Theme In WP', 'UTF-8', 'Woo Themes', 'WooCommerce', 'WooCommerce Checkout', 'WordPress', 'WordPress Multisite', 'YouTube', 'jQuery']"
darkskinisbeautifulcampaign.com,Home | Dark Skin is Beautiful Campaign,The Dark Skin is Beautiful Campaign,,80,241498,2026-08-23T06:50:25.293420483Z,"['Alternate Protocol', 'Amazon WAF Blocked', 'Apture Linking Platform', 'Better Lead Generation Services', 'Content Delivery Network', 'DAV', 'Epic Form Builder', 'Express', 'Facebook Embedded Posts', 'Fastly', 'Fastly CDN', 'Financial Services Guide', 'GZIP Module', 'GoFundMe', 'Google Customer Reviews', 'LiveChat Monitoring', 'Microdata for Google Shopping', 'NFOrce Internet', 'POWr', 'PWA', 'PayPal Adaptive Payments', 'Perl', 'QUIC', 'SMC', 'Salesforce Hosted', 'Seflow Italy', 'Sentry', 'SiteW', 'Social Intents', 'Subversion', 'Twitter Ads', 'UTF-8', 'University or College', 'Vector Internet Services', 'VocalReferences', 'WP Booking Calendar', 'Wix', 'Wix Media', 'YouTube', 'eLand', 'mlcom']"
raretrait.org,Home,,USA,50,29053,2026-08-23T04:42:47.082703865Z,"['Apache', 'Apture Linking Platform', 'ClickOn', 'DAV', 'Express', 'Financial Services Guide', 'GZIP Module', 'GitHub Hosting', 'GoFundMe', 'Google', 'Google Analytics', 'Google Cloud CDN', 'Google Cloud DNS', 'Google Font API', 'Google My Business', 'Google Recommendations AI', 'Google Related Website Sites', 'Google Tag Manager', 'KVH', 'Microdata for Google Shopping', 'NFOrce Internet', 'Ntent', 'Onyx Internet', 'Plausible Analytics', 'SMC', 'Sapper', 'Schema Plugin', 'Subversion', 'UTF-8', 'YouTube']"
tsm-fdn-brl.org,The Saint Martin Foundation | Support Child and Women Empowerment Today,The Saint Martin Foundation ,USA,77,81429,2026-08-23T04:42:47.065485867Z,"['Adobe Creative Cloud WebFonts', 'Aruba', 'Express', 'FormSubmit', 'GZIP Module', 'GoFundMe', 'InitiativeS', 'Line2', 'Magento Enterprise', 'Microdata for Google Shopping', 'QUIC', 'SiteW', 'Squarespace', 'UTF-8', 'Vector Internet Services', 'WordPress SEO Structured Data Schema Plugin', 'eLand']"
beyondrobotics.org,Home - Beyond Robotics,,,60,1714,2026-08-23T02:16:24.666557061Z,"['AWS WAF Challenge', 'Alternate Protocol', 'Automattic', 'Cloudflare', 'Cloudflare CDN', 'Creative Mail by Constant Contact', 'Elementor', 'EmbedPress', 'Essential Addons for Elementor', 'Ethy', 'GZIP Module', 'GoFundMe', 'Google', 'Google My Business', 'Instagram Follow Button', 'Jetpack', 'Microdata for Google Shopping', 'NFOrce Internet', 'Nginx', 'OceanWP', 'PHP', 'Sitelinks Search Box', 'Tailwind CSS', 'The Events Calendar', 'Theme In WP', 'UTF-8', 'WP Mobile Menu', 'WPForms', 'Woo Themes', 'WooCommerce Checkout', 'WordPress', 'WordPress Multisite', 'WordPress Stats', 'YouTube', 'jQuery']"
opgrace.org,Support Veteran Service Animal Training Programs in TX!,Operation Grace,,67,2254,2026-08-23T00:44:10.658819068Z,"['Adobe Creative Cloud WebFonts', 'Alternate Protocol', 'Content Delivery Network', 'Elementor', 'EmbedPress', 'Essential Addons for Elementor', 'Facebook Conversion Tracking', 'Facebook Login', 'Facebook Messenger Platform', 'Facebook Pixel', 'Facebook Reseller', 'Facebook Tag API', 'FormSubmit', 'GoFundMe', 'Google Analytics', 'Google Tag Manager', 'Hello Elementor', 'Instagram Follow Button', 'Microdata for Google Shopping', 'NFOrce Internet', 'Nginx', 'PHP', 'Table Addons for Elementor', 'Theme In WP', 'UTF-8', 'WordPress', 'WordPress Multisite', 'YouTube', 'jQuery']"
littletreehuggersllc.com,Preschool | Little Tree Huggers | Leesburg VA,Little Tree Huggers Preschool,,87,134828,2026-08-22T22:51:39.674595625Z,"['Alternate Protocol', 'Amazon WAF Blocked', 'Apture Linking Platform', 'Content Delivery Network', 'Express', 'Fastly', 'Fastly CDN', 'GZIP Module', 'GoFundMe', 'Google Related Website Sites', 'InitiativeS', 'K2F', 'KVH', 'Microdata for Google Shopping', 'NFOrce Internet', 'PWA', 'QUIC', 'SMC', 'Seflow Italy', 'Sentry', 'SiteW', 'Subversion', 'Tailwind CSS', 'Thank You', 'UTF-8', 'Vector Internet Services', 'Wix', 'Wix Media', 'eLand', 'mlcom']"
mountaingaming.org,Mountain Gaming,Mountain Gaming,,62,76528,2026-08-22T19:09:09.612060054Z,"['Adobe Creative Cloud WebFonts', 'Aruba', 'Express', 'FormSubmit', 'GZIP Module', 'GoFundMe', 'Google Analytics', 'Google Tag Manager', 'Instagram Follow Button', 'Line2', 'Magento Enterprise', 'Microdata for Google Shopping', 'Newsletter for Wordpress', 'Pico CSS', 'QUIC', 'SiteW', 'Squarespace', 'UTF-8', 'WordPress SEO Structured Data Schema Plugin', 'YouTube', 'eLand']"
