domain,title,business_name,country,seo_score,tech_spend,crawled_at,technologies
admolifestyle.com,Home - ADMO Lifestyle,,GBR,77,295,2026-10-07T19:10:57.794452806Z,"['Alternate Protocol', 'Angular', 'Apache', 'Apture Linking Platform', 'CDN JS', 'Cloudflare', 'Cloudflare CDN', 'Coming Soon Page', 'EmbedPress', 'Font Awesome', 'Google Analytics', 'Google Tag Manager', 'Instagram Follow Button', 'Microdata for Google Shopping', 'PHP', 'Popup Maker for Wordpress', 'QUIC', 'Site Kit', 'Sitelinks Search Box', 'Theme In WP', 'UTF-8', 'WPBakery', 'WordPress', 'WordPress Multisite', 'jQuery']"
villaklotildi.gr,Villa Klotildi,Villa Klotildi,FRA,72,3739,2026-10-07T19:10:57.789897929Z,"['Amazon WAF Blocked', 'Angular', 'Apache', 'Apture Linking Platform', 'Fancybox for WordPress', 'Font Awesome', 'GZIP Module', 'GitHub Hosting', 'Google Analytics', 'Google Cloud DNS', 'Google Font API', 'Google My Business', 'Google Tag Manager', 'Microdata for Google Shopping', 'New Relic', 'PHP', 'Tailwind CSS', 'UTF-8', 'reCAPTCHA']"
aquavivus.be,Aqua Vivus – Specialist in duurzame waterbehandeling,,BEL,77,4300,2026-10-07T19:03:13.230061661Z,"['Adobe Creative Cloud WebFonts', 'Angular', 'Bulma', 'CDN JS', 'Cloudflare', 'Cloudflare CDN', 'Express', 'GZIP Module', 'Google Analytics', 'Google Tag Manager', 'Microsoft Azure', 'Microsoft Azure Blob Storage', 'Microsoft IIS', 'Tailwind CSS', 'UTF-8', 'Visual Studio', 'jsDelivr']"
weathertightext.com,WeatherTight Exteriors • Superior Solutions for Home Exteriors,"WeatherTight Exteriors, LLC",FRA,82,39026,2026-10-07T18:41:31.187193088Z,"['AWS WAF Challenge', 'Alternate Protocol', 'Angular', 'Automattic', 'BatCache', 'Cloudflare', 'Cloudflare CDN', 'CoBlocks', 'Contact Form Plugin', 'Content Delivery Network', 'DAV', 'Elementor', 'EmbedPress', 'Fastly', 'Fireblade', 'Google', 'Google Cloud DNS', 'Google Font API', 'Google My Business', 'Gutenberg', 'Instagram Follow Button', 'Jetpack', 'Jetpack Site Accelerator', 'Microdata for Google Shopping', 'Nginx', 'Photo Gallery for WordPress', 'Share Link', 'Smart Slider 3', 'TrustIndex', 'Twitter Ads', 'UTF-8', 'WPForms', 'WordPress', 'WordPress Multisite', 'Yelp Badge', 'eLand', 'hCaptcha', 'hCaptcha for WordPress', 'jQuery', 'reCAPTCHA', 'shadcn ui']"
classiktravel.co.za,Home | Classik Travel & Adventure,,,40,63,2026-10-07T18:34:54.618892076Z,"['Angular', 'Google', 'Google Cloud CDN', 'Google Cloud DNS', 'Google Font API', 'LiteSpeed', 'QUIC']"
dogdayz.ca,"Home - Dog Dayz - Daycare, Training, Grooming & Boarding",Dog Dayz Dog Care &amp; Training Inc,CAN,82,2640,2026-10-07T18:34:54.616026578Z,"['Alternate Protocol', 'Angular', 'Custom Facebook Feed', 'Divi', 'Elegant Themes', 'EmbedPress', 'Facebook CDN', 'Font Awesome', 'GZIP Module', 'Google Cloud DNS', 'Google Font API', 'Google Forms', 'Google My Business', 'Gravity', 'Gravity Forms', 'Instagram Feed for WordPress', 'Instagram Follow Button', 'Microdata for Google Shopping', 'Nginx', 'No-Q', 'PHP', 'Parallels Plesk Panel', 'Popup Maker for Wordpress', 'QUIC', 'Say what', 'Sitelinks Search Box', 'Theme In WP', 'UTF-8', 'WP Fastest Cache', 'WordPress', 'WordPress Multisite', 'reCAPTCHA']"
poweredbyinstinct.com,Powered by Instinct | Kolbe Corp Podcast,,GBR,82,19480,2026-10-07T18:15:48.834707558Z,"['AWS WAF Challenge', 'Alternate Protocol', 'Amazon Widgets', 'Angular', 'Content Delivery Network', 'DAV', 'Facebook Conversion Tracking', 'Facebook Login', 'Facebook Messenger Platform', 'Facebook Pixel', 'Facebook Reseller', 'Facebook Tag API', 'GZIP Module', 'Google', 'Google Analytics', 'Google Cloud CDN', 'Google Cloud DNS', 'Google Font API', 'Google Tag Manager', 'IcoMoon', 'Linktree', 'Microdata for Google Shopping', 'NFOrce Internet', 'QUIC', 'Twitter Ads', 'UTF-8', 'University or College', 'YouTube', 'eLand', 'jsDelivr']"
freetutor.in,Free Tutor,,,47,12102,2026-10-07T18:15:48.813226051Z,"['AJAX Libraries API', 'Angular', 'CDN JS', 'Cloudflare', 'Cloudflare CDN', 'Engage', 'Font Awesome', 'GZIP Module', 'Google Cloud DNS', 'Google Font API', 'Google My Business', 'Google Play', 'Google Tag Manager', 'MoEngage', 'Nginx', 'PWA', 'Perl', 'Pleroma', 'Sign In With Google', 'Tailwind CSS', 'UTF-8', 'jQuery', 'jsDelivr']"
bodocstibor.hu,Bödőcs Tibor,,,72,40,2026-10-07T18:15:48.813114393Z,"['AJAX Libraries API', 'Angular', 'Bulma', 'CDN JS', 'Cloudflare', 'Cloudflare CDN', 'Facebook Embedded Posts', 'Google Analytics', 'Google Cloud DNS', 'Google Font API', 'Google Maps', 'Nginx', 'PHP', 'UTF-8', 'WordPress', 'YouTube']"
ambiexercise.com,AmbiExercise manufacturer of innovative products for use in the Exercise,,VEN,82,6758,2026-10-07T18:09:38.113322133Z,"['Alternate Protocol', 'Angular Material', 'Apture Linking Platform', 'Cisco/Arrowpoint Content Service Switch', 'Content Delivery Network', 'Divi', 'Elegant Themes', 'EmbedPress', 'Google Analytics', 'Google Cloud DNS', 'Google Font API', 'Google Maps', 'Google My Business', 'Google Related Website Sites', 'Line2', 'LiteSpeed', 'Microdata for Google Shopping', 'PHP', 'QUIC', 'QUIC.cloud', 'UTF-8', 'Woo Themes', 'WordPress', 'WordPress Multisite']"
wrapthispromo.com,Home - It's a Wrap Promotions,,USA,65,79179,2026-10-07T18:09:38.107197766Z,"['Angular', 'Angular Material', 'Apture Linking Platform', 'Azure Edge', 'CDN JS', 'Cloudflare', 'Cloudflare CDN', 'Cloudflare Web Analytics', 'Contentful', 'DAV', 'DoubleClick Bid Manager', 'ETranslate', 'Fireblade', 'Font Awesome', 'GZIP Module', 'Google', 'Google Analytics', 'Google Cloud CDN', 'Google Cloud DNS', 'Google Font API', 'Google Maps', 'Google Matched Content', 'Google My Business', 'Google Recommendations AI', 'Google Reseller', 'Google Tag Manager', 'Imgix', 'Instagram Follow Button', 'K2F', 'Line2', 'Microsoft 365', 'Microsoft Azure', 'QUIC', 'Report URI', 'Sitelinks Search Box', 'Subversion', 'Twitter Ads', 'UTF-8', 'Vimeo', 'YouTube', 'reCAPTCHA', 'shadcn ui']"
kentkuwait.com,Home - KENT RO Systems Kuwait,,,67,42892,2026-10-07T17:21:01.136677109Z,"['Alternate Protocol', 'Angular', 'Contact Form Plugin', 'Contento', 'EmbedPress', 'Fireblade', 'Google Analytics', 'Google Cloud DNS', 'Google Font API', 'Google My Business', 'Google Play', 'Google Related Website Sites', 'Google Tag Manager', 'Gravity', 'IcoMoon', 'Juicer DMP', 'Microdata for Google Shopping', 'Muffin Group', 'PHP', 'QUIC', 'Slider Revolution', 'Theme In WP', 'UTF-8', 'Woo Themes', 'WooCommerce', 'WooCommerce Checkout', 'WordPress', 'WordPress Multisite', 'jQuery', 'reCAPTCHA']"
uxamir.com,Transforming Ideas into User-Centric Solutions | Amir H Aghdam – Researcher | Designer,,,72,68422,2026-10-07T17:21:01.132583545Z,"['AWS WAF Challenge', 'Alternate Protocol', 'Angular', 'Automattic', 'Cloudflare', 'Cloudflare CDN', 'Contact Form Plugin', 'Content Delivery Network', 'DAV', 'Elementor', 'ElementsKit Elementor', 'EmbedPress', 'Essential Addons for Elementor', 'Google', 'Google My Business', 'Jetpack', 'Jetpack Site Accelerator', 'Medium', 'Nginx', 'Royal Elementor Addons', 'SMC', 'UTF-8', 'WordPress', 'WordPress Multisite', 'WordPress Stats', 'jQuery']"
jordanajacobs.com,"Jordana Jacobs, Ph.D.",,,55,541,2026-10-07T17:09:31.362834592Z,"['Adobe Creative Cloud WebFonts', 'Alternate Protocol', 'Angular', 'Aruba', 'Express', 'GZIP Module', 'Instagram Follow Button', 'Line2', 'Microdata for Google Shopping', 'QUIC', 'Squarespace', 'UTF-8', 'WordPress SEO Structured Data Schema Plugin', 'YouTube', 'eLand']"
tallyonmobile.in,"Tally ERP Mobile App for Android, iOS - Tallyonmobile",,IND,67,15720,2026-10-07T17:03:50.413109653Z,"['Angular', 'Apache', 'Fireblade', 'GZIP Module', 'Google Related Website Sites', 'QUIC', 'Tailwind CSS', 'UTF-8']"
quentingrove.com,"Quentin Grove | Leading Event & Wedding Venue, Central PA",Quentin Grove,USA,77,21922,2026-10-07T16:53:08.276309779Z,"['AWS WAF Challenge', 'Adobe Creative Cloud WebFonts', 'Alternate Protocol', 'Amazon WAF Blocked', 'Angular', 'Apture Linking Platform', 'Aruba', 'Beaver Builder Lite', 'Cloudflare', 'Content Delivery Network', 'ElementUI', 'EmbedPress', 'Google', 'Google Analytics', 'Google Conversion Tracking', 'Google My Business', 'Google Tag Manager', 'Gravity', 'Gravity Forms', 'Instagram Follow Button', 'Microdata for Google Shopping', 'PHP', 'QUIC', 'Rate my Post', 'SVG Support', 'Sapper', 'StudioPress', 'Tailwind CSS', 'Theme In WP', 'Twitter Ads', 'UTF-8', 'WP Engine', 'WP Responsive Menu', 'WhatsApp Sharing', 'WordPress', 'WordPress Multisite', 'eLand', 'jQuery', 'reCAPTCHA']"
supercross97.com,Home | The Log Home Super Center 336-325-9986 Log Home Restoration Products & Services 877-FIX-LOGS (877-349-5647),,,35,3,2026-10-07T16:28:57.804871877Z,"['AJAX Libraries API', 'Amazon Associates Affiliate Shop', 'Angular', 'GZIP Module', 'Google Analytics', 'Google Cloud DNS', 'Microsoft Ajax Content Delivery Network']"
collectiveheeling.com,Collective Heeling,,,50,117,2026-10-07T16:17:18.925875037Z,"['AJAX Libraries API', 'Alternate Protocol', 'Angular', 'Apache', 'Aruba', 'Automattic', 'Corporate Governance and Regulatory Compliance', 'DAV', 'EmbedPress', 'Express', 'Font Awesome', 'GZIP Module', 'Google Analytics', 'Google Cloud DNS', 'Google My Business', 'Google Tag Manager', 'Gutenberg Blocks by Kadence Blocks', 'Instagram Follow Button', 'Jetpack', 'MonsterInsights', 'PHP', 'Perl', 'Sapper', 'Theme In WP', 'UTF-8', 'Vercel', 'WP Super Cache', 'Woo Themes', 'WooCommerce', 'WooCommerce Checkout', 'WooCommerce Payments', 'WordPress', 'WordPress Multisite', 'WordPress Stats', 'eLand', 'jQuery', 'jsDelivr']"
allinfoai.com,"AllInfo AI: AI Tools, AI News & Gadgets Explained Simply",AllInfo AI,IND,82,22115,2026-10-07T16:17:18.909682194Z,"['Accelerated Mobile Pages', 'Adult Content', 'Alternate Protocol', 'Ametys', 'Angular', 'Automattic', 'Baidu Cloud', 'Content Delivery Network', 'EmbedPress', 'GDPR Consent Management Platform', 'GenerateBlocks', 'GeneratePress Company', 'Google Adsense', 'Google Analytics', 'Google Funding Choices', 'Google Matched Content', 'Google My Business', 'Google Reseller', 'Google Tag Manager', 'Instagram Follow Button', 'Jetpack', 'Kitco', 'Lazy Load for WordPress', 'Line2', 'LiteSpeed', 'Media.net', 'Microdata for Google Shopping', 'Onyx Internet', 'Perl', 'QUIC', 'QUIC.cloud', 'SiteW', 'Telegram', 'UTF-8', 'Web Stories', 'Web Stories for WordPress', 'Webpushr', 'Woo Themes', 'WordPress', 'WordPress Multisite', 'WordPress Stats', 'Yandex Hosting', 'YouTube', 'eLand']"
thesunnahpath.com,"Premium wellness, fragrance & apparel – The Sunnah Path – The Sunnah Path - Islamic Shop",,,67,30556,2026-10-07T16:05:58.786983471Z,"['AWS WAF Challenge', 'Amazon WAF Blocked', 'Angular', 'Apture Linking Platform', 'Baidu Cloud', 'Bing Cashback', 'Bing Conversion Tracking', 'Cloudflare', 'Cloudflare CDN', 'Fastly', 'Global Privacy Control', 'Google Analytics', 'Google Cloud DNS', 'Google Font API', 'Google My Business', 'Google Related Website Sites', 'Google Tag Manager', 'Klaviyo', 'Microsoft Clarity', 'NFOrce Internet', 'Perl', 'QUIC', 'Shopify', 'Shopify Collabs', 'Tailwind CSS', 'Tawk', 'Thank You', 'UTF-8', 'Yandex Hosting', 'eLand', 'hCaptcha', 'jsDelivr', 'reCAPTCHA']"
lushcorals.com,Aquarium Fish Store Near Me | Boynton & Palm Beach | Lush Corals,Lush Corals,USA,82,38143,2026-10-07T15:56:33.025522806Z,"['Angular', 'Apture Linking Platform', 'Baidu Cloud', 'CDN JS', 'Cloudflare', 'Cloudflare CDN', 'Coming Soon Page', 'Elfsight', 'Express', 'Google My Business', 'Google Related Website Sites', 'Google Workspace', 'IcoMoon', 'Instagram Follow Button', 'KVH', 'Klaviyo', 'Microdata for Google Shopping', 'Perl', 'Python', 'QUIC', 'Shopify', 'Shopify Collabs', 'UTF-8', 'Vector Internet Services', 'Webkul', 'Yandex Hosting', 'YouTube', 'hCaptcha', 'jQuery', 'jsDelivr', 'reCAPTCHA']"
designlux.in,Designlux - Leading Solar EPC Projects & Consultancy Services,DESIGNLUX PRIVATE LIMITED,IND,92,21829,2026-10-07T15:40:05.069853243Z,"['Alternate Protocol', 'Angular', 'Better Lead Generation Services', 'CDN JS', 'Cloudflare', 'Cloudflare CDN', 'CoBlocks', 'Contact Form Plugin', 'Content Delivery Network', 'ElementUI', 'Elementor', 'EmbedPress', 'GoDaddy', 'Google', 'Google Analytics', 'Google Cloud CDN', 'Google Cloud DNS', 'Google Font API', 'Google My Business', 'Google Related Website Sites', 'Google Tag Manager', 'Google Workspace', 'Instagram Follow Button', 'Jetpack', 'Max Mega Menu', 'Max Mega Menu Pro', 'Microdata for Google Shopping', 'PHP', 'QUIC', 'ShareThis', 'ShareThis Share Buttons for WordPress', 'Slider Revolution', 'Theme In WP', 'UTF-8', 'WP Event Manager', 'Wangsu', 'WhatsApp Sharing', 'WordPress', 'WordPress Multisite', 'WordPress Stats', 'YouTube', 'jQuery', 'reCAPTCHA', 'uPress']"
skylergipson.com,Skyler Gipson,,,62,55000,2026-10-07T15:40:05.068631522Z,"['AWS WAF Challenge', 'Angular', 'Content Delivery Network', 'GitHub Hosting', 'ON24', 'Python', 'QUIC', 'UTF-8', 'University or College', 'eLand']"
davinci-msk.ru,DaVinci,,,30,60,2026-10-07T15:40:05.043913699Z,"['Angular', 'DAV', 'GZIP Module', 'Google', 'Google Cloud CDN', 'Nginx', 'Ubuntu']"
charlestonsecuritysystems.net,Charleston Security Systems | Home & Business Protection,Charleston Security Systems,USA,92,54413,2026-10-07T15:34:54.545544085Z,"['Akismet', 'Alternate Protocol', 'Amazon WAF Blocked', 'Angular', 'Aruba', 'Automattic', 'BatCache', 'Contact Form Plugin', 'Content Delivery Network', 'Contento', 'EmbedPress', 'Fastly', 'Fireblade', 'Google Analytics', 'Google Cloud DNS', 'Google Font API', 'Google My Business', 'Google Tag Manager', 'Gravity', 'Gravity Forms', 'IcoMoon', 'Jetpack', 'Kinsta', 'Microdata for Google Shopping', 'Nginx', 'PHP', 'QUIC', 'RM Education', 'Theme In WP', 'UTF-8', 'Woo Themes', 'WordPress', 'WordPress Multisite', 'WordPress Stats', 'eLand', 'jQuery', 'reCAPTCHA']"
vestiaire.ro,Vestiaire - Moda de Lux: Descoperă Exclusivitatea În Garderoba Ta – VESTIAIRE,,VAT,72,20374,2026-10-07T15:34:54.537236605Z,"['Alternate Protocol', 'Amazon CloudFront', 'Amazon WAF Blocked', 'Angular', 'Apture Linking Platform', 'Baidu Cloud', 'BookThatApp', 'CloudFront', 'Cloudflare', 'Cloudflare CDN', 'Coming Soon Page', 'Fastly', 'GoAffPro', 'Google', 'Google Cloud DNS', 'Google Maps', 'Google Related Website Sites', 'Instagram Follow Button', 'Microdata for Google Shopping', 'PayPal', 'Perl', 'QUIC', 'Schema Plugin', 'ShareASale', 'Shopify', 'Shopify Collabs', 'Shopify Payments', 'Smile IO', 'Tailwind CSS', 'Thank You', 'UTF-8', 'Yandex Hosting', 'eLand', 'hCaptcha', 'reCAPTCHA']"
midlandsdesignreviewpanel.co.uk,Independent Design Review Across England | The Design Review Panel,The Design Review Panel,GBR,77,186243,2026-10-07T15:25:04.799429203Z,"['123FormBuilder', 'AWS WAF Challenge', 'Alternate Protocol', 'Amazon WAF Blocked', 'Angular', 'Apture Linking Platform', 'Cloudflare', 'Content Delivery Network', 'Corporate Governance and Regulatory Compliance', 'DAV', 'Express', 'Fastly', 'Fastly CDN', 'Fireblade', 'GZIP Module', 'Google Related Website Sites', 'Instagram Follow Button', 'K2F', 'KVH', 'Microdata for Google Shopping', 'NFOrce Internet', 'On The Map', 'POWr', 'PWA', 'Perl', 'QUIC', 'SMC', 'Seflow Italy', 'Sentry', 'SiteW', 'Sitelinks Search Box', 'Subversion', 'UTF-8', 'University or College', 'Vector Internet Services', 'WP Booking Calendar', 'Wix', 'Wix Media', 'Yandex Hosting', 'eLand', 'mlcom']"
astroshringi.com,Astroshringi,,,57,12102,2026-10-07T14:40:57.91868615Z,"['AJAX Libraries API', 'Angular', 'Engage', 'Font Awesome', 'GZIP Module', 'Google Cloud DNS', 'Google Font API', 'Google My Business', 'Google Play', 'Google Tag Manager', 'MoEngage', 'Nginx', 'PWA', 'Perl', 'Pleroma', 'Sign In With Google', 'Tailwind CSS', 'UTF-8', 'jQuery']"
napervilleseniorcenter.net,Adult Day & Memory Care in Naperville for Your Loved Ones,Naperville Senior Center Adult Day Services,USA,77,26280,2026-10-07T14:40:57.88698104Z,"['AWS WAF Challenge', 'Alternate Protocol', 'Angular', 'Apache', 'Divi', 'Elegant Themes', 'EmbedPress', 'Facebook Conversion Tracking', 'Facebook Login', 'Facebook Messenger Platform', 'Facebook Pixel', 'Facebook Reseller', 'Facebook Tag API', 'Fastly', 'Font Awesome', 'GZIP Module', 'Google Adsense', 'Google Analytics', 'Google Funding Choices', 'Google Matched Content', 'Google My Business', 'Google Related Website Sites', 'Google Reseller', 'Google Tag Manager', 'Gravity Forms', 'Instagram Follow Button', 'Kitco', 'LiteSpeed', 'Matomo', 'Matomo Tag Manager', 'Microdata for Google Shopping', 'Newsletter for Wordpress', 'PHP', 'PixelYourSite', 'Site Kit', 'Theme In WP', 'Twitter Ads', 'UTF-8', 'Woo Themes', 'WordPress', 'WordPress Multisite', 'jQuery']"
bouncebacktech.net,Home | Bounceback Technologies,Bounceback Technologies,USA,92,106541,2026-10-07T14:19:19.520261043Z,"['AWS WAF Challenge', 'Alternate Protocol', 'Angular', 'Better Lead Generation Services', 'Citrix', 'Cloudflare', 'Content Delivery Network', 'Elementor', 'ElementsKit Elementor', 'EmbedPress', 'Express', 'FormSubmit', 'Google Analytics', 'Google Conversion Tracking', 'Google Tag Manager', 'IcoMoon', 'Metform Elemento', 'Microdata for Google Shopping', 'NFOrce Internet', 'SMC', 'Sitelinks Search Box', 'SmartCrawl', 'Twenty Twenty', 'Twitter Ads', 'UTF-8', 'Wangsu', 'WhatsApp Sharing', 'WordPress', 'WordPress Multisite', 'YouTube', 'eLand']"
cleveroad.ch,Mobile app development company | Cleveroad,,EST,87,65420,2026-10-07T14:19:19.488529315Z,"['AWS WAF Challenge', 'Alternate Protocol', 'Amazon', 'Amazon CloudFront', 'Amazon Route 53', 'Angular', 'CloudFront', 'Cloudflare', 'Cloudflare CDN', 'Cloudflare Web Analytics', 'Clutch', 'Content Delivery Network', 'Fastly', 'Financial Services Guide', 'Fireblade', 'Gatsby JS', 'Google Analytics', 'Google Tag Manager', 'Instagram Follow Button', 'KVH', 'LinkedIn Pixel', 'Microdata for Google Shopping', 'No-Q', 'Pico CSS', 'Python', 'QUIC', 'Twitter Ads', 'UTF-8', 'Vercel', 'YouTube']"
threedolphinstennisvilla.com,Home - Turks & Caicos Island Rentals,,,75,3966,2026-10-07T14:08:08.832163908Z,"['Alternate Protocol', 'Angular', 'Cloudflare', 'Content Delivery Network', 'Divi', 'Elegant Themes', 'EmbedPress', 'GoDaddy', 'Google', 'Google Analytics', 'Google Cloud CDN', 'Google Cloud DNS', 'Google Font API', 'Google Related Website Sites', 'Google Tag Manager', 'Microdata for Google Shopping', 'PHP', 'Sapper', 'Theme In WP', 'UTF-8', 'Woo Themes', 'WordPress', 'WordPress Multisite', 'jQuery']"
smart-living.es,Smart Living News,,,67,26616,2026-10-07T14:03:03.035802629Z,"['Alternate Protocol', 'Amazon WAF Blocked', 'Angular', 'Dandomain Webshop', 'Facebook Conversion Tracking', 'Facebook Customer Chat SDK', 'Facebook Login', 'Facebook Messenger Platform', 'Facebook Pixel', 'Facebook Reseller', 'Facebook Tag API', 'Fancybox for WordPress', 'GZIP Module', 'Google', 'Google Adsense', 'Google Analytics', 'Google Cloud CDN', 'Google Cloud DNS', 'Google Conversion Tracking', 'Google Font API', 'Google Funding Choices', 'Google Matched Content', 'Google My Business', 'Google Recommendations AI', 'Google Related Website Sites', 'Google Reseller', 'Google Tag Manager', 'Heyloyalty', 'ISO/IEC 8859', 'Instagram Follow Button', 'Microdata for Google Shopping', 'Nginx', 'Parcel', 'Perl', 'Pico CSS', 'Platform.sh', 'QUIC', 'Schema Plugin', 'Tailwind CSS', 'Thank You', 'Trustpilot Reviews for WordPress', 'Twitter Ads', 'YouTube']"
caelumelectronics.co.in,Home - Caelum Electronics,,IND,77,2440,2026-10-07T13:59:29.404691724Z,"['Amazon CloudFront', 'Angular', 'Apache', 'CloudFront', 'ElementUI', 'GZIP Module', 'Google', 'Google Cloud CDN', 'Google Cloud DNS', 'Google Font API', 'Instagram Follow Button', 'QUIC', 'Tailwind CSS', 'UTF-8', 'WhatsApp Sharing', 'YouTube']"
shopbackwoodscustoms.com,Backwoods Customs | Top-Notch Auto Customization & Upgrades,Backwoods Customs,,72,36884,2026-10-07T13:59:29.40341439Z,"['Amazon CloudFront', 'Amazon WAF Blocked', 'Angular', 'Apture Linking Platform', 'Aruba', 'Baidu Cloud', 'CloudFront', 'Cloudflare', 'Cloudflare CDN', 'Express', 'Fireblade', 'Google Related Website Sites', 'Heroku', 'IcoMoon', 'Instagram Follow Button', 'Klaviyo', 'Microdata for Google Shopping', 'NFOrce Internet', 'QUIC', 'RM Education', 'Shopify', 'Shopify Collabs', 'Thank You', 'UTF-8', 'Yandex Hosting', 'YouTube', 'eLand', 'hCaptcha', 'jsDelivr', 'reCAPTCHA']"
deluxcares.org,Home - Delux Cares,,USA,77,33479,2026-10-07T13:59:29.381629602Z,"['AWS WAF Challenge', 'Alternate Protocol', 'Angular', 'Cloudflare', 'Cloudflare CDN', 'CoBlocks', 'Contact Form Plugin', 'Content Delivery Network', 'EmbedPress', 'Event Tickets for Wordpress', 'Fontello', 'Givebutter', 'GoDaddy', 'Google', 'Google Cloud CDN', 'Google Cloud DNS', 'Google Font API', 'Google My Business', 'LayerSlider Responsive', 'Microdata for Google Shopping', 'PHP', 'Slider Revolution', 'The Events Calendar', 'Theme In WP', 'UTF-8', 'University or College', 'Wangsu', 'Woo Themes', 'WooCommerce', 'WooCommerce Checkout', 'WordPress', 'WordPress Multisite', 'WordPress SEO Structured Data Schema Plugin', 'jQuery']"
myncpca.org,North College Park Community Association,,,60,15468,2026-10-07T13:44:11.10876932Z,"['All-in-One Event Calendar for WordPress', 'Alternate Protocol', 'Angular', 'Apture Linking Platform', 'Automattic', 'DAV', 'EmbedPress', 'FormSubmit', 'GZIP Module', 'Google My Business', 'InitiativeS', 'Jetpack', 'Nginx', 'Otter Blocks', 'SMC', 'Thank You', 'UTF-8', 'University or College', 'Video Embed and Thumbnail Generator', 'Woo Themes', 'WordPress', 'WordPress Multisite', 'WordPress Stats', 'Zoom Video Conferencing', 'jQuery']"
milkmanglobal.com,Home,,GBR,60,8366,2026-10-07T13:44:11.09550497Z,"['Alternate Protocol', 'Angular', 'Content Delivery Network', 'Financial Services Guide', 'Fireblade', 'Font Awesome', 'GZIP Module', 'Instagram Follow Button', 'JivoSite', 'NFOrce Internet', 'Slider Revolution', 'Tailwind CSS', 'Twitter Ads', 'UTF-8']"
averfelt.com,Averfelt | Home,Averfelt,SGP,82,13136,2026-10-07T13:36:51.204371681Z,"['Alternate Protocol', 'Angular', 'Apture Linking Platform', 'Baidu Cloud', 'Cloudflare', 'Cloudflare CDN', 'DAV', 'Express', 'Google Maps', 'Google My Business', 'Instagram Follow Button', 'Microdata for Google Shopping', 'QUIC', 'Shopify', 'Shopify Collabs', 'Tailwind CSS', 'UTF-8', 'Vector Internet Services', 'Yandex Hosting', 'eLand', 'hCaptcha', 'reCAPTCHA']"
hbsss.org,HBSSS,,IND,50,63,2026-10-07T13:31:31.315660873Z,"['Angular', 'Bulma', 'Google Cloud DNS', 'Google Font API', 'Microsoft Azure', 'Microsoft IIS', 'Tailwind CSS', 'UTF-8', 'Visual Studio']"
murutechinc.com,Top Software Development : App Development : Website Design & Development : ERP Implimentation : Branding Company in Kenya – Muru Technologies Group,,KEN,65,40886,2026-10-07T13:21:02.947696471Z,"['AWS WAF Challenge', 'Alternate Protocol', 'Angular', 'Contact Form Plugin', 'Content Delivery Network', 'Contento', 'Elfsight', 'EmbedPress', 'GZIP Module', 'Google Adsense', 'Google Analytics', 'Google Cloud DNS', 'Google Customer Reviews', 'Google Font API', 'Google Funding Choices', 'Google Matched Content', 'Google My Business', 'Google Reseller', 'Google Tag Manager', 'Jetpack', 'LiteSpeed', 'Microdata for Google Shopping', 'PHP', 'Q2W3 Fixed Widget', 'Schema Plugin', 'Sign In With Google', 'Site Kit', 'Slider Revolution', 'Theme In WP', 'UTF-8', 'University or College', 'WPBakery', 'Woo Themes', 'WordPress', 'WordPress Multisite', 'WordPress Stats', 'jQuery']"
prithvimansingh.com.np,Portfolio - Personnal,,IND,77,15527,2026-10-07T13:15:13.013227371Z,"['Angular', 'BootstrapMade', 'Content Delivery Network', 'Endis', 'GitHub Hosting', 'Google Cloud DNS', 'Google Font API', 'Google My Business', 'Instagram Follow Button', 'Netlify', 'PHP', 'Tailwind CSS', 'UTF-8', 'University or College', 'Vercel']"
citybondingcleveland.com,City Bonding – Call (216) 714-CITY (2489) or (440) 941-2489 Office,,GBR,65,19361,2026-10-07T13:15:13.004707011Z,"['AWS WAF Challenge', 'Alternate Protocol', 'Angular', 'Apache', 'Astra Theme', 'Cloudflare', 'Cloudflare CDN', 'Elementor', 'EmbedPress', 'GZIP Module', 'Google', 'Google Cloud DNS', 'Google Font API', 'Google My Business', 'NFOrce Internet', 'PHP', 'Theme In WP', 'UTF-8', 'Woo Themes', 'WooCommerce', 'WooCommerce Checkout', 'WordPress', 'WordPress Multisite', 'eLand', 'jQuery']"
swissclassicboats.com,"Swiss Classic Boat Rides | Luxury Boat Rides, Charters & Rentals",classic boats on the lake of Lucerne,CHE,77,36181,2026-10-07T13:08:07.281976368Z,"['AWS WAF Challenge', 'Alternate Protocol', 'Angular', 'Apture Linking Platform', 'Cloudflare', 'Cloudflare CDN', 'EmbedPress', 'FreeCSSTemplates', 'GZIP Module', 'Google', 'Google Analytics', 'Google Cloud DNS', 'Google Font API', 'Google Maps', 'Google My Business', 'Google Tag Manager', 'Instagram Follow Button', 'Microdata for Google Shopping', 'MonsterInsights', 'Nginx', 'On The Map', 'PHP', 'Photo Gallery for WordPress', 'Polylang', 'Sapper', 'The Deck', 'Theme In WP', 'Twenty Seventeen', 'Twitter Ads', 'UTF-8', 'WP Booking Calendar', 'WP Google Maps', 'WordPress', 'WordPress Multisite', 'jQuery']"
theboathouselucerne.com,the boathouse lucerne – The secret boathouse at the lake of Lucerne,,,50,349,2026-10-07T13:08:07.274891941Z,"['AWS WAF Challenge', 'Alternate Protocol', 'Angular', 'Cloudflare', 'Cloudflare CDN', 'Contact Form Plugin', 'EmbedPress', 'GZIP Module', 'Google', 'Google My Business', 'Instagram Follow Button', 'Nginx', 'PHP', 'Sapper', 'Theme In WP', 'Twenty Seventeen', 'Twitter Ads', 'UTF-8', 'WP Booking Calendar', 'WordPress', 'WordPress Multisite', 'jQuery', 'reCAPTCHA']"
coderfy.com,Coderfy - launch your custom app in 4 weeks with us in 2026,Coderfy LLC,UKR,77,19259,2026-10-07T12:53:36.811404634Z,"['Alternate Protocol', 'Amazon WAF Blocked', 'Angular', 'Apture Linking Platform', 'CDN JS', 'Cloudflare', 'Cloudflare CDN', 'Clutch', 'Complianz', 'Content ad', 'Corporate Governance and Regulatory Compliance', 'DC74', 'Elementor', 'EmbedPress', 'Facebook Conversion Tracking', 'Facebook Login', 'Facebook Messenger Platform', 'Facebook Pixel', 'Facebook Reseller', 'Facebook Tag API', 'Font Awesome', 'FormSubmit', 'GZIP Module', 'Google Analytics', 'Google Calendar', 'Google My Business', 'Google Related Website Sites', 'Google Tag Manager', 'Hello Elementor', 'IcoMoon', 'Microdata for Google Shopping', 'Nginx', 'PHP', 'Perl', 'Rush', 'Sitelinks Search Box', 'Smart Slider 3', 'Table Addons for Elementor', 'Theme In WP', 'Twitter Ads', 'UTF-8', 'WhatsApp Sharing', 'WordPress', 'WordPress Multisite', 'WordPress Related Posts', 'jQuery', 'reCAPTCHA']"
medicaidsolutionsllc.com,Medicaid Solutions,"Medicaid Solutions, LLC",USA,70,1333,2026-10-07T12:27:05.770989025Z,"['Adobe Creative Cloud WebFonts', 'Alternate Protocol', 'Angular', 'Aruba', 'Express', 'GZIP Module', 'Line2', 'Microdata for Google Shopping', 'QUIC', 'SiteW', 'Squarespace', 'Tailwind CSS', 'UTF-8', 'WordPress SEO Structured Data Schema Plugin', 'eLand']"
fonchargers.com,Fon Chargers,,,45,7602,2026-10-07T12:27:05.760028163Z,"['AJAX Libraries API', 'Amazon WAF Blocked', 'Angular', 'Bulma', 'CDN JS', 'Cloudflare', 'Cloudflare CDN', 'Cloudflare Web Analytics', 'Fireblade', 'Font Awesome', 'GZIP Module', 'Google Cloud DNS', 'Google Font API', 'LiteSpeed', 'QUIC', 'Tailwind CSS', 'UTF-8', 'jQuery', 'jsDelivr']"
procoredirect.com.cn,ProcoreDirect - Home,,,35,3,2026-10-07T12:19:36.738743365Z,"['Angular', 'Apache', 'Google Cloud DNS', 'Google Font API', 'To Top']"
distributedsensing.net,distributedsensing.net,SESTOSENSOR SRL,,67,1333,2026-10-07T11:58:34.071842371Z,"['Adobe Creative Cloud WebFonts', 'Angular', 'Aruba', 'Express', 'GZIP Module', 'Line2', 'Microdata for Google Shopping', 'QUIC', 'SiteW', 'Squarespace', 'Tailwind CSS', 'Twitter Ads', 'UTF-8', 'WordPress SEO Structured Data Schema Plugin', 'eLand']"
expose.co.za,Expose – A Turn Key Marketing and Events Solution,,,67,49,2026-10-07T11:44:19.313912201Z,"['Alternate Protocol', 'Angular', 'Content Delivery Network', 'EmbedPress', 'LiteSpeed', 'PHP', 'Parcel', 'Subversion', 'Theme In WP', 'UTF-8', 'WordPress', 'WordPress Multisite']"
visionwaveoptical.ae,"Optical Shop in Dubai | Sunglasses, Frames & Eye Test",Vision Wave Optical,GBR,77,18511,2026-10-07T11:44:19.301656187Z,"['Alternate Protocol', 'Angular', 'Apture Linking Platform', 'CDN JS', 'Cloudflare', 'Cloudflare CDN', 'Contact Form Plugin', 'Content Delivery Network', 'DuracellTomi Google Tag Manager for WordPress', 'Elementor', 'ElementsKit Elementor', 'EmbedPress', 'Essential Addons for Elementor', 'Fireblade', 'Google Analytics', 'Google Cloud DNS', 'Google Font API', 'Google Maps', 'Google My Business', 'Google Related Website Sites', 'Google Tag Manager', 'Header, Footer and Blocks for Elementor', 'Instagram Follow Button', 'LiteSpeed', 'Microdata for Google Shopping', 'NFOrce Internet', 'Ntent', 'PHP', 'Perl', 'Post Views Counter', 'QUIC', 'SVG Support', 'Sapper', 'Site Kit', 'Smart Coupons for WooCommerce', 'Theme In WP', 'TrustIndex', 'UTF-8', 'Woo Themes', 'WooCommerce', 'WooCommerce Checkout', 'WordPress', 'WordPress Multisite', 'eLand', 'jQuery']"
edwardsblueridgecabin.com,Edwards’ Blue Ridge Cabin,,,62,3096,2026-10-07T11:44:19.290316173Z,"['Alternate Protocol', 'Angular', 'Automattic', 'Automattic Direct', 'BatCache', 'CoBlocks', 'DAV', 'EmbedPress', 'Fastly', 'Google My Business', 'Gutenberg', 'Jetpack', 'Jetpack Site Accelerator', 'Nginx', 'Perl', 'Sapper', 'Smart Slider 3', 'UTF-8', 'Varia', 'WordPress', 'WordPress Multisite', 'WordPress Stats', 'eLand', 'jQuery']"
petpls.ca,Richmond Pet Food & Supply Store & Cat Adoption | PETPLS,PETPLS,CAN,77,28146,2026-10-07T11:20:58.729957744Z,"['AWS WAF Challenge', 'Alternate Protocol', 'Amazon WAF Blocked', 'Angular', 'Apture Linking Platform', 'Baidu Cloud', 'BookThatApp', 'Cloudflare', 'Cloudflare CDN', 'Express', 'Fastly', 'Google My Business', 'Google Related Website Sites', 'Instagram Follow Button', 'Investor Relations', 'Microdata for Google Shopping', 'NFOrce Internet', 'QUIC', 'Shopify', 'Shopify Collabs', 'Tailwind CSS', 'Thank You', 'UTF-8', 'Yandex Hosting', 'hCaptcha', 'reCAPTCHA']"
kirandeepsandhucoach.com,Home -,,IND,72,20018,2026-10-07T11:20:58.725605644Z,"['AWS WAF Challenge', 'Alternate Protocol', 'Angular', 'Astra Theme', 'Cloudflare', 'Cloudflare CDN', 'Contact Form Plugin', 'Content Delivery Network', 'Elementor', 'EmbedPress', 'Express', 'Google', 'Google Analytics', 'Google Cloud DNS', 'Google Font API', 'Google My Business', 'Google Tag Manager', 'Instagram Follow Button', 'LiteSpeed', 'Microdata for Google Shopping', 'NFOrce Internet', 'PHP', 'QUIC', 'Table Addons for Elementor', 'Theme In WP', 'TrustIndex', 'UTF-8', 'Ultimate Addons for Gutenberg', 'Woo Themes', 'WordPress', 'WordPress Multisite', 'WordPress Related Posts', 'YouTube', 'jQuery']"
heelboyus.com,heel boy | Women's & Men's Footwear,heel boy,VAT,77,26519,2026-10-07T11:20:58.713788376Z,"['Afterpay', 'Alternate Protocol', 'Amazon', 'Amazon WAF Blocked', 'Angular', 'Apture Linking Platform', 'Aruba', 'Baidu Cloud', 'Cloudflare', 'Cloudflare CDN', 'Coming Soon Page', 'DAV', 'Digital Ocean Spaces', 'ElementUI', 'Envoy', 'Express', 'Fastly', 'Google Cloud DNS', 'Google Cloud Storage', 'Google Related Website Sites', 'GraphQL', 'Instagram Follow Button', 'Klaviyo', 'Microdata for Google Shopping', 'NFOrce Internet', 'Oddle', 'QUIC', 'Rebuy', 'Shopify', 'Shopify Collabs', 'Shopify Payments', 'Swell Rewards', 'Tailwind CSS', 'Thank You', 'UTF-8', 'Yandex Hosting', 'Yotpo', 'eLand', 'hCaptcha', 'reCAPTCHA', 'shadcn ui']"
panierdeschefs.eu,"Wholesale Supplier for Professionals | Pastry, Bakery & Gourmet Kitchen",Panier des Chefs,FRA,67,18989,2026-10-07T11:12:38.996436662Z,"['Alternate Protocol', 'Amazon', 'Angular', 'Apache', 'Boxtal', 'CDN JS', 'Cloudflare', 'Cloudflare CDN', 'DAV', 'EmbedPress', 'Express', 'Fireblade', 'Google Analytics', 'Google Cloud DNS', 'Google Font API', 'Google Tag Manager', 'Instagram Follow Button', 'Material Design Icons', 'Microdata for Google Shopping', 'NFOrce Internet', 'PHP', 'Parcel', 'PrestaShop', 'QUIC', 'UTF-8', 'WordPress']"
diagnosticconnections.co.uk,Diagnostic Equipment & Software | Diagnostic Connections,,GBR,72,5219,2026-10-07T11:08:25.291735454Z,"['Angular', 'AutoComplete', 'Google Analytics', 'Google My Business', 'Google Tag Manager', 'GrandNode', 'Instagram Follow Button', 'Microsoft Azure', 'Microsoft IIS', 'PHP', 'Perl', 'UTF-8', 'eLand', 'nopCommerce', 'reCAPTCHA']"
mgautopaint.co.za,MG Auto Paint,MG Auto Paint,JPN,75,7313,2026-10-07T11:08:25.285958569Z,"['Alternate Protocol', 'Angular', 'Apture Linking Platform', 'Bulma', 'Cloudflare', 'Cloudflare CDN', 'Google', 'Google Cloud DNS', 'Google Font API', 'Google My Business', 'Google Related Website Sites', 'IcoMoon', 'Instagram Follow Button', 'Microdata for Google Shopping', 'Newsletter for Wordpress', 'QUIC', 'Shopify', 'Shopify Collabs', 'Tailwind CSS', 'Thank You', 'UTF-8', 'Vello', 'hCaptcha', 'jQuery', 'reCAPTCHA']"
wpgacorp.com,WPG Americas Inc. WPGAcorp.com -,WPG Americas Inc. WPG Americas Inc.,USA,82,19430,2026-10-07T10:58:23.30073976Z,"['AJAX Libraries API', 'AWS WAF Challenge', 'Alternate Protocol', 'Angular', 'Cloudflare', 'Cloudflare CDN', 'Content Delivery Network', 'EmbedPress', 'FreeCSSTemplates', 'GZIP Module', 'GoDaddy', 'Google', 'Google Analytics', 'Google Cloud DNS', 'Google My Business', 'Google Tag Manager', 'Gravity', 'Line2', 'Max Mega Menu', 'Microdata for Google Shopping', 'PHP', 'QUIC', 'Sapper', 'Sucuri Cloudproxy', 'Theme In WP', 'ThemeFusion', 'UTF-8', 'Vimeo', 'WP jQuery Lightbox', 'WPForms', 'Website Tonight', 'WhatsApp Sharing', 'Woo Themes', 'WooCommerce', 'WooCommerce Checkout', 'WordPress', 'WordPress Multisite', 'YouTube', 'jQuery']"
box-for-you.de,Box4You – Lagercontainer mieten in Mering & Umgebung,,DEU,72,,2026-10-07T10:58:23.274093916Z,"['Angular', 'GZIP Module', 'Nginx']"
chagrinriveroutfitters.com,Chagrin River Outfitters Fly-Fishing Shop & Guiding | NE Ohio,Chagrin River Outfitters,USA,77,51616,2026-10-07T10:21:29.763172494Z,"['Alternate Protocol', 'Angular', 'Apture Linking Platform', 'Baidu Cloud', 'Cloudflare', 'Cloudflare CDN', 'DAV', 'Express', 'Fireblade', 'Google', 'Google Cloud CDN', 'Google Related Website Sites', 'Instagram Follow Button', 'KVH', 'Microdata for Google Shopping', 'QUIC', 'Shopify', 'Shopify Collabs', 'Storyblocks', 'UTF-8', 'Vector Internet Services', 'Yandex Hosting', 'YouTube', 'hCaptcha', 'reCAPTCHA']"
djkmarine.ae,Home - DJK Marine Trading LLC,DJK Marine Trading L.L.C.,,82,963,2026-10-07T10:21:29.75878307Z,"['Alternate Protocol', 'Angular', 'Click to Chat for WhatsApp', 'Contact Form Plugin', 'Content Delivery Network', 'Elementor', 'EmbedPress', 'Essential Addons for Elementor', 'Google Analytics', 'Google Cloud DNS', 'Google Font API', 'Google Tag Manager', 'IcoMoon', 'Instagram Feed for WordPress', 'Instagram Follow Button', 'LiteSpeed', 'Microdata for Google Shopping', 'PHP', 'Sitelinks Search Box', 'The Post Grid', 'Theme In WP', 'UTF-8', 'WordPress', 'WordPress Multisite', 'jQuery']"
braujungens.de,Braujungens,Braujungens,DEU,67,2288,2026-10-07T10:12:26.424274293Z,"['Angular', 'GZIP Module', 'Instagram Follow Button', 'Matomo', 'Matomo Tag Manager', 'Microdata for Google Shopping', 'Nginx']"
spitirivercampsite.com,"Spiti River Camp Site – Nature, Peace & Adventure in the Himalayas",,IND,65,25935,2026-10-07T10:12:26.411002385Z,"['Alternate Protocol', 'Angular', 'Apache', 'Apture Linking Platform', 'CDN JS', 'Cloudflare', 'Cloudflare CDN', 'Contact Form Plugin', 'Contento', 'EmbedPress', 'GZIP Module', 'Google Analytics', 'Google Cloud DNS', 'Google Font API', 'Google Tag Manager', 'Impreza', 'Instagram Feed for WordPress', 'Instagram Follow Button', 'Ntent', 'PHP', 'QUIC', 'Sapper', 'Site Kit', 'Tailwind CSS', 'Theme In WP', 'TrustIndex', 'UTF-8', 'WPBakery', 'Woo Themes', 'WordPress', 'WordPress Multisite', 'YouTube', 'jQuery', 'jsDelivr']"
careerminded.com.au,Career Minded – The Pivotal Approach,,AUS,75,32943,2026-10-07T09:47:50.486733441Z,"['AWS WAF Challenge', 'Alternate Protocol', 'Angular', 'Automattic', 'Content Delivery Network', 'Elementor', 'EmbedPress', 'Express', 'Fireblade', 'Google Analytics', 'Google Tag Manager', 'Hello Elementor', 'Jetpack', 'Jetpack Site Accelerator', 'Microdata for Google Shopping', 'Microsoft Clarity', 'NFOrce Internet', 'Nginx', 'PHP', 'Quiz Maker', 'Sapper', 'Table Addons for Elementor', 'Theme In WP', 'UTF-8', 'University or College', 'Woo Themes', 'WooCommerce Payments', 'WooCommerce Pixel Manager by woopt', 'WordPress', 'WordPress Multisite', 'WordPress Stats', 'jQuery']"
anybidng.com,AnyBid,,,67,30360,2026-10-07T09:34:21.937619835Z,"['AWS WAF Challenge', 'Angular', 'Cloudflare', 'Content Delivery Network', 'Digital Ocean Spaces', 'Fireblade', 'Instagram Follow Button', 'Next.js', 'Pleroma', 'Tawk', 'UTF-8', 'shadcn ui']"
memorize.ai,memorize.ai: Learn Lazily,,,62,34928,2026-10-07T09:25:24.250178592Z,"['Angular', 'App Store', 'Content Delivery Network', 'Disqus Comment System for WordPress', 'DoubleClick Bid Manager', 'Firebase', 'GitHub Hosting', 'Google', 'Google Adsense', 'Google Analytics', 'Google Cloud CDN', 'Google Cloud DNS', 'Google Cloud Storage', 'Google Font API', 'Google Funding Choices', 'Google Matched Content', 'Google My Business', 'Google Recommendations AI', 'Google Reseller', 'Google Tag Manager', 'Hubspot', 'Microdata for Google Shopping', 'Next.js', 'Pleroma', 'Slack', 'Smart App Banner', 'Swiftype', 'Twitter Ads', 'UTF-8', 'Vercel', 'VigLink']"
staytoraccommodation.com,Serviced Accommodation in Exeter - By Staytor Accommodation,Staytor Accommodation,GBR,92,3945,2026-10-07T09:15:26.342277895Z,"['Alternate Protocol', 'Angular', 'Apture Linking Platform', 'Book Direct', 'CDN JS', 'Cloudflare', 'Cloudflare CDN', 'Content Delivery Network', 'DAV', 'Elementor', 'Elfsight', 'EmbedPress', 'Font Awesome', 'Google Analytics', 'Google Tag Manager', 'Gravity Forms', 'Instagram Follow Button', 'Kinsta', 'Microdata for Google Shopping', 'NFOrce Internet', 'PHP', 'Perl', 'Stripe', 'Table Addons for Elementor', 'Tailwind CSS', 'Theme In WP', 'UTF-8', 'University or College', 'Woo Themes', 'WordPress', 'WordPress Multisite', 'jQuery']"
brainyscripts.com,"Professional Website Development | WordPress, Shopify, SEO & Branding Services | BrainyScripts",BrainyScripts,IND,77,19326,2026-10-07T09:15:26.339366848Z,"['Alternate Protocol', 'Angular', 'Apache', 'CDN JS', 'Cloudflare', 'Cloudflare CDN', 'Coming Soon Page', 'Elementor', 'EmbedPress', 'Font Awesome', 'GZIP Module', 'Google', 'Google Analytics', 'Google Cloud DNS', 'Google Font API', 'Google Maps', 'Google My Business', 'Google Tag Manager', 'Header, Footer and Blocks for Elementor', 'Hello Elementor', 'Instagram Follow Button', 'LiteSpeed', 'Microdata for Google Shopping', 'NFOrce Internet', 'Ntent', 'PHP', 'QUIC', 'Sitelinks Search Box', 'Table Addons for Elementor', 'UTF-8', 'University or College', 'Wangsu', 'WordPress', 'WordPress Multisite', 'jQuery', 'jsDelivr']"
microbiomemavericks.com,Home | #1 Podcast on Microbiome Science and Applications,,,65,2440,2026-10-07T09:08:29.179354555Z,"['Alternate Protocol', 'Amazon CloudFront', 'Angular', 'CloudFront', 'Content Delivery Network', 'Express', 'GZIP Module', 'Google', 'Google Cloud CDN', 'Google Cloud DNS', 'Google Font API', 'Microdata for Google Shopping', 'Pagekit', 'Twitter Ads', 'UTF-8', 'jsDelivr']"
annahillwrites.com,Anna Hill,,USA,65,76333,2026-10-07T09:08:29.175471805Z,"['Adobe Creative Cloud WebFonts', 'Angular', 'Aruba', 'Express', 'GZIP Module', 'Instagram Follow Button', 'Line2', 'Magento Enterprise', 'Microdata for Google Shopping', 'QUIC', 'SiteW', 'Squarespace', 'UTF-8', 'University or College', 'WordPress SEO Structured Data Schema Plugin', 'eLand']"
londonsouthbanktechnicalcollege.ac.uk,South Bank Colleges | Further & Higher Education,,GBR,82,39047,2026-10-07T09:00:17.978087387Z,"['Alternate Protocol', 'Amazon WAF Blocked', 'Angular', 'Apture Linking Platform', 'Bing Cashback', 'Corporate Governance and Regulatory Compliance', 'DoubleClick Bid Manager', 'ETranslate', 'Facebook Login', 'Facebook Messenger Platform', 'Facebook Pixel', 'Facebook Reseller', 'Facebook Tag API', 'Fastly', 'Fireblade', 'Font Awesome', 'Foundation', 'Gambling Content', 'Google', 'Google Analytics', 'Google Cloud DNS', 'Google My Business', 'Google Related Website Sites', 'Google Tag Manager', 'Hashcash', 'Hexo', 'Instagram Follow Button', 'Joomla!', 'Microdata for Google Shopping', 'Microsoft 365', 'Microsoft Clarity', 'NFOrce Internet', 'QUIC', 'RokNavMenu', 'SharpSpring', 'Sitelinks Search Box', 'Tailwind CSS', 'Twitter Ads', 'UTF-8', 'University or College', 'YouTube', 'eLand', 'reCAPTCHA']"
secureye.com,"Secureye – Advanced Security & Surveillance Solutions | CCTV, Biometric Systems, Smart Locks",,,62,35040,2026-10-07T08:55:32.138509458Z,"['AJAX Libraries API', 'Angular', 'CDN JS', 'Cloudflare', 'Cloudflare CDN', 'Content Delivery Network', 'Fireblade', 'GZIP Module', 'Google Analytics', 'Google Cloud DNS', 'Google Font API', 'Google Tag Manager', 'Instagram Follow Button', 'KVH', 'Nginx', 'QUIC', 'Tailwind CSS', 'Twitter Ads', 'UTF-8', 'YouTube', 'jQuery', 'jsDelivr']"
sidreriaastarbe.com,Sidrería Astarbe Sagardotegia - Astigarraga,,,67,16370,2026-10-07T08:46:25.732936428Z,"['Add to Any', 'Alternate Protocol', 'Angular', 'Content Delivery Network', 'Drupal', 'Ecwid Ecommerce Shopping Cart', 'ElementUI', 'Fireblade', 'Font Awesome', 'GZIP Module', 'Google Analytics', 'Google Tag Manager', 'IcoMoon', 'Instagram Follow Button', 'Microdata for Google Shopping', 'Nginx', 'PHP', 'Parallels Plesk Panel', 'QUIC', 'Schema Plugin', 'Twitter Ads', 'UTF-8']"
cielokitchen.com,Cielo Kitchen Bar,,GBR,72,20321,2026-10-07T08:36:54.044452448Z,"['Alternate Protocol', 'Angular', 'Apture Linking Platform', 'Automattic', 'BatCache', 'Content Delivery Network', 'EmbedPress', 'Express', 'Facebook Customer Chat SDK', 'Facebook Login', 'Facebook Messenger Platform', 'Facebook Reseller', 'Fastly', 'Fireblade', 'Google My Business', 'Gutenberg', 'Instagram Follow Button', 'Jetpack', 'Jetpack Site Accelerator', 'NFOrce Internet', 'Nginx', 'Ntent', 'PHP', 'Perl', 'Sapper', 'TrustIndex', 'UTF-8', 'Varia', 'WP Mobile Menu', 'WordPress', 'WordPress Multisite', 'WordPress Stats', 'jQuery']"
osilaborerstraining.com,Home - Oregon Laborers,,GBR,70,55001,2026-10-07T08:20:24.888461903Z,"['Alternate Protocol', 'Angular', 'Cloudflare Turnstile', 'Column Shortcodes', 'Content Delivery Network', 'EmbedPress', 'Event Tickets for Wordpress', 'GTranslate', 'GZIP Module', 'Google My Business', 'Gravity Forms', 'Gtranslate for Wordpress', 'IPFS', 'Kriesi.at', 'Microdata for Google Shopping', 'Microsoft 365', 'PHP', 'Perfmatters', 'SMC', 'Theme In WP', 'UTF-8', 'University or College', 'Vimeo', 'WordPress', 'WordPress Multisite', 'YouTube', 'jQuery']"
allstarautoglass.net,"All Star Auto Glass Repair and Replacement | Lincoln, Columbus, Grand Island, Ames",All Star Auto Glass,,77,3433,2026-10-07T08:11:49.369160391Z,"['Alternate Protocol', 'Angular', 'Better Lead Generation Services', 'Content Delivery Network', 'Divi', 'Elegant Themes', 'EmbedPress', 'Font Awesome', 'Google Analytics', 'Google Cloud DNS', 'Google Font API', 'Google Tag Manager', 'LiteSpeed', 'Microdata for Google Shopping', 'PHP', 'Perl', 'ReviewsOnMyWebsite', 'Theme In WP', 'UTF-8', 'Woo Themes', 'WordPress', 'WordPress Multisite', 'jQuery']"
grofast.co.uk,Business Loans & Small Business Funding From GroFast,Growsie Capital,USA,77,10664,2026-10-07T07:38:18.323273728Z,"['Alternate Protocol', 'Angular', 'Apache', 'Elementor', 'EmbedPress', 'Facebook Conversion Tracking', 'Facebook Login', 'Facebook Messenger Platform', 'Facebook Pixel', 'Facebook Reseller', 'Facebook Tag API', 'Fast', 'FormSubmit', 'GZIP Module', 'Google Analytics', 'Google Analytics with Ad Tracking', 'Google Related Website Sites', 'Google Tag Manager', 'Hello Elementor', 'HubSpot WordPress Plugin', 'Instagram Follow Button', 'Microdata for Google Shopping', 'QUIC', 'UTF-8', 'WordPress', 'WordPress Multisite', 'jQuery']"
sbachubhaiandsons.net,S. Bachubhai and Sons,,IND,70,124,2026-10-07T07:38:18.31411448Z,"['Angular', 'Apache', 'CDN JS', 'Cloudflare', 'Cloudflare CDN', 'GZIP Module', 'Google Cloud DNS', 'Google Font API', 'Google My Business', 'Telegram', 'To Top', 'UTF-8', 'Unsplash']"
freesignprinter.com,Printable Signs - Print Free Signs,,,67,40,2026-10-07T07:30:16.683960097Z,"['AJAX Libraries API', 'Angular', 'Apache', 'GZIP Module', 'Google Adsense', 'Google Analytics', 'Google Cloud DNS', 'Google Funding Choices', 'Google Matched Content', 'Google Reseller', 'UTF-8', 'jQuery']"
himtcollege.com,HIMT College | Top & Best Maritime College in India,HIMT College,IND,77,43495,2026-10-07T07:25:23.463195819Z,"['AWS WAF Challenge', 'Alternate Protocol', 'Angular', 'Apture Linking Platform', 'AutoComplete', 'CDN JS', 'Cloudflare', 'Cloudflare CDN', 'Content Delivery Network', 'Corporate Governance and Regulatory Compliance', 'DAV', 'ElementUI', 'Elementor', 'EmbedPress', 'Express', 'Font Awesome', 'GoDaddy', 'Google', 'Google Analytics', 'Google Cloud DNS', 'Google Font API', 'Google My Business', 'Google Tag Manager', 'Header, Footer and Blocks for Elementor', 'IcoMoon', 'InitiativeS', 'Instagram Follow Button', 'Line2', 'Max Mega Menu', 'Max Mega Menu Pro', 'Microdata for Google Shopping', 'PHP', 'Prospective', 'QUIC', 'Smart Slider 3', 'StackPath', 'Tailwind CSS', 'Thank You', 'Theme In WP', 'Twitter Ads', 'UTF-8', 'University or College', 'WP Show Posts', 'WPBakery', 'Wangsu', 'WordPress', 'WordPress Multisite', 'YouTube', 'eLand', 'jQuery', 'jsDelivr']"
miseenplantsmarket.com,無麩質烘焙甜點｜植物性生活選品｜綠色永續小超市,mise en Plants,CHN,77,95502,2026-10-07T07:15:27.779883967Z,"['Alexa Certified Site Metrics', 'Alternate Protocol', 'Amazon', 'Amazon CloudFront', 'Amazon Route 53', 'Amazon WAF Blocked', 'Angular', 'Apture Linking Platform', 'Bing Cashback', 'Bing Conversion Tracking', 'CloudFront', 'Content Delivery Network', 'Criteo', 'Criteo Reseller', 'DoubleClick Bid Manager', 'Express', 'Facebook CDN', 'Facebook Reseller', 'GZIP Module', 'Giphy', 'GitHub Hosting', 'GoDaddy', 'Google Analytics', 'Google My Business', 'Google Reseller', 'Google Tag Manager', 'Idaq', 'Instagram Follow Button', 'Iterable', 'KVH', 'MailChimp', 'Microdata for Google Shopping', 'Mouseflow', 'NFOrce Internet', 'OpenResty', 'QUIC', 'Seflow Italy', 'Sentry', 'Shopify', 'Shopline', 'Sumo', 'Swell Rewards', 'Tailwind CSS', 'UTF-8', 'Vimeo', 'Yahoo Image CDN', 'YouTube', 'iZooto']"
video-tv-cast.com,"Video & TV Cast App - Stream Web Videos, Movies & TV Shows",,DEU,82,6600,2026-10-07T07:15:27.757377316Z,"['Amazon Associates', 'Amazon Widgets', 'Angular', 'App Store', 'Apple Auto Link Maker', 'Bulma', 'CDN JS', 'Cloudflare', 'Cloudflare CDN', 'Content Delivery Network', 'ElementUI', 'Fastly', 'Firebase', 'Google', 'Google Cloud CDN', 'Google My Business', 'Google Play', 'Instagram Follow Button', 'Material Design Icons', 'Microdata for Google Shopping', 'Ntent', 'Rumble Player', 'Smart App Banner', 'Thank You', 'Twitter Ads', 'UTF-8', 'YouTube']"
lasoeursourire.de,Ambulanter Pflegedienst La Soeur Sourire - Häusliche Pflege Starnberg,la soeur sourire,,72,19260,2026-10-07T07:15:27.74069436Z,"['AWS WAF Challenge', 'Alternate Protocol', 'Angular', 'Automattic', 'CleanTalk Spam Protect', 'Cloudflare', 'Cloudflare CDN', 'Content Delivery Network', 'Creative Mail by Constant Contact', 'Elementor', 'Elementor Custom Skin', 'EmbedPress', 'Essential Addons for Elementor', 'GoDaddy', 'Google', 'Google My Business', 'Header, Footer and Blocks for Elementor', 'Hello Elementor', 'Instagram Follow Button', 'Jetpack', 'Make Column Clickable Elementor', 'Microdata for Google Shopping', 'PHP', 'Telegram', 'Theme In WP', 'UTF-8', 'Unlimited Elements For Elementor', 'WordPress', 'WordPress Multisite', 'WordPress Stats', 'jQuery']"
xlboutfit.com,Home,XLB_OUTFIT,,57,34719,2026-10-07T07:07:19.899954952Z,"['Alexa Certified Site Metrics', 'Alternate Protocol', 'Amazon', 'Amazon CloudFront', 'Amazon Route 53', 'Amazon WAF Blocked', 'Angular', 'Apture Linking Platform', 'Bing Cashback', 'Bing Conversion Tracking', 'CloudFront', 'Content Delivery Network', 'Criteo', 'Criteo Reseller', 'DoubleClick Bid Manager', 'Ember.js', 'Express', 'Facebook CDN', 'Facebook Conversion Tracking', 'Facebook Login', 'Facebook Messenger Platform', 'Facebook Pixel', 'Facebook Reseller', 'Facebook Tag API', 'GZIP Module', 'Giphy', 'GitHub Hosting', 'GoDaddy', 'Google', 'Google Analytics', 'Google Cloud DNS', 'Google Font API', 'Google My Business', 'Google Reseller', 'Google Tag Manager', 'Idaq', 'Instagram Follow Button', 'Iterable', 'KVH', 'MailChimp', 'Microdata for Google Shopping', 'Mouseflow', 'NFOrce Internet', 'OpenResty', 'QUIC', 'Seflow Italy', 'Sentry', 'Shopify', 'Shopline', 'Sumo', 'Swell Rewards', 'Tailwind CSS', 'UTF-8', 'Yahoo Image CDN', 'iZooto']"
rohmegard.no,Kontor og næringslokaler på Orkanger – besøk www.rohmegard.no,,NOR,87,273529,2026-10-07T06:41:04.467482555Z,"['AAPT', 'Alternate Protocol', 'Angular', 'Apyl', 'CCSI', 'CDN JS', 'Cisco/Arrowpoint Content Service Switch', 'Cloudflare', 'Cloudflare CDN', 'Content Delivery Network', 'DAV', 'Endis', 'Ethy', 'Fastly', 'Federal Deposit Insurance Corporation', 'Financial Services Guide', 'GOV.UK Design System', 'GZIP Module', 'Gambling Content', 'Google Cloud DNS', 'Google Font API', 'HHVM', 'HMDG', 'Hexo', 'IPFS', 'Idaq', 'K2F', 'KVH', 'Nationwide Mortgage Licensing System and Registry', 'Next.js', 'No-Q', 'O2MC Dimml', 'ON24', 'Onyx Internet', 'PHP', 'Paessler', 'Phew', 'Pleroma', 'Plivo', 'QUIC', 'SMC', 'Silicon Valley Web Hosting', 'Styled Components', 'Subversion', 'UTF-8', 'Unix', 'Visx', 'eLand']"
caribling.com,CariBling – The best hand-crafted Caribbean jewelry to make you stand out and sparkle,,,60,906,2026-10-07T06:24:39.101358976Z,"['AWS WAF Challenge', 'Alternate Protocol', 'Angular', 'Automattic', 'Cloudflare', 'Cloudflare CDN', 'Cloudflare Turnstile', 'Contact Form Plugin', 'Content Delivery Network', 'EmbedPress', 'Flatsome', 'Genesis Blocks', 'IcoMoon', 'Instagram Follow Button', 'Jetpack', 'Matomo', 'Matomo Tag Manager', 'PHP', 'Pico CSS', 'QUIC', 'Tailwind CSS', 'Theme In WP', 'UTF-8', 'WP Engine', 'Woo Themes', 'WooCommerce', 'WooCommerce Checkout', 'WordPress', 'WordPress Multisite', 'WordPress Stats', 'jQuery', 'reCAPTCHA', 'shadcn ui']"
isaackalamazoo.org,Home - ISAAC Kalamazoo,ISAAC Kalamazoo,PHL,70,298,2026-10-07T06:24:39.086281722Z,"['Alternate Protocol', 'Angular', 'Apache', 'Apture Linking Platform', 'Elementor', 'EmbedPress', 'Essential Addons for Elementor', 'FreeCSSTemplates', 'GZIP Module', 'Google Analytics', 'Google Tag Manager', 'Hello Elementor', 'InitiativeS', 'Microdata for Google Shopping', 'PHP', 'Site Kit', 'TablePress', 'Theme In WP', 'UTF-8', 'WordPress', 'WordPress Multisite', 'YouTube', 'jQuery']"
engineeringuniversityjobs.com,Engineering University Jobs | Academic & Faculty Engineering Careers,,USA,82,351775,2026-10-07T06:05:24.103293178Z,"['501c3 Status Nonprofit', 'AWS WAF Challenge', 'Alternate Protocol', 'Amazon', 'Amazon CloudFront', 'Angular', 'Apture Linking Platform', 'Cisco/Arrowpoint Content Service Switch', 'CloudFront', 'Cornerstone', 'Cornerstone Platform', 'DAV', 'Express', 'Fireblade', 'GZIP Module', 'Google', 'Google Cloud DNS', 'Google Font API', 'Google My Business', 'InitiativeS', 'JobBoard.com', 'Microdata for Google Shopping', 'NFOrce Internet', 'Neighborhoods', 'Prospective', 'Python', 'QUIC', 'Smartjobboard', 'Thank You', 'UTF-8', 'University or College', 'Workday', 'eLand', 'jBoard', 'reCAPTCHA']"
spirii.be,EV Charging Solutions | Building Powerful Connections - Spirii,Spirii,DNK,82,29259,2026-10-07T06:00:38.883198753Z,"['AJAX Libraries API', 'AWS WAF Challenge', 'Alternate Protocol', 'Amazon', 'Amazon CloudFront', 'Angular', 'CloudFront', 'Cloudflare', 'Content Delivery Network', 'Font Awesome', 'GZIP Module', 'Google', 'Google Analytics', 'Google Cloud DNS', 'Google Font API', 'Google Related Website Sites', 'Google Tag Manager', 'ID Services', 'IcoMoon', 'Microdata for Google Shopping', 'QUIC', 'StatusPage IO', 'Tailwind CSS', 'UTF-8', 'Vector Internet Services', 'WF Cookie Consent', 'Webflow', 'YouTube', 'Zendesk Embeddables', 'jsDelivr']"
t-tconsulting.com,Homepage - T&T Consulting,,SVK,60,656,2026-10-07T06:00:38.882713031Z,"['Angular', 'Create React App', 'DAV', 'IcoMoon', 'NFOrce Internet', 'Pleroma', 'Tailwind CSS', 'UTF-8', 'tarteaucitron.js']"
dengyi.com.tw,歡慶登義四十一週年，年度最大檔寵粉回饋！｜登義DengYi,登義 Deng Yi,,67,104862,2026-10-07T05:43:20.904802091Z,"['Alexa Certified Site Metrics', 'Alternate Protocol', 'Amazon', 'Amazon CloudFront', 'Amazon Route 53', 'Amazon WAF Blocked', 'Angular', 'Apture Linking Platform', 'Bing Cashback', 'Bing Conversion Tracking', 'CloudFront', 'Content Delivery Network', 'Criteo', 'Criteo Reseller', 'DoubleClick Bid Manager', 'Express', 'Facebook CDN', 'Facebook Conversion Tracking', 'Facebook Login', 'Facebook Messenger Platform', 'Facebook Pixel', 'Facebook Reseller', 'Facebook Tag API', 'GZIP Module', 'Giphy', 'GitHub Hosting', 'GoDaddy', 'Google', 'Google Analytics', 'Google Cloud DNS', 'Google Font API', 'Google My Business', 'Google Related Website Sites', 'Google Reseller', 'Google Tag Manager', 'Idaq', 'Instagram Follow Button', 'Iterable', 'K2F', 'MailChimp', 'Microdata for Google Shopping', 'Mouseflow', 'NFOrce Internet', 'OpenResty', 'QUIC', 'Seflow Italy', 'Sentry', 'Shopify', 'Shopline', 'Sumo', 'Swell Rewards', 'Tailwind CSS', 'UTF-8', 'Vimeo', 'Yahoo Image CDN', 'YouTube', 'iZooto', 'reCAPTCHA']"
myeducationhut.com,Education skill,,,47,12102,2026-10-07T05:37:21.554771858Z,"['AJAX Libraries API', 'Angular', 'CDN JS', 'Cloudflare', 'Cloudflare CDN', 'Engage', 'Font Awesome', 'GZIP Module', 'Google Cloud DNS', 'Google Font API', 'Google My Business', 'Google Play', 'Google Tag Manager', 'MoEngage', 'Nginx', 'PWA', 'Perl', 'Pleroma', 'Sign In With Google', 'Tailwind CSS', 'UTF-8', 'jQuery', 'jsDelivr']"
barkbath.co.uk,Dog Grooming Glasgow - Bark & Bath Dog Grooming,Calside Contracts Ltd,,57,98,2026-10-07T05:37:21.548859141Z,"['Alternate Protocol', 'Angular', 'Elementor', 'EmbedPress', 'Essential Addons for Elementor', 'Google Maps', 'Google My Business', 'Google Related Website Sites', 'Gravity', 'Gravity Forms', 'HappyAddons', 'Hello Elementor', 'Instagram Follow Button', 'LiteSpeed', 'Microdata for Google Shopping', 'PHP', 'To Top', 'UTF-8', 'WordPress', 'WordPress Multisite', 'jQuery']"
mish.team,Mish Product Lab,Mish Product Lab,RUS,77,24832,2026-10-07T05:25:39.686412Z,"['ADFOX', 'AWS WAF Challenge', 'Alternate Protocol', 'Angular', 'App Store', 'Apture Linking Platform', 'Envoy', 'Express', 'Figma', 'GZIP Module', 'GitHub Hosting', 'Google Cloud DNS', 'InitiativeS', 'Line2', 'Medium', 'Microdata for Google Shopping', 'Next.js', 'Nginx', 'PHP', 'Perl', 'Pleroma', 'QUIC', 'Share Link', 'Telegram', 'Thank You', 'UTF-8', 'University or College', 'Yandex Hosting', 'Yandex Metrika', 'YouTube']"
pce-literature.org,pce-literature.org,,USA,82,40,2026-10-07T05:18:44.056119327Z,"['AJAX Libraries API', 'Angular', 'DAV', 'GZIP Module', 'GitHub Hosting', 'Google Cloud DNS', 'Google My Business', 'Nginx', 'QUIC', 'Ruby on Rails', 'UTF-8', 'eLand']"
chauveldetailing.co.uk,Ceramic Coating Bridgend | 7 Year Coating £600 | Chauvel's Detailing,,GBR,77,17668,2026-10-07T05:05:04.375118858Z,"['Angular', 'Better Lead Generation Services', 'Content Delivery Network', 'Fireblade', 'Google', 'Google Cloud DNS', 'Google Customer Reviews', 'Google Font API', 'Google My Business', 'Instagram Follow Button', 'Netlify', 'Perl', 'UTF-8']"
optimacaregroup.co.uk,Optima HomeCare Group,,,55,1700,2026-10-07T05:00:33.315171067Z,"['Alternate Protocol', 'Angular', 'Apture Linking Platform', 'Astra Theme', 'Barchart', 'CDN JS', 'Cloudflare', 'Cloudflare CDN', 'Elementor', 'EmbedPress', 'Header, Footer and Blocks for Elementor', 'Instagram Follow Button', 'Investor Relations', 'NFOrce Internet', 'PHP', 'Premium Addons for Elementor', 'QUIC', 'Theme In WP', 'Theme My Login', 'UTF-8', 'Woo Themes', 'WordPress', 'WordPress Multisite', 'WordPress Related Posts', 'jQuery']"
sean.net,Sean Heiney — I build companies before the category is obvious,,USA,82,27479,2026-10-07T04:31:06.912077665Z,"['Angular', 'Apture Linking Platform', 'Barracuda Web App Firewall', 'Cloudflare', 'Cloudflare CDN', 'Cloudflare Web Analytics', 'Coming Soon Page', 'Fireblade', 'GitHub Hosting', 'Google', 'Google Analytics', 'Google Cloud DNS', 'Google Font API', 'Google Tag Manager', 'Instagram Follow Button', 'Microdata for Google Shopping', 'UTF-8', 'University or College', 'Yahoo Finance Widget', 'YouTube']"
shazia.io,Shazia Hussain,,,52,,2026-10-07T04:18:19.888848707Z,"['Alternate Protocol', 'Angular', 'Content Delivery Network', 'InitiativeS', 'Next.js', 'Pleroma', 'Tailwind CSS', 'UTF-8', 'Vercel']"
alphaadvance.biz,Alpha Advance – The Finance Company,,,55,63,2026-10-07T04:18:19.885721086Z,"['Alternate Protocol', 'Angular', 'Apache', 'Elementor', 'EmbedPress', 'Facebook Conversion Tracking', 'Facebook Login', 'Facebook Messenger Platform', 'Facebook Pixel', 'Facebook Reseller', 'Facebook Tag API', 'GZIP Module', 'Google', 'Google Analytics', 'Google Cloud CDN', 'Google Cloud DNS', 'Google Font API', 'Google Tag Manager', 'Hello Elementor', 'HubSpot Conversations', 'HubSpot WordPress Plugin', 'Hubspot', 'PHP', 'PixelYourSite', 'Theme In WP', 'UTF-8', 'WordPress', 'WordPress Multisite', 'jQuery']"
wealthbasics.ca,Homepage - Wealth Basics,,CAN,92,33420,2026-10-07T04:07:31.412488923Z,"['Adult Content', 'Alternate Protocol', 'Angular', 'Cloudflare', 'Content Delivery Network', 'Elementor', 'ElementsKit Elementor', 'EmbedPress', 'Fireblade', 'GoDaddy', 'Google', 'Google Cloud CDN', 'Google Cloud DNS', 'Google Font API', 'Hello Elementor', 'Instagram Follow Button', 'Metform Elemento', 'Microdata for Google Shopping', 'PHP', 'QUIC', 'Slider Revolution', 'Table Addons for Elementor', 'Theme In WP', 'UTF-8', 'Wangsu', 'WordPress', 'WordPress Multisite', 'YouTube', 'eLand', 'jQuery']"
xintaokeji.com,"Guangdong Xintao Technology Co.,Ltd. – Xintao Molecular Sieve Adsorbent Export To 140 Countries",,CHN,72,2996,2026-10-07T04:01:21.808842773Z,"['Alternate Protocol', 'Angular', 'Blocksy', 'EmbedPress', 'Fastly', 'GZIP Module', 'Google Analytics', 'Google Tag Manager', 'IcoMoon', 'Nginx', 'PHP', 'QUIC', 'Tailwind CSS', 'Theme In WP', 'UTF-8', 'WordPress', 'WordPress Multisite', 'jQuery']"
suthernpicker.com,Suthern Picker - Collectibles & More That You Will Treasure,Suthern Picker,,82,36761,2026-10-07T04:01:21.79465201Z,"['AWS WAF Challenge', 'Alternate Protocol', 'Amazon WAF Blocked', 'Angular', 'Anti-spam for WordPress', 'Apture Linking Platform', 'CDN JS', 'CleanTalk Spam Protect', 'Cloudflare', 'Cloudflare CDN', 'Contact Form Plugin', 'Content Delivery Network', 'CookieYes', 'EmbedPress', 'Express', 'Fireblade', 'Flatsome', 'Google', 'Google Analytics', 'Google Cloud DNS', 'Google Font API', 'Google My Business', 'Google Related Website Sites', 'Google Tag Manager', 'IcoMoon', 'Instagram Follow Button', 'LiteSpeed', 'Max Mega Menu', 'Max Mega Menu Pro', 'Microdata for Google Shopping', 'PHP', 'QUIC', 'Recapture', 'Sitelinks Search Box', 'Smart Coupons for WooCommerce', 'Tailwind CSS', 'Theme In WP', 'UTF-8', 'Woo Themes', 'WooCommerce', 'WooCommerce Checkout', 'WooCommerce Payments', 'WordPress', 'WordPress Multisite', 'jQuery', 'reCAPTCHA']"
sijhlhockey.com,SIJHL,,CAN,75,19011,2026-10-07T03:54:02.28858173Z,"['AJAX Libraries API', 'AWS WAF Challenge', 'AdRotate for WordPress', 'Alternate Protocol', 'Angular', 'CDN JS', 'Cloudflare', 'Cloudflare CDN', 'Contact Form Plugin', 'Content Delivery Network', 'EmbedPress', 'FooBox', 'Google', 'Google Cloud DNS', 'Google Font API', 'Google My Business', 'Instagram Follow Button', 'Investor Relations', 'PHP', 'Photo Gallery by FooGallery', 'The Events Calendar', 'Theme In WP', 'Twitter Ads', 'UTF-8', 'WP Engine', 'WordPress', 'WordPress Multisite', 'jQuery']"
allinit.com.au,All in IT Solutions | Information Technology Company | Website Design & Development Agency Stanmore - All in IT Solutions,All in IT Solutions,FLK,75,23356,2026-10-07T03:54:02.287046858Z,"['AWS WAF Challenge', 'Alternate Protocol', 'Amazon WAF Blocked', 'Angular', 'Aruba', 'Cisco/Arrowpoint Content Service Switch', 'Cloudflare', 'Content Delivery Network', 'Elfsight', 'EmbedPress', 'Font Awesome', 'Google Analytics', 'Google Related Website Sites', 'Google Tag Manager', 'Gravity', 'Gravity Forms', 'IcoMoon', 'Instagram Follow Button', 'Microdata for Google Shopping', 'PHP', 'QUIC', 'Site Kit', 'ThemeFusion', 'Twitter Ads', 'UTF-8', 'University or College', 'WP Engine', 'WhatsApp Sharing', 'Woo Themes', 'WooCommerce', 'WooCommerce Checkout', 'WooCommerce Payments', 'WordPress', 'WordPress Multisite', 'YouTube', 'jQuery']"
one-core.com,Asset finance and credit management software | OneCore,,FRA,77,34320,2026-10-07T03:54:02.284485778Z,"['AWS WAF Challenge', 'Alternate Protocol', 'Angular', 'Express', 'Fancybox for WordPress', 'Fireblade', 'Google', 'Google Analytics', 'Google My Business', 'Google Related Website Sites', 'Google Tag Manager', 'Microdata for Google Shopping', 'Nginx', 'QUIC', 'Sitelinks Search Box', 'UTF-8', 'YouTube', 'reCAPTCHA']"
rabbitcodes.com,rabbitcodes – rabbitcodes,,,67,20530,2026-10-07T03:54:02.260463988Z,"['AWS WAF Challenge', 'Alternate Protocol', 'Angular', 'Content Delivery Network', 'DAV', 'EmbedPress', 'IcoMoon', 'Instagram Follow Button', 'LiteSpeed', 'PHP', 'QUIC', 'Quform', 'UTF-8', 'Vector Internet Services', 'WordPress', 'WordPress Multisite', 'YouTube', 'jQuery']"
spikaroadshow.com.au,"Dave's Spika Roadshow - Spika, Fundraiser, Clothing, Spika",,,77,19500,2026-10-07T03:54:02.258948464Z,"['Angular', 'DAV', 'GoDaddy', 'Google', 'Google Analytics', 'Google Cloud DNS', 'Google Font API', 'Google My Business', 'Google Tag Manager', 'Line2', 'PWA', 'QUIC', 'Show.co', 'UTF-8', 'Wangsu', 'Website Tonight', 'YouTube']"
wordveris.com,Wordveris,,IND,72,6436,2026-10-07T03:41:01.104324131Z,"['Angular', 'DAV', 'ETranslate', 'FormSubmit', 'GTranslate', 'Google', 'Google Analytics', 'Google Cloud DNS', 'Google Font API', 'Google My Business', 'Google Tag Manager', 'Instagram Follow Button', 'Microsoft Clarity', 'PHP', 'QUIC', 'UTF-8', 'University or College', 'WhatsApp Sharing', 'reCAPTCHA', 'shadcn ui']"
sceon.am,We are Sceon! A team of Armenian IT professionals! | Sceon,Sceon,ARM,72,32268,2026-10-07T03:22:41.700796293Z,"['AWS WAF Challenge', 'About Cookies', 'Alternate Protocol', 'Amazon WAF Blocked', 'Angular', 'Apache', 'Apture Linking Platform', 'Cloudflare', 'Cloudflare CDN', 'DAV', 'Express', 'Fireblade', 'Gandi', 'GitHub Hosting', 'Google Analytics', 'Google My Business', 'Google Tag Manager', 'IcoMoon', 'Instagram Follow Button', 'Microdata for Google Shopping', 'NFOrce Internet', 'PHP', 'PWA', 'QUIC', 'Tailwind CSS', 'Thank You', 'UTF-8', 'YouTube']"
grovesolicitors.co.uk,Grove Solicitors |,,GBR,75,16546,2026-10-07T03:22:41.699729917Z,"['AWS WAF Challenge', 'Alternate Protocol', 'Angular', 'Cloudflare', 'Content Delivery Network', 'Divi', 'Elegant Themes', 'EmbedPress', 'Google Cloud DNS', 'Google Font API', 'PHP', 'Theme In WP', 'UTF-8', 'WP Engine', 'Woo Themes', 'WordPress', 'WordPress Multisite', 'jQuery']"
maybrookmgmt.com,Home - Maybrook Management,Maybrook Management,USA,85,18008,2026-10-07T03:17:31.468081876Z,"['Adobe Creative Cloud WebFonts', 'Alternate Protocol', 'Angular', 'AppFolio', 'Content Delivery Network', 'Elementor', 'EmbedPress', 'Fastly', 'GZIP Module', 'Hello Elementor', 'Microdata for Google Shopping', 'Prospective', 'UTF-8', 'WordPress', 'WordPress Multisite', 'jQuery']"
repairprice.uk,iRepairZone,,,60,212,2026-10-07T03:17:31.457978982Z,"['Alternate Protocol', 'Angular', 'Apache', 'Content Delivery Network', 'Elementor', 'EmbedPress', 'GZIP Module', 'Google', 'Google Cloud CDN', 'Google Cloud DNS', 'Google Font API', 'Instagram Follow Button', 'Kadence WP', 'PHP', 'Theme In WP', 'UTF-8', 'Woo Themes', 'WooCommerce', 'WooCommerce Checkout', 'WordPress', 'WordPress Multisite', 'eLand', 'jQuery', 'wpDataTables']"
boarchery.com,Brothers of Archery – www.boarchery.com,,,60,7823,2026-10-07T03:01:56.141338048Z,"['Advanced Woo Search', 'Alternate Protocol', 'Angular', 'Content Delivery Network', 'EmbedPress', 'FiboSearch', 'Fireblade', 'Flatsome', 'Google Maps', 'Google My Business', 'IcoMoon', 'LiteSpeed', 'PHP', 'QUIC', 'Theme In WP', 'UTF-8', 'Woo Themes', 'WooCommerce', 'WooCommerce Checkout', 'WordPress', 'WordPress Multisite', 'WordPress Stats', 'jQuery', 'jsDelivr']"
dubaielectronicsrepair.ae,Dubai Electronics Repair | +971 56 812 7300,Dubai Electronics Repair,USA,82,19776,2026-10-07T03:01:56.13714508Z,"['AWS WAF Challenge', 'Alternate Protocol', 'Angular', 'Astra Theme', 'Cloudflare', 'Cloudflare CDN', 'Contact Form Plugin', 'Content Delivery Network', 'DAV', 'Elementor', 'ElementsKit Elementor', 'EmbedPress', 'Flag Counter', 'Google', 'Google Analytics', 'Google Cloud DNS', 'Google Customer Reviews', 'Google Font API', 'Google My Business', 'Google Tag Manager', 'Instagram Follow Button', 'Line2', 'LiteSpeed', 'Microdata for Google Shopping', 'PHP', 'Pico CSS', 'QUIC', 'Smart Slider 3', 'UTF-8', 'WPForms', 'Woo Themes', 'WordPress', 'WordPress Multisite', 'WordPress Related Posts', 'YouTube', 'hCaptcha', 'jQuery']"
flexiometric.com,Flexiometric | Unleash the power of technology,,,77,20234,2026-10-07T03:01:56.136016559Z,"['Angular', 'Ant Design Vue', 'Content Delivery Network', 'Fastly', 'Fireblade', 'Flat Icon', 'Google', 'Google Cloud CDN', 'Google Cloud DNS', 'Google Font API', 'UTF-8', 'Unsplash', 'WordPress', 'Zoom Video Conferencing']"
eappliance.ca,Everyday Appliance Repair Services,,CAN,72,5740,2026-10-07T02:52:48.296386346Z,"['Angular', 'Apache', 'Comms', 'DC74', 'GZIP Module', 'Google Cloud DNS', 'Google Font API', 'Joomla!', 'Perl', 'QUIC', 'RokNavMenu', 'UTF-8', 'YouTube', 'jQuery']"
transsee.app,TransSee Real-Time Bus Tracker / Next Vehicle Prediction - TransSee,,CAN,77,5120,2026-10-07T02:52:48.276849915Z,"['Angular', 'Apache', 'Cisco/Arrowpoint Content Service Switch', 'DAV', 'Express', 'GitHub Hosting', 'Google Analytics', 'Google My Business', 'Google Play', 'Google Tag Manager', 'Microdata for Google Shopping', 'PWA', 'QUIC', 'SiteW', 'Twitter Ads', 'University or College', 'eLand']"
breanhorne.com,Brean Horne – Personal Finance Writer & Commentator,,,67,20647,2026-10-07T02:43:10.222362297Z,"['AWS WAF Challenge', 'Alternate Protocol', 'Angular', 'Automattic', 'CoBlocks', 'Content Delivery Network', 'EmbedPress', 'Express', 'Jetpack', 'Jetpack Site Accelerator', 'Nginx', 'Perl', 'Share Link', 'Twitter Ads', 'UTF-8', 'Vector Internet Services', 'WordPress', 'WordPress Multisite', 'WordPress Stats']"
greenthumbgardeningcommunity.com,Soil Preparation - Green Thumb Gardening Community,Green Thumb Gardening community,USA,82,51931,2026-10-07T02:15:47.075024293Z,"['AWS WAF Challenge', 'Alternate Protocol', 'Angular', 'Automattic', 'Cloudflare', 'Cloudflare CDN', 'Community', 'Content Delivery Network', 'Cookie Accept', 'Cookie Notice', 'Elementor', 'EmbedPress', 'Express', 'Fireblade', 'GoDaddy', 'Google', 'Google Analytics', 'Google My Business', 'Google Tag Manager', 'Hello Elementor', 'Instagram Follow Button', 'Jetpack', 'Jetpack Site Accelerator', 'LiteSpeed', 'MailChimp for WordPress', 'Microdata for Google Shopping', 'PHP', 'QUIC', 'Theme In WP', 'UTF-8', 'Wangsu', 'Woo Themes', 'WooCommerce', 'WooCommerce Checkout', 'WooCommerce Payments', 'WordPress', 'WordPress Multisite', 'WordPress Stats', 'YouTube', 'jQuery']"
moneytipsblog.co.uk,Money Tips Blog | UK Personal Finance & Cost of Living Guides,,,82,28441,2026-10-07T02:15:47.073240055Z,"['Alternate Protocol', 'Angular', 'Apture Linking Platform', 'Beaver Builder Lite', 'Contento', 'EmbedPress', 'Google', 'Google Analytics', 'Google Cloud CDN', 'Google Cloud DNS', 'Google Font API', 'Google Related Website Sites', 'Google Tag Manager', 'InitiativeS', 'Lazy Load for WordPress', 'LiteSpeed', 'Microdata for Google Shopping', 'PHP', 'Schema Plugin', 'Theme In WP', 'UTF-8', 'WordPress', 'WordPress Multisite', 'jQuery']"
unitedsystemspr.com,Home | United Systems LLC,,PRI,60,3,2026-10-07T02:15:47.07160336Z,"['Angular', 'Apache', 'GZIP Module', 'Google Cloud DNS', 'Google Font API', 'QUIC', 'Telegram', 'To Top', 'UTF-8']"
avtoset.si,Domov,,SVN,55,10162,2026-10-07T02:06:16.949390375Z,"['AJAX Libraries API', 'Angular', 'CDN JS', 'Cloudflare', 'Cloudflare CDN', 'Contento', 'CookieConsent', 'ElementUI', 'Font Awesome', 'Google Analytics', 'Google Cloud DNS', 'Google Font API', 'Google Maps', 'Microdata for Google Shopping', 'Nginx', 'PHP', 'Schema Plugin', 'Tailwind CSS', 'UTF-8', 'YouTube', 'arsys.es', 'jQuery', 'jsDelivr']"
sofiaunplugged.com,SofiaUnplugged – ins and outs of comms and media,,,62,5647,2026-10-07T02:06:16.946630156Z,"['Alternate Protocol', 'Angular', 'Automattic', 'Content Delivery Network', 'EmbedPress', 'Jetpack', 'Jetpack Site Accelerator', 'Nginx', 'UTF-8', 'Vector Internet Services', 'WordPress', 'WordPress Multisite', 'WordPress Stats']"
esteratech.com,Estera Tech LLC | Innovative Software Solutions,Estera Tech LLC,,82,15240,2026-10-07T02:02:38.818747189Z,"['AWS WAF Challenge', 'Angular', 'Content Delivery Network', 'Microdata for Google Shopping', 'Next.js', 'Pleroma', 'Tailwind CSS', 'UTF-8', 'Vercel', 'WhatsApp Sharing', 'shadcn ui']"
timee.sa,Expert Time,,,60,1362,2026-10-07T01:58:06.02659078Z,"['Adult Content', 'Angular', 'CDN JS', 'Cloudflare', 'Cloudflare CDN', 'Express', 'Font Awesome', 'Google', 'Google Cloud CDN', 'Google Cloud DNS', 'Google Font API', 'Instagram Follow Button', 'Nginx', 'Tailwind CSS', 'Twitter Ads', 'UTF-8', 'Vector Internet Services', 'YouTube', 'jsDelivr']"
lungsummit.org,Lung Summit | The International Lung Cancer Summit,,GBR,77,6863,2026-10-07T01:52:50.752882436Z,"['4PX', 'Alternate Protocol', 'Amazon WAF Blocked', 'Angular', 'Coming Soon Page', 'Complianz', 'Contact Form Plugin', 'DAV', 'Divi', 'Elegant Themes', 'EmbedPress', 'Express', 'Fastly', 'GZIP Module', 'Google Calendar', 'Google Maps', 'Google My Business', 'Lazy Load for WordPress', 'Microdata for Google Shopping', 'Microsoft 365', 'Nginx', 'PHP', 'SearchWP', 'Sitelinks Search Box', 'Theme In WP', 'UTF-8', 'WP Rocket', 'WordPress', 'WordPress Multisite', 'eLand', 'jQuery']"
divine-technology.com,"Divine Technologies – Manufacturer, Wholesaler of Compression Testing Machine, Vertical Autoclave & Pan Mixer etc",,,65,2449,2026-10-07T01:48:06.017089953Z,"['Alternate Protocol', 'Angular', 'Bulma', 'Content Delivery Network', 'EmbedPress', 'Google Cloud DNS', 'Google Font API', 'Google Maps', 'Google My Business', 'IcoMoon', 'Line2', 'LiteSpeed', 'PHP', 'QUIC', 'QUIC.cloud', 'UTF-8', 'WordPress', 'WordPress Multisite', 'reCAPTCHA']"
trenvo.bd,Trenvo - Bangladesh's Favourite Online Market,Trenvo,,67,9468,2026-10-07T01:34:26.151442842Z,"['Amazon WAF Blocked', 'Angular', 'CDN JS', 'Cloudflare', 'Cloudflare CDN', 'Content Delivery Network', 'Facebook Conversion Tracking', 'Facebook Login', 'Facebook Messenger Platform', 'Facebook Pixel', 'Facebook Reseller', 'Facebook Tag API', 'Firebase', 'Google', 'Google Cloud CDN', 'Google Cloud DNS', 'Google Font API', 'Microdata for Google Shopping', 'Microsoft Clarity', 'Netlify', 'QUIC', 'UTF-8', 'Vector Internet Services', 'WhatsApp Sharing', 'YouTube']"
hminds.org,HumanMinds - Inspiring Extraordinary People’s Performance | Access Your Abilities,,,52,3,2026-10-07T01:29:53.389993949Z,"['Angular', 'Apache', 'GZIP Module', 'Google Analytics', 'Google Cloud DNS', 'Google Font API', 'Google Related Website Sites', 'To Top', 'UTF-8']"
connectmarketing.cl,Connect Marketing: Captación face-to-face de socios de ONG en Chile | Connect Marketing,,,62,2800,2026-10-07T01:29:53.375519028Z,"['Alternate Protocol', 'Angular', 'Google', 'Google Cloud DNS', 'Google Font API', 'Instagram Follow Button', 'Microdata for Google Shopping', 'No-Q', 'Pexels', 'Zyro']"
coolheatingcoalition.eu,Home - Cool Heating Coalition,Cool Heating Coalition,,60,8542,2026-10-07T01:26:11.349786234Z,"['AWS WAF Challenge', 'Algolia', 'Alternate Protocol', 'Angular', 'Apache', 'Automattic', 'Cloudflare', 'Cloudflare CDN', 'CookieYes', 'Cornerstone', 'DAV', 'Elementor', 'EmbedPress', 'Essential Addons for Elementor', 'Express', 'Fireblade', 'Google', 'Google Analytics', 'Google Cloud DNS', 'Google Font API', 'Google My Business', 'Google Related Website Sites', 'Google Tag Manager', 'InitiativeS', 'Investor Relations', 'Jetpack', 'Microdata for Google Shopping', 'Microsoft 365', 'NFOrce Internet', 'PHP', 'Popup Maker for Wordpress', 'QUIC', 'SVG Support', 'The Events Calendar', 'Theme In WP', 'Twitter Ads', 'UTF-8', 'Underscores', 'University or College', 'WP Search with Algolia', 'WordPress', 'WordPress Multisite', 'WordPress Stats', 'YouTube', 'Zoom Video Conferencing', 'eLand', 'jQuery', 'reCAPTCHA']"
ortorex.com,Ortorex™ - Orthopedic Treatment from Head to Toe,,USA,70,18580,2026-10-07T01:02:17.081730365Z,"['Alternate Protocol', 'Angular', 'Cloudflare', 'Cloudflare CDN', 'Contact Form Plugin', 'Content ad', 'ElementUI', 'EmbedPress', 'Express', 'Facebook Login', 'Facebook Messenger Platform', 'Facebook Pixel', 'Facebook Reseller', 'Facebook Tag API', 'Google', 'Google Analytics', 'Google Cloud CDN', 'Google Tag Manager', 'Klaviyo', 'LiteSpeed', 'Microdata for Google Shopping', 'Microsoft Clarity', 'Perl', 'Pinterest Conversion Tracking', 'UTF-8', 'VWO Engage', 'Variation Swatches for WooCommerce', 'Visual Website Optimizer', 'WPForms', 'Woo Themes', 'WooCommerce', 'WooCommerce Checkout', 'WordPress', 'WordPress Multisite', 'YouTube', 'jQuery']"
kxhfurniture.com,SHOPLINE - Global Smart Commerce Enabler | 14 days free trial | Online,,SGP,67,10758,2026-10-07T01:02:17.059169554Z,"['Adobe Creative Cloud WebFonts', 'Alternate Protocol', 'Amazon', 'Amazon CloudFront', 'Amazon Route 53', 'Angular', 'CloudFront', 'Content Delivery Network', 'Google Analytics', 'Google Cloud DNS', 'Google Font API', 'Google Related Website Sites', 'Google Tag Manager', 'Intercom', 'Microdata for Google Shopping', 'Ruby on Rails', 'Shopline', 'UTF-8']"
owensappliancerepair.ca,"Local Barrie Appliance Repair- For your Local Barrie Appliance Repair needs, call our crews today!",Local Barrie Appliance Repair,CAN,77,848,2026-10-07T01:02:17.041972926Z,"['Alternate Protocol', 'Angular', 'Apture Linking Platform', 'EmbedPress', 'Express', 'Google Cloud DNS', 'Google Font API', 'Google Related Website Sites', 'Microdata for Google Shopping', 'Nginx', 'PHP', 'Theme In WP', 'UTF-8', 'WP Statistics', 'WordPress', 'WordPress Multisite', 'jQuery', 'kk Star Ratings']"
morenoise.it,Morenoise,,,52,600,2026-10-07T01:02:17.036380761Z,"['Alternate Protocol', 'Angular', 'Azion', 'Cloudflare', 'Cloudflare CDN', 'Cloudflare Web Analytics', 'Content Delivery Network', 'Fastly', 'Google Analytics', 'Google My Business', 'Google Tag Manager', 'UTF-8']"
pxmatrix.com,Top Mobile App & Web Development Company in India & USA,PixelMatrix Solutions,CAN,82,5884,2026-10-07T00:40:36.598619347Z,"['Agoda', 'Alternate Protocol', 'Angular', 'Apture Linking Platform', 'Better Lead Generation Services', 'Contact Form Plugin', 'Content Delivery Network', 'DAV', 'EmbedPress', 'Ethy', 'Facebook Conversion Tracking', 'Facebook Login', 'Facebook Messenger Platform', 'Facebook Pixel', 'Facebook Reseller', 'Facebook Tag API', 'Fancybox for WordPress', 'Font Awesome', 'Google', 'Google Analytics', 'Google Cloud CDN', 'Google Cloud DNS', 'Google Font API', 'Google My Business', 'Google Related Website Sites', 'Google Tag Manager', 'IcoMoon', 'Instagram Follow Button', 'LiteSpeed', 'Max Mega Menu', 'Max Mega Menu Pro', 'Microdata for Google Shopping', 'Microsoft Clarity', 'NitroPack', 'No-Q', 'PHP', 'Pearl Theme', 'Popup Maker for Wordpress', 'Python', 'QUIC', 'Sitelinks Search Box', 'Slider Revolution', 'Tailwind CSS', 'Twitter Ads', 'UTF-8', 'WPBakery', 'Woo Themes', 'WordPress', 'WordPress Multisite', 'eLand']"
nationalcattledog.com,Home - National Cattledog Association,National Cattledog Association,,80,19614,2026-10-07T00:35:07.094990566Z,"['501c3 Status Nonprofit', 'AWS WAF Challenge', 'Alternate Protocol', 'Angular', 'Cloudflare', 'Cognito Forms', 'Content Delivery Network', 'Corporate Governance and Regulatory Compliance', 'DAV', 'Divi', 'Elegant Themes', 'EmbedPress', 'Google', 'Google Analytics', 'Google Cloud CDN', 'Google Cloud DNS', 'Google Font API', 'Google My Business', 'Google Tag Manager', 'Microdata for Google Shopping', 'PHP', 'The Events Calendar', 'Theme In WP', 'UTF-8', 'WP Engine', 'Woo Themes', 'WordPress', 'WordPress Multisite', 'WordPress SEO Structured Data Schema Plugin', 'jQuery']"
rchiz.ca,Home - Rchiz Calgary Cleaners,Rchiz Calgary Cleaners,CAN,77,133,2026-10-07T00:30:18.486410057Z,"['Alternate Protocol', 'Angular', 'DAV', 'EmbedPress', 'Instagram Follow Button', 'LiteSpeed', 'Microdata for Google Shopping', 'PHP', 'Theme In WP', 'Twitter Ads', 'UTF-8', 'Unsplash', 'WordPress', 'WordPress Multisite']"
rieseniavpohode.sk,Riešenia v POHODE - Riešime vaše potreby v POHODE,,SVK,72,468,2026-10-07T00:19:35.201018714Z,"['Angular', 'Bulma', 'DAV', 'Google Analytics', 'Google Tag Manager', 'IcoMoon', 'OpenResty', 'PHP', 'Tailwind CSS']"
villagalidiasorrento.com,Luxury Private Villa for Holiday in Sorrento - VILLA GALIDIA,,ITA,67,1589,2026-10-07T00:13:49.186182224Z,"['Alternate Protocol', 'Angular', 'Azion', 'Content Delivery Network', 'DuracellTomi Google Tag Manager for WordPress', 'EmbedPress', 'Google Analytics', 'Google Cloud DNS', 'Google Font API', 'Google Maps', 'Google My Business', 'Google Tag Manager', 'Iubenda', 'Microdata for Google Shopping', 'Nginx', 'PHP', 'Theme In WP', 'UTF-8', 'WordPress', 'WordPress Multisite', 'jQuery']"
theplaceindependentschool.co.uk,Home | The Place Independent School,,,45,7719,2026-10-07T00:05:34.316750124Z,"['Amazon WAF Blocked', 'Angular', 'Content Delivery Network', 'Corporate Governance and Regulatory Compliance', 'Fireblade', 'GZIP Module', 'GitHub Hosting', 'Google', 'Google Calendar', 'Google Cloud CDN', 'Google Cloud DNS', 'Google Font API', 'Google My Business', 'IcoMoon', 'Instagram Follow Button', 'Nginx', 'Tailwind CSS', 'UTF-8', 'University or College']"
savehallmossfields.co.uk,Save Hall Moss Fields – Community Group,,,50,241,2026-10-06T23:55:12.372105789Z,"['Alternate Protocol', 'Angular', 'Content Delivery Network', 'Divi', 'Elegant Themes', 'EmbedPress', 'GoFundMe', 'Google', 'Google Cloud CDN', 'Google Cloud DNS', 'Google Font API', 'Instagram Follow Button', 'Nginx', 'PHP', 'Thank You', 'Theme In WP', 'UTF-8', 'Woo Themes', 'WordPress', 'WordPress Multisite', 'YouTube', 'eLand', 'jQuery', 'reCAPTCHA']"
thesharebrokers.in,Top Stock Brokers In India | Compare Brokers & Find The Best,,IND,77,33274,2026-10-06T23:55:12.369814417Z,"['AWS WAF Challenge', 'Alternate Protocol', 'Angular', 'Baidu Cloud', 'Cloudflare', 'Cloudflare CDN', 'Content Delivery Network', 'EmbedPress', 'Express', 'GDPR Consent Management Platform', 'GitHub Hosting', 'Google', 'Google Analytics', 'Google My Business', 'Google Tag Manager', 'IcoMoon', 'LiteSpeed', 'Media.net', 'Medium', 'Microdata for Google Shopping', 'Neve', 'Onyx Internet', 'PHP', 'Perl', 'Site Kit', 'Sitelinks Search Box', 'Theme In WP', 'Twitter Ads', 'UTF-8', 'WPForms', 'WordPress', 'WordPress Multisite', 'Yandex Hosting', 'YouTube', 'eLand', 'jQuery', 'kk Star Ratings', 'myStickymenu']"
platypuslandscapes.com.au,Expert Pool Landscaping Services | Platypus Landscapes,,AUS,72,18840,2026-10-06T23:55:12.362828924Z,"['Angular', 'GitHub Hosting', 'GoDaddy', 'Google', 'Google Cloud DNS', 'Google Font API', 'Google My Business', 'Google Related Website Sites', 'PWA', 'UTF-8', 'Wangsu', 'Website Tonight']"
teamvoltagebasketball.org,Home - Team Voltage Basketball,Team Voltage Basketball TVB,USA,92,17292,2026-10-06T23:14:48.183658342Z,"['Alternate Protocol', 'Angular', 'Cloudflare', 'Contact Form Plugin', 'Content Delivery Network', 'Corporate Governance and Regulatory Compliance', 'Custom Facebook Feed', 'Custom Twitter Feeds', 'DAV', 'Elementor', 'EmbedPress', 'Fancybox for WordPress', 'GoDaddy', 'Google Analytics', 'Google Cloud DNS', 'Google Font API', 'Google My Business', 'Google Tag Manager', 'IcoMoon', 'Instagram Feed for WordPress', 'Instagram Follow Button', 'Line2', 'Microdata for Google Shopping', 'MonsterInsights', 'PHP', 'Pleroma', 'QUIC', 'Slider Revolution', 'Theme In WP', 'Twitter Ads', 'UTF-8', 'Variation Swatches for WooCommerce', 'Wangsu', 'Website Tonight', 'Woo Themes', 'WooCommerce', 'WooCommerce Checkout', 'WooCommerce Payments', 'WordPress', 'WordPress Multisite', 'YouTube', 'jQuery']"
dminstruments.in,Welcome to DM INSTRUMENT,,IND,70,99,2026-10-06T22:55:46.500868809Z,"['Angular', 'Apache', 'CDN JS', 'Cloudflare', 'Cloudflare CDN', 'ElementUI', 'Font Awesome', 'GZIP Module', 'Google Analytics', 'Google Tag Manager', 'Gravity', 'QUIC', 'Tailwind CSS', 'UTF-8', 'University or College', 'WhatsApp Sharing', 'jQuery']"
breezelab.com,BreezeLab | Research. Design. Application.,,,60,63,2026-10-06T22:51:52.14843014Z,"['Angular', 'Google', 'Google Analytics', 'Google Cloud DNS', 'Google Font API', 'Google Tag Manager', 'Instagram Follow Button', 'Nginx', 'Tailwind CSS', 'UTF-8', 'jsDelivr']"
theratap.app,"Practice software for animal therapists, veterinary practitioners & mobile therapists - TheraTap",TheraTap,DEU,77,30039,2026-10-06T22:46:35.355237029Z,"['AWS WAF Challenge', 'Alternate Protocol', 'Angular', 'Apture Linking Platform', 'Astro', 'Coming Soon Page', 'Express', 'Fireblade', 'GZIP Module', 'Google Analytics', 'Google Tag Manager', 'Instagram Follow Button', 'Microdata for Google Shopping', 'Nginx', 'Perl', 'QUIC', 'Tailwind CSS', 'UTF-8', 'shadcn ui']"
budventure.technology,Leading AI Based Software Development Company | Budventure,,IND,77,41044,2026-10-06T22:46:35.353988728Z,"['Amazon Link Enchancer', 'Angular', 'App Store', 'Apture Linking Platform', 'Better Lead Generation Services', 'CDN JS', 'Calendly', 'Cloudflare', 'Cloudflare CDN', 'Clutch', 'CodeIgniter', 'Endis', 'Express', 'Facebook Conversion Tracking', 'Facebook Login', 'Facebook Messenger Platform', 'Facebook Pixel', 'Facebook Reseller', 'Facebook Tag API', 'Flat Icon', 'GoodFirms', 'Google Analytics', 'Google Cloud DNS', 'Google Customer Reviews', 'Google Font API', 'Google My Business', 'Google Play', 'Google Tag Manager', 'Instagram Follow Button', 'Line2', 'LiteSpeed', 'Microdata for Google Shopping', 'No-Q', 'OpenAI', 'Oracle Cloud', 'PHP', 'Perl', 'Python', 'QUIC', 'Rush', 'Tailwind CSS', 'Thank You', 'Twitter Ads', 'UTF-8', 'Vector Internet Services', 'WhatsApp Sharing', 'jQuery', 'reCAPTCHA']"
kamusdigital.com,Kamus Digital – Solusi digital satu pintu,,IDN,60,3,2026-10-06T22:46:35.328927665Z,"['Alternate Protocol', 'Angular', 'Contact Form Plugin', 'Elementor', 'ElementsKit Elementor', 'EmbedPress', 'GZIP Module', 'Google Cloud DNS', 'Google Font API', 'Instagram Follow Button', 'Nginx', 'PHP', 'Simple Banner for Wordpress', 'Tailwind CSS', 'Theme In WP', 'UTF-8', 'WordPress', 'WordPress Multisite', 'jQuery']"
sigulp.co.uk,Strategic Growth Consultancy | 360 Degree Delivery,Sigulp,GBR,77,20666,2026-10-06T22:29:36.397024429Z,"['AWS WAF Challenge', 'Alternate Protocol', 'Angular', 'Calendly', 'Cloudflare', 'Cloudflare CDN', 'Content Delivery Network', 'Elementor', 'ElementsKit Elementor', 'EmbedPress', 'Essential Addons for Elementor', 'Essential Blocks for Gutenberg', 'Express', 'FormSubmit', 'Google', 'Google Analytics', 'Google Cloud DNS', 'Google Font API', 'Google My Business', 'Google Related Website Sites', 'Google Tag Manager', 'Header, Footer and Blocks for Elementor', 'InitiativeS', 'LiteSpeed', 'Metform Elemento', 'Microdata for Google Shopping', 'NFOrce Internet', 'PHP', 'Perl', 'QUIC', 'QuadLayers', 'Theme In WP', 'UTF-8', 'Woo Themes', 'WooCommerce', 'WooCommerce Checkout', 'WooCommerce Payments', 'WordPress', 'WordPress Multisite', 'jQuery']"
nishu.dev,Nishant Pai,,,52,387,2026-10-06T22:18:27.664689335Z,"['Alternate Protocol', 'Angular', 'Content Delivery Network', 'GitHub Hosting', 'Google', 'Google Cloud CDN', 'Google Cloud DNS', 'Google Font API', 'KaTeX', 'Next.js', 'Ntent', 'Pleroma', 'Storyblocks', 'Tailwind CSS', 'Twitter Ads', 'UTF-8', 'Unsplash', 'Vercel', 'jsDelivr']"
deafcare.org.au,DeafCare – Ministering grace and charity to the deaf communities,,,45,602,2026-10-06T21:38:21.744663428Z,"['Alternate Protocol', 'Angular', 'Contact Form Plugin', 'Content Delivery Network', 'Elementor', 'EmbedPress', 'Essential Addons for Elementor', 'Font Awesome', 'FreeCSSTemplates', 'Google Cloud DNS', 'Google Font API', 'LiteSpeed', 'NFOrce Internet', 'PHP', 'Premium Addons for Elementor', 'Sapper', 'SiteW', 'Theme In WP', 'UTF-8', 'Woo Themes', 'WordPress', 'WordPress Multisite', 'YouTube', 'jQuery']"
candisymcdow.com,Candis Y. McDow,,GBR,75,69752,2026-10-06T21:38:21.739247603Z,"['Adult Content', 'Amazon Widgets', 'Angular', 'Apache', 'Apture Linking Platform', 'Express', 'GitHub Hosting', 'GoDaddy', 'Google', 'Google Cloud DNS', 'Google Font API', 'Google My Business', 'Instagram Follow Button', 'Line2', 'Medium', 'OSS CDN', 'PWA', 'Rush', 'SMC', 'UTF-8', 'University or College', 'Vimeo', 'Wangsu', 'Website Tonight', 'eLand']"
antonyinvestmentproperties.com,Antony Investment Properties – Your Vacation Home Rental,,USA,65,28969,2026-10-06T21:31:06.165807882Z,"['AWS WAF Challenge', 'Alternate Protocol', 'Angular', 'Astra Theme', 'Cloudflare', 'Cloudflare CDN', 'Content Delivery Network', 'Elementor', 'EmbedPress', 'Google', 'Google Maps', 'Google My Business', 'Nginx', 'PHP', 'Pure Chat', 'Rechat', 'Sapper', 'Theme In WP', 'UTF-8', 'University or College', 'Woo Themes', 'WordPress', 'WordPress Multisite', 'WordPress Related Posts', 'jQuery']"
joelbradbury.net,All posts | joelbradbury.net,,,40,3,2026-10-06T21:31:06.156645607Z,"['Angular', 'Content Delivery Network', 'GitHub Hosting', 'Google Cloud DNS', 'Google Font API', 'Next.js', 'Pleroma', 'Tailwind CSS', 'UTF-8', 'Vercel']"
trustedgamble.com,Best Online Casino in India 2026 | Top Real Money Casino Sites & Bonuses - TrustedGamble,TrustedGamble,GBR,92,,2026-10-06T21:24:38.883880594Z,"['Alternate Protocol', 'Angular', 'AutoComplete', 'Be Gamble Aware', 'Cloudflare', 'Cloudflare CDN', 'Cloudflare Web Analytics', 'Content Delivery Network', 'Gambling Content', 'Google Analytics', 'Google Tag Manager', 'Microdata for Google Shopping', 'QUIC', 'Tailwind CSS', 'The Deck', 'UTF-8', 'jQuery']"
northsouthpropertymanagement.com,"Property Management Company | North South Property Management and Rentals | Fall River, Brockton, MA",,,82,1219,2026-10-06T21:19:37.964449785Z,"['AJAX Libraries API', 'Amazon S3 CDN', 'Angular', 'AutoComplete', 'Font Awesome', 'GZIP Module', 'Google Analytics', 'Google Cloud DNS', 'Google Font API', 'Google Maps', 'Google My Business', 'Google Related Website Sites', 'Google Tag Manager', 'Nginx', 'PHP', 'Storyblocks', 'UTF-8', 'WordPress']"
247tradesmengroup.com.au,24/7 Electrical Services: Trusted Solutions for Home & Bu,247tradesmengroup,SYC,82,49,2026-10-06T21:14:00.339237005Z,"['Alternate Protocol', 'Angular', 'Bulma', 'CDN JS', 'Cloudflare', 'Cloudflare CDN', 'Contact Form Plugin', 'Content Delivery Network', 'EmbedPress', 'Google Analytics', 'Google My Business', 'Google Tag Manager', 'Instagram Follow Button', 'License Buttons', 'LiteSpeed', 'Microdata for Google Shopping', 'PHP', 'Theme In WP', 'UTF-8', 'WordPress', 'WordPress Multisite', 'jQuery']"
aecgroup.com,Technology Solutions and Managed IT Services in Pittsburgh - AEC Group LLC,"AEC Group, LLC",USA,82,94569,2026-10-06T21:14:00.317194414Z,"['AWS WAF Challenge', 'Alternate Protocol', 'Angular', 'Aruba', 'Content Delivery Network', 'EWWW Image Optimizer', 'Elementor', 'Elementor Custom Skin', 'EmbedPress', 'Essential Addons for Elementor', 'Fireblade', 'Font Awesome', 'GeneratePress Company', 'Google', 'Google Analytics', 'Google Cloud DNS', 'Google Font API', 'Google My Business', 'Google Tag Manager', 'Gravity', 'Gravity Forms', 'InitiativeS', 'Microdata for Google Shopping', 'Nginx', 'PHP', 'QUIC', 'Site Kit', 'Theme In WP', 'Twitter Ads', 'UTF-8', 'WordPress', 'WordPress Multisite', 'YouTube', 'Zift Solutions', 'jQuery', 'reCAPTCHA']"
achieverslearningcentre.com,Achievers Learning Centre,,IND,72,75469,2026-10-06T21:06:25.615163848Z,"['AJAX Libraries API', 'Angular', 'DAV', 'Engage', 'Financial Services Guide', 'Font Awesome', 'GZIP Module', 'Google Cloud DNS', 'Google Font API', 'Google My Business', 'Google Play', 'Google Tag Manager', 'K2F', 'KVH', 'MoEngage', 'Nginx', 'No-Q', 'PWA', 'Perl', 'Pleroma', 'Sign In With Google', 'Subversion', 'Tailwind CSS', 'UTF-8', 'jQuery']"
sandberg-estates.com,Sandberg Estates | Luxury Real Estate Agency in Mallorca,,DOM,77,18766,2026-10-06T21:01:38.146009374Z,"['Alternate Protocol', 'Angular', 'Apture Linking Platform', 'Cloudflare', 'Cloudflare Web Analytics', 'Coming Soon Page', 'Envoy', 'Fireblade', 'Font Awesome', 'Google', 'Google Cloud CDN', 'Google Cloud DNS', 'Google Font API', 'Google My Business', 'Google Related Website Sites', 'Google Tag Manager', 'Harbor', 'IcoMoon', 'Instagram Follow Button', 'QUIC', 'Share Link', 'Sitelinks Search Box', 'Thank You', 'UTF-8', 'YouTube', 'eLand']"
beyondthevows.site,"Beyond the Vows: A One Day Marriage Retreat (SOLD OUT) Tickets, Catholic Regional College Performing Arts Centre, Caroline Springs, CAROLINE SPRINGS | TryBooking Australia",,ZAF,77,4890,2026-10-06T20:54:34.510896433Z,"['Alternate Protocol', 'Amazon', 'Amazon CloudFront', 'Amazon Route 53', 'Angular', 'Angular Material', 'Booking Affiliate', 'CloudFront', 'Content Delivery Network', 'Express', 'Google', 'Google Cloud DNS', 'Google Font API', 'Google My Business', 'Google Pay', 'Microdata for Google Shopping', 'UTF-8', 'University or College', 'WordPress']"
modernquickwaykitchencabinets.com,"Custom Kitchen Cabinet, Vanity , Entertainment Unit, Bar Cabinet in Surrey BC | Modern Quickway Kitchen Cabinets",,CAN,82,5040,2026-10-06T20:54:34.507487496Z,"['Angular', 'DAV', 'Google Analytics', 'Google Cloud DNS', 'Google Font API', 'Google Maps', 'Google My Business', 'Google Tag Manager', 'Instagram Follow Button', 'PHP', 'QUIC', 'To Top', 'UTF-8', 'Vector Internet Services', 'YouTube']"
virtualestatetoursyeg.ca,Home - Virtual Estate Tours,Virtual Estate Tours,CAN,75,347,2026-10-06T20:49:47.48668871Z,"['Alternate Protocol', 'Angular', 'Apture Linking Platform', 'Content Delivery Network', 'Elementor', 'EmbedPress', 'Essential Addons for Elementor', 'Essential Blocks for Gutenberg', 'Google Analytics', 'Google Tag Manager', 'Hello Elementor', 'Instagram Follow Button', 'Microdata for Google Shopping', 'Nginx', 'PHP', 'QUIC', 'Site Kit', 'Table Addons for Elementor', 'Theme In WP', 'UTF-8', 'WordPress', 'WordPress Multisite', 'jQuery']"
90pixel.com,90Pixel | We are Your Partner in Education and Human Resources Technologies.,,TUR,82,,2026-10-06T20:28:41.515407669Z,"['Angular', 'GZIP Module', 'Google Analytics', 'Google My Business', 'Google Tag Manager', 'Instagram Follow Button', 'Next.js', 'Pleroma', 'Twitter Ads', 'UTF-8']"
nexuswindowtint.com,"Window tinting Hollister, CA | Nexus Window Tint LLC",Nexus window tint LLC,,77,20481,2026-10-06T20:11:19.609493351Z,"['Alibaba Cloud CDN', 'Alternate Protocol', 'Angular', 'Astra Theme', 'Better Lead Generation Services', 'Cloudflare', 'Cloudflare CDN', 'Cookie Accept', 'Cookie Notice', 'Dealer.com', 'Elementor', 'EmbedPress', 'Essential Addons for Elementor', 'Fireblade', 'Google Analytics', 'Google Cloud DNS', 'Google Font API', 'Google My Business', 'Google Tag Manager', 'Instagram Follow Button', 'JetElements', 'Microdata for Google Shopping', 'NFOrce Internet', 'Ntent', 'PHP', 'QUIC', 'Sitelinks Search Box', 'Theme In WP', 'TrustIndex', 'UTF-8', 'Vimeo', 'WPForms', 'Woo Themes', 'WordPress', 'WordPress Multisite', 'WordPress Related Posts', 'jQuery', 'reCAPTCHA']"
rekcap.com,Home - Rekcap Custom Apparel & Promotional Products,,,62,79179,2026-10-06T20:11:19.605375586Z,"['Angular', 'Angular Material', 'Apture Linking Platform', 'Azure Edge', 'CDN JS', 'Cloudflare', 'Cloudflare CDN', 'Cloudflare Web Analytics', 'Contentful', 'DAV', 'DoubleClick Bid Manager', 'ETranslate', 'Fireblade', 'Font Awesome', 'GZIP Module', 'Google', 'Google Analytics', 'Google Cloud CDN', 'Google Cloud DNS', 'Google Font API', 'Google Maps', 'Google Matched Content', 'Google My Business', 'Google Recommendations AI', 'Google Reseller', 'Google Tag Manager', 'Imgix', 'Instagram Follow Button', 'K2F', 'Line2', 'Microsoft 365', 'Microsoft Azure', 'QUIC', 'Report URI', 'Sitelinks Search Box', 'Subversion', 'Tailwind CSS', 'Twitter Ads', 'UTF-8', 'Vimeo', 'YouTube', 'reCAPTCHA', 'shadcn ui']"
examprepbykkeducampus.com,KK Edu-Campus,,IND,67,30139,2026-10-06T19:55:32.941560906Z,"['AJAX Libraries API', 'Angular', 'Engage', 'Facebook Login', 'Facebook Messenger Platform', 'Facebook Reseller', 'Font Awesome', 'GZIP Module', 'Google Analytics', 'Google Cloud DNS', 'Google Font API', 'Google My Business', 'Google Play', 'Google Tag Manager', 'MoEngage', 'Nginx', 'Ntent', 'PWA', 'Perl', 'Pleroma', 'Sign In With Google', 'Tailwind CSS', 'UTF-8', 'jQuery']"
luke.hk,Luke Interactive - Digital Design Agency - Home,,CHN,67,432,2026-10-06T19:49:28.012039504Z,"['Angular', 'Calendly', 'Content Delivery Network', 'Google My Business', 'Instagram Follow Button', 'Next.js', 'PWA', 'Pleroma', 'Telegram', 'UTF-8', 'Vercel']"
akuireconsulting.com,Home | aKuire Consulting,,USA,65,40,2026-10-06T19:44:45.524685639Z,"['Angular', 'Apache', 'GZIP Module', 'Google Cloud DNS', 'Google Font API', 'Investor Relations', 'PHP', 'QUIC', 'To Top', 'UTF-8']"
appliancereparations.com,"Appliance Repair Proff INC – Appliance Repair in Burlington, Oakville, Melton, Hamilton, Toronto and GTA | Same Day Appliance Repair Proff INC",,CAN,80,27815,2026-10-06T19:40:57.047653013Z,"['Alternate Protocol', 'Angular', 'Apture Linking Platform', 'Azion', 'Cloudflare', 'Contact Form Plugin', 'Content Delivery Network', 'DAV', 'Doctor.com', 'Elementor', 'EmbedPress', 'Fireblade', 'Gambling Content', 'GoDaddy', 'Google Cloud DNS', 'Google Font API', 'Google My Business', 'Header, Footer and Blocks for Elementor', 'License Buttons', 'NFOrce Internet', 'Ntent', 'PHP', 'QUIC', 'Slider Revolution', 'Theme In WP', 'TrustIndex', 'UTF-8', 'Underscores', 'University or College', 'WordPress', 'WordPress Multisite', 'eLand', 'jQuery', 'reCAPTCHA']"
goldenstatemovers.us,Golden State Movers - Local and Long-Distance Moving Company in California,,,72,3379,2026-10-06T19:29:57.419806944Z,"['Alternate Protocol', 'Amazon WAF Blocked', 'Angular', 'Apture Linking Platform', 'Astra Theme', 'Better Lead Generation Services', 'Cloudflare', 'Elementor', 'EmbedPress', 'GZIP Module', 'Google', 'Google Analytics', 'Google Cloud CDN', 'Google Cloud DNS', 'Google Font API', 'Google Maps', 'Google Tag Manager', 'Lazy Load for WordPress', 'Microdata for Google Shopping', 'Nginx', 'PHP', 'QUIC', 'Schema Plugin', 'Sitelinks Search Box', 'UTF-8', 'WP Rocket', 'WPForms', 'Woo Themes', 'WordPress', 'WordPress Multisite', 'WordPress Related Posts']"
myrezeve.com,Rezeve – My WordPress Blog,,,50,629,2026-10-06T19:29:57.399386527Z,"['Alternate Protocol', 'Angular', 'Astra Theme', 'Automattic', 'CartFlows', 'Cloudflare', 'Content Delivery Network', 'Elementor', 'ElementsKit Elementor', 'EmbedPress', 'Jetpack', 'NFOrce Internet', 'Ntent', 'PHP', 'QUIC', 'Theme In WP', 'UTF-8', 'Woo Themes', 'WooCommerce', 'WooCommerce Checkout', 'WordPress', 'WordPress Multisite', 'WordPress Related Posts', 'WordPress Stats', 'jQuery']"
travelohlic.com,Travelohlic | Fastest Travel News to Your Fingertips,,PHL,82,20861,2026-10-06T19:29:57.387593078Z,"['AWS WAF Challenge', 'Adult Content', 'Alternate Protocol', 'Angular', 'Cisco/Arrowpoint Content Service Switch', 'Content Delivery Network', 'EmbedPress', 'Express', 'Funding Choices', 'Google Adsense', 'Google Analytics', 'Google Cloud DNS', 'Google Font API', 'Google Funding Choices', 'Google Matched Content', 'Google My Business', 'Google Reseller', 'Google Tag Manager', 'Instagram Follow Button', 'Line2', 'LiteSpeed', 'Microdata for Google Shopping', 'Microsoft Clarity', 'Newspaper', 'PHP', 'QUIC', 'QUIC.cloud', 'Sign In With Google', 'Sitelinks Search Box', 'Twitter Ads', 'UTF-8', 'WPBakery', 'WordPress', 'WordPress Multisite']"
creatingsydney.com,"General Neptune – Sound Practitioner In Cincinnati, OH",,,35,539,2026-10-06T19:19:52.670367389Z,"['Advanced Popups', 'Alternate Protocol', 'Angular', 'Automattic', 'Contact Form Plugin', 'Content Delivery Network', 'Elementor', 'EmbedPress', 'Hello Elementor', 'Instagram Follow Button', 'Jetpack', 'NFOrce Internet', 'Nginx', 'PHP', 'Slider Revolution', 'The Events Calendar', 'UTF-8', 'Woo Themes', 'WooCommerce', 'WooCommerce Checkout', 'WooCommerce Payments', 'WordPress', 'WordPress Multisite', 'WordPress Stats', 'YouTube', 'jQuery']"
udaanedu.in,UDAAN EDU,,,57,12102,2026-10-06T19:04:25.499490176Z,"['AJAX Libraries API', 'Angular', 'Engage', 'Font Awesome', 'GZIP Module', 'Google Cloud DNS', 'Google Font API', 'Google My Business', 'Google Play', 'Google Tag Manager', 'MoEngage', 'Nginx', 'PWA', 'Perl', 'Pleroma', 'Sign In With Google', 'Tailwind CSS', 'UTF-8', 'jQuery']"
villageofarrowwood.ca,Village of Arrowwood,Village of Arrowwood,CAN,87,2738,2026-10-06T18:55:59.185689491Z,"['Alternate Protocol', 'Angular', 'Cloudflare', 'Cloudflare CDN', 'Contact Form Plugin', 'Content Delivery Network', 'EmbedPress', 'Google', 'Google Cloud DNS', 'Google Font API', 'Gravity Forms', 'Instagram Follow Button', 'Microdata for Google Shopping', 'PHP', 'QUIC', 'Tailwind CSS', 'Theme In WP', 'TownPress Theme', 'Twitter Ads', 'UTF-8', 'WPBakery', 'WordPress', 'WordPress Multisite', 'jQuery']"
medquest.com,Home - Medquest,MedQuest Pharmacy,,67,24367,2026-10-06T18:43:39.553205141Z,"['AWS WAF Challenge', 'Alternate Protocol', 'Angular', 'Cloudflare', 'Content Delivery Network', 'Efilli', 'EmbedPress', 'Font Awesome', 'Google Analytics', 'Google Cloud DNS', 'Google Font API', 'Google Tag Manager', 'Gravity', 'Gravity Forms', 'LegitScript', 'Microdata for Google Shopping', 'Microsoft Azure Blob Storage', 'No-Q', 'PHP', 'QUIC', 'Tailwind CSS', 'Theme In WP', 'UTF-8', 'WP Engine', 'WordPress', 'WordPress Multisite', 'YouTube', 'accessiBe', 'jQuery']"
mentalhealthpractitionersnigeria.com,Nigerian Mental Health Practitioners USA,,NGA,70,36055,2026-10-06T18:43:39.54959672Z,"['501c3 Status Nonprofit', 'AWS WAF Challenge', 'Alternate Protocol', 'Angular', 'Cloudflare', 'Content Delivery Network', 'Cornerstone', 'Elementor', 'EmbedPress', 'GoDaddy', 'Google Cloud DNS', 'Google Font API', 'Google Maps', 'Google My Business', 'Hello Elementor', 'InitiativeS', 'Instagram Follow Button', 'M247', 'UENI', 'UTF-8', 'Woo Themes', 'WooCommerce', 'WooCommerce Checkout', 'WordPress', 'WordPress Multisite', 'jQuery']"
impactcity.church,Church in Pataskala OH | Impact City Church,,USA,72,40,2026-10-06T18:23:06.257649637Z,"['Angular', 'Content Delivery Network', 'Engintron', 'Google Cloud DNS', 'Google Font API', 'Google Maps', 'Google My Business', 'Instagram Follow Button', 'Nginx', 'To Top', 'UTF-8', 'YouTube']"
arobuz.com,Digital Marketing Agency | A-Z Solutions for Your Business,Arobuz,IND,82,17413,2026-10-06T18:23:06.246421876Z,"['AWS WAF Challenge', 'Alternate Protocol', 'Angular', 'Contact Form Plugin', 'DuracellTomi Google Tag Manager for WordPress', 'Elementor', 'Elfsight', 'EmbedPress', 'Formidable Pro Form', 'Google Analytics', 'Google My Business', 'Google Tag Manager', 'Instagram Follow Button', 'MailChimp for WordPress', 'Microdata for Google Shopping', 'NFOrce Internet', 'PHP', 'Site Kit', 'Sitelinks Search Box', 'Theme In WP', 'UTF-8', 'WordPress', 'WordPress Multisite', 'YouTube', 'jQuery']"
springdalefirst.com,Home,,NOR,55,3,2026-10-06T18:23:06.239266508Z,"['Angular', 'Content Delivery Network', 'Engintron', 'Google Cloud DNS', 'Google Font API', 'Instagram Follow Button', 'Nginx', 'To Top', 'UTF-8', 'YouTube']"
dramaritzacaballero.com,dramaritzacaballero.com,,,60,260,2026-10-06T18:07:56.63243062Z,"['AWS WAF Challenge', 'Alternate Protocol', 'Angular', 'Astra Theme', 'Cloudflare', 'Cloudflare CDN', 'Content Delivery Network', 'Elementor', 'EmbedPress', 'Google', 'Google My Business', 'Instagram Follow Button', 'LiteSpeed', 'PHP', 'Theme In WP', 'UTF-8', 'Woo Themes', 'WordPress', 'WordPress Multisite', 'WordPress Related Posts', 'jQuery']"
allstarfire.com,Allstar Fire Equipment Inc. Home,Allstar Fire Equipment Inc.,USA,67,22079,2026-10-06T18:07:56.626793503Z,"['ASP.NET Core', 'Alternate Protocol', 'Angular', 'Automattic', 'Bunny Fonts', 'Content Delivery Network', 'EmbedPress', 'Express', 'Facebook Embedded Posts', 'Fireblade', 'GZIP Module', 'Google', 'Google Cloud CDN', 'Google Cloud DNS', 'Google Font API', 'Google My Business', 'IcoMoon', 'Instagram Feed for WordPress', 'Instagram Follow Button', 'Jetpack', 'MailChimp', 'Microdata for Google Shopping', 'NFOrce Internet', 'Nginx', 'No-Q', 'PHP', 'Perl', 'QUIC', 'SiteGround Optimizer', 'Telegram', 'Twitter Ads', 'UTF-8', 'WhatsApp Sharing', 'Woo Themes', 'WordPress', 'WordPress Multisite', 'WordPress PopUp', 'WordPress Stats', 'YITH WooCommerce Compare', 'jQuery', 'reCAPTCHA']"
nobetterpromoshop.com,Home - No Better Promo Shop,,,45,20067,2026-10-06T18:01:37.957290266Z,"['Angular', 'Angular Material', 'Apture Linking Platform', 'Azure Edge', 'CDN JS', 'Cloudflare', 'Cloudflare CDN', 'Cloudflare Web Analytics', 'Contentful', 'DAV', 'DoubleClick Bid Manager', 'ETranslate', 'Fireblade', 'Font Awesome', 'GZIP Module', 'Google', 'Google Analytics', 'Google Cloud CDN', 'Google Cloud DNS', 'Google Font API', 'Google Maps', 'Google Matched Content', 'Google My Business', 'Google Recommendations AI', 'Google Reseller', 'Google Tag Manager', 'Imgix', 'Instagram Follow Button', 'K2F', 'Line2', 'Microsoft 365', 'Microsoft Azure', 'QUIC', 'Report URI', 'Sitelinks Search Box', 'Subversion', 'Twitter Ads', 'UTF-8', 'Umbler', 'Vimeo', 'YouTube', 'reCAPTCHA', 'shadcn ui']"
theoveragerefundgroup.com,Overage Refund Group,Overage Refund Group,USA,77,30661,2026-10-06T18:01:37.941634238Z,"['Alternate Protocol', 'Angular', 'Beaver Builder Lite', 'Content Delivery Network', 'Contento', 'EmbedPress', 'GZIP Module', 'Google', 'Google Analytics', 'Google Cloud DNS', 'Google Font API', 'Google My Business', 'Google Tag Manager', 'Investor Relations', 'Lazy Load for WordPress', 'Microdata for Google Shopping', 'Nginx', 'PHP', 'Pagekit', 'Theme In WP', 'UTF-8', 'Vimeo', 'Vimeo CDN', 'WordPress', 'WordPress Multisite', 'Yandex Hosting', 'YouTube', 'jQuery']"
nouvellevoguebridal.com,Exclusive Unique Wedding Dresses | Nouvelle Vogue Bridal,Nouvelle Vogue Bridal,USA,82,28354,2026-10-06T17:54:22.48930127Z,"['Adult Content', 'Alternate Protocol', 'Angular', 'Authorize.net', 'Cisco/Arrowpoint Content Service Switch', 'Cloudflare', 'Cloudflare Web Analytics', 'Content Delivery Network', 'Express', 'Fireblade', 'Google', 'Google Analytics', 'Google Cloud CDN', 'Google Cloud DNS', 'Google Cloud Storage', 'Google Font API', 'Google My Business', 'Google Related Website Sites', 'Google Tag Manager', 'HighLevel', 'Instagram Follow Button', 'Microdata for Google Shopping', 'No-Q', 'Nuxt.js', 'Share Link', 'UTF-8']"
chatupza.com,Chatupza,,,40,,2026-10-06T17:45:57.228315297Z,"['Angular', 'GZIP Module', 'PHP', 'UTF-8']"
yoguverse.com.au,Dessert Shellharbour | Frozen Dessert Bar & Healthy Sweet Treats,Yoguverse,,72,2160,2026-10-06T17:40:00.661390703Z,"['Alternate Protocol', 'Angular', 'Bunny Fonts', 'Elementor', 'EmbedPress', 'Google Analytics', 'Google Cloud DNS', 'Google Font API', 'Google Related Website Sites', 'Google Tag Manager', 'Header, Footer and Blocks for Elementor', 'Hotjar', 'Instagram Follow Button', 'Microdata for Google Shopping', 'Ninja Forms', 'PHP', 'Phlox', 'QUIC', 'Sapper', 'Site Kit', 'Telegram', 'Theme In WP', 'Twitter Ads', 'UTF-8', 'WhatsApp Sharing', 'WordPress', 'WordPress Multisite', 'WordPress PopUp', 'WordPress Related Posts', 'YouTube', 'eLand', 'jQuery']"
theterracesrestaurant.co.nz,The Terraces Restaurant,The Terraces Restaurant,NZL,77,1479,2026-10-06T17:31:22.177461488Z,"['Alternate Protocol', 'Angular', 'Bulma', 'Bunny Fonts', 'Elementor', 'Google Analytics', 'Google My Business', 'Google Tag Manager', 'Instagram Follow Button', 'Microdata for Google Shopping', 'Nginx', 'PHP', 'Pico CSS', 'Theme In WP', 'UTF-8', 'Uncode', 'WP Super Cache', 'WPBakery', 'WordPress', 'WordPress Multisite', 'jQuery', 'reCAPTCHA']"
giftybees.com,Home,,DEU,60,228,2026-10-06T17:31:22.170501802Z,"['Angular', 'CDN JS', 'Cloudflare', 'Cloudflare CDN', 'Google', 'Google Cloud DNS', 'Google Font API', 'Instagram Follow Button', 'Line2', 'LiteSpeed', 'PHP', 'UTF-8', 'jQuery']"
sosuadreams.com,sosuadreams – SHORT-TERM VACATION RENTAL SUITES,,DOM,60,7886,2026-10-06T17:17:37.741919482Z,"['AJAX Libraries API', 'AWS WAF Challenge', 'Alternate Protocol', 'Amazon WAF Blocked', 'Angular', 'Anti-spam for WordPress', 'Astra Theme', 'CleanTalk Spam Protect', 'Cloudflare', 'Cloudflare CDN', 'Contact Form Plugin', 'EditorsKit', 'Elementor', 'ElementsKit Elementor', 'EmbedPress', 'Fireblade', 'Google', 'Google Cloud DNS', 'Google Font API', 'Google Maps', 'Google My Business', 'Gutenberg', 'Jetpack', 'PHP', 'Pagekit', 'QUIC', 'Sapper', 'Smush Image Optimization', 'Table Addons for Elementor', 'Theme In WP', 'Twitter Ads', 'UTF-8', 'WPForms', 'Woo Themes', 'WooCommerce', 'WooCommerce Checkout', 'WooCommerce Payments', 'WordPress', 'WordPress Multisite', 'WordPress Related Posts', 'YouTube', 'jQuery']"
statesafety.com,Industrial Safety Protection Supply Products | State Safety,,USA,77,37456,2026-10-06T17:14:05.743991216Z,"['AWS WAF Challenge', 'Amazon', 'Angular', 'Apps4BigCommerce', 'BigCommerce', 'Cloudflare', 'Cloudflare CDN', 'Express', 'Fireblade', 'Google', 'Google Cloud CDN', 'Google Cloud DNS', 'Google Font API', 'Google Related Website Sites', 'IcoMoon', 'Perl', 'QUIC', 'Subversion', 'UTF-8']"
leckhampsteadvillage.co.uk,Home,,,45,298,2026-10-06T17:01:38.086427749Z,"['Amazon CloudFront', 'Angular', 'CloudFront', 'Duda', 'GZIP Module', 'Iubenda', 'Nginx', 'Tailwind CSS', 'UTF-8']"
etaksh.in,Etaksh,,,47,12102,2026-10-06T16:56:58.352661548Z,"['AJAX Libraries API', 'Angular', 'CDN JS', 'Cloudflare', 'Cloudflare CDN', 'Engage', 'Font Awesome', 'GZIP Module', 'Google Cloud DNS', 'Google Font API', 'Google My Business', 'Google Play', 'Google Tag Manager', 'MoEngage', 'Nginx', 'PWA', 'Perl', 'Pleroma', 'Sign In With Google', 'Tailwind CSS', 'UTF-8', 'jQuery', 'jsDelivr']"
reisinger.cc,MARIA REISINGER,,,42,3,2026-10-06T16:53:17.575252383Z,"['Angular', 'Apache', 'Google Cloud DNS', 'Google Font API', 'Instagram Follow Button', 'Microdata for Google Shopping', 'Schema Plugin']"
rakdies.com,"Rak Dies, Rak Die & Rak Moulding – Produsen & Supplier Heavy Duty Custom, Melayani Seluruh Indonesia",RakDies.com,IDN,77,2489,2026-10-06T16:53:17.561755024Z,"['Alternate Protocol', 'Angular Material', 'EmbedPress', 'Google', 'Google Cloud DNS', 'Google Font API', 'LiteSpeed', 'Microdata for Google Shopping', 'PHP', 'UTF-8', 'WordPress', 'WordPress Multisite']"
studywithbrijesh.com,Study with Brijesh,,,57,12102,2026-10-06T16:45:03.788342008Z,"['AJAX Libraries API', 'Angular', 'Engage', 'Font Awesome', 'GZIP Module', 'Google Cloud DNS', 'Google Font API', 'Google My Business', 'Google Play', 'Google Tag Manager', 'MoEngage', 'Nginx', 'PWA', 'Perl', 'Pleroma', 'Sign In With Google', 'Tailwind CSS', 'UTF-8', 'jQuery']"
namefake.com,Fake Name Generator - random registration data,,USA,82,15000,2026-10-06T16:33:19.13301934Z,"['Alternate Protocol', 'Angular', 'Apture Linking Platform', 'DoubleClick Bid Manager', 'Fireblade', 'Google Adsense', 'Google Analytics', 'Google Funding Choices', 'Google Matched Content', 'Google Reseller', 'Google Tag Manager', 'Microdata for Google Shopping', 'Nginx', 'PWA', 'QUIC', 'UTF-8', 'eLand']"
thecraftsmanjoobee.com,"Joo Bee Tailoring Material - Supply Artificial Flower, Plants Grass, Decor Store, Wedding Accessories, Basket, Vases in Johor Bahru, Malaysia",,,47,698,2026-10-06T16:22:15.91481709Z,"['AJAX Libraries API', 'Angular', 'Apache', 'Bulma', 'CDN JS', 'CentOS', 'Cloudflare', 'Cloudflare CDN', 'Fancybox for WordPress', 'FreeCSSTemplates', 'GZIP Module', 'Google Analytics', 'Google Cloud DNS', 'Google Font API', 'Google Maps', 'Google Tag Manager', 'IcoMoon', 'Microsoft Ajax Content Delivery Network', 'NFOrce Internet', 'OpenSSL', 'QUIC', 'Slider Revolution', 'Tailwind CSS', 'UTF-8', 'WhatsApp Sharing', 'jQuery']"
shopneverendingmom.com,NeverEndingMom,,,62,10898,2026-10-06T16:15:57.60324279Z,"['Amazon', 'Angular', 'Apture Linking Platform', 'Baidu Cloud', 'Better Lead Generation Services', 'Cloudflare', 'Cloudflare CDN', 'Express', 'Google My Business', 'Instagram Follow Button', 'Microdata for Google Shopping', 'POWr', 'QUIC', 'Schema Plugin', 'Shopify', 'Shopify Collabs', 'Shopify Payments', 'Tailwind CSS', 'Twitter Ads', 'UTF-8', 'Umbler', 'Yandex Hosting', 'hCaptcha', 'reCAPTCHA']"
alex-tipping.com,Alex Tipping - Full Stack Developer | Alex Tipping,,GBR,67,3040,2026-10-06T16:11:44.739648612Z,"['Angular', 'Content Delivery Network', 'Gambling Content', 'GitHub Hosting', 'Google', 'Google Analytics', 'Google Cloud CDN', 'Google Cloud DNS', 'Google Font API', 'Google Tag Manager', 'Gravity', 'Next.js', 'Pleroma', 'Storyblocks', 'Tailwind CSS', 'UTF-8', 'University or College', 'Vercel']"
baskcreative.co.uk,baskcreative – creative agency offering all in one solutions,,,45,81,2026-10-06T16:07:25.687543568Z,"['Alternate Protocol', 'Angular', 'Contact Form Plugin', 'EmbedPress', 'Google', 'LiteSpeed', 'PHP', 'Theme In WP', 'UTF-8', 'WPBakery', 'WordPress', 'WordPress Multisite', 'YouTube', 'jQuery']"
bcgsolar.co.za,Welcome To BCG Energy,,ZAF,65,10727,2026-10-06T15:54:12.684594599Z,"['AJAX Libraries API', 'Angular', 'Bulma', 'CDN JS', 'Cloudflare', 'Cloudflare CDN', 'Font Awesome', 'Google Analytics', 'Google Cloud DNS', 'Google Tag Manager', 'ID Services', 'LiteSpeed', 'Perl', 'RM Education', 'Tailwind CSS', 'User.com', 'jQuery']"
pharmastockscan.nl,PharmaStockScan - Diergeneesmiddelenadministratie voor dierenartsen,,NLD,62,,2026-10-06T15:54:12.67421864Z,"['Angular', 'App Store', 'Express', 'Google My Business', 'Google Play', 'Tailwind CSS', 'UTF-8', 'shadcn ui']"
rarerllc.com,Home | Rarer Trading LLC,,,67,11229,2026-10-06T15:42:33.697249159Z,"['Angular', 'Apture Linking Platform', 'Better Lead Generation Services', 'Fancybox for WordPress', 'GZIP Module', 'Liquid Web', 'Microsoft Azure', 'Microsoft IIS', 'PHP', 'QUIC', 'Rush', 'Tailwind CSS', 'UserWay', 'Vector Internet Services', 'Visual Studio', 'WPForms']"
clearviewchurch.net,Home | ClearView Church,,USA,65,112,2026-10-06T15:34:47.803903898Z,"['Angular', 'Facebook Conversion Tracking', 'Facebook Login', 'Facebook Messenger Platform', 'Facebook Pixel', 'Facebook Reseller', 'Facebook Tag API', 'Google Analytics', 'Google Cloud DNS', 'Google Font API', 'Google My Business', 'Instagram Follow Button', 'Linktree', 'To Top', 'UTF-8', 'YouTube']"
walpolenhucc.org,Home,,,45,5163,2026-10-06T15:34:47.792098825Z,"['Angular', 'Google Cloud DNS', 'Google Font API', 'K2F', 'To Top', 'UTF-8', 'YouTube', 'Zoom Video Conferencing']"
lyngenguides.com,Lyngenguide – Your guide up north,,NOR,65,128,2026-10-06T15:28:43.840885495Z,"['Adult Content', 'Alternate Protocol', 'Angular', 'EmbedPress', 'GZIP Module', 'Instagram Follow Button', 'Nginx', 'PHP', 'Sapper', 'Theme In WP', 'Twenty Seventeen', 'UTF-8', 'Woo Themes', 'WordPress', 'WordPress Multisite', 'eLand', 'jQuery']"
ems-revetementparpoudre.com,Équipement de Revêtement en Poudre Fours Cabines Lignes et Pièces de Rechange,ems-revetementparpoudre.com,TUR,82,16549,2026-10-06T15:20:10.845417242Z,"['Alternate Protocol', 'Angular', 'Apture Linking Platform', 'DAV', 'EmbedPress', 'Express', 'Fireblade', 'GZIP Module', 'Google Analytics', 'Google Tag Manager', 'Microdata for Google Shopping', 'NFOrce Internet', 'PHP', 'Perl', 'Twenty Twenty', 'UTF-8', 'WordPress', 'WordPress Multisite', 'YouTube']"
dimscorp.ca,Software Consultancy - Software Solutions | Dimscorp,,TUR,72,385,2026-10-06T15:17:44.492324151Z,"['Alternate Protocol', 'Angular', 'Bulma', 'Cybot', 'GZIP Module', 'Google Analytics', 'Google Tag Manager', 'Instagram Follow Button', 'Next.js', 'Nginx', 'Perl', 'QUIC', 'UTF-8', 'Ubuntu', 'shadcn ui']"
kingdomchurchok.org,"Church in Broken Arrow, OK | Kingdom Church",,USA,77,340,2026-10-06T15:01:53.420249965Z,"['Angular', 'Content Delivery Network', 'Dialpad', 'Engintron', 'Google Analytics', 'Google Cloud DNS', 'Google Font API', 'Google Tag Manager', 'Instagram Follow Button', 'Nginx', 'To Top', 'UTF-8', 'YouTube']"
rekamarketing.io,Estrategias de marketing para el crecimiento de tu marca | Reka Marketing,,,62,2593,2026-10-06T14:50:01.136388718Z,"['Alternate Protocol', 'Angular', 'Coming Soon Page', 'Google', 'Google Cloud DNS', 'Google Font API', 'Pexels', 'Unsplash', 'Zyro']"
eurofinancebank.com,EURO FINANCE BANK - Accueil,,FRA,77,3508,2026-10-06T14:33:12.357506049Z,"['Alternate Protocol', 'Angular', 'ETranslate', 'Easy Pie Chart', 'GTranslate', 'Google Analytics', 'Google Cloud DNS', 'Google Font API', 'Google My Business', 'Google Tag Manager', 'IcoMoon', 'Iubenda', 'Laravel Livewire', 'PHP', 'Tailwind CSS', 'UTF-8', 'WhatsApp Sharing', 'jQuery']"
serenemindspsych.com,serenemindspsych.com,,IND,60,275,2026-10-06T14:17:30.664250236Z,"['AWS WAF Challenge', 'Alternate Protocol', 'Angular', 'Astra Theme', 'CleanTalk Spam Protect', 'Click to Chat for WhatsApp', 'Cloudflare', 'Cloudflare CDN', 'Elementor', 'ElementsKit Elementor', 'EmbedPress', 'Essential Addons for Elementor', 'Events Manager for WordPress', 'Google', 'Google Cloud CDN', 'Google Cloud DNS', 'Google Font API', 'Google My Business', 'Instagram Follow Button', 'PHP', 'Popup Maker for Wordpress', 'QUIC', 'Royal Elementor Addons', 'Theme In WP', 'UTF-8', 'Woo Themes', 'WordPress', 'WordPress Multisite', 'WordPress Related Posts', 'jQuery']"
printgiants.com,Print Giants ·,,USA,65,3628,2026-10-06T14:02:16.880807136Z,"['AJAX Libraries API', 'Amazon', 'Angular', 'Bulma', 'GZIP Module', 'Google Cloud DNS', 'Google Related Website Sites', 'IcoMoon', 'Instagram Follow Button', 'Nginx', 'Pagekit', 'Twitter Ads', 'UTF-8']"
backspace.no,Bundle,,NOR,57,,2026-10-06T13:56:39.16737552Z,"['Alternate Protocol', 'Angular', 'Content Delivery Network', 'Google Analytics', 'Google Tag Manager', 'Next.js', 'Pleroma', 'Styled Components', 'Torbit', 'UTF-8', 'Vercel']"
lawrencehall.org,Lawrence Hall - Programs Empowering Youth Since 1865,,USA,82,49452,2026-10-06T13:35:28.671305913Z,"['501c3 Status Nonprofit', 'Alternate Protocol', 'Angular', 'Cisco/Arrowpoint Content Service Switch', 'Cloudflare', 'Contact Form Plugin', 'Content Delivery Network', 'EmbedPress', 'EventOn', 'GoDaddy', 'Google', 'Google Analytics', 'Google Cloud CDN', 'Google Cloud DNS', 'Google Font API', 'Google Maps', 'Google My Business', 'Google Tag Manager', 'Instagram Follow Button', 'Material Design Icons', 'Microdata for Google Shopping', 'Slider Revolution', 'The Events Calendar', 'UTF-8', 'University or College', 'Vignette OpenText', 'WPBakery', 'Woo Themes', 'WooCommerce Checkout', 'WordPress', 'WordPress Multisite', 'YouTube', 'jQuery', 'reCAPTCHA']"
vionindustries.in,VION - Plastic Products and Appliances Manufacturer,Vion Industries,IND,82,3684,2026-10-06T13:35:28.667913326Z,"['3 Products', 'Alternate Protocol', 'Angular', 'Contact Form Plugin', 'Content Delivery Network', 'Elementor', 'EmbedPress', 'GTranslate', 'Google', 'Google Analytics', 'Google Cloud CDN', 'Google Cloud DNS', 'Google Font API', 'Google My Business', 'Google Tag Manager', 'LiteSpeed', 'Microdata for Google Shopping', 'PHP', 'QUIC', 'Slider Revolution', 'Table Addons for Elementor', 'Theme In WP', 'UTF-8', 'Woo Themes', 'WooCommerce', 'WooCommerce Checkout', 'WooCommerce Pixel Manager by woopt', 'WordPress', 'WordPress Multisite', 'XStore', 'jQuery']"
rafaelagarciapsicologa.pt,Rafaela Garcia - Psicóloga,,PRT,70,54840,2026-10-06T13:21:51.534041958Z,"['Angular', 'Content Delivery Network', 'Fastly', 'Google', 'Google Cloud CDN', 'Google Cloud DNS', 'Google Font API', 'Instagram Follow Button', 'SMC', 'Tailwind CSS', 'UTF-8', 'WhatsApp Sharing']"
felicitalawpartners.com,RERA Legal Services & Compliance | Felicita Law Partners,Felicita Law Partners,IND,82,52218,2026-10-06T13:12:44.994377607Z,"['Alternate Protocol', 'Angular', 'Elementor', 'EmbedPress', 'FooBox', 'Google Cloud DNS', 'Google Font API', 'Google Maps', 'Google My Business', 'Microdata for Google Shopping', 'NFOrce Internet', 'PHP', 'Photo Gallery by FooGallery', 'Popup Maker for Wordpress', 'SMC', 'Theme In WP', 'UTF-8', 'University or College', 'WP Job Openings', 'WordPress', 'WordPress Multisite', 'jQuery']"
aasthainfotech.in,Aastha Infotech in Surat,Aastha Infotech,IND,82,18248,2026-10-06T12:52:55.181930998Z,"['Alternate Protocol', 'Amazon', 'Amazon CloudFront', 'Amazon Route 53', 'Angular', 'BunnyCDN Header', 'CloudFront', 'Content Delivery Network', 'Cornerstone', 'DAV', 'Fireblade', 'Font Awesome', 'Google Analytics', 'Google Cloud DNS', 'Google Font API', 'Google Maps', 'Google My Business', 'Google Tag Manager', 'Instagram Follow Button', 'Microdata for Google Shopping', 'QUIC', 'Tailwind CSS', 'UTF-8', 'YouTube']"
integralifespa.net,Fort Myers Medical Spa - Clinical Facials | IntegraLife Spa,,USA,77,400,2026-10-06T12:45:54.224802037Z,"['AJAX Libraries API', 'Amazon S3 CDN', 'Angular', 'AutoComplete', 'Facebook Embedded Posts', 'Facebook Login', 'Facebook Messenger Platform', 'Facebook Reseller', 'GZIP Module', 'Google Analytics', 'Google Cloud DNS', 'Google Font API', 'Google Maps', 'Google My Business', 'Google Tag Manager', 'Nginx', 'PHP', 'Storyblocks', 'Theme In WP', 'UTF-8', 'University or College', 'WordPress']"
yodietplan.com,Yo Diet Plan,,,55,102,2026-10-06T12:37:01.967036899Z,"['AJAX Libraries API', 'Amazon WAF Blocked', 'Angular', 'Cloudflare', 'Cloudflare CDN', 'Express', 'Font Awesome', 'GZIP Module', 'Google Cloud DNS', 'LiteSpeed', 'QUIC', 'UTF-8', 'jQuery']"
miladsaadat.ir,Milad Saadat,,IRN,82,1788,2026-10-06T12:32:24.573848317Z,"['Alternate Protocol', 'Angular', 'Elementor', 'EmbedPress', 'Google Cloud DNS', 'Google Font API', 'Hello Elementor', 'Instagram Follow Button', 'Microdata for Google Shopping', 'NFOrce Internet', 'PHP', 'Theme In WP', 'University or College', 'WP Fastest Cache', 'WordPress', 'WordPress Multisite', 'YouTube']"
fitingym.com,Fit In,,MKD,82,1280,2026-10-06T12:10:38.13943069Z,"['Alternate Protocol', 'Angular', 'Content Delivery Network', 'Google Cloud DNS', 'Google Cloud Storage', 'Instagram Follow Button', 'Next.js', 'Pleroma', 'Tailwind CSS', 'UTF-8', 'Vercel', 'shadcn ui']"
shahnafisrafique.com,Shah Nafis Rafique,,USA,65,40460,2026-10-06T11:38:08.571555081Z,"['Angular', 'Content Delivery Network', 'Express', 'GitHub Hosting', 'Google Cloud DNS', 'Google Font API', 'Material-UI', 'Next.js', 'ON24', 'Pleroma', 'UTF-8', 'University or College', 'Vercel', 'jsDelivr']"
sanatanfactory.com,Sanatan Factory – A Perfect Puja Stop,,IND,70,4610,2026-10-06T11:32:47.835211616Z,"['Alternate Protocol', 'Angular', 'Apache', 'Apture Linking Platform', 'Astra Theme', 'DAV', 'Elementor', 'ElementsKit Elementor', 'EmbedPress', 'GZIP Module', 'Header, Footer and Blocks for Elementor', 'Join.chat', 'NFOrce Internet', 'PHP', 'QUIC', 'Smart Slider 3', 'Table Addons for Elementor', 'Theme In WP', 'UTF-8', 'Woo Themes', 'WooCommerce', 'WooCommerce Checkout', 'WooLentor', 'WordPress', 'WordPress Multisite', 'Yandex Hosting', 'jQuery', 'jsDelivr']"
manomayasoft.com,Manomaya software,,,57,7500,2026-10-06T11:29:12.048905424Z,"['Angular', 'Cloudflare', 'Cloudflare CDN', 'Cloudflare Web Analytics', 'Fireblade', 'Google My Business', 'Instagram Follow Button', 'PHP', 'Tailwind CSS', 'University or College', 'jQuery', 'reCAPTCHA']"
rjpaintingservices.com,"RJ Painting Services, Inc. | Painting | Clermont, FL",,USA,77,2760,2026-10-06T11:29:12.047485194Z,"['Amazon', 'Amazon S3 CDN', 'Angular', 'Apache', 'CDN JS', 'Cloudflare', 'Cloudflare CDN', 'DAV', 'GZIP Module', 'Storyblocks', 'UTF-8', 'Ubuntu']"
amazonquebecwarranties.com,Amazon Extended Warranties Settlement - Home,,CAN,65,508,2026-10-06T11:29:12.022294734Z,"['Angular', 'Column Shortcodes', 'Google Analytics', 'Google Cloud DNS', 'Google Font API', 'Google Tag Manager', 'IcoMoon', 'Nginx', 'Pleroma', 'UTF-8', 'jQuery', 'jsDelivr']"
dadbodfatloss.com,The Dad Bod 2.0 System | Achieving Alpha Fitness,,,55,38216,2026-10-06T11:23:39.390252316Z,"['AWS WAF Challenge', 'Alternate Protocol', 'Amazon', 'Amazon CloudFront', 'Amazon S3 CDN', 'Angular', 'Apture Linking Platform', 'Aruba', 'Cart.com', 'CloudFront', 'Cloudflare', 'Cloudflare CDN', 'Facebook Conversion Tracking', 'Facebook Login', 'Facebook Messenger Platform', 'Facebook Pixel', 'Facebook Reseller', 'Facebook Tag API', 'Fireblade', 'Google Cloud DNS', 'Google Font API', 'Google My Business', 'No-Q', 'OSS CDN', 'PHP', 'PayPal Adaptive Payments', 'Storyblocks', 'Stripe', 'UTF-8', 'University or College', 'eLand', 'reCAPTCHA']"
biocombinat.ru,"ФКП ""Щелковский биокомбинат""",,RUS,82,14739,2026-10-06T11:19:51.53522289Z,"['ADFOX', 'Angular', 'Apache', 'Bitrix', 'CDN JS', 'Cloudflare', 'Cloudflare CDN', 'Font Awesome', 'GZIP Module', 'Google Analytics', 'Google Cloud DNS', 'Google Font API', 'Google My Business', 'Google Tag Manager', 'Subversion', 'UTF-8', 'Yandex Hosting', 'Yandex Metrika', 'YouTube', 'reCAPTCHA']"
thescoringhouse.com,The Scoring House | West One Music Group,,VEN,72,177253,2026-10-06T11:19:51.528065021Z,"['Alternate Protocol', 'Amazon', 'Amazon CloudFront', 'Amazon Route 53', 'Amazon S3 CDN', 'Amazon WAF Blocked', 'Angular', 'Apture Linking Platform', 'Cisco/Arrowpoint Content Service Switch', 'CloudFront', 'Content Delivery Network', 'CookieYes', 'DoubleClick Bid Manager', 'Express', 'Facebook Login', 'Facebook Messenger Platform', 'Facebook Reseller', 'Fireblade', 'GZIP Module', 'GitHub Hosting', 'Google Analytics', 'Google Cloud DNS', 'Google Maps', 'Google My Business', 'Google Recommendations AI', 'Google Reseller', 'Google Tag Manager', 'Hotjar', 'IcoMoon', 'Instagram Follow Button', 'LinkedIn Insights', 'LinkedIn Pixel', 'Media.net', 'Microsoft Azure', 'Microsoft IIS', 'NFOrce Internet', 'New Relic', 'Ntent', 'Pardot', 'Prospective', 'Pure Chat', 'QUIC', 'Rechat', 'SMC', 'Shopify', 'Storyblocks', 'Tailwind CSS', 'Twitter Ads', 'Twitter Analytics', 'UTF-8', 'Underscores', 'UserWay', 'Userflow', 'Visual Studio', 'Waveform Technology', 'eRech24 Safe Sharing']"
acuremtetigisti.com,Home - Acu Rem Tetigisti,Acu Rem Tetigisti,,72,20447,2026-10-06T11:19:51.522900346Z,"['AAPT', 'Alternate Protocol', 'Angular', 'Bookly', 'Content Delivery Network', 'EmbedPress', 'Instagram Feed for WordPress', 'Instagram Follow Button', 'LiteSpeed', 'Microdata for Google Shopping', 'PHP', 'Theme In WP', 'UTF-8', 'WordPress', 'WordPress Multisite', 'YooTheme', 'jQuery']"
kennasquilts.com,Kenna's Quilts,,SYC,72,4371,2026-10-06T11:16:33.672460056Z,"['Amazon', 'Amazon CloudFront', 'Angular', 'ClickOn', 'CloudFront', 'Ecwid Ecommerce Shopping Cart', 'GZIP Module', 'Google Cloud DNS', 'Google Maps', 'Instagram Follow Button', 'Nginx', 'PWA', 'Show.co', 'Tailwind CSS', 'Twitter Ads', 'UTF-8', 'Vimeo', 'YouTube']"
goreprintech.co.za,Gore Printing,,,52,3,2026-10-06T11:11:47.863458725Z,"['Alternate Protocol', 'Angular', 'GZIP Module', 'Google Analytics', 'Google Cloud DNS', 'Google Font API', 'Google Tag Manager', 'Instagram Follow Button', 'Twitter Ads', 'UTF-8', 'jQuery']"
rcrowley.org,Richard Crowley,,USA,65,5127,2026-10-06T11:11:47.862837168Z,"['Alternate Protocol', 'Amazon', 'Amazon CloudFront', 'Amazon Route 53', 'Amazon S3 CDN', 'Angular', 'CloudFront', 'Content Delivery Network', 'GitHub Hosting', 'Medium', 'PagerDuty', 'Pinboard', 'Python', 'Slack', 'Twitter Ads', 'University or College', 'Unix', 'YouTube']"
dornan.nl,Engineering and Construction Excellence | Dornan Engineering,Dornan Engineering,DEU,87,39283,2026-10-06T11:08:22.422534108Z,"['AWS WAF Challenge', 'Alternate Protocol', 'Amazon WAF Blocked', 'Angular', 'Apache', 'Apture Linking Platform', 'Cloudflare', 'Cloudflare CDN', 'Cloudflare Turnstile', 'EmbedPress', 'Express', 'Fireblade', 'GZIP Module', 'Google Analytics', 'Google Tag Manager', 'Gravity', 'Gravity Forms', 'IcoMoon', 'Matomo', 'Matomo Tag Manager', 'Microdata for Google Shopping', 'PHP', 'Pico CSS', 'Theme In WP', 'UTF-8', 'Vector Internet Services', 'WP Rocket', 'WordPress', 'WordPress Multisite', 'YouTube', 'eLand', 'jQuery', 'reCAPTCHA']"
tuarepa.co,tuarepa,Tú Arepa,NZL,55,10063,2026-10-06T11:03:38.367375407Z,"['Angular', 'Angular Material', 'GZIP Module', 'Google', 'Google Cloud DNS', 'Google Font API', 'Instagram Follow Button', 'Microdata for Google Shopping', 'Nginx', 'PWA', 'QUIC', 'Tailwind CSS', 'The Fresh', 'UTF-8']"
tablebuddyph.com,Table Buddy PH — QR Ordering Made Effortless,,PHL,77,2682,2026-10-06T10:58:37.739237756Z,"['Adult Content', 'Amazon', 'Amazon CloudFront', 'Amazon Route 53', 'Angular', 'Apture Linking Platform', 'CloudFront', 'Content Delivery Network', 'Enjoi', 'Facebook Login', 'Facebook Messenger Platform', 'Facebook Pixel', 'Facebook Reseller', 'GZIP Module', 'Google Analytics', 'Google Cloud DNS', 'Google Font API', 'Google Tag Manager', 'Instagram Follow Button', 'Line2', 'Microsoft Clarity', 'Next.js', 'Pico CSS', 'Pleroma', 'QUIC', 'UTF-8']"
dromolandcastle.ie,Dromoland Castle | 5 Star Castle Hotels Ireland | Official Site,Dromoland Castle,USA,87,40009,2026-10-06T10:45:59.039188931Z,"['AWS WAF Challenge', 'Adobe Creative Cloud WebFonts', 'Alternate Protocol', 'Angular', 'Book Direct', 'Cloudflare', 'Content Delivery Network', 'DailyMotion Video', 'EmbedPress', 'Express', 'Financial Services Guide', 'Google', 'Google Analytics', 'Google Cloud DNS', 'Google Maps', 'Google My Business', 'Google Related Website Sites', 'Google Tag Manager', 'IPFS', 'Impact', 'InitiativeS', 'Instagram Follow Button', 'KVH', 'Microdata for Google Shopping', 'PHP', 'QUIC', 'Theme In WP', 'Twitter Ads', 'UTF-8', 'WP Engine', 'Way', 'WordPress', 'eLand']"
totpromet.rs,TOTPROMET d.o.o. za proizvodnju i promet,,,62,5040,2026-10-06T10:45:59.028930342Z,"['Angular', 'Angular Material', 'DAV', 'ElementUI', 'Express', 'GZIP Module', 'Google Analytics', 'Google Cloud DNS', 'Google Font API', 'Google Tag Manager', 'Nginx', 'Tailwind CSS', 'UTF-8', 'Vector Internet Services']"
setcy.us,Home - Setcy Group LLC,,USA,65,78339,2026-10-06T10:13:46.95187886Z,"['Angular', 'Angular Material', 'Apture Linking Platform', 'Azure Edge', 'CDN JS', 'Cloudflare', 'Cloudflare CDN', 'Cloudflare Web Analytics', 'Contentful', 'DAV', 'DoubleClick Bid Manager', 'ETranslate', 'Fireblade', 'Font Awesome', 'GZIP Module', 'Google', 'Google Analytics', 'Google Cloud CDN', 'Google Cloud DNS', 'Google Font API', 'Google Maps', 'Google Matched Content', 'Google My Business', 'Google Recommendations AI', 'Google Reseller', 'Google Tag Manager', 'Instagram Follow Button', 'K2F', 'Line2', 'Microsoft 365', 'Microsoft Azure', 'QUIC', 'Report URI', 'Sitelinks Search Box', 'Subversion', 'Twitter Ads', 'UTF-8', 'Vimeo', 'YouTube', 'reCAPTCHA', 'shadcn ui']"
jgsm.org.il,Grand Slam Jerusalem 2027 - International Athletics Meeiting,Grand Slam Jerusalem,ISR,67,3052,2026-10-06T10:03:50.63520081Z,"['Alternate Protocol', 'Angular', 'Coming Soon Page', 'Contact Form Plugin', 'Cookie Accept', 'Cookie Notice', 'Elementor', 'Elementor Custom Skin', 'EmbedPress', 'Essential Addons for Elementor', 'Facebook Conversion Tracking', 'Facebook Login', 'Facebook Messenger Platform', 'Facebook Pixel', 'Facebook Reseller', 'Facebook Tag API', 'FormSubmit', 'GZIP Module', 'Google Analytics', 'Google Maps', 'Google My Business', 'Google Related Website Sites', 'Google Tag Manager', 'Hello Elementor', 'Instagram Follow Button', 'JetElements', 'Microdata for Google Shopping', 'NFOrce Internet', 'Newsletter for Wordpress', 'Nginx', 'PHP', 'Polylang', 'Sitelinks Search Box', 'UTF-8', 'Woo Themes', 'WordPress', 'WordPress Multisite', 'YouTube', 'jQuery']"
nutrihealthsolutions.com,"Nutri Health Solutions – Balanced Living, Tailored to You.",,IND,70,17037,2026-10-06T08:57:57.557606875Z,"['AWS WAF Challenge', 'Alternate Protocol', 'Angular', 'Content Delivery Network', 'Elementor', 'ElementsKit Elementor', 'EmbedPress', 'Express', 'FormSubmit', 'Hello Elementor', 'LiteSpeed', 'Metform Elemento', 'NFOrce Internet', 'PHP', 'QUIC', 'Table Addons for Elementor', 'Theme In WP', 'UTF-8', 'WordPress', 'WordPress Multisite', 'jQuery']"
moroccoexploreexcursion.com,Fes Day Trips & Desert Tours | Morocco Explore Excursions,,,67,40,2026-10-06T08:46:53.905979522Z,"['Alternate Protocol', 'Angular', 'Google Analytics', 'Google Cloud DNS', 'Google Customer Reviews', 'Google Font API', 'Google My Business', 'Google Tag Manager', 'Instagram Follow Button', 'LiteSpeed', 'Materialize CSS', 'PHP', 'QUIC', 'Tawk', 'Twitter Ads', 'UTF-8', 'WhatsApp Sharing', 'YouTube', 'jQuery']"
moresco.cc,Gabriel Moresco,,BRA,87,240,2026-10-06T08:34:16.887257783Z,"['Alternate Protocol', 'Angular', 'App Store', 'Content Delivery Network', 'GitHub Hosting', 'Google My Business', 'Google Play', 'Instagram Follow Button', 'Microdata for Google Shopping', 'Next.js', 'Tailwind CSS', 'UTF-8', 'Vercel', 'shadcn ui']"
discoverycontent.com,Discovery Content - Small Business SEO - Digital Marketing Agency Brisbane,Discovery Content Pty Ltd,AUS,77,29057,2026-10-06T08:34:16.860617451Z,"['AWS WAF Challenge', 'Alternate Protocol', 'Angular', 'Apache', 'Clutch', 'EmbedPress', 'Font Awesome', 'Google Analytics', 'Google Cloud DNS', 'Google Font API', 'Google Maps', 'Google Tag Manager', 'Microdata for Google Shopping', 'Microsoft Clarity', 'Ninja Forms', 'Ntent', 'PHP', 'Rush', 'Sassy Social Share', 'Semrush', 'Slider Revolution', 'Tailwind CSS', 'Theme In WP', 'Twitter Ads', 'UTF-8', 'WPBakery', 'WordPress', 'WordPress Multisite', 'jQuery']"
autotrustappleton.com,AutoTrust | Trusted Auto Repair in Appleton WI,AutoTrust,USA,82,846,2026-10-06T08:08:26.26833264Z,"['Alternate Protocol', 'Angular', 'Automattic', 'Content Delivery Network', 'Elementor', 'EmbedPress', 'GZIP Module', 'Google Analytics', 'Google Customer Reviews', 'Google Maps', 'Google My Business', 'Google Tag Manager', 'Hello Elementor', 'Jetpack', 'Neighborhoods', 'Nginx', 'QUIC', 'Site Kit', 'Snap Finance', 'Synchrony', 'Telegram', 'UTF-8', 'WordPress', 'WordPress Multisite', 'WordPress Stats', 'jQuery']"
agebetter.ch,AgeBetter,,,47,7961,2026-10-06T08:03:29.551697927Z,"['Angular', 'Angular Material', 'Content ad', 'Express', 'Fireblade', 'GZIP Module', 'Google', 'Google Cloud CDN', 'Line2', 'Nginx', 'Tailwind CSS', 'UTF-8', 'Ubuntu', 'eRech24 Safe Sharing', 'shadcn ui']"
theradicalhotel.it,The Radical Hotel,,ITA,65,15240,2026-10-06T07:55:48.545948746Z,"['AWS WAF Challenge', 'Angular', 'Content Delivery Network', 'DAV', 'Express', 'Google Analytics', 'Google Tag Manager', 'Instagram Follow Button', 'Next.js', 'Pleroma', 'UTF-8', 'Vercel']"
rubiccar.hu,RubicCar,,HUN,55,60,2026-10-06T07:51:36.365461866Z,"['Angular', 'Angular Material', 'Express', 'Google', 'Google Cloud CDN', 'Nginx', 'UTF-8']"
bucchi.it,Homepage | Bucchi Srl - Raccordi per tubi plastici e sistemi,,ITA,72,27662,2026-10-06T07:45:00.102070027Z,"['AWS WAF Challenge', 'Angular Material', 'Azion', 'ClickOn', 'Cornerstone', 'Cybot', 'Ethy', 'Express', 'GZIP Module', 'IcoMoon', 'Interchange', 'NFOrce Internet', 'Perl', 'QUIC', 'RM Education', 'Tailwind CSS', 'Thank You', 'UTF-8', 'University or College', 'Vello', 'YouTube']"
antalyacheck-up.com,Antalya Check-up – Antalya Check-up,,TUR,65,3876,2026-10-06T07:40:29.794695253Z,"['Alternate Protocol', 'Angular', 'Contact Form Plugin', 'Elementor', 'EmbedPress', 'Google', 'Google Analytics', 'Google Cloud CDN', 'Google Cloud DNS', 'Google Font API', 'Google Tag Manager', 'IcoMoon', 'Jetpack', 'LiteSpeed', 'PHP', 'QUIC', 'Redux Framework', 'Slider Revolution', 'Tailwind CSS', 'Theme In WP', 'UTF-8', 'WPForms', 'Woo Themes', 'WooCommerce', 'WooCommerce Checkout', 'WordPress', 'WordPress Multisite', 'jQuery']"
coler.co.uk,UK Manufacturing & Engineering Services | Custom Supply,Coler Supply Solutions Ltd,GBR,77,30750,2026-10-06T07:27:00.943180853Z,"['Alternate Protocol', 'Amazon WAF Blocked', 'Angular', 'Aruba', 'Beaver Builder Lite', 'Content Delivery Network', 'Contento', 'CookieYes', 'EmbedPress', 'Font Awesome', 'Google', 'Google Analytics', 'Google Cloud DNS', 'Google Font API', 'Google My Business', 'Google Related Website Sites', 'Google Tag Manager', 'Gravity', 'Gravity Forms', 'Microdata for Google Shopping', 'Nginx', 'Ninja Forms', 'PHP', 'QUIC', 'Schema Plugin', 'SiteGround Optimizer', 'Tawk', 'Theme In WP', 'UTF-8', 'Vimeo', 'Woo Themes', 'WooCommerce Checkout', 'WordPress', 'WordPress Multisite', 'YouTube', 'eLand', 'jQuery', 'reCAPTCHA']"
appcluesinfotech.com,Top Mobile App Development Company in USA - AppClues Infotech,AppClues Infotech,USA,77,18697,2026-10-06T07:15:30.410968084Z,"['Alternate Protocol', 'Angular', 'App Store', 'Better Lead Generation Services', 'Bulma', 'CDN JS', 'Chatbase', 'Cloudflare', 'Cloudflare CDN', 'Clutch', 'Contact Form Plugin', 'EmbedPress', 'GZIP Module', 'GoodFirms', 'Google Analytics', 'Google My Business', 'Google Play', 'Google Tag Manager', 'IcoMoon', 'Instagram Follow Button', 'Investor Relations', 'Microdata for Google Shopping', 'Nginx', 'Oracle Cloud', 'PHP', 'Python', 'QUIC', 'StatCounter', 'Tailwind CSS', 'Thank You', 'Theme In WP', 'Twitter Ads', 'UTF-8', 'Visual Studio', 'WordPress', 'WordPress Multisite', 'YouTube', 'Zopim', 'jQuery']"
sslt.org,Home - St. Simons Land Trust,St. Simons Land Trust,GBR,75,19244,2026-10-06T07:11:50.067439452Z,"['Alternate Protocol', 'Angular', 'ArvanCloud', 'CDN JS', 'Cloudflare', 'Cloudflare CDN', 'Constant Contact', 'Contact Form Plugin', 'Content Delivery Network', 'Custom Facebook Feed', 'Custom Twitter Feeds', 'Donorbox', 'EmbedPress', 'Fancybox for WordPress', 'Fireblade', 'Font Awesome', 'Foundation', 'GoDaddy', 'Google Analytics', 'Google My Business', 'Google Tag Manager', 'Gravity', 'Gravity Forms', 'Instagram Feed for WordPress', 'Instagram Follow Button', 'Microdata for Google Shopping', 'PHP', 'Perl', 'QUIC', 'Sapper', 'Schema Plugin', 'Tailwind CSS', 'Theme In WP', 'Twitter Ads', 'UTF-8', 'Vimeo', 'WordPress', 'WordPress Multisite', 'YouTube', 'jQuery', 'jsDelivr', 'reCAPTCHA']"
tiffanyaiken.com,Tiffany Aiken,,USA,65,19465,2026-10-06T07:03:31.016976883Z,"['Amazon', 'Amazon CloudFront', 'Angular', 'Apture Linking Platform', 'Bulma', 'CDN JS', 'CloudFront', 'Cloudflare', 'Cloudflare CDN', 'Content Delivery Network', 'Express', 'Figma', 'Flat Icon', 'Google Cloud DNS', 'Google Font API', 'IcoMoon', 'Netlify', 'QUIC', 'Qualtrics Site Intercept', 'Start Bootstrap', 'Tailwind CSS', 'UTF-8', 'jQuery']"
sessionsuk.com,Labelling Machines: Desktop to Fully Automatic | Sessions UK,Sessions UK,GBR,77,2440,2026-10-06T06:54:44.263433573Z,"['Angular', 'Better Lead Generation Services', 'Cloudflare', 'Corporate Governance and Regulatory Compliance', 'GZIP Module', 'Google', 'Google Cloud CDN', 'Google Cloud DNS', 'Google Font API', 'Microdata for Google Shopping', 'QUIC', 'Tailwind CSS', 'UTF-8', 'shadcn ui']"
elsobrinomultiservice.com,El Sobrino Multiservice,,,55,362,2026-10-06T06:38:56.373106273Z,"['AWS WAF Challenge', 'Alternate Protocol', 'Angular', 'Astra Theme', 'Cloudflare', 'Cloudflare CDN', 'Content Delivery Network', 'Elementor', 'EmbedPress', 'Google', 'Google Cloud DNS', 'Google Font API', 'Google My Business', 'Instagram Follow Button', 'LiteSpeed', 'PHP', 'QUIC', 'Thank You', 'Theme In WP', 'UTF-8', 'WPForms', 'Woo Themes', 'WooCommerce', 'WooCommerce Checkout', 'WooCommerce Payments', 'WordPress', 'WordPress Multisite', 'WordPress Related Posts', 'YouTube', 'jQuery']"
amayrunmedicolegalconsultant.in,"Amayrun Medico & Legal Consultant – Simplifying Healthcare Compliance, Elevating Patient Care.",,IND,70,19351,2026-10-06T06:20:58.600775752Z,"['AWS WAF Challenge', 'Alternate Protocol', 'Angular', 'Apture Linking Platform', 'Cloudflare', 'Cloudflare CDN', 'Corporate Governance and Regulatory Compliance', 'Elementor', 'ElementsKit Elementor', 'EmbedPress', 'Google', 'Google Analytics', 'Google My Business', 'Google Tag Manager', 'Hello Elementor', 'Jeg Elementor Kit', 'Metform Elemento', 'NFOrce Internet', 'PHP', 'QUIC', 'Site Kit', 'Theme In WP', 'UTF-8', 'WordPress', 'WordPress Multisite', 'jQuery']"
macnoobpro.com,Master Apple Tech: A Windows Pro's Journey | Mac Noob Pro,,,52,5177,2026-10-06T06:17:26.517883797Z,"['Alternate Protocol', 'Angular', 'Coming Soon Page', 'Google', 'Google Cloud DNS', 'Google Font API', 'Instagram Follow Button', 'K2F', 'Thank You', 'Unsplash', 'Zyro']"
fierrokori.com,"Family Lawyer, Divorce Lawyer: Herndon, Sterling, Ashburn, Chantilly, VA | Fierro & Kori Law",,USA,72,8000,2026-10-06T06:13:03.911743437Z,"['AJAX Libraries API', 'Amazon S3 CDN', 'Angular', 'AutoComplete', 'GZIP Module', 'Google Analytics', 'Google Cloud DNS', 'Google Font API', 'Google Maps', 'Google My Business', 'Google Tag Manager', 'Nginx', 'PHP', 'RM Education', 'Storyblocks', 'Thank You', 'UTF-8', 'WordPress', 'Yelp Badge']"
torrancebikes.com,Home,,USA,75,340,2026-10-06T06:07:01.499597045Z,"['Angular', 'Content Delivery Network', 'GZIP Module', 'Google Cloud DNS', 'Google Font API', 'Google Maps', 'Google My Business', 'Instagram Follow Button', 'Sucuri Cloudproxy', 'To Top', 'UTF-8', 'Yelp Badge']"
beliefchurch.com,"Belief Church | Church in Battle Creek, MI",,,67,964,2026-10-06T06:02:36.143270308Z,"['Angular', 'Content Delivery Network', 'Engintron', 'Google Analytics', 'Google Cloud DNS', 'Google Font API', 'Google Tag Manager', 'Instagram Follow Button', 'Nginx', 'Text In Church', 'UTF-8', 'University or College', 'Vimeo']"
valeparkah.com,"Healthy Pets, Happy People",,USA,72,3939,2026-10-06T05:58:14.842474461Z,"['Add to Any', 'Alternate Protocol', 'Angular', 'Animate It', 'Apache', 'EmbedPress', 'GZIP Module', 'Google Cloud DNS', 'Google Font API', 'Google Related Website Sites', 'IcoMoon', 'Instagram Follow Button', 'Matomo', 'Matomo Tag Manager', 'Menu Icons by ThemeIsle', 'Nectar Slide Plugin', 'PHP', 'Pagekit', 'Post Grid', 'QUIC', 'Salient', 'Slider Revolution', 'Theme In WP', 'UTF-8', 'Ubuntu', 'W3 Total Cache', 'WPBakery', 'Woo Themes', 'WooCommerce Checkout', 'WordPress', 'WordPress Multisite', 'WordPress Related Posts', 'YouTube', 'jQuery']"
westsideprogramming.com,"Westside_Programming – Learn Anywhere, Everywhere",,,55,63,2026-10-06T05:58:14.831772328Z,"['Alternate Protocol', 'Angular', 'Astra Theme', 'Elementor', 'EmbedPress', 'GenerateBlocks', 'Google', 'Google Adsense', 'Google Analytics', 'Google Cloud CDN', 'Google Cloud DNS', 'Google Font API', 'Google Funding Choices', 'Google Matched Content', 'Google My Business', 'Google Reseller', 'Google Tag Manager', 'Instagram Follow Button', 'Interchange', 'Jetpack', 'PHP', 'Python', 'QUIC', 'Site Kit', 'Telegram', 'Theme In WP', 'UTF-8', 'Ultimate Addons for Gutenberg', 'WhatsApp Sharing', 'Woo Themes', 'WordPress', 'WordPress Multisite', 'WordPress Related Posts', 'WordPress Stats', 'YouTube', 'jQuery']"
brackley-music.co.uk,Brackley Music | Professional Music Tuition,,GBR,77,508,2026-10-06T05:46:46.735609742Z,"['AJAX Libraries API', 'Angular', 'Apache', 'GZIP Module', 'Google Cloud DNS', 'Google Font API', 'IcoMoon', 'QUIC', 'Tailwind CSS', 'jQuery']"
rkaesthetics.in,Expert Plastic Surgery by Dr. Ramesh K. Sharma | RK Aesthetics,,,52,177,2026-10-06T05:33:39.09252547Z,"['Alternate Protocol', 'Angular', 'Content Delivery Network', 'Google', 'Google Cloud DNS', 'Google Font API', 'Pexels', 'Unsplash', 'Zyro']"
beulahoutdoors.com,Frankfort Outdoors & Taproom,,SGP,72,9468,2026-10-06T05:33:39.091412553Z,"['Angular', 'Apture Linking Platform', 'Baidu Cloud', 'Cloudflare', 'Cloudflare CDN', 'Cowlendar', 'Express', 'Google Analytics', 'Google Related Website Sites', 'Google Tag Manager', 'IcoMoon', 'Instagram Follow Button', 'Microdata for Google Shopping', 'QUIC', 'Schema Plugin', 'Shopify', 'Shopify Collabs', 'To Top', 'UTF-8', 'Yandex Hosting', 'YouTube', 'eLand', 'hCaptcha', 'jQuery', 'reCAPTCHA']"
thomastransformation.com,"Thomas Transformation & Consulting – Igniting change with people, processes, and technology",,,60,160,2026-10-06T05:33:39.066048102Z,"['Alternate Protocol', 'Amazon', 'Angular', 'Cloudflare', 'Content Delivery Network', 'Elementor', 'EmbedPress', 'GoDaddy', 'Hello Elementor', 'Sapper', 'Table Addons for Elementor', 'UTF-8', 'WordPress', 'WordPress Multisite', 'jQuery']"
thewedding-app.com,The Wedding App | Private Social Platform for Your Wedding,The Wedding App,USA,82,2115,2026-10-06T05:23:17.903725298Z,"['Alternate Protocol', 'Angular', 'Apache', 'Debian', 'Elementor', 'ElementsKit Elementor', 'EmbedPress', 'GZIP Module', 'Google Analytics', 'Google Cloud DNS', 'Google Font API', 'Google Tag Manager', 'Header, Footer and Blocks for Elementor', 'Hello Elementor', 'Instagram Follow Button', 'Microdata for Google Shopping', 'NFOrce Internet', 'PHP', 'QUIC', 'Sitelinks Search Box', 'Theme In WP', 'UTF-8', 'Vimeo', 'WordPress', 'WordPress Multisite', 'jQuery']"
lucaspaganini.com,Home | Lucas Paganini,,,62,149,2026-10-06T05:23:17.897477636Z,"['Angular', 'Cloudflare', 'Cloudflare CDN', 'Content Delivery Network', 'Google Analytics', 'Google Tag Manager', 'Instagram Follow Button', 'Python', 'Twitter Ads', 'WordPress SEO Structured Data Schema Plugin', 'YouTube']"
righthrsolutions.com,HR Consulting Services in Florida | Right HR Solutions,,NLD,77,3625,2026-10-06T05:16:16.389142327Z,"['Alternate Protocol', 'Angular', 'Corporate Governance and Regulatory Compliance', 'Elementor', 'EmbedPress', 'GZIP Module', 'Google Analytics', 'Google Cloud DNS', 'Google Font API', 'Google My Business', 'Google Related Website Sites', 'Google Tag Manager', 'Gtranslate for Wordpress', 'Instagram Follow Button', 'Microdata for Google Shopping', 'NFOrce Internet', 'Nginx', 'PHP', 'Parallels Plesk Panel', 'Perl', 'QUIC', 'Royal Elementor Addons', 'Theme In WP', 'Twitter Ads', 'UTF-8', 'WPForms', 'Woo Themes', 'WooCommerce', 'WooCommerce Checkout', 'WordPress', 'WordPress Multisite', 'jQuery', 'jsDelivr']"
hrexperts.com.au,Home,,,57,7503,2026-10-06T05:16:16.374346465Z,"['Angular', 'Apache', 'Content Delivery Network', 'Fireblade', 'GZIP Module', 'Google Analytics', 'Google Cloud DNS', 'Google Font API', 'Google Maps', 'Google My Business', 'Google Related Website Sites', 'Google Tag Manager', 'PHP', 'Tawk', 'To Top', 'UTF-8']"
mikebudahn.com,"Mike Budahn, Web Development/Digital Marketing",,CAN,77,17908,2026-10-06T05:03:22.639971478Z,"['AWS WAF Challenge', 'Angular', 'Better Lead Generation Services', 'Bulma', 'CDN JS', 'Cloudflare', 'Cloudflare CDN', 'Fastly', 'GZIP Module', 'GitHub Hosting', 'Google Analytics', 'Google Cloud DNS', 'Google Font API', 'Google Tag Manager', 'IcoMoon', 'Nginx', 'Tailwind CSS', 'Twitter Ads', 'YouTube', 'jQuery']"
machinery-management.com,Machinery Management LLC | CNC Turning Centers - Gear Equipment - Fabricating Equipment,,USA,77,4827,2026-10-06T04:47:20.56672342Z,"['Angular', 'ArvanCloud', 'Fastly', 'Font Awesome', 'GZIP Module', 'Google My Business', 'IcoMoon', 'Microdata for Google Shopping', 'Nginx', 'QUIC', 'Tailwind CSS', 'Twitter Ads', 'UTF-8', 'YouTube', 'jsDelivr', 'reCAPTCHA']"
dailysportshistory.com,Daily Sports Hostory | Daily Sports History,,USA,75,17908,2026-10-06T04:47:20.557397801Z,"['AWS WAF Challenge', 'Alternate Protocol', 'Amazon CloudFront', 'Amazon Widgets', 'Angular', 'CloudFront', 'Content Delivery Network', 'GZIP Module', 'Google', 'Google Analytics', 'Google Cloud CDN', 'Google Cloud DNS', 'Google Font API', 'Google Tag Manager', 'IcoMoon', 'Instagram Follow Button', 'Microdata for Google Shopping', 'QUIC', 'Twitter Ads', 'UTF-8', 'University or College', 'YouTube', 'jsDelivr']"
certificationglobal.com,Home | Certification Global,,USA,55,3,2026-10-06T04:44:02.258641627Z,"['Angular', 'Google Cloud DNS', 'Google Font API', 'PHP', 'To Top', 'UTF-8']"
wavemix.in,Wave Mix: Recording Studio In Delhi | Wave Mix,,IND,67,7554,2026-10-06T04:44:02.25012783Z,"['Alternate Protocol', 'Angular', 'Apture Linking Platform', 'Google', 'Google Cloud DNS', 'Google Font API', 'Pexels', 'Thank You', 'Unsplash', 'Vector Internet Services', 'Zyro']"
pmloans.co.uk,PM Loans | Short Term and Payday Loans Provider | Direct UK Lender,PM Loans,GBR,82,749,2026-10-06T04:44:02.236593191Z,"['Alternate Protocol', 'Angular', 'ArvanCloud', 'AutoComplete', 'Bing Cashback', 'Bing Conversion Tracking', 'Cookies and You', 'EmbedPress', 'GZIP Module', 'Google Analytics', 'Google Cloud DNS', 'Google Font API', 'Google My Business', 'Google Tag Manager', 'Microdata for Google Shopping', 'Microsoft Clarity', 'Nginx', 'PHP', 'PWA', 'Perl', 'QUIC', 'Schema Plugin', 'Tailwind CSS', 'Theme In WP', 'Twitter Ads', 'UTF-8', 'Ubuntu', 'WordPress', 'WordPress Multisite', 'jQuery', 'jsDelivr']"
beiseker.com,Village of Beiseker,Village of Beiseker,CAN,87,38246,2026-10-06T04:38:06.18267048Z,"['AWS WAF Challenge', 'Alternate Protocol', 'Amazon', 'Angular', 'Automattic', 'Cloudflare', 'Cloudflare CDN', 'CoBlocks', 'Content Delivery Network', 'Cornerstone', 'EmbedPress', 'Express', 'FreeCSSTemplates', 'GoDaddy', 'Google', 'Google Cloud DNS', 'Google Font API', 'Google My Business', 'IcoMoon', 'Jetpack', 'Jetpack Site Accelerator', 'Meta Slider for WordPress', 'Microdata for Google Shopping', 'My Calendar', 'Neve', 'PHP', 'Perl', 'Popup Maker for Wordpress', 'Sapper', 'Telegram', 'Theme In WP', 'UTF-8', 'Wangsu', 'WoWonder', 'WordPress', 'WordPress Multisite', 'WordPress Stats', 'jQuery', 'myStickymenu', 'reCAPTCHA']"
nursechalice.com,Nurse Chalice VIP Care - Nurse Chalice VIP Care,Nurse Chalice VIP Care,USA,77,39148,2026-10-06T04:32:25.442925721Z,"['Alternate Protocol', 'Angular', 'Apache', 'Contact Form Plugin', 'Contento', 'Creative Mail by Constant Contact', 'Doxy.me', 'Elementor', 'EmbedPress', 'GZIP Module', 'Google Analytics', 'Google Cloud DNS', 'Google Font API', 'Google Tag Manager', 'HubSpot WordPress Plugin', 'IcoMoon', 'Jetpack', 'LayerSlider Responsive', 'Microdata for Google Shopping', 'Muffin Group', 'PHP', 'QUIC', 'Slider Revolution', 'Theme In WP', 'Twitter Ads', 'UTF-8', 'Woo Themes', 'WordPress', 'WordPress Multisite', 'WordPress Stats', 'jQuery']"
glisson-outdoors.com,Home | GLISSON OUTDOORS LLC,,,52,8282,2026-10-06T04:14:19.943888082Z,"['AWS WAF Challenge', 'Amazon', 'Amazon CloudFront', 'Amazon Route 53', 'Amazon S3 CDN', 'Angular', 'CloudFront', 'Cloudflare', 'Cloudflare CDN', 'Constant Contact', 'Content Delivery Network', 'DoubleClick Bid Manager', 'Fireblade', 'IcoMoon', 'Storyblocks', 'Svelte', 'Tailwind CSS', 'shadcn ui']"
themapptenerife.com,"The best guide to Tenerife, discover the best beaches, activities ...",,BOL,77,48868,2026-10-06T04:01:24.769034415Z,"['Angular Material', 'Fireblade', 'GZIP Module', 'Google', 'Google Analytics', 'Google Cloud CDN', 'Google Tag Manager', 'IcoMoon', 'Nginx', 'PWA', 'QUIC', 'The Fresh', 'TuriTop', 'UTF-8', 'YouTube']"
theydonbois-pc.gov.uk,"Theydon Bois Parish Council – Essex, England",,MDA,65,17548,2026-10-06T03:55:53.611340065Z,"['AWS WAF Challenge', 'Alternate Protocol', 'Angular', 'Apache', 'CDN JS', 'Cloudflare', 'Cloudflare CDN', 'EmbedPress', 'Google', 'Google My Business', 'PHP', 'The Events Calendar', 'Theme In WP', 'UTF-8', 'WordPress', 'WordPress Multisite', 'jQuery']"
prosys.com.np,"PROSYS TECHNOLOGY PVT. LTD. – Domain, Hosting, Web Designing & Development, Software Development, SEO, Graphic Designing, IT Consultant",,,60,1547,2026-10-06T03:42:23.331496175Z,"['Alternate Protocol', 'Angular', 'Apache', 'Contact Form Plugin', 'Easy Fancybox', 'EmbedPress', 'Font Awesome', 'GaliChat', 'Google', 'Google Cloud DNS', 'Google Font API', 'IcoMoon', 'LiteSpeed', 'PHP', 'QUIC', 'Tailwind CSS', 'Theme In WP', 'Twitter Ads', 'UTF-8', 'WordPress', 'WordPress Multisite', 'YouTube', 'jQuery', 'jQuery Pin It Button for Images']"
americancrane.com,American Crane & Equipment Corporation,,USA,82,29491,2026-10-06T03:34:15.462294501Z,"['Alternate Protocol', 'Angular', 'Apture Linking Platform', 'Bing Cashback', 'Bing Conversion Tracking', 'Cookie Accept', 'Cookie Notice', 'Divi', 'Elegant Themes', 'EmbedPress', 'ExpertRec', 'Facebook Reseller', 'FreeCSSTemplates', 'Google', 'Google Analytics', 'Google Cloud DNS', 'Google Font API', 'Google Tag Manager', 'Hubspot', 'Instagram Follow Button', 'LiteSpeed', 'Microdata for Google Shopping', 'PHP', 'Perl', 'PixelYourSite', 'QUIC', 'RocketCDN', 'Sitelinks Search Box', 'TablePress', 'Theme In WP', 'ThomasNet Web Traxs', 'Twitter Ads', 'UTF-8', 'WP Rocket', 'WordPress', 'WordPress Multisite', 'YouTube', 'eLand', 'jQuery']"
larvrentals.com,RV RENTALS,,USA,60,79,2026-10-06T03:17:29.61179483Z,"['Alternate Protocol', 'Angular', 'Apache', 'Contact Form Plugin', 'DAV', 'Elementor', 'ElementsKit Elementor', 'EmbedPress', 'GZIP Module', 'Google Cloud DNS', 'Google Font API', 'Header, Footer and Blocks for Elementor', 'PHP', 'QUIC', 'Sapper', 'Smart Slider 3', 'Theme In WP', 'UTF-8', 'Woo Themes', 'WooCommerce', 'WooCommerce Checkout', 'WordPress', 'WordPress Multisite', 'YITH WooCommerce Compare', 'eLand', 'jQuery', 'jsDelivr']"
clancycoretowingservices.com,Clancy Core Towing Services,,USA,77,3188,2026-10-06T03:04:29.101055778Z,"['Alternate Protocol', 'Angular', 'Bunny Fonts', 'CoBlocks', 'Elementor', 'EmbedPress', 'GZIP Module', 'GoDaddy', 'Google', 'Google Cloud DNS', 'Google Font API', 'Microdata for Google Shopping', 'Nginx', 'PHP', 'QUIC', 'Schema Plugin', 'Theme In WP', 'UTF-8', 'WordPress', 'WordPress Multisite', 'go Theme', 'jQuery']"
fellowshorses.com,FELLOWS HORSES,,,47,63,2026-10-06T03:04:29.096130889Z,"['Amplitude', 'Angular', 'DAV', 'Express', 'Google', 'Google Cloud DNS', 'Google Font API', 'Instagram Follow Button', 'Next.js', 'PWA', 'UTF-8']"
lotuspath.in,LOTUS PATH ACADEMY,,,47,12102,2026-10-06T02:58:37.40932175Z,"['AJAX Libraries API', 'Angular', 'CDN JS', 'Cloudflare', 'Cloudflare CDN', 'Engage', 'Font Awesome', 'GZIP Module', 'Google Cloud DNS', 'Google Font API', 'Google My Business', 'Google Play', 'Google Tag Manager', 'MoEngage', 'Nginx', 'PWA', 'Perl', 'Pleroma', 'Sign In With Google', 'Tailwind CSS', 'UTF-8', 'jQuery', 'jsDelivr']"
companieshouse.gov.uk,Companies House - GOV.UK,,GBR,92,11700,2026-10-06T02:58:37.405218869Z,"['Alternate Protocol', 'Angular', 'Apture Linking Platform', 'Content Delivery Network', 'DoubleClick Bid Manager', 'Fastly', 'GOV.UK Design System', 'Google', 'Google Analytics', 'Google My Business', 'Google Tag Manager', 'Microdata for Google Shopping', 'NFOrce Internet', 'Nginx', 'SpeedCurve', 'Thank You', 'Twitter Ads', 'UTF-8', 'YouTube']"
rscornerstone.space,Affordable Co-Living Solutions | RS Cornerstone | RS Cornerstone,,,77,17613,2026-10-06T02:52:52.187667751Z,"['AWS WAF Challenge', 'Alternate Protocol', 'Angular', 'Cornerstone', 'Express', 'Google', 'Google Cloud DNS', 'Google Font API', 'Instagram Follow Button', 'Microdata for Google Shopping', 'Pexels', 'Thank You', 'Unsplash', 'Zyro']"
crescentgoods.com,Crescent Goods – Ecommerce,,,55,774,2026-10-06T02:52:52.182106463Z,"['Alternate Protocol', 'Angular', 'Elementor', 'EmbedPress', 'Google Cloud DNS', 'Google Font API', 'IcoMoon', 'Instagram Feed for WordPress', 'LiteSpeed', 'NFOrce Internet', 'PHP', 'QUIC', 'Slider Revolution', 'Theme In WP', 'UTF-8', 'Woo Themes', 'WooCommerce', 'WooCommerce Checkout', 'WordPress', 'WordPress Multisite', 'YITH WooCommerce Compare', 'jQuery']"
ssmita.ac.in,SSMITA | AMRAVATI,,IND,70,2908,2026-10-06T02:44:53.127040673Z,"['Angular', 'Angular Material', 'CDN JS', 'Cloudflare', 'Cloudflare CDN', 'Corporate Governance and Regulatory Compliance', 'Google', 'Google Cloud CDN', 'Google Cloud DNS', 'Google Font API', 'Google Forms', 'Google My Business', 'IcoMoon', 'Instagram Follow Button', 'QUIC', 'Tailwind CSS', 'University or College', 'YouTube']"
parisavenueperfumes.com,Home - Paris Avenue Perfumes,Paris Avenue Perfumes,FRA,85,19208,2026-10-06T02:39:21.470631097Z,"['Alternate Protocol', 'Angular', 'Cloudflare', 'CoBlocks', 'Contact Form Plugin', 'Content Delivery Network', 'Elementor', 'EmbedPress', 'GoDaddy', 'Google', 'Google Analytics', 'Google Cloud CDN', 'Google Cloud DNS', 'Google Font API', 'Google Related Website Sites', 'Google Tag Manager', 'MailChimp for WordPress', 'Microdata for Google Shopping', 'PHP', 'QUIC', 'Slider Revolution', 'Table Addons for Elementor', 'Tailwind CSS', 'Theme In WP', 'UTF-8', 'Wangsu', 'Woo Themes', 'WooCommerce', 'WooCommerce Checkout', 'WordPress', 'WordPress Multisite', 'YITH WooCommerce Compare', 'jQuery']"
smashboxpremiums.com,Home - Smashbox Creative,,USA,60,20031,2026-10-06T02:21:42.14110479Z,"['Angular', 'Angular Material', 'Apture Linking Platform', 'Azure Edge', 'CDN JS', 'Cloudflare', 'Cloudflare CDN', 'Cloudflare Web Analytics', 'Contentful', 'DAV', 'DoubleClick Bid Manager', 'ETranslate', 'Fireblade', 'Font Awesome', 'GZIP Module', 'Google', 'Google Analytics', 'Google Cloud CDN', 'Google Cloud DNS', 'Google Font API', 'Google Maps', 'Google Matched Content', 'Google My Business', 'Google Recommendations AI', 'Google Reseller', 'Google Tag Manager', 'Imgix', 'Instagram Follow Button', 'K2F', 'Line2', 'Microsoft 365', 'Microsoft Azure', 'QUIC', 'Report URI', 'Sitelinks Search Box', 'Subversion', 'Twitter Ads', 'UTF-8', 'Vimeo', 'YouTube', 'reCAPTCHA', 'shadcn ui']"
quantstreetcapital.com,Investment Management Firm - QuantStreet Capital,QuantStreet Capital,,72,2168,2026-10-06T02:13:16.672606965Z,"['Alternate Protocol', 'Angular', 'Content Delivery Network', 'DuracellTomi Google Tag Manager for WordPress', 'Elementor', 'EmbedPress', 'Google Analytics', 'Google My Business', 'Google Related Website Sites', 'Google Tag Manager', 'Hello Elementor', 'LiteSpeed', 'Microdata for Google Shopping', 'PHP', 'Table Addons for Elementor', 'UTF-8', 'University or College', 'WordPress', 'WordPress Multisite', 'jQuery', 'reCAPTCHA']"
texastrueappliancerepair.com,Texas True Appliance Repair,Texas True Appliance Repair Company LLC,USA,82,11595,2026-10-06T02:08:29.612330079Z,"['Adult Content', 'Alternate Protocol', 'Angular', 'Astra Theme', 'Better Lead Generation Services', 'EmbedPress', 'GenerateBlocks', 'Google', 'Google Analytics', 'Google Cloud DNS', 'Google Customer Reviews', 'Google Font API', 'Google My Business', 'Google Tag Manager', 'Instagram Follow Button', 'JotForm', 'Line2', 'Microdata for Google Shopping', 'Ntent', 'PHP', 'Post Grid', 'QUIC', 'RM Education', 'Theme In WP', 'TrustIndex', 'UTF-8', 'Ultimate Addons for Gutenberg', 'WordPress', 'WordPress Multisite', 'WordPress Related Posts', 'Yelp Badge', 'YouTube', 'jQuery']"
sfeer.app,Sfeer | soundboard for roleplaying games,,,67,6000,2026-10-06T02:08:29.597917732Z,"['Angular', 'Angular Material', 'Content Delivery Network', 'Fastly', 'Google', 'Google Analytics', 'Google Cloud CDN', 'Google My Business', 'Google Tag Manager', 'PWA', 'QUIC', 'UTF-8', 'reCAPTCHA']"
sunriservrentals.ca,Home - Sunrise RV Rentals in Prince George,Sunrise RV Rentals,,82,19917,2026-10-06T02:01:08.588783935Z,"['Alternate Protocol', 'Angular', 'Cloudflare', 'CoBlocks', 'Contact Form Plugin', 'Content Delivery Network', 'Elementor', 'ElementsKit Elementor', 'EmbedPress', 'Exclusive Addons for Elementor', 'GoDaddy', 'Google', 'Google Analytics', 'Google Cloud DNS', 'Google Font API', 'Google My Business', 'Google Tag Manager', 'Header, Footer and Blocks for Elementor', 'Instagram Follow Button', 'Line2', 'Microdata for Google Shopping', 'PHP', 'Pagekit', 'Premium Addons for Elementor', 'QUIC', 'Royal Elementor Addons', 'Sapper', 'Site Kit', 'Smush Image Optimization', 'Theme In WP', 'UTF-8', 'WPFront Scroll Top', 'Wangsu', 'WordPress', 'WordPress Multisite', 'go Theme', 'jQuery', 'reCAPTCHA']"
breakthroughpoint.in,BREAKTHROUGH POINT,,IND,67,30139,2026-10-06T01:50:03.965984153Z,"['AJAX Libraries API', 'Angular', 'Engage', 'Font Awesome', 'GZIP Module', 'Google Cloud DNS', 'Google Font API', 'Google My Business', 'Google Play', 'Google Tag Manager', 'MoEngage', 'Nginx', 'PWA', 'Perl', 'Pleroma', 'Sign In With Google', 'Tailwind CSS', 'UTF-8', 'jQuery']"
iamjo.sh,"Josh Avant | Hi, I'm Josh",,USA,52,156,2026-10-06T01:46:07.066534121Z,"['Amazon', 'Amazon CloudFront', 'Amazon Route 53', 'Amazon S3 CDN', 'Angular', 'CloudFront', 'Content Delivery Network', 'Google My Business', 'Mastodon', 'Plausible Analytics', 'Tailwind CSS']"
theupspire.store,Empower Your Journey with Inspiring Growth Tools | theUpSpire,,,57,5377,2026-10-06T01:37:09.426221568Z,"['AWS WAF Challenge', 'Alternate Protocol', 'Angular', 'Content Delivery Network', 'DAV', 'Express', 'Google', 'Google Cloud DNS', 'Google Font API', 'Instagram Follow Button', 'KVH', 'Microdata for Google Shopping', 'Thank You', 'Unsplash', 'Zyro']"
vpncheck.org,"VPNs, Firestick, Kodi & IPTV Tips",vpncheck,USA,77,40808,2026-10-06T01:30:55.770413557Z,"['AAPT', 'AJAX Libraries API', 'Adult Content', 'Alternate Protocol', 'Amazon WAF Blocked', 'Angular', 'Borlabs Cookie', 'Cloudflare', 'Cloudflare CDN', 'Contact Form Plugin', 'Content Delivery Network', 'Eber', 'EmbedPress', 'Express', 'Fireblade', 'FreeCSSTemplates', 'Google', 'Google Analytics', 'Google Cloud DNS', 'Google Font API', 'Google My Business', 'Google Tag Manager', 'Gravity', 'Gravity Forms', 'Instagram Follow Button', 'Microdata for Google Shopping', 'PHP', 'Pagekit', 'TablePress', 'Tailwind CSS', 'Theme In WP', 'UTF-8', 'WordPress', 'WordPress Multisite', 'aWeber', 'jQuery', 'reCAPTCHA']"
climatescience.com,Learn How To Solve Climate Change | ClimateScience,,GBR,82,779,2026-10-06T01:30:55.767047649Z,"['Alternate Protocol', 'Angular', 'Coming Soon Page', 'Content Delivery Network', 'DAV', 'Donorbox', 'Express', 'Instagram Follow Button', 'Next.js', 'PWA', 'Pleroma', 'Radix UI', 'UTF-8', 'University or College', 'Vercel', 'YouTube']"
logicrays.com,"LogicRays - AI Driven Development, Software, Web & Digital Marketing Company | Free Consultation",,ITA,77,160898,2026-10-06T01:21:29.865750585Z,"['Angular', 'Apture Linking Platform', 'Better Lead Generation Services', 'CDN JS', 'Cloudflare', 'Cloudflare CDN', 'Clutch', 'Content Delivery Network', 'Express', 'Font Awesome', 'Google Related Website Sites', 'Instagram Follow Button', 'Microsoft Clarity', 'PHP', 'Parcel', 'Perl', 'Python', 'QUIC', 'Salesforce Hosted', 'Taboola Direct', 'Twitter Ads', 'UTF-8', 'WhatsApp Sharing', 'Woo Themes', 'YouTube', 'jQuery']"
bigcreekgranite.com,Big Creek Granite,,,50,300,2026-10-06T01:03:05.249063502Z,"['Alternate Protocol', 'Angular', 'Apache', 'Elementor', 'EmbedPress', 'GZIP Module', 'Google Analytics', 'Google My Business', 'Google Tag Manager', 'Hello Elementor', 'Ntent', 'PHP', 'Table Addons for Elementor', 'Theme In WP', 'TrustIndex', 'UTF-8', 'Vimeo', 'Woo Themes', 'WooCommerce', 'WooCommerce Checkout', 'WordPress', 'WordPress Multisite', 'YouTube', 'jQuery']"
vocaleez.com,Vocaleez – with Jennifer Laubach,,,70,33822,2026-10-06T00:55:14.008707298Z,"['AWS WAF Challenge', 'Alternate Protocol', 'Angular', 'Automattic', 'Cloudflare', 'Cloudflare CDN', 'Content Delivery Network', 'Elementor', 'EmbedPress', 'GoDaddy', 'Google', 'Google Cloud DNS', 'Google Font API', 'Google My Business', 'Instagram Follow Button', 'Jetpack', 'Lazy Load for WordPress', 'Pagekit', 'Smush Image Optimization', 'UTF-8', 'Wangsu', 'WordPress', 'WordPress Multisite', 'WordPress Stats', 'jQuery']"
wb-jewelry.com,Home,WB Jewelry,,62,74002,2026-10-06T00:55:14.003804244Z,"['Alexa Certified Site Metrics', 'Alternate Protocol', 'Amazon', 'Amazon CloudFront', 'Amazon Route 53', 'Amazon WAF Blocked', 'Angular', 'Apture Linking Platform', 'Bing Cashback', 'Bing Conversion Tracking', 'CloudFront', 'Content Delivery Network', 'Criteo', 'Criteo Reseller', 'DoubleClick Bid Manager', 'Ember.js', 'Express', 'Facebook CDN', 'Facebook Conversion Tracking', 'Facebook Login', 'Facebook Messenger Platform', 'Facebook Pixel', 'Facebook Reseller', 'Facebook Tag API', 'GZIP Module', 'Giphy', 'GitHub Hosting', 'GoDaddy', 'Google Analytics', 'Google My Business', 'Google Reseller', 'Google Tag Manager', 'Idaq', 'Instagram Follow Button', 'Iterable', 'MailChimp', 'Microdata for Google Shopping', 'Mouseflow', 'OpenResty', 'QUIC', 'Seflow Italy', 'Sentry', 'Shopify', 'Shopline', 'Sumo', 'Swell Rewards', 'Tailwind CSS', 'UTF-8', 'Vimeo', 'Yahoo Image CDN', 'YouTube', 'iZooto']"
parsonsbroachfs.com,"Parsons Broach Financial Services | Montgomery, AL",Parsons Broach Financial Services,USA,82,17173,2026-10-06T00:42:11.594595378Z,"['AWS WAF Challenge', 'Alternate Protocol', 'Angular', 'CDN JS', 'Cloudflare', 'Cloudflare CDN', 'Content Delivery Network', 'ElementUI', 'EmbedPress', 'Google Analytics', 'Google Tag Manager', 'Microdata for Google Shopping', 'PHP', 'Perl', 'StudioPress', 'Tailwind CSS', 'Theme In WP', 'UTF-8', 'WP Engine', 'WordPress', 'WordPress Multisite', 'jQuery']"
focalpointuk.com,FocalPoint - Business Coaching by Brian Tracy,FocalPoint Business Coaching by Brian Tracy,GBR,82,24691,2026-10-06T00:42:11.590680179Z,"['AWS WAF Challenge', 'Alternate Protocol', 'Angular', 'Contact Form Plugin', 'Content Delivery Network', 'Elementor', 'EmbedPress', 'Google', 'Google Cloud CDN', 'Google Cloud DNS', 'Google Font API', 'IcoMoon', 'Instagram Follow Button', 'LiteSpeed', 'MailChimp for WordPress', 'Medium', 'Microdata for Google Shopping', 'PHP', 'QUIC', 'ScoreApp', 'Sitelinks Search Box', 'Theme In WP', 'Twitter Ads', 'UTF-8', 'Vector Internet Services', 'WP Job Openings', 'Woo Themes', 'WooCommerce', 'WooCommerce Checkout', 'WordPress', 'WordPress Multisite', 'jQuery', 'shadcn ui']"
ibcnj.org,Howell Church,,USA,67,1424,2026-10-06T00:36:25.066972437Z,"['Angular', 'Automattic', 'Google Cloud DNS', 'Google Font API', 'Google Maps', 'Google My Business', 'Google Play', 'Hive.co', 'To Top', 'UTF-8', 'YouTube', 'Zoom Video Conferencing']"
shiftpropertymanagement.com,Property Management Services | Shift Property Management,Shift Property Management,USA,77,6482,2026-10-06T00:26:08.314899562Z,"['Alternate Protocol', 'Angular', 'Contact Form Plugin', 'Content Delivery Network', 'Elementor', 'EmbedPress', 'Fontello', 'Google Analytics', 'Google My Business', 'Google Related Website Sites', 'Google Tag Manager', 'Header, Footer and Blocks for Elementor', 'Investor Relations', 'LiteSpeed', 'Microdata for Google Shopping', 'PHP', 'Pagekit', 'Premium Addons for Elementor', 'Propertyware', 'QUIC', 'Sapper', 'Slider Revolution', 'Smush Image Optimization', 'Table Addons for Elementor', 'Tailwind CSS', 'Theme In WP', 'UTF-8', 'WordPress', 'WordPress Multisite', 'jQuery', 'reCAPTCHA']"
richardsonfuneralhomenc.com,Home - Professional Funeral Services North Carolina,"Richardson Funeral Home, Inc.",CAN,82,74718,2026-10-06T00:06:12.740876703Z,"['Alternate Protocol', 'Amazon', 'Angular', 'Apture Linking Platform', 'Cloudflare', 'CoBlocks', 'Contact Form Plugin', 'Content Delivery Network', 'Elementor', 'ElementsKit Elementor', 'EmbedPress', 'Essential Addons for Elementor', 'Essential Blocks for Gutenberg', 'FEEDZY RSS Feeds', 'Font Awesome', 'GoDaddy', 'Google Cloud DNS', 'Google Font API', 'IcoMoon', 'Line2', 'Microdata for Google Shopping', 'My Calendar', 'PHP', 'Premium Addons for Elementor', 'SMC', 'Tailwind CSS', 'The Events Calendar', 'Theme In WP', 'UTF-8', 'Vector Internet Services', 'Wangsu', 'Website Tonight', 'Woo Themes', 'WooCommerce', 'WooCommerce Checkout', 'WordPress', 'WordPress Multisite', 'jQuery']"
teamoverseastest.com,Team Overseas Education Consultants,,,62,30338,2026-10-06T00:06:12.718846256Z,"['AJAX Libraries API', 'Angular', 'Elementor', 'Engage', 'Font Awesome', 'GZIP Module', 'Google Cloud DNS', 'Google Font API', 'Google My Business', 'Google Play', 'Google Tag Manager', 'MoEngage', 'Nginx', 'PWA', 'Perl', 'Pleroma', 'Sign In With Google', 'Tailwind CSS', 'UTF-8', 'University or College', 'jQuery']"
privatewealthlawgroup.com,"Home - Private Wealth Law Group, P.C.","Private Wealth Law Group, P.C.",USA,75,24850,2026-10-05T23:16:28.069148775Z,"['Akismet', 'Alternate Protocol', 'Amazon WAF Blocked', 'Angular', 'Aruba', 'Cloudflare', 'Content Delivery Network', 'DAV', 'Dynamik', 'Elementor', 'EmbedPress', 'Facebook Conversion Tracking', 'Facebook Login', 'Facebook Messenger Platform', 'Facebook Pixel', 'Facebook Reseller', 'Facebook Tag API', 'Featured Video Plus', 'Fireblade', 'Font Awesome', 'Google Analytics', 'Google Cloud DNS', 'Google Font API', 'Google My Business', 'Google Related Website Sites', 'Google Tag Manager', 'Gravity', 'Gravity Forms', 'Instagram Follow Button', 'Kitco', 'Microdata for Google Shopping', 'PHP', 'PixelYourSite', 'Simple Share Buttons Adder', 'StudioPress', 'Theme In WP', 'Tidio', 'Toolset', 'Twitter Ads', 'UTF-8', 'WordPress', 'WordPress Multisite', 'eLand', 'jQuery', 'reCAPTCHA']"
wachac.com,Best Daycare in Vancouver WA | Mill Plain Children's Academy,,USA,72,3148,2026-10-05T23:16:28.044608624Z,"['Angular', 'Apache', 'CDN JS', 'Cloudflare', 'Cloudflare CDN', 'Facebook Embedded Posts', 'GZIP Module', 'Google Analytics', 'Google Cloud DNS', 'Google Font API', 'Google My Business', 'Google Related Website Sites', 'Google Tag Manager', 'Oddle', 'OpenSSL', 'Thank You', 'To Top', 'UTF-8', 'University or College', 'reCAPTCHA']"
cramer.marketing,Cramer Marketing,Cramer Marketing,USA,67,1312,2026-10-05T23:07:45.776114781Z,"['Adobe Creative Cloud WebFonts', 'Alternate Protocol', 'Angular', 'Aruba', 'Express', 'GZIP Module', 'Instagram Follow Button', 'Line2', 'Microdata for Google Shopping', 'Newsletter for Wordpress', 'QUIC', 'Squarespace', 'UTF-8', 'WordPress SEO Structured Data Schema Plugin', 'eLand']"
plantme.ai,PlantME | Free Plant Identification App for iPhone,PlantME,,72,2440,2026-10-05T23:07:45.76046713Z,"['Angular', 'App Store', 'GZIP Module', 'Google', 'Google Cloud DNS', 'Google Font API', 'Microdata for Google Shopping', 'Nginx', 'Smart App Banner', 'Ubuntu']"
nftarthouze.com,ARTHOUZE Gallery - NFTARTHOUZE,NFTARTHOUZE.com,DEU,82,28027,2026-10-05T23:00:08.598392675Z,"['Alternate Protocol', 'Angular', 'Apture Linking Platform', 'ArvanCloud', 'Autoptimize', 'Borlabs Cookie', 'CDN JS', 'Cloudflare', 'Cloudflare CDN', 'Content Delivery Network', 'Ektron', 'ElementUI', 'EmbedPress', 'Express', 'Font Awesome', 'Giropay', 'Google Analytics', 'Google Tag Manager', 'IcoMoon', 'Instagram Follow Button', 'Microdata for Google Shopping', 'NFOrce Internet', 'PHP', 'Thank You', 'UTF-8', 'Woo Themes', 'WordPress', 'WordPress Multisite', 'jQuery', 'jsDelivr']"
honktrucking.com,Home,,,40,3,2026-10-05T23:00:08.559431823Z,"['Angular', 'Apache', 'GZIP Module', 'Google Cloud DNS', 'Google Font API', 'To Top', 'UTF-8']"
mceg.io,MCE Group,,,57,783,2026-10-05T22:42:24.673129536Z,"['Adobe Creative Cloud WebFonts', 'Angular', 'Angular Material', 'Content Delivery Network', 'Fastly', 'Google', 'Google Analytics', 'Google Cloud CDN', 'Google Cloud DNS', 'Google Font API', 'Google Tag Manager', 'InitiativeS', 'Telegram', 'UTF-8']"
bloomingsheep.com,Home - Blooming Sheep,,,72,4033,2026-10-05T22:33:57.513055039Z,"['Alternate Protocol', 'Angular', 'Content Delivery Network', 'Divi', 'Elegant Themes', 'EmbedPress', 'Google', 'Google Analytics', 'Google Cloud CDN', 'Google Cloud DNS', 'Google Font API', 'Google My Business', 'Google Tag Manager', 'LiteSpeed', 'Microdata for Google Shopping', 'Perl', 'Popup Maker for Wordpress', 'Sapper', 'Thank You', 'UTF-8', 'Woo Themes', 'WordPress', 'WordPress Multisite', 'jQuery', 'reCAPTCHA']"
luxuryappliancesdirect.com,Luxury Appliances Direct | Premium Kitchen & Home Appliances Online,,USA,82,17364,2026-10-05T22:26:12.992980996Z,"['Alternate Protocol', 'Amazon WAF Blocked', 'Angular', 'Apture Linking Platform', 'Aruba', 'Baidu Cloud', 'CDN JS', 'Cloudflare', 'Cloudflare CDN', 'Digital Ocean Spaces', 'ElementUI', 'Express', 'Fastly', 'Financial Services Guide', 'Google', 'Google Cloud DNS', 'Google Cloud Storage', 'Google Maps', 'IcoMoon', 'Instagram Follow Button', 'Metricool', 'Microdata for Google Shopping', 'Microsoft Clarity', 'NFOrce Internet', 'QUIC', 'Shopify', 'Shopify Collabs', 'Storyblocks', 'Thank You', 'UTF-8', 'Yandex Hosting', 'YouTube', 'eLand', 'hCaptcha', 'jsDelivr', 'reCAPTCHA']"
gmaurya.com,Maurya @ FSU,,,62,2400,2026-10-05T22:26:12.989639505Z,"['Alternate Protocol', 'Angular', 'Content Delivery Network', 'Fastly', 'GZIP Module', 'GitHub Hosting', 'Google My Business', 'Jekyll', 'Microdata for Google Shopping', 'UTF-8', 'jsDelivr', 'shadcn ui']"
cacrm.com,"IVF & Surrogacy Specialist Center San Diego, California - Infertility Doctor Clinic - Fertility Treatment for Men & Women in San Diego CA - CACRM",California Center for Reproductive Medicine,USA,82,85983,2026-10-05T22:19:48.774073694Z,"['AWS WAF Challenge', 'Akismet', 'Alternate Protocol', 'Amazon WAF Blocked', 'Angular', 'Aruba', 'Cloudflare', 'Contact Form Plugin', 'Content Delivery Network', 'Contento', 'CrazyEgg', 'Custom Facebook Feed', 'Easy Fancybox', 'EmbedPress', 'Facebook Conversion Tracking', 'Facebook Login', 'Facebook Messenger Platform', 'Facebook Pixel', 'Facebook Reseller', 'Facebook Tag API', 'Font Awesome', 'Google', 'Google Analytics', 'Google Cloud CDN', 'Google Cloud DNS', 'Google Font API', 'Google My Business', 'Google Related Website Sites', 'Google Tag Manager', 'Gravity', 'Gravity Forms', 'Healthcare Success', 'IcoMoon', 'Instagram Follow Button', 'Jetpack', 'LayerSlider Responsive', 'Microdata for Google Shopping', 'Muffin Group', 'No-Q', 'PHP', 'Perl', 'QUIC', 'RM Education', 'Recent Tweets Widget for WordPress', 'Slider Revolution', 'Thank You', 'Theme In WP', 'Twitter Ads', 'UTF-8', 'Ultimate Social Media', 'University or College', 'Vimeo', 'WP Engine', 'WPBakery', 'Woo Themes', 'WordPress', 'WordPress Multisite', 'YouTube', 'eLand', 'jQuery', 'jQuery Pin It Button for Images', 'reCAPTCHA']"
santafesmilestx.com,"General & Cosmetic Dentistry Santa Fe, TX - Call Us Today",,USA,77,22455,2026-10-05T22:19:48.755974261Z,"['Akismet', 'Alternate Protocol', 'Angular', 'ByteDance', 'Call to Visit', 'CallRail', 'Content Delivery Network', 'DuracellTomi Google Tag Manager for WordPress', 'EmbedPress', 'Facebook Conversion Tracking', 'Facebook Login', 'Facebook Messenger Platform', 'Facebook Pixel', 'Facebook Reseller', 'Facebook Tag API', 'Font Awesome', 'Fontello', 'GZIP Module', 'Google Analytics', 'Google Cloud DNS', 'Google Customer Reviews', 'Google Font API', 'Google Maps', 'Google My Business', 'Google Recommendations AI', 'Google Related Website Sites', 'Google Tag Manager', 'Gravity Forms', 'Instagram Follow Button', 'Microdata for Google Shopping', 'Nginx', 'Open Dental', 'PHP', 'Popup Anything', 'Popup Maker for Wordpress', 'QUIC', 'SiteW', 'Sitelinks Search Box', 'Slider Revolution', 'Stockholm', 'Thank You', 'Theme In WP', 'TikTok Conversion Tracking Pixel', 'Twitter Ads', 'UTF-8', 'University or College', 'WP Engine', 'WP Mobile Menu', 'WPBakery', 'WordPress', 'WordPress Multisite', 'YouTube', 'eLand', 'jQuery']"
sarmad.me,"Sarmad Makhdoom | Software Architect, Engineering Leader & AI Agent Developer",,PAK,82,5947,2026-10-05T22:07:27.848475102Z,"['Angular', 'Content Delivery Network', 'Fastly', 'Font Awesome', 'GitHub Hosting', 'Google', 'Google Analytics', 'Google Cloud DNS', 'Google Font API', 'Google Tag Manager', 'IcoMoon', 'Microdata for Google Shopping', 'Next.js', 'Pleroma', 'QUIC', 'Tailwind CSS', 'Twitter Ads', 'UTF-8', 'University or College', 'Visual Studio']"
aleaitsolutions.com,AI & Custom Software Development Company | 22 Years of Experience,AleaIT Solutions,SGP,67,234103,2026-10-05T22:07:27.81405974Z,"['AWS WAF Challenge', 'Alternate Protocol', 'Angular', 'Apture Linking Platform', 'Bulma', 'CDN JS', 'Cisco/Arrowpoint Content Service Switch', 'Cloudflare', 'Cloudflare CDN', 'Cloudflare Web Analytics', 'Clutch', 'CodeIgniter', 'Contact Form Plugin', 'Contento', 'DMCA Badge', 'EmbedPress', 'Express', 'Facebook Conversion Tracking', 'Facebook Login', 'Facebook Messenger Platform', 'Facebook Pixel', 'Facebook Reseller', 'Facebook Tag API', 'Fireblade', 'GitHub Hosting', 'Google Analytics', 'Google Cloud DNS', 'Google Conversion Tracking', 'Google Font API', 'Google My Business', 'Google Tag Manager', 'Gravity Forms', 'Image Hotspot by DevVN', 'Instagram Follow Button', 'Lucky Orange', 'Microdata for Google Shopping', 'Nginx', 'PHP', 'Page scroll to id', 'Perl', 'PrestaShop', 'Python', 'Q2W3 Fixed Widget', 'QUIC', 'Salesforce Hosted', 'Sassy Social Share', 'StackPath', 'Tailwind CSS', 'Thank You', 'Theme In WP', 'Twitter Ads', 'Twitter Analytics', 'UTF-8', 'Vector Internet Services', 'WP Video Lightbox', 'WPBakery', 'WPForms', 'Woo Themes', 'WordPress', 'WordPress Multisite', 'Yandex Hosting', 'YouTube', 'jQuery', 'jsDelivr', 'reCAPTCHA', 'symfony PHP Framework']"
gcore-ddos.com,"Gcore | Global Hosting, CDN, Edge and Cloud Services",Gcore,USA,77,68799,2026-10-05T21:58:01.547981045Z,"['AWS WAF Challenge', 'Angular', 'Content Delivery Network', 'Discord', 'Fireblade', 'GZIP Module', 'GitHub Hosting', 'Google Analytics', 'Google Tag Manager', 'InitiativeS', 'Instagram Follow Button', 'Interchange', 'LeaseWeb', 'Microdata for Google Shopping', 'NFOrce Internet', 'Nginx', 'PWA', 'Pico CSS', 'QUIC', 'The Fresh', 'TradingView', 'Vector Internet Services', 'YouTube']"
b2btripplaza.in,b2btripplaza.in | B2B Travel Portal,,,52,60,2026-10-05T21:47:47.240688642Z,"['Alternate Protocol', 'Angular', 'GZIP Module', 'Microsoft Azure', 'Microsoft IIS', 'Tailwind CSS', 'UTF-8', 'Visual Studio']"
stcuthbertsrc.org,Home | St Cuthbert's Catholic Primary School,,USA,75,18160,2026-10-05T21:47:47.208401542Z,"['Angular', 'Content Delivery Network', 'Corporate Governance and Regulatory Compliance', 'Fireblade', 'GZIP Module', 'GitHub Hosting', 'Google', 'Google Calendar', 'Google Cloud CDN', 'Google Cloud DNS', 'Google Font API', 'Google My Business', 'Google Related Website Sites', 'Instagram Follow Button', 'Nginx', 'QUIC', 'Tailwind CSS', 'UTF-8', 'University or College']"
suduindustrial.com,Hydrogen Generators in Dubai | Oxy Hydrogen Generator Dubai,Sudu Industrial,,67,66032,2026-10-05T21:35:44.901469404Z,"['AWS WAF Challenge', 'Alternate Protocol', 'Ametys', 'Angular', 'Apache', 'EmbedPress', 'Express', 'GZIP Module', 'Google Analytics', 'Google Cloud DNS', 'Google Font API', 'Google Related Website Sites', 'Google Tag Manager', 'Instagram Follow Button', 'Join.chat', 'Microdata for Google Shopping', 'PHP', 'Porto Wordpress', 'QUIC', 'SMC', 'UTF-8', 'WPBakery', 'Woo Themes', 'WordPress', 'WordPress Multisite', 'YouTube', 'dc.js']"
animalkingdompets.com,"Pet Store & Supplies | Animal Kingdom | Orange, NJ 07018",Animal Kingdom,USA,82,768,2026-10-05T21:35:44.890054933Z,"['Alternate Protocol', 'Amazon CloudFront', 'Angular', 'CloudFront', 'Duda', 'Fouita', 'GZIP Module', 'Google My Business', 'Instagram Follow Button', 'Microdata for Google Shopping', 'Nginx', 'Tailwind CSS', 'UTF-8', 'Yelp Badge']"
growingjamestown.com,Jamestown ND | Economic Development & Business Growth,Jamestown/Stutsman Development Corporation,SHN,82,63619,2026-10-05T21:35:44.88960776Z,"['Angular', 'CDN JS', 'Cloudflare', 'Cloudflare CDN', 'Content Delivery Network', 'Elfsight', 'Font Awesome', 'GZIP Module', 'Google', 'Google Analytics', 'Google Cloud DNS', 'Google Font API', 'Google Related Website Sites', 'Google Tag Manager', 'Instagram Follow Button', 'Microdata for Google Shopping', 'PHP', 'Tailwind CSS', 'Telligent', 'Twitter Ads', 'UTF-8', 'University or College']"
newrvservice.com,Green Bay RV Repair & Camper Maintenance | N.E.W. RV Service,Mobile RV Repair & Maintenance,USA,82,969,2026-10-05T21:20:57.527007227Z,"['Alternate Protocol', 'Angular', 'Apache', 'Better Lead Generation Services', 'Contact Form Plugin', 'EmbedPress', 'GZIP Module', 'Google Analytics', 'Google My Business', 'Google Related Website Sites', 'Google Tag Manager', 'Instagram Follow Button', 'Microdata for Google Shopping', 'MonsterInsights', 'PHP', 'QUIC', 'Theme In WP', 'WordPress', 'WordPress Multisite']"
akebono.world,"Akebono Co.,Ltd - Japanese auto auctions, worldwide delivery",,JPN,87,13610,2026-10-05T21:20:57.485485569Z,"['ADFOX', 'Alternate Protocol', 'Amazon', 'Amazon CloudFront', 'Amazon Route 53', 'Angular', 'Ant Design Vue', 'CloudFront', 'Content Delivery Network', 'Fastly', 'Instagram Follow Button', 'Storyblocks', 'Telegram', 'Thank You', 'UTF-8', 'Yandex Hosting', 'Yandex Metrika', 'YouTube']"
aerolibappealwise.com,AerolibAppealwise Certification – Healthcare Appeal Mastery,,USA,65,19225,2026-10-05T21:05:19.668675739Z,"['AWS WAF Challenge', 'Akismet', 'Alternate Protocol', 'Angular', 'Apache', 'Bulma', 'Contact Form Plugin', 'Elementor', 'EmbedPress', 'Font Awesome', 'GZIP Module', 'Google', 'Google Cloud DNS', 'Google Font API', 'Google My Business', 'Instagram Follow Button', 'PHP', 'Slider Revolution', 'Theme In WP', 'Twitter Ads', 'UTF-8', 'University or College', 'Woo Themes', 'WordPress', 'WordPress Multisite', 'YouTube', 'jQuery', 'reCAPTCHA']"
besafebesecure.co.uk,BeSecure Protection Systems Ltd - Security & Fire Installations,BeSecure Protection Systems Ltd.,,77,19184,2026-10-05T21:05:19.667679086Z,"['Alternate Protocol', 'Angular', 'Apache', 'Contact Form Plugin', 'Easy Pie Chart', 'EmbedPress', 'Fireblade', 'Font Awesome', 'GZIP Module', 'Gambling Content', 'Google', 'Google Analytics', 'Google Cloud CDN', 'Google Cloud DNS', 'Google Font API', 'Google My Business', 'Google Tag Manager', 'Microdata for Google Shopping', 'PHP', 'Pagekit', 'Site Kit', 'Slider Revolution', 'Smush Image Optimization', 'Theme In WP', 'To Top', 'UTF-8', 'Vimeo CDN', 'WP Show Posts', 'WP Super Cache', 'WPBakery', 'WordPress', 'WordPress Multisite', 'jQuery', 'reCAPTCHA']"
getespn.com.au,ESPN TV Listings - ESPN.com.au,,,50,66,2026-10-05T21:05:19.620718327Z,"['Amazon', 'Amazon CloudFront', 'Amazon Route 53', 'Amazon S3 CDN', 'Angular', 'Apple Auto Link Maker', 'CloudFront', 'Content Delivery Network', 'GZIP Module', 'Google My Business', 'Google Play', 'Tailwind CSS', 'UTF-8']"
dmflexibles.co.uk,Sustainable Innovation in Packaging - DM Flexibles,,,60,59,2026-10-05T21:05:19.597352408Z,"['Alternate Protocol', 'Angular', 'Apache', 'Apture Linking Platform', 'EmbedPress', 'GZIP Module', 'Google Analytics', 'Google My Business', 'Google Tag Manager', 'Gravity', 'Gravity Forms', 'Microdata for Google Shopping', 'MonsterInsights', 'PHP', 'QUIC', 'Tailwind CSS', 'Theme In WP', 'Twitter Ads', 'UTF-8', 'WordPress', 'WordPress Multisite', 'jQuery']"
lasvegaswaterfirecleanup.com,"Mold Remediation | Las Vegas, NV Restoration Company | Southern Nevada Cleaning & Restoration",,USA,82,1120,2026-10-05T20:45:42.595120562Z,"['AJAX Libraries API', 'Amazon CloudFront', 'Amazon S3 CDN', 'Angular', 'AutoComplete', 'CloudFront', 'GZIP Module', 'Google Analytics', 'Google Cloud DNS', 'Google Font API', 'Google Maps', 'Google My Business', 'Google Related Website Sites', 'Google Tag Manager', 'Nginx', 'PHP', 'Storyblocks', 'UTF-8', 'WordPress']"
bold-eg.com,Bold Egypt - Coming Soon,,,47,3,2026-10-05T20:39:53.998532498Z,"['Angular', 'Coming Soon Page', 'Google Cloud DNS', 'Google Font API', 'Google Maps', 'Instagram Follow Button', 'LiteSpeed', 'UTF-8']"
macologyskincare.co.za,"Macology Skincare South Africa:: skin for all time, naturally. 100% organic cold pressed Macadamia Nut Oil",,ZAF,67,17400,2026-10-05T20:39:53.995958401Z,"['Angular', 'Apache', 'Fireblade', 'GZIP Module', 'Google', 'Google Analytics', 'Google Cloud CDN', 'Google Tag Manager', 'WhatsApp Sharing']"
advocateamritajaiswal.com,Top New Delhi Lawyers | Amrita Jaiswal & Associates | Advocate Amrita,,IND,92,35842,2026-10-05T20:37:20.638322888Z,"['AWS WAF Challenge', 'Alternate Protocol', 'Angular', 'Apture Linking Platform', 'Content Delivery Network', 'Corporate Governance and Regulatory Compliance', 'DAV', 'Express', 'Fireblade', 'Google', 'Google Adsense', 'Google Cloud DNS', 'Google Font API', 'Google Funding Choices', 'Google Matched Content', 'Google My Business', 'Google Reseller', 'Google Tag Manager', 'Instagram Follow Button', 'Microdata for Google Shopping', 'NFOrce Internet', 'OneSignal', 'Thank You', 'Twitter Ads', 'University or College', 'Unsplash', 'YouTube', 'Zyro', 'eLand']"
kamalsbrowbeauty.com.au,Home - Kamal's Brow & Beauty,,SYC,75,2657,2026-10-05T20:25:07.440753489Z,"['Alternate Protocol', 'Angular', 'Apture Linking Platform', 'Content Delivery Network', 'Custom Facebook Feed', 'Element Pack Lite', 'Elementor', 'EmbedPress', 'Essential Addons for Elementor', 'Google Analytics', 'Google Cloud DNS', 'Google Customer Reviews', 'Google Font API', 'Google Maps', 'Google My Business', 'Google Related Website Sites', 'Google Tag Manager', 'Header, Footer and Blocks for Elementor', 'Hello Elementor', 'Instagram Follow Button', 'LiteSpeed', 'Microdata for Google Shopping', 'Ntent', 'PHP', 'Pico CSS', 'Premium Addons for Elementor', 'QUIC', 'Shield Security for Wordpress', 'Theme In WP', 'UTF-8', 'WordPress', 'WordPress Multisite', 'jQuery', 'reCAPTCHA']"
subzerovikingappliancerepair.net,Professional Sub-Zero & Viking Repair Of Los Angeles,,USA,87,39372,2026-10-05T20:04:03.610113083Z,"['AWS WAF Challenge', 'Alternate Protocol', 'Angular', 'Astra Theme', 'Content Delivery Network', 'Elementor', 'EmbedPress', 'Font Awesome', 'Google', 'Google Analytics', 'Google Cloud DNS', 'Google Font API', 'Google My Business', 'Google Related Website Sites', 'Google Tag Manager', 'Line2', 'LiteSpeed', 'M247', 'Microdata for Google Shopping', 'PHP', 'Perl', 'Pico CSS', 'QUIC', 'QUIC.cloud', 'Sitelinks Search Box', 'Table Addons for Elementor', 'UTF-8', 'Woo Themes', 'WordPress', 'WordPress Multisite', 'WordPress Related Posts', 'YouTube']"
expro.dk,Boost Your Exhibition with adsystem from Expro,,DNK,65,7107,2026-10-05T19:54:48.053281194Z,"['Amazon WAF Blocked', 'Angular', 'Dandomain Webshop', 'GZIP Module', 'Google', 'Google Analytics', 'Google Cloud CDN', 'Google Cloud DNS', 'Google Font API', 'Google My Business', 'Google Tag Manager', 'ISO/IEC 8859', 'Microdata for Google Shopping', 'Newsletter for Wordpress', 'Nginx', 'Parcel', 'Perl', 'Pico CSS', 'Platform.sh', 'QUIC', 'Schema Plugin', 'Tailwind CSS', 'Thank You', 'reCAPTCHA']"
pumicenter.com,Home | My Blog,,GBR,70,96327,2026-10-05T19:39:34.378117921Z,"['Alternate Protocol', 'Angular', 'Autoptimize', 'Better Lead Generation Services', 'Bing Cashback', 'Bridge', 'Content Delivery Network', 'DAV', 'Elegant Themes', 'EmbedPress', 'Financial Services Guide', 'Fireblade', 'Gambling Content', 'GetButton.io', 'Google', 'Google Analytics', 'Google Cloud CDN', 'Google Cloud DNS', 'Google Font API', 'Google Maps', 'Google My Business', 'Google Play', 'Google Tag Manager', 'Gtranslate for Wordpress', 'Instagram Follow Button', 'KVH', 'LiteSpeed', 'Microdata for Google Shopping', 'No-Q', 'PHP', 'RM Education', 'SMC', 'Schema Plugin', 'Silverlight', 'Subversion', 'Theme In WP', 'Twitter Ads', 'UTF-8', 'WPBakery', 'WPForms', 'WordPress', 'WordPress Multisite', 'YouTube', 'eLand', 'jQuery']"
quenchivspa.com,"Botox, Weight Loss, Injections, Drip IV's in Elkhorn NE - Quench IV",,USA,92,31719,2026-10-05T19:39:34.35436555Z,"['AWS WAF Challenge', 'Alternate Protocol', 'Angular', 'Cloudflare', 'Contact Form Plugin', 'Content Delivery Network', 'Elementor', 'ElementsKit Elementor', 'EmbedPress', 'Fastly', 'GoDaddy', 'Google Analytics', 'Google Cloud DNS', 'Google Font API', 'Google Maps', 'Google Related Website Sites', 'Google Tag Manager', 'Instagram Follow Button', 'Metform Elemento', 'Microdata for Google Shopping', 'PHP', 'Phew', 'QUIC', 'Slider Revolution', 'Square', 'Theme In WP', 'UTF-8', 'Woo Themes', 'WooCommerce', 'WooCommerce Checkout', 'WordPress', 'WordPress Multisite', 'jQuery']"
rjmuto.com,RJ Muto | Business consulting,,,57,26451,2026-10-05T19:27:41.642961239Z,"['Alternate Protocol', 'Amazon WAF Blocked', 'Angular', 'Apture Linking Platform', 'Cloudflare', 'Content Delivery Network', 'DAV', 'Express', 'Fastly', 'GZIP Module', 'Google Related Website Sites', 'Instagram Follow Button', 'Microdata for Google Shopping', 'NFOrce Internet', 'POWr', 'PWA', 'Perl', 'QUIC', 'SMC', 'Seflow Italy', 'Sentry', 'SiteW', 'Sitelinks Search Box', 'Thank You', 'UTF-8', 'Vector Internet Services', 'WP Booking Calendar', 'Wix', 'Wix Media', 'WordPress Related Posts', 'YouTube', 'eLand', 'mlcom']"
adatosdarbai.lt,Home,,LTU,40,93,2026-10-05T19:27:41.638738439Z,"['Alternate Protocol', 'Angular', 'Content Delivery Network', 'Google', 'Google Cloud DNS', 'Google Font API', 'Google Tag Manager', 'Instagram Follow Button', 'Zyro']"
tmptvwddunion.com,Digital Drivers Union | Empowering Telugu Motion Picture Professionals,Digital Drivers Union,IND,77,18436,2026-10-05T19:27:41.6363427Z,"['AJAX Libraries API', 'AWS WAF Challenge', 'Angular', 'Bulma', 'Cloudflare', 'Cloudflare Web Analytics', 'FormSubmit', 'GZIP Module', 'Google Cloud DNS', 'Google My Business', 'Google Workspace', 'InitiativeS', 'Microdata for Google Shopping', 'Microsoft Azure', 'Microsoft IIS', 'QUIC', 'Tailwind CSS', 'UTF-8', 'Visual Studio', 'jQuery', 'shadcn ui']"
twtindia.in,AI Solutions Company India for Your Business Growth |,Tomorrow World Technologies | IT consulting & advisory,IND,77,258899,2026-10-05T19:27:41.630465648Z,"['AWS WAF Challenge', 'Alternate Protocol', 'Angular', 'Apyl', 'Calendly', 'Cloudflare', 'Cloudflare CDN', 'Clutch', 'CookieYes', 'Elementor', 'EmbedPress', 'Fastly', 'Figma', 'Google', 'Google Analytics', 'Google My Business', 'Google Related Website Sites', 'Google Tag Manager', 'Gravity', 'Gravity Forms', 'HappyAddons', 'Header, Footer and Blocks for Elementor', 'IBM Cloud', 'Instagram Follow Button', 'LiteSpeed', 'Microdata for Google Shopping', 'OpenAI', 'Oracle Cloud', 'PHP', 'Perl', 'QUIC', 'Rackspace Cloud Servers', 'SMC', 'Salesforce Hosted', 'Site Kit', 'Table Addons for Elementor', 'Theme In WP', 'To Top', 'UTF-8', 'Vector Internet Services', 'WP Job Openings', 'Woo Themes', 'WordPress', 'WordPress Multisite', 'YouTube', 'jQuery', 'jsDelivr']"
technifysoft.in,technifysoft.in,,IND,70,5166,2026-10-05T19:19:32.07304677Z,"['Alternate Protocol', 'Amazon S3 CDN', 'Angular', 'Content Delivery Network', 'DAV', 'Elementor', 'EmbedPress', 'Google', 'Google Cloud CDN', 'Google Cloud DNS', 'Google Font API', 'Instagram Follow Button', 'LiteSpeed', 'Microdata for Google Shopping', 'NFOrce Internet', 'Onum Theme', 'PHP', 'QUIC', 'Schema Plugin', 'Slider Revolution', 'Storyblocks', 'Tailwind CSS', 'Theme In WP', 'Twitter Ads', 'UTF-8', 'University or College', 'Visual Studio', 'WordPress', 'WordPress Multisite', 'YouTube', 'eLand', 'jQuery', 'shadcn ui']"
mirdg-global.ae,m.d.g Design Group,,CHE,60,339,2026-10-05T19:05:15.422847107Z,"['Angular', 'Font Awesome', 'Google Analytics', 'Google Related Website Sites', 'Google Tag Manager', 'HostGator', 'Microsoft Azure', 'Microsoft IIS', 'Parallels Plesk Panel', 'Tailwind CSS', 'UTF-8', 'Visual Studio', 'jQuery']"
conobe.co.uk,Freelance Web & App Developer | Midlands-based - Conobe,Conobe,,67,1279,2026-10-05T19:01:24.200836131Z,"['Alternate Protocol', 'Angular', 'GZIP Module', 'Gambling Content', 'GitHub Hosting', 'Google Analytics', 'Google My Business', 'Google Tag Manager', 'Microdata for Google Shopping', 'Nginx', 'PHP', 'PWA', 'QUIC', 'Tailwind CSS', 'UTF-8', 'Woo Themes', 'reCAPTCHA', 'shadcn ui']"
newapp.site,Home - AppSphere Digest,AppSphere Digest,USA,75,34148,2026-10-05T19:01:24.196459735Z,"['AWS WAF Challenge', 'Alternate Protocol', 'Amazon WAF Blocked', 'Angular', 'Apture Linking Platform', 'Content Delivery Network', 'Elementor', 'EmbedPress', 'Express', 'Fireblade', 'Gambling Content', 'Google Analytics', 'Google Tag Manager', 'Hello Elementor', 'LiteSpeed', 'Microdata for Google Shopping', 'NFOrce Internet', 'PHP', 'QUIC', 'Theme In WP', 'UTF-8', 'Underscores', 'WordPress', 'WordPress Multisite', 'Yandex Hosting', 'eLand', 'jQuery']"
sharktorbrewing.com,Front page Sharktor - SharktorBrewing Store,,,55,1155,2026-10-05T19:01:24.172940273Z,"['Amazon WAF Blocked', 'Angular', 'Dandomain Webshop', 'Fancybox for WordPress', 'GZIP Module', 'Google', 'Google Cloud CDN', 'Google Cloud DNS', 'Google Font API', 'ISO/IEC 8859', 'IcoMoon', 'Instagram Follow Button', 'Microdata for Google Shopping', 'Nginx', 'Parcel', 'Perl', 'Platform.sh', 'QUIC', 'Schema Plugin', 'Snowplow', 'Tailwind CSS', 'Thank You']"
sunglassguarantee.com,Sunglassguarantee - Lifetime Shades — Sunglass Guarantee,,,67,25861,2026-10-05T19:01:24.14987106Z,"['501c3 Status Nonprofit', 'Alternate Protocol', 'Amazon CloudFront', 'Angular', 'Apture Linking Platform', 'Baidu Cloud', 'CloudFront', 'Cloudflare', 'Cloudflare CDN', 'Express', 'Facebook Login', 'Facebook Messenger Platform', 'Facebook Pixel', 'Facebook Reseller', 'Facebook Tag API', 'Google Analytics', 'Google Related Website Sites', 'Google Tag Manager', 'Gorgias', 'Hotjar', 'IcoMoon', 'Klaviyo', 'Loop Returns', 'Microdata for Google Shopping', 'Newsletter for Wordpress', 'Omnisend', 'PageFly', 'QUIC', 'ShareASale', 'Shopify', 'Shopify Collabs', 'Shopify Payments', 'TrackingMore', 'UTF-8', 'Yandex Hosting', 'Zipify', 'hCaptcha', 'reCAPTCHA']"
kenchertow.com,Ken Chertow Summer Wrestling Camps · Pennsylvania & Ohio,,USA,82,31360,2026-10-05T18:53:41.30123429Z,"['Alternate Protocol', 'Angular Material', 'Cloudflare', 'Content Delivery Network', 'DAV', 'Fastly', 'Fireblade', 'Google', 'Google Analytics', 'Google Cloud DNS', 'Google Font API', 'Google Related Website Sites', 'Google Tag Manager', 'Hubspot Knowledge Base', 'License Buttons', 'Microdata for Google Shopping', 'QUIC', 'UTF-8', 'University or College']"
designyourlife.community,"Design Your Life Community: Embark on a Self-Discovery Journey""",Design Your Life Community,USA,82,35971,2026-10-05T18:53:41.290801355Z,"['AWS WAF Challenge', 'Alternate Protocol', 'Amazon S3 CDN', 'Amazon WAF Blocked', 'Angular', 'Apture Linking Platform', 'BuddyBoss', 'CDN JS', 'Cloudflare', 'Cloudflare CDN', 'Complianz', 'Content Delivery Network', 'Corporate Governance and Regulatory Compliance', 'Elegant Themes', 'Elementor', 'ElementsKit Elementor', 'EmbedPress', 'Express', 'Facebook Conversion Tracking', 'Facebook Login', 'Facebook Messenger Platform', 'Facebook Pixel', 'Facebook Reseller', 'Facebook Tag API', 'Formidable Pro Form', 'GZIP Module', 'Google', 'Google Analytics', 'Google Cloud DNS', 'Google Font API', 'Google Maps', 'Google My Business', 'Google Tag Manager', 'Gravity', 'Gravity Forms', 'HappyAddons', 'Hotjar', 'IcoMoon', 'Instagram Follow Button', 'LearnDash', 'Make Column Clickable Elementor', 'Microdata for Google Shopping', 'Microsoft Clarity', 'MonsterInsights', 'NFOrce Internet', 'Negate', 'Nginx', 'PHP', 'QUIC', 'SiteW', 'Storyblocks', 'Stripe', 'Table Addons for Elementor', 'Tailwind CSS', 'The Plus Addons for Elementor', 'Theme In WP', 'To Top', 'Twitter Ads', 'UTF-8', 'Ubuntu', 'Vector Internet Services', 'WordPress', 'WordPress Multisite', 'YouTube', 'eLand', 'jQuery', 'jsDelivr']"
liga-med.com,Liga MED,,,52,7620,2026-10-05T18:38:22.817654557Z,"['ADFOX', 'Alternate Protocol', 'Angular', 'Content Delivery Network', 'DAV', 'Fireblade', 'FormSubmit', 'GZIP Module', 'Google Analytics', 'Google Tag Manager', 'Next.js', 'Nginx', 'Pleroma', 'Thank You', 'UTF-8', 'Ubuntu', 'University or College', 'Yandex Hosting', 'Yandex Metrika', 'YouTube']"
msofas.shop,Sofas & Corner Sofa Beds | Savings Up to 60% Off | Msofas,Msofas LTD,CAN,82,90563,2026-10-05T18:19:47.14653657Z,"['AJAX Libraries API', 'Amazon CloudFront', 'Amazon WAF Blocked', 'Angular Material', 'Apture Linking Platform', 'Baidu Cloud', 'CDN JS', 'Calendly', 'CloudFront', 'Cloudflare', 'Cloudflare CDN', 'Cornerstone', 'Cylindo', 'EmbedSocial', 'Express', 'Fastly', 'Fireblade', 'Google', 'Google Analytics', 'Google Cloud DNS', 'Google Cloud Storage', 'Google Font API', 'Google My Business', 'Google Related Website Sites', 'Google Tag Manager', 'IcoMoon', 'Klaviyo', 'Microdata for Google Shopping', 'NFOrce Internet', 'Perl', 'Pico CSS', 'QUIC', 'RM Education', 'Shopify', 'Shopify Collabs', 'Tawk', 'Thank You', 'Trustpilot Reviews for WordPress', 'UTF-8', 'Vector Internet Services', 'Yandex Hosting', 'hCaptcha', 'jQuery', 'reCAPTCHA']"
dingotours.com,Dingo Tours - Your private way to discover California,Dingo Tours,AUS,77,6956,2026-10-05T17:59:57.279459481Z,"['Alternate Protocol', 'Angular', 'Apache', 'Apture Linking Platform', 'Cisco/Arrowpoint Content Service Switch', 'EmbedPress', 'GTranslate', 'GZIP Module', 'GetYourGuide', 'Google Analytics', 'Google My Business', 'Google Related Website Sites', 'Google Tag Manager', 'Gtranslate for Wordpress', 'Instagram Follow Button', 'Microdata for Google Shopping', 'Ntent', 'QUIC', 'Site Kit', 'SuperbThemes', 'TrustIndex', 'UTF-8', 'University or College', 'WordPress', 'WordPress Multisite', 'jQuery']"
recapim.com,RECAP - Real Estate Investment Management,RECAP,,82,5301,2026-10-05T17:47:17.338046337Z,"['Adult Content', 'Alternate Protocol', 'Angular', 'CDN JS', 'Cloudflare', 'Cloudflare CDN', 'Content Delivery Network', 'EmbedPress', 'Essential Blocks for Gutenberg', 'Font Awesome', 'Go Pricing', 'GoDaddy', 'Google', 'Google Analytics', 'Google Cloud CDN', 'Google Cloud DNS', 'Google Font API', 'Google My Business', 'Google Tag Manager', 'IcoMoon', 'Investor Relations', 'Microdata for Google Shopping', 'MonsterInsights', 'PHP', 'Popup Anything', 'SVG Support', 'Slider Revolution', 'The7', 'Theme In WP', 'Theme My Login', 'UTF-8', 'Visual Composer Ultimate Addons', 'WPBakery', 'WordPress', 'WordPress Multisite', 'jQuery', 'reCAPTCHA']"
thorvertoncc.co.uk,Thorverton Cricket Club,,GBR,77,20647,2026-10-05T17:36:55.901572152Z,"['AWS WAF Challenge', 'Adult Content', 'Alternate Protocol', 'Angular', 'Automattic', 'CoBlocks', 'Content Delivery Network', 'EmbedPress', 'Instagram Follow Button', 'Jetpack', 'Jetpack Site Accelerator', 'Nginx', 'Perl', 'Twitter Ads', 'UTF-8', 'Vector Internet Services', 'WordPress', 'WordPress Multisite', 'WordPress Stats', 'YouTube']"
brainboxinfoway.in,Shopify Development Company | BrainBox Infoway Pvt Ltd.,BrainBox Infoway Pvt Ltd,USA,70,8975,2026-10-05T17:31:56.813523995Z,"['Alternate Protocol', 'Angular', 'Apture Linking Platform', 'Baidu Cloud', 'Better Lead Generation Services', 'CDN JS', 'Cloudflare', 'Cloudflare CDN', 'Content Delivery Network', 'ElementUI', 'Google Cloud DNS', 'Google Font API', 'Google Related Website Sites', 'Instagram Follow Button', 'Microdata for Google Shopping', 'QUIC', 'Shopify', 'Shopify Collabs', 'Tailwind CSS', 'UTF-8', 'Way', 'Woo Themes', 'WordPress', 'Yandex Hosting', 'hCaptcha', 'jsDelivr', 'reCAPTCHA']"
synergyengineering.nl,Synergy Engineering B.V. - Offshore Design & Technical Management,Synergy Engineering B.V.,NLD,77,20210,2026-10-05T17:27:10.720784174Z,"['AWS WAF Challenge', 'Alternate Protocol', 'Angular', 'Complianz', 'Contact Form Plugin', 'Content Delivery Network', 'Cornerstone', 'EmbedPress', 'Google', 'Google Analytics', 'Google Cloud DNS', 'Google Font API', 'Google Tag Manager', 'Matomo', 'Matomo Tag Manager', 'Microdata for Google Shopping', 'Nginx', 'PHP', 'Pagekit', 'Sitelinks Search Box', 'Slider Revolution', 'SmartCrawl', 'Theme In WP', 'UTF-8', 'WPBakery', 'WPML Multilingual', 'WordPress', 'WordPress Multisite', 'jQuery']"
montecarrera.info,Home - Monte Carrera Green Garden Club,Monte Carrera,BRA,77,1313,2026-10-05T17:21:04.719120997Z,"['Alternate Protocol', 'Angular', 'Apache', 'Contact Form Plugin', 'DAV', 'Elementor', 'EmbedPress', 'Essential Addons for Elementor', 'GZIP Module', 'Google Cloud DNS', 'Google Font API', 'Google Maps', 'Google My Business', 'IcoMoon', 'Microdata for Google Shopping', 'PHP', 'Polylang', 'Slider Revolution', 'Tailwind CSS', 'The Events Calendar', 'Theme In WP', 'Twitter Ads', 'UTF-8', 'Vello', 'WordPress', 'WordPress Multisite', 'YouTube', 'jQuery']"
theoutfitters.nf.ca,The Outfitters – The Outfitters Adventure Gear and Apparel,The Outfitters Adventure Gear and Apparel,CAN,82,48714,2026-10-05T17:13:11.122903651Z,"['3 Products', 'Alternate Protocol', 'Amazon', 'Amazon WAF Blocked', 'Angular', 'Apture Linking Platform', 'Attentive', 'Baidu Cloud', 'BookThatApp', 'Cloudflare', 'Cloudflare CDN', 'Express', 'Fastly', 'Fireblade', 'Google Related Website Sites', 'IcoMoon', 'Instagram Follow Button', 'Microdata for Google Shopping', 'NFOrce Internet', 'QUIC', 'Shifter', 'Shopify', 'Shopify Collabs', 'Thank You', 'Twitter Ads', 'UTF-8', 'Yandex Hosting', 'hCaptcha', 'reCAPTCHA', 'route']"
compsoul.dev,Design and development of websites and online stores - Compsoul,,POL,72,17400,2026-10-05T17:00:58.558582705Z,"['AWS WAF Challenge', 'Amazon', 'Angular', 'Gambling Content', 'Google Analytics', 'Google Tag Manager', 'LiteSpeed', 'PrestaShop', 'Telegram', 'UTF-8']"
finalfocus.com,"Corporate Events Photography Professional Headshots Delaware | Final Focus, Dick Dubroff Photographer",,USA,47,,2026-10-05T16:58:53.582466058Z,"['Angular', 'GZIP Module', 'Nginx', 'Pleroma', 'UTF-8']"
ancientjerusalem.com,Ancient Jerusalem | Ancient Jerusalem,,ISR,70,8868,2026-10-05T16:58:53.562693112Z,"['ADFOX', 'Angular', 'CDN JS', 'Cloudflare', 'Cloudflare CDN', 'Google Analytics', 'Google Tag Manager', 'IcoMoon', 'Microsoft Clarity', 'Tailwind CSS', 'Telegram', 'Twitter Ads', 'UTF-8', 'Yandex Hosting', 'Yandex Metrika', 'YouTube', 'jQuery', 'jsDelivr']"
dobsonpro.com,Dobson Property Services,Dobson Property Services,USA,82,49,2026-10-05T16:52:57.576469225Z,"['Alternate Protocol', 'Angular', 'Apache', 'Contact Form Plugin', 'EmbedPress', 'GZIP Module', 'Instagram Follow Button', 'Microdata for Google Shopping', 'PHP', 'QUIC', 'Theme In WP', 'WordPress', 'WordPress Multisite']"
eliyce.com,Eliyce — The AI ships faster than you can check it,Eliyce,NLD,92,35444,2026-10-05T16:33:28.059015944Z,"['AWS WAF Challenge', 'Alternate Protocol', 'Angular', 'Booking Affiliate', 'Cloudflare', 'Cloudflare CDN', 'CoBlocks', 'Complianz', 'Contact Form Plugin', 'Content Delivery Network', 'Easy Accordio', 'Elementor', 'EmbedPress', 'GitHub Hosting', 'GoDaddy', 'Google', 'Google Analytics', 'Google My Business', 'Google Tag Manager', 'MailChimp for WordPress', 'Microdata for Google Shopping', 'NFOrce Internet', 'Site Kit', 'UTF-8', 'WPForms', 'Wangsu', 'WordPress', 'WordPress Multisite', 'jQuery']"
anthonycondonshowjumping.com,Welcome to Anthony Condon's Stables,,ESP,72,7440,2026-10-05T16:25:16.236279157Z,"['Amplitude', 'Angular', 'DAV', 'Express', 'Google', 'Google Cloud DNS', 'Google Font API', 'Next.js', 'PWA', 'UTF-8', 'eLand']"
stokedrivingschool.com,Driving Lessons Stoke-on-Trent Automatic & Manual Lessons,Stoke Driving School,AUS,87,3349,2026-10-05T16:19:42.604143086Z,"['Alternate Protocol', 'Angular', 'ETranslate', 'EmbedPress', 'GTranslate', 'Google My Business', 'Gutenberg', 'Instagram Follow Button', 'Microdata for Google Shopping', 'QUIC', 'Tailwind CSS', 'UTF-8', 'WordPress', 'WordPress Multisite', 'Yell Business', 'YouTube']"
deduinhoeve.com,Luxe vakantieboerderij vlakbij de Noord-Hollandse duinen – De Duinhoeve,,NLD,60,227,2026-10-05T16:19:42.596886904Z,"['Alternate Protocol', 'Angular', 'CDN JS', 'Cloudflare', 'Cloudflare CDN', 'Content Delivery Network', 'EmbedPress', 'Google Cloud DNS', 'Google Font API', 'Jetpack', 'Jetpack Site Accelerator', 'Jupiter', 'Microdata for Google Shopping', 'Nginx', 'PHP', 'Parallels Plesk Panel', 'Q2W3 Fixed Widget', 'Sapper', 'Schema Plugin', 'Tailwind CSS', 'Theme In WP', 'UTF-8', 'WPBakery', 'WordPress', 'WordPress Multisite', 'jQuery']"
emilyhallshowjumper.com,Emily Hall Showjumping,,,57,63,2026-10-05T16:17:29.172683074Z,"['Amplitude', 'Angular', 'DAV', 'Express', 'Google', 'Google Cloud DNS', 'Google Font API', 'Instagram Follow Button', 'Next.js', 'PWA', 'QUIC', 'UTF-8', 'eLand']"
pbnotarypublic.com,Palm Beach Mobile Notary & Fingerprinting,Palm Beach Mobile Notary &amp; Fingerprinting,USA,77,4624,2026-10-05T16:05:17.350041221Z,"['3 Products', 'Ajax Load More', 'Alternate Protocol', 'Angular', 'Apture Linking Platform', 'Contact Form Plugin', 'EmbedPress', 'Express', 'Financial Industry Regulatory Authority', 'Flash', 'Font Awesome', 'GZIP Module', 'Google', 'Google Analytics', 'Google Conversion Tracking', 'Google Tag Manager', 'Instagram Follow Button', 'King Composer', 'Line2', 'Microdata for Google Shopping', 'NFOrce Internet', 'Nginx', 'PHP', 'Perl', 'QUIC', 'Theme In WP', 'Twitter Ads', 'UTF-8', 'Woo Themes', 'WooCommerce', 'WooCommerce Checkout', 'WordPress', 'WordPress Multisite', 'YouTube', 'jQuery']"
hannakavaliova.com,PortfolioHanna,,,55,756,2026-10-05T16:05:17.33228012Z,"['Angular', 'Content Delivery Network', 'Fastly', 'GitHub Hosting', 'IcoMoon', 'Tailwind CSS', 'UTF-8']"
medicalsite.co.za,MedicalSite™ | Home,,ZAF,70,18139,2026-10-05T15:59:37.611933568Z,"['AJAX Libraries API', 'Amazon', 'Amazon CloudFront', 'Angular', 'Apache', 'CloudFront', 'Font Awesome', 'GZIP Module', 'Google', 'Google Cloud DNS', 'Google Font API', 'Google My Business', 'InitiativeS', 'PatientPop', 'Perl', 'Share Link', 'Twitter Ads', 'UTF-8', 'University or College', 'WhatsApp Sharing', 'WordPress', 'YouTube', 'jQuery', 'jsDelivr', 'reCAPTCHA']"
allenprivacy.com,Allen Privacy | All-in-one Solution for Fixing Up Your Online Privacy,,,77,184820,2026-10-05T15:42:23.831796664Z,"['Angular', 'Content Delivery Network', 'Fireblade', 'Google', 'Google Analytics', 'Google Cloud DNS', 'Google Font API', 'Google Tag Manager', 'HubSpot Conversations', 'Hubspot', 'Instagram Follow Button', 'Next.js', 'Pleroma', 'Prospective', 'Salesforce Hosted', 'UTF-8', 'Vercel']"
premiumsolicitors.co.uk,Immigration Solicitors | London - Premium Solicitors,Premium Solicitors ,GBR,82,96488,2026-10-05T15:06:04.190065689Z,"['AWS WAF Challenge', 'Angular', 'Better Lead Generation Services', 'Financial Services Guide', 'Fireblade', 'GZIP Module', 'Google Analytics', 'Google Customer Reviews', 'Google Related Website Sites', 'Google Tag Manager', 'IcoMoon', 'Instagram Follow Button', 'Joomla!', 'K2F', 'M247', 'Microdata for Google Shopping', 'Nginx', 'O2MC Dimml', 'PHP', 'Parallels Plesk Panel', 'Perl', 'RokNavMenu', 'Sitelinks Search Box', 'Tailwind CSS', 'Twitter Ads', 'UTF-8', 'WhatsApp Sharing']"
phoenix-society.org,Phoenix Society | Burn Survivor Support & Recovery Resources,,USA,77,80987,2026-10-05T14:56:41.944876117Z,"['10to8', '501c3 Status Nonprofit', 'AWS WAF Challenge', 'Alternate Protocol', 'Amazon Widgets', 'Angular', 'DAV', 'Eventbrite', 'Express', 'Google Analytics', 'Google My Business', 'Google Tag Manager', 'Heroku', 'IcoMoon', 'InitiativeS', 'Instagram Follow Button', 'Next.js', 'Oddle', 'Perl', 'Phew', 'Pleroma', 'QUIC', 'SMC', 'Twitter Ads', 'UTF-8', 'University or College', 'YouTube']"
kubesphere.co,KubeSphere - Cloud-native products and services for enterprises - Empowers digital transformation and business operations,,,67,38979,2026-10-05T14:56:41.932432642Z,"['AWS WAF Challenge', 'Alternate Protocol', 'Angular', 'Baidu Ads', 'Baidu Analytics', 'Baidu Cloud', 'Coming Soon Page', 'Express', 'Fireblade', 'GZIP Module', 'GitHub Hosting', 'Google', 'Google Analytics', 'Google Cloud CDN', 'Google Cloud DNS', 'Google Font API', 'Google Tag Manager', 'MyFonts', 'NFOrce Internet', 'Next.js', 'Perl', 'Pleroma', 'QUIC', 'Slack', 'Twitter Ads', 'UTF-8', 'University or College', 'YouTube']"
horizonhomemaker.com,Home - Horizon Homemaker and Companion,Horizon Homemaker and Companion,USA,70,13320,2026-10-05T14:52:20.372865601Z,"['Alternate Protocol', 'Angular', 'Cloudflare', 'Contact Form Plugin', 'Content Delivery Network', 'EmbedPress', 'Font Awesome', 'GoDaddy', 'Google', 'Google Cloud DNS', 'Google Font API', 'HubSpot WordPress Plugin', 'IcoMoon', 'Instagram Follow Button', 'LayerSlider Responsive', 'Microdata for Google Shopping', 'PHP', 'Sapper', 'The Events Calendar', 'Theme In WP', 'UTF-8', 'University or College', 'Visual Composer Ultimate Addons', 'WPBakery', 'WordPress', 'WordPress Multisite', 'jQuery']"
poincianarecovery.com,Home - Poinciana Recovery Center,,BHS,85,53936,2026-10-05T14:41:05.365941828Z,"['Alternate Protocol', 'Angular', 'Cloudflare', 'CoBlocks', 'Contact Form Plugin', 'Content Delivery Network', 'Easy Pie Chart', 'ElementUI', 'EmbedPress', 'FreeCSSTemplates', 'GoDaddy', 'Google Analytics', 'Google Cloud DNS', 'Google Font API', 'Google Maps', 'Google My Business', 'Google Tag Manager', 'HubSpot Conversations', 'HubSpot WordPress Plugin', 'Hubspot', 'IcoMoon', 'Instagram Follow Button', 'Microdata for Google Shopping', 'On The Map', 'PHP', 'QUIC', 'Sapper', 'Slider Revolution', 'Theme In WP', 'UTF-8', 'WP Google Maps', 'WPBakery', 'Wangsu', 'Woo Themes', 'WooCommerce', 'WooCommerce Checkout', 'WordPress', 'WordPress Multisite', 'jQuery']"
airstreamsupplycompany.com,Airstream Supply Company,,PHL,77,43264,2026-10-05T14:41:05.349974817Z,"['3 Products', 'Amazon WAF Blocked', 'Angular', 'Apture Linking Platform', 'Azure Edge', 'Baidu Cloud', 'Cloudflare', 'Cloudflare CDN', 'DC74', 'Express', 'Fireblade', 'Google Analytics', 'Google Related Website Sites', 'Google Tag Manager', 'Instagram Follow Button', 'Microdata for Google Shopping', 'NFOrce Internet', 'OneTrust Domain Verification', 'Perl', 'QUIC', 'Schema Plugin', 'Shopify', 'Shopify Collabs', 'Storyblocks', 'Thank You', 'To Top', 'UTF-8', 'Umbler', 'Vector Internet Services', 'Yandex Hosting', 'Zendesk Guide', 'eLand', 'hCaptcha', 'reCAPTCHA']"
cisvap.com.br,Cisvap,,,50,324,2026-10-05T14:35:40.799626632Z,"['Angular', 'Column Shortcodes', 'GZIP Module', 'Google Cloud DNS', 'Google Font API', 'Google Maps', 'Google My Business', 'IcoMoon', 'Line2', 'Nginx', 'PWA', 'Subversion', 'Tailwind CSS', 'UTF-8', 'Ubuntu', 'jQuery']"
myphytocontrol.com,Laboratoire Phytocontrol | Confiez vos analyses phyto à un spécialiste,,,45,3,2026-10-05T14:29:44.931476503Z,"['AJAX Libraries API', 'Angular Material', 'Envoy', 'Express', 'Google Analytics', 'Google Cloud DNS', 'Google Font API', 'Google Tag Manager', 'Nginx', 'Twitter Ads', 'UTF-8']"
webleadersagency.com,"• SEO and Web Marketing Agency: Online Visibility Services - Padua, Milan, and Cagliari - Web Leaders Srl",Web Leaders Srl,ITA,92,20494,2026-10-05T14:20:23.201909706Z,"['Adult Content', 'Alternate Protocol', 'Angular', 'Apture Linking Platform', 'Azion', 'Better Lead Generation Services', 'Click to Chat for WhatsApp', 'DuracellTomi Google Tag Manager for WordPress', 'Elementor', 'EmbedPress', 'Fireblade', 'GZIP Module', 'Google', 'Google Analytics', 'Google Cloud CDN', 'Google My Business', 'Google Tag Manager', 'Hello Elementor', 'InitiativeS', 'Microdata for Google Shopping', 'Microsoft Clarity', 'PixelYourSite', 'Sitelinks Search Box', 'UTF-8', 'WP Rocket', 'WPFront Scroll Top', 'WPML Multilingual', 'WordPress', 'WordPress Multisite', 'reCAPTCHA']"
royaljourneyfrance.com,Champagne Tour | Luxury travel in Champagne,Royal Journey France,FRA,77,3880,2026-10-05T14:20:23.164172Z,"['Alternate Protocol', 'Angular', 'Apache', 'Astra Theme', 'Cookie Accept', 'Cookie Notice', 'Elementor', 'EmbedPress', 'GZIP Module', 'Google Analytics', 'Google My Business', 'Google Related Website Sites', 'Google Tag Manager', 'Instagram Follow Button', 'Microdata for Google Shopping', 'NFOrce Internet', 'PHP', 'Pico CSS', 'Premium Addons for Elementor', 'QUIC', 'Sapper', 'Site Kit', 'Theme In WP', 'UTF-8', 'WhatsApp Sharing', 'Woo Themes', 'WordPress', 'WordPress Multisite', 'WordPress Related Posts', 'jQuery', 'reCAPTCHA']"
courtclick.com,Court Click (CourtClick) — Case Tracking App for India,Court Click,IND,77,233,2026-10-05T14:13:36.005041202Z,"['Alternate Protocol', 'Angular', 'App Store', 'Content Delivery Network', 'CookieYes', 'Facebook Login', 'Facebook Messenger Platform', 'Facebook Pixel', 'Facebook Reseller', 'GZIP Module', 'Google Analytics', 'Google My Business', 'Google Play', 'Google Tag Manager', 'Instagram Follow Button', 'Microdata for Google Shopping', 'Next.js', 'Nginx', 'PWA', 'QUIC', 'Tailwind CSS', 'UTF-8', 'Ubuntu']"
fabricbash.com,"Fabric Bash | Fabrics, Sewing Repair & Longarm Quilting",,MYS,82,94952,2026-10-05T14:03:50.922880604Z,"['Alternate Protocol', 'Amazon', 'Amazon CloudFront', 'Amazon Route 53', 'Amazon WAF Blocked', 'Angular', 'Apture Linking Platform', 'Baidu Cloud', 'BookThatApp', 'CloudFront', 'Cloudflare', 'Cloudflare CDN', 'Express', 'Fastly', 'Flat Icon', 'FreeCSSTemplates', 'Google', 'Google Cloud CDN', 'Google Cloud DNS', 'Google Maps', 'Google My Business', 'Google Related Website Sites', 'IcoMoon', 'Instagram Follow Button', 'Klaviyo', 'Landis Holdings', 'Microdata for Google Shopping', 'NFOrce Internet', 'Ntent', 'PageFly', 'QUIC', 'SMC', 'Share Link', 'Shopify', 'Shopify Collabs', 'Shopify Payments', 'Thank You', 'TinyIMG', 'TrackingMore', 'UTF-8', 'Yandex Hosting', 'YouTube', 'hCaptcha', 'jsDelivr', 'reCAPTCHA', 'symfony PHP Framework']"
skappliancerepair.com,"Appliance Repair in Washington DC, MD & VA | SK",SK Appliance Repair,ZAF,82,21708,2026-10-05T14:00:32.590971959Z,"['Alternate Protocol', 'Amazon', 'Angular', 'Autoptimize', 'Content Delivery Network', 'DoubleClick Bid Manager', 'Elementor', 'EmbedPress', 'Facebook Reseller', 'Google', 'Google Analytics', 'Google Cloud DNS', 'Google Font API', 'Google My Business', 'Google Recommendations AI', 'Google Tag Manager', 'IcoMoon', 'LaunchDarkly', 'LiteSpeed', 'Microdata for Google Shopping', 'Ntent', 'Perl', 'QUIC', 'Slider Revolution', 'Storyblocks', 'TrustIndex', 'UTF-8', 'WPBakery', 'WordPress', 'WordPress Multisite', 'YouTube', 'jQuery']"
omarsinada.com,Omar Sinada,,,52,1320,2026-10-05T13:42:43.499564749Z,"['Adobe Creative Cloud WebFonts', 'Angular', 'Content Delivery Network', 'Fastly', 'Fastly CDN', 'GZIP Module', 'UTF-8']"
scot-uk.org.uk,Home - SCOT,,,62,17007,2026-10-05T13:22:13.374685104Z,"['AWS WAF Challenge', 'Angular', 'AutoComplete', 'IcoMoon', 'InitiativeS', 'Instagram Follow Button', 'LiteSpeed', 'NFOrce Internet', 'PHP', 'Slider Revolution', 'Tailwind CSS', 'UTF-8', 'YouTube']"
bigshipdubai.com,Big Ship Dubai,,,67,44200,2026-10-05T13:17:05.829767145Z,"['Adult Content', 'Alternate Protocol', 'Amazon', 'Amazon CloudFront', 'Amazon WAF Blocked', 'Amped', 'Angular', 'Apture Linking Platform', 'BON Loyalty', 'Baidu Cloud', 'Barracuda Web App Firewall', 'CloudFront', 'Cloudflare', 'Cloudflare CDN', 'Express', 'Fireblade', 'Google Related Website Sites', 'IcoMoon', 'Instagram Follow Button', 'Microdata for Google Shopping', 'Perl', 'QUIC', 'Share Link', 'Shopify', 'Shopify Collabs', 'Shopify Payments', 'Stamped', 'Thank You', 'Twitter Ads', 'UTF-8', 'Waveride', 'Yandex Hosting', 'hCaptcha', 'jsDelivr', 'reCAPTCHA']"
allpaanelsignup.com.in,AllPaanel | Allpanel | All paanel.com | New Allpaanel Id,,IND,87,32870,2026-10-05T13:08:55.063991856Z,"['AWS WAF Challenge', 'Adult Content', 'Alternate Protocol', 'Angular', 'Astra Theme', 'Cloudflare', 'Cloudflare CDN', 'Content Delivery Network', 'Easy Table of Contents', 'Elementor', 'EmbedPress', 'Financial Services Guide', 'Fireblade', 'Gambling Content', 'Google', 'Google My Business', 'LiteSpeed', 'Microdata for Google Shopping', 'PHP', 'Perl', 'Sitelinks Search Box', 'Theme In WP', 'UTF-8', 'Woo Themes', 'WordPress', 'WordPress Multisite', 'WordPress Related Posts', 'jQuery']"
nbcnow.org,Home,,,45,3,2026-10-05T13:08:55.055160932Z,"['Angular', 'Google Cloud DNS', 'Google Font API', 'Google Maps', 'Google My Business', 'Google Workspace', 'Instagram Follow Button', 'To Top', 'UTF-8', 'YouTube']"
ftsjapantravel.co.jp,FTS JAPAN TRAVEL | Japan Private Tours & Local Experiences – fts-turismo,fts-turismo,CHN,82,17026,2026-10-05T12:52:37.297532649Z,"['3 Products', 'Alternate Protocol', 'Angular', 'Apture Linking Platform', 'Baidu Cloud', 'BookThatApp', 'Cloudflare', 'Cloudflare CDN', 'Fastly', 'Google Related Website Sites', 'Instagram Follow Button', 'Material-UI', 'Microdata for Google Shopping', 'QUIC', 'Shopify', 'Shopify Collabs', 'Tailwind CSS', 'To Top', 'UTF-8', 'Vector Internet Services', 'Yandex Hosting', 'eLand', 'hCaptcha', 'reCAPTCHA']"
dimensioninfosolution.com,Best IT Software Company in Lucknow | Software Development Company in Lucknow | Top IT Company in Lucknow,,IND,77,1200,2026-10-05T12:49:03.436224302Z,"['Angular', 'Apache', 'AutoComplete', 'CDN JS', 'Cloudflare', 'Cloudflare CDN', 'Google My Business', 'Instagram Follow Button', 'PHP', 'Perl', 'QUIC', 'Tailwind CSS', 'Twitter Ads', 'UTF-8', 'University or College', 'jsDelivr', 'reCAPTCHA']"
cardiacsuperheroes.com,Cardiac Superheroes,Cardiac Superheroes,,55,543,2026-10-05T12:49:03.413333816Z,"['Angular', 'Apture Linking Platform', 'Aruba', 'Baidu Cloud', 'Cloudflare', 'Cloudflare CDN', 'Express', 'Heroku', 'Microdata for Google Shopping', 'Shopify', 'Shopify Collabs', 'UTF-8', 'Yandex Hosting', 'eLand', 'hCaptcha', 'jsDelivr', 'reCAPTCHA']"
goodthings.co,Good Things Australia: Custom Promotional Products & Merchandise,,FRA,82,12971,2026-10-05T12:41:33.626716682Z,"['Algolia', 'Alternate Protocol', 'Amazon WAF Blocked', 'Angular', 'Apollo IO', 'Cloudflare', 'Cloudflare CDN', 'Content Delivery Network', 'DoubleClick Bid Manager', 'EmbedPress', 'Express', 'Facebook Conversion Tracking', 'Facebook Login', 'Facebook Messenger Platform', 'Facebook Pixel', 'Facebook Reseller', 'Facebook Tag API', 'Google', 'Google Analytics', 'Google My Business', 'Google Related Website Sites', 'Google Tag Manager', 'Gravity', 'Gravity Forms', 'InitiativeS', 'Instagram Follow Button', 'Line2', 'LinkedIn Insights', 'LinkedIn Pixel', 'OpenAI', 'PHP', 'QUIC', 'Sitelinks Search Box', 'Tailwind CSS', 'Theme In WP', 'Trustpilot Reviews for WordPress', 'Typesense', 'UTF-8', 'Woo Themes', 'WooCommerce', 'WooCommerce Checkout', 'WordPress', 'WordPress Multisite', 'YouTube', 'jQuery', 'jsDelivr']"
naiharnvilla.com,Naiharn Villa Phuket,,THA,57,603,2026-10-05T12:36:48.020108199Z,"['Angular', 'Content Delivery Network', 'Fastly', 'Google Cloud DNS', 'Google Font API', 'Google My Business', 'UTF-8', 'jQuery']"
equ-o.com,"Equestrian Clothing Stylish Streetwear, Horse Tack & Supplies – equoware",equoware,,72,10536,2026-10-05T12:31:48.500195586Z,"['Adult Content', 'Alternate Protocol', 'Amazon', 'Angular', 'Apture Linking Platform', 'Baidu Cloud', 'Cloudflare', 'Cloudflare CDN', 'Express', 'Microdata for Google Shopping', 'QUIC', 'Shopify', 'Shopify Collabs', 'Shopify Payments', 'Tailwind CSS', 'UTF-8', 'Yandex Hosting', 'hCaptcha', 'reCAPTCHA']"
takleforsmb.com,takleforsmb.com – Get Content Easily!,,,55,556,2026-10-05T12:29:10.124252889Z,"['AJAX Libraries API', 'Alternate Protocol', 'Angular', 'App Store', 'Complianz', 'Contact Form Plugin', 'Elementor', 'EmbedPress', 'Essential Addons for Elementor', 'Google Cloud DNS', 'Header, Footer and Blocks for Elementor', 'Hello Elementor', 'NFOrce Internet', 'PHP', 'Theme In WP', 'UTF-8', 'WordPress', 'WordPress Multisite', 'jQuery']"
dailymart.pk,Pakistan's Trusted Online Shopping Marketplace!,dailymart.pk : The Ultimate Online Shopping Destination in Pakistan,PAK,82,19913,2026-10-05T12:14:48.070430321Z,"['Advanced Woo Search', 'Alternate Protocol', 'Amazon WAF Blocked', 'Angular', 'Coming Soon Page', 'Content Delivery Network', 'Elementor', 'EmbedPress', 'Fireblade', 'Google', 'Google Adsense', 'Google Analytics', 'Google Cloud DNS', 'Google Font API', 'Google Funding Choices', 'Google Matched Content', 'Google My Business', 'Google Related Website Sites', 'Google Reseller', 'Google Tag Manager', 'IcoMoon', 'Line2', 'LiteSpeed', 'Martfury', 'Microdata for Google Shopping', 'PHP', 'QUIC', 'QUIC.cloud', 'UTF-8', 'Woo Themes', 'WooCommerce', 'WooCommerce Checkout', 'WooLentor', 'WordPress', 'WordPress Multisite', 'eLand']"
treasurememories.net,Treasure Memories,,,62,89344,2026-10-05T12:14:48.057896389Z,"['AWS WAF Challenge', 'Alternate Protocol', 'Amazon', 'Angular Material', 'Appcues', 'Apture Linking Platform', 'Cloudflare', 'Cloudflare CDN', 'Format', 'Google Cloud DNS', 'Google Font API', 'Google My Business', 'Instagram Follow Button', 'Optimizely Recommendations', 'QUIC', 'UTF-8', 'reCAPTCHA']"
royandri.com,Roy Andri,,IDN,40,,2026-10-05T12:10:23.195627229Z,"['Angular', 'Content Delivery Network', 'GitHub Hosting', 'Instagram Follow Button', 'Next.js', 'Pleroma', 'UTF-8', 'Vercel']"
sanghashop.org,Sangha Shop | Handcrafted Buddhist & Meditation Supplies | Chicago,Sangha Shop,PHL,82,14324,2026-10-05T12:01:54.925096485Z,"['AdRoll', 'Alternate Protocol', 'Angular', 'Apture Linking Platform', 'Baidu Cloud', 'Cloudflare', 'Cloudflare CDN', 'Ethy', 'Express', 'Google Analytics', 'Google Related Website Sites', 'Google Tag Manager', 'IcoMoon', 'Instagram Follow Button', 'Klaviyo', 'MailChimp', 'Microdata for Google Shopping', 'PayPal', 'QUIC', 'Shopify', 'Shopify Collabs', 'UTF-8', 'Yandex Hosting', 'YouTube', 'eLand', 'hCaptcha', 'reCAPTCHA', 'uPress']"
boatspower.com,"Boats Power — boats, motors and SUP boards",,LVA,67,3900,2026-10-05T11:55:19.32093818Z,"['Alternate Protocol', 'Angular', 'Angular Material', 'Express', 'GZIP Module', 'Google', 'Google Cloud CDN', 'NFOrce Internet', 'Nginx', 'QUIC', 'Sitelinks Search Box', 'UTF-8', 'Ubuntu', 'shadcn ui']"
urbanplacelab.org,Home - Urban Place Lab,,GBR,70,35099,2026-10-05T11:51:29.478482574Z,"['AWS WAF Challenge', 'Alternate Protocol', 'Angular', 'Apture Linking Platform', 'Content Delivery Network', 'Font Awesome', 'InitiativeS', 'LiteSpeed', 'M247', 'Microdata for Google Shopping', 'PHP', 'PWA', 'Theme In WP', 'UTF-8', 'WordPress', 'WordPress Multisite', 'jQuery']"
wolfsteno.com,Álvaro Carrasco Naranjo - Full-Stack Developer,,,87,20000,2026-10-05T11:51:29.465111254Z,"['AWS WAF Challenge', 'Angular', 'Apache', 'Apture Linking Platform', 'Cisco/Arrowpoint Content Service Switch', 'Cloudflare', 'Cloudflare CDN', 'Express', 'GZIP Module', 'GitHub Hosting', 'Microdata for Google Shopping', 'Nginx', 'PHP', 'Python']"
mydocabroad.com,Home - My Doc Abroad,,BRA,72,18424,2026-10-05T11:34:47.552631659Z,"['AWS WAF Challenge', 'Alternate Protocol', 'Angular', 'Cloudflare', 'Cloudflare CDN', 'DAV', 'Elementor', 'EmbedPress', 'Essential Addons for Elementor', 'Google', 'Google My Business', 'Header, Footer and Blocks for Elementor', 'Hello Elementor', 'Instagram Follow Button', 'LiteSpeed', 'Microdata for Google Shopping', 'Ntent', 'PHP', 'QUIC', 'Royal Elementor Addons', 'Sitelinks Search Box', 'Table Addons for Elementor', 'Theme In WP', 'TrustIndex', 'UTF-8', 'WPML Multilingual', 'WhatsApp Sharing', 'WordPress', 'WordPress Multisite', 'jQuery']"
lakelifeshop.com,"Lake Life Shop for Nautical Apparel, Gifts and Decor",Lake Life Shop,,72,99008,2026-10-05T11:23:04.403306708Z,"['Adobe Creative Cloud WebFonts', 'Angular', 'Aruba', 'Express', 'Facebook Login', 'Facebook Messenger Platform', 'Facebook Pixel', 'Facebook Reseller', 'Facebook Tag API', 'Fireblade', 'GZIP Module', 'Google Analytics', 'Google Related Website Sites', 'Google Tag Manager', 'IcoMoon', 'Instagram Follow Button', 'Line2', 'Magento Enterprise', 'Microdata for Google Shopping', 'Newsletter for Wordpress', 'Oddle', 'Perl', 'Pico CSS', 'QUIC', 'SiteW', 'Squarespace', 'UTF-8', 'Umbler', 'Vector Internet Services', 'WordPress SEO Structured Data Schema Plugin', 'eLand']"
britechsolutions.co.tz,Britech Solution,,TZA,60,5203,2026-10-05T11:02:58.993936011Z,"['AWS WAF Challenge', 'Alternate Protocol', 'Angular', 'Apache', 'Elementor', 'EmbedPress', 'GZIP Module', 'Google Cloud DNS', 'Google Font API', 'LiteSpeed', 'PHP', 'Salesforce Hosted', 'Theme In WP', 'Twitter Ads', 'UTF-8', 'WordPress', 'WordPress Multisite', 'YouTube', 'jQuery']"
accessmedicalpurchasing.com,Access Medical Purchasing,,,40,351,2026-10-05T10:39:54.045389083Z,"['Angular', 'Facebook Login', 'Facebook Messenger Platform', 'Facebook Pixel', 'Facebook Reseller', 'Facebook Tag API', 'Google Analytics', 'Google Cloud DNS', 'Google Font API', 'Google Tag Manager', 'Nginx', 'Olark', 'PWA', 'Segment', 'Segment Consent Manager', 'Tailwind CSS', 'hCaptcha', 'hCaptcha for WordPress']"
imgtextil.com.ar,Home - IMG Textil,,ESP,67,22967,2026-10-05T10:35:40.957294202Z,"['Angular', 'Angular Material', 'Apache', 'DC74', 'Fireblade', 'Font Awesome', 'Google', 'Google Cloud CDN', 'IcoMoon', 'UTF-8']"
sisterlyloveboutique.com,Family Affair: Fashion & Fairways | Boutique Vibes Meet Driving Range – The Swing Hub,Sisterly Love Boutique,USA,77,12114,2026-10-05T10:18:41.33695909Z,"['Afterpay', 'Angular', 'Apture Linking Platform', 'Baidu Cloud', 'BookThatApp', 'Cloudflare', 'Cloudflare CDN', 'Express', 'Fastly', 'Google Analytics', 'Google My Business', 'Google Related Website Sites', 'Google Tag Manager', 'IcoMoon', 'Instagram Follow Button', 'Microdata for Google Shopping', 'Shopify', 'Shopify Collabs', 'Tailwind CSS', 'UTF-8', 'Yandex Hosting', 'hCaptcha', 'reCAPTCHA']"
twopetals.com.au,"Home - Two Petals - Sewing, Knitting & Craft in Melbourne",Two Petals,AUS,77,26350,2026-10-05T10:11:32.714663713Z,"['Adult Content', 'Alternate Protocol', 'Amazon', 'Amazon S3 CDN', 'Angular', 'Coming Soon Page', 'ElementUI', 'EmbedPress', 'Express', 'Facebook Conversion Tracking', 'Facebook Login', 'Facebook Messenger Platform', 'Facebook Pixel', 'Facebook Reseller', 'Facebook Tag API', 'Fireblade', 'Google Analytics', 'Google Cloud DNS', 'Google Font API', 'Google Related Website Sites', 'Google Tag Manager', 'IcoMoon', 'Instagram Follow Button', 'Interchange', 'LiteSpeed', 'MailChimp', 'Microdata for Google Shopping', 'NFOrce Internet', 'Neve', 'Otter Blocks', 'PHP', 'Perl', 'QUIC', 'Site Kit', 'Sitelinks Search Box', 'Storyblocks', 'Theme In WP', 'UTF-8', 'Vector Internet Services', 'WP Super Cache', 'Woo Themes', 'WooCommerce', 'WooCommerce Checkout', 'WordPress', 'WordPress Multisite', 'jQuery']"
footingsup.com,FootingsUp,,,62,508,2026-10-05T10:04:15.444248853Z,"['Angular', 'Apache', 'GZIP Module', 'Google Analytics', 'Google Cloud DNS', 'Google Font API', 'Google Tag Manager', 'IcoMoon', 'PWA', 'Subversion', 'Tailwind CSS', 'Twitter Ads', 'UTF-8', 'Ubuntu']"
simmonsmediationllc.com,"Orlando Mediation | Simmons Mediation, LLC | Scott Simmons, Mediator",Simmons Mediation,,62,17946,2026-10-05T09:27:06.399710912Z,"['Alternate Protocol', 'Angular', 'Content Delivery Network', 'Divi', 'Elegant Themes', 'EmbedPress', 'Fireblade', 'Google Analytics', 'Google Analytics Dashboard for WordPress', 'Google Cloud DNS', 'Google Font API', 'Google My Business', 'Google Tag Manager', 'Microdata for Google Shopping', 'Nginx', 'PHP', 'Sapper', 'StackPath', 'Theme In WP', 'Twitter Ads', 'UTF-8', 'Woo Themes', 'WordPress', 'WordPress Multisite', 'jQuery']"
markdanielleparas.work,Online Artist | VFX Artist | Motion Designer,,,62,9960,2026-10-05T09:19:08.719707308Z,"['Adobe Creative Cloud WebFonts', 'Angular', 'Content Delivery Network', 'Fastly', 'Fastly CDN', 'GZIP Module', 'Instagram Follow Button', 'UTF-8']"
animab.com,Animab • Cutting-edge biotechnology for better animal performance,,,40,,2026-10-05T09:14:11.589894753Z,"['Angular', 'Content Delivery Network', 'Next.js', 'Pleroma', 'Prismic', 'UTF-8', 'University or College', 'Vercel']"
stori.jp,STORi STUDIOS,,AUS,50,231,2026-10-05T09:03:12.740796941Z,"['Alternate Protocol', 'Angular', 'Apache', 'Debian', 'Elementor', 'ElementsKit Elementor', 'EmbedPress', 'Essential Addons for Elementor', 'GZIP Module', 'Google', 'Google Analytics', 'Google Cloud DNS', 'Google Font API', 'Header, Footer and Blocks for Elementor', 'PHP', 'Simple Banner for Wordpress', 'SiteOrigin', 'Sydney Theme', 'Theme In WP', 'UTF-8', 'WPForms', 'Woo Themes', 'WordPress', 'WordPress Multisite', 'YouTube', 'jQuery']"
newguardpartners.com,New Guard Partners | Placement Advisory for Emerging Private Markets Managers,,,77,15280,2026-10-05T09:03:12.733911337Z,"['AWS WAF Challenge', 'Alternate Protocol', 'Amazon WAF Blocked', 'Angular', 'Content Delivery Network', 'ElementUI', 'Financial Industry Regulatory Authority', 'Google Cloud DNS', 'Google Font API', 'Microdata for Google Shopping', 'Typescale', 'UTF-8', 'Vercel']"
kumbhfair.com,Welcome to Kumbhfair.com,Maha Kumbh Yatra 2025,IND,77,51490,2026-10-05T09:03:12.733005663Z,"['Alternate Protocol', 'Angular', 'Bing Cashback', 'Bing Conversion Tracking', 'Click to Chat for WhatsApp', 'CookieYes', 'Download Monitor', 'EmbedPress', 'Facebook Conversion Tracking', 'Facebook Login', 'Facebook Messenger Platform', 'Facebook Pixel', 'Facebook Reseller', 'Facebook Tag API', 'Google Analytics', 'Google Cloud DNS', 'Google Font API', 'Google Related Website Sites', 'Google Tag Manager', 'Instagram Follow Button', 'LinkedIn Insights', 'LinkedIn Pixel', 'MailChimp', 'Microdata for Google Shopping', 'Ninja Forms', 'PHP', 'Perl', 'SMC', 'Theme In WP', 'UTF-8', 'WPBakery', 'WordPress', 'WordPress Multisite', 'YouTube', 'jQuery']"
printmyimagesinc.com,Home - Print My Images Inc,,,62,79179,2026-10-05T09:03:12.727841862Z,"['Angular', 'Angular Material', 'Apture Linking Platform', 'Azure Edge', 'CDN JS', 'Cloudflare', 'Cloudflare CDN', 'Cloudflare Web Analytics', 'Contentful', 'DAV', 'DoubleClick Bid Manager', 'ETranslate', 'Fireblade', 'Font Awesome', 'GZIP Module', 'Google', 'Google Analytics', 'Google Cloud CDN', 'Google Cloud DNS', 'Google Font API', 'Google Maps', 'Google Matched Content', 'Google My Business', 'Google Recommendations AI', 'Google Reseller', 'Google Tag Manager', 'Imgix', 'Instagram Follow Button', 'K2F', 'Line2', 'Microsoft 365', 'Microsoft Azure', 'QUIC', 'Report URI', 'Sitelinks Search Box', 'Subversion', 'Twitter Ads', 'UTF-8', 'Vimeo', 'YouTube', 'reCAPTCHA', 'shadcn ui']"
tomsmunichtours.com,Tom's Tours – information about the tours we offer,,DEU,87,41035,2026-10-05T09:03:12.723574392Z,"['AWS WAF Challenge', 'Alternate Protocol', 'Angular', 'Automattic', 'Cloudflare', 'Cloudflare CDN', 'DAV', 'EmbedPress', 'Google', 'Google My Business', 'Gutenberg', 'Instagram Follow Button', 'Jetpack', 'Jetpack Site Accelerator', 'KVH', 'Nginx', 'Oracle Cloud', 'Perl', 'Sapper', 'TrustIndex', 'UTF-8', 'WordPress', 'WordPress Multisite', 'WordPress Stats', 'jQuery']"
thegoldenroom.com,The Golden Room,,CAN,67,12932,2026-10-05T07:58:50.685802193Z,"['Amazon CloudFront', 'Angular', 'Apture Linking Platform', 'Baidu Cloud', 'CloudFront', 'Cloudflare', 'Cloudflare CDN', 'Express', 'Fastly', 'IcoMoon', 'Instagram Follow Button', 'MailChimp', 'Microdata for Google Shopping', 'PHP', 'PageFly', 'QUIC', 'Schema Plugin', 'Shopify', 'Shopify Collabs', 'Shopify Payments', 'Tailwind CSS', 'TrackingMore', 'UTF-8', 'Yandex Hosting', 'hCaptcha', 'reCAPTCHA']"
newlifeinchrist.com,"New Life Church of Perry, OH",,,67,40,2026-10-05T07:47:09.916435687Z,"['Angular', 'Content Delivery Network', 'Engintron', 'Facebook Customer Chat SDK', 'Facebook Login', 'Facebook Messenger Platform', 'Facebook Reseller', 'Google Analytics', 'Google Cloud DNS', 'Google Font API', 'Google Tag Manager', 'Instagram Follow Button', 'Nginx', 'To Top', 'Twitter Ads', 'UTF-8', 'University or College']"
provate.net,Provate Inc – Managed IT & Cybersecurity Services USA,Provate Inc.,USA,77,41808,2026-10-05T07:47:09.914801355Z,"['Alternate Protocol', 'Amazon WAF Blocked', 'Angular', 'Content Delivery Network', 'Elementor', 'EmbedPress', 'Fireblade', 'GDPR Cookie Compliance', 'Google Analytics', 'Google Tag Manager', 'Hello Elementor', 'Instagram Follow Button', 'LiteSpeed', 'M247', 'Microdata for Google Shopping', 'NFOrce Internet', 'PHP', 'Theme In WP', 'UTF-8', 'Vector Internet Services', 'WordPress', 'WordPress Multisite', 'jQuery']"
bayshorebeachclub.net,Bayshorebeachclub,,,35,60,2026-10-05T07:17:15.351932577Z,"['Angular', 'Angular Material', 'Google', 'Google Cloud CDN', 'Tailwind CSS']"
justmetals.co.za,Home,,ZAF,50,119,2026-10-05T07:11:00.324434452Z,"['Angular', 'Cornerstone', 'GZIP Module', 'Microsoft Azure', 'Microsoft IIS', 'To Top', 'Visual Studio']"
breva.dev,Breva – Turn data into decisions,,OMN,55,7599,2026-10-05T06:37:12.173454992Z,"['Akismet', 'Alternate Protocol', 'Angular', 'Apache', 'Clockwork', 'Contact Form Plugin', 'Elementor', 'ElementsKit Elementor', 'EmbedPress', 'Fireblade', 'Font Awesome', 'Fontshare', 'GZIP Module', 'Hello Elementor', 'PHP', 'Tailwind CSS', 'Theme In WP', 'UTF-8', 'WordPress', 'WordPress Multisite', 'jQuery', 'jsDelivr']"
indianlegalsolution.com,Indian Legal Solution - Est. 2017,indianlegalsolution.com,IND,77,37213,2026-10-05T06:37:12.170368502Z,"['AWS WAF Challenge', 'Alternate Protocol', 'Angular', 'Automattic', 'Cloudflare', 'Cloudflare CDN', 'EmbedPress', 'Fireblade', 'Google Adsense', 'Google Analytics', 'Google Cloud DNS', 'Google Font API', 'Google Funding Choices', 'Google Matched Content', 'Google My Business', 'Google Related Website Sites', 'Google Reseller', 'Google Tag Manager', 'Instagram Follow Button', 'Jetpack', 'LiteSpeed', 'Microdata for Google Shopping', 'NFOrce Internet', 'OneSignal', 'PHP', 'Ribbon Lite', 'Theme In WP', 'UTF-8', 'University or College', 'Woo Themes', 'WordPress', 'WordPress Multisite', 'WordPress Stats', 'Yandex Hosting', 'YouTube', 'eLand', 'jQuery']"
shreeskandaabuilder.com,"Shree Skandaa Builder | Renovations, Remodeling & Construction Experts",,IND,67,99,2026-10-05T06:31:47.132635443Z,"['Angular', 'Apache', 'Express', 'Font Awesome', 'GZIP Module', 'PHP', 'QUIC', 'UTF-8', 'WhatsApp Sharing']"
isslup.in,ISSLUP – Indian Society Of Soil Survey & Land Use Planning,,IND,77,25744,2026-10-05T06:27:40.544288075Z,"['Alternate Protocol', 'Angular', 'Animate It', 'Contento', 'EmbedPress', 'Google Cloud DNS', 'Google Font API', 'IcoMoon', 'Muffin Group', 'PHP', 'QUIC', 'Slider Revolution', 'Theme In WP', 'UTF-8', 'Woo Themes', 'WordPress', 'WordPress Multisite', 'jQuery']"
givelocalpiedmont.org,Give Local Piedmont,,,30,15123,2026-10-05T06:11:27.465764793Z,"['501c3 Status Nonprofit', 'Amazon', 'Amazon CloudFront', 'Amazon Route 53', 'Angular', 'Angular Material', 'CDN JS', 'CloudFront', 'Cloudflare', 'Cloudflare CDN', 'Crowdsignal', 'DoubleClick Bid Manager', 'Fastly', 'Flockler', 'Font Awesome', 'Formstack', 'GZIP Module', 'Google', 'Google Analytics', 'Google Cloud CDN', 'Google Cloud DNS', 'Google Font API', 'Google Forms', 'Google My Business', 'Google Tag Manager', 'Instagram Follow Button', 'K2F', 'Mightycause', 'Nginx', 'PayPal Adaptive Payments', 'Report URI', 'Tagboard', 'Twitter Ads', 'UTF-8', 'Way', 'YouTube', 'jsDelivr']"
stkittscarrentals.com,St Kitts Car Rentals - Affordable Car Rentals in St. Kitts,St Kitts Car Rentals,JPN,82,18493,2026-10-05T06:05:55.745248104Z,"['AWS WAF Challenge', 'Add to Any', 'Alternate Protocol', 'Angular', 'Apache', 'Cloudflare', 'Cloudflare CDN', 'Cloudflare Turnstile', 'Contact Form Plugin', 'Elementor', 'EmbedPress', 'Fontello', 'GZIP Module', 'Google', 'Google Cloud CDN', 'Google Cloud DNS', 'Google Font API', 'IcoMoon', 'Instagram Follow Button', 'Microdata for Google Shopping', 'PHP', 'QuadLayers', 'Sapper', 'SiteW', 'Slider Revolution', 'Tailwind CSS', 'Theme In WP', 'Twitter Ads', 'UTF-8', 'Woo Themes', 'WooCommerce Checkout', 'WordPress', 'WordPress Multisite', 'YouTube', 'jQuery', 'shadcn ui']"
streamlinecontracting.co.uk,Streamline Contracting Limited - Home,,GBR,77,3160,2026-10-05T06:01:56.516842676Z,"['Angular', 'GZIP Module', 'Google', 'Google Cloud CDN', 'Google Cloud DNS', 'Google Font API', 'Google Related Website Sites', 'Microdata for Google Shopping', 'UTF-8']"
havebasserne.dk,Home - Havebasserne,Havebasserne,DNK,72,17957,2026-10-05T05:49:42.917661977Z,"['AWS WAF Challenge', 'Alternate Protocol', 'Angular', 'Autoptimize', 'Cloudflare', 'Cloudflare CDN', 'EmbedPress', 'Google', 'Google Analytics', 'Google Cloud DNS', 'Google Font API', 'Google My Business', 'Google Tag Manager', 'IcoMoon', 'LiteSpeed', 'Microdata for Google Shopping', 'Ntent', 'PHP', 'Theme In WP', 'UTF-8', 'WordPress', 'WordPress Multisite', 'jQuery']"
intaroelite.com,IntaroElite,,,45,300,2026-10-05T05:49:42.914535227Z,"['Angular', 'Google', 'Google Cloud CDN', 'LiteSpeed', 'StackPath', 'Tailwind CSS']"
method1.com,Method1,,ECU,65,40740,2026-10-05T05:45:34.104850063Z,"['Adobe Creative Cloud WebFonts', 'Angular', 'Apture Linking Platform', 'Cloudflare', 'Cloudflare CDN', 'Cloudflare Web Analytics', 'DAV', 'Fireblade', 'Google Analytics', 'HubSpot Conversations', 'Hubspot', 'InitiativeS', 'Instagram Follow Button', 'Tailwind CSS', 'UTF-8', 'Vimeo', 'Wangsu']"
shincliffeparish.gov.uk,Shincliffe Parish Council | The Official Website For Shincliffe Durham,,,55,645,2026-10-05T05:38:48.195919394Z,"['AWS WAF Challenge', 'Alternate Protocol', 'Angular', 'Apache', 'AutoComplete', 'Divi', 'Elegant Themes', 'EmbedPress', 'GZIP Module', 'Google', 'Google Analytics', 'Google Cloud CDN', 'Google Cloud DNS', 'Google Font API', 'Google Tag Manager', 'InitiativeS', 'Microsoft 365', 'PHP', 'Parallels Plesk Panel', 'Perl', 'Theme In WP', 'UTF-8', 'Woo Themes', 'WordPress', 'WordPress Multisite', 'eLand', 'jQuery']"
resilientmindsuk.org,Inicio - Resilient Minds UK,,PER,77,354,2026-10-05T05:38:48.191141223Z,"['Alternate Protocol', 'Angular', 'Elementor', 'EmbedPress', 'Google No Site Links Search', 'Hello Elementor', 'LiteSpeed', 'Metform Elemento', 'Microdata for Google Shopping', 'PHP', 'Table Addons for Elementor', 'Theme In WP', 'UTF-8', 'WordPress', 'WordPress Multisite', 'jQuery']"
al-wadi.qa,Qatar's #1 Solar Energy System Provider's | Al Wadi International,AL Wadi International,QAT,82,4897,2026-10-05T05:11:12.962972287Z,"['Alternate Protocol', 'Angular', 'Elementor', 'EmbedPress', 'Express', 'FormSubmit', 'Google', 'Google Cloud CDN', 'Google Cloud DNS', 'Google Font API', 'IcoMoon', 'LiteSpeed', 'Metform Elemento', 'Microdata for Google Shopping', 'NFOrce Internet', 'PHP', 'Slider Revolution', 'Theme In WP', 'UTF-8', 'WP Super Cache', 'WordPress', 'WordPress Multisite', 'YouTube', 'jQuery']"
skedhead.com,Steyn Atelier,,FRA,77,60354,2026-10-05T04:44:20.161337856Z,"['3 Products', 'Amazon WAF Blocked', 'Angular', 'Apture Linking Platform', 'Baidu Cloud', 'Cloudflare', 'Cloudflare CDN', 'Ethy', 'Express', 'Fastly', 'Fireblade', 'Flat Icon', 'Google', 'Google Analytics', 'Google Cloud CDN', 'Google Related Website Sites', 'Google Tag Manager', 'IcoMoon', 'Instagram Follow Button', 'K2F', 'Klaviyo', 'MailChimp', 'MailMunch', 'Microdata for Google Shopping', 'NFOrce Internet', 'QUIC', 'Shopify', 'Shopify Collabs', 'Tailwind CSS', 'Thank You', 'UTF-8', 'Yandex Hosting', 'hCaptcha', 'jsDelivr', 'reCAPTCHA']"
sedlcanskamouka.cz,MlynKresinFe,,CZE,55,120,2026-10-05T04:29:46.813139414Z,"['Angular Material', 'DAV', 'GZIP Module', 'Google', 'Google Analytics', 'Google Cloud CDN', 'Google Tag Manager', 'Microsoft Azure', 'Microsoft IIS', 'Tailwind CSS', 'Visual Studio']"
drandrabi.com,Home - Dr Andrabi,,PAK,72,24239,2026-10-05T04:29:46.802383761Z,"['AWS WAF Challenge', 'Age Gate', 'Alternate Protocol', 'Angular', 'Contact Form Plugin', 'Content Delivery Network', 'Easy Social Icons for WordPress', 'EmbedPress', 'Facebook Conversion Tracking', 'Facebook Login', 'Facebook Messenger Platform', 'Facebook Pixel', 'Facebook Reseller', 'Facebook Tag API', 'Font Awesome', 'GTranslate', 'Google', 'Google Analytics', 'Google Cloud DNS', 'Google Font API', 'Google My Business', 'Google Related Website Sites', 'Google Tag Manager', 'Hexo', 'Instagram Follow Button', 'Kitco', 'LiteSpeed', 'Microdata for Google Shopping', 'Ntent', 'PHP', 'Perl', 'QUIC', 'Site Kit', 'Sitelinks Search Box', 'Theme In WP', 'TrustIndex', 'UTF-8', 'WPBakery', 'WhatsApp Sharing', 'WordPress', 'WordPress Multisite', 'YouTube', 'jQuery']"
insightvisualsolutions.com,Visual Marketing | Insight Visual Solutions,,CAN,82,17489,2026-10-05T04:22:43.720320509Z,"['AJAX Libraries API', 'Alternate Protocol', 'Angular', 'EmbedPress', 'Fireblade', 'GZIP Module', 'Google', 'Google Cloud CDN', 'Google Cloud DNS', 'Google Font API', 'Instagram Follow Button', 'Microdata for Google Shopping', 'MouseWheel Smooth Scroll', 'Nginx', 'PHP', 'Pagekit', 'Telegram', 'Theme In WP', 'UTF-8', 'WordPress', 'WordPress Multisite', 'jQuery']"
saroyapsychotherapy.com,Saroya Psychotherapy,Saroya Psychotherapy,USA,75,5646,2026-10-05T04:10:47.013348002Z,"['Alternate Protocol', 'Angular', 'Apyl', 'Automattic', 'BatCache', 'Elementor', 'EmbedPress', 'Fastly', 'Gutenberg', 'Jetpack', 'Jetpack Site Accelerator', 'Microdata for Google Shopping', 'Nginx', 'Oracle Cloud', 'Perl', 'UTF-8', 'WordPress', 'WordPress Multisite', 'WordPress Stats']"
photomaniaku.com,Homepage,Instant Impact,GBR,65,57461,2026-10-05T04:10:47.005490716Z,"['AWS WAF Challenge', 'Alternate Protocol', 'Ametys', 'Angular', 'Canva Websites', 'CheryFramework', 'Cloudflare', 'Cloudflare Bot Manager', 'Cloudflare CDN', 'CookieYes', 'Cornerstone', 'DAV', 'EmbedPress', 'GZIP Module', 'Google', 'Google Analytics', 'Google Cloud CDN', 'Google Cloud DNS', 'Google Font API', 'Google My Business', 'Google Tag Manager', 'HubSpot WordPress Plugin', 'Hubspot', 'Impact', 'Instagram Follow Button', 'LinkedIn Insights', 'LinkedIn Pixel', 'Meta Slider for WordPress', 'Microdata for Google Shopping', 'Nginx', 'PHP', 'Perl', 'Pinpoint HQ', 'QUIC', 'RM Education', 'Slider Revolution', 'Tailwind CSS', 'Theme In WP', 'Toolset', 'Typeform', 'UK Cookie Consent', 'UTF-8', 'UberMenu', 'WPBakery', 'Woo Themes', 'WordPress', 'WordPress Multisite', 'YouTube', 'eLand', 'jQuery']"
techladz.com,Techladz,Techladz,,60,8055,2026-10-05T04:10:46.990139704Z,"['Alternate Protocol', 'Angular', 'Apache', 'Contact Form Plugin', 'Crisp', 'EmbedPress', 'Fireblade', 'Font Awesome', 'IcoMoon', 'Instagram Follow Button', 'MailChimp for WordPress', 'Microdata for Google Shopping', 'PHP', 'QUIC', 'Tailwind CSS', 'Theme In WP', 'UTF-8', 'WordPress', 'WordPress Multisite', 'YouTube', 'jQuery']"
saywalimo.com,Seattle Airport Limo & Transportation Service | SayWa,Saywa,USA,92,37826,2026-10-05T03:55:15.81750902Z,"['AWS WAF Challenge', 'Alternate Protocol', 'Angular', 'Autoptimize', 'Cloudflare', 'Content Delivery Network', 'Elementor', 'EmbedPress', 'Google Cloud DNS', 'Google Font API', 'Google My Business', 'KVH', 'Microdata for Google Shopping', 'PHP', 'QUIC', 'Theme In WP', 'UTF-8', 'WP Engine', 'Woo Themes', 'WooCommerce Checkout', 'WordPress', 'WordPress Multisite', 'Xtra Theme', 'jQuery', 'reCAPTCHA']"
rochesteraceshockey.com,Rochester Aces - Rochester Aces,Aces Hockey,,82,49580,2026-10-05T03:55:15.800744864Z,"['AWS WAF Challenge', 'Adobe Creative Cloud WebFonts', 'Alternate Protocol', 'Angular', 'Beaver Builder Lite', 'Cloudflare', 'Cloudflare CDN', 'Content Delivery Network', 'Contento', 'EmbedPress', 'Fastly', 'FreeCSSTemplates', 'GZIP Module', 'Google', 'Google Cloud DNS', 'Google Font API', 'Google Forms', 'Google My Business', 'Instagram Feed for WordPress', 'Instagram Follow Button', 'LeagueApps', 'Microdata for Google Shopping', 'PHP', 'QUIC', 'Schema Plugin', 'TablePress', 'Tailwind CSS', 'Theme In WP', 'UTF-8', 'WordPress', 'WordPress Multisite', 'YouTube', 'jQuery']"
northshorecdc.org,Homepage - North Shore Community Development Coalition,,NZL,75,17057,2026-10-05T03:39:19.817285976Z,"['AWS WAF Challenge', 'Alternate Protocol', 'Angular', 'Cloudflare', 'Content Delivery Network', 'Elementor', 'Elementor Custom Skin', 'EmbedPress', 'Essential Addons for Elementor', 'GTranslate', 'Google Analytics', 'Google Forms', 'Google My Business', 'Google Tag Manager', 'Gtranslate for Wordpress', 'Instagram Follow Button', 'Make Column Clickable Elementor', 'Microdata for Google Shopping', 'Neighborhoods', 'PHP', 'Theme In WP', 'Twitter Ads', 'UTF-8', 'University or College', 'WP Engine', 'WordPress', 'WordPress Multisite', 'YouTube', 'jQuery']"
harvestpointsoftware.com,Harvest Point - Harvest Operations Software for Growers & Packers,Harvest Point Software,USA,82,4899,2026-10-05T03:10:54.463330272Z,"['Alternate Protocol', 'Angular', 'Apture Linking Platform', 'Bulma', 'Content Delivery Network', 'DAV', 'Fastly', 'Font Awesome', 'Google', 'Google Cloud CDN', 'Material Design Icons', 'Microdata for Google Shopping', 'Perl', 'QUIC', 'Tailwind CSS', 'UTF-8', 'jsDelivr']"
sportsbettingtipsters.co.uk,Sports Betting Tipsters: Football & Horse Racing Tips,Sports Betting Tipsters,GBR,92,20741,2026-10-05T03:06:26.462900668Z,"['Alternate Protocol', 'Angular', 'Apture Linking Platform', 'CDN JS', 'Cloudflare', 'Cloudflare CDN', 'Content Delivery Network', 'DC74', 'EmbedPress', 'Fireblade', 'Gambling Content', 'Google Analytics', 'Google Tag Manager', 'Instagram Follow Button', 'Line2', 'LiteSpeed', 'Microdata for Google Shopping', 'Perl', 'QUIC', 'QUIC.cloud', 'Sitelinks Search Box', 'Telegram', 'Twitter Ads', 'UTF-8', 'WordPress', 'WordPress Multisite', 'YouTube', 'jsDelivr']"
connectpointchurch.org,"Connect Point Church | Church in Snellville, GA",,USA,77,40,2026-10-05T02:39:56.134391232Z,"['Angular', 'Content Delivery Network', 'Engintron', 'Google Analytics', 'Google Cloud DNS', 'Google Font API', 'Google Maps', 'Google My Business', 'Google Tag Manager', 'Nginx', 'To Top', 'UTF-8', 'YouTube']"
puppydaycare.london,Dog Day Care London - Puppy Day Care London | Halo Dogs,Halo Dogs,GBR,77,17942,2026-10-05T02:39:56.127496796Z,"['AWS WAF Challenge', 'Alternate Protocol', 'Amazon', 'Angular', 'Apture Linking Platform', 'Cloudflare', 'Cloudflare CDN', 'Cloudflare Turnstile', 'Cloudflare Web Analytics', 'Contact Form Plugin', 'Content Delivery Network', 'EmbedPress', 'Google Analytics', 'Google Tag Manager', 'Instagram Follow Button', 'Max Mega Menu', 'Max Mega Menu Pro', 'Microdata for Google Shopping', 'PHP', 'Perfmatters', 'Perl', 'Responsive Lightbox', 'SiteW', 'Theme In WP', 'UTF-8', 'Vimeo', 'WP Accessibility', 'WordPress', 'WordPress Multisite', 'YouTube', 'jQuery']"
inshopeurope.com,inshopeurope,,CHN,77,21968,2026-10-05T02:16:06.891050137Z,"['Amazon WAF Blocked', 'Angular', 'Dandomain Webshop', 'Fireblade', 'GZIP Module', 'Google', 'Google Cloud CDN', 'Google My Business', 'ISO/IEC 8859', 'InitiativeS', 'Microdata for Google Shopping', 'Nginx', 'Parcel', 'Perl', 'Platform.sh', 'QUIC', 'Schema Plugin', 'Tailwind CSS', 'Thank You', 'reCAPTCHA']"
hillfarmcondos.com,"Home | Hill Farm Condominiums Luxury Condos in North Oaks, MN",Hill Farm Condominiums,USA,82,26912,2026-10-05T02:02:46.045892755Z,"['AWS WAF Challenge', 'Alternate Protocol', 'Angular', 'Cloudflare', 'Cloudflare CDN', 'Content Delivery Network', 'EmbedPress', 'GoDaddy', 'Google', 'Google Analytics', 'Google Cloud CDN', 'Google My Business', 'Google Related Website Sites', 'Google Tag Manager', 'Microdata for Google Shopping', 'Monster', 'NitroPack', 'OptinMonster', 'PHP', 'Simple Banner for Wordpress', 'Sucuri Cloudproxy', 'The Events Calendar', 'Theme In WP', 'ThemeFusion', 'UTF-8', 'WP jQuery Lightbox', 'WordPress', 'WordPress Multisite', 'jQuery']"
anadeemus.ca,Anadeemus,,CAN,60,20102,2026-10-05T01:26:41.191854013Z,"['Angular', 'Content Delivery Network', 'Font Awesome', 'Google Cloud DNS', 'Google Font API', 'Material-UI', 'Next.js', 'ON24', 'Pleroma', 'UTF-8', 'Vercel', 'eLand']"
mktactical.com,"MK Tactical - Guns & Training - Serving the Portland, Oregon Market | Monday - Friday 10am-6pm",,,65,6066,2026-10-05T01:19:30.053392776Z,"['Alternate Protocol', 'Angular', 'Cloudflare', 'Content Delivery Network', 'EmbedPress', 'Fastly', 'GoDaddy', 'Google Analytics', 'Google Cloud DNS', 'Google Font API', 'Google My Business', 'Google Tag Manager', 'NFOrce Internet', 'Oxygen', 'Oxygen Builder', 'Peek', 'UTF-8', 'WordPress', 'WordPress Multisite', 'YouTube', 'jQuery']"
geconstructionil.com,Home - geconstruction,geconstruction,USA,75,22319,2026-10-05T01:07:28.811401191Z,"['AWS WAF Challenge', 'Alternate Protocol', 'Angular', 'Astra Theme', 'Automattic', 'BatCache', 'Cloudflare', 'Cloudflare CDN', 'Content Delivery Network', 'Elementor', 'EmbedPress', 'Fastly', 'Google', 'Google My Business', 'Gutenberg', 'Jetpack', 'Jetpack Site Accelerator', 'Microdata for Google Shopping', 'NFOrce Internet', 'Nginx', 'QUIC', 'Table Addons for Elementor', 'UTF-8', 'Woo Themes', 'WordPress', 'WordPress Multisite', 'WordPress Related Posts', 'WordPress Stats', 'jQuery']"
cbmmissions.org,Home | Christian Believers Ministry - Missions,,,45,159,2026-10-05T01:01:31.463236351Z,"['501c3 Status Nonprofit', 'Angular', 'Apache', 'GZIP Module', 'Google Cloud DNS', 'Google Font API', 'MailChimp', 'To Top', 'UTF-8']"
vintaraeco.com,Home - Vintara Eco Hambantota,Vintara Eco,LKA,82,17782,2026-10-05T01:01:31.461631926Z,"['Adult Content', 'Alternate Protocol', 'Amazon WAF Blocked', 'Angular', 'Anti-spam for WordPress', 'CleanTalk Spam Protect', 'Content Delivery Network', 'Divi', 'Elegant Themes', 'EmbedPress', 'Facebook Login', 'Facebook Reseller', 'Fireblade', 'Google', 'Google Analytics', 'Google Cloud CDN', 'Google Cloud DNS', 'Google Font API', 'Google My Business', 'Google Tag Manager', 'LiteSpeed', 'Microdata for Google Shopping', 'PHP', 'QUIC', 'Sapper', 'Theme In WP', 'UTF-8', 'Woo Themes', 'WordPress', 'WordPress Multisite', 'jQuery']"
largeformatbroker.com,Large Format Print Broker,,,55,219,2026-10-05T00:58:45.85145824Z,"['AJAX Libraries API', 'Amazon', 'Angular', 'Bulma', 'GZIP Module', 'Google Cloud DNS', 'Google Related Website Sites', 'IcoMoon', 'Instagram Follow Button', 'Nginx', 'Pagekit', 'Twitter Ads', 'UTF-8']"
jerinamansion.com,"Jerina Mansion – Luxury Villa Rental in Tirana, Albania",,ALB,77,3198,2026-10-05T00:58:45.847859459Z,"['Adult Content', 'Alternate Protocol', 'Angular', 'Animate It', 'Custom Facebook Feed', 'Custom Twitter Feeds', 'EmbedPress', 'GZIP Module', 'Google', 'Google Analytics', 'Google Cloud DNS', 'Google Font API', 'Google Maps', 'Google My Business', 'Google Tag Manager', 'Instagram Feed for WordPress', 'Instagram Follow Button', 'Line2', 'Menu Icons by ThemeIsle', 'Microdata for Google Shopping', 'Nectar Slide Plugin', 'PHP', 'Polylang', 'QUIC', 'Salient', 'Site Kit', 'Sitelinks Search Box', 'Tailwind CSS', 'Theme In WP', 'UTF-8', 'WPBakery', 'WhatsApp Sharing', 'WordPress', 'WordPress Multisite', 'YouTube', 'jQuery']"
martinglobalfoods.com,Официальный сайт компании «МАРТИН»,,RUS,72,15800,2026-10-05T00:51:15.288558645Z,"['ADFOX', 'Angular', 'Content Delivery Network', 'Express', 'Fastly', 'GZIP Module', 'Google Analytics', 'Google Tag Manager', 'Nginx', 'QUIC', 'UTF-8', 'Ubuntu', 'Vector Internet Services', 'Yandex Hosting', 'Yandex Metrika']"
theshoeshineco.com,theshoeshineco.com,,USA,55,500,2026-10-05T00:46:02.699695891Z,"['Alternate Protocol', 'Angular', 'Elementor', 'EmbedPress', 'Hello Elementor', 'LiteSpeed', 'NFOrce Internet', 'PHP', 'Theme In WP', 'UTF-8', 'WordPress', 'WordPress Multisite', 'jQuery']"
mgsiscan.com,Midwest Graphics Services ·,,,60,219,2026-10-05T00:38:34.476055108Z,"['AJAX Libraries API', 'Amazon', 'Angular', 'Bulma', 'GZIP Module', 'Google Cloud DNS', 'Google Related Website Sites', 'IcoMoon', 'Instagram Follow Button', 'Nginx', 'Pagekit', 'Twitter Ads', 'UTF-8']"
fishawack.com,EVERY PATIENT POSSIBLE | Avalere Health,Avalere Health,USA,77,81480,2026-10-05T00:17:46.648712971Z,"['Alternate Protocol', 'Amazon', 'Amazon CloudFront', 'Amazon Route 53', 'Amazon S3 CDN', 'Angular', 'CloudFront', 'Content Delivery Network', 'DAV', 'Fastly', 'Financial Services Guide', 'GZIP Module', 'Google', 'Google Cloud DNS', 'Google Font API', 'Instagram Follow Button', 'K2F', 'Lever', 'Marketo', 'Microdata for Google Shopping', 'No-Q', 'Phew', 'Sitelinks Search Box', 'Storyblocks', 'Subversion', 'Tailwind CSS']"
jarvislighting.com,Jarvis Lighting | Commercial & Petroleum LED Lighting Manufacturer,,IND,77,34033,2026-10-04T23:58:43.792548662Z,"['AJAX Libraries API', 'AWS WAF Challenge', 'Amped', 'Angular', 'Apture Linking Platform', 'Baidu Cloud', 'CDN JS', 'Cloudflare', 'Cloudflare CDN', 'ElementUI', 'Font Awesome', 'Google', 'Google Analytics', 'Google Cloud DNS', 'Google Font API', 'Google Related Website Sites', 'Google Tag Manager', 'IcoMoon', 'Microdata for Google Shopping', 'POWr', 'Privy', 'QUIC', 'Shopify', 'Shopify Collabs', 'Stamped', 'UTF-8', 'Yandex Hosting', 'YouTube', 'hCaptcha', 'jQuery', 'jsDelivr', 'reCAPTCHA']"
coloradoskioutlet.com,Colorado Ski Outlet,,,45,468,2026-10-04T23:49:28.706633922Z,"['Angular', 'Apture Linking Platform', 'Baidu Cloud', 'Cloudflare', 'Cloudflare CDN', 'Google Related Website Sites', 'Instagram Follow Button', 'Newsletter for Wordpress', 'Shopify', 'Shopify Collabs', 'Twitter Ads', 'UTF-8', 'Yandex Hosting', 'hCaptcha', 'reCAPTCHA']"
tpmarkets-forex.com,Best Award-Winning CFD Trading Platform| TOPONE Markets,,CHN,72,19890,2026-10-04T23:49:26.151316567Z,"['Alternate Protocol', 'Amazon', 'Amazon CloudFront', 'Amazon Route 53', 'Angular', 'CloudFront', 'Content Delivery Network', 'DAV', 'Fastly', 'Fireblade', 'GZIP Module', 'Google Cloud DNS', 'Google Font API', 'Nginx', 'Nuxt.js', 'QUIC', 'Tailwind CSS', 'Telegram', 'Twitter Ads', 'UTF-8', 'University or College']"
h-k-e-m.com,Explore Healthcare Topics & surgical subjects medical education | HKEM,,IND,92,33729,2026-10-04T23:41:33.091662318Z,"['AFIB QR', 'AWS WAF Challenge', 'Alternate Protocol', 'Angular', 'Cornerstone', 'Ethy', 'Express', 'Fireblade', 'Google', 'Google Cloud DNS', 'Google Font API', 'Google Tag Manager', 'Instagram Follow Button', 'Microdata for Google Shopping', 'Perl', 'QUIC', 'Thank You', 'Twitter Ads', 'Zyro']"
bergeyselectric.com,Bergey's Electric Home - Bergeys Electric,Bergey's Electric,USA,75,1643,2026-10-04T23:03:40.296865042Z,"['Alternate Protocol', 'Angular', 'Coming Soon Page', 'Content Delivery Network', 'Elementor', 'EmbedPress', 'GZIP Module', 'GenerateBlocks', 'GeneratePress Company', 'Google Analytics', 'Google My Business', 'Google Tag Manager', 'Instagram Follow Button', 'Microdata for Google Shopping', 'Nginx', 'PHP', 'Popup Maker for Wordpress', 'Theme In WP', 'UTF-8', 'WP Engine', 'WP Show Posts', 'WordPress', 'WordPress Multisite', 'Yelp Badge', 'YouTube', 'jQuery']"
sagepath-reply.com,Digital Experience & Development Agency | Sagepath Reply,Sagepath Reply,USA,82,305988,2026-10-04T22:57:20.422878326Z,"['Adobe Creative Cloud WebFonts', 'Angular', 'CDN JS', 'Cloudflare', 'Cloudflare CDN', 'GZIP Module', 'Google Analytics', 'Google Tag Manager', 'IcoMoon', 'Instagram Follow Button', 'Microdata for Google Shopping', 'Microsoft Azure', 'Microsoft IIS', 'Replyco', 'Salesforce Hosted', 'Sitecore CMS', 'Twitter Ads', 'UTF-8', 'Vimeo', 'Visual Studio', 'YouTube', 'ePly', 'jsDelivr']"
shop29promo.com,Home - Shop 29,,,57,20031,2026-10-04T22:51:30.515429815Z,"['Angular', 'Angular Material', 'Apture Linking Platform', 'Azure Edge', 'CDN JS', 'Cloudflare', 'Cloudflare CDN', 'Cloudflare Web Analytics', 'Contentful', 'DAV', 'DoubleClick Bid Manager', 'ETranslate', 'Fireblade', 'Font Awesome', 'GZIP Module', 'Google', 'Google Analytics', 'Google Cloud CDN', 'Google Cloud DNS', 'Google Font API', 'Google Maps', 'Google Matched Content', 'Google My Business', 'Google Recommendations AI', 'Google Reseller', 'Google Tag Manager', 'Imgix', 'Instagram Follow Button', 'K2F', 'Line2', 'Microsoft 365', 'Microsoft Azure', 'QUIC', 'Report URI', 'Sitelinks Search Box', 'Subversion', 'Twitter Ads', 'UTF-8', 'Vimeo', 'YouTube', 'reCAPTCHA', 'shadcn ui']"
entrepreneurialplanninginstitute.org,Entrepreneurship for Economic Growth & Inclusion • Entrepreneurial Planning Institute,,ZAF,77,6271,2026-10-04T22:35:21.554905621Z,"['Alternate Protocol', 'Angular', 'Elementor', 'EmbedPress', 'Essential Addons for Elementor', 'Google Cloud DNS', 'Google Font API', 'Header, Footer and Blocks for Elementor', 'Kitco', 'LiteSpeed', 'Microdata for Google Shopping', 'Newsletter for Wordpress', 'OceanWP', 'PHP', 'Premium Addons for Elementor', 'QUIC', 'Sitelinks Search Box', 'Tailwind CSS', 'Theme In WP', 'UTF-8', 'University or College', 'WP Mobile Menu', 'WPForms', 'Woo Themes', 'WooCommerce Checkout', 'WordPress', 'WordPress Multisite', 'WordPress Related Posts', 'eLand', 'jQuery']"
rejuvafresh.com,Leading Aesthetic Equipment Manufacturer | Free Training 24/7 Support,Rejuva Fresh,VAT,82,120287,2026-10-04T22:22:46.6058857Z,"['Alternate Protocol', 'Amazon CloudFront', 'Angular', 'Apture Linking Platform', 'Aruba', 'Baidu Cloud', 'BookThatApp', 'CDN JS', 'CallRail', 'Cisco/Arrowpoint Content Service Switch', 'CloudFront', 'Cloudflare', 'Cloudflare CDN', 'Cornerstone', 'CrazyEgg', 'Ethy', 'Fastly', 'Fastly CDN', 'Fireblade', 'GoAffPro', 'Google Analytics', 'Google Maps', 'Google Related Website Sites', 'Google Tag Manager', 'Heroku', 'Hotjar', 'IcoMoon', 'Instagram Follow Button', 'KVH', 'Klaviyo', 'Line2', 'Microdata for Google Shopping', 'Microsoft Clarity', 'QUIC', 'SMC', 'Shopify', 'Shopify Collabs', 'Subversion', 'Trustpilot Reviews for WordPress', 'UTF-8', 'Yandex Hosting', 'YouTube', 'eLand', 'hCaptcha', 'jQuery', 'jsDelivr', 'reCAPTCHA']"
sponsored4.com,Updat-ed easy websites for schools,,,52,603,2026-10-04T22:21:07.256097624Z,"['Angular', 'ETranslate', 'GTranslate', 'Google Cloud DNS', 'Google Font API', 'Google My Business', 'LiteSpeed', 'PHP', 'QUIC', 'UTF-8', 'jQuery', 'reCAPTCHA']"
haviskye.com,"Home - Haviskye - Solar Company in Lagos, Nigeria","Haviskye - Solar Company in Lagos, Nigeria",NGA,82,63512,2026-10-04T22:15:52.514921987Z,"['AWS WAF Challenge', 'Alternate Protocol', 'Angular', 'Astra Theme', 'CCSI', 'CartFlows', 'Click to Chat for WhatsApp', 'Cloudflare', 'Cloudflare CDN', 'Content Delivery Network', 'Elementor', 'EmbedPress', 'Free Call', 'Google', 'Google Analytics', 'Google Cloud DNS', 'Google Font API', 'Google My Business', 'Google Tag Manager', 'Instagram Follow Button', 'K2F', 'LiteSpeed', 'Microdata for Google Shopping', 'No-Q', 'PHP', 'QUIC', 'Sitelinks Search Box', 'Subversion', 'Theme In WP', 'UTF-8', 'Woo Themes', 'WooCommerce', 'WooCommerce Checkout', 'WordPress', 'WordPress Multisite', 'WordPress Related Posts', 'jQuery']"
eliasandconsulting.com,Home - Elias Consulting Group,Elias Consulting Group,NZL,70,16906,2026-10-04T21:59:50.741118695Z,"['AWS WAF Challenge', 'Alternate Protocol', 'Amazon WAF Blocked', 'Angular', 'Aruba', 'Elementor', 'EmbedPress', 'Font Awesome', 'Google Analytics', 'Google My Business', 'Google Tag Manager', 'Gravity', 'Gravity Forms', 'Hello Elementor', 'LiteSpeed', 'Microdata for Google Shopping', 'PHP', 'QUIC', 'Site Kit', 'Theme In WP', 'UTF-8', 'WordPress', 'WordPress Multisite', 'eLand', 'jQuery', 'reCAPTCHA']"
noirenotes.com,"Elegant Digital Notebooks, Journals, Planners, Covers, and Stickers | NoireNotes | NoireNotes",,,62,27554,2026-10-04T21:56:25.188476523Z,"['Alternate Protocol', 'Angular', 'Content Delivery Network', 'DAV', 'Etsy', 'Google', 'Google Cloud DNS', 'Google Font API', 'Instagram Follow Button', 'K2F', 'Perl', 'Thank You', 'Unsplash', 'Zyro']"
expressionsofnohi.com,"Expressions of Nohi – Contemporary Art, Healing and Yoga by Nohi Mehrotra",,,55,1132,2026-10-04T21:53:58.274004716Z,"['Alternate Protocol', 'Angular', 'Astra Theme', 'CartFlows', 'Cisco/Arrowpoint Content Service Switch', 'Content Delivery Network', 'Elementor', 'EmbedPress', 'Express', 'Google Cloud DNS', 'Google Font API', 'Header, Footer and Blocks for Elementor', 'Instagram Follow Button', 'LiteSpeed', 'MailPoet', 'Metronet Profile Picture', 'PHP', 'QUIC', 'Theme In WP', 'UTF-8', 'Ultimate Addons for Gutenberg', 'Woo Themes', 'WooCommerce', 'WooCommerce Checkout', 'WordPress', 'WordPress Multisite', 'WordPress Related Posts', 'YouTube', 'jQuery']"
infologia.in,Your Trusted IT Partner - Infologia Technologies | Driving Global Business Success with the Best-in-Class Innovative Solutions.,Infologia Technologies,USA,77,375239,2026-10-04T21:45:14.74499012Z,"['AWS WAF Challenge', 'Angular', 'Apture Linking Platform', 'Aruba', 'Bulma', 'Express', 'Financial Services Guide', 'Font Awesome', 'GZIP Module', 'GitHub Hosting', 'Google', 'Google Analytics', 'Google Cloud CDN', 'Google Tag Manager', 'Instagram Follow Button', 'K2F', 'Material Design Icons', 'Microdata for Google Shopping', 'Microsoft Azure', 'Microsoft IIS', 'Nationwide Mortgage Licensing System and Registry', 'QUIC', 'SMC', 'Salesforce', 'Salesforce Experience Cloud', 'Salesforce Hosted', 'Tawk', 'Twitter Ads', 'UTF-8', 'Visual Studio', 'YouTube', 'eLand']"
fehu.ae,Home - FEHU Global Investments,FEHU Global Investments,,72,17360,2026-10-04T21:24:56.634915105Z,"['AWS WAF Challenge', 'Alternate Protocol', 'Angular', 'Astra Theme', 'Cloudflare', 'Elementor', 'EmbedPress', 'Google Cloud DNS', 'Google Font API', 'Google No Site Links Search', 'InitiativeS', 'LiteSpeed', 'Microdata for Google Shopping', 'NFOrce Internet', 'PHP', 'QUIC', 'Theme In WP', 'UTF-8', 'WPForms', 'Woo Themes', 'WordPress', 'WordPress Multisite', 'WordPress Related Posts', 'jQuery']"
