domain,title,business_name,country,seo_score,tech_spend,crawled_at,technologies
gfi.org.il,GFI Israel – the Good Food Institute Israel - GFI Israel,GFI Israel,GBR,77,34100,2026-10-10T09:00:26.321384625Z,"['AWS WAF Challenge', 'Akismet', 'Alternate Protocol', 'Amazon WAF Blocked', 'Ametys', 'Aruba', 'Cloudflare', 'Cloudflare Bot Manager', 'Cloudflare CDN', 'Content Delivery Network', 'CookieYes', 'EmbedPress', 'Express', 'Fireblade', 'Font Awesome', 'Google Analytics', 'Google Cloud DNS', 'Google Conversion Tracking', 'Google Font API', 'Google My Business', 'Google Tag Manager', 'Gravity', 'Gravity Forms', 'Microdata for Google Shopping', 'PHP', 'Perl', 'Sitelinks Search Box', 'Tailwind CSS', 'Theme In WP', 'UTF-8', 'University or College', 'WP Accessibility', 'WordPress', 'WordPress Multisite', 'YouTube', 'eLand', 'jQuery', 'reCAPTCHA']"
narrativetransportation.eu,Home page,,GBR,82,49,2026-10-10T09:00:26.297333703Z,"['Alternate Protocol', 'Content Delivery Network', 'DAV', 'EmbedPress', 'Google Analytics', 'Google Tag Manager', 'Instagram Follow Button', 'LiteSpeed', 'Microdata for Google Shopping', 'PHP', 'Site Kit', 'UTF-8', 'WP Accessibility', 'WordPress', 'WordPress Multisite', 'jQuery']"
nilszach.ca,Home - Nilszach Enterprises,Nilszach Enterprises,CAN,82,137979,2026-10-10T07:45:35.127283302Z,"['AWS WAF Challenge', 'Alternate Protocol', 'Astra Theme', 'Automattic', 'Better Lead Generation Services', 'Cart.com', 'CartFlows', 'Cloudflare', 'Cloudflare CDN', 'CoBlocks', 'Content Delivery Network', 'Elementor', 'EmbedPress', 'Fireblade', 'GoDaddy', 'Google', 'Google Analytics', 'Google Cloud DNS', 'Google Font API', 'Google My Business', 'Google Related Website Sites', 'Google Tag Manager', 'Jetpack', 'Kitco', 'LiteSpeed', 'Microdata for Google Shopping', 'Ntent', 'PHP', 'QUIC', 'Recart', 'Sign In With Google', 'Site Kit', 'Theme In WP', 'UTF-8', 'Vector Internet Services', 'WP Accessibility', 'WP Live Chat Support', 'WPForms', 'Wangsu', 'Woo Themes', 'WooCommerce', 'WooCommerce Checkout', 'WooCommerce Payments', 'WordPress', 'WordPress Multisite', 'WordPress Related Posts', 'WordPress Stats', 'jQuery']"
godoublecheck.com,"Pressure Washing Wilmington, NC | Double Check Pressure Washing",Double Check Pressure Washing,USA,92,28452,2026-10-10T07:32:06.083554306Z,"['AJAX Libraries API', 'Akismet', 'Alternate Protocol', 'Amazon CloudFront', 'Amazon WAF Blocked', 'Anti-spam for WordPress', 'Astra Theme', 'Automattic', 'CleanTalk Spam Protect', 'CloudFront', 'Cloudflare Turnstile', 'Contact Form Plugin', 'Content Delivery Network', 'Elementor', 'EmbedPress', 'Fastly', 'Fireblade', 'Google', 'Google Analytics', 'Google Cloud DNS', 'Google Customer Reviews', 'Google Font API', 'Google My Business', 'Google Tag Manager', 'Gravity Forms', 'Housecall Pro', 'Instagram Follow Button', 'Investor Relations', 'JetElements', 'Jetpack', 'Microdata for Google Shopping', 'Nginx', 'Ntent', 'QUIC', 'Table Addons for Elementor', 'Thank You', 'The Deck', 'UTF-8', 'Vector Internet Services', 'WP Accessibility', 'WPForms', 'Woo Themes', 'WooCommerce Checkout', 'WordPress', 'WordPress Multisite', 'WordPress Related Posts', 'Yelp Badge', 'eLand']"
garlandsupport.co.uk,Garland Support - Care and support services in Exeter,,GBR,92,409,2026-10-10T05:37:52.493309428Z,"['Adobe Creative Cloud WebFonts', 'Alternate Protocol', 'Ametys', 'Apache', 'Contact Form Plugin', 'EmbedPress', 'GZIP Module', 'Instagram Follow Button', 'Microdata for Google Shopping', 'PHP', 'Perl', 'Stripe', 'Theme In WP', 'UTF-8', 'University or College', 'WP Accessibility', 'WordPress', 'WordPress Multisite', 'jQuery']"
martensonlaw.com,"Home - Martenson, Hasbrouck & Simon LLP","Martenson, Hasbrouck and Simon LLP",,72,33402,2026-10-10T05:23:24.691705611Z,"['AJAX Libraries API', 'AWS WAF Challenge', 'Ajax Search Lite', 'Alternate Protocol', 'Apache', 'CookieYes', 'EmbedPress', 'Fireblade', 'Fonts Plugin', 'GZIP Module', 'Google', 'Google Cloud CDN', 'Google Cloud DNS', 'Google Font API', 'Jetpack', 'PHP', 'Rate my Post', 'Search and Filter Pro', 'Theme In WP', 'Twenty Twenty-Four', 'UTF-8', 'Ubuntu', 'WP Accessibility', 'WP Responsive Menu', 'Woo Themes', 'WordPress', 'WordPress Multisite', 'WordPress Stats', 'jQuery', 'jsDelivr']"
cascadepolicy.org,Front page - Cascade Policy Institute,Cascade Policy Institute,USA,75,32126,2026-10-10T04:44:03.337130439Z,"['AWS WAF Challenge', 'Add to Any', 'Alternate Protocol', 'CDN JS', 'Cloudflare', 'Cloudflare CDN', 'Cloudflare Turnstile', 'Contact Form Plugin', 'Content Delivery Network', 'Doodle', 'DuracellTomi Google Tag Manager for WordPress', 'EmbedPress', 'Fancybox for WordPress', 'GTranslate', 'Givebutter', 'GoDaddy', 'Google Analytics', 'Google Cloud DNS', 'Google Font API', 'Google Tag Manager', 'InitiativeS', 'Instagram Follow Button', 'Microdata for Google Shopping', 'PHP', 'Theme In WP', 'Twitter Ads', 'UTF-8', 'WP Accessibility', 'Wangsu', 'WordPress', 'WordPress Multisite', 'YouTube', 'jQuery', 'jsDelivr', 'reCAPTCHA']"
colecreekfarmsllc.com,"Home - Cole Creek Farms — Benson, NC","Cole Creek Farms — Benson, NC",USA,77,24945,2026-10-10T03:46:55.595523426Z,"['AWS WAF Challenge', 'Alternate Protocol', 'Cloudflare', 'Cloudflare CDN', 'Codero', 'EmbedPress', 'GenerateBlocks', 'Genesis Blocks', 'Google', 'Google Analytics', 'Google My Business', 'Google Tag Manager', 'Microdata for Google Shopping', 'Nginx', 'PHP', 'Schema Plugin', 'Site Kit', 'Theme In WP', 'UTF-8', 'WP Accessibility', 'WPForms', 'Woo Themes', 'WooCommerce', 'WooCommerce Checkout', 'WooCommerce Payments', 'WooCommerce Pixel Manager by woopt', 'WordPress', 'WordPress Multisite', 'YouTube', 'jQuery', 'reCAPTCHA']"
differentia.co,"Differentia Consulting ...making the difference, since 2002",Differentia Consulting,GBR,92,329751,2026-10-10T03:01:41.179730638Z,"['AWS WAF Challenge', 'AddThis for Wordpress', 'Alternate Protocol', 'Amazon Link Enchancer', 'Ample', 'Apache', 'CDN JS', 'Cloudflare', 'Cloudflare CDN', 'Cloudflare Turnstile', 'Cloudflare Web Analytics', 'Contact Form Plugin', 'Content Delivery Network', 'CookieYes', 'Corporate Governance and Regulatory Compliance', 'DoubleClick Bid Manager', 'EmbedPress', 'Fireblade', 'Genesis Blocks', 'GitHub Hosting', 'Google', 'Google Analytics', 'Google Cloud DNS', 'Google Font API', 'Google My Business', 'Google Related Website Sites', 'Google Tag Manager', 'Instagram Follow Button', 'Interchange', 'Kitco', 'License Buttons', 'Microdata for Google Shopping', 'Microsoft 365', 'Oracle Cloud', 'PHP', 'Pagekit', 'Perl', 'QUIC', 'Qlik Sense', 'Salesforce', 'Salesforce Experience Cloud', 'Salesforce Hosted', 'Site Kit', 'Smush Image Optimization', 'StudioPress', 'Theme In WP', 'Twitter Ads', 'UTF-8', 'University or College', 'Vimeo', 'WP Accessibility', 'WhatsApp Sharing', 'WordPress', 'WordPress Multisite', 'Yandex Hosting', 'YouTube', 'jQuery', 'jsDelivr', 'reCAPTCHA']"
taldiscoverylink.com,discovery link,,USA,60,2028,2026-10-10T02:13:27.215948014Z,"['Alternate Protocol', 'Bulma', 'Cisco/Arrowpoint Content Service Switch', 'Content Delivery Network', 'DAV', 'Elementor', 'EmbedPress', 'Essential Addons for Elementor', 'Ethy', 'Font Awesome', 'Google Analytics', 'Google Cloud DNS', 'Google Font API', 'Google Tag Manager', 'IcoMoon', 'MemberPress', 'Microdata for Google Shopping', 'Nginx', 'PHP', 'QUIC', 'Schema Plugin', 'Thank You', 'Theme In WP', 'Tockify', 'UTF-8', 'University or College', 'WP Accessibility', 'Woo Themes', 'WordPress', 'WordPress Multisite', 'YouTube', 'eLand', 'jQuery']"
elith.com,Elith Natural Stone Radiator - Infrared Marble Heating,,ITA,70,427,2026-10-10T00:20:27.934074682Z,"['Alternate Protocol', 'Apache', 'Contact Form Plugin', 'EmbedPress', 'Express', 'Font Awesome', 'Google Analytics', 'Google Cloud DNS', 'Google Maps', 'Google My Business', 'Google Tag Manager', 'LayerSlider Responsive', 'Microdata for Google Shopping', 'PHP', 'Recent Posts Widget With Thumbnails', 'Stockholm', 'Theme In WP', 'UTF-8', 'Visual Composer Ultimate Addons', 'WP Accessibility', 'WPBakery', 'WPML Multilingual', 'WordPress', 'WordPress Multisite', 'YouTube', 'eLand', 'jQuery']"
cedarglenlaketahoe.com,Cedar Glen Lodge | #1 Rated Tahoe Lakeshore Cabin Resort,,JPN,82,53401,2026-10-09T23:18:53.765221955Z,"['AWS WAF Challenge', 'Alternate Protocol', 'Bunny Fonts', 'Cloudflare', 'Content Delivery Network', 'DAV', 'EmbedPress', 'Eviivo', 'GTranslate', 'Google', 'Google Analytics', 'Google Cloud CDN', 'Google Cloud DNS', 'Google Font API', 'Google Maps', 'Google My Business', 'Google Tag Manager', 'Instagram Follow Button', 'Microdata for Google Shopping', 'Ntent', 'Oddle', 'PHP', 'Perl', 'Pleroma', 'QUIC', 'Schema Plugin', 'StudioPress', 'Telegram', 'The Fresh', 'Theme In WP', 'Twitter Ads', 'UTF-8', 'WP Accessibility', 'WP Engine', 'WhatsApp Sharing', 'WordPress', 'WordPress Multisite', 'WordPress PopUp', 'jQuery']"
learnkitschpainting.com,Learn Kitsch Painting - Learn Kitsch Painting,,,55,11452,2026-10-09T23:07:49.565423813Z,"['Alternate Protocol', 'Apache', 'Contact Form Plugin', 'Contento', 'EmbedPress', 'Font Awesome', 'GZIP Module', 'Google Cloud DNS', 'Google Font API', 'Google Maps', 'Instagram Feed for WordPress', 'Instagram Follow Button', 'Jetpack', 'Microdata for Google Shopping', 'NFOrce Internet', 'PHP', 'Simplero', 'SiteW', 'Theme In WP', 'UTF-8', 'WP Accessibility', 'Woo Themes', 'WordPress', 'WordPress Multisite', 'YouTube', 'eLand', 'jQuery']"
unlimitedsuccessservices.com,UNLIMITED SUCCESS SERVICES LLC – Developing People. Aligning Purpose. Transforming Impact.,,,67,647,2026-10-09T21:42:20.613676796Z,"['Alternate Protocol', 'Automattic', 'Content Delivery Network', 'DAV', 'EmbedPress', 'Gutenberg', 'Jetpack', 'Jetpack Site Accelerator', 'Nginx', 'Perl', 'Share Link', 'UTF-8', 'WP Accessibility', 'WordPress', 'WordPress Multisite', 'WordPress Stats', 'jQuery']"
transform911.com,Transform911 | Health Lab | The University of Chicago,,USA,62,23862,2026-10-09T21:05:12.413513822Z,"['AJAX Libraries API', 'AWS WAF Challenge', 'Adult Content', 'Alternate Protocol', 'Amazon CloudFront', 'AutoComplete', 'CDN JS', 'CloudFront', 'Cloudflare', 'Cloudflare CDN', 'Content Delivery Network', 'Content ad', 'Divi', 'Elegant Themes', 'EmbedPress', 'GZIP Module', 'Google', 'Google Analytics', 'Google Cloud DNS', 'Google Font API', 'Google My Business', 'Google Related Website Sites', 'Google Tag Manager', 'Highcharts', 'InitiativeS', 'MaxCDN', 'Microsoft Azure Blob Storage', 'OpenResty', 'PHP', 'QUIC', 'SiteW', 'Theme In WP', 'UTF-8', 'University or College', 'WP Accessibility', 'WordPress', 'WordPress Multisite', 'Zoom Video Conferencing', 'eLand', 'jQuery', 'jsDelivr', 'reCAPTCHA']"
3in1arts.com,"3IN1 ARTS – Exploring the Art, Science and Philosophy of Life",,USA,70,12920,2026-10-09T20:13:15.004910699Z,"['Alternate Protocol', 'Automattic', 'CookieYes', 'EmbedPress', 'Express', 'GZIP Module', 'Google', 'Google Analytics', 'Google Cloud DNS', 'Google Font API', 'Google Maps', 'Google My Business', 'Google Tag Manager', 'HubSpot WordPress Plugin', 'Instagram Follow Button', 'Jetpack', 'Microdata for Google Shopping', 'Nginx', 'PHP', 'Schema Plugin', 'Theme In WP', 'Twitter Ads', 'UTF-8', 'WP Accessibility', 'WordPress', 'WordPress Multisite', 'WordPress Stats', 'jQuery']"
rosendworkin.com,"Dentist in Marlton, NJ | Drs. Rosen & Dworkin",,USA,87,32793,2026-10-09T19:38:17.440451397Z,"['AWS WAF Challenge', 'Alternate Protocol', 'Cloudflare', 'Cloudflare CDN', 'Content Delivery Network', 'Divi', 'Elegant Themes', 'EmbedPress', 'Facebook Conversion Tracking', 'Facebook Login', 'Facebook Messenger Platform', 'Facebook Pixel', 'Facebook Reseller', 'Facebook Tag API', 'Font Awesome', 'Google', 'Google Analytics', 'Google Cloud CDN', 'Google Cloud DNS', 'Google Cloud Storage', 'Google Font API', 'Google My Business', 'Google Tag Manager', 'Instagram Follow Button', 'Microdata for Google Shopping', 'Microsoft Clarity', 'NitroPack', 'PHP', 'Patient Prism', 'Popup Builder', 'Popup Maker for Wordpress', 'Thank You', 'Theme In WP', 'UTF-8', 'University or College', 'UserWay', 'WP Accessibility', 'WP Engine', 'WordPress', 'WordPress Multisite', 'YouTube', 'jQuery']"
thevanguardschool.com,The Vanguard School | Tuition-Free K-12 Charter School | Colorado Springs,,ZAF,82,79823,2026-10-09T19:13:09.143574734Z,"['Alternate Protocol', 'Amazon CloudFront', 'CloudFront', 'Cloudflare', 'Contact Form Plugin', 'Content Delivery Network', 'DAV', 'EmbedPress', 'Express', 'Facebook Conversion Tracking', 'Facebook Login', 'Facebook Messenger Platform', 'Facebook Pixel', 'Facebook Reseller', 'Facebook Tag API', 'Fireblade', 'Google Analytics', 'Google Cloud DNS', 'Google Font API', 'Google Tag Manager', 'HubSpot WordPress Plugin', 'Instagram Follow Button', 'MailChimp for WordPress', 'Microdata for Google Shopping', 'Microsoft 365', 'Microsoft Clarity', 'PHP', 'SMC', 'Site Kit', 'Slider Revolution', 'Smarty Theme', 'The Events Calendar', 'Theme In WP', 'UTF-8', 'University or College', 'WP Accessibility', 'WP Engine', 'WP Gallery Custom Links', 'WPBakery', 'WordPress', 'WordPress Multisite', 'YouTube', 'jQuery']"
mountainpeaklife.org,Mountain Peak Life – Serving the peak to peak,,ZAF,80,1367,2026-10-09T15:18:13.41882147Z,"['Alternate Protocol', 'Apture Linking Platform', 'Astra Theme', 'Cloudflare', 'Content Delivery Network', 'Elementor', 'EmbedPress', 'Essential Addons for Elementor', 'Event Tickets for Wordpress', 'Font Awesome', 'GoDaddy', 'Google Analytics', 'Google Tag Manager', 'LiteSpeed', 'PHP', 'Perl', 'Sticky Header Effects for Elementor', 'The Events Calendar', 'Theme In WP', 'UTF-8', 'W3 Total Cache', 'WP Accessibility', 'Woo Themes', 'WordPress', 'WordPress Multisite', 'WordPress Related Posts', 'jQuery']"
ziogas.com,Δ.Ζιώγας Διαφημιστική – Δώρα επιχειρήσεων – Επιγραφές – Τυπογραφία,,,45,5520,2026-10-09T14:28:22.005213447Z,"['Alternate Protocol', 'Content Delivery Network', 'Elementor', 'EmbedPress', 'Endis', 'Google Analytics', 'Google Tag Manager', 'Hello Elementor', 'Instagram Follow Button', 'LiteSpeed', 'NFOrce Internet', 'PDF Embedder for Wordpress', 'PHP', 'UTF-8', 'WP Accessibility', 'WordPress', 'WordPress Multisite', 'jQuery']"
valleycreekdental.com,Dentist Near Me | Dentist in Brampton | Brampton Dental Clinic,,CAN,82,9223,2026-10-09T13:04:28.431673338Z,"['Adit Dental Software', 'Alternate Protocol', 'Apache', 'Apture Linking Platform', 'Bookform', 'Coming Soon Page', 'EmbedPress', 'Fastly', 'GZIP Module', 'Google Analytics', 'Google Cloud DNS', 'Google Maps', 'Google My Business', 'Google Tag Manager', 'Instagram Follow Button', 'Lazy Load for WordPress', 'Microdata for Google Shopping', 'PHP', 'Theme In WP', 'UTF-8', 'WP Accessibility', 'WP Rocket', 'WordPress', 'WordPress Multisite', 'jQuery']"
baysidecarpetcleaning.org,"Bayside Carpet Cleaning in Manahawkin, NJ | Request A Free Quote",Bayside Carpet Cleaning,CAN,77,20467,2026-10-09T10:35:34.671979953Z,"['Adult Content', 'Alternate Protocol', 'Amazon WAF Blocked', 'Cloudflare', 'Complianz', 'Content Delivery Network', 'Elementor', 'EmbedPress', 'Fireblade', 'Google Analytics', 'Google Cloud DNS', 'Google Font API', 'Google My Business', 'Google Tag Manager', 'Harbor', 'Hello Elementor', 'Kitco', 'Microdata for Google Shopping', 'PHP', 'QUIC', 'Site Kit', 'Table Addons for Elementor', 'Theme In WP', 'UTF-8', 'WP Accessibility', 'WordPress', 'WordPress Multisite', 'Yelp Badge', 'jQuery']"
yosemiteresorts.com,Home | Yosemite Resorts | Family Owned Lodging Since 1977,Yosemite Resorts,USA,82,25998,2026-10-09T09:53:36.193438307Z,"['Adobe Creative Cloud WebFonts', 'Alternate Protocol', 'Apache', 'Apture Linking Platform', 'Campspot', 'Constant Contact Wordpress Forms', 'Divi', 'Elegant Themes', 'EmbedPress', 'Fastly', 'Fireblade', 'FreeCSSTemplates', 'GZIP Module', 'Google', 'Google Analytics', 'Google Cloud CDN', 'Google Cloud DNS', 'Google Font API', 'Google My Business', 'Google Related Website Sites', 'Google Tag Manager', 'Hotjar', 'Instagram Feed for WordPress', 'Instagram Follow Button', 'Microdata for Google Shopping', 'PHP', 'Popup Builder', 'QUIC', 'SiteMinder', 'TablePress', 'Theme In WP', 'UTF-8', 'WP Accessibility', 'Woo Themes', 'WordPress', 'WordPress Multisite', 'eLand', 'jQuery', 'reCAPTCHA']"
hnhbregionalcancerprogram.ca,Home - Hamilton Niagara Haldimand Brant Regional Cancer Program,Hamilton Niagara Haldimand Brant Regional Cancer Program,CAN,75,5605,2026-10-09T09:53:36.187801294Z,"['Accordion Blocks', 'Alternate Protocol', 'Amazon WAF Blocked', 'Aruba', 'Content Delivery Network', 'DuracellTomi Google Tag Manager for WordPress', 'Elementor', 'EmbedPress', 'Financial Services Guide', 'Font Awesome', 'GTranslate', 'Google', 'Google Analytics', 'Google Cloud CDN', 'Google Cloud DNS', 'Google Font API', 'Google My Business', 'Google Tag Manager', 'Gravity', 'Gravity Forms', 'Gutenberg Blocks by Kadence Blocks', 'InitiativeS', 'Jetpack', 'Kadence WP', 'Max Mega Menu', 'Microdata for Google Shopping', 'Nginx', 'Ninja Forms', 'PHP', 'Popup Maker for Wordpress', 'QUIC', 'Recent Tweets Widget for WordPress', 'The Events Calendar', 'Theme In WP', 'UTF-8', 'WP Accessibility', 'Woo Themes', 'WooCommerce Checkout', 'WordPress', 'WordPress Multisite', 'WordPress Stats', 'eLand', 'jQuery', 'reCAPTCHA']"
newhopeboarding.com,"Pet Boarding & Grooming in Rogers, AR | New Hope Boarding & Grooming",,USA,82,19661,2026-10-09T09:34:01.899892854Z,"['AWS WAF Challenge', 'Alternate Protocol', 'Cloudflare', 'Cloudflare CDN', 'Content Delivery Network', 'Divi', 'Elegant Themes', 'EmbedPress', 'Font Awesome', 'Google', 'Google Analytics', 'Google Cloud CDN', 'Google Cloud DNS', 'Google Font API', 'Google My Business', 'Google Tag Manager', 'Microdata for Google Shopping', 'NitroPack', 'PHP', 'QUIC', 'Theme In WP', 'UTF-8', 'UserWay', 'WP Accessibility', 'WP Engine', 'WordPress', 'WordPress Multisite', 'jQuery']"
dddlightingdesign.co.uk,Lighting Design - ddd Lighting Design,ddd Lighting Design,GBR,77,29574,2026-10-09T09:27:25.326949713Z,"['AWS WAF Challenge', 'Alternate Protocol', 'BLR', 'Cloudflare', 'Cloudflare CDN', 'EmbedPress', 'Google', 'Google Analytics', 'Google My Business', 'Google Tag Manager', 'MapPress', 'Microdata for Google Shopping', 'Nginx', 'PHP', 'Parallels Plesk Panel', 'Perl', 'QUIC', 'Slider Revolution', 'Strong Testimonials', 'Theme In WP', 'ThemeFusion', 'Tumblr', 'Twitter Ads', 'UTF-8', 'WP Accessibility', 'WP jQuery Lightbox', 'WPForms', 'WhatsApp Sharing', 'WordPress', 'WordPress Multisite', 'jQuery', 'reCAPTCHA']"
andrewtohulka.net,Andrew Tohulka Memorial Foundation - CharitySmith,,USA,62,17746,2026-10-09T01:43:35.40603532Z,"['AWS WAF Challenge', 'Alternate Protocol', 'Apache', 'Cloudflare', 'Cloudflare CDN', 'Contact Form Plugin', 'Divi', 'DuracellTomi Google Tag Manager for WordPress', 'Elegant Themes', 'EmbedPress', 'GZIP Module', 'Google', 'Google Analytics', 'Google Cloud DNS', 'Google Font API', 'Google My Business', 'Google Tag Manager', 'Instagram Follow Button', 'PHP', 'QUIC', 'Theme In WP', 'Twitter Ads', 'UTF-8', 'University or College', 'WP Accessibility', 'Woo Themes', 'WordPress', 'WordPress Multisite', 'jQuery']"
pazeast.com,"Veterinarian in Austin, TX - Compassionate Pet Care | Paz Veterinary East",Paz Veterinary East,CAN,82,33258,2026-10-09T01:35:09.286734345Z,"['Alternate Protocol', 'Beaver Builder Lite', 'Coming Soon Page', 'Content Delivery Network', 'Contento', 'DC74', 'EmbedPress', 'Google', 'Google Analytics', 'Google Cloud DNS', 'Google Font API', 'Google My Business', 'Google Tag Manager', 'Gravity', 'Instagram Feed for WordPress', 'Instagram Follow Button', 'Microdata for Google Shopping', 'Ninja Forms', 'PHP', 'QUIC', 'Schema Plugin', 'Sucuri Cloudproxy', 'Theme In WP', 'UTF-8', 'WP Accessibility', 'WordPress', 'WordPress Multisite', 'Yelp Badge', 'jQuery']"
irentnaples.com,Naples Beach Vacations - CNE Vacation Rental,,,62,5862,2026-10-09T00:59:40.191614347Z,"['Alternate Protocol', 'Apture Linking Platform', 'Content Delivery Network', 'DAV', 'EmbedPress', 'GZIP Module', 'Google', 'Google Analytics', 'Google Cloud DNS', 'Google Font API', 'Google Maps', 'Google My Business', 'Google Tag Manager', 'Lazy Load for WordPress', 'Microdata for Google Shopping', 'Nginx', 'PHP', 'Smart Slider 3', 'StudioPress', 'Theme In WP', 'UTF-8', 'WP Accessibility', 'WP Engine', 'WordPress', 'WordPress Multisite', 'eLand', 'jQuery', 'reCAPTCHA']"
collectablesmarket.com,Shop Collectable Coins and Unique Items Online Today!,COLLECTABLES MARKET,USA,82,22224,2026-10-08T22:05:36.444708945Z,"['Alternate Protocol', 'Aruba', 'Automattic', 'Cloudflare', 'CoBlocks', 'Coming Soon Page', 'Content Delivery Network', 'DAV', 'Elementor', 'EmbedPress', 'GoDaddy', 'Google', 'Google Adsense', 'Google Analytics', 'Google Cloud DNS', 'Google Font API', 'Google Funding Choices', 'Google Matched Content', 'Google My Business', 'Google Related Website Sites', 'Google Reseller', 'Google Tag Manager', 'Instagram Follow Button', 'Jetpack', 'Microdata for Google Shopping', 'PHP', 'Pure.css', 'QUIC', 'Tailwind CSS', 'Theme In WP', 'UTF-8', 'WP Accessibility', 'Wangsu', 'Woo Themes', 'WooCommerce', 'WooCommerce Checkout', 'WooCommerce Payments', 'WordPress', 'WordPress Multisite', 'WordPress Stats', 'Yandex Hosting', 'eLand', 'jQuery']"
lighthousecottagesandcamping.ca,The Lighthouse Cottages and Camping | 365 Days a Year to be Off the Beaten Path,,USA,60,3281,2026-10-08T21:27:32.338888754Z,"['Alternate Protocol', 'Cloudflare', 'Content Delivery Network', 'Divi', 'Elegant Themes', 'EmbedPress', 'GoDaddy', 'Google Cloud DNS', 'Google Font API', 'Google Forms', 'Google My Business', 'PHP', 'Theme In WP', 'UTF-8', 'WP Accessibility', 'Wangsu', 'Woo Themes', 'WordPress', 'WordPress Multisite', 'jQuery']"
balanevsky.com,Stas Balanevsky – Real Traction for Your Business,,USA,65,35871,2026-10-08T21:12:10.444240343Z,"['AWS WAF Challenge', 'Adobe Creative Cloud WebFonts', 'Alternate Protocol', 'Amazon WAF Blocked', 'Aruba', 'Elementor', 'ElementsKit Elementor', 'EmbedPress', 'Google', 'Google Analytics', 'Google Cloud DNS', 'Google Font API', 'Google My Business', 'Google Recommendations AI', 'Google Tag Manager', 'Gravity', 'Gravity Forms', 'Hello Elementor', 'Instagram Follow Button', 'LiteSpeed', 'Matomo', 'Matomo Tag Manager', 'QUIC', 'The Plus Addons for Elementor', 'Twitter Ads', 'UTF-8', 'WP Accessibility', 'WordPress', 'WordPress Multisite', 'YouTube', 'eLand', 'jQuery']"
hurricanehealthandrehab.com,"Hurricane Health & Rehabilitation – Nursing Home, Physical Therapy, Healthcare – Hurricane, UT",,,55,17586,2026-10-08T21:00:18.219575217Z,"['Alternate Protocol', 'Amazon WAF Blocked', 'Anti-spam for WordPress', 'Apache', 'CleanTalk Spam Protect', 'Column Shortcodes', 'Content Delivery Network', 'Contento', 'EmbedPress', 'Fireblade', 'GZIP Module', 'Google Analytics', 'Google Cloud DNS', 'Google Font API', 'Google My Business', 'Google Related Website Sites', 'Google Tag Manager', 'Jetpack', 'Kriesi.at', 'PHP', 'Theme In WP', 'UTF-8', 'WP Accessibility', 'WordPress', 'WordPress Multisite', 'WordPress Stats', 'jQuery']"
yesformeck.com,Transportation for a Stronger Mecklenburg | Yes for Meck,YES for MECK,USA,82,3188,2026-10-08T20:04:35.984507669Z,"['Alternate Protocol', 'Amazon WAF Blocked', 'Apture Linking Platform', 'Aruba', 'DAV', 'Elementor', 'ElementsKit Elementor', 'EmbedPress', 'Google Analytics', 'Google Tag Manager', 'Gravity', 'Gravity Forms', 'Hello Elementor', 'Instagram Follow Button', 'LiteSpeed', 'Matomo', 'Matomo Tag Manager', 'Microdata for Google Shopping', 'PHP', 'Pagekit', 'Popup Maker for Wordpress', 'Sitelinks Search Box', 'Table Addons for Elementor', 'The Trade Desk Direct', 'UTF-8', 'WP Accessibility', 'WP Rocket', 'WordPress', 'WordPress Multisite', 'YouTube', 'eLand', 'jQuery']"
pinewoodmotelme.com,"Pinewood Motel – ""A Place of Simplistic Beauty""",,,60,1720,2026-10-08T19:27:42.910731872Z,"['Alternate Protocol', 'Cloudbeds', 'Content Delivery Network', 'Elementor', 'EmbedPress', 'Google Analytics', 'Google Maps', 'Google My Business', 'Google Tag Manager', 'Nginx', 'OceanWP', 'PHP', 'SiteGround Optimizer', 'Tailwind CSS', 'Theme In WP', 'TrustIndex', 'UTF-8', 'WP Accessibility', 'WP Mobile Menu', 'WPForms', 'Woo Themes', 'WooCommerce Checkout', 'WordPress', 'WordPress Multisite', 'jQuery']"
mccall.org.au,Disability Support Services in Western Sydney,McCall Services,AUS,77,20618,2026-10-08T17:43:02.259329911Z,"['AWS WAF Challenge', 'Alternate Protocol', 'Cloudflare', 'Cloudflare CDN', 'Column Shortcodes', 'Contact Form Plugin', 'Content Delivery Network', 'EmbedPress', 'Facebook Conversion Tracking', 'Facebook Login', 'Facebook Messenger Platform', 'Facebook Pixel', 'Facebook Reseller', 'Facebook Tag API', 'Fastly', 'FormSubmit', 'GZIP Module', 'Google', 'Google Analytics', 'Google Cloud CDN', 'Google My Business', 'Google Tag Manager', 'Gravity', 'Gravity Forms', 'Instagram Feed for WordPress', 'Instagram Follow Button', 'MailChimp for WordPress', 'Microdata for Google Shopping', 'Nginx', 'PHP', 'QUIC', 'Sitelinks Search Box', 'Slider Revolution', 'Smart Slider 3', 'The Events Calendar', 'Theme In WP', 'ThemeFusion', 'UTF-8', 'WP Accessibility', 'WP jQuery Lightbox', 'WPBakery', 'Woo Themes', 'WordPress', 'WordPress Multisite', 'WordPress Related Posts', 'eLand', 'jQuery']"
laurelhurstdentistry.com,"Dentist Near You in Portland, OR | Laurelhurst Dentistry",,USA,82,49184,2026-10-08T16:49:29.781676161Z,"['Adit Dental Software', 'Alternate Protocol', 'Amazon WAF Blocked', 'Apache', 'Apture Linking Platform', 'Bookform', 'Contento', 'EmbedPress', 'Fastly', 'Fireblade', 'GZIP Module', 'Google Analytics', 'Google Cloud DNS', 'Google Maps', 'Google My Business', 'Google Tag Manager', 'Lazy Load for WordPress', 'Microdata for Google Shopping', 'PHP', 'QUIC', 'Theme In WP', 'UTF-8', 'WP Accessibility', 'WP Rocket', 'WordPress', 'WordPress Multisite', 'jQuery']"
timeforworthing.uk,Welcome to Worthing - It’s time to take a closer look - Time for Worthing,Time for Worthing,GBR,82,19635,2026-10-08T15:58:29.413698804Z,"['Adobe Creative Cloud WebFonts', 'Alternate Protocol', 'Angular', 'CDN JS', 'Cloudflare', 'Cloudflare CDN', 'EmbedPress', 'EmbedSocial', 'Express', 'Font Awesome', 'Formidable Pro Form', 'Google Analytics', 'Google Cloud DNS', 'Google Font API', 'Google Tag Manager', 'Gtranslate for Wordpress', 'Instagram Follow Button', 'LiteSpeed', 'Microdata for Google Shopping', 'On The Map', 'PHP', 'Pagekit', 'Theme In WP', 'Twitter Ads', 'UTF-8', 'University or College', 'WP Accessibility', 'WordPress', 'WordPress Multisite', 'YouTube', 'jQuery']"
ahmadaffan.com,Ahmad Affan - Digital Marketing Strategist - Google Ads Expert,,PAK,82,3055,2026-10-08T15:58:29.405309974Z,"['Alternate Protocol', 'Content Delivery Network', 'EmbedPress', 'Flatsome', 'GZIP Module', 'Google', 'Google Analytics', 'Google Cloud CDN', 'Google My Business', 'Google Partners Badge', 'Google Tag Manager', 'IcoMoon', 'Instagram Follow Button', 'Microdata for Google Shopping', 'Nginx', 'PHP', 'QUIC', 'Sitelinks Search Box', 'Tailwind CSS', 'Theme In WP', 'Twitter Ads', 'UTF-8', 'WP Accessibility', 'Woo Themes', 'WooCommerce Checkout', 'WordPress', 'WordPress Multisite', 'jQuery', 'jsDelivr']"
positivesexed.org,Genital models for sexuality education professionals,Sex-ED + Outils pour l’éducation à la sexualité,,67,72973,2026-10-08T14:44:55.470430474Z,"['Alternate Protocol', 'Amazon WAF Blocked', 'Apache', 'Autoptimize', 'CCSI', 'CheryFramework', 'Complianz', 'EmbedPress', 'Financial Services Guide', 'Font Awesome', 'GZIP Module', 'Google My Business', 'Google Related Website Sites', 'IcoMoon', 'Instagram Follow Button', 'Meta Slider for WordPress', 'Microdata for Google Shopping', 'PHP', 'Recent Posts Widget With Thumbnails', 'SMC', 'Tailwind CSS', 'Theme In WP', 'UTF-8', 'Unicon', 'WP Accessibility', 'WP Super Cache', 'WPBakery', 'Woo Themes', 'WordPress', 'WordPress Multisite', 'YouTube', 'Zeffy', 'bbPress', 'jQuery', 'reCAPTCHA']"
kolodnylawfirm.com,Aggressive Houston Personal Injury Attorneys | Kolodny Law Firm,,USA,82,34605,2026-10-08T14:44:55.460797998Z,"['AJAX Libraries API', 'AWS WAF Challenge', 'Accordion Blocks', 'Adult Content', 'Alternate Protocol', 'Amazon WAF Blocked', 'Aruba', 'Autoptimize', 'CDN JS', 'ClickCease', 'Cloudflare', 'Cloudflare CDN', 'Column Shortcodes', 'Content Delivery Network', 'EmbedPress', 'Google', 'Google Analytics', 'Google Cloud DNS', 'Google Cloud Storage', 'Google Font API', 'Google My Business', 'Google Related Website Sites', 'Google Tag Manager', 'Gravity', 'Gravity Forms', 'Microdata for Google Shopping', 'PHP', 'Popup Maker for Wordpress', 'RM Education', 'Subversion', 'Tailwind CSS', 'UTF-8', 'WP Accessibility', 'WP Engine', 'WP PostRatings', 'Weglot', 'WordPress', 'WordPress Related Posts', 'YouTube', 'accessiBe', 'eLand', 'jQuery']"
providencefrisco.com,Home - Providence Church Frisco,Providence Church Frisco,USA,92,7786,2026-10-08T13:42:19.476996869Z,"['Adobe Creative Cloud WebFonts', 'Alternate Protocol', 'Church Center', 'Content Delivery Network', 'Divi', 'Elegant Themes', 'EmbedPress', 'Fastly', 'GZIP Module', 'Google', 'Google Analytics', 'Google Cloud CDN', 'Google Cloud DNS', 'Google Font API', 'Google Tag Manager', 'Instagram Follow Button', 'MailChimp', 'Microdata for Google Shopping', 'PHP', 'UTF-8', 'Vimeo', 'WP Accessibility', 'Woo Themes', 'WordPress', 'WordPress Multisite', 'YouTube']"
allaboutliving.com.au,Aged Care Support Services Brisbane | All About Living,All About Living,AUS,82,117726,2026-10-08T13:34:46.218091095Z,"['Alternate Protocol', 'Amazon WAF Blocked', 'AnyChat', 'Aruba', 'Automattic', 'Cloudflare', 'Content Delivery Network', 'Corporate Governance and Regulatory Compliance', 'DAV', 'DuracellTomi Google Tag Manager for WordPress', 'Easy Fancybox', 'Elementor', 'EmbedPress', 'Fireblade', 'Font Awesome', 'GeneratePress Company', 'Google', 'Google Analytics', 'Google Cloud DNS', 'Google Font API', 'Google My Business', 'Google Related Website Sites', 'Google Tag Manager', 'Gravity', 'Gravity Forms', 'Instagram Follow Button', 'Jetpack', 'K2F', 'KVH', 'LiteSpeed', 'Microdata for Google Shopping', 'MonsterInsights', 'Nationwide Mortgage Licensing System and Registry', 'No-Q', 'PHP', 'Pagekit', 'Popup Maker for Wordpress', 'QUIC', 'SMC', 'Site Kit', 'SiteW', 'Smush Image Optimization', 'Tailwind CSS', 'Theme In WP', 'Twitter Ads', 'UTF-8', 'WP Accessibility', 'WP Engine', 'WordPress', 'WordPress Multisite', 'WordPress Stats', 'eLand', 'jQuery', 'jQuery Pin It Button for Images', 'jsDelivr', 'reCAPTCHA']"
illuminatesupports.com.au,Illuminate Supports Adelaide | Personalised NDIS Support Services,,,67,2738,2026-10-08T10:38:51.795446708Z,"['Alternate Protocol', 'Elementor', 'EmbedPress', 'Essential Addons for Elementor', 'Google', 'Google Analytics', 'Google Cloud CDN', 'Google Cloud DNS', 'Google Font API', 'Google Tag Manager', 'Header, Footer and Blocks for Elementor', 'Hello Elementor', 'LiteSpeed', 'Microdata for Google Shopping', 'PHP', 'Table Addons for Elementor', 'Theme In WP', 'UTF-8', 'WP Accessibility', 'WordPress', 'WordPress Multisite', 'jQuery']"
senima.eu,SENIMA – 2022 Erasmus+ project,,ITA,72,19598,2026-10-08T09:31:08.107644972Z,"['AWS WAF Challenge', 'Alternate Protocol', 'Amazon WAF Blocked', 'Apache', 'Complianz', 'Elementor', 'EmbedPress', 'Express', 'GZIP Module', 'Google', 'Google Analytics', 'Google Cloud CDN', 'Google Cloud DNS', 'Google Font API', 'Google Tag Manager', 'Lazy Load for WordPress', 'Master Slider', 'NFOrce Internet', 'QUIC', 'UTF-8', 'WP Accessibility', 'WP Rocket', 'WPML Multilingual', 'WordPress', 'WordPress Multisite', 'eLand']"
sewickleylibrary.org,Home - Sewickley Public Library,,USA,82,15614,2026-10-08T09:17:51.311463264Z,"['AWS WAF Challenge', 'Alternate Protocol', 'Content Delivery Network', 'EmbedPress', 'GZIP Module', 'Google Analytics', 'Google My Business', 'Google Tag Manager', 'Instagram Follow Button', 'Lazy Load for WordPress', 'Microdata for Google Shopping', 'PHP', 'Sucuri Cloudproxy', 'Theme In WP', 'UTF-8', 'WP Accessibility', 'WP Mobile Menu', 'Woo Themes', 'WordPress', 'WordPress Multisite', 'YouTube', 'jQuery']"
nevadacef.org,Home - NCEF Financial Resources - Nevada Clean Energy Fund,Nevada Clean Energy Fund,USA,92,68141,2026-10-08T08:49:00.867634585Z,"['501c3 Status Nonprofit', 'Alternate Protocol', 'Beaver Builder Lite', 'Cloudflare', 'Content Delivery Network', 'Contento', 'EmbedPress', 'Fireblade', 'GTranslate', 'GoDaddy', 'Google', 'Google Analytics', 'Google Cloud DNS', 'Google Font API', 'Google Tag Manager', 'HubSpot WordPress Plugin', 'Investor Relations', 'Microdata for Google Shopping', 'PHP', 'Schema Plugin', 'Site Kit', 'SiteW', 'Theme In WP', 'UTF-8', 'WP Accessibility', 'Wangsu', 'WordPress', 'WordPress Multisite', 'YouTube', 'jQuery']"
sicilindiana.org,"Southern Indiana Center For Independent Living|,A non-profit that provides peer support to maximize thempowerment, independence and productivity of all involved with disabilities",,,67,366,2026-10-08T08:25:19.917359128Z,"['Alternate Protocol', 'Divi', 'Elegant Themes', 'EmbedPress', 'Font Awesome', 'Google Cloud DNS', 'Google Font API', 'LiteSpeed', 'PHP', 'QUIC', 'Tailwind CSS', 'Theme In WP', 'UTF-8', 'WP Accessibility', 'WordPress', 'WordPress Multisite', 'jQuery']"
tuxwise.net,"Linux Open Source News & Know-How, for Office Tasks - tuxwise",tuxwise,,75,2370,2026-10-08T07:02:20.487553516Z,"['Alternate Protocol', 'Apache', 'Autoptimize', 'EmbedPress', 'Enlighter', 'GZIP Module', 'License Buttons', 'Matomo', 'Matomo Tag Manager', 'Microdata for Google Shopping', 'Q2W3 Fixed Widget', 'UTF-8', 'WP Accessibility', 'WPFront Scroll Top', 'WordPress', 'WordPress Multisite', 'jQuery']"
gacglass.com,"GAC Architectural Systems | Glazing, Facades and Metals",,USA,82,22944,2026-10-08T06:08:52.095341175Z,"['Alternate Protocol', 'Amazon WAF Blocked', 'Apture Linking Platform', 'Divi', 'Elegant Themes', 'EmbedPress', 'GZIP Module', 'Google', 'Google Analytics', 'Google Cloud DNS', 'Google Font API', 'Google My Business', 'Google Related Website Sites', 'Google Tag Manager', 'Gravity Forms', 'HubSpot WordPress Plugin', 'Hubspot', 'Lazy Load for WordPress', 'LiteSpeed', 'Microdata for Google Shopping', 'Ntent', 'PHP', 'Sign In With Google', 'Site Kit', 'Sitelinks Search Box', 'UTF-8', 'WP Accessibility', 'WP Rocket', 'Woo Themes', 'WordPress', 'WordPress Multisite']"
spkielnarowa.pl,"Szkoła Podstawowa w Kielnarowej – „Uczymy się nie dla szkoły, lecz dla życia.”",,,55,10053,2026-10-08T03:37:24.38904175Z,"['Alternate Protocol', 'Apache', 'Cutomizr', 'Download Monitor', 'Ektron', 'Elementor', 'EmbedPress', 'Facebook CDN', 'GZIP Module', 'Google My Business', 'Google Workspace', 'PHP', 'Theme In WP', 'UTF-8', 'WP Accessibility', 'WordPress', 'WordPress Multisite', 'jQuery']"
rochester-orthodontics.com,Trusted Orthodontist in Rochester | Your Local Orthodontic Experts,,USA,82,3657,2026-10-08T03:17:11.891778828Z,"['Alternate Protocol', 'Apture Linking Platform', 'Cybot', 'EmbedPress', 'Event Tickets for Wordpress', 'Font Awesome', 'GZIP Module', 'Google Analytics', 'Google Cloud DNS', 'Google Maps', 'Google My Business', 'Google Tag Manager', 'Gravity', 'Gravity Forms', 'IcoMoon', 'Instagram Follow Button', 'LiteSpeed', 'LoftLoader', 'LottieFiles', 'Microdata for Google Shopping', 'PHP', 'QUIC', 'Thank You', 'The Events Calendar', 'Theme In WP', 'ThemeFusion', 'TrustIndex', 'UTF-8', 'University or College', 'WP Accessibility', 'WP jQuery Lightbox', 'Woo Themes', 'WordPress', 'WordPress Multisite', 'WordPress Related Posts', 'jQuery', 'reCAPTCHA']"
nimble-health.com,Musculoskeletal Concierge Health Care - Nimble Health,,USA,77,538,2026-10-08T02:54:47.547321263Z,"['Adobe Creative Cloud WebFonts', 'Alternate Protocol', 'Apache', 'AppNexus Direct', 'CDN JS', 'Cloudflare', 'Cloudflare CDN', 'Elegant Themes', 'EmbedPress', 'GZIP Module', 'Google Analytics', 'Google Cloud DNS', 'Google Font API', 'Google Tag Manager', 'Microdata for Google Shopping', 'PHP', 'PWA', 'QUIC', 'Theme In WP', 'Twitter Ads', 'UTF-8', 'WP Accessibility', 'WP Fastest Cache', 'WordPress', 'WordPress Multisite']"
bergstudios.com,Best Acting Classes Los Angeles | BERG STUDIOS,,USA,82,4070,2026-10-08T02:20:00.315362123Z,"['Alternate Protocol', 'ArvanCloud', 'Coming Soon Page', 'Content Delivery Network', 'DAV', 'Divi', 'Elegant Themes', 'EmbedPress', 'Event Tickets for Wordpress', 'GZIP Module', 'Google', 'Google Analytics', 'Google Cloud CDN', 'Google Cloud DNS', 'Google Font API', 'Google My Business', 'Google Tag Manager', 'Instagram Follow Button', 'Microdata for Google Shopping', 'Nginx', 'PHP', 'Pagekit', 'Smush Image Optimization', 'Theme In WP', 'UTF-8', 'University or College', 'UserWay', 'WP Accessibility', 'Woo Themes', 'WooCommerce Checkout', 'WordPress', 'WordPress Multisite', 'YouTube', 'jQuery', 'jsDelivr']"
gloucestercitylibrary.org,Gloucester City Library,,GBR,70,5543,2026-10-08T01:16:25.631321117Z,"['Alternate Protocol', 'Apache', 'Azion', 'Contact Form Plugin', 'DAV', 'EmbedPress', 'Font Awesome', 'GTranslate', 'GZIP Module', 'Google Analytics', 'Google Cloud DNS', 'Google Font API', 'Google My Business', 'Google Tag Manager', 'Gutenberg Blocks by Kadence Blocks', 'Meta Slider for WordPress', 'Microdata for Google Shopping', 'Oddle', 'PHP', 'Perl', 'Simple Social Icons', 'StudioPress', 'The Events Calendar', 'The Post Grid', 'Theme In WP', 'UTF-8', 'UberMenu', 'W3 Total Cache', 'WP Accessibility', 'WPFront Scroll Top', 'WordPress', 'WordPress Multisite', 'WordPress SEO Structured Data Schema Plugin', 'eLand', 'jQuery', 'reCAPTCHA']"
rivervalleypools.ca,River Valley Pools | Pool Installation and Pool Product Supplier,,CAN,77,16328,2026-10-08T00:16:49.382555744Z,"['Alternate Protocol', 'Apache', 'Contact Form Plugin', 'EmbedPress', 'GZIP Module', 'Google Cloud DNS', 'Google Font API', 'Google Maps', 'Google My Business', 'Microdata for Google Shopping', 'PHP', 'Slider Revolution', 'Tailwind CSS', 'Theme In WP', 'UTF-8', 'WP Accessibility', 'Wangsu', 'WordPress', 'WordPress Multisite', 'jQuery', 'reCAPTCHA']"
pepabandera.es,Home - Pepa Bandera,,ESP,70,16206,2026-10-07T23:18:57.478038031Z,"['Adult Content', 'Alternate Protocol', 'Complianz', 'Contact Form Plugin', 'Corporate Governance and Regulatory Compliance', 'DAV', 'EmbedPress', 'Express', 'Fireblade', 'Google Analytics', 'Google Cloud DNS', 'Google Font API', 'Google Related Website Sites', 'Google Tag Manager', 'Instagram Follow Button', 'Microdata for Google Shopping', 'Nginx', 'PHP', 'Polylang', 'Slider Revolution', 'The7', 'Theme In WP', 'UTF-8', 'WP Accessibility', 'WPBakery', 'WordPress', 'WordPress Multisite', 'YouTube', 'jQuery']"
rmcarchitects.com,Home - RMC Architects,RMC Architects,IND,80,22437,2026-10-07T23:13:13.916676471Z,"['AWS WAF Challenge', 'Alternate Protocol', 'Amazon', 'Amazon S3 CDN', 'Cloudflare', 'Cloudflare CDN', 'Content Delivery Network', 'EmbedPress', 'Google', 'Google Analytics', 'Google Cloud CDN', 'Google Cloud DNS', 'Google Font API', 'Google My Business', 'Google Related Website Sites', 'Google Tag Manager', 'Instagram Follow Button', 'Microdata for Google Shopping', 'MonsterInsights', 'PHP', 'Simple Banner for Wordpress', 'Slider Revolution', 'Storyblocks', 'Tailwind CSS', 'Theme In WP', 'Twitter Ads', 'UTF-8', 'WP Accessibility', 'WP Engine', 'WordPress', 'WordPress Multisite', 'jQuery']"
casinodma.com,Casino DMA Home - Casino DMA,Casino DMA,USA,70,20504,2026-10-07T22:23:28.841646891Z,"['Alternate Protocol', 'Animate It', 'Apache', 'EmbedPress', 'Fonts Plugin', 'GZIP Module', 'Gambling Content', 'Google Analytics', 'Google Cloud DNS', 'Google Font API', 'Google Tag Manager', 'HubSpot Conversations', 'HubSpot WordPress Plugin', 'Hubspot', 'Line2', 'Meta Slider for WordPress', 'Microdata for Google Shopping', 'Modern Events Calendar Lite', 'Nectar Slide Plugin', 'PHP', 'Post Grid', 'QUIC', 'Salient', 'Tailwind CSS', 'Theme In WP', 'Twitter Ads', 'UTF-8', 'University or College', 'WP Accessibility', 'WPBakery', 'WoWonder', 'WordPress', 'WordPress Multisite', 'jQuery']"
animalhospitaloflewisville.com,"Animal Hospital of Lewisville - Veterinarian & Animal Hospital in Lewisville, NC",Animal Hospital of Lewisville,USA,92,43741,2026-10-07T22:18:34.236914945Z,"['Alternate Protocol', 'Beaver Builder Lite', 'Content Delivery Network', 'Contento', 'EmbedPress', 'Financial Services Guide', 'Fireblade', 'Google', 'Google Analytics', 'Google Cloud DNS', 'Google Font API', 'Google My Business', 'Google Related Website Sites', 'Google Tag Manager', 'Instagram Follow Button', 'Microdata for Google Shopping', 'PHP', 'QUIC', 'Schema Plugin', 'Sucuri Cloudproxy', 'Theme In WP', 'UTF-8', 'WP Accessibility', 'WordPress', 'WordPress Multisite', 'Yelp Badge', 'jQuery']"
advantageairllc.com,"HVAC Services | Heating And Cooling Repairs In St. Louis County, MO",,FRA,82,46076,2026-10-07T21:06:35.628440108Z,"['Alternate Protocol', 'Amazon WAF Blocked', 'Aruba', 'Beaver Builder Lite', 'Cloudflare', 'Cloudflare CDN', 'Content Delivery Network', 'Contento', 'DAV', 'EmbedPress', 'Fireblade', 'Font Awesome', 'Google', 'Google Analytics', 'Google Cloud DNS', 'Google Font API', 'Google My Business', 'Google Tag Manager', 'Gravity', 'Gravity Forms', 'Kinsta', 'Lazy Load for WordPress', 'Max Mega Menu', 'Max Mega Menu Pro', 'Microdata for Google Shopping', 'Ntent', 'Perl', 'QUIC', 'SVG Support', 'Schema Plugin', 'Sitelinks Search Box', 'Twitter Ads', 'UTF-8', 'WP Accessibility', 'WP Rocket', 'WordPress', 'WordPress Multisite', 'YouTube', 'eLand', 'jQuery', 'reCAPTCHA']"
webstermanorrehab.com,Homepage - Webster Manor Rehabilitation & Health Care Center,,,60,1860,2026-10-07T21:02:20.306334019Z,"['Alternate Protocol', 'AthenaHealth', 'DAV', 'EmbedPress', 'Express', 'Facebook Login', 'Facebook Messenger Platform', 'Facebook Reseller', 'Fontello', 'GZIP Module', 'Google Analytics', 'Google Cloud DNS', 'Google Font API', 'Google Tag Manager', 'IcoMoon', 'Microdata for Google Shopping', 'Nginx', 'PHP', 'Page scroll to id', 'QUIC', 'Theme In WP', 'UTF-8', 'WP Accessibility', 'WPBakery', 'WordPress', 'WordPress Multisite', 'YouTube', 'eLand', 'jQuery']"
eyedealwarranty.com,Eyedeal Warranty,Eyedeal Warranty,,65,17292,2026-10-07T20:20:44.693145265Z,"['AWS WAF Challenge', 'Alternate Protocol', 'CDN JS', 'Cloudflare', 'Cloudflare CDN', 'Content Delivery Network', 'EmbedPress', 'FreeCSSTemplates', 'Google Cloud DNS', 'Google Font API', 'Microdata for Google Shopping', 'PHP', 'Page scroll to id', 'StudioPress', 'Tailwind CSS', 'Theme In WP', 'UTF-8', 'WP Accessibility', 'WP Engine', 'Woo Themes', 'WordPress', 'WordPress Multisite', 'jQuery']"
summitfms.com,Summit Financial Services Management - Summit FMS,,,50,221,2026-10-07T19:51:32.194332326Z,"['Alternate Protocol', 'Amazon WAF Blocked', 'Apture Linking Platform', 'EmbedPress', 'Font Awesome', 'GZIP Module', 'Google', 'Google Cloud DNS', 'Google Font API', 'Lazy Load for WordPress', 'Microdata for Google Shopping', 'Nginx', 'PHP', 'Schema Plugin', 'Twitter Ads', 'UTF-8', 'WP Accessibility', 'WP Rocket', 'WhatsApp Sharing', 'WordPress', 'WordPress Multisite']"
prm-soft.com,Prime-Soft – Software Experts,,,50,3363,2026-10-07T19:26:16.892850983Z,"['AWS WAF Challenge', 'Alternate Protocol', 'Astra Theme', 'Cloudflare', 'Cloudflare CDN', 'CoBlocks', 'Content Delivery Network', 'Elementor', 'EmbedPress', 'GoDaddy', 'Google', 'Google Cloud DNS', 'Google Font API', 'Google My Business', 'PHP', 'Theme In WP', 'UTF-8', 'WP Accessibility', 'Wangsu', 'Woo Themes', 'WordPress', 'WordPress Multisite', 'WordPress Related Posts', 'jQuery']"
briscoefirm.com,Home - Briscoe Prows Kao Ivester & Bazel LLP,Briscoe Ivester & Bazel LLP,GBR,85,33742,2026-10-07T17:45:29.785304645Z,"['AWS WAF Challenge', 'Alternate Protocol', 'Azion', 'Cisco/Arrowpoint Content Service Switch', 'Cloudflare', 'Contact Form Plugin', 'Content Delivery Network', 'DAV', 'Elementor', 'EmbedPress', 'Google', 'Google Analytics', 'Google Cloud DNS', 'Google Font API', 'Google My Business', 'Google Tag Manager', 'IcoMoon', 'Instagram Follow Button', 'Line2', 'Microdata for Google Shopping', 'PHP', 'Perl', 'Plausible Analytics', 'Popup Maker for Wordpress', 'RM Education', 'Site Kit', 'Theme In WP', 'UTF-8', 'WP Accessibility', 'WP Engine', 'Woo Themes', 'WordPress', 'WordPress Multisite', 'eLand', 'jQuery']"
wadsworthglen.com,Homepage - Wadsworth Glen Health Care & Rehabilitation Center,,USA,70,15578,2026-10-07T17:40:59.749534022Z,"['Alternate Protocol', 'AthenaHealth', 'DAV', 'EmbedPress', 'Facebook Login', 'Facebook Messenger Platform', 'Facebook Reseller', 'Fontello', 'GZIP Module', 'Google Analytics', 'Google Cloud DNS', 'Google Font API', 'Google Tag Manager', 'IcoMoon', 'Microdata for Google Shopping', 'Nginx', 'PHP', 'Page scroll to id', 'QUIC', 'Theme In WP', 'UTF-8', 'WP Accessibility', 'WPBakery', 'WordPress', 'WordPress Multisite', 'eLand', 'jQuery']"
indiefest.ca,IndieFest – re:Naissance | Art reimagining possibilities,,CAN,82,20766,2026-10-07T16:58:11.356412932Z,"['AWS WAF Challenge', 'Alternate Protocol', 'Automattic', 'BatCache', 'EmbedPress', 'Fastly', 'Google', 'Google Analytics', 'Google Cloud DNS', 'Google Font API', 'Google My Business', 'Google Tag Manager', 'Gutenberg', 'Instagram Follow Button', 'Jetpack', 'Jetpack Site Accelerator', 'MonsterInsights', 'Nginx', 'Perl', 'UTF-8', 'WP Accessibility', 'Woo Themes', 'WordPress', 'WordPress Multisite', 'WordPress Stats', 'jQuery']"
gatewayhospice.com,"Hospice in Pittsburgh & Canonsburg, PA | Gateway Hospice",,USA,82,19543,2026-10-07T16:21:02.54291411Z,"['AWS WAF Challenge', 'Alternate Protocol', 'Cloudflare', 'Cloudflare CDN', 'Content Delivery Network', 'Divi', 'Elegant Themes', 'EmbedPress', 'Font Awesome', 'GZIP Module', 'Google', 'Google Analytics', 'Google Cloud DNS', 'Google Font API', 'Google My Business', 'Google Tag Manager', 'Microdata for Google Shopping', 'Microsoft Clarity', 'Nginx', 'PHP', 'Popup Maker for Wordpress', 'Theme In WP', 'Twitter Ads', 'UTF-8', 'UserWay', 'WP Accessibility', 'WP Engine', 'WordPress', 'WordPress Multisite', 'eLand', 'jQuery']"
humanark.gr,Human Ark,,,60,218,2026-10-07T15:19:38.097161706Z,"['Alternate Protocol', 'Contact Form Plugin', 'Content Delivery Network', 'EmbedPress', 'Flatsome', 'GZIP Module', 'Google Cloud DNS', 'Google Font API', 'Google My Business', 'IcoMoon', 'LiteSpeed', 'Nginx', 'PHP', 'PayPal Adaptive Payments', 'Polylang', 'Social Media Widget', 'Theme In WP', 'UTF-8', 'WP Accessibility', 'Woo Themes', 'WooCommerce', 'WooCommerce Checkout', 'WordPress', 'WordPress Multisite', 'jQuery']"
homeawhilemaine.com,Apartment Style Hotel Portland Maine | HomeAwhile,,,77,25154,2026-10-07T15:00:42.115900049Z,"['AWS WAF Challenge', 'Adobe Creative Cloud WebFonts', 'Alternate Protocol', 'Amazon WAF Blocked', 'Aruba', 'Cloudflare', 'Content Delivery Network', 'EmbedPress', 'Express', 'Google Analytics', 'Google Tag Manager', 'Gravity', 'Gravity Forms', 'Instagram Feed for WordPress', 'Instagram Follow Button', 'Mews Commander', 'Microdata for Google Shopping', 'PHP', 'Perl', 'Popup Maker for Wordpress', 'QUIC', 'Tailwind CSS', 'Theme In WP', 'UTF-8', 'WP Accessibility', 'WP Engine', 'WordPress', 'WordPress Multisite', 'eLand', 'jQuery']"
whitepeakcreative.com,Web Design in Littlehampton - WhitePeak Creative,WhitePeakCreative,,82,5994,2026-10-07T14:26:13.400803211Z,"['Alternate Protocol', 'Apture Linking Platform', 'Content Delivery Network', 'Cybot', 'EmbedPress', 'GZIP Module', 'Google', 'Google Analytics', 'Google Cloud DNS', 'Google Font API', 'Google Related Website Sites', 'Google Tag Manager', 'Instagram Follow Button', 'LiteSpeed', 'Microdata for Google Shopping', 'PHP', 'Pinterest Conversion Tracking', 'QUIC', 'Theme In WP', 'UTF-8', 'WP Accessibility', 'WordPress', 'WordPress Multisite', 'Yandex Hosting']"
outofmex.com,Buy Mexican Chiles | Premium Dried Chiles Direct from Mexico,Dried Chiles Direct from Mexico,USA,92,51300,2026-10-07T10:34:09.336243604Z,"['Alternate Protocol', 'Amazon WAF Blocked', 'Apture Linking Platform', 'Aruba', 'Cloudflare', 'Content Delivery Network', 'Divi', 'Elegant Themes', 'EmbedPress', 'Font Awesome', 'GoDaddy', 'Google', 'Google Analytics', 'Google Cloud CDN', 'Google Cloud DNS', 'Google Font API', 'Google My Business', 'Google Tag Manager', 'Gravity', 'Gravity Forms', 'Microdata for Google Shopping', 'PHP', 'Perl', 'Pico CSS', 'The Fresh', 'Theme In WP', 'UTF-8', 'WP Accessibility', 'WP Rocket', 'Wangsu', 'WebToffee GDPR Plugin', 'Woo Themes', 'WooCommerce', 'WooCommerce Checkout', 'WordPress', 'WordPress Multisite', 'eLand', 'hCaptcha', 'jQuery', 'reCAPTCHA']"
vinjenaturlegvis.no,"Flytte til Vinje? Informasjon til deg som vil bu, jobbe, skape og oppleve Vinje - Vinje",,NOR,70,7796,2026-10-07T09:40:54.272290976Z,"['501c3 Status Nonprofit', 'AJAX Libraries API', 'Alternate Protocol', 'Apture Linking Platform', 'Astra Theme', 'Cloudflare', 'Cloudflare CDN', 'Content Delivery Network', 'Elementor', 'Elementor Custom Skin', 'EmbedPress', 'EmbedSocial', 'Essential Addons for Elementor', 'Financial Services Guide', 'Google Cloud DNS', 'Google Font API', 'Google Maps', 'Google My Business', 'Instagram Follow Button', 'Microdata for Google Shopping', 'NFOrce Internet', 'PHP', 'Premium Addons for Elementor', 'Theme In WP', 'Twitter Ads', 'UTF-8', 'Unlimited Elements For Elementor', 'Vector Internet Services', 'WP Accessibility', 'Woo Themes', 'WordPress', 'WordPress Multisite', 'WordPress Related Posts', 'YouTube', 'jQuery']"
capecodclimate.org,We Have the Power to Change Our Future | Cape Cod Climate Change Collaborative,Cape Cod Climate Change Collaborative,,67,33740,2026-10-07T09:08:29.209452043Z,"['501c3 Status Nonprofit', 'Alternate Protocol', 'Amazon WAF Blocked', 'Apture Linking Platform', 'Aruba', 'Constant Contact', 'Content Delivery Network', 'Contento', 'EmbedPress', 'Fastly', 'GTranslate', 'GZIP Module', 'Google', 'Google Analytics', 'Google Cloud CDN', 'Google Cloud DNS', 'Google Font API', 'Google My Business', 'Google Tag Manager', 'Gravity', 'Gravity Forms', 'Impreza', 'InitiativeS', 'Instagram Follow Button', 'Microdata for Google Shopping', 'Nginx', 'PHP', 'Sitelinks Search Box', 'Slider Revolution', 'SmartCrawl', 'The Events Calendar', 'Theme In WP', 'Twitter Ads', 'UTF-8', 'Visual Composer Ultimate Addons', 'WP Accessibility', 'WP Engine', 'WPBakery', 'Woo Themes', 'WordPress', 'WordPress Multisite', 'YouTube', 'eLand', 'jQuery', 'reCAPTCHA']"
peninsula.gr,Peninsula Resort & Spa – All Inclusive Hotel in Crete with Sea Views,,GBR,82,2588,2026-10-07T08:06:04.3458683Z,"['Alternate Protocol', 'Azion', 'Contact Form Plugin', 'EmbedPress', 'Google Analytics', 'Google Cloud DNS', 'Google Font API', 'Google My Business', 'Google Tag Manager', 'Instagram Feed for WordPress', 'Instagram Follow Button', 'LiteSpeed', 'Microdata for Google Shopping', 'PHP', 'Perl', 'Theme In WP', 'UTF-8', 'WP Accessibility', 'WordPress', 'WordPress Multisite', 'eLand', 'jQuery', 'reCAPTCHA']"
afpdet.org,AFP Greater Detroit | Elevate Your Impact & Advance Your Career,,USA,77,97988,2026-10-07T07:38:18.332740139Z,"['501c3 Status Nonprofit', 'AWS WAF Challenge', 'Alternate Protocol', 'Beaver Builder Lite', 'Cloudflare', 'Cloudflare CDN', 'Content Delivery Network', 'Contento', 'Corporate Governance and Regulatory Compliance', 'EmbedPress', 'Fastly', 'GitHub Hosting', 'Google', 'Google Cloud DNS', 'Google Font API', 'Google My Business', 'Gravity', 'Instagram Follow Button', 'Max Mega Menu Pro', 'Microdata for Google Shopping', 'PHP', 'QUIC', 'SMC', 'Schema Plugin', 'Sitelinks Search Box', 'The Events Calendar', 'Theme In WP', 'UTF-8', 'University or College', 'Vimeo', 'WP Accessibility', 'Woo Themes', 'WooCommerce Checkout', 'WordPress', 'WordPress Multisite', 'Yandex Hosting', 'YouTube', 'Zeffy', 'jQuery']"
kdapmeaentaxi.gr,ΕΝΤΑΞΗ | ΚΔΑΠ μεΑ & ΚΔΗΦ ΑμεΑ,ΕΝΤΑΞΗ | ΚΔΑΠ μεΑ &amp; ΚΔΗΦ ΑμεΑ,,82,16562,2026-10-07T06:24:39.096773248Z,"['Alternate Protocol', 'Bulma', 'Contact Form Plugin', 'Content Delivery Network', 'ContentViews', 'EmbedPress', 'Fireblade', 'GZIP Module', 'Gambling Content', 'Google Cloud DNS', 'Google Font API', 'Google My Business', 'Google Related Website Sites', 'IcoMoon', 'Instagram Follow Button', 'Microdata for Google Shopping', 'Nginx', 'PHP', 'Popup Maker for Wordpress', 'Slider Revolution', 'Theme In WP', 'UTF-8', 'W3 Total Cache', 'WP Accessibility', 'WPBakery', 'WordPress', 'WordPress Multisite', 'eLand', 'jQuery']"
ivirtus.com.au,iVirtus,,AUS,65,24165,2026-10-07T06:05:24.102287583Z,"['AWS WAF Challenge', 'Akismet', 'Alternate Protocol', 'Amazon S3 CDN', 'Cloudflare', 'Content Delivery Network', 'ETranslate', 'Elementor', 'EmbedPress', 'GTranslate', 'Genesis Blocks', 'Google', 'Google Analytics', 'Google Cloud CDN', 'Google Cloud DNS', 'Google Font API', 'Google My Business', 'Google Tag Manager', 'Gravity', 'Gravity Forms', 'Gtranslate for Wordpress', 'Microdata for Google Shopping', 'Onum Theme', 'PHP', 'QUIC', 'Schema Plugin', 'Slider Revolution', 'Storyblocks', 'Table Addons for Elementor', 'Theme In WP', 'UTF-8', 'WP Accessibility', 'WP Engine', 'WordPress', 'WordPress Multisite', 'jQuery', 'reCAPTCHA', 'shadcn ui']"
precisesight.com,Eye Doctor for Comprehensive Eye Care Services,Precise Sight,USA,92,34496,2026-10-07T05:18:44.046958996Z,"['AWS WAF Challenge', 'Alternate Protocol', 'Cloudflare', 'Cloudflare CDN', 'Content Delivery Network', 'DAV', 'Elementor', 'EmbedPress', 'Express', 'GoDaddy', 'Google', 'Google Analytics', 'Google Cloud DNS', 'Google Font API', 'Google My Business', 'Google Related Website Sites', 'Google Tag Manager', 'Header, Footer and Blocks for Elementor', 'Hello Elementor', 'Instagram Follow Button', 'Microdata for Google Shopping', 'PHP', 'Site Kit', 'Theme In WP', 'TrustIndex', 'UTF-8', 'University or College', 'WP Accessibility', 'Wangsu', 'WordPress', 'WordPress Multisite', 'jQuery']"
pims.edu,HOME - Pittsburgh Institute of Mortuary Science,Pittsburgh Institute of Mortuary Science,USA,92,84156,2026-10-07T05:10:23.345644677Z,"['Alternate Protocol', 'Content Delivery Network', 'Corporate Governance and Regulatory Compliance', 'Divi', 'Elegant Themes', 'EmbedPress', 'Fastly', 'GZIP Module', 'GiveWP', 'Google', 'Google Analytics', 'Google Cloud CDN', 'Google Cloud DNS', 'Google Font API', 'Google Related Website Sites', 'Google Tag Manager', 'Hotjar', 'Instagram Follow Button', 'Microdata for Google Shopping', 'PHP', 'Prospective', 'QUIC', 'SMC', 'Theme In WP', 'UTF-8', 'University or College', 'WP Accessibility', 'Woo Themes', 'WordPress', 'WordPress Multisite', 'YouTube', 'itslearning', 'jQuery']"
oteriyakifood.com,O Teriyaki,,,55,161,2026-10-07T05:00:33.333538809Z,"['Alternate Protocol', 'Contact Form Plugin', 'Content Delivery Network', 'DAV', 'EmbedPress', 'Google Cloud DNS', 'Google Font API', 'Mesmerize', 'Mesmerize Companion', 'Nginx', 'PHP', 'Tailwind CSS', 'Theme In WP', 'UTF-8', 'WP Accessibility', 'WordPress', 'WordPress Multisite', 'jQuery']"
manekfinancial.com,Home - Manek Financial,,IND,82,17622,2026-10-07T02:21:59.362039828Z,"['Alternate Protocol', 'Cloudflare', 'Contact Form Plugin', 'Content Delivery Network', 'Corporate Governance and Regulatory Compliance', 'Elementor', 'EmbedPress', 'Fireblade', 'FreeCSSTemplates', 'GoDaddy', 'Google Analytics', 'Google Cloud DNS', 'Google Font API', 'Google Forms', 'Google My Business', 'Google Related Website Sites', 'Google Tag Manager', 'IcoMoon', 'Instagram Follow Button', 'JotForm', 'Microdata for Google Shopping', 'PHP', 'QUIC', 'QuadLayers', 'Site Kit', 'Sitelinks Search Box', 'TablePress', 'Theme In WP', 'UTF-8', 'WP Accessibility', 'Woo Themes', 'WooCommerce Checkout', 'WordPress', 'WordPress Multisite', 'eLand', 'jQuery', 'shadcn ui']"
headwaynorthwestlondon.org.uk,Headway North West London (HNWL),,GBR,77,237,2026-10-07T02:06:16.957519799Z,"['Accelerate', 'Alternate Protocol', 'Apache', 'EmbedPress', 'GZIP Module', 'Google Analytics', 'Google Cloud DNS', 'Google Font API', 'Microdata for Google Shopping', 'PHP', 'ShareThis', 'Theme In WP', 'UTF-8', 'WP Accessibility', 'Woo Themes', 'WordPress', 'WordPress Multisite', 'jQuery']"
inaconference.org,"2027 Annual INA Conference - April 9-11, 2027",,,67,4350,2026-10-07T01:26:11.35187401Z,"['Alternate Protocol', 'Bulma', 'Contact Form Plugin', 'Content Delivery Network', 'Elementor', 'EmbedPress', 'Essential Addons for Elementor', 'Essentials Theme', 'Fastly', 'GZIP Module', 'Google Analytics', 'Google Cloud DNS', 'Google Font API', 'Google Tag Manager', 'JetElements', 'Microdata for Google Shopping', 'NFOrce Internet', 'PHP', 'Page scroll to id', 'RegFox', 'Tailwind CSS', 'Theme In WP', 'To Top', 'UTF-8', 'WP Accessibility', 'WordPress', 'WordPress Multisite', 'jQuery']"
cajuncoast.com,Home | Cajun Coast - cajuncoast.com,cajuncoast.com,USA,75,2206,2026-10-07T01:02:17.077491268Z,"['AJAX Libraries API', 'Alternate Protocol', 'Apple Auto Link Maker', 'Apture Linking Platform', 'Content Delivery Network', 'DAV', 'Elementor', 'EmbedPress', 'Essential Addons for Elementor', 'Event Tickets for Wordpress', 'Facebook Conversion Tracking', 'Facebook Login', 'Facebook Messenger Platform', 'Facebook Pixel', 'Facebook Reseller', 'Facebook Tag API', 'Font Awesome', 'GZIP Module', 'Gambling Content', 'Google Analytics', 'Google Cloud DNS', 'Google Maps', 'Google My Business', 'Google Play', 'Google Tag Manager', 'Hello Elementor', 'Instagram Follow Button', 'JetElements', 'LiteSpeed', 'MailOptin for Wordpress', 'Microdata for Google Shopping', 'PHP', 'Sojern', 'The Events Calendar', 'Theme In WP', 'Twitter Ads', 'UTF-8', 'W3 Total Cache', 'WP Accessibility', 'WordPress', 'WordPress Multisite', 'YouTube', 'jQuery', 'reCAPTCHA']"
santerraproperties.com,Home - San Terra Properties - San Diego Property Management and Real Estate,San Terra Properties - San Diego Property Management and Real Estate,USA,82,27397,2026-10-07T00:19:35.19570177Z,"['AWS WAF Challenge', 'Alternate Protocol', 'AppFolio', 'Astra Theme', 'Cloudflare', 'Cloudflare CDN', 'Contact Form Plugin', 'Content Delivery Network', 'Elementor', 'EmbedPress', 'Events Manager for WordPress', 'Facebook Conversion Tracking', 'Facebook Login', 'Facebook Messenger Platform', 'Facebook Pixel', 'Facebook Reseller', 'Facebook Tag API', 'FormSubmit', 'Google', 'Google Analytics', 'Google My Business', 'Google Tag Manager', 'Header, Footer and Blocks for Elementor', 'Instagram Follow Button', 'Lazy Load for WordPress', 'Microdata for Google Shopping', 'PHP', 'Strong Testimonials', 'Theme In WP', 'UTF-8', 'WP Accessibility', 'WP Engine', 'WP Rocket', 'Woo Themes', 'WordPress', 'WordPress Multisite', 'WordPress Related Posts', 'YouTube', 'jQuery']"
rodriguesdental.com,"Dentist in Fall River, MA | Rodrigues Dental Group",,USA,82,19452,2026-10-07T00:05:34.316048987Z,"['AWS WAF Challenge', 'Alternate Protocol', 'Cloudflare', 'Content Delivery Network', 'Divi', 'Elegant Themes', 'EmbedPress', 'Font Awesome', 'Google', 'Google Analytics', 'Google Cloud CDN', 'Google Cloud DNS', 'Google Customer Reviews', 'Google Font API', 'Google My Business', 'Google Tag Manager', 'Microdata for Google Shopping', 'Microsoft Clarity', 'PHP', 'Pagekit', 'Popup Maker for Wordpress', 'Theme In WP', 'UTF-8', 'WP Accessibility', 'WP Engine', 'WPForms', 'WordPress', 'WordPress Multisite', 'jQuery']"
lakeareaadventures.com,Things to Do in Lake Charles - Lake Area Adventures,Lake Area Adventures,USA,82,3973,2026-10-06T23:27:33.86400722Z,"['Alternate Protocol', 'Coming Soon Page', 'Content Delivery Network', 'Divi', 'Elegant Themes', 'EmbedPress', 'FareHarbor', 'Fastly', 'GZIP Module', 'Google Analytics', 'Google Cloud DNS', 'Google Font API', 'Google My Business', 'Google Tag Manager', 'Harbor', 'Instagram Follow Button', 'Microdata for Google Shopping', 'Nginx', 'Oddle', 'PHP', 'Theme In WP', 'Twitter Ads', 'UTF-8', 'University or College', 'WP Accessibility', 'Woo Themes', 'WordPress', 'WordPress Multisite', 'YouTube', 'eLand', 'jQuery']"
mycorrhizae.com,Mycorrhizae Biostimulants for Plants | Horticulture Soil & Garden Mycorrhizal Products,Mycorrhizal Applications,,72,7706,2026-10-06T20:22:26.876492771Z,"['Alternate Protocol', 'Apture Linking Platform', 'Content Delivery Network', 'Data Tables Generator by Supsystic', 'EmbedPress', 'GZIP Module', 'Google Analytics', 'Google Cloud DNS', 'Google Font API', 'Google Related Website Sites', 'Google Tag Manager', 'IcoMoon', 'Microdata for Google Shopping', 'Nectar Slide Plugin', 'Nginx', 'PHP', 'Pagekit', 'Pleroma', 'QUIC', 'Salient', 'Theme In WP', 'Twitter Ads', 'UTF-8', 'Vector Internet Services', 'WP Accessibility', 'WP Engine', 'WPBakery', 'WordPress', 'WordPress Multisite', 'YouTube', 'YouTube Advanced by Embed Plus', 'jQuery']"
cidilabs.com,Cidi Labs | Course Design and Accessibility for Canvas,Cidi Labs,,72,31304,2026-10-06T19:44:45.50844376Z,"['AWS WAF Challenge', 'Alternate Protocol', 'Amazon WAF Blocked', 'Apture Linking Platform', 'Cloudflare', 'Cloudflare Web Analytics', 'Content Delivery Network', 'DuracellTomi Google Tag Manager for WordPress', 'Elementor', 'Elementor Addon Elements', 'EmbedPress', 'Essential Addons for Elementor', 'Font Awesome', 'FullCalendar', 'Google Analytics', 'Google My Business', 'Google Tag Manager', 'Gusto', 'HubSpot WordPress Plugin', 'Lazy Load for WordPress', 'LinkedIn Insights', 'LinkedIn Pixel', 'Menu Icons by ThemeIsle', 'Microdata for Google Shopping', 'MonsterInsights', 'PHP', 'Pleroma', 'QUIC', 'Slack', 'Theme In WP', 'Twenty Seventeen', 'UTF-8', 'University or College', 'WP Accessibility', 'WP Engine', 'WP Rocket', 'WordPress', 'WordPress Multisite', 'YouTube', 'jQuery']"
downtownstjohnsmi.com,Home - Downtown St Johns,,,67,72408,2026-10-06T19:19:52.653840199Z,"['Add to Any', 'Alternate Protocol', 'Apache', 'Contact Form Plugin', 'DAV', 'Elementor', 'EmbedPress', 'Events Manager for WordPress', 'GZIP Module', 'Google Analytics', 'Google Cloud DNS', 'Google Font API', 'Google My Business', 'Google Tag Manager', 'IcoMoon', 'KVH', 'Microdata for Google Shopping', 'No-Q', 'PDF Embedder for Wordpress', 'PHP', 'Page-list for WordPress', 'SMC', 'Site Kit', 'Subversion', 'Theme In WP', 'UTF-8', 'WP Accessibility', 'WordPress', 'WordPress Multisite', 'jQuery', 'reCAPTCHA']"
glennlancaster.com,Home - Glenn Lancaster,Glenn Lancaster,,72,21513,2026-10-06T18:55:59.192870172Z,"['AWS WAF Challenge', 'Alternate Protocol', 'CDN JS', 'Cloudflare', 'Cloudflare CDN', 'Cloudflare Turnstile', 'Contact Form Plugin', 'Content Delivery Network', 'Custom Facebook Feed', 'DAV', 'Doodle', 'DuracellTomi Google Tag Manager for WordPress', 'EmbedPress', 'Express', 'GTranslate', 'Google', 'Google Analytics', 'Google Cloud DNS', 'Google Font API', 'Google Related Website Sites', 'Google Tag Manager', 'Instagram Follow Button', 'LiteSpeed', 'Microdata for Google Shopping', 'NFOrce Internet', 'PHP', 'Site Reviews for Wordpress', 'Tailwind CSS', 'Theme In WP', 'Twitter Ads', 'UTF-8', 'WP Accessibility', 'Woo Themes', 'WooCommerce', 'WooCommerce Checkout', 'WooCommerce Payments', 'WordPress', 'WordPress Multisite', 'jQuery', 'reCAPTCHA']"
schneisshvac.com,"HVAC Company in West Bend, WI | Schneiss Heating & Air Conditioning",,USA,82,20460,2026-10-06T15:25:39.471227007Z,"['AWS WAF Challenge', 'Alternate Protocol', 'Cloudflare', 'Cloudflare CDN', 'Content Delivery Network', 'Divi', 'Elegant Themes', 'EmbedPress', 'Font Awesome', 'Google', 'Google Analytics', 'Google Cloud CDN', 'Google Cloud DNS', 'Google Font API', 'Google My Business', 'Google Related Website Sites', 'Google Tag Manager', 'Microdata for Google Shopping', 'Microsoft Clarity', 'NitroPack', 'PHP', 'QUIC', 'Theme In WP', 'UTF-8', 'UserWay', 'WP Accessibility', 'WP Engine', 'Woo Themes', 'WordPress', 'WordPress Multisite', 'jQuery']"
gulfgroupweapons.com,Welcome - Gulf Group Weapons,Gulf Group Weapons,,65,3613,2026-10-06T14:38:28.38755069Z,"['Alternate Protocol', 'Content Delivery Network', 'Cornerstone', 'Elementor', 'EmbedPress', 'FiboSearch', 'Google Analytics', 'Google My Business', 'Google Tag Manager', 'Instagram Feed for WordPress', 'Instagram Follow Button', 'Klaviyo', 'Klaviyo for WordPress', 'LiteSpeed', 'Microdata for Google Shopping', 'PHP', 'Site Kit', 'Table Addons for Elementor', 'The Post Grid', 'Theme In WP', 'UTF-8', 'WP Accessibility', 'Woo Themes', 'WooCommerce', 'WooCommerce Checkout', 'WooCommerce Payments', 'WordPress', 'WordPress Multisite', 'YouTube', 'jQuery']"
peepsride.com,Home - PeepsRide,PeepsRide,AUS,72,9025,2026-10-06T14:25:19.049075131Z,"['Alternate Protocol', 'Apache', 'Contact Form 7', 'Contact Form Plugin', 'Corporate Governance and Regulatory Compliance', 'DAV', 'Elementor', 'EmbedPress', 'Express', 'Facebook Conversion Tracking', 'Facebook Login', 'Facebook Messenger Platform', 'Facebook Pixel', 'Facebook Reseller', 'Facebook Tag API', 'GZIP Module', 'Google Cloud DNS', 'Google Font API', 'Google My Business', 'Intercom', 'NFOrce Internet', 'PHP', 'Share Link', 'Sitelinks Search Box', 'Smart Slider 3', 'Theme In WP', 'Twitter Ads', 'UTF-8', 'WP Accessibility', 'WordPress', 'WordPress Multisite', 'eLand', 'jQuery', 'reCAPTCHA']"
brongo.com,Brongo – Washing machine,,ITA,65,2345,2026-10-06T14:19:52.937681264Z,"['Acconsento.click', 'Alternate Protocol', 'Apache', 'Azion', 'Colibri', 'DAV', 'Debian', 'EmbedPress', 'Fancybox for WordPress', 'Font Awesome', 'GZIP Module', 'Google Cloud DNS', 'Google Font API', 'Google My Business', 'IcoMoon', 'Icons8', 'PHP', 'Pagekit', 'Pleroma', 'Polylang', 'Smush Image Optimization', 'UTF-8', 'WP Accessibility', 'Woo Themes', 'WordPress', 'WordPress Multisite', 'YouTube', 'jQuery', 'shadcn ui']"
falmouthvips.org,Home | Falmouth VIPS,Falmouth VIPS,,67,44525,2026-10-06T13:35:28.671006564Z,"['AWS WAF Challenge', 'Alternate Protocol', 'Cloudflare', 'Content Delivery Network', 'Contento', 'EmbedPress', 'Fastly', 'Givebutter', 'Google Analytics', 'Google Cloud DNS', 'Google Font API', 'Google Related Website Sites', 'Google Tag Manager', 'Impreza', 'Instagram Follow Button', 'Microdata for Google Shopping', 'PHP', 'QUIC', 'Sitelinks Search Box', 'SmartCrawl', 'Theme In WP', 'UTF-8', 'WP Accessibility', 'WP Engine', 'WPBakery', 'WordPress', 'WordPress Multisite', 'jQuery']"
originalmothers.com,The Original Mother's – Chicago Bar and Night Club,,USA,65,5248,2026-10-06T13:18:01.865105345Z,"['Alternate Protocol', 'CDN JS', 'Cloudflare', 'Cloudflare CDN', 'Contact Form Plugin', 'EmbedPress', 'Font Awesome', 'Google Analytics', 'Google My Business', 'Google Tag Manager', 'Instagram Follow Button', 'Nginx', 'PHP', 'Parallels Plesk Panel', 'Tailwind CSS', 'Theme In WP', 'Tock', 'Twitter Ads', 'UTF-8', 'Vue.js', 'WP Accessibility', 'WordPress', 'WordPress Multisite', 'Yelp Badge', 'jQuery', 'reCAPTCHA']"
ebersaromaschool.com,Ebers Aroma School - Become Certified Aromatherapist,Ebers Oils LLC,USA,75,21928,2026-10-06T12:52:55.1840146Z,"['AWS WAF Challenge', 'Accordion Blocks', 'Alternate Protocol', 'Apture Linking Platform', 'ArvanCloud', 'Cloudflare', 'Cloudflare CDN', 'Contact Form Plugin', 'Content Delivery Network', 'DAV', 'EmbedPress', 'Express', 'Font Awesome', 'GTranslate', 'Google', 'Google Cloud DNS', 'Google Font API', 'Google My Business', 'Google Related Website Sites', 'Gtranslate for Wordpress', 'Gutenberg Blocks by Kadence Blocks', 'Instagram Follow Button', 'Kadence WP', 'Line2', 'MailChimp', 'Microdata for Google Shopping', 'PDF Print by BestWebSoft', 'PHP', 'Sitelinks Search Box', 'Theme In WP', 'Tutor LMS', 'UTF-8', 'WP Accessibility', 'WPBakery', 'Woo Themes', 'WooCommerce', 'WooCommerce Checkout', 'WordPress', 'WordPress Multisite', 'YouTube', 'YouTube Advanced by Embed Plus', 'jQuery', 'jsDelivr', 'reCAPTCHA']"
arlanrwessnerinc.com,"Arlan R. Wessner, Inc: Paving and Hauling | Est 1977 Hamburg PA",,GBR,77,17747,2026-10-06T12:32:24.58779222Z,"['Alternate Protocol', 'Amazon WAF Blocked', 'Anti-spam for WordPress', 'Apache', 'Azion', 'CleanTalk Spam Protect', 'Content Delivery Network', 'Customify', 'EmbedPress', 'Everest Forms', 'Fireblade', 'Google Analytics', 'Google My Business', 'Google Related Website Sites', 'Google Tag Manager', 'Microdata for Google Shopping', 'PHP', 'Perl', 'Popup Maker for Wordpress', 'Shortcodes Ultimate', 'Site Kit', 'SiteOrigin', 'SiteOrigin Panels', 'Theme In WP', 'UTF-8', 'Vantage', 'W3 Total Cache', 'WP Accessibility', 'WP Job Manager', 'WordPress', 'WordPress Multisite', 'eLand', 'jQuery']"
phillipsmurrah.com,Phillips Murrah | Business Law Firm in Oklahoma and Dallas,,USA,82,21023,2026-10-06T12:01:24.352257563Z,"['AWS WAF Challenge', 'Ajax Search Pro for Wordpress', 'Alternate Protocol', 'Automattic', 'Cloudflare', 'Content Delivery Network', 'EmbedPress', 'Google', 'Google Analytics', 'Google Cloud CDN', 'Google Cloud DNS', 'Google Font API', 'Google Related Website Sites', 'Google Tag Manager', 'IcoMoon', 'Instagram Follow Button', 'Jetpack', 'Line2', 'Microdata for Google Shopping', 'Nectar Slide Plugin', 'PHP', 'Perl', 'Post Grid', 'QUIC', 'Salient', 'Theme In WP', 'Toolset', 'Twitter Ads', 'UTF-8', 'WP Accessibility', 'WP Engine', 'WPBakery', 'WordPress', 'WordPress Multisite', 'WordPress Stats', 'jQuery', 'qTranslate']"
ddi2026.org,DDI 2026 – October 20-22,,ZAF,65,40207,2026-10-06T11:38:08.58835936Z,"['AWS WAF Challenge', 'Alternate Protocol', 'Contento', 'Cornerstone', 'EmbedPress', 'GZIP Module', 'Google Cloud DNS', 'Google Font API', 'Kriesi.at', 'Nginx', 'PHP', 'Theme In WP', 'UTF-8', 'Ubuntu', 'University or College', 'WP Accessibility', 'WordPress', 'WordPress Multisite', 'jQuery']"
priorauthframework.ca,Home Page - Prior Authorization Framework and Accreditation (PAFA),Prior Authorization Framework and Accreditation (PAFA),,72,2307,2026-10-06T10:35:23.256531238Z,"['Alternate Protocol', 'Amazon WAF Blocked', 'Aruba', 'Content Delivery Network', 'Elementor', 'EmbedPress', 'Google Analytics', 'Google My Business', 'Google Tag Manager', 'Gravity', 'Gravity Forms', 'Header, Footer and Blocks for Elementor', 'Microdata for Google Shopping', 'MonsterInsights', 'NFOrce Internet', 'Nginx', 'PHP', 'Theme In WP', 'UTF-8', 'WP Accessibility', 'WordPress', 'WordPress Multisite', 'eLand', 'jQuery']"
soulburyparish.co.uk,"Soulbury Parish, Buckinghamshire",Soulbury Parish,GBR,70,1015,2026-10-06T10:26:41.019474088Z,"['Alternate Protocol', 'EmbedPress', 'GZIP Module', 'Hive.co', 'Hueman', 'Microdata for Google Shopping', 'Nginx', 'PHP', 'Perl', 'Theme In WP', 'UTF-8', 'WP Accessibility', 'Widget Options', 'WordPress', 'WordPress Multisite', 'jQuery', 'jsDelivr']"
magnafamilyeyecare.com,"Optometrist in Magna, UT | Magna Family Eyecare",,,62,23189,2026-10-06T09:55:50.900614207Z,"['AJAX Libraries API', 'Alternate Protocol', 'Amazon', 'Amazon S3 CDN', 'Apache', 'DOCTOR Multimedia', 'EmbedPress', 'GZIP Module', 'Google Analytics', 'Google Cloud DNS', 'Google Font API', 'Microdata for Google Shopping', 'PHP', 'Popup Maker for Wordpress', 'PositiveSSL Badge', 'QUIC', 'Schema Plugin', 'Storyblocks', 'Tailwind CSS', 'Thank You', 'TrustLogo', 'UTF-8', 'W3 Total Cache', 'WP Accessibility', 'Woo Themes', 'WordPress', 'WordPress Multisite', 'WordPress Related Posts', 'jQuery']"
erwinsc.com,Home - Erwin Services Corporation,Erwin Services Corporation,USA,70,2461,2026-10-06T06:59:05.153516363Z,"['Alternate Protocol', 'Astra Theme', 'Contact Form Plugin', 'Content Delivery Network', 'Elementor', 'Elementor Custom Skin', 'ElementsKit Elementor', 'EmbedPress', 'Essential Addons for Elementor', 'Google Analytics', 'Google Cloud DNS', 'Google Font API', 'Google Tag Manager', 'Gravity', 'Gravity Forms', 'HappyAddons', 'Microdata for Google Shopping', 'NFOrce Internet', 'Nginx', 'PHP', 'Premium Addons for Elementor', 'QUIC', 'Theme In WP', 'To Top', 'UTF-8', 'WP Accessibility', 'Woo Themes', 'WordPress', 'WordPress Multisite', 'WordPress Related Posts', 'jQuery']"
elite-workforce.com,Employment Services | Professional Services Staffing,Elite,USA,92,163725,2026-10-06T04:01:24.781692924Z,"['Advanced iFrame', 'Alternate Protocol', 'Amazon WAF Blocked', 'Apture Linking Platform', 'Beaver Builder Lite', 'Cloudflare', 'Content Delivery Network', 'Contento', 'Custom Facebook Feed', 'EmbedPress', 'Font Awesome', 'GoDaddy', 'Google', 'Google Cloud DNS', 'Google Font API', 'Google My Business', 'Gravity', 'Instagram Follow Button', 'Microdata for Google Shopping', 'PHP', 'Pagekit', 'Salesforce Experience Cloud', 'Schema Plugin', 'UTF-8', 'WP Accessibility', 'WP Rocket', 'Wangsu', 'Website Tonight', 'WordPress', 'WordPress Multisite']"
nocodownsyndrome.org,"Advocacy, Awareness, and Relationships — Northern Colorado Down Syndrome Association",,USA,82,85327,2026-10-06T03:26:36.556727563Z,"['AWS WAF Challenge', 'Alternate Protocol', 'Beaver Builder Lite', 'Cloudflare', 'Cloudflare CDN', 'Content Delivery Network', 'Contento', 'EmbedPress', 'GoDaddy', 'Google', 'Google Analytics', 'Google Calendar', 'Google Cloud DNS', 'Google Font API', 'Google Maps', 'Google My Business', 'Google Related Website Sites', 'Google Tag Manager', 'Instagram Feed for WordPress', 'Instagram Follow Button', 'K2F', 'Microdata for Google Shopping', 'Ninja Forms', 'Oddle', 'PHP', 'QUIC', 'Schema Plugin', 'Thank You', 'Theme In WP', 'UTF-8', 'WP Accessibility', 'Wangsu', 'WordPress', 'WordPress Multisite', 'YouTube', 'eLand', 'jQuery']"
floridajustice.com,"Board-Certified Jacksonville Personal Injury Lawyers | Phillips, Hunt & Walker","Phillips, Hunt & Walker",USA,92,19156,2026-10-06T02:24:36.704078429Z,"['AWS WAF Challenge', 'Alternate Protocol', 'Amazon WAF Blocked', 'Cloudflare', 'Complianz', 'Content Delivery Network', 'Content ad', 'DAV', 'EmbedPress', 'Facebook Login', 'Facebook Messenger Platform', 'Facebook Pixel', 'Facebook Reseller', 'Google Analytics', 'Google Cloud DNS', 'Google Maps', 'Google Related Website Sites', 'Google Tag Manager', 'IcoMoon', 'Instagram Follow Button', 'Microdata for Google Shopping', 'NFOrce Internet', 'Perl', 'Tailwind CSS', 'Thank You', 'Twenty Twenty-One', 'Twitter Ads', 'UTF-8', 'WP Accessibility', 'WP Engine', 'WordPress', 'WordPress Multisite', 'YouTube', 'eLand', 'jQuery']"
canadianshieldrc.ca,Canadian Shield | Regional Council,,USA,70,643,2026-10-06T01:37:09.42119501Z,"['Alternate Protocol', 'Content Delivery Network', 'Custom Facebook Feed', 'Divi', 'Elegant Themes', 'EmbedPress', 'FEEDZY RSS Feeds', 'Facebook CDN', 'Google Cloud DNS', 'Google Font API', 'Google My Business', 'Nginx', 'PHP', 'The Events Calendar', 'Theme In WP', 'Twitter Ads', 'UTF-8', 'WP Accessibility', 'Woo Themes', 'WordPress', 'WordPress Multisite', 'jQuery']"
maesycwmmercommunitycouncil.org.uk,Home - Maesycwmmer Community Council Maesycwmmer Community Council,,,60,5602,2026-10-06T01:37:09.386903183Z,"['AJAX Libraries API', 'AWS WAF Challenge', 'Adobe Creative Cloud WebFonts', 'Alternate Protocol', 'CDN JS', 'Cloudflare', 'Cloudflare CDN', 'Contact Form Plugin', 'Content Delivery Network', 'Cookie Accept', 'Cookie Notice', 'Corporate Governance and Regulatory Compliance', 'EmbedPress', 'Fancybox for WordPress', 'Google Analytics', 'Google Cloud DNS', 'Google Tag Manager', 'K2F', 'Microdata for Google Shopping', 'PHP', 'Tailwind CSS', 'Theme In WP', 'UTF-8', 'WP Accessibility', 'WP Engine', 'WPML Multilingual', 'WordPress', 'WordPress Multisite', 'jQuery']"
cad-asc.ca,Canadian Association of the Deaf,,CAN,75,17243,2026-10-06T00:42:11.596907171Z,"['AWS WAF Challenge', 'Alternate Protocol', 'Cloudflare', 'Contact Form Plugin', 'Content Delivery Network', 'DAV', 'EmbedPress', 'Google Analytics', 'Google Cloud DNS', 'Google Font API', 'Google My Business', 'Google Tag Manager', 'Max Mega Menu', 'Microdata for Google Shopping', 'MonsterInsights', 'PHP', 'Site Kit', 'Smart Slider 3', 'The Events Calendar', 'Theme In WP', 'Twitter Ads', 'UTF-8', 'WP Accessibility', 'WP Engine', 'WPForms', 'WPML Multilingual', 'Woo Themes', 'WooCommerce', 'WooCommerce Checkout', 'WordPress', 'WordPress Multisite', 'YouTube', 'eLand', 'jQuery']"
zurabio.com,Zura Bio | Developing novel medicines for serious immune system disorders,Zura Bio,USA,82,20067,2026-10-06T00:11:58.520021017Z,"['AWS WAF Challenge', 'Alternate Protocol', 'Cloudflare', 'Content Delivery Network', 'Corporate Governance and Regulatory Compliance', 'Divi', 'Elegant Themes', 'EmbedPress', 'Google', 'Google Analytics', 'Google Cloud CDN', 'Google Cloud DNS', 'Google Font API', 'Google Tag Manager', 'Gravity', 'Microdata for Google Shopping', 'OneTrust Domain Verification', 'PHP', 'Theme In WP', 'Twitter Ads', 'UTF-8', 'WP Accessibility', 'WP Engine', 'WordPress', 'WordPress Multisite', 'jQuery']"
pomocnadlon.org,"Stowarzyszenie Pomocy Osobom Niepełnosprawnym ""Pomocna Dłoń"" w Tarnowskich Górach",,,55,72,2026-10-05T23:58:49.907393029Z,"['Alternate Protocol', 'Apache', 'ColorMag', 'Cookie Accept', 'Cookie Notice', 'EmbedPress', 'GZIP Module', 'Google Cloud DNS', 'Google Font API', 'PHP', 'Theme In WP', 'UTF-8', 'WP Accessibility', 'WordPress', 'WordPress Multisite', 'jQuery']"
aliciadattner.com,Home - Alicia Dattner - Serious Comedy,Alicia Dattner - Serious Comedy,VEN,77,36760,2026-10-05T21:58:01.556870278Z,"['Alternate Protocol', 'Beaver Builder Lite', 'Cisco/Arrowpoint Content Service Switch', 'Contento', 'EmbedPress', 'Eventbrite', 'Formidable Pro Form', 'GitHub Hosting', 'Google', 'Google Analytics', 'Google Cloud DNS', 'Google Font API', 'Google My Business', 'Google Tag Manager', 'Instagram Follow Button', 'Microdata for Google Shopping', 'MonsterInsights', 'PHP', 'Schema Plugin', 'Theme In WP', 'UTF-8', 'Vimeo', 'WP Accessibility', 'WordPress', 'WordPress Multisite', 'Yandex Hosting', 'YouTube', 'jQuery']"
stmalachysbns.ie,Home - St. Malachy’s Boys' National School,,,60,499,2026-10-05T21:05:19.632320082Z,"['Alternate Protocol', 'Education Base', 'EmbedPress', 'Font Awesome', 'Google Cloud DNS', 'Google Font API', 'Gutentor', 'Microdata for Google Shopping', 'Nginx', 'PHP', 'Parallels Plesk Panel', 'Simple Banner for Wordpress', 'Tailwind CSS', 'Theme In WP', 'UTF-8', 'University or College', 'WP Accessibility', 'WP-Members', 'WordPress', 'WordPress Multisite', 'eLand', 'jQuery']"
ocfamilyacupuncture.com,Home - OC Family Acupuncture,OC Family Acupuncture,PRK,70,2682,2026-10-05T20:37:20.634204973Z,"['AJAX Libraries API', 'Alternate Protocol', 'Astra Theme', 'Contact Form Plugin', 'EmbedPress', 'Google Analytics', 'Google Cloud DNS', 'Google My Business', 'Google Tag Manager', 'Instagram Feed for WordPress', 'Instagram Follow Button', 'LiteSpeed', 'Microdata for Google Shopping', 'PHP', 'Site Kit', 'StackPath', 'Tailwind CSS', 'Theme In WP', 'UTF-8', 'WP Accessibility', 'WP Fastest Cache', 'WordPress', 'WordPress Multisite', 'WordPress Related Posts', 'jQuery']"
miraggioitalian.com,Miraggio Italian Grill,Miraggio Italian Water Front Restaurant,USA,77,40282,2026-10-05T20:25:07.442809677Z,"['AJAX Libraries API', 'AWS WAF Challenge', 'Adobe Creative Cloud WebFonts', 'Akismet', 'Alternate Protocol', 'Amazon WAF Blocked', 'Aruba', 'CDN JS', 'Cloudflare', 'Cloudflare CDN', 'Content Delivery Network', 'Digital Ocean Spaces', 'DuracellTomi Google Tag Manager for WordPress', 'ElementUI', 'Elementor', 'EmbedPress', 'Facebook Conversion Tracking', 'Facebook Login', 'Facebook Messenger Platform', 'Facebook Pixel', 'Facebook Reseller', 'Facebook Tag API', 'FormSubmit', 'Google Analytics', 'Google Cloud DNS', 'Google Font API', 'Google My Business', 'Google Tag Manager', 'Gravity', 'Gravity Forms', 'Instagram Feed for WordPress', 'Instagram Follow Button', 'Kitco', 'Microdata for Google Shopping', 'Onyx Internet', 'PHP', 'Resy', 'Site Kit', 'Theme In WP', 'UTF-8', 'WP Accessibility', 'WP Engine', 'WordPress', 'WordPress Multisite', 'eLand', 'jQuery', 'reCAPTCHA']"
workforce.miami,Workforce.Miami - Your Future Starts Here,Workforce.miami,USA,82,38238,2026-10-05T20:10:39.941418769Z,"['AWS WAF Challenge', 'Alternate Protocol', 'Cloudflare', 'Content Delivery Network', 'Elementor', 'EmbedPress', 'Essential Addons for Elementor', 'Google Analytics', 'Google My Business', 'Google Tag Manager', 'Gtranslate for Wordpress', 'Hello Elementor', 'HubSpot Conversations', 'HubSpot WordPress Plugin', 'Hubspot', 'Instagram Follow Button', 'License Buttons', 'Microdata for Google Shopping', 'MonsterInsights', 'NFOrce Internet', 'PHP', 'QUIC', 'Theme In WP', 'UTF-8', 'WP Accessibility', 'WP Engine', 'WordPress', 'WordPress Multisite', 'jQuery']"
franpears.com,Fran Pears Learning | Get that lightbulb moment,,,55,301,2026-10-05T19:19:32.06593447Z,"['Alternate Protocol', 'Apache', 'Automattic', 'Baidu Cloud', 'Divi', 'Elegant Themes', 'EmbedPress', 'Google', 'Google Cloud CDN', 'Google Cloud DNS', 'Google Font API', 'Jetpack', 'Jetpack Site Accelerator', 'PHP', 'Theme In WP', 'Twitter Ads', 'UTF-8', 'WP Accessibility', 'Woo Themes', 'WordPress', 'WordPress Multisite', 'WordPress Stats', 'jQuery']"
trueskycu.org,True Sky Federal Credit Union | Where You Truly Belong,True Sky Credit Union,,67,38585,2026-10-05T19:01:24.197295635Z,"['501c3 Status Nonprofit', 'AWS WAF Challenge', 'Alternate Protocol', 'Cloudflare', 'Cornerstone', 'EmbedPress', 'Fast', 'Fireblade', 'Font Awesome', 'Google', 'Google Analytics', 'Google Cloud CDN', 'Google Cloud DNS', 'Google Font API', 'Google Related Website Sites', 'Google Tag Manager', 'Instagram Feed for WordPress', 'Instagram Follow Button', 'LeadsRX', 'LiteSpeed', 'Microdata for Google Shopping', 'Nationwide Mortgage Licensing System and Registry', 'Ninja Tables', 'PHP', 'Slider Revolution', 'Theme In WP', 'ThemeFusion', 'Twitter Ads', 'UTF-8', 'WP Accessibility', 'WPML Multilingual', 'WordPress', 'WordPress Multisite', 'jQuery']"
corbinchiropractor.com,"Chiropractor Corbin, KY - Corbin Chiropractic",,MYS,77,24508,2026-10-05T18:38:22.827010503Z,"['AJAX Libraries API', 'AutoComplete', 'Call to Visit', 'Content Delivery Network', 'EmbedPress', 'Font Awesome', 'Google', 'Google Analytics', 'Google Cloud DNS', 'Google Customer Reviews', 'Google Font API', 'Google My Business', 'Google Related Website Sites', 'Google Tag Manager', 'INETu', 'Microdata for Google Shopping', 'Nginx', 'PHP', 'PWA', 'QUIC', 'Subversion', 'Theme In WP', 'UTF-8', 'WP Accessibility', 'WordPress', 'WordPress Multisite', 'Yelp Badge', 'YouTube']"
aerfree.com,aerFree | First Non-invasive Airway Management System,aerFree,,82,19046,2026-10-05T18:09:40.893022278Z,"['AWS WAF Challenge', 'Alternate Protocol', 'Cloudflare', 'Complianz', 'Content Delivery Network', 'Divi', 'Elegant Themes', 'EmbedPress', 'Google', 'Google Analytics', 'Google Cloud CDN', 'Google Cloud DNS', 'Google Font API', 'Google Tag Manager', 'Gravity', 'Microdata for Google Shopping', 'PHP', 'Theme In WP', 'UTF-8', 'WP Accessibility', 'WP Engine', 'WordPress', 'WordPress Multisite', 'YouTube', 'jQuery']"
facultyadvance.org,Center for Faculty Advancement,NYU Center for Faculty Advancement,USA,82,16328,2026-10-05T15:42:23.846822686Z,"['AWS WAF Challenge', 'Alternate Protocol', 'Blocksy', 'Cloudflare', 'Content Delivery Network', 'EmbedPress', 'Google Analytics', 'Google Forms', 'Google My Business', 'Google Tag Manager', 'Microdata for Google Shopping', 'PHP', 'Theme In WP', 'UTF-8', 'University or College', 'WP Accessibility', 'WP Engine', 'WordPress', 'WordPress Multisite']"
acdsinc.org,"Arundel Community Development Services, Inc. – A nonprofit corporation dedicated to providing affordable housing and community development services.",,GBR,72,7225,2026-10-05T15:29:13.799020372Z,"['501c3 Status Nonprofit', 'Adobe Creative Cloud WebFonts', 'Ajax Search Lite', 'Alternate Protocol', 'Apache', 'Compact WP Audio Player', 'ETranslate', 'EmbedPress', 'Font Awesome', 'Formidable Pro Form', 'FreeCSSTemplates', 'GTranslate', 'GZIP Module', 'Google', 'Google Analytics', 'Google Cloud DNS', 'Google Font API', 'Google My Business', 'Google Tag Manager', 'InitiativeS', 'Instagram Follow Button', 'PHP', 'QUIC', 'StudioPress', 'TablePress', 'The Events Calendar', 'Theme In WP', 'Twitter Ads', 'UTF-8', 'Ubuntu', 'Vimeo', 'WP Accessibility', 'Woo Themes', 'WooCommerce', 'WooCommerce Checkout', 'WooCommerce Payments', 'WordPress', 'WordPress Multisite', 'YouTube', 'jQuery']"
hearttohomeadoptions.net,Heart To Home Adoption Agency,,,67,25448,2026-10-05T13:48:23.406301541Z,"['AWS WAF Challenge', 'Alternate Protocol', 'Astra Theme', 'Cloudflare', 'Cloudflare CDN', 'Content Delivery Network', 'Cookie Accept', 'Cookie Notice', 'Elementor', 'EmbedPress', 'GoDaddy', 'Google', 'Google Cloud DNS', 'Google Font API', 'Google My Business', 'PHP', 'Popup Maker for Wordpress', 'Prospective', 'Table Addons for Elementor', 'Theme In WP', 'UTF-8', 'University or College', 'WP Accessibility', 'Woo Themes', 'WordPress', 'WordPress Multisite', 'WordPress Related Posts', 'Yelp Badge', 'jQuery']"
testyourlimits.ca,TEST YOUR LIMITS,Test Your Limits,CAN,87,19434,2026-10-05T12:36:48.021633287Z,"['AWS WAF Challenge', 'Alternate Protocol', 'Cloudflare', 'Colibri', 'Content Delivery Network', 'EmbedPress', 'Font Awesome', 'Google', 'Google Cloud DNS', 'Google Font API', 'IcoMoon', 'Microdata for Google Shopping', 'PHP', 'UTF-8', 'WP Accessibility', 'WP Engine', 'Woo Themes', 'WordPress', 'WordPress Multisite', 'YouTube', 'shadcn ui']"
honestiinsurance.com,Professional Insurance Services – Honesti Insurance,Honesti Insurance,USA,92,51897,2026-10-05T12:23:14.17405243Z,"['Alternate Protocol', 'Apture Linking Platform', 'Beaver Builder Lite', 'Cisco/Arrowpoint Content Service Switch', 'Cloudflare', 'CoBlocks', 'Content Delivery Network', 'Contento', 'EmbedPress', 'Fancybox for WordPress', 'GitHub Hosting', 'GoDaddy', 'Google', 'Google Cloud DNS', 'Google Font API', 'Google My Business', 'Gravity', 'Gravity Forms', 'Interchange', 'Material Design Icons', 'Max Mega Menu Pro', 'Microdata for Google Shopping', 'No-Q', 'PHP', 'Pagekit', 'Schema Plugin', 'SiteW', 'Theme In WP', 'UTF-8', 'University or College', 'Vimeo', 'WP Accessibility', 'WP Rocket', 'Wangsu', 'Website Tonight', 'Woo Themes', 'WordPress', 'WordPress Multisite', 'Yandex Hosting', 'YouTube', 'jQuery']"
westoaksrehab.com,"West Oaks Nursing and Rehabilitation Center – Nursing Home, Physical Therapy, Healthcare – Austin, TX",,USA,65,41202,2026-10-05T10:35:40.954430107Z,"['Alternate Protocol', 'Amazon WAF Blocked', 'Anti-spam for WordPress', 'Apache', 'CleanTalk Spam Protect', 'Column Shortcodes', 'Content Delivery Network', 'Contento', 'EmbedPress', 'Fireblade', 'GZIP Module', 'Google Analytics', 'Google Cloud DNS', 'Google Font API', 'Google My Business', 'Google Related Website Sites', 'Google Tag Manager', 'Jetpack', 'Kriesi.at', 'PHP', 'Theme In WP', 'UTF-8', 'WP Accessibility', 'WordPress', 'WordPress Multisite', 'WordPress Stats', 'jQuery']"
salt7fll.com,SALT7 Fort Lauderdale | Fine American Dining and Steakhouse,,USA,72,5830,2026-10-05T10:04:15.448573639Z,"['Alternate Protocol', 'Apache', 'Elementor', 'EmbedPress', 'Essential Addons for Elementor', 'Google', 'Google Cloud CDN', 'Google Cloud DNS', 'Google Font API', 'GrubHub', 'Hello Elementor', 'Instagram Follow Button', 'JetElements', 'Microdata for Google Shopping', 'OpenTable', 'PHP', 'Sitelinks Search Box', 'Table Addons for Elementor', 'Theme In WP', 'UTF-8', 'W3 Total Cache', 'WP Accessibility', 'WordPress', 'WordPress Multisite', 'jQuery']"
theleapacademy.co,Home – The Leap Academy,LEAP,,67,15560,2026-10-05T09:34:20.074582276Z,"['AWS WAF Challenge', 'Alternate Protocol', 'Astra Theme', 'Elementor', 'EmbedPress', 'Google Cloud DNS', 'Google Font API', 'LiteSpeed', 'Microdata for Google Shopping', 'PHP', 'Table Addons for Elementor', 'Theme In WP', 'UTF-8', 'W3 Total Cache', 'WP Accessibility', 'WhatsApp Sharing', 'Woo Themes', 'WordPress', 'WordPress Multisite', 'WordPress Related Posts', 'jQuery']"
cmgfin.com,Home - CMG Financial Consulting,CMG Financial Consulting,,65,19991,2026-10-05T09:03:12.73043511Z,"['AWS WAF Challenge', 'Alternate Protocol', 'Apache', 'Cloudflare', 'Cloudflare CDN', 'Contact Form Plugin', 'EmbedPress', 'GZIP Module', 'Google', 'Google Cloud DNS', 'Google Font API', 'Google My Business', 'IcoMoon', 'Microdata for Google Shopping', 'One Designs', 'OnePress', 'PHP', 'SiteOrigin', 'SiteOrigin Panels', 'Social Warfare', 'Theme In WP', 'Twitter Ads', 'UTF-8', 'University or College', 'Vantage', 'WP Accessibility', 'WPForms', 'WordPress', 'WordPress Multisite', 'jQuery', 'reCAPTCHA', 'shadcn ui']"
kerithhouse.com,"Kerith House | Winery & Farm Estate | Blue Ridge, GA",,,72,23995,2026-10-05T08:34:23.37256872Z,"['AWS WAF Challenge', 'Adobe Creative Cloud WebFonts', 'Adult Content', 'Alternate Protocol', 'Cloudflare', 'Content Delivery Network', 'EmbedPress', 'Event Tickets for Wordpress', 'Express', 'Google Analytics', 'Google Related Website Sites', 'Google Tag Manager', 'IcoMoon', 'Instagram Follow Button', 'Microdata for Google Shopping', 'PHP', 'Perl', 'Schema Plugin', 'The Events Calendar', 'Theme In WP', 'Toast POS', 'Tock', 'UTF-8', 'WP Accessibility', 'WP Engine', 'WordPress', 'WordPress Multisite', 'YouTube', 'jQuery', 'jsDelivr']"
nckzoo.org,New Connections Of Kalamazoo,New Connections Of Kalamazoo,,67,490,2026-10-05T07:39:31.805788495Z,"['Alternate Protocol', 'Bunny Fonts', 'Cloudflare', 'Cloudflare CDN', 'Elementor', 'EmbedPress', 'Essential Blocks for Gutenberg', 'Express', 'GenerateBlocks', 'Instagram Follow Button', 'LiteSpeed', 'Microdata for Google Shopping', 'Perl', 'QUIC', 'Sitelinks Search Box', 'SmartCrawl', 'Telegram', 'Twenty Twenty-Four', 'Twitter Ads', 'UTF-8', 'Ultimate Addons for Gutenberg', 'Ultimate Blocks', 'WP Accessibility', 'WPFront Scroll Top', 'WhatsApp Sharing', 'WordPress', 'WordPress Multisite', 'WordPress PopUp', 'jQuery']"
ntprd.org,National Trail Parks & Recreation District,National Trail Parks &amp; Recreation District,,72,28930,2026-10-05T05:05:00.681156444Z,"['Alternate Protocol', 'Apture Linking Platform', 'Contento', 'EmbedPress', 'GZIP Module', 'Google', 'Google Analytics', 'Google Cloud CDN', 'Google Cloud DNS', 'Google Font API', 'Google My Business', 'Google Tag Manager', 'IcoMoon', 'Illow Consent', 'Instagram Follow Button', 'Menu Icons by ThemeIsle', 'Microdata for Google Shopping', 'Muffin Group', 'Nginx', 'PHP', 'Perl', 'QUIC', 'Sitelinks Search Box', 'Slider Revolution', 'SmartCrawl', 'Theme In WP', 'Twitter Ads', 'UTF-8', 'UserWay', 'WP Accessibility', 'WP Rocket', 'WPBakery', 'Woo Themes', 'WordPress', 'WordPress Multisite', 'YouTube', 'jQuery']"
100essays.us,Cheap Essay Writing Service | From $7 | 100Essays,100Essays,USA,82,3630,2026-10-05T03:06:26.453636944Z,"['Adult Content', 'Alternate Protocol', 'Apache', 'EWWW Image Optimizer', 'Elementor', 'EmbedPress', 'GZIP Module', 'Gambling Content', 'Google', 'Google Adsense', 'Google Analytics', 'Google Cloud CDN', 'Google Cloud DNS', 'Google Font API', 'Google Funding Choices', 'Google Matched Content', 'Google My Business', 'Google Related Website Sites', 'Google Reseller', 'Google Tag Manager', 'Microdata for Google Shopping', 'PHP', 'QUIC', 'Tawk', 'Theme In WP', 'UTF-8', 'University or College', 'WP Accessibility', 'Woo Themes', 'WooFramework', 'WordPress', 'WordPress Multisite', 'XTemos Studio', 'jQuery']"
puppydaycare.london,Dog Day Care London - Puppy Day Care London | Halo Dogs,Halo Dogs,GBR,77,17942,2026-10-05T02:39:56.127496796Z,"['AWS WAF Challenge', 'Alternate Protocol', 'Amazon', 'Angular', 'Apture Linking Platform', 'Cloudflare', 'Cloudflare CDN', 'Cloudflare Turnstile', 'Cloudflare Web Analytics', 'Contact Form Plugin', 'Content Delivery Network', 'EmbedPress', 'Google Analytics', 'Google Tag Manager', 'Instagram Follow Button', 'Max Mega Menu', 'Max Mega Menu Pro', 'Microdata for Google Shopping', 'PHP', 'Perfmatters', 'Perl', 'Responsive Lightbox', 'SiteW', 'Theme In WP', 'UTF-8', 'Vimeo', 'WP Accessibility', 'WordPress', 'WordPress Multisite', 'YouTube', 'jQuery']"
princetonfundadvisors.com,Home - Princeton Fund Advisors,Princeton Fund Advisors,USA,92,52190,2026-10-05T01:28:47.898336125Z,"['Alternate Protocol', 'Beaver Builder Lite', 'Content Delivery Network', 'Contento', 'Download Monitor', 'EmbedPress', 'Fastly', 'Federal Deposit Insurance Corporation', 'Financial Industry Regulatory Authority', 'Fireblade', 'GZIP Module', 'Google', 'Google Analytics', 'Google Cloud DNS', 'Google Font API', 'Google Tag Manager', 'Microdata for Google Shopping', 'PHP', 'Prospective', 'Schema Plugin', 'Theme In WP', 'UTF-8', 'WP Accessibility', 'WordPress', 'WordPress Multisite', 'jQuery']"
she-nannigans.com,Homepage - She-nannigans | Chicago,,USA,65,5248,2026-10-05T01:26:41.192865146Z,"['Alternate Protocol', 'CDN JS', 'Cloudflare', 'Cloudflare CDN', 'Contact Form Plugin', 'EmbedPress', 'Font Awesome', 'Google My Business', 'Instagram Follow Button', 'Microdata for Google Shopping', 'Nginx', 'PHP', 'Parallels Plesk Panel', 'Tailwind CSS', 'Theme In WP', 'Tock', 'Twitter Ads', 'UTF-8', 'University or College', 'Vue.js', 'WP Accessibility', 'WordPress', 'WordPress Multisite', 'jQuery', 'reCAPTCHA']"
lodgetavern.com,Homepage - Lodge Tavern | A Chicago Tavern Established in 1957,Lodge Tavern | A Chicago Tavern Established in 1957,USA,70,5248,2026-10-05T01:26:41.170930674Z,"['Alternate Protocol', 'Apture Linking Platform', 'CDN JS', 'Cloudflare', 'Cloudflare CDN', 'Contact Form Plugin', 'EmbedPress', 'Font Awesome', 'Google My Business', 'Instagram Follow Button', 'Microdata for Google Shopping', 'Nginx', 'PHP', 'Parallels Plesk Panel', 'Tailwind CSS', 'Theme In WP', 'Tock', 'Twitter Ads', 'UTF-8', 'Vue.js', 'WP Accessibility', 'WordPress', 'WordPress Multisite', 'jQuery', 'reCAPTCHA']"
williamsportwestvet.com,"Veterinary Hospital in Williamsport, PA | Williamsport West Veterinary Hospital",Williamsport West Veterinary Hospital,USA,82,85764,2026-10-05T00:58:45.858725107Z,"['AWS WAF Challenge', 'Alternate Protocol', 'Cloudflare', 'Cloudflare CDN', 'Content Delivery Network', 'DAV', 'Divi', 'Elegant Themes', 'EmbedPress', 'Fireblade', 'Font Awesome', 'Google', 'Google Analytics', 'Google Cloud CDN', 'Google Cloud DNS', 'Google Font API', 'Google My Business', 'Google Related Website Sites', 'Google Tag Manager', 'Microdata for Google Shopping', 'Microsoft Clarity', 'Ntent', 'PHP', 'Pagekit', 'SMC', 'Theme In WP', 'TrustIndex', 'UTF-8', 'UserWay', 'WP Accessibility', 'WP Engine', 'WordPress', 'WordPress Multisite', 'eLand', 'jQuery']"
swifamilies.org,Home - Southwest Institute for Families and Children,,PHL,70,3602,2026-10-05T00:29:45.849754696Z,"['501c3 Status Nonprofit', 'Alternate Protocol', 'Amazon', 'Amazon S3 CDN', 'CoBlocks', 'Content Delivery Network', 'Dynamic News Lite', 'EmbedPress', 'GoDaddy', 'Google Analytics', 'Google Cloud DNS', 'Google Font API', 'Google My Business', 'Google Tag Manager', 'Microdata for Google Shopping', 'MonsterInsights', 'Nginx', 'PHP', 'PayPal Adaptive Payments', 'PayPal Button', 'PayPal Form', 'Storyblocks', 'Theme In WP', 'UTF-8', 'WP Accessibility', 'WordPress', 'WordPress Multisite', 'eLand', 'jQuery']"
childandfamilyri.org,Foster Care & Family Services in Rhode Island | Child & Family,Child and Family,GBR,92,48303,2026-10-05T00:14:21.463509043Z,"['501c3 Status Nonprofit', 'AJAX Libraries API', 'AWS WAF Challenge', 'Alternate Protocol', 'ArvanCloud', 'Bloomerang', 'CDN JS', 'Cloudflare', 'Cloudflare CDN', 'Contact Form Plugin', 'Content Delivery Network', 'Contento', 'Divi', 'Elegant Themes', 'Elementor', 'EmbedPress', 'Facebook Conversion Tracking', 'Facebook Login', 'Facebook Messenger Platform', 'Facebook Pixel', 'Facebook Reseller', 'Facebook Tag API', 'Font Awesome', 'Google', 'Google Analytics', 'Google Cloud CDN', 'Google Cloud DNS', 'Google Font API', 'Google My Business', 'Google Tag Manager', 'Gtranslate for Wordpress', 'Instagram Follow Button', 'Microdata for Google Shopping', 'NFOrce Internet', 'PHP', 'QUIC', 'The Events Calendar', 'Theme In WP', 'Twitter Ads', 'UTF-8', 'WP Accessibility', 'WP Engine', 'Woo Themes', 'WordPress', 'WordPress Multisite', 'YouTube', 'eLand', 'jQuery', 'jsDelivr', 'reCAPTCHA']"
thecviproject.co.uk,The CVI Project,,GBR,65,338,2026-10-04T23:54:23.216879451Z,"['Alternate Protocol', 'Contact Form Plugin', 'Elementor', 'EmbedPress', 'Essential Addons for Elementor', 'Express', 'Google Cloud DNS', 'Google Font API', 'Header, Footer and Blocks for Elementor', 'Microdata for Google Shopping', 'PHP', 'Schema Plugin', 'Theme In WP', 'Twitter Ads', 'UTF-8', 'WP Accessibility', 'WordPress', 'WordPress Multisite', 'WordPress Related Posts', 'jQuery']"
warmfamilydentistry.com,"Trusted Family Dentist in Taylorsville, UT | Warm Family Dentistry | Schedule Your Dental Consultation Today",,USA,82,19513,2026-10-04T22:35:21.573530279Z,"['Adit Dental Software', 'Adult Content', 'Amazon WAF Blocked', 'Apache', 'Apture Linking Platform', 'Bookform', 'ConvertBox', 'DentalHQ', 'EmbedPress', 'Fastly', 'GTranslate', 'GZIP Module', 'Google Cloud DNS', 'Google Cloud Storage', 'Google My Business', 'Google Related Website Sites', 'IcoMoon', 'Instagram Follow Button', 'Lazy Load for WordPress', 'Microdata for Google Shopping', 'PHP', 'Schema Plugin', 'Tailwind CSS', 'Theme In WP', 'Twitter Ads', 'UTF-8', 'WP Accessibility', 'WP Rocket', 'WordPress', 'WordPress Multisite', 'ZocDoc', 'jQuery']"
archway-properties.com,Archway - Rental and Investment Properties,Archway Properties - Real Estate Rental and Investment Properties,USA,92,18422,2026-10-04T22:21:07.25873688Z,"['Accordion Blocks', 'Alternate Protocol', 'Apyl', 'Astra Theme', 'Cloudflare', 'CoBlocks', 'Content Delivery Network', 'DAV', 'EmbedPress', 'GenerateBlocks', 'GoDaddy', 'Google', 'Google Cloud DNS', 'Google Customer Reviews', 'Google Font API', 'Google My Business', 'Keller Williams Realty', 'Microdata for Google Shopping', 'PHP', 'Theme In WP', 'UTF-8', 'University or College', 'WP Accessibility', 'Wangsu', 'WordPress', 'WordPress Multisite', 'WordPress Related Posts', 'jQuery']"
indianaonline.org,Indiana Online - Indiana Online,,USA,75,3793,2026-10-04T21:59:50.747913121Z,"['Active Campaign', 'Alternate Protocol', 'Amazon WAF Blocked', 'Aruba', 'Cognito Forms', 'EmbedPress', 'Events Manager for WordPress', 'Font Awesome', 'GZIP Module', 'Google Analytics', 'Google Cloud DNS', 'Google Font API', 'Google Tag Manager', 'Gravity', 'Gravity Forms', 'Help Scout', 'Instagram Follow Button', 'Metronet Profile Picture', 'Microdata for Google Shopping', 'Nginx', 'PHP', 'Parallels Plesk Panel', 'Search and Filter Pro', 'Simple Banner for Wordpress', 'TheGem', 'Theme In WP', 'UTF-8', 'University or College', 'Video PopUp for Wordpress', 'Vimeo', 'WP Accessibility', 'WP Rocket', 'WPBakery', 'WordPress', 'WordPress Multisite', 'eLand', 'jQuery']"
seaseinstitute.com,Sease Institute | Powered by University of Indianapolis,,USA,65,35172,2026-10-04T21:37:25.434386878Z,"['AWS WAF Challenge', 'Alternate Protocol', 'Apache', 'EmbedPress', 'Google Analytics', 'Google Cloud DNS', 'Google Font API', 'Google My Business', 'Google Tag Manager', 'M247', 'Microdata for Google Shopping', 'PHP', 'Theme In WP', 'UTF-8', 'University or College', 'WP Accessibility', 'WPO365', 'WordPress', 'WordPress Multisite', 'YouTube', 'jQuery', 'jsDelivr']"
childcareofniagara.com,Community Child Care Clearinghouse of Niagara -,,USA,77,29451,2026-10-04T21:23:04.188750266Z,"['AWS WAF Challenge', 'Alternate Protocol', 'Apache', 'Astra Theme', 'Coming Soon Page', 'DAV', 'Elementor', 'EmbedPress', 'GTranslate', 'GZIP Module', 'Google', 'Google Analytics', 'Google Cloud DNS', 'Google Font API', 'Google My Business', 'Google Related Website Sites', 'Google Tag Manager', 'Gtranslate for Wordpress', 'HostGator', 'Jetpack', 'Kitco', 'Lazy Load for WordPress', 'Microdata for Google Shopping', 'MonsterInsights', 'Oddle', 'Oracle Cloud', 'PHP', 'Popup Maker for Wordpress', 'QUIC', 'SearchWP', 'Theme In WP', 'UTF-8', 'Ultimate Addons for Gutenberg', 'UserWay', 'WP Accessibility', 'Woo Themes', 'WordPress', 'WordPress Multisite', 'WordPress Related Posts', 'WordPress Stats', 'jQuery']"
sjaylevyfellowship.org,S Jay Levy Fellowship for Future Leaders at City College of New York,,USA,70,21891,2026-10-04T20:46:49.992891037Z,"['AJAX Libraries API', 'AWS WAF Challenge', 'Alternate Protocol', 'AutoComplete', 'CDN JS', 'Cloudflare', 'Cloudflare CDN', 'Content Delivery Network', 'EmbedPress', 'EqualWeb', 'Google', 'Google Analytics', 'Google Cloud DNS', 'Google Font API', 'Google Tag Manager', 'Matomo', 'Matomo Tag Manager', 'PHP', 'Theme In WP', 'Toolset', 'Twenty Seventeen', 'UTF-8', 'University or College', 'Vimeo', 'WP Accessibility', 'WP Engine', 'WordPress', 'WordPress Multisite', 'jQuery']"
louisjacobs.org,Home - Friends of Louis Jacobs,Friends of Louis Jacobs,GBR,82,5661,2026-10-04T20:37:51.680666074Z,"['Alternate Protocol', 'Contact Form Plugin', 'Content Delivery Network', 'Cookie Accept', 'Cookie Notice', 'DAV', 'EmbedPress', 'Featured Video Plus', 'GZIP Module', 'Google Analytics', 'Google Cloud DNS', 'Google Font API', 'Google My Business', 'Google Related Website Sites', 'Google Tag Manager', 'MaxCDN', 'Microdata for Google Shopping', 'MonsterInsights', 'Nginx', 'PHP', 'Smart Slider 3', 'StudioPress', 'Theme In WP', 'UTF-8', 'WP Accessibility', 'WP Featherlight', 'Woo Themes', 'WooCommerce', 'WooCommerce Checkout', 'WooCommerce Stripe Payment Gateway', 'WordPress', 'WordPress Multisite', 'eLand', 'jQuery', 'reCAPTCHA']"
homecleanheroes.com,Home Clean Heroes | Professional House Cleaning Services,Home Clean Heroes,,72,7013,2026-10-04T20:02:01.239685812Z,"['AJAX Libraries API', 'Adobe Creative Cloud WebFonts', 'Alternate Protocol', 'Apture Linking Platform', 'Cloudflare', 'Cloudflare CDN', 'Contact Form Plugin', 'Content Delivery Network', 'CookieYes', 'EmbedPress', 'Facebook Conversion Tracking', 'Facebook Login', 'Facebook Messenger Platform', 'Facebook Pixel', 'Facebook Reseller', 'Facebook Tag API', 'Font Awesome', 'GetResponse', 'Google', 'Google Analytics', 'Google Cloud DNS', 'Google Font API', 'Google My Business', 'Google Tag Manager', 'Instagram Follow Button', 'Kinsta', 'Microdata for Google Shopping', 'Microsoft Ajax Content Delivery Network', 'PHP', 'QUIC', 'Quantcast Direct', 'The Trade Desk Direct', 'Theme In WP', 'Twenty Sixteen', 'UTF-8', 'WP Accessibility', 'WP PageNavi', 'WordPress', 'WordPress Multisite', 'jQuery', 'reCAPTCHA']"
accessinsights.co.uk,Home - Access Insights by Disabled Students UK,Access Insights by Disabled Students UK,,72,25705,2026-10-04T19:57:40.297167478Z,"['Accordion Blocks', 'Alternate Protocol', 'Contento', 'EmbedPress', 'Google Analytics', 'Google Cloud DNS', 'Google Font API', 'Google Tag Manager', 'IcoMoon', 'Instagram Follow Button', 'Microdata for Google Shopping', 'Muffin Group', 'PHP', 'QUIC', 'Theme In WP', 'Twitter Ads', 'UTF-8', 'University or College', 'WP Accessibility', 'Woo Themes', 'WordPress', 'WordPress Multisite', 'YouTube', 'jQuery']"
debbiehazelton.com,Debbie Hazelton – Making a Difference,,,55,860,2026-10-04T19:30:25.326751718Z,"['AWS WAF Challenge', 'Alternate Protocol', 'Cloudflare', 'Cloudflare CDN', 'EmbedPress', 'Fastly', 'GZIP Module', 'GeneratePress Company', 'Google', 'Google My Business', 'Mastodon', 'Nginx', 'PHP', 'Theme In WP', 'UTF-8', 'WP Accessibility', 'WP Show Posts', 'WordPress', 'WordPress Multisite', 'YouTube']"
walmerac.com,"HVAC Company in Pensacola, FL | Trane Comfort Specialist",,CAN,82,26933,2026-10-04T15:52:15.592253771Z,"['AWS WAF Challenge', 'Alternate Protocol', 'Amazon WAF Blocked', 'Apture Linking Platform', 'Cloudflare', 'Content Delivery Network', 'DAV', 'DoubleClick Bid Manager', 'Elementor', 'EmbedPress', 'Facebook Reseller', 'Font Awesome', 'Google', 'Google Analytics', 'Google Cloud CDN', 'Google Cloud DNS', 'Google Font API', 'Google Maps', 'Google My Business', 'Google Tag Manager', 'Gravity', 'Gravity Forms', 'HappyAddons', 'Hello Elementor', 'Microdata for Google Shopping', 'NFOrce Internet', 'NitroPack', 'PHP', 'Pico CSS', 'Podium', 'QUIC', 'Table Addons for Elementor', 'Theme In WP', 'To Top', 'TrustIndex', 'UTF-8', 'WP Accessibility', 'WP Engine', 'WordPress', 'WordPress Multisite', 'jQuery']"
jamesbaylisssmith.com,James Bayliss-Smith - Documentary Cameraman & Filmmaker,,GBR,72,2171,2026-10-04T15:20:53.062999858Z,"['Alternate Protocol', 'CDN JS', 'Cloudflare', 'Cloudflare CDN', 'Content Delivery Network', 'Cookie Accept', 'Cookie Notice', 'EmbedPress', 'Font Awesome', 'GZIP Module', 'Google Cloud DNS', 'Google Font API', 'Google Related Website Sites', 'Instagram Follow Button', 'Microdata for Google Shopping', 'Nginx', 'PHP', 'PWA', 'Page scroll to id', 'Pico CSS', 'ProfilePress', 'StudioPress', 'Theme In WP', 'Twitter Ads', 'UTF-8', 'Vimeo', 'WP Accessibility', 'WordPress', 'WordPress Multisite', 'jQuery']"
maroonhealth.com.au,Nursing Care and Support in QLD | Maroon Health Care,Maroon Health Care,AUS,77,3581,2026-10-04T15:05:32.249128021Z,"['Alternate Protocol', 'Ametys', 'Astra Theme', 'Contact Form Plugin', 'Content Delivery Network', 'Elementor', 'EmbedPress', 'Express', 'Google', 'Google Analytics', 'Google Cloud DNS', 'Google Font API', 'Google Maps', 'Google My Business', 'Google Related Website Sites', 'Google Tag Manager', 'Make Column Clickable Elementor', 'Microdata for Google Shopping', 'Nginx', 'PHP', 'Perl', 'Theme In WP', 'UTF-8', 'WP Accessibility', 'Woo Themes', 'WordPress', 'WordPress Multisite', 'WordPress Related Posts', 'jQuery']"
bccomfort.com,BC COMFORT - Mechanical Contractor,BC COMFORT Mechanical and HVAC Contractor,JPN,92,25313,2026-10-04T14:52:45.626306946Z,"['AWS WAF Challenge', 'Alternate Protocol', 'CheryFramework', 'Cloudflare', 'Cloudflare CDN', 'Content Delivery Network', 'Cornerstone', 'EmbedPress', 'Font Awesome', 'GoDaddy', 'Google', 'Google Analytics', 'Google Cloud DNS', 'Google Font API', 'Google My Business', 'Google Related Website Sites', 'Lazy Load for WordPress', 'Microdata for Google Shopping', 'PHP', 'Slider Revolution', 'Tailwind CSS', 'Theme In WP', 'UTF-8', 'UberMenu', 'Vector Internet Services', 'WP Accessibility', 'WP Rocket', 'Woo Themes', 'WordPress', 'WordPress Multisite', 'eLand', 'reCAPTCHA', 'shadcn ui']"
idilogistics.com,IDI Logistics | Trusted Investors and Developers of Logistics Real Estate,IDI Logistics,USA,92,8683,2026-10-04T14:47:47.697888489Z,"['Adult Content', 'Alternate Protocol', 'Bridge', 'Cloudflare', 'Content Delivery Network', 'Corporate Governance and Regulatory Compliance', 'DAV', 'EmbedPress', 'Font Awesome', 'Google', 'Google Analytics', 'Google Cloud CDN', 'Google Cloud DNS', 'Google Font API', 'Google My Business', 'Google Related Website Sites', 'Google Tag Manager', 'Gravity', 'Gravity Forms', 'InitiativeS', 'Kitco', 'Microdata for Google Shopping', 'PHP', 'Pagekit', 'Popup Maker for Wordpress', 'Schema Plugin', 'Share Link', 'Site Kit', 'Slider Revolution', 'Theme In WP', 'UTF-8', 'University or College', 'WP Accessibility', 'WP Fastest Cache', 'WPBakery', 'WordPress', 'WordPress Multisite', 'YouTube', 'eLand', 'jQuery']"
helpauckland.org.nz,HELP Auckland,,NZL,72,19275,2026-10-04T13:18:51.853678524Z,"['AWS WAF Challenge', 'Alternate Protocol', 'Amazon', 'Amazon CloudFront', 'CloudFront', 'Cloudflare', 'EmbedPress', 'Font Awesome', 'Google Analytics', 'Google Tag Manager', 'Gravity', 'Gravity Forms', 'Gutenberg Blocks by Kadence Blocks', 'Instagram Follow Button', 'Kadence WP', 'PHP', 'Print-O-Matic', 'QUIC', 'Theme In WP', 'UTF-8', 'WP Accessibility', 'WP Engine', 'WordPress', 'WordPress Multisite', 'YouTube', 'jQuery']"
apartamentosangar.es,Alquiler vacacional en Cádiz y Zahara | Apartamentos Angar,Apartamentos Angar,ESP,82,18065,2026-10-04T12:48:08.641845443Z,"['AWS WAF Challenge', 'Alternate Protocol', 'Cloudflare', 'Cloudflare CDN', 'Complianz', 'DAV', 'Elementor', 'EmbedPress', 'Google', 'Google Analytics', 'Google Cloud DNS', 'Google Font API', 'Google My Business', 'Google Tag Manager', 'Hello Elementor', 'Microdata for Google Shopping', 'PHP', 'Polylang', 'Site Kit', 'Theme In WP', 'UTF-8', 'WP Accessibility', 'Woo Themes', 'WooCommerce', 'WooCommerce Checkout', 'WordPress', 'WordPress Multisite', 'jQuery']"
economica.org,Economica Institut für Wirtschaftsforschung - Relevant Economics,Economica Institut für Wirtschaftsforschung,AUT,75,2765,2026-10-04T12:15:04.549218434Z,"['Alternate Protocol', 'CheryFramework', 'Cornerstone', 'EmbedPress', 'Express', 'GZIP Module', 'Google', 'Google Cloud CDN', 'Google Cloud DNS', 'Google Font API', 'Microdata for Google Shopping', 'Nginx', 'PHP', 'QUIC', 'Slider Revolution', 'Theme In WP', 'UTF-8', 'WP Accessibility', 'WP Super Cache', 'WPML Multilingual', 'Woo Themes', 'WordPress', 'WordPress Multisite', 'eLand', 'jQuery', 'shadcn ui']"
inigoasesores.com,Home - IÑIGO ASESORES,,ESP,65,15307,2026-10-04T11:15:50.956294215Z,"['AWS WAF Challenge', 'Alternate Protocol', 'Apache', 'DAV', 'EmbedPress', 'GZIP Module', 'Google Analytics', 'Google Cloud DNS', 'Google Font API', 'Google Tag Manager', 'Microdata for Google Shopping', 'PHP', 'Polylang', 'QUIC', 'Slider Revolution', 'The7', 'Theme In WP', 'UTF-8', 'WP Accessibility', 'WPBakery', 'WordPress', 'WordPress Multisite', 'jQuery']"
coloradolawnspecialists.com,Home - Colorado Lawn Specialists,Colorado Lawn Specialists,ARG,75,39055,2026-10-04T09:40:42.936960927Z,"['AWS WAF Challenge', 'Alternate Protocol', 'Aruba', 'Automattic', 'Cloudflare', 'Content Delivery Network', 'EmbedPress', 'FormSubmit', 'Genesis Blocks', 'Google Cloud DNS', 'Google Font API', 'HMDG', 'Jetpack', 'Microdata for Google Shopping', 'Ntent', 'PHP', 'StudioPress', 'Thank You', 'Theme In WP', 'TrustIndex', 'UTF-8', 'WP Accessibility', 'WP Engine', 'Way', 'WordPress', 'WordPress Multisite', 'WordPress Stats', 'eLand', 'jQuery']"
sataclass.org,Shoplifting and Theft Awareness Class | Shoplifting and Theft Awareness Class,Shoplifting and Theft Awareness Class,,67,3956,2026-10-04T07:32:47.253099554Z,"['AccessPress Parallax', 'AccessPress Themes', 'Alternate Protocol', 'Apache', 'Authorize.net', 'Elementor', 'EmbedPress', 'Google', 'Google Analytics', 'Google Cloud DNS', 'Google Font API', 'Google Tag Manager', 'Microdata for Google Shopping', 'My Calendar', 'PHP', 'QUIC', 'Sitelinks Search Box', 'SmartCrawl', 'Tailwind CSS', 'Theme In WP', 'UTF-8', 'Vimeo', 'WP Accessibility', 'WPBakery', 'Woo Themes', 'WordPress', 'WordPress Multisite', 'Wufoo', 'jQuery']"
everymind.ca,EveryMind | MENTAL HEALTH SERVICES. FOR YOU. WITH YOU.,Every Mind,USA,82,1493,2026-10-04T03:30:00.205800704Z,"['Akismet', 'Alternate Protocol', 'Amazon WAF Blocked', 'Apache', 'Apture Linking Platform', 'Aruba', 'EmbedPress', 'GTranslate', 'Google Analytics', 'Google Analytics Dashboard for WordPress', 'Google Cloud DNS', 'Google Font API', 'Google My Business', 'Google Tag Manager', 'Gravity', 'Gravity Forms', 'Instagram Follow Button', 'LayerSlider Responsive', 'Microdata for Google Shopping', 'PHP', 'Pagekit', 'Polylang', 'Popup Maker for Wordpress', 'QUIC', 'Rate my Post', 'Recent Posts Widget With Thumbnails', 'Slider Revolution', 'Smush Image Optimization', 'Theme In WP', 'Twitter Ads', 'UTF-8', 'WP Accessibility', 'WP Fastest Cache', 'WP Responsive Menu', 'WPBakery', 'WordPress', 'WordPress Multisite', 'eLand', 'jQuery']"
allwaysconstruction.com,Home - All Ways Construction,,,65,24832,2026-10-03T20:36:26.470976607Z,"['AJAX Libraries API', 'Alternate Protocol', 'Amazon WAF Blocked', 'DAV', 'Divi', 'Elegant Themes', 'EmbedPress', 'Facebook Login', 'Facebook Messenger Platform', 'Facebook Reseller', 'Fastly', 'Font Awesome', 'GDPR Cookie Compliance', 'GZIP Module', 'Google Analytics', 'Google Cloud DNS', 'Google Font API', 'Google My Business', 'Google Tag Manager', 'Jetpack', 'KVH', 'KeyCDN', 'Microdata for Google Shopping', 'Nginx', 'Ntent', 'PHP', 'Pirsch', 'Theme In WP', 'TrustIndex', 'UTF-8', 'WP Accessibility', 'WordPress', 'WordPress Multisite', 'WordPress Stats', 'jQuery']"
ocgc.coop,"One Community Grocery Co-op – A start-up co-op in South St. Petersburg, FL.",,USA,60,404,2026-10-03T18:50:34.431330331Z,"['AWS WAF Challenge', 'Alternate Protocol', 'Apache', 'Cloudflare', 'Cloudflare CDN', 'Creative Mail by Constant Contact', 'EmbedPress', 'GZIP Module', 'Google', 'Google My Business', 'Instagram Follow Button', 'Jetpack', 'PHP', 'Theme In WP', 'Twenty Twenty', 'UTF-8', 'WP Accessibility', 'Woo Themes', 'WooCommerce', 'WooCommerce Checkout', 'WordPress', 'WordPress Multisite', 'jQuery']"
ncbacfw.com,Carl F. West Estates – Washington DC,,USA,70,58247,2026-10-03T18:27:33.781223099Z,"['Alternate Protocol', 'Astra Theme', 'Cloudflare', 'ETranslate', 'Elementor', 'EmbedPress', 'Fastly', 'Font Awesome', 'GZIP Module', 'Google Cloud DNS', 'Google Font API', 'Google Maps', 'Google My Business', 'Gtranslate for Wordpress', 'Header, Footer and Blocks for Elementor', 'IcoMoon', 'Instagram Follow Button', 'NFOrce Internet', 'PHP', 'QUIC', 'SMC', 'SiteW', 'Table Addons for Elementor', 'Tailwind CSS', 'Theme In WP', 'Twitter Ads', 'UTF-8', 'WP Accessibility', 'WPForms', 'Woo Themes', 'WordPress', 'WordPress Multisite', 'WordPress Related Posts', 'YouTube', 'jQuery']"
ndcpa.co.il,Nahum-Deutsch CPA's | Home Page,,,50,258,2026-10-03T17:33:03.981481841Z,"['AJAX Libraries API', 'Alternate Protocol', 'Click to Chat for WhatsApp', 'Contact Form Plugin', 'EmbedPress', 'Font Awesome', 'Google Cloud DNS', 'Google Font API', 'Google My Business', 'IcoMoon', 'LiteSpeed', 'Material Design Icons', 'PHP', 'Polylang', 'Sassy Social Share', 'Theme In WP', 'UTF-8', 'University or College', 'WP Accessibility', 'WordPress', 'WordPress Multisite', 'jQuery']"
spacefordialogue.ca,Suicide Prevention Awareness & Community Education (SPACE) - CMHA British Columbia,CMHA British Columbia,CAN,87,36866,2026-10-03T15:35:09.942738622Z,"['AKA Raisin', 'AWS WAF Challenge', 'Alternate Protocol', 'Amazon WAF Blocked', 'CDN JS', 'Cloudflare', 'Cloudflare CDN', 'Cloudflare Web Analytics', 'Coming Soon Page', 'Content Delivery Network', 'EmbedPress', 'Events Manager for WordPress', 'Facebook Conversion Tracking', 'Facebook Login', 'Facebook Messenger Platform', 'Facebook Pixel', 'Facebook Reseller', 'Facebook Tag API', 'Fastly', 'FormSubmit', 'Google Analytics', 'Google Cloud DNS', 'Google Font API', 'Google My Business', 'Google Tag Manager', 'H5P for WordPress', 'Hotjar', 'IcoMoon', 'Instagram Follow Button', 'Microdata for Google Shopping', 'MonsterInsights', 'NFOrce Internet', 'PHP', 'Schema Plugin', 'Store Locator WordPress', 'StudioPress', 'Theme In WP', 'UTF-8', 'WP Accessibility', 'WPBakery', 'WordPress', 'WordPress Multisite', 'YouTube', 'jQuery']"
justsmiledental.net,"Best Dentist in Everett, WA | Just Smile Dental on Evergreen Way",,USA,82,8562,2026-10-03T13:38:45.540621261Z,"['Alternate Protocol', 'Amazon CloudFront', 'Apache', 'Atlas Pickup Points', 'CloudFront', 'DoubleClick Bid Manager', 'Doxy.me', 'EmbedPress', 'GZIP Module', 'Google Analytics', 'Google Cloud DNS', 'Google Font API', 'Google Maps', 'Google My Business', 'Google Tag Manager', 'Lazy Load for WordPress', 'Microdata for Google Shopping', 'PHP', 'Photo Gallery for WordPress', 'Popup Maker for Wordpress', 'QUIC', 'Schema Plugin', 'Segment', 'Tailwind CSS', 'Thank You', 'Theme In WP', 'UTF-8', 'University or College', 'WP Accessibility', 'WP Rocket', 'Woo Themes', 'WordPress', 'WordPress Multisite', 'WordPress Related Posts', 'Yelp Badge', 'YouTube', 'ZocDoc', 'jQuery']"
ipgmn.com,IPGMN – Integrated Provider Group of Minnesota,,USA,65,16289,2026-10-03T11:29:37.060610222Z,"['Alternate Protocol', 'App Store', 'AthenaHealth', 'ContentBox', 'EmbedPress', 'GZIP Module', 'Google Cloud DNS', 'Google Font API', 'Google My Business', 'Google Play', 'Nginx', 'PHP', 'Theme In WP', 'UTF-8', 'WP Accessibility', 'WordPress', 'WordPress Multisite', 'jQuery', 'reCAPTCHA']"
dcpoklandbank.org,Home - DCPOK Land Bank,,USA,77,2790,2026-10-03T10:57:20.416740321Z,"['Alibaba Cloud CDN', 'Alternate Protocol', 'Content Delivery Network', 'Elementor', 'EmbedPress', 'Fastly', 'GZIP Module', 'Google Analytics', 'Google Tag Manager', 'Instagram Follow Button', 'JetElements', 'Jupiter X Core', 'Microdata for Google Shopping', 'PHP', 'QUIC', 'Schema Plugin', 'Table Addons for Elementor', 'Theme In WP', 'UTF-8', 'WP Accessibility', 'Woo Themes', 'WordPress', 'WordPress Multisite', 'jQuery']"
edgewoodauburn.com,Edgewood Auburn | Scenic living at its Best,,,60,450,2026-10-03T08:04:27.107915109Z,"['Alternate Protocol', 'Bridge', 'Content Delivery Network', 'Elementor', 'EmbedPress', 'Font Awesome', 'GZIP Module', 'Genesis Blocks', 'Google Analytics', 'Google Cloud DNS', 'Google Font API', 'Google Maps', 'Google Tag Manager', 'Microdata for Google Shopping', 'Nginx', 'PHP', 'Qi Addons For Elementor', 'Schema Plugin', 'Slider Revolution', 'Theme In WP', 'UTF-8', 'WP Accessibility', 'WP Engine', 'WordPress', 'WordPress Multisite', 'eLand', 'jQuery']"
sandspaintingnh.com,S and S Painting,S and S Painting,CAN,72,32319,2026-10-03T07:48:52.213534482Z,"['AWS WAF Challenge', 'Alternate Protocol', 'Apache', 'Automattic', 'Beaver Builder Lite', 'Contact Form Plugin', 'EmbedPress', 'GZIP Module', 'Google Analytics', 'Google Cloud DNS', 'Google Font API', 'Google My Business', 'Google Tag Manager', 'Jetpack', 'Lazy Load for WordPress', 'Microdata for Google Shopping', 'MonsterInsights', 'PHP', 'Theme In WP', 'UTF-8', 'WP Accessibility', 'WPFront Scroll Top', 'Wangsu', 'WordPress', 'WordPress Multisite', 'WordPress Stats', 'eLand', 'jQuery', 'reCAPTCHA']"
beachwoodapts.com,Downtown Cleveland Apartments | Beachwood Apartments,,EGY,82,27894,2026-10-03T06:53:11.365235938Z,"['Alternate Protocol', 'Content Delivery Network', 'Contento', 'DAV', 'Elegant Themes', 'EmbedPress', 'Essential Grid', 'Font Awesome', 'Fontello', 'FooBox', 'Google Analytics', 'Google Tag Manager', 'Instagram Follow Button', 'LayerSlider Responsive', 'Matomo', 'Matomo Tag Manager', 'Nginx', 'PHP', 'Photo Gallery by FooGallery', 'ThemeFusion', 'UTF-8', 'WP Accessibility', 'WPFront Notification Bar', 'WordPress', 'WordPress Multisite', 'eLand', 'jQuery']"
cleanairoc.org,Clean Air OC -,Clean Air OC,USA,60,260,2026-10-03T05:49:47.420686906Z,"['AWS WAF Challenge', 'Alternate Protocol', 'Cloudflare', 'Cloudflare CDN', 'EmbedPress', 'Fancybox for WordPress', 'GZIP Module', 'Google', 'Google Analytics', 'Google My Business', 'Google Related Website Sites', 'Google Tag Manager', 'Instagram Follow Button', 'Jetpack', 'Microdata for Google Shopping', 'MonsterInsights', 'Nginx', 'Telegram', 'The Events Calendar', 'Twenty Twenty-Four', 'UTF-8', 'University or College', 'WP Accessibility', 'Woo Themes', 'WordPress', 'WordPress Multisite', 'WordPress Stats']"
maryculverhome.org,Mary Culver Home - Mary Culver Home,,,65,3946,2026-10-03T02:32:11.056043794Z,"['Alternate Protocol', 'Apache', 'Apture Linking Platform', 'Azion', 'Divi', 'Elegant Themes', 'EmbedPress', 'GZIP Module', 'Google', 'Google Analytics', 'Google Cloud CDN', 'Google Cloud DNS', 'Google Font API', 'Google Tag Manager', 'Instagram Follow Button', 'Microdata for Google Shopping', 'PHP', 'QUIC', 'Subversion', 'Theme In WP', 'UTF-8', 'WP Accessibility', 'Woo Themes', 'WooCommerce', 'WooCommerce Checkout', 'WordPress', 'WordPress Multisite', 'YouTube', 'jQuery']"
archphysicaltherapyandfitness.com,Arch Physical Therapy and Fitness - Arch Physical Therapy & Fitness,Arch Physical Therapy &amp; Fitness,USA,77,16184,2026-10-02T23:41:57.264508478Z,"['AWS WAF Challenge', 'Alternate Protocol', 'Apache', 'Automattic', 'Divi', 'Elegant Themes', 'EmbedPress', 'GZIP Module', 'Google Analytics', 'Google Cloud DNS', 'Google Font API', 'Google Tag Manager', 'Instagram Follow Button', 'Jetpack', 'MailChimp', 'Microdata for Google Shopping', 'PHP', 'QUIC', 'UTF-8', 'WP Accessibility', 'Woo Themes', 'WooCommerce Checkout', 'WooCommerce Payments', 'WordPress', 'WordPress Multisite', 'WordPress Stats', 'YouTube', 'jQuery']"
decoraharea.com,"Visit Decorah, Iowa: Things to Do, Trails, Dining & Lodging",Decorah Visitor Center,USA,77,3395,2026-10-02T19:21:44.465231435Z,"['Alternate Protocol', 'Amazon WAF Blocked', 'Aruba', 'Cloudflare', 'Cloudflare CDN', 'Content Delivery Network', 'Elementor', 'Elementor Custom Skin', 'Elfsight', 'EmbedPress', 'Essential Addons for Elementor', 'Google Analytics', 'Google My Business', 'Google Related Website Sites', 'Google Tag Manager', 'Gravity', 'Gravity Forms', 'Hello Elementor', 'Instagram Follow Button', 'Microdata for Google Shopping', 'NFOrce Internet', 'Site Kit', 'Sitelinks Search Box', 'Table Addons for Elementor', 'The Events Calendar', 'Twitter Ads', 'UTF-8', 'WP Accessibility', 'WordPress', 'WordPress Multisite', 'WordPress Related Posts', 'YouTube', 'eLand', 'jQuery']"
professionalenergy.co.uk,Professional Energy Services | Business Energy Consultancy Firm,Professional Energy Services,GBR,77,10806,2026-10-02T17:27:39.479403003Z,"['Add to Any', 'Alternate Protocol', 'Amazon WAF Blocked', 'Apache', 'Apture Linking Platform', 'CentOS', 'DAV', 'EmbedPress', 'GZIP Module', 'HubSpot WordPress Plugin', 'Instagram Follow Button', 'Lazy Load for WordPress', 'MailChimp', 'Microdata for Google Shopping', 'Ntent', 'OpenSSL', 'PHP', 'TrustIndex', 'Twitter Ads', 'UTF-8', 'WP Accessibility', 'WP Rocket', 'WordPress', 'WordPress Multisite', 'YooTheme', 'YouTube']"
dublintunnel.ie,Dublin Tunnel – Dublin Port Tunnel,,IRL,70,21231,2026-10-02T15:35:44.53652995Z,"['Alternate Protocol', 'Contact Form Plugin', 'Content Delivery Network', 'Cybot', 'Elementor', 'EmbedPress', 'Fireblade', 'Google', 'Google Analytics', 'Google Cloud DNS', 'Google Font API', 'Google My Business', 'Google Tag Manager', 'Interchange', 'NFOrce Internet', 'PHP', 'QUIC', 'Sucuri Cloudproxy', 'Theme In WP', 'Twitter Ads', 'Twitter CDN', 'UTF-8', 'WP Accessibility', 'Woo Themes', 'WordPress', 'WordPress Multisite', 'eLand', 'jQuery', 'reCAPTCHA', 'wpDataTables']"
web3analyzer.io,Web3-Analyzer Fully automated blockchain-project analyzer,Dezentrale Ltd.,CYP,77,2606,2026-10-02T12:36:15.438229727Z,"['Alternate Protocol', 'Apache', 'CoinGecko', 'EmbedPress', 'Express', 'Google Analytics', 'Google My Business', 'Google Related Website Sites', 'Google Tag Manager', 'Jetpack', 'Microdata for Google Shopping', 'Ntent', 'PHP', 'Paid Memberships Pro', 'Sign In With Google', 'Site Kit', 'UTF-8', 'WP Accessibility', 'WordPress', 'WordPress Multisite', 'YouTube']"
sustainablemiddleboro.org,Home - Sustainable Middleborough,Sustainable Middleborough,GBR,70,1197,2026-10-02T12:20:34.102723757Z,"['Adobe Creative Cloud WebFonts', 'Alternate Protocol', 'Apache', 'CDN JS', 'Cloudflare', 'Cloudflare CDN', 'EmbedPress', 'Financial Services Guide', 'Fonts Plugin', 'GZIP Module', 'GenerateBlocks', 'GeneratePress Company', 'Google Forms', 'Google My Business', 'Jetpack', 'Microdata for Google Shopping', 'Otter Blocks', 'PHP', 'Pagekit', 'Recent Posts Widget With Thumbnails', 'Smush Image Optimization', 'Theme In WP', 'UTF-8', 'University or College', 'WP Accessibility', 'WordPress', 'WordPress Multisite', 'WordPress Stats', 'YouTube']"
theburkardschool.org,The Right Support Makes All The Difference - The Burkard School,,,72,11048,2026-10-02T11:51:46.695708128Z,"['501c3 Status Nonprofit', 'Alternate Protocol', 'Amazon WAF Blocked', 'Baidu Cloud', 'Content Delivery Network', 'Content ad', 'Divi', 'Duoban', 'Elegant Themes', 'EmbedPress', 'Express', 'Google', 'Google Analytics', 'Google Cloud CDN', 'Google Cloud DNS', 'Google Font API', 'Google Related Website Sites', 'Google Tag Manager', 'Instagram Follow Button', 'Jetpack', 'Kinsta', 'Loomly', 'Microdata for Google Shopping', 'Nginx', 'PHP', 'Sitelinks Search Box', 'Theme In WP', 'UTF-8', 'University or College', 'Vimeo', 'WP Accessibility', 'Woo Themes', 'WordPress', 'WordPress Multisite', 'Yandex Hosting', 'YouTube', 'eLand', 'jQuery']"
thesmarthomesproject.org,The 'Smart' Homes Project – Call for Participation,,USA,70,611,2026-10-02T11:24:07.299039054Z,"['Alternate Protocol', 'Contact Form Plugin', 'EmbedPress', 'Express', 'Google Cloud DNS', 'Google Font API', 'LiteSpeed', 'Otter Blocks', 'PHP', 'Theme In WP', 'UTF-8', 'University or College', 'WP Accessibility', 'WP Mobile Menu', 'WordPress', 'WordPress Multisite', 'eLand', 'jQuery']"
athenaresilience.com,Coming Soon – Athena Resilience,,,45,1079,2026-10-02T08:47:24.320022291Z,"['AWS WAF Challenge', 'Alternate Protocol', 'Cloudflare', 'Coming Soon Page', 'Content Delivery Network', 'EmbedPress', 'Gutenberg Blocks by Kadence Blocks', 'Kadence WP', 'PHP', 'Theme In WP', 'UTF-8', 'WP Accessibility', 'WP Engine', 'WordPress', 'WordPress Multisite', 'accessiBe']"
robichauxfamilydental.com,Home - Robichaux Family Dentistry,,,60,213,2026-10-02T07:40:01.574455678Z,"['Alternate Protocol', 'Contact Form Plugin', 'EmbedPress', 'Font Awesome', 'Google Cloud DNS', 'Google Font API', 'Google My Business', 'Instagram Follow Button', 'Microdata for Google Shopping', 'Nginx', 'PHP', 'Popup Maker for Wordpress', 'Site Reviews for Wordpress', 'ThemeFusion', 'UTF-8', 'WP Accessibility', 'WordPress', 'WordPress Multisite', 'YouTube', 'jQuery', 'reCAPTCHA']"
scenicterracenorthcdd.com,Scenic Terrace North CDD – Community Development District Website,,,50,968,2026-10-02T05:58:57.848373322Z,"['AWS WAF Challenge', 'Alternate Protocol', 'Apache', 'CDN JS', 'Cloudflare', 'Cloudflare CDN', 'EmbedPress', 'Flatsome', 'Google', 'Google Cloud DNS', 'Google Font API', 'Google My Business', 'IcoMoon', 'PHP', 'Theme In WP', 'UTF-8', 'UserWay', 'WP Accessibility', 'Woo Themes', 'WooCommerce Checkout', 'WordPress', 'WordPress Multisite', 'jQuery']"
entiatwatershed.org,Entiat Watershed Planning Unit – Cascadia Conservation District,,,65,17415,2026-10-02T05:07:58.756907304Z,"['Alternate Protocol', 'Cloudflare', 'Cloudflare CDN', 'Crowdsignal', 'Elementor', 'EmbedPress', 'Fireblade', 'GTranslate', 'Google Cloud DNS', 'Google Font API', 'Header, Footer and Blocks for Elementor', 'IcoMoon', 'Instagram Follow Button', 'Interchange', 'Microdata for Google Shopping', 'Modern Events Calendar Lite', 'PHP', 'Parallels Plesk Panel', 'Smartsheet', 'Theme In WP', 'UTF-8', 'Vimeo', 'WP Accessibility', 'WordPress', 'WordPress Multisite', 'YouTube', 'eLand', 'jQuery']"
city-film.org,"City Film – MFA in Film at the City College of New York – MFA in Film at the City College of New York. Intensive two-year MFA in Film is the only graduate-level program of its kind, offering Documentary and Fiction tracks.",,USA,72,58243,2026-10-02T04:24:23.676772528Z,"['AWS WAF Challenge', 'Alternate Protocol', 'Cloudflare', 'Cloudflare CDN', 'Contact Form Plugin', 'Contento', 'EmbedPress', 'Facebook Conversion Tracking', 'Facebook Login', 'Facebook Messenger Platform', 'Facebook Pixel', 'Facebook Reseller', 'Facebook Tag API', 'Fireblade', 'Google', 'Google Analytics', 'Google Cloud CDN', 'Google Cloud DNS', 'Google Font API', 'Google Maps', 'Google My Business', 'Google Tag Manager', 'IcoMoon', 'Instagram Feed for WordPress', 'Instagram Follow Button', 'LiteSpeed', 'Muffin Group', 'PHP', 'QUIC', 'Slider Revolution', 'Theme In WP', 'Twitter Ads', 'UTF-8', 'University or College', 'WP Accessibility', 'Woo Themes', 'WordPress', 'WordPress Multisite', 'YouTube', 'jQuery']"
countrypetlodge.com,"Country Pet Lodge | Pet Care Services in Lindenwold, NJ",Country Pet Lodge & Salon,USA,82,18253,2026-10-02T03:15:46.999744554Z,"['Alternate Protocol', 'CDN JS', 'Cloudflare', 'Cloudflare CDN', 'Content Delivery Network', 'Divi', 'Elegant Themes', 'EmbedPress', 'Ethy', 'Fireblade', 'Font Awesome', 'FreeCSSTemplates', 'GZIP Module', 'Google Analytics', 'Google Cloud DNS', 'Google Font API', 'Google My Business', 'Google Related Website Sites', 'Google Tag Manager', 'Harbor', 'Instagram Follow Button', 'Microdata for Google Shopping', 'Nginx', 'Ntent', 'PHP', 'Parallels Plesk Panel', 'QUIC', 'TablePress', 'Theme In WP', 'TrustIndex', 'Twitter Ads', 'UTF-8', 'WP Accessibility', 'Woo Themes', 'WordPress', 'WordPress Multisite', 'Yelp Badge', 'YouTube', 'eLand', 'jQuery']"
ewimed.com,The specialist for catheter and drainage systems | ewimed,,DEU,77,70353,2026-10-02T01:01:15.897989739Z,"['AJAX Libraries API', 'AWS WAF Challenge', 'Akismet', 'Alternate Protocol', 'Amazon WAF Blocked', 'Apture Linking Platform', 'Borlabs Cookie', 'Bulma', 'CDN JS', 'Cloudflare', 'Cloudflare CDN', 'Cloudflare Turnstile', 'Contact Form Plugin', 'DAV', 'EmbedPress', 'GZIP Module', 'Google Cloud DNS', 'Google Font API', 'Gravity', 'IcoMoon', 'Instagram Follow Button', 'LinkedIn Insights', 'LinkedIn Pixel', 'Matomo', 'Matomo Tag Manager', 'Microdata for Google Shopping', 'Nginx', 'PHP', 'Parallels Plesk Panel', 'Pico CSS', 'SMC', 'SVG Support', 'Sitelinks Search Box', 'The Events Calendar', 'Theme In WP', 'UTF-8', 'Uncode', 'Vimeo', 'WP Accessibility', 'WP Rocket', 'WPBakery', 'WPML Multilingual', 'Woo Themes', 'WooCommerce', 'WooCommerce Checkout', 'WordPress', 'WordPress Multisite', 'YouTube', 'jQuery', 'jsDelivr', 'reCAPTCHA']"
beachshinecarpetcleaning.com,"BeachShine Steam Cleaning and Restoration in Panama City Beach, FL | Free Quotes",BeachShine Steam Cleaning and Restoration,PHL,92,2566,2026-10-02T00:05:33.398422861Z,"['Alternate Protocol', 'Amazon WAF Blocked', 'Autoptimize', 'Cloudflare', 'Content Delivery Network', 'Elementor', 'EmbedPress', 'Google Analytics', 'Google Cloud DNS', 'Google Customer Reviews', 'Google Font API', 'Google Maps', 'Google My Business', 'Google Tag Manager', 'Hello Elementor', 'Housecall Pro', 'Jetpack', 'Microdata for Google Shopping', 'QUIC', 'UTF-8', 'WP Accessibility', 'WordPress', 'WordPress Multisite', 'WordPress Stats', 'Yelp Badge', 'YouTube', 'jQuery']"
cooltransports.net,"Cool Transports – Providing Safe, Dependable Petroleum Transport Service",,USA,65,18871,2026-10-01T22:27:59.929667677Z,"['Alternate Protocol', 'Apture Linking Platform', 'Breezy HR', 'Cloudflare', 'CoBlocks', 'Contact Form Plugin', 'Content Delivery Network', 'EmbedPress', 'Fireblade', 'GoDaddy', 'Google Cloud DNS', 'Google Font API', 'PHP', 'Perl', 'Slider Revolution', 'The7', 'Theme In WP', 'UTF-8', 'Visual Composer Ultimate Addons', 'WP Accessibility', 'WPBakery', 'WordPress', 'WordPress Multisite', 'jQuery']"
marleedental.com,"Dentist in York, ON | North York Dental Clinic | York Dental Office",,CAN,82,34183,2026-10-01T22:27:59.890607032Z,"['Adit Dental Software', 'Alternate Protocol', 'Angular', 'Apache', 'Apture Linking Platform', 'Bookform', 'Coming Soon Page', 'Content ad', 'Contento', 'EmbedPress', 'Fastly', 'GZIP Module', 'Google Analytics', 'Google My Business', 'Google No Site Links Search', 'Google Tag Manager', 'Lazy Load for WordPress', 'Microdata for Google Shopping', 'PHP', 'Theme In WP', 'UTF-8', 'WP Accessibility', 'WP Rocket', 'WordPress', 'WordPress Multisite', 'jQuery']"
easternfiresuppression.com,Associated Fire Protection | Fire Protection Company in New Jersey & New York,Associated Fire Protection,USA,77,25134,2026-10-01T20:53:40.166250365Z,"['Alternate Protocol', 'CleanTalk Spam Protect', 'Custom Facebook Feed', 'Divi', 'Elegant Themes', 'EmbedPress', 'Facebook CDN', 'Fireblade', 'Font Awesome', 'GZIP Module', 'Google', 'Google Adsense', 'Google Analytics', 'Google Cloud DNS', 'Google Font API', 'Google Funding Choices', 'Google Matched Content', 'Google My Business', 'Google Related Website Sites', 'Google Reseller', 'Google Tag Manager', 'Gravity Forms', 'Instagram Follow Button', 'Kitco', 'Microdata for Google Shopping', 'Nginx', 'Ntent', 'PHP', 'Popup Maker for Wordpress', 'QUIC', 'Sign In With Google', 'Site Kit', 'The Trade Desk Direct', 'Theme In WP', 'Twitter Ads', 'UTF-8', 'WP Accessibility', 'WP Fastest Cache', 'Woo Themes', 'WordPress', 'WordPress Multisite', 'YouTube', 'jQuery', 'reCAPTCHA']"
baysidecarpetcleaningnj.com,"Bayside Carpet Cleaning in Manahawkin, NJ | Request A Free Quote",Bayside Carpet Cleaning,CAN,82,20467,2026-10-01T20:09:26.130863182Z,"['Adult Content', 'Alternate Protocol', 'Amazon WAF Blocked', 'Cloudflare', 'Complianz', 'Content Delivery Network', 'Elementor', 'EmbedPress', 'Fireblade', 'Google Analytics', 'Google Cloud DNS', 'Google Font API', 'Google My Business', 'Google Tag Manager', 'Harbor', 'Hello Elementor', 'Kitco', 'Microdata for Google Shopping', 'PHP', 'QUIC', 'Site Kit', 'Table Addons for Elementor', 'Theme In WP', 'UTF-8', 'WP Accessibility', 'WordPress', 'WordPress Multisite', 'Yelp Badge', 'jQuery']"
sierrahillsroofing.com,Roofing Services in Auburn CA,Sierra Hills Roofing,AUS,77,16979,2026-10-01T19:57:01.788317311Z,"['AWS WAF Challenge', 'Adult Content', 'Alternate Protocol', 'Apache', 'Contact Form Plugin', 'DAV', 'EmbedPress', 'GZIP Module', 'Google Analytics', 'Google My Business', 'Google Tag Manager', 'IcoMoon', 'Instagram Follow Button', 'Microdata for Google Shopping', 'Nationwide Mortgage Licensing System and Registry', 'PHP', 'Thank You', 'ThemeFusion', 'UTF-8', 'Vimeo', 'WP Accessibility', 'WP Fastest Cache', 'WordPress', 'WordPress Multisite', 'YouTube', 'reCAPTCHA']"
eastcoastwindows.net,Hurricane Impact Windows in South Florida | Free Estimate,East Coast Windows and Doors,USA,77,55963,2026-10-01T17:41:49.401105285Z,"['Alternate Protocol', 'Apture Linking Platform', 'Autoptimize', 'CCSI', 'Content Delivery Network', 'DAV', 'Elementor', 'EmbedPress', 'Financial Services Guide', 'Fireblade', 'GZIP Module', 'GoDaddy', 'Google Analytics', 'Google Maps', 'Google My Business', 'Google Tag Manager', 'Gravity', 'Gravity Forms', 'Hello Elementor', 'Instagram Follow Button', 'Investor Relations', 'Jupiter X Core', 'KVH', 'Microdata for Google Shopping', 'Nginx', 'Pagekit', 'QUIC', 'Smush Image Optimization', 'Twitter Ads', 'UTF-8', 'WP Accessibility', 'WordPress', 'WordPress Multisite', 'YouTube', 'jQuery']"
crowncruisescrete.com,Crown Cruises Crete - Chania Boat Trips & Private Cruises,Crown Cruises Crete,GRC,77,10435,2026-10-01T16:31:22.68198251Z,"['Alternate Protocol', 'Apture Linking Platform', 'Azure Edge', 'Contact Form Plugin', 'EmbedPress', 'Facebook Conversion Tracking', 'Facebook Login', 'Facebook Messenger Platform', 'Facebook Pixel', 'Facebook Reseller', 'Facebook Tag API', 'Font Awesome', 'GZIP Module', 'Google', 'Google Analytics', 'Google Cloud DNS', 'Google Font API', 'Google Maps', 'Google My Business', 'Google Tag Manager', 'Gtranslate for Wordpress', 'Harbor', 'Instagram Follow Button', 'Lazy Load for WordPress', 'MailChimp', 'MailChimp for WordPress', 'Microdata for Google Shopping', 'Nginx', 'Ntent', 'PHP', 'Post Grid', 'QUIC', 'Slider Revolution', 'Tailwind CSS', 'Thank You', 'Theme In WP', 'TrustIndex', 'UTF-8', 'University or College', 'WP Accessibility', 'WP Rocket', 'WPBakery', 'WPML Multilingual', 'Woo Themes', 'WordPress', 'WordPress Multisite', 'YouTube', 'eLand', 'jQuery', 'jsDelivr', 'reCAPTCHA']"
starke-frauen-machen-gegen-gewalt.de,"Am 25.11.2025: Online-Fachtagung zu Gewaltschutz, Barrierefreiheit & Empowerment von Frauen mit Behinderung. Jetzt kostenlos & barrierefrei anmelden.",Bundes-Netzwerk der Frauen-Beauftragten in Einrichtungen – Starke.Frauen.Machen. e.V.,GBR,77,27445,2026-10-01T14:17:02.580396134Z,"['Alternate Protocol', 'Azion', 'Complianz', 'DAV', 'Divi', 'Ektron', 'Elegant Themes', 'EmbedPress', 'GZIP Module', 'Google Analytics', 'Google Cloud DNS', 'Google Font API', 'Google Maps', 'Google Related Website Sites', 'Google Tag Manager', 'Instagram Follow Button', 'Microdata for Google Shopping', 'Nginx', 'PHP', 'Perl', 'Sitelinks Search Box', 'Theme In WP', 'UTF-8', 'WP Accessibility', 'Woo Themes', 'WordPress', 'WordPress Multisite', 'eLand', 'jQuery']"
marymeachum.com,Mary Meachum Freedom Crossing - Great Rivers Greenway,Great Rivers Greenway,USA,70,19680,2026-10-01T07:18:44.843470825Z,"['AWS WAF Challenge', 'Alternate Protocol', 'Amazon WAF Blocked', 'Aruba', 'CDN JS', 'Cloudflare', 'Cloudflare CDN', 'Content Delivery Network', 'Easy Fancybox', 'EmbedPress', 'Fancybox for WordPress', 'Font Awesome', 'FreeCSSTemplates', 'GZIP Module', 'Google Analytics', 'Google Cloud DNS', 'Google Maps', 'Google My Business', 'Google Tag Manager', 'Gravity', 'Gravity Forms', 'Instagram Follow Button', 'Jetpack', 'Microdata for Google Shopping', 'NFOrce Internet', 'Nginx', 'PHP', 'Search and Filter Pro', 'TablePress', 'Theme In WP', 'Twitter Ads', 'UTF-8', 'WP Accessibility', 'WP Engine', 'WordPress', 'WordPress Multisite', 'YouTube', 'eLand', 'jQuery', 'jQuery Pin It Button for Images', 'jsDelivr', 'reCAPTCHA']"
barryjcunhadds.com,Lexington Dental Group |,,CAN,65,32837,2026-10-01T02:49:19.791673522Z,"['Alternate Protocol', 'Bookform', 'Contact Form Plugin', 'Content Delivery Network', 'Content ad', 'Contento', 'EmbedPress', 'Fastly', 'GZIP Module', 'Google Analytics', 'Google My Business', 'Google Tag Manager', 'Instagram Follow Button', 'Microsoft 365', 'Nginx', 'PHP', 'Tailwind CSS', 'Theme In WP', 'UTF-8', 'WP Accessibility', 'WordPress', 'WordPress Multisite', 'jQuery', 'reCAPTCHA']"
ecourbiscraiova.ro,ECO URBIS CRAIOVA – Eco Urbis,,ROU,75,198,2026-10-01T02:11:35.064979242Z,"['AJAX Libraries API', 'Alternate Protocol', 'Cookie Accept', 'Cookie Notice', 'EmbedPress', 'Google Cloud DNS', 'Google Font API', 'LiteSpeed', 'PHP', 'Photo Gallery for WordPress', 'Theme In WP', 'UTF-8', 'WP Accessibility', 'WP Super Cache', 'Widget Options', 'WordPress', 'WordPress Multisite', 'jQuery']"
desireeadaway.com,The Adaway Group - Building Inclusive Workplaces,The Adaway Group,USA,82,17627,2026-10-01T01:56:59.242483825Z,"['AWS WAF Challenge', 'Alternate Protocol', 'Cloudflare', 'Content Delivery Network', 'Divi', 'Elegant Themes', 'EmbedPress', 'Google Analytics', 'Google Cloud DNS', 'Google Font API', 'Google Tag Manager', 'IcoMoon', 'Instagram Follow Button', 'Line2', 'LiteSpeed', 'Microdata for Google Shopping', 'QUIC', 'QUIC.cloud', 'Twitter Ads', 'UTF-8', 'WP Accessibility', 'WP Engine', 'WordPress', 'WordPress Multisite']"
gourmyfoods.eu,Gourmy Foods UK,Gourmy Foods UK,GBR,72,18481,2026-10-01T00:26:58.921377657Z,"['3D FlipBook', 'AWS WAF Challenge', 'Alternate Protocol', 'Blocksy', 'EmbedPress', 'Google', 'Google Analytics', 'Google Cloud CDN', 'Google Cloud DNS', 'Google Font API', 'Google Related Website Sites', 'Google Tag Manager', 'Instagram Follow Button', 'LiteSpeed', 'Max Mega Menu Pro', 'Microdata for Google Shopping', 'QUIC', 'SiteGround Optimizer', 'UTF-8', 'Variation Swatches for WooCommerce', 'WP Accessibility', 'Woo Themes', 'WooCommerce', 'WooCommerce Checkout', 'WordPress', 'WordPress Multisite', 'eLand', 'jQuery']"
valeriortho.com,"Orthodontist Kenosha, Racine & Oak Creek | Valeri Orthodontics",Valeri Orthodontics,USA,77,20128,2026-10-01T00:11:42.823242634Z,"['AWS WAF Challenge', 'Alternate Protocol', 'Angular', 'Apache', 'Astra Theme', 'Cloudflare', 'Cloudflare CDN', 'Elementor', 'EmbedPress', 'GZIP Module', 'Google', 'Google Analytics', 'Google Cloud DNS', 'Google Customer Reviews', 'Google Font API', 'Google Maps', 'Google My Business', 'Google Tag Manager', 'Gravity', 'Instagram Follow Button', 'Microdata for Google Shopping', 'NFOrce Internet', 'NitroPack', 'PDF Embedder for Wordpress', 'PHP', 'The Post Grid', 'Theme In WP', 'UTF-8', 'University or College', 'UserWay', 'WP Accessibility', 'Woo Themes', 'WordPress', 'WordPress Multisite', 'WordPress Related Posts', 'jQuery']"
richardsalon.com,RICHARD salon Welcomes You! | 631.979.2500,,USA,62,126677,2026-09-30T22:30:48.901447938Z,"['Advanced Responsive Video Embedder', 'Alternate Protocol', 'Apache', 'Bridge', 'CDN JS', 'Cloudflare', 'Cloudflare CDN', 'Demandforce', 'EmbedPress', 'Font Awesome', 'GZIP Module', 'Google Cloud DNS', 'Google Font API', 'Instagram Follow Button', 'Microdata for Google Shopping', 'PHP', 'QUIC', 'Responsive Lightbox', 'Salesforce Experience Cloud', 'Schema Plugin', 'Simple Lightbox', 'Slider Revolution', 'Square', 'Tabs Responsive', 'Theme In WP', 'Twitter Ads', 'UTF-8', 'Vimeo', 'WP Accessibility', 'WPBakery', 'WordPress', 'WordPress Multisite', 'YouTube', 'eLand']"
rowland.foundation,Rowland Brothers Foundation - Rowland Brothers Foundation,Rowland Brothers,GBR,87,2198,2026-09-30T21:52:06.367099236Z,"['Alternate Protocol', 'Cloudflare', 'Cloudflare CDN', 'Contact Form Plugin', 'Content Delivery Network', 'Corporate Governance and Regulatory Compliance', 'EmbedPress', 'Font Awesome', 'Genesis Blocks', 'GoFundMe', 'Google Analytics', 'Google My Business', 'Google Tag Manager', 'IcoMoon', 'Microdata for Google Shopping', 'PHP', 'QUIC', 'Tawk', 'ThemeFusion', 'Twitter Ads', 'UTF-8', 'WP Accessibility', 'WordPress', 'WordPress Multisite', 'jQuery', 'reCAPTCHA']"
experiencelefkada.gr,Lefkada - Experience Lefkada | Come as a Guest - Leave as a Local,Noema Agency,,67,4870,2026-09-30T21:52:06.363610833Z,"['Alternate Protocol', 'Astra Theme', 'Content Delivery Network', 'Elementor', 'EmbedPress', 'Essential Addons for Elementor', 'GDPR Cookie Compliance', 'GZIP Module', 'Google', 'Google Analytics', 'Google Cloud DNS', 'Google Font API', 'Google Tag Manager', 'Instagram Follow Button', 'Microdata for Google Shopping', 'NFOrce Internet', 'Nginx', 'PHP', 'Parallels Plesk Panel', 'Theme In WP', 'UTF-8', 'WP Accessibility', 'WPML Multilingual', 'Woo Themes', 'WordPress', 'WordPress Multisite', 'WordPress Related Posts', 'jQuery']"
pcgindustries.com,PCG Industries - Precision Coating and Grinding Facility in Sourthern California | | Large Capacity Machining | Coating & Grinding | Quick Service | Pick up Available | Quality Service,PCG Industries,USA,82,26351,2026-09-30T21:26:16.572304901Z,"['Alternate Protocol', 'Apache', 'CheryFramework', 'Column Shortcodes', 'Contact Form Plugin', 'Contento', 'Cookie Accept', 'Cookie Notice', 'Easy Fancybox', 'EmbedPress', 'GZIP Module', 'Google Analytics', 'Google Cloud DNS', 'Google Font API', 'Google My Business', 'Jetpack', 'Kriesi.at', 'LiteSpeed', 'Microdata for Google Shopping', 'PHP', 'QUIC', 'ShareThis', 'StatCounter', 'Theme In WP', 'Twitter Ads', 'UTF-8', 'UserWay', 'WP Accessibility', 'WordPress', 'WordPress Multisite', 'YouTube', 'jQuery', 'jQuery Pin It Button for Images']"
iowafairplan.com,Home - Iowa FAIR Plan Association,Iowa FAIR Plan Association,USA,75,5721,2026-09-30T19:36:18.370337268Z,"['Alternate Protocol', 'Astra Theme', 'Beaver Builder Lite', 'Cloudflare', 'Cloudflare CDN', 'Content Delivery Network', 'DAV', 'EmbedPress', 'Formidable Pro Form', 'GitHub Hosting', 'Google', 'Google Cloud DNS', 'Google Font API', 'Microdata for Google Shopping', 'PHP', 'Pagekit', 'QUIC', 'Smush Image Optimization', 'Social Media Widget', 'Theme In WP', 'UTF-8', 'WP Accessibility', 'WP Portfolio Astra', 'WPFront Notification Bar', 'WordPress', 'WordPress Multisite', 'WordPress Related Posts', 'Yandex Hosting', 'jQuery']"
linksinsurance.net,Commercial Truck Insurance | Transportation Insurance Company,Links Insurance,IRL,77,22182,2026-09-30T19:05:42.951548291Z,"['Alternate Protocol', 'Astra Theme', 'Coming Soon Page', 'Contact Form Plugin', 'Elementor', 'EmbedPress', 'Essential Addons for Elementor', 'Essential Blocks for Gutenberg', 'Fireblade', 'Font Awesome', 'GZIP Module', 'Google', 'Google Analytics', 'Google Cloud DNS', 'Google Font API', 'Google Related Website Sites', 'Google Tag Manager', 'Gravity', 'Gravity Forms', 'HappyAddons', 'Header, Footer and Blocks for Elementor', 'LiteSpeed', 'Microdata for Google Shopping', 'NFOrce Internet', 'PHP', 'QUIC', 'Theme In WP', 'To Top', 'UTF-8', 'WP Accessibility', 'WPForms', 'Woo Themes', 'WordPress', 'WordPress Multisite', 'WordPress Related Posts', 'eLand', 'jQuery', 'reCAPTCHA']"
grossmontpostacute.com,"Grossmont Post Acute Care – Nursing Home, Physical Therapy, Healthcare – La Mesa, CA",,,60,17586,2026-09-30T18:22:55.244479924Z,"['Alternate Protocol', 'Amazon WAF Blocked', 'Anti-spam for WordPress', 'Apache', 'CleanTalk Spam Protect', 'Column Shortcodes', 'Contento', 'EmbedPress', 'Fireblade', 'GZIP Module', 'Google Analytics', 'Google Cloud DNS', 'Google Font API', 'Google My Business', 'Google Related Website Sites', 'Google Tag Manager', 'Jetpack', 'Kriesi.at', 'PHP', 'Theme In WP', 'UTF-8', 'WP Accessibility', 'WordPress', 'WordPress Multisite', 'WordPress Stats', 'jQuery']"
archgoodpractice.com,The Archaeologist’s Guide To Good Practice (AG2GP),,,55,,2026-09-30T16:15:27.76624632Z,"['Alternate Protocol', 'EmbedPress', 'GZIP Module', 'Google Analytics', 'Google My Business', 'Google Tag Manager', 'LiteSpeed', 'Simple Lightbox', 'Twenty Twenty-Three', 'UTF-8', 'WP Accessibility', 'WordPress', 'WordPress Multisite', 'YouTube', 'jQuery']"
prenatalinternational.org,Prenatal International - Prenatal International,,USA,82,4400,2026-09-30T15:46:49.809778392Z,"['501c3 Status Nonprofit', 'Alternate Protocol', 'Content Delivery Network', 'Divi', 'Elegant Themes', 'EmbedPress', 'Express', 'Google', 'Google Analytics', 'Google Cloud DNS', 'Google Font API', 'Google Tag Manager', 'Jetpack', 'Kinsta', 'Microdata for Google Shopping', 'Nginx', 'PHP', 'Sitelinks Search Box', 'Theme In WP', 'UTF-8', 'WP Accessibility', 'Woo Themes', 'WordPress', 'WordPress Multisite', 'jQuery']"
absolutebuildingconcepts.com,Home - Absolute Building Concepts | Absolute Building Concepts,,,82,1681,2026-09-30T14:04:34.014267431Z,"['Alternate Protocol', 'Blog Designer Pack', 'Content Delivery Network', 'EmbedPress', 'GoDaddy', 'Google Analytics', 'Google Related Website Sites', 'Google Tag Manager', 'Microdata for Google Shopping', 'Ninja Forms', 'PHP', 'Site Kit', 'Subversion', 'Sucuri Cloudproxy', 'Theme In WP', 'Twitter Ads', 'UTF-8', 'WP Accessibility', 'WordPress', 'WordPress Multisite', 'jQuery']"
dickiespharmacy.co.uk,Home - Dickies Pharmacy,Dickies Pharmacy,SYC,72,569,2026-09-30T13:48:47.391084671Z,"['Alternate Protocol', 'Apache', 'Astra Theme', 'Elementor', 'EmbedPress', 'Federal Deposit Insurance Corporation', 'GZIP Module', 'Google My Business', 'Meta Slider for WordPress', 'Microdata for Google Shopping', 'PHP', 'Theme In WP', 'UTF-8', 'Ultimate Blocks', 'WP Accessibility', 'WP Super Cache', 'Woo Themes', 'WordPress', 'WordPress Multisite', 'WordPress Related Posts', 'jQuery']"
littlescholarsmontessori.org,Early Childcare Center | Southern California,Little Scholars Montessori,USA,77,74309,2026-09-30T12:51:35.194202932Z,"['AWS WAF Challenge', 'Alternate Protocol', 'Angular', 'Apache', 'Cloudflare', 'Cloudflare CDN', 'EmbedPress', 'Financial Services Guide', 'GZIP Module', 'Google', 'Google Analytics', 'Google Cloud CDN', 'Google Cloud DNS', 'Google Font API', 'Google My Business', 'Google Tag Manager', 'Jetpack', 'Kitco', 'Lazy Load for WordPress', 'Microdata for Google Shopping', 'MouseWheel Smooth Scroll', 'Oddle', 'PHP', 'SMC', 'Site Kit', 'Subversion', 'Theme In WP', 'UTF-8', 'University or College', 'WP Accessibility', 'WPForms', 'Woo Themes', 'WordPress', 'WordPress Multisite', 'jQuery']"
martyfulford.com,"Home - Marty Fulford - Realtor - Corvallis and Albany, OR",,,67,120390,2026-09-30T11:54:15.285848383Z,"['AWS WAF Challenge', 'ActiveProspect', 'Alternate Protocol', 'Apture Linking Platform', 'CCSI', 'Cloudflare', 'Cloudflare CDN', 'Divi', 'Elegant Themes', 'EmbedPress', 'Facebook Conversion Tracking', 'Facebook Login', 'Facebook Messenger Platform', 'Facebook Pixel', 'Facebook Reseller', 'Facebook Tag API', 'Fireblade', 'Google Analytics', 'Google Cloud DNS', 'Google Font API', 'Google Tag Manager', 'Instagram Follow Button', 'Microdata for Google Shopping', 'PHP', 'Parallels Plesk Panel', 'RM Education', 'SMC', 'Termageddon', 'Thank You', 'Theme In WP', 'UTF-8', 'WP Accessibility', 'Woo Themes', 'WordPress', 'WordPress Multisite', 'YouTube', 'jQuery']"
nappsa.org,NAPPSA – Excellence in Pharmacy Practice and Pharmaceutical Sciences,,USA,72,4766,2026-09-30T11:39:49.593147432Z,"['501c3 Status Nonprofit', 'Alternate Protocol', 'Amazon WAF Blocked', 'Apache', 'Contact Form Plugin', 'EmbedPress', 'FEEDZY RSS Feeds', 'GTranslate', 'GZIP Module', 'Givelively', 'Google', 'Google Analytics', 'Google Cloud DNS', 'Google Font API', 'Google My Business', 'Google Tag Manager', 'Instagram Follow Button', 'MailChimp for WordPress', 'NFOrce Internet', 'PHP', 'Perl', 'Pixieset', 'QUIC', 'Site Kit', 'SiteW', 'Slider Revolution', 'Theme In WP', 'UTF-8', 'WP Accessibility', 'WPBakery', 'WordPress', 'WordPress Multisite', 'YouTube', 'jQuery']"
organizingeverything.com,Organizing Everything: Professional Organizers & Cleaning Services,Organizing Everything®,CAN,92,18440,2026-09-30T10:13:23.225706304Z,"['Alternate Protocol', 'Cloudflare', 'CoBlocks', 'Content Delivery Network', 'DuracellTomi Google Tag Manager for WordPress', 'EmbedPress', 'GoDaddy', 'Google', 'Google Analytics', 'Google Cloud DNS', 'Google Font API', 'Google Tag Manager', 'Instagram Follow Button', 'Line2', 'Microdata for Google Shopping', 'PHP', 'Schema Plugin', 'Theme In WP', 'Twitter Ads', 'UTF-8', 'WP Accessibility', 'Wangsu', 'Website Tonight', 'Woo Themes', 'WooCommerce', 'WooCommerce Checkout', 'WordPress', 'WordPress Multisite', 'go Theme', 'jQuery']"
mvds.digital,MVDS Home Page: Digital Marketing Solutions - MVDS Digital,MVDS,,72,6195,2026-09-30T10:13:23.215925946Z,"['Alternate Protocol', 'Amazon WAF Blocked', 'Apture Linking Platform', 'DoubleClick Bid Manager', 'Elementor', 'EmbedPress', 'Express', 'GitHub Hosting', 'Google Adsense', 'Google Analytics', 'Google Funding Choices', 'Google Matched Content', 'Google My Business', 'Google Related Website Sites', 'Google Reseller', 'Google Tag Manager', 'Hello Elementor', 'Kitco', 'Lazy Load for WordPress', 'LiteSpeed', 'Max Mega Menu', 'Microdata for Google Shopping', 'Microsoft Clarity', 'PHP', 'QUIC', 'Site Kit', 'Taboola Direct', 'Taboola Reseller', 'UTF-8', 'WP Accessibility', 'WP Rocket', 'Woo Themes', 'WooCommerce', 'WooCommerce Checkout', 'WordPress', 'WordPress Multisite', 'jQuery']"
mccallrehab.com,"McCall Rehabilitation & Care Center – Nursing Home, Physical Therapy, Healthcare – McCall, ID",,,60,17586,2026-09-30T10:13:23.206270619Z,"['Alternate Protocol', 'Amazon WAF Blocked', 'Anti-spam for WordPress', 'Apache', 'CleanTalk Spam Protect', 'Column Shortcodes', 'Contento', 'EmbedPress', 'Fireblade', 'GZIP Module', 'Google Analytics', 'Google Cloud DNS', 'Google Font API', 'Google My Business', 'Google Related Website Sites', 'Google Tag Manager', 'Jetpack', 'Kriesi.at', 'PHP', 'UTF-8', 'Vimeo', 'WP Accessibility', 'WordPress', 'WordPress Multisite', 'WordPress Stats', 'Yelp Badge', 'jQuery']"
disabledstudents.co.uk,Disabled Students UK,Disabled Students UK,,52,10277,2026-09-30T10:01:35.15486207Z,"['Alternate Protocol', 'Contact Form Plugin', 'Contento', 'EmbedPress', 'Google Analytics', 'Google Cloud DNS', 'Google Font API', 'Google My Business', 'Google Related Website Sites', 'Google Tag Manager', 'IcoMoon', 'Instagram Follow Button', 'Microdata for Google Shopping', 'MonsterInsights', 'Muffin Group', 'PHP', 'QUIC', 'Stackable Page Builder Gutenberg Blocks', 'Theme In WP', 'Twitter Ads', 'UTF-8', 'University or College', 'WP Accessibility', 'Woo Themes', 'WordPress', 'WordPress Multisite', 'YouTube', 'jQuery']"
vancitycommunitybank.com,Vancity Community Investment Bank (VCIB),VCIB,CAN,77,32488,2026-09-30T09:45:23.230795215Z,"['Adobe Creative Cloud WebFonts', 'Alternate Protocol', 'Azure Edge', 'DuracellTomi Google Tag Manager for WordPress', 'EmbedPress', 'Google Analytics', 'Google My Business', 'Google Related Website Sites', 'Google Tag Manager', 'Gravity', 'Gravity Forms', 'Instagram Follow Button', 'K2F', 'Microdata for Google Shopping', 'Microsoft Azure Verified CDN', 'Microsoft Clarity', 'PHP', 'Perl', 'Theme In WP', 'UTF-8', 'Unix', 'WP Accessibility', 'WordPress', 'WordPress Multisite', 'YouTube', 'jQuery', 'reCAPTCHA']"
mogreenbuildings.org,"Missouri Gateway Green Building Council | Connecting people, places, and planet",,USA,77,14511,2026-09-30T08:47:05.526438446Z,"['Alternate Protocol', 'Amazon WAF Blocked', 'Apture Linking Platform', 'Cloudflare', 'Constant Contact Wordpress Forms', 'Content Delivery Network', 'Divi', 'Elegant Themes', 'EmbedPress', 'GoDaddy', 'Google', 'Google Analytics', 'Google Cloud DNS', 'Google Font API', 'Google Tag Manager', 'InitiativeS', 'Instagram Follow Button', 'Lazy Load for WordPress', 'Neon One', 'PHP', 'RM Education', 'The Events Calendar', 'Twitter Ads', 'UTF-8', 'University or College', 'WP Accessibility', 'WP Rocket', 'WPForms', 'Woo Themes', 'WordPress', 'WordPress Multisite', 'YouTube', 'eLand']"
a1worldwidelogistics.com,A1 Worldwide Logistics | Customs Clearance Expert,"A1 Worldwide Logistics, Inc",USA,82,47542,2026-09-30T08:18:12.08875998Z,"['Alternate Protocol', 'CallRail', 'ClickCease', 'Content Delivery Network', 'Contento', 'Divi', 'DuracellTomi Google Tag Manager for WordPress', 'Elegant Themes', 'Elementor', 'EmbedPress', 'Fireblade', 'GZIP Module', 'Google', 'Google Analytics', 'Google Cloud CDN', 'Google Cloud DNS', 'Google Font API', 'Google My Business', 'Google Related Website Sites', 'Google Tag Manager', 'Instagram Follow Button', 'Join.chat', 'Microdata for Google Shopping', 'Ntent', 'PHP', 'QUIC', 'Sign In With Google', 'Site Kit', 'Sitelinks Search Box', 'Sucuri Cloudproxy', 'Theme In WP', 'TrustIndex', 'Twitter Ads', 'UTF-8', 'W3 Total Cache', 'WP Accessibility', 'WhatsApp Sharing', 'Woo Themes', 'WordPress', 'WordPress Multisite', 'jQuery']"
deebpa.com,Miami Attorneys for Estate Planning - landlord Tenant - Real Estate - Deeb+Deeb,Deeb+Deeb Attorneys at Law,AUS,82,86216,2026-09-30T03:54:19.324369234Z,"['AWS WAF Challenge', 'Alternate Protocol', 'Apache', 'Apture Linking Platform', 'Contact Form Plugin', 'DAV', 'EmbedPress', 'Fireblade', 'Font Awesome', 'GZIP Module', 'Google', 'Google Cloud DNS', 'Google Font API', 'Google Maps', 'Google My Business', 'Instagram Follow Button', 'Lazy Load for WordPress', 'MailChimp for WordPress', 'Microdata for Google Shopping', 'NFOrce Internet', 'PHP', 'Pearl Theme', 'Perl', 'QUIC', 'SMC', 'Slider Revolution', 'Tailwind CSS', 'Theme In WP', 'Twitter Ads', 'UTF-8', 'Unsplash', 'UserWay', 'WP Accessibility', 'WP Rocket', 'WPBakery', 'WordPress', 'WordPress Multisite', 'jQuery', 'reCAPTCHA']"
vinestudios.co,Home | Vine Studios,Vine Studios,USA,65,1506,2026-09-30T03:41:21.027358754Z,"['Alternate Protocol', 'CDN JS', 'Cloudflare', 'Cloudflare CDN', 'Content Delivery Network', 'Elementor', 'Elfsight', 'EmbedPress', 'Facebook Pixel', 'Facebook Tag API', 'Flatsome', 'Google Analytics', 'Google Cloud DNS', 'Google Font API', 'Google Related Website Sites', 'Google Tag Manager', 'Instagram Follow Button', 'Microdata for Google Shopping', 'PHP', 'Perl', 'Theme In WP', 'UTF-8', 'University or College', 'WP Accessibility', 'Woo Themes', 'WooCommerce Checkout', 'WordPress', 'WordPress Multisite', 'jQuery']"
sacremodelingservices.com,Sacramento Remodeling – Trusted Northern CA Home Remodeling: Kitchen & Bathroom Renovation Experts,,SYC,70,15441,2026-09-30T00:28:15.63519293Z,"['AWS WAF Challenge', 'Alternate Protocol', 'Better Lead Generation Services', 'Content Delivery Network', 'Elementor', 'ElementsKit Elementor', 'EmbedPress', 'Google Analytics', 'Google My Business', 'Google Tag Manager', 'Hello Elementor', 'LiteSpeed', 'Metform Elemento', 'PHP', 'QUIC', 'Table Addons for Elementor', 'Theme In WP', 'UTF-8', 'WP Accessibility', 'WordPress', 'WordPress Multisite', 'Yelp Badge', 'jQuery']"
bluehawkindustrialcoatings.com,Epoxy Flooring | Southeast PA | Bluehawk Industrial Coatings,,USA,82,22960,2026-09-30T00:12:03.711304694Z,"['Alternate Protocol', 'Amazon WAF Blocked', 'Apache', 'Apture Linking Platform', 'Astra Theme', 'EWWW Image Optimizer', 'Elementor', 'EmbedPress', 'Essential Addons for Elementor', 'Fireblade', 'GZIP Module', 'Google', 'Google Analytics', 'Google Cloud DNS', 'Google Font API', 'Google My Business', 'Google Related Website Sites', 'Google Tag Manager', 'Instagram Follow Button', 'Lazy Load for WordPress', 'Microdata for Google Shopping', 'NFOrce Internet', 'PHP', 'Pantheon', 'Pico CSS', 'Popup Anything', 'Thank You', 'Twitter Ads', 'UTF-8', 'University or College', 'WP Accessibility', 'WP Rocket', 'Woo Themes', 'WordPress', 'WordPress Multisite', 'WordPress Related Posts', 'jQuery', 'reCAPTCHA']"
tmdinc.net,"Transportation Management & Design, Inc.",,USA,82,43438,2026-09-29T23:40:39.935435837Z,"['AWS WAF Challenge', 'Alternate Protocol', 'Cloudflare', 'Cloudflare CDN', 'Content Delivery Network', 'EmbedPress', 'GoDaddy', 'Google', 'Google Analytics', 'Google My Business', 'Google Tag Manager', 'HubSpot WordPress Plugin', 'IcoMoon', 'Instagram Follow Button', 'Microdata for Google Shopping', 'PHP', 'ThemeFusion', 'Twitter Ads', 'UTF-8', 'WP Accessibility', 'WPForms', 'Wangsu', 'WordPress', 'WordPress Multisite', 'jQuery']"
offthepagecreations.net,"Tampa Web Design Company | Search Engine Marketing, Responsive Design","Off the Page Creations, LLC",USA,77,34196,2026-09-29T20:43:59.916579309Z,"['Alternate Protocol', 'Amazon WAF Blocked', 'Anti-spam for WordPress', 'Apache', 'Apture Linking Platform', 'CleanTalk Spam Protect', 'Divi', 'Elegant Themes', 'EmbedPress', 'Fireblade', 'Font Awesome', 'GZIP Module', 'Google', 'Google Analytics', 'Google Cloud CDN', 'Google Cloud DNS', 'Google Font API', 'Google Tag Manager', 'Lazy Load for WordPress', 'Microdata for Google Shopping', 'PHP', 'Pure Chat', 'QUIC', 'Rechat', 'ShareThis', 'Simple Lightbox', 'Slider Revolution', 'Theme In WP', 'UTF-8', 'UberMenu', 'Vector Internet Services', 'WP Accessibility', 'WP Rocket', 'Woo Themes', 'WordPress', 'WordPress Multisite', 'jQuery']"
salarjungmuseum.in,Home - Salar Jung Museum,,IND,77,53517,2026-09-29T15:18:11.923921309Z,"['Alternate Protocol', 'Elementor', 'EmbedPress', 'Events Manager for WordPress', 'Fancybox for WordPress', 'GZIP Module', 'Google Analytics', 'Google Tag Manager', 'Hello Elementor', 'InitiativeS', 'Instagram Follow Button', 'Lazy Load for WordPress', 'Microdata for Google Shopping', 'NFOrce Internet', 'Nginx', 'No-Q', 'PHP', 'QUIC', 'SMC', 'Show.co', 'Sitelinks Search Box', 'Subversion', 'Table Addons for Elementor', 'Theme In WP', 'Twitter Ads', 'UTF-8', 'WP Accessibility', 'WP Job Openings', 'WordPress', 'WordPress Multisite', 'YouTube', 'jQuery', 'jsDelivr']"
triumphhc.com,"Plumbing, Electrical & HVAC Installation & Repair | Bow, NH",,GBR,92,43659,2026-09-29T14:04:07.739166121Z,"['Alternate Protocol', 'Amazon WAF Blocked', 'Beaver Builder Lite', 'Cloudflare', 'Cloudflare CDN', 'Content Delivery Network', 'Contento', 'ElementUI', 'EmbedPress', 'Fireblade', 'Font Awesome', 'Google', 'Google Analytics', 'Google Cloud DNS', 'Google Font API', 'Google My Business', 'Google Related Website Sites', 'Google Tag Manager', 'Gravity', 'Instagram Follow Button', 'Lazy Load for WordPress', 'Microdata for Google Shopping', 'QUIC', 'SVG Support', 'Schema Plugin', 'Sitelinks Search Box', 'UTF-8', 'WP Accessibility', 'WP Rocket', 'WordPress', 'WordPress Multisite', 'YouTube']"
acuity.design,Acuity Design – Enriching Experiences,,GBR,55,,2026-09-29T13:31:56.786899399Z,"['Alternate Protocol', 'Calendly', 'Cookie Accept', 'Cookie Notice', 'EmbedPress', 'GZIP Module', 'Google Analytics', 'Google Tag Manager', 'Instagram Follow Button', 'Jetpack', 'Nginx', 'PHP', 'QUIC', 'Theme In WP', 'Twitter Ads', 'UTF-8', 'WP Accessibility', 'WordPress', 'WordPress Multisite', 'WordPress Stats', 'jQuery']"
eresearchnz.co.nz,eResearch.co.nz | eResearch,,NZL,60,280,2026-09-29T13:15:03.917733917Z,"['Alternate Protocol', 'Coming Soon Page', 'Corporate Governance and Regulatory Compliance', 'Divi', 'Elegant Themes', 'Embed Any Document', 'EmbedPress', 'Font Awesome', 'FreeCSSTemplates', 'GZIP Module', 'Google Cloud DNS', 'Google Font API', 'Meta Slider for WordPress', 'OpenResty', 'PHP', 'TablePress', 'Theme In WP', 'UTF-8', 'University or College', 'WP Accessibility', 'WordPress', 'WordPress Multisite', 'jQuery', 'reCAPTCHA']"
toibenefits.com,TOI Benefits – Benefits Designed For You and Your Family,,,60,7656,2026-09-29T10:02:03.918580117Z,"['Alternate Protocol', 'Cloudflare', 'Cloudflare CDN', 'Complianz', 'Content Delivery Network', 'Elementor', 'EmbedPress', 'Fireblade', 'GTranslate', 'Google Analytics', 'Google Cloud DNS', 'Google Font API', 'Google My Business', 'Google Tag Manager', 'Hello Elementor', 'MonsterInsights', 'QUIC', 'UTF-8', 'WP Accessibility', 'WordPress', 'WordPress Multisite', 'jQuery']"
paramounthealth.net,"Paramount Health and Rehabilitation – Nursing Home, Rehab Therapy, Healthcare – Salt Lake City UT",,USA,70,41442,2026-09-29T09:31:45.364950235Z,"['Alternate Protocol', 'Amazon WAF Blocked', 'Anti-spam for WordPress', 'Apache', 'CleanTalk Spam Protect', 'Column Shortcodes', 'Contento', 'EmbedPress', 'Fireblade', 'GZIP Module', 'Google Analytics', 'Google Cloud DNS', 'Google Font API', 'Google My Business', 'Google Related Website Sites', 'Google Tag Manager', 'Jetpack', 'Kriesi.at', 'PHP', 'UTF-8', 'Vimeo', 'WP Accessibility', 'WordPress', 'WordPress Multisite', 'WordPress Stats', 'Yelp Badge', 'jQuery']"
torainc.com,"Tora Inc. | Quality Conscious Manufacturing, Sorting & Warehousing | Niagara, Ontario",Tora Inc.,USA,92,1260,2026-09-29T08:16:28.81928502Z,"['Alternate Protocol', 'Contact Form Plugin', 'Content Delivery Network', 'DAV', 'Elementor', 'EmbedPress', 'GZIP Module', 'Google Analytics', 'Google Cloud DNS', 'Google Font API', 'Google Tag Manager', 'IcoMoon', 'Microdata for Google Shopping', 'PHP', 'QUIC', 'Simple Lightbox', 'SiteOrigin', 'SiteOrigin Panels', 'Sucuri Cloudproxy', 'Theme In WP', 'UTF-8', 'Vantage', 'WP Accessibility', 'Woo Themes', 'WordPress', 'WordPress Multisite', 'jQuery']"
cuonboard.gr,SEA EXPERIENCE | LUXURY YACHT BOOKING,,,77,3388,2026-09-29T07:15:12.112140294Z,"['Alternate Protocol', 'Elementor', 'EmbedPress', 'GZIP Module', 'Google', 'Google Cloud DNS', 'Google Font API', 'Microdata for Google Shopping', 'Nginx', 'PHP', 'QUIC', 'Table Addons for Elementor', 'The Deck', 'Theme In WP', 'TranslatePress', 'Twenty Twenty', 'UTF-8', 'WP Accessibility', 'WP Rocket', 'WPForms', 'WordPress', 'WordPress Multisite', 'jQuery']"
sequoiacenter.net,"Sequoia Conference Center | Luxurious Facilities, Cutting Edge Technology, Spectacular Setting",,,45,241,2026-09-29T07:03:25.727286463Z,"['Alternate Protocol', 'Apache', 'Debian', 'Divi', 'Elegant Themes', 'EmbedPress', 'GZIP Module', 'Google Cloud DNS', 'Google Font API', 'Google My Business', 'Microsoft Azure', 'PHP', 'Pico CSS', 'Theme In WP', 'UTF-8', 'WP Accessibility', 'WordPress', 'WordPress Multisite', 'jQuery', 'reCAPTCHA']"
lanarklifestyles.ca,Lanark Lifestyles - Lanark Lifestyles Residence,,AUS,82,6404,2026-09-29T06:33:40.651697676Z,"['Alternate Protocol', 'Apache', 'Apture Linking Platform', 'Debian', 'Divi', 'Elegant Themes', 'EmbedPress', 'Fastly', 'Font Awesome', 'GZIP Module', 'Google', 'Google Analytics', 'Google Cloud CDN', 'Google Cloud DNS', 'Google Font API', 'Google Tag Manager', 'Gravity', 'Gravity Forms', 'Instagram Follow Button', 'KeyCDN', 'Microdata for Google Shopping', 'PHP', 'Theme In WP', 'Twitter Ads', 'UTF-8', 'WP Accessibility', 'Woo Themes', 'WordPress', 'WordPress Multisite', 'eLand', 'jQuery']"
halu.gr,halu! Effortless Hospitality – halu! Effortless Hospitality,,GRC,80,18092,2026-09-29T05:46:47.537915527Z,"['AWS WAF Challenge', 'Agoda', 'Alternate Protocol', 'Astra Theme', 'Booking Affiliate', 'Cloudflare', 'Cloudflare CDN', 'Content Delivery Network', 'Elementor', 'EmbedPress', 'Fonts Plugin', 'GZIP Module', 'Google', 'Google Analytics', 'Google Cloud DNS', 'Google Font API', 'Google My Business', 'Google Tag Manager', 'InitiativeS', 'Instagram Follow Button', 'Nginx', 'PHP', 'QUIC', 'Theme In WP', 'TranslatePress', 'UTF-8', 'WP Accessibility', 'Woo Themes', 'WordPress', 'WordPress Multisite', 'WordPress Related Posts', 'jQuery']"
netprofit.biz,Net Profit - Management Consulting & Business Consultants,Net Profit- Business Consulting & Executive Management Agency,USA,82,16312,2026-09-29T04:17:31.3082057Z,"['AWS WAF Challenge', 'Alternate Protocol', 'Content Delivery Network', 'Divi', 'Elegant Themes', 'EmbedPress', 'Facebook Login', 'Facebook Messenger Platform', 'Facebook Reseller', 'GZIP Module', 'Google Analytics', 'Google Cloud DNS', 'Google Font API', 'Google Related Website Sites', 'Google Tag Manager', 'Microdata for Google Shopping', 'PHP', 'QUIC', 'Sitelinks Search Box', 'Sucuri Cloudproxy', 'Theme In WP', 'Twitter Ads', 'UTF-8', 'Ultimate Social Media', 'WP Accessibility', 'WordPress', 'WordPress Multisite', 'jQuery']"
akductcleaning.com,"All Kleen Air Duct Cleaning & Services in Oxford, MS | Request A Free Quote!",All Kleen Air Duct Cleaning & Services,GBR,92,16065,2026-09-29T03:34:10.226501255Z,"['AWS WAF Challenge', 'Alternate Protocol', 'Amazon WAF Blocked', 'Automattic', 'Cloudflare', 'Complianz', 'Content Delivery Network', 'Elementor', 'EmbedPress', 'Google Analytics', 'Google Cloud DNS', 'Google Font API', 'Google Maps', 'Google My Business', 'Google Tag Manager', 'Hello Elementor', 'Jetpack', 'Microdata for Google Shopping', 'PHP', 'QUIC', 'Site Kit', 'Theme In WP', 'UTF-8', 'WP Accessibility', 'WordPress', 'WordPress Multisite', 'WordPress Stats', 'Yelp Badge', 'jQuery']"
pittsburghcreativecorps.org,Pittsburgh Creative Corps – Shiftworks Community + Public Arts,Office of Public Art,USA,77,18349,2026-09-29T03:03:41.229444805Z,"['AWS WAF Challenge', 'Alternate Protocol', 'Animate It', 'Cloudflare', 'Contact Form Plugin', 'Content Delivery Network', 'EmbedPress', 'Google Analytics', 'Google Cloud DNS', 'Google Font API', 'Google My Business', 'IcoMoon', 'Instagram Follow Button', 'Line2', 'Microdata for Google Shopping', 'Nectar Slide Plugin', 'Neighborhoods', 'PHP', 'QUIC', 'Salient', 'The Events Calendar', 'Theme In WP', 'Twitter Ads', 'UTF-8', 'WP Accessibility', 'WP Engine', 'WPBakery', 'WordPress', 'WordPress Multisite', 'jQuery', 'reCAPTCHA']"
lister.coop,Lister Housing Co-op – Scotland oldest social housing co-operative,,GBR,72,1197,2026-09-29T02:20:08.813303789Z,"['Alternate Protocol', 'CDN JS', 'Cloudflare', 'Cloudflare CDN', 'EmbedPress', 'Google Analytics', 'Google Cloud DNS', 'Google Font API', 'Google Tag Manager', 'LiteSpeed', 'PHP', 'QUIC', 'StudioPress', 'Tailwind CSS', 'Theme In WP', 'Toolset', 'UTF-8', 'WP Accessibility', 'WordPress', 'WordPress Multisite', 'jQuery']"
clc-k.ca,Community Living Chatham-Kent Ontario,Community Living Chatham-Kent Ontario,CAN,77,4247,2026-09-28T23:54:16.437236127Z,"['Alternate Protocol', 'Apache', 'Canada Helps', 'EmbedPress', 'Events Manager for WordPress', 'Font Awesome', 'GZIP Module', 'Google', 'Google Analytics', 'Google Cloud CDN', 'Google Cloud DNS', 'Google Font API', 'Gravity Forms', 'Gtranslate for Wordpress', 'Harbor', 'Instagram Feed for WordPress', 'Instagram Follow Button', 'Microdata for Google Shopping', 'PHP', 'Race Roster', 'Recent Posts Widget With Thumbnails', 'Schema Plugin', 'Slider Revolution', 'StudioPress', 'Subversion', 'Theme In WP', 'Twitter Ads', 'UTF-8', 'WP Accessibility', 'Widget Options', 'WordPress', 'WordPress Multisite', 'jQuery']"
ymlawpc.com,HOME - Y&M Law P.C.,Y&M Law P.C.,USA,72,876,2026-09-28T23:29:28.858151722Z,"['Adobe Creative Cloud WebFonts', 'Alternate Protocol', 'Apache', 'EmbedPress', 'GZIP Module', 'Google Analytics', 'Google My Business', 'Google Tag Manager', 'Gutenberg Blocks by Kadence Blocks', 'Kadence WP', 'Microdata for Google Shopping', 'PHP', 'Theme In WP', 'UTF-8', 'WP Accessibility', 'WPML Multilingual', 'WordPress', 'WordPress Multisite', 'jQuery']"
pascualsalazar.com,"Pascual Salazar – North Hollywood, Valley Village Real Estate",,GBR,65,4364,2026-09-28T22:05:56.815441376Z,"['Alternate Protocol', 'Apache', 'Azion', 'CDN JS', 'Cloud CMA', 'Cloudflare', 'Cloudflare CDN', 'Contact Form Plugin', 'EmbedPress', 'Express', 'Font Awesome', 'FormSubmit', 'GZIP Module', 'Google', 'Google Cloud DNS', 'Google Font API', 'Google Maps', 'Instagram Follow Button', 'Investor Relations', 'Neighborhoods', 'PHP', 'Perl', 'QUIC', 'Slider Revolution', 'Theme In WP', 'UTF-8', 'WP Accessibility', 'WPBakery', 'WordPress', 'WordPress Multisite', 'eLand', 'jQuery']"
thebodyworksmassagecenter.com,Bodyworks Massage Center - Escape your everyday routine with a relaxing and stress-free spa day at Hagerstown's The Bodyworks Massage Center.,Bodyworks Massage Center,,67,12440,2026-09-28T18:35:43.145561624Z,"['Adobe Creative Cloud WebFonts', 'Alternate Protocol', 'Apache', 'Booker', 'ETranslate', 'EmbedPress', 'GTranslate', 'GZIP Module', 'Google Analytics', 'Google Cloud DNS', 'Google Font API', 'Google My Business', 'Google Tag Manager', 'Instagram Feed for WordPress', 'Instagram Follow Button', 'MaxCDN', 'Microdata for Google Shopping', 'NFOrce Internet', 'PHP', 'StudioPress', 'Theme In WP', 'UTF-8', 'Ubuntu', 'WP Accessibility', 'WordPress', 'WordPress Multisite', 'jQuery']"
npkcg.com,"Native Peacekeeper Consulting Group | Tribal Leadership, Training & Public Safety Consulting",,GBR,82,62737,2026-09-28T18:19:26.162467124Z,"['AWS WAF Challenge', 'Alternate Protocol', 'Amazon WAF Blocked', 'Apture Linking Platform', 'Beaver Builder Lite', 'Cloudflare', 'Coming Soon Page', 'Content Delivery Network', 'Contento', 'Cornerstone', 'EmbedPress', 'Event Tickets for Wordpress', 'Gambling Content', 'GitHub Hosting', 'GoDaddy', 'Google', 'Google Cloud DNS', 'Google Font API', 'Gravity', 'Microdata for Google Shopping', 'NFOrce Internet', 'PHP', 'Pagekit', 'Schema Plugin', 'SiteW', 'UTF-8', 'University or College', 'WP Accessibility', 'WP Rocket', 'Wangsu', 'Website Tonight', 'WordPress', 'WordPress Multisite', 'Yandex Hosting']"
edsociety.co.uk,ED Society - Ectodermal Dysplasia,The ED Society The ED Society,GBR,82,18444,2026-09-28T17:48:27.813557071Z,"['AWS WAF Challenge', 'Alternate Protocol', 'Content Delivery Network', 'Divi', 'ETranslate', 'Elegant Themes', 'EmbedPress', 'Event Tickets for Wordpress', 'GTranslate', 'GiveWP', 'Google Analytics', 'Google Cloud DNS', 'Google Font API', 'Google My Business', 'Google Tag Manager', 'Instagram Follow Button', 'LiteSpeed', 'Microdata for Google Shopping', 'PHP', 'QUIC', 'Site Kit', 'Team Members', 'Theme In WP', 'UTF-8', 'WP Accessibility', 'Woo Themes', 'WooCommerce', 'WooCommerce Checkout', 'WordPress', 'WordPress Multisite', 'YouTube', 'jQuery']"
dogaginginstitute.org,Home - The Dog Aging Institute,The Dog Aging Institute,,67,20321,2026-09-28T11:34:51.483420796Z,"['AWS WAF Challenge', 'Alternate Protocol', 'Cloudflare', 'Cloudflare CDN', 'Contact Form Plugin', 'Content Delivery Network', 'EmbedPress', 'Givebutter', 'Google', 'Google Analytics', 'Google Cloud DNS', 'Google Font API', 'Google My Business', 'Google Tag Manager', 'IcoMoon', 'Instagram Follow Button', 'LiteSpeed', 'MailChimp', 'Microdata for Google Shopping', 'Neve', 'OptiMole', 'Otter Blocks', 'PHP', 'Theme In WP', 'Twitter Ads', 'UTF-8', 'WP Accessibility', 'WordPress', 'WordPress Multisite', 'reCAPTCHA']"
wolf.camp,Wolf Camp - Nature & Wilderness Survival School,,USA,82,18377,2026-09-28T07:10:40.654900264Z,"['AWS WAF Challenge', 'Alternate Protocol', 'Automattic', 'BatCache', 'Content Delivery Network', 'DAV', 'EmbedPress', 'Fastly', 'Google Analytics', 'Google Tag Manager', 'Gutenberg', 'Jetpack', 'Jetpack Site Accelerator', 'Nginx', 'No-Q', 'PHP', 'Perl', 'ScriptsTown', 'Share Link', 'Site Kit', 'Theme In WP', 'UTF-8', 'University or College', 'WP Accessibility', 'WordPress', 'WordPress Multisite', 'WordPress Stats', 'eLand', 'jQuery']"
wfscb.org,Workforce Solutions Coastal Bend - Start Your Career. Jobs Start Here,Workforce Solutions of the Coastal Bend,USA,77,64142,2026-09-28T05:01:44.570201593Z,"['501c3 Status Nonprofit', 'Alternate Protocol', 'Apache', 'Apture Linking Platform', 'Autoptimize', 'Custom Facebook Feed', 'Divi', 'ETranslate', 'Elegant Themes', 'EmbedPress', 'Express', 'Font Awesome', 'GTranslate', 'GZIP Module', 'Google', 'Google Analytics', 'Google Cloud DNS', 'Google Font API', 'Google My Business', 'Google Related Website Sites', 'Google Tag Manager', 'Instagram Follow Button', 'Microdata for Google Shopping', 'Monarch Social Sharing Plugin For WordPress', 'PHP', 'QUIC', 'RM Education', 'SMC', 'Tailwind CSS', 'The Events Calendar', 'Theme In WP', 'Twitter Ads', 'UTF-8', 'Ultimate Addons for Gutenberg', 'University or College', 'WP Accessibility', 'WordPress', 'WordPress Multisite', 'YouTube', 'jQuery']"
gireastcdd.com,GIR East CDD – Community Development District Website,,,55,708,2026-09-28T04:23:36.146744164Z,"['Alternate Protocol', 'Apache', 'CDN JS', 'Cloudflare', 'Cloudflare CDN', 'EmbedPress', 'Flatsome', 'Google Cloud DNS', 'Google Font API', 'IcoMoon', 'PHP', 'Theme In WP', 'UTF-8', 'UserWay', 'WP Accessibility', 'Woo Themes', 'WooCommerce Checkout', 'WordPress', 'WordPress Multisite', 'jQuery']"
capalbodaniel.com,California Subrogation Attorneys | Statewide Legal Services,California Subrogation Law Firm,USA,77,25800,2026-09-28T03:41:50.759723828Z,"['Alternate Protocol', 'Amazon WAF Blocked', 'Apache', 'Apture Linking Platform', 'Aruba', 'Cisco/Arrowpoint Content Service Switch', 'Divi', 'Elegant Themes', 'EmbedPress', 'Fireblade', 'Font Awesome', 'GZIP Module', 'Google', 'Google Analytics', 'Google Cloud DNS', 'Google Font API', 'Google My Business', 'Google Tag Manager', 'Gravity', 'Gravity Forms', 'Lazy Load for WordPress', 'Microdata for Google Shopping', 'PHP', 'Perl', 'Pico CSS', 'Theme In WP', 'UTF-8', 'WP Accessibility', 'WP Rocket', 'WebToffee GDPR Plugin', 'Woo Themes', 'WordPress', 'WordPress Multisite', 'eLand', 'hCaptcha', 'hCaptcha for WordPress', 'jQuery', 'reCAPTCHA', 'shadcn ui']"
stonegatechc.org,Stonegate Community Health Centre | Better Together,,CAN,82,21512,2026-09-28T02:59:50.185507993Z,"['Adobe Creative Cloud WebFonts', 'Alternate Protocol', 'Amazon WAF Blocked', 'Aruba', 'Beaver Builder Lite', 'Canada Helps', 'CognisantMD', 'Content Delivery Network', 'Crowdsignal', 'ETranslate', 'EmbedPress', 'Facebook Login', 'Facebook Messenger Platform', 'Facebook Reseller', 'GTranslate', 'Google', 'Google Analytics', 'Google My Business', 'Google Tag Manager', 'Gravity', 'Gravity Forms', 'Gtranslate for Wordpress', 'Instagram Follow Button', 'LiteSpeed', 'Microdata for Google Shopping', 'Microsoft 365', 'Negate', 'PHP', 'Schema Plugin', 'StudioPress', 'The Events Calendar', 'Theme In WP', 'UTF-8', 'WP Accessibility', 'WPFront Scroll Top', 'WordPress', 'WordPress Multisite', 'WordPress SEO Structured Data Schema Plugin', 'YouTube', 'eLand', 'jQuery']"
carpetcleaningwebdesign.com,Carpet Cleaning Web Design – We Build Responsive Websites For Your Carpet Cleaning Business,,,55,263,2026-09-28T01:58:07.986682784Z,"['AWS WAF Challenge', 'Alternate Protocol', 'Astra Theme', 'EmbedPress', 'Google', 'Google Cloud DNS', 'Google Font API', 'Gutenberg Blocks by Kadence Blocks', 'Nginx', 'PHP', 'Theme In WP', 'UTF-8', 'WP Accessibility', 'WordPress', 'WordPress Multisite', 'WordPress Related Posts']"
villamarcdd.com,"VillaMar CDD – Winter Haven, Florida",,USA,70,5744,2026-09-28T01:03:24.832977624Z,"['Alternate Protocol', 'Apache', 'EmbedPress', 'Homes.com CMS', 'Jupiter', 'LayerSlider Responsive', 'NFOrce Internet', 'PHP', 'Tailwind CSS', 'Theme In WP', 'UTF-8', 'University or College', 'UserWay', 'WP Accessibility', 'WPBakery', 'WordPress', 'WordPress Multisite', 'jQuery']"
synergy-laser.com,"Synergy Laser & Skin Institute | Medical Spa in Temecula, CA",,USA,82,35454,2026-09-27T17:27:42.413411894Z,"['AWS WAF Challenge', 'Alternate Protocol', 'CDN JS', 'Cloudflare', 'Cloudflare CDN', 'Content Delivery Network', 'Divi', 'Elegant Themes', 'EmbedPress', 'Formilla', 'GoDaddy', 'Google', 'Google Cloud CDN', 'Google Cloud DNS', 'Google Font API', 'Google My Business', 'Instagram Follow Button', 'Microdata for Google Shopping', 'PHP', 'Perl', 'Sitelinks Search Box', 'Theme In WP', 'TrustIndex', 'UTF-8', 'University or College', 'WP Accessibility', 'Wangsu', 'Woo Themes', 'WordPress', 'WordPress Multisite', 'eLand', 'jQuery', 'reCAPTCHA']"
selahrejuvenation.com,HOME - Selah Rejuvenation,Selah Rejuvenation,USA,82,11665,2026-09-27T17:08:16.327091811Z,"['Alternate Protocol', 'Apache', 'Apture Linking Platform', 'Divi', 'Elegant Themes', 'EmbedPress', 'Express', 'GZIP Module', 'Google', 'Google Cloud DNS', 'Google Font API', 'Google My Business', 'Instagram Follow Button', 'Microdata for Google Shopping', 'PHP', 'RM Education', 'Theme In WP', 'UTF-8', 'University or College', 'WP Accessibility', 'WP Rocket', 'Woo Themes', 'WordPress', 'WordPress Multisite', 'jQuery', 'reCAPTCHA']"
allinsportconsulting.com,Home - All in Sport Consulting,"All In Sport Consulting, LLC",USA,70,363132,2026-09-27T16:01:40.753597566Z,"['AWS WAF Challenge', 'Adpushup', 'Alibaba Cloud CDN', 'Alternate Protocol', 'Amped', 'AnyChat', 'Apache', 'Automattic', 'Baidu Cloud', 'Bazaarvoice', 'Cloudflare', 'Cloudflare CDN', 'Content Square', 'Elementor', 'EmbedPress', 'Formstack', 'GZIP Module', 'GetResponse', 'Google', 'Google Cloud CDN', 'Google Cloud DNS', 'Google Font API', 'Google My Business', 'InitiativeS', 'Jetpack', 'Koko Analytics', 'MailChimp for WordPress', 'Mailjet Widget', 'Media.net', 'Microdata for Google Shopping', 'Newsletter for Wordpress', 'OceanWP', 'Oracle Cloud', 'PHP', 'ReviewsOnMyWebsite', 'Salesforce Hosted', 'Seflow Italy', 'Simple Social Icons', 'Sourcepoint', 'Taboola Direct', 'Tailwind CSS', 'Theme In WP', 'Twitter Ads', 'UTF-8', 'Vercel', 'WP Accessibility', 'WP Featherlight', 'WP Mobile Menu', 'WPForms', 'Wangsu', 'Woo Themes', 'WooCommerce Checkout', 'WordPress', 'WordPress Multisite', 'WordPress Stats', 'Yandex Hosting', 'accessiBe', 'arsys.es', 'jQuery', 'reCAPTCHA']"
caminohealthcare.net,"Camino Healthcare – Nursing Home, Physical Therapy, Healthcare – Hawthorne, CA",,,55,17586,2026-09-27T15:33:12.892427566Z,"['Alternate Protocol', 'Amazon WAF Blocked', 'Anti-spam for WordPress', 'Apache', 'CleanTalk Spam Protect', 'Column Shortcodes', 'Contento', 'EmbedPress', 'Fireblade', 'GZIP Module', 'Google Analytics', 'Google Cloud DNS', 'Google Font API', 'Google My Business', 'Google Related Website Sites', 'Google Tag Manager', 'Jetpack', 'Kriesi.at', 'PHP', 'Theme In WP', 'UTF-8', 'WP Accessibility', 'WordPress', 'WordPress Multisite', 'WordPress Stats', 'jQuery']"
howtowinamariecuriefellowship.com,Home - Marie Curie,,ESP,75,16560,2026-09-27T14:39:59.017369066Z,"['AWS WAF Challenge', 'Alternate Protocol', 'Apache', 'Contact Form Plugin', 'DAV', 'EmbedPress', 'GZIP Module', 'Google Analytics', 'Google Cloud DNS', 'Google Font API', 'Google Related Website Sites', 'Google Tag Manager', 'Jetpack', 'PHP', 'Parallels Plesk Panel', 'Polylang', 'Slider Revolution', 'The7', 'UTF-8', 'WP Accessibility', 'WP Super Cache', 'WPBakery', 'Woo Themes', 'WordPress', 'WordPress Multisite', 'jQuery']"
futurehealersnetwork.org,Future Healers | Louisville KY | UofL Health,,,82,3927,2026-09-27T13:02:06.575006604Z,"['Alternate Protocol', 'Content Delivery Network', 'DAV', 'EmbedPress', 'Everest Forms', 'GZIP Module', 'Google', 'Google Analytics', 'Google Cloud CDN', 'Google Cloud DNS', 'Google Font API', 'Google Related Website Sites', 'Google Tag Manager', 'Instagram API', 'Instagram Follow Button', 'LiteSpeed', 'Microdata for Google Shopping', 'Neighborhoods', 'PHP', 'Slider Revolution', 'The Events Calendar', 'Theme In WP', 'Twitter Ads', 'UTF-8', 'University or College', 'Vimeo', 'Visual Composer', 'WP Accessibility', 'WordPress', 'WordPress Multisite', 'YouTube', 'jQuery']"
upperdelawarecouncil.org,"Upper Delaware Council, Inc.",,USA,65,43697,2026-09-27T11:34:29.224484994Z,"['Alternate Protocol', 'Amazon WAF Blocked', 'Angular', 'Anti-spam for WordPress', 'Beaver Builder Lite', 'CleanTalk Spam Protect', 'Content Delivery Network', 'Contento', 'DAV', 'Easy Fancybox', 'EmbedPress', 'Fastly', 'Fireblade', 'Formidable Pro Form', 'GZIP Module', 'Google Analytics', 'Google Tag Manager', 'Instagram Follow Button', 'Jetpack', 'Max Mega Menu', 'Max Mega Menu Pro', 'Microdata for Google Shopping', 'PHP', 'QUIC', 'Schema Plugin', 'Theme In WP', 'Twitter Ads', 'UTF-8', 'UserWay', 'WP Accessibility', 'WordPress', 'WordPress Multisite', 'YouTube', 'jQuery', 'jQuery Pin It Button for Images']"
triskelle.solutions,Triskelle Software,,,50,318,2026-09-27T10:51:18.127355534Z,"['AWS WAF Challenge', 'Alternate Protocol', 'CDN JS', 'Cloudflare', 'Cloudflare CDN', 'EmbedPress', 'GZIP Module', 'Jetpack', 'Lazy Load for WordPress', 'Nginx', 'Organic Themes', 'PHP', 'QUIC', 'Responsive Lightbox', 'Team Members', 'Theme In WP', 'UTF-8', 'WP Accessibility', 'Woo Themes', 'WordPress', 'WordPress Multisite', 'jQuery']"
ericasolberg.com,"Erica Solberg Design – Graphic Design, Illustration, Branding",,SYC,65,1788,2026-09-27T09:46:53.673958973Z,"['Alternate Protocol', 'Contact Form Plugin', 'Content Delivery Network', 'Elementor', 'EmbedPress', 'GZIP Module', 'Google Cloud DNS', 'Google Font API', 'NFOrce Internet', 'Nginx', 'PHP', 'Perl', 'Theme In WP', 'UTF-8', 'WP Accessibility', 'WordPress', 'WordPress Multisite', 'jQuery']"
tggvote.ca,TGGVote,,CAN,80,18576,2026-09-27T08:26:17.295467414Z,"['Alternate Protocol', 'Cloudflare', 'Contact Form Plugin', 'Content Delivery Network', 'EmbedPress', 'GoDaddy', 'Google', 'Google Cloud CDN', 'Google Cloud DNS', 'Google Font API', 'IcoMoon', 'Jupiter', 'Microdata for Google Shopping', 'PHP', 'Schema Plugin', 'Slider Revolution', 'TablePress', 'Theme In WP', 'UTF-8', 'WP Accessibility', 'WPBakery', 'Wangsu', 'WordPress', 'WordPress Multisite', 'jQuery']"
cantoncrossingdental.com,"Dentist Baltimore, MD 21224 | Dentist in Canton | Canton Crossing Dental",,USA,82,11884,2026-09-27T07:48:42.019179256Z,"['Adit Dental Software', 'Alternate Protocol', 'Amazon WAF Blocked', 'Apture Linking Platform', 'Bookform', 'Content Delivery Network', 'ETranslate', 'EmbedPress', 'Engintron', 'Fastly', 'GTranslate', 'GZIP Module', 'Google Analytics', 'Google Cloud DNS', 'Google Maps', 'Google My Business', 'Google Tag Manager', 'Instagram Follow Button', 'Lazy Load for WordPress', 'Microdata for Google Shopping', 'Nginx', 'PHP', 'QUIC', 'Theme In WP', 'UTF-8', 'WP Accessibility', 'WP Rocket', 'WordPress', 'WordPress Multisite', 'jQuery']"
psslany.cz,Domů - Pečovatelská služba Slaný,,,65,1897,2026-09-27T02:56:35.55096607Z,"['Alternate Protocol', 'Apache', 'Elementor', 'EmbedPress', 'Essential Addons for Elementor', 'GZIP Module', 'Google Maps', 'Google My Business', 'Hello Elementor', 'Microdata for Google Shopping', 'NFOrce Internet', 'UTF-8', 'W3 Total Cache', 'WP Accessibility', 'WordPress', 'WordPress Multisite']"
lacenterschools.org,La Center School District | Learning and Excellence,,,60,27297,2026-09-27T01:33:11.216086827Z,"['AWS WAF Challenge', 'Alternate Protocol', 'Canva Websites', 'Cloudflare', 'Cloudflare CDN', 'Content Delivery Network', 'DAV', 'Divi', 'Elegant Themes', 'EmbedPress', 'Facebook CDN', 'Facebook Login', 'Facebook Messenger Platform', 'Facebook Reseller', 'Fireblade', 'Frontline Education', 'GTranslate', 'GoDaddy', 'Google', 'Google Analytics', 'Google Analytics Dashboard for WordPress', 'Google Cloud DNS', 'Google Font API', 'Google Forms', 'Google My Business', 'Google Related Website Sites', 'Google Tag Manager', 'Google Workspace', 'Gtranslate for Wordpress', 'IcoMoon', 'PHP', 'ParentSquare', 'QUIC', 'Share Link', 'Theme In WP', 'UTF-8', 'WP Accessibility', 'WP Fastest Cache', 'Wangsu', 'Woo Themes', 'WordPress', 'WordPress Multisite']"
foothillstransitionalcare.com,"Foothills Transitional Care and Rehabilitation – Nursing Home, Physical Therapy, Healthcare – Maryville, TN",,SHN,70,41202,2026-09-27T00:18:08.218642768Z,"['Alternate Protocol', 'Amazon WAF Blocked', 'Anti-spam for WordPress', 'Apache', 'CleanTalk Spam Protect', 'Column Shortcodes', 'Contento', 'EmbedPress', 'Fireblade', 'GZIP Module', 'Google Analytics', 'Google Cloud DNS', 'Google Font API', 'Google My Business', 'Google Related Website Sites', 'Google Tag Manager', 'Jetpack', 'Kriesi.at', 'PHP', 'Theme In WP', 'UTF-8', 'WP Accessibility', 'WordPress', 'WordPress Multisite', 'WordPress Stats', 'jQuery']"
thepeople.co.il,הפקת אירועים עסקיים - The People - Corporate Productions,The People,,57,1709,2026-09-27T00:12:36.691906455Z,"['AWS WAF Challenge', 'AddThis for Wordpress', 'Alternate Protocol', 'Cisco/Arrowpoint Content Service Switch', 'Clicky', 'EmbedPress', 'Express', 'Fontello', 'GZIP Module', 'Google Analytics', 'Google Cloud DNS', 'Google Font API', 'Oracle Cloud', 'PHP', 'Sitelinks Search Box', 'Slider Revolution', 'Tailwind CSS', 'Thank You', 'Theme In WP', 'UTF-8', 'WP Accessibility', 'WP Rocket', 'WordPress', 'WordPress Multisite', 'YouTube', 'jQuery', 'uPress']"
floridapoolcorp.com,"Custom Pool Installation, Landscape Design and Spa Renovation Services Oakland Park FL",Florida Pool Corporation,BRA,77,2677,2026-09-26T21:39:53.975723517Z,"['Alternate Protocol', 'Apache', 'Better Lead Generation Services', 'Contact Form Plugin', 'EmbedPress', 'Google', 'Google Analytics', 'Google Cloud DNS', 'Google Font API', 'Google Tag Manager', 'Microdata for Google Shopping', 'PHP', 'Smart Slider 3', 'The Events Calendar', 'Theme In WP', 'UTF-8', 'Visual Composer Ultimate Addons', 'WP Accessibility', 'WPBakery', 'WordPress', 'WordPress Multisite', 'eLand', 'jQuery']"
carolinaillumination.com,Outdoor Lighting Services & Designs | Carolina Illumination,Homepage,USA,92,19204,2026-09-26T20:01:34.18439665Z,"['AWS WAF Challenge', 'Alternate Protocol', 'Cloudflare', 'Content Delivery Network', 'Divi', 'Elegant Themes', 'EmbedPress', 'Font Awesome', 'Google', 'Google Cloud CDN', 'Google Cloud DNS', 'Google Font API', 'Google Maps', 'Google My Business', 'Gravity Forms', 'Microdata for Google Shopping', 'PHP', 'Schema Plugin', 'Tailwind CSS', 'Theme In WP', 'UTF-8', 'WP Accessibility', 'WP Engine', 'Woo Themes', 'WordPress', 'WordPress Multisite', 'jQuery', 'shadcn ui']"
thatguypets.com,"Blacksburg, VA dog walker and pet sitter | That Guy Pet Services",That Guy Pet Services,USA,82,67901,2026-09-26T15:01:06.180277965Z,"['Alternate Protocol', 'Amazon WAF Blocked', 'Anti-spam for WordPress', 'Apture Linking Platform', 'CleanTalk Spam Protect', 'Divi', 'Elegant Themes', 'EmbedPress', 'Fireblade', 'Google', 'Google Analytics', 'Google Cloud CDN', 'Google Cloud DNS', 'Google Font API', 'Google Tag Manager', 'Instagram Follow Button', 'Lazy Load for WordPress', 'LiteSpeed', 'Microdata for Google Shopping', 'PHP', 'SMC', 'UTF-8', 'WP Accessibility', 'WP Rocket', 'Woo Themes', 'WordPress', 'WordPress Multisite']"
erghygrade.co.uk,ERG Hygrade | GRP Tank Manufacturers and Odour Control,ERG Hygrade,,72,16653,2026-09-26T14:40:50.653840093Z,"['AWS WAF Challenge', 'Alternate Protocol', 'Cloudflare', 'Content Delivery Network', 'Elementor', 'ElementsKit Elementor', 'EmbedPress', 'Google Analytics', 'Google Cloud DNS', 'Google Font API', 'Google Maps', 'Google My Business', 'Google Tag Manager', 'Hello Elementor', 'Max Mega Menu', 'Max Mega Menu Pro', 'Microdata for Google Shopping', 'PHP', 'Theme In WP', 'UTF-8', 'WP Accessibility', 'WP Engine', 'WordPress', 'WordPress Multisite', 'jQuery']"
ridgeviewpostacute.com,"Ridgeview Post Acute – Nursing Home, Physical Therapy, Healthcare – Commerce City, CO",,,60,17586,2026-09-26T11:25:44.224428623Z,"['Alternate Protocol', 'Amazon WAF Blocked', 'Anti-spam for WordPress', 'Apache', 'CleanTalk Spam Protect', 'Column Shortcodes', 'Contento', 'EmbedPress', 'Fireblade', 'GZIP Module', 'Google Analytics', 'Google Cloud DNS', 'Google Font API', 'Google My Business', 'Google Related Website Sites', 'Google Tag Manager', 'Jetpack', 'Kriesi.at', 'PHP', 'UTF-8', 'Vimeo', 'WP Accessibility', 'WordPress', 'WordPress Multisite', 'WordPress Stats', 'Yelp Badge', 'jQuery']"
michaelduranceaucpa.com,"michaelduranceaucpa.com | Michael J. Duranceau, CPA",,ESP,65,1289,2026-09-26T10:41:05.958709516Z,"['Alternate Protocol', 'CheryFramework', 'Contact Form Plugin', 'DAV', 'EmbedPress', 'GZIP Module', 'Google Cloud DNS', 'Google Font API', 'Google My Business', 'Nginx', 'PHP', 'Recent Tweets Widget for WordPress', 'Theme In WP', 'UTF-8', 'WP Accessibility', 'WordPress', 'WordPress Multisite', 'jQuery', 'reCAPTCHA']"
magiclaundryservices.com,Home - MLS,,USA,70,42784,2026-09-26T10:35:56.193831182Z,"['AWS WAF Challenge', 'Adult Content', 'Alternate Protocol', 'Apache', 'Column Shortcodes', 'Complianz', 'Contento', 'EmbedPress', 'GZIP Module', 'Google Cloud DNS', 'Google Font API', 'Google My Business', 'Google Related Website Sites', 'Gravity', 'Gravity Forms', 'Kriesi.at', 'Microdata for Google Shopping', 'Neighborhoods', 'Slider Revolution', 'UTF-8', 'Vimeo', 'W3 Total Cache', 'WP Accessibility', 'WordPress', 'WordPress Multisite', 'YouTube', 'eLand', 'jQuery', 'reCAPTCHA']"
carringtondentalclinic.com,Dentist in NW Calgary | Affordable Dentist Near Me | Carrington Dental,,CAN,82,10372,2026-09-26T08:25:05.493075328Z,"['Adit Dental Software', 'Alternate Protocol', 'Amazon WAF Blocked', 'Apture Linking Platform', 'Bookform', 'Content Delivery Network', 'DAV', 'EmbedPress', 'Engintron', 'Fastly', 'GZIP Module', 'Google Analytics', 'Google Cloud DNS', 'Google Maps', 'Google My Business', 'Google Tag Manager', 'Instagram Follow Button', 'Lazy Load for WordPress', 'Microdata for Google Shopping', 'Nginx', 'Oddle', 'PHP', 'Perl', 'Theme In WP', 'UTF-8', 'University or College', 'WP Accessibility', 'WP Rocket', 'WordPress', 'WordPress Multisite', 'jQuery']"
pan-asianventures.com,Pan-Asian Ventures LLC | Online Marketing Team,Pan-Asian Ventures LLC | Online Marketing Team,,62,2489,2026-09-26T07:28:06.621546632Z,"['Alternate Protocol', 'Cloudflare', 'Cloudflare CDN', 'Cloudflare Web Analytics', 'Cookie Accept', 'Cookie Notice', 'EmbedPress', 'Google', 'Google Analytics', 'Google Cloud DNS', 'Google Font API', 'Google Tag Manager', 'Microdata for Google Shopping', 'PHP', 'Theme In WP', 'UTF-8', 'WP Accessibility', 'WP Super Cache', 'WordPress', 'WordPress Multisite', 'jQuery']"
zealmonachorumparishcouncil.org.uk,Zeal Monachorum Parish Council,,,55,181,2026-09-26T06:54:34.131513791Z,"['Alternate Protocol', 'Apache', 'Content Delivery Network', 'EmbedPress', 'Font Awesome', 'GZIP Module', 'Google Cloud DNS', 'Google Font API', 'PHP', 'QUIC', 'The7', 'Theme In WP', 'UTF-8', 'Visual Composer Ultimate Addons', 'WP Accessibility', 'WPBakery', 'WordPress', 'WordPress Multisite', 'jQuery']"
super-paradise.com,Super Paradise Beach Club in Mykonos,,GRC,82,79809,2026-09-26T06:46:57.396788884Z,"['Alternate Protocol', 'Amazon WAF Blocked', 'Apache', 'ByteDance', 'CCSI', 'Contact Form Plugin', 'Content Delivery Network', 'DAV', 'EmbedPress', 'Facebook Reseller', 'Foundation', 'GDPR Cookie Compliance', 'GZIP Module', 'Google', 'Google Analytics', 'Google Cloud DNS', 'Google Maps', 'Google My Business', 'Google Related Website Sites', 'Google Tag Manager', 'Instagram Follow Button', 'K2F', 'KVH', 'Lazy Load for WordPress', 'Microdata for Google Shopping', 'No-Q', 'Onyx Internet', 'PHP', 'PWA', 'Sassy Social Share', 'Sitelinks Search Box', 'Subversion', 'Tailwind CSS', 'Theme In WP', 'Twitter Ads', 'UTF-8', 'WP Accessibility', 'WordPress', 'WordPress Multisite', 'reCAPTCHA']"
klekamp.com,Commercial Paving Contractor in Cincinnati | Asphalt Pavers for Cincinnati Businesses,,USA,82,172524,2026-09-26T06:34:54.799414747Z,"['AWS WAF Challenge', 'Alternate Protocol', 'Amazon WAF Blocked', 'Aruba', 'Better Lead Generation Services', 'Cloudflare', 'Cloudflare CDN', 'Cloudflare Turnstile', 'Content Delivery Network', 'Divi', 'DuracellTomi Google Tag Manager for WordPress', 'Elegant Themes', 'EmbedPress', 'Facebook Login', 'Facebook Messenger Platform', 'Facebook Pixel', 'Facebook Reseller', 'Facebook Tag API', 'Fastly', 'Font Awesome', 'GZIP Module', 'Google', 'Google Analytics', 'Google Cloud CDN', 'Google Cloud DNS', 'Google Font API', 'Google My Business', 'Google Related Website Sites', 'Google Tag Manager', 'Gravity', 'Gravity Forms', 'Instagram Follow Button', 'Microdata for Google Shopping', 'Nginx', 'PHP', 'Pico CSS', 'QUIC', 'Salesforce Hosted', 'Theme In WP', 'UTF-8', 'WP Accessibility', 'Woo Themes', 'WordPress', 'WordPress Multisite', 'eLand', 'jQuery', 'jsDelivr', 'reCAPTCHA']"
olleniasharmony.com,Ollenia's Harmony – Luxury Apartments,,GRC,72,2319,2026-09-26T06:11:33.450660632Z,"['Alternate Protocol', 'Contact Form Plugin', 'Cookie Accept', 'Cookie Notice', 'Elementor', 'EmbedPress', 'GZIP Module', 'Google Cloud DNS', 'Google Font API', 'Instagram Follow Button', 'NFOrce Internet', 'Nginx', 'PHP', 'Parallels Plesk Panel', 'Phlox', 'Polylang', 'Theme In WP', 'UTF-8', 'Unlimited Elements For Elementor', 'WP Accessibility', 'WordPress', 'WordPress Multisite', 'eLand', 'jQuery']"
christinaconnell.ca,"Christina Connell, Registered Psychotherapist - Christina Connell, Registered Psychotherapist",,CAN,82,312,2026-09-26T05:56:02.999049907Z,"['Alternate Protocol', 'Contact Form Plugin', 'EmbedPress', 'Font Awesome', 'GZIP Module', 'Google Analytics', 'Google Cloud DNS', 'Google Font API', 'Google Tag Manager', 'LiteSpeed', 'Microdata for Google Shopping', 'Nginx', 'PHP', 'Popup Builder', 'Theme In WP', 'UTF-8', 'University or College', 'WP Accessibility', 'Woo Themes', 'WordPress', 'WordPress Multisite', 'YouTube', 'jQuery']"
decaturcountyrecycling.com,Decatur County Solid Waste Management,,,67,10071,2026-09-26T04:04:19.100589467Z,"['Alternate Protocol', 'Apache', 'BLR', 'EmbedPress', 'GZIP Module', 'PHP', 'Theme In WP', 'ThemeFusion', 'Tumblr', 'UTF-8', 'WP Accessibility', 'WP jQuery Lightbox', 'WhatsApp Sharing', 'WordPress', 'WordPress Multisite', 'eLand', 'jQuery']"
atriumhotel.gr,Atrium Hotel Skiathos,,GRC,65,3867,2026-09-26T03:27:51.205804735Z,"['Alternate Protocol', 'AutoComplete', 'CDN JS', 'Cloudflare', 'Cloudflare CDN', 'Contact Form Plugin', 'EmbedPress', 'Font Awesome', 'GZIP Module', 'Google', 'Google Analytics', 'Google Cloud DNS', 'Google Font API', 'Google My Business', 'Instagram Follow Button', 'LiteSpeed', 'Nginx', 'PHP', 'Responsive Data', 'Sojern', 'Theme In WP', 'UTF-8', 'WP Accessibility', 'Woo Themes', 'WordPress', 'WordPress Multisite', 'jQuery', 'qTranslate', 'reCAPTCHA']"
activecare.net,Active Care | Sports Training & Orthopedic Rehabilitation,,VEN,87,21039,2026-09-26T01:25:20.722187808Z,"['Alternate Protocol', 'Cisco/Arrowpoint Content Service Switch', 'Cloudflare', 'Content Delivery Network', 'EmbedPress', 'GoDaddy', 'IcoMoon', 'Instagram Follow Button', 'PHP', 'ThemeFusion', 'Twitter Ads', 'UTF-8', 'WP Accessibility', 'Wangsu', 'WordPress', 'WordPress Multisite', 'jQuery']"
bonamas.gr,Bonamas Gift Center – Gift & Memories From Crete,,GRC,65,3582,2026-09-26T01:15:05.371819599Z,"['Advanced Woo Search', 'Alternate Protocol', 'Apache', 'Contact Form Plugin', 'Elementor', 'EmbedPress', 'Google Analytics', 'Google Cloud DNS', 'Google Font API', 'Google My Business', 'Google Tag Manager', 'Instagram Follow Button', 'Max Mega Menu Pro', 'MonsterInsights', 'NFOrce Internet', 'PHP', 'Perl', 'Slider Revolution', 'Theme In WP', 'UTF-8', 'Variation Swatches for WooCommerce', 'WP Accessibility', 'WPML Multilingual', 'Woo Themes', 'WooCommerce', 'WooCommerce Checkout', 'WordPress', 'WordPress Multisite', 'jQuery', 'reCAPTCHA']"
tearseg.com,Grupo Perfaler,,BRA,65,7255,2026-09-26T00:25:32.452206621Z,"['Alternate Protocol', 'Complianz', 'Contact Form Plugin', 'EmbedPress', 'Flatsome', 'GZIP Module', 'Google My Business', 'Google Tag Manager', 'IcoMoon', 'Nginx', 'PHP', 'Parallels Plesk Panel', 'Tailwind CSS', 'Theme In WP', 'UTF-8', 'Vector Internet Services', 'WP Accessibility', 'WordPress', 'WordPress Multisite', 'jQuery', 'reCAPTCHA']"
bcarc.org,Berkshire County Arc - Supporting people. Enriching lives.,BCArc,,82,223506,2026-09-26T00:07:16.802827725Z,"['Alternate Protocol', 'Amazon WAF Blocked', 'Cloudflare', 'Content Delivery Network', 'DAV', 'DuracellTomi Google Tag Manager for WordPress', 'EmbedPress', 'Event Tickets for Wordpress', 'Facebook Conversion Tracking', 'Facebook Login', 'Facebook Messenger Platform', 'Facebook Pixel', 'Facebook Reseller', 'Facebook Tag API', 'Fastly', 'FreeBSD', 'GZIP Module', 'Google', 'Google Analytics', 'Google Cloud CDN', 'Google Tag Manager', 'Gravity', 'Gravity Forms', 'Instagram Follow Button', 'KeyCDN', 'Max Mega Menu', 'Microdata for Google Shopping', 'PHP', 'Python', 'QUIC', 'SMC', 'Salesforce Hosted', 'Shopware', 'SiteW', 'The Events Calendar', 'The Trade Desk Direct', 'Theme In WP', 'ThemeFusion', 'UTF-8', 'University or College', 'Vector Internet Services', 'WP Accessibility', 'WP jQuery Lightbox', 'Woo Themes', 'WordPress', 'WordPress Multisite', 'WordPress Related Posts', 'Yandex Hosting', 'YouTube', 'jQuery', 'symfony PHP Framework']"
ics.ie,Irish Computer Society,,IRL,87,39091,2026-09-25T22:26:36.008860578Z,"['AWS WAF Challenge', 'Alternate Protocol', 'Automattic', 'BatCache', 'Cloudflare', 'Cloudflare CDN', 'Content Delivery Network', 'Cybot', 'EmbedPress', 'Fastly', 'Fireblade', 'Google', 'Google Analytics', 'Google Cloud DNS', 'Google Font API', 'Google My Business', 'Google Related Website Sites', 'Google Tag Manager', 'Gutenberg', 'Jetpack', 'Jetpack Site Accelerator', 'Nginx', 'Oracle Cloud', 'Perl', 'Share Link', 'The Events Calendar', 'UTF-8', 'WP Accessibility', 'WordPress', 'WordPress Multisite', 'WordPress Stats', 'eLand']"
oliveoilbrokers.gr,Premium Greek Olive Oil | Olicobrokers,,USA,82,18170,2026-09-25T21:04:16.727649107Z,"['Alternate Protocol', 'Contact Form Plugin', 'ElementUI', 'EmbedPress', 'Express', 'Google Analytics', 'Google Maps', 'Google My Business', 'Google Tag Manager', 'Instagram Follow Button', 'LiteSpeed', 'Microdata for Google Shopping', 'On The Map', 'PHP', 'TermsFeed', 'ThemeFusion', 'UTF-8', 'WP Accessibility', 'WP Google Maps', 'WPML Multilingual', 'WordPress', 'WordPress Multisite', 'jQuery']"
latinaceo.com,WRITING HER OWN PLAYBOOK SINCE 1994 - Latina CEO,LATINA CEO,ITA,72,446,2026-09-25T18:57:30.148677149Z,"['AJAX Libraries API', 'Alternate Protocol', 'Apache', 'Contact Form Plugin', 'EmbedPress', 'Font Awesome', 'Google Analytics', 'Google Cloud DNS', 'Google Font API', 'Google Tag Manager', 'Instagram Follow Button', 'Microdata for Google Shopping', 'PHP', 'Rate my Post', 'Slider Revolution', 'Theme In WP', 'Twitter Ads', 'UTF-8', 'WP Accessibility', 'WP Responsive Menu', 'WPBakery', 'WPFront Scroll Top', 'WordPress', 'WordPress Multisite', 'jQuery']"
pelicanmgt.com,Pelican Property Management,Pelican Management,,72,29376,2026-09-25T15:37:28.50728749Z,"['AWS WAF Challenge', 'Alternate Protocol', 'AppFolio', 'Cloudflare', 'Content Delivery Network', 'EmbedPress', 'Google Analytics', 'Google Tag Manager', 'Gravity', 'Homeowners Association Software', 'IcoMoon', 'Instagram Feed for WordPress', 'Instagram Follow Button', 'Microdata for Google Shopping', 'Neighborhoods', 'PHP', 'Recent Posts Widget With Thumbnails', 'Theme In WP', 'ThemeFusion', 'Twitter Ads', 'UTF-8', 'Usercentrics', 'WP Accessibility', 'WP Engine', 'WP jQuery Lightbox', 'WordPress', 'WordPress Multisite', 'YouTube', 'accessiBe', 'jQuery']"
massbaydental.com,Dentist Salem MA | Dental Clinic in Salem,,USA,82,37784,2026-09-25T15:03:47.142209731Z,"['Adit Dental Software', 'Alternate Protocol', 'Amazon WAF Blocked', 'Apture Linking Platform', 'Bookform', 'Contact Form Plugin', 'Content Delivery Network', 'Contento', 'DoubleClick Bid Manager', 'EmbedPress', 'Engintron', 'Facebook Reseller', 'Fastly', 'GZIP Module', 'Google', 'Google Analytics', 'Google Cloud DNS', 'Google Maps', 'Google My Business', 'Google Tag Manager', 'Lazy Load for WordPress', 'Microdata for Google Shopping', 'Nginx', 'PHP', 'Theme In WP', 'UTF-8', 'WP Accessibility', 'WP Rocket', 'WordPress', 'WordPress Multisite', 'jQuery', 'reCAPTCHA']"
glaucomafoundation.org,Home - The Glaucoma Foundation,,USA,82,18570,2026-09-25T13:10:55.81716537Z,"['501c3 Status Nonprofit', 'AJAX Libraries API', 'AWS WAF Challenge', 'Alternate Protocol', 'CDN JS', 'Charity Navigator', 'Cloudflare', 'Cloudflare CDN', 'Content Delivery Network', 'EmbedPress', 'Font Awesome', 'GTranslate', 'GiveWP', 'Google Analytics', 'Google Cloud DNS', 'Google Font API', 'Google My Business', 'Google Tag Manager', 'Gravity', 'Gravity Forms', 'Instagram Follow Button', 'MailChimp for WordPress', 'Microdata for Google Shopping', 'PHP', 'Say what', 'Sitelinks Search Box', 'Slider Revolution', 'The Events Calendar', 'Theme In WP', 'Twenty Sixteen', 'Twitter Ads', 'UTF-8', 'WP Accessibility', 'WP Engine', 'WP Paginate', 'WPBakery', 'Widget Options', 'WordPress', 'WordPress Multisite', 'YouTube', 'eLand', 'jQuery', 'reCAPTCHA']"
dsslogistics.gr,HOME – DSS Logistics,DSS Logistics,GBR,77,2044,2026-09-25T12:51:34.724484688Z,"['Alternate Protocol', 'CDN JS', 'Cloudflare', 'Cloudflare CDN', 'Content Delivery Network', 'Elementor', 'ElementsKit Elementor', 'EmbedPress', 'Essential Addons for Elementor', 'GZIP Module', 'Google Cloud DNS', 'Google Font API', 'Hello Elementor', 'Microdata for Google Shopping', 'NFOrce Internet', 'Nginx', 'Perl', 'Polylang', 'Table Addons for Elementor', 'UTF-8', 'WP Accessibility', 'WP Fastest Cache', 'WordPress', 'WordPress Multisite', 'eLand', 'jQuery']"
thewebsiteaccessibilityguy.com,The Website Accessibility Guy,,,60,441,2026-09-25T12:37:08.726969769Z,"['AWS WAF Challenge', 'Alternate Protocol', 'Divi', 'Elegant Themes', 'EmbedPress', 'Google', 'Google Cloud CDN', 'Google Cloud DNS', 'Google Font API', 'Nginx', 'PHP', 'Theme In WP', 'UTF-8', 'WP Accessibility', 'Woo Themes', 'WordPress', 'WordPress Multisite', 'jQuery']"
alabern-realestate.com,Alabern Real Estate | Luxury Real Estate company in Spain,Start 3,ESP,82,4504,2026-09-25T09:43:42.566128925Z,"['Add to Any', 'Alternate Protocol', 'Amazon WAF Blocked', 'Apache', 'Complianz', 'Divi', 'Elegant Themes', 'EmbedPress', 'GZIP Module', 'Google', 'Google Analytics', 'Google Cloud CDN', 'Google Tag Manager', 'Gtranslate for Wordpress', 'Instagram Follow Button', 'Lazy Load for WordPress', 'Microdata for Google Shopping', 'PHP', 'Perl', 'Theme In WP', 'UTF-8', 'WP Accessibility', 'WP Rocket', 'Woo Themes', 'WordPress', 'WordPress Multisite', 'YouTube', 'jQuery', 'reCAPTCHA']"
pcfamilylaw.com,ParksClevenger LLC Kansas Attorneys - ParksClevenger LLC,,USA,65,29139,2026-09-25T08:20:38.517003882Z,"['Alternate Protocol', 'Beaver Builder Lite', 'Content Delivery Network', 'Contento', 'EmbedPress', 'Font Awesome', 'GZIP Module', 'Google', 'Google Analytics', 'Google Cloud DNS', 'Google Font API', 'Google Tag Manager', 'Microdata for Google Shopping', 'Nginx', 'PHP', 'Schema Plugin', 'Theme In WP', 'UTF-8', 'WP Accessibility', 'WP Engine', 'WP Rocket', 'WordPress', 'WordPress Multisite', 'jQuery']"
fusioncw.com,"Website & Graphic Design Studio | Poulsbo, WA",Fusion Creative Works,JAM,82,18330,2026-09-25T07:24:37.127209723Z,"['Alternate Protocol', 'Cloudflare', 'Content Delivery Network', 'Cookie Accept', 'Cookie Notice', 'Divi', 'EWWW Image Optimizer', 'Elegant Themes', 'EmbedPress', 'GoDaddy', 'Google', 'Google Analytics', 'Google Cloud CDN', 'Google Cloud DNS', 'Google Font API', 'Google Tag Manager', 'Microdata for Google Shopping', 'PHP', 'QUIC', 'Theme In WP', 'UTF-8', 'WP Accessibility', 'Wangsu', 'Woo Themes', 'WordPress', 'WordPress Multisite', 'jQuery']"
jmaevents.com,JMA Events in Jasper Georgia – JMA Events in Jasper Georgia,,,45,420,2026-09-25T06:58:59.754499599Z,"['AWS WAF Challenge', 'Alternate Protocol', 'Cloudflare', 'Cloudflare CDN', 'Cloudflare Turnstile', 'Contact Form Plugin', 'Content Delivery Network', 'EmbedPress', 'GZIP Module', 'Instagram Follow Button', 'Newsletter for Wordpress', 'Nginx', 'OceanWP', 'PHP', 'Responsive Lightbox', 'Tailwind CSS', 'Theme In WP', 'Twitter Ads', 'UTF-8', 'Vimeo', 'WP Accessibility', 'WP Mobile Menu', 'WPForms', 'Woo Themes', 'WooCommerce Checkout', 'WordPress', 'WordPress Multisite', 'YouTube', 'jQuery']"
roguecareers.org,Home - Rogue Careers,Rogue Careers,,60,1709,2026-09-25T06:57:14.013668731Z,"['Alternate Protocol', 'Apache', 'Contact Form Plugin', 'EmbedPress', 'Emitrr', 'GZIP Module', 'Google Analytics', 'Google Cloud DNS', 'Google Font API', 'Google My Business', 'Google Related Website Sites', 'Google Tag Manager', 'Gtranslate for Wordpress', 'IcoMoon', 'InitiativeS', 'Instagram Follow Button', 'Line2', 'Microdata for Google Shopping', 'Nectar Slide Plugin', 'PHP', 'QUIC', 'Salient', 'Smartsheet', 'Theme In WP', 'UTF-8', 'University or College', 'WP Accessibility', 'WP Job Manager', 'WPBakery', 'WPFront Scroll Top', 'WordPress', 'WordPress Multisite', 'YouTube', 'jQuery']"
jvpnorthjersey.org,Jewish Voice for Peace – Northern NJ,,USA,65,22336,2026-09-25T06:06:50.204308397Z,"['501c3 Status Nonprofit', 'AWS WAF Challenge', 'Alternate Protocol', 'Astra Theme', 'Cloudflare', 'Elementor', 'EmbedPress', 'Events Manager for WordPress', 'GZIP Module', 'Google', 'Google Cloud DNS', 'Google Font API', 'Header, Footer and Blocks for Elementor', 'NFOrce Internet', 'Nginx', 'PHP', 'Pico CSS', 'Theme In WP', 'Twitter Ads', 'UTF-8', 'Ubuntu', 'University or College', 'W3 Total Cache', 'WP Accessibility', 'WPForms', 'Woo Themes', 'WordPress', 'WordPress Multisite', 'WordPress Related Posts', 'hCaptcha', 'hCaptcha for WordPress', 'jQuery', 'reCAPTCHA', 'shadcn ui']"
uhshost.com,Rural Municipality of Piney – Simply Better,,,60,369,2026-09-25T05:47:44.194502553Z,"['501c3 Status Nonprofit', 'Alternate Protocol', 'Apache', 'Contact Form Plugin', 'Custom Facebook Feed', 'EmbedPress', 'Font Awesome', 'Google', 'Google Analytics', 'Google Cloud CDN', 'Google Cloud DNS', 'Google Font API', 'Google Tag Manager', 'Monarch Social Sharing Plugin For WordPress', 'PHP', 'Slider Revolution', 'The7', 'Theme In WP', 'Twitter Ads', 'UTF-8', 'Visual Composer Ultimate Addons', 'WP Accessibility', 'WP Fastest Cache', 'WPBakery', 'WordPress', 'WordPress Multisite', 'jQuery']"
kittyhawkfamilydentistry.com,Dentist in Converse 78109 | Family Dentist Near Me,,,82,32932,2026-09-25T03:08:32.346440607Z,"['Adit Dental Software', 'Alternate Protocol', 'Amazon WAF Blocked', 'Apache', 'Apture Linking Platform', 'Bookform', 'Contento', 'EmbedPress', 'GZIP Module', 'Google Analytics', 'Google My Business', 'Google Tag Manager', 'Lazy Load for WordPress', 'Microdata for Google Shopping', 'Oddle', 'PHP', 'Theme In WP', 'UTF-8', 'University or College', 'WP Accessibility', 'WP Rocket', 'WordPress', 'WordPress Multisite', 'jQuery']"
springgr.com,Home - SpringGR | Business Strategies for Startups,SpringGR,,60,,2026-09-24T23:48:17.942318611Z,"['501c3 Status Nonprofit', 'Alternate Protocol', 'Cloudflare', 'Cloudflare CDN', 'Content Delivery Network', 'Cybot', 'Elementor', 'EmbedPress', 'Event Tickets for Wordpress', 'Google Analytics', 'Google Tag Manager', 'Hello Elementor', 'Instagram Follow Button', 'Microdata for Google Shopping', 'PHP', 'Pagekit', 'Smush Image Optimization', 'Table Addons for Elementor', 'The Events Calendar', 'Theme In WP', 'UTF-8', 'WP Accessibility', 'WordPress', 'WordPress Multisite', 'YouTube', 'jQuery']"
uhero.org,Home - UHERO,UHERO,NZL,72,2792,2026-09-24T21:36:04.073036062Z,"['Alternate Protocol', 'Astra Theme', 'Contact Form Plugin', 'Content Delivery Network', 'EmbedPress', 'Express', 'Facebook Embedded Posts', 'Fastly', 'GZIP Module', 'GenerateBlocks', 'Google Analytics', 'Google Tag Manager', 'Harbor', 'Instagram Follow Button', 'Microdata for Google Shopping', 'PHP', 'Pagekit', 'Perl', 'Post Grid', 'Smart Slider 3', 'Smush Image Optimization', 'Theme In WP', 'UTF-8', 'Ultimate Addons for Gutenberg', 'University or College', 'WP Accessibility', 'WordPress', 'WordPress Multisite', 'WordPress Related Posts', 'YouTube', 'eLand', 'jQuery']"
dalog.net,Home - DALOG,DALOG,DEU,72,25373,2026-09-24T21:03:04.194659668Z,"['Alternate Protocol', 'Amazon WAF Blocked', 'Complianz', 'Content Delivery Network', 'DAV', 'Elementor', 'ElementsKit Elementor', 'EmbedPress', 'Google Tag Manager', 'Hello Elementor', 'HubSpot Conversations', 'HubSpot WordPress Plugin', 'Hubspot', 'Microdata for Google Shopping', 'Nginx', 'Polylang', 'SiteGround Optimizer', 'Sitelinks Search Box', 'UTF-8', 'Vector Internet Services', 'WP Accessibility', 'WordPress', 'WordPress Multisite', 'jQuery', 'jsDelivr']"
neoregonarts.org,"Northeast Oregon Arts Trail – Arts Walk in Baker, Union, & Wallowa Counties",,,55,15662,2026-09-24T18:44:42.678395789Z,"['Alternate Protocol', 'Column Shortcodes', 'Content Delivery Network', 'Contento', 'Elementor', 'EmbedPress', 'Fastly', 'GZIP Module', 'Google Analytics', 'Google Cloud DNS', 'Google Font API', 'Google Tag Manager', 'Instagram Follow Button', 'Kriesi.at', 'M247', 'Nginx', 'PHP', 'Site Kit', 'Theme In WP', 'UTF-8', 'WP Accessibility', 'WordPress', 'WordPress Multisite', 'jQuery']"
bowlsatburton.uk,"Burton & Puddington Bowls Club – Crown Green Bowls. Based at Gladstone Village Hall in Burton, Cheshire.",,,55,240,2026-09-24T18:12:48.15155064Z,"['Alternate Protocol', 'Corporate Governance and Regulatory Compliance', 'EmbedPress', 'GenerateBlocks', 'HostGator', 'Microsoft Azure', 'Microsoft IIS', 'Parallels Plesk Panel', 'UTF-8', 'Visual Studio', 'WP Accessibility', 'WordPress', 'WordPress Multisite', 'YouTube', 'YouTube Advanced by Embed Plus', 'jQuery']"
cleandental.net,Dentist in Mesquite TX 75150 | Dentist near me | Clean Dental,Clean Dental - Mesquite,USA,82,14592,2026-09-24T14:44:26.171791425Z,"['Adit Dental Software', 'Alternate Protocol', 'Apture Linking Platform', 'Bookform', 'Content Delivery Network', 'DocSend', 'EmbedPress', 'Engintron', 'Fastly', 'GTranslate', 'GZIP Module', 'Google Analytics', 'Google Cloud DNS', 'Google Customer Reviews', 'Google Maps', 'Google My Business', 'Google Tag Manager', 'IcoMoon', 'Instagram Follow Button', 'Lazy Load for WordPress', 'Microdata for Google Shopping', 'NFOrce Internet', 'Nginx', 'PHP', 'Tailwind CSS', 'Theme In WP', 'UTF-8', 'WP Accessibility', 'WP Rocket', 'WordPress', 'WordPress Multisite', 'jQuery']"
nakonhakaucc.ca,Nakonhaka Region 13 | Regional Council of The United Church of Canada,,,55,414,2026-09-24T14:02:49.542383356Z,"['Alternate Protocol', 'Aruba', 'Corporate Governance and Regulatory Compliance', 'Custom Facebook Feed', 'Divi', 'Elegant Themes', 'EmbedPress', 'Express', 'Font Awesome', 'Google', 'Google Analytics', 'Google Analytics Dashboard for WordPress', 'Google Cloud CDN', 'Google Cloud DNS', 'Google Font API', 'Google My Business', 'Google Tag Manager', 'Gravity', 'Gravity Forms', 'Instagram Follow Button', 'Nginx', 'PHP', 'The Events Calendar', 'Theme In WP', 'Twitter Ads', 'UTF-8', 'University or College', 'WP Accessibility', 'Woo Themes', 'WordPress', 'WordPress Multisite', 'YouTube', 'eLand', 'jQuery']"
hed-engineering.com,"Aircraft Service & Aviation Maintenance | HED Engineering,Athens,Greece","Aircraft Service & Aviation Maintenance | HED Engineering,Athens,Greece",USA,92,560,2026-09-24T13:19:07.507356859Z,"['Alternate Protocol', 'Boxzilla', 'Content Delivery Network', 'EmbedPress', 'GZIP Module', 'Google Analytics', 'Google Cloud DNS', 'Google Font API', 'Google My Business', 'Google Tag Manager', 'Instagram Follow Button', 'Microdata for Google Shopping', 'MonsterInsights', 'Nginx', 'PHP', 'Pagekit', 'Smush Image Optimization', 'Theme In WP', 'UTF-8', 'Visual Composer Ultimate Addons', 'WP Accessibility', 'WP Super Cache', 'WPBakery', 'Woo Themes', 'WordPress', 'WordPress Multisite', 'YouTube', 'jQuery']"
onehubcapfarm.com,"ONE HUBCAP FARM | Blythewood, SC – Locally grown cut flowers for florists, in bouquets, and in you-pick flower events",,,55,2101,2026-09-24T12:08:47.352312045Z,"['Alternate Protocol', 'Apache', 'Cloudflare', 'EmbedPress', 'Font Awesome', 'FreeCSSTemplates', 'GZIP Module', 'Google Cloud DNS', 'Google Font API', 'Google My Business', 'Google Related Website Sites', 'Jetpack', 'Jetpack Site Accelerator', 'PHP', 'Popup Builder', 'RM Education', 'Square', 'TablePress', 'Tailwind CSS', 'Theme In WP', 'UTF-8', 'WP Accessibility', 'WP Fastest Cache', 'WPForms', 'Woo Themes', 'WordPress', 'WordPress Multisite', 'WordPress Stats', 'YouTube', 'jQuery', 'reCAPTCHA']"
jadefarrar.com,Welcome! - Jade Farrar,,NZL,82,5645,2026-09-24T11:55:26.137283447Z,"['Adult Content', 'Alternate Protocol', 'Apache', 'Apple Auto Link Maker', 'Atomic Block', 'ChowNow', 'EmbedPress', 'Flat Icon', 'Font Awesome', 'GZIP Module', 'Google', 'Google Cloud DNS', 'Google Font API', 'Google My Business', 'Instagram Follow Button', 'Microdata for Google Shopping', 'Ninja Forms', 'PHP', 'Schema Plugin', 'Theme In WP', 'Twitter Ads', 'UTF-8', 'WP Accessibility', 'WordPress', 'WordPress Multisite', 'YouTube', 'jQuery', 'reCAPTCHA']"
m2design.gr,m2Design – Design Constructions,,USA,80,248,2026-09-24T06:32:40.065483363Z,"['Alternate Protocol', 'Elementor', 'EmbedPress', 'Google Analytics', 'Google My Business', 'Google Tag Manager', 'Hello Elementor', 'LiteSpeed', 'Ntent', 'PHP', 'Perl', 'Sign In With Google', 'Theme In WP', 'UTF-8', 'WP Accessibility', 'WP Super Cache', 'WordPress', 'WordPress Multisite', 'jQuery']"
tesorocdd.com,Tesoro CDD – Tesoro CDD,,,60,570,2026-09-24T04:51:03.570462329Z,"['Alternate Protocol', 'Apache', 'EmbedPress', 'Jupiter', 'LayerSlider Responsive', 'PHP', 'Theme In WP', 'UTF-8', 'UserWay', 'WP Accessibility', 'WPBakery', 'WordPress', 'WordPress Multisite', 'jQuery']"
breezeanimation.com,Breeze Animation | Your Partner for B2B Creative Content,Breeze Animation,GBR,87,18107,2026-09-24T02:14:53.467102144Z,"['AWS WAF Challenge', 'Alternate Protocol', 'Apache', 'Apture Linking Platform', 'Azion', 'Elementor', 'EmbedPress', 'GZIP Module', 'Google Analytics', 'Google Cloud DNS', 'Google Font API', 'Google Tag Manager', 'Hello Elementor', 'Instagram Follow Button', 'Lazy Load for WordPress', 'Microdata for Google Shopping', 'Microsoft Clarity', 'NFOrce Internet', 'PHP', 'Perl', 'QUIC', 'UTF-8', 'WP Accessibility', 'WP Rocket', 'WordPress', 'WordPress Multisite', 'YouTube', 'eLand', 'jQuery']"
kahlach.com,"AC Repair | Montgomery, TX | Kahl A/C, Heating & Refrigeration",,USA,77,22265,2026-09-23T23:23:43.794492898Z,"['AWS WAF Challenge', 'Alternate Protocol', 'Apture Linking Platform', 'Cloudflare', 'Content Delivery Network', 'DoubleClick Bid Manager', 'Elementor', 'EmbedPress', 'Facebook Reseller', 'Font Awesome', 'Google', 'Google Analytics', 'Google Cloud DNS', 'Google Font API', 'Google Maps', 'Google My Business', 'Google Related Website Sites', 'Google Tag Manager', 'Gravity', 'Gravity Forms', 'HappyAddons', 'Hello Elementor', 'Microdata for Google Shopping', 'NFOrce Internet', 'NitroPack', 'PHP', 'QUIC', 'Table Addons for Elementor', 'Theme In WP', 'To Top', 'TrustIndex', 'UTF-8', 'WP Accessibility', 'WP Engine', 'WordPress', 'WordPress Multisite', 'jQuery']"
knutsfordtowncouncil.gov.uk,Knutsford Town Council | Serving the Knutsford Community,,,55,251,2026-09-23T23:23:43.777632174Z,"['Alternate Protocol', 'Contact Form Plugin', 'EmbedPress', 'GZIP Module', 'Google', 'Google Analytics', 'Google Cloud DNS', 'Google Font API', 'Google Tag Manager', 'InitiativeS', 'Instagram Follow Button', 'Jetpack', 'Max Mega Menu', 'Max Mega Menu Pro', 'PHP', 'Site Kit', 'Slider Revolution', 'Theme In WP', 'Twitter Ads', 'UTF-8', 'W3 Total Cache', 'WP Accessibility', 'WPBakery', 'WoWonder', 'Woo Themes', 'WordPress', 'WordPress Multisite', 'jQuery']"
decarbonizepodcast.org,Decarbonize: The Clean Energy Podcast - Fresh Energy,Fresh Energy,,67,69297,2026-09-23T23:06:34.350894406Z,"['AWS WAF Challenge', 'Adobe Creative Cloud WebFonts', 'Alternate Protocol', 'Blackbaud', 'Cloudflare', 'Content Delivery Network', 'Cookie Accept', 'Cookie Notice', 'EmbedPress', 'EveryAction', 'Facebook Conversion Tracking', 'Facebook Login', 'Facebook Messenger Platform', 'Facebook Pixel', 'Facebook Reseller', 'Facebook Tag API', 'FormSubmit', 'Google Analytics', 'Google Tag Manager', 'IcoMoon', 'Instagram Follow Button', 'Jetpack', 'Microdata for Google Shopping', 'Monster', 'NGP VAN', 'OptinMonster', 'PHP', 'The Events Calendar', 'Theme In WP', 'Twenty Twenty-One', 'UTF-8', 'WP Accessibility', 'WP Engine', 'WordPress', 'WordPress Multisite', 'WordPress Related Posts', 'WordPress Stats', 'Yet Another Related Posts Plugin', 'YouTube', 'YouTube Advanced by Embed Plus', 'jQuery']"
sleeksmilestudio.com,"Dentist in Southampton, PA | Dentist Near Me | Sleek Smile Studio",Sleek Smile Studio,GBR,82,9384,2026-09-23T22:48:05.289650114Z,"['Adit Dental Software', 'Alternate Protocol', 'Apture Linking Platform', 'Bookform', 'Content Delivery Network', 'EmbedPress', 'Engintron', 'Fastly', 'GTranslate', 'GZIP Module', 'Google Analytics', 'Google Cloud DNS', 'Google Maps', 'Google My Business', 'Google Tag Manager', 'Instagram Follow Button', 'Lazy Load for WordPress', 'Microdata for Google Shopping', 'Nginx', 'PHP', 'UTF-8', 'WP Accessibility', 'WP Rocket', 'WordPress', 'WordPress Multisite', 'YouTube', 'jQuery']"
glennvillega.gov,Home - City of Glennville Georgia,City of Glennville Georgia,USA,82,3157,2026-09-23T20:04:32.842168537Z,"['Alternate Protocol', 'Angular', 'Apache', 'Contact Form Plugin', 'Easy Accordio', 'EmbedPress', 'GZIP Module', 'Google Analytics', 'Google Cloud DNS', 'Google Font API', 'Google My Business', 'Google Tag Manager', 'Max Mega Menu', 'Max Mega Menu Pro', 'Microdata for Google Shopping', 'Modern Events Calendar Lite', 'NFOrce Internet', 'PHP', 'Sitelinks Search Box', 'Twenty Twenty-Three', 'UTF-8', 'W3 Total Cache', 'WP Accessibility', 'WordPress', 'WordPress Multisite', 'jQuery', 'reCAPTCHA']"
webyes.com,WebYes - The complete website audit tool,WebYes,,67,10808,2026-09-23T19:19:09.491607201Z,"['Alternate Protocol', 'Apture Linking Platform', 'Bulma', 'CDN JS', 'Calendly', 'Cloudflare', 'Cloudflare CDN', 'CookieYes', 'DAV', 'EmbedPress', 'Font Awesome', 'Google', 'Google Analytics', 'Google Cloud DNS', 'Google Font API', 'Google Tag Manager', 'Hotjar', 'Instagram Follow Button', 'Intercom', 'Metronet Profile Picture', 'Microdata for Google Shopping', 'Microsoft Clarity', 'PHP', 'QUIC', 'Tailwind CSS', 'Theme In WP', 'Tidio', 'UTF-8', 'WP Accessibility', 'WP Rocket', 'WordPress', 'WordPress Multisite', 'YouTube', 'jQuery', 'jsDelivr']"
profusionindustries.com,ProFusion Industries | Flexible PVC Sheet & Film Manufacturer,ProFusion Industries,,72,21065,2026-09-23T18:55:33.656956151Z,"['AWS WAF Challenge', 'Alternate Protocol', 'Apture Linking Platform', 'Astra Theme', 'Cloudflare', 'Content Delivery Network', 'Cybot', 'Elementor', 'EmbedPress', 'Google', 'Google Analytics', 'Google Cloud DNS', 'Google Font API', 'Google Tag Manager', 'Microdata for Google Shopping', 'NFOrce Internet', 'PHP', 'QUIC', 'Theme In WP', 'UTF-8', 'WP Accessibility', 'WP Engine', 'WP Rocket', 'Woo Themes', 'WordPress', 'WordPress Multisite', 'WordPress Related Posts', 'jQuery']"
representingyourselfcanada.com,NSRLP – Representing Yourself Canada,,GBR,70,16335,2026-09-23T17:56:35.757926072Z,"['Alternate Protocol', 'Amazon WAF Blocked', 'Anti-spam for WordPress', 'CleanTalk Spam Protect', 'Crowdsignal', 'DAV', 'EmbedPress', 'Fireblade', 'GZIP Module', 'Google Analytics', 'Google Cloud DNS', 'Google Font API', 'Google My Business', 'Google Tag Manager', 'Instagram Follow Button', 'Jetpack', 'MonsterInsights', 'Nginx', 'PHP', 'QUIC', 'Quform', 'Telegram', 'Theme In WP', 'Twitter Ads', 'UTF-8', 'WP Accessibility', 'WPBakery', 'WhatsApp Sharing', 'Woo Themes', 'WooFramework', 'WordPress', 'WordPress Multisite', 'WordPress Stats', 'XTemos Studio', 'YouTube', 'jQuery']"
kirmington-croxton-parishcouncil.gov.uk,"An introduction to the council, Parish Notices and village information",,CAN,65,18745,2026-09-23T17:50:50.201221318Z,"['Alternate Protocol', 'Divi', 'Elegant Themes', 'EmbedPress', 'Font Awesome', 'Google Cloud DNS', 'Google Font API', 'Google My Business', 'Nginx', 'On The Map', 'PHP', 'Parallels Plesk Panel', 'Perl', 'Theme In WP', 'UTF-8', 'University or College', 'WP Accessibility', 'Woo Themes', 'WordPress', 'WordPress Multisite', 'jQuery']"
keswicktowncouncil.gov.uk,Home - Keswick Town Council,Keswick Town Council,,65,26587,2026-09-23T17:28:07.465155336Z,"['Alternate Protocol', 'Apache', 'Complianz', 'Contact Form Plugin', 'Contento', 'Corporate Governance and Regulatory Compliance', 'EmbedPress', 'Google Cloud DNS', 'Google Font API', 'Google My Business', 'Impreza', 'Microdata for Google Shopping', 'PHP', 'PWA', 'QUIC', 'Slider Revolution', 'Theme In WP', 'UTF-8', 'WP Accessibility', 'WPBakery', 'WordPress', 'WordPress Multisite', 'jQuery', 'reCAPTCHA']"
ivervillageresidents.co.uk,Home - Iver Village Residents Association,Iver Village Residents' Association,SYC,77,21584,2026-09-23T16:16:27.167910565Z,"['AWS WAF Challenge', 'Alternate Protocol', 'Cloudflare', 'Cloudflare CDN', 'Elementor', 'EmbedPress', 'Event Tickets for Wordpress', 'Favorites for WordPress', 'Flat Icon', 'Freepik', 'GiveWP', 'Google', 'Google Analytics', 'Google Cloud DNS', 'Google Font API', 'Google My Business', 'Google Tag Manager', 'Gravity Forms', 'Hive.co', 'Microdata for Google Shopping', 'MonsterInsights', 'NFOrce Internet', 'PHP', 'Perl', 'QUIC', 'Stripe', 'The Events Calendar', 'Theme In WP', 'UTF-8', 'WP Accessibility', 'WP Polls', 'WP Statistics', 'WPForms', 'Woo Themes', 'WooCommerce', 'WooCommerce Checkout', 'WooCommerce Stripe Payment Gateway', 'WordPress', 'WordPress Multisite', 'jQuery']"
redhooklibrary.org,Red Hook Public Library,,USA,65,19310,2026-09-23T14:16:42.444929602Z,"['AWS WAF Challenge', 'Alternate Protocol', 'Astra Theme', 'Cloudflare', 'Cloudflare CDN', 'Content Delivery Network', 'EmbedPress', 'Font Awesome', 'Google', 'Google Analytics', 'Google My Business', 'Google Tag Manager', 'IcoMoon', 'Instagram Follow Button', 'PHP', 'Site Kit', 'Theme In WP', 'UTF-8', 'WP Accessibility', 'WP Engine', 'WordPress', 'WordPress Multisite', 'WordPress Related Posts', 'YouTube', 'jQuery']"
portmanteau.com,Portmanteau – Coming Together Working Together Succeeding Together,,,55,443,2026-09-23T13:12:35.23115004Z,"['AWS WAF Challenge', 'Alternate Protocol', 'Content Delivery Network', 'EmbedPress', 'GZIP Module', 'Genesis Blocks', 'Google Cloud DNS', 'Google Font API', 'Google Maps', 'Google My Business', 'Nginx', 'PHP', 'Tailwind CSS', 'Theme In WP', 'To Top', 'UTF-8', 'WP Accessibility', 'WP Engine', 'WordPress', 'WordPress Multisite', 'jQuery']"
cfosolutions.com,CFO Solutions – CFO Solutions,,,60,1100,2026-09-23T12:59:23.12944923Z,"['Alternate Protocol', 'Apture Linking Platform', 'BambooHR', 'BetterDocs', 'Content Delivery Network', 'Cybot', 'Download Monitor', 'Elegant Themes', 'EmbedPress', 'Express', 'GZIP Module', 'Google Analytics', 'Google Cloud DNS', 'Google Font API', 'Google Tag Manager', 'HubSpot Conversations', 'HubSpot WordPress Plugin', 'Hubspot', 'InitiativeS', 'Instagram Follow Button', 'Nginx', 'Oracle Cloud', 'PHP', 'QUIC', 'Theme In WP', 'Twitter Ads', 'UTF-8', 'WP Accessibility', 'WP Engine', 'WPML Multilingual', 'Woo Themes', 'WordPress', 'WordPress Multisite', 'jQuery', 'wpDataTables']"
mardler.org.uk,The Mardler Talking Newspaper – delivering the North Norfolk News in audio format to those with difficulties accessing printed media,,USA,70,1856,2026-09-23T12:28:54.285190185Z,"['Alternate Protocol', 'Contact Form Plugin', 'DAV', 'EmbedPress', 'Financial Services Guide', 'Google Cloud DNS', 'Google Font API', 'Google My Business', 'IcoMoon', 'Meta Slider for WordPress', 'PHP', 'Theme In WP', 'UTF-8', 'WP Accessibility', 'WordPress', 'WordPress Multisite', 'jQuery', 'reCAPTCHA']"
fabrikas.gr,Home Page - FABRIKA'S,,GRC,70,4105,2026-09-23T07:42:14.794944134Z,"['Alternate Protocol', 'Apache', 'Contact Form Plugin', 'Divi', 'Elegant Themes', 'EmbedPress', 'Facebook Pixel', 'Font Awesome', 'GDPR Cookie Compliance', 'GZIP Module', 'Google', 'Google Analytics', 'Google Cloud CDN', 'Google Cloud DNS', 'Google Font API', 'Google Maps', 'Google My Business', 'Google Tag Manager', 'Microdata for Google Shopping', 'PHP', 'Theme In WP', 'UTF-8', 'WP Accessibility', 'Woo Themes', 'WordPress', 'WordPress Multisite', 'jQuery', 'reCAPTCHA']"
roaesthetics.com,"Leading Medical Spa In Salt Lake City, UT | RO Aesthetics",RO Aesthetics,USA,82,64372,2026-09-23T06:20:41.892371452Z,"['Alternate Protocol', 'Apture Linking Platform', 'BunnyCDN', 'BunnyCDN General', 'Complianz', 'Content Delivery Network', 'Elementor', 'EmbedPress', 'Google Analytics', 'Google Maps', 'Google My Business', 'Google Related Website Sites', 'Google Tag Manager', 'Hello Elementor', 'Instagram Follow Button', 'Microdata for Google Shopping', 'NFOrce Internet', 'Nginx', 'PHP', 'Perl', 'Podium', 'SMC', 'Sitelinks Search Box', 'Smart Slider 3', 'Table Addons for Elementor', 'The Plus Addons for Elementor', 'Theme In WP', 'UTF-8', 'Vagaro', 'Vimeo', 'WP Accessibility', 'WP Portfolio Astra', 'WordPress', 'WordPress Multisite', 'Yelp Badge', 'accessiBe', 'jQuery']"
carrouseltravel.com,Home,Carrousel Travel,USA,80,113270,2026-09-23T05:05:11.915646567Z,"['AWS WAF Challenge', 'Alternate Protocol', 'Beaver Builder Lite', 'Cloudflare', 'Cloudflare CDN', 'Content Delivery Network', 'Contento', 'DAV', 'EmbedPress', 'Google', 'Google Analytics', 'Google Cloud DNS', 'Google Font API', 'Google My Business', 'Google Tag Manager', 'Instagram Follow Button', 'KVH', 'Microdata for Google Shopping', 'MonsterInsights', 'PHP', 'SMC', 'Smart Slider 3', 'Sucuri Cloudproxy', 'Theme In WP', 'Twitter Ads', 'UTF-8', 'WP Accessibility', 'WordPress', 'WordPress Multisite', 'YouTube', 'eLand', 'jQuery']"
worksourcerogue.org,"WorkSource Rogue Valley – Support for Job Seekers, Employers, Youth and Childcare – Jackson and Josephine County's home of WorkSource Oregon, The Job Council, Oregon Employment Department, and American Job Center",,,62,4813,2026-09-22T21:33:31.040124826Z,"['Alternate Protocol', 'Apache', 'Candid Themes', 'Embed Any Document', 'EmbedPress', 'Emitrr', 'Facebook Embedded Posts', 'Facebook Login', 'Facebook Messenger Platform', 'Facebook Reseller', 'Fontello', 'GZIP Module', 'Google Analytics', 'Google Cloud DNS', 'Google Font API', 'Google Tag Manager', 'Gtranslate for Wordpress', 'PHP', 'QUIC', 'Smartsheet', 'The Events Calendar', 'Theme In WP', 'Twitter Ads', 'UTF-8', 'Vimeo', 'WP Accessibility', 'WPBakery', 'Woo Themes', 'WordPress', 'WordPress Multisite', 'jQuery']"
coletaambiental.com.br,"Waste Collection, Management, Transportation, and Specialized Cleaning",Waste Management Collection - Waste Collection,BRA,70,29566,2026-09-22T21:22:18.456890681Z,"['Akismet', 'Alternate Protocol', 'Apache', 'Better Lead Generation Services', 'Contact Form Plugin', 'Contento', 'EmbedPress', 'GZIP Module', 'Google Cloud DNS', 'Google Font API', 'Google My Business', 'Impreza', 'Instagram Follow Button', 'Microdata for Google Shopping', 'PHP', 'Perl', 'QuadLayers', 'Slider Revolution', 'Theme In WP', 'UTF-8', 'WP Accessibility', 'WPBakery', 'Weglot', 'Woo Themes', 'WooCommerce Checkout', 'WordPress', 'WordPress Multisite', 'jQuery', 'reCAPTCHA']"
kendalphysio.co.uk,Home - Kendal Physio & Well-Being Centre,,,82,75848,2026-09-22T19:22:21.090333404Z,"['Adult Content', 'Alternate Protocol', 'Astra Theme', 'Calendly', 'Cliniko', 'Content Delivery Network', 'DirectTrack', 'Elementor', 'EmbedPress', 'Express', 'Fastly', 'Fireblade', 'Font Awesome', 'GZIP Module', 'Google', 'Google Analytics', 'Google Cloud DNS', 'Google Font API', 'Google My Business', 'Google Related Website Sites', 'Google Tag Manager', 'HMDG', 'Instagram Follow Button', 'Jane App', 'Microdata for Google Shopping', 'NFOrce Internet', 'PHP', 'Phorest', 'PracSuite', 'QUIC', 'Sitelinks Search Box', 'Theme In WP', 'Timely', 'TrustIndex', 'Twitter Ads', 'UTF-8', 'WP Accessibility', 'Woo Themes', 'WordPress', 'WordPress Multisite', 'WordPress Related Posts', 'YouCanBookMe', 'jQuery']"
anima-yacht.com,Anima Yacht,,GRC,70,259,2026-09-22T19:02:53.301107034Z,"['Alternate Protocol', 'EmbedPress', 'GZIP Module', 'Google My Business', 'Nginx', 'PHP', 'Theme In WP', 'UTF-8', 'WP Accessibility', 'WP Super Cache', 'WordPress', 'WordPress Multisite', 'YooTheme']"
gminalidzbark.com,Gmina Lidzbark – Oficjalna strona Gminy Lidzbark Warmiński,,,50,300,2026-09-22T15:55:05.996030716Z,"['Alternate Protocol', 'Apture Linking Platform', 'Contact Form Plugin', 'Cookie Accept', 'Cookie Notice', 'EmbedPress', 'Font Awesome', 'GTranslate', 'Google My Business', 'Instagram Follow Button', 'LiteSpeed', 'PHP', 'Polylang', 'Recent Posts Widget With Thumbnails', 'Shield Security for Wordpress', 'Theme In WP', 'ThemeFusion', 'UTF-8', 'WP Accessibility', 'WordPress', 'WordPress Multisite', 'YouTube', 'jQuery']"
eastcoastcompounding.pharmacy,"| East Coast Compounding Pharmacy | Personalized Medication | Request Appointments Online in Jacksonville, FL.",,USA,87,36514,2026-09-22T14:38:20.55668504Z,"['AJAX Libraries API', 'Alternate Protocol', 'Amazon WAF Blocked', 'Cloudflare', 'Content Delivery Network', 'DOCTOR Multimedia', 'EmbedPress', 'GoDaddy', 'Google Analytics', 'Google Cloud DNS', 'Google Font API', 'Google Tag Manager', 'Gravity', 'Gravity Forms', 'Harbor', 'Microdata for Google Shopping', 'Ntent', 'PHP', 'Schema Plugin', 'Thank You', 'Theme In WP', 'TrustIndex', 'UTF-8', 'W3 Total Cache', 'WP Accessibility', 'Wangsu', 'Woo Themes', 'WordPress', 'WordPress Multisite', 'WordPress Related Posts', 'jQuery']"
operacaffe.com,Authentic Italian Restaurant in San Diego | Opera Caffe,Opera Caffe,USA,77,7350,2026-09-22T12:34:26.800306542Z,"['Alternate Protocol', 'Apture Linking Platform', 'Content Delivery Network', 'Divi', 'Elegant Themes', 'EmbedPress', 'Font Awesome', 'Google', 'Google Analytics', 'Google Cloud CDN', 'Google Cloud DNS', 'Google Font API', 'Google My Business', 'Google Tag Manager', 'Gravity', 'Gravity Forms', 'Microdata for Google Shopping', 'Nginx', 'OpenTable', 'PHP', 'Perl', 'Pico CSS', 'Theme In WP', 'UTF-8', 'WP Accessibility', 'WP Rocket', 'WebToffee GDPR Plugin', 'Woo Themes', 'WordPress', 'WordPress Multisite', 'eLand', 'hCaptcha', 'hCaptcha for WordPress', 'jQuery']"
hinaturalhealing.com,Elevate Health | Naturopathic Care & Cancer Support Honolulu,,,72,2738,2026-09-22T12:00:28.220126768Z,"['Add to Any', 'Alternate Protocol', 'Apache', 'EmbedPress', 'Fullscript', 'GZIP Module', 'Google', 'Google Analytics', 'Google Cloud CDN', 'Google My Business', 'Google Tag Manager', 'Instagram Follow Button', 'Microdata for Google Shopping', 'MonsterInsights', 'PHP', 'Square', 'Theme In WP', 'Ultra', 'WP Accessibility', 'WordPress', 'WordPress Multisite', 'jQuery']"
rnks.org,"Welcome To Rajasthan Netraheen Kalyan Sangh, Jaipur. Empowering blind and visually chalanged from glorious 50 years.",,IND,70,2695,2026-09-22T11:46:07.170952382Z,"['Alternate Protocol', 'Apache', 'Contact Form Plugin', 'EmbedPress', 'Essential Grid', 'Google Cloud DNS', 'Google Font API', 'Google My Business', 'Google Related Website Sites', 'IcoMoon', 'PHP', 'QUIC', 'Slider Revolution', 'Theme In WP', 'UTF-8', 'WP Accessibility', 'WPBakery', 'Woo Themes', 'WooCommerce Checkout', 'WordPress', 'WordPress Multisite', 'YouTube', 'jQuery', 'reCAPTCHA']"
hampdenhillspostacute.com,"Hampden Hills Post Acute – Nursing Home, Physical Therapy, Healthcare – Aurora, CO",,USA,70,40482,2026-09-22T11:09:37.968600631Z,"['Alternate Protocol', 'Amazon WAF Blocked', 'Anti-spam for WordPress', 'Apache', 'CleanTalk Spam Protect', 'Column Shortcodes', 'Contento', 'EmbedPress', 'Fireblade', 'GZIP Module', 'Google Analytics', 'Google Cloud DNS', 'Google Font API', 'Google My Business', 'Google Tag Manager', 'Jetpack', 'Kriesi.at', 'PHP', 'Theme In WP', 'UTF-8', 'WP Accessibility', 'WordPress', 'WordPress Multisite', 'WordPress Stats', 'jQuery']"
vicariadvisory.com,Vicari Advisory,,,60,493,2026-09-22T09:10:20.031488514Z,"['AWS WAF Challenge', 'Advisory Board', 'Alternate Protocol', 'Amazon WAF Blocked', 'Aruba', 'EmbedPress', 'GZIP Module', 'Google', 'Google Analytics', 'Google Cloud DNS', 'Google Font API', 'Google My Business', 'Google Tag Manager', 'Gravity', 'Gravity Forms', 'IcoMoon', 'Microdata for Google Shopping', 'Nginx', 'PHP', 'Site Kit', 'Tailwind CSS', 'Theme In WP', 'UTF-8', 'W3 Total Cache', 'WP Accessibility', 'WordPress', 'WordPress Multisite', 'eLand', 'jQuery', 'reCAPTCHA']"
sunriverroofing.com,Roofing Services in Northern California,Sunriver Roofing,USA,82,15170,2026-09-22T09:05:19.006244354Z,"['Alternate Protocol', 'Apache', 'Contact Form Plugin', 'DAV', 'EmbedPress', 'Fireblade', 'Font Awesome', 'GZIP Module', 'Google Analytics', 'Google My Business', 'Google Tag Manager', 'Microdata for Google Shopping', 'PHP', 'ThemeFusion', 'UTF-8', 'WP Accessibility', 'WP Fastest Cache', 'WordPress', 'WordPress Multisite']"
seniorhousingoptions.org,Home - Senior Housing Options,Senior Housing Options,USA,82,7301,2026-09-22T06:21:34.856113639Z,"['501c3 Status Nonprofit', 'Alternate Protocol', 'Barchart', 'CDN JS', 'Cloudflare', 'Cloudflare CDN', 'Contact Form Plugin', 'Content Delivery Network', 'DAV', 'EmbedPress', 'Font Awesome', 'FreeBSD', 'GZIP Module', 'Google Analytics', 'Google Cloud DNS', 'Google Font API', 'Google Maps', 'Google My Business', 'Google Tag Manager', 'Gravity Forms', 'IcoMoon', 'Instagram Follow Button', 'Microdata for Google Shopping', 'Neighborhoods', 'Nginx', 'PHP', 'Python', 'Theme In WP', 'Twitter Ads', 'UTF-8', 'University or College', 'WP Accessibility', 'WP Engine', 'WP Mobile Menu', 'WPBakery', 'Woo Themes', 'WordPress', 'WordPress Multisite', 'YouTube', 'jQuery']"
endnativeoverdose.org,End Native Overdose - End Native Overdose,,USA,75,72407,2026-09-22T05:45:09.58130115Z,"['501c3 Status Nonprofit', 'Adult Content', 'Alternate Protocol', 'Apache', 'CDN JS', 'Cloudflare', 'Cloudflare CDN', 'Content Delivery Network', 'Divi', 'Elegant Themes', 'EmbedPress', 'Fireblade', 'GiveWP', 'Google Cloud DNS', 'Google Font API', 'Gravity', 'Instagram Feed for WordPress', 'Instagram Follow Button', 'LiteSpeed', 'Microdata for Google Shopping', 'NFOrce Internet', 'PHP', 'Perl', 'SMC', 'Subversion', 'Supreme Modules Lite', 'The Events Calendar', 'Theme In WP', 'UTF-8', 'University or College', 'Vector Internet Services', 'WP Accessibility', 'WP PageNavi', 'WP Statistics', 'Woo Themes', 'WordPress', 'WordPress Multisite', 'eLand', 'jQuery']"
computerdochawaii.com,Mobile Computer Doctor,"Mobile Computer Doctor, Inc",,77,17933,2026-09-22T05:28:31.846277601Z,"['501c3 Status Nonprofit', 'AWS WAF Challenge', 'Alternate Protocol', 'Cloudflare', 'Content Delivery Network', 'EmbedPress', 'Facebook Login', 'Facebook Messenger Platform', 'Facebook Reseller', 'Google Analytics', 'Google Cloud DNS', 'Google Font API', 'Google Related Website Sites', 'Google Tag Manager', 'Microdata for Google Shopping', 'PHP', 'StudioPress', 'Theme In WP', 'UTF-8', 'WP Accessibility', 'WP Engine', 'WordPress', 'WordPress Multisite', 'jQuery']"
robbins-realestate.com,Robbins and Associates - Robbins and Associates Realty Inc,Robbins and Associates Realty Inc,USA,82,52761,2026-09-22T05:28:31.82126093Z,"['AWS WAF Challenge', 'Alternate Protocol', 'Automattic', 'BatCache', 'Cloudflare', 'Cloudflare CDN', 'Content Delivery Network', 'Cornerstone', 'DAV', 'EmbedPress', 'Fastly', 'Genesis Blocks', 'Google', 'Google Analytics', 'Google Cloud DNS', 'Google Font API', 'Google My Business', 'Google Tag Manager', 'Gutenberg', 'IDX Broker', 'IDXBroker', 'Investor Relations', 'Jetpack', 'Jetpack Site Accelerator', 'Meta Slider for WordPress', 'Microdata for Google Shopping', 'Nginx', 'PHP', 'Perl', 'Popup Maker for Wordpress', 'Schema Plugin', 'Smart Slider 3', 'The Fresh', 'UTF-8', 'University or College', 'WP Accessibility', 'WordPress', 'WordPress Multisite', 'WordPress Stats', 'eLand', 'jQuery']"
windhamlibrary.org,Windham Public Library,,GBR,80,16416,2026-09-22T02:37:45.036393881Z,"['AWS WAF Challenge', 'Alternate Protocol', 'Cloudflare', 'Content Delivery Network', 'EmbedPress', 'Google Analytics', 'Google Tag Manager', 'Max Mega Menu', 'Max Mega Menu Pro', 'My Calendar', 'PHP', 'QUIC', 'Theme In WP', 'UTF-8', 'WP Accessibility', 'WP Engine', 'WordPress', 'WordPress Multisite', 'jQuery']"
andyouthinkyouretheexpert.com.au,Home page - And you think you're the expert,WWILD,AUS,70,2782,2026-09-22T02:23:07.741136224Z,"['Alternate Protocol', 'Divi', 'Elegant Themes', 'EmbedPress', 'Google', 'Google Cloud CDN', 'Google Cloud DNS', 'Google Font API', 'Koko Analytics', 'LiteSpeed', 'Microdata for Google Shopping', 'PHP', 'Pagekit', 'Smush Image Optimization', 'Theme In WP', 'UTF-8', 'WP Accessibility', 'Woo Themes', 'WordPress', 'WordPress Multisite', 'jQuery', 'jsDelivr']"
jrsviewhotel.com,Jerusalem View Hotel – Explore Jerusalem through your stay with us..,,ISR,62,638,2026-09-22T00:43:46.056992123Z,"['Alternate Protocol', 'Apache', 'EmbedPress', 'Font Awesome', 'GZIP Module', 'IcoMoon', 'Instagram Follow Button', 'Neighborhoods', 'PHP', 'ThemeFusion', 'UTF-8', 'WP Accessibility', 'WordPress', 'WordPress Multisite', 'jQuery']"
bletchingdon-pc.org.uk,Bletchingdon Village – Oxfordshire,,GBR,87,1711,2026-09-22T00:14:43.436782653Z,"['All-in-One Event Calendar for WordPress', 'Alternate Protocol', 'Angular', 'Apache', 'Content Delivery Network', 'EmbedPress', 'GZIP Module', 'Google Analytics', 'Google Cloud DNS', 'Google Font API', 'Google My Business', 'Google Tag Manager', 'Magazine Pro', 'PHP', 'Simple Social Icons', 'Soliloquy for WordPress', 'StudioPress', 'Theme In WP', 'UTF-8', 'WP Accessibility', 'WordPress', 'WordPress Multisite', 'jQuery']"
iolidabeach.gr,"Iolida Beach Hotel - Holiday Resort in Agia Marina, Chania",,GRC,77,22346,2026-09-21T23:56:09.651830447Z,"['Alternate Protocol', 'Amazon WAF Blocked', 'Column Shortcodes', 'Contact Form Plugin', 'Elementor', 'EmbedPress', 'Google Analytics', 'Google My Business', 'Google Related Website Sites', 'Google Tag Manager', 'Instagram Follow Button', 'KVH', 'LiteSpeed', 'Microdata for Google Shopping', 'PHP', 'Theme In WP', 'WP Accessibility', 'WP Fastest Cache', 'WPML Multilingual', 'Woo Themes', 'WordPress', 'WordPress Multisite', 'jQuery', 'reCAPTCHA']"
santxotena.com,Santxotena Museum | (Castellano) Parque y Taller Museo Santxotena,,,60,354,2026-09-21T22:08:31.433210594Z,"['Ajax Search Lite', 'Alternate Protocol', 'Apache', 'Contact Form Plugin', 'EmbedPress', 'Express', 'Font Awesome', 'GZIP Module', 'Google', 'Google Cloud DNS', 'Google Font API', 'Google My Business', 'IcoMoon', 'Instagram Follow Button', 'Jetpack', 'LayerSlider Responsive', 'PHP', 'Photo Gallery for WordPress', 'QUIC', 'Theme In WP', 'Twitter Ads', 'UTF-8', 'WP Accessibility', 'WP Statistics', 'WP Super Cache', 'WordPress', 'WordPress Multisite', 'YouTube', 'jQuery', 'qTranslate', 'reCAPTCHA']"
ericksonlab.org,"Erickson Lab@Cornell University – Global and Mobile Health, Point-of-Care Diagnostics, Nutrition, Microfluidics and Photonics",,,50,120,2026-09-21T22:08:31.43307469Z,"['Adobe Creative Cloud WebFonts', 'Alternate Protocol', 'Content Delivery Network', 'DAV', 'EmbedPress', 'GZIP Module', 'Google Analytics', 'Google Tag Manager', 'OpenResty', 'PHP', 'Theme In WP', 'Twitter Ads', 'UTF-8', 'University or College', 'WP Accessibility', 'WordPress', 'WordPress Multisite', 'jQuery']"
hanggeuppe.com,Hangge Uppe | Chicago's Best Dive Club | Dance The Night Away,,USA,65,5248,2026-09-21T20:54:12.102844843Z,"['Alternate Protocol', 'CDN JS', 'Cloudflare', 'Cloudflare CDN', 'Contact Form Plugin', 'EmbedPress', 'Font Awesome', 'Google My Business', 'Instagram Follow Button', 'Nginx', 'PHP', 'Parallels Plesk Panel', 'Tailwind CSS', 'Theme In WP', 'Tock', 'Twitter Ads', 'UTF-8', 'Vue.js', 'WP Accessibility', 'WordPress', 'WordPress Multisite', 'jQuery', 'reCAPTCHA']"
chikakopowers.com,Chikako Hoshino-Powers | Massage | Avery Readings,,GBR,72,1062,2026-09-21T19:45:21.906949532Z,"['Alternate Protocol', 'Apache', 'EmbedPress', 'FreeCSSTemplates', 'GZIP Module', 'Google Cloud DNS', 'Google Font API', 'PHP', 'Simple Share Buttons Adder', 'Smart Slider 3', 'StudioPress', 'Theme In WP', 'UTF-8', 'WP Accessibility', 'WP Super Cache', 'WordPress', 'WordPress Multisite', 'eLand', 'jQuery']"
elyhakimian.com,Home - Ely Hakimian Realty,,USA,72,10929,2026-09-21T19:45:21.886561617Z,"['Alternate Protocol', 'Apache', 'BLR', 'EmbedPress', 'Font Awesome', 'GZIP Module', 'Google Analytics', 'Google Related Website Sites', 'Google Tag Manager', 'Microdata for Google Shopping', 'Neighborhoods', 'PHP', 'Site Kit', 'Slider Revolution', 'Theme In WP', 'ThemeFusion', 'Tumblr', 'UTF-8', 'WP Accessibility', 'WP jQuery Lightbox', 'WhatsApp Sharing', 'WordPress', 'WordPress Multisite', 'jQuery']"
featherriverkd.com,Pediatric Dentist in Yuba City | Pediatric Dentist Near You,,USA,82,31984,2026-09-21T15:40:19.951596138Z,"['Adit Dental Software', 'Alternate Protocol', 'Amazon WAF Blocked', 'Apache', 'Apture Linking Platform', 'Bookform', 'Contento', 'EmbedPress', 'GTranslate', 'GZIP Module', 'Google Analytics', 'Google Cloud DNS', 'Google Maps', 'Google My Business', 'Google Tag Manager', 'Lazy Load for WordPress', 'Microdata for Google Shopping', 'PHP', 'Theme In WP', 'UTF-8', 'WP Accessibility', 'WP Rocket', 'WordPress', 'WordPress Multisite', 'jQuery']"
balancefitnesscr.com,Balance Fitness | Castle Rock Gym | Open 24/7,,,62,391214,2026-09-21T15:14:50.156208362Z,"['AWS WAF Challenge', 'Adpushup', 'Alibaba Cloud CDN', 'Alternate Protocol', 'Amped', 'AnyChat', 'Apache', 'Baidu Cloud', 'Bazaarvoice', 'Beaver Builder Lite', 'Cloudflare', 'Cloudflare CDN', 'Content Square', 'Contento', 'DC74', 'EmbedPress', 'Facebook Login', 'Facebook Messenger Platform', 'Facebook Pixel', 'Facebook Reseller', 'Formstack', 'GZIP Module', 'GetResponse', 'GoDaddy', 'Google', 'Google Cloud CDN', 'Google Cloud DNS', 'Google Font API', 'Google My Business', 'Gravity', 'Gravity Forms', 'Instagram Follow Button', 'Jetpack', 'Koko Analytics', 'Mailjet Widget', 'Media.net', 'Microdata for Google Shopping', 'Oracle Cloud', 'PHP', 'ReviewsOnMyWebsite', 'Salesforce Hosted', 'Schema Plugin', 'Seflow Italy', 'Sourcepoint', 'Taboola Direct', 'Theme In WP', 'UTF-8', 'Vercel', 'WP Accessibility', 'Wangsu', 'Website Tonight', 'WordPress', 'WordPress Multisite', 'WordPress Stats', 'Yandex Hosting', 'arsys.es', 'jQuery', 'reCAPTCHA']"
farpointdev.com,Farpoint Development – we do more than build buildings. | Farpoint,Farpoint,,82,17991,2026-09-21T13:59:11.427401847Z,"['AJAX Libraries API', 'AWS WAF Challenge', 'Adobe Creative Cloud WebFonts', 'Alibaba Cloud CDN', 'Alternate Protocol', 'Content Delivery Network', 'Elementor', 'EmbedPress', 'GoDaddy', 'Google Analytics', 'Google Cloud DNS', 'Google Tag Manager', 'Hello Elementor', 'Instagram Follow Button', 'JetElements', 'LinkedIn Insights', 'LinkedIn Pixel', 'Microdata for Google Shopping', 'NFOrce Internet', 'Neighborhoods', 'Sucuri Cloudproxy', 'Table Addons for Elementor', 'UTF-8', 'WP Accessibility', 'WordPress', 'WordPress Multisite', 'jQuery']"
barringtondentalwellnesscenter.com,Dentist In Barrington IL 60010 | Dental Office Near Me,,USA,82,31196,2026-09-21T13:07:07.336434111Z,"['Adit Dental Software', 'Alternate Protocol', 'Amazon WAF Blocked', 'Apache', 'Apture Linking Platform', 'Cloudflare', 'Cloudflare Web Analytics', 'Contento', 'EmbedPress', 'GZIP Module', 'Google Analytics', 'Google Cloud DNS', 'Google Font API', 'Google Maps', 'Google My Business', 'Google Tag Manager', 'Lazy Load for WordPress', 'Microdata for Google Shopping', 'PHP', 'Theme In WP', 'UTF-8', 'University or College', 'WP Accessibility', 'WP Rocket', 'WordPress', 'WordPress Multisite', 'YouTube', 'jQuery']"
rmtcancernetwork.org,"Rose M Turknett Cancer Network Inc | Support, Strength, & Hope",Rose M Turknett Cancer Network Inc,USA,77,42820,2026-09-21T12:59:15.431460146Z,"['AWS WAF Challenge', 'Alternate Protocol', 'Beaver Builder Lite', 'Content Delivery Network', 'Contento', 'EmbedPress', 'GZIP Module', 'Google', 'Google Cloud DNS', 'Google Font API', 'InitiativeS', 'Instagram Follow Button', 'Microdata for Google Shopping', 'Nginx', 'PHP', 'Perl', 'Schema Plugin', 'Sitelinks Search Box', 'The Events Calendar', 'Theme In WP', 'UTF-8', 'WP Accessibility', 'WordPress', 'WordPress Multisite', 'jQuery']"
tawanipropertymanagement.com,Best Property Management Company in Chicago I TAWANI,TAWANI Property Management Chicago,USA,77,16042,2026-09-21T11:58:33.875869232Z,"['Alternate Protocol', 'Ametys', 'Constant Contact Wordpress Forms', 'CookieYes', 'Corporate Governance and Regulatory Compliance', 'EmbedPress', 'Fireblade', 'Font Awesome', 'Google Analytics', 'Google Tag Manager', 'Instagram Follow Button', 'Microdata for Google Shopping', 'Newsletter for Wordpress', 'Nginx', 'PHP', 'Perl', 'Sitelinks Search Box', 'ThemeFusion', 'UTF-8', 'WP Accessibility', 'WordPress', 'WordPress Multisite', 'jQuery']"
ran125.com.au,RAN125,,USA,75,31749,2026-09-21T08:22:41.566257302Z,"['3D FlipBook', 'AJAX Libraries API', 'AWS WAF Challenge', 'Alternate Protocol', 'Angular', 'Cloudflare', 'Content Delivery Network', 'DAV', 'Elementor', 'EmbedPress', 'Fireblade', 'FormSubmit', 'GitHub Hosting', 'Google Cloud DNS', 'Oxygen', 'Oxygen Builder', 'QUIC', 'UTF-8', 'WP Accessibility', 'WP Engine', 'WordPress', 'WordPress Multisite', 'jQuery']"
festival.pl,Międzynarodowy Festiwal Chopinowski w Dusznikach-Zdroju,,GBR,65,1773,2026-09-21T04:52:32.858137871Z,"['Alternate Protocol', 'Apache', 'Contact Form Plugin', 'Elementor', 'EmbedPress', 'Facebook Login', 'Facebook Reseller', 'GZIP Module', 'Google Cloud DNS', 'Google Font API', 'Google My Business', 'PHP', 'Polylang', 'SiteOrigin', 'Smart Slider 3', 'Steinway', 'Theme In WP', 'UTF-8', 'WP Accessibility', 'Woo Themes', 'WordPress', 'WordPress Multisite', 'eLand', 'jQuery', 'reCAPTCHA']"
sacramentocreditrepair.com,Home | Blue Water Credit,Blue Water Credit,USA,77,16625,2026-09-21T02:04:21.2201292Z,"['Alternate Protocol', 'BLR', 'EmbedPress', 'Fastly', 'Font Awesome', 'GZIP Module', 'Google Analytics', 'Google Cloud DNS', 'Google Customer Reviews', 'Google Font API', 'Google My Business', 'Google Related Website Sites', 'Google Tag Manager', 'IcoMoon', 'Infusionsoft', 'Instagram Follow Button', 'LiteSpeed', 'Microdata for Google Shopping', 'Nginx', 'PHP', 'QUIC', 'Theme In WP', 'ThemeFusion', 'Tumblr', 'Twitter Ads', 'UTF-8', 'University or College', 'WP Accessibility', 'WP jQuery Lightbox', 'WhatsApp Sharing', 'Woo Themes', 'WordPress', 'WordPress Multisite', 'Yelp Badge', 'YouTube', 'jQuery']"
counselinginschools.org,Home - Counseling in Schools,Counseling In Schools,USA,77,34133,2026-09-21T01:59:58.128494548Z,"['501c3 Status Nonprofit', 'AWS WAF Challenge', 'Alternate Protocol', 'Apture Linking Platform', 'CDN JS', 'Classy', 'Cloudflare', 'Cloudflare CDN', 'Content Delivery Network', 'Cookie Accept', 'Cookie Notice', 'Divi', 'Elegant Themes', 'EmbedPress', 'GZIP Module', 'Google', 'Google Analytics', 'Google Cloud DNS', 'Google Font API', 'Google My Business', 'Google Related Website Sites', 'Google Tag Manager', 'Instagram Follow Button', 'Lazy Load for WordPress', 'Microdata for Google Shopping', 'Nginx', 'PHP', 'QUIC', 'SearchWP', 'Smart Slider 3', 'Theme In WP', 'Twitter Ads', 'UTF-8', 'Vector Internet Services', 'Vimeo', 'WP Accessibility', 'WP Engine', 'WP Google Maps', 'WP Rocket', 'Weglot', 'Woo Themes', 'WordPress', 'WordPress Multisite', 'YouTube', 'eLand', 'jQuery', 'jsDelivr']"
musicgenerationmayo.ie,Music Generation Mayo Music Generation Mayo,Music Generation Mayo,IRL,82,17388,2026-09-21T00:29:26.049139068Z,"['Alternate Protocol', 'CDN JS', 'Cloudflare', 'Cloudflare CDN', 'Cloudflare Web Analytics', 'Contact Form Plugin', 'EmbedPress', 'Fireblade', 'Font Awesome', 'GTranslate', 'Google Analytics', 'Google Cloud DNS', 'Google Font API', 'Google My Business', 'Google Tag Manager', 'Gtranslate for Wordpress', 'Instagram Follow Button', 'Microdata for Google Shopping', 'MonsterInsights', 'PHP', 'Parallels Plesk Panel', 'Perl', 'Theme In WP', 'Twitter Ads', 'UTF-8', 'WP Accessibility', 'WordPress', 'WordPress Multisite', 'YouTube', 'eLand', 'jQuery', 'reCAPTCHA']"
thpethiopia.org,Home,,ETH,77,5477,2026-09-20T22:41:54.810707308Z,"['Alternate Protocol', 'BatCache', 'CanvasJS', 'Contact Form Plugin', 'Content Delivery Network', 'Elegant Themes', 'Elementor', 'ElementsKit Elementor', 'EmbedPress', 'Fastly', 'GTranslate', 'Gravity', 'Gravity Forms', 'Gtranslate for Wordpress', 'HappyAddons', 'Hello Elementor', 'LiteSpeed', 'My Calendar', 'NFOrce Internet', 'Nginx', 'PHP', 'QUIC', 'Theme In WP', 'To Top', 'UTF-8', 'WP Accessibility', 'WordPress', 'WordPress Multisite', 'YouTube', 'jQuery']"
raubacher.com,Home - Raubacher,,,60,1071,2026-09-20T18:47:29.916900618Z,"['AWS WAF Challenge', 'Alternate Protocol', 'BatCache', 'Cloudflare', 'Cloudflare CDN', 'Divi', 'Elegant Themes', 'EmbedPress', 'Fastly', 'GS Logo Slider', 'Google', 'Google Cloud DNS', 'Google Font API', 'Google My Business', 'Jetpack', 'Microdata for Google Shopping', 'Nginx', 'PHP', 'Photo Gallery for WordPress', 'QUIC', 'Theme In WP', 'UTF-8', 'WP Accessibility', 'Woo Themes', 'WordPress', 'WordPress Multisite', 'WordPress Stats', 'YouTube', 'jQuery']"
ipc-ieee.org,Home - 2026 IEEE Photonics Conference (IPC),,USA,77,4300,2026-09-20T18:15:14.281787911Z,"['Alternate Protocol', 'Contact Form Plugin', 'Content Delivery Network', 'DAV', 'EmbedPress', 'GZIP Module', 'Google', 'Google Analytics', 'Google Cloud DNS', 'Google Font API', 'Google Tag Manager', 'Improved AJAX Login', 'Instagram Follow Button', 'Microdata for Google Shopping', 'Movedo Theme', 'Nginx', 'PHP', 'QUIC', 'Smartsheet', 'Telegram', 'The Events Calendar', 'Theme In WP', 'Twitter Ads', 'UTF-8', 'University or College', 'WP Accessibility', 'WP Engine', 'WPBakery', 'Woo Themes', 'WordPress', 'WordPress Multisite', 'YouTube', 'jQuery']"
blazedigitalservices.com,- Boutique Digital Marketing Agency | Tallahassee FL,,,67,19400,2026-09-20T11:52:12.22425069Z,"['AWS WAF Challenge', 'Alternate Protocol', 'Apture Linking Platform', 'Astra Theme', 'Better Lead Generation Services', 'Cloudflare', 'Cloudflare CDN', 'Content Delivery Network', 'Elementor', 'EmbedPress', 'Google', 'Google Analytics', 'Google Cloud DNS', 'Google Font API', 'Google My Business', 'Google Tag Manager', 'Header, Footer and Blocks for Elementor', 'Instagram Follow Button', 'LiteSpeed', 'Microdata for Google Shopping', 'NFOrce Internet', 'PHP', 'Theme In WP', 'UTF-8', 'University or College', 'WP Accessibility', 'WP Statistics', 'Woo Themes', 'WordPress', 'WordPress Multisite', 'WordPress Related Posts', 'jQuery']"
neocityfl.com,Osceola: Neocity - Innovate Without Limits,,USA,77,42971,2026-09-20T07:20:01.649228543Z,"['AJAX Libraries API', 'AWS WAF Challenge', 'Apache', 'AutoComplete', 'CDN JS', 'Cloudflare', 'Cloudflare CDN', 'Complianz', 'Contento', 'Corporate Governance and Regulatory Compliance', 'ElementUI', 'EmbedPress', 'Facebook Conversion Tracking', 'Facebook Login', 'Facebook Messenger Platform', 'Facebook Pixel', 'Facebook Reseller', 'Facebook Tag API', 'GZIP Module', 'Google Analytics', 'Google Cloud DNS', 'Google Font API', 'Google Tag Manager', 'Gtranslate for Wordpress', 'IcoMoon', 'Instagram Follow Button', 'Lucky Orange', 'Microdata for Google Shopping', 'PHP', 'Schema Plugin', 'Theme In WP', 'Twitter Ads', 'UTF-8', 'University or College', 'Vimeo', 'W3 Total Cache', 'WP Accessibility', 'WordPress', 'WordPress Multisite', 'eLand', 'jsDelivr', 'reCAPTCHA']"
theiagd.org,Home - The IAGD,,USA,65,3675,2026-09-20T04:54:34.910240532Z,"['501c3 Status Nonprofit', 'Alternate Protocol', 'Contact Form Plugin', 'Content Delivery Network', 'Corporate Governance and Regulatory Compliance', 'Discord', 'EmbedPress', 'Essential Grid', 'Express', 'Fontello', 'Google', 'Google Cloud CDN', 'Google Cloud DNS', 'Google Font API', 'Google My Business', 'IcoMoon', 'Instagram Follow Button', 'Jetpack', 'Meks Smart Author Widget', 'Microdata for Google Shopping', 'Nginx', 'PHP', 'Slider Revolution', 'Theme In WP', 'UTF-8', 'WP Accessibility', 'WP Dark Mode', 'WPBakery', 'WordPress', 'WordPress Download Manager', 'WordPress Multisite', 'WordPress Stats', 'eLand', 'jQuery']"
glennonlawllc.com,Home - Glennon Law Firm LLC,,USA,75,5821,2026-09-20T03:52:58.682979957Z,"['Alternate Protocol', 'Amazon WAF Blocked', 'Apache', 'Divi', 'Elegant Themes', 'EmbedPress', 'Fastly', 'GDPR Cookie Compliance', 'GZIP Module', 'Google Analytics', 'Google Cloud DNS', 'Google Font API', 'Google My Business', 'Google Tag Manager', 'Jetpack', 'KeyCDN', 'Meta Slider for WordPress', 'Microdata for Google Shopping', 'PHP', 'Pirsch', 'Popup Maker for Wordpress', 'Theme In WP', 'UTF-8', 'University or College', 'WP Accessibility', 'WordPress', 'WordPress Multisite', 'WordPress Stats', 'accessiBe', 'jQuery']"
bi-services.co.il,BI-Services -,BI-Services,,55,5000,2026-09-20T03:52:58.681439195Z,"['Alternate Protocol', 'Apache', 'Contact Form Plugin', 'EmbedPress', 'Google Analytics', 'Google Tag Manager', 'Microdata for Google Shopping', 'Salesforce Hosted', 'Twenty Twenty-Four', 'UTF-8', 'WP Accessibility', 'WordPress', 'WordPress Multisite', 'jQuery']"
teeneffects.com,Teen Effects | Online Marketplace for Products by Teens,Generations,USA,82,5906,2026-09-20T03:10:47.814663893Z,"['Alternate Protocol', 'Cisco/Arrowpoint Content Service Switch', 'Coming Soon Page', 'Content Delivery Network', 'DAV', 'Divi', 'Elegant Themes', 'EmbedPress', 'FiboSearch', 'Google Analytics', 'Google Cloud DNS', 'Google Font API', 'Google Tag Manager', 'Instagram Follow Button', 'Line2', 'Microdata for Google Shopping', 'Nginx', 'PHP', 'Perl', 'QUIC', 'Theme In WP', 'Twitter Ads', 'UTF-8', 'Vercel', 'WP Accessibility', 'Woo Themes', 'WooCommerce', 'WooCommerce Checkout', 'WordPress', 'WordPress Multisite', 'YouTube', 'eLand', 'jQuery']"
luxeroomcosmetic.com,"Denver Botox - Boulder Botox - Best Medspa | Lip Filler, Injectables",,USA,92,6457,2026-09-20T02:39:25.680643713Z,"['Adobe Creative Cloud WebFonts', 'Alternate Protocol', 'App Store', 'Book Direct', 'ClickCease', 'Cloudflare', 'Cloudflare CDN', 'Contact Form Plugin', 'Content Delivery Network', 'DAV', 'Elementor', 'EmbedPress', 'Essential Addons for Elementor', 'Facebook Conversion Tracking', 'Facebook Login', 'Facebook Messenger Platform', 'Facebook Pixel', 'Facebook Reseller', 'Facebook Tag API', 'Font Awesome', 'Google', 'Google Analytics', 'Google Cloud CDN', 'Google Customer Reviews', 'Google My Business', 'Google Play', 'Google Tag Manager', 'Instagram Follow Button', 'Microdata for Google Shopping', 'NFOrce Internet', 'QUIC', 'Telegram', 'UTF-8', 'WP Accessibility', 'WordPress', 'WordPress Multisite', 'YouTube']"
vgenop.com,Panagiotis Vgenopoulos - Graphic Designer,,,62,855,2026-09-20T02:05:53.877690768Z,"['Alternate Protocol', 'Content Delivery Network', 'EmbedPress', 'Google Cloud DNS', 'Google Font API', 'Google Related Website Sites', 'LayerSlider Responsive', 'LiteSpeed', 'Microdata for Google Shopping', 'PHP', 'Theme In WP', 'UTF-8', 'WP Accessibility', 'WPBakery', 'WordPress', 'WordPress Multisite', 'eLand', 'jQuery']"
dbdigitalservices.com,Home -,DB DIgital Services,,77,3377,2026-09-20T00:41:56.775329732Z,"['Alternate Protocol', 'Amazon WAF Blocked', 'Apache', 'Astra Theme', 'Automattic', 'Calendly', 'EmbedPress', 'Font Awesome', 'Fonts Plugin', 'Free Call', 'GZIP Module', 'Google', 'Google Analytics', 'Google Cloud DNS', 'Google Font API', 'Google My Business', 'Google Tag Manager', 'Instagram Follow Button', 'Jetpack', 'Jetpack Site Accelerator', 'Microdata for Google Shopping', 'PHP', 'Stripe', 'UTF-8', 'WP Accessibility', 'WordPress', 'WordPress Multisite', 'jQuery']"
haretohound.co.uk,Pet services and training in Salford - Hare to Hound,Hare to Hound Behaviour and Pet Care,GBR,77,7174,2026-09-19T23:07:07.061651285Z,"['Alternate Protocol', 'Apture Linking Platform', 'Automattic', 'Content Delivery Network', 'Elementor', 'EmbedPress', 'Essential Addons for Elementor', 'Google', 'Google Cloud DNS', 'Google Font API', 'Google Related Website Sites', 'Jetpack', 'Kinsta', 'Microdata for Google Shopping', 'NFOrce Internet', 'PHP', 'QUIC', 'The Post Grid', 'Theme In WP', 'Twenty Seventeen', 'UTF-8', 'WP Accessibility', 'Woo Themes', 'WooCommerce', 'WooCommerce Checkout', 'WooCommerce Payments', 'WordPress', 'WordPress Multisite', 'WordPress Popular Posts', 'WordPress Stats', 'jQuery']"
mysonrisadental.com,"Dentist in Bolingbrook, IL 60440 | Sonrisa Dental & Orthodontics of Bolingbrook",,USA,82,6744,2026-09-19T22:26:26.479736544Z,"['Adit Dental Software', 'Alternate Protocol', 'Amazon WAF Blocked', 'Bookform', 'Cloudflare', 'Cloudflare Web Analytics', 'Content Delivery Network', 'EmbedPress', 'Engintron', 'GZIP Module', 'Google Analytics', 'Google My Business', 'Google Tag Manager', 'Instagram Follow Button', 'Lazy Load for WordPress', 'Microdata for Google Shopping', 'Nginx', 'PHP', 'Tailwind CSS', 'Theme In WP', 'UTF-8', 'WP Accessibility', 'WP Rocket', 'WordPress', 'WordPress Multisite', 'jQuery']"
beslishulp.nl,Beslistools.nl – Zorgvuldig beslissen,,NLD,65,5391,2026-09-19T21:42:09.149893822Z,"['AJAX Libraries API', 'Advanced iFrame', 'Alternate Protocol', 'CDN JS', 'Cloudflare', 'Cloudflare CDN', 'Contact Form Plugin', 'DuracellTomi Google Tag Manager for WordPress', 'EmbedPress', 'Flatsome', 'Fonts Plugin', 'Google', 'Google Analytics', 'Google Cloud CDN', 'Google Cloud DNS', 'Google My Business', 'Google Tag Manager', 'Hotjar', 'IcoMoon', 'LiteSpeed', 'PHP', 'Tailwind CSS', 'Theme In WP', 'UTF-8', 'WP Accessibility', 'WP Fastest Cache', 'Woo Themes', 'WooCommerce Checkout', 'WordPress', 'WordPress Multisite', 'reCAPTCHA']"
whistlerhealthcarefoundation.org,Home - Whistler Healthcare Foundation,Whistler Healthcare Foundation,CAN,85,19189,2026-09-19T19:48:29.998221697Z,"['AWS WAF Challenge', 'Alternate Protocol', 'Content Delivery Network', 'Elementor', 'EmbedPress', 'Fastly', 'GZIP Module', 'Hello Elementor', 'InitiativeS', 'Instagram Follow Button', 'Microdata for Google Shopping', 'NFOrce Internet', 'PHP', 'Theme In WP', 'To Top', 'UTF-8', 'WP Accessibility', 'WP Logo Showcase', 'WordPress', 'WordPress Multisite', 'jQuery']"
cormaria.org,Cormaria Retreat Center - RSHM Eastern American Area,"Religious of the Sacred Heart of Mary, Eastern American Area",USA,92,3202,2026-09-19T18:42:54.211913144Z,"['Agoda', 'Alternate Protocol', 'Content Delivery Network', 'DAV', 'EmbedPress', 'Fastly', 'GZIP Module', 'Getwid Gutenberg Blocks', 'Harbor', 'Jetpack', 'Max Mega Menu', 'Max Mega Menu Pro', 'Microdata for Google Shopping', 'Neve', 'Ninja Forms', 'PHP', 'Perl', 'The Events Calendar', 'Theme In WP', 'UTF-8', 'WP Accessibility', 'WordPress', 'WordPress Multisite', 'WordPress Stats', 'jQuery']"
paulsautomation.com,Paul's Automation & Controls – Industrial Automation Systems and Control Components,,,60,17717,2026-09-19T18:22:10.556767255Z,"['Alternate Protocol', 'Amazon WAF Blocked', 'Contento', 'EmbedPress', 'Fireblade', 'Kriesi.at', 'LiteSpeed', 'PHP', 'QUIC', 'SearchWP', 'Theme In WP', 'UTF-8', 'WP Accessibility', 'WP Rocket', 'Woo Themes', 'WooCommerce', 'WooCommerce Checkout', 'WordPress', 'WordPress Multisite', 'jQuery']"
chrisafis.com,Ρολά Ασφαλείας & Γκαραζόπορτες - Chrisafis,Ρολά Ασφαλείας - Γκαραζόπορτες Chrisafis,,67,4407,2026-09-19T17:16:49.897594516Z,"['Alternate Protocol', 'Amazon WAF Blocked', 'Apture Linking Platform', 'Contact Form Plugin', 'Content Delivery Network', 'CookieYes', 'EmbedPress', 'GenerateBlocks', 'GeneratePress Company', 'Google', 'Google Analytics', 'Google Cloud DNS', 'Google Conversion Tracking', 'Google Font API', 'Google My Business', 'Google Tag Manager', 'Instagram Follow Button', 'LiteSpeed', 'MailPoet', 'Microdata for Google Shopping', 'Ntent', 'PHP', 'PixelYourSite', 'Popup Maker for Wordpress', 'Tailwind CSS', 'Thank You', 'Theme In WP', 'UTF-8', 'WP Accessibility', 'WordPress', 'WordPress Multisite', 'jQuery', 'reCAPTCHA']"
apicopain.com,APICO PAIN MANAGEMENT™ - Delaware Pain Management Doctors,APICO Pain Mangement,ITA,82,20311,2026-09-19T15:46:43.96756378Z,"['AWS WAF Challenge', 'Ajax Search Lite', 'Alternate Protocol', 'Cloudflare', 'Cloudflare CDN', 'Content Delivery Network', 'DAV', 'EmbedPress', 'Fancybox for WordPress', 'GTranslate', 'Google', 'Google Analytics', 'Google Cloud DNS', 'Google Font API', 'Google My Business', 'Google Related Website Sites', 'Google Tag Manager', 'Gtranslate for Wordpress', 'IcoMoon', 'Instagram Follow Button', 'Material Design Icons', 'Max Mega Menu', 'MediCenter', 'Microdata for Google Shopping', 'MonsterInsights', 'Ntent', 'PHP', 'Recent Posts Widget With Thumbnails', 'Site Kit', 'Slider Revolution', 'Theme In WP', 'TrustIndex', 'Twitter Ads', 'UTF-8', 'WP Accessibility', 'WPBakery', 'WordPress', 'WordPress Carousel', 'WordPress Multisite', 'YouTube', 'YouTube Advanced by Embed Plus', 'jQuery']"
1stenable.co.uk,Supported Living Services - 1st Enable,1st Enable,GBR,82,10991,2026-09-19T12:01:42.207901444Z,"['501c3 Status Nonprofit', 'Alternate Protocol', 'Astra Theme', 'Cisco/Arrowpoint Content Service Switch', 'Coming Soon Page', 'Content Delivery Network', 'DAV', 'ElementUI', 'EmbedPress', 'Essential Blocks for Gutenberg', 'Ethy', 'GenerateBlocks', 'Google', 'Google Analytics', 'Google Cloud DNS', 'Google Font API', 'Google My Business', 'Google Related Website Sites', 'Google Tag Manager', 'Line2', 'LiteSpeed', 'Microdata for Google Shopping', 'MonsterInsights', 'OptiMole', 'Parcel', 'Perl', 'QUIC', 'QUIC.cloud', 'Sitelinks Search Box', 'UTF-8', 'WP Accessibility', 'WordPress', 'WordPress Multisite', 'WordPress Related Posts', 'eLand']"
albertasailing.gr,Alberta,,,50,102,2026-09-19T12:01:42.187662173Z,"['Alternate Protocol', 'Contact Form Plugin', 'EmbedPress', 'Google Cloud DNS', 'Google Font API', 'Nginx', 'PHP', 'QUIC', 'Sapper', 'Simple Lightbox', 'Theme In WP', 'UTF-8', 'WP Accessibility', 'WoWonder', 'Woo Themes', 'WordPress', 'WordPress Multisite', 'jQuery']"
drtimviner.com,Dentist Boca Raton | Cosmetic Dentistry | Dr. Timothy Viner,,,82,1602,2026-09-19T10:58:42.431293311Z,"['Alternate Protocol', 'Cloudflare', 'Contact Form Plugin', 'Content Delivery Network', 'EmbedPress', 'Facebook Conversion Tracking', 'Facebook Login', 'Facebook Messenger Platform', 'Facebook Pixel', 'Facebook Reseller', 'Facebook Tag API', 'GoDaddy', 'Google Analytics', 'Google Cloud DNS', 'Google Font API', 'Google My Business', 'Google Related Website Sites', 'Google Tag Manager', 'Instagram Follow Button', 'Line2', 'Microdata for Google Shopping', 'Nectar Slide Plugin', 'PHP', 'Salient', 'Theme In WP', 'UTF-8', 'WP Accessibility', 'WPBakery', 'WordPress', 'WordPress Multisite', 'jQuery']"
farmvillenow.com,"Farmville Now - An Event Calendar for Farmville, VA!",Farmville Now,,77,10174,2026-09-19T08:08:33.930517596Z,"['Alternate Protocol', 'Automattic', 'BatCache', 'CitySpark', 'Elementor', 'EmbedPress', 'Facebook Conversion Tracking', 'Facebook Login', 'Facebook Messenger Platform', 'Facebook Pixel', 'Facebook Reseller', 'Facebook Tag API', 'Fastly', 'FormSubmit', 'Google Analytics', 'Google Tag Manager', 'Gutenberg', 'Hello Elementor', 'Instagram Follow Button', 'Jetpack', 'Jetpack Site Accelerator', 'MailChimp for WordPress', 'Microdata for Google Shopping', 'Microsoft Clarity', 'NFOrce Internet', 'Nginx', 'Site Kit', 'Sitelinks Search Box', 'Table Addons for Elementor', 'The SEO Framework', 'UTF-8', 'WP Accessibility', 'WP Advanced Ads', 'WordPress', 'WordPress Multisite', 'WordPress Stats', 'YouTube', 'jQuery']"
kardiologos-deligeorgis.gr,Καρδιολόγος Αλέξανδρος Δεληγεώργης - Παλαιό Φάληρο,,,70,1818,2026-09-19T05:33:09.681280661Z,"['Alternate Protocol', 'Contact Form Plugin', 'CookieYes', 'Divi', 'Elegant Themes', 'EmbedPress', 'Google Analytics', 'Google Cloud DNS', 'Google Font API', 'Google My Business', 'Google Tag Manager', 'LiteSpeed', 'Microdata for Google Shopping', 'PHP', 'Slider Revolution', 'Theme In WP', 'UTF-8', 'WP Accessibility', 'Woo Themes', 'WordPress', 'WordPress Multisite', 'eLand', 'jQuery', 'reCAPTCHA']"
theangeliki.com,The Angeliki – A Peaceful Stay in Thassos,,,55,763,2026-09-19T05:28:31.00883119Z,"['AWS WAF Challenge', 'Alternate Protocol', 'Astra Theme', 'Book Direct', 'Cloudflare', 'Cloudflare CDN', 'Content Delivery Network', 'Elementor', 'EmbedPress', 'Google', 'Google Analytics', 'Google Cloud DNS', 'Google Font API', 'Google My Business', 'Google Related Website Sites', 'Google Tag Manager', 'Instagram Follow Button', 'LiteSpeed', 'NFOrce Internet', 'PHP', 'Theme In WP', 'TranslatePress', 'UTF-8', 'WP Accessibility', 'Woo Themes', 'WordPress', 'WordPress Multisite', 'WordPress Related Posts', 'jQuery']"
dodo.work,Well-matched project teams & easy access to know-how – dodowork,dodo.work,,67,1806,2026-09-19T04:48:21.372196008Z,"['Alternate Protocol', 'Apache', 'Contact Form Plugin', 'Cookie Accept', 'Cookie Notice', 'EmbedPress', 'Facebook Conversion Tracking', 'Facebook Login', 'Facebook Messenger Platform', 'Facebook Pixel', 'Facebook Reseller', 'Facebook Tag API', 'GZIP Module', 'Google Analytics', 'Google Cloud DNS', 'Google Font API', 'Google Maps', 'Google Tag Manager', 'Microdata for Google Shopping', 'PHP', 'Polylang', 'Segment', 'Segment Consent Manager', 'Slider Revolution', 'Theme In WP', 'Twitter Ads', 'UTF-8', 'Visual Composer Ultimate Addons', 'WP Accessibility', 'WPBakery', 'Woo Themes', 'WordPress', 'WordPress Multisite', 'jQuery']"
californiadreaming.rest,California Dreaming | Restaurant and Bar,,USA,77,29239,2026-09-19T04:36:02.769956939Z,"['Alternate Protocol', 'Apache', 'Apture Linking Platform', 'CDN JS', 'Cloudflare', 'Cloudflare CDN', 'Contact Form Plugin', 'DAV', 'DuracellTomi Google Tag Manager for WordPress', 'EmbedPress', 'Facebook CDN', 'Facebook Login', 'Facebook Messenger Platform', 'Facebook Reseller', 'GZIP Module', 'Google Analytics', 'Google Cloud DNS', 'Google Font API', 'Google My Business', 'Google Tag Manager', 'Instagram Follow Button', 'K2F', 'Microdata for Google Shopping', 'OpenTable', 'PHP', 'Tailwind CSS', 'Theme In WP', 'UTF-8', 'Ubuntu', 'WP Accessibility', 'WordPress', 'WordPress Multisite', 'jQuery', 'reCAPTCHA']"
sjvfoundation.ca,Home - St Joseph's Villa Foundation,,,60,5359,2026-09-19T00:10:18.442559003Z,"['AKA Raisin', 'Alternate Protocol', 'Apache', 'Bellows Accordion Menu', 'EmbedPress', 'Font Awesome', 'GZIP Module', 'Google', 'Google Analytics', 'Google Cloud CDN', 'Google Cloud DNS', 'Google Font API', 'Google My Business', 'Google Tag Manager', 'Gravity Forms', 'Microdata for Google Shopping', 'PHP', 'QUIC', 'Slider Revolution', 'The7', 'Theme In WP', 'Twitter Ads', 'UTF-8', 'Visual Composer Ultimate Addons', 'WP Accessibility', 'WPBakery', 'WordPress', 'WordPress Multisite', 'YouTube', 'jQuery']"
commercenext.com,CommerceNext | The Retail and Ecommerce Conference for Marketers,CommerceNext,USA,87,50794,2026-09-18T23:42:10.626212712Z,"['AWS WAF Challenge', 'AdRoll', 'Adult Content', 'Alternate Protocol', 'Amazon WAF Blocked', 'Apture Linking Platform', 'Attentive', 'Cloudflare', 'Community', 'Content Delivery Network', 'DoubleClick Bid Manager', 'Elementor', 'EmbedPress', 'Facebook Reseller', 'Font Awesome', 'Google Analytics', 'Google Cloud DNS', 'Google My Business', 'Google Related Website Sites', 'Google Tag Manager', 'Hello Elementor', 'HubSpot WordPress Plugin', 'Instagram Follow Button', 'Klaviyo', 'Lazy Load for WordPress', 'LinkedIn Pixel', 'Microdata for Google Shopping', 'NFOrce Internet', 'Nginx', 'PDF Embedder for Wordpress', 'PHP', 'Show.co', 'SuperPWA', 'Twitter Ads', 'UTF-8', 'WP Accessibility', 'WP Engine', 'WP Rocket', 'WPBakery', 'WordPress', 'WordPress Multisite', 'WordPress Related Posts', 'YouTube']"
lamasseriapbg.com,Authentic Italian Restaurant in Palm Beach Gardens | La Masseria,,,52,1057,2026-09-18T19:57:43.366579859Z,"['Alternate Protocol', 'Apache', 'Baidu Cloud', 'Divi', 'Duoban', 'Elegant Themes', 'EmbedPress', 'Express', 'Google Analytics', 'Google Cloud DNS', 'Google Font API', 'Google Tag Manager', 'GrubHub', 'Instagram Follow Button', 'Loomly', 'OpenTable', 'PHP', 'Theme In WP', 'UTF-8', 'WP Accessibility', 'Woo Themes', 'WordPress', 'WordPress Multisite', 'Yandex Hosting', 'jQuery']"
techieglide.in,Best web design and development company coimbatore | SEO,,IND,82,5686,2026-09-18T18:10:04.887789039Z,"['Alternate Protocol', 'Better Lead Generation Services', 'Dialogflow', 'Elementor', 'ElementsKit Elementor', 'EmbedPress', 'Essential Addons for Elementor', 'Google', 'Google Analytics', 'Google Cloud CDN', 'Google Cloud DNS', 'Google Font API', 'Google Tag Manager', 'Instagram Follow Button', 'Microdata for Google Shopping', 'NFOrce Internet', 'PHP', 'QUIC', 'Sitelinks Search Box', 'Table Addons for Elementor', 'Theme In WP', 'UTF-8', 'WP Accessibility', 'Woo Themes', 'WordLift', 'WordPress', 'WordPress Multisite', 'YouTube', 'eLand', 'jQuery']"
martingalesg.com,Martingale Solutions Group – Financial Service Consulting,,USA,87,18239,2026-09-18T17:56:23.309005874Z,"['AWS WAF Challenge', 'Alternate Protocol', 'Cloudflare', 'Cloudflare CDN', 'Content Delivery Network', 'Corporate Governance and Regulatory Compliance', 'EmbedPress', 'FreeCSSTemplates', 'GZIP Module', 'Google', 'Google My Business', 'IcoMoon', 'PHP', 'Sucuri Cloudproxy', 'TablePress', 'ThemeFusion', 'UTF-8', 'WP Accessibility', 'WordPress', 'WordPress Multisite', 'jQuery']"
dollargeneraladasettlement.com,Dollar General ADA Settlement,,USA,80,16271,2026-09-18T17:02:08.223173455Z,"['AWS WAF Challenge', 'Alternate Protocol', 'Cloudflare', 'Content Delivery Network', 'EmbedPress', 'PHP', 'Perl', 'ThemeFusion', 'UTF-8', 'WP Accessibility', 'WP Engine', 'WordPress', 'WordPress Multisite', 'jQuery']"
coramsfields.org,Coram's Fields | Independent Children's Charity & Park,,GBR,77,20042,2026-09-18T15:46:19.228255553Z,"['Alternate Protocol', 'Contact Form Plugin', 'DuracellTomi Google Tag Manager for WordPress', 'Elementor', 'EmbedPress', 'Fancybox for WordPress', 'Fireblade', 'GiveWP', 'Google Analytics', 'Google Cloud DNS', 'Google Conversion Tracking', 'Google Font API', 'Google My Business', 'Google Related Website Sites', 'Google Tag Manager', 'IcoMoon', 'Instagram Feed for WordPress', 'Instagram Follow Button', 'LiteSpeed', 'Microdata for Google Shopping', 'NFOrce Internet', 'PHP', 'Recent Posts Widget With Thumbnails', 'Slider Revolution', 'Stripe', 'Table Addons for Elementor', 'Theme In WP', 'UTF-8', 'WP Accessibility', 'WPForms', 'Woo Themes', 'WooCommerce Checkout', 'WordPress', 'WordPress Multisite', 'YouTube', 'jQuery', 'reCAPTCHA']"
pacificanursing.com,"Pacifica Nursing & Rehab Center – Nursing Home, Physical Therapy, Healthcare – Pacifica, CA",,,60,17586,2026-09-18T13:16:27.535547567Z,"['Alternate Protocol', 'Amazon WAF Blocked', 'Anti-spam for WordPress', 'Apache', 'CleanTalk Spam Protect', 'Column Shortcodes', 'Contento', 'EmbedPress', 'Fireblade', 'GZIP Module', 'Google Analytics', 'Google Cloud DNS', 'Google Font API', 'Google My Business', 'Google Related Website Sites', 'Google Tag Manager', 'Jetpack', 'Kriesi.at', 'PHP', 'Theme In WP', 'UTF-8', 'WP Accessibility', 'WordPress', 'WordPress Multisite', 'WordPress Stats', 'jQuery']"
rapidcityairport.com,Rapid City Regional Airport ✈️ The fastest way to the Black Hills,Rapid City Regional Airport,USA,77,967,2026-09-18T12:17:14.321852785Z,"['AdRoll', 'Alternate Protocol', 'Apache', 'Apture Linking Platform', 'Blocksy', 'Bunny Fonts', 'EmbedPress', 'Facebook Conversion Tracking', 'Facebook Login', 'Facebook Messenger Platform', 'Facebook Pixel', 'Facebook Reseller', 'Facebook Tag API', 'Financial Services Guide', 'GZIP Module', 'Google Analytics', 'Google Related Website Sites', 'Google Tag Manager', 'Instagram Follow Button', 'Lazy Load for WordPress', 'Microdata for Google Shopping', 'PHP', 'Reddit Conversion Tracking', 'Theme In WP', 'Twitter Ads', 'UTF-8', 'WP Accessibility', 'WP Rocket', 'WordPress', 'WordPress Multisite', 'YouTube', 'jQuery']"
cecf.co.uk,Cambridge Ethnic Community Forum - Cambridge Ethnic Community Forum,Cambridge Ethnic Community Forum,CAN,85,18704,2026-09-18T11:49:35.832040284Z,"['AWS WAF Challenge', 'Alternate Protocol', 'Cloudflare', 'Cloudflare CDN', 'Contact Form Plugin', 'Content Delivery Network', 'Custom Facebook Feed', 'EmbedPress', 'Font Awesome', 'GTranslate', 'Google', 'Google Cloud DNS', 'Google Font API', 'Google My Business', 'Gtranslate for Wordpress', 'IcoMoon', 'LiteSpeed', 'Microdata for Google Shopping', 'PHP', 'Smart Slider 3', 'Tailwind CSS', 'Theme In WP', 'UTF-8', 'WP Accessibility', 'WordPress', 'WordPress Multisite', 'eLand', 'jQuery']"
fun-dive.eu,FunDive – FunDive,,JPN,60,14132,2026-09-18T10:02:16.011453938Z,"['Alternate Protocol', 'Apache', 'Column Shortcodes', 'Contact Form Plugin', 'DAV', 'EmbedPress', 'Ethy', 'Express', 'Fireblade', 'Fontello', 'GZIP Module', 'GitHub Hosting', 'Google Cloud DNS', 'Google Font API', 'LayerSlider Responsive', 'On The Map', 'PHP', 'Polylang', 'Slider Revolution', 'The Events Calendar', 'Theme In WP', 'UTF-8', 'WP Accessibility', 'WordPress', 'WordPress Multisite', 'YouTube', 'jQuery']"
cannacola.gr,Cannacola,,USA,60,15867,2026-09-18T09:57:50.382392674Z,"['Alternate Protocol', 'Amazon WAF Blocked', 'ClickOn', 'Collapse-O-Matic', 'Contact Form Plugin', 'EmbedPress', 'Fastly CDN', 'GZIP Module', 'Google Cloud DNS', 'Google Font API', 'Google Maps', 'Google My Business', 'IcoMoon', 'License Buttons', 'LiteSpeed', 'PHP', 'Polylang', 'SMC', 'Slider Revolution', 'Tailwind CSS', 'Theme In WP', 'UTF-8', 'University or College', 'Visual Composer Ultimate Addons', 'WP Accessibility', 'WPBakery', 'Woo Themes', 'WooCommerce Checkout', 'WordPress', 'WordPress Multisite', 'WordPress Related Posts', 'jQuery']"
atriumvillas.gr,Atrium Villas Skiathos,,GRC,60,762,2026-09-18T07:38:32.696641837Z,"['Alternate Protocol', 'AutoComplete', 'CDN JS', 'Cloudflare', 'Cloudflare CDN', 'Contact Form Plugin', 'EmbedPress', 'Fastly', 'Font Awesome', 'GZIP Module', 'Google', 'Google Analytics', 'Google Cloud DNS', 'Google Font API', 'Google My Business', 'Google Tag Manager', 'Instagram Follow Button', 'LiteSpeed', 'Nginx', 'PHP', 'Responsive Data', 'Theme In WP', 'UTF-8', 'WP Accessibility', 'Woo Themes', 'WordPress', 'WordPress Multisite', 'jQuery', 'qTranslate', 'reCAPTCHA']"
probaseballchiros.com,Pro Baseball Chiropractic Society | Pro Baseball Chiropractic Society,Pro Baseball Chiropractic Society,USA,77,2881,2026-09-18T05:57:40.308561469Z,"['Alternate Protocol', 'Bunny Fonts', 'Content Delivery Network', 'Divi', 'Elegant Themes', 'EmbedPress', 'Google', 'Google Analytics', 'Google Cloud DNS', 'Google Font API', 'Google Tag Manager', 'Instagram Follow Button', 'Microdata for Google Shopping', 'Nginx', 'PHP', 'Pagekit', 'Sitelinks Search Box', 'SmartCrawl', 'Telegram', 'Theme In WP', 'Twitter Ads', 'UTF-8', 'WP Accessibility', 'WhatsApp Sharing', 'Woo Themes', 'WordPress', 'WordPress Download Manager', 'WordPress Multisite', 'jQuery']"
circuit5.org,Home - State of Florida Fifth Judicial Circuit,,,60,158,2026-09-18T05:02:12.980451381Z,"['Ajax Search Pro for Wordpress', 'Alternate Protocol', 'Angular', 'AutoComplete', 'Cloudflare', 'Cloudflare CDN', 'EmbedPress', 'Google', 'Google Analytics', 'Google Cloud CDN', 'Google Cloud DNS', 'Google Font API', 'Google Tag Manager', 'Gtranslate for Wordpress', 'Instagram Follow Button', 'Jupiter', 'Meta Slider for WordPress', 'Microdata for Google Shopping', 'PHP', 'Perl', 'Tailwind CSS', 'Theme In WP', 'Twitter Ads', 'UTF-8', 'WP Accessibility', 'WPBakery', 'WordPress', 'WordPress Multisite', 'YouTube', 'jQuery', 'qTranslate']"
pitliksresort.com,Pitlik's Sand Beach Resort | Resort in Eagle River WI - Eagle River Wisconsin Cabins,,,72,39491,2026-09-18T04:16:27.111138144Z,"['Adobe Creative Cloud WebFonts', 'Alternate Protocol', 'Animate It', 'Cloudflare', 'Content Delivery Network', 'Custom Facebook Feed', 'EmbedPress', 'Fireblade', 'Font Awesome', 'Google Analytics', 'Google Cloud DNS', 'Google Font API', 'Google Maps', 'Google My Business', 'Google Related Website Sites', 'Google Tag Manager', 'Gravity', 'Microdata for Google Shopping', 'On The Map', 'PHP', 'The Deck', 'Theme In WP', 'ThemeFusion', 'Think Reservations', 'UTF-8', 'Vimeo', 'WP Accessibility', 'WP Engine', 'WP Google Maps', 'WP jQuery Lightbox', 'WPFront Notification Bar', 'WordPress', 'WordPress Multisite', 'jQuery']"
aspectrum.ca,ASpectrum,,,55,432,2026-09-18T02:23:21.915445951Z,"['Alternate Protocol', 'CDN JS', 'Cloudflare', 'Cloudflare CDN', 'EmbedPress', 'Font Awesome', 'GZIP Module', 'IcoMoon', 'Instagram Follow Button', 'LayerSlider Responsive', 'Microsoft Azure', 'Microsoft IIS', 'Neve', 'PHP', 'SiteOrigin', 'SiteOrigin Panels', 'Slider Revolution', 'Strong Testimonials', 'Thank You', 'Theme In WP', 'Twitter Ads', 'UTF-8', 'University or College', 'Vantage', 'WP Accessibility', 'WordPress', 'WordPress Multisite', 'jQuery']"
sandiegodentist.org,San Diego Dentist Association,San Diego Dentist Association,USA,82,15252,2026-09-18T01:49:09.24448834Z,"['AWS WAF Challenge', 'Alternate Protocol', 'BJ Lazy Load for WordPress', 'Content Delivery Network', 'DoubleClick Bid Manager', 'EmbedPress', 'Gambling Content', 'Google Analytics', 'Google Cloud DNS', 'Google Flights Conversion Tracking', 'Google Font API', 'Google My Business', 'LiteSpeed', 'Microdata for Google Shopping', 'PHP', 'QUIC', 'Schema Plugin', 'Tailwind CSS', 'Theme In WP', 'UTF-8', 'WP Accessibility', 'WP Review', 'Woo Themes', 'WooCommerce Checkout', 'WordPress', 'WordPress Multisite', 'WordPress Related Posts', 'a3 Lazy Load', 'jQuery']"
priorityliving.com.au,Priority Living Care Services | NDIS Service Provider,Priority Living Care Services,AUS,70,2861,2026-09-18T01:43:32.625356752Z,"['Alternate Protocol', 'Amazon WAF Blocked', 'Astra Theme', 'Contact Form Plugin', 'Elementor', 'EmbedPress', 'Google', 'Google Cloud CDN', 'Google My Business', 'Lazy Load for WordPress', 'LiteSpeed', 'Microdata for Google Shopping', 'PHP', 'QUIC', 'Table Addons for Elementor', 'UTF-8', 'WP Accessibility', 'WP Rocket', 'WordPress', 'WordPress Multisite', 'jQuery']"
gratefuldiversworldwide.org,"gratefuldiversworldwide.org – Life Leads, Adventure Follows",,,75,96046,2026-09-17T22:58:06.011282559Z,"['AWS WAF Challenge', 'Alternate Protocol', 'Astra Theme', 'Cart.com', 'Cloudflare', 'Cloudflare CDN', 'Content Delivery Network', 'Donorbox', 'EmbedPress', 'Event Tickets for Wordpress', 'GenerateBlocks', 'Google', 'Google Analytics', 'Google Cloud DNS', 'Google Font API', 'Google My Business', 'Google Tag Manager', 'Instagram Follow Button', 'LiteSpeed', 'Max Mega Menu', 'Microdata for Google Shopping', 'PHP', 'QUIC', 'Recart', 'The Events Calendar', 'Theme In WP', 'UTF-8', 'Ultimate Addons for Gutenberg', 'WP Accessibility', 'Woo Themes', 'WooCommerce', 'WooCommerce Checkout', 'WordPress', 'WordPress Multisite', 'WordPress Related Posts', 'WordPress SEO Structured Data Schema Plugin', 'jQuery']"
zmvt.hr,Naslovna - Zavičajni muzej Varaždinske Toplice,Zavičajni muzej Varaždinske Toplice,,60,,2026-09-17T22:50:34.04845961Z,"['Alternate Protocol', 'Contact Form Plugin', 'EmbedPress', 'Google Analytics', 'Google My Business', 'Google Tag Manager', 'Microdata for Google Shopping', 'MonsterInsights', 'PHP', 'Perl', 'QUIC', 'Responsive Lightbox', 'Tailwind CSS', 'Theme In WP', 'UTF-8', 'Vimeo', 'WP Accessibility', 'WordPress', 'WordPress Multisite', 'YouTube', 'jQuery']"
flysbyairport.com,Salisbury Regional Airport | American Airlines | Breeze Airways,Salisbury Regional Airport (SBY),USA,77,17518,2026-09-17T22:39:44.292093725Z,"['AWS WAF Challenge', 'Alternate Protocol', 'CDN JS', 'Cloudflare', 'Cloudflare CDN', 'Content Delivery Network', 'EmbedPress', 'GenerateBlocks', 'GeneratePress Company', 'Google', 'Google Analytics', 'Google My Business', 'Google Tag Manager', 'Microdata for Google Shopping', 'Nginx', 'PHP', 'Pico CSS', 'Theme In WP', 'Twitter Ads', 'UTF-8', 'WP Accessibility', 'WordPress', 'WordPress Multisite']"
drochiro.net,Olatunji Chiropractic - Arlington Heights Chiropractor,Olatunji Chiropractic,USA,92,2861,2026-09-17T22:36:16.416102394Z,"['Alternate Protocol', 'Astra Theme', 'Cloudflare', 'Content Delivery Network', 'DAV', 'Elementor', 'EmbedPress', 'Facebook Conversion Tracking', 'Facebook Login', 'Facebook Messenger Platform', 'Facebook Pixel', 'Facebook Reseller', 'Facebook Tag API', 'Financial Services Guide', 'Google', 'Google Cloud CDN', 'Google Cloud DNS', 'Google Font API', 'Google Maps', 'Google My Business', 'Instagram Follow Button', 'Microdata for Google Shopping', 'PHP', 'QUIC', 'Subversion', 'Table Addons for Elementor', 'Theme In WP', 'UTF-8', 'University or College', 'WP Accessibility', 'Woo Themes', 'WordPress', 'WordPress Multisite', 'WordPress Related Posts', 'YouTube', 'jQuery']"
crystalpotts.com,"Crystal Potts – Focused on FAITH moves, BUSINESS excellence, and a joy-filled LIFE.",,,55,8465,2026-09-17T21:07:47.012067733Z,"['Alternate Protocol', 'Amazon WAF Blocked', 'Anti-spam for WordPress', 'CleanTalk Spam Protect', 'DAV', 'Elementor', 'EmbedPress', 'Fireblade', 'Google My Business', 'Hello Elementor', 'IcoMoon', 'Instagram Follow Button', 'Line2', 'LiteSpeed', 'Microdata for Google Shopping', 'NFOrce Internet', 'QUIC', 'QUIC.cloud', 'Schema Plugin', 'Twitter Ads', 'WP Accessibility', 'WP Fastest Cache', 'Woo Themes', 'WordPress', 'WordPress Multisite', 'reCAPTCHA']"
mentoringthemasters.com,Kimberley Heart | 92% OF BUSINESSES FAIL DURING ECONOMIC CRISIS – Let’s Ensure Yours Isn’t One of Them,,GBR,65,15604,2026-09-17T21:07:47.010173618Z,"['AWS WAF Challenge', 'Alternate Protocol', 'Apache', 'Divi', 'Elegant Themes', 'EmbedPress', 'GZIP Module', 'Jetpack', 'LiteSpeed', 'PHP', 'QUIC', 'Theme In WP', 'UTF-8', 'University or College', 'WP Accessibility', 'Woo Themes', 'WordPress', 'WordPress Multisite', 'WordPress Stats', 'jQuery']"
dynamicdesignonline.com,"Web Design, Marketing & Social Media | Dynamic Design Online","Dynamic Design Online, Inc.",,62,3336,2026-09-17T20:51:24.117661007Z,"['Alternate Protocol', 'EmbedPress', 'Google', 'Google Analytics', 'Google Cloud CDN', 'Google Cloud DNS', 'Google Font API', 'Google Tag Manager', 'Gravity', 'Instagram Follow Button', 'Microdata for Google Shopping', 'Nginx', 'PHP', 'Slider Revolution', 'Soliloquy for WordPress', 'Theme In WP', 'ThemeFusion', 'Twitter Ads', 'UTF-8', 'UserWay', 'Vimeo', 'WP Accessibility', 'WP jQuery Lightbox', 'WordPress', 'WordPress Multisite', 'YouTube', 'jQuery']"
lrdrivercenter.org,Loxahatchee River Center,,,72,17969,2026-09-17T19:41:48.486024756Z,"['AWS WAF Challenge', 'Alternate Protocol', 'Amazon Associates', 'Amazon Widgets', 'Bridge', 'Cloudflare', 'Constant Contact', 'Content Delivery Network', 'EmbedPress', 'FareHarbor', 'Font Awesome', 'Google Analytics', 'Google Cloud DNS', 'Google Font API', 'Gravity Forms', 'Harbor', 'IcoMoon', 'Instagram Follow Button', 'LayerSlider Responsive', 'Microdata for Google Shopping', 'MyFonts', 'Neighborhoods', 'PHP', 'Schema Plugin', 'The Events Calendar', 'Theme In WP', 'Twitter Ads', 'UTF-8', 'WP Accessibility', 'WP Engine', 'WPBakery', 'WordPress', 'WordPress Multisite', 'Yelp Badge', 'YouTube', 'eLand', 'jQuery']"
danvillepostacute.com,"Danville Post-Acute Rehab – Nursing Home, Physical Therapy, Healthcare – Danville, CA",,,60,17586,2026-09-17T18:50:53.307731728Z,"['Alternate Protocol', 'Amazon WAF Blocked', 'Anti-spam for WordPress', 'Apache', 'CleanTalk Spam Protect', 'Column Shortcodes', 'Contento', 'EmbedPress', 'Fireblade', 'GZIP Module', 'Google Analytics', 'Google Cloud DNS', 'Google Font API', 'Google My Business', 'Google Related Website Sites', 'Google Tag Manager', 'Jetpack', 'Kriesi.at', 'PHP', 'Theme In WP', 'UTF-8', 'WP Accessibility', 'WordPress', 'WordPress Multisite', 'WordPress Stats', 'jQuery']"
northcallandscaping.com,Landscaping Services in Northern CA,Landscaping Services in Northern CA,USA,82,16271,2026-09-17T17:22:53.685043376Z,"['AWS WAF Challenge', 'Alternate Protocol', 'Apache', 'Better Lead Generation Services', 'Contact Form Plugin', 'EmbedPress', 'GZIP Module', 'Google Analytics', 'Google My Business', 'Google Tag Manager', 'Microdata for Google Shopping', 'PHP', 'QUIC', 'ThemeFusion', 'UTF-8', 'W3.CSS', 'WP Accessibility', 'WP Fastest Cache', 'WordPress', 'WordPress Multisite', 'jQuery', 'reCAPTCHA']"
rmicrobiolabs.com,Home - Roesink Microbiology,,USA,80,4850,2026-09-17T17:01:50.166464552Z,"['Alternate Protocol', 'Amazon WAF Blocked', 'Cognito Forms', 'Content Delivery Network', 'Divi', 'Elegant Themes', 'EmbedPress', 'Fastly', 'Font Awesome', 'GDPR Cookie Compliance', 'GZIP Module', 'Google Analytics', 'Google Cloud DNS', 'Google Font API', 'Google My Business', 'Google Tag Manager', 'Jetpack', 'KeyCDN', 'Meta Slider for WordPress', 'Microdata for Google Shopping', 'Nginx', 'PHP', 'Pirsch', 'Popup Maker for Wordpress', 'Theme In WP', 'UTF-8', 'WP Accessibility', 'WordPress', 'WordPress Multisite', 'WordPress Stats', 'jQuery']"
primariamitrofani.ro,Primăria Mitrofani – Județul Vâlcea,,,50,20102,2026-09-17T15:55:31.686934792Z,"['Alternate Protocol', 'Autoptimize', 'EmbedPress', 'Financial Services Guide', 'Google Cloud DNS', 'Google Font API', 'Google My Business', 'KVH', 'PHP', 'SMC', 'Theme In WP', 'UTF-8', 'WP Accessibility', 'WP Mobile Menu', 'WPBakery', 'WordPress', 'WordPress Multisite', 'jQuery']"
wacosa.org,WACOSA Works | Changing Lives for People with Disabilities,Wacosa,USA,92,20685,2026-09-17T15:22:18.894773139Z,"['AWS WAF Challenge', 'Adobe Creative Cloud WebFonts', 'Alternate Protocol', 'Amazon WAF Blocked', 'Authorize.net', 'Cloudflare', 'Cloudflare CDN', 'Content Delivery Network', 'Divi', 'DuracellTomi Google Tag Manager for WordPress', 'Easy Twitter Feed Widget Plugin', 'Elegant Themes', 'EmbedPress', 'Facebook Login', 'Facebook Messenger Platform', 'Facebook Reseller', 'Google', 'Google Analytics', 'Google Cloud CDN', 'Google Cloud DNS', 'Google Font API', 'Google My Business', 'Google Related Website Sites', 'Google Tag Manager', 'Gravity', 'Gravity Forms', 'Instagram Follow Button', 'Microdata for Google Shopping', 'MonsterInsights', 'PHP', 'Theme In WP', 'Twitter Ads', 'UTF-8', 'WP Accessibility', 'WP Engine', 'Woo Themes', 'WordPress', 'WordPress Multisite', 'jQuery']"
harbourviewdental.ca,Family Dentist in Burlington | Burlington Dentist | Dentist near you,,CAN,82,34280,2026-09-17T13:15:05.313566055Z,"['Adit Dental Software', 'Alternate Protocol', 'Amazon WAF Blocked', 'Apache', 'Apture Linking Platform', 'Bookform', 'Contento', 'EmbedPress', 'Fastly', 'GZIP Module', 'Google Analytics', 'Google Cloud DNS', 'Google Maps', 'Google My Business', 'Google Tag Manager', 'Instagram Follow Button', 'Lazy Load for WordPress', 'Microdata for Google Shopping', 'OpenSSL', 'PHP', 'QUIC', 'RocketCDN', 'UTF-8', 'University or College', 'WP Accessibility', 'WP Rocket', 'WordPress', 'WordPress Multisite']"
guardianshipangels.com,What is a Guardianship Angel? - Family Shield Estate Planning,Family Shield Estate Planning,,70,20159,2026-09-17T09:36:07.921091699Z,"['AWS WAF Challenge', 'Alternate Protocol', 'Amazon Widgets', 'Cloudflare', 'Content Delivery Network', 'ElementUI', 'EmbedPress', 'Font Awesome', 'Genesis Blocks', 'Google', 'Google Cloud DNS', 'Google Font API', 'Instagram Follow Button', 'Microdata for Google Shopping', 'PHP', 'Popup Maker for Wordpress', 'StudioPress', 'Tailwind CSS', 'Theme In WP', 'UTF-8', 'WP Accessibility', 'WP Engine', 'WordPress', 'WordPress Multisite', 'YouTube', 'jQuery']"
theferriollawfirm.com,Miami Insurance Adjustment & Property Damage Claims,The Ferriol Law Firm,USA,82,43794,2026-09-17T08:17:55.66635928Z,"['AWS WAF Challenge', 'Alternate Protocol', 'Amazon', 'Cloudflare', 'Content Delivery Network', 'Elementor', 'ElementsKit Elementor', 'EmbedPress', 'Google Analytics', 'Google Maps', 'Google My Business', 'Google Related Website Sites', 'Google Tag Manager', 'Hello Elementor', 'Instagram Follow Button', 'Microdata for Google Shopping', 'NFOrce Internet', 'PHP', 'Pico CSS', 'Premium Addons for Elementor', 'QUIC', 'RM Education', 'Sticky Header Effects for Elementor', 'Theme In WP', 'UTF-8', 'WP Accessibility', 'Wangsu', 'WordPress', 'WordPress Multisite', 'jQuery', 'reCAPTCHA']"
tilesparkle.com,"5-Star Rated Tile & Grout Cleaning In Seattle, WA - Free Quotes!",TileSparkle Tile & Grout Cleaning,USA,82,204218,2026-09-17T03:20:50.146076065Z,"['Alternate Protocol', 'Amazon WAF Blocked', 'Autoptimize', 'Cloudflare', 'Complianz', 'Content Delivery Network', 'DAV', 'Elementor', 'EmbedPress', 'Fireblade', 'Font Awesome', 'FreeBSD', 'Google Analytics', 'Google Maps', 'Google My Business', 'Google Tag Manager', 'Gravity', 'Gravity Forms', 'HappyAddons', 'Hello Elementor', 'Instagram Follow Button', 'Jetpack', 'KVH', 'KeyCDN', 'Microdata for Google Shopping', 'Perl', 'Python', 'QUIC', 'Salesforce Hosted', 'Schema Plugin', 'Shopware', 'Table Addons for Elementor', 'To Top', 'Twitter Ads', 'UTF-8', 'University or College', 'Vector Internet Services', 'WP Accessibility', 'Woo Themes', 'WooCommerce Checkout', 'WordPress', 'WordPress Multisite', 'WordPress Stats', 'Yandex Hosting', 'Yelp Badge', 'YouTube', 'jQuery', 'symfony PHP Framework']"
idtwithdavid.com,"Instructional Designer & eLearning Developer | Fresno, CA",idtwithdavid.com,,67,39460,2026-09-17T02:52:44.374581088Z,"['AWS WAF Challenge', 'Alternate Protocol', 'Apache', 'DAV', 'Divi', 'Elegant Themes', 'EmbedPress', 'GZIP Module', 'Google Analytics', 'Google Cloud DNS', 'Google Font API', 'Google My Business', 'Google Tag Manager', 'InitiativeS', 'Microdata for Google Shopping', 'PHP', 'QUIC', 'RM Education', 'Supreme Modules Lite', 'Theme In WP', 'UTF-8', 'University or College', 'Vimeo', 'WP Accessibility', 'Wangsu', 'Woo Themes', 'WordPress', 'WordPress Multisite', 'jQuery', 'reCAPTCHA']"
legacyparkhealth.com,"Legacy Park Health and Rehabilitation – Nursing Home, Physical Therapy, Healthcare – Knoxville, TN",,USA,55,17586,2026-09-16T18:16:55.510214423Z,"['Alternate Protocol', 'Amazon WAF Blocked', 'Anti-spam for WordPress', 'Apache', 'CleanTalk Spam Protect', 'Column Shortcodes', 'Contento', 'EmbedPress', 'Fireblade', 'GZIP Module', 'Google Analytics', 'Google Cloud DNS', 'Google Font API', 'Google My Business', 'Google Related Website Sites', 'Google Tag Manager', 'Jetpack', 'Kriesi.at', 'PHP', 'Theme In WP', 'UTF-8', 'WP Accessibility', 'WordPress', 'WordPress Multisite', 'WordPress Stats', 'jQuery']"
yourfamilydental.ca,"Family Dentist in Guelph & Brantford, ON | Paisley Dental",,CAN,77,46149,2026-09-16T17:37:10.387782349Z,"['AWS WAF Challenge', 'Alternate Protocol', 'Apache', 'Autoptimize', 'Cloudflare', 'Cloudflare CDN', 'EmbedPress', 'GZIP Module', 'Google', 'Google Analytics', 'Google Cloud DNS', 'Google Customer Reviews', 'Google Font API', 'Google My Business', 'Google Tag Manager', 'HMDG', 'IcoMoon', 'InitiativeS', 'Instagram Follow Button', 'Kitco', 'Microdata for Google Shopping', 'Ntent', 'OpenAI', 'PHP', 'SiteOrigin', 'SiteOrigin Panels', 'Sitelinks Search Box', 'Tailwind CSS', 'Theme In WP', 'TrustIndex', 'UTF-8', 'Vantage', 'WP Accessibility', 'Woo Themes', 'WordPress', 'WordPress Multisite', 'jQuery']"
armestofisio.com,Armestofisio,,ESP,60,763,2026-09-16T14:42:41.323185872Z,"['AWS WAF Challenge', 'Alternate Protocol', 'Cloudflare', 'Cloudflare CDN', 'Contact Form Plugin', 'Elementor', 'EmbedPress', 'Google', 'Google Cloud DNS', 'Google Font API', 'Google My Business', 'NFOrce Internet', 'PHP', 'Premium Addons for Elementor', 'Theme In WP', 'UTF-8', 'WP Accessibility', 'WordPress', 'WordPress Multisite', 'jQuery']"
cxengineering.pl,Tryb Konserwacji – CXEngineering,,POL,65,1886,2026-09-16T14:38:52.613540362Z,"['Alternate Protocol', 'Content Delivery Network', 'DuracellTomi Google Tag Manager for WordPress', 'Elementor', 'EmbedPress', 'Google Analytics', 'Google Tag Manager', 'Hello Elementor', 'NFOrce Internet', 'PHP', 'Premium Addons for Elementor', 'Theme In WP', 'UTF-8', 'W3 Total Cache', 'WP Accessibility', 'WordPress', 'WordPress Multisite', 'YouTube', 'jQuery']"
vehicle-efficiency.com,Alliance for Vehicle Efficiency – Supplying Automotive Technologies to Improve our Environment Today and into the Future,,,60,17862,2026-09-16T14:35:26.013807794Z,"['AWS WAF Challenge', 'Alternate Protocol', 'Beaver Builder Lite', 'Contento', 'DAV', 'EmbedPress', 'Fireblade', 'GZIP Module', 'Google', 'Google Cloud DNS', 'Google Font API', 'Nginx', 'PHP', 'Theme In WP', 'UTF-8', 'WP Accessibility', 'WordPress', 'WordPress Multisite', 'jQuery']"
sanfranciscopsych.com,Forensic Psychiatry in San Francisco,San Francisco Psychiatry,VEN,87,6891,2026-09-16T14:16:15.626967773Z,"['Alternate Protocol', 'Cisco/Arrowpoint Content Service Switch', 'Cloudflare', 'Content Delivery Network', 'EmbedPress', 'Font Awesome', 'GoDaddy', 'Google Cloud DNS', 'Google Font API', 'Google My Business', 'Microdata for Google Shopping', 'Ninja Forms', 'PHP', 'StudioPress', 'Theme In WP', 'UTF-8', 'University or College', 'WP Accessibility', 'Website Tonight', 'WordPress', 'WordPress Multisite', 'jQuery']"
startartclasses.com,Start Art Classes – Learn Drawing & Painting face-to-face or online,,GBR,87,22879,2026-09-16T14:04:33.917067024Z,"['AWS WAF Challenge', 'Alternate Protocol', 'Amazon', 'Amazon S3 CDN', 'Automattic', 'CartFlows', 'Cloudflare', 'Cloudflare CDN', 'Content Delivery Network', 'CookieYes', 'Customer Reviews for WooCommerce', 'ElementUI', 'Elementor', 'EmbedPress', 'Facebook Conversion Tracking', 'Facebook Login', 'Facebook Messenger Platform', 'Facebook Pixel', 'Facebook Reseller', 'Facebook Tag API', 'GitHub Hosting', 'Google', 'Google Analytics', 'Google Cloud DNS', 'Google Font API', 'Google My Business', 'Google Related Website Sites', 'Google Tag Manager', 'Gravity', 'Instagram Follow Button', 'Jetpack', 'LearnPress', 'LiteSpeed', 'MailChimp', 'PHP', 'Perl', 'PopularFX', 'QUIC', 'Storyblocks', 'Theme In WP', 'Twitter Ads', 'UTF-8', 'WP Accessibility', 'Woo Themes', 'WordPress', 'WordPress Multisite', 'WordPress Stats', 'YouTube', 'jQuery']"
parkmanormckinney.net,"Park Manor McKinney – Nursing Home, Physical Therapy, Healthcare – McKinney, TX",,USA,70,40482,2026-09-16T13:30:47.054859492Z,"['Alternate Protocol', 'Amazon WAF Blocked', 'Anti-spam for WordPress', 'Apache', 'CleanTalk Spam Protect', 'Column Shortcodes', 'Contento', 'EmbedPress', 'Fireblade', 'GZIP Module', 'Google Analytics', 'Google Cloud DNS', 'Google Font API', 'Google My Business', 'Google Tag Manager', 'Jetpack', 'Kriesi.at', 'PHP', 'Theme In WP', 'UTF-8', 'WP Accessibility', 'WordPress', 'WordPress Multisite', 'WordPress Stats', 'jQuery']"
villadentalparamount.com,Dentist in Paramount CA | Dentist Near Me | Dental Clinic 90723,,USA,82,39384,2026-09-16T12:01:31.614852367Z,"['Adit Dental Software', 'Alternate Protocol', 'Amazon WAF Blocked', 'Apache', 'Apture Linking Platform', 'Bookform', 'Cloudflare', 'Cloudflare Web Analytics', 'Contento', 'EmbedPress', 'Fastly', 'GTranslate', 'GZIP Module', 'Google Analytics', 'Google Cloud DNS', 'Google Maps', 'Google My Business', 'Google Tag Manager', 'Instagram Follow Button', 'Lazy Load for WordPress', 'Microdata for Google Shopping', 'PHP', 'QUIC', 'Theme In WP', 'UTF-8', 'University or College', 'Vector Internet Services', 'WP Accessibility', 'WP Rocket', 'WordPress', 'WordPress Multisite', 'jQuery']"
matthewwilkinson.co.uk,Matthew Wilkinson Solicitors – Specialists in Negligence Claims against Lawyers,,GBR,70,43788,2026-09-16T11:36:26.040955904Z,"['AWS WAF Challenge', 'Akismet', 'Alternate Protocol', 'Amazon WAF Blocked', 'Aruba', 'Cloudflare', 'Content Delivery Network', 'Contento', 'DoubleClick Bid Manager', 'EmbedPress', 'Express', 'Google Analytics', 'Google Cloud DNS', 'Google Flights Conversion Tracking', 'Google Font API', 'Google My Business', 'Google Tag Manager', 'Gravity', 'Gravity Forms', 'IcoMoon', 'Max Mega Menu', 'Max Mega Menu Pro', 'Muffin Group', 'PHP', 'Popup Maker for Wordpress', 'QUIC', 'Recent Posts Widget With Thumbnails', 'Slider Revolution', 'Theme In WP', 'UTF-8', 'WP Accessibility', 'WP Engine', 'Woo Themes', 'WordPress', 'WordPress Multisite', 'eLand', 'jQuery', 'reCAPTCHA']"
cityofwaldorf.com,Municipal Services of City of Waldorf | City of Waldorf,City of Waldorf,USA,87,61169,2026-09-16T11:12:01.054071952Z,"['Alternate Protocol', 'Amazon WAF Blocked', 'Apture Linking Platform', 'Beaver Builder Lite', 'Cloudflare', 'Content Delivery Network', 'Contento', 'Embed Any Document', 'EmbedPress', 'Fireblade', 'GitHub Hosting', 'GoDaddy', 'Google', 'Google Cloud DNS', 'Google Font API', 'Google My Business', 'Gravity', 'Microdata for Google Shopping', 'PHP', 'Pagekit', 'QUIC', 'Schema Plugin', 'SiteW', 'Thank You', 'The Events Calendar', 'UTF-8', 'WP Accessibility', 'WP Rocket', 'Wangsu', 'Website Tonight', 'WordPress', 'WordPress Multisite', 'Yandex Hosting']"
brighstoneparish.gov.uk,Brighstone Parish Council,,,55,162,2026-09-16T11:03:57.693882669Z,"['Alternate Protocol', 'Apache', 'Content Delivery Network', 'EmbedPress', 'Font Awesome', 'GZIP Module', 'Google Cloud DNS', 'Google Font API', 'PHP', 'QUIC', 'The7', 'Theme In WP', 'UTF-8', 'WP Accessibility', 'WPBakery', 'WordPress', 'WordPress Multisite', 'jQuery']"
chaserestaurant.com,"Chase Restaurant - Since 1979, Best Italian Restaurant in Santa Barbara 805-965-4351",Chase Restaurant,USA,77,19811,2026-09-16T10:30:53.870369157Z,"['Alternate Protocol', 'Apture Linking Platform', 'Cloudflare', 'Cloudflare CDN', 'Elementor', 'EmbedPress', 'Fireblade', 'Google', 'Google Analytics', 'Google Cloud CDN', 'Google Cloud DNS', 'Google Font API', 'Google My Business', 'Google Related Website Sites', 'Google Tag Manager', 'GrubHub', 'Hello Elementor', 'Instagram Follow Button', 'Lazy Load for WordPress', 'Microdata for Google Shopping', 'PHP', 'Schema Plugin', 'Sitelinks Search Box', 'Sticky Header Effects for Elementor', 'Table Addons for Elementor', 'The SEO Framework', 'UTF-8', 'WP Accessibility', 'WP Rocket', 'WordPress', 'WordPress Multisite', 'Yelp Badge', 'reCAPTCHA']"
whitmorehigh.org,Whitmore High School,,,45,7763,2026-09-16T08:24:13.875785335Z,"['AWS WAF Challenge', 'Alternate Protocol', 'Bulma', 'Contact Form Plugin', 'EmbedPress', 'Fireblade', 'GZIP Module', 'Google Analytics', 'Google Cloud DNS', 'Google Font API', 'Google Maps', 'Google My Business', 'Google Related Website Sites', 'Google Tag Manager', 'Microsoft 365', 'Nginx', 'PHP', 'PWA', 'The Events Calendar', 'Theme In WP', 'Twitter Ads', 'UTF-8', 'WP Accessibility', 'WP Super Cache', 'WordPress', 'WordPress Multisite', 'jQuery', 'jsDelivr', 'reCAPTCHA']"
auburnequine.com,Equine Mobile Veterinary Service - Auburn CA | Auburn Equine,Auburn Equine,USA,77,235444,2026-09-16T08:08:34.349532318Z,"['AWS WAF Challenge', 'Alternate Protocol', 'Amazon WAF Blocked', 'Apache', 'Cloudflare', 'Contact Form Plugin', 'DAV', 'EmbedPress', 'Event Tickets for Wordpress', 'Font Awesome', 'FreeBSD', 'GZIP Module', 'Google My Business', 'Gravity', 'Gravity Forms', 'IcoMoon', 'Instagram Follow Button', 'KeyCDN', 'Microdata for Google Shopping', 'PHP', 'Python', 'QUIC', 'SMC', 'Salesforce Hosted', 'Shopware', 'SiteW', 'The Events Calendar', 'ThemeFusion', 'UTF-8', 'University or College', 'Vector Internet Services', 'WP Accessibility', 'WP Fastest Cache', 'Woo Themes', 'WordPress', 'WordPress Multisite', 'WordPress Related Posts', 'Yandex Hosting', 'jQuery', 'reCAPTCHA', 'symfony PHP Framework']"
bimboum.com,Bimboum | Vélo-taxi électrique rapide et efficace,,FRA,82,461,2026-09-16T05:03:15.228772193Z,"['Alternate Protocol', 'Astra Theme', 'Content Delivery Network', 'Elementor', 'EmbedPress', 'Google Analytics', 'Google Cloud DNS', 'Google Font API', 'Google Forms', 'Google Maps', 'Google My Business', 'Google Tag Manager', 'Microdata for Google Shopping', 'PHP', 'Sitelinks Search Box', 'Theme In WP', 'UTF-8', 'WP Accessibility', 'Woo Themes', 'WordPress', 'WordPress Multisite', 'WordPress Related Posts', 'YouTube', 'jQuery']"
rjbrunoinc.com,RJ Bruno | New York City Licensed Plumber,,USA,70,15846,2026-09-16T04:28:24.741656473Z,"['Alternate Protocol', 'Cloudflare', 'Content Delivery Network', 'Divi', 'Elegant Themes', 'EmbedPress', 'GoDaddy', 'Google Analytics', 'Google Cloud DNS', 'Google Font API', 'Google Tag Manager', 'PHP', 'QUIC', 'Theme In WP', 'UTF-8', 'WP Accessibility', 'Wangsu', 'Woo Themes', 'WordPress', 'WordPress Multisite', 'jQuery']"
singlesource.me,Personal & Commercial Insurance Agency in Florida,,USA,92,35941,2026-09-16T03:14:16.431794749Z,"['Alternate Protocol', 'Automattic', 'Better Lead Generation Services', 'ByteDance', 'Column Shortcodes', 'Contact Form Plugin', 'EmbedPress', 'Facebook Login', 'Facebook Messenger Platform', 'Facebook Pixel', 'Facebook Reseller', 'Fireblade', 'Google Analytics', 'Google Tag Manager', 'Gtranslate for Wordpress', 'Gutenberg', 'Instagram Follow Button', 'Jetpack', 'Jetpack Site Accelerator', 'KVH', 'Kriesi.at', 'Microdata for Google Shopping', 'Nginx', 'PHP', 'QUIC', 'Theme In WP', 'TikTok Conversion Tracking Pixel', 'UTF-8', 'WP Accessibility', 'Woo Themes', 'WordPress', 'WordPress Multisite', 'YouTube', 'eLand', 'jQuery']"
corbettcommunity.org.uk,Corbett Community Library,,GBR,92,6696,2026-09-16T02:19:30.534340346Z,"['Alternate Protocol', 'Amazon WAF Blocked', 'Automattic', 'BatCache', 'Beehiiv', 'Complianz', 'DAV', 'Elementor', 'EmbedPress', 'Express', 'Fastly', 'Google My Business', 'Gutenberg', 'Hello Elementor', 'Instagram Follow Button', 'Jetpack', 'Jetpack Site Accelerator', 'Microdata for Google Shopping', 'Modern Events Calendar Lite', 'NFOrce Internet', 'Nginx', 'Oddle', 'PHP', 'QUIC', 'Theme In WP', 'UTF-8', 'WP Accessibility', 'WordPress', 'WordPress Multisite', 'WordPress Stats', 'jQuery']"
cedarlakeelectric.com,"Cedar Lake Electric - Minnesota Electrician - Faribault, MN",,USA,82,43315,2026-09-16T02:06:44.379345459Z,"['Alternate Protocol', 'Amazon WAF Blocked', 'Anti-spam for WordPress', 'Apache', 'Beaver Builder Lite', 'CleanTalk Spam Protect', 'Contento', 'DAV', 'Digital Ocean Spaces', 'Elegant Themes', 'EmbedPress', 'Express', 'Fireblade', 'Font Awesome', 'GZIP Module', 'Google', 'Google Analytics', 'Google Cloud CDN', 'Google Cloud DNS', 'Google Font API', 'Google My Business', 'Google Tag Manager', 'Gravity', 'LoftLoader', 'Microdata for Google Shopping', 'PHP', 'QUIC', 'Schema Plugin', 'Simple Social Icons', 'Subversion', 'Theme In WP', 'UTF-8', 'WP Accessibility', 'WordPress', 'WordPress Multisite', 'YouTube', 'jQuery']"
mainstreetumc.org,"Main Street UMC - Kernersville, NC - Christ-Centered Methodist Church - Church in the Triad - Kernersville Churches",,FRA,77,2788,2026-09-16T00:43:55.877656933Z,"['Alternate Protocol', 'CheryFramework', 'Constant Contact', 'Contact Form Plugin', 'EmbedPress', 'GZIP Module', 'Google Analytics', 'Google Analytics Dashboard for WordPress', 'Google Cloud DNS', 'Google Customer Reviews', 'Google Font API', 'Google My Business', 'Google Tag Manager', 'Gtranslate for Wordpress', 'Livestream', 'Microdata for Google Shopping', 'Nginx', 'PHP', 'Photo Gallery for WordPress', 'Tailwind CSS', 'Theme In WP', 'UTF-8', 'W3 Total Cache', 'WP Accessibility', 'WordPress', 'WordPress Multisite', 'YouTube', 'jQuery']"
wgvcdd.com,Winter Garden Villageat Fowler Groves CDD,,USA,70,2243,2026-09-16T00:20:08.249927Z,"['Alternate Protocol', 'Content Delivery Network', 'EmbedPress', 'GZIP Module', 'Google My Business', 'Jupiter', 'LayerSlider Responsive', 'PHP', 'Sucuri Cloudproxy', 'The Events Calendar', 'Theme In WP', 'UTF-8', 'UserWay', 'WP Accessibility', 'WPBakery', 'WordPress', 'WordPress Multisite', 'jQuery', 'reCAPTCHA']"
forestrow.gov.uk,Home - Forest Row Parish Council,Forest Row Parish Council,,75,8428,2026-09-15T23:17:31.479072617Z,"['Alternate Protocol', 'Amazon WAF Blocked', 'Apache', 'Column Shortcodes', 'Content Delivery Network', 'EmbedPress', 'GZIP Module', 'Google Analytics', 'Google Related Website Sites', 'Google Tag Manager', 'Instagram Follow Button', 'Kriesi.at', 'Microdata for Google Shopping', 'PHP', 'RM Education', 'Theme In WP', 'UTF-8', 'WP Accessibility', 'WordPress', 'WordPress Multisite', 'eLand', 'jQuery']"
livingskiesrc.ca,Home - Living Skies Regional Council,,CAN,75,778,2026-09-15T22:57:33.452900737Z,"['Alternate Protocol', 'Content Delivery Network', 'Corporate Governance and Regulatory Compliance', 'Custom Facebook Feed', 'Elegant Themes', 'EmbedPress', 'Font Awesome', 'Google Analytics', 'Google Cloud DNS', 'Google Font API', 'Google Tag Manager', 'MailChimp for WordPress', 'Microdata for Google Shopping', 'Nginx', 'PHP', 'Pagekit', 'Site Kit', 'Smush Image Optimization', 'Super RSS Reader for WordPress', 'The Events Calendar', 'Theme In WP', 'UTF-8', 'WP Accessibility', 'Woo Themes', 'WordPress', 'WordPress Multisite', 'YouTube', 'eLand', 'jQuery']"
mobil-cash.com,Mobilcash,,IND,65,675,2026-09-15T21:38:13.264926201Z,"['Alternate Protocol', 'Apture Linking Platform', 'CDN JS', 'Cloudflare', 'Cloudflare CDN', 'EmbedPress', 'Google Cloud DNS', 'Google Font API', 'IcoMoon', 'Nginx', 'PHP', 'QUIC', 'Slider Revolution', 'The7', 'Theme In WP', 'UTF-8', 'Visual Composer Ultimate Addons', 'WP Accessibility', 'WPBakery', 'WordPress', 'WordPress Multisite', 'jQuery']"
theteapot.org,Home - The Teapot,The Teapot 50+ Center - Centre la Théière 50+,,67,3807,2026-09-15T21:38:13.247793429Z,"['Alternate Protocol', 'Apache', 'Autoptimize', 'Divi', 'Elegant Themes', 'EmbedPress', 'GZIP Module', 'Google', 'Google Analytics', 'Google Cloud DNS', 'Google Font API', 'Google Related Website Sites', 'Google Tag Manager', 'InitiativeS', 'Instagram Follow Button', 'MailChimp', 'Microdata for Google Shopping', 'Tockify', 'UTF-8', 'WP Accessibility', 'WP Super Cache', 'WordPress', 'WordPress Multisite', 'Zeffy', 'jQuery']"
wastewiseinnovation.com,Recycling Contamination | Connected Solutions | Data-Driven,Waste Wise Innovation,PER,82,27905,2026-09-15T21:27:20.136628786Z,"['AWS WAF Challenge', 'Alternate Protocol', 'Apache', 'Apture Linking Platform', 'Divi', 'Elegant Themes', 'EmbedPress', 'Formidable Pro Form', 'GZIP Module', 'Google Analytics', 'Google Cloud DNS', 'Google Font API', 'Google Related Website Sites', 'Google Tag Manager', 'HubSpot Conversations', 'Hubspot', 'Microdata for Google Shopping', 'NFOrce Internet', 'PHP', 'QUIC', 'Sitelinks Search Box', 'Theme In WP', 'UTF-8', 'University or College', 'WP Accessibility', 'WP Fastest Cache', 'Woo Themes', 'WordPress', 'WordPress Multisite', 'eLand']"
npa.to,Amethyst Blog – just a girl in tech,,,65,27316,2026-09-15T20:32:38.503570515Z,"['Adult Content', 'Alternate Protocol', 'Ametys', 'Apache', 'Builder', 'Community', 'Debian', 'Discord', 'Elementor', 'EmbedPress', 'Ethy', 'GZIP Module', 'GitHub Hosting', 'Google Analytics', 'Google My Business', 'Google Retail Product Discovery', 'Google Tag Manager', 'IcoMoon', 'Kitco', 'License Buttons', 'Microdata for Google Shopping', 'PHP', 'PWA', 'Schema Plugin', 'Telegram', 'UTF-8', 'WP Accessibility', 'WordPress', 'WordPress Multisite', 'YouTube', 'shadcn ui']"
energymovers.me,Energy Movers - Big Island Hawaii Energy Practices with Zettelyss Amora,Energy Movers,,72,17312,2026-09-15T20:00:13.435956658Z,"['AWS WAF Challenge', 'Alternate Protocol', 'Cloudflare', 'Content Delivery Network', 'EmbedPress', 'Font Awesome', 'Google Analytics', 'Google Cloud DNS', 'Google Font API', 'Google Tag Manager', 'Microdata for Google Shopping', 'PHP', 'Simple Social Icons', 'StudioPress', 'Theme In WP', 'UTF-8', 'WP Accessibility', 'WP Engine', 'WordPress', 'WordPress Multisite', 'YouTube', 'jQuery']"
backyardexpertsma.com,"Hardscaping Services Near You in Rockland, MA | Free Quote",,GBR,77,4504,2026-09-15T19:13:26.151160285Z,"['Alternate Protocol', 'Apture Linking Platform', 'Better Lead Generation Services', 'Elementor', 'EmbedPress', 'Essential Addons for Elementor', 'Google Analytics', 'Google My Business', 'Google Related Website Sites', 'Google Tag Manager', 'Header, Footer and Blocks for Elementor', 'Hello Elementor', 'Instagram Follow Button', 'Lazy Load for WordPress', 'LiteSpeed', 'Microdata for Google Shopping', 'NFOrce Internet', 'Ntent', 'PHP', 'QUIC', 'Site Kit', 'Theme In WP', 'TrustIndex', 'UTF-8', 'WP Accessibility', 'WP Rocket', 'Woo Themes', 'WooCommerce Checkout', 'WordPress', 'WordPress Multisite', 'WordPress Related Posts', 'jQuery', 'reCAPTCHA']"
manciniskitchen.com,"Mancini's Kitchen - Best Pizza & Italian Food in South Lyon, MI",Mancini's Kitchen,USA,82,4361,2026-09-15T16:08:56.481055343Z,"['Alternate Protocol', 'Astra Theme', 'Content Delivery Network', 'Elementor', 'EmbedPress', 'GZIP Module', 'Google', 'Google Cloud DNS', 'Google Font API', 'Google Maps', 'Google My Business', 'Instagram Follow Button', 'Microdata for Google Shopping', 'NFOrce Internet', 'Nginx', 'PHP', 'QUIC', 'Schema Plugin', 'Theme In WP', 'Twitter Ads', 'UTF-8', 'WP Accessibility', 'WhatsApp Sharing', 'Woo Themes', 'WordPress', 'WordPress Multisite', 'WordPress Related Posts', 'Yelp Badge', 'jQuery']"
knockoutplumbingaz.com,"Plumbing Company In The East Valley | Knockout Plumbing, LLC",Knockout Plumbing LLC,USA,77,39490,2026-09-15T15:28:41.443944141Z,"['AWS WAF Challenge', 'Alternate Protocol', 'Amazon', 'Amazon CloudFront', 'Amazon S3 CDN', 'Amazon WAF Blocked', 'Anti-spam for WordPress', 'Apache', 'Apture Linking Platform', 'Astra Theme', 'CallRail', 'CleanTalk Spam Protect', 'CloudFront', 'Contact Form Plugin', 'Content Delivery Network', 'DAV', 'EmbedPress', 'Express', 'Fireblade', 'GenerateBlocks', 'Getwid Gutenberg Blocks', 'Google', 'Google Analytics', 'Google Cloud DNS', 'Google Font API', 'Google My Business', 'Google Related Website Sites', 'Google Tag Manager', 'Gutentor', 'Instagram Follow Button', 'Max Mega Menu', 'Max Mega Menu Pro', 'Microdata for Google Shopping', 'Microsoft Clarity', 'Nginx', 'PHP', 'Perl', 'Photo Gallery by FooGallery', 'Popup Maker for Wordpress', 'QUIC', 'Storyblocks', 'Tailwind CSS', 'Theme In WP', 'TrustIndex', 'UTF-8', 'Ultimate Addons for Gutenberg', 'WP Accessibility', 'WordPress', 'WordPress Multisite', 'WordPress Related Posts', 'Yelp Badge', 'YouTube', 'jQuery', 'reCAPTCHA']"
frontcourtgroup.com,Frontcourt Group - Connecting You With the Right Capital & Partner,,,67,469,2026-09-15T15:18:02.060288105Z,"['Alternate Protocol', 'Apache', 'Contact Form Plugin', 'EmbedPress', 'GZIP Module', 'Google Cloud DNS', 'Google Font API', 'Microdata for Google Shopping', 'PHP', 'Schema Plugin', 'Sitelinks Search Box', 'Svelte', 'Theme In WP', 'UTF-8', 'Vimeo', 'WP Accessibility', 'WP Rocket', 'WPBakery', 'WordPress', 'WordPress Multisite', 'jQuery']"
jcpplumbingheatingcooling.com,"Polinski Mechanical, Inc.; DBA; JCP Plumbing, Heating & Cooling","Polinski Mechanical, Inc.; DBA; JCP Plumbing, Heating & Cooling",,67,1739,2026-09-15T14:30:54.951206491Z,"['Adult Content', 'Alternate Protocol', 'Apache', 'Contact Form Plugin', 'EmbedPress', 'Google My Business', 'IcoMoon', 'Microdata for Google Shopping', 'PHP', 'Perl', 'QUIC', 'Sitelinks Search Box', 'ThemeFusion', 'UTF-8', 'WP Accessibility', 'WordPress', 'WordPress Multisite', 'jQuery', 'reCAPTCHA']"
crosbydentalprofessionals.com,Golden Family Dentistry | Crosby Dentist | Dr. Lauren Golden,Golden Family Dentistry,,77,9280,2026-09-15T14:09:42.024690146Z,"['Adit Dental Software', 'Amazon WAF Blocked', 'Apache', 'Apture Linking Platform', 'Bookform', 'Contact Form Plugin', 'EmbedPress', 'Fastly', 'FormSubmit', 'GZIP Module', 'Google Cloud DNS', 'Google Maps', 'Google My Business', 'Instagram Follow Button', 'Lazy Load for WordPress', 'Microdata for Google Shopping', 'PHP', 'Theme In WP', 'UTF-8', 'WP Accessibility', 'WP Rocket', 'WordPress', 'WordPress Multisite', 'jQuery']"
wwdwa.org.au,WWDWA Inc – Women With Disabilities WA Inc,,GBR,65,49,2026-09-15T12:00:18.579828443Z,"['Alternate Protocol', 'Apache', 'EmbedPress', 'GZIP Module', 'PHP', 'Theme In WP', 'Twenty Sixteen', 'UTF-8', 'WP Accessibility', 'WordPress', 'WordPress Multisite', 'jQuery']"
stevenbaileyplumbing.com,San Francisco Plumber | Steven Bailey Plumbing & Rooter,Steven Bailey Plumbing,USA,77,8586,2026-09-15T10:52:42.645333241Z,"['AI Log', 'Alternate Protocol', 'Bing Cashback', 'Bulma', 'Cisco/Arrowpoint Content Service Switch', 'DAV', 'EmbedPress', 'Font Awesome', 'GZIP Module', 'Google Analytics', 'Google My Business', 'Google Tag Manager', 'Gravity', 'Gravity Forms', 'Housecall Pro', 'Microdata for Google Shopping', 'Nginx', 'PHP', 'Perl', 'QUIC', 'Tailwind CSS', 'Theme In WP', 'UTF-8', 'W3 Total Cache', 'WP Accessibility', 'WordPress', 'WordPress Multisite', 'jQuery', 'reCAPTCHA']"
millburnlibrary.org,Millburn Public Library,,GBR,75,8458,2026-09-15T10:52:42.593468801Z,"['AJAX Libraries API', 'Alternate Protocol', 'Analytify', 'Apache', 'Constant Contact', 'EmbedPress', 'Google Analytics', 'Google Cloud DNS', 'Google Font API', 'Google Forms', 'Google My Business', 'Google Tag Manager', 'Gtranslate for Wordpress', 'Instagram Feed for WordPress', 'Instagram Follow Button', 'Mosio', 'PHP', 'QUIC', 'Shortcodes Ultimate', 'Slider Revolution', 'Tailwind CSS', 'Theme In WP', 'UTF-8', 'University or College', 'WP Accessibility', 'WP Super Cache', 'WordPress', 'WordPress Multisite', 'YouTube', 'jQuery']"
cercp.ca,Cancer Screening - The Central East Regional Cancer Program,The Central East Regional Cancer Program,CAN,87,46395,2026-09-15T09:02:18.026941109Z,"['Alternate Protocol', 'Amazon WAF Blocked', 'Apture Linking Platform', 'Beaver Builder Lite', 'Cloudflare', 'CoBlocks', 'Content Delivery Network', 'Contento', 'Cookie Accept', 'Cookie Notice', 'EmbedPress', 'GoDaddy', 'Google', 'Google Analytics', 'Google Cloud DNS', 'Google Font API', 'Google Tag Manager', 'Gravity', 'Gravity Forms', 'Gtranslate for Wordpress', 'Instagram Follow Button', 'Matomo', 'Matomo Tag Manager', 'Microdata for Google Shopping', 'PHP', 'Pagekit', 'Schema Plugin', 'Simple Banner for Wordpress', 'The Events Calendar', 'UTF-8', 'WP Accessibility', 'WP Google Maps', 'WP Rocket', 'Wangsu', 'Website Tonight', 'WordPress', 'WordPress Multisite', 'YouTube']"
jwoodandcompany.com,J Wood and Company – Motorcycle and Estate Auctions,,,60,13319,2026-09-15T07:58:03.983890125Z,"['Alternate Protocol', 'Beaver Builder Lite', 'Cloudflare', 'CoBlocks', 'Coming Soon Page', 'Constant Contact', 'Content Delivery Network', 'Contento', 'EmbedPress', 'GoDaddy', 'PHP', 'Theme In WP', 'UTF-8', 'WP Accessibility', 'Wangsu', 'WordPress', 'WordPress Multisite', 'jQuery']"
wortleyroaddental.com,London Ontario Dental Clinic | Wortley Road Dental,Wortley Road Dental,USA,77,86162,2026-09-15T07:49:33.466973747Z,"['Adult Content', 'Alternate Protocol', 'Amazon S3 CDN', 'Amazon WAF Blocked', 'Angular', 'Anti-spam for WordPress', 'Apache', 'Baidu Ads', 'Baidu Cloud', 'Bing Cashback', 'CallRail', 'CleanTalk Spam Protect', 'Contact Form Plugin', 'Divi', 'DuracellTomi Google Tag Manager for WordPress', 'Elegant Themes', 'EmbedPress', 'Facebook Conversion Tracking', 'Facebook Login', 'Facebook Messenger Platform', 'Facebook Pixel', 'Facebook Reseller', 'Facebook Tag API', 'Fireblade', 'GZIP Module', 'Google', 'Google Analytics', 'Google Cloud CDN', 'Google Cloud DNS', 'Google Font API', 'Google My Business', 'Google Related Website Sites', 'Google Tag Manager', 'MailChimp for WordPress', 'Media.net', 'Microdata for Google Shopping', 'Ntent', 'PHP', 'Plerdy', 'QUIC', 'Simple Lightbox', 'Storyblocks', 'Thank You', 'Theme In WP', 'TrustIndex', 'UTF-8', 'University or College', 'Vista Cloud', 'WP Accessibility', 'Woo Themes', 'WordPress', 'WordPress Multisite', 'Yandex Hosting', 'eLand', 'jQuery']"
bayareateenscience.org,Home - Bay Area Teen Science,Bay Area Teen Science (B.A.T.S.),VEN,75,35016,2026-09-15T07:39:33.125159287Z,"['AWS WAF Challenge', 'Alternate Protocol', 'Cisco/Arrowpoint Content Service Switch', 'Cloudflare', 'Content Delivery Network', 'EmbedPress', 'Eventbrite', 'Google Analytics', 'Google Forms', 'Google My Business', 'Google Tag Manager', 'InitiativeS', 'Instagram Feed for WordPress', 'Instagram Follow Button', 'Jetpack', 'Menu Icons by ThemeIsle', 'Microdata for Google Shopping', 'Python', 'QUIC', 'Siteimprove', 'Twenty Twenty-Three', 'UTF-8', 'University or College', 'WP Accessibility', 'WP Engine', 'WordPress', 'WordPress Multisite', 'WordPress Stats', 'Zoom', 'Zoom Video Conferencing', 'jQuery']"
leigh-surrey.org.uk,Leigh Village in Surrey - Parish Council Website,,CAN,82,285,2026-09-15T07:21:51.223386688Z,"['Alternate Protocol', 'EmbedPress', 'Express', 'Google Cloud DNS', 'Google Font API', 'MailChimp for WordPress', 'Microdata for Google Shopping', 'PHP', 'QUIC', 'Theme In WP', 'TownPress Theme', 'UTF-8', 'WP Accessibility', 'WPBakery', 'WordPress', 'WordPress Multisite', 'jQuery']"
clinicalpracticeskills.org,Clinical Practice Foundation Skills LLC,Clinical Practice Foundation Skills LLC,IND,82,2185,2026-09-15T05:40:36.982310932Z,"['Alternate Protocol', 'Apture Linking Platform', 'Content Delivery Network', 'Elementor', 'ElementsKit Elementor', 'EmbedPress', 'Essential Addons for Elementor', 'Hello Elementor', 'Instagram Follow Button', 'Microdata for Google Shopping', 'NFOrce Internet', 'PHP', 'Sucuri Cloudproxy', 'Theme In WP', 'UTF-8', 'WP Accessibility', 'WordPress', 'WordPress Multisite', 'jQuery']"
hbtfcu.com,"Houston Belt and Terminal Federal Credit Union|Not for profit, but for service",,USA,65,2746,2026-09-15T05:22:11.956459716Z,"['Alternate Protocol', 'Divi', 'Elegant Themes', 'EmbedPress', 'GZIP Module', 'Google', 'Google Cloud CDN', 'Google Cloud DNS', 'Google Font API', 'Nginx', 'PHP', 'Theme In WP', 'UTF-8', 'WP Accessibility', 'Woo Themes', 'WordPress', 'WordPress Multisite', 'jQuery']"
birdhousesbyart.com,Unique Handmade Birdhouses | By Art Lituchy,,,60,10499,2026-09-15T04:01:55.906427318Z,"['AWS WAF Challenge', 'Alternate Protocol', 'Cloudflare', 'Column Shortcodes', 'Content Delivery Network', 'Contento', 'DuracellTomi Google Tag Manager for WordPress', 'Elementor', 'EmbedPress', 'HandL UTM Grabber', 'Kriesi.at', 'Microdata for Google Shopping', 'PHP', 'Sitelinks Search Box', 'Sticky Header Effects for Elementor', 'Theme In WP', 'UTF-8', 'WP Accessibility', 'WP Engine', 'WordPress', 'WordPress Multisite', 'jQuery', 'myStickymenu']"
ocfabenevolent.org,Home -,Orange County Fire Authority Benevolent Association,USA,65,34522,2026-09-15T03:41:31.063578408Z,"['AWS WAF Challenge', 'Alternate Protocol', 'AutoComplete', 'Bulma', 'Cloudflare', 'CoBlocks', 'Content Delivery Network', 'EmbedPress', 'Events Manager for WordPress', 'Font Awesome', 'GoDaddy', 'Google Cloud DNS', 'Google Font API', 'Instagram Follow Button', 'Max Mega Menu', 'Max Mega Menu Pro', 'Microdata for Google Shopping', 'Oddle', 'PHP', 'Sitelinks Search Box', 'StackPath', 'Tailwind CSS', 'Theme In WP', 'UTF-8', 'WP Accessibility', 'Wangsu', 'WonderPush', 'Woo Themes', 'WooCommerce', 'WooCommerce Checkout', 'WordPress', 'WordPress Multisite', 'jQuery']"
mindbank.com,Mindbank,Mindbank,USA,65,1877,2026-09-15T03:41:31.058179313Z,"['Alternate Protocol', 'Content Delivery Network', 'Elementor', 'EmbedPress', 'Essential Addons for Elementor', 'Google Cloud DNS', 'Google Font API', 'Hello Elementor', 'Microdata for Google Shopping', 'NFOrce Internet', 'Nginx', 'PHP', 'Premium Addons for Elementor', 'Theme In WP', 'Twitter Ads', 'UTF-8', 'WP Accessibility', 'WordPress', 'WordPress Multisite', 'jQuery']"
lavistamedical.com,Primary Care - Internal Medicine clinic | Diamond Bar CA.,La Vista Medical Center,USA,92,67918,2026-09-15T03:25:28.599325666Z,"['AWS WAF Challenge', 'Alternate Protocol', 'Amazon WAF Blocked', 'Apture Linking Platform', 'Cloudflare', 'Cloudflare Web Analytics', 'Complianz', 'Content Delivery Network', 'DAV', 'Elementor', 'EmbedPress', 'Essential Addons for Elementor', 'Essential Blocks for Gutenberg', 'Facebook Conversion Tracking', 'Facebook Login', 'Facebook Messenger Platform', 'Facebook Pixel', 'Facebook Reseller', 'Facebook Tag API', 'Font Awesome', 'Google Analytics', 'Google Maps', 'Google My Business', 'Google Tag Manager', 'Hello Elementor', 'Microdata for Google Shopping', 'NFOrce Internet', 'NitroPack', 'Ntent', 'Perl', 'QUIC', 'SMC', 'Table Addons for Elementor', 'TrustIndex', 'UTF-8', 'WP Accessibility', 'WordPress', 'WordPress Multisite', 'Yelp Badge']"
oldsantaynezdays.com,"Old Santa Ynez Days - Saturday, June 24th",Old Santa Ynez Days,BRA,82,21748,2026-09-15T01:02:22.268909102Z,"['Alternate Protocol', 'Content Delivery Network', 'Elementor', 'EmbedPress', 'Google Analytics', 'Google Tag Manager', 'Hello Elementor', 'LiteSpeed', 'M247', 'Microdata for Google Shopping', 'NFOrce Internet', 'PHP', 'Theme In WP', 'UTF-8', 'WP Accessibility', 'WordPress', 'WordPress Multisite', 'jQuery']"
