domain,title,business_name,country,seo_score,tech_spend,crawled_at,technologies
fractalmodel.com,FRACTAL MODEL™,,USA,65,2148,2026-10-05T14:56:41.931795793Z,"['Alternate Protocol', 'Apture Linking Platform', 'Bulma', 'Cognito Forms', 'EmbedPress', 'GZIP Module', 'Google Analytics', 'Google Cloud DNS', 'Google Font API', 'Google My Business', 'Google Tag Manager', 'Gravity Forms', 'Happy Fox Chat', 'IcoMoon', 'LayerSlider Responsive', 'LiteSpeed', 'MonsterInsights', 'Omega', 'PHP', 'QUIC', 'Slider Revolution', 'Theme In WP', 'UTF-8', 'WPBakery', 'Woo Themes', 'WordPress', 'WordPress Multisite', 'eLand', 'jQuery']"
husrekond.se,Husrekond,,SWE,60,214,2026-10-05T14:49:16.884621382Z,"['Alternate Protocol', 'Apache', 'Bulma', 'CDN JS', 'Cloudflare', 'Cloudflare CDN', 'Contact Form Plugin', 'EWWW Image Optimizer', 'EmbedPress', 'GZIP Module', 'Google Analytics', 'Google Tag Manager', 'Instagram Follow Button', 'PHP', 'Pipedrive', 'QUIC', 'Slider Revolution', 'Theme In WP', 'UTF-8', 'WP Bootstrap Starter', 'WPBakery', 'Woo Themes', 'WooCommerce', 'WooCommerce Checkout', 'WordPress', 'WordPress Multisite', 'eLand', 'jQuery']"
adrianfurnham.com,"Adrian Furnham – Professor of Psychology, author and academic",,GBR,80,2166,2026-10-05T14:49:16.873921114Z,"['Bulma', 'Contact Form Plugin', 'Content Delivery Network', 'EmbedPress', 'Google Analytics', 'Google My Business', 'IcoMoon', 'LiteSpeed', 'No-Q', 'PHP', 'Subversion', 'Theme In WP', 'UTF-8', 'University or College', 'WordPress', 'WordPress Multisite', 'Wordfence', 'YouTube', 'reCAPTCHA']"
red3sss.com.mx,RedSSS,,MEX,50,147,2026-10-05T14:49:16.8583511Z,"['Bulma', 'Google Cloud DNS', 'Google Font API', 'Nginx', 'Parallels Plesk Panel', 'Tailwind CSS']"
clayedgecapitals.com,Clayedgecapitals,,USA,67,41178,2026-10-05T14:46:26.159618644Z,"['Bulma', 'Cloudflare', 'Fireblade', 'GTranslate', 'GetButton.io', 'Google Related Website Sites', 'Instagram Follow Button', 'JivoSite', 'K2F', 'LiteSpeed', 'QUIC', 'Tailwind CSS', 'Twitter Ads', 'UTF-8']"
palacetheatremanchester.co.uk,Palace Theatre Manchester - What's On Guide,,GBR,87,7899,2026-10-05T14:42:56.55126358Z,"['34SP.com', 'Booking Affiliate', 'Bulma', 'CDN JS', 'Cloudflare', 'Cloudflare CDN', 'Cloudinary', 'Coming Soon Page', 'Express', 'GZIP Module', 'Google', 'Google Analytics', 'Google Cloud DNS', 'Google Font API', 'Google Related Website Sites', 'Google Tag Manager', 'Instagram Follow Button', 'Materialize CSS', 'Microdata for Google Shopping', 'Nginx', 'PHP', 'Parallels Plesk Panel', 'Perl', 'QUIC', 'Schema Plugin', 'Tailwind CSS', 'TermsFeed', 'Twitter Ads', 'UTF-8', 'YouTube', 'eLand', 'jQuery', 'shadcn ui']"
level3creative.com,"Graphic design, digital design, web design, creative marketing, 3D modelling, Hampshire, Hook, Hartley Wintney, UK - Level 3 Creative",,,62,24700,2026-10-05T14:42:56.548123951Z,"['AWS WAF Challenge', 'Bulma', 'CDN JS', 'Cloudflare', 'Cloudflare CDN', 'Google Analytics', 'Google Tag Manager', 'Nginx', 'Parallels Plesk Panel', 'Prospective', 'StackPath', 'Twitter Ads', 'jQuery']"
topsitestx.com,TOPSITES Construction,,,62,15040,2026-10-05T14:41:05.366137454Z,"['AWS WAF Challenge', 'Bulma', 'Google Cloud DNS', 'Google Font API', 'Google My Business', 'LiteSpeed', 'PHP', 'UTF-8']"
jonathanpage.info,Jonathan Page,,CAN,55,102,2026-10-05T14:41:05.351126071Z,"['Apache', 'Bulma', 'DAV', 'Font Awesome', 'GZIP Module', 'Google Cloud DNS', 'Google Font API', 'jsDelivr']"
100plusacademy.com,"100 Plus Academy | Best Coaching for JEE, NEET & Boards in Gurugram",,IND,77,2908,2026-10-05T14:41:05.345504584Z,"['Apache', 'Apture Linking Platform', 'Bulma', 'Facebook Conversion Tracking', 'Facebook Login', 'Facebook Messenger Platform', 'Facebook Pixel', 'Facebook Reseller', 'Facebook Tag API', 'GZIP Module', 'Google', 'Google Analytics', 'Google Cloud DNS', 'Google Font API', 'Google My Business', 'Google Tag Manager', 'IcoMoon', 'Instagram Follow Button', 'Microdata for Google Shopping', 'Microsoft Clarity', 'Perl', 'QUIC', 'Tailwind CSS', 'UTF-8', 'University or College', 'YouTube']"
welltree.blog,WellTree – WellTree Blog,,USA,70,466,2026-10-05T14:41:05.328937849Z,"['Accordion Blocks', 'Alternate Protocol', 'Bulma', 'Content Delivery Network', 'DAV', 'EmbedPress', 'GZIP Module', 'Google Cloud DNS', 'Google Font API', 'Jetpack', 'Nginx', 'Nisarg', 'PHP', 'Theme In WP', 'UTF-8', 'University or College', 'Woo Themes', 'WordPress', 'WordPress Multisite', 'WordPress Stats', 'bbPress', 'jQuery']"
limousinenservice-zuerich.ch,Executive Drive Solution & Travel In Style,,CHE,77,21203,2026-10-05T14:33:05.434207543Z,"['Alternate Protocol', 'Amazon WAF Blocked', 'Apture Linking Platform', 'Borlabs Cookie', 'Bulma', 'Divi', 'Elegant Themes', 'EmbedPress', 'Fireblade', 'IcoMoon', 'Instagram Follow Button', 'Microdata for Google Shopping', 'Nginx', 'PHP', 'Theme In WP', 'UTF-8', 'Vector Internet Services', 'WP Rocket', 'WPML Multilingual', 'Woo Themes', 'WordPress', 'WordPress Multisite', 'eLand', 'jQuery', 'jsDelivr', 'myStickymenu']"
scginspires.com,Home | SCG Inspires,,IND,57,203,2026-10-05T14:33:05.432432189Z,"['AWS WAF Challenge', 'Apache', 'Bulma', 'GZIP Module', 'Google Analytics', 'Google Cloud DNS', 'Google Font API', 'Google Tag Manager', 'PHP', 'QUIC', 'Tawk', 'UTF-8']"
uno-cadenazzo.ch,Uno Cadenazzo,,CHE,77,3026,2026-10-05T14:29:44.915479448Z,"['Alternate Protocol', 'Azion', 'Borlabs Cookie', 'Bulma', 'Contact Form Plugin', 'EmbedPress', 'GZIP Module', 'Google Analytics', 'Google My Business', 'Google Tag Manager', 'Microdata for Google Shopping', 'Nginx', 'PHP', 'Pagekit', 'Polylang', 'Smush Image Optimization', 'Theme In WP', 'UTF-8', 'Vello', 'WordPress', 'WordPress Multisite', 'eLand', 'jQuery', 'reCAPTCHA']"
orlikow.ca,"Home - City Councillor John Orlikow, River Heights - Fort Garry",John Orlikow,CAN,72,1526,2026-10-05T14:20:23.191913811Z,"['Alternate Protocol', 'Apache', 'Bulma', 'EmbedPress', 'GZIP Module', 'Google Analytics', 'Google Cloud DNS', 'Google Font API', 'Google My Business', 'Microdata for Google Shopping', 'Ninja Forms', 'PHP', 'Schema Plugin', 'Slider Revolution', 'Tailwind CSS', 'The Events Calendar', 'Theme In WP', 'Twitter Ads', 'UTF-8', 'WordPress', 'WordPress Multisite', 'jQuery', 'reCAPTCHA']"
tz.net,TZ Limited (TZL) | Investor Centre,,,67,53616,2026-10-05T14:13:36.00616884Z,"['AWS WAF Challenge', 'Alternate Protocol', 'Bulma', 'CDN JS', 'Cloudflare', 'Cloudflare CDN', 'Content Delivery Network', 'Corporate Governance and Regulatory Compliance', 'DuracellTomi Google Tag Manager for WordPress', 'Elementor', 'EmbedPress', 'Fireblade', 'Google', 'Google Analytics', 'Google Cloud DNS', 'Google Font API', 'Google My Business', 'Google Related Website Sites', 'Google Tag Manager', 'HubSpot Conversations', 'HubSpot WordPress Plugin', 'Hubspot', 'IcoMoon', 'LinkedIn Insights', 'LinkedIn Pixel', 'Microdata for Google Shopping', 'Nginx', 'PHP', 'Theme In WP', 'UTF-8', 'University or College', 'WordPress', 'WordPress Multisite', 'YouTube', 'jQuery']"
starrysmileuae.com,Best Dental Clinic in Dubai Top Dentist in Al Furjan Starry Smile,Starry Smile Dental Centre,,67,3861,2026-10-05T14:13:36.006978019Z,"['Alternate Protocol', 'Apache', 'Apture Linking Platform', 'Bulma', 'Contact Form Plugin', 'Elementor', 'EmbedPress', 'GZIP Module', 'Google Adsense', 'Google Analytics', 'Google Cloud DNS', 'Google Custom Search', 'Google Font API', 'Google Funding Choices', 'Google Matched Content', 'Google My Business', 'Google Reseller', 'Google Tag Manager', 'Instagram Follow Button', 'Max Mega Menu', 'Max Mega Menu Pro', 'Microdata for Google Shopping', 'NFOrce Internet', 'Ntent', 'PHP', 'Popup Maker for Wordpress', 'SiteW', 'Theme In WP', 'TrustIndex', 'UTF-8', 'WordPress', 'WordPress Multisite', 'YouTube', 'jQuery', 'reCAPTCHA']"
kolkataestate.in,KolkataEstate.com | Property Consultants in Salt Lake City & New Town,,USA,67,8960,2026-10-05T14:13:35.99625334Z,"['Apache', 'Bulma', 'Daily Deals', 'GZIP Module', 'Google Cloud DNS', 'Google Font API', 'Google My Business', 'Google Related Website Sites', 'Instagram Follow Button', 'Microdata for Google Shopping', 'Neighborhoods', 'PHP', 'Prospective', 'QUIC', 'Tailwind CSS', 'UTF-8', 'WhatsApp Sharing', 'YouTube', 'jsDelivr', 'reCAPTCHA']"
damianlapinski.art,HOME | Damian Łapiński - Młody pianista,,,65,607,2026-10-05T14:13:35.989662746Z,"['AJAX Libraries API', 'Bulma', 'Font Awesome', 'Google Cloud DNS', 'Google Font API', 'Google Maps', 'IcoMoon', 'QUIC', 'YouTube', 'jQuery']"
biopulse.org,DEVICES AND SOFTWARE FOR DIAGNOSTICS AND TREATMENT FOR ALTERNATIVE MEDICINE. BEST PRICE.,,SGP,87,10207,2026-10-05T14:09:47.037693647Z,"['ADFOX', 'Alternate Protocol', 'Bulma', 'Font Awesome', 'Google Analytics', 'Google Cloud DNS', 'Google Font API', 'Google Maps', 'Google My Business', 'Google Tag Manager', 'IcoMoon', 'Tailwind CSS', 'UTF-8', 'WhatsApp Sharing', 'Yandex Hosting', 'Yandex Metrika', 'YouTube', 'eLand', 'reCAPTCHA']"
astoncrest.com,"Aston Crest | Lake Mary, FL | Andrew Scheirer : Aston Crest",,USA,77,21795,2026-10-05T14:09:47.018794516Z,"['AWS WAF Challenge', 'Akismet', 'Alternate Protocol', 'Amazon WAF Blocked', 'Aruba', 'Bulma', 'Cloudflare', 'EmbedPress', 'Font Awesome', 'Google Analytics', 'Google Cloud DNS', 'Google Font API', 'Google Tag Manager', 'Gravity', 'Gravity Forms', 'Matomo', 'Matomo Tag Manager', 'Microdata for Google Shopping', 'PHP', 'Pagekit', 'Perl', 'Sitelinks Search Box', 'StackPath', 'Tailwind CSS', 'Theme In WP', 'UTF-8', 'University or College', 'Vimeo', 'WP Engine', 'WordPress', 'WordPress Multisite', 'eLand', 'jQuery']"
loweltd.co.uk,Maintenance Services in the UK | Lowe Design & Construction,,,67,19504,2026-10-05T14:09:47.015558574Z,"['Apache', 'ArvanCloud', 'Bulma', 'CDN JS', 'Cloudflare', 'Cloudflare CDN', 'Fancybox for WordPress', 'Fireblade', 'Google Analytics', 'Google Cloud DNS', 'Google Font API', 'Google My Business', 'Google Tag Manager', 'Instagram Follow Button', 'StackPath', 'Tailwind CSS', 'UK Cookie Consent', 'UTF-8', 'jsDelivr', 'reCAPTCHA']"
dewateringservicesindia.com,Classic Enterprises - Dewatering Service in India,Classic Enterprises - Dewatering Service India,IND,77,9338,2026-10-05T14:09:47.010363394Z,"['Alternate Protocol', 'Amazon', 'Amazon CloudFront', 'Bulma', 'CloudFront', 'Contact Form Plugin', 'EmbedPress', 'Font Awesome', 'GetButton.io', 'Google', 'Google Analytics', 'Google Cloud DNS', 'Google Font API', 'Google My Business', 'Google Related Website Sites', 'Google Tag Manager', 'LiteSpeed', 'Microdata for Google Shopping', 'PHP', 'QUIC', 'StackPath', 'Theme In WP', 'UTF-8', 'WordPress', 'WordPress Multisite', 'jsDelivr', 'reCAPTCHA']"
evbuilder9896.com,Esteem Venture Builders (M) Sdn Bhd,,,52,159,2026-10-05T14:03:50.914298345Z,"['Bulma', 'CDN JS', 'Cloudflare', 'Cloudflare CDN', 'Fancybox for WordPress', 'FreeCSSTemplates', 'Google Cloud DNS', 'Google Font API', 'Google My Business', 'IcoMoon', 'LiteSpeed', 'PHP', 'QUIC', 'Tailwind CSS', 'UTF-8', 'WhatsApp Sharing', 'jQuery', 'reCAPTCHA']"
flexpallets.au,Flex Pallet - A Better Way,,,55,3,2026-10-05T13:56:36.155381176Z,"['Apache', 'Bulma', 'CDN JS', 'Cloudflare', 'Cloudflare CDN', 'Google Cloud DNS', 'Google Font API', 'QUIC', 'Tailwind CSS', 'UTF-8']"
essentialheatingsolutions.co.uk,Essential Heating Solutions | Boiler Breakdown | New Boilers | Norfolk,,GBR,77,16200,2026-10-05T13:56:36.154961534Z,"['Better Lead Generation Services', 'Bulma', 'Cloudflare', 'Cloudflare CDN', 'Cloudflare Web Analytics', 'Contao Cookie Consent', 'Fireblade', 'Google My Business', 'Investor Relations', 'Microdata for Google Shopping', 'PWA', 'Perl', 'Schema Plugin', 'Tailwind CSS', 'UTF-8', 'reCAPTCHA']"
mudsuite.com,Mudsuite Professional Website,,,67,2980,2026-10-05T13:56:36.146755131Z,"['Bulma', 'ElementUI', 'GZIP Module', 'Google Cloud DNS', 'Google Font API', 'Instagram Follow Button', 'Microsoft Azure', 'Microsoft IIS', 'QUIC', 'Twitter Ads', 'Visual Studio', 'WhatsApp Sharing']"
benjaminjcarlson.com,Benjamin Carlson | About Me,,USA,70,15508,2026-10-05T13:56:36.144584541Z,"['AWS WAF Challenge', 'Apture Linking Platform', 'Bulma', 'CDN JS', 'Cloudflare', 'Cloudflare CDN', 'GZIP Module', 'GitHub Hosting', 'Google Cloud DNS', 'Google Font API', 'Hugo', 'IcoMoon', 'Python', 'Tailwind CSS', 'UTF-8', 'University or College']"
pulsedigital.ae,"Pulse Digital-Premium Digital Marketing Agency in Dubai, Abu Dhabi & Riyadh",Pulse Digital,JPN,92,35566,2026-10-05T13:56:36.143360316Z,"['AWS WAF Challenge', 'Alternate Protocol', 'Brevo', 'Bulma', 'Content Delivery Network', 'DoubleClick Bid Manager', 'Elementor', 'ElementsKit Elementor', 'EmbedPress', 'Fastly', 'Fireblade', 'GZIP Module', 'Google Analytics', 'Google My Business', 'Google Tag Manager', 'Instagram Follow Button', 'Line2', 'LiteSpeed', 'Microdata for Google Shopping', 'Microsoft Clarity', 'NFOrce Internet', 'QUIC', 'QUIC.cloud', 'Sitelinks Search Box', 'Tailwind CSS', 'Twitter Ads', 'UTF-8', 'University or College', 'WPML Multilingual', 'WordPress', 'WordPress Multisite', 'WordPress Related Posts', 'YouTube']"
fh-it.net,FHIT for Process,,DEU,45,,2026-10-05T13:56:36.13938023Z,"['Apache', 'Bulma', 'GZIP Module', 'QUIC', 'Tailwind CSS', 'UTF-8', 'jQuery']"
gearsupreme.com,Supreme Industrial Works,,IND,55,3,2026-10-05T13:50:47.806261158Z,"['Apache', 'Bulma', 'GZIP Module', 'Google Cloud DNS', 'Google Font API', 'UTF-8', 'jQuery', 'jsDelivr']"
robo.tec.br,robo tec br,,USA,60,2256,2026-10-05T13:48:23.415421662Z,"['AWS WAF Challenge', 'Apache', 'Bulma', 'DAV', 'GZIP Module', 'GitHub Hosting', 'IcoMoon', 'PHP', 'Python', 'QUIC', 'RM Education', 'University or College', 'Unix', 'YouTube']"
basskf.edu.in,Besant Arundale Senior Secondary School – Chennai,,AUS,65,606,2026-10-05T13:48:23.409503284Z,"['Alternate Protocol', 'Amazon S3 CDN', 'Apache', 'App Store', 'Bulma', 'Contact Form Plugin', 'Ditty News Ticker', 'EmbedPress', 'FreeCSSTemplates', 'GZIP Module', 'Google Cloud DNS', 'Google Font API', 'Google My Business', 'Google Play', 'Instagram Follow Button', 'Microdata for Google Shopping', 'OpenSSL', 'PHP', 'Pleroma', 'Schema Plugin', 'Storyblocks', 'TablePress', 'Theme In WP', 'Twitter Ads', 'UTF-8', 'University or College', 'Unix', 'WPBakery', 'Woo Themes', 'WooCommerce', 'WooCommerce Checkout', 'WordPress', 'WordPress Multisite', 'YouTube', 'eLand', 'jQuery']"
lucystruthers.com,Lucy Struthers | Professional showjumper and producer of quality horses,Lucy Struthers,DEU,82,3156,2026-10-05T13:48:23.393467766Z,"['Bulma', 'Cloudflare', 'Cloudflare CDN', 'Cloudflare Web Analytics', 'DAV', 'Google Analytics', 'Google Tag Manager', 'IcoMoon', 'LiteSpeed', 'Microdata for Google Shopping', 'NFOrce Internet', 'Oddle', 'PHP', 'Parcel', 'QUIC', 'UTF-8', 'WordPress', 'WordPress Multisite', 'jQuery']"
steptobegin.ma,STEP TO BEGIN – International Digital Marketing Agency,,,60,1703,2026-10-05T13:48:23.391320451Z,"['Alternate Protocol', 'Apture Linking Platform', 'Bulma', 'Elementor', 'EmbedPress', 'Formidable Pro Form', 'Google Cloud DNS', 'Google Customer Reviews', 'Google Font API', 'Google Maps', 'Instagram Follow Button', 'NFOrce Internet', 'PHP', 'Tailwind CSS', 'Theme In WP', 'UTF-8', 'Vector Internet Services', 'WordPress', 'WordPress Multisite', 'YouTube', 'jQuery']"
unpauseglobal.com,Unpause Global | Number 1 Global Logistic Company - Shop and Ship From US to Nigeria With Ease,,NGA,70,627,2026-10-05T13:42:43.51637166Z,"['Apache', 'Bulma', 'Express', 'Flexible Shipping', 'GZIP Module', 'GetButton.io', 'Google Analytics', 'Google Cloud DNS', 'Google Font API', 'Google Tag Manager', 'IcoMoon', 'Instagram Follow Button', 'PHP', 'QUIC', 'Tailwind CSS', 'Twitter Ads', 'UTF-8', 'jQuery']"
northbaylaser.com,Santa Rosa Laser & Skincare Center - North Bay Laser,North Bay Laser,USA,77,6165,2026-10-05T13:42:43.507425212Z,"['Alternate Protocol', 'Amazon WAF Blocked', 'Bulma', 'Elementor', 'EmbedPress', 'GZIP Module', 'Google', 'Google Cloud CDN', 'Google Cloud DNS', 'Google Font API', 'Google My Business', 'Gravity', 'Gravity Forms', 'Instagram Follow Button', 'Microdata for Google Shopping', 'NFOrce Internet', 'Nginx', 'PHP', 'QUIC', 'Sitelinks Search Box', 'Slider Revolution', 'StatCounter', 'Theme In WP', 'UTF-8', 'Woo Themes', 'WordPress', 'WordPress Multisite', 'YouTube', 'jQuery', 'reCAPTCHA']"
rajabauto.com,RAJAB AUTO SERVICES & COLLISION,,CAN,62,508,2026-10-05T13:42:43.501830412Z,"['AJAX Libraries API', 'Adobe Edge Web Fonts', 'Bulma', 'Google Cloud DNS', 'Google My Business', 'IcoMoon', 'PHP', 'UTF-8', 'jQuery']"
century21hawaiianstyle.com,Home - Patrick McMillen,,NZL,75,35620,2026-10-05T13:37:51.325705401Z,"['AJAX Libraries API', 'Alternate Protocol', 'Apache', 'Beaver Builder Lite', 'Bulma', 'CDN JS', 'CENTURY 21', 'Cloudflare', 'Cloudflare CDN', 'Debian', 'DuracellTomi Google Tag Manager for WordPress', 'EmbedPress', 'Font Awesome', 'GZIP Module', 'Google Analytics', 'Google Cloud DNS', 'Google Maps', 'Google My Business', 'Google Tag Manager', 'Harbor', 'LeadRouter', 'MoxiWorks', 'Neighborhoods', 'PHP', 'Prospective', 'Sitelinks Search Box', 'Thank You', 'UTF-8', 'WordPress', 'WordPress Multisite', 'jQuery', 'jsDelivr', 'reCAPTCHA']"
santafairafrique.com,Santa Fair Afrique – Biggest Trade Fair in Southeast Nigeria,,NGA,70,4275,2026-10-05T13:35:16.041137941Z,"['Alternate Protocol', 'Bulma', 'Contact Form Plugin', 'Content Delivery Network', 'Elementor', 'EmbedPress', 'Google', 'Google Cloud DNS', 'Google Font API', 'Hotjar', 'IcoMoon', 'Instagram Follow Button', 'LiteSpeed', 'PHP', 'PayPal Button', 'PayPal Form', 'Theme In WP', 'UTF-8', 'Woo Themes', 'WordPress', 'WordPress Multisite', 'jQuery']"
kolb-gartenpflege.de,"Hans Kolb - GaLabau, ökol. Landwirtschaft & Landschaftspflege",,,55,63,2026-10-05T13:35:16.014143572Z,"['Bulma', 'CDN JS', 'Cloudflare', 'Cloudflare CDN', 'Google', 'Google Cloud DNS', 'Google Font API', 'Nginx', 'Tailwind CSS', 'jsDelivr']"
turningpointpvtiti.org,Turning Point Pvt. ITI,,,55,359,2026-10-05T13:27:03.297128927Z,"['AWS WAF Challenge', 'Apache', 'Bulma', 'Google Cloud DNS', 'Google Font API', 'Google Forms', 'Google My Business', 'IcoMoon', 'Instagram Follow Button', 'PHP', 'UTF-8', 'University or College', 'YouTube', 'jQuery']"
ibanezingenieros.com,Ibañez Ingenieros,,SYC,57,159,2026-10-05T13:27:03.288684485Z,"['Apache', 'Bulma', 'Google Cloud DNS', 'Google Font API', 'IcoMoon', 'Tailwind CSS']"
fineworks.mn,Нүүр,,,47,3,2026-10-05T13:27:03.286055856Z,"['Bulma', 'Google Cloud DNS', 'Google Font API', 'Nginx', 'PHP', 'UTF-8', 'Winter CMS']"
tcatnet.es,Kit Digital TcatNet,,ESP,57,,2026-10-05T13:22:13.378936269Z,"['Apache', 'Bulma', 'FreeCSSTemplates', 'GZIP Module', 'Twitter Ads']"
seaviptransfer.com,seaviptransfer.com,,TUR,60,3,2026-10-05T13:22:13.370637076Z,"['Bulma', 'FreePrivacyPolicy.com', 'GZIP Module', 'GetResponse', 'Google Cloud DNS', 'Google Font API', 'Google Maps', 'Google My Business', 'Google Related Website Sites', 'Instagram Follow Button', 'Tailwind CSS', 'YouTube', 'jsDelivr', 'reCAPTCHA']"
semestamedika.com,Semesta Medika Makmur | Provide Best Medical Equipment,,IDN,72,2436,2026-10-05T13:22:13.36646428Z,"['Bulma', 'CDN JS', 'Cloudflare', 'Cloudflare CDN', 'Google Analytics', 'Google Tag Manager', 'IcoMoon', 'Instagram Follow Button', 'Nginx', 'OneSignal', 'Site.pro', 'Tailwind CSS', 'UTF-8', 'WhatsApp Sharing']"
bnglegalgroup.com,Burbank Personal Injury Lawyers - Burbank Law Firm,BNG Legal Group,USA,82,32870,2026-10-05T13:17:05.835325739Z,"['Add to Any', 'Alternate Protocol', 'Amazon', 'Amazon CloudFront', 'Apache', 'Bulma', 'CDN JS', 'Cisco/Arrowpoint Content Service Switch', 'CloudFront', 'Cloudflare', 'Cloudflare CDN', 'Cloudinary', 'Contact Form Plugin', 'Debian', 'Ditty News Ticker', 'EmbedPress', 'Fireblade', 'GZIP Module', 'Google', 'Google Analytics', 'Google Cloud DNS', 'Google Font API', 'Google Maps', 'Google My Business', 'Google Related Website Sites', 'Google Tag Manager', 'Instagram Follow Button', 'LiveChat', 'LiveChat Monitoring', 'Microdata for Google Shopping', 'PHP', 'Pagekit', 'Pleroma', 'QUIC', 'Sitelinks Search Box', 'Smush Image Optimization', 'Thank You', 'Theme In WP', 'UTF-8', 'WordPress', 'WordPress Multisite', 'jQuery', 'reCAPTCHA']"
ummeed.ngo,UMMEED NGO | Leading NGO in Lucknow for Social Welfare,#site_title,IND,77,20386,2026-10-05T13:14:23.750119932Z,"['AWS WAF Challenge', 'Alternate Protocol', 'Apache', 'Bulma', 'Cloudflare', 'Cloudflare CDN', 'Contact Form Plugin', 'Easy Facebook Like Box', 'Elementor', 'EmbedPress', 'Font Awesome', 'FreeCSSTemplates', 'GZIP Module', 'Google', 'Google Analytics', 'Google Cloud CDN', 'Google Cloud DNS', 'Google Font API', 'Google My Business', 'Google Related Website Sites', 'Google Tag Manager', 'InitiativeS', 'Jetpack', 'Lazy Load for WordPress', 'Microdata for Google Shopping', 'NFOrce Internet', 'PHP', 'Popup Maker for Wordpress', 'Site Kit', 'Sitelinks Search Box', 'Slider Revolution', 'Tailwind CSS', 'Theme In WP', 'UTF-8', 'WordPress', 'WordPress Multisite', 'jQuery']"
alseides-villas.gr,"Lefkada Villas, Lefkada Accommodation, Lefkada Apartments, Villas Alseides | Accommodation Lefkada Villas",,,55,219,2026-10-05T13:14:23.750392012Z,"['Alternate Protocol', 'Amazon CloudFront', 'Apache', 'Bulma', 'CloudFront', 'Contact Form Plugin', 'Cookie Accept', 'Cookie Notice', 'EmbedPress', 'GZIP Module', 'Google Analytics', 'Google Cloud DNS', 'Google Font API', 'Google Maps', 'Harbor', 'IcoMoon', 'PHP', 'Theme In WP', 'UTF-8', 'WPBakery', 'WPML Multilingual', 'WordPress', 'WordPress Multisite', 'eLand', 'jQuery']"
sinei-thai.com,"Sinei Industrial Co., Ltd.",,THA,67,35000,2026-10-05T13:14:23.73493051Z,"['Bulma', 'Cloudflare', 'Cloudflare CDN', 'Cloudflare Web Analytics', 'Fireblade', 'Google Analytics', 'Google Tag Manager', 'KVH', 'PHP', 'UTF-8', 'jQuery']"
upnews.today,UpNews.TODAY – The Speed of Tech. The Standards of News.,,USA,80,44019,2026-10-05T13:14:23.729014086Z,"['Alternate Protocol', 'BLR', 'Bulma', 'Cloudflare', 'CoBlocks', 'Contact Form Plugin', 'Content Delivery Network', 'DAV', 'Elementor', 'ElementsKit Elementor', 'EmbedPress', 'Essential Addons for Elementor', 'GoDaddy', 'Google', 'Google Adsense', 'Google Analytics', 'Google Cloud DNS', 'Google Font API', 'Google Funding Choices', 'Google Matched Content', 'Google My Business', 'Google Reseller', 'Google Tag Manager', 'HubSpot WordPress Plugin', 'IcoMoon', 'MailChimp for WordPress', 'PHP', 'QUIC', 'Secure Privacy', 'Site Kit', 'Theme In WP', 'Tumblr', 'UTF-8', 'Vector Internet Services', 'WPBakery', 'Wangsu', 'Woo Themes', 'WooCommerce', 'WooCommerce Checkout', 'WordPress', 'WordPress Multisite', 'jQuery']"
vannguyen.dev,Van Nguyen | Home,,GBR,55,63,2026-10-05T13:14:23.722426763Z,"['Bulma', 'CDN JS', 'Cloudflare', 'Cloudflare CDN', 'Content Delivery Network', 'Express', 'GitHub Hosting', 'Google', 'Google Cloud DNS', 'Google Font API', 'Python', 'Tailwind CSS', 'UTF-8', 'University or College', 'Vercel', 'jsDelivr']"
buttonpublish.com,BüttonPublish | The Editorial of Tomorrow to create Digital Publications,,ESP,82,3144,2026-10-05T13:08:55.062337883Z,"['Alternate Protocol', 'Apache', 'Apple Auto Link Maker', 'Bulma', 'CDN JS', 'Cloudflare', 'Cloudflare CDN', 'Contact Form Plugin', 'Download Monitor', 'EmbedPress', 'Font Awesome', 'Freshworks Bot', 'GZIP Module', 'Google Analytics', 'Google My Business', 'Google Play', 'IcoMoon', 'Instagram Follow Button', 'PHP', 'PWA', 'Polylang', 'SVG Support', 'Sitelinks Search Box', 'Theme In WP', 'Twitter Ads', 'UTF-8', 'WordPress', 'WordPress Multisite', 'jQuery']"
clockcenter.it,Clock Center - Assistenza Tecnica Orologi,,,70,4608,2026-10-05T13:08:55.054664574Z,"['Azion', 'Bulma', 'GZIP Module', 'Google Adsense', 'Google Analytics', 'Google Funding Choices', 'Google Matched Content', 'Google Reseller', 'IcoMoon', 'Microsoft Azure', 'Microsoft IIS', 'Tailwind CSS', 'Visual Studio']"
goldentechincorporation.com,Golden Tech Inc.,,,62,547,2026-10-05T13:08:55.053634832Z,"['Bulma', 'Google Cloud DNS', 'Google Font API', 'Google Maps', 'IcoMoon', 'LiteSpeed', 'QUIC', 'Slider Revolution', 'Tailwind CSS', 'jQuery']"
ayurrise.com,AyurRise - Ayurvedic Medical Tourism Services in India,,IND,77,2940,2026-10-05T13:08:55.050621292Z,"['Alternate Protocol', 'Bulma', 'CDN JS', 'Cloudflare', 'Cloudflare CDN', 'Google', 'Google Cloud DNS', 'Google Font API', 'Google Tag Manager', 'Instagram Follow Button', 'Metricool', 'Microdata for Google Shopping', 'QUIC', 'YouTube', 'jsDelivr']"
pambel.ru,Изготовление памятников из гранита и мрамора в г Белореченск - Памятники Белореченск,,RUS,65,9100,2026-10-05T13:05:06.829083224Z,"['ADFOX', 'ArvanCloud', 'Bulma', 'Fancybox for WordPress', 'FreeCSSTemplates', 'GZIP Module', 'Google Cloud DNS', 'Google Font API', 'Google Maps', 'Nginx', 'PHP', 'Tailwind CSS', 'UTF-8', 'Yandex Hosting', 'Yandex Metrika', 'jQuery', 'jsDelivr']"
miradentstudio.ro,Front Page – Miradent Studio,Miradent Studio,ROU,70,12152,2026-10-05T13:02:00.125950726Z,"['Alternate Protocol', 'BLR', 'Bulma', 'Elementor', 'EmbedPress', 'European Commission Online Dispute Resolution', 'GitHub Hosting', 'Google Analytics', 'Google Cloud DNS', 'Google Font API', 'Google My Business', 'Google Related Website Sites', 'Google Tag Manager', 'Hestia', 'IcoMoon', 'Instagram Follow Button', 'LiteSpeed', 'Microdata for Google Shopping', 'Ninja Forms', 'PHP', 'Site Kit', 'Theme In WP', 'Tumblr', 'Twitter Ads', 'UTF-8', 'WPForms', 'Woo Themes', 'WooCommerce Checkout', 'WordPress', 'WordPress Multisite', 'WordPress Related Posts', 'YouTube', 'jQuery']"
grupomarket.com.ar,Grupo Market,,,50,399,2026-10-05T13:02:00.12405507Z,"['Apache', 'Bulma', 'Google Cloud DNS', 'Google Font API', 'Google My Business', 'IcoMoon', 'PHP', 'StackPath', 'Tailwind CSS', 'Twitter Ads', 'UTF-8', 'YouTube', 'jQuery', 'reCAPTCHA']"
techybridthinktank.com,Techybrid ThinkTank Private Limited!,,IND,60,63,2026-10-05T13:02:00.122978129Z,"['Bulma', 'Google', 'Google Cloud DNS', 'Google Font API', 'LiteSpeed', 'jQuery', 'shadcn ui']"
studiofets.com,StudioFets. - StudioFets.,Studio Fets,NLD,70,3316,2026-10-05T13:02:00.117245872Z,"['Alternate Protocol', 'Bulma', 'Contact Form Plugin', 'EmbedPress', 'Formidable Pro Form', 'Google', 'Google Analytics', 'Google Cloud CDN', 'Google Cloud DNS', 'Google Font API', 'Google Tag Manager', 'IcoMoon', 'Instagram Follow Button', 'LiteSpeed', 'Microdata for Google Shopping', 'PHP', 'Slider Revolution', 'Theme In WP', 'UTF-8', 'Uncode', 'WP Logo Showcase', 'WPBakery', 'WordPress', 'WordPress Multisite', 'jQuery']"
jscars.uk,J&S Cars | J&S Cars - Quality Affordable Used cars for sale in Kent,,,62,15736,2026-10-05T13:02:00.114282399Z,"['AJAX Libraries API', 'Apache', 'Bulma', 'CDN JS', 'Cloudflare', 'Cloudflare CDN', 'Content Delivery Network', 'CookieConsent', 'Fireblade', 'Flat Icon', 'Font Awesome', 'GZIP Module', 'Google Cloud DNS', 'Google Font API', 'IcoMoon', 'OnlineWebFonts', 'PHP', 'QUIC', 'Tailwind CSS', 'UTF-8', 'WhatsApp Sharing', 'WordPress', 'jQuery', 'jsDelivr']"
sunfusion.co.za,Sunfusion | Solar & Water Solutions for Africa,,,62,2908,2026-10-05T13:02:00.111690855Z,"['Bulma', 'Google', 'Google Analytics', 'Google Cloud DNS', 'Google Font API', 'Google Tag Manager', 'IcoMoon', 'Instagram Follow Button', 'LiteSpeed', 'Tailwind CSS', 'Tawk', 'jQuery']"
uasubpoint.com.ng,"UASUBPOINT | We offer instant recharge of Airtime, Databundle, CableTV (DStv, GOtv & Startimes), Electricity Bill Payment and more",,NGA,67,,2026-10-05T13:02:00.108840321Z,"['Better Lead Generation Services', 'Bulma', 'LiteSpeed', 'QUIC', 'Tailwind CSS', 'UTF-8', 'W3.CSS']"
rangeofmotionphysio.ca,Range of Motion Physiotherapy – Physiotherapy Fredericton,Range Of Motion Physiotherapy,CAN,82,19409,2026-10-05T12:56:37.980879477Z,"['AWS WAF Challenge', 'Adult Content', 'Alternate Protocol', 'Autoptimize', 'Bulma', 'Cloudflare', 'Content Delivery Network', 'EmbedPress', 'Google', 'Google Analytics', 'Google Cloud DNS', 'Google Font API', 'Google My Business', 'Google Related Website Sites', 'Google Tag Manager', 'Microdata for Google Shopping', 'PHP', 'Tailwind CSS', 'Theme In WP', 'Twitter Ads', 'UTF-8', 'WP Engine', 'WordPress', 'WordPress Multisite']"
firedispatch.com,Fire Incidents,,,25,,2026-10-05T12:56:37.980250511Z,"['Bulma', 'ElementUI', 'GZIP Module', 'Nginx', 'Pleroma', 'UTF-8', 'Ubuntu']"
selbyprojects.co.uk,Home - Selby Projects,,GBR,60,,2026-10-05T12:56:37.978111678Z,"['Alternate Protocol', 'Bulma', 'Content Delivery Network', 'EmbedPress', 'Google Analytics', 'Google Tag Manager', 'Microdata for Google Shopping', 'Nginx', 'SiteGround Optimizer', 'UTF-8', 'WordPress', 'WordPress Multisite', 'jQuery']"
victoryforme.com,Victory For Me,,IND,55,123,2026-10-05T12:56:37.977879108Z,"['Bulma', 'CDN JS', 'Cloudflare', 'Cloudflare CDN', 'GZIP Module', 'Google', 'Google Cloud DNS', 'Google Font API', 'Microsoft Azure', 'Microsoft IIS', 'QUIC', 'Visual Studio', 'YouTube', 'jsDelivr']"
nwtfood.com,Home | Northern Food Services,,CAN,55,99,2026-10-05T12:52:37.303353779Z,"['Bulma', 'CDN JS', 'Cloudflare', 'Cloudflare CDN', 'Express', 'Font Awesome', 'Tailwind CSS', 'UTF-8', 'jsDelivr']"
salwaislamicschool.sch.id,Salwa Islamic School,,IDN,57,600,2026-10-05T12:52:37.299780075Z,"['Alternate Protocol', 'Bulma', 'Fastly', 'Instagram Follow Button', 'LiteSpeed', 'QUIC', 'Tailwind CSS', 'UTF-8', 'YouTube']"
pakhribasfm.com,Pakhribas FM,,,55,258,2026-10-05T12:52:37.296516278Z,"['Apache', 'Bulma', 'CDN JS', 'Cloudflare', 'Cloudflare CDN', 'Content Delivery Network', 'Facebook Login', 'Facebook Messenger Platform', 'Facebook Reseller', 'Font Awesome', 'GZIP Module', 'Google Cloud DNS', 'Google Font API', 'IcoMoon', 'PHP', 'Tailwind CSS', 'UTF-8', 'YouTube', 'jQuery']"
ingruffoni.it,Ing. Alessandro Ruffoni,,ITA,72,4648,2026-10-05T12:49:03.445076029Z,"['AJAX Libraries API', 'AddThis', 'AddThis for Wordpress', 'Azion', 'Bulma', 'CDN JS', 'Cloudflare', 'Cloudflare CDN', 'CookieConsent', 'GZIP Module', 'Google Analytics', 'Google Cloud DNS', 'Google Tag Manager', 'IcoMoon', 'Instagram Follow Button', 'Microsoft Azure', 'Microsoft IIS', 'Tailwind CSS', 'Visual Studio', 'jQuery']"
cavsclinic.com,Cardiovascular Associates clinic,,GBR,77,340,2026-10-05T12:49:03.444381422Z,"['AFIB QR', 'Bulma', 'Content Delivery Network', 'GZIP Module', 'Google Analytics', 'Google Cloud DNS', 'Google Font API', 'Google Maps', 'Google Tag Manager', 'Nginx', 'Parallels Plesk Panel', 'Tailwind CSS', 'Twitter Ads', 'UTF-8', 'jQuery']"
ssp-djkj.com,SSP - DJ & Karaoke,,,50,63,2026-10-05T12:49:03.440771013Z,"['Bulma', 'DAV', 'GZIP Module', 'Google Cloud DNS', 'Google Font API', 'Microsoft Azure', 'Microsoft IIS', 'Tailwind CSS', 'UTF-8', 'Visual Studio', 'jQuery']"
taskbuilders.com,Task Hi-Builders,,IND,75,607,2026-10-05T12:49:03.437968441Z,"['AJAX Libraries API', 'Bulma', 'CDN JS', 'Cloudflare', 'Cloudflare CDN', 'DAV', 'Font Awesome', 'Google Cloud DNS', 'Google Font API', 'Google My Business', 'IcoMoon', 'LiteSpeed', 'QUIC', 'Tailwind CSS', 'UTF-8', 'jQuery']"
sreerevathisteels.com,Sree Revathi Steels,,IND,65,20715,2026-10-05T12:49:03.436823005Z,"['AWS WAF Challenge', 'Bulma', 'CDN JS', 'Cloudflare', 'Cloudflare CDN', 'Content Delivery Network', 'Cornerstone', 'Fastly', 'Font Awesome', 'Formspree', 'Google Cloud DNS', 'Google Font API', 'Google Maps', 'IcoMoon', 'Instagram Follow Button', 'StackPath', 'Tailwind CSS', 'Twitter Ads', 'UTF-8']"
amerisourceenergy.com,Modular Refineries | Amerisource Energy,"Amerisource Energy, Inc",USA,92,2176,2026-10-05T12:49:03.428016527Z,"['AJAX Libraries API', 'Alternate Protocol', 'Apture Linking Platform', 'Bulma', 'CoBlocks', 'Contact Form Plugin', 'Content Delivery Network', 'EmbedPress', 'Font Awesome', 'GZIP Module', 'GoDaddy', 'Google Analytics', 'Google Cloud DNS', 'Google Font API', 'Google Related Website Sites', 'Google Tag Manager', 'IcoMoon', 'InitiativeS', 'Microdata for Google Shopping', 'PHP', 'QUIC', 'Sucuri Cloudproxy', 'Theme In WP', 'UTF-8', 'WordPress', 'WordPress Multisite', 'jQuery']"
formet-zaune.pl,AK-METAL - Zäune aus Polen,,DEU,77,508,2026-10-05T12:49:03.426648786Z,"['Apache', 'Bulma', 'DAV', 'Google Analytics', 'Google Cloud DNS', 'Google Font API', 'Google Maps', 'Google My Business', 'Google Tag Manager', 'IcoMoon', 'jQuery']"
gilguae.com,Golden International Logistics Group,,IND,70,2539,2026-10-05T12:49:03.413014846Z,"['Apache', 'Bulma', 'Font Awesome', 'GZIP Module', 'Google', 'Google Cloud DNS', 'Google Font API', 'Google Maps', 'Google My Business', 'Tailwind CSS', 'UTF-8']"
smartinfrastruct.com,Smart Infrastructure Forum -,Go2Learn,USA,50,10800,2026-10-05T12:49:03.408324879Z,"['Apache', 'Bulma', 'Fireblade', 'GZIP Module', 'Google', 'Google Analytics', 'Google Cloud CDN', 'Google My Business', 'IcoMoon', 'Microdata for Google Shopping', 'PHP', 'Schema Plugin', 'Sitelinks Search Box', 'Twitter Ads', 'UTF-8', 'WP Super Cache', 'Wangsu', 'Woo Themes', 'WordPress', 'YouTube', 'Zoho SalesIQ', 'reCAPTCHA']"
goldschlaegiplatz-1-2.ch,Goldschlägiplatz 1-2,,CHE,82,30257,2026-10-05T12:41:33.644425193Z,"['Alternate Protocol', 'Borlabs Cookie', 'Bulma', 'Ektron', 'EmbedPress', 'GZIP Module', 'Google Analytics', 'Google My Business', 'Google Tag Manager', 'Microdata for Google Shopping', 'Nginx', 'PHP', 'Pagekit', 'Smush Image Optimization', 'Theme In WP', 'UTF-8', 'Vector Internet Services', 'WordPress', 'WordPress Multisite', 'eLand', 'jQuery']"
irvanfaisal.com,Irvan Faisal | Meteorologist / Weather Analyst / Environmental Scientist,,IDN,65,,2026-10-05T12:41:33.643871498Z,"['Bulma', 'CDN JS', 'Cloudflare', 'Cloudflare CDN', 'Content Delivery Network', 'Financial Services Guide', 'GitHub Hosting', 'Python', 'Tailwind CSS', 'UTF-8', 'jsDelivr']"
dn-gutachter.de,DN-Gutachter : KFZ-Sachverständiger und KFZ-Gutachter,,DEU,77,148,2026-10-05T12:41:33.637238195Z,"['Alternate Protocol', 'Apache', 'AutoComplete', 'Bulma', 'Contact Form Plugin', 'EmbedPress', 'Google Analytics', 'Google Cloud DNS', 'Google Font API', 'Google Tag Manager', 'Hub Theme', 'Microdata for Google Shopping', 'PHP', 'Schema Plugin', 'Tailwind CSS', 'Theme In WP', 'UTF-8', 'WordPress', 'WordPress Multisite', 'jQuery']"
dsformapre2s.fr,Accueil,,,40,,2026-10-05T12:41:33.635550151Z,"['Bulma', 'CDN JS', 'Cloudflare', 'Cloudflare CDN', 'Content Delivery Network', 'Tailwind CSS', 'UTF-8', 'jsDelivr']"
terrygavanrealestate.com,Teresa Gavan,,USA,65,30520,2026-10-05T12:41:33.628669695Z,"['AJAX Libraries API', 'Alternate Protocol', 'Apache', 'Apture Linking Platform', 'Beaver Builder Lite', 'Bulma', 'Debian', 'DuracellTomi Google Tag Manager for WordPress', 'EmbedPress', 'Font Awesome', 'GZIP Module', 'Google', 'Google Analytics', 'Google Cloud DNS', 'Google Font API', 'Google Maps', 'Google My Business', 'Google Tag Manager', 'LeadRouter', 'MoxiWorks', 'PHP', 'QUIC', 'Sitelinks Search Box', 'Thank You', 'UTF-8', 'WordPress', 'WordPress Multisite', 'jQuery', 'jsDelivr', 'reCAPTCHA']"
europesurfing.eu,Surfing Europe,,GBR,65,3568,2026-10-05T12:41:33.627058668Z,"['Adobe Creative Cloud WebFonts', 'Bulma', 'ETranslate', 'Fontello', 'GTranslate', 'GZIP Module', 'Google Cloud DNS', 'Google Maps', 'Google My Business', 'ISO/IEC 8859', 'IcoMoon', 'Nginx', 'PHP', 'Twitter Ads', 'UTF-8', 'eLand']"
mountainmagickashmir.com,Kashmir Mountain Magic,,IND,77,4867,2026-10-05T12:41:33.624046018Z,"['AJAX Libraries API', 'Bulma', 'CDN JS', 'Cloudflare', 'Cloudflare CDN', 'Font Awesome', 'Freshworks Bot', 'Google Analytics', 'Google Cloud DNS', 'Google My Business', 'Google Related Website Sites', 'Google Tag Manager', 'IcoMoon', 'Instagram Follow Button', 'LiteSpeed', 'UTF-8', 'jQuery', 'reCAPTCHA']"
mrcabby.co.in,Mr. Cabby - #1 Cab Booking Website & Taxi Classified Company,Mrcabby,IND,77,2539,2026-10-05T12:36:48.035556345Z,"['Bulma', 'CDN JS', 'Cloudflare', 'Cloudflare CDN', 'DAV', 'Font Awesome', 'GZIP Module', 'Google', 'Google Analytics', 'Google Cloud DNS', 'Google Font API', 'Google Maps', 'Google My Business', 'Google Play', 'Google Tag Manager', 'Instagram Follow Button', 'Microdata for Google Shopping', 'Nginx', 'PHP', 'QUIC', 'Tailwind CSS', 'UTF-8', 'Ubuntu', 'YouTube', 'jQuery', 'jsDelivr']"
energyfinancepartners.com,Energy Finance Partners,,USA,75,7388,2026-10-05T12:36:48.029431938Z,"['AJAX Libraries API', 'Alternate Protocol', 'Baidu Cloud', 'Bulma', 'CDN JS', 'Cloudflare', 'Cloudflare CDN', 'Content Delivery Network', 'EmbedPress', 'Federal Deposit Insurance Corporation', 'Font Awesome', 'Google', 'Google Cloud DNS', 'Google Font API', 'PHP', 'Python', 'QUIC', 'Tailwind CSS', 'Theme In WP', 'UTF-8', 'WordPress', 'Yandex Hosting', 'jQuery']"
tropical-energy.com,Tropical Energy,,JAM,65,12400,2026-10-05T12:36:48.029882086Z,"['3 Products', 'Amazon', 'Better Lead Generation Services', 'Bulma', 'CDN JS', 'Cloudflare', 'Cloudflare CDN', 'GZIP Module', 'Google', 'Google Cloud DNS', 'Google Font API', 'Google Maps', 'Google My Business', 'PHP', 'Prospective', 'Storyblocks', 'Tailwind CSS', 'UTF-8']"
matrixxis.com,Matrixx Integrated Solutions,,SEN,50,156,2026-10-05T12:36:48.027433947Z,"['Bulma', 'GZIP Module', 'IcoMoon', 'Nginx', 'jQuery']"
charsher.com,Charsher,,IND,45,203,2026-10-05T12:36:48.019240893Z,"['AJAX Libraries API', 'AWS WAF Challenge', 'Bulma', 'Google Cloud DNS', 'jQuery', 'jsDelivr']"
affinitytc.com,Affinity Technology Group | IT Services in Michigan,"Affinity Technology Group, LLC",USA,82,71888,2026-10-05T12:29:10.14839608Z,"['AWS WAF Challenge', 'Apture Linking Platform', 'Aruba', 'AthenaHealth', 'Bulma', 'CDN JS', 'Cloudflare', 'Cloudflare CDN', 'Content Delivery Network', 'DAV', 'EmbedPress', 'Fireblade', 'Font Awesome', 'Google', 'Google Analytics', 'Google Cloud DNS', 'Google Customer Reviews', 'Google Font API', 'Google Maps', 'Google My Business', 'Google Tag Manager', 'Harbor', 'LiveCanvas', 'Microdata for Google Shopping', 'MonsterInsights', 'Nginx', 'Open Dental', 'PHP', 'Perl', 'QUIC', 'Slider Revolution', 'Tailwind CSS', 'Theme In WP', 'UTF-8', 'WordPress', 'WordPress Multisite', 'eClinicalWorks', 'jQuery', 'jsDelivr']"
lookbookfly.com,Best Travel Agency Near Me | Look Book Fly – Affordable Package,,SGP,77,1307,2026-10-05T12:29:10.141449321Z,"['Agoda', 'Alternate Protocol', 'Bulma', 'Contact Form Plugin', 'Elementor', 'EmbedPress', 'Express', 'Font Awesome', 'Google Analytics', 'Google Cloud DNS', 'Google Font API', 'Google My Business', 'Google Related Website Sites', 'Google Tag Manager', 'Header, Footer and Blocks for Elementor', 'Instagram Follow Button', 'Microdata for Google Shopping', 'MonsterInsights', 'PHP', 'QUIC', 'Tailwind CSS', 'Theme In WP', 'Twitter Ads', 'UTF-8', 'WordPress', 'WordPress Multisite', 'jQuery']"
mtnhomes.com,Colorado Mountain Real Estate - Online Real Estate Magazine,,CAN,72,7147,2026-10-05T12:29:10.136870131Z,"['AJAX Libraries API', 'Bulma', 'Express', 'Font Awesome', 'Google Analytics', 'Google Cloud DNS', 'Google Tag Manager', 'Homes.com CMS', 'IcoMoon', 'Microsoft Azure', 'Microsoft IIS', 'UTF-8', 'Visual Studio', 'eLand', 'jQuery']"
hfguide.com,Home Finder's Guide - Lake Charles,,,62,3547,2026-10-05T12:29:10.134855567Z,"['AJAX Libraries API', 'Bulma', 'DAV', 'Express', 'Font Awesome', 'Google Analytics', 'Google Cloud DNS', 'Google Tag Manager', 'IcoMoon', 'Microsoft Azure', 'Microsoft IIS', 'UTF-8', 'Visual Studio', 'jQuery']"
insurances360.com,Insurances 360,,,55,10342,2026-10-05T12:29:10.122518556Z,"['Alternate Protocol', 'Apache', 'Bulma', 'CDN JS', 'Cloudflare', 'Cloudflare CDN', 'Contento', 'EmbedPress', 'Facebook Reseller', 'Font Awesome', 'Google Analytics', 'Google Cloud DNS', 'Google Font API', 'Google My Business', 'Google Tag Manager', 'Microdata for Google Shopping', 'PHP', 'Schema Plugin', 'Sherpa', 'StackPath', 'Tailwind CSS', 'Theme In WP', 'UTF-8', 'WordPress', 'WordPress Multisite', 'jsDelivr', 'reCAPTCHA']"
sjrusztowania.pl,SJ RUSZTOWANIA - wynajem rusztowań lubuskie Kostrzyn nad Odrą,,POL,57,159,2026-10-05T12:29:10.120942713Z,"['Apache', 'Bulma', 'Google Cloud DNS', 'Google Font API', 'Google Maps', 'Google My Business', 'IcoMoon', 'jQuery']"
afroprexsuservices.com,AFROPRESU SHIPPING | HOME,,NGA,62,39,2026-10-05T12:23:14.189525539Z,"['Apache', 'Better Lead Generation Services', 'Bulma', 'Coming Soon Page', 'GZIP Module', 'QUIC']"
travaux.fr.fo,Travaux template,,,35,,2026-10-05T12:23:14.188983492Z,"['Apache', 'Bulma', 'Envoy', 'GZIP Module', 'jQuery']"
peppercennetinn.com,Pepper Cennet Inn | Resort in Vagamon | Hotels in Vagamon,,IND,62,508,2026-10-05T12:23:14.182454023Z,"['Apture Linking Platform', 'Bulma', 'Google Cloud DNS', 'Google Font API', 'IcoMoon', 'PHP', 'Tailwind CSS', 'UTF-8']"
vinicnesadenice.sk,Viničné sadenice,Viničné sadenice,,67,13776,2026-10-05T12:18:16.182255758Z,"['AJAX Libraries API', 'Alternate Protocol', 'Bulma', 'CoBlocks', 'EmbedPress', 'Font Awesome', 'Google Cloud DNS', 'Google Font API', 'Google No Site Links Search', 'Google Related Website Sites', 'IcoMoon', 'Microdata for Google Shopping', 'Onyx Internet', 'OpenResty', 'StackPath', 'UTF-8', 'WordPress', 'WordPress Multisite', 'jQuery']"
diadiemso.net,"Địa điểm Số| Home - City Guide - Nơi chia sẻ các điểm ẩm thực, nhà hàng, khách sạn và các điểm du lịch ...",,PRK,82,,2026-10-05T12:14:48.054669959Z,"['A-ADS', 'Alternate Protocol', 'Bulma', 'Facebook Login', 'Facebook Reseller', 'Google Analytics', 'Google My Business', 'Google Tag Manager', 'Microdata for Google Shopping', 'UTF-8']"
themonstercrab.com,"The Monster Crab – Seafood Boil, Cajun Seafood",,USA,65,31799,2026-10-05T12:10:23.173672245Z,"['Alternate Protocol', 'Bulma', 'Contact Form Plugin', 'Content Delivery Network', 'Easy Pie Chart', 'Elementor', 'ElementsKit Elementor', 'EmbedPress', 'Google Analytics', 'Google Cloud DNS', 'Google Font API', 'Google My Business', 'Google Tag Manager', 'Instagram Follow Button', 'Metform Elemento', 'Nginx', 'PHP', 'Shoelace Style', 'Slider Revolution', 'The Fresh', 'Theme In WP', 'UTF-8', 'Woo Themes', 'WooCommerce', 'WooCommerce Checkout', 'WordPress', 'WordPress Multisite', 'jQuery', 'reCAPTCHA']"
codician.com,Codician | Agile Software Development,,USA,87,729,2026-10-05T12:05:24.973623433Z,"['Aruba', 'Better Lead Generation Services', 'Bulma', 'Content Delivery Network', 'Formspree', 'Google Cloud DNS', 'Google Font API', 'Tailwind CSS', 'UTF-8', 'Vercel', 'eLand', 'jQuery']"
eaglewatertreatments.com,Home Water Purification Systems in Florida,Eagle Water Treatments,USA,77,17060,2026-10-05T12:01:54.919186533Z,"['Alternate Protocol', 'Bulma', 'Contact Form Plugin', 'Content Delivery Network', 'EWWW Image Optimizer', 'Elementor', 'EmbedPress', 'Essentials Theme', 'Express', 'Fireblade', 'Google Analytics', 'Google Cloud DNS', 'Google Font API', 'Google Tag Manager', 'Instagram Follow Button', 'LiteSpeed', 'Metronet Profile Picture', 'Microdata for Google Shopping', 'NFOrce Internet', 'PHP', 'Polylang', 'QUIC', 'Sitelinks Search Box', 'Tailwind CSS', 'Theme In WP', 'UTF-8', 'WordPress', 'WordPress Multisite', 'jQuery']"
eglepartnerbau.de,Egle Partner BAU - Bauunternehmen,,DEU,82,2440,2026-10-05T12:01:54.913005701Z,"['Bulma', 'Fancybox for WordPress', 'GZIP Module', 'Google', 'Google Cloud CDN', 'Google Cloud DNS', 'Google Font API', 'LiteSpeed', 'Tailwind CSS', 'UTF-8']"
komornikzmyslo.pl,Jarosław Zmysło - Komornik Sądowy w Rzeszowie | Sąd Rejonowy Rzeszów,,POL,77,25508,2026-10-05T12:01:54.898337485Z,"['Bulma', 'Ektron', 'Google Cloud DNS', 'Google Maps', 'IcoMoon', 'LiteSpeed', 'PWA', 'UTF-8']"
james1.net,James 1 – For Children of Heroes,,,60,797,2026-10-05T12:01:54.896040884Z,"['501c3 Status Nonprofit', 'Alternate Protocol', 'Bulma', 'Cloudflare', 'Cloudflare CDN', 'Contact Form Plugin', 'Content Delivery Network', 'EmbedPress', 'Font Awesome', 'Google Cloud DNS', 'Google Font API', 'Google My Business', 'IcoMoon', 'LiteSpeed', 'NFOrce Internet', 'PHP', 'Sharebutton Fonts', 'Slider Revolution', 'Tailwind CSS', 'Theme In WP', 'Twitter Ads', 'UTF-8', 'University or College', 'WordPress', 'WordPress Multisite', 'YouTube', 'jQuery']"
net-ware.eu,NetWare | Custom Websites & Web Applications | Ecommerce & Business Development,,USA,65,2800,2026-10-05T11:58:26.150244705Z,"['Bulma', 'GetResponse', 'Google My Business', 'IcoMoon', 'Nginx', 'PHP', 'QUIC', 'Tailwind CSS', 'UTF-8', 'jQuery', 'reCAPTCHA']"
sunny-gravity.com,Aluminum Gravity Die Casting,"SUNNY TECHNOLOGY CO., LTD.",CHN,67,59,2026-10-05T11:51:29.473190072Z,"['Alternate Protocol', 'Bulma', 'Cornerstone', 'Google Analytics', 'Google Tag Manager', 'Gravity', 'LiteSpeed', 'Microdata for Google Shopping', 'PHP', 'QUIC', 'UTF-8']"
weconn.net,"Shenzhen Welink Electronics Co.,Ltd",,CHN,62,468,2026-10-05T11:51:29.469754618Z,"['Adult Content', 'Alibaba Cloud Object Storage Service', 'Bulma', 'GZIP Module', 'IcoMoon', 'Nginx', 'UTF-8', 'jQuery']"
insightfultherapy.au,Maria Marzola Heddle - Unlock the Patterns of Your Life with Transactional Analysis,,,52,263,2026-10-05T11:51:29.459161082Z,"['AWS WAF Challenge', 'Apache', 'Bulma', 'GZIP Module', 'Google', 'Google Cloud DNS', 'Google Font API', 'jsDelivr']"
tehkontrol.com,GPS Control System and Fuel Monitoring | TEH KONTROL,ТЕХ КОНТРОЛЬ,UKR,77,4904,2026-10-05T11:51:29.45859634Z,"['Alternate Protocol', 'Bulma', 'Contact Form Plugin', 'DAV', 'Elementor', 'EmbedPress', 'Google', 'Google Analytics', 'Google Cloud DNS', 'Google Font API', 'Google My Business', 'Google Tag Manager', 'IcoMoon', 'Instagram Follow Button', 'Microdata for Google Shopping', 'Nginx', 'No-Q', 'PHP', 'Sitelinks Search Box', 'Tailwind CSS', 'Theme In WP', 'UTF-8', 'WP Rocket', 'WPML Multilingual', 'WordPress', 'WordPress Multisite', 'YouTube', 'jQuery', 'reCAPTCHA']"
interversehq.com,Interverse,,,47,63,2026-10-05T11:51:29.45886135Z,"['Bulma', 'Content Delivery Network', 'GitHub Hosting', 'Google', 'Google Cloud CDN', 'Google Cloud DNS', 'Google Font API', 'Netlify', 'UTF-8', 'jsDelivr']"
provincialspringandtrailer.ca,Home | Provincial Spring & Trailer,,CAN,55,319,2026-10-05T11:45:51.113202943Z,"['Adobe Creative Cloud WebFonts', 'Bulma', 'Font Awesome', 'GZIP Module', 'Google Analytics', 'Google Tag Manager', 'Microsoft Azure Blob Storage', 'UTF-8', 'jQuery']"
leresto-rolle.com,"Le resto - LE RESTO est un établissement proposant des produits locaux, il est situé au bord du lac à Rolle et dispose d'une magnifique terasse.",Le Resto by Hostellerie du Château,,67,322,2026-10-05T11:45:51.113872871Z,"['Alternate Protocol', 'Apache', 'Autoptimize', 'Bulma', 'Contact Form Plugin', 'EmbedPress', 'Express', 'Facebook Conversion Tracking', 'Facebook Login', 'Facebook Messenger Platform', 'Facebook Pixel', 'Facebook Reseller', 'Facebook Tag API', 'GZIP Module', 'Google Analytics', 'Google Maps', 'Google My Business', 'Google Tag Manager', 'Jetpack', 'PHP', 'PWA', 'Polylang', 'QUIC', 'SI CAPTCHA', 'Sitelinks Search Box', 'Tailwind CSS', 'Theme In WP', 'UTF-8', 'WordPress', 'WordPress Multisite', 'eLand', 'jQuery']"
powdercoatingkalispellmt.com,Powder Coating of Kalispell | Powder Coating & Sandblasting For Northwest Montana,Powder Coating of Kalispell,USA,77,1699,2026-10-05T11:45:51.107842476Z,"['AJAX Libraries API', 'Adobe Creative Cloud WebFonts', 'Apache', 'Bulma', 'CDN JS', 'Cloudflare', 'Cloudflare CDN', 'Font Awesome', 'GZIP Module', 'Google Analytics', 'Google Cloud DNS', 'Google My Business', 'Google Tag Manager', 'Microdata for Google Shopping', 'PHP', 'QUIC', 'UTF-8', 'jQuery', 'reCAPTCHA']"
dallasfischer.com,Dallas Fischer | Montana Professional & Business Entrepreneur,,USA,82,8139,2026-10-05T11:45:51.107578299Z,"['Apache', 'Bulma', 'CDN JS', 'Cloudflare', 'Cloudflare CDN', 'Express', 'Font Awesome', 'GZIP Module', 'Google Analytics', 'Google Cloud DNS', 'Google Font API', 'Google Tag Manager', 'Microdata for Google Shopping', 'Negate', 'PHP', 'Tailwind CSS', 'UTF-8', 'University or College', 'jsDelivr']"
jeepkeyreplacementlytle.com,Jeep Key Replacement (Jeep Key Duplication) 78052 Lytle TX,,USA,72,,2026-10-05T11:45:51.107502525Z,"['Bulma', 'Microdata for Google Shopping', 'Nginx', 'Tailwind CSS', 'jQuery']"
ranifp.com,Rani Food Products,,IND,67,4207,2026-10-05T11:37:35.825708338Z,"['Alternate Protocol', 'Bulma', 'Click to Chat for WhatsApp', 'Contact Form Plugin', 'Elementor', 'EmbedPress', 'Google Cloud DNS', 'Google Font API', 'NFOrce Internet', 'Oracle Cloud', 'PHP', 'Theme In WP', 'UTF-8', 'WordPress', 'WordPress Multisite', 'jQuery']"
3amigosit.com,3AMIGOS IT,,,62,15365,2026-10-05T11:37:35.824779269Z,"['AJAX Libraries API', 'AWS WAF Challenge', 'Adult Content', 'Alternate Protocol', 'Apache', 'Bulma', 'CDN JS', 'Cloudflare', 'Cloudflare CDN', 'Contact Form Plugin', 'ElementUI', 'EmbedPress', 'Font Awesome', 'GZIP Module', 'Google Cloud DNS', 'Google Font API', 'Max Mega Menu', 'Max Mega Menu Pro', 'Microdata for Google Shopping', 'PHP', 'QUIC', 'UTF-8', 'W3 Total Cache', 'WordPress', 'WordPress Multisite', 'jQuery', 'jsDelivr']"
saimaatravels.com,Saimaa Travels,,IND,60,7503,2026-10-05T11:37:35.817808366Z,"['Apache', 'Bulma', 'Fireblade', 'GZIP Module', 'Google Cloud DNS', 'Google Font API', 'Instagram Follow Button', 'Perl', 'QUIC', 'UTF-8', 'WhatsApp Sharing']"
masconectados.com.ar,Mas Conectados,,JAM,60,5058,2026-10-05T11:37:35.814481614Z,"['AJAX Libraries API', 'Barracuda Web App Firewall', 'Bulma', 'Font Awesome', 'Google Cloud DNS', 'Google Font API', 'Google Maps', 'Help.com', 'IcoMoon', 'OSS CDN', 'Perl', 'Tailwind CSS', 'UTF-8', 'University or College', 'WhatsApp Sharing', 'jQuery']"
estudiojuridicosapag.com,Estudio Jurídico Sapag,,CHL,55,159,2026-10-05T11:34:47.559491574Z,"['Bulma', 'FreeCSSTemplates', 'Google Cloud DNS', 'Google Font API', 'IcoMoon', 'PWA', 'UTF-8', 'jQuery']"
tecnnova.net,TECNNOVA | Internet Hogar,,PER,67,40,2026-10-05T11:34:47.556386946Z,"['Bulma', 'Fast', 'Google Cloud DNS', 'Google Font API', 'Google My Business', 'LiteSpeed', 'WhatsApp Sharing', 'YouTube']"
weisseradlerng.com,Weisser Adler,,NGA,72,35040,2026-10-05T11:34:47.553782913Z,"['AWS WAF Challenge', 'Apache', 'Bulma', 'Cisco/Arrowpoint Content Service Switch', 'Fireblade', 'GZIP Module', 'Google Cloud DNS', 'Google Font API', 'Google Maps', 'Google My Business', 'PHP', 'Tailwind CSS', 'UTF-8', 'jQuery']"
indiangroupofinstitutions.co.in,IICS,,IND,55,3,2026-10-05T11:31:05.929691641Z,"['Apache', 'Bulma', 'GZIP Module', 'Google Cloud DNS', 'Google Font API', 'University or College', 'Vimeo', 'W3.CSS']"
vmagsglobal.com,"V Mags Global EduTech | Research Publications, Academic Writing & Author Services",,IND,77,183,2026-10-05T11:31:05.924102451Z,"['Bulma', 'CDN JS', 'Cloudflare', 'Cloudflare CDN', 'Corporate Governance and Regulatory Compliance', 'Facebook Conversion Tracking', 'Facebook Login', 'Facebook Messenger Platform', 'Facebook Pixel', 'Facebook Reseller', 'Facebook Tag API', 'Font Awesome', 'InitiativeS', 'Instagram Follow Button', 'LiteSpeed', 'QUIC', 'Say what', 'UTF-8', 'University or College', 'Unsplash', 'jsDelivr']"
drustvopcelarabgd.com,"Društvo pčelara ""Beograd"" - Društvo pcelara „Beograd""","Društvo pčelara „Beograd""",SRB,77,756,2026-10-05T11:31:05.916271783Z,"['Alternate Protocol', 'Apache', 'Bulma', 'Contact Form Plugin', 'DAV', 'Elementor', 'EmbedPress', 'GZIP Module', 'Google Cloud DNS', 'Google Font API', 'IcoMoon', 'Instagram Follow Button', 'Microdata for Google Shopping', 'PHP', 'Theme In WP', 'UTF-8', 'WordPress', 'WordPress Multisite', 'jQuery']"
micobio.com.ar,MicoBio,,ARG,50,99,2026-10-05T11:25:31.21836925Z,"['Bulma', 'CDN JS', 'Cloudflare', 'Cloudflare CDN', 'Font Awesome', 'Google Analytics', 'Google Tag Manager', 'UTF-8', 'jQuery']"
c21homeadvisors.com,Home - CENTURY 21 Home Advisors,,,72,36760,2026-10-05T11:23:04.385754044Z,"['AJAX Libraries API', 'Alternate Protocol', 'Apache', 'Beaver Builder Lite', 'Bulma', 'CDN JS', 'CENTURY 21', 'Cloudflare', 'Cloudflare CDN', 'Debian', 'DuracellTomi Google Tag Manager for WordPress', 'EmbedPress', 'Font Awesome', 'GZIP Module', 'Google', 'Google Analytics', 'Google Cloud DNS', 'Google Font API', 'Google Maps', 'Google My Business', 'Google Tag Manager', 'Instagram Follow Button', 'MoxiWorks', 'PHP', 'Prospective', 'Sitelinks Search Box', 'Thank You', 'UTF-8', 'Vimeo', 'WordPress', 'WordPress Multisite', 'jQuery', 'jsDelivr', 'reCAPTCHA']"
aedhm.ma,ASSOSIATION ENFANTS DES HAUTES MONTAGNES,,,60,8159,2026-10-05T11:18:22.552165118Z,"['Bulma', 'Envoy', 'Fireblade', 'Google Cloud DNS', 'Google Maps', 'Google My Business', 'IcoMoon', 'InitiativeS', 'Instagram Follow Button', 'LiteSpeed', 'NFOrce Internet', 'jQuery']"
jilljohnson.realtor,Jill Johnson,,USA,70,37520,2026-10-05T11:15:43.382817939Z,"['AJAX Libraries API', 'Alternate Protocol', 'Apache', 'Apture Linking Platform', 'Beaver Builder Lite', 'Bulma', 'Debian', 'DuracellTomi Google Tag Manager for WordPress', 'EmbedPress', 'Font Awesome', 'GZIP Module', 'Google', 'Google Analytics', 'Google Cloud DNS', 'Google Font API', 'Google Maps', 'Google My Business', 'Google Tag Manager', 'Instagram Follow Button', 'LeadRouter', 'MoxiWorks', 'PHP', 'Prospective', 'QUIC', 'Sitelinks Search Box', 'Thank You', 'UTF-8', 'WordPress', 'WordPress Multisite', 'jQuery', 'jsDelivr', 'reCAPTCHA']"
cityhotelmumbai.com,City Hotel Mumbai | Best Budget Hotel CST Mumbai,,,60,279,2026-10-05T11:15:43.373287974Z,"['Apache', 'Bulma', 'EmbedPress', 'Font Awesome', 'GZIP Module', 'PHP', 'SiteLock', 'Tailwind CSS', 'Theme In WP', 'UTF-8', 'WhatsApp Sharing', 'WordPress', 'WordPress Multisite', 'jQuery']"
siach.com.ar,SiACH v3,,,67,708,2026-10-05T11:15:43.370015815Z,"['Bulma', 'GZIP Module', 'GitHub Hosting', 'Google Maps', 'Google My Business', 'IcoMoon', 'Nginx', 'Squid', 'Tailwind CSS', 'Vimeo', 'YouTube', 'jQuery']"
greenheyscredit.com,Greenheys Credit - Home Page,,NGA,65,15498,2026-10-05T11:15:43.364027444Z,"['Bulma', 'Cloudflare', 'Cloudflare CDN', 'Cloudflare Web Analytics', 'Fireblade', 'GetButton.io', 'IcoMoon', 'QUIC', 'Tailwind CSS', 'UTF-8', 'YouTube', 'jQuery', 'jsDelivr']"
autled.com,Autled,,AUT,70,15349,2026-10-05T11:15:43.364295177Z,"['Alternate Protocol', 'Apache', 'Bulma', 'Contact Form Plugin', 'EmbedPress', 'Fireblade', 'Google Analytics', 'Google Tag Manager', 'Iubenda', 'PHP', 'Pico CSS', 'QUIC', 'Theme In WP', 'UTF-8', 'WordPress', 'WordPress Multisite', 'YouTube', 'jQuery', 'qTranslate']"
thu-haslab.org,THU-HAS Lab,THU-HAS,CHN,82,18387,2026-10-05T11:15:43.360964721Z,"['Alternate Protocol', 'ArvanCloud', 'Bulma', 'Cloudflare', 'Cloudflare CDN', 'Content Delivery Network', 'Fastly', 'Fireblade', 'Font Awesome', 'GitHub Hosting', 'Google Analytics', 'Google My Business', 'Google Tag Manager', 'License Buttons', 'Microdata for Google Shopping', 'Netlify', 'Tailwind CSS', 'UTF-8', 'University or College', 'jsDelivr']"
mallettere.com,Thomas & Christine Mallette,,USA,75,37520,2026-10-05T11:15:43.357274213Z,"['AJAX Libraries API', 'Alternate Protocol', 'Apache', 'Apture Linking Platform', 'Beaver Builder Lite', 'Bulma', 'Debian', 'DuracellTomi Google Tag Manager for WordPress', 'EmbedPress', 'Express', 'Font Awesome', 'GZIP Module', 'Google', 'Google Analytics', 'Google Cloud DNS', 'Google Font API', 'Google Maps', 'Google My Business', 'Google Tag Manager', 'Instagram Follow Button', 'Investor Relations', 'LeadRouter', 'MoxiWorks', 'PHP', 'Prospective', 'QUIC', 'Sitelinks Search Box', 'Thank You', 'UTF-8', 'University or College', 'WordPress', 'WordPress Multisite', 'YouTube', 'jQuery', 'jsDelivr', 'reCAPTCHA']"
39-place.com,"39 PLACE, 39 place, 39 เพลส Room for rent / Apartment for rent which located at Charoen Nakorn District where it's close to CBD, Sathorn and Silom, near BTS Krung Thonburi and BTS Taksin stations also pier for ferries / express boats ห้องพัก, หอพัก, อพาร์ทเม้นท์ให้เช่า ราคาไม่เกิน 6,000 ในกรุงเทพ ทำเลดีบนถนนเจริญนคร ย่านคลองสาน ทำเลเมืองใกล้แหล่งธุรกิจ สาทร, สีลม เดินทางสะดวก ใกล้ BTS. กรุงธน และBTS.ตากสิน และใกล้ท่าเรือแป๊บซี่",,,52,3,2026-10-05T11:15:43.355656786Z,"['Apache', 'Bulma', 'Express', 'GZIP Module', 'Google Cloud DNS', 'Google Maps', 'Google My Business', 'Instagram Follow Button', 'PHP', 'UTF-8', 'YouTube', 'jQuery', 'reCAPTCHA']"
inkingscience.com,Inking Science,,USA,60,225,2026-10-05T11:15:43.349597129Z,"['Amazon', 'Amazon CloudFront', 'Amazon Route 53', 'Amazon S3 CDN', 'Amazon Widgets', 'Automattic', 'Bulma', 'CloudFront', 'Content Delivery Network', 'Facebook Login', 'Facebook Reseller', 'Google Analytics', 'Google Cloud DNS', 'Google Font API', 'Google My Business', 'Google Tag Manager', 'Instagram Follow Button', 'MailChimp', 'Share Link', 'Twitter Ads', 'University or College', 'WordPress', 'YouTube', 'jQuery']"
nvprimehomes.com,Michelle Barney,,USA,65,47220,2026-10-05T11:15:43.346343447Z,"['AJAX Libraries API', 'Alternate Protocol', 'Apache', 'AppFolio', 'Apture Linking Platform', 'Beaver Builder Lite', 'Bulma', 'CENTURY 21', 'Debian', 'DuracellTomi Google Tag Manager for WordPress', 'EmbedPress', 'Font Awesome', 'GZIP Module', 'Google Analytics', 'Google Cloud DNS', 'Google Maps', 'Google My Business', 'Google Tag Manager', 'Homes.com CMS', 'LeadRouter', 'MoxiWorks', 'PHP', 'Prospective', 'QUIC', 'Sitelinks Search Box', 'Thank You', 'UTF-8', 'University or College', 'WordPress', 'WordPress Multisite', 'jQuery', 'jsDelivr', 'reCAPTCHA']"
supernusmedical.com,Supernus Medical,,,50,219,2026-10-05T11:07:22.464495959Z,"['Backdrop', 'Bulma', 'Content Delivery Network', 'Drupal', 'GZIP Module', 'Google', 'Google Analytics', 'Google Cloud DNS', 'Google Font API', 'Google Tag Manager', 'IcoMoon', 'Nginx', 'PHP', 'QUIC', 'Tailwind CSS', 'UTF-8', 'jQuery', 'jsDelivr']"
cabaniasdelhain.com,Cabañas Del Hain - Ushuaia,,,57,159,2026-10-05T11:07:22.460769364Z,"['Bulma', 'Google Analytics', 'Google Cloud DNS', 'Google Font API', 'Google Maps', 'Google My Business', 'ISO/IEC 8859', 'IcoMoon', 'Tailwind CSS', 'UTF-8']"
shreemanjunathagroup.com,Shree Manjunatha Group | Experts in Sump and Tank Cleaning,,IND,72,2440,2026-10-05T11:07:22.450872323Z,"['Bulma', 'Clare.AI', 'Content Delivery Network', 'Fastly', 'Google Analytics', 'Google Cloud DNS', 'Google Font API', 'Google Tag Manager', 'Tailwind CSS', 'UTF-8']"
potstopml.com,PotStop,,PHL,65,6095,2026-10-05T11:07:22.443289618Z,"['Adobe Creative Cloud WebFonts', 'Alternate Protocol', 'Bulma', 'Cisco/Arrowpoint Content Service Switch', 'Content Delivery Network', 'EmbedPress', 'Essential Grid', 'Font Awesome', 'Google Analytics', 'Google Cloud DNS', 'Google Font API', 'Google My Business', 'Harbor', 'IcoMoon', 'Nginx', 'PHP', 'Tailwind CSS', 'Theme In WP', 'UTF-8', 'WordPress', 'WordPress Multisite', 'YouTube', 'jQuery']"
sainspection.com,Adams Home Inspection,ADAMS INSPECTION SERVICES,USA,77,18369,2026-10-05T11:02:58.998498063Z,"['AWS WAF Challenge', 'Alternate Protocol', 'Apache', 'Bulma', 'Cloudflare', 'Cloudflare CDN', 'EmbedPress', 'GZIP Module', 'Google', 'Google Analytics', 'Google My Business', 'Google Related Website Sites', 'Google Tag Manager', 'Microdata for Google Shopping', 'MonsterInsights', 'PHP', 'QUIC', 'Tailwind CSS', 'Theme In WP', 'Twitter Ads', 'UTF-8', 'WordPress', 'WordPress Multisite', 'jQuery']"
hamiltonsboutiquehotel.co.uk,Hamiltons Boutique Hotel in Southend’s Seafront | Bed and Breakfast Southend on Sea,,GBR,77,6599,2026-10-05T11:02:58.988668725Z,"['123FormBuilder', 'Bulma', 'Eviivo', 'Font Awesome', 'Gambling Content', 'GetResponse', 'Google Analytics', 'Google Cloud DNS', 'Google Font API', 'Google My Business', 'Google Related Website Sites', 'Google Tag Manager', 'IcoMoon', 'Nginx', 'Tailwind CSS', 'UTF-8', 'jQuery', 'reCAPTCHA']"
wide.com.ar,WIDE | Sistemas y Web,,ARG,67,468,2026-10-05T10:59:09.355462791Z,"['Bulma', 'Google Analytics', 'IcoMoon', 'Tailwind CSS', 'UTF-8', 'jQuery']"
antadiop.com,Dr Anta Diop Cabinet dentaire - Dakar,Cabinet dentaire Dr Anta Marie Anne Diop,SEN,92,5421,2026-10-05T10:59:09.3552167Z,"['Alternate Protocol', 'Bulma', 'Contact Form Plugin', 'Content Delivery Network', 'Elementor', 'EmbedPress', 'Google', 'Google Analytics', 'Google Cloud DNS', 'Google Font API', 'Google Maps', 'Google My Business', 'Google Tag Manager', 'LiteSpeed', 'Microdata for Google Shopping', 'NFOrce Internet', 'PDF Embedder for Wordpress', 'PHP', 'Theme In WP', 'UTF-8', 'WordPress', 'WordPress Multisite', 'jQuery', 'reCAPTCHA']"
cloudprizm.com,CloudPrizm Solutions – It Company,,IND,65,15466,2026-10-05T10:59:09.353867819Z,"['AWS WAF Challenge', 'Alternate Protocol', 'Bulma', 'Contact Form Plugin', 'Content Delivery Network', 'Elementor', 'EmbedPress', 'Google Cloud DNS', 'Google Font API', 'LiteSpeed', 'Newsletter for Wordpress', 'PHP', 'QUIC', 'Theme In WP', 'UTF-8', 'Woo Themes', 'WordPress', 'WordPress Multisite', 'jQuery']"
riddhisiddhigroups.in,| Riddhi-Siddhi-Groups |,,,45,159,2026-10-05T10:59:09.350023276Z,"['Apache', 'Bulma', 'FreeCSSTemplates', 'GZIP Module', 'Google Cloud DNS', 'Google Font API', 'IcoMoon', 'PHP', 'SiteW', 'Subversion', 'Tailwind CSS', 'UTF-8', 'jQuery']"
eagleauctionandrealty.com,Eagle Auction and Realty,Eagle Auction and Realty,,57,2359,2026-10-05T10:59:09.336237115Z,"['Alternate Protocol', 'Amazon CloudFront', 'Amazon S3 CDN', 'Apache', 'App Store', 'Bulma', 'CloudFront', 'Facebook Login', 'Facebook Messenger Platform', 'Facebook Reseller', 'GZIP Module', 'Google', 'Google Analytics', 'Google Cloud CDN', 'Google Cloud DNS', 'Google Font API', 'Google Maps', 'Google My Business', 'Google Play', 'Google Tag Manager', 'IcoMoon', 'Microdata for Google Shopping', 'RM Education', 'Storyblocks', 'UTF-8']"
czerwinski.pl,Home - Czerwiński,,,45,327,2026-10-05T10:54:29.251787931Z,"['Alternate Protocol', 'Apache', 'Bulma', 'Contact Form Plugin', 'Elementor', 'EmbedPress', 'Font Awesome', 'GZIP Module', 'Google Analytics', 'Google Cloud DNS', 'Google Font API', 'Google Tag Manager', 'Hestia', 'IcoMoon', 'PHP', 'Polylang', 'Sitelinks Search Box', 'Taxonomy Images', 'Theme In WP', 'UTF-8', 'WordPress', 'WordPress Multisite', 'WordPress Related Posts', 'jQuery']"
kottarathilassociates.com,Kottarathil Associates: Premier Tools & Parts Sales & Service,,FLK,72,99,2026-10-05T10:54:29.248666849Z,"['Bulma', 'CDN JS', 'Cloudflare', 'Cloudflare CDN', 'ElementUI', 'Font Awesome', 'Google Analytics', 'Google Tag Manager', 'Instagram Follow Button', 'jsDelivr']"
mforlante.com.ar,Metalúrgica F. Orlante,,,50,63,2026-10-05T10:51:53.477881419Z,"['AJAX Libraries API', 'Bulma', 'CDN JS', 'Cloudflare', 'Cloudflare CDN', 'ElementUI', 'Google', 'Google Cloud DNS', 'Google Font API', 'Instagram Follow Button', 'UTF-8', 'jsDelivr']"
panthorstudios.com,Panthor Studios,,,45,222,2026-10-05T10:47:28.351121256Z,"['Amazon', 'Amazon CloudFront', 'Amazon Route 53', 'Amazon S3 CDN', 'Bulma', 'CloudFront', 'Content Delivery Network', 'GZIP Module', 'Google Analytics', 'Google Tag Manager', 'IcoMoon', 'Python']"
jaipurdelhicab.com,Jaipur Delhi Cab in Just Rs. 2000/- Call us on +91 8058941229,,IND,82,855,2026-10-05T10:47:28.350681744Z,"['Alternate Protocol', 'Bulma', 'CDN JS', 'Cloudflare', 'Cloudflare CDN', 'Elementor', 'EmbedPress', 'Google Analytics', 'Google Cloud DNS', 'Google Font API', 'Google My Business', 'Google Tag Manager', 'IcoMoon', 'Instagram Follow Button', 'Llorix One Lite', 'Microdata for Google Shopping', 'PHP', 'Schema Plugin', 'Sitelinks Search Box', 'Theme In WP', 'Twitter Ads', 'UTF-8', 'W3 Total Cache', 'WordPress', 'WordPress Multisite', 'eLand', 'jQuery']"
agefulwellness.us,Home,,USA,65,7328,2026-10-05T10:47:28.340324248Z,"['Alternate Protocol', 'Authorize.net', 'Bulma', 'CDN JS', 'Cloudflare', 'Cloudflare CDN', 'Content Delivery Network', 'GZIP Module', 'Google', 'Google Analytics', 'Google Cloud CDN', 'Google Cloud DNS', 'Google Cloud Storage', 'Google Font API', 'Google Tag Manager', 'Hexo', 'Nuxt.js', 'QUIC', 'Ringba', 'Tailwind CSS', 'UTF-8', 'jQuery']"
prepthai.net,ยาป้องกัน HIV ก่อนการสัมผัสเชื้อเอชไอวี,,,55,33458,2026-10-05T10:43:17.605888254Z,"['AJAX Libraries API', 'AWS WAF Challenge', 'Bulma', 'CCSI', 'DAV', 'Financial Services Guide', 'Font Awesome', 'GZIP Module', 'Google Cloud DNS', 'Google Font API', 'K2F', 'KVH', 'Microsoft Azure', 'Microsoft IIS', 'No-Q', 'Paessler', 'SMC', 'Subversion', 'Tailwind CSS', 'Telerik Controls', 'UTF-8', 'Visual Studio', 'YouTube', 'Zope', 'jQuery', 'jsDelivr']"
technote.digital,TECHNOTE Digital Solutions,,AUS,80,5741,2026-10-05T10:43:17.595501483Z,"['Amazon', 'Amazon CloudFront', 'Amazon Route 53', 'Amazon S3 CDN', 'Apture Linking Platform', 'Bulma', 'CloudFront', 'Coming Soon Page', 'Content Delivery Network', 'GZIP Module', 'Google My Business', 'IcoMoon', 'NFOrce Internet', 'SnapWidget', 'jQuery', 'reCAPTCHA']"
bulbtv.com,bulbKIDZ,,FRA,65,2527,2026-10-05T10:43:17.592447932Z,"['Apache', 'Bulma', 'Font Awesome', 'GZIP Module', 'Google Analytics', 'Google Cloud DNS', 'Google Font API', 'Google My Business', 'Google Tag Manager', 'Instagram Follow Button', 'Oddle', 'Tailwind CSS', 'Ubuntu', 'University or College', 'reCAPTCHA']"
sikhsoncampus.com,Sikhs On Campus,,CAN,50,156,2026-10-05T10:35:40.956356099Z,"['Apache', 'Bulma', 'IcoMoon', 'University or College', 'jQuery']"
elemevents.com,Elem Events,,IND,67,40,2026-10-05T10:33:22.494409072Z,"['Apache', 'Bulma', 'CDN JS', 'Cloudflare', 'Cloudflare CDN', 'GZIP Module', 'Google Cloud DNS', 'Google Font API', 'Google Maps', 'Instagram Follow Button', 'Perl', 'Tailwind CSS', 'Twitter Ads', 'University or College', 'YouTube']"
mawulihotel.com,"Luxury Mawuli Hotel near Obuasi, Ghana",,GHA,77,1264,2026-10-05T10:33:22.488846341Z,"['AJAX Libraries API', 'Apache', 'Bulma', 'ConnectWise ChatAssist', 'GZIP Module', 'Google Analytics', 'Google Cloud DNS', 'Google Customer Reviews', 'Google Font API', 'Google My Business', 'Google Related Website Sites', 'Google Tag Manager', 'Instagram Follow Button', 'QUIC', 'Tailwind CSS', 'jQuery']"
elnarti.am,ELNARTI,,,45,39,2026-10-05T10:33:22.483868702Z,"['Apache', 'Bulma', 'Fancybox for WordPress', 'GZIP Module', 'Google Maps', 'Google My Business', 'Slider Revolution', 'Tailwind CSS', 'UTF-8']"
kmkbahrain.com,KMK,,BHR,52,156,2026-10-05T10:33:22.483974211Z,"['Bulma', 'IcoMoon', 'LiteSpeed']"
devoint.com,Devoint Technologies Pvt Ltd | Home,,IND,62,1008,2026-10-05T10:33:22.468686449Z,"['Bulma', 'IcoMoon', 'QUIC', 'Tawk', 'Visual Studio']"
pushtech.us,Push Technologies | Technology Integration Contractor - Nationwide,,USA,72,15567,2026-10-05T10:27:28.881842103Z,"['AWS WAF Challenge', 'Apache', 'Bulma', 'Easy Pie Chart', 'Font Awesome', 'GZIP Module', 'Google Analytics', 'Google Maps', 'Google My Business', 'Google Tag Manager', 'IcoMoon', 'InitiativeS', 'PWA', 'Perl', 'Subversion', 'University or College', 'jQuery']"
businessbuyersadvocacy.com.au,Business Buyers Advocacy | Australian Business Buyers Agency,Business Buyer Advocacy,AUS,67,2840,2026-10-05T10:27:28.873766617Z,"['AJAX Libraries API', 'Bulma', 'GetResponse', 'Google Analytics', 'Google Cloud DNS', 'Google Font API', 'Google My Business', 'Google Tag Manager', 'IcoMoon', 'Instagram Follow Button', 'LiteSpeed', 'Microdata for Google Shopping', 'PHP', 'QUIC', 'UTF-8', 'University or College', 'YouTube', 'jQuery', 'reCAPTCHA']"
josedergan.com,"Dr. Jose Dergan, clinical psychologist / Neuropsychologist and writer",José Dergan,USA,72,19451,2026-10-05T10:27:28.870023217Z,"['AWS WAF Challenge', 'Alternate Protocol', 'Bulma', 'Cloudflare', 'Cloudflare CDN', 'Complianz', 'Content Delivery Network', 'Embed Any Document', 'EmbedPress', 'GZIP Module', 'Google', 'Google Cloud DNS', 'Google Font API', 'Google My Business', 'Gravity', 'Gravity Forms', 'Gtranslate for Wordpress', 'Hestia', 'IcoMoon', 'LearnPress', 'LiteSpeed', 'Microdata for Google Shopping', 'Ninja Forms', 'PHP', 'Theme In WP', 'UTF-8', 'WPForms', 'Woo Themes', 'WooCommerce Checkout', 'WordPress', 'WordPress Multisite', 'eLand', 'jQuery']"
confidencehealthresources.com,Home – Confidence Health Resources,Confidence Health Resources,USA,70,2155,2026-10-05T10:23:24.828009536Z,"['Alternate Protocol', 'Bulma', 'Complianz', 'Contact Form Plugin', 'EmbedPress', 'Google Analytics', 'Google Cloud DNS', 'Google Font API', 'Google My Business', 'Google Tag Manager', 'IcoMoon', 'LiteSpeed', 'Microdata for Google Shopping', 'PHP', 'Rate my Post', 'Theme In WP', 'Twitter Ads', 'UTF-8', 'WP Responsive Menu', 'WPBakery', 'WordPress', 'WordPress Multisite', 'jQuery', 'reCAPTCHA']"
gebroederswuyts.be,Gebroeders Wuyts - Sanitair en Verwarming,,,45,10159,2026-10-05T10:18:41.351303192Z,"['Apache', 'Bulma', 'Ektron', 'GZIP Module', 'Google Cloud DNS', 'Google Font API', 'IcoMoon', 'jQuery']"
tracydrennan.com,Tracy Drennan,,,30,375,2026-10-05T10:18:41.347407612Z,"['Adobe Creative Cloud WebFonts', 'Alternate Protocol', 'Apache', 'Bulma', 'CDN JS', 'Cloudflare', 'Cloudflare CDN', 'EmbedPress', 'Font Awesome', 'GZIP Module', 'IcoMoon', 'PHP', 'Theme In WP', 'UTF-8', 'WordPress', 'WordPress Multisite']"
oxfordeducation.co.in,OXFORD COMPUTER & TECHNICAL EDUCATION,,GBR,72,1228,2026-10-05T10:18:41.33800724Z,"['Bulma', 'CDN JS', 'Cloudflare', 'Cloudflare CDN', 'Google Analytics', 'Google Cloud DNS', 'Google Font API', 'Google Related Website Sites', 'Google Tag Manager', 'IcoMoon', 'LiteSpeed', 'PHP', 'Tailwind CSS', 'Twitter Ads', 'UTF-8', 'University or College', 'YouTube', 'jQuery', 'shadcn ui']"
bpay.net.co,BRASS PAYMENT SOLUTION PRIVATE LIMITED,,,55,399,2026-10-05T10:14:24.251859837Z,"['AJAX Libraries API', 'Apache', 'Bulma', 'CDN JS', 'Cloudflare', 'Cloudflare CDN', 'GZIP Module', 'Google Analytics', 'Google Cloud DNS', 'Google Font API', 'Google Tag Manager', 'IcoMoon', 'QUIC', 'StackPath', 'Tailwind CSS', 'UTF-8', 'jQuery', 'jsDelivr']"
imaginepetproducts.ca,Imagine Pet Products | human-grade products for your pets,,CAN,77,1807,2026-10-05T10:14:24.245227524Z,"['Alternate Protocol', 'Bulma', 'CDN JS', 'Cloudflare', 'Cloudflare CDN', 'Ethy', 'Font Awesome', 'Google Cloud DNS', 'Google Maps', 'Google My Business', 'IcoMoon', 'LiteSpeed', 'Microdata for Google Shopping', 'PHP', 'Schema Plugin', 'Tailwind CSS', 'Twitter Ads', 'jQuery']"
aquamanmooringservices.com.au,Aquaman Diving and Mooring Services,,AUS,62,508,2026-10-05T10:14:24.245691955Z,"['Bulma', 'Google Cloud DNS', 'Google Font API', 'Google Maps', 'IcoMoon', 'LiteSpeed', 'Tailwind CSS', 'jQuery']"
tiksportswear.com,TIK Sportswear,,IND,55,3,2026-10-05T10:11:32.722874754Z,"['Apache', 'Better Lead Generation Services', 'Bulma', 'Google Cloud DNS', 'Google Maps', 'QUIC', 'Tailwind CSS', 'YouTube', 'jQuery']"
digedu.ru,"Центр автоматизации данных среднего профессионального образования ""Электронный колледж""",,,65,28900,2026-10-05T10:11:32.721193872Z,"['Apache', 'Bulma', 'CDN JS', 'Cloudflare', 'Cloudflare CDN', 'Debian', 'Fastly', 'GZIP Module', 'NFOrce Internet', 'PHP', 'Smart App Banner', 'Tailwind CSS', 'Totara', 'UTF-8']"
athomewithmarina.com,Home - Marina Shoop Realtor,,,75,41120,2026-10-05T10:11:32.720093153Z,"['AJAX Libraries API', 'Alternate Protocol', 'Apache', 'Apture Linking Platform', 'Beaver Builder Lite', 'Bulma', 'Debian', 'DuracellTomi Google Tag Manager for WordPress', 'EmbedPress', 'Font Awesome', 'GZIP Module', 'Google', 'Google Analytics', 'Google Cloud DNS', 'Google Font API', 'Google My Business', 'Google Tag Manager', 'Homes.com CMS', 'Instagram Follow Button', 'LeadRouter', 'MoxiWorks', 'PHP', 'Prospective', 'Sitelinks Search Box', 'Thank You', 'UTF-8', 'University or College', 'WordPress', 'WordPress Multisite', 'jQuery', 'jsDelivr', 'reCAPTCHA']"
imperialbiotek.com,Imperial Biotek,,IND,65,607,2026-10-05T10:06:02.660777167Z,"['Apache', 'Bulma', 'CDN JS', 'Cloudflare', 'Cloudflare CDN', 'ElementUI', 'Font Awesome', 'GZIP Module', 'Google Analytics', 'Google Cloud DNS', 'Google Font API', 'Google Tag Manager', 'IcoMoon', 'Instagram Follow Button', 'QUIC', 'Tailwind CSS', 'UTF-8', 'University or College', 'jQuery']"
realtyhome.com.mx,Realty Home,,MEX,65,139,2026-10-05T10:04:15.454184462Z,"['Apache', 'Bulma', 'CDN JS', 'Cloudflare', 'Cloudflare CDN', 'ElementUI', 'Font Awesome', 'Google Cloud DNS', 'Google Font API', 'Google Maps', 'Google My Business', 'Instagram Follow Button', 'UTF-8', 'WhatsApp Sharing', 'jQuery']"
alliedsalesph.com,HOME | Allied Sales Corporation,,PHL,67,178,2026-10-05T10:04:15.431473728Z,"['Bulma', 'Google Analytics', 'Google Cloud DNS', 'Google Font API', 'Google My Business', 'Google Tag Manager', 'Instagram Follow Button', 'LiteSpeed', 'PHP', 'Slider Revolution', 'Subversion', 'UTF-8', 'WoWonder']"
caraganciu.info,"Психолог, психотерапевт Караганчу Александрин",,MDA,75,6720,2026-10-05T10:04:15.431367929Z,"['Bulma', 'CDN JS', 'Cloudflare', 'Cloudflare CDN', 'Google Analytics', 'Google My Business', 'Google Related Website Sites', 'Google Tag Manager', 'PHP', 'StackPath', 'Tailwind CSS', 'Telegram', 'UTF-8', 'WhatsApp Sharing', 'Yandex Hosting', 'reCAPTCHA']"
sunnyhe.org,Sunny He,,,25,756,2026-10-05T10:04:15.4303005Z,"['Bulma', 'Content Delivery Network', 'Fastly', 'GZIP Module', 'GitHub Hosting', 'Google Analytics', 'IcoMoon', 'UTF-8', 'jQuery']"
magiccomposites.com,MAGIC-COMPOSITES,,,55,1362,2026-10-05T09:58:25.589055204Z,"['AJAX Libraries API', 'Bulma', 'CDN JS', 'Cloudflare', 'Cloudflare CDN', 'Font Awesome', 'GZIP Module', 'Google', 'Google Cloud DNS', 'Google Font API', 'Nginx', 'Tailwind CSS', 'Vector Internet Services', 'jQuery', 'jsDelivr']"
manumitunited.com,Home - Manumit United : Manumit United,,,65,21555,2026-10-05T09:55:47.088648046Z,"['501c3 Status Nonprofit', 'AWS WAF Challenge', 'Akismet', 'Alternate Protocol', 'Amazon WAF Blocked', 'Aruba', 'Bulma', 'Cloudflare', 'EmbedPress', 'Font Awesome', 'Google Cloud DNS', 'Google Font API', 'Google Forms', 'Google My Business', 'Gravity', 'Gravity Forms', 'Matomo', 'Matomo Tag Manager', 'Microdata for Google Shopping', 'PHP', 'Sitelinks Search Box', 'StackPath', 'Tailwind CSS', 'Thank You', 'Theme In WP', 'UTF-8', 'WP Engine', 'WordPress', 'WordPress Multisite', 'YouTube', 'eLand', 'jQuery']"
papugarium.pl,PAPUGARIUM,,POL,65,2499,2026-10-05T09:55:47.086397707Z,"['Bulma', 'CDN JS', 'Cloudflare', 'Cloudflare CDN', 'Coming Soon Page', 'Google', 'Google Cloud DNS', 'Google Font API', 'LiteSpeed', 'Tailwind CSS', 'Thank You', 'YouTube', 'htmlcodex.com', 'jsDelivr', 'shadcn ui']"
abbadabba.net,Welcome to ABBADABBA Music,,GBR,72,2908,2026-10-05T09:55:47.086250916Z,"['Bulma', 'Fastly', 'Google Cloud DNS', 'Google Font API', 'IcoMoon', 'LiteSpeed', 'PHP', 'UTF-8', 'eLand', 'jQuery']"
pregnancypeekhd.com,"3D 4D HD Elective Ultrasound | Northport / Tuscaloosa & Pelham, AL",,,57,300,2026-10-05T09:55:47.079536971Z,"['Apache', 'Bulma', 'GZIP Module', 'PWA', 'Tailwind CSS', 'UTF-8', 'Vagaro', 'jQuery']"
rudrakshresorts.com,"Rudraksh Club & Resorts - BOOK NOW for Couples, Family, with Private Pool in Ujjain",,IND,72,3408,2026-10-05T09:55:47.07942344Z,"['AutoComplete', 'Bulma', 'Google Analytics', 'Google Tag Manager', 'IcoMoon', 'Instagram Follow Button', 'Microsoft Azure', 'Microsoft IIS', 'QUIC', 'Tailwind CSS', 'UTF-8', 'Visual Studio', 'jQuery']"
baoholaodongphuongnam.com,Bảo Hộ Lao Động Hoàng Phương Nam - BHLĐ uy tín TPHCM,,THA,72,16288,2026-10-05T09:55:47.077447413Z,"['Bulma', 'DMCA Badge', 'Facebook Login', 'Facebook Reseller', 'Fireblade', 'Google Analytics', 'Google Related Website Sites', 'Google Tag Manager', 'IcoMoon', 'LiteSpeed', 'QUIC', 'Tailwind CSS', 'UTF-8', 'jQuery']"
nikleshshakya.com.np,Niklesh-design,,NPL,50,3,2026-10-05T09:55:47.063540954Z,"['Bulma', 'Google Cloud DNS', 'Google Font API', 'Google My Business', 'LiteSpeed', 'Tailwind CSS', 'Twitter Ads', 'jQuery']"
mpconstructora.com,Inicio | Constructora,,PAN,75,,2026-10-05T09:50:27.328326302Z,"['Bulma', 'CDN JS', 'Cloudflare', 'Cloudflare CDN', 'Google My Business', 'PHP', 'QUIC', 'Tailwind CSS', 'UTF-8', 'jQuery']"
knotart.co.nz,"KnotArt | Event Management, Conferences & DMC New Zealand",KnotArt,NZL,77,2868,2026-10-05T09:50:27.325878926Z,"['Alternate Protocol', 'Apache', 'Bulma', 'CDN JS', 'Cloudflare', 'Cloudflare CDN', 'Google Analytics', 'Google Tag Manager', 'IcoMoon', 'Microdata for Google Shopping', 'PWA', 'Perl', 'Tailwind CSS', 'Yandex Hosting']"
subsidyportal.be,Home,,BEL,65,508,2026-10-05T09:50:27.324913271Z,"['Bulma', 'CDN JS', 'Cloudflare', 'Cloudflare CDN', 'Google Analytics', 'Google Cloud DNS', 'Google Font API', 'Google Tag Manager', 'IcoMoon', 'Joomla!', 'Nginx', 'RokNavMenu', 'Tailwind CSS', 'UTF-8', 'jQuery']"
macs-challenge.com,Mac's Challenge,,USA,67,15867,2026-10-05T09:50:27.322641209Z,"['AWS WAF Challenge', 'Bulma', 'Font Awesome', 'GZIP Module', 'Google Maps', 'Google My Business', 'IcoMoon', 'Nginx', 'PHP', 'Parallels Plesk Panel', 'UTF-8']"
chelly-sports.com,Chelly Sports Academy,,TUN,75,2499,2026-10-05T09:46:18.337770602Z,"['Amazon', 'Bulma', 'CDN JS', 'Cloudflare', 'Cloudflare CDN', 'Font Awesome', 'GZIP Module', 'Google My Business', 'Google Play', 'Instagram Follow Button', 'Nginx', 'QUIC', 'UTF-8', 'Ubuntu', 'YouTube', 'jQuery']"
sprill.in,Sprill,,,35,600,2026-10-05T09:46:18.308842576Z,"['Apache', 'Bulma', 'ETranslate', 'GTranslate', 'GZIP Module', 'Google My Business', 'QUIC', 'Tailwind CSS', 'jQuery']"
iwacuinafrica.org,Home | IWACU IN AFRICA,,RWA,65,99,2026-10-05T09:46:18.305533821Z,"['Apache', 'Bulma', 'CDN JS', 'Cloudflare', 'Cloudflare CDN', 'Content Delivery Network', 'Cornerstone', 'ElementUI', 'Fancybox for WordPress', 'GZIP Module', 'Google Cloud DNS', 'Google Font API', 'Google Maps', 'Google My Business', 'PHP', 'QUIC', 'Tailwind CSS', 'Twitter Ads', 'UTF-8', 'YouTube']"
konobaroko.hr,Konoba Roko,,DEU,55,156,2026-10-05T09:46:18.300779359Z,"['Bulma', 'Google My Business', 'IcoMoon', 'Instagram Follow Button', 'LiteSpeed', 'Restaurant Guru', 'jQuery']"
proanautic.com,Venta de Barcos en España - Proa Nautic,,ESP,60,1359,2026-10-05T09:39:47.35871101Z,"['Bulma', 'GZIP Module', 'Google Cloud DNS', 'Google Font API', 'Google Maps', 'IcoMoon', 'UTF-8', 'Vector Internet Services', 'jQuery']"
explicadora-bethraimundo.com,Explicadora Beth Raimundo,,BRA,67,,2026-10-05T09:39:47.358806444Z,"['Bulma', 'Tailwind CSS', 'YouTube', 'jQuery']"
gordonspoolservice.com,Gordon's Pool Service,,PAK,50,156,2026-10-05T09:39:47.358435765Z,"['Bulma', 'Content Delivery Network', 'IcoMoon', 'Nginx', 'Tailwind CSS']"
pinscentral.ca,Pinscentral.ca | Stock Lapel Pins shipped the Next Day,,JAM,67,17400,2026-10-05T09:39:47.346706709Z,"['Bulma', 'Express', 'Fireblade', 'GZIP Module', 'ISO/IEC 8859', 'Microsoft Azure', 'Microsoft IIS', 'Tailwind CSS']"
2290asap.com,IRS Form 2290 Watermark Stamped Schedule 1 in minutes,,,67,5560,2026-10-05T09:39:47.346138754Z,"['Apache', 'Bulma', 'CDN JS', 'Cloudflare', 'Cloudflare CDN', 'DAV', 'ElementUI', 'Facebook Conversion Tracking', 'Facebook Login', 'Facebook Messenger Platform', 'Facebook Pixel', 'Facebook Reseller', 'Facebook Tag API', 'GZIP Module', 'Google', 'Google Analytics', 'Google Cloud DNS', 'Google Font API', 'Google Related Website Sites', 'Google Tag Manager', 'QUIC', 'StackPath', 'Subversion', 'Tailwind CSS', 'UTF-8', 'jQuery', 'jsDelivr']"
sapphiredairies.com,Sapphire Dairies,,PAK,57,10600,2026-10-05T09:39:47.345805001Z,"['Apache', 'Bulma', 'Fastly', 'Google Analytics', 'Google Tag Manager', 'Instagram Follow Button', 'QUIC', 'The Fresh', 'YouTube']"
dust-test.eu,Home - Dust test,,POL,65,33677,2026-10-05T09:34:20.088670351Z,"['AWS WAF Challenge', 'Alternate Protocol', 'Apache', 'Bulma', 'Cloudflare', 'Cloudflare CDN', 'EmbedPress', 'Fireblade', 'FreeCSSTemplates', 'GZIP Module', 'Google', 'Google Analytics', 'Google Cloud DNS', 'Google Font API', 'Google My Business', 'Google Related Website Sites', 'Google Tag Manager', 'IcoMoon', 'Microdata for Google Shopping', 'PHP', 'QUIC', 'Tailwind CSS', 'Theme In WP', 'UTF-8', 'WordPress', 'WordPress Multisite', 'YouTube', 'jQuery']"
tdp-services.com,TOOLING DESIGN & PROGRAMMING,,PRY,60,159,2026-10-05T09:29:51.685940144Z,"['Bulma', 'Google Cloud DNS', 'Google Font API', 'IcoMoon', 'Nginx', 'PHP', 'Tailwind CSS']"
aapfco.org,AAPFCO Home Page,,,45,8000,2026-10-05T09:29:51.684171269Z,"['Bulma', 'Fireblade', 'NFOrce Internet', 'Nginx', 'Tailwind CSS']"
bkpowertech.com,"BK POWER TECH delivers complete Electrical and Automation Solutions trusted by industries, powered by global leader SIEMENS.",,IND,72,30567,2026-10-05T09:29:51.683509742Z,"['AWS WAF Challenge', 'Apache', 'Bulma', 'Fireblade', 'GZIP Module', 'IcoMoon', 'Instagram Follow Button', 'PHP', 'Tailwind CSS', 'UTF-8', 'W3layouts', 'YouTube']"
impobol.com.mx,Inicio | Impobol,,MEX,62,2400,2026-10-05T09:29:51.680443253Z,"['Amazon', 'Bulma', 'ElementUI', 'GZIP Module', 'Google My Business', 'Nginx', 'Tailwind CSS', 'UTF-8', 'shadcn ui']"
rodacom.com.ar,.: RODACOM :.,,ARG,57,42,2026-10-05T09:29:51.678755249Z,"['Apache', 'Bulma', 'Google Analytics', 'Google Cloud DNS', 'Google Font API', 'Google Tag Manager', 'Instagram Follow Button', 'Slider Revolution', 'UTF-8', 'WhatsApp Sharing', 'jQuery']"
franklinretirement.net,"Franklin Retirement Services | Bristol, CT | Mark Lombardo : Franklin Retirement Services",,GBR,82,21747,2026-10-05T09:27:06.397344616Z,"['AWS WAF Challenge', 'Akismet', 'Alternate Protocol', 'Amazon WAF Blocked', 'Aruba', 'Bulma', 'Calendly', 'Cloudflare', 'EmbedPress', 'Express', 'Font Awesome', 'Google Analytics', 'Google Cloud DNS', 'Google Font API', 'Google Tag Manager', 'Gravity', 'Gravity Forms', 'Matomo', 'Matomo Tag Manager', 'Microdata for Google Shopping', 'PHP', 'Pagekit', 'Sitelinks Search Box', 'StackPath', 'Tailwind CSS', 'Theme In WP', 'UTF-8', 'WP Engine', 'WordPress', 'WordPress Multisite', 'YouTube', 'eLand', 'jQuery']"
largescalefilm.co.uk,Home - Large Scale Film,Large Scale Film,GBR,75,601,2026-10-05T09:27:06.393973707Z,"['Alternate Protocol', 'Bulma', 'Cloudflare', 'Cloudflare CDN', 'Content Delivery Network', 'Easy Fancybox', 'EmbedPress', 'Instagram Follow Button', 'Jetpack', 'Microdata for Google Shopping', 'Ninja Forms', 'PHP', 'Theme In WP', 'Twitter Ads', 'UTF-8', 'Vimeo', 'WordPress', 'WordPress Multisite', 'YouTube', 'jQuery', 'jQuery Pin It Button for Images']"
elforge.com,EL FORGE,,IND,65,2559,2026-10-05T09:27:06.375676749Z,"['AJAX Libraries API', 'Apache', 'Bulma', 'Corporate Governance and Regulatory Compliance', 'Font Awesome', 'GZIP Module', 'Google', 'Google Cloud DNS', 'Google Font API', 'Google My Business', 'Investor Relations', 'PHP', 'QUIC', 'Tailwind CSS', 'UTF-8', 'htmlcodex.com', 'jQuery', 'jsDelivr', 'shadcn ui']"
11883-ihr-office-dienstleister.de,start page - 11883* - Ihr Office Partner,11883 Telecom GmbH,,67,56000,2026-10-05T09:27:06.375031097Z,"['Apache', 'Bulma', 'CookieConsent', 'Fireblade', 'GZIP Module', 'Matomo Tag Manager', 'Microdata for Google Shopping', 'ON24', 'UTF-8', 'jQuery']"
en-puraburn.com,PuraBurn™ Weight Loss & Gut Health | Official,,,72,268,2026-10-05T09:27:06.373856747Z,"['Bulma', 'Content Delivery Network', 'Google Cloud DNS', 'Google Font API', 'Microdata for Google Shopping', 'Netlify', 'QUIC', 'Schema Plugin', 'Tailwind CSS', 'UTF-8']"
ledreit.com,led fixture-high bay-led bulb light,,CHN,67,468,2026-10-05T09:27:06.370958601Z,"['Add to Any', 'Apache', 'Bulma', 'GZIP Module', 'IcoMoon', 'Twitter Ads', 'UTF-8', 'YouTube', 'jQuery']"
kashishshipping.com,Kashish Shipping| Licenced Customs Broker,,,62,547,2026-10-05T09:19:08.739050693Z,"['AJAX Libraries API', 'Alternate Protocol', 'Bulma', 'GZIP Module', 'Google Cloud DNS', 'Google My Business', 'IcoMoon', 'Slider Revolution', 'Tailwind CSS', 'Twitter Ads', 'UTF-8', 'jQuery']"
panditpuja.in,Pandit Dinesh Tiwari,,IND,62,4840,2026-10-05T09:19:08.735070295Z,"['Amazon', 'Apache', 'Bulma', 'ElementUI', 'Google', 'Google Cloud DNS', 'Google Font API', 'PHP', 'Tailwind CSS', 'UTF-8', 'WhatsApp Sharing', 'YouTube', 'jQuery']"
finmacsolutions.com,"Finmac Solutions – Finmac Solutions is a professional accountancy and financial firm with associate with YH LIM & CO and we were founded in 2020 by a group of experienced and accountants, lawyers and entrepreneurs in Malaysia.",,MYS,70,2908,2026-10-05T09:19:08.725540107Z,"['Alternate Protocol', 'Bulma', 'Contact Form Plugin', 'Elementor', 'EmbedPress', 'Essentials Theme', 'GZIP Module', 'Google', 'Google Cloud CDN', 'Google Cloud DNS', 'Google Font API', 'Google My Business', 'Instagram Follow Button', 'Master Slider', 'Nginx', 'PHP', 'Slider Revolution', 'Tailwind CSS', 'Theme In WP', 'UTF-8', 'W3 Total Cache', 'WordPress', 'WordPress Multisite', 'YouTube', 'jQuery']"
snmarketing.in,"Engineering Excellence in ACP, Glazing & Roofing | SN Marketing",,IND,77,2440,2026-10-05T09:14:11.579468565Z,"['Alternate Protocol', 'Bulma', 'Google', 'Google Cloud DNS', 'Google Font API', 'Material Design Icons', 'Nginx', 'QUIC', 'Tailwind CSS', 'UTF-8', 'jsDelivr']"
www-denticores.com,DentiCore™ - Official Website - Get $300 OFF Today Only!,,USA,67,22508,2026-10-05T09:10:02.776676763Z,"['Apache', 'Bulma', 'Fireblade', 'GZIP Module', 'Google Cloud DNS', 'Google Font API', 'IcoMoon', 'Prospective', 'Tailwind CSS']"
elitehomeslubbock.net,Elite Homes | Elite Homes,,,57,99,2026-10-05T09:04:45.028247676Z,"['Apache', 'Bulma', 'CDN JS', 'Cloudflare', 'Cloudflare CDN', 'Font Awesome', 'GZIP Module', 'Google Analytics', 'Google My Business', 'Google Tag Manager', 'Instagram Follow Button', 'PHP', 'Tailwind CSS', 'UTF-8', 'jsDelivr', 'reCAPTCHA']"
jewelerseye.com,Jeweler's Eye,,,50,3,2026-10-05T09:03:12.740897853Z,"['Bulma', 'CDN JS', 'Cloudflare', 'Cloudflare CDN', 'GZIP Module', 'Google Cloud DNS', 'Google Font API', 'Nginx', 'QUIC', 'UTF-8']"
grandortus.com.au,Grand Ortus,,,57,11755,2026-10-05T09:03:12.730201999Z,"['Better Lead Generation Services', 'Bulma', 'CDN JS', 'Cisco/Arrowpoint Content Service Switch', 'Citrix', 'Cloudflare', 'Cloudflare CDN', 'Fireblade', 'Font Awesome', 'GZIP Module', 'IcoMoon', 'Instagram Follow Button', 'Nginx', 'Pleroma', 'UTF-8', 'jsDelivr']"
mtahacks.ca,MtA Hacks 2026,,,60,3003,2026-10-05T09:03:12.718823695Z,"['Apache', 'Bulma', 'Eventbrite', 'GitHub Hosting', 'Google Cloud DNS', 'Google Font API', 'Google Maps', 'Google My Business', 'Instagram Follow Button', 'Prospective', 'Tailwind CSS', 'University or College', 'jsDelivr']"
sjccm.com,San Jose Chinese Catholic Mission | SJCCM,,USA,77,4833,2026-10-05T09:03:12.716840316Z,"['Alternate Protocol', 'Apache', 'Bulma', 'CM Commerce', 'Calendly', 'CentOS', 'Constant Contact', 'Contact Form 7', 'Contact Form Plugin', 'EmbedPress', 'Facebook Conversion Tracking', 'Facebook Login', 'Facebook Messenger Platform', 'Facebook Pixel', 'Facebook Reseller', 'Facebook Tag API', 'GZIP Module', 'GetResponse', 'Google Analytics', 'Google Cloud DNS', 'Google Font API', 'Google My Business', 'IcoMoon', 'Master Slider', 'Newsletter for Wordpress', 'Ntent', 'OpenSSL', 'PHP', 'PWA', 'Squarespace', 'Tailwind CSS', 'The Events Calendar', 'Theme In WP', 'UPS', 'UTF-8', 'WP Super Cache', 'WPBakery', 'WordPress', 'WordPress Multisite', 'Yelp Badge', 'YouTube', 'Zoom Video Conferencing', 'jQuery', 'jsDelivr', 'reCAPTCHA']"
balerosymotores.com,Baleros y Motores de Tijuana,,MEX,67,468,2026-10-05T09:03:12.704976331Z,"['Apache', 'Bulma', 'GZIP Module', 'Google Maps', 'Google My Business', 'IcoMoon', 'Tailwind CSS', 'jQuery']"
betaeventi-cms.it,B.E. Beta Eventi s.r.l.,,ITA,65,111069,2026-10-05T09:03:12.704846827Z,"['Azion', 'Bulma', 'CDN JS', 'Cloudflare', 'Cloudflare CDN', 'DAV', 'DevExpress ASP.NET', 'Express', 'Financial Services Guide', 'Font Awesome', 'Google Analytics', 'Google My Business', 'Google Tag Manager', 'K2F', 'KVH', 'Microsoft Azure', 'Microsoft IIS', 'No-Q', 'Onyx Internet', 'SMC', 'Subversion', 'Tailwind CSS', 'UTF-8', 'Unix', 'Visual Studio', 'WordPress', 'jQuery']"
parroquiagata.com,Parroquia Gata de Gorgos |,,BRA,65,300,2026-10-05T08:55:00.23165417Z,"['AutoComplete', 'Bulma', 'Facebook Login', 'Facebook Reseller', 'GZIP Module', 'Google Analytics', 'Google Calendar', 'Google Maps', 'Google My Business', 'Google Tag Manager', 'Nginx', 'PHP', 'Parallels Plesk Panel', 'Subversion', 'Twitter Ads', 'UTF-8', 'YouTube', 'jQuery']"
boonehistory.org,Boone County History & Culture Center,The Boone County History and Culture Center,USA,77,63214,2026-10-05T08:55:00.216782501Z,"['Adobe Creative Cloud WebFonts', 'Alternate Protocol', 'Amazon WAF Blocked', 'Bulma', 'Content Delivery Network', 'EmbedPress', 'Federal Deposit Insurance Corporation', 'Financial Services Guide', 'Font Awesome', 'GZIP Module', 'Google Analytics', 'Google Customer Reviews', 'Google My Business', 'Google Tag Manager', 'Gravity', 'Gravity Forms', 'Homes.com CMS', 'IcoMoon', 'Instagram Follow Button', 'Microdata for Google Shopping', 'Nginx', 'PHP', 'PrivacyPolicies', 'RM Education', 'SMC', 'Theme In WP', 'UTF-8', 'University or College', 'WP PageNavi', 'Woo Themes', 'WooCommerce', 'WooCommerce Checkout', 'WordPress', 'WordPress Multisite', 'Yelp Badge', 'YouTube', 'jQuery', 'jsDelivr', 'uPress']"
apex-locksmith.co.uk,Locksmith Lancaster & Morecambe (Local Expert with 100+ Reviews),,GBR,82,40828,2026-10-05T08:55:00.215903167Z,"['AWS WAF Challenge', 'Amazon', 'Amazon CloudFront', 'Apache', 'Better Lead Generation Services', 'Bulma', 'CDN JS', 'CloudFront', 'Cloudflare', 'Cloudflare CDN', 'Content Delivery Network', 'CookieConsent', 'Elfsight', 'Fireblade', 'GZIP Module', 'Google Analytics', 'Google My Business', 'Google Tag Manager', 'IcoMoon', 'Microdata for Google Shopping', 'QUIC', 'RM Education', 'Tailwind CSS']"
amarmachinetools.com,Manufacturer of Lathe Machine in Ludhiana,,IND,77,40,2026-10-05T08:52:08.20847043Z,"['AJAX Libraries API', 'Bulma', 'GZIP Module', 'Google Cloud DNS', 'Nginx', 'QUIC', 'Tailwind CSS', 'WhatsApp Sharing', 'YouTube', 'jQuery']"
drshabkrish.com,Home - Dr. Shab Krish,,USA,75,16507,2026-10-05T08:52:08.202783101Z,"['AWS WAF Challenge', 'Alternate Protocol', 'Bulma', 'Content Delivery Network', 'DuracellTomi Google Tag Manager for WordPress', 'EmbedPress', 'Font Awesome', 'GZIP Module', 'Google Analytics', 'Google Tag Manager', 'Gravity', 'Gravity Forms', 'Microdata for Google Shopping', 'Nginx', 'PHP', 'Tailwind CSS', 'Theme In WP', 'Twitter Ads', 'UTF-8', 'WP Bootstrap Starter', 'WP Engine', 'WordPress', 'WordPress Multisite', 'jQuery']"
blissnailspama.com,"Bliss Nail Spa - 219 N Main Street, North Brookfield, MA 01535",,USA,82,4256,2026-10-05T08:52:08.19877347Z,"['Alternate Protocol', 'Apache', 'Bulma', 'EmbedPress', 'Font Awesome', 'GZIP Module', 'Google', 'Google Cloud DNS', 'Google Font API', 'Google My Business', 'IcoMoon', 'Instagram Follow Button', 'Microdata for Google Shopping', 'PHP', 'Sitelinks Search Box', 'Tailwind CSS', 'Theme In WP', 'UTF-8', 'WordPress', 'WordPress Multisite', 'Yelp Badge', 'reCAPTCHA']"
buttonheadbolt.com,PRESONS IMPEX,,IND,55,255,2026-10-05T08:52:08.194907555Z,"['Better Lead Generation Services', 'Bulma', 'Font Awesome', 'GZIP Module', 'IcoMoon', 'Nginx', 'Tailwind CSS', 'WhatsApp Sharing', 'jQuery']"
uptrust.co.in,uptrust - General and Life Insurance,,IND,70,508,2026-10-05T08:52:08.193602869Z,"['AJAX Libraries API', 'Better Lead Generation Services', 'Bulma', 'Cloudflare', 'Cloudflare CDN', 'GZIP Module', 'Google Cloud DNS', 'Google Font API', 'Google My Business', 'IcoMoon', 'Nginx', 'QUIC', 'UTF-8', 'jQuery']"
terhaarposthouwer.nl,Varkenshandel Ter Haar – Posthouwer,Frans ter Haar,NLD,77,2057,2026-10-05T08:52:08.191694323Z,"['AJAX Libraries API', 'Alternate Protocol', 'Bulma', 'CDN JS', 'Cloudflare', 'Cloudflare CDN', 'Contact Form Plugin', 'EmbedPress', 'Financial Services Guide', 'Google Analytics', 'Google Cloud DNS', 'Google Font API', 'Google My Business', 'IcoMoon', 'Microdata for Google Shopping', 'Nginx', 'PHP', 'PWA', 'Parallels Plesk Panel', 'Theme In WP', 'UTF-8', 'WordPress', 'WordPress Multisite', 'jQuery', 'reCAPTCHA']"
psfreewheelclutches.com,Clutches Manufacturer & Design Company | PS Freewheel Clutches,,CHN,77,40468,2026-10-05T08:52:08.183850385Z,"['51.la', 'AWS WAF Challenge', 'Bulma', 'Clutch', 'Clutch Technologies', 'GZIP Module', 'IcoMoon', 'Nginx', 'UTF-8', 'jQuery']"
novvelaifoundation.org,Novvel AI - Non Governmental Organization: Innovating for a Better World with AI,,GHA,70,35160,2026-10-05T08:47:04.274039819Z,"['AJAX Libraries API', 'AWS WAF Challenge', 'Bulma', 'CDN JS', 'Cloudflare', 'Cloudflare CDN', 'ETranslate', 'Fireblade', 'GTranslate', 'Google', 'Google Cloud DNS', 'Google Font API', 'Google My Business', 'Nginx', 'PHP', 'Tailwind CSS', 'Thank You', 'Twitter Ads', 'UTF-8', 'htmlcodex.com', 'jQuery', 'jsDelivr']"
mtsn2-garut.sch.id,MTSN 2 GARUT,,,67,2472,2026-10-05T08:47:04.26530665Z,"['Alternate Protocol', 'Bulma', 'Fastly', 'Google My Business', 'Instagram Follow Button', 'Linktree', 'PHP', 'Tailwind CSS', 'Twitter Ads', 'UTF-8', 'YouTube']"
xmwinkay.com,Xmwinkay.com,,USA,72,23896,2026-10-05T08:47:04.261425011Z,"['AutoComplete', 'Bulma', 'Coming Soon Page', 'Font Awesome', 'Freepik', 'Google', 'Google Cloud DNS', 'Google Font API', 'Google My Business', 'Instagram Follow Button', 'KVH', 'LiteSpeed', 'PHP', 'Tailwind CSS', 'UTF-8', 'jQuery', 'reCAPTCHA']"
furstlook.com,Dedicated Server Hosting Plans | Vps Server Plans,,,67,15340,2026-10-05T08:47:04.253029352Z,"['Apache', 'AutoComplete', 'Bulma', 'Facebook Login', 'Facebook Reseller', 'Fireblade', 'Google Analytics', 'Google Cloud DNS', 'Google Font API', 'Google Tag Manager', 'OpenSSL', 'Parallels Plesk Panel', 'QUIC', 'Tailwind CSS', 'Tawk', 'Twitter Ads', 'Unix']"
laswarasapart.com.ar,Las Waras Aparts | Las Gaviotas | Mar Azul,,ARG,72,1708,2026-10-05T08:40:01.325239122Z,"['Apache', 'Bulma', 'Facebook Login', 'Facebook Reseller', 'GZIP Module', 'Google Analytics', 'Google Cloud DNS', 'Google Font API', 'Google My Business', 'IcoMoon', 'Instagram Follow Button', 'UTF-8', 'WhatsApp Sharing', 'YouTube', 'jQuery', 'reCAPTCHA']"
simsandwhite.com,"Sims & White, PLLC",,VEN,65,5040,2026-10-05T08:40:01.324379738Z,"['Apache', 'Bulma', 'CDN JS', 'Cisco/Arrowpoint Content Service Switch', 'Cloudflare', 'Cloudflare CDN', 'GZIP Module', 'Google Cloud DNS', 'Google Font API', 'PHP', 'Tailwind CSS', 'University or College', 'jQuery']"
terusjaya.co.id,Terus Jaya,,IDN,57,,2026-10-05T08:40:01.320125598Z,"['Bulma', 'InitiativeS', 'PHP', 'Pico CSS', 'Tailwind CSS', 'UTF-8']"
wellnesshomoeopathy.in,Wellness Homeopathy Clinic - Home,,IND,77,508,2026-10-05T08:40:01.309594199Z,"['Bulma', 'CDN JS', 'Cloudflare', 'Cloudflare CDN', 'Fontello', 'Google Cloud DNS', 'Google Font API', 'IcoMoon', 'PHP', 'Tailwind CSS', 'UTF-8', 'University or College', 'jQuery']"
elitejournal.org,ELITE JOURNAL,,IDN,60,159,2026-10-05T08:40:01.301065849Z,"['AJAX Libraries API', 'Alternate Protocol', 'AutoComplete', 'Bulma', 'CDN JS', 'Cloudflare', 'Cloudflare CDN', 'Content Delivery Network', 'Flag Counter', 'Google Cloud DNS', 'Google Font API', 'Google My Business', 'Grammarly', 'IcoMoon', 'License Buttons', 'PHP', 'QUIC', 'UTF-8', 'University or College', 'jQuery']"
nhi.ie,Home - Nursing Homes Ireland,,IRL,82,18264,2026-10-05T08:40:01.297848341Z,"['Alternate Protocol', 'Amazon WAF Blocked', 'Apache', 'Apture Linking Platform', 'Bulma', 'CDN JS', 'Cloudflare', 'Cloudflare CDN', 'Cookie Accept', 'Cookie Notice', 'Elegant Themes', 'EmbedPress', 'Fireblade', 'GZIP Module', 'Google', 'Google Analytics', 'Google Cloud DNS', 'Google Font API', 'Google Tag Manager', 'IcoMoon', 'Investor Relations', 'Lazy Load for WordPress', 'Microdata for Google Shopping', 'PHP', 'QUIC', 'Schema Plugin', 'Search and Filter Pro', 'UTF-8', 'WP Rocket', 'Woo Themes', 'WordPress', 'WordPress Multisite', 'eLand']"
vault-finance.com,VaultFi,,,62,15040,2026-10-05T08:40:01.297225813Z,"['AWS WAF Challenge', 'Bulma', 'Express', 'Google Cloud DNS', 'Google Font API', 'InitiativeS', 'LiteSpeed', 'Telegram', 'Twitter Ads', 'jsDelivr']"
anhtuskitchen.ca,Vietnamese restaurant - Anh Tu's Kitchen,Anh Tu's Kitchen,CAN,87,3445,2026-10-05T08:34:23.386508054Z,"['Alternate Protocol', 'Bulma', 'Contact Form Plugin', 'Content Delivery Network', 'DAV', 'EmbedPress', 'Gambling Content', 'Google', 'Google Analytics', 'Google Cloud CDN', 'Google Cloud DNS', 'Google Font API', 'Google Tag Manager', 'IcoMoon', 'Instagram Follow Button', 'LiteSpeed', 'Microdata for Google Shopping', 'PHP', 'Popup Builder', 'QUIC', 'Slider Revolution', 'Slotti', 'Theme In WP', 'UTF-8', 'Uncode', 'WPBakery', 'WordPress', 'WordPress Multisite', 'eLand', 'jQuery']"
deespacios.com.ar,DeEspacios,,ARG,62,240,2026-10-05T08:34:23.384383343Z,"['Bulma', 'Content Delivery Network', 'Instagram Follow Button', 'Next.js', 'Pleroma', 'Tailwind CSS', 'UTF-8', 'Vercel']"
scottishfestival.ca,Scottish Festival Orillia | Sponsored by the Royal Canadian Legion Orillia Branch 34 Sponsored by the Royal Canadian Legion Orillia Branch 34 # Orillia Scottish Festival #scottishfestival #orillia #pipesanddrums #massed bands,Scottish Festival Orillia,GBR,77,1277,2026-10-05T08:34:23.379113092Z,"['Alternate Protocol', 'Apache', 'Bulma', 'EmbedPress', 'GZIP Module', 'Google Cloud DNS', 'Google Font API', 'Google Related Website Sites', 'IcoMoon', 'Instagram Follow Button', 'Llorix One Lite', 'Microdata for Google Shopping', 'PHP', 'Schema Plugin', 'Theme In WP', 'TicketLeap', 'Twitter Ads', 'UTF-8', 'WordPress', 'WordPress Multisite', 'jQuery']"
librenauts.my,LibreNauts Technology,,,50,287,2026-10-05T08:34:23.3591693Z,"['AWS WAF Challenge', 'Bulma', 'CDN JS', 'Cloudflare', 'Cloudflare CDN', 'Coming Soon Page', 'Google Cloud DNS', 'Google Font API', 'LiteSpeed', 'QUIC', 'UTF-8', 'Unsplash', 'jsDelivr']"
asesoriaitempresarial.com,Asesoria IT Empresarial - Servicio de Consultoría y Adiestramiento IT Empresarial,Asesoria IT Empresarial,SLV,67,9354,2026-10-05T08:26:14.229033037Z,"['Alternate Protocol', 'Apache', 'Appointment', 'Bulma', 'CanvasJS', 'DC74', 'DuracellTomi Google Tag Manager for WordPress', 'EmbedPress', 'Express', 'GZIP Module', 'Google Analytics', 'Google Cloud DNS', 'Google Font API', 'Google Related Website Sites', 'Google Tag Manager', 'Gutenberg', 'IcoMoon', 'Instagram Follow Button', 'Microdata for Google Shopping', 'PHP', 'QUIC', 'Quantcast Direct', 'Theme In WP', 'Twitter Ads', 'UTF-8', 'Vimeo', 'Woo Themes', 'WordPress', 'WordPress Multisite', 'Yandex Hosting', 'YouTube', 'jQuery', 'jsDelivr']"
wilhelmhomesitsyourmove.com,Stephen Wilhelm,,EGY,72,35120,2026-10-05T08:26:14.228477059Z,"['AJAX Libraries API', 'Alternate Protocol', 'Apache', 'Apture Linking Platform', 'Beaver Builder Lite', 'Bulma', 'Debian', 'DuracellTomi Google Tag Manager for WordPress', 'EmbedPress', 'Font Awesome', 'GZIP Module', 'Google Analytics', 'Google Cloud DNS', 'Google Font API', 'Google Maps', 'Google My Business', 'Google Tag Manager', 'Instagram Follow Button', 'LeadRouter', 'MoxiWorks', 'PHP', 'Prospective', 'QUIC', 'Sitelinks Search Box', 'Tailwind CSS', 'Thank You', 'Twitter Ads', 'UTF-8', 'WordPress', 'WordPress Multisite', 'YouTube', 'jQuery', 'jsDelivr', 'reCAPTCHA']"
titownwork.space,TItown,,,50,102,2026-10-05T08:26:14.226775966Z,"['Bulma', 'Font Awesome', 'GZIP Module', 'Google Cloud DNS', 'Google Font API', 'Google My Business', 'Nginx', 'Tailwind CSS', 'UTF-8', 'jsDelivr']"
designsoftstudio.com,Design Soft Studio – Custom Web & Digital Agency,,USA,77,28575,2026-10-05T08:26:14.22120465Z,"['Bulma', 'CDN JS', 'Cloudflare', 'Cloudflare CDN', 'Express', 'Fancybox for WordPress', 'Fireblade', 'Font Awesome', 'GoDaddy', 'Google Cloud DNS', 'Google Font API', 'IcoMoon', 'Instagram Follow Button', 'Microdata for Google Shopping', 'Mouseflow', 'Onyx Internet', 'PHP', 'QUIC', 'Seflow Italy', 'Tailwind CSS', 'UTF-8', 'jQuery', 'jsDelivr']"
qaimleathers.com,Qaim Leather,,,55,7842,2026-10-05T08:26:14.220139675Z,"['Apache', 'Bulma', 'CDN JS', 'Cloudflare', 'Cloudflare CDN', 'Fireblade', 'Font Awesome', 'Google Cloud DNS', 'Google Font API', 'Instagram Follow Button', 'StackPath', 'Twitter Ads', 'UTF-8']"
siresearchandsolutions.com,Pharmaceutical Sales Force Deployment & Sales Force Benchmarking,,IND,77,16228,2026-10-05T08:20:52.36934301Z,"['AWS WAF Challenge', 'Bulma', 'Google Analytics', 'Google Cloud DNS', 'Google Font API', 'Google Forms', 'Google Maps', 'Google My Business', 'Google Related Website Sites', 'Google Tag Manager', 'IcoMoon', 'Twitter Ads', 'UTF-8', 'jQuery']"
valetwireless.ca,Pioneers in Managed Cellular Solutions | Valet Wireless,,,67,35159,2026-10-05T08:18:35.435985686Z,"['AWS WAF Challenge', 'Apture Linking Platform', 'Better Lead Generation Services', 'Bulma', 'Cloudflare', 'Cloudflare CDN', 'Content Delivery Network', 'Elfsight', 'Fastly', 'Font Awesome', 'Google Analytics', 'Google Tag Manager', 'Hubspot Knowledge Base', 'LinkedIn Insights', 'LinkedIn Pixel', 'Microdata for Google Shopping', 'NFOrce Internet', 'Perl', 'QUIC', 'UTF-8', 'Vector Internet Services', 'jQuery', 'jsDelivr']"
cetex.nl,Cetex,,,60,396,2026-10-05T08:18:35.428659629Z,"['Bulma', 'Express', 'Google Maps', 'Google My Business', 'HostGator', 'IcoMoon', 'Microsoft Azure', 'Microsoft IIS', 'Parallels Plesk Panel', 'UTF-8', 'Visual Studio', 'jQuery', 'reCAPTCHA']"
gouda-prive.nl,Privehuis / Priveclub - Gouda Privé,,,62,3007,2026-10-05T08:10:39.975133662Z,"['Apache', 'Bulma', 'CDN JS', 'Cloudflare', 'Cloudflare CDN', 'Font Awesome', 'GZIP Module', 'Google', 'Google Analytics', 'Google Cloud DNS', 'Google Font API', 'Google Tag Manager', 'IcoMoon', 'Material Design Icons', 'PHP', 'Tailwind CSS', 'UTF-8', 'WhatsApp Sharing', 'jQuery']"
learningcastleschool.com.ng,Learning Castle Ace Academy,,GBR,70,17440,2026-10-05T08:10:39.971486798Z,"['AWS WAF Challenge', 'Apache', 'Bulma', 'Facebook Embedded Posts', 'Google', 'Google Cloud DNS', 'Google Font API', 'PHP', 'Tailwind CSS', 'UTF-8', 'YouTube', 'jQuery']"
lgbtqcapefear.org,LGBTQ Center of the Cape Fear Coast,,USA,70,17207,2026-10-05T08:10:39.971592467Z,"['501c3 Status Nonprofit', 'AWS WAF Challenge', 'Alternate Protocol', 'Bulma', 'Cloudflare', 'Content Delivery Network', 'EmbedPress', 'Font Awesome', 'Google Analytics', 'Google Cloud DNS', 'Google Font API', 'Google Related Website Sites', 'Google Tag Manager', 'Instagram Follow Button', 'PHP', 'The Events Calendar', 'Theme In WP', 'UTF-8', 'WP Engine', 'WP PageNavi', 'WordPress', 'WordPress Multisite', 'jQuery']"
discovermaltamarriott.com,Home Page - Malta Marriott,Malta Marriott Hotel & Spa,MLT,85,17701,2026-10-05T08:10:39.970640462Z,"['Alternate Protocol', 'Bulma', 'Cloudflare', 'Cloudflare CDN', 'Content Delivery Network', 'Cookie Accept', 'Cookie Notice', 'DuracellTomi Google Tag Manager for WordPress', 'EmbedPress', 'Fireblade', 'Font Awesome', 'Google Analytics', 'Google Cloud DNS', 'Google Font API', 'Google Tag Manager', 'IcoMoon', 'Instagram Follow Button', 'Microdata for Google Shopping', 'PHP', 'SK Chase', 'Theme In WP', 'UTF-8', 'Visual Composer', 'Woo Themes', 'WooCommerce Checkout', 'WordPress', 'WordPress Multisite', 'jQuery']"
dynarep.gr,DynaRep Shipping Consultants,,,77,700,2026-10-05T08:06:36.436217726Z,"['ArvanCloud', 'Bulma', 'Google Analytics', 'Google Cloud DNS', 'Google Font API', 'Google Tag Manager', 'Instagram Follow Button', 'LiteSpeed', 'Tailwind CSS', 'YouTube', 'jQuery', 'jsDelivr']"
universalelogistics.com,Logistics Company | Freight Forwarding Company,,IND,77,3507,2026-10-05T08:06:36.432309387Z,"['Bulma', 'CDN JS', 'Cloudflare', 'Cloudflare CDN', 'DAV', 'Express', 'Font Awesome', 'GZIP Module', 'IcoMoon', 'Microsoft Azure', 'Microsoft IIS', 'Parcel', 'Tailwind CSS', 'Visual Studio', 'jQuery', 'jsDelivr']"
imeisoft.com,imeisoft.com crea tu servidor de liberaciones online,,PHL,72,15468,2026-10-05T07:58:50.692016575Z,"['Bulma', 'CDN JS', 'Cloudflare', 'Cloudflare CDN', 'Fireblade', 'GZIP Module', 'IcoMoon', 'LiteSpeed', 'PHP', 'Pico CSS', 'QUIC', 'UTF-8', 'University or College', 'WhatsApp Sharing']"
gurukulglobalcreanzakhanouri.com,Gurukul Global Creanza | Khanauri Mandi,,IND,77,4108,2026-10-05T07:58:50.69231854Z,"['Bulma', 'CDN JS', 'Cloudflare', 'Cloudflare CDN', 'Express', 'Fastly', 'Google Cloud DNS', 'Google Font API', 'Google My Business', 'IcoMoon', 'Instagram Follow Button', 'License Buttons', 'Microdata for Google Shopping', 'PHP', 'Tailwind CSS', 'UTF-8', 'University or College', 'YouTube', 'jsDelivr', 'reCAPTCHA']"
jyotifreight.com,Best Logistics & Transportation Company in Rajasthan | Jyoti Freight,Jyoti Freight,IND,82,17416,2026-10-05T07:58:50.686021132Z,"['AWS WAF Challenge', 'Bulma', 'CDN JS', 'Cloudflare', 'Cloudflare CDN', 'Google Analytics', 'Google Cloud DNS', 'Google Font API', 'Google My Business', 'Google Tag Manager', 'IcoMoon', 'Instagram Follow Button', 'Interchange', 'LiteSpeed', 'Microdata for Google Shopping', 'Parcel', 'Poptin', 'QUIC', 'Tailwind CSS', 'Twitter Ads', 'WhatsApp Sharing', 'WordPress', 'YouTube', 'reCAPTCHA']"
sooryainternationalhotel.in,Welcome to hotel soorya international,,IND,60,3,2026-10-05T07:55:11.179434757Z,"['Alternate Protocol', 'Bulma', 'Google Cloud DNS', 'Google Font API', 'Google My Business', 'LiteSpeed', 'Prefix Free', 'jQuery']"
petecullen.com,Welcome to Pete Cullen Realty - A Bailey Properties group,,BOL,82,29740,2026-10-05T07:55:11.178986782Z,"['AJAX Libraries API', 'Alternate Protocol', 'Apache', 'Apture Linking Platform', 'Beaver Builder Lite', 'Bulma', 'CDN JS', 'Cloudflare', 'Cloudflare CDN', 'Debian', 'DuracellTomi Google Tag Manager for WordPress', 'EmbedPress', 'Font Awesome', 'GZIP Module', 'Google', 'Google Analytics', 'Google Cloud DNS', 'Google Font API', 'Google Maps', 'Google My Business', 'Google Related Website Sites', 'Google Tag Manager', 'Harbor', 'Instagram Follow Button', 'Investor Relations', 'MoxiWorks', 'PHP', 'QUIC', 'Sitelinks Search Box', 'Thank You', 'The Deck', 'Twitter Ads', 'UTF-8', 'University or College', 'WordPress', 'WordPress Multisite', 'YouTube', 'jQuery', 'jsDelivr', 'reCAPTCHA']"
ronaldopreis.nl,Met Ronald op Reis - Weblog,,TZA,77,31460,2026-10-05T07:55:11.169052475Z,"['Aruba', 'Bulma', 'DAV', 'FreeCSSTemplates', 'Gambling Content', 'LiteSpeed', 'PHP', 'PWA', 'Pantheon', 'Reuzen Panda', 'UTF-8', 'eLand', 'jQuery']"
sidicom.it,Vendita di presse usate: solo occasioni | SIDICOM GROUP S.R.L.,,,72,2440,2026-10-05T07:55:11.166760481Z,"['Acconsento.click', 'Apache', 'Azion', 'Bulma', 'DoubleClick Bid Manager', 'Facebook Conversion Tracking', 'Facebook Login', 'Facebook Messenger Platform', 'Facebook Pixel', 'Facebook Reseller', 'Facebook Tag API', 'GZIP Module', 'Google Analytics', 'Google Cloud DNS', 'Google Flights Conversion Tracking', 'Google Font API', 'Google My Business', 'Google Tag Manager', 'Instagram Follow Button', 'Tailwind CSS', 'UTF-8', 'Ubuntu', 'YouTube', 'reCAPTCHA']"
texasptd.com,TEXASPTD - Home,,USA,50,156,2026-10-05T07:51:34.88878249Z,"['Apache', 'Bulma', 'FreeCSSTemplates', 'GZIP Module', 'Google Code Prettify', 'IcoMoon', 'QUIC', 'Subversion', 'Tailwind CSS', 'jQuery']"
f4a.global,Home - F4A,F4A,SYC,65,5908,2026-10-05T07:51:34.883152448Z,"['Alternate Protocol', 'Apache', 'Bulma', 'Calendly', 'Elementor', 'EmbedPress', 'FormSubmit', 'GZIP Module', 'Google', 'Google Cloud CDN', 'Google Cloud DNS', 'Google Font API', 'Google Maps', 'Google My Business', 'IcoMoon', 'Instagram Follow Button', 'Ninja Forms', 'OnlineWebFonts', 'PHP', 'Sitelinks Search Box', 'Theme In WP', 'Tidio', 'Twitter Ads', 'UTF-8', 'WP Fastest Cache', 'WPForms', 'Woo Themes', 'WooCommerce Checkout', 'WordPress', 'WordPress Multisite', 'WordPress Related Posts', 'reCAPTCHA']"
les-annonces.com.tn,Les annonces en Tunisie - Accueil,,TUN,72,,2026-10-05T07:51:34.878528962Z,"['Apache', 'AutoComplete', 'Bulma', 'GZIP Module', 'Google Adsense', 'Google Funding Choices', 'Google Matched Content', 'Google Reseller', 'Instagram Follow Button', 'PHP', 'Perl', 'Tailwind CSS', 'UTF-8', 'YouTube']"
casadellanziano.it,Home Page - Fondazione Casa dell'Anziano Madonna della Misericordia - ETS,,,62,4898,2026-10-05T07:51:34.87377584Z,"['Azion', 'Bulma', 'CDN JS', 'Cloudflare', 'Cloudflare CDN', 'CookieConsent', 'FreeCSSTemplates', 'GZIP Module', 'Google Cloud DNS', 'Google Font API', 'IcoMoon', 'Microsoft Azure', 'Microsoft IIS', 'UTF-8', 'Vello', 'Visual Studio', 'YouTube']"
cheshirebikes.com,PEAK cyclesport,,,77,3007,2026-10-05T07:47:09.915377692Z,"['Bulma', 'CDN JS', 'Cloudflare', 'Cloudflare CDN', 'Font Awesome', 'Google', 'Google Analytics', 'Google Cloud DNS', 'Google Font API', 'Google My Business', 'Google Tag Manager', 'IcoMoon', 'Instagram Follow Button', 'LiteSpeed', 'Microdata for Google Shopping', 'Pico CSS', 'Pleroma', 'UTF-8', 'YouTube']"
upgradians.co.uk,"VO Games :: HTML5 :: JavaScript :: Game design, game development, are you ready to play?",,,70,20646,2026-10-05T07:47:09.911599591Z,"['AJAX Libraries API', 'Apache', 'Bulma', 'CDN JS', 'Cloudflare', 'Cloudflare CDN', 'Coming Soon Page', 'Fireblade', 'Font Awesome', 'Google Cloud DNS', 'Google Font API', 'Google Maps', 'Google My Business', 'Google Play', 'IcoMoon', 'Tailwind CSS', 'Twitter Ads', 'Vector Internet Services', 'jQuery']"
movingminds.net,Moving - Moving Minds,,ITA,65,4140,2026-10-05T07:47:09.909172956Z,"['Azion', 'Bulma', 'Google Analytics', 'Google My Business', 'Google Tag Manager', 'Microsoft Azure', 'Nginx', 'Visual Studio', 'jQuery']"
beaversapp.com,"LIST - To-Do List, Task List App | Free, simple and easy",,,57,3,2026-10-05T07:47:09.905194402Z,"['Alternate Protocol', 'Bulma', 'GitHub Hosting', 'Google Analytics', 'Google Cloud DNS', 'Google Font API', 'Google My Business', 'Google Play', 'Nginx', 'Tailwind CSS', 'UTF-8']"
kre8studios.com,kre8 Studios – A collection of fresh ideas and sports-related,,CHN,70,17080,2026-10-05T07:47:09.904606726Z,"['AWS WAF Challenge', 'Alternate Protocol', 'Apture Linking Platform', 'Bulma', 'Complianz', 'Contact Form Plugin', 'EmbedPress', 'Google Cloud DNS', 'Google Font API', 'Google My Business', 'IcoMoon', 'Instagram Follow Button', 'LayerSlider Responsive', 'Nginx', 'PHP', 'QUIC', 'Slider Revolution', 'Tailwind CSS', 'Theme In WP', 'UTF-8', 'Uncode', 'WPBakery', 'WordPress', 'WordPress Multisite', 'jQuery', 'reCAPTCHA']"
rjbrokers.com,"RJ Brokers - Financial Advisors in Health, Life, Savings & Investments",,USA,77,52637,2026-10-05T07:47:09.900627671Z,"['AJAX Libraries API', 'Afiliados', 'Automattic', 'Bulma', 'Font Awesome', 'GetButton.io', 'Google Analytics', 'Google Cloud DNS', 'Google Font API', 'Google My Business', 'Google Tag Manager', 'IcoMoon', 'Instagram Follow Button', 'Investis', 'LiteSpeed', 'PHP', 'PWA', 'QUIC', 'Shifter', 'Tailwind CSS', 'Twitter Ads', 'UTF-8', 'University or College', 'YouTube', 'jQuery', 'reCAPTCHA']"
countydesignprinters.co.ke,County Prints and Design | The Best,,KEN,55,3,2026-10-05T07:47:09.899205839Z,"['Bulma', 'Google Cloud DNS', 'Google Font API', 'LiteSpeed', 'Twitter Ads']"
anointedhealthgroup.com,Anointed,,USA,65,1299,2026-10-05T07:47:09.898756531Z,"['Apache', 'Bulma', 'Font Awesome', 'Google Analytics', 'Google My Business', 'Google Tag Manager', 'Thank You', 'UTF-8', 'jQuery', 'reCAPTCHA']"
konseyhealth.com,Konsey Tur Health,,TUR,50,,2026-10-05T07:47:09.896427172Z,"['Bulma', 'Facebook Embedded Posts', 'Instagram Follow Button', 'PHP', 'Tailwind CSS', 'UTF-8', 'jQuery']"
indiapalaceprovo.com,Best Indian Food in Provo â€“ India Palace Utah County,,USA,77,5040,2026-10-05T07:42:13.386343916Z,"['App Store', 'Azure Edge', 'Bulma', 'Content Delivery Network', 'Google Analytics', 'Google Cloud DNS', 'Google Font API', 'Google My Business', 'Google Play', 'Google Tag Manager', 'Instagram Follow Button', 'Microdata for Google Shopping', 'Square', 'Tailwind CSS', 'University or College', 'Yelp Badge']"
geniusmoney.co.uk,Genius Workforce Solutions | Hybrid People Solutions,,GBR,72,31839,2026-10-05T07:39:31.811806422Z,"['Bulma', 'Cloudflare', 'Cloudflare CDN', 'Cloudflare Web Analytics', 'Font Awesome', 'Google Analytics', 'Google My Business', 'Google Tag Manager', 'K2F', 'Lead Forensics', 'Ntent', 'PWA', 'Tailwind CSS', 'Twitter Ads', 'UTF-8', 'Zopim', 'reCAPTCHA']"
inspiresportspt.com,Home - Inspire Sports Physical Therapy,Inspire Sports Physical Therapy,USA,75,23607,2026-10-05T07:39:31.810874167Z,"['AWS WAF Challenge', 'Alternate Protocol', 'Automattic', 'Bulma', 'Cloudflare', 'Cloudflare CDN', 'Creative Mail by Constant Contact', 'Elementor', 'EmbedPress', 'GZIP Module', 'Google', 'Google Analytics', 'Google My Business', 'Google Tag Manager', 'Jetpack', 'Kitco', 'Microdata for Google Shopping', 'Nginx', 'Ntent', 'PHP', 'Site Kit', 'Telegram', 'Theme In WP', 'UTF-8', 'University or College', 'Woo Themes', 'WordPress', 'WordPress Multisite', 'WordPress Stats', 'jQuery']"
vitelectrical.com.au,"Expert Electricians Templestowe Lower, Doncaster East & Camberwell",VIT Electrical,AUS,82,2567,2026-10-05T07:39:31.807545202Z,"['AJAX Libraries API', 'Alternate Protocol', 'Apache', 'Better Lead Generation Services', 'Bulma', 'CDN JS', 'Cloudflare', 'Cloudflare CDN', 'Contact Form Plugin', 'ElementUI', 'EmbedPress', 'GZIP Module', 'Google Analytics', 'Google Cloud DNS', 'Google Font API', 'Google My Business', 'Google Related Website Sites', 'Google Tag Manager', 'Gravity Forms', 'LiteSpeed', 'Microdata for Google Shopping', 'PHP', 'QUIC', 'Tailwind CSS', 'Theme In WP', 'UTF-8', 'WPForms', 'WordPress', 'WordPress Multisite', 'jQuery', 'jsDelivr', 'reCAPTCHA']"
crystalindustries.co.ke,Crystal Industries LTD,,GBR,72,2440,2026-10-05T07:39:31.806821542Z,"['Bulma', 'CDN JS', 'Cloudflare', 'Cloudflare CDN', 'Google Cloud DNS', 'Google Font API', 'Google My Business', 'LiteSpeed', 'StackPath', 'WhatsApp Sharing']"
arentertainmentlive.com,AR Entertainmentz,,IND,60,123,2026-10-05T07:39:31.805353621Z,"['Amazon', 'Amazon CloudFront', 'Bulma', 'CloudFront', 'Google', 'Google Cloud DNS', 'Google Font API', 'Google My Business', 'Instagram Follow Button', 'LiteSpeed', 'PHP', 'Tailwind CSS', 'Tawk', 'UTF-8', 'YouTube', 'jQuery']"
firmstorm.com,"FirmStorm - Name Generator for your Business, Company or Startup",,IND,77,10040,2026-10-05T07:32:50.447562842Z,"['Bulma', 'CDN JS', 'Cloudflare', 'Cloudflare CDN', 'ElementUI', 'Google', 'Google Analytics', 'Google Cloud DNS', 'Google Font API', 'Google Tag Manager', 'Instagram Follow Button', 'LiteSpeed', 'RM Education', 'Tailwind CSS', 'Twitter Ads', 'WordPress', 'jsDelivr']"
av-studio.ba,A&V Studio | Architecture & Visualization,,AUT,82,40,2026-10-05T07:27:55.349679876Z,"['AJAX Libraries API', 'Apache', 'Bulma', 'CDN JS', 'Cloudflare', 'Cloudflare CDN', 'Google Cloud DNS', 'Investor Relations', 'Tailwind CSS', 'UTF-8', 'jQuery', 'jsDelivr']"
bitter-adv.nl,Bitter Advocacy,,NLD,45,156,2026-10-05T07:27:55.3438477Z,"['Bulma', 'CDN JS', 'Cloudflare', 'Cloudflare CDN', 'GZIP Module', 'IcoMoon']"
cargotracking.com.br,CargoTracking Logística Internacional,,BRA,57,,2026-10-05T07:27:55.341374353Z,"['Apache', 'Bulma', 'GZIP Module', 'Tailwind CSS', 'WhatsApp Sharing', 'YouTube', 'jQuery']"
hatfieldfriedchicken.com,Online Order! | Hatfield Fried Chicken,,,72,2539,2026-10-05T07:21:11.252808229Z,"['Apache', 'Bulma', 'CDN JS', 'Cloudflare', 'Cloudflare CDN', 'ElementUI', 'Font Awesome', 'GZIP Module', 'Google', 'Google Cloud DNS', 'Google Font API', 'Google My Business', 'PHP', 'QUIC', 'Tailwind CSS', 'UTF-8', 'jsDelivr', 'shadcn ui']"
syrian-programmers.sy,تصميم مواقع انترنت دمشق - تطبيقات موبايل دمشق -الشركة السورية للبرمجيات 2024,,,62,1156,2026-10-05T07:21:11.251497764Z,"['Adobe Dreamweaver', 'Bulma', 'CDN JS', 'Cloudflare', 'Cloudflare CDN', 'GZIP Module', 'Google Cloud DNS', 'Google Maps', 'Nginx', 'PHP', 'Parallels Plesk Panel', 'UTF-8', 'Visual Studio', 'jQuery']"
gloriouspublicschoolgonder.com,gloriouspublicschoolgonder.com,,IND,65,685,2026-10-05T07:21:11.247693512Z,"['Alternate Protocol', 'Bulma', 'Contact Form Plugin', 'EmbedPress', 'Google Cloud DNS', 'Google Font API', 'Google My Business', 'IcoMoon', 'Instagram Follow Button', 'King Composer', 'PHP', 'Slider Revolution', 'Theme In WP', 'UTF-8', 'Woo Themes', 'WordPress', 'WordPress Multisite', 'YouTube', 'jQuery']"
glyph.solutions,GLYPH Solutions,,IND,65,5468,2026-10-05T07:21:11.241207401Z,"['Apache', 'Bulma', 'GZIP Module', 'Google My Business', 'IcoMoon', 'Instagram Follow Button', 'Tailwind CSS', 'Twitter Ads', 'University or College', 'Vector Internet Services']"
zonaconce.it,Home - Zonaconce,,,40,3,2026-10-05T07:21:11.240317291Z,"['Apache', 'Azion', 'Bulma', 'Google Cloud DNS', 'Google Font API', 'Google My Business', 'PHP', 'PWA', 'UTF-8', 'reCAPTCHA']"
q-leap.de,Welcome to the Cluster Experts,,DEU,92,15228,2026-10-05T07:17:15.368035437Z,"['AWS WAF Challenge', 'Apache', 'Bulma', 'GZIP Module', 'Jekyll', 'Microdata for Google Shopping', 'Plausible Analytics', 'Simple-Jekyll-Search', 'Ubuntu', 'University or College', 'jQuery']"
asgnagro.com,ASGN Agro Global Pvt Ltd,,IND,70,8982,2026-10-05T07:17:15.346062284Z,"['Alternate Protocol', 'Apache', 'Astra Theme', 'Bulma', 'CDN JS', 'Cloudflare', 'Cloudflare CDN', 'Contact Form Plugin', 'ETranslate', 'EmbedPress', 'Font Awesome', 'GTranslate', 'GZIP Module', 'Google', 'Google Cloud DNS', 'Google Font API', 'Google My Business', 'MaxCDN', 'PHP', 'Theme In WP', 'UTF-8', 'University or College', 'WordPress', 'WordPress Multisite', 'WordPress Related Posts', 'jQuery', 'reCAPTCHA']"
shyamflexmedia.com,"Shri Shyam Flex and Media Pvt. Ltd. | PVC Flex, Signage & Advertising Solutions",,IND,72,19108,2026-10-05T07:11:00.326050556Z,"['Bulma', 'Fireblade', 'HostGator', 'IcoMoon', 'Microsoft Azure', 'Microsoft IIS', 'Parallels Plesk Panel', 'Tailwind CSS', 'Visual Studio', 'eLand']"
craftsgalore.in,Crafts Galore,,USA,67,2740,2026-10-05T07:11:00.32516299Z,"['AJAX Libraries API', 'Apache', 'Bulma', 'ETranslate', 'GTranslate', 'GZIP Module', 'Google Cloud DNS', 'Google My Business', 'Twitter Ads', 'UTF-8', 'YouTube', 'jQuery']"
sdilenivozu.cz,sdilenivozu.cz,,CZE,35,3,2026-10-05T07:11:00.317855369Z,"['Apache', 'Bulma', 'Google Cloud DNS', 'Google Font API', 'Google My Business', 'OpenSSL', 'PHP', 'Tailwind CSS']"
thenewcrest.com,NewCREST CONSULTING | Home,,USA,60,159,2026-10-05T07:07:30.298308703Z,"['Bulma', 'Google Cloud DNS', 'Google Font API', 'IcoMoon', 'QUIC', 'W3.CSS']"
nevis-road.com,#1 AI Marketing & Growth Agency in Switzerland | nevisroad.,nevisroad.,,67,25137,2026-10-05T07:07:30.290268049Z,"['AWS WAF Challenge', 'Akismet', 'Alternate Protocol', 'Apache', 'Apture Linking Platform', 'Bulma', 'Calendly', 'Contact Form Plugin', 'ElementUI', 'EmbedPress', 'Facebook Conversion Tracking', 'Facebook Login', 'Facebook Messenger Platform', 'Facebook Pixel', 'Facebook Reseller', 'Facebook Tag API', 'Free Call', 'GZIP Module', 'Gambling Content', 'Google', 'Google Analytics', 'Google Cloud CDN', 'Google Cloud DNS', 'Google Font API', 'Google My Business', 'Google Related Website Sites', 'Google Tag Manager', 'Kitco', 'Lazy Load for WordPress', 'Microdata for Google Shopping', 'PHP', 'PrestaShop', 'Site Kit', 'Sitelinks Search Box', 'Slider Revolution', 'Theme In WP', 'UTF-8', 'Uncode', 'WP Rocket', 'WPBakery', 'WPML Multilingual', 'Woo Themes', 'WooCommerce', 'WooCommerce Checkout', 'WordPress', 'WordPress Multisite', 'eLand', 'jQuery', 'reCAPTCHA']"
mtsmuhammadiyahbantaeng.sch.id,MTs Muhammadiyah Bantaeng – Pencetak Generasi Berwawasan IPTEK yang Berakhlak,,,60,801,2026-10-05T07:07:30.290647541Z,"['AJAX Libraries API', 'Alternate Protocol', 'Apture Linking Platform', 'Bulma', 'Elementor', 'EmbedPress', 'Font Awesome', 'Google Cloud DNS', 'Google Font API', 'Google Maps', 'Google My Business', 'NFOrce Internet', 'PHP', 'Table Addons for Elementor', 'Theme In WP', 'Tutor LMS', 'UTF-8', 'Woo Themes', 'WooCommerce', 'WooCommerce Checkout', 'WordPress', 'WordPress Multisite', 'jQuery']"
tamayoabogados.com.mx,Tamayo abogados,,,55,5660,2026-10-05T07:07:30.289053609Z,"['Alternate Protocol', 'Bulma', 'Contact Form Plugin', 'EmbedPress', 'Expedient', 'GTranslate', 'Google Cloud DNS', 'Google Font API', 'Google My Business', 'IcoMoon', 'Nginx', 'OS Class', 'PHP', 'Podio', 'QUIC', 'Slider Revolution', 'Tailwind CSS', 'Theme In WP', 'Twitter Ads', 'UTF-8', 'WordPress', 'WordPress Multisite', 'Zerif Lite', 'Zopim', 'jQuery']"
inspiremeonline.co.nz,"Inspire Me Online | Crystals, Incense, Fragrance & Magical Gifts NZ",Inspire Me Online,,72,6696,2026-10-05T07:03:17.078190622Z,"['Afterpay', 'Apture Linking Platform', 'Bulma', 'Cloudflare', 'Cloudflare CDN', 'Express', 'Google Related Website Sites', 'Instagram Follow Button', 'Microdata for Google Shopping', 'Oracle Cloud', 'Shopify', 'Shopify Collabs', 'Subversion', 'Tailwind CSS', 'UTF-8', 'Vimeo', 'YouTube', 'hCaptcha', 'jQuery', 'reCAPTCHA']"
altros-tech.com,Homepage - ALTROS is a pioneer in IT solution infrastructure market in Indonesia,ALTROS is a pioneer in IT solution infrastructure market in Indonesia,,67,22905,2026-10-05T07:00:40.797395785Z,"['AJAX Libraries API', 'Alternate Protocol', 'Bulma', 'Cisco/Arrowpoint Content Service Switch', 'Elementor', 'EmbedPress', 'Fireblade', 'Font Awesome', 'GZIP Module', 'Google', 'Google Cloud CDN', 'Google Cloud DNS', 'Google Font API', 'Microdata for Google Shopping', 'Nginx', 'PHP', 'Slider Revolution', 'Table Addons for Elementor', 'Theme In WP', 'UTF-8', 'Woo Themes', 'WooCommerce', 'WooCommerce Checkout', 'WordPress', 'WordPress Multisite', 'jQuery']"
vintageflooring.ca,Vintage Flooring | More than just hardwood floors.,,,62,1499,2026-10-05T07:00:40.792615575Z,"['Adobe Creative Cloud WebFonts', 'Bulma', 'CDN JS', 'Cloudflare', 'Cloudflare CDN', 'Fancybox for WordPress', 'Font Awesome', 'GZIP Module', 'Google Analytics', 'Google Cloud DNS', 'Google Font API', 'Google My Business', 'Google Tag Manager', 'Microsoft Azure Blob Storage', 'UTF-8', 'jQuery', 'jsDelivr']"
oxfordpharmacystore.co.uk,Oxford Pharmacy Store | NHS-owned specialist pharmaceutical wholesaler : Oxford Pharmacy Store,Oxford Pharmacy Store,GBR,77,20288,2026-10-05T07:00:40.779704612Z,"['AWS WAF Challenge', 'Alternate Protocol', 'Bulma', 'Cloudflare', 'Cloudflare Web Analytics', 'DAV', 'DoubleClick Bid Manager', 'EmbedPress', 'Font Awesome', 'GZIP Module', 'Google', 'Google Analytics', 'Google Cloud DNS', 'Google Font API', 'Google Maps', 'Google My Business', 'Google Tag Manager', 'Hexo', 'Microdata for Google Shopping', 'PHP', 'Site Kit', 'Subversion', 'Tailwind CSS', 'Theme In WP', 'Trustpilot Reviews for WordPress', 'UTF-8', 'University or College', 'WordPress', 'WordPress Multisite', 'YouTube', 'bbPress', 'jQuery']"
suvidacare.com,Suvidacare,,IND,60,859,2026-10-05T07:00:40.775808081Z,"['Apache', 'Bulma', 'ETranslate', 'Font Awesome', 'GTranslate', 'Google My Business', 'Instagram Follow Button', 'Tawk', 'UTF-8', 'YouTube', 'Zoom Video Conferencing']"
akrodomi.com,AKRODOMI | Accueil,,,55,159,2026-10-05T06:55:18.18985349Z,"['Apache', 'Bulma', 'Envoy', 'GZIP Module', 'Google Analytics', 'Google Cloud DNS', 'Google Conversion Tracking', 'Google Font API', 'Google Tag Manager', 'IcoMoon', 'QUIC', 'Tailwind CSS', 'UTF-8', 'W3layouts']"
eandspowersystemsolutions.com,Solar Energy Jamaica,,JAM,65,3259,2026-10-05T06:55:18.186575522Z,"['Apture Linking Platform', 'Better Lead Generation Services', 'Bulma', 'CDN JS', 'Cloudflare', 'Cloudflare CDN', 'Font Awesome', 'GZIP Module', 'Google', 'Google Analytics', 'Google Cloud DNS', 'Google Font API', 'Google Related Website Sites', 'Google Tag Manager', 'Instagram Follow Button', 'Nginx', 'Tailwind CSS', 'UTF-8', 'Ubuntu', 'jQuery']"
deveindustries.com,Deve Industries Home,,IND,72,646,2026-10-05T06:50:53.76960461Z,"['Bulma', 'Coming Soon Page', 'GZIP Module', 'Google Cloud DNS', 'Google Font API', 'Google My Business', 'IcoMoon', 'Nginx', 'Twitter Ads', 'UTF-8', 'W3layouts']"
aurouspartners.in,Smash - Bootstrap Business Template,,AUS,55,1039,2026-10-05T06:50:53.763459941Z,"['Bulma', 'Cisco/Arrowpoint Content Service Switch', 'Content Delivery Network', 'FreeCSSTemplates', 'Google Maps', 'Google My Business', 'Instagram Follow Button', 'Lineicons', 'Netlify', 'Twitter Ads', 'UTF-8']"
cardiocavalieri.com.br,Walter Cavalieri - Informações e Agendamento,,BRA,67,2807,2026-10-05T06:48:31.460729812Z,"['Bulma', 'CDN JS', 'Cloudflare', 'Cloudflare CDN', 'ElementUI', 'Envoy', 'Font Awesome', 'Google Analytics', 'Google Cloud DNS', 'Google Cloud Storage', 'Google Font API', 'Google Maps', 'Google My Business', 'Google Tag Manager', 'IcoMoon', 'Istio', 'Tailwind CSS', 'UTF-8', 'WhatsApp Sharing', 'jQuery', 'reCAPTCHA']"
iraimmigration.com,"Immigration Consultants in Delhi, PR Visa Consultants in Delhi",,IND,77,2440,2026-10-05T06:48:31.448699696Z,"['Alternate Protocol', 'Apache', 'Bulma', 'Express', 'GZIP Module', 'Google', 'Google Analytics', 'Google Cloud DNS', 'Google Font API', 'Google My Business', 'Google Tag Manager', 'Instagram Follow Button', 'Microdata for Google Shopping', 'Tailwind CSS', 'Thank You', 'Twitter Ads', 'UTF-8', 'University or College', 'WhatsApp Sharing', 'YouTube', 'eLand', 'jQuery']"
worldvetsmotocross.com,Home - World Vets Motocross,,JPN,82,1225,2026-10-05T06:48:31.443016222Z,"['Alternate Protocol', 'Bulma', 'Contact Form Plugin', 'Content Delivery Network', 'Custom Facebook Feed', 'EmbedPress', 'Facebook CDN', 'Font Awesome', 'GZIP Module', 'Google Analytics', 'Google Cloud DNS', 'Google Font API', 'Google Related Website Sites', 'Google Tag Manager', 'Instagram Follow Button', 'LiteSpeed', 'Microdata for Google Shopping', 'OSS CDN', 'PHP', 'See Tickets', 'Slider Revolution', 'Theme In WP', 'Twitter Ads', 'UTF-8', 'Uncode', 'W3 Total Cache', 'WPBakery', 'WordPress', 'WordPress Multisite', 'eLand', 'jQuery']"
trip7.ltd,株式会社Trip7,,,42,168,2026-10-05T06:48:31.441175849Z,"['Bulma', 'GZIP Module', 'Google Cloud DNS', 'Google Font API', 'Google My Business', 'Line2', 'Nginx', 'Tailwind CSS']"
sitech.co.id,Sitech | Technology Solution,,,57,5003,2026-10-05T06:48:31.433057016Z,"['Apache', 'Bulma', 'Endis', 'Google Cloud DNS', 'Google Maps', 'PHP', 'UTF-8']"
mtnfilm.com,MTN Film ||,,TUR,50,3,2026-10-05T06:48:31.433603188Z,"['Bulma', 'Google Cloud DNS', 'Google Font API', 'PHP', 'Tailwind CSS', 'Theme In WP', 'UTF-8', 'WordPress', 'WordPress Multisite', 'jQuery']"
mcashbackrecharge.com,M Cashback Recharge,,IND,60,7500,2026-10-05T06:48:31.430861006Z,"['Apache', 'Bulma', 'Fireblade', 'GZIP Module', 'QUIC', 'Telegram', 'UTF-8', 'Ubuntu', 'YouTube', 'jQuery']"
lucknowimagingcentre.com,"Best Diagnostic Centre in Lucknow - Best Pathology Lab Near You | Best Ultrasound Services, Xray near me, CT Scan, MRI Scan",Lucknow Imaging Centre | Best Diagnostic Centre in Lucknow | Best X-Ray Services in Lucknow,IND,77,15607,2026-10-05T06:48:31.420839166Z,"['AWS WAF Challenge', 'Bulma', 'Font Awesome', 'Google Cloud DNS', 'Google Font API', 'IcoMoon', 'Instagram Follow Button', 'LiteSpeed', 'Microdata for Google Shopping', 'PHP', 'QUIC', 'Tailwind CSS', 'Tawk', 'UTF-8']"
chessmore.africa,ChessMORE Africa,,,65,99,2026-10-05T06:40:35.694801466Z,"['Bulma', 'CDN JS', 'Cloudflare', 'Cloudflare CDN', 'Font Awesome', 'Instagram Follow Button', 'PHP', 'QUIC', 'Tailwind CSS', 'YouTube', 'jsDelivr']"
rfcvauxborset.be,RFC Vaux-Borset,,,40,63,2026-10-05T06:40:35.694215112Z,"['ASP.NET MVC', 'Bulma', 'CDN JS', 'Cloudflare', 'Cloudflare CDN', 'GZIP Module', 'Google Cloud DNS', 'Google Font API', 'Google My Business', 'Microsoft Application Insights', 'Microsoft Azure', 'Microsoft IIS', 'UTF-8', 'Visual Studio']"
etheminer.com,Ethereum Miner,,,67,1430,2026-10-05T06:37:12.179078663Z,"['AutoComplete', 'Bulma', 'CDN JS', 'Cloudflare', 'Cloudflare CDN', 'DAV', 'Express', 'Font Awesome', 'IcoMoon', 'PHP', 'QUIC', 'SmartSupp', 'Tailwind CSS', 'Telegram', 'Thank You', 'TradingView', 'UTF-8', 'jQuery', 'jsDelivr']"
darshanmaharaja.ca,Darshan Maharaja,Darshan Maharaja,USA,70,9552,2026-10-05T06:31:47.14628071Z,"['Alternate Protocol', 'Bulma', 'Elementor', 'Font Awesome', 'Google', 'Google Adsense', 'Google Analytics', 'Google Cloud CDN', 'Google Cloud DNS', 'Google Font API', 'Google Funding Choices', 'Google Matched Content', 'Google My Business', 'Google Reseller', 'Google Tag Manager', 'IcoMoon', 'LiteSpeed', 'Microdata for Google Shopping', 'Newsup', 'PHP', 'Popup Maker for Wordpress', 'SiteGround Optimizer', 'Twitter Ads', 'UTF-8', 'Vector Internet Services', 'WordPress', 'WordPress Multisite', 'jQuery', 'reCAPTCHA']"
riversidehomeloan.com,Home - Riverside Home Loan 🏡,Riverside Home Loan 🏡,USA,77,1914,2026-10-05T06:31:47.140289965Z,"['Alternate Protocol', 'Better Lead Generation Services', 'Bulma', 'Coming Soon Page', 'Contact Form Plugin', 'Easy Pie Chart', 'Elementor', 'ElementsKit Elementor', 'EmbedPress', 'Google Analytics', 'Google Cloud DNS', 'Google Font API', 'Google Maps', 'Google My Business', 'Google Tag Manager', 'Microdata for Google Shopping', 'NFOrce Internet', 'Neighborhoods', 'Nginx', 'PHP', 'QUIC', 'Site Kit', 'Table Addons for Elementor', 'Theme In WP', 'UTF-8', 'WordPress', 'WordPress Multisite', 'YouTube', 'eLand', 'jQuery']"
midlandstutoringacademy.co.za,Midlands Tutoring Academy,,GBR,62,15099,2026-10-05T06:27:40.548063733Z,"['AWS WAF Challenge', 'Apache', 'Bulma', 'Font Awesome', 'Google My Business', 'Instagram Follow Button', 'Tailwind CSS', 'jsDelivr']"
graha-one.id,PT Graha Anugrah Elektrindo,,IDN,72,3628,2026-10-05T06:27:40.529649092Z,"['AJAX Libraries API', 'Bulma', 'CDN JS', 'Cloudflare', 'Cloudflare CDN', 'ElementUI', 'Google', 'Google Analytics', 'Google Cloud DNS', 'Google Font API', 'Google My Business', 'Google Related Website Sites', 'Google Tag Manager', 'IcoMoon', 'Instagram Follow Button', 'LiteSpeed', 'PHP', 'Tailwind CSS', 'UTF-8', 'WhatsApp Sharing', 'jQuery']"
pangeacaterers.com,Home - Pangea Catering,Pangea Catering,USA,82,2244,2026-10-05T06:27:40.522286298Z,"['AJAX Libraries API', 'Alternate Protocol', 'Bulma', 'Contact Form Plugin', 'Elementor', 'EmbedPress', 'Essential Addons for Elementor', 'Formspree', 'Google Analytics', 'Google Cloud DNS', 'Google Font API', 'Google Tag Manager', 'Instagram Follow Button', 'LiteSpeed', 'Microdata for Google Shopping', 'NFOrce Internet', 'PHP', 'QUIC', 'Slider Revolution', 'The Post Grid', 'Theme In WP', 'Twitter Ads', 'Woo Themes', 'WooCommerce', 'WooCommerce Checkout', 'WordPress', 'WordPress Multisite', 'YouTube', 'jQuery']"
theshadestech.com,Home Version Nine - theshadestech.com,theshadestech.com,GBR,87,1867,2026-10-05T06:27:40.521598613Z,"['Alternate Protocol', 'Bulma', 'Contact Form Plugin', 'Content Delivery Network', 'Elementor', 'EmbedPress', 'Google Analytics', 'Google Cloud DNS', 'Google Font API', 'Google My Business', 'Google No Site Links Search', 'Google Tag Manager', 'LiteSpeed', 'Microdata for Google Shopping', 'NFOrce Internet', 'PHP', 'Sharebutton Fonts', 'Theme In WP', 'UTF-8', 'Woo Themes', 'WooCommerce', 'WooCommerce Checkout', 'WordPress', 'WordPress Multisite', 'jQuery']"
paulsonrubbers.com,Paulson Rubbers,,IND,55,156,2026-10-05T06:22:47.949363897Z,"['Bulma', 'IcoMoon', 'LiteSpeed', 'QUIC', 'UTF-8', 'jQuery']"
logicsystems.co.in,Logic Systems & Solutions — One Stop for All IT Solutions,,IND,77,30508,2026-10-05T06:22:47.946285448Z,"['Alternate Protocol', 'Apache', 'Bulma', 'Fireblade', 'GZIP Module', 'Google Cloud DNS', 'Google Font API', 'IcoMoon', 'PHP', 'Tailwind CSS', 'Theme In WP', 'UTF-8', 'Wangsu', 'WordPress', 'jsDelivr']"
divinecrossfitlf.com,"Your New Gym in Los Fresnos, TX - Divine CrossFit",,BRA,82,23225,2026-10-05T06:19:10.721720678Z,"['Alternate Protocol', 'Astra Theme', 'Bulma', 'CCSI', 'Content Delivery Network', 'EmbedPress', 'Facebook Reseller', 'Fastly', 'GZIP Module', 'Google Analytics', 'Google Tag Manager', 'Instagram Follow Button', 'Lineicons', 'Microdata for Google Shopping', 'Nginx', 'PHP', 'Perfmatters', 'QUIC', 'Theme In WP', 'TrustIndex', 'UTF-8', 'WordPress', 'WordPress Multisite', 'WordPress Related Posts', 'Yelp Badge', 'jQuery']"
trepoly.com,Trepoly | B2B & B2C eCommerce Development & Design Agency,"Trepoly, LLC",GBR,82,23096,2026-10-05T06:19:10.71434807Z,"['AWS WAF Challenge', 'Alternate Protocol', 'Apture Linking Platform', 'Authorize.net', 'Better Lead Generation Services', 'Bulma', 'Cloudflare', 'Cloudflare CDN', 'Content Delivery Network', 'EmbedPress', 'Facebook Conversion Tracking', 'Facebook Login', 'Facebook Messenger Platform', 'Facebook Pixel', 'Facebook Reseller', 'Facebook Tag API', 'FreeBSD', 'GoDaddy', 'Google', 'Google Analytics', 'Google My Business', 'Google Tag Manager', 'IcoMoon', 'Instagram Follow Button', 'Lazy Load for WordPress', 'Microdata for Google Shopping', 'NFOrce Internet', 'PHP', 'QUIC', 'Tailwind CSS', 'Theme In WP', 'UTF-8', 'Uncode', 'WP Engine', 'WPBakery', 'WPForms', 'WordPress', 'WordPress Multisite', 'YouTube', 'jQuery', 'reCAPTCHA']"
kkcspices.com,Kanu Krishna Corporation,,,62,5049,2026-10-05T06:19:10.704360674Z,"['Alternate Protocol', 'Bulma', 'CDN JS', 'Cloudflare', 'Cloudflare CDN', 'Contact Form Plugin', 'EmbedPress', 'GZIP Module', 'Nginx', 'PHP', 'Theme In WP', 'UTF-8', 'Vector Internet Services', 'WP PageNavi', 'WordPress', 'WordPress Multisite', 'jsDelivr']"
q-toys.com.hk,Q-Toys,,,45,42,2026-10-05T06:19:10.677440287Z,"['Apache', 'Bulma', 'CDN JS', 'Cloudflare', 'Cloudflare CDN', 'Google Cloud DNS', 'Google Maps', 'PHP', 'Slider Revolution', 'Tailwind CSS', 'UTF-8', 'WhatsApp Sharing']"
digitalwebsynation.com,"Homepage - IT Solution For Your Business,Top Website Development Service in India",Digitalwebsynation,IND,82,20212,2026-10-05T06:11:27.47733836Z,"['AWS WAF Challenge', 'Alternate Protocol', 'Bulma', 'CodeIgniter', 'Express', 'Google Analytics', 'Google Cloud DNS', 'Google Font API', 'Google Related Website Sites', 'Google Tag Manager', 'Instagram Follow Button', 'LiteSpeed', 'LiveChat', 'LiveChat Monitoring', 'Microdata for Google Shopping', 'Oracle Cloud', 'PHP', 'Python', 'QUIC', 'Rocket Chat', 'Tailwind CSS', 'Twitter Ads', 'UTF-8', 'WhatsApp Sharing', 'YouTube', 'jQuery']"
quotech.ec,QuoTech,,,60,5003,2026-10-05T06:11:27.476241517Z,"['Bulma', 'GZIP Module', 'Google Adsense', 'Google Cloud DNS', 'Google Font API', 'Google Funding Choices', 'Google Matched Content', 'Google Reseller', 'KVH', 'Tailwind CSS', 'UTF-8', 'W3layouts', 'WhatsApp Sharing']"
premiercares.co,Premier Cares: Hospice and Home Nursing Care in Southeast Michigan,,,67,3086,2026-10-05T06:11:27.475068591Z,"['Alternate Protocol', 'Apache', 'Bulma', 'Contact Form Plugin', 'Elementor', 'EmbedPress', 'Essential Addons for Elementor', 'Essentials Theme', 'GZIP Module', 'Google', 'Google Cloud CDN', 'Google Cloud DNS', 'Google Font API', 'Microdata for Google Shopping', 'PHP', 'Slider Revolution', 'Tailwind CSS', 'Theme In WP', 'UTF-8', 'Vimeo', 'WordPress', 'WordPress Multisite', 'jQuery']"
90snetwork.com,The 90s Network,,USA,65,4840,2026-10-05T06:11:27.472494593Z,"['App Store', 'Bulma', 'Google', 'Google Analytics', 'Google Cloud DNS', 'Google Font API', 'Google My Business', 'Google Play', 'Google Tag Manager', 'Instagram Follow Button', 'Nginx', 'StackPath', 'Twitter Ads', 'eLand', 'jsDelivr']"
mynex.ru,Бесплатный GPS-мониторинг Владивосток | Mynex - сервис мониторинга транспорта без абонентской платы во Владивостоке,,RUS,77,8518,2026-10-05T06:11:27.466428023Z,"['ADFOX', 'Apache', 'App Store', 'Bulma', 'Fancybox for WordPress', 'Freepik', 'GZIP Module', 'Google My Business', 'Google Play', 'Instagram Follow Button', 'Ubuntu', 'Yandex Hosting', 'Yandex Metrika', 'YouTube']"
programmaticio.com,Programmatic I/O 2025 New York | AdExchanger,AdExchanger,AUS,70,59779,2026-10-05T06:05:55.757584548Z,"['AWS WAF Challenge', 'Add to Any', 'Alternate Protocol', 'Amazon WAF Blocked', 'Apture Linking Platform', 'Bulma', 'CDN JS', 'Cloudflare', 'Cloudflare CDN', 'Content Delivery Network', 'DoubleClick Bid Manager', 'Dstillery', 'Dun and BradStreet', 'DuracellTomi Google Tag Manager for WordPress', 'EmbedPress', 'Express', 'Fastly', 'Fireblade', 'GZIP Module', 'GetResponse', 'GitHub Hosting', 'Google Analytics', 'Google Tag Manager', 'Microdata for Google Shopping', 'New Relic', 'Nginx', 'Ninja Forms', 'Parse.ly', 'Perl', 'QUIC', 'Squid', 'Taboola Direct', 'Tailwind CSS', 'Twitter Ads', 'UTF-8', 'Vector Internet Services', 'WordPress', 'WordPress Multisite', 'YouTube', 'jQuery', 'jsDelivr']"
cyber-leo.com,CyberSat 2026 - CyberSat Summit,,CAN,60,8300,2026-10-05T06:05:55.755916176Z,"['AWS WAF Challenge', 'Alternate Protocol', 'Amazon WAF Blocked', 'Apture Linking Platform', 'Bulma', 'CDN JS', 'Calendly', 'Cloudflare', 'Cloudflare CDN', 'Content Delivery Network', 'DAV', 'DuracellTomi Google Tag Manager for WordPress', 'EmbedPress', 'Fastly', 'Fireblade', 'GZIP Module', 'GetResponse', 'GitHub Hosting', 'Google Analytics', 'Google Tag Manager', 'Microdata for Google Shopping', 'New Relic', 'Nginx', 'PHP', 'QUIC', 'Show.co', 'Theme In WP', 'UTF-8', 'WordPress', 'WordPress Multisite', 'jQuery', 'jsDelivr']"
skills2talent.com,"OKR Stars™ | The world's 1st OKR, CFR & Talent management software with full implementation services.",,,70,196,2026-10-05T06:05:55.751867396Z,"['Apache', 'Apache Tomcat JK', 'Bulma', 'Google Cloud DNS', 'Google Font API', 'Icons8', 'InitiativeS', 'Instagram Follow Button', 'Placehold IT', 'Tailwind CSS', 'Twitter Ads', 'YouTube']"
valosophy.org,Home - Valosophy,Valosophy,USA,70,1730,2026-10-05T06:05:55.742024788Z,"['Alternate Protocol', 'Apache', 'Bulma', 'Contact Form Plugin', 'Elementor', 'EmbedPress', 'GZIP Module', 'Google Cloud DNS', 'Google Font API', 'Header, Footer and Blocks for Elementor', 'IcoMoon', 'Jetpack', 'Microdata for Google Shopping', 'Ninja Forms', 'PHP', 'Theme In WP', 'Twitter Ads', 'UTF-8', 'W3 Total Cache', 'WPForms', 'Woo Themes', 'WooCommerce', 'WooCommerce Checkout', 'WordPress', 'WordPress Multisite', 'WordPress Stats', 'jQuery']"
trysparkle.com,Sparkle Cleaning Services | Book #1 Reliable Cleaners in Venice FL,,USA,77,20739,2026-10-05T06:01:56.524161471Z,"['AJAX Libraries API', 'Better Lead Generation Services', 'Bulma', 'CDN JS', 'Cloudflare', 'Cloudflare CDN', 'Content Delivery Network', 'ElementUI', 'Fastly', 'Font Awesome', 'Google', 'Google Analytics', 'Google Cloud DNS', 'Google Font API', 'Google My Business', 'Google Tag Manager', 'Hubspot Knowledge Base', 'QUIC', 'UTF-8', 'Vector Internet Services', 'YouTube', 'jQuery']"
yarbroughhomes.com,Home - Yarbrough Group,,,67,84120,2026-10-05T06:01:56.518494315Z,"['AJAX Libraries API', 'Alternate Protocol', 'Apache', 'Apture Linking Platform', 'Beaver Builder Lite', 'Bulma', 'CDN JS', 'Cloudflare', 'Cloudflare CDN', 'Debian', 'DuracellTomi Google Tag Manager for WordPress', 'EmbedPress', 'Font Awesome', 'GZIP Module', 'Google', 'Google Analytics', 'Google Cloud DNS', 'Google Font API', 'Google Maps', 'Google My Business', 'Google Tag Manager', 'Homes.com CMS', 'InitiativeS', 'LeadRouter', 'MoxiWorks', 'PHP', 'SMC', 'Sitelinks Search Box', 'Thank You', 'UTF-8', 'WordPress', 'WordPress Multisite', 'YouTube', 'jQuery', 'jsDelivr', 'reCAPTCHA']"
balifemarketing.com,BA Life Marketing | a brand experience,,TUR,82,19627,2026-10-05T05:57:40.73972072Z,"['AJAX Libraries API', 'Bulma', 'DAV', 'Font Awesome', 'Google Analytics', 'Google Cloud DNS', 'Google Maps', 'Google My Business', 'Google Related Website Sites', 'IcoMoon', 'Instagram Follow Button', 'Nginx', 'On The Map', 'PHP', 'Parallels Plesk Panel', 'Perl', 'Subversion', 'Tailwind CSS', 'Twitter Ads', 'UTF-8', 'jQuery']"
hori-d.in,"construction work, civil work, residential building construction, civil contractors in mumbai, civil construction service, civil engineers, building developers, civil construction company, construction manpower supply, construction equipment, civil machinery supply, piling and dewatering works, excavation works, earth retention works, steel structure works, industrial sheds manufacturing, rcc works, road works, landscaping company, MEP works, construction service provider, multi-stories building, shopping malls, hospitals building, administrative buildings, townships, schools, institutions, hostels, factories, roads, bungalows, farmhouses construction company, mumbai, india, abroad, hori-d construction, horid, building construction company, real estate developers, builders and developers in thane",,IND,67,468,2026-10-05T05:57:40.737374906Z,"['Bulma', 'GZIP Module', 'Google Analytics', 'Google Tag Manager', 'IcoMoon', 'Nginx', 'QUIC', 'Tailwind CSS', 'WhatsApp Sharing']"
aartiinfotech.in,Computer PC Repair in Kandivali,,IND,70,1327,2026-10-05T05:57:40.735509145Z,"['Bulma', 'Font Awesome', 'GZIP Module', 'Google Analytics', 'Google Cloud DNS', 'Google Font API', 'Google Maps', 'Google Related Website Sites', 'Google Tag Manager', 'IcoMoon', 'Nginx', 'Perl', 'QUIC', 'UTF-8', 'jQuery']"
mindhop.com,MINDHOP - The Next Generation of Transportation Solutions,Mindhop,USA,82,21337,2026-10-05T05:57:40.720386453Z,"['AWS WAF Challenge', 'Alternate Protocol', 'Bulma', 'Cloudflare', 'CoBlocks', 'Contact Form Plugin', 'Content Delivery Network', 'DAV', 'EditorsKit', 'EmbedPress', 'Getwid Gutenberg Blocks', 'GoDaddy', 'Google', 'Google Analytics', 'Google Cloud DNS', 'Google Font API', 'Google My Business', 'Google Related Website Sites', 'Google Tag Manager', 'Gutenberg Blocks by Kadence Blocks', 'Gutentor', 'IcoMoon', 'Microdata for Google Shopping', 'MonsterInsights', 'No-Q', 'PHP', 'QUIC', 'Schema Plugin', 'Stackable Page Builder Gutenberg Blocks', 'Subversion', 'Theme In WP', 'UTF-8', 'WordPress', 'WordPress Multisite', 'jQuery', 'reCAPTCHA']"
edumatico.net,edum@tico - Sistema Escolástico Gestión Académica,,ECU,50,,2026-10-05T05:57:40.719684045Z,"['Apache', 'Bulma', 'CentOS', 'HubSpot Conversations', 'Hubspot', 'ISO/IEC 8859', 'OpenSSL', 'PHP']"
bettyvermarealestate.com,Betty Verma,,USA,72,50120,2026-10-05T05:57:40.718279639Z,"['AJAX Libraries API', 'Alternate Protocol', 'Apache', 'Apture Linking Platform', 'Beaver Builder Lite', 'Bulma', 'Debian', 'DuracellTomi Google Tag Manager for WordPress', 'EmbedPress', 'Fireblade', 'Font Awesome', 'GZIP Module', 'Google Analytics', 'Google Cloud DNS', 'Google Font API', 'Google Maps', 'Google My Business', 'Google Tag Manager', 'LeadRouter', 'MoxiWorks', 'PHP', 'Prospective', 'QUIC', 'Sitelinks Search Box', 'Thank You', 'UTF-8', 'WordPress', 'WordPress Multisite', 'jQuery', 'jsDelivr', 'reCAPTCHA']"
suratnationalbank.com,Welcome to Surat National Bank,,IND,70,4274,2026-10-05T05:57:40.711710342Z,"['App Store', 'Bulma', 'CDN JS', 'Cloudflare', 'Cloudflare CDN', 'DoubleClick Bid Manager', 'Financial Services Guide', 'Font Awesome', 'Google', 'Google Analytics', 'Google Cloud CDN', 'Google Cloud DNS', 'Google Font API', 'Google My Business', 'Google Play', 'Google Tag Manager', 'Highcharts', 'Instagram Follow Button', 'Microdata for Google Shopping', 'QUIC', 'Tailwind CSS', 'UTF-8', 'YouTube', 'jQuery', 'reCAPTCHA']"
youngdev.nl,HHH Days - International Hockey Tournament in Delft | Hudito Happy Hockeydays,,NLD,80,2400,2026-10-05T05:49:42.920227342Z,"['Bulma', 'CDN JS', 'Cloudflare', 'Cloudflare CDN', 'GZIP Module', 'Google Analytics', 'Google Tag Manager', 'Instagram Follow Button', 'Nginx', 'Pleroma', 'StackPath', 'Tailwind CSS', 'UTF-8', 'Ubuntu']"
drsupriyadental.com,Dr Supriya Dental Clinic,,AUS,55,99,2026-10-05T05:45:34.122045782Z,"['Bulma', 'Font Awesome', 'Instagram Follow Button', 'PWA', 'QUIC', 'YouTube', 'jQuery']"
diverseinvest.in,Welcome to Diverse Invest,,GBR,70,15508,2026-10-05T05:45:34.101285142Z,"['AWS WAF Challenge', 'Bulma', 'Google Cloud DNS', 'Google Font API', 'Google My Business', 'IcoMoon', 'LiteSpeed', 'PHP', 'QUIC', 'YouTube']"
climaxmiltech.com.ng,"School Dashboard | Climaxmil Technology -Climaxmil Tech helps businesses simplify administration, manage their operations, and grow with smart software, digital solutions, and technology services tailored to their needs.",,NGA,77,2440,2026-10-05T05:45:34.100781162Z,"['Amazon WAF Blocked', 'Apache', 'Bulma', 'CDN JS', 'Cloudflare', 'Cloudflare CDN', 'GZIP Module', 'Google', 'Google Cloud DNS', 'Google Font API', 'OpenSSL', 'PHP', 'Tailwind CSS', 'Tawk', 'UTF-8', 'University or College', 'Unix', 'jsDelivr']"
justcompareretirement.com,The Home of Equity Release | Just Compare,,GBR,87,28108,2026-10-05T05:45:34.099421463Z,"['Apache', 'Better Lead Generation Services', 'Bulma', 'Feefo', 'Fireblade', 'GZIP Module', 'Google Cloud DNS', 'Google Font API', 'Google My Business', 'IcoMoon', 'QUIC', 'RM Education', 'Twitter Ads', 'eLand']"
bayleyreporting.com,"Bayley Reporting, Inc.",,USA,47,,2026-10-05T05:38:48.197500016Z,"['Bulma', 'Coming Soon Page', 'Nginx', 'jsDelivr']"
samsonandsonslifescience.com,Samson And Sons Life Science Pvt Ltd,,,67,15340,2026-10-05T05:38:48.196075289Z,"['AJAX Libraries API', 'Bulma', 'CDN JS', 'Cloudflare', 'Cloudflare CDN', 'Fireblade', 'Google Analytics', 'Google Cloud DNS', 'Google Tag Manager', 'Nginx', 'Parallels Plesk Panel', 'QUIC', 'Tailwind CSS', 'YouTube', 'jQuery', 'jsDelivr']"
jaybursky.com,Jay Bursky's Blog – Jay Bursky's Blog,,,55,159,2026-10-05T05:38:48.186006436Z,"['AJAX Libraries API', 'Alternate Protocol', 'Apache', 'Bulma', 'Google Cloud DNS', 'IcoMoon', 'Microdata for Google Shopping', 'PHP', 'Schema Plugin', 'Theme In WP', 'UTF-8', 'Woo Themes', 'WordPress', 'WordPress Multisite', 'jQuery']"
keyhealthau.com.au,Key Health,,,40,200,2026-10-05T05:34:50.832888095Z,"['AWS WAF Challenge', 'Bulma', 'LiteSpeed', 'UTF-8', 'University or College', 'YouTube', 'jQuery']"
bohuslavska.com,Офіційний сайт Богуславської Вікторії Юріївни,,,55,303,2026-10-05T05:34:50.832985241Z,"['Apache', 'AutoComplete', 'Bulma', 'CDN JS', 'Cloudflare', 'Cloudflare CDN', 'Google', 'Google Cloud DNS', 'Google Font API', 'Google My Business', 'PHP', 'StackPath', 'UTF-8']"
yorkshireflyers.co.uk,"Yorkshire Flyers - flyers, leaflets and promotional material distribution",,,50,3,2026-10-05T05:34:50.831394563Z,"['Bulma', 'Content Delivery Network', 'Engintron', 'GZIP Module', 'Google Cloud DNS', 'Google Font API', 'Nginx', 'Tailwind CSS', 'YouTube', 'jQuery']"
shilpijain.com,Shilpi Jain – & Co,,IND,60,641,2026-10-05T05:31:15.948105308Z,"['AJAX Libraries API', 'Alternate Protocol', 'Bulma', 'Contact Form 7', 'Contact Form Plugin', 'Content Delivery Network', 'EmbedPress', 'Font Awesome', 'Google Cloud DNS', 'Google Maps', 'Google My Business', 'LiteSpeed', 'NFOrce Internet', 'PHP', 'Slider Revolution', 'Theme In WP', 'Twitter Ads', 'UTF-8', 'WordPress', 'WordPress Multisite', 'YouTube', 'jQuery', 'reCAPTCHA']"
khairatanimashauninitiative.com,Home - Khairat Animashaun Initiative,,NGA,77,578,2026-10-05T05:31:15.947427056Z,"['Alternate Protocol', 'Bulma', 'Contact Form Plugin', 'EmbedPress', 'Google Cloud DNS', 'Google Font API', 'IcoMoon', 'Microdata for Google Shopping', 'PHP', 'PayPal Button', 'PayPal Form', 'Theme In WP', 'UTF-8', 'WPBakery', 'WordPress', 'WordPress Multisite', 'YouTube', 'jQuery']"
harpreetkhehra.com,Home,,CAN,60,474,2026-10-05T05:31:15.946373909Z,"['Apache', 'ArvanCloud', 'Bulma', 'CDN JS', 'Cloudflare', 'Cloudflare CDN', 'ElementUI', 'Font Awesome', 'GZIP Module', 'Google Analytics', 'Google Cloud DNS', 'Google Font API', 'Google Maps', 'Google My Business', 'Google Tag Manager', 'Instagram Follow Button', 'Microsoft Ajax Content Delivery Network', 'PHP', 'QUIC', 'StackPath', 'Tailwind CSS', 'Twitter Ads', 'UTF-8', 'Ubuntu', 'jsDelivr', 'reCAPTCHA']"
auscaretraining.edu.au,Auscare - Healthcare Training Provider in Perth WA,Auscare Training Organisation,AUS,82,23266,2026-10-05T05:31:15.942221214Z,"['AWS WAF Challenge', 'Alternate Protocol', 'Bulma', 'CDN JS', 'Cloudflare', 'Cloudflare CDN', 'Contact Form Plugin', 'Content Delivery Network', 'Easy Accordio', 'ElementUI', 'EmbedPress', 'Font Awesome', 'Google', 'Google Analytics', 'Google Cloud DNS', 'Google Font API', 'Google My Business', 'Google Tag Manager', 'IcoMoon', 'Instagram Follow Button', 'Microdata for Google Shopping', 'PHP', 'QUIC', 'SearchWP', 'Sitelinks Search Box', 'StackPath', 'The Events Calendar', 'Theme In WP', 'UTF-8', 'University or College', 'WP Engine', 'WordPress', 'WordPress Multisite', 'jQuery', 'jsDelivr', 'reCAPTCHA']"
sieversc21.com,Matt Sievers | Ames & Central Iowa REALTOR® | Sievers Real Estate Team with CENTURY 21 Signature Real Estate,,PER,82,38020,2026-10-05T05:31:15.932361192Z,"['AJAX Libraries API', 'Alternate Protocol', 'Apache', 'Apture Linking Platform', 'Beaver Builder Lite', 'Bulma', 'CDN JS', 'CENTURY 21', 'Cloudflare', 'Cloudflare CDN', 'Debian', 'DuracellTomi Google Tag Manager for WordPress', 'EmbedPress', 'Font Awesome', 'GZIP Module', 'Google', 'Google Analytics', 'Google Cloud DNS', 'Google Font API', 'Google Forms', 'Google Maps', 'Google My Business', 'Google Tag Manager', 'Instagram Follow Button', 'LeadRouter', 'MoxiWorks', 'PHP', 'Prospective', 'Sitelinks Search Box', 'Thank You', 'UTF-8', 'WordPress', 'WordPress Multisite', 'YouTube', 'jQuery', 'jsDelivr', 'reCAPTCHA']"
tcberries.com,Twin Cities Berry Co.,,,45,255,2026-10-05T05:31:15.927672149Z,"['Apache', 'Bulma', 'Font Awesome', 'GZIP Module', 'Google Analytics', 'Google Tag Manager', 'IcoMoon', 'Tailwind CSS', 'YouTube']"
brsol.com,B&R Solutions LLC Creative Technology Company,,,50,159,2026-10-05T05:31:15.926595557Z,"['Bulma', 'Coming Soon Page', 'FreeCSSTemplates', 'GZIP Module', 'Google Analytics', 'Google Cloud DNS', 'Google Font API', 'IcoMoon', 'Nginx', 'PHP', 'UTF-8', 'jQuery']"
pwelectricals.co.uk,"Electrician in Plymouth | Installations, Rewiring & Safety Inspections",,,62,3235,2026-10-05T05:25:24.599942254Z,"['Adult Content', 'Bulma', 'CDN JS', 'Cloudflare', 'Cloudflare CDN', 'Content Delivery Network', 'Font Awesome', 'FormSubmit', 'Gambling Content', 'Google', 'Google Analytics', 'Google Cloud DNS', 'Google Font API', 'Google Tag Manager', 'Instagram Follow Button', 'Nginx', 'QUIC', 'Tailwind CSS', 'Yell Business', 'jQuery']"
movingwithmeganomaha.com,Megan Hepburn,,USA,70,37520,2026-10-05T05:25:24.58709429Z,"['AJAX Libraries API', 'Alternate Protocol', 'Apache', 'Apture Linking Platform', 'Beaver Builder Lite', 'Bulma', 'CDN JS', 'Cloudflare', 'Cloudflare CDN', 'Debian', 'DuracellTomi Google Tag Manager for WordPress', 'EmbedPress', 'Font Awesome', 'GZIP Module', 'Google', 'Google Analytics', 'Google Cloud DNS', 'Google Font API', 'Google Maps', 'Google My Business', 'Google Tag Manager', 'Instagram Follow Button', 'LeadRouter', 'MoxiWorks', 'Neighborhoods', 'PHP', 'Prospective', 'QUIC', 'Sitelinks Search Box', 'Thank You', 'UTF-8', 'WordPress', 'WordPress Multisite', 'jQuery', 'jsDelivr', 'reCAPTCHA']"
buransh.online,Home | Buransh Cloud,,IND,52,,2026-10-05T05:25:24.580806168Z,"['Bulma', 'GZIP Module', 'Nginx', 'Tailwind CSS', 'UTF-8', 'Ubuntu', 'jsDelivr']"
cnwlinks.com,Factory Amazon Stock Phone Accessories Low Price,,CHN,82,5308,2026-10-05T05:20:58.115378556Z,"['AJAX Libraries API', 'Amazon', 'Bulma', 'CDN JS', 'Cloudflare', 'Cloudflare CDN', 'Google', 'Google Cloud DNS', 'Google Font API', 'Google My Business', 'IcoMoon', 'Instagram Follow Button', 'PHP', 'QUIC', 'Tailwind CSS', 'Telegram', 'UTF-8', 'YouTube', 'jQuery', 'jsDelivr']"
mssdizayn.com,Hakkari Yüksekova Web Tasarım | MssDizayn Kurumsal Kimlik Web Tasarım Hizmetleri,,,62,5498,2026-10-05T05:20:58.111976312Z,"['Bulma', 'Easy Pie Chart', 'GetButton.io', 'Google Analytics', 'Google Tag Manager', 'IcoMoon', 'LiteSpeed', 'Subversion', 'Tailwind CSS', 'Vector Internet Services']"
majesticmilechauffeurs.co.uk,Home,,GBR,67,2980,2026-10-05T05:20:58.109806233Z,"['AJAX Libraries API', 'Better Lead Generation Services', 'Bulma', 'GZIP Module', 'Google Cloud DNS', 'Google My Business', 'Instagram Follow Button', 'Microsoft Azure', 'Nginx', 'Tailwind CSS', 'UTF-8', 'Visual Studio', 'jQuery']"
lancasterhomegirl.com,Home - Lancaster Homegirl - Realtor Christina Diehl,,USA,75,41120,2026-10-05T05:20:58.108130548Z,"['AJAX Libraries API', 'Alternate Protocol', 'Apache', 'Apture Linking Platform', 'Beaver Builder Lite', 'Bulma', 'CDN JS', 'Cloudflare', 'Cloudflare CDN', 'Debian', 'DuracellTomi Google Tag Manager for WordPress', 'EmbedPress', 'Font Awesome', 'GZIP Module', 'Google', 'Google Analytics', 'Google Cloud DNS', 'Google Font API', 'Google My Business', 'Google Tag Manager', 'Homes.com CMS', 'Instagram API', 'Instagram Follow Button', 'LeadRouter', 'MoxiWorks', 'Neighborhoods', 'PHP', 'Prospective', 'QUIC', 'Sitelinks Search Box', 'Subversion', 'Thank You', 'Twitter Ads', 'UTF-8', 'WordPress', 'WordPress Multisite', 'YouTube', 'jQuery', 'jsDelivr', 'reCAPTCHA']"
atlasmedspharmacy.com,Home - Atlas Meds Pharmacy,Atlas Meds Pharmacy,USA,82,52678,2026-10-05T05:17:28.787419878Z,"['Adult Content', 'Alternate Protocol', 'Bulma', 'Content Delivery Network', 'Elementor', 'EmbedPress', 'Google Analytics', 'Google Cloud DNS', 'Google Font API', 'Google Tag Manager', 'Line2', 'LiteSpeed', 'Microdata for Google Shopping', 'NFOrce Internet', 'PHP', 'Polylang', 'QUIC', 'QUIC.cloud', 'SMC', 'Table Addons for Elementor', 'Tailwind CSS', 'UTF-8', 'Woo Themes', 'WooCommerce', 'WooCommerce Checkout', 'WordPress', 'WordPress Multisite']"
rwhb.me,Rob Bricheno,,CAN,67,50000,2026-10-05T05:17:28.782535751Z,"['Apache', 'Bulma', 'CDN JS', 'Cloudflare', 'Cloudflare CDN', 'GZIP Module', 'GitHub Hosting', 'SMC', 'Twitter Ads', 'Ubuntu', 'University or College']"
pro100.co.in,PRO 100,,IND,50,99,2026-10-05T05:17:28.772475797Z,"['Bulma', 'Font Awesome', 'Google My Business', 'Instagram Follow Button', 'PHP', 'UTF-8', 'jsDelivr']"
grdpinfotech.com,Home - GRDP INFOTECH LIMITED - #Leading IT Service Provider in Pune,GRDP INFOTECH LIMITED - #No1 IT Service Provider,,65,56641,2026-10-05T05:17:28.771792559Z,"['Alternate Protocol', 'Apture Linking Platform', 'Bulma', 'Elementor', 'ElementsKit Elementor', 'EmbedPress', 'Express', 'Google Analytics', 'Google Cloud DNS', 'Google Font API', 'Google Tag Manager', 'Harbor', 'Hestia', 'IcoMoon', 'Instagram Follow Button', 'Menu Icons by ThemeIsle', 'Microdata for Google Shopping', 'PHP', 'Perl', 'Prime Slide for Elementor', 'Python', 'QUIC', 'SMC', 'Svelte', 'Theme In WP', 'Twitter Ads', 'UTF-8', 'Vector Internet Services', 'WP Job Openings', 'WPForms', 'Woo Themes', 'WooCommerce', 'WooCommerce Checkout', 'WordPress', 'WordPress Multisite', 'jQuery']"
sucic.org,SUCI Communist,,IND,57,565,2026-10-05T05:11:12.965616661Z,"['Automattic', 'Bulma', 'Express', 'Font Awesome', 'GZIP Module', 'Google Related Website Sites', 'IcoMoon', 'LiteSpeed', 'Tailwind CSS', 'UTF-8', 'cstate', 'jsDelivr']"
trio-vvs.vek.dk,Trio VVS,,,50,63,2026-10-05T05:11:12.961899041Z,"['Bulma', 'Content Delivery Network', 'Express', 'FreePrivacyPolicy.com', 'GZIP Module', 'Google', 'Google Analytics', 'Google Cloud DNS', 'Google Font API', 'Google Related Website Sites', 'Google Tag Manager', 'OpenResty', 'Privacy Policy Generator', 'UTF-8']"
abrgdcrepalle.ac.in,"Sri ABR Government Degree College, Repalle",,IND,70,508,2026-10-05T05:11:12.958016382Z,"['Bulma', 'Corporate Governance and Regulatory Compliance', 'GZIP Module', 'Google Cloud DNS', 'Google Font API', 'Google Maps', 'Google My Business', 'IcoMoon', 'InitiativeS', 'Instagram Follow Button', 'LiteSpeed', 'QUIC', 'UTF-8', 'University or College', 'YouTube', 'jQuery']"
perfectpitchproject.com,Perfect Pitch Project,,,60,159,2026-10-05T05:11:12.946458771Z,"['Bulma', 'DAV', 'Express', 'Google Cloud DNS', 'Google Font API', 'Google Maps', 'Google My Business', 'IcoMoon', 'Instagram Follow Button', 'QUIC', 'Tailwind CSS', 'Twitter Ads', 'YouTube', 'jQuery']"
raipurrose.in,Raipur Escorts Best Female Call Girls Escort Service in Raipur,,IND,72,45820,2026-10-05T05:11:12.944290004Z,"['AWS WAF Challenge', 'Adult Content', 'Apache', 'Bulma', 'DAV', 'DMCA Badge', 'Express', 'Fireblade', 'GZIP Module', 'Google Analytics', 'Google Related Website Sites', 'Google Tag Manager', 'QUIC', 'Tailwind CSS', 'UTF-8', 'University or College', 'Wangsu']"
tisgoud.nl,'t is Goud-'t Is Goud | t is goud | tisgoud,,NLD,72,15567,2026-10-05T05:11:12.943700907Z,"['Alternate Protocol', 'Bulma', 'CDN JS', 'Cloudflare', 'Cloudflare CDN', 'Crowdriff', 'FastClick', 'Font Awesome', 'GitHub Hosting', 'Hugo', 'IcoMoon', 'Nginx', 'Publii', 'Twitter Ads', 'jQuery']"
medi-onlifecare.com,Medi-On Life Care Equipments :: Home,,IND,55,,2026-10-05T05:11:12.943927529Z,"['Apache', 'Bulma', 'University or College', 'shadcn ui']"
e-ducatoalkatresz.hu,BOXER JUMPER DUCATO Alkatrész Szervíz,,HUN,72,4068,2026-10-05T05:05:00.697297061Z,"['Amazon', 'AutoComplete', 'Bulma', 'CDN JS', 'Cloudflare', 'Cloudflare CDN', 'Facebook Embedded Posts', 'FreePrivacyPolicy.com', 'GZIP Module', 'Google Analytics', 'Google My Business', 'Google Tag Manager', 'IcoMoon', 'Nginx', 'Privacy Policy Generator', 'UTF-8', 'reCAPTCHA']"
drkollirajuhomoeoservices.com,Dr.KOLLI RAJU HOMEO SERVICES,,IND,70,36347,2026-10-05T05:05:00.692394936Z,"['AWS WAF Challenge', 'Alternate Protocol', 'Appointment', 'Bulma', 'DAV', 'Embed Any Document', 'EmbedPress', 'Endurance Page Cache', 'Fastly', 'Fireblade', 'Fonts Plugin', 'FreeCSSTemplates', 'GZIP Module', 'Google', 'Google Cloud CDN', 'Google Cloud DNS', 'Google Font API', 'Google My Business', 'Gutenberg', 'Nginx', 'PHP', 'Pantheon', 'Photo Gallery for WordPress', 'Theme In WP', 'University or College', 'WordPress', 'WordPress Multisite', 'jQuery']"
mitagro.hr,Naslovnica | Mitagro,,HRV,77,3257,2026-10-05T05:05:00.689966477Z,"['Alternate Protocol', 'Apache', 'Bulma', 'Easy Pie Chart', 'Elementor', 'EmbedPress', 'GZIP Module', 'Google', 'Google Cloud CDN', 'Google Cloud DNS', 'Google Font API', 'Instagram Follow Button', 'Microdata for Google Shopping', 'PHP', 'Schema Plugin', 'Sitelinks Search Box', 'Theme In WP', 'UTF-8', 'UserWay', 'Woo Themes', 'WooCommerce Checkout', 'WordPress', 'WordPress Multisite', 'jQuery']"
up-ict.nl,UP-ICT - Ummet Pasa Personal/CV Website,,NLD,75,2868,2026-10-05T05:05:00.686813247Z,"['Apache', 'Bulma', 'CDN JS', 'Cloudflare', 'Cloudflare CDN', 'GZIP Module', 'IcoMoon', 'Oracle Cloud', 'PHP', 'Tailwind CSS', 'UTF-8', 'Unix', 'jQuery']"
morphdigitech.com,Hugo Fresh Theme,,LKA,67,508,2026-10-05T05:05:00.68274671Z,"['Bulma', 'CDN JS', 'Cloudflare', 'Cloudflare CDN', 'ElementUI', 'Google Cloud DNS', 'Google Font API', 'Hugo', 'IcoMoon', 'LiteSpeed', 'Twitter Ads', 'jQuery']"
apexresidencyinn.com,Best Hotel in Trivandrum Near Airport | Apex Residency Inn,,IND,82,21899,2026-10-05T04:58:45.35560249Z,"['AWS WAF Challenge', 'Bulma', 'Cloudflare', 'ElementUI', 'Google', 'Google Analytics', 'Google Cloud DNS', 'Google Font API', 'Google Related Website Sites', 'Google Tag Manager', 'HostGator', 'Microdata for Google Shopping', 'Microsoft Azure', 'Microsoft IIS', 'Parallels Plesk Panel', 'Tailwind CSS', 'UTF-8', 'Visual Studio', 'W3layouts', 'jsDelivr']"
totallingua.com,TotalLingua,,MEX,65,468,2026-10-05T04:58:45.341177355Z,"['Apache', 'Bulma', 'Google My Business', 'Google Play', 'IcoMoon', 'Instagram Follow Button', 'Tailwind CSS', 'UTF-8', 'YouTube', 'jQuery']"
rochestersongs.com,- Musical Shares,Musical Shares,USA,72,17096,2026-10-05T04:58:45.340613887Z,"['AWS WAF Challenge', 'Alternate Protocol', 'Bulma', 'Call to Visit', 'Contact Form Plugin', 'Content ad', 'DAV', 'EmbedPress', 'Google Analytics', 'Google Cloud DNS', 'Google Font API', 'Google Maps', 'Google My Business', 'Google Tag Manager', 'IcoMoon', 'Instagram Follow Button', 'LiteSpeed', 'Microdata for Google Shopping', 'MonsterInsights', 'PHP', 'Slider Revolution', 'Theme In WP', 'UTF-8', 'WPBakery', 'Woo Themes', 'WooCommerce Checkout', 'WordPress', 'WordPress Multisite', 'jQuery']"
tsi-theguard.com,Home | THe GUARD,,IDN,57,156,2026-10-05T04:55:27.53828289Z,"['Bulma', 'IcoMoon', 'LiteSpeed', 'PHP', 'Subversion', 'UTF-8', 'jQuery']"
enelectro.com,EnElectro | Electrical Solutions | Saudi Arabia,EnElectro,SAU,87,32539,2026-10-05T04:55:27.524721232Z,"['AWS WAF Challenge', 'Alternate Protocol', 'Bulma', 'CDN JS', 'Cloudflare', 'Cloudflare CDN', 'Fireblade', 'Font Awesome', 'Google', 'Google Analytics', 'Google Cloud DNS', 'Google Font API', 'Google Tag Manager', 'Instagram Follow Button', 'Microdata for Google Shopping', 'QUIC', 'Tailwind CSS', 'UTF-8', 'WhatsApp Sharing', 'jQuery', 'jsDelivr']"
ccpp.ie,Caherconlish-Caherline Parish Website,,,72,30768,2026-10-05T04:55:27.508557545Z,"['AWS WAF Challenge', 'Adult Content', 'Bulma', 'Fancybox for WordPress', 'Fireblade', 'Google My Business', 'IcoMoon', 'Nginx', 'PHP', 'Parallels Plesk Panel', 'QUIC', 'UTF-8', 'eLand', 'jQuery']"
searisorse.it,Home - Sea Risorse,Sea Risorse,,57,159,2026-10-05T04:55:27.50269205Z,"['Apache', 'Azion', 'Bulma', 'CDN JS', 'Cloudflare', 'Cloudflare CDN', 'GZIP Module', 'Google Analytics', 'Google Cloud DNS', 'Google Font API', 'Google Tag Manager', 'IcoMoon', 'Microdata for Google Shopping', 'PHP', 'Tailwind CSS', 'UTF-8', 'jQuery']"
cis.net.au,Corinthian Internet Services,,,40,102,2026-10-05T04:55:27.500594201Z,"['Bulma', 'Font Awesome', 'Google Cloud DNS', 'Google Font API', 'Tailwind CSS', 'jQuery']"
carlisleglassandglazing.co.uk,Professional Glaziers | Glass Repair in Carlisle | Carlisle Glass Repair | Shop Glass Manifestation in Carlisle | Carlisle Shop Glass Manifestation | Glass Doors in Carlisle | Carlisle Glass Doors | Glaziers Near Me in Carlisle | Carlisle Glaziers Near Me | Mirror in Carlisle | Carlisle Mirror | Glass protective filming in Carlisle | Carlisle Glass protective filming | Broken Glass in Carlisle | Carlisle Broken Glass | Double Glazing Units in Carlisle | Carlisle Double Glazing Units | Bespoke Shower Screen Glass in Carlisle | Carlisle Bespoke Shower Screen Glass | Shop Fronts in Carlisle | Carlisle Shop Fronts | Supply & Fit double glazed units in Carlisle | Carlisle Supply & Fit double glazed units | Window Repair in Carlisle | Carlisle Window Repair | Shop glass filming in Carlisle | Carlisle Shop glass filming | Emergency Glass in Carlisle | Carlisle Emergency Glass | Emergency glaziers near me in Carlisle | Carlisle Emergency glaziers near me | Glass Supply in Carlisle | Carlisle Glass Supply | Glass Solar filming in Carlisle | Carlisle Glass Solar filming | Double Glazed Units in Carlisle | Carlisle Double Glazed Units | Bespoke table top glass in Carlisle | Carlisle Bespoke table top glass | Same Day DGU in Carlisle | Carlisle Same Day DGU | Supply only double glazed units in Carlisle | Carlisle Supply only double glazed units | Glaziers in Carlisle | Carlisle Glaziers | Same Day Double Glazing in Carlisle | Carlisle Same Day Double Glazing | Shower Glass in Carlisle | Carlisle Shower Glass | Replacement Double Glazing in Carlisle | Carlisle Replacement Double Glazing | Boarding Up in Carlisle | Carlisle Boarding Up | Georgian Wire Cast cut to size in Carlisle | Carlisle Georgian Wire Cast cut to size | Double Glazing in Carlisle | Carlisle Double Glazing | Table Tops toughened glass in Carlisle | Carlisle Table Tops toughened glass | Safety Glass in Carlisle | Carlisle Safety Glass | Same Day Double Glazed Units in Carlisle | Carlisle Same Day Double Glazed Units | Glazier in Carlisle | Carlisle Glazier | Glass Cut To Size in Carlisle | Carlisle Glass Cut To Size | Door Glass in Carlisle | Carlisle Door Glass | Double glazed windows in Carlisle | Carlisle Double glazed windows | Emergency Glazing in Carlisle | Carlisle Emergency Glazing | 10.8 laminated glass cut to size in Carlisle | Carlisle 10.8 laminated glass cut to size | Double Glazed in Carlisle | Carlisle Double Glazed | mirror glass cut to size in Carlisle | Carlisle mirror glass cut to size | Emergency Boarding in Carlisle | Carlisle Emergency Boarding | Shopfront glass manifestation in Carlisle | Carlisle Shopfront glass manifestation | Toughened Glass in Carlisle | Carlisle Toughened Glass | Splash Backs in Carlisle | Carlisle Splash Backs | Fire Rated Glass in Carlisle | Carlisle Fire Rated Glass | window glass in Carlisle | Carlisle window glass | Laminated safety glass double glazed units in Carlisle | Carlisle Laminated safety glass double glazed units | Cut Glass in Carlisle | Carlisle Cut Glass | Commercial Glazing in Carlisle | Carlisle Commercial Glazing | Misted Double Glazing in Carlisle | Carlisle Misted Double Glazing | Shelves in Carlisle | Carlisle Shelves | Cat Flaps in Carlisle | Carlisle Cat Flaps | Shopfront glass filming in Carlisle | Carlisle Shopfront glass filming | Glass in Carlisle | Carlisle Glass | Glass Splash Backs in Carlisle | Carlisle Glass Splash Backs | Bespoke Glass shelves in Carlisle | Carlisle Bespoke Glass shelves | Emergency Glazier in Carlisle | Carlisle Emergency Glazier | patterned double glazed units in Carlisle | Carlisle patterned double glazed units | Double Glazing in Carlisle | Carlisle Double Glazing | Commercial Glaziers in Carlisle | Carlisle Commercial Glaziers | Window Replacement in Carlisle | Carlisle Window Replacement | Bespoke Mirror Glass in Carlisle | Carlisle Bespoke Mirror Glass | Table Top Glass in Carlisle | Carlisle Table Top Glass | 3M filming in Carlisle | Carlisle 3M filming | Glazing in Carlisle | Carlisle Glazing | UPVC Windows in Carlisle | Carlisle UPVC Windows | Bespoke Shelf glass in Carlisle | Carlisle Bespoke Shelf glass | Shopfront Glass in Carlisle | Carlisle Shopfront Glass | toughned safety glass double glazed units in Carlisle | Carlisle toughned safety glass double glazed units,,CAN,72,16099,2026-10-05T04:55:27.497297525Z,"['Apache', 'ArvanCloud', 'Better Lead Generation Services', 'Bulma', 'CDN JS', 'Cloudflare', 'Cloudflare CDN', 'Content Delivery Network', 'Fireblade', 'GZIP Module', 'Google Cloud DNS', 'Google Font API', 'Google My Business', 'HESK', 'PHP', 'QUIC', 'UTF-8', 'jsDelivr']"
glucoarmorweb.com,Gluco Armor ™ | Official Website | Maintain Healthy Glucose Levels Naturally,,USA,77,15508,2026-10-05T04:48:57.212036755Z,"['Bulma', 'Content Delivery Network', 'Fireblade', 'Google Cloud DNS', 'Google Font API', 'IcoMoon', 'Perl', 'QUIC', 'Tailwind CSS', 'UTF-8']"
emergencypossumremovalmelbourne.au,Possum Removal Melbourne - VIC 3000 - Same Day & Affordable Service,Emergency Possum Removal Melbourne,AUS,82,13782,2026-10-05T04:48:57.197008018Z,"['ADFOX', 'Alternate Protocol', 'Amazon', 'Bulma', 'Contact Form Plugin', 'Content Delivery Network', 'EmbedPress', 'Express', 'Google Cloud DNS', 'Google Font API', 'Google My Business', 'Google Related Website Sites', 'IcoMoon', 'LiteSpeed', 'Microdata for Google Shopping', 'NFOrce Internet', 'NitroPack', 'PHP', 'Perl', 'QUIC', 'Tailwind CSS', 'Thank You', 'Theme In WP', 'UTF-8', 'WordPress', 'WordPress Multisite', 'Yandex Hosting', 'Yandex Metrika', 'jQuery']"
iconstarsafetynets.in,Icon Star Safety Nets | Invisible Grill & Pigeon Safety Nets Suppliers in Bangalore,,IND,60,7500,2026-10-05T04:44:20.158463197Z,"['Bulma', 'Cloudflare', 'Fireblade', 'Google Analytics', 'Google Tag Manager', 'LiteSpeed', 'PHP', 'UTF-8', 'WhatsApp Sharing']"
kelilah.co.za,Kelilah Global Institute,,ZAF,70,75508,2026-10-05T04:44:20.153288282Z,"['Bulma', 'Google Cloud DNS', 'Google Font API', 'Google Maps', 'IcoMoon', 'KVH', 'Nginx', 'SMC', 'Subversion', 'University or College', 'Vector Internet Services', 'WhatsApp Sharing', 'jQuery']"
dejavumedikal.com,Dejavu Medikal,,TUR,77,4148,2026-10-05T04:44:20.152358131Z,"['Bulma', 'GZIP Module', 'Google Cloud DNS', 'Google Font API', 'Google My Business', 'HostGator', 'IcoMoon', 'Instagram Follow Button', 'Microsoft Azure', 'Microsoft IIS', 'PHP', 'Parallels Plesk Panel', 'QUIC', 'Tailwind CSS', 'Twitter Ads', 'Visual Studio', 'YouTube']"
glazenwasserderegenboog.nl,De Regenboog Glazenwasser | Home,,,50,303,2026-10-05T04:39:56.512732181Z,"['Bulma', 'Google Cloud DNS', 'Google Font API', 'Google Maps', 'Google My Business', 'IcoMoon', 'LiteSpeed', 'Parallels Plesk Panel', 'jQuery']"
eltrum.lt,Home - Grain temperature monitoring and control,,LTU,75,32608,2026-10-05T04:39:56.482544962Z,"['AJAX Libraries API', 'AWS WAF Challenge', 'Alternate Protocol', 'Bulma', 'EmbedPress', 'Fireblade', 'Google', 'Google Cloud DNS', 'Google Font API', 'LiteSpeed', 'Microdata for Google Shopping', 'PHP', 'Polylang', 'QUIC', 'Tailwind CSS', 'Theme In WP', 'UTF-8', 'WordPress', 'WordPress Multisite', 'jQuery', 'jsDelivr']"
victorialamhomes.com,Home - Victoria Lam,,SYC,65,36779,2026-10-05T04:39:56.482361264Z,"['AJAX Libraries API', 'Alternate Protocol', 'Apache', 'Apture Linking Platform', 'Beaver Builder Lite', 'Bulma', 'CDN JS', 'Cisco/Arrowpoint Content Service Switch', 'Cloudflare', 'Cloudflare CDN', 'Cornerstone', 'Debian', 'DuracellTomi Google Tag Manager for WordPress', 'EmbedPress', 'Express', 'Font Awesome', 'GZIP Module', 'Google Analytics', 'Google Cloud DNS', 'Google Font API', 'Google Maps', 'Google My Business', 'Google Tag Manager', 'Homes.com CMS', 'Instagram Follow Button', 'LeadRouter', 'MoxiWorks', 'PHP', 'Sitelinks Search Box', 'Thank You', 'UTF-8', 'WordPress', 'WordPress Multisite', 'jQuery', 'jsDelivr', 'reCAPTCHA']"
cebreros.org,Asesoría en la Gestión de Recursos Humanos - Cebreros,,,25,3,2026-10-05T04:39:56.480430205Z,"['Bulma', 'ElementUI', 'Google Cloud DNS', 'Google Font API', 'Google Maps', 'jQuery']"
ciitcollege.in,CIIT COLLEGE,,IND,55,359,2026-10-05T04:34:24.320739012Z,"['AWS WAF Challenge', 'Bulma', 'Google Cloud DNS', 'Google Font API', 'IcoMoon', 'Instagram Follow Button', 'LiteSpeed', 'PHP', 'UTF-8', 'University or College', 'YouTube', 'jQuery']"
mahamerugroup.id,Mahameru Group,,,57,63,2026-10-05T04:34:24.316471433Z,"['Bulma', 'CDN JS', 'Cloudflare', 'Cloudflare CDN', 'Google', 'Google Cloud CDN', 'Google Cloud DNS', 'Google Font API', 'LiteSpeed', 'PHP', 'Perl', 'Tailwind CSS', 'Tawk', 'UTF-8', 'WhatsApp Sharing', 'htmlcodex.com', 'jsDelivr']"
quikconect.com,"Best CRM Software for Sales, Field Teams & Lead Management | QuikConect by QuikOne",,PHL,72,19539,2026-10-05T04:34:24.314376167Z,"['AWS WAF Challenge', 'Apache', 'App Store', 'Apture Linking Platform', 'Better Lead Generation Services', 'Bulma', 'CDN JS', 'Cloudflare', 'Cloudflare CDN', 'Font Awesome', 'GZIP Module', 'Google Analytics', 'Google Cloud DNS', 'Google Font API', 'Google My Business', 'Google Play', 'Google Tag Manager', 'Instagram Follow Button', 'QUIC', 'StackPath', 'Subversion', 'Tailwind CSS', 'UTF-8', 'Ubuntu', 'WhatsApp Sharing', 'route']"
medcodeteamz.com,MediCoder LLC,,ZAF,60,3258,2026-10-05T04:29:46.810015507Z,"['Apache', 'Bulma', 'Font Awesome', 'GZIP Module', 'Google Cloud DNS', 'Google Font API', 'IcoMoon', 'QUIC', 'Tailwind CSS', 'Wangsu']"
gsv-logistic.ro,GSV GROUP,,,57,,2026-10-05T04:29:46.809540712Z,"['Better Lead Generation Services', 'Bulma', 'Google Analytics', 'Google Tag Manager', 'LiteSpeed']"
kasarobmarketing.com,Kasarob Marketing Agency,,UGA,62,,2026-10-05T04:29:46.808155987Z,"['Bulma', 'CDN JS', 'Cloudflare', 'Cloudflare CDN', 'Instagram Follow Button', 'LiteSpeed', 'Twitter Ads', 'UTF-8']"
lotusflowerbookkeeping.ca,Contact — Lotus Flower Bookkeeping,,USA,57,63,2026-10-05T04:29:46.807599327Z,"['Bulma', 'CDN JS', 'Cloudflare', 'Cloudflare CDN', 'GZIP Module', 'Google', 'Google Cloud DNS', 'Google Font API', 'Nginx', 'Tailwind CSS', 'UTF-8', 'jsDelivr']"
cbharathan.com,Plywood Dealers in Kannur | Hardware Material Suppliers & Dealers Kannur,,IND,72,,2026-10-05T04:29:46.792623439Z,"['Bulma', 'CDN JS', 'Cloudflare', 'Cloudflare CDN', 'Google My Business', 'LiteSpeed', 'QUIC', 'Tailwind CSS', 'YouTube', 'jsDelivr']"
teixeiraereis.com.br,Teixeira e Reis Advogados,,BRA,70,508,2026-10-05T04:29:46.791881561Z,"['Apache', 'Bulma', 'CDN JS', 'Cloudflare', 'Cloudflare CDN', 'CookieConsent', 'GZIP Module', 'Google Cloud DNS', 'Google Font API', 'Google Maps', 'IcoMoon', 'Instagram Follow Button', 'jQuery']"
hathersagehurtle.com,Hathersage Hurtle,,,50,2586,2026-10-05T04:22:43.722486151Z,"['AWS WAF Challenge', 'Alternate Protocol', 'Amazon WAF Blocked', 'BLR', 'Bulma', 'DAV', 'EmbedPress', 'Event Tickets for Wordpress', 'GitHub Hosting', 'Google Cloud DNS', 'Google Font API', 'Google My Business', 'Gravity Forms', 'Hestia', 'IcoMoon', 'Instagram Follow Button', 'LiteSpeed', 'PHP', 'Theme In WP', 'Tumblr', 'Twitter Ads', 'UTF-8', 'WPForms', 'Woo Themes', 'WooCommerce Checkout', 'WordPress', 'WordPress Multisite', 'YouTube', 'jQuery']"
en-us-akusoli.com,Akusoli Insoles™ | Official Website | Say Hello To Comfort,,USA,77,840,2026-10-05T04:22:43.719117367Z,"['Bulma', 'Cloudflare', 'Cloudflare CDN', 'Cloudflare Web Analytics', 'Google Cloud DNS', 'Google Font API', 'Microdata for Google Shopping', 'Perl', 'Schema Plugin', 'Tailwind CSS', 'UTF-8', 'uPress']"
raginiringsnj.com,Ragini Dunn,,USA,70,35120,2026-10-05T04:22:43.7112861Z,"['AJAX Libraries API', 'Alternate Protocol', 'Apache', 'Apture Linking Platform', 'Beaver Builder Lite', 'Bulma', 'Debian', 'DuracellTomi Google Tag Manager for WordPress', 'EmbedPress', 'Font Awesome', 'GZIP Module', 'Google Analytics', 'Google Cloud DNS', 'Google Font API', 'Google Maps', 'Google My Business', 'Google Tag Manager', 'LeadRouter', 'MoxiWorks', 'PHP', 'Prospective', 'QUIC', 'Sitelinks Search Box', 'Tailwind CSS', 'Thank You', 'UTF-8', 'WordPress', 'WordPress Multisite', 'jQuery', 'jsDelivr', 'reCAPTCHA']"
caymanexports.com,Cayman Exports ::,,IND,72,15139,2026-10-05T04:22:43.708168093Z,"['Bulma', 'CDN JS', 'Cloudflare', 'Cloudflare CDN', 'Endis', 'Font Awesome', 'GZIP Module', 'Google Cloud DNS', 'Google Font API', 'Google My Business', 'Instagram Follow Button', 'Nginx', 'UTF-8', 'jQuery']"
quickstepservice.in,quickstepservice - Logistics And Transportation,,IND,65,25099,2026-10-05T04:16:58.736777493Z,"['Alternate Protocol', 'Bulma', 'CDN JS', 'Cloudflare', 'Cloudflare CDN', 'Express', 'Fireblade', 'Font Awesome', 'Onyx Internet', 'PHP', 'Perl', 'QUIC', 'Tailwind CSS', 'Theme In WP', 'UTF-8', 'WordPress', 'YouTube']"
new-office.com.tw,瑞聯不動產 | Ruei-Lian Real Estate,,,42,201,2026-10-05T04:16:58.734360472Z,"['Apache', 'Bulma', 'CentOS', 'Font Awesome', 'Google Cloud DNS', 'Google Maps', 'Microsoft 365', 'OpenSSL', 'PHP', 'Slider Revolution', 'UTF-8', 'jQuery']"
mahaveer.agency,mahaveer.agency,,IND,60,159,2026-10-05T04:16:58.722612086Z,"['Apache', 'Bulma', 'GZIP Module', 'Google Cloud DNS', 'Google Font API', 'IcoMoon', 'Instagram Follow Button', 'PHP', 'Tailwind CSS', 'UTF-8', 'YouTube', 'jQuery', 'shadcn ui']"
uniwara.ac.id,Universitas PGRI WIRANEGARA,,,55,102,2026-10-05T04:16:58.719345876Z,"['AJAX Libraries API', 'Bulma', 'CDN JS', 'Cloudflare', 'Cloudflare CDN', 'Cloudflare Web Analytics', 'ElementUI', 'Font Awesome', 'Google Cloud DNS', 'Google Font API', 'Google My Business', 'Instagram Follow Button', 'UTF-8', 'jQuery', 'jsDelivr']"
citytelevisionhd.com,CITY TELEVISION NEPAL|ONLINE NEWS NEPAL/TELEVISION ONLINE NEWS,,,67,139,2026-10-05T04:16:58.717828911Z,"['AJAX Libraries API', 'Bulma', 'CDN JS', 'Cloudflare', 'Cloudflare CDN', 'Facebook Login', 'Facebook Reseller', 'Font Awesome', 'Google Adsense', 'Google Cloud DNS', 'Google Font API', 'Google Funding Choices', 'Google Matched Content', 'Google Reseller', 'LiteSpeed', 'Tailwind CSS', 'UTF-8', 'YouTube', 'jQuery', 'shadcn ui']"
majestymagazine.com,Majesty Magazine - The Quality Royal Magazine,,AUS,72,18300,2026-10-05T04:16:58.71235696Z,"['AWS WAF Challenge', 'Adobe Creative Cloud WebFonts', 'Apture Linking Platform', 'Bulma', 'CDN JS', 'Cloudflare', 'Cloudflare CDN', 'GZIP Module', 'Google Analytics', 'Instagram Follow Button', 'Microsoft Azure', 'Microsoft IIS', 'QUIC', 'Twitter Ads', 'UTF-8', 'Visual Studio', 'jQuery', 'jsDelivr']"
dancechoreographers.in,INDIA CHOREOGRAPHERS CLUB,,IND,65,468,2026-10-05T04:10:47.003804216Z,"['Bulma', 'CDN JS', 'Cloudflare', 'Cloudflare CDN', 'DAV', 'Easy Pie Chart', 'Google My Business', 'IcoMoon', 'Instagram Follow Button', 'LiteSpeed', 'Tailwind CSS', 'UTF-8', 'University or College', 'WhatsApp Sharing', 'YouTube']"
southernsteels.in,Steel Wholesale Distributors in Kannur | Steel Suppliers in Kannur - Southern Steels,,IND,67,468,2026-10-05T04:10:46.994412159Z,"['Bulma', 'Google Maps', 'Google My Business', 'IcoMoon', 'QUIC', 'YouTube', 'jsDelivr']"
montehight.com,Monte Hight,,USA,65,31720,2026-10-05T04:05:02.886835794Z,"['AJAX Libraries API', 'Alternate Protocol', 'Apache', 'Apture Linking Platform', 'Beaver Builder Lite', 'Bulma', 'CDN JS', 'Cloudflare', 'Cloudflare CDN', 'Debian', 'DuracellTomi Google Tag Manager for WordPress', 'EmbedPress', 'Font Awesome', 'GZIP Module', 'Google Analytics', 'Google Cloud DNS', 'Google Font API', 'Google Maps', 'Google My Business', 'Google Tag Manager', 'Homes.com CMS', 'Instagram Follow Button', 'LeadRouter', 'MoxiWorks', 'PHP', 'QUIC', 'Sitelinks Search Box', 'Thank You', 'Twitter Ads', 'UTF-8', 'WordPress', 'WordPress Multisite', 'jQuery', 'jsDelivr', 'reCAPTCHA']"
noahssolutions.com,Cyber Camp – IT Security,,GBR,70,8238,2026-10-05T04:05:02.883027318Z,"['Alternate Protocol', 'Bulma', 'Contact Form Plugin', 'Content Delivery Network', 'EmbedPress', 'Google Cloud DNS', 'Google Font API', 'Gravity', 'LiteSpeed', 'Negate', 'PHP', 'Perl', 'Redux Framework', 'Tailwind CSS', 'Theme In WP', 'UTF-8', 'WPBakery', 'Woo Themes', 'WooCommerce', 'WooCommerce Checkout', 'WordPress', 'WordPress Multisite', 'YouTube', 'jQuery']"
sistet.com,Sistet - Facturación Electrónica,,ECU,60,156,2026-10-05T04:05:02.882128494Z,"['Apache', 'Bulma', 'DAV', 'GZIP Module', 'IcoMoon', 'Tailwind CSS', 'jQuery']"
gerikaikarate.com,Gerikai Karate School of Martial Arts,,,50,159,2026-10-05T04:05:02.880149083Z,"['Bulma', 'Google Cloud DNS', 'Google Font API', 'Google My Business', 'IcoMoon', 'QUIC', 'Tailwind CSS', 'UTF-8', 'W3layouts']"
dhobiclub.com,"Dhobiclub - Premium Laundry and Dry Cleaning Service in Kolkata, Rajarhat, Sodepur",,IND,77,2440,2026-10-05T04:01:35.114884836Z,"['Adult Content', 'Bulma', 'CDN JS', 'Cloudflare', 'Cloudflare CDN', 'Google', 'Google Cloud DNS', 'Google Font API', 'Google My Business', 'Instagram Follow Button', 'LiteSpeed', 'Tailwind CSS', 'YouTube', 'jsDelivr']"
pebitech.com,Pebitech: Custom Software Development Company,Pebitech,USA,82,7517,2026-10-05T04:01:35.113566419Z,"['Alternate Protocol', 'Bulma', 'CDN JS', 'Cloudflare', 'Cloudflare CDN', 'Content Delivery Network', 'CoreUI', 'ElementUI', 'EmbedPress', 'Font Awesome', 'Google Analytics', 'Google Tag Manager', 'Gravity Forms', 'Instagram Follow Button', 'Jetpack', 'Line2', 'LiteSpeed', 'Microdata for Google Shopping', 'Netlify', 'PHP', 'Polylang', 'Python', 'QUIC', 'QUIC.cloud', 'Svelte', 'Tailwind CSS', 'UTF-8', 'Vector Internet Services', 'Vercel', 'WPForms', 'Woo Themes', 'WordPress', 'jsDelivr']"
cathid.com,Home - Cathi DeCiero,,,70,42520,2026-10-05T04:01:35.110381162Z,"['AJAX Libraries API', 'Alternate Protocol', 'Apache', 'Apture Linking Platform', 'Beaver Builder Lite', 'Bulma', 'DAV', 'DC74', 'Debian', 'DuracellTomi Google Tag Manager for WordPress', 'EmbedPress', 'Font Awesome', 'GZIP Module', 'Google', 'Google Analytics', 'Google Cloud DNS', 'Google Font API', 'Google Maps', 'Google My Business', 'Google Tag Manager', 'Instagram Follow Button', 'LeadRouter', 'MoxiWorks', 'PHP', 'Prospective', 'QUIC', 'Sitelinks Search Box', 'Thank You', 'UTF-8', 'WordPress', 'WordPress Multisite', 'eLand', 'jQuery', 'jsDelivr', 'reCAPTCHA']"
indiraedu.com,Indira Group Of Institutes (IGI) - Pune,,IND,77,30905,2026-10-05T04:01:35.09972918Z,"['AJAX Libraries API', 'AWS WAF Challenge', 'Apache', 'ArvanCloud', 'Bulma', 'CDN JS', 'Cloudflare', 'Cloudflare CDN', 'DAV', 'Elfsight', 'Express', 'Facebook Embedded Posts', 'Font Awesome', 'FormSubmit', 'Google', 'Google Analytics', 'Google Cloud DNS', 'Google Font API', 'Google Tag Manager', 'InitiativeS', 'Instagram Follow Button', 'NoPaperForms', 'Prospective', 'QUIC', 'Tailwind CSS', 'Twitter Ads', 'UTF-8', 'Underscores', 'University or College', 'Vello', 'WordPress', 'YouTube', 'jQuery', 'jsDelivr']"
fifty6south.com,Fifty6South | Home,,,62,15040,2026-10-05T04:01:35.08954525Z,"['AJAX Libraries API', 'AWS WAF Challenge', 'AddThis for Wordpress', 'Bulma', 'Express', 'Google Cloud DNS', 'Google Font API', 'PHP', 'UTF-8', 'University or College', 'jQuery']"
shilpkaar.co.in,Shilpkaar,,,57,3063,2026-10-05T03:55:15.792779027Z,"['Apache', 'Bulma', 'CDN JS', 'Cloudflare', 'Cloudflare CDN', 'GZIP Module', 'Google', 'Google Analytics', 'Google Cloud DNS', 'Google Font API', 'Google Tag Manager', 'Instagram Follow Button', 'PWA', 'QUIC', 'Vimeo', 'Wangsu', 'YouTube', 'jsDelivr']"
cryptoirstaxaudit.com,Cryptocurrency Accountants | Crypto Tax Report | CRA Audit,Tax Partners,CAN,77,17770,2026-10-05T03:50:54.489561093Z,"['Adult Content', 'Alternate Protocol', 'Bulma', 'CDN JS', 'Cloudflare', 'Cloudflare CDN', 'Cloudflare Web Analytics', 'DAV', 'Fireblade', 'Google', 'Google Analytics', 'Google Cloud DNS', 'Google Font API', 'Google Tag Manager', 'Instagram Follow Button', 'LiteSpeed', 'Microdata for Google Shopping', 'No-Q', 'PHP', 'Perl', 'QUIC', 'UTF-8', 'YouTube', 'jsDelivr']"
gyanmanjari.co.in,GYANMANJARI CAREER INSTITUTE,,IND,72,7669,2026-10-05T03:50:54.487224475Z,"['Amazon', 'Apache', 'Bulma', 'CDN JS', 'Cloudflare', 'Cloudflare CDN', 'Font Awesome', 'GZIP Module', 'Google', 'Google Cloud DNS', 'Google Font API', 'Google Maps', 'Google My Business', 'Instagram Follow Button', 'No-Q', 'StackPath', 'Tailwind CSS', 'UTF-8', 'University or College', 'YouTube', 'jsDelivr']"
bridgehouseabingdon.co.uk,"Abingdon Care Home, Care Homes In Abingdon",Bridge House Care Home,GBR,82,38452,2026-10-05T03:50:54.482388853Z,"['AJAX Libraries API', 'AWS WAF Challenge', 'Alternate Protocol', 'Amazon WAF Blocked', 'Apache', 'Apture Linking Platform', 'BJ Lazy Load for WordPress', 'Bulma', 'Contact Form Plugin', 'Custom Facebook Feed', 'DoubleClick Bid Manager', 'EmbedPress', 'Facebook CDN', 'GDPR Cookie Compliance', 'GZIP Module', 'Google Analytics', 'Google Cloud DNS', 'Google My Business', 'Google Related Website Sites', 'Google Tag Manager', 'IcoMoon', 'M247', 'Microdata for Google Shopping', 'Nationwide Mortgage Licensing System and Registry', 'PHP', 'Perl', 'Tailwind CSS', 'Twitter Ads', 'UTF-8', 'WordPress', 'WordPress Multisite', 'Zendesk Embeddables', 'Zendesk Guide', 'a3 Lazy Load', 'eLand']"
itrack.uk,iTrack UK,,,67,139,2026-10-05T03:46:12.287581536Z,"['Bulma', 'Express', 'Font Awesome', 'GZIP Module', 'Google Cloud DNS', 'Google Font API', 'Nginx', 'Tailwind CSS', 'UTF-8', 'Ubuntu']"
grelimited.com,GRE Ltd,,GBR,70,25616,2026-10-05T03:46:12.285829427Z,"['Alternate Protocol', 'Apache', 'Barracuda Web App Firewall', 'Bulma', 'CDN JS', 'Cloudflare', 'Cloudflare CDN', 'Contact Form Plugin', 'ElementUI', 'EmbedPress', 'Font Awesome', 'GZIP Module', 'IcoMoon', 'PHP', 'Tailwind CSS', 'Theme In WP', 'UTF-8', 'Wangsu', 'WordPress', 'WordPress Multisite']"
connections.tech,Connections Tech,Connections Tech,ROU,65,3832,2026-10-05T03:46:12.277361822Z,"['Alternate Protocol', 'Bulma', 'Contact Form Plugin', 'EmbedPress', 'FreeCSSTemplates', 'GZIP Module', 'Google Analytics', 'Google My Business', 'Google Tag Manager', 'Instagram Follow Button', 'Microdata for Google Shopping', 'Nginx', 'Oracle Cloud', 'PHP', 'Site Kit', 'Sitelinks Search Box', 'TablePress', 'Tailwind CSS', 'The SEO Framework', 'Theme In WP', 'UTF-8', 'WPML Multilingual', 'WordPress', 'WordPress Multisite', 'YouTube', 'jQuery', 'jsDelivr', 'reCAPTCHA']"
kidsangan.com,Kids Angan,,IND,70,30517,2026-10-05T03:46:12.271991823Z,"['Alternate Protocol', 'Bulma', 'Contact Form Plugin', 'EmbedPress', 'Express', 'IcoMoon', 'Instagram Follow Button', 'PHP', 'QUIC', 'Thank You', 'The Fresh', 'Theme In WP', 'Twitter Ads', 'UTF-8', 'WordPress', 'WordPress Multisite']"
shreegangagaushala.com,"Welcome to Shree Ganga Gaushala, Katras",,IND,70,439,2026-10-05T03:46:12.267603472Z,"['App Store', 'Bulma', 'Fancybox for WordPress', 'Font Awesome', 'Google Cloud DNS', 'Google Font API', 'Google My Business', 'Google Play', 'Instagram Follow Button', 'Nginx', 'PHP', 'Parallels Plesk Panel', 'Tailwind CSS', 'UTF-8', 'YouTube', 'jQuery', 'jsDelivr']"
omankind.org,الرئيسية | يا أيها الناس,,,55,603,2026-10-05T03:46:12.266063192Z,"['AJAX Libraries API', 'Bulma', 'CDN JS', 'Cloudflare', 'Cloudflare CDN', 'Fastly CDN', 'GZIP Module', 'Google Analytics', 'Google Cloud DNS', 'Google Related Website Sites', 'Google Tag Manager', 'Instagram Follow Button', 'Nginx', 'Tailwind CSS', 'Twitter Ads', 'UTF-8', 'YouTube', 'jQuery', 'jsDelivr']"
matpro-eng.com,MATPRO,,PAK,82,15248,2026-10-05T03:39:19.824926175Z,"['AJAX Libraries API', 'Bulma', 'Easy Pie Chart', 'Fireblade', 'Flat Icon', 'Freepik', 'Google Cloud DNS', 'License Buttons', 'Tailwind CSS', 'jQuery']"
aldanubeoman.com,"Al Danube Trading & Technical Services LLC, Muscat, Oman",,OMN,77,139,2026-10-05T03:35:43.365196831Z,"['Bulma', 'Font Awesome', 'GZIP Module', 'Google Cloud DNS', 'Google Maps', 'Google My Business', 'Nginx', 'PHP', 'QUIC', 'Tailwind CSS', 'UTF-8', 'WhatsApp Sharing', 'jQuery']"
webtelglobal.com,webtel global,,IND,72,10340,2026-10-05T03:35:43.346517826Z,"['Bulma', 'Express', 'GZIP Module', 'Google Analytics', 'Google Calendar', 'Google My Business', 'Google Tag Manager', 'InitiativeS', 'Instagram Follow Button', 'Microsoft Azure', 'Microsoft IIS', 'Oracle Cloud', 'Tailwind CSS', 'Twitter Ads', 'UTF-8', 'Vector Internet Services', 'Visual Studio']"
b3-analytics.com,Digital Marketing by B3 Analytics,,USA,77,18971,2026-10-05T03:28:51.076138862Z,"['AWS WAF Challenge', 'Alternate Protocol', 'Better Lead Generation Services', 'Bulma', 'Cloudflare', 'Cloudflare CDN', 'Constant Contact Wordpress Forms', 'Content Delivery Network', 'EmbedPress', 'Facebook Conversion Tracking', 'Facebook Login', 'Facebook Messenger Platform', 'Facebook Pixel', 'Facebook Reseller', 'Facebook Tag API', 'FormSubmit', 'GZIP Module', 'Google', 'Google Cloud DNS', 'Google Font API', 'Google My Business', 'IcoMoon', 'Instagram Follow Button', 'Jetpack', 'Microdata for Google Shopping', 'Nginx', 'PHP', 'QUIC', 'Tailwind CSS', 'Theme In WP', 'UTF-8', 'Uncode', 'WPBakery', 'WordPress', 'WordPress Multisite', 'WordPress Stats', 'YouTube', 'jQuery']"
tilakbaag.com,Wedding Hall | Banquet Hall in Hazaribagh |Tilak Baag,,,47,3,2026-10-05T03:28:51.072888056Z,"['Apache', 'Bulma', 'GZIP Module', 'Google Cloud DNS', 'Google Font API', 'Google Related Website Sites', 'PHP', 'UTF-8', 'YouTube']"
sb-gymclub.pl,SB Gym Club - Studio Treningu Personalnego w Gdyni,,POL,62,300,2026-10-05T03:28:51.06224894Z,"['Bulma', 'Facebook Customer Chat SDK', 'Facebook Login', 'Facebook Reseller', 'Nginx', 'Parallels Plesk Panel']"
truecarefamilydentalplace.com,Home - True Care Family Dental Place - The family's choice for dental care -,True Care Family Dental Place - The Family's Choice for Dental Care,USA,82,30129,2026-10-05T03:23:17.941812092Z,"['AWS WAF Challenge', 'Alternate Protocol', 'BLR', 'Bulma', 'Cloudflare', 'Cloudflare CDN', 'Content Delivery Network', 'EmbedPress', 'FormSubmit', 'GitHub Hosting', 'Google', 'Google Analytics', 'Google Cloud DNS', 'Google Font API', 'Google My Business', 'Google Tag Manager', 'Hestia', 'IcoMoon', 'Instagram Follow Button', 'LiteSpeed', 'Microdata for Google Shopping', 'MonsterInsights', 'Ninja Forms', 'PHP', 'Theme In WP', 'Tumblr', 'Twitter Ads', 'UTF-8', 'WPForms', 'Woo Themes', 'WooCommerce Checkout', 'WordPress', 'WordPress Multisite', 'Yelp Badge', 'YouTube', 'jQuery', 'reCAPTCHA']"
dianneramponi.com,Interior Design | Dianne Ramponi Interiors (46),Dianne Ramponi Interiors,,77,1935,2026-10-05T03:23:17.925903923Z,"['Alternate Protocol', 'Apture Linking Platform', 'Bulma', 'Cloudflare', 'Contact Form Plugin', 'Content Delivery Network', 'ElementUI', 'EmbedPress', 'Font Awesome', 'Google My Business', 'IcoMoon', 'Investor Relations', 'Microdata for Google Shopping', 'PHP', 'UTF-8', 'WP Rocket', 'WordPress', 'WordPress Multisite', 'reCAPTCHA']"
robandvicct.com,Homepage - Robert Clarke,,USA,75,52579,2026-10-05T03:23:17.922368809Z,"['AJAX Libraries API', 'AWS WAF Challenge', 'Alternate Protocol', 'Apache', 'Apture Linking Platform', 'Beaver Builder Lite', 'Bulma', 'Cornerstone', 'Debian', 'DuracellTomi Google Tag Manager for WordPress', 'EmbedPress', 'Font Awesome', 'GZIP Module', 'Google', 'Google Analytics', 'Google Cloud DNS', 'Google Font API', 'Google Maps', 'Google My Business', 'Google Tag Manager', 'Instagram Follow Button', 'Investor Relations', 'LeadRouter', 'MoxiWorks', 'PHP', 'Prospective', 'QUIC', 'Sitelinks Search Box', 'Tailwind CSS', 'Thank You', 'UTF-8', 'University or College', 'WordPress', 'WordPress Multisite', 'YouTube', 'jQuery', 'jsDelivr', 'reCAPTCHA']"
youngsproperty.co.uk,Youngs Property Management - Buckinghamshire's Premier Letting Agent,,GBR,77,19148,2026-10-05T03:18:36.036001266Z,"['Bulma', 'Fireblade', 'Google Cloud DNS', 'Google Font API', 'HostGator', 'IcoMoon', 'Microsoft Azure', 'Microsoft IIS', 'Parallels Plesk Panel', 'Tailwind CSS', 'UTF-8', 'Visual Studio', 'jQuery']"
reimaginegroup.com.au,Reimagine the Customer Experience of the Future,Reimagine Group,,62,3037,2026-10-05T03:18:36.011741963Z,"['Alternate Protocol', 'Bulma', 'Content Delivery Network', 'EmbedPress', 'Google', 'Google Cloud CDN', 'Google Cloud DNS', 'Google Font API', 'IcoMoon', 'Instagram Follow Button', 'Microdata for Google Shopping', 'Nginx', 'SiteGround Optimizer', 'UTF-8', 'Uncode', 'WPBakery', 'WordPress', 'WordPress Multisite', 'eLand', 'jQuery']"
javafasttrack.com,"Java Training in Bangalore, DevOps ,AWS, Python ,Online -JFT",,IND,72,17689,2026-10-05T03:13:22.617579956Z,"['Bulma', 'Cloudflare', 'Cloudflare CDN', 'Cloudflare Web Analytics', 'Fireblade', 'Formspree', 'Google Analytics', 'Google Cloud DNS', 'Google Font API', 'Google Tag Manager', 'Java EE', 'Oracle Cloud', 'Python', 'QUIC', 'Tailwind CSS', 'Twitter Ads', 'University or College', 'YouTube']"
envivalights.com,Enviva The Lights Shoppe - Lights for Every Mood,,IND,72,707,2026-10-05T03:13:22.607489425Z,"['AJAX Libraries API', 'Bulma', 'Cloudflare', 'Font Awesome', 'Google Cloud DNS', 'Google My Business', 'IcoMoon', 'Instagram Follow Button', 'LiteSpeed', 'QUIC', 'UPS', 'UTF-8', 'YouTube', 'jQuery']"
provvs.vek.dk,ProVVS.dk Shop,,,35,63,2026-10-05T03:10:54.484016343Z,"['Bulma', 'Content Delivery Network', 'Express', 'FreePrivacyPolicy.com', 'GZIP Module', 'Google', 'Google Analytics', 'Google Cloud DNS', 'Google Font API', 'Google Related Website Sites', 'Google Tag Manager', 'OpenResty', 'Privacy Policy Generator', 'UTF-8']"
shreesaijalaramagarbatti.com,"Shree Sai Jalaram Agarbatti – Buy Agarbatti, Dhoop & Puja Items Online – Shree Sai Jalaram Agarbatti | Manufacturing",,IND,72,24915,2026-10-05T03:10:54.478434635Z,"['Amazon WAF Blocked', 'Apture Linking Platform', 'Baidu Cloud', 'Bulma', 'CDN JS', 'Cloudflare', 'Cloudflare CDN', 'Font Awesome', 'Google', 'Google Analytics', 'Google Cloud DNS', 'Google Font API', 'Google My Business', 'Google Related Website Sites', 'Google Tag Manager', 'IcoMoon', 'Instagram Follow Button', 'Line2', 'Onyx Internet', 'Perl', 'Shopify', 'Shopify Collabs', 'Subversion', 'UTF-8', 'Weglot', 'Yandex Hosting', 'hCaptcha', 'jQuery', 'reCAPTCHA']"
gdnportal.nl,Login pagina - GDN Portal,,,35,342,2026-10-05T03:10:54.473274492Z,"['AJAX Libraries API', 'Apache', 'Bulma', 'CDN JS', 'Cloudflare', 'Cloudflare CDN', 'Financial Services Guide', 'Font Awesome', 'GZIP Module', 'Google Cloud DNS', 'Google Font API', 'PHP', 'StackPath', 'UTF-8', 'jQuery']"
gsrhospitality.com,GSR HOSPITALITY SERVICES,,IND,55,,2026-10-05T03:10:54.471143782Z,"['Apache', 'Bulma', 'GZIP Module', 'Google Analytics', 'Google Related Website Sites', 'jQuery']"
harvestpointsoftware.com,Harvest Point - Harvest Operations Software for Growers & Packers,Harvest Point Software,USA,82,4899,2026-10-05T03:10:54.463330272Z,"['Alternate Protocol', 'Angular', 'Apture Linking Platform', 'Bulma', 'Content Delivery Network', 'DAV', 'Fastly', 'Font Awesome', 'Google', 'Google Cloud CDN', 'Material Design Icons', 'Microdata for Google Shopping', 'Perl', 'QUIC', 'Tailwind CSS', 'UTF-8', 'jsDelivr']"
snuut.ee,Snuut Box - Sinu koera uus lemmik!,,FIN,77,3291,2026-10-05T03:06:26.474247272Z,"['Advanced Woo Search', 'Alternate Protocol', 'Apache', 'Bulma', 'Cookie Accept', 'Cookie Notice', 'DAV', 'DuracellTomi Google Tag Manager for WordPress', 'EmbedPress', 'Facebook Conversion Tracking', 'Facebook Login', 'Facebook Messenger Platform', 'Facebook Pixel', 'Facebook Reseller', 'Facebook Tag API', 'GZIP Module', 'Google', 'Google Analytics', 'Google Cloud DNS', 'Google Font API', 'Google My Business', 'Google Tag Manager', 'Instagram Feed for WordPress', 'Instagram Follow Button', 'King Composer', 'Microdata for Google Shopping', 'PHP', 'Popup Maker for Wordpress', 'Redux Framework', 'Theme In WP', 'UTF-8', 'WP Super Cache', 'WPForms', 'Woo Themes', 'WooCommerce', 'WooCommerce Checkout', 'WordPress', 'WordPress Multisite', 'jQuery']"
nareadi.co.za,Nareadi Engineering,,,57,7743,2026-10-05T03:06:26.469586621Z,"['Apache', 'Better Lead Generation Services', 'Bulma', 'CDN JS', 'Cloudflare', 'Cloudflare CDN', 'Fireblade', 'GZIP Module', 'Google Cloud DNS', 'Google Font API', 'QUIC', 'StackPath', 'htmlcodex.com']"
alfsons.com,Home - Ta’Fonzu,Ta’Fonzu,CAN,65,8697,2026-10-05T03:06:26.466660913Z,"['Alternate Protocol', 'Amazon', 'Bulma', 'CDN JS', 'Cloudflare', 'Cloudflare CDN', 'Complianz', 'Content Delivery Network', 'DuracellTomi Google Tag Manager for WordPress', 'EmbedPress', 'Express', 'Font Awesome', 'Google', 'Google Analytics', 'Google Cloud CDN', 'Google Cloud DNS', 'Google Font API', 'Google Tag Manager', 'IcoMoon', 'Instagram Follow Button', 'Kinsta', 'Max Mega Menu', 'Max Mega Menu Pro', 'Microdata for Google Shopping', 'PHP', 'QUIC', 'Slider Revolution', 'Theme In WP', 'UTF-8', 'Visual Composer', 'Woo Themes', 'WooCommerce', 'WooCommerce Checkout', 'WordPress', 'WordPress Multisite', 'jQuery', 'reCAPTCHA']"
mindovermatterrecords.com,Mind Over Matter Records,,USA,77,32272,2026-10-05T03:06:26.460881126Z,"['Adult Content', 'Apache', 'BLR', 'Band Camp', 'Big Cartel', 'Bulma', 'Camp', 'GZIP Module', 'Google Analytics', 'Google Cloud DNS', 'Google Font API', 'Google Related Website Sites', 'Google Tag Manager', 'Instagram Follow Button', 'KVH', 'Linktree', 'QUIC', 'Tailwind CSS', 'Tumblr', 'Twitter Ads', 'UTF-8', 'YouTube']"
dogosday.co.uk,Dunstable dog grooming salon,,,67,139,2026-10-05T03:06:26.460666713Z,"['Bulma', 'Font Awesome', 'Google Analytics', 'Google Cloud DNS', 'Google Font API', 'Google My Business', 'Google Tag Manager', 'Instagram Follow Button', 'PrivacyPolicies', 'Tailwind CSS', 'jsDelivr']"
centralohioelite.com,Homepage - Central Ohio Elite,Central Ohio Elite,ZAF,55,1042,2026-10-05T03:06:26.44915401Z,"['AWS WAF Challenge', 'Alternate Protocol', 'Bulma', 'CDN JS', 'Cloudflare', 'Cloudflare CDN', 'Content Delivery Network', 'Elementor', 'EmbedPress', 'Facebook Embedded Posts', 'Font Awesome', 'Google Analytics', 'Google Cloud DNS', 'Google Font API', 'Google Maps', 'Google My Business', 'Google Tag Manager', 'Microdata for Google Shopping', 'NFOrce Internet', 'Nginx', 'PHP', 'SiteGround Optimizer', 'StackPath', 'Tailwind CSS', 'UTF-8', 'WordPress', 'WordPress Multisite', 'jQuery', 'jsDelivr']"
fre-eepwu.com,Elevate Your Delivery Game - A.I.Q,,,60,5166,2026-10-05T03:06:26.447282051Z,"['Alpine IQ', 'Amazon', 'Bulma', 'CDN JS', 'Cloudflare', 'Cloudflare CDN', 'Font Awesome', 'GZIP Module', 'Google', 'Google Analytics', 'Google Cloud CDN', 'Google Cloud DNS', 'Google My Business', 'Google Tag Manager', 'Hubspot', 'IcoMoon', 'Intercom', 'Ntent', 'Storyblocks', 'Tailwind CSS', 'UTF-8', 'Vimeo', 'YouTube', 'Zendesk Embeddables', 'jQuery', 'jsDelivr', 'reCAPTCHA']"
superspecs.co.za,"optometrist eyecare vision seeing looking contactlense optometry frames sig | , Pretoria Gauteng /Tshwane | Superspecs/De Jager Optometrists",,,62,18937,2026-10-05T03:01:10.228618649Z,"['Apache', 'ArvanCloud', 'Bulma', 'CDN JS', 'Cloudflare', 'Cloudflare CDN', 'Content Delivery Network', 'Express', 'Facebook Login', 'Facebook Messenger Platform', 'Facebook Reseller', 'Fireblade', 'Font Awesome', 'GZIP Module', 'Google Analytics', 'Google My Business', 'Google Tag Manager', 'IcoMoon', 'Lightwidget', 'NFOrce Internet', 'QUIC', 'UTF-8', 'Ubuntu', 'jsDelivr', 'reCAPTCHA']"
hils.ca,Hébert Individualized Learning Services,,CAN,60,359,2026-10-05T03:01:10.222909088Z,"['AWS WAF Challenge', 'Alternate Protocol', 'Bulma', 'Content Delivery Network', 'EmbedPress', 'Google Cloud DNS', 'Google Font API', 'IcoMoon', 'LiteSpeed', 'Llorix One Lite', 'Microdata for Google Shopping', 'PHP', 'Schema Plugin', 'Theme In WP', 'UTF-8', 'Weglot', 'WordPress', 'WordPress Multisite', 'YouTube', 'jQuery']"
midu60.my.id,MIS DAARUL ULUM,,,52,600,2026-10-05T03:01:10.21759282Z,"['Alternate Protocol', 'Bulma', 'Fastly', 'Instagram Follow Button', 'PHP', 'Tailwind CSS', 'UTF-8', 'YouTube']"
arclightfe.com,Arclight Fuel Enterprises,,,45,3,2026-10-05T02:56:41.123861902Z,"['Apache', 'Bulma', 'CDN JS', 'Cloudflare', 'Cloudflare CDN', 'GZIP Module', 'Google Cloud DNS', 'Google Font API']"
cale-dev.de,Online calendar for teams and groups - Calendar.online,,DEU,72,18600,2026-10-05T02:56:41.118018441Z,"['Alternate Protocol', 'Amazon WAF Blocked', 'App Store', 'Bulma', 'Fancybox for WordPress', 'Fireblade', 'GZIP Module', 'Google Calendar', 'Google My Business', 'Google Play', 'Microsoft 365', 'Nginx', 'Tailwind CSS', 'UTF-8']"
smecontainer.com,SM Enterprises,,IND,57,3,2026-10-05T02:56:41.113329056Z,"['Better Lead Generation Services', 'Bulma', 'Google Cloud DNS', 'Google Font API', 'PHP', 'QUIC', 'Tailwind CSS', 'UTF-8']"
borivlimalayalisamajam.org,Home Page - The Borivali Malayali Samajam,,IND,77,139,2026-10-05T02:52:46.99118244Z,"['Apache', 'Bulma', 'CDN JS', 'Cloudflare', 'Cloudflare CDN', 'Font Awesome', 'GZIP Module', 'Google Cloud DNS', 'Google Font API', 'Google Maps', 'Google My Business', 'Instagram Follow Button', 'Microsoft Ajax Content Delivery Network', 'QUIC', 'Tailwind CSS', 'UTF-8', 'University or College', 'YouTube', 'jsDelivr']"
vfw3438.org,VFW Hammond Memorial Post 3438,,USA,72,5848,2026-10-05T02:52:46.985813733Z,"['Bulma', 'Gambling Content', 'Google Cloud DNS', 'Google Font API', 'Google Maps', 'Google My Business', 'IcoMoon', 'MaxCDN', 'Microsoft Azure', 'Microsoft IIS', 'QUIC', 'Tailwind CSS', 'Visual Studio', 'eLand', 'jQuery']"
gmsolution.it,GM Solution - Kit Analisi Acque,,ITA,62,,2026-10-05T02:52:46.972852098Z,"['Bulma', 'GZIP Module', 'Google Analytics', 'Google Tag Manager', 'OpenResty', 'Tailwind CSS', 'jsDelivr']"
