domain,title,business_name,country,seo_score,tech_spend,crawled_at,technologies
aqueriainternational.com,Expert Lottery Consultants – Strategy and Innovation | Aqueria,Aqueria International - Gaming and Lottery Business Development Services,AUS,87,45188,2026-09-06T13:12:32.108594621Z,"['AWS WAF Challenge', 'Alternate Protocol', 'CDN JS', 'Cloudflare', 'Cloudflare CDN', 'Contact Form Plugin', 'Content Delivery Network', 'Corporate Governance and Regulatory Compliance', 'Drift', 'EmbedPress', 'GZIP Module', 'Gambling Content', 'Google Analytics', 'Google Cloud DNS', 'Google Font API', 'Microdata for Google Shopping', 'Nginx', 'PHP', 'Slider Revolution', 'Subversion', 'Tailwind CSS', 'The7', 'Theme In WP', 'UTF-8', 'WP Fastest Cache', 'WPBakery', 'WordPress', 'WordPress Multisite', 'YouTube']"
factinsurancetexas.com,Lewis & Partners Insurance Firm • Independent Austin Insurance Agents Covering TX,,USA,72,180500,2026-09-06T10:15:21.74927073Z,"['AWS WAF Challenge', 'Cedexis', 'Cloudflare', 'Cloudflare CDN', 'DemDex', 'Disqus Comment System for WordPress', 'Drift', 'Facebook CDN', 'Fireblade', 'GZIP Module', 'GitHub Hosting', 'Google', 'Google Analytics', 'Google Customer Reviews', 'Google Maps', 'Google My Business', 'Google Related Website Sites', 'Google Tag Manager', 'Google Workspace', 'Instagram Follow Button', 'PageCloud', 'ProfitWell', 'QUIC', 'Subversion', 'Tawk', 'Thank You', 'Twitter Ads', 'UTF-8', 'Unsplash', 'Vector Internet Services', 'Vimeo', 'reCAPTCHA']"
blrd.ca,Canada's Opposition Research Experts - BLRD Strategies,,USA,82,49427,2026-09-06T09:44:02.667437415Z,"['AWS WAF Challenge', 'Alternate Protocol', 'Cloudflare', 'Content Delivery Network', 'Drift', 'EmbedPress', 'FreeCSSTemplates', 'Google', 'Google Analytics', 'Google Cloud DNS', 'Google Font API', 'Google Maps', 'Google My Business', 'Google Tag Manager', 'IcoMoon', 'Microdata for Google Shopping', 'MonsterInsights', 'PHP', 'Redux Framework', 'TablePress', 'Theme In WP', 'Twitter Ads', 'UTF-8', 'WP Engine', 'WPBakery', 'WordPress', 'WordPress Multisite', 'jQuery']"
3215bordeaux.com,"3215 Bordeaux Drive, El Dorado Hills, CA 95762",Menser Real Estate Group,FRA,77,105973,2026-09-06T07:46:19.942758368Z,"['Aruba', 'CDN JS', 'Cloudflare', 'Cloudflare CDN', 'Drift', 'Express', 'Facebook Login', 'Facebook Messenger Platform', 'Facebook Pixel', 'Facebook Reseller', 'Facebook Tag API', 'GZIP Module', 'Google Analytics', 'Google Tag Manager', 'Instagram Follow Button', 'Line2', 'Magento Enterprise', 'Microdata for Google Shopping', 'Neighborhoods', 'QUIC', 'SiteW', 'Squarespace', 'TermsFeed', 'UTF-8', 'WordPress SEO Structured Data Schema Plugin', 'YouTube', 'eLand']"
orbitantenna.com,"Satellite, Cellular, Terrestrial, Co-Location, Voice & Television services | Hilios LLC",,USA,77,35567,2026-09-06T07:32:10.868131727Z,"['Cisco/Arrowpoint Content Service Switch', 'Column Shortcodes', 'Drift', 'Font Awesome', 'Google Analytics', 'IcoMoon', 'Instagram Follow Button', 'PHP', 'PWA', 'Tailwind CSS', 'Twitter Ads', 'UTF-8', 'jQuery']"
financialcontributors.com,Financial Contribution,Workbar,USA,87,31777,2026-09-06T02:15:53.821490263Z,"['Adobe Creative Cloud WebFonts', 'Aruba', 'DAV', 'Drift', 'Express', 'FormSubmit', 'GZIP Module', 'Google Analytics', 'Google Maps', 'Google My Business', 'Google Tag Manager', 'IcoMoon', 'Instagram Follow Button', 'Line2', 'Microdata for Google Shopping', 'QUIC', 'Squarespace', 'UTF-8', 'WordPress SEO Structured Data Schema Plugin', 'eLand']"
sampsonbaileysolicitors.co.uk,Criminal Defence Law Firm | Sampson Bailey Solicitors | London - SampsonBaileySolicitors SampsonBaileySolicitors -,Sampson Bailey Solicitors,GBR,77,1856672,2026-09-06T01:07:07.574744198Z,"['33 Across Direct', 'AB Tasty', 'ADFOX', 'AWS WAF Challenge', 'Active Campaign', 'AdRoll', 'AddThis for Wordpress', 'Adform Direct', 'Adobe Analytics', 'Adobe Marketing Cloud', 'Adpushup', 'Aimtell', 'Akamai Global Host', 'Alibaba Cloud CDN', 'Alternate Protocol', 'Amazon Associates Affiliate Shop', 'Amazon CloudFront', 'Amped', 'Amplitude', 'Analytify', 'AnyChat', 'AppNexus Direct', 'Automattic', 'BLR', 'Baidu Ads', 'Baidu Analytics', 'Baidu Cloud', 'Band Camp', 'Bazaarvoice', 'Bazaarvoice Curations', 'BidSwitch Direct', 'Bing Cashback', 'Bing Conversion Tracking', 'Birdeye', 'Brevo', 'Brightcove', 'BunnyCDN Header', 'ByteDance', 'Calendly', 'Camp', 'Chartbeat', 'Chatra', 'Clicky', 'CloudFront', 'Cloudflare', 'Cloudflare CDN', 'Cloudflare Stream', 'Cloudflare Web Analytics', 'Cognito Forms', 'Connatix Reseller', 'Constant Contact', 'Content Delivery Network', 'Content Square', 'Convert', 'ConvertKit', 'Cookie First', 'CookieYes', 'Countly', 'CrazyEgg', 'Crisp', 'Criteo', 'Criteo Reseller', 'Crowdsignal', 'Customer.io', 'Cybot', 'DailyMotion Video', 'Dailymotion Reseller', 'Decibel Insight', 'DemDex', 'Didomi', 'Disqus Comment System for WordPress', 'DoubleClick Bid Manager', 'Drift', 'Drip', 'Dynamic Yield', 'Eber', 'Eloqua', 'EmbedPress', 'Engage', 'Ensighten', 'Enzuzo', 'ExactTarget', 'Ezoic Direct', 'Ezoic Publisher', 'Facebook Embedded Posts', 'Facebook Pixel', 'Facebook Reseller', 'Feefo', 'Fireblade', 'Fomo', 'Font Awesome', 'Fonts.com', 'Formstack', 'Freshdesk Support', 'Freshpaint', 'Freshworks Bot', 'FullStory', 'GetGist', 'GetResponse', 'GetSiteControl', 'Giphy', 'GoatCounter', 'Google', 'Google Adsense', 'Google Analytics', 'Google Calendar', 'Google Cloud CDN', 'Google Cloud DNS', 'Google Flights Conversion Tracking', 'Google Font API', 'Google Funding Choices', 'Google Maps', 'Google Matched Content', 'Google My Business', 'Google Related Website Sites', 'Google Reseller', 'Google Tag Manager', 'Gorgias', 'GumGum', 'GumGum Direct', 'Heap', 'Hello Bar', 'Help Scout', 'HelpCrunch', 'Hotjar', 'HubSpot Conversations', 'Hubspot', 'ID Services', 'Infolinks', 'Inspectlet', 'Instagram Follow Button', 'Intercom', 'IponWeb BidSwitch', 'Iterable', 'Iubenda', 'JW Player Platform', 'Jetpack', 'JivoSite', 'JotForm', 'Kakao', 'Kaltura', 'Kameleoon', 'Kampyle Analytics', 'Klaviyo', 'Leadfeeder', 'Lijit Reseller', 'LinkedIn Insights', 'LiteSpeed', 'LiveChat', 'LiveChat Monitoring', 'LiveRamp', 'MGID', 'MGID Reseller', 'MailChimp', 'MailerLite', 'Mailjet Widget', 'Marketo', 'Matomo', 'Mautic', 'Media.net', 'Media.net Reseller', 'Mediavine Publisher', 'Microdata for Google Shopping', 'Microsoft Azure Blob Storage', 'Microsoft Clarity', 'Mixpanel', 'Monetate', 'Monster', 'Monumetric Publisher', 'Mouseflow', 'New Relic', 'Ntent', 'Nudgify', 'OSS CDN', 'Okendo', 'Olark', 'OmniConvert', 'Omnisend', 'OneTrust Domain Verification', 'Ontraport', 'OpenX Direct', 'Optimizely Recommendations', 'OptinMonster', 'Outbrain Direct', 'PHP', 'Paperform', 'Pardot', 'Parse.ly', 'PayPal', 'PayPal Adaptive Payments', 'Pendo', 'Personyze', 'Pinterest Conversion Tracking', 'Pirsch', 'Piwik PRO', 'Plausible Analytics', 'Podium', 'PollDaddy', 'PubMatic Direct', 'Pubmatic', 'PushAlert', 'PushEngage', 'QUIC', 'Qualtrics Site Intercept', 'Quantcast Direct', 'Quantum Metric', 'RM Education', 'RTB House Direct', 'Reamaze', 'Revcontent Reseller', 'ReviewsOnMyWebsite', 'Rumble Player', 'ScarabResearch', 'Seflow Italy', 'Segment', 'Segment Consent Manager', 'SendPulse', 'Sentry', 'ShareThis', 'Shopper Approved', 'Simple Analytics', 'Site Kit', 'SiteW', 'SiteWit', 'SmartAdServer Direct', 'SmartSupp', 'SnapEngage', 'Sourcepoint', 'SproutVideo', 'Stamped', 'StatCounter', 'Streamable', 'Sumo', 'Swell Rewards', 'Taboola Direct', 'Taboola Reseller', 'Tally', 'Tealium', 'Telegram', 'The Trade Desk Direct', 'Thrive Direct', 'TikTok Conversion Tracking Pixel', 'Triple Lift Direct', 'TrustPulse', 'Tumblr', 'Twitch', 'Twitter Ads', 'Twitter Analytics', 'Typeform', 'UK Cookie Consent', 'UTF-8', 'Vercel', 'Vimeo', 'Vimeo CDN', 'Vine Embed', 'Visual Website Optimizer', 'WPBakery', 'Webpushr', 'Wistia', 'Woo Themes', 'Woopra', 'WordPress', 'WordPress Multisite', 'Wufoo', 'Yahoo Image CDN', 'Yahoo Web Analytics', 'Yandex Hosting', 'Yieldmo Direct', 'Yotpo', 'YouTube', 'Zendesk Embeddables', 'Zoho SalesIQ', 'arsys.es', 'comScore', 'eKomi', 'iZooto', 'jQuery', 'jsDelivr', 'mParticle', 'reCAPTCHA']"
tmro.com,Everything you need to plan your estate - trust and will | Ethos Life,,VEN,72,494350,2026-09-05T17:30:15.050962816Z,"['AWS WAF Challenge', 'AdRoll', 'Adobe Marketing Cloud', 'Advertising.com', 'AirPR', 'Alternate Protocol', 'Amazon', 'Amazon CloudFront', 'Amazon Route 53', 'Amazon S3 CDN', 'AppNexus Direct', 'Bing Cashback', 'Bing Conversion Tracking', 'Bizo', 'BlueKai', 'ByteDance', 'Cisco/Arrowpoint Content Service Switch', 'CloudFront', 'Cloudflare', 'Cloudflare Web Analytics', 'Cloudinary', 'Content Delivery Network', 'Criteo', 'Customer.io', 'Datadog', 'DemDex', 'DoubleClick Bid Manager', 'Drift', 'ElementUI', 'Facebook Reseller', 'Fireblade', 'GZIP Module', 'Google', 'Google Analytics', 'Google Cloud DNS', 'Google Customer Reviews', 'Google My Business', 'Google Tag Manager', 'Greenhouse', 'HackerOne', 'Instagram Follow Button', 'Intercom', 'IponWeb BidSwitch', 'LaunchDarkly', 'LeadsRX', 'Netlify', 'Next.js', 'Ntent', 'OpenX Direct', 'Optimizely Recommendations', 'Outbrain Direct', 'Perl', 'Pubmatic', 'QUIC', 'Segment', 'Storyblocks', 'Stripe', 'Taboola Direct', 'Taboola Reseller', 'Tailwind CSS', 'Triple Lift Direct', 'Twitter Ads', 'UTF-8', 'Vimeo', 'YouTube', 'cstate', 'shadcn ui']"
carewithlove.com,Best Home Health Care in Northern VA | Care with Love,Care with LOVE,USA,92,75978,2026-09-05T09:33:40.964893225Z,"['AWS WAF Challenge', 'Alternate Protocol', 'Beaver Builder Lite', 'CallRail', 'Cloudflare', 'Content Delivery Network', 'Contento', 'Digital Ocean Spaces', 'Drift', 'EmbedPress', 'Google', 'Google Analytics', 'Google Cloud DNS', 'Google Conversion Tracking', 'Google Font API', 'Google My Business', 'Google Related Website Sites', 'Google Tag Manager', 'Gravity', 'Gravity Forms', 'Instagram Follow Button', 'Microdata for Google Shopping', 'MonsterInsights', 'PHP', 'QUIC', 'Schema Plugin', 'Termageddon', 'Theme In WP', 'UTF-8', 'Usercentrics', 'WordPress', 'WordPress Multisite', 'jQuery']"
omnycode.com,Full-service Ecommerce Agency | Shopify & BigCommerce,Omnycode,USA,82,43886,2026-09-05T05:35:19.832442199Z,"['Adult Content', 'Alternate Protocol', 'Clutch', 'Content Delivery Network', 'Drift', 'Elementor', 'EmbedPress', 'Google Analytics', 'Google My Business', 'Google Tag Manager', 'Instagram Follow Button', 'LiteSpeed', 'Microdata for Google Shopping', 'PHP', 'Pico CSS', 'QUIC', 'Shopify', 'Sitelinks Search Box', 'UTF-8', 'WordPress', 'WordPress Multisite', 'accessiBe', 'jQuery', 'reCAPTCHA']"
equinix.dp.sg,Design Prodigy | B2B and B2C Marketing Agency Singapore,Design Prodigy,SGP,67,106163,2026-09-05T03:50:47.079637404Z,"['AWS WAF Challenge', 'Alternate Protocol', 'Beaver Builder Lite', 'Better Lead Generation Services', 'ByteDance', 'Citrix', 'Content Delivery Network', 'Drift', 'EmbedPress', 'GZIP Module', 'Google Analytics', 'Google Cloud DNS', 'Google Font API', 'Google Related Website Sites', 'Google Tag Manager', 'Marketo', 'Microdata for Google Shopping', 'Nginx', 'PHP', 'Page-list for WordPress', 'Perl', 'Rate my Post', 'StudioPress', 'Theme In WP', 'TikTok Conversion Tracking Pixel', 'UTF-8', 'Vector Internet Services', 'WP Responsive Menu', 'WordPress', 'WordPress Multisite', 'jQuery']"
baystateallstarcheerleading.net,Bay State All Star Cheerleading - Bay State All Star Cheerleading,Bay State All Star Cheerleading,,77,52683,2026-09-05T03:50:47.077049878Z,"['Alternate Protocol', 'Apture Linking Platform', 'Cloudflare', 'Content Delivery Network', 'Drift', 'EmbedPress', 'Facebook Customer Chat SDK', 'Facebook Login', 'Facebook Messenger Platform', 'Facebook Reseller', 'Fireblade', 'Font Awesome', 'Google', 'Google Analytics', 'Google Cloud CDN', 'Google Cloud DNS', 'Google Font API', 'Google My Business', 'Google Tag Manager', 'Gravity', 'Gravity Forms', 'IcoMoon', 'Instagram Follow Button', 'Microdata for Google Shopping', 'PHP', 'QUIC', 'Site Kit', 'Slider Revolution', 'The Events Calendar', 'Theme In WP', 'UTF-8', 'UserWay', 'Vimeo', 'WP Engine', 'WPBakery', 'Woo Themes', 'WordPress', 'WordPress Multisite', 'WordPress Related Posts', 'YouTube', 'jQuery', 'uPress', 'vzaar']"
tiagopx.com,Tiago Peixoto – WordPress Designer and Developer,,BRA,65,1842090,2026-09-04T07:23:13.664428855Z,"['33 Across Direct', 'AB Tasty', 'ADFOX', 'AWS WAF Challenge', 'Active Campaign', 'AdRoll', 'AddThis for Wordpress', 'Adform Direct', 'Adobe Analytics', 'Adobe Marketing Cloud', 'Adpushup', 'Agoda', 'Aimtell', 'Akamai Global Host', 'Alibaba Cloud CDN', 'Alternate Protocol', 'Amazon Associates Affiliate Shop', 'Amazon CloudFront', 'Amazon WAF Blocked', 'Amped', 'Amplitude', 'Analytify', 'AnyChat', 'AppNexus Direct', 'Apture Linking Platform', 'Automattic', 'BLR', 'Baidu Ads', 'Baidu Analytics', 'Baidu Cloud', 'Band Camp', 'Bazaarvoice', 'Bazaarvoice Curations', 'BidSwitch Direct', 'Bing Cashback', 'Bing Conversion Tracking', 'Birdeye', 'Brevo', 'Brightcove', 'ByteDance', 'Calendly', 'Camp', 'Chartbeat', 'Chatra', 'Clicky', 'CloudFront', 'Cloudflare', 'Cloudflare CDN', 'Cloudflare Stream', 'Cloudflare Turnstile', 'Cloudflare Web Analytics', 'Cognito Forms', 'Connatix Reseller', 'Constant Contact', 'Content Delivery Network', 'Content Square', 'Convert', 'ConvertKit', 'Cookie First', 'CookieYes', 'Countly', 'CrazyEgg', 'Crisp', 'Criteo', 'Criteo Reseller', 'Crowdsignal', 'Customer.io', 'Cybot', 'DailyMotion Video', 'Dailymotion Reseller', 'Decibel Insight', 'DemDex', 'Didomi', 'Disqus Comment System for WordPress', 'DoubleClick Bid Manager', 'Drift', 'Drip', 'Dynamic Yield', 'Eber', 'Elegant Themes', 'Elementor', 'Eloqua', 'EmbedPress', 'Engage', 'Ensighten', 'Enzuzo', 'ExactTarget', 'Ezoic Direct', 'Ezoic Publisher', 'Facebook Embedded Posts', 'Facebook Pixel', 'Facebook Reseller', 'Feefo', 'Fomo', 'Font Awesome', 'Fonts.com', 'Formstack', 'Freshdesk Support', 'Freshpaint', 'Freshworks Bot', 'FullStory', 'GetGist', 'GetResponse', 'GetSiteControl', 'Giphy', 'Global Privacy Control', 'GoatCounter', 'Google', 'Google Adsense', 'Google Analytics', 'Google Calendar', 'Google Cloud CDN', 'Google Cloud DNS', 'Google Flights Conversion Tracking', 'Google Font API', 'Google Funding Choices', 'Google Maps', 'Google Matched Content', 'Google My Business', 'Google Related Website Sites', 'Google Reseller', 'Google Tag Manager', 'Gorgias', 'GumGum', 'GumGum Direct', 'Heap', 'Hello Bar', 'Help Scout', 'HelpCrunch', 'Hotjar', 'Hub Theme', 'HubSpot Conversations', 'Hubspot', 'Infolinks', 'Inspectlet', 'Instagram Follow Button', 'Intercom', 'IponWeb BidSwitch', 'Iterable', 'Iubenda', 'JW Player Platform', 'Jetpack', 'JivoSite', 'JotForm', 'Kakao', 'Kaltura', 'Kameleoon', 'Kampyle Analytics', 'Klaviyo', 'Lazy Load for WordPress', 'Leadfeeder', 'Lijit Reseller', 'Line2', 'LinkedIn Insights', 'LiteSpeed', 'LiveChat', 'LiveChat Monitoring', 'LiveRamp', 'MGID', 'MGID Reseller', 'MailChimp', 'MailerLite', 'Mailjet Widget', 'Marketo', 'Matomo', 'Mautic', 'Media.net', 'Media.net Reseller', 'Mediavine Publisher', 'Microdata for Google Shopping', 'Microsoft Azure Blob Storage', 'Microsoft Clarity', 'Mixpanel', 'Monetate', 'Monster', 'Monumetric Publisher', 'Mouseflow', 'New Relic', 'Ntent', 'Nudgify', 'OSS CDN', 'Okendo', 'Olark', 'OmniConvert', 'Omnisend', 'OneTrust Domain Verification', 'Ontraport', 'OpenX Direct', 'Optimizely Recommendations', 'OptinMonster', 'Outbrain Direct', 'Paperform', 'Pardot', 'Parse.ly', 'PayPal', 'PayPal Adaptive Payments', 'Pendo', 'Personyze', 'Pinterest Conversion Tracking', 'Pirsch', 'Piwik PRO', 'Plausible Analytics', 'Podium', 'PollDaddy', 'PubMatic Direct', 'Pubmatic', 'PushAlert', 'PushEngage', 'QUIC', 'QUIC.cloud', 'Qualtrics Site Intercept', 'Quantcast Direct', 'Quantum Metric', 'RM Education', 'RTB House Direct', 'Reamaze', 'Revcontent Reseller', 'ReviewsOnMyWebsite', 'Rumble Player', 'ScarabResearch', 'Schema Plugin', 'Seflow Italy', 'Segment', 'Segment Consent Manager', 'SendPulse', 'Sentry', 'ShareThis', 'Shopper Approved', 'Simple Analytics', 'SiteW', 'SiteWit', 'SmartAdServer Direct', 'SmartSupp', 'SnapEngage', 'Sourcepoint', 'SproutVideo', 'Stamped', 'StatCounter', 'Streamable', 'Stripe', 'Sumo', 'Swell Rewards', 'Taboola Direct', 'Taboola Reseller', 'Tally', 'Tealium', 'Telegram', 'The Trade Desk Direct', 'Thrive Direct', 'TikTok Conversion Tracking Pixel', 'Triple Lift Direct', 'TrustPulse', 'Tumblr', 'Twitch', 'Twitter Ads', 'Twitter Analytics', 'Typeform', 'UK Cookie Consent', 'UTF-8', 'Vercel', 'Vimeo', 'Vimeo CDN', 'Vine Embed', 'Visual Website Optimizer', 'Webpushr', 'Wistia', 'Woo Themes', 'Woopra', 'WordPress', 'WordPress Multisite', 'Wufoo', 'Yahoo Image CDN', 'Yahoo Web Analytics', 'Yandex Hosting', 'Yieldmo Direct', 'Yotpo', 'YouTube', 'Zendesk Embeddables', 'Zoho SalesIQ', 'arsys.es', 'comScore', 'eKomi', 'iZooto', 'jsDelivr', 'mParticle', 'reCAPTCHA']"
pricepilot.io,"Price Pilot | Spletno naročanje za salone in ordinacije | frizerski salon, kozmetični salon, zobozdravnik",,SRB,80,30508,2026-09-04T03:07:00.448135492Z,"['Drift', 'GZIP Module', 'Google Cloud DNS', 'Google Maps', 'Google My Business', 'IcoMoon', 'Nginx', 'PHP', 'Tailwind CSS', 'Twitter Ads', 'YouTube']"
soyouwannatravelllc.com,Travel Agent Denver | So You Wanna Travel | United States,So You Wanna Travel,USA,72,150303,2026-09-04T02:54:10.757057964Z,"['Alternate Protocol', 'Amazon WAF Blocked', 'Apture Linking Platform', 'Cloudflare', 'Content Delivery Network', 'DAV', 'DC74', 'Drift', 'Express', 'Fastly', 'Fastly CDN', 'GZIP Module', 'Google Related Website Sites', 'Instagram Follow Button', 'K2F', 'Microdata for Google Shopping', 'NFOrce Internet', 'POWr', 'PWA', 'Perl', 'QUIC', 'SMC', 'Seflow Italy', 'Sentry', 'SiteW', 'Subversion', 'UTF-8', 'Vector Internet Services', 'WP Booking Calendar', 'Wix', 'Wix Media', 'YouTube', 'mlcom']"
voicebooking.co.uk,Find your Voice | Voicebooking.com,Voicebooking.com,NLD,77,50164,2026-09-03T19:25:17.632050346Z,"['Alternate Protocol', 'Booking Affiliate', 'Bulma', 'Cloudflare', 'Cloudflare CDN', 'Cloudflare Web Analytics', 'Cookie Accept', 'Drift', 'DuracellTomi Google Tag Manager for WordPress', 'Facebook Conversion Tracking', 'Facebook Login', 'Facebook Messenger Platform', 'Facebook Pixel', 'Facebook Reseller', 'Facebook Tag API', 'Fireblade', 'FormSubmit', 'GitHub Hosting', 'Google Analytics', 'Google Related Website Sites', 'Google Tag Manager', 'Instagram Follow Button', 'Investor Relations', 'Max Mega Menu Pro', 'Microdata for Google Shopping', 'NFOrce Internet', 'PHP', 'Pico CSS', 'QUIC', 'Tailwind CSS', 'Trustpilot Reviews for WordPress', 'Twitter Ads', 'UTF-8', 'WPML Multilingual', 'WordPress', 'WordPress Multisite', 'YouTube', 'jQuery', 'jsDelivr']"
baseline-mocon.com,Gas Measurement Instruments & Testing Services | AMETEK MOCON,,USA,72,652099,2026-09-03T17:15:36.494059453Z,"['AddThis for Wordpress', 'Akamai Global Host', 'Amazon', 'Azure Edge', 'Baidu Ads', 'Baidu Analytics', 'Baidu Cloud', 'Bing Cashback', 'Bing Conversion Tracking', 'BrightInfo', 'Brightcove', 'CDN JS', 'ChowNow', 'Cisco/Arrowpoint Content Service Switch', 'ClickDimensions', 'Cloudflare', 'Cloudflare CDN', 'Cloudflare Web Analytics', 'Crowdsignal', 'DAV', 'DoubleClick Bid Manager', 'Drift', 'Ethy', 'Express', 'Facebook Reseller', 'Financial Services Guide', 'Fireblade', 'Font Awesome', 'GZIP Module', 'GoDaddy', 'Google', 'Google Analytics', 'Google Cloud DNS', 'Google Font API', 'Google Maps', 'Google My Business', 'Google Related Website Sites', 'Google Tag Manager', 'Hexo', 'IcoMoon', 'K2F', 'KVH', 'LiveAgent', 'MailChimp', 'Microsoft Azure', 'Monster', 'No-Q', 'OneTrust Domain Verification', 'OptinMonster', 'Pardot', 'Perl', 'Salesforce', 'Salesforce Experience Cloud', 'Salesforce Hosted', 'Salesforce Live Agent', 'Sentry', 'Shopware', 'Sitecore CMS', 'ThomasNet Web Traxs', 'Twitter Ads', 'Twitter CDN', 'UTF-8', 'Vimeo', 'Visual Studio', 'Wistia', 'YouTube', 'jsDelivr']"
jamalghafari.com,Jamal Ghafari - Digital Marketing Specialist & Email Developer | Digital Content Manager | Crafting High-Impact Campaigns,,USA,72,199036,2026-09-03T14:28:24.974056393Z,"['AWS WAF Challenge', 'Constant Contact', 'Content Delivery Network', 'Drift', 'Google', 'Google Analytics', 'Google Cloud DNS', 'Google Font API', 'Google Tag Manager', 'IcoMoon', 'Instagram Follow Button', 'LifeStyle', 'Netlify', 'Salesforce Hosted', 'UTF-8', 'jQuery']"
dieselconnect.net,Diesel Connect | Heavy‑Duty Repair Industry Conference | Fullbay,,USA,72,42190,2026-09-03T14:06:20.260129626Z,"['AI Log', 'CDN JS', 'Cloudflare', 'Cloudflare CDN', 'Content Delivery Network', 'Drift', 'Eventbrite', 'Fullbay', 'GZIP Module', 'Gambling Content', 'Google Analytics', 'Google Cloud DNS', 'Google Font API', 'Google My Business', 'Google Tag Manager', 'Harbor', 'Instagram Follow Button', 'Nginx', 'PHP', 'Tailwind CSS', 'Theme In WP', 'Twitter Ads', 'UTF-8', 'Vector Internet Services', 'WP Engine', 'Wistia', 'WordPress']"
altcademy.info,Online Coding Bootcamp | Affordable | 1-on-1 with Mentor | Altcademy™,,CAN,77,293239,2026-09-03T07:15:25.044882187Z,"['BLR', 'Bazaarvoice', 'Bazaarvoice Curations', 'Cisco/Arrowpoint Content Service Switch', 'Cloudflare', 'Cloudflare Web Analytics', 'Cloudinary', 'DAV', 'Drift', 'Font Awesome', 'Google', 'Google Adsense', 'Google Analytics', 'Google Cloud CDN', 'Google Cloud DNS', 'Google Font API', 'Google Funding Choices', 'Google Matched Content', 'Google My Business', 'Google Reseller', 'Google Tag Manager', 'Heroku', 'Mastodon', 'Medium', 'Moat', 'Python', 'Ruby on Rails', 'Salesforce Hosted', 'Tailwind CSS', 'Tumblr', 'Twitter Ads', 'UTF-8', 'University or College', 'YouTube', 'jsDelivr', 'reCAPTCHA']"
breakinthedesert.com,Break in the desert,Breakinthedesert.com,,62,31052,2026-09-03T04:44:52.955192334Z,"['3 Products', 'Alternate Protocol', 'Apache', 'Contact Form Plugin', 'Drift', 'EmbedPress', 'Express', 'GZIP Module', 'GetButton.io', 'Google Analytics', 'Google Related Website Sites', 'Google Tag Manager', 'Hueman', 'Microdata for Google Shopping', 'PHP', 'Theme In WP', 'UTF-8', 'W3.CSS', 'WordPress', 'WordPress Multisite', 'jQuery']"
getremotemore.org,RemoteMore,,USA,57,30663,2026-09-03T01:09:55.763377361Z,"['Content Delivery Network', 'Drift', 'Fastly', 'Google', 'Google Analytics', 'Google Cloud CDN', 'Google Cloud DNS', 'Google Font API', 'Google Tag Manager', 'Material-UI', 'Next.js', 'Pleroma', 'Twitter Ads', 'UTF-8']"
cryptocanary.app,Crypto Insights Made Easy | CryptoCanary,,,67,30720,2026-09-02T19:13:15.977428994Z,"['Bulma', 'CDN JS', 'Cloudflare', 'Cloudflare CDN', 'Drift', 'Google Analytics', 'Google Related Website Sites', 'Google Tag Manager', 'PHP', 'PWA', 'Tailwind CSS', 'Telegram', 'Twitter Ads', 'UTF-8', 'University or College', 'jQuery', 'jsDelivr']"
cespedesbordoy-roux.com,CESPEDES BORDOY & Asociados,,,45,75263,2026-09-02T19:13:15.929049015Z,"['AWS WAF Challenge', 'Apache', 'Cedexis', 'Cloudflare', 'Cloudflare CDN', 'DemDex', 'Disqus Comment System for WordPress', 'Drift', 'Facebook CDN', 'GitHub Hosting', 'Google', 'Google Cloud DNS', 'Google Font API', 'Google My Business', 'Google Workspace', 'Instagram Follow Button', 'ProfitWell', 'Twitter Ads', 'Vimeo', 'reCAPTCHA']"
631723.com,6317 23rd Street N. Arlington – Paramount Construction,,USA,70,41019,2026-09-02T18:05:18.819224671Z,"['ASP.NET Core', 'Alternate Protocol', 'Calendly', 'Content Delivery Network', 'ConvertBox', 'Drift', 'EmbedPress', 'Font Awesome', 'FreeCSSTemplates', 'GZIP Module', 'Google Analytics', 'Google Cloud DNS', 'Google Font API', 'Google Maps', 'Google Related Website Sites', 'Google Tag Manager', 'Microdata for Google Shopping', 'Monster', 'Nginx', 'OptinMonster', 'PHP', 'PixelYourSite', 'Sumo', 'TablePress', 'Theme In WP', 'UTF-8', 'Vello', 'WP Engine', 'WordPress', 'WordPress Multisite', 'jQuery', 'myStickymenu']"
klinepottery.com,Michael Kline Pottery,Michael Kline Pottery,,57,30541,2026-08-27T00:32:16.33204696Z,"['Adobe Creative Cloud WebFonts', 'Alternate Protocol', 'Aruba', 'Drift', 'Express', 'GZIP Module', 'Google Analytics', 'Google Tag Manager', 'Instagram Follow Button', 'Line2', 'Microdata for Google Shopping', 'QUIC', 'Squarespace', 'UTF-8', 'WordPress SEO Structured Data Schema Plugin', 'eLand']"
postersessiononline.com,Printed and ePosters Platform | PosterSessionOnline,Poster Session Online,ESP,87,40245,2026-08-26T03:40:00.028358125Z,"['Alternate Protocol', 'Divi', 'Drift', 'Elegant Themes', 'EmbedPress', 'Font Awesome', 'Google Analytics', 'Google Analytics Dashboard for WordPress', 'Google Cloud DNS', 'Google Font API', 'Google My Business', 'Google Tag Manager', 'HubSpot WordPress Plugin', 'Microdata for Google Shopping', 'Nginx', 'PHP', 'Table of Contents Plus', 'Theme In WP', 'Twitter Ads', 'UTF-8', 'Woo Themes', 'WordPress', 'WordPress Multisite', 'YouTube', 'jQuery']"
criscuoloevents.com,New York City Event Photographer — New York City (NYC) Wedding Photographer - Angelica Criscuolo Photography,Angelica Criscuolo Photography,USA,72,31469,2026-08-26T01:40:03.391852968Z,"['AJAX Libraries API', 'Adobe Creative Cloud WebFonts', 'Apture Linking Platform', 'Aruba', 'Drift', 'Express', 'FormSubmit', 'GZIP Module', 'Google Analytics', 'Google Cloud DNS', 'Google Tag Manager', 'Instagram Follow Button', 'Line2', 'Microdata for Google Shopping', 'QUIC', 'SiteW', 'Squarespace', 'Twitter Ads', 'UTF-8', 'WordPress SEO Structured Data Schema Plugin', 'Yelp Badge', 'YouTube', 'eLand', 'jQuery']"
blueguru.marketing,"Blue Guru Digital Marketing | Louisville, KY",,USA,77,62112,2026-08-25T05:56:40.804618081Z,"['Alternate Protocol', 'Amazon CloudFront', 'CloudFront', 'Drift', 'Duda', 'FormSubmit', 'GZIP Module', 'Google Analytics', 'Google Related Website Sites', 'Google Tag Manager', 'Microdata for Google Shopping', 'Nginx', 'QUIC', 'Schema Plugin', 'Skilljar', 'Tailwind CSS', 'Thank You', 'UTF-8', 'University or College', 'WebCEO', 'YouTube']"
greencasagalle.com,Green Casa | Living With Green,,,67,60340,2026-08-25T04:30:28.044590035Z,"['Agoda', 'Booking Affiliate', 'Drift', 'ElementUI', 'Fancybox for WordPress', 'GZIP Module', 'Google Analytics', 'Google Cloud DNS', 'Google Font API', 'Google Tag Manager', 'Microsoft Ajax Content Delivery Network', 'Nginx', 'PHP', 'Parallels Plesk Panel', 'Tailwind CSS', 'The Fresh', 'UTF-8', 'jQuery']"
instorex.dk,InstoreX | Home,,DNK,77,30468,2026-08-25T01:49:11.513790829Z,"['Content Delivery Network', 'Drift', 'Headless UI', 'Netlify', 'Next.js', 'Pleroma', 'Python', 'Tailwind CSS', 'UTF-8', 'Vercel']"
kitesurfshack.com,Kitesurfing T-shirts and gifts | Kitesurf Shack,Kitesurf Shack,GBR,77,88312,2026-08-24T12:16:59.853925645Z,"['Alternate Protocol', 'Apture Linking Platform', 'Baidu Cloud', 'Cloudflare', 'Cloudflare CDN', 'Drift', 'Express', 'Fastly', 'FeedArmy', 'GitHub Hosting', 'GoAffPro', 'Google Analytics', 'Google My Business', 'Google Related Website Sites', 'Google Tag Manager', 'Instagram Follow Button', 'Klaviyo', 'Microdata for Google Shopping', 'Pinterest Conversion Tracking', 'QUIC', 'Shopify', 'Shopify Collabs', 'Tailwind CSS', 'Twitter Ads', 'UTF-8', 'Yandex Hosting', 'hCaptcha', 'iAPPS', 'reCAPTCHA']"
ptprocover.com,PTPro,,USA,60,30156,2026-08-24T11:54:25.89834378Z,"['Add to Any', 'Alternate Protocol', 'Better Lead Generation Services', 'Drift', 'Drupal', 'GZIP Module', 'Google Analytics', 'Google Related Website Sites', 'Google Tag Manager', 'IcoMoon', 'Nginx', 'QUIC', 'Tailwind CSS', 'UTF-8', 'jsDelivr']"
wardscreen.co.uk,Silentia - We create safe privacy screens for your patients,Silentia,SGP,82,34989,2026-08-24T07:59:06.111082061Z,"['Adobe Creative Cloud WebFonts', 'Alternate Protocol', 'Contact Form Plugin', 'Content Delivery Network', 'CookieYes', 'Drift', 'EmbedPress', 'Facebook Conversion Tracking', 'Facebook Login', 'Facebook Messenger Platform', 'Facebook Pixel', 'Facebook Reseller', 'Facebook Tag API', 'Google Analytics', 'Google My Business', 'Google Tag Manager', 'Hotjar', 'IcoMoon', 'LinkedIn Insights', 'LinkedIn Pixel', 'LiteSpeed', 'Microdata for Google Shopping', 'NFOrce Internet', 'PHP', 'Polylang', 'QUIC', 'Search and Filter Pro', 'Tailwind CSS', 'Theme In WP', 'UTF-8', 'WordPress', 'WordPress Multisite', 'YouTube', 'eLand', 'jQuery', 'reCAPTCHA']"
cerdonis.tech,"Top Web, Mobile & Software Development Company in Chicago, USA",cerdonis,USA,77,48160,2026-08-24T02:19:31.827729247Z,"['AWS WAF Challenge', 'Angular', 'Apache', 'Drift', 'GZIP Module', 'Google Analytics', 'Google Cloud DNS', 'Google Font API', 'Google My Business', 'Google Related Website Sites', 'Google Tag Manager', 'PWA', 'Perl', 'QUIC', 'StackPath', 'Tailwind CSS', 'Twitter Ads', 'YouTube']"
m-offshore.com,Broker Price Opinion - Property Valuation Masters| Offshore BPO,OFFSHORE-BPO,USA,77,33487,2026-08-24T01:01:03.19611575Z,"['Alternate Protocol', 'Apture Linking Platform', 'Content Delivery Network', 'Drift', 'Font Awesome', 'Google Analytics', 'Google Cloud DNS', 'Google Font API', 'Google Tag Manager', 'Microdata for Google Shopping', 'Nginx', 'PWA', 'QUIC', 'Shore', 'StackPath', 'Tailwind CSS', 'UTF-8']"
vipsteels.com,Steels China,,CHN,60,30064,2026-08-23T15:50:34.190823988Z,"['Alternate Protocol', 'Contact Form Plugin', 'Drift', 'EmbedPress', 'Google Cloud DNS', 'Google Font API', 'Nginx', 'PHP', 'Slider Revolution', 'Theme In WP', 'ThemeFusion', 'UTF-8', 'WordPress', 'WordPress Multisite', 'jQuery']"
autoreach.io,AutoReach - The Intelligent Outbound Dialer,,,62,230016,2026-08-23T14:55:13.123166276Z,"['AJAX Libraries API', 'Amazon', 'Amazon CloudFront', 'Cisco/Arrowpoint Content Service Switch', 'CloudFront', 'Cloudflare', 'Content Delivery Network', 'Dialpad', 'Drift', 'Express', 'GZIP Module', 'Google', 'Google Analytics', 'Google Cloud DNS', 'Google Font API', 'Google Forms', 'Google My Business', 'Google Related Website Sites', 'Google Tag Manager', 'HubSpot Conversations', 'Hubspot', 'OneTrust Domain Verification', 'RingCentral', 'SalesLoft', 'Salesforce Hosted', 'StatusPage IO', 'Tailwind CSS', 'Talkdesk', 'Twitter Ads', 'UTF-8', 'Vector Internet Services', 'Vimeo', 'Vimeo CDN', 'WF Cookie Consent', 'Zendesk Embeddables', 'Zoom Video Conferencing', 'jsDelivr']"
ionorm.com,☰I/O.NORM® – the Cyber Norm Evangelist,,,50,32238,2026-08-23T11:26:49.377604262Z,"['AWS WAF Challenge', 'Agama', 'Alternate Protocol', 'Cloudflare', 'Cloudflare CDN', 'Content Delivery Network', 'Drift', 'EmbedPress', 'Google', 'Google My Business', 'License Buttons', 'LiteSpeed', 'Max Mega Menu', 'Max Mega Menu Pro', 'Microdata for Google Shopping', 'PHP', 'RM Education', 'Schema Plugin', 'Theme In WP', 'UTF-8', 'WordPress', 'WordPress Multisite', 'jQuery']"
glebokuracja.eu,Glebokuracja – Organiczny nawóz z obornika kurzego,JW Rolnictwo Sp. z o. o.,POL,77,1841439,2026-08-23T10:29:23.239571605Z,"['33 Across Direct', 'AB Tasty', 'ADFOX', 'AWS WAF Challenge', 'Active Campaign', 'AdRoll', 'AddThis for Wordpress', 'Adform Direct', 'Adobe Analytics', 'Adobe Marketing Cloud', 'Adpushup', 'Aimtell', 'Akamai Global Host', 'Alibaba Cloud CDN', 'Alternate Protocol', 'Amazon Associates Affiliate Shop', 'Amazon CloudFront', 'Amazon WAF Blocked', 'Amped', 'Amplitude', 'Analytify', 'AnyChat', 'Apache', 'AppNexus Direct', 'Aruba', 'Automattic', 'BLR', 'Baidu Ads', 'Baidu Analytics', 'Baidu Cloud', 'Band Camp', 'Bazaarvoice', 'Bazaarvoice Curations', 'BidSwitch Direct', 'Bing Cashback', 'Bing Conversion Tracking', 'Birdeye', 'Brevo', 'Brightcove', 'ByteDance', 'Calendly', 'Camp', 'Chartbeat', 'Chatra', 'Clicky', 'CloudFront', 'Cloudflare', 'Cloudflare CDN', 'Cloudflare Stream', 'Cloudflare Web Analytics', 'Cognito Forms', 'Connatix Reseller', 'Constant Contact', 'Content Square', 'Convert', 'ConvertKit', 'Cookie First', 'CookieYes', 'Countly', 'CrazyEgg', 'Crisp', 'Criteo', 'Criteo Reseller', 'Crowdsignal', 'Customer.io', 'Cybot', 'DailyMotion Video', 'Dailymotion Reseller', 'Decibel Insight', 'DemDex', 'Didomi', 'Disqus Comment System for WordPress', 'DoubleClick Bid Manager', 'Drift', 'Drip', 'DuracellTomi Google Tag Manager for WordPress', 'Dynamic Yield', 'Eber', 'Elegant Themes', 'Eloqua', 'EmbedPress', 'Engage', 'Ensighten', 'Enzuzo', 'ExactTarget', 'Express', 'Ezoic Direct', 'Ezoic Publisher', 'Facebook Embedded Posts', 'Facebook Pixel', 'Facebook Reseller', 'Feefo', 'Fomo', 'Font Awesome', 'Fonts.com', 'Formstack', 'Freshdesk Support', 'Freshpaint', 'Freshworks Bot', 'FullStory', 'GZIP Module', 'GetGist', 'GetResponse', 'GetSiteControl', 'Giphy', 'Global Privacy Control', 'GoatCounter', 'Google', 'Google Adsense', 'Google Analytics', 'Google Calendar', 'Google Cloud CDN', 'Google Cloud DNS', 'Google Flights Conversion Tracking', 'Google Font API', 'Google Funding Choices', 'Google Maps', 'Google Matched Content', 'Google My Business', 'Google Related Website Sites', 'Google Reseller', 'Google Tag Manager', 'Gorgias', 'GumGum', 'GumGum Direct', 'Heap', 'Hello Bar', 'Help Scout', 'HelpCrunch', 'Hotjar', 'HubSpot Conversations', 'Hubspot', 'Infolinks', 'Inspectlet', 'Instagram Follow Button', 'Intercom', 'IponWeb BidSwitch', 'Iterable', 'Iubenda', 'JW Player Platform', 'Jetpack', 'JivoSite', 'JotForm', 'Kakao', 'Kaltura', 'Kameleoon', 'Kampyle Analytics', 'Klaviyo', 'Lazy Load for WordPress', 'Leadfeeder', 'Lijit Reseller', 'LinkedIn Insights', 'LiteSpeed', 'LiveChat', 'LiveChat Monitoring', 'LiveRamp', 'MGID', 'MGID Reseller', 'MailChimp', 'MailerLite', 'Mailjet Widget', 'Marketo', 'Matomo', 'Mautic', 'Media.net', 'Media.net Reseller', 'Mediavine Publisher', 'Microdata for Google Shopping', 'Microsoft Azure Blob Storage', 'Microsoft Clarity', 'Mixpanel', 'Monetate', 'Monster', 'Monumetric Publisher', 'Mouseflow', 'New Relic', 'Ntent', 'Nudgify', 'OSS CDN', 'Okendo', 'Olark', 'OmniConvert', 'Omnisend', 'OneTrust Domain Verification', 'Ontraport', 'OpenX Direct', 'Optimizely Recommendations', 'OptinMonster', 'Outbrain Direct', 'PHP', 'Paperform', 'Pardot', 'Parse.ly', 'PayPal', 'PayPal Adaptive Payments', 'Pendo', 'Personyze', 'Pinterest Conversion Tracking', 'Pirsch', 'Piwik PRO', 'Plausible Analytics', 'Podium', 'PollDaddy', 'PubMatic Direct', 'Pubmatic', 'PushAlert', 'PushEngage', 'Qualtrics Site Intercept', 'Quantcast Direct', 'Quantum Metric', 'RM Education', 'RTB House Direct', 'Reamaze', 'Revcontent Reseller', 'ReviewsOnMyWebsite', 'Rumble Player', 'ScarabResearch', 'Seflow Italy', 'Segment', 'Segment Consent Manager', 'SendPulse', 'Sentry', 'ShareThis', 'Shopper Approved', 'Simple Analytics', 'SiteW', 'SiteWit', 'SmartAdServer Direct', 'SmartSupp', 'SnapEngage', 'Sourcepoint', 'SproutVideo', 'Stamped', 'StatCounter', 'Streamable', 'Stripe', 'Sumo', 'Swell Rewards', 'Taboola Direct', 'Taboola Reseller', 'Tally', 'Tealium', 'Telegram', 'The Trade Desk Direct', 'Theme In WP', 'Thrive Direct', 'TikTok Conversion Tracking Pixel', 'Triple Lift Direct', 'TrustPulse', 'Tumblr', 'Twitch', 'Twitter Ads', 'Twitter Analytics', 'Typeform', 'UK Cookie Consent', 'UTF-8', 'Vercel', 'Vimeo', 'Vimeo CDN', 'Vine Embed', 'Visual Website Optimizer', 'WPML Multilingual', 'Webpushr', 'Wistia', 'Woo Themes', 'WooCommerce', 'WooCommerce Checkout', 'Woopra', 'WordPress', 'WordPress Multisite', 'Wufoo', 'Yahoo Image CDN', 'Yahoo Web Analytics', 'Yandex Hosting', 'Yieldmo Direct', 'Yotpo', 'YouTube', 'Zendesk Embeddables', 'Zoho SalesIQ', 'arsys.es', 'comScore', 'eKomi', 'eLand', 'iZooto', 'jQuery', 'jsDelivr', 'mParticle', 'reCAPTCHA']"
portkeywebsitemarketing.com,Minneapolis SEO Company | Portkey Minneapolis SEO Services | 100+ Reviews,Portkey SEO Solutions,USA,67,52614,2026-08-23T10:19:56.822426598Z,"['AWS WAF Challenge', 'Alternate Protocol', 'Calendly', 'Cloudflare', 'Cloudflare CDN', 'Coming Soon Page', 'Content Delivery Network', 'Custom Facebook Feed', 'DAV', 'Drift', 'Elementor', 'EmbedPress', 'Eventbrite', 'Facebook Conversion Tracking', 'Facebook Login', 'Facebook Messenger Platform', 'Facebook Pixel', 'Facebook Reseller', 'Facebook Tag API', 'Font Awesome', 'FormSubmit', 'Google', 'Google Analytics', 'Google Cloud CDN', 'Google Cloud DNS', 'Google Font API', 'Google My Business', 'Google Related Website Sites', 'Google Tag Manager', 'Instagram Feed for WordPress', 'Instagram Follow Button', 'Microdata for Google Shopping', 'MonsterInsights', 'Nginx', 'Ntent', 'PHP', 'Pagekit', 'Pleroma', 'SiteW', 'Sitelinks Search Box', 'Slider Revolution', 'Smush Image Optimization', 'Table Addons for Elementor', 'Tawk', 'Theme In WP', 'TrustIndex', 'Twitter Ads', 'UTF-8', 'WPForms', 'WordPress', 'WordPress Multisite', 'YouTube', 'eLand', 'jQuery', 'reCAPTCHA']"
stabapparel.co.uk,Streetwise with StabApparel-Stabproof T-shirt & Stabproof Jumper Lightweight Stab Resistant Clothing -Designed for Everyday Protection. - StabApparel-Stab proof clothing Lightweight High-Performance Body and Organs protection | Stabproof T-shirts | Stabproof Jumper | Stabproof clothing| Stabproof Vest| Stab-Proof Hoodie,StabApparel,GBR,77,65536,2026-08-23T08:23:12.756825661Z,"['AWS WAF Challenge', 'Alternate Protocol', 'Apache', 'Apture Linking Platform', 'Cloudflare', 'Cloudflare CDN', 'Contact Form Plugin', 'Drift', 'EmbedPress', 'Ethy', 'Express', 'Fireblade', 'GZIP Module', 'Google', 'Google Cloud DNS', 'Google Font API', 'Google My Business', 'Line2', 'Microdata for Google Shopping', 'NFOrce Internet', 'PHP', 'Perl', 'Storefront', 'Tailwind CSS', 'Theme In WP', 'UTF-8', 'Woo Themes', 'WooCommerce', 'WooCommerce Checkout', 'WordPress', 'WordPress Multisite', 'YITH WooCommerce Compare', 'jQuery']"
placemysigns.com,Open House Sign Placement | Open House Sign Placment For Agents,,USA,65,36724,2026-08-23T06:35:24.580287381Z,"['AJAX Libraries API', 'Content Delivery Network', 'Drift', 'Google Analytics', 'Google Cloud DNS', 'IcoMoon', 'Instagram Follow Button', 'Intercom', 'Netlify', 'Tailwind CSS', 'Twitter Ads', 'UTF-8', 'jQuery']"
pramexglobal.com,Home - Pramex Global Logistics,,GBR,70,32964,2026-08-23T02:42:49.677702318Z,"['Cloudflare', 'Drift', 'Express', 'FreeCSSTemplates', 'LiteSpeed', 'PHP', 'Parcel', 'QUIC', 'SmartSupp', 'Tailwind CSS', 'UTF-8', 'Yandex Hosting']"
asoagropalcat.com,ASOAGROPALCAT - Responsive HTML5 Template,,ESP,65,179308,2026-08-22T21:23:02.871289407Z,"['AWS WAF Challenge', 'Ada Support', 'Bulma', 'Cedexis', 'Cloudflare', 'Cloudflare CDN', 'DAV', 'DemDex', 'Disqus Comment System for WordPress', 'Drift', 'Facebook CDN', 'GitHub Hosting', 'Google', 'Google Maps', 'Google My Business', 'Google Workspace', 'Instagram Follow Button', 'Nginx', 'ProfitWell', 'Stripe', 'Tailwind CSS', 'Telegram', 'Twitter Ads', 'Vimeo', 'YouTube', 'reCAPTCHA']"
calendarhero.to,CalendarHero — Online Meeting Scheduling Software,Zoom.ai Inc,CAN,82,57733,2026-08-22T18:04:29.26175178Z,"['Adobe Creative Cloud WebFonts', 'Alternate Protocol', 'Aruba', 'CalendarHero', 'Cloudflare', 'Drift', 'Express', 'Fireblade', 'Google Analytics', 'Google Tag Manager', 'Hotjar', 'HubSpot Conversations', 'Hubspot', 'Line2', 'LinkedIn Insights', 'LinkedIn Pixel', 'Microdata for Google Shopping', 'QUIC', 'Squarespace', 'UTF-8', 'WordPress SEO Structured Data Schema Plugin', 'Zoom Video Conferencing', 'eLand']"
teamevertrue.com,Donor Management and Fundraising Software | EverTrue,EverTrue,USA,77,58273,2026-08-22T11:23:47.896826112Z,"['501c3 Status Nonprofit', 'AWS WAF Challenge', 'Adobe Creative Cloud WebFonts', 'Adult Content', 'Alternate Protocol', 'Apture Linking Platform', 'Calendly', 'Cloudflare', 'Content Delivery Network', 'CookieYes', 'DAV', 'Drift', 'Elementor', 'EmbedPress', 'Font Awesome', 'Google Analytics', 'Google Related Website Sites', 'Google Tag Manager', 'Graphina', 'Hexo', 'Instagram Follow Button', 'Microdata for Google Shopping', 'NFOrce Internet', 'PHP', 'Pagekit', 'SalesLoft', 'Search and Filter Pro', 'Theme In WP', 'Trustarc Cookie Consent', 'Twitter Ads', 'UTF-8', 'University or College', 'WP Engine', 'WordPress', 'WordPress Multisite', 'YouTube', 'jQuery']"
oase-lease.com,Oase Lease – All-in-one concept,Oase Lease,NLD,87,57824,2026-08-22T08:33:05.759878136Z,"['Alternate Protocol', 'Cloudflare', 'Cloudflare CDN', 'Complianz', 'Content Delivery Network', 'Divi', 'Drift', 'Ektron', 'Elegant Themes', 'EmbedPress', 'Google Analytics', 'Google My Business', 'Google Tag Manager', 'Hotjar', 'Instagram Feed for WordPress', 'Instagram Follow Button', 'Microdata for Google Shopping', 'PHP', 'Theme In WP', 'UTF-8', 'Woo Themes', 'WordPress', 'WordPress Multisite', 'jQuery', 'reCAPTCHA']"
enduroconstruction.ca,Enduro Construction | Commercial General Contractor Vancouver,,CAN,82,77604,2026-08-22T00:22:36.850694127Z,"['AWS WAF Challenge', 'Apture Linking Platform', 'Bing Cashback', 'Bing Conversion Tracking', 'ByteDance', 'Calendly', 'CallRail', 'Cloudflare', 'Cloudflare CDN', 'Content Delivery Network', 'Crisp', 'DoubleClick Bid Manager', 'Drift', 'Express', 'Facebook Reseller', 'Google Analytics', 'Google Maps', 'Google My Business', 'Google Tag Manager', 'Hubspot', 'Instagram Follow Button', 'Intercom', 'LinkedIn Pixel', 'Microdata for Google Shopping', 'Microsoft Clarity', 'Mixpanel', 'PWA', 'Plausible Analytics', 'QUIC', 'RM Education', 'Segment', 'Twitter Ads', 'Twitter Analytics', 'Typeform', 'Vimeo', 'Wistia', 'YouTube']"
killionsystems.com,NJ Network & Computer Repairs by Killion Systems (973) 944-1755,Killion Systems,USA,82,80956,2026-08-21T16:53:58.473724637Z,"['AWS WAF Challenge', 'Alternate Protocol', 'Cloudflare', 'Cloudflare CDN', 'CoBlocks', 'Content Delivery Network', 'Drift', 'Elementor', 'EmbedPress', 'Fireblade', 'GoDaddy', 'Google', 'Google Analytics', 'Google My Business', 'Google Related Website Sites', 'Google Tag Manager', 'Header, Footer and Blocks for Elementor', 'Hello Elementor', 'Instagram Follow Button', 'Microdata for Google Shopping', 'NFOrce Internet', 'Ntent', 'PHP', 'QUIC', 'Sitelinks Search Box', 'Subversion', 'Theme In WP', 'TrustIndex', 'Twitter Ads', 'UTF-8', 'Wangsu', 'WordPress', 'WordPress Multisite', 'YouTube', 'jQuery']"
epnallc.com,POS Systems and Credit Card Readers with Self Boarding,EPNA,USA,67,49517,2026-08-21T05:25:45.996832899Z,"['AWS WAF Challenge', 'Alternate Protocol', 'Calendly', 'Cloudflare', 'Cloudflare CDN', 'Content Delivery Network', 'Creative Mail by Constant Contact', 'DAV', 'Drift', 'EmbedPress', 'Font Awesome', 'GoDaddy', 'Google', 'Google Analytics', 'Google Cloud DNS', 'Google Font API', 'Google My Business', 'Jetpack', 'Line2', 'Microdata for Google Shopping', 'PHP', 'Popup Maker for Wordpress', 'Responsive Data', 'Schema Plugin', 'Slider Revolution', 'Theme In WP', 'Total', 'UTF-8', 'WPBakery', 'Way', 'Website Tonight', 'Woo Themes', 'WooCommerce', 'WooCommerce Checkout', 'WordPress', 'WordPress Multisite', 'WordPress Stats', 'Yelp Badge', 'jQuery']"
meetpassage.com,Passage,Passage Marketing,,50,30541,2026-08-21T04:20:54.973874849Z,"['Adobe Creative Cloud WebFonts', 'Alternate Protocol', 'Aruba', 'Drift', 'Express', 'GZIP Module', 'Google Related Website Sites', 'Line2', 'Microdata for Google Shopping', 'QUIC', 'Squarespace', 'UTF-8', 'WordPress SEO Structured Data Schema Plugin', 'eLand']"
dinesmartpos.com,Dine Smart Pos,,TUR,65,160193,2026-08-20T23:39:53.325149365Z,"['AWS WAF Challenge', 'CDN JS', 'Cedexis', 'Cloudflare', 'Cloudflare CDN', 'DemDex', 'Disqus Comment System for WordPress', 'Drift', 'Elementor', 'Facebook CDN', 'Facebook Conversion Tracking', 'Facebook Login', 'Facebook Messenger Platform', 'Facebook Pixel', 'Facebook Reseller', 'Facebook Tag API', 'Font Awesome', 'GitHub Hosting', 'Google', 'Google Cloud CDN', 'Google Cloud DNS', 'Google Font API', 'Google My Business', 'Google Workspace', 'IcoMoon', 'Instagram Follow Button', 'LiteSpeed', 'PHP', 'ProfitWell', 'QUIC', 'Table Addons for Elementor', 'Twitter Ads', 'UTF-8', 'Vimeo', 'Woo Themes', 'WordPress', 'jQuery', 'jsDelivr', 'reCAPTCHA']"
slicejack.com,Slicejack - Technical Partner For Your Digital Agency,,,72,182005,2026-08-20T15:08:23.448682453Z,"['Alternate Protocol', 'Drift', 'DuracellTomi Google Tag Manager for WordPress', 'EmbedPress', 'Facebook Conversion Tracking', 'Facebook Login', 'Facebook Messenger Platform', 'Facebook Pixel', 'Facebook Reseller', 'Facebook Tag API', 'GZIP Module', 'Google Analytics', 'Google Cloud DNS', 'Google Font API', 'Google My Business', 'Google Tag Manager', 'Instagram Follow Button', 'Jetpack', 'Microdata for Google Shopping', 'Nginx', 'PHP', 'Responsive Lightbox', 'Salesforce Hosted', 'Theme In WP', 'Twitter Ads', 'Typotheque', 'UTF-8', 'Vimeo', 'Woo Themes', 'WordPress', 'WordPress Multisite', 'WordPress Stats', 'YouTube', 'jQuery', 'reCAPTCHA']"
hellobigthink.com,Small Business Loans & Online Funding | Big Think Capital,,USA,77,71536,2026-08-20T09:28:32.318814252Z,"['AWS WAF Challenge', 'ByteDance', 'Calendly', 'Cloudflare', 'Cloudflare CDN', 'Cloudflare Turnstile', 'Content Delivery Network', 'Crisp', 'DoubleClick Bid Manager', 'Drift', 'Facebook Reseller', 'Google', 'Google Analytics', 'Google Cloud DNS', 'Google Font API', 'Google Tag Manager', 'Hubspot', 'Instagram Follow Button', 'Intercom', 'LinkedIn Pixel', 'LiveChat', 'LiveChat Monitoring', 'Microdata for Google Shopping', 'Microsoft Clarity', 'Next.js', 'Pico CSS', 'QUIC', 'Sitelinks Search Box', 'Trustpilot Reviews for WordPress', 'Twitter Ads', 'UTF-8', 'Vercel', 'Zendesk Embeddables', 'reCAPTCHA']"
connect4consulting.com,Home - Connect4 Consulting,Connect4 Consulting,MYS,82,85268,2026-08-20T06:43:31.450075896Z,"['AWS WAF Challenge', 'Alternate Protocol', 'Amazon WAF Blocked', 'Column Shortcodes', 'Content Delivery Network', 'Contento', 'Drift', 'DuracellTomi Google Tag Manager for WordPress', 'EmbedPress', 'Fastly', 'GZIP Module', 'Google Analytics', 'Google Cloud DNS', 'Google Conversion Tracking', 'Google Font API', 'Google Related Website Sites', 'Google Tag Manager', 'Kriesi.at', 'Microdata for Google Shopping', 'Nginx', 'PHP', 'Prospective', 'QUIC', 'Tailwind CSS', 'Thank You', 'Theme In WP', 'Twitter Ads', 'UTF-8', 'Vector Internet Services', 'WordPress', 'WordPress Multisite', 'eLand', 'jQuery']"
melissaharlowvo.com,Demos • Melissa Harlow VOICE OVER,,,62,32354,2026-08-20T01:50:08.51339149Z,"['Alternate Protocol', 'Apache', 'Contact Form Plugin', 'Drift', 'Elementor', 'EmbedPress', 'GZIP Module', 'Instagram Follow Button', 'Jetpack', 'Kadence WP', 'Microdata for Google Shopping', 'NFOrce Internet', 'PHP', 'Perl', 'Schema Plugin', 'Theme In WP', 'UTF-8', 'Video PopUp for Wordpress', 'WP Super Cache', 'WordPress', 'WordPress Multisite', 'WordPress Stats', 'YouTube', 'jQuery']"
thtc.ai,THTC | Traffic Hi Tech Company,Transport Hi-Tech Consultants | THTC,SAU,82,31908,2026-08-20T00:21:08.029189101Z,"['Alternate Protocol', 'Apache', 'Aruba', 'Bulma', 'Drift', 'Google Analytics', 'Google Cloud DNS', 'Google Font API', 'Google My Business', 'Google Tag Manager', 'IcoMoon', 'LinkedIn Insights', 'LinkedIn Pixel', 'Microdata for Google Shopping', 'QUIC', 'Tailwind CSS', 'Twitter Ads', 'UTF-8', 'eLand', 'reCAPTCHA']"
vennexgroup.ae,Inicio Vennex Group | Vennex Group SAS,,ARG,70,177375,2026-08-19T11:03:30.547872215Z,"['AWS WAF Challenge', 'Apache', 'Cedexis', 'Cloudflare', 'Cloudflare CDN', 'DemDex', 'Disqus Comment System for WordPress', 'Drift', 'Facebook CDN', 'Fireblade', 'Font Awesome', 'GZIP Module', 'GitHub Hosting', 'Google', 'Google Adsense', 'Google Analytics', 'Google Funding Choices', 'Google Matched Content', 'Google My Business', 'Google Reseller', 'Google Tag Manager', 'Google Workspace', 'IcoMoon', 'Instagram Follow Button', 'JIRA', 'ProfitWell', 'Twitter Ads', 'UTF-8', 'Ubuntu', 'Vimeo', 'reCAPTCHA']"
mydentalaccountants.com,Dental CPA | Dental Accountants | Dental Practice accounting,Engage Advisors,USA,77,76002,2026-08-19T03:28:05.068093Z,"['AWS WAF Challenge', 'Alternate Protocol', 'Amazon WAF Blocked', 'ArvanCloud', 'CDN JS', 'Cloudflare', 'Cloudflare CDN', 'Content Delivery Network', 'DAV', 'Drift', 'DuracellTomi Google Tag Manager for WordPress', 'EmbedPress', 'Facebook Conversion Tracking', 'Facebook Login', 'Facebook Messenger Platform', 'Facebook Pixel', 'Facebook Reseller', 'Facebook Tag API', 'Font Awesome', 'FormSubmit', 'Google Analytics', 'Google Cloud DNS', 'Google Font API', 'Google My Business', 'Google Related Website Sites', 'Google Tag Manager', 'Gravity', 'Gravity Forms', 'HubSpot Conversations', 'HubSpot WordPress Plugin', 'Hubspot', 'Microdata for Google Shopping', 'PHP', 'Perl', 'Prospective', 'SVG Support', 'Tailwind CSS', 'Theme In WP', 'UTF-8', 'WP Engine', 'WordPress', 'WordPress Multisite', 'jQuery', 'jsDelivr', 'myStickymenu', 'reCAPTCHA']"
plann.app,planN.app | System zarządzania zleceniami w terenie,,,62,34890,2026-08-19T01:17:34.009211626Z,"['Amazon', 'Amazon CloudFront', 'Amazon Route 53', 'Amazon S3 CDN', 'CloudFront', 'Content Delivery Network', 'Drift', 'GZIP Module', 'Google', 'Google Analytics', 'Google Cloud DNS', 'Google Font API', 'Google Tag Manager', 'SveltKit', 'Svelte', 'Tailwind CSS']"
agilenceinc.com,Agilence Loss Prevention Analytics & Reporting,"Agilence, Inc.",GBR,92,58392,2026-08-18T07:36:10.787105718Z,"['CDN JS', 'Calendly', 'Cloudflare', 'Cloudflare CDN', 'Content Delivery Network', 'Drift', 'ElementUI', 'Fastly', 'Fireblade', 'Google Analytics', 'Google Tag Manager', 'Hubspot Knowledge Base', 'Microdata for Google Shopping', 'QUIC', 'Tailwind CSS', 'Twitter Ads', 'UTF-8']"
getlinks.net.pk,Getlinks,,PAK,60,46159,2026-08-18T04:36:08.822233297Z,"['Apache', 'Cisco/Arrowpoint Content Service Switch', 'Coming Soon Page', 'Drift', 'GZIP Module', 'Google Cloud DNS', 'Google Font API', 'Google Maps', 'IcoMoon', 'PHP', 'QUIC', 'SMC', 'UTF-8', 'Unix', 'jQuery']"
weevi.com,Online Ordering System for Restaurants | Weevi,,USA,72,34491,2026-08-17T23:44:28.548651411Z,"['Alternate Protocol', 'CDN JS', 'Calendly', 'Checkout.com', 'Cloudflare', 'Cloudflare CDN', 'Coming Soon Page', 'Drift', 'Facebook Conversion Tracking', 'Facebook Customer Chat SDK', 'Facebook Login', 'Facebook Messenger Platform', 'Facebook Pixel', 'Facebook Reseller', 'Facebook Tag API', 'Font Awesome', 'Google Analytics', 'Google My Business', 'Google Tag Manager', 'LinkedIn Insights', 'LinkedIn Pixel', 'Microsoft Azure', 'QUIC', 'Tailwind CSS', 'Tawk', 'Thank You', 'Twitter Ads', 'Twitter Analytics', 'UTF-8', 'Visual Studio', 'WPBakery', 'jsDelivr']"
marvinstewart.com,Marvin - Portfolio,,GBR,67,47240,2026-08-17T17:50:14.8381103Z,"['DAV', 'Drift', 'Endis', 'Google Analytics', 'Google My Business', 'Google Tag Manager', 'Hotjar', 'Tailwind CSS', 'UTF-8', 'University or College', 'reCAPTCHA']"
travelershaven.com,Corporate Housing & Short Term Rentals | Travelers Haven,Travelers Haven,USA,77,65821,2026-08-17T14:05:40.523910924Z,"['501c3 Status Nonprofit', 'Alternate Protocol', 'Ametys', 'Apture Linking Platform', 'Cloudflare', 'Cloudflare CDN', 'Content Delivery Network', 'CookieYes', 'Drift', 'DuracellTomi Google Tag Manager for WordPress', 'ElementUI', 'EmbedPress', 'Gambling Content', 'Google', 'Google Analytics', 'Google Cloud DNS', 'Google Font API', 'Google Maps', 'Google Tag Manager', 'Instagram Follow Button', 'Microdata for Google Shopping', 'Ninja Forms', 'PHP', 'Pardot', 'Perl', 'QUIC', 'Tailwind CSS', 'Thank You', 'Theme In WP', 'Twitter Ads', 'UTF-8', 'University or College', 'WordPress', 'WordPress Multisite', 'jsDelivr']"
vocationaltraininghub.com,"Vocational Training Hub! Online, Virtual & At Venue.",,GBR,82,63820,2026-08-17T13:00:50.639530189Z,"['AJAX Libraries API', 'AWS WAF Challenge', 'Angular', 'Angular Material', 'Apture Linking Platform', 'Bulma', 'CDN JS', 'Calendly', 'Cloudflare', 'Cloudflare CDN', 'Corporate Governance and Regulatory Compliance', 'Drift', 'ElementUI', 'Express', 'Fireblade', 'FormSubmit', 'GZIP Module', 'Google Analytics', 'Google Cloud DNS', 'Google Font API', 'Google My Business', 'Google Tag Manager', 'ID Services', 'IcoMoon', 'Instagram Follow Button', 'Materialize CSS', 'Microdata for Google Shopping', 'NFOrce Internet', 'Nginx', 'PHP', 'Perl', 'QUIC', 'Share Link', 'Slotti', 'Subversion', 'Tailwind CSS', 'Thank You', 'Twitter Ads', 'UTF-8', 'University or College', 'YouTube', 'eLand', 'jQuery', 'jsDelivr', 'reCAPTCHA']"
rehobothconfectioneries.com,Rehoboth-Confectionaries,,NGA,70,31579,2026-08-17T09:58:37.30312383Z,"['Apache', 'Bulma', 'Drift', 'Google Cloud DNS', 'Google Font API', 'Google Maps', 'Google My Business', 'Instagram Follow Button', 'NFOrce Internet', 'Slider Revolution', 'UTF-8']"
ivansinsurance.biz,"Digital Insurance Software that Connects Carriers, MGAs & Agencies | Ivans",Ivans,USA,77,281155,2026-08-17T06:32:32.34098967Z,"['AdRoll', 'Airtable', 'Amazon', 'Amazon CloudFront', 'Amazon Route 53', 'Applied Systems', 'Asana', 'Bing Cashback', 'Bing Conversion Tracking', 'Bizible', 'Brightcove', 'CDN JS', 'ClickCease', 'CloudFront', 'Cloudflare', 'Cloudflare CDN', 'Cloudflare Web Analytics', 'CookieYes', 'DoubleClick Bid Manager', 'Drift', 'EZLynx', 'Facebook CDN', 'Facebook Reseller', 'Fastly', 'Google', 'Google Analytics', 'Google Cloud DNS', 'Google Font API', 'Google Maps', 'Google Matched Content', 'Google My Business', 'Google Reseller', 'Google Tag Manager', 'InitiativeS', 'Instagram Follow Button', 'LinkedIn Pixel', 'Marketo', 'Microsoft 365', 'Microsoft Application Insights', 'Microsoft Azure', 'Microsoft Clarity', 'Oktopost', 'OneTrust Domain Verification', 'RM Education', 'Rollbar', 'Twitter Ads', 'UTF-8', 'VWO Engage', 'Visual Website Optimizer', 'YouTube', 'ZoomInfo', 'jsDelivr']"
microbyte.com,Microbyte | Managed IT Services and Global 24/7 IT Support,Microbyte Solutions,CAN,67,68144,2026-08-17T03:46:00.067598884Z,"['Active Campaign', 'Alternate Protocol', 'Amazon WAF Blocked', 'Anti-spam for WordPress', 'BambooHR', 'CDN JS', 'CleanTalk Spam Protect', 'Clockwork', 'Cloudflare', 'Cloudflare CDN', 'Content Delivery Network', 'DoubleClick Bid Manager', 'Drift', 'EmbedPress', 'Facebook Conversion Tracking', 'Facebook Login', 'Facebook Messenger Platform', 'Facebook Pixel', 'Facebook Reseller', 'Facebook Tag API', 'Fastly', 'Fireblade', 'Google', 'Google Analytics', 'Google Cloud DNS', 'Google Font API', 'Google Maps', 'Google My Business', 'Google Tag Manager', 'Gravity', 'Gravity Forms', 'Microdata for Google Shopping', 'Microsoft 365', 'Microsoft Clarity', 'PHP', 'Page-list for WordPress', 'Perl', 'RM Education', 'Tailwind CSS', 'Twitter Ads', 'Typeform', 'UTF-8', 'WordPress', 'WordPress Multisite', 'YouTube', 'jQuery', 'jsDelivr']"
igtal.com,IGTAL Solutions,,PRT,72,159625,2026-08-17T03:03:23.797339987Z,"['AWS WAF Challenge', 'Apache', 'Cedexis', 'Cloudflare', 'Cloudflare CDN', 'Coming Soon Page', 'DemDex', 'Disqus Comment System for WordPress', 'Drift', 'Elementor', 'Facebook CDN', 'GZIP Module', 'GitHub Hosting', 'Google', 'Google My Business', 'Google Workspace', 'Instagram Follow Button', 'ProfitWell', 'QUIC', 'Sapper', 'Twitter Ads', 'UTF-8', 'Vimeo', 'Woo Themes', 'WordPress', 'YouTube', 'jQuery', 'reCAPTCHA']"
alexmclennan.com.au,Same Day Voiceovers Australia,,AUS,87,42193,2026-08-17T00:29:46.298806463Z,"['Adobe Creative Cloud WebFonts', 'Apture Linking Platform', 'Aruba', 'DAV', 'Drift', 'Express', 'GZIP Module', 'Google Analytics', 'Google Related Website Sites', 'Google Tag Manager', 'HubSpot Conversations', 'Hubspot', 'Line2', 'Microdata for Google Shopping', 'QUIC', 'SiteW', 'Squarespace', 'Tailwind CSS', 'UTF-8', 'WordPress SEO Structured Data Schema Plugin', 'eLand']"
avails.work,"Your freelance roster, their avails. | Avails or Not Inc",,CAN,67,35068,2026-08-16T17:49:13.394093716Z,"['Drift', 'Fastly', 'GZIP Module', 'Google', 'Google Analytics', 'Google Cloud DNS', 'Google Font API', 'Google Tag Manager', 'Microdata for Google Shopping', 'Nginx', 'Plausible Analytics', 'Pleroma', 'Tailwind CSS', 'Twitter Ads', 'UTF-8']"
plum.io,Phenom Acquires Plum To Validate Durable Skills AI Can’t Replace,Phenom,,67,324871,2026-08-16T14:32:04.073554041Z,"['Akamai Global Host', 'Alternate Protocol', 'Amazon', 'Amazon CloudFront', 'Amazon Route 53', 'AppNexus Direct', 'Apture Linking Platform', 'Bing Cashback', 'Bing Conversion Tracking', 'Bug Bounty', 'CDN JS', 'Chili Piper', 'Clearbit', 'Clickagy', 'CloudFront', 'Cloudflare', 'Cloudflare CDN', 'Content Delivery Network', 'Contentful', 'DoubleClick Bid Manager', 'Drift', 'Facebook Reseller', 'Fastly CDN', 'Font Awesome', 'GZIP Module', 'Google', 'Google Analytics', 'Google Cloud DNS', 'Google Font API', 'Google Matched Content', 'Google My Business', 'Google Reseller', 'Google Tag Manager', 'Hubspot', 'Instagram Follow Button', 'Marketo', 'Microsoft Azure Blob Storage', 'Microsoft Clarity', 'Mouseflow', 'Next.js', 'Oktopost', 'OneTrust Domain Verification', 'Oribi Analytics', 'Perl', 'Phenom People', 'Pleroma', 'QUIC', 'Qualified', 'SMC', 'Seflow Italy', 'Sentry', 'SharedCount', 'Sitelinks Search Box', 'StackPath', 'Twitter Ads', 'Twitter Analytics', 'UTF-8', 'University or College', 'Wistia', 'YouTube', 'ZoomInfo', 'jsDelivr']"
circlesconference.com,A Creative Design Conference | Circles Conference 2026,,USA,77,47516,2026-08-16T09:03:14.355407154Z,"['AJAX Libraries API', 'AWS WAF Challenge', 'Adobe Creative Cloud WebFonts', 'Advertising.com', 'Alternate Protocol', 'Amazon WAF Blocked', 'Cloudflare', 'Content Delivery Network', 'Corporate Governance and Regulatory Compliance', 'DAV', 'Drift', 'EmbedPress', 'Google Analytics', 'Google Cloud DNS', 'Google Font API', 'Google Tag Manager', 'Gravity', 'Gravity Forms', 'IcoMoon', 'Instagram Follow Button', 'PHP', 'Tailwind CSS', 'Theme In WP', 'Twitter Ads', 'UTF-8', 'Vimeo', 'WP Engine', 'WordPress', 'WordPress Multisite', 'jQuery']"
btlaesthetics.com.br,BodybyBTL - Discover how people have been transformed,,,60,30000,2026-08-16T06:15:13.093240624Z,"['Alternate Protocol', 'CookieYes', 'Drift', 'GZIP Module', 'Google Analytics', 'Google Related Website Sites', 'Google Tag Manager', 'Microdata for Google Shopping', 'Nginx', 'PHP', 'Tailwind CSS', 'UTF-8']"
kingdomcaster.com,Kingdomcaster: Everything You Need to Succeed Online,,USA,77,33306,2026-08-16T01:46:54.354346982Z,"['Alternate Protocol', 'Autoptimize', 'Divi', 'Drift', 'Elegant Themes', 'EmbedPress', 'Font Awesome', 'GZIP Module', 'Google', 'Google Cloud DNS', 'Google Font API', 'Instagram Follow Button', 'LinkedIn Insights', 'Microdata for Google Shopping', 'Nginx', 'PHP', 'Parallels Plesk Panel', 'Perl', 'Twitter Ads', 'UTF-8', 'Vimeo', 'WordPress', 'WordPress Multisite', 'eLand', 'jQuery']"
basicmedhouston.com,FAA BASICMED PHYSICAL EXAM,,USA,77,52988,2026-08-16T00:17:06.946540467Z,"['Alternate Protocol', 'B12', 'DAV', 'Drift', 'GZIP Module', 'GitHub Hosting', 'Google Analytics', 'Google My Business', 'Google Related Website Sites', 'Instagram Follow Button', 'Medical Online', 'Ntent', 'Perl', 'QUIC', 'Twitter Ads', 'University or College', 'Yelp Badge', 'YouTube', 'reCAPTCHA']"
burlingtonneighbourhoods.com,"Best Neighbourhoods in Burlington, Best Rated Schools in Burlington, Best Real Estate Agents in Burlington",Burlington Neighbourhoods,CAN,82,30960,2026-08-15T23:40:40.708143613Z,"['Alternate Protocol', 'Drift', 'Facebook Conversion Tracking', 'Facebook Login', 'Facebook Messenger Platform', 'Facebook Pixel', 'Facebook Reseller', 'Facebook Tag API', 'GZIP Module', 'Google Analytics', 'Google Related Website Sites', 'Google Tag Manager', 'Instagram Follow Button', 'Microdata for Google Shopping', 'Nginx', 'PHP', 'Tailwind CSS', 'UTF-8', 'Vimeo', 'WordPress', 'WordPress Multisite', 'YouTube', 'eLand', 'jsDelivr']"
demandspring.com,Strategic AI Implementation for B2B Marketing Leaders | Demand Spring,Demand Spring,CAN,92,184424,2026-08-15T19:33:43.30447518Z,"['Alibaba Cloud CDN', 'Alternate Protocol', 'Amazon WAF Blocked', 'Cloudflare', 'Cloudflare CDN', 'Content Delivery Network', 'ConvertBox', 'Download Monitor', 'Drift', 'DuracellTomi Google Tag Manager for WordPress', 'Elementor', 'EmbedPress', 'Font Awesome', 'Google Analytics', 'Google Calendar', 'Google My Business', 'Google Related Website Sites', 'Google Tag Manager', 'Gravity', 'Gravity Forms', 'Hello Elementor', 'Instagram Follow Button', 'JetElements', 'JetWooBuilder', 'Microdata for Google Shopping', 'NFOrce Internet', 'Perl', 'ProfilePress', 'QUIC', 'Salesforce Hosted', 'Sitelinks Search Box', 'Twitter Ads', 'UTF-8', 'Vue.js', 'Woo Themes', 'WooCommerce', 'WooCommerce Checkout', 'WordPress', 'WordPress Multisite', 'YouTube', 'jQuery', 'reCAPTCHA']"
halocertificationptyltd.com,JOHORTOTO: Situs Toto Link Slot Gampang Maxwin & Slot88 Resmi Terpercaya,JOHORTOTO,IND,77,179638,2026-08-15T15:37:55.664969054Z,"['AWS WAF Challenge', 'Alternate Protocol', 'Apple Auto Link Maker', 'Cedexis', 'Cloudflare', 'Cloudflare CDN', 'Cloudflare Web Analytics', 'ContentBox', 'DemDex', 'Disqus Comment System for WordPress', 'Drift', 'Facebook CDN', 'Fireblade', 'GitHub Hosting', 'Google', 'Google My Business', 'Google Play', 'Google Workspace', 'Instagram Follow Button', 'Microdata for Google Shopping', 'No-Q', 'Pico CSS', 'ProfitWell', 'QUIC', 'Radix UI', 'Twitter Ads', 'Vector Internet Services', 'Vimeo', 'reCAPTCHA', 'shadcn ui']"
unoporciento.com,One Percent Listing – Premiere Las Vegas Realtors,,USA,70,48144,2026-08-15T13:32:00.693829411Z,"['AWS WAF Challenge', 'Alternate Protocol', 'Amazon WAF Blocked', 'Apture Linking Platform', 'Cloudflare', 'Contact Form Plugin', 'Drift', 'EmbedPress', 'Facebook Conversion Tracking', 'Facebook Login', 'Facebook Messenger Platform', 'Facebook Pixel', 'Facebook Reseller', 'Facebook Tag API', 'Font Awesome', 'GTranslate', 'Google Analytics', 'Google Cloud DNS', 'Google Font API', 'Google My Business', 'Google Tag Manager', 'Gravity Forms', 'IcoMoon', 'Instagram Follow Button', 'Investor Relations', 'Line2', 'LiteSpeed', 'Nectar Slide Plugin', 'PHP', 'QUIC', 'Salient', 'Slider Revolution', 'Theme In WP', 'UTF-8', 'WP Rocket', 'WPBakery', 'WPForms', 'Woo Themes', 'WordPress', 'WordPress Multisite', 'YouTube', 'jQuery', 'reCAPTCHA']"
scaleupyourpractice.com,Practice Acceleration | Double Your Income & Halve Your Clinical Hours,Practice Acceleration Official Website,GBR,82,51685,2026-08-15T08:40:52.639845633Z,"['AWS WAF Challenge', 'Alternate Protocol', 'ClickFunnels', 'Cloudflare', 'Contact Form Plugin', 'Content Delivery Network', 'DAV', 'Drift', 'Elementor', 'EmbedPress', 'Google Analytics', 'Google Related Website Sites', 'Google Tag Manager', 'Hello Elementor', 'Instagram Feed for WordPress', 'Instagram Follow Button', 'Microdata for Google Shopping', 'NFOrce Internet', 'PHP', 'QUIC', 'Sticky Header Effects for Elementor', 'Theme In WP', 'UTF-8', 'WP Engine', 'Wistia', 'WordPress', 'WordPress Multisite', 'YouTube', 'jQuery', 'jsDelivr']"
nixle.us,Nixle - Everbridge,Everbridge,,62,401236,2026-08-15T08:40:52.633258341Z,"['Alternate Protocol', 'Amazon', 'Amazon CloudFront', 'Amazon Route 53', 'AppNexus Direct', 'Bing Cashback', 'Bing Conversion Tracking', 'CDN JS', 'CloudFront', 'Cloudflare', 'Cloudflare CDN', 'Comms', 'Content Delivery Network', 'DoubleClick Bid Manager', 'Drift', 'ElementUI', 'EmbedPress', 'Facebook Reseller', 'Fireblade', 'Google', 'Google Analytics', 'Google Cloud DNS', 'Google Matched Content', 'Google My Business', 'Google Reseller', 'Google Tag Manager', 'IcoMoon', 'Instagram Feed for WordPress', 'Instagram Follow Button', 'LiveAgent', 'Max Mega Menu', 'Max Mega Menu Pro', 'Microdata for Google Shopping', 'Microsoft Clarity', 'MultilingualPress', 'Ntent', 'OneTrust Domain Verification', 'OpenAI', 'Oribi Analytics', 'PHP', 'Salesforce', 'Salesforce Experience Cloud', 'Salesforce Hosted', 'Salesforce Live Agent', 'ScoreApp', 'Segment', 'Storyblocks', 'Theme In WP', 'Twitter Ads', 'Twitter Analytics', 'UTF-8', 'University or College', 'Vimeo CDN', 'WordPress', 'WordPress Multisite', 'YouTube', 'Zift Solutions', 'jQuery', 'jsDelivr', 'shadcn ui']"
socialtoearn.com,Learn To Earn,,,67,107477,2026-08-15T05:20:53.497725153Z,"['Adobe Creative Cloud WebFonts', 'Aruba', 'Deadline Funnel', 'Drift', 'Express', 'FormSubmit', 'GZIP Module', 'Google Analytics', 'Google Tag Manager', 'Instagram Follow Button', 'Line2', 'Magento Enterprise', 'Microdata for Google Shopping', 'QUIC', 'SiteW', 'Squarespace', 'UPS', 'UTF-8', 'WordPress SEO Structured Data Schema Plugin', 'eLand']"
vtechmeasurements.co.uk,"360 Virtual Tours – Matterport 360 Virtual Tours Experts for Real Estate, Construction and Hospitality Industries, Google Street View Publish, Panoramic Photos, Floor Plans",,CAN,70,36264,2026-08-14T23:51:41.338285957Z,"['Alternate Protocol', 'CDN JS', 'Cloudflare', 'Cloudflare CDN', 'Content Delivery Network', 'Drift', 'Elementor', 'ElementsKit Elementor', 'EmbedPress', 'FreeCSSTemplates', 'Google Analytics', 'Google Tag Manager', 'Header, Footer and Blocks for Elementor', 'Heap', 'LayerSlider Responsive', 'LiteSpeed', 'Metform Elemento', 'NFOrce Internet', 'OceanWP', 'PHP', 'Perl', 'Qi Addons For Elementor', 'Sticky Header Effects for Elementor', 'TablePress', 'Theme In WP', 'UTF-8', 'Video PopUp for Wordpress', 'WPForms', 'Woo Themes', 'WooCommerce Checkout', 'WordPress', 'WordPress Multisite', 'jQuery']"
buildzoom.com,Find local general contractors near you for free | BuildZoom,,VEN,82,84777,2026-08-14T14:16:32.021892945Z,"['AWS WAF Challenge', 'Amazon', 'Amazon CloudFront', 'Base Analytics', 'Bing Cashback', 'Bing Conversion Tracking', 'CDN JS', 'Cisco/Arrowpoint Content Service Switch', 'CloudFront', 'Cloudflare', 'Cloudflare CDN', 'Cloudflare Web Analytics', 'Cloudinary', 'Content Delivery Network', 'Drift', 'ElementUI', 'Facebook Conversion Tracking', 'Facebook Login', 'Facebook Messenger Platform', 'Facebook Pixel', 'Facebook Reseller', 'Facebook Tag API', 'Fireblade', 'Fonts.com', 'Google', 'Google Analytics', 'Google Cloud CDN', 'Google Cloud DNS', 'Google Cloud Storage', 'Google Maps', 'Google My Business', 'Google Related Website Sites', 'Google Tag Manager', 'Instagram Follow Button', 'MaxCDN', 'Microdata for Google Shopping', 'Mixpanel', 'No-Q', 'Phusion Passenger Enterprise', 'QUIC', 'Stripe', 'Tachyons', 'Tailwind CSS', 'Twitter Ads', 'UTF-8', 'Yelp Badge']"
level4orce.com,Home | Level 4,Tugboat Logic by OneTrust,USA,77,217688,2026-08-14T02:40:19.383733497Z,"['AWS WAF Challenge', 'Alternate Protocol', 'Cloudflare', 'Contact Form Plugin', 'Content Delivery Network', 'DAV', 'Drift', 'EmbedPress', 'Font Awesome', 'Gambling Content', 'Google Analytics', 'Google Tag Manager', 'HubSpot Conversations', 'Hubspot', 'Microdata for Google Shopping', 'OneTrust Domain Verification', 'Onyx Internet', 'PHP', 'QUIC', 'Salesforce Hosted', 'Tailwind CSS', 'Theme In WP', 'UTF-8', 'WP Engine', 'WordPress', 'WordPress Multisite', 'jQuery', 'jsDelivr']"
santaclaraasphalt.com,Santa Clara Asphalt Paving | Santa Clara Asphalt Paving & Surfacing Contractor,,USA,65,42506,2026-08-13T23:57:01.914282837Z,"['Alternate Protocol', 'Content Delivery Network', 'Divi', 'Drift', 'Elegant Themes', 'Elfsight', 'EmbedPress', 'Ethy', 'Google', 'Google Cloud CDN', 'Google Cloud DNS', 'Google Font API', 'Instagram Follow Button', 'Nginx', 'PHP', 'QUIC', 'RM Education', 'Theme In WP', 'Typeform', 'UTF-8', 'Woo Themes', 'WordPress', 'WordPress Multisite', 'YouTube', 'jQuery']"
doorofclubs.org,Login | Door of Clubs,,,52,30399,2026-08-13T20:44:32.278849544Z,"['Alternate Protocol', 'Amazon S3 CDN', 'Amazon WAF Blocked', 'Apture Linking Platform', 'Bulma', 'CDN JS', 'Cloudflare', 'Cloudflare CDN', 'Drift', 'GZIP Module', 'GitHub Hosting', 'Google Analytics', 'Google Cloud DNS', 'Google Font API', 'Google My Business', 'Hotjar', 'HubSpot Conversations', 'Hubspot', 'IcoMoon', 'Instagram Follow Button', 'Medium', 'Mixpanel', 'New Relic', 'Nginx', 'Sentry', 'Storyblocks', 'Twitter Ads', 'Twitter Analytics', 'Twitter Conversion Tracking', 'UTF-8', 'User.com']"
readingplus.com,Reading Plus - Adaptive Literacy Program - Hybrid Learning,Reading Plus,GBR,77,85951,2026-08-13T20:21:56.598348245Z,"['Alternate Protocol', 'Amazon WAF Blocked', 'Apture Linking Platform', 'Bizible', 'Content Delivery Network', 'Drift', 'DuracellTomi Google Tag Manager for WordPress', 'EmbedPress', 'Fastly', 'GZIP Module', 'GenerateBlocks', 'GetResponse', 'GitHub Hosting', 'Google Analytics', 'Google Cloud DNS', 'Google Font API', 'Google Related Website Sites', 'Google Tag Manager', 'Gravity', 'Gravity Forms', 'Instagram Follow Button', 'Microdata for Google Shopping', 'New Relic', 'Nginx', 'PHP', 'Schema Plugin', 'Theme In WP', 'Twitter Ads', 'UTF-8', 'University or College', 'WPFront Notification Bar', 'Wistia', 'WordPress', 'WordPress Multisite', 'YouTube', 'jQuery']"
losgatosasphalt.com,Los Gatos Asphalt Co. | Los Gatos Asphalt Paving & Surfacing Contractor,,USA,65,84306,2026-08-13T13:48:31.68057906Z,"['Alternate Protocol', 'Content Delivery Network', 'Divi', 'Drift', 'Elegant Themes', 'Elfsight', 'EmbedPress', 'Ethy', 'Google', 'Google Cloud CDN', 'Google Cloud DNS', 'Google Font API', 'Instagram Follow Button', 'Nginx', 'PHP', 'QUIC', 'SMC', 'Theme In WP', 'UTF-8', 'University or College', 'Woo Themes', 'WordPress', 'WordPress Multisite', 'YouTube', 'jQuery']"
finder.expert,Finder.Expert Home - Email Finder | Find Corporate Emails,,,75,42117,2026-08-13T12:30:42.013303436Z,"['ADFOX', 'AJAX Libraries API', 'Alternate Protocol', 'CDN JS', 'Cloudflare', 'Cloudflare CDN', 'Coming Soon Page', 'Drift', 'Facebook Conversion Tracking', 'Facebook Login', 'Facebook Messenger Platform', 'Facebook Pixel', 'Facebook Reseller', 'Facebook Tag API', 'Font Awesome', 'GZIP Module', 'Google Analytics', 'Google Cloud DNS', 'Google Font API', 'Google My Business', 'Google Tag Manager', 'Hotjar', 'Instagram Follow Button', 'Lazy Load for WordPress', 'Nginx', 'PHP', 'QUIC', 'StackPath', 'Tailwind CSS', 'Theme In WP', 'Twitter Ads', 'UTF-8', 'W3 Total Cache', 'WordPress', 'WordPress Multisite', 'Yandex Hosting', 'Yandex Metrika', 'jQuery']"
hemmafixa.se,"Hemmafixa – Städning, Målning & Underhåll i Sverige",hemmafixa.se,SWE,77,37909,2026-08-13T01:43:56.431397019Z,"['Ajax Search Lite', 'Alternate Protocol', 'Contact Form Plugin', 'Drift', 'Elementor', 'EmbedPress', 'Essential Addons for Elementor', 'GZIP Module', 'Google', 'Google Analytics', 'Google Cloud DNS', 'Google Font API', 'Google My Business', 'Google Related Website Sites', 'Google Tag Manager', 'Header, Footer and Blocks for Elementor', 'Instagram Follow Button', 'LiteSpeed', 'Matomo', 'Matomo Tag Manager', 'Microdata for Google Shopping', 'NFOrce Internet', 'Nginx', 'Ntent', 'PHP', 'The Post Grid', 'Theme In WP', 'TrustIndex', 'UTF-8', 'Ubuntu', 'WhatsApp Sharing', 'WordPress', 'WordPress Multisite', 'YouTube', 'jQuery', 'qTranslate']"
caviartastings.com,Virtual Chocolate Events & Corporate Team Building Experiences,,USA,72,195226,2026-08-12T20:33:21.655653299Z,"['Amazon', 'Apture Linking Platform', 'Baidu Cloud', 'Cloudflare', 'Cloudflare CDN', 'Drift', 'Google', 'Google Cloud DNS', 'Google Maps', 'Google Related Website Sites', 'IcoMoon', 'Instagram Follow Button', 'MailChimp', 'Microdata for Google Shopping', 'POWr', 'Privy', 'QUIC', 'Reputon', 'Salesforce Hosted', 'Schema Plugin', 'Shopify', 'Shopify Collabs', 'Telegram', 'Twitter Ads', 'UTF-8', 'Yandex Hosting', 'YouTube', 'hCaptcha', 'jQuery', 'reCAPTCHA']"
chirocollective.com,The Chiro Collective – Social Content for Chiros,,,55,32004,2026-08-12T20:33:21.654602917Z,"['Alternate Protocol', 'Apache', 'Apture Linking Platform', 'Astra Theme', 'Cisco/Arrowpoint Content Service Switch', 'DAV', 'Drift', 'Elementor', 'EmbedPress', 'Google Analytics', 'Google Tag Manager', 'Line2', 'NFOrce Internet', 'PHP', 'Parallels Plesk Panel', 'Perl', 'QUIC', 'Theme In WP', 'UTF-8', 'Vercel', 'Woo Themes', 'WooCommerce', 'WooCommerce Checkout', 'WooCommerce Pixel Manager by woopt', 'WooCommerce Stripe Payment Gateway', 'WordPress', 'WordPress Multisite', 'WordPress Related Posts', 'eLand', 'jQuery']"
bravepact.com,iPCR - NEMSIS Gold Compliant ePCR Software,,,77,38747,2026-08-12T17:59:31.073378888Z,"['Amazon CloudFront', 'Apache', 'CDN JS', 'Call to Visit', 'CloudFront', 'Cloudflare', 'Cloudflare CDN', 'Drift', 'Fancybox for WordPress', 'GZIP Module', 'Google Analytics', 'Google My Business', 'Google Related Website Sites', 'Google Tag Manager', 'Gravity', 'Gravity Forms', 'IcoMoon', 'Microdata for Google Shopping', 'QUIC', 'Tailwind CSS', 'UTF-8', 'Ubuntu', 'Vector Internet Services', 'WordPress', 'reCAPTCHA']"
commercialmortgagemark.com,"Commercial Mortgage Unlimited – $35k to $100M Commercial Loans Full Doc, Lite, No Doc (201-925-3470) Custom Residential and Commercial Investment and Commercial Owner Occupied Lending!",,NOR,65,42201,2026-08-12T14:32:29.194510675Z,"['Alternate Protocol', 'Apache', 'Better Lead Generation Services', 'Contact Form Plugin', 'Drift', 'EmbedPress', 'GZIP Module', 'Gambling Content', 'Google Cloud DNS', 'Google Font API', 'Hello Bar', 'LoopNet', 'NFOrce Internet', 'PHP', 'Parcel', 'QUIC', 'Rackspace CDN', 'Theme In WP', 'UTF-8', 'WP Super Cache', 'Wix Media', 'WordPress', 'WordPress Multisite', 'YouTube']"
funkyhowler.co.uk,Web Design Agency | Responsive Local Website Design-Funky Howler,Funky Howler Digital Web Design and Marketing Agency,GBR,67,55908,2026-08-12T11:30:48.83705653Z,"['AJAX Libraries API', 'AWS WAF Challenge', 'Alexa Certified Site Metrics', 'Amazon', 'Amazon CloudFront', 'Animate It', 'Apture Linking Platform', 'CloudFront', 'Cloudflare', 'Content Delivery Network', 'Drift', 'Express', 'Facebook Conversion Tracking', 'Facebook Login', 'Facebook Messenger Platform', 'Facebook Pixel', 'Facebook Reseller', 'Facebook Tag API', 'GZIP Module', 'Google', 'Google Analytics', 'Google Cloud DNS', 'Google Font API', 'Google Related Website Sites', 'Google Tag Manager', 'Hotjar', 'IcoMoon', 'Instagram Follow Button', 'MailChimp', 'Microdata for Google Shopping', 'Sitelinks Search Box', 'Tailwind CSS', 'Twitter Ads', 'UTF-8', 'WF Cookie Consent', 'Yandex Hosting', 'Yelp Badge', 'reCAPTCHA']"
healixrepair.com,"Healix Smartphone Repair | Staten Island, NY Cell Phone Repair Center",Healix Smartphone Repair,NZL,77,107053,2026-08-12T03:02:36.296944098Z,"['Adobe Creative Cloud WebFonts', 'Amazon CloudFront', 'Aruba', 'Bing Cashback', 'Bing Conversion Tracking', 'CloudFront', 'Drift', 'Express', 'Facebook Login', 'Facebook Messenger Platform', 'Facebook Pixel', 'Facebook Reseller', 'Facebook Tag API', 'GZIP Module', 'Google Analytics', 'Google Related Website Sites', 'Google Tag Manager', 'Harbor', 'Instagram Follow Button', 'Line2', 'Magento Enterprise', 'Microdata for Google Shopping', 'QUIC', 'SiteW', 'Squarespace', 'Twitter Ads', 'UTF-8', 'WordPress SEO Structured Data Schema Plugin', 'Yelp Badge', 'YouTube', 'eLand']"
toocooltshirtquilts.com,Too Cool T-shirt Quilts | Quilts Made With Your T-shirts,,USA,82,59763,2026-08-12T01:41:08.13743141Z,"['Alternate Protocol', 'Apture Linking Platform', 'BrightInfo', 'CDN JS', 'Cloudflare', 'Cloudflare CDN', 'Cludo', 'Content Delivery Network', 'Drift', 'Fastly', 'Font Awesome', 'Google', 'Google Analytics', 'Google Cloud DNS', 'Google Customer Reviews', 'Google Font API', 'Google My Business', 'Google Tag Manager', 'Hotjar', 'Hubspot Knowledge Base', 'Lucky Orange', 'Microdata for Google Shopping', 'QUIC', 'Tailwind CSS', 'UTF-8', 'University or College', 'jQuery']"
gig.asia,"Gig Interactive - Web Design Sri Lanka, Web Developing Sri Lanka, Ecommerce and Mobile Apps Sri Lanka",GiG Interactive,,62,30540,2026-08-11T15:42:29.741266055Z,"['Drift', 'Facebook Conversion Tracking', 'Facebook Login', 'Facebook Messenger Platform', 'Facebook Pixel', 'Facebook Reseller', 'Facebook Tag API', 'Google Analytics', 'Google My Business', 'Google Tag Manager', 'Instagram Follow Button', 'Microdata for Google Shopping', 'QUIC', 'Twitter Ads', 'UTF-8', 'Zopim', 'shadcn ui']"
studioprgroup.com,"The Gainsboro Spotlight & Joan Bateman Joan Bateman Photographer and Lead with The Gainsboro Spotlight, home of #TheFashionFiles , Fashion, #Commercial and #Portrait Photography available at #destinations #worldwide, or in our amazing studio!! contact us at 1403 5263054 or joan@gainsboro.ca http://www.gainsboro.ca Gainsborogal on Instagram Gainsboro_gal on Twitter Studiogal on snapchat",Worldwide,USA,77,33613,2026-08-11T13:29:32.624836693Z,"['Adobe Creative Cloud WebFonts', 'Aruba', 'Drift', 'Express', 'Fastly', 'GZIP Module', 'Google My Business', 'Instagram Follow Button', 'Line2', 'Microdata for Google Shopping', 'QUIC', 'Squarespace', 'Twitter Ads', 'UTF-8', 'WordPress SEO Structured Data Schema Plugin', 'YouTube', 'eLand']"
evergreenglobalrealestate.com,We Buy and Sell Houses in Colorado Springs - Fast Home Buyers,,ARG,77,56551,2026-08-11T09:19:07.26288788Z,"['AWS WAF Challenge', 'Add to Any', 'Agent Image', 'Alternate Protocol', 'Cloudflare', 'Cloudflare CDN', 'Drift', 'EmbedPress', 'Facebook Conversion Tracking', 'Facebook Login', 'Facebook Messenger Platform', 'Facebook Pixel', 'Facebook Reseller', 'Facebook Tag API', 'Fast', 'Google Analytics', 'Google Cloud DNS', 'Google Font API', 'Google Related Website Sites', 'Google Tag Manager', 'Instagram Follow Button', 'Investor Relations', 'Microdata for Google Shopping', 'PHP', 'PWA', 'Podio', 'QUIC', 'Twitter Ads', 'UTF-8', 'WordPress', 'WordPress Multisite', 'YouTube', 'Zopim']"
hypenhue.com,Hype n Hue Media,,,50,75323,2026-08-11T07:53:56.451704597Z,"['AWS WAF Challenge', 'Amazon', 'Better Lead Generation Services', 'CDN JS', 'Cedexis', 'Cloudflare', 'Cloudflare CDN', 'DemDex', 'Disqus Comment System for WordPress', 'Drift', 'ElementUI', 'Facebook CDN', 'GZIP Module', 'GitHub Hosting', 'Google', 'Google Cloud DNS', 'Google Font API', 'Google My Business', 'Google Workspace', 'Instagram Follow Button', 'Nginx', 'ProfitWell', 'Twitter Ads', 'UTF-8', 'Vimeo', 'jsDelivr', 'reCAPTCHA']"
gsd.net,Home - Award Winning Agency - Graham Shapiro Design,Graham Shapiro Design,GBR,77,1840490,2026-08-11T06:20:30.040284514Z,"['33 Across Direct', 'AB Tasty', 'ADFOX', 'AWS WAF Challenge', 'Active Campaign', 'AdRoll', 'AddThis for Wordpress', 'Adform Direct', 'Adobe Analytics', 'Adobe Marketing Cloud', 'Adpushup', 'Aimtell', 'Akamai Global Host', 'Alibaba Cloud CDN', 'Alternate Protocol', 'Amazon Associates Affiliate Shop', 'Amazon CloudFront', 'Amazon WAF Blocked', 'Amped', 'Amplitude', 'Analytify', 'AnyChat', 'Apache', 'AppNexus Direct', 'Automattic', 'BLR', 'Baidu Ads', 'Baidu Analytics', 'Baidu Cloud', 'Band Camp', 'Bazaarvoice', 'Bazaarvoice Curations', 'BidSwitch Direct', 'Bing Cashback', 'Bing Conversion Tracking', 'Birdeye', 'Brevo', 'Brightcove', 'ByteDance', 'Calendly', 'Camp', 'Chartbeat', 'Chatra', 'Clicky', 'CloudFront', 'Cloudflare', 'Cloudflare CDN', 'Cloudflare Stream', 'Cloudflare Web Analytics', 'Cognito Forms', 'Connatix Reseller', 'Constant Contact', 'Content Square', 'Convert', 'ConvertKit', 'Cookie First', 'CookieYes', 'Countly', 'CrazyEgg', 'Crisp', 'Criteo', 'Criteo Reseller', 'Crowdsignal', 'Customer.io', 'Cybot', 'DailyMotion Video', 'Dailymotion Reseller', 'Decibel Insight', 'DemDex', 'Didomi', 'Disqus Comment System for WordPress', 'DoubleClick Bid Manager', 'Drift', 'Drip', 'Dynamic Yield', 'Eber', 'Eloqua', 'EmbedPress', 'Engage', 'Ensighten', 'Enzuzo', 'ExactTarget', 'Ezoic Direct', 'Ezoic Publisher', 'Facebook Embedded Posts', 'Facebook Pixel', 'Facebook Reseller', 'Feefo', 'Fomo', 'Font Awesome', 'Fonts.com', 'Formstack', 'Freshdesk Support', 'Freshpaint', 'Freshworks Bot', 'FullStory', 'GZIP Module', 'GetGist', 'GetResponse', 'GetSiteControl', 'Giphy', 'GoatCounter', 'Google', 'Google Adsense', 'Google Analytics', 'Google Calendar', 'Google Cloud CDN', 'Google Cloud DNS', 'Google Flights Conversion Tracking', 'Google Font API', 'Google Funding Choices', 'Google Maps', 'Google Matched Content', 'Google My Business', 'Google Reseller', 'Google Tag Manager', 'Gorgias', 'Gravity', 'Gravity Forms', 'GumGum', 'GumGum Direct', 'Heap', 'Hello Bar', 'Help Scout', 'HelpCrunch', 'Hotjar', 'HubSpot Conversations', 'Hubspot', 'Infolinks', 'Inspectlet', 'Instagram Follow Button', 'Intercom', 'IponWeb BidSwitch', 'Iterable', 'Iubenda', 'JW Player Platform', 'Jetpack', 'JivoSite', 'JotForm', 'Kakao', 'Kaltura', 'Kameleoon', 'Kampyle Analytics', 'Klaviyo', 'Leadfeeder', 'Lijit Reseller', 'LinkedIn Insights', 'LiveChat', 'LiveChat Monitoring', 'LiveRamp', 'MGID', 'MGID Reseller', 'MailChimp', 'MailerLite', 'Mailjet Widget', 'Marketo', 'Matomo', 'Mautic', 'Media.net', 'Media.net Reseller', 'Mediavine Publisher', 'Microdata for Google Shopping', 'Microsoft Azure Blob Storage', 'Microsoft Clarity', 'Mixpanel', 'Monetate', 'Monster', 'Monumetric Publisher', 'Mouseflow', 'New Relic', 'Ntent', 'Nudgify', 'OSS CDN', 'Okendo', 'Olark', 'OmniConvert', 'Omnisend', 'OneTrust Domain Verification', 'Ontraport', 'OpenX Direct', 'Optimizely Recommendations', 'OptinMonster', 'Outbrain Direct', 'PHP', 'Paperform', 'Pardot', 'Parse.ly', 'PayPal', 'PayPal Adaptive Payments', 'Pendo', 'Personyze', 'Pinterest Conversion Tracking', 'Pirsch', 'Piwik PRO', 'Plausible Analytics', 'Podium', 'PollDaddy', 'PubMatic Direct', 'Pubmatic', 'PushAlert', 'PushEngage', 'Qualtrics Site Intercept', 'Quantcast Direct', 'Quantum Metric', 'RM Education', 'RTB House Direct', 'Reamaze', 'Revcontent Reseller', 'ReviewsOnMyWebsite', 'Rumble Player', 'ScarabResearch', 'Seflow Italy', 'Segment', 'Segment Consent Manager', 'SendPulse', 'Sentry', 'ShareThis', 'Shopper Approved', 'Simple Analytics', 'SiteW', 'SiteWit', 'SmartAdServer Direct', 'SmartSupp', 'SnapEngage', 'Sourcepoint', 'SproutVideo', 'Stamped', 'StatCounter', 'Streamable', 'Stripe', 'Sumo', 'Swell Rewards', 'Taboola Direct', 'Taboola Reseller', 'Tally', 'Tealium', 'Telegram', 'The Trade Desk Direct', 'Theme In WP', 'Thrive Direct', 'TikTok Conversion Tracking Pixel', 'Triple Lift Direct', 'TrustPulse', 'Tumblr', 'Twitch', 'Twitter Ads', 'Twitter Analytics', 'Typeform', 'UK Cookie Consent', 'UTF-8', 'University or College', 'Vercel', 'Vimeo', 'Vimeo CDN', 'Vine Embed', 'Visual Website Optimizer', 'Webpushr', 'Wistia', 'Woo Themes', 'Woopra', 'WordPress', 'WordPress Multisite', 'Wufoo', 'Yahoo Image CDN', 'Yahoo Web Analytics', 'Yandex Hosting', 'Yieldmo Direct', 'Yotpo', 'YouTube', 'Zendesk Embeddables', 'Zoho SalesIQ', 'arsys.es', 'comScore', 'eKomi', 'iZooto', 'jQuery', 'jsDelivr', 'mParticle', 'reCAPTCHA']"
sanblox.com,"Red Hat Acquires Permabit Assets, Eases Barriers to Cloud Portability with Data Deduplication Technology",,,77,703845,2026-08-11T01:38:19.281024934Z,"['AWS WAF Challenge', 'Adobe Analytics', 'Adobe Marketing Cloud', 'Alternate Protocol', 'Amazon', 'Amazon CloudFront', 'Amazon Route 53', 'Apache', 'Baidu Ads', 'Baidu Analytics', 'Baidu Cloud', 'Bing Cashback', 'Bing Conversion Tracking', 'CDN JS', 'Cisco/Arrowpoint Content Service Switch', 'Clickagy', 'CloudFront', 'Cloudflare', 'Cloudflare CDN', 'Content Delivery Network', 'Content Square', 'Corporate Governance and Regulatory Compliance', 'DemDex', 'DoubleClick Bid Manager', 'Drift', 'Drupal', 'Facebook Reseller', 'Font Awesome', 'GZIP Module', 'Google Analytics', 'Google Cloud DNS', 'Google Font API', 'Google Tag Manager', 'Instagram Follow Button', 'Intercom', 'Investor Relations', 'LinkedIn Pixel', 'Marketo', 'Nginx', 'OpenSSL', 'Oracle Cloud', 'PHP', 'Perl', 'Plausible Analytics', 'Python', 'Qualtrics Site Intercept', 'Salesforce Hosted', 'Sentry', 'Squid', 'Subversion', 'TrustRadius', 'Twitter Ads', 'Twitter Analytics', 'UTF-8', 'University or College', 'Unix', 'UserZoom', 'YouTube']"
rembagroup.com.au,"Transfer Video, Film, Audio, & Images in Perth | DiskBank",,,77,125377,2026-08-10T21:09:07.658683224Z,"['Alternate Protocol', 'Better Lead Generation Services', 'Content Delivery Network', 'Contento', 'DAV', 'Drift', 'Gatsby JS', 'Google Analytics', 'Google Tag Manager', 'HMDG', 'Instagram Follow Button', 'Microdata for Google Shopping', 'Netlify', 'QUIC', 'SMC', 'Schema Plugin', 'Subversion', 'UTF-8', 'WordPress', 'WordPress SEO Structured Data Schema Plugin']"
skymineuav.com,skymineUAV - Unbiased drone advice for the the mining industry,,CAN,77,30687,2026-08-10T20:40:55.173227685Z,"['Advertising.com', 'Alternate Protocol', 'Angular', 'Apture Linking Platform', 'Drift', 'EmbedPress', 'Font Awesome', 'Formidable Pro Form', 'GZIP Module', 'Google Analytics', 'Google Cloud DNS', 'Google Conversion Tracking', 'Google Font API', 'Google Tag Manager', 'Nginx', 'PHP', 'Parallels Plesk Panel', 'QUIC', 'Sitelinks Search Box', 'Theme In WP', 'UTF-8', 'WordPress', 'WordPress Multisite', 'YouTube', 'jQuery']"
edmondspostacute.com,Home - Edmonds Post Acute,Edmonds Post Acute,,72,345817,2026-08-10T20:09:38.832776439Z,"['Active Campaign', 'ActiveDEMAND', 'Adobe Marketing Cloud', 'Adult Content', 'Alternate Protocol', 'Amazon Associates Affiliate Shop', 'Amazon WAF Blocked', 'AppNexus Direct', 'Apture Linking Platform', 'Bing Cashback', 'Bing Conversion Tracking', 'Birdeye', 'ByteDance', 'CallRail', 'Content Delivery Network', 'DAV', 'DemDex', 'Divi', 'DoubleClick Bid Manager', 'Drift', 'Elegant Themes', 'EmbedPress', 'Facebook Pixel', 'Facebook Reseller', 'Font Awesome', 'GZIP Module', 'Global Privacy Control', 'Google', 'Google Analytics', 'Google Cloud CDN', 'Google Cloud DNS', 'Google Font API', 'Google My Business', 'Google Related Website Sites', 'Google Tag Manager', 'Gravity', 'Gravity Forms', 'Hotjar', 'Intercom', 'Invoca', 'Lazy Load for WordPress', 'LinkedIn Insights', 'LiveChat Monitoring', 'Microdata for Google Shopping', 'Microsoft Clarity', 'Nginx', 'OpenX Direct', 'Outbrain Direct', 'PHP', 'Pipedrive', 'Pubmatic', 'Salesforce Social Studio', 'SightMap', 'Taboola Direct', 'Taboola Reseller', 'Triple Lift Direct', 'Twitter Ads', 'Twitter Analytics', 'UTF-8', 'Vimeo', 'WP Job Openings', 'WP Rocket', 'Woo Themes', 'WordPress', 'WordPress Multisite', 'Yardi Systems', 'YouTube', 'reCAPTCHA']"
lorenteoutlet.com,Lorente Outlet | Products,,USA,60,30843,2026-08-10T08:45:09.664646715Z,"['Drift', 'ElementUI', 'Fastly', 'GZIP Module', 'Google Cloud DNS', 'Google Font API', 'HostGator', 'Microsoft Azure', 'Microsoft IIS', 'Parallels Plesk Panel', 'QUIC', 'UTF-8', 'Visual Studio']"
credoconsultsng.com,Credo Consults - Intelligent Business and Management Solutions,Credo Consults,NGA,77,45288,2026-08-10T06:52:34.832557553Z,"['AWS WAF Challenge', 'Alternate Protocol', 'Apache', 'Contact Form Plugin', 'Corporate Governance and Regulatory Compliance', 'Drift', 'Elementor', 'EmbedPress', 'Google Analytics', 'Google Cloud DNS', 'Google Font API', 'Google Tag Manager', 'Hello Elementor', 'InitiativeS', 'Microdata for Google Shopping', 'Site Kit', 'UTF-8', 'WordPress', 'WordPress Multisite', 'jQuery']"
happyvet.online,happyvet – Taking Vets Online,,,55,36939,2026-08-09T14:04:03.316264149Z,"['Add to Any', 'Alternate Protocol', 'Astra Theme', 'Cloudflare', 'DAV', 'Drift', 'Elementor', 'EmbedPress', 'Font Awesome', 'FreeBSD', 'GZIP Module', 'Investor Relations', 'KeyCDN', 'Nginx', 'PHP', 'Python', 'QUIC', 'Salesforce Hosted', 'Shopware', 'UTF-8', 'University or College', 'Vector Internet Services', 'WordPress', 'Yandex Hosting', 'symfony PHP Framework']"
absoluteteamsporthaarlem.nl,Soccercenter Haarlem,,NLD,65,30040,2026-08-09T10:59:47.622325835Z,"['Drift', 'GZIP Module', 'Google Analytics', 'Google Cloud DNS', 'Google Font API', 'Google Tag Manager', 'Instagram Follow Button', 'Nginx', 'PHP', 'PWA', 'Tawk', 'UTF-8']"
shenaleekorn.com,Shena Lee Korn - Your Luxury Real Estate Expert,,USA,77,94185,2026-08-09T06:06:01.015510045Z,"['Alternate Protocol', 'Amazon', 'Amazon CloudFront', 'Amazon S3 CDN', 'Apture Linking Platform', 'Brightcove', 'CloudFront', 'Content Delivery Network', 'Drift', 'Fireblade', 'Font Awesome', 'GZIP Module', 'Google', 'Google Cloud CDN', 'Google Cloud DNS', 'Google Font API', 'Google Maps', 'Google My Business', 'IcoMoon', 'Instagram Follow Button', 'LeadRouter', 'Microdata for Google Shopping', 'Nationwide Mortgage Licensing System and Registry', 'Neighborhoods', 'OpenResty', 'PHP', 'Placester', 'Prospective', 'QUIC', 'RM Education', 'Schema Plugin', 'Share Link', 'Sign In With Google', 'Sitelinks Search Box', 'Spark Platform', 'Storyblocks', 'Twitter Ads', 'UTF-8', 'UserWay', 'Vimeo', 'WordPress']"
randomsky.com,Random Sky,Random Sky Studio,USA,62,31213,2026-08-08T12:43:41.79059025Z,"['Adobe Creative Cloud WebFonts', 'Alternate Protocol', 'Aruba', 'Drift', 'Express', 'Facebook Login', 'Facebook Messenger Platform', 'Facebook Pixel', 'Facebook Reseller', 'Facebook Tag API', 'GZIP Module', 'Google Analytics', 'Google Tag Manager', 'Instagram Follow Button', 'Line2', 'Microdata for Google Shopping', 'QUIC', 'Squarespace', 'UTF-8', 'WordPress SEO Structured Data Schema Plugin', 'YouTube', 'eLand']"
earthauz02.com,Real Estate Philippines – Condo & House for Sale & Rent – Condo unit bgc makati pasay city avida turf,Earthauz,PHL,77,177364,2026-08-08T12:19:36.028003691Z,"['AWS WAF Challenge', 'Alternate Protocol', 'Cedexis', 'Cloudflare', 'Cloudflare CDN', 'Coming Soon Page', 'DemDex', 'Disqus Comment System for WordPress', 'Drift', 'Facebook CDN', 'Facebook Conversion Tracking', 'Facebook Login', 'Facebook Messenger Platform', 'Facebook Pixel', 'Facebook Reseller', 'Facebook Tag API', 'GZIP Module', 'Gambling Content', 'GitHub Hosting', 'Google', 'Google Adsense', 'Google Analytics', 'Google Funding Choices', 'Google Matched Content', 'Google My Business', 'Google Recommendations AI', 'Google Reseller', 'Google Tag Manager', 'Google Workspace', 'IcoMoon', 'Instagram Follow Button', 'LiveChat', 'LiveChat Monitoring', 'Microdata for Google Shopping', 'MyLiveChat', 'Nginx', 'Ntent', 'ProfitWell', 'QUIC', 'Rocket Chat', 'Tailwind CSS', 'Twitter Ads', 'UTF-8', 'Vimeo', 'WordPress SEO Structured Data Schema Plugin', 'reCAPTCHA']"
empirestatepurchasinggroup.com,"New York Bids, State Government Contracts & RFPs - Empire | BidNet Direct",BidNet Direct,USA,77,34840,2026-08-08T11:16:25.564967229Z,"['Amazon', 'Drift', 'FreeCSSTemplates', 'GZIP Module', 'Google', 'Google Cloud DNS', 'Google Font API', 'Google My Business', 'Microdata for Google Shopping', 'QUIC', 'Twitter Ads', 'UTF-8']"
lancercasualty.com,Lancer Insurance,Lancer Insurance Company,USA,82,32093,2026-08-08T08:32:50.925178751Z,"['AJAX Libraries API', 'Adobe Creative Cloud WebFonts', 'Aruba', 'CDN JS', 'Cloudflare', 'Cloudflare CDN', 'Corporate Governance and Regulatory Compliance', 'DAV', 'Drift', 'Express', 'GZIP Module', 'Google Analytics', 'Google Cloud DNS', 'Google Related Website Sites', 'Google Tag Manager', 'Line2', 'Microdata for Google Shopping', 'QUIC', 'SiteW', 'Squarespace', 'UTF-8', 'WordPress SEO Structured Data Schema Plugin', 'eLand', 'jQuery']"
brickellbygladys.com,Brickell Condos for Sale | Brickell Luxury Condos Brickell By Gladys,,USA,82,67987,2026-08-08T03:44:07.890923391Z,"['AutoComplete', 'Basic', 'Content Delivery Network', 'Drift', 'EmbedPress', 'GDPR Cookie Compliance', 'GZIP Module', 'Google Analytics', 'Google Cloud DNS', 'Google Font API', 'Google Maps', 'Google My Business', 'Google Tag Manager', 'IDX Boost', 'IcoMoon', 'Microdata for Google Shopping', 'Neighborhoods', 'Nginx', 'Ntent', 'PHP', 'Pico CSS', 'Prospective', 'Rackspace CDN', 'Share Link', 'Sign In With Google', 'SiteW', 'Storyblocks', 'TREM Group', 'Tailwind CSS', 'Theme In WP', 'UTF-8', 'UserWay', 'WordPress', 'WordPress Multisite', 'YouTube', 'jQuery', 'reCAPTCHA']"
teammns.org,Mainstream Nonprofit Solutions - Nonprofit Outsourcing & Support,,USA,72,86796,2026-08-07T06:28:28.6618203Z,"['501c3 Status Nonprofit', 'AWS WAF Challenge', 'Alternate Protocol', 'CareTech CareWorks', 'Cloudflare', 'Cloudflare CDN', 'Content Delivery Network', 'Drift', 'EmbedPress', 'Eventbrite', 'Google Analytics', 'Google Cloud DNS', 'Google Font API', 'Google Tag Manager', 'Gravity', 'Gravity Forms', 'IcoMoon', 'Line2', 'Matomo', 'Matomo Tag Manager', 'Menu Icons by ThemeIsle', 'Meta Slider for WordPress', 'Nectar Slide Plugin', 'PHP', 'QUIC', 'Salient', 'Theme In WP', 'UTF-8', 'Vector Internet Services', 'WPBakery', 'WordPress', 'WordPress Multisite', 'Yandex Hosting', 'Yelp Badge', 'YouTube', 'jQuery']"
meadowbrookbhc.com,Home - Meadowbrook Behavioral Health Center,Meadowbrook Behavioral Health Center,USA,77,360996,2026-08-07T04:18:37.761761467Z,"['AWS WAF Challenge', 'Active Campaign', 'ActiveDEMAND', 'Adobe Marketing Cloud', 'Akismet', 'Alternate Protocol', 'Amazon Associates Affiliate Shop', 'Amazon WAF Blocked', 'Apache', 'AppNexus Direct', 'Apture Linking Platform', 'Bing Cashback', 'Bing Conversion Tracking', 'Birdeye', 'ByteDance', 'CallRail', 'DemDex', 'Divi', 'DoubleClick Bid Manager', 'Drift', 'Elegant Themes', 'EmbedPress', 'Facebook Pixel', 'Facebook Reseller', 'Font Awesome', 'GZIP Module', 'Global Privacy Control', 'Google', 'Google Analytics', 'Google Cloud DNS', 'Google Font API', 'Google My Business', 'Google Related Website Sites', 'Google Tag Manager', 'Gravity', 'Gravity Forms', 'Gtranslate for Wordpress', 'Hotjar', 'Intercom', 'Invoca', 'Lazy Load for WordPress', 'LinkedIn Insights', 'LiveChat Monitoring', 'Microdata for Google Shopping', 'Microsoft Clarity', 'OpenX Direct', 'Outbrain Direct', 'PHP', 'Page-list for WordPress', 'Pipedrive', 'Pubmatic', 'Salesforce Social Studio', 'SightMap', 'Taboola Direct', 'Taboola Reseller', 'Theme In WP', 'Triple Lift Direct', 'Twitter Ads', 'Twitter Analytics', 'UTF-8', 'Ubuntu', 'Vimeo', 'WP Rocket', 'WordPress', 'WordPress Multisite', 'Yardi Systems', 'YouTube', 'jQuery', 'reCAPTCHA']"
auroradesigngrp.com,Aurora Design Group,Aurora Design Group,USA,77,31309,2026-08-07T00:56:16.676101804Z,"['Adobe Creative Cloud WebFonts', 'Alternate Protocol', 'Aruba', 'Drift', 'Express', 'FormSubmit', 'GZIP Module', 'Google Analytics', 'Google Tag Manager', 'Instagram Follow Button', 'Line2', 'Microdata for Google Shopping', 'QUIC', 'Squarespace', 'UTF-8', 'WordPress SEO Structured Data Schema Plugin', 'eLand']"
memoraveltravel.com,Memoravel Travel - The best above the rest.,,USA,77,32539,2026-08-06T19:35:10.657347886Z,"['AJAX Libraries API', 'Amazon', 'Amazon CloudFront', 'CDN JS', 'CloudFront', 'Cloudflare', 'Cloudflare CDN', 'Drift', 'Font Awesome', 'Google Cloud DNS', 'Google Font API', 'Instagram Follow Button', 'QUIC', 'Tailwind CSS', 'Twitter Ads']"
probites.ca,ProBites – The Best Protein Bites,,,60,31122,2026-08-06T10:28:18.546867286Z,"['AWS WAF Challenge', 'Alternate Protocol', 'Amazon', 'Amazon WAF Blocked', 'Bulma', 'Cloudflare', 'Content Delivery Network', 'Drift', 'EmbedPress', 'Facebook Conversion Tracking', 'Facebook Login', 'Facebook Messenger Platform', 'Facebook Pixel', 'Facebook Reseller', 'Facebook Tag API', 'GoAffPro', 'Google Adsense', 'Google Analytics', 'Google Funding Choices', 'Google Matched Content', 'Google My Business', 'Google Reseller', 'Google Tag Manager', 'Gravity', 'Gravity Forms', 'IcoMoon', 'Instagram Follow Button', 'PHP', 'Tailwind CSS', 'Theme In WP', 'UTF-8', 'Uncode', 'WP Engine', 'WPBakery', 'WPML Multilingual', 'Woo Themes', 'WooCommerce', 'WooCommerce Checkout', 'WooCommerce Stripe Payment Gateway', 'WordPress', 'WordPress Multisite', 'eLand', 'jQuery']"
morpheuscruises.com,Morpheus Cruises | Sydney Harbour Cruises and Events,,AUS,77,30755,2026-08-06T09:46:38.471683727Z,"['Alternate Protocol', 'Content Delivery Network', 'Custom Facebook Feed', 'DAV', 'Drift', 'EmbedPress', 'Font Awesome', 'Gambling Content', 'Google Analytics', 'Google Cloud DNS', 'Google Font API', 'IcoMoon', 'LiteSpeed', 'Microdata for Google Shopping', 'PHP', 'QUIC', 'Say what', 'Tailwind CSS', 'Theme In WP', 'UTF-8', 'WordPress', 'WordPress Multisite', 'YouTube', 'jQuery']"
patmigliaccio.com,Pat Migliaccio - Software Development,,,70,48160,2026-08-05T22:44:43.471328076Z,"['AJAX Libraries API', 'Cloudflare', 'Cloudflare CDN', 'Content Delivery Network', 'Drift', 'Fastly', 'Fireblade', 'GitHub Hosting', 'Google Analytics', 'Google Cloud DNS', 'Google Related Website Sites', 'Google Tag Manager', 'Instagram Follow Button', 'Jekyll', 'Microdata for Google Shopping', 'PWA', 'Perl', 'Twitter Ads', 'UTF-8']"
yourmortgagesolutionsnow.com,"West Palm Beach, Florida Mortgage Broker - West Palm Beach, Florida Mortgage Lender -West Palm Beach, Florida Mortgage Company North Palm Beach Home Mortgage Loans",,USA,72,48017,2026-08-05T22:06:41.161706008Z,"['AJAX Libraries API', 'Alternate Protocol', 'Apache', 'AutoComplete', 'Drift', 'Facebook Conversion Tracking', 'Facebook Like', 'Facebook Login', 'Facebook Messenger Platform', 'Facebook Pixel', 'Facebook Reseller', 'Facebook Tag API', 'Font Awesome', 'GZIP Module', 'Google Analytics', 'Google Cloud DNS', 'Google Font API', 'Google My Business', 'Google Recommendations AI', 'Google Related Website Sites', 'Google Tag Manager', 'ISO/IEC 8859', 'IcoMoon', 'Nationwide Mortgage Licensing System and Registry', 'QUIC', 'Tailwind CSS', 'Twitter Ads', 'Ubuntu', 'UserWay', 'YouTube', 'jQuery', 'reCAPTCHA']"
waterpoofinginlosangeles.com,Home - Surfacing And Waterproofing Los Angeles,IHC Construction Group,USA,82,48216,2026-08-05T21:43:57.815440968Z,"['Alternate Protocol', 'Astra Theme', 'Better Lead Generation Services', 'Cloudflare', 'Cloudflare CDN', 'Cloudflare Web Analytics', 'Contact Form Plugin', 'Content Delivery Network', 'DAV', 'Drift', 'Elementor', 'EmbedPress', 'Essential Addons for Elementor', 'Exclusive Addons for Elementor', 'Fireblade', 'Google Analytics', 'Google Cloud DNS', 'Google Font API', 'Google Maps', 'Google My Business', 'Google Related Website Sites', 'Google Tag Manager', 'Header, Footer and Blocks for Elementor', 'Instagram Follow Button', 'Microdata for Google Shopping', 'NFOrce Internet', 'PHP', 'Parallels Plesk Panel', 'QUIC', 'Site Kit', 'Smart Slider 3', 'Theme In WP', 'UTF-8', 'Woo Themes', 'WordPress', 'WordPress Multisite', 'WordPress Related Posts', 'YouTube', 'eLand', 'jQuery']"
beautifi.com,"Beautifi | Cosmetic, Plastic & Medical Financing Canada",Beautifi,CAN,92,215089,2026-08-05T18:33:48.061453941Z,"['AWS WAF Challenge', 'Alternate Protocol', 'Amazon CloudFront', 'Amazon WAF Blocked', 'Amplitude', 'Apture Linking Platform', 'BatCache', 'Bing Cashback', 'Bing Conversion Tracking', 'ByteDance', 'CloudFront', 'Cloudflare', 'Cloudflare CDN', 'Complianz', 'Content Delivery Network', 'Content ad', 'DoubleClick Bid Manager', 'Drift', 'ElementUI', 'EmbedPress', 'Facebook Conversion Tracking', 'Facebook Login', 'Facebook Messenger Platform', 'Facebook Pixel', 'Facebook Reseller', 'Facebook Tag API', 'Fastly', 'Google', 'Google Analytics', 'Google Cloud DNS', 'Google Customer Reviews', 'Google Maps', 'Google My Business', 'Google Related Website Sites', 'Google Tag Manager', 'Hive.co', 'Instagram Follow Button', 'Lazy Load for WordPress', 'Microdata for Google Shopping', 'Microsoft Clarity', 'MonsterInsights', 'Nginx', 'Oxygen', 'Oxygen Builder', 'PHP', 'Perl', 'QUIC', 'Salesforce Hosted', 'Taboola Direct', 'Taboola Reseller', 'TranslatePress', 'Twenty Twenty-Three', 'UTF-8', 'Vector Internet Services', 'Verified Profile', 'WP Rocket', 'WPForms', 'WordPress', 'WordPress Multisite', 'Yahoo Finance Widget', 'hCaptcha', 'jQuery', 'jsDelivr', 'reCAPTCHA']"
warriorlogistics.com,Freight Brokerage & Logistics Solutions for Businesses | Warrior Logistics,Warrior Logistics,USA,77,62708,2026-08-05T11:49:41.311990782Z,"['AWS WAF Challenge', 'Alternate Protocol', 'Amazon WAF Blocked', 'Anti-spam for WordPress', 'Bulma', 'CleanTalk Spam Protect', 'Contact Form Plugin', 'DAV', 'Drift', 'EmbedPress', 'Fancybox for WordPress', 'Fireblade', 'Font Awesome', 'GZIP Module', 'Google Analytics', 'Google Cloud DNS', 'Google Font API', 'Google My Business', 'Google Related Website Sites', 'Google Tag Manager', 'Instagram Follow Button', 'Lazy Load for WordPress', 'MailChimp', 'Max Mega Menu', 'Max Mega Menu Pro', 'Microdata for Google Shopping', 'Nginx', 'PHP', 'Popup Maker for Wordpress', 'QUIC', 'Schema Plugin', 'Tailwind CSS', 'Thank You', 'UTF-8', 'Ubuntu', 'Visual Composer Ultimate Addons', 'WP Bootstrap Starter', 'WP Rocket', 'WPBakery', 'WordPress', 'WordPress Multisite', 'YouTube', 'reCAPTCHA']"
helios-organics.com,"Reunion | CBD Wellness Blends for Rest, Reboot, and Rebalance",REUNION,,77,46904,2026-08-05T06:36:23.884384168Z,"['Amped', 'Apture Linking Platform', 'Baidu Cloud', 'CDN JS', 'Cloudflare', 'Cloudflare CDN', 'Drift', 'Foundation', 'GetSiteControl', 'GitHub Hosting', 'Google Analytics', 'Google Related Website Sites', 'Google Tag Manager', 'Hotjar', 'Instagram Follow Button', 'Material-UI', 'Microdata for Google Shopping', 'Shopify', 'Shopify Collabs', 'Stamped', 'Subversion', 'Tailwind CSS', 'UTF-8', 'Yandex Hosting', 'hCaptcha', 'reCAPTCHA']"
meilleskincare.com,Meille Skincare – Holistic Skincare,,,45,30698,2026-08-05T06:22:57.958969263Z,"['Alternate Protocol', 'Contact Form Plugin', 'Drift', 'Elementor', 'EmbedPress', 'Essential Addons for Elementor', 'Foundation', 'FreeCSSTemplates', 'GZIP Module', 'Google Cloud DNS', 'Google Font API', 'Instagram Follow Button', 'MailChimp', 'NFOrce Internet', 'Nginx', 'PHP', 'QUIC', 'Slider Revolution', 'Tailwind CSS', 'Theme In WP', 'UTF-8', 'Woo Themes', 'WooCommerce', 'WooCommerce Checkout', 'WordPress', 'WordPress Multisite', 'eLand', 'jQuery']"
xresults.com,XResults Inc.,,VEN,65,35527,2026-08-05T04:04:25.799490877Z,"['Apache', 'BootstrapMade', 'Cisco/Arrowpoint Content Service Switch', 'Drift', 'GZIP Module', 'Google Cloud DNS', 'Google Font API', 'Google My Business', 'IcoMoon', 'PHP', 'Tailwind CSS']"
nicom.no,NICOM AS | Solidleverandør av kvalitetsverktøy og spesialverktøy!,Nicom AS,NOR,72,48951,2026-08-05T03:48:25.826943074Z,"['AWS WAF Challenge', 'Alternate Protocol', 'Beaver Builder Lite', 'Cloudflare', 'Contact Form Plugin', 'Content Delivery Network', 'Drift', 'EmbedPress', 'GeneratePress Company', 'Google', 'Google Analytics', 'Google Cloud DNS', 'Google Font API', 'Google My Business', 'Google Tag Manager', 'Microdata for Google Shopping', 'PHP', 'Site Kit', 'Theme In WP', 'UTF-8', 'WP Engine', 'WordPress', 'WordPress Multisite', 'jQuery']"
playtimesitters.com,Playtime Event Sitters – We Bring The Fun to Weddings and Events!,,USA,70,31505,2026-08-04T16:35:03.435728366Z,"['Alternate Protocol', 'Contact Form Plugin', 'Content Delivery Network', 'Divi', 'Drift', 'Elegant Themes', 'EmbedPress', 'Express', 'GZIP Module', 'GoDaddy', 'Google Analytics', 'Google Cloud DNS', 'Google Font API', 'Google Tag Manager', 'Gravity Forms', 'Instagram Feed for WordPress', 'Instagram Follow Button', 'PHP', 'Sucuri Cloudproxy', 'Theme In WP', 'Twitter Ads', 'UTF-8', 'Website Tonight', 'WordPress', 'WordPress Multisite', 'YouTube', 'jQuery']"
rmvgroup.net,Rmvit Groups | Electronics at rental in India,,IND,67,38332,2026-08-04T12:24:51.476374237Z,"['Better Lead Generation Services', 'CDN JS', 'Cloudflare', 'Cloudflare CDN', 'Drift', 'Facebook Conversion Tracking', 'Facebook Login', 'Facebook Messenger Platform', 'Facebook Pixel', 'Facebook Reseller', 'Facebook Tag API', 'GZIP Module', 'Google Analytics', 'Google Cloud DNS', 'Google Font API', 'Google Maps', 'Google Tag Manager', 'Help.com', 'IcoMoon', 'Instagram Follow Button', 'Microsoft Azure', 'Microsoft IIS', 'New Relic', 'Oracle Cloud', 'Twitter Ads', 'UTF-8', 'University or College', 'Unsplash', 'Visual Studio']"
starstruckcd.com,Starstruck Home - Starstruck Cheer & Dance LLC,Starstruck Cheer & Dance LLC,USA,82,55683,2026-08-04T12:11:04.555240604Z,"['AWS WAF Challenge', 'Alternate Protocol', 'Apture Linking Platform', 'Cloudflare', 'Content Delivery Network', 'Drift', 'EmbedPress', 'Facebook Customer Chat SDK', 'Facebook Login', 'Facebook Messenger Platform', 'Facebook Reseller', 'Font Awesome', 'Google', 'Google Analytics', 'Google Cloud CDN', 'Google Cloud DNS', 'Google Font API', 'Google Forms', 'Google My Business', 'Google Tag Manager', 'Gravity', 'Gravity Forms', 'IcoMoon', 'Instagram Follow Button', 'Material Design Icons', 'Microdata for Google Shopping', 'PHP', 'QUIC', 'Slider Revolution', 'The Events Calendar', 'Theme In WP', 'Twitter Ads', 'UTF-8', 'UserWay', 'Vimeo', 'WP Engine', 'WPBakery', 'Woo Themes', 'WordPress', 'WordPress Multisite', 'WordPress Related Posts', 'YouTube', 'iClassPro', 'jQuery', 'uPress', 'vzaar']"
inkling.solutions,inkling.solutions – Innovative Print Solutions,,,55,30003,2026-08-04T08:00:37.443487031Z,"['Alternate Protocol', 'Astra Theme', 'Drift', 'Elementor', 'EmbedPress', 'Google Cloud DNS', 'Google Font API', 'Google Maps', 'Google My Business', 'PHP', 'QUIC', 'Table Addons for Elementor', 'Theme In WP', 'Twitter Ads', 'UTF-8', 'Woo Themes', 'WordPress', 'WordPress Multisite', 'WordPress Related Posts', 'jQuery']"
costadesigns.com,"Virginia Beach based Web Design, Web Development Company",COSTA Designs,USA,82,49596,2026-08-04T02:58:51.725182466Z,"['AWS WAF Challenge', 'Alternate Protocol', 'Cloudflare', 'Cloudflare CDN', 'Consulting', 'Content Delivery Network', 'DAV', 'Drift', 'EmbedPress', 'Facebook Conversion Tracking', 'Facebook Login', 'Facebook Messenger Platform', 'Facebook Pixel', 'Facebook Reseller', 'Facebook Tag API', 'GZIP Module', 'Google', 'Google Analytics', 'Google Cloud DNS', 'Google Font API', 'Google My Business', 'Google Tag Manager', 'Instagram Follow Button', 'Microdata for Google Shopping', 'MonsterInsights', 'Nginx', 'Ntent', 'PHP', 'QUIC', 'Slider Revolution', 'Theme In WP', 'TrustIndex', 'Twitter Ads', 'UTF-8', 'WP Engine', 'WPBakery', 'WordPress', 'WordPress Multisite', 'jQuery']"
ectesso.com,"#1 Digital Marketing Agency in Kochi, Kerala | Ectesso",Ectesso,IND,77,53866,2026-08-03T21:56:39.179106298Z,"['AWS WAF Challenge', 'Alternate Protocol', 'Apture Linking Platform', 'CDN JS', 'Cloudflare', 'Cloudflare CDN', 'Cloudflare Turnstile', 'Contact Form Plugin', 'Content Delivery Network', 'Drift', 'EmbedPress', 'Font Awesome', 'Google', 'Google Cloud DNS', 'Google Font API', 'Instagram Follow Button', 'LiteSpeed', 'Max Mega Menu', 'Max Mega Menu Pro', 'Microdata for Google Shopping', 'PHP', 'QUIC', 'Sitelinks Search Box', 'Tailwind CSS', 'Thank You', 'Theme In WP', 'Twitter Ads', 'UTF-8', 'Vector Internet Services', 'WordPress', 'WordPress Multisite', 'jQuery', 'reCAPTCHA']"
marketrecruitment.info,"Marketing & GTM Recruitment Agency | B2B ConTech, Fintech & SaaS | Market Recruitment",Market Recruitment,GBR,77,49105,2026-08-03T21:56:39.152043751Z,"['Albacross', 'Alternate Protocol', 'Apache', 'Contact Form Plugin', 'ConvertBox', 'Drift', 'Drip', 'DuracellTomi Google Tag Manager for WordPress', 'EmbedPress', 'FormSubmit', 'FreeCSSTemplates', 'GZIP Module', 'Google Analytics', 'Google Tag Manager', 'Herefish', 'IcoMoon', 'Microdata for Google Shopping', 'OSS CDN', 'PHP', 'QUIC', 'RM Education', 'Sassy Social Share', 'Table of Contents Plus', 'Theme In WP', 'Twitter Ads', 'Typeform', 'UTF-8', 'W3 Total Cache', 'Wistia', 'WordPress', 'WordPress Multisite', 'YouTube', 'jQuery']"
getslideapp.com,Slide Financial - Cashless Payment Solutions,,,77,103950,2026-08-03T15:01:00.031053691Z,"['Content Delivery Network', 'DAV', 'Drift', 'Fastly', 'Financial Services Guide', 'Gatsby Image CDN', 'Gatsby JS', 'Google Analytics', 'Google Cloud DNS', 'Google Font API', 'KVH', 'Material-UI', 'No-Q', 'QUIC', 'SMC', 'Subversion', 'UTF-8']"
northerncollective.church,The Northern Collective Church,The Northern Collective Church,,60,30601,2026-08-03T13:34:25.053950938Z,"['Adobe Creative Cloud WebFonts', 'Alternate Protocol', 'Aruba', 'Drift', 'Express', 'FormSubmit', 'GZIP Module', 'Line2', 'Microdata for Google Shopping', 'Newsletter for Wordpress', 'QUIC', 'SiteW', 'Squarespace', 'UTF-8', 'University or College', 'WordPress SEO Structured Data Schema Plugin', 'YouTube', 'eLand']"
theexitsyndicate.com,The Exit Syndicate | Value-Driven M&A and Exit Advisory,,,72,45731,2026-08-03T04:25:25.828396814Z,"['AWS WAF Challenge', 'Alternate Protocol', 'Calendly', 'Cloudflare', 'Cloudflare CDN', 'Content Delivery Network', 'Drift', 'EmbedPress', 'IcoMoon', 'Instagram Follow Button', 'Microdata for Google Shopping', 'PHP', 'ThemeFusion', 'UTF-8', 'WordPress', 'WordPress Multisite', 'jQuery']"
styleexpo.com,StyleExpo Photography | Product Photography for Ecommerce,,USA,82,44021,2026-08-03T02:50:32.453236146Z,"['Adobe Creative Cloud WebFonts', 'Alternate Protocol', 'Aruba', 'Drift', 'Express', 'GZIP Module', 'Google', 'Google Analytics', 'Google Cloud DNS', 'Google Conversion Tracking', 'Google Font API', 'Google Tag Manager', 'Gravity', 'HubSpot Conversations', 'Hubspot', 'Instagram Follow Button', 'Line2', 'Microdata for Google Shopping', 'QUIC', 'Sirv', 'Squarespace', 'UTF-8', 'WordPress SEO Structured Data Schema Plugin', 'eLand']"
teamtweaks.com,Team Tweaks: Mobile App Development Company in Chennai,Team Tweaks Technologies Pvt Ltd,USA,82,82491,2026-08-02T22:25:04.351958107Z,"['AWS WAF Challenge', 'Alternate Protocol', 'Apture Linking Platform', 'Better Lead Generation Services', 'Cloudflare', 'Cloudflare CDN', 'Clutch', 'Drift', 'Express', 'Fireblade', 'Font Awesome', 'GetResponse', 'GoodFirms', 'Google Analytics', 'Google Cloud DNS', 'Google Font API', 'Google Related Website Sites', 'Google Tag Manager', 'IBM Cloud', 'Instagram Follow Button', 'LiveChat', 'LiveChat Monitoring', 'Microdata for Google Shopping', 'Oracle Cloud', 'PHP', 'Parcel', 'Perl', 'Placehold IT', 'QUIC', 'Rocket Chat', 'Tidio', 'Twitter Ads', 'UTF-8', 'WhatsApp Sharing', 'YouTube', 'reCAPTCHA']"
feathertouchhealth.com,Professional Home Healthcare / TRUSTED & COMPASSIONATE CARE FOR YOUR AGEING LOVED ONEs / Care for Seniors 24/7,,CAN,77,34108,2026-08-02T21:46:27.097566853Z,"['Drift', 'Fastly', 'Google Cloud DNS', 'Google Font API', 'Google My Business', 'IcoMoon', 'LiteSpeed', 'PHP', 'QUIC', 'Tailwind CSS', 'UTF-8', 'WhatsApp Sharing', 'reCAPTCHA']"
nice4web.com,"Nice Web Design and SEO for U.S., Europe & Australia - Nice4Web",,GBR,72,30508,2026-08-02T18:48:50.527059474Z,"['Alternate Protocol', 'Apache', 'Drift', 'GZIP Module', 'Google Analytics', 'Google Cloud DNS', 'Google Font API', 'Google Tag Manager', 'IcoMoon', 'Tailwind CSS', 'UTF-8']"
nzhomestaging.co.nz,NZ Home Staging,,NZL,60,30248,2026-08-02T08:29:38.789268164Z,"['Alternate Protocol', 'Apache', 'Better Lead Generation Services', 'Contact Form Plugin', 'Drift', 'EmbedPress', 'GZIP Module', 'Google Analytics', 'Google Cloud DNS', 'Google Conversion Tracking', 'Google Font API', 'Google Tag Manager', 'IcoMoon', 'Max Mega Menu', 'Max Mega Menu Pro', 'Newsletter for Wordpress', 'PHP', 'Slider Revolution', 'Theme In WP', 'UTF-8', 'WP PageNavi', 'WPBakery', 'WordPress', 'WordPress Multisite', 'jQuery']"
bestcardiologistkolhapur.com,Dr.Sachin Patil - Best Cardiologist in Kolhapur,,IND,72,47839,2026-08-02T05:35:17.191677262Z,"['AJAX Libraries API', 'AWS WAF Challenge', 'Apache', 'Apple Auto Link Maker', 'Drift', 'ETranslate', 'Font Awesome', 'GTranslate', 'GZIP Module', 'Google Analytics', 'Google Cloud DNS', 'Google Font API', 'Google My Business', 'Google Play', 'Perl', 'Tailwind CSS', 'Twitter Ads', 'UTF-8', 'YouTube']"
ospace.pt,O SPACE Architecture & Interior Design :: Projects,,PRT,87,50000,2026-08-02T04:25:17.351966587Z,"['Cisco/Arrowpoint Content Service Switch', 'Cloudflare', 'Cloudflare CDN', 'Drift', 'Fireblade', 'Google Analytics', 'Google My Business', 'Google Tag Manager', 'Instagram Follow Button', 'Microdata for Google Shopping', 'Twitter Ads', 'UTF-8', 'jQuery']"
bigronstreeservice.com,Big Ron’s Tree Service,Big Ron’s Tree Service,,57,30543,2026-08-02T04:20:16.724521122Z,"['Alternate Protocol', 'Drift', 'EmbedPress', 'Facebook Pixel', 'Facebook Reseller', 'Facebook Tag API', 'Google Analytics', 'Google Cloud DNS', 'Google Font API', 'Google Maps', 'Google My Business', 'Google Tag Manager', 'IcoMoon', 'MaxCDN', 'Microdata for Google Shopping', 'Nginx', 'PHP', 'Parallels Plesk Panel', 'Perl', 'QUIC', 'UTF-8', 'WordPress', 'WordPress Multisite', 'YouTube', 'reCAPTCHA']"
renelletigue.com,Renelle Tigue,,PHL,50,30162,2026-08-01T23:55:30.032709234Z,"['CDN JS', 'Calendly', 'Cloudflare', 'Cloudflare CDN', 'Content Delivery Network', 'Drift', 'Font Awesome', 'Google', 'Google Analytics', 'Google Cloud DNS', 'Google Font API', 'Google My Business', 'Google Tag Manager', 'Hotjar', 'Netlify', 'Python', 'UTF-8']"
encounteryxe.ca,Encounter Church,Mile Two Church,CAN,87,32095,2026-08-01T22:12:14.675562103Z,"['Adobe Creative Cloud WebFonts', 'Alternate Protocol', 'Aruba', 'Drift', 'Express', 'GZIP Module', 'Google Analytics', 'Google Related Website Sites', 'Google Tag Manager', 'Line2', 'Microdata for Google Shopping', 'POWr', 'QUIC', 'Squarespace', 'UTF-8', 'WordPress SEO Structured Data Schema Plugin', 'eLand']"
alohaebuys.info,Aloha eBUYS Home Page,,,67,43200,2026-08-01T21:51:32.382577082Z,"['Apture Linking Platform', 'CDN JS', 'Cloudflare', 'Cloudflare CDN', 'Content Delivery Network', 'Drift', 'Fastly', 'Hubspot Knowledge Base', 'UTF-8', 'jQuery']"
whistleradventures.ca,The best things to do in Whistler | Whistler Adventures,Whistler Adventures,,92,56603,2026-08-01T20:51:16.772967317Z,"['Alternate Protocol', 'Amazon WAF Blocked', 'Apache', 'Apture Linking Platform', 'Automattic', 'CDN JS', 'Cloudflare', 'Cloudflare CDN', 'Content ad', 'Drift', 'ETranslate', 'EmbedPress', 'FareHarbor', 'Fireblade', 'GitHub Hosting', 'Google Analytics', 'Google My Business', 'Google Tag Manager', 'Harbor', 'Jetpack', 'Microdata for Google Shopping', 'Mixpanel', 'PHP', 'QUIC', 'Tailwind CSS', 'Theme In WP', 'UTF-8', 'Vector Internet Services', 'WordPress', 'WordPress Multisite', 'jQuery']"
callawaybaptistchurch.org,There's new life here for you.,,,60,30399,2026-08-01T12:54:47.141744235Z,"['AJAX Libraries API', 'Amazon CloudFront', 'Amazon S3 CDN', 'CloudFront', 'Drift', 'GZIP Module', 'Google Cloud DNS', 'Google Maps', 'Google My Business', 'IcoMoon', 'Instagram Follow Button', 'Nginx', 'PWA', 'Storyblocks', 'UTF-8', 'Vimeo', 'YouTube']"
insidescale.com,InsideScale - Expert Led SaaS Sales Development,InsideScale,VEN,77,149039,2026-08-01T09:24:59.983813133Z,"['Alternate Protocol', 'Calendly', 'Cisco/Arrowpoint Content Service Switch', 'Content Delivery Network', 'Content Square', 'Drift', 'DuracellTomi Google Tag Manager for WordPress', 'Elementor', 'EmbedPress', 'GZIP Module', 'Google Analytics', 'Google Related Website Sites', 'Google Tag Manager', 'HubSpot WordPress Plugin', 'IcoMoon', 'JetElements', 'Livemesh Addons for Elementor', 'Microdata for Google Shopping', 'NFOrce Internet', 'Nginx', 'UTF-8', 'WP Engine', 'WordPress', 'WordPress Multisite', 'YouTube', 'jQuery']"
globalbizconnect.com,End-to-End Business Solutions for Business Growth Needs,Global BizConnect,IND,82,30527,2026-08-01T08:23:31.212070616Z,"['Alternate Protocol', 'BootstrapMade', 'Drift', 'Google Analytics', 'Google Cloud DNS', 'Google Font API', 'Google My Business', 'Google Tag Manager', 'IcoMoon', 'Instagram Follow Button', 'LiteSpeed', 'Microdata for Google Shopping', 'QUIC', 'Tailwind CSS', 'UTF-8', 'YouTube', 'jQuery']"
bestpass.com,Bestpass Home - Bestpass by Fleetworthy,Bestpass,,67,139615,2026-08-01T05:44:48.020160684Z,"['AddThis', 'AddThis for Wordpress', 'Alternate Protocol', 'Apache', 'Bing Cashback', 'Bing Conversion Tracking', 'CookieYes', 'CrazyEgg', 'Drift', 'Elementor', 'EmbedPress', 'Fireblade', 'GZIP Module', 'Google Analytics', 'Google Tag Manager', 'Instagram Follow Button', 'Juicer', 'Juicer DMP', 'LinkedIn Insights', 'LinkedIn Pixel', 'Marketo', 'Microdata for Google Shopping', 'Microsoft Azure', 'PHP', 'Qualified', 'Sitelinks Search Box', 'Tailwind CSS', 'Theme In WP', 'Twitter Ads', 'UTF-8', 'WordPress', 'WordPress Multisite', 'YooTheme', 'YouTube', 'jQuery']"
richmondhillfamilylawyers.com,Family Law & Divorce Lawyers | Richmond Hill Family Lawyers,,CAN,77,37335,2026-07-31T22:02:19.720420547Z,"['Alternate Protocol', 'Aruba', 'CallRail', 'Drift', 'Express', 'FormSubmit', 'GZIP Module', 'Google Analytics', 'Google Tag Manager', 'Instagram Follow Button', 'Line2', 'Microdata for Google Shopping', 'QUIC', 'SiteW', 'Squarespace', 'Thank You', 'UTF-8', 'University or College', 'Vector Internet Services', 'Vimeo', 'WordPress SEO Structured Data Schema Plugin', 'eLand']"
bigworks.co,BIGWORKS | We Offer Smart Cloud Solutions | We are your Technology Partner,Bigworks Technologies,,67,307106,2026-07-31T21:45:40.781785764Z,"['Alternate Protocol', 'Apache', 'AutoComplete', 'Bulma', 'Contact Form Plugin', 'Drift', 'Elementor', 'Elementor Custom Skin', 'EmbedPress', 'GZIP Module', 'Google Analytics', 'Google Cloud DNS', 'Google Font API', 'Heroku', 'Hub Theme', 'Instagram Follow Button', 'LinkedIn Insights', 'LinkedIn Pixel', 'Make Column Clickable Elementor', 'Medium', 'Microdata for Google Shopping', 'PHP', 'Salesforce Experience Cloud', 'Salesforce Hosted', 'Schema Plugin', 'Theme In WP', 'Twitter Ads', 'UTF-8', 'Vector Internet Services', 'WP Fastest Cache', 'WordPress', 'WordPress Multisite', 'YouTube', 'jQuery', 'reCAPTCHA']"
ruvisoft.com,Ruvisoft – High Performance Softwares,,USA,70,31697,2026-07-31T17:26:19.679376629Z,"['Alternate Protocol', 'Apache', 'Contact Form Plugin', 'Drift', 'Elementor', 'EmbedPress', 'GZIP Module', 'Google Cloud DNS', 'Google Font API', 'Google My Business', 'PHP', 'Perl', 'PixelYourSite', 'QUIC', 'Thank You', 'Theme In WP', 'Twitter Ads', 'UTF-8', 'WordPress', 'WordPress Multisite', 'jQuery', 'reCAPTCHA']"
timoplumbing.com,Santa Clarita Plumber - Tim O'Connor Plumbing,,USA,77,32020,2026-07-31T16:23:23.68794489Z,"['Adult Content', 'Apture Linking Platform', 'B12', 'Bing Cashback', 'DAV', 'Django', 'Drift', 'Fancybox for WordPress', 'GZIP Module', 'Google Analytics', 'Google Cloud DNS', 'Google Font API', 'Google My Business', 'Google Related Website Sites', 'Instagram Follow Button', 'Line2', 'Perl', 'QUIC', 'University or College']"
centuryyouthfootball.org,HALTE4D : Situs SBOBET Resmi Agen Judi Bola Piala Dunia Terbesar di Asia,HALTE4D,,82,180358,2026-07-31T06:25:49.460934529Z,"['AWS WAF Challenge', 'Alternate Protocol', 'Apple Auto Link Maker', 'Cedexis', 'Cloudflare', 'Cloudflare CDN', 'Cloudflare Web Analytics', 'ContentBox', 'DemDex', 'Disqus Comment System for WordPress', 'Drift', 'Facebook CDN', 'Fireblade', 'GitHub Hosting', 'Google', 'Google My Business', 'Google Play', 'Google Related Website Sites', 'Google Workspace', 'Instagram Follow Button', 'LiteSpeed', 'Microdata for Google Shopping', 'No-Q', 'Perl', 'Pico CSS', 'ProfitWell', 'QUIC', 'Radix UI', 'Twitter Ads', 'Vector Internet Services', 'Vimeo', 'reCAPTCHA', 'shadcn ui']"
teamcapfront.org,Home - CapFront Small Business Funding Solutions,,USA,77,206032,2026-07-31T02:53:31.107327802Z,"['Alternate Protocol', 'CheryFramework', 'Content Delivery Network', 'Cornerstone', 'Drift', 'EmbedPress', 'Facebook Conversion Tracking', 'Facebook Login', 'Facebook Messenger Platform', 'Facebook Pixel', 'Facebook Reseller', 'Facebook Tag API', 'Fireblade', 'Font Awesome', 'GZIP Module', 'Google Analytics', 'Google Cloud DNS', 'Google Font API', 'Google Tag Manager', 'Gravity Forms', 'Instagram Follow Button', 'Microdata for Google Shopping', 'Nginx', 'PHP', 'Pagekit', 'Pico CSS', 'Plaid', 'QUIC', 'Reddit Conversion Tracking', 'Salesforce Hosted', 'Slider Revolution', 'Smush Image Optimization', 'Tailwind CSS', 'Theme In WP', 'TranslatePress', 'Trustpilot Reviews for WordPress', 'Twitter Ads', 'UTF-8', 'UserWay', 'WP Engine', 'Woo Themes', 'WordPress', 'WordPress Multisite', 'jQuery']"
themediared.com,Mi Iglesia Online,"The Media Red, LLC",,62,34099,2026-07-31T00:04:57.640730506Z,"['Apache', 'Apple Auto Link Maker', 'Cloudinary', 'Drift', 'Financial Services Guide', 'Font Awesome', 'GZIP Module', 'Google Analytics', 'Google My Business', 'Google Play', 'Instagram Follow Button', 'Pico CSS', 'Tailwind CSS', 'Twitter Ads', 'UTF-8']"
bdrairportservices.com,BDR Airport Services,,USA,72,30331,2026-07-30T21:51:06.208317168Z,"['Amazon CloudFront', 'Apache', 'CloudFront', 'Drift', 'Font Awesome', 'GZIP Module', 'Google Analytics', 'Google Cloud DNS', 'Google Font API', 'Google My Business', 'Line2']"
enginero.com,Construction Management Software | BIM Collaboration Tools | Enginero,,GBR,87,48700,2026-07-30T13:52:53.048677403Z,"['3 Products', 'AJAX Libraries API', 'Aruba', 'CDN JS', 'Cloudflare', 'Cloudflare CDN', 'Content Delivery Network', 'Drift', 'Fireblade', 'GZIP Module', 'Google Analytics', 'Google Cloud DNS', 'Google Font API', 'Google My Business', 'Google Related Website Sites', 'Google Tag Manager', 'Hotjar', 'Instagram Follow Button', 'Sucuri Cloudproxy', 'YouTube', 'eLand', 'jQuery', 'jsDelivr', 'reCAPTCHA']"
solelawfirm.com,Home - Sole Law,,USA,75,46354,2026-07-30T07:53:59.883599904Z,"['AJAX Libraries API', 'AWS WAF Challenge', 'Alternate Protocol', 'Apture Linking Platform', 'Automattic', 'Cloudflare', 'Content Delivery Network', 'Drift', 'EmbedPress', 'Formidable Pro Form', 'Google Analytics', 'Google Cloud DNS', 'Google Font API', 'Google Maps', 'Google My Business', 'IcoMoon', 'Jetpack', 'Jetpack Site Accelerator', 'Microdata for Google Shopping', 'PHP', 'Schema Plugin', 'ShareThis', 'Theme In WP', 'UTF-8', 'WordPress', 'WordPress Multisite', 'WordPress Stats', 'jQuery']"
nuinstruments.com,Nu Instruments | Innovators in high performance mass spectrometers,,,62,455566,2026-07-30T04:38:13.855210309Z,"['AddThis for Wordpress', 'Akamai Global Host', 'Amazon', 'Azure Edge', 'Baidu Ads', 'Baidu Analytics', 'Baidu Cloud', 'Bing Cashback', 'Bing Conversion Tracking', 'BrightInfo', 'Brightcove', 'CDN JS', 'ChowNow', 'Cisco/Arrowpoint Content Service Switch', 'ClickDimensions', 'Cloudflare', 'Cloudflare CDN', 'Cloudflare Web Analytics', 'Crowdsignal', 'DoubleClick Bid Manager', 'Drift', 'Facebook Reseller', 'Fireblade', 'FormSubmit', 'GZIP Module', 'GoDaddy', 'Google', 'Google Analytics', 'Google Cloud DNS', 'Google Font API', 'Google Maps', 'Google My Business', 'Google Related Website Sites', 'Google Tag Manager', 'IcoMoon', 'LiveAgent', 'MailChimp', 'Microsoft Azure', 'Monster', 'OneTrust Domain Verification', 'OptinMonster', 'Pardot', 'Salesforce', 'Salesforce Experience Cloud', 'Salesforce Hosted', 'Salesforce Live Agent', 'Sentry', 'Shopware', 'ThomasNet Web Traxs', 'Twitter Ads', 'Twitter CDN', 'UTF-8', 'Vimeo', 'Visual Studio', 'Wistia', 'YouTube', 'jsDelivr']"
missionignitionmarketing.com,Mission Ignition Marketing,,,57,30541,2026-07-30T01:42:08.463609083Z,"['Adobe Creative Cloud WebFonts', 'Aruba', 'Drift', 'Express', 'Facebook Conversion Tracking', 'Facebook Login', 'Facebook Messenger Platform', 'Facebook Pixel', 'Facebook Reseller', 'Facebook Tag API', 'GZIP Module', 'Instagram Follow Button', 'Line2', 'Microdata for Google Shopping', 'QUIC', 'SiteW', 'Squarespace', 'UTF-8', 'WordPress SEO Structured Data Schema Plugin', 'eLand']"
researchonresearch.org,Research on Research Institute,,GBR,77,1845991,2026-07-30T01:17:15.110275163Z,"['33 Across Direct', 'AB Tasty', 'ADFOX', 'AWS WAF Challenge', 'Active Campaign', 'AdRoll', 'AddThis for Wordpress', 'Adform Direct', 'Adobe Analytics', 'Adobe Marketing Cloud', 'Adpushup', 'Aimtell', 'Akamai Global Host', 'Alibaba Cloud CDN', 'Alternate Protocol', 'Amazon Associates Affiliate Shop', 'Amazon CloudFront', 'Amped', 'Amplitude', 'Analytify', 'AnyChat', 'AppNexus Direct', 'ArvanCloud', 'Automattic', 'BLR', 'Baidu Ads', 'Baidu Analytics', 'Baidu Cloud', 'Band Camp', 'Bazaarvoice', 'Bazaarvoice Curations', 'BidSwitch Direct', 'Bing Cashback', 'Bing Conversion Tracking', 'Birdeye', 'Brevo', 'Brightcove', 'ByteDance', 'Calendly', 'Camp', 'Chartbeat', 'Chatra', 'Clicky', 'CloudFront', 'Cloudflare', 'Cloudflare CDN', 'Cloudflare Stream', 'Cloudflare Web Analytics', 'Cognito Forms', 'Connatix Reseller', 'Constant Contact', 'Content Square', 'Convert', 'ConvertKit', 'Cookie First', 'CookieYes', 'Corporate Governance and Regulatory Compliance', 'Countly', 'CrazyEgg', 'Crisp', 'Criteo', 'Criteo Reseller', 'Crowdsignal', 'Customer.io', 'Cybot', 'DailyMotion Video', 'Dailymotion Reseller', 'Decibel Insight', 'DemDex', 'Didomi', 'Disqus Comment System for WordPress', 'DoubleClick Bid Manager', 'Drift', 'Drip', 'Dynamic Yield', 'Eber', 'Eloqua', 'EmbedPress', 'Engage', 'Ensighten', 'Enzuzo', 'ExactTarget', 'Ezoic Direct', 'Ezoic Publisher', 'Facebook Embedded Posts', 'Facebook Pixel', 'Facebook Reseller', 'Feefo', 'Fomo', 'Font Awesome', 'Fonts.com', 'Formstack', 'Freshdesk Support', 'Freshpaint', 'Freshworks Bot', 'FullStory', 'GZIP Module', 'GetGist', 'GetResponse', 'GetSiteControl', 'Giphy', 'GoatCounter', 'Google', 'Google Adsense', 'Google Analytics', 'Google Calendar', 'Google Cloud CDN', 'Google Cloud DNS', 'Google Flights Conversion Tracking', 'Google Font API', 'Google Funding Choices', 'Google Maps', 'Google Matched Content', 'Google My Business', 'Google Reseller', 'Google Tag Manager', 'Gorgias', 'GumGum', 'GumGum Direct', 'Heap', 'Hello Bar', 'Help Scout', 'HelpCrunch', 'Hotjar', 'HubSpot Conversations', 'Hubspot', 'Infolinks', 'Inspectlet', 'Instagram Follow Button', 'Intercom', 'IponWeb BidSwitch', 'Iterable', 'Iubenda', 'JW Player Platform', 'Jetpack', 'JivoSite', 'JotForm', 'Kakao', 'Kaltura', 'Kameleoon', 'Kampyle Analytics', 'Kitco', 'Klaviyo', 'Leadfeeder', 'Lijit Reseller', 'LinkedIn Insights', 'LiveChat', 'LiveChat Monitoring', 'LiveRamp', 'MGID', 'MGID Reseller', 'MailChimp', 'MailerLite', 'Mailjet Widget', 'Marketo', 'Mastodon', 'Matomo', 'Mautic', 'Media.net', 'Media.net Reseller', 'Mediavine Publisher', 'Microsoft Azure Blob Storage', 'Microsoft Clarity', 'Mixpanel', 'Monetate', 'Monster', 'Monumetric Publisher', 'Mouseflow', 'New Relic', 'Nginx', 'Ntent', 'Nudgify', 'OSS CDN', 'Okendo', 'Olark', 'OmniConvert', 'Omnisend', 'OneTrust Domain Verification', 'Ontraport', 'OpenX Direct', 'Optimizely Recommendations', 'OptinMonster', 'Outbrain Direct', 'PHP', 'Paperform', 'Pardot', 'Parse.ly', 'PayPal', 'PayPal Adaptive Payments', 'Pendo', 'Personyze', 'Pinterest Conversion Tracking', 'Pirsch', 'Piwik PRO', 'Plausible Analytics', 'Podium', 'PollDaddy', 'PubMatic Direct', 'Pubmatic', 'PushAlert', 'PushEngage', 'Qualtrics Site Intercept', 'Quantcast Direct', 'Quantum Metric', 'RM Education', 'RTB House Direct', 'Reamaze', 'Revcontent Reseller', 'ReviewsOnMyWebsite', 'Rumble Player', 'ScarabResearch', 'Seflow Italy', 'Segment', 'Segment Consent Manager', 'SendPulse', 'Sentry', 'ShareThis', 'Shopper Approved', 'Simple Analytics', 'Site Kit', 'SiteW', 'SiteWit', 'SmartAdServer Direct', 'SmartSupp', 'SnapEngage', 'Sourcepoint', 'SproutVideo', 'Stamped', 'StatCounter', 'Streamable', 'Stripe', 'Sumo', 'Swell Rewards', 'Taboola Direct', 'Taboola Reseller', 'Tally', 'Tealium', 'Telegram', 'The Trade Desk Direct', 'Theme In WP', 'Thrive Direct', 'TikTok Conversion Tracking Pixel', 'Triple Lift Direct', 'TrustPulse', 'Tumblr', 'Twitch', 'Twitter Ads', 'Twitter Analytics', 'Typeform', 'UK Cookie Consent', 'UTF-8', 'Vercel', 'Vimeo', 'Vimeo CDN', 'Vine Embed', 'Visual Website Optimizer', 'Webpushr', 'Wistia', 'Woo Themes', 'Woopra', 'WordPress', 'WordPress Multisite', 'Wufoo', 'Yahoo Image CDN', 'Yahoo Web Analytics', 'Yandex Hosting', 'Yieldmo Direct', 'Yotpo', 'YouTube', 'Zendesk Embeddables', 'Zoho SalesIQ', 'arsys.es', 'comScore', 'eKomi', 'iZooto', 'jsDelivr', 'mParticle', 'reCAPTCHA']"
ogop.bt,One Gewog One Product (OGOP) – Bhutan,,,60,30159,2026-07-30T00:06:16.386105166Z,"['Alternate Protocol', 'Contact Form Plugin', 'Content Delivery Network', 'DAV', 'Drift', 'Elementor', 'EmbedPress', 'Google Cloud DNS', 'Google Font API', 'Google My Business', 'IcoMoon', 'Instagram Follow Button', 'LiteSpeed', 'MailChimp for WordPress', 'Microsoft Authentication Library for JavaScript', 'PHP', 'QUIC', 'Smart Slider 3', 'Subversion', 'Tailwind CSS', 'Theme In WP', 'UTF-8', 'Variation Swatches for WooCommerce', 'Woo Themes', 'WooCommerce', 'WooCommerce Checkout', 'WordPress', 'WordPress Multisite', 'YouTube', 'eLand', 'jQuery', 'reCAPTCHA']"
sosplano.com,Plano - ABA Therapy- Speech Therapy - Occupational Therapy,,,60,680508,2026-07-29T17:48:39.775503909Z,"['33 Across Direct', 'AB Tasty', 'ADFOX', 'AWS WAF Challenge', 'Active Campaign', 'AdRoll', 'AddThis for Wordpress', 'Adform Direct', 'Adobe Analytics', 'Adobe Marketing Cloud', 'Adpushup', 'Aimtell', 'Akamai Global Host', 'Alibaba Cloud CDN', 'Alternate Protocol', 'Amazon Associates Affiliate Shop', 'Amazon CloudFront', 'Amped', 'Amplitude', 'Analytify', 'AnyChat', 'AppNexus Direct', 'Automattic', 'BLR', 'Baidu Ads', 'Baidu Analytics', 'Baidu Cloud', 'Band Camp', 'Bazaarvoice', 'Bazaarvoice Curations', 'BidSwitch Direct', 'Bing Cashback', 'Bing Conversion Tracking', 'Birdeye', 'Brevo', 'Brightcove', 'ByteDance', 'CDN JS', 'Calendly', 'Camp', 'Chartbeat', 'Chatra', 'Clicky', 'CloudFront', 'Cloudflare', 'Cloudflare CDN', 'Cloudflare Stream', 'Cloudflare Web Analytics', 'Cognito Forms', 'Connatix Reseller', 'Constant Contact', 'Contact Form Plugin', 'Content Square', 'Convert', 'ConvertKit', 'Cookie First', 'CookieYes', 'Countly', 'CrazyEgg', 'Crisp', 'Criteo', 'Criteo Reseller', 'Crowdsignal', 'Customer.io', 'Cybot', 'DailyMotion Video', 'Dailymotion Reseller', 'Decibel Insight', 'DemDex', 'Didomi', 'Disqus Comment System for WordPress', 'DoubleClick Bid Manager', 'Drift', 'Drip', 'Dynamic Yield', 'Eber', 'ElementUI', 'Eloqua', 'EmbedPress', 'Engage', 'Ensighten', 'Enzuzo', 'ExactTarget', 'Ezoic Direct', 'Ezoic Publisher', 'Facebook Embedded Posts', 'Facebook Pixel', 'Facebook Reseller', 'Feefo', 'Fomo', 'Font Awesome', 'Fonts.com', 'Formstack', 'Freshdesk Support', 'Freshpaint', 'Freshworks Bot', 'FullStory', 'GetGist', 'GetResponse', 'GetSiteControl', 'Giphy', 'GoatCounter', 'Google', 'Google Adsense', 'Google Analytics', 'Google Calendar', 'Google Cloud CDN', 'Google Cloud DNS', 'Google Flights Conversion Tracking', 'Google Font API', 'Google Funding Choices', 'Google Maps', 'Google Matched Content', 'Google My Business', 'Google Reseller', 'Google Tag Manager', 'Gorgias', 'GumGum', 'GumGum Direct', 'Heap', 'Hello Bar', 'Help Scout', 'HelpCrunch', 'Hotjar', 'HubSpot Conversations', 'Hubspot', 'IcoMoon', 'Infolinks', 'Inspectlet', 'Instagram Follow Button', 'Intercom', 'IponWeb BidSwitch', 'Iterable', 'Iubenda', 'JW Player Platform', 'Jetpack', 'JivoSite', 'JotForm', 'Kakao', 'Kaltura', 'Kameleoon', 'Kampyle Analytics', 'Klaviyo', 'Leadfeeder', 'Lijit Reseller', 'LinkedIn Insights', 'LiteSpeed', 'LiveChat', 'LiveChat Monitoring', 'LiveRamp', 'LottieFiles', 'MGID', 'MGID Reseller', 'MailChimp', 'MailerLite', 'Mailjet Widget', 'Marketo', 'Matomo', 'Mautic', 'Media.net', 'Media.net Reseller', 'Mediavine Publisher', 'Microdata for Google Shopping', 'Microsoft Azure Blob Storage', 'Microsoft Clarity', 'Mixpanel', 'Monetate', 'Monster', 'Monumetric Publisher', 'Mouseflow', 'New Relic', 'Ntent', 'Nudgify', 'OSS CDN', 'Okendo', 'Olark', 'OmniConvert', 'Omnisend', 'OneTrust Domain Verification', 'Ontraport', 'OpenX Direct', 'Optimizely Recommendations', 'OptinMonster', 'Outbrain Direct', 'PHP', 'Paperform', 'Pardot', 'Parse.ly', 'PayPal', 'PayPal Adaptive Payments', 'Pendo', 'Personyze', 'Pinterest Conversion Tracking', 'Pirsch', 'Piwik PRO', 'PixelYourSite', 'Plausible Analytics', 'Podium', 'PollDaddy', 'PubMatic Direct', 'Pubmatic', 'PushAlert', 'PushEngage', 'QUIC', 'Qualtrics Site Intercept', 'Quantcast Direct', 'Quantum Metric', 'RM Education', 'RTB House Direct', 'Reamaze', 'Revcontent Reseller', 'ReviewsOnMyWebsite', 'Rumble Player', 'ScarabResearch', 'Seflow Italy', 'Segment', 'Segment Consent Manager', 'SendPulse', 'Sentry', 'ShareThis', 'Shopper Approved', 'Simple Analytics', 'SiteW', 'SiteWit', 'SmartAdServer Direct', 'SmartSupp', 'SnapEngage', 'Sourcepoint', 'SproutVideo', 'Stamped', 'StatCounter', 'Streamable', 'Stripe', 'Sumo', 'Swell Rewards', 'Taboola Direct', 'Taboola Reseller', 'Tally', 'Tealium', 'Telegram', 'The Trade Desk Direct', 'Theme In WP', 'Thrive Direct', 'TikTok Conversion Tracking Pixel', 'Triple Lift Direct', 'TrustPulse', 'Tumblr', 'Twitch', 'Twitter Ads', 'Twitter Analytics', 'Typeform', 'UK Cookie Consent', 'UTF-8', 'University or College', 'Vercel', 'Vimeo', 'Vimeo CDN', 'Vine Embed', 'Visual Website Optimizer', 'Webpushr', 'Wistia', 'Woo Themes', 'Woopra', 'WordPress', 'WordPress Multisite', 'Wufoo', 'Yahoo Image CDN', 'Yahoo Web Analytics', 'Yandex Hosting', 'Yieldmo Direct', 'Yotpo', 'YouTube', 'Zendesk Embeddables', 'Zoho SalesIQ', 'arsys.es', 'comScore', 'eKomi', 'iZooto', 'jQuery', 'jsDelivr', 'mParticle', 'reCAPTCHA']"
finessepolefitness.com,Finesse Pole Fitness,Finesse Pole Fitness,USA,87,33109,2026-07-29T16:40:01.38282183Z,"['Adobe Creative Cloud WebFonts', 'Alternate Protocol', 'Aruba', 'Drift', 'Express', 'Facebook Login', 'Facebook Messenger Platform', 'Facebook Pixel', 'Facebook Reseller', 'Facebook Tag API', 'FormSubmit', 'GZIP Module', 'Google Analytics', 'Google Tag Manager', 'Instagram Follow Button', 'Line2', 'Microdata for Google Shopping', 'QUIC', 'Squarespace', 'UTF-8', 'WordPress SEO Structured Data Schema Plugin', 'eLand', 'fitDEGREE']"
californialaborlaw.info,San Francisco Employment Attorneys - Call Now Free | UELG,UELG,,67,37336,2026-07-29T14:50:03.825366068Z,"['AJAX Libraries API', 'Alternate Protocol', 'CDN JS', 'Cisco/Arrowpoint Content Service Switch', 'Cloudflare', 'Cloudflare CDN', 'Contact Form Plugin', 'Drift', 'Elementor', 'EmbedPress', 'Essential Addons for Elementor', 'Essential Blocks for Gutenberg', 'Express', 'GTranslate', 'GZIP Module', 'Google Analytics', 'Google Cloud DNS', 'Google My Business', 'Google Tag Manager', 'Microdata for Google Shopping', 'Nginx', 'PHP', 'Theme In WP', 'UTF-8', 'UserWay', 'WP Paginate', 'WordPress', 'WordPress Multisite', 'jQuery', 'reCAPTCHA']"
anthonyssepticservices.com,RAJA01 x Platform Game dengan Sistem Berkualitas,RAJA01,,82,179658,2026-07-29T13:43:52.655308741Z,"['AWS WAF Challenge', 'Alternate Protocol', 'Apple Auto Link Maker', 'Cedexis', 'Cloudflare', 'Cloudflare CDN', 'Cloudflare Web Analytics', 'ContentBox', 'DemDex', 'Disqus Comment System for WordPress', 'Drift', 'Facebook CDN', 'Fireblade', 'GitHub Hosting', 'Google', 'Google My Business', 'Google Play', 'Google Workspace', 'Instagram Follow Button', 'LiteSpeed', 'Microdata for Google Shopping', 'No-Q', 'Perl', 'Pico CSS', 'Postimage.org', 'ProfitWell', 'QUIC', 'Radix UI', 'Twitter Ads', 'Vector Internet Services', 'Vimeo', 'reCAPTCHA', 'shadcn ui']"
qalixworldwide.com,Home - Qalix Worldwide Express Delivery,,,55,30288,2026-07-17T19:23:19.974585793Z,"['Cloudflare', 'Drift', 'Express', 'FreeCSSTemplates', 'LiteSpeed', 'PHP', 'Parcel', 'QUIC', 'SmartSupp', 'Tailwind CSS', 'UTF-8', 'Yandex Hosting']"
idc-cema.com,IDC | Trusted Tech Intelligence,IDC,USA,77,126118,2026-07-09T20:02:19.973961511Z,"['Adobe Creative Cloud WebFonts', 'Alternate Protocol', 'AppNexus Direct', 'Apture Linking Platform', 'Automattic', 'Baidu Cloud', 'Bing Cashback', 'Content Delivery Network', 'Cvent', 'DoubleClick Bid Manager', 'Drift', 'EmbedPress', 'Facebook Reseller', 'Font Awesome', 'FreeCSSTemplates', 'Google', 'Google Analytics', 'Google Cloud DNS', 'Google Font API', 'Google Matched Content', 'Google My Business', 'Google Related Website Sites', 'Google Reseller', 'Google Tag Manager', 'IcoMoon', 'InitiativeS', 'Intercom', 'Jetpack', 'Marketo', 'Microdata for Google Shopping', 'Microsoft Clarity', 'Nginx', 'PHP', 'Parse.ly', 'TablePress', 'Tailwind CSS', 'The Trade Desk Direct', 'Theme In WP', 'Trustarc Cookie Consent', 'UTF-8', 'Usabilla', 'UserGuiding', 'WordPress', 'WordPress Multisite', 'WordPress Stats', 'YouTube', 'Zoom Video Conferencing', 'jsDelivr']"
ivansconnect.com,"Applied Net 2026 – Insurance Conference for Applied Systems, EZLynx and Ivans Users",Applied Net,USA,77,278671,2026-07-03T06:38:19.968355872Z,"['AdRoll', 'Adobe Creative Cloud WebFonts', 'Airtable', 'Alternate Protocol', 'Amazon', 'Amazon CloudFront', 'Amazon Route 53', 'Applied Systems', 'Asana', 'Bing Cashback', 'Bing Conversion Tracking', 'Bizible', 'Brightcove', 'CDN JS', 'ClickCease', 'CloudFront', 'Cloudflare', 'Cloudflare CDN', 'Cloudflare Web Analytics', 'CookieYes', 'DoubleClick Bid Manager', 'Drift', 'EZLynx', 'Facebook CDN', 'Facebook Reseller', 'Fastly', 'Google', 'Google Analytics', 'Google Cloud DNS', 'Google Font API', 'Google Maps', 'Google Matched Content', 'Google My Business', 'Google Reseller', 'Google Tag Manager', 'Harbor', 'Instagram Follow Button', 'LinkedIn Pixel', 'Marketo', 'Microsoft 365', 'Microsoft Application Insights', 'Microsoft Azure', 'Microsoft Clarity', 'Oktopost', 'OneTrust Domain Verification', 'RM Education', 'Rollbar', 'Twitter Ads', 'UTF-8', 'Visual Website Optimizer', 'ZoomInfo', 'jsDelivr']"
wordpressguru.com,Home | wordpresshealth,wordpresshealth,,60,37919,2026-07-02T15:14:19.968518022Z,"['Alternate Protocol', 'CDN JS', 'Cloudflare', 'Cloudflare CDN', 'Contact Form Plugin', 'Content Delivery Network', 'Drift', 'EmbedPress', 'Fireblade', 'Google Cloud DNS', 'Google Font API', 'Line2', 'Matomo', 'Matomo Tag Manager', 'Microdata for Google Shopping', 'Nginx', 'PHP', 'QUIC', 'Sitelinks Search Box', 'Telegram', 'Thank You', 'Theme In WP', 'UTF-8', 'WordPress', 'WordPress Multisite', 'jsDelivr']"
officesafe.com,Security & Compliance Healthcare Software | Bridge Compliance,Rectangle Health,USA,77,434389,2026-06-30T06:02:19.970253797Z,"['AWS WAF Challenge', 'Adobe Analytics', 'Adobe Marketing Cloud', 'Advanced iFrame', 'Alternate Protocol', 'Amazon', 'Apture Linking Platform', 'Bing Cashback', 'Bing Conversion Tracking', 'Bulma', 'CDN JS', 'Chili Piper', 'ClickCease', 'Clickagy', 'Cloudflare', 'Cloudflare CDN', 'Content Delivery Network', 'DAV', 'DemDex', 'DoubleClick Bid Manager', 'Drift', 'EmbedPress', 'Facebook Login', 'Facebook Reseller', 'Fireblade', 'Google', 'Google Analytics', 'Google Cloud DNS', 'Google My Business', 'Google Related Website Sites', 'Google Tag Manager', 'Greenhouse', 'HubSpot Conversations', 'Hubspot', 'Instagram Follow Button', 'LinkedIn Pixel', 'Microdata for Google Shopping', 'Microsoft Clarity', 'Navattic', 'NitroPack', 'OpenX Direct', 'PHP', 'Personizely', 'QUIC', 'Queue', 'The Trade Desk Direct', 'UTF-8', 'WP Engine', 'WordPress', 'WordPress Multisite', 'YouTube', 'ZoomInfo', 'jsDelivr']"
revtrax.com,Home - RevTrax Offer Management Platform,RevTrax,USA,77,227980,2026-06-28T23:56:19.969793393Z,"['AWS WAF Challenge', 'Alternate Protocol', 'Contact Form Plugin', 'Content Delivery Network', 'Cybot', 'DAV', 'Divi', 'Drift', 'Elegant Themes', 'EmbedPress', 'Express', 'GZIP Module', 'Google', 'Google Cloud CDN', 'Google Cloud DNS', 'Google Font API', 'Google My Business', 'Google Tag Manager', 'HandL UTM Grabber', 'Microdata for Google Shopping', 'Nginx', 'Oracle Cloud', 'PHP', 'QUIC', 'RevTrax', 'Salesforce Hosted', 'Sitelinks Search Box', 'Theme In WP', 'Twitter Ads', 'UTF-8', 'WP Engine', 'Widget Options', 'Woo Themes', 'WordPress', 'WordPress Multisite', 'eLand', 'jQuery', 'reCAPTCHA']"
clearfront.agency,Home - Clearfront,Clearfront,,50,30426,2026-06-27T15:32:19.96872574Z,"['Adobe Creative Cloud WebFonts', 'Alternate Protocol', 'Drift', 'Elementor', 'EmbedPress', 'Google', 'Google Cloud CDN', 'Google Cloud DNS', 'Google Font API', 'Hello Elementor', 'Hotjar', 'Microdata for Google Shopping', 'Nginx', 'PHP', 'Parallels Plesk Panel', 'Theme In WP', 'UTF-8', 'WPForms', 'WordPress', 'WordPress Multisite', 'jQuery']"
vengresso.biz,FlyMSG AI Assistants: Write Smarter. Pitch Better. Win More. Save 30 Hrs/Mth,"Vengreso, Inc.",,67,215552,2026-06-20T07:59:19.974945698Z,"['AWS WAF Challenge', 'Alternate Protocol', 'Apache', 'Apture Linking Platform', 'ArvanCloud', 'Astra Theme', 'Booking Affiliate', 'CDN JS', 'Cloudflare', 'Cloudflare CDN', 'Coming Soon Page', 'Content Delivery Network', 'DAV', 'Drift', 'Elementor', 'ElementsKit Elementor', 'EmbedPress', 'Express', 'Fastly', 'Fireblade', 'Google Analytics', 'Google My Business', 'Google Tag Manager', 'Instagram Follow Button', 'Microdata for Google Shopping', 'NFOrce Internet', 'NitroPack', 'PHP', 'Product Hunt', 'QUIC', 'Salesforce Hosted', 'Share Link', 'Twitter Ads', 'UTF-8', 'Vimeo', 'Woo Themes', 'WordPress', 'WordPress Multisite', 'WordPress Related Posts', 'YouTube', 'jQuery', 'jsDelivr']"
rangeronline.com,High-Quality Custom Printing Services in Orlando,Ranger Printing & Promotional Products / Orlando Printing Company,USA,77,70949,2026-06-18T18:47:19.969959527Z,"['Alternate Protocol', 'BLR', 'Cloudflare', 'Contact Form Plugin', 'Content Delivery Network', 'Drift', 'EmbedPress', 'Fireblade', 'GoDaddy', 'Google Analytics', 'Google Cloud DNS', 'Google Font API', 'Google My Business', 'Google Tag Manager', 'Instagram Follow Button', 'Microdata for Google Shopping', 'MonsterInsights', 'PHP', 'QUIC', 'Slider Revolution', 'Theme In WP', 'ThemeFusion', 'Tumblr', 'UTF-8', 'W3 Total Cache', 'WP jQuery Lightbox', 'Wangsu', 'WordPress', 'WordPress Multisite', 'Yelp Badge', 'YouTube', 'jQuery']"
anaprosolutions.com,High-Quality Remodeling and Painting Services by A&A Pro Solutions | A&A Pro Solutions,,USA,67,174338,2026-06-16T16:29:19.968911165Z,"['AWS WAF Challenge', 'Alternate Protocol', 'Cedexis', 'Cloudflare', 'Cloudflare CDN', 'Cloudflare Web Analytics', 'DemDex', 'Disqus Comment System for WordPress', 'Drift', 'Express', 'Facebook CDN', 'Fireblade', 'GitHub Hosting', 'Google', 'Google Maps', 'Google My Business', 'Google Workspace', 'Instagram Follow Button', 'Pexels', 'ProfitWell', 'Thank You', 'Twitter Ads', 'UTF-8', 'Vimeo', 'Zyro', 'reCAPTCHA']"
churchgeardirect.us,"Church Gear Direct - Same Gear, Different Prices.",Church Gear Direct,,62,41216,2026-06-15T14:17:19.969194949Z,"['Alternate Protocol', 'Cloudflare', 'Content Delivery Network', 'Drift', 'EmbedPress', 'Google Analytics', 'Google Cloud DNS', 'Google Font API', 'Gravity Forms', 'HubSpot Conversations', 'Hubspot', 'IcoMoon', 'Instagram Follow Button', 'MailMunch', 'Microdata for Google Shopping', 'Nectar Slide Plugin', 'PHP', 'Theme In WP', 'Twitter Ads', 'UTF-8', 'WPBakery', 'Woo Themes', 'WooCommerce Checkout', 'WordPress', 'WordPress Multisite', 'jQuery']"
keepitsimplecrm.com,Business Automation Solutions - Home,,USA,77,45700,2026-06-14T18:05:19.971972342Z,"['AJAX Libraries API', 'AWS WAF Challenge', 'Apache', 'Apture Linking Platform', 'CDN JS', 'Calendly', 'Cloudflare', 'Cloudflare CDN', 'Drift', 'GZIP Module', 'Google Cloud DNS', 'Google Maps', 'Google My Business', 'IcoMoon', 'QUIC', 'Tailwind CSS', 'jQuery']"
convault.com,ConVault Aboveground Tanks - Core Engineered Solutions,Core Engineered Solutions,CAN,70,129570,2026-06-12T08:02:19.971359798Z,"['AWS WAF Challenge', 'Alternate Protocol', 'Cloudflare', 'Cloudflare CDN', 'Cloudflare Turnstile', 'Complianz', 'Contact Form Plugin', 'Content Delivery Network', 'Drift', 'EmbedPress', 'Fireblade', 'GoDaddy', 'Google', 'Google Analytics', 'Google Cloud DNS', 'Google Font API', 'Google My Business', 'Google Tag Manager', 'LiteSpeed', 'MailChimp for WordPress', 'Microdata for Google Shopping', 'PHP', 'Pagekit', 'SMC', 'Site Kit', 'Slider Revolution', 'Smush Image Optimization', 'Theme In WP', 'UTF-8', 'University or College', 'WPBakery', 'Wangsu', 'WordPress', 'WordPress Multisite', 'eLand', 'jQuery', 'reCAPTCHA']"
altadamonnational.com,Al Tadamon » Al Tadamon National Company,,,60,75419,2026-06-12T04:20:19.968937517Z,"['AWS WAF Challenge', 'Alternate Protocol', 'Cedexis', 'Cloudflare', 'Cloudflare CDN', 'DemDex', 'Disqus Comment System for WordPress', 'Drift', 'EmbedPress', 'Express', 'Facebook CDN', 'Facebook Login', 'Facebook Messenger Platform', 'Facebook Reseller', 'Fontello', 'GitHub Hosting', 'Google', 'Google Cloud DNS', 'Google Font API', 'Google My Business', 'Google Workspace', 'IcoMoon', 'Instagram Follow Button', 'Jetpack', 'LayerSlider Responsive', 'LiteSpeed', 'PHP', 'ProfitWell', 'Thank You', 'Twitter Ads', 'UTF-8', 'Vimeo', 'WordPress', 'WordPress Multisite', 'jQuery', 'reCAPTCHA']"
centarus.co,Managed IT Services in San Francisco,Centarus | Managed IT Support | San Francisco,VEN,82,130467,2026-06-11T23:26:19.968998746Z,"['AWS WAF Challenge', 'Adult Content', 'Apollo IO', 'Cisco/Arrowpoint Content Service Switch', 'Cogeco Peer 1', 'Content Delivery Network', 'Corporate Governance and Regulatory Compliance', 'Drift', 'Elementor', 'ElementsKit Elementor', 'EmbedPress', 'Essential Addons for Elementor', 'Fastly', 'Fireblade', 'GZIP Module', 'Google Analytics', 'Google Cloud DNS', 'Google Customer Reviews', 'Google Font API', 'Google Tag Manager', 'Gravity', 'Gravity Forms', 'HappyAddons', 'Header, Footer and Blocks for Elementor', 'Microdata for Google Shopping', 'NFOrce Internet', 'Nginx', 'ON24', 'PHP', 'QUIC', 'Table Addons for Elementor', 'Team Members', 'Theme In WP', 'To Top', 'UTF-8', 'WordPress', 'WordPress Multisite', 'jQuery']"
awcbc.com,Home | AWCBC,Association of Workers' Compensation Boards of Canada,CAN,72,169971,2026-06-11T15:32:19.969326821Z,"['Act-On', 'Akamai Global Host', 'Alternate Protocol', 'Amazon', 'Amazon CloudFront', 'Amazon Route 53', 'Apture Linking Platform', 'Bing Cashback', 'Bing Conversion Tracking', 'CDN JS', 'CloudFront', 'Cloudflare', 'Cloudflare CDN', 'Corporate Governance and Regulatory Compliance', 'Craft', 'DoubleClick Bid Manager', 'Drift', 'ElementUI', 'Facebook Reseller', 'Google', 'Google Analytics', 'Google Cloud DNS', 'Google Font API', 'Google Maps', 'Google My Business', 'Google Related Website Sites', 'Google Tag Manager', 'Intercom', 'LinkedIn Pixel', 'Microdata for Google Shopping', 'Microsoft 365', 'Microsoft Azure Blob Storage', 'Microsoft Clarity', 'Nginx', 'OneTrust Domain Verification', 'Oribi Analytics', 'Pardot', 'QUIC', 'Site Search 360', 'Smart App Banner', 'Tealium', 'Twitter Ads', 'Twitter Analytics', 'UTF-8', 'Wistia', 'YouTube', 'jsDelivr', 'reCAPTCHA']"
smallbizdevgroup.com,"Home - Small Business Development Group, Inc",Small Business Development Group,,60,30391,2026-06-11T07:07:29.053763758Z,"['AWS WAF Challenge', 'Alternate Protocol', 'Cloudflare', 'Cloudflare CDN', 'Cloudflare Web Analytics', 'Divi', 'Drift', 'Elegant Themes', 'EmbedPress', 'GZIP Module', 'Google Cloud DNS', 'Google Font API', 'Google Related Website Sites', 'Hotjar', 'Microdata for Google Shopping', 'PHP', 'Popup Maker for Wordpress', 'Shipping Rates Calculator', 'Side Cart Woocommerce', 'Theme In WP', 'UTF-8', 'WP Video Lightbox', 'Woo Themes', 'WooCommerce', 'WooCommerce Checkout', 'WooCommerce Stripe Payment Gateway', 'WordPress', 'WordPress Multisite', 'YouTube', 'jQuery']"
missionboardgames.com,Mission: Board Games,Mission: Board Games,USA,82,32356,2026-06-11T04:32:39.36787653Z,"['Adobe Creative Cloud WebFonts', 'Alternate Protocol', 'Aruba', 'Drift', 'Express', 'Facebook Conversion Tracking', 'Facebook Login', 'Facebook Messenger Platform', 'Facebook Pixel', 'Facebook Reseller', 'Facebook Tag API', 'FormSubmit', 'GZIP Module', 'Google Analytics', 'Google Tag Manager', 'Instagram Follow Button', 'Line2', 'Microdata for Google Shopping', 'Newsletter for Wordpress', 'QUIC', 'Shopify', 'Squarespace', 'Twitter Ads', 'UTF-8', 'WordPress SEO Structured Data Schema Plugin', 'eLand']"
therugbutler.com,"Rug Cleaning & Restoration in Melbourne, FL| The Rug Butler",,AUS,87,51357,2026-06-10T19:24:21.446241093Z,"['AJAX Libraries API', 'AWS WAF Challenge', 'Amazon', 'Amazon CloudFront', 'CloudFront', 'Cloudflare', 'Content Delivery Network', 'Drift', 'Font Awesome', 'GZIP Module', 'Google', 'Google Cloud DNS', 'Google Font API', 'Google Maps', 'IcoMoon', 'QUIC', 'UTF-8', 'WF Cookie Consent', 'Wistia']"
roatanbilingualtours.com,"Providing tours, activities & transportation service in Roatan island | Roatan Bilingual Tours",,ECU,82,30039,2026-06-10T18:47:19.969145037Z,"['Apache', 'Apture Linking Platform', 'Drift', 'Facebook Customer Chat SDK', 'Facebook Login', 'Facebook Messenger Platform', 'Facebook Reseller', 'GZIP Module', 'Google Analytics', 'Google Tag Manager', 'Instagram Follow Button', 'PHP', 'PWA', 'Slider Revolution', 'Tailwind CSS', 'UTF-8', 'WhatsApp Sharing']"
kjcargoservice.co.uk,KJ Cargo | Home,,GBR,72,32647,2026-06-10T18:05:19.968968598Z,"['Aruba', 'Bootstrapious', 'Drift', 'Fancybox for WordPress', 'Google Analytics', 'Google Cloud DNS', 'Google Font API', 'Google My Business', 'Google Related Website Sites', 'Google Tag Manager', 'IcoMoon', 'Instagram Follow Button', 'LiteSpeed', 'PHP', 'QUIC', 'Tailwind CSS', 'Twitter Ads', 'UTF-8', 'YouTube', 'eLand', 'reCAPTCHA']"
leoyudkindds.com,Home - Advanced Endodontics of NJ,,RUS,70,35747,2026-06-10T14:36:58.478565675Z,"['Alternate Protocol', 'Autoptimize', 'Content Delivery Network', 'Divi', 'Drift', 'Elegant Themes', 'EmbedPress', 'Google', 'Google Analytics', 'Google Related Website Sites', 'Google Tag Manager', 'Microdata for Google Shopping', 'Nginx', 'Perl', 'QUIC', 'SiteGround Optimizer', 'Twitter Ads', 'UTF-8', 'WordPress', 'WordPress Multisite', 'Yandex Hosting', 'jQuery']"
coaxshop.hu,Home - Coaxshop,Coaxshop,ITA,77,778071,2026-06-10T13:11:15.766279087Z,"['ADFOX', 'AWS WAF Challenge', 'Active Campaign', 'AddThis for Wordpress', 'Adobe Analytics', 'Adobe Marketing Cloud', 'Agoda', 'Akamai Global Host', 'Alibaba Cloud CDN', 'Alternate Protocol', 'Amazon Associates Affiliate Shop', 'Amazon CloudFront', 'Amazon WAF Blocked', 'Amplitude', 'Analytify', 'Automattic', 'BLR', 'Baidu Ads', 'Baidu Analytics', 'Baidu Cloud', 'Bing Cashback', 'Bing Conversion Tracking', 'ByteDance', 'Calendly', 'Clicky', 'CloudFront', 'Cloudflare', 'Cloudflare CDN', 'Cloudflare Web Analytics', 'Content Delivery Network', 'Content Square', 'Convert', 'ConvertKit', 'CrazyEgg', 'Crisp', 'Criteo', 'Criteo Reseller', 'Customer.io', 'Cybot', 'DailyMotion Video', 'Dailymotion Reseller', 'DemDex', 'Disqus Comment System for WordPress', 'DoubleClick Bid Manager', 'Drift', 'Drip', 'ElementUI', 'Elementor', 'EmbedPress', 'Facebook Embedded Posts', 'Facebook Pixel', 'Facebook Reseller', 'Fastly', 'Freshdesk Support', 'Freshworks Bot', 'FullStory', 'Google', 'Google Adsense', 'Google Analytics', 'Google Cloud DNS', 'Google Flights Conversion Tracking', 'Google Font API', 'Google Funding Choices', 'Google Maps', 'Google Matched Content', 'Google My Business', 'Google Reseller', 'Google Tag Manager', 'Heap', 'Hello Bar', 'Hello Elementor', 'Hotjar', 'HubSpot Conversations', 'Hubspot', 'Instagram Follow Button', 'Intercom', 'JetWooBuilder', 'Jetpack', 'JivoSite', 'Kitco', 'Klaviyo', 'Line2', 'LinkedIn Insights', 'LiteSpeed', 'LiveChat', 'LiveChat Monitoring', 'MailChimp', 'Marketo', 'Matomo', 'Mautic', 'Microdata for Google Shopping', 'Microsoft Azure Blob Storage', 'Microsoft Clarity', 'Mixpanel', 'Monster', 'Mouseflow', 'NFOrce Internet', 'New Relic', 'Olark', 'OneTrust Domain Verification', 'Optimizely Recommendations', 'OptinMonster', 'Outbrain Direct', 'Pardot', 'PayPal', 'PayPal Adaptive Payments', 'Pendo', 'Pinterest Conversion Tracking', 'Plausible Analytics', 'PollDaddy', 'QUIC', 'QUIC.cloud', 'Quantcast Direct', 'RM Education', 'SMC', 'Seflow Italy', 'Segment', 'Segment Consent Manager', 'Sentry', 'ShareThis', 'Site Kit', 'SiteW', 'SiteWit', 'Sumo', 'Taboola Direct', 'Taboola Reseller', 'TikTok Conversion Tracking Pixel', 'TranslatePress', 'Tumblr', 'Twitch', 'Twitter Ads', 'Twitter Analytics', 'Typeform', 'UTF-8', 'Vimeo', 'Vimeo CDN', 'Visual Website Optimizer', 'Wistia', 'Woo Themes', 'WordPress', 'WordPress Multisite', 'Yandex Hosting', 'YouTube', 'Zendesk Embeddables', 'Zoho SalesIQ', 'jsDelivr', 'reCAPTCHA']"
sacredpilgrim.com,Sacred Pilgrim Spiritual Direction – spiritual companionship for life's journey,,,55,37572,2026-06-10T09:42:06.746321815Z,"['Accelerate', 'Akismet', 'Alternate Protocol', 'Apple Auto Link Maker', 'Automattic', 'Calendly', 'Compact WP Audio Player', 'Drift', 'EmbedPress', 'Express', 'Fireblade', 'GZIP Module', 'Google Analytics', 'Google Cloud DNS', 'Google Font API', 'Google My Business', 'Instagram Follow Button', 'Jetpack', 'Jetpack Site Accelerator', 'Nginx', 'PHP', 'PayPal Adaptive Payments', 'PayPal Button', 'PayPal Form', 'Pico CSS', 'Thank You', 'Theme In WP', 'Twitter Ads', 'UTF-8', 'Woo Themes', 'WordPress', 'WordPress Multisite', 'WordPress Stats', 'YouTube', 'jQuery']"
johnnyburkecatering.com,Johnny Burke Catering | Boston Catering & Event Planning,Johnny Burke Catering & Events,USA,82,52573,2026-06-09T20:22:10.422990232Z,"['Alternate Protocol', 'Amazon WAF Blocked', 'Apture Linking Platform', 'CDN JS', 'Cloudflare', 'Cloudflare CDN', 'Contact Form Plugin', 'Content Delivery Network', 'ContentBox', 'DAV', 'Drift', 'Elegant Themes', 'Elementor', 'EmbedPress', 'Google', 'Google Analytics', 'Google Cloud CDN', 'Google Cloud DNS', 'Google Font API', 'Google My Business', 'Google Tag Manager', 'Instagram Feed for WordPress', 'Instagram Follow Button', 'Klaviyo', 'Klaviyo for WordPress', 'Lazy Load for WordPress', 'Microdata for Google Shopping', 'NFOrce Internet', 'PHP', 'Premium Addons for Elementor', 'Slider Revolution', 'Table Addons for Elementor', 'Twitter Ads', 'UTF-8', 'WP Rocket', 'Wangsu', 'WordPress', 'WordPress Multisite', 'Yelp Badge', 'ezCater', 'jsDelivr']"
copybase.pro,CopyBase - GorillaFlow,GorillaFlow Ltd,,60,45622,2026-06-09T17:13:49.5372009Z,"['CDN JS', 'Calendly', 'Cloudflare', 'Cloudflare CDN', 'Content Delivery Network', 'Drift', 'Elementor', 'EmbedPress', 'Figma', 'Google', 'Google Analytics', 'Google Cloud DNS', 'Google Font API', 'Google My Business', 'Google Tag Manager', 'Hello Elementor', 'Hotjar', 'Lazy Load for WordPress', 'Microdata for Google Shopping', 'NFOrce Internet', 'PHP', 'SMC', 'Theme In WP', 'Twitter Ads', 'UTF-8', 'WP Rocket', 'WordPress', 'WordPress Multisite', 'jQuery']"
kzpharmaceuticals.com,KZ Pharmaceuticals – Visit Nassau's Best Pharmacies and Markets,,,60,30121,2026-06-09T16:38:28.660733489Z,"['Alternate Protocol', 'Apache', 'Contact Form Plugin', 'DAV', 'Drift', 'EmbedPress', 'Font Awesome', 'GZIP Module', 'Google Analytics', 'Google Tag Manager', 'PHP', 'Theme In WP', 'ThemeFusion', 'UTF-8', 'WP jQuery Lightbox', 'WordPress', 'WordPress Multisite', 'jQuery']"
usee3cube.com,E3cube,,GBR,67,30508,2026-06-09T12:17:08.399000704Z,"['AJAX Libraries API', 'Bulma', 'DAV', 'Drift', 'Google Analytics', 'Google Cloud DNS', 'Google Font API', 'Google Tag Manager', 'IcoMoon', 'LiteSpeed', 'QUIC', 'Tailwind CSS', 'Twitter Ads', 'UTF-8', 'University or College', 'jQuery']"
eagle2trade.com,Eagle2Trade,,,50,38289,2026-06-09T07:13:20.540661857Z,"['Animate It', 'Apache', 'Bulma', 'Drift', 'ETranslate', 'Fireblade', 'GTranslate', 'GZIP Module', 'GetButton.io', 'Google Cloud DNS', 'Google Font API', 'Google My Business', 'IcoMoon', 'OpenSSL', 'PHP', 'QUIC', 'Tailwind CSS', 'Telegram', 'UTF-8', 'Unix', 'YouTube', 'eLand', 'jsDelivr']"
journi.co,Journi,,USA,65,33992,2026-06-09T01:29:58.760375496Z,"['AJAX Libraries API', 'Adobe Creative Cloud WebFonts', 'Alternate Protocol', 'Aruba', 'Drift', 'Express', 'Facebook Conversion Tracking', 'Facebook Login', 'Facebook Messenger Platform', 'Facebook Pixel', 'Facebook Reseller', 'Facebook Tag API', 'GZIP Module', 'Google', 'Google Analytics', 'Google Cloud DNS', 'Google Font API', 'Google Tag Manager', 'Instagram Follow Button', 'Line2', 'Microdata for Google Shopping', 'Newsletter for Wordpress', 'QUIC', 'Squarespace', 'Subversion', 'UTF-8', 'Vimeo', 'WordPress SEO Structured Data Schema Plugin', 'YouTube', 'eLand', 'jQuery']"
spiritcentralcheer.com,"Spirit Central Cheer - All Star Cheerleading: Auburn, MA",Spirit Central Cheer,GBR,82,57456,2026-06-09T00:59:47.34451273Z,"['AWS WAF Challenge', 'Alternate Protocol', 'Azion', 'Cloudflare', 'Coming Soon Page', 'Content Delivery Network', 'Drift', 'EmbedPress', 'Etix', 'Facebook Conversion Tracking', 'Facebook Login', 'Facebook Messenger Platform', 'Facebook Pixel', 'Facebook Reseller', 'Facebook Tag API', 'Font Awesome', 'FormSubmit', 'Google', 'Google Analytics', 'Google Cloud CDN', 'Google Cloud DNS', 'Google Font API', 'Google Tag Manager', 'Gravity', 'IcoMoon', 'Instagram Follow Button', 'Microdata for Google Shopping', 'PHP', 'Perl', 'Popup Maker for Wordpress', 'QUIC', 'Slider Revolution', 'The Events Calendar', 'Theme In WP', 'UTF-8', 'Vimeo', 'WP Engine', 'WPBakery', 'Woo Themes', 'WooCommerce', 'WooCommerce Checkout', 'WooCommerce Stripe Payment Gateway', 'WordPress', 'WordPress Multisite', 'WordPress Related Posts', 'YouTube', 'eLand', 'iClassPro', 'jQuery', 'uPress', 'vzaar']"
gracenewhope.com,Grace New Hope,Grace New Hope,VUT,65,119188,2026-06-09T00:14:01.365624605Z,"['Adobe Creative Cloud WebFonts', 'Apple Auto Link Maker', 'Aruba', 'DC74', 'Drift', 'Express', 'FormSubmit', 'GZIP Module', 'Google', 'Google Cloud DNS', 'Google Font API', 'Line2', 'Magento Enterprise', 'Microdata for Google Shopping', 'Newsletter for Wordpress', 'QUIC', 'SiteW', 'Squarespace', 'UTF-8', 'Vector Internet Services', 'WordPress SEO Structured Data Schema Plugin', 'YouTube', 'Zoom Video Conferencing', 'eLand']"
imaginarydesign.co.uk,Adam Koniuszewski | Product Designer,,GBR,77,47440,2026-06-08T23:27:13.382204703Z,"['AWS WAF Challenge', 'Atlassian Bitbucket', 'Cloudflare', 'Cloudflare CDN', 'Cloudflare Web Analytics', 'Content Delivery Network', 'Drift', 'GitHub Hosting', 'Google Analytics', 'Google Tag Manager', 'Hotjar', 'Instagram Follow Button', 'Medium', 'Todoist', 'Twitter Ads', 'UTF-8', 'University or College']"
dunwoodyafterschoolprogram.com,"After School Program - Best After School Program in Dunwoody, GA",,GBR,77,47394,2026-06-08T23:17:08.168247176Z,"['Alternate Protocol', 'Apache', 'Call to Visit', 'CheryFramework', 'Drift', 'EmbedPress', 'Fireblade', 'GZIP Module', 'Google Maps', 'Google My Business', 'Juicer', 'Juicer DMP', 'Microdata for Google Shopping', 'PHP', 'PixelYourSite', 'Q2W3 Fixed Widget', 'QUIC', 'Theme In WP', 'Twitter Ads', 'UTF-8', 'WordPress', 'WordPress Multisite', 'YouTube', 'jQuery']"
senseofethiopiatours.com,Home - Sense of Ethiopia Tours,Sense of Ethiopia Tours,ETH,77,31809,2026-06-08T19:56:16.273306102Z,"['Alternate Protocol', 'Contact Form Plugin', 'Drift', 'EmbedPress', 'Google Cloud DNS', 'Google Font API', 'Google My Business', 'IcoMoon', 'Instagram Follow Button', 'LiteSpeed', 'Microdata for Google Shopping', 'PHP', 'QUIC', 'Tailwind CSS', 'Telegram', 'Theme In WP', 'Travel Agency', 'Twitter Ads', 'UTF-8', 'WordPress', 'WordPress Multisite', 'YouTube', 'jQuery', 'reCAPTCHA']"
iidinteriors.com,Into Interior Decoration LLC,,,50,30258,2026-06-08T18:28:34.414060179Z,"['Column Shortcodes', 'Content Delivery Network', 'Drift', 'Formspree', 'Google Analytics', 'Google Cloud DNS', 'Google Font API', 'Google Maps', 'Google My Business', 'Google Tag Manager', 'IcoMoon', 'Netlify', 'UTF-8', 'YouTube', 'jQuery']"
culturenetics.de,INQA-Coaching | Home,,DEU,82,31260,2026-06-08T17:04:35.1964115Z,"['Apache', 'B12', 'DAV', 'Django', 'Drift', 'GitHub Hosting', 'Google My Business', 'Line2', 'Perl', 'QUIC']"
epiphanynewyork.com,"Epiphany Manhattan Academy – Shaping Futures, Beyond Academics",,USA,70,62689,2026-06-08T17:00:48.654289824Z,"['AWS WAF Challenge', 'Alternate Protocol', 'Cloudflare', 'Colibri', 'Contact Form Plugin', 'Content Delivery Network', 'Drift', 'Elementor', 'EmbedPress', 'Fancybox for WordPress', 'Fireblade', 'Font Awesome', 'GZIP Module', 'Google Analytics', 'Google Cloud DNS', 'Google Font API', 'Google My Business', 'Google Tag Manager', 'Gtranslate for Wordpress', 'IcoMoon', 'Icons8', 'PHP', 'Pleroma', 'Telegram', 'UTF-8', 'University or College', 'Woo Themes', 'WordPress', 'WordPress Multisite', 'jQuery', 'reCAPTCHA', 'shadcn ui']"
dekalbupc.org,DeKalb United Pentecostal Church,DeKalb United Pentecostal Church,,67,127262,2026-06-08T15:33:28.669328025Z,"['AWS WAF Challenge', 'Adobe Creative Cloud WebFonts', 'Aruba', 'Drift', 'Express', 'Font Awesome', 'GZIP Module', 'Google', 'Google Cloud DNS', 'Google Font API', 'Instagram Follow Button', 'Line2', 'Magento Enterprise', 'MailChimp', 'Microdata for Google Shopping', 'QUIC', 'SiteW', 'Squarespace', 'Ticket Tailor', 'UTF-8', 'WordPress SEO Structured Data Schema Plugin', 'eLand']"
rhysjamespcs.com,RHYS JAMES® - Beauty. Rarity. Legacy.,Rhys James,,77,33376,2026-06-08T15:29:06.392091501Z,"['Adobe Creative Cloud WebFonts', 'Aruba', 'DAV', 'Drift', 'Express', 'Facebook Login', 'Facebook Messenger Platform', 'Facebook Pixel', 'Facebook Reseller', 'Facebook Tag API', 'Financial Services Guide', 'FormSubmit', 'GZIP Module', 'Google Analytics', 'Google Tag Manager', 'IcoMoon', 'Instagram Follow Button', 'Line2', 'Microdata for Google Shopping', 'NFOrce Internet', 'Newsletter for Wordpress', 'Perl', 'Pico CSS', 'QUIC', 'Squarespace', 'UTF-8', 'WordPress SEO Structured Data Schema Plugin', 'eLand']"
faiu.com,Home - First American Insurance Underwriters,First American Insurance Underwriters,USA,82,65635,2026-06-08T14:54:34.708944003Z,"['AWS WAF Challenge', 'Alternate Protocol', 'Content Delivery Network', 'CookieYes', 'Drift', 'EmbedPress', 'Financial Industry Regulatory Authority', 'Fireblade', 'Google', 'Google Analytics', 'Google Cloud CDN', 'Google My Business', 'Google Tag Manager', 'IPFS', 'Microdata for Google Shopping', 'Nginx', 'PHP', 'The Events Calendar', 'Theme In WP', 'Twitter Ads', 'UTF-8', 'Ultra', 'WP Engine', 'WP-Members', 'WordPress', 'WordPress Multisite', 'jQuery', 'reCAPTCHA']"
ashworthlondon.com,Ashworthlondon,,,55,75611,2026-06-08T14:32:42.258581704Z,"['AJAX Libraries API', 'AWS WAF Challenge', 'Apture Linking Platform', 'Cedexis', 'Cloudflare', 'Cloudflare CDN', 'DemDex', 'Disqus Comment System for WordPress', 'Drift', 'Express', 'Facebook CDN', 'GitHub Hosting', 'Google', 'Google Cloud DNS', 'Google Maps', 'Google My Business', 'Google Workspace', 'Instagram Follow Button', 'Klaviyo', 'Microdata for Google Shopping', 'ProfitWell', 'QUIC', 'Schema Plugin', 'Shopify', 'Shopify Collabs', 'Tailwind CSS', 'Twitter Ads', 'UTF-8', 'Vimeo', 'hCaptcha', 'jQuery', 'jsDelivr', 'reCAPTCHA']"
creativeworks.co,Creative Workers Union,,USA,72,128872,2026-06-07T18:50:16.009757536Z,"['AWS WAF Challenge', 'Adobe Creative Cloud WebFonts', 'Aruba', 'Drift', 'Express', 'Facebook Login', 'Facebook Messenger Platform', 'Facebook Pixel', 'Facebook Reseller', 'Facebook Tag API', 'Font Awesome', 'GZIP Module', 'Google', 'Google Analytics', 'Google Cloud DNS', 'Google Font API', 'Google Tag Manager', 'Instagram Follow Button', 'Line2', 'Magento Enterprise', 'Microdata for Google Shopping', 'QUIC', 'SiteW', 'Squarespace', 'UTF-8', 'Vector Internet Services', 'WordPress SEO Structured Data Schema Plugin', 'eLand']"
rxlive.co.uk,Home - RX Live,RX Live Project,,62,50566,2026-06-07T18:19:53.329306487Z,"['Alternate Protocol', 'Amazon WAF Blocked', 'Apache', 'App Store', 'Apple Auto Link Maker', 'Apture Linking Platform', 'Drift', 'Elementor', 'EmbedPress', 'Fireblade', 'Font Awesome', 'GZIP Module', 'Google', 'Google Analytics', 'Google Cloud CDN', 'Google My Business', 'Google Play', 'Google Tag Manager', 'Instagram Follow Button', 'Lazy Load for WordPress', 'Microdata for Google Shopping', 'QUIC', 'Sitelinks Search Box', 'Trustpilot Reviews for WordPress', 'Twitter Ads', 'UTF-8', 'WP Rocket', 'WordPress', 'WordPress Multisite']"
serveetcons.com,Home – Serveetcons,,,57,30231,2026-06-07T09:17:40.814340826Z,"['App Store', 'ArvanCloud', 'Drift', 'ElementUI', 'Font Awesome', 'GZIP Module', 'Google My Business', 'Google Play', 'Instagram Follow Button', 'Nginx', 'Stripe', 'Tailwind CSS', 'Twitter Ads', 'UTF-8', 'Ubuntu', 'jsDelivr', 'shadcn ui']"
theredhatsummit.com,Red Hat Summit 2026 Homepage,,USA,72,708845,2026-06-07T03:57:15.482683455Z,"['Adobe Analytics', 'Adobe Marketing Cloud', 'Alternate Protocol', 'Amazon', 'Amazon CloudFront', 'Amazon Route 53', 'Apache', 'Baidu Ads', 'Baidu Analytics', 'Baidu Cloud', 'Bing Cashback', 'Bing Conversion Tracking', 'CDN JS', 'Cisco/Arrowpoint Content Service Switch', 'Clickagy', 'CloudFront', 'Cloudflare', 'Cloudflare CDN', 'Content Delivery Network', 'Content Square', 'Corporate Governance and Regulatory Compliance', 'DemDex', 'DoubleClick Bid Manager', 'Drift', 'Drupal', 'Facebook Reseller', 'Font Awesome', 'GZIP Module', 'Google Analytics', 'Google Cloud DNS', 'Google Font API', 'Google Tag Manager', 'Instagram Follow Button', 'Intercom', 'Investor Relations', 'KVH', 'LinkedIn Pixel', 'Marketo', 'Nginx', 'OpenSSL', 'Oracle Cloud', 'PHP', 'Perl', 'Plausible Analytics', 'Python', 'QUIC', 'Qualtrics Site Intercept', 'Salesforce Hosted', 'Sentry', 'Squid', 'Subversion', 'TrustRadius', 'Twitter Ads', 'Twitter Analytics', 'UTF-8', 'University or College', 'Unix', 'UserZoom', 'YouTube']"
steelystraws.com,Wholesale Reusable Stainless Steel Drinking Straws - Steelys® Straws,,VEN,77,38788,2026-06-07T00:47:19.970884115Z,"['Alternate Protocol', 'Amazon', 'Apache', 'Cisco/Arrowpoint Content Service Switch', 'Contact Form 7', 'Contact Form Plugin', 'DAV', 'Divi', 'Drift', 'Elegant Themes', 'EmbedPress', 'GZIP Module', 'Google Analytics', 'Google Cloud DNS', 'Google Font API', 'Google Related Website Sites', 'Google Tag Manager', 'Instagram Follow Button', 'Lazy Load for WordPress', 'Microdata for Google Shopping', 'PHP', 'Smart Slider 3', 'Theme In WP', 'UTF-8', 'University or College', 'W3 Total Cache', 'WP Slick Slider and Image Carousel', 'Woo Themes', 'WordPress', 'WordPress Multisite', 'YouTube', 'eLand', 'jQuery']"
mybd.me,Montenegro business destination - Business in Montenegro,,MNE,72,30468,2026-06-06T21:21:05.42286614Z,"['Apache', 'Contact Form 7', 'Drift', 'GZIP Module', 'Google Analytics', 'Google Tag Manager', 'IcoMoon', 'Instagram Follow Button', 'Lazy Load for WordPress', 'Tailwind CSS', 'UTF-8', 'Ubuntu']"
proofpoint.pro,Technical Training | Proofpoint US,Proofpoint,USA,67,194474,2026-06-06T17:13:30.894659428Z,"['AWS WAF Challenge', 'AddThis for Wordpress', 'Alternate Protocol', 'Amazon', 'Amazon CloudFront', 'Amazon Route 53', 'Amazon WAF Blocked', 'Apture Linking Platform', 'Bing Cashback', 'Bing Conversion Tracking', 'Cisco/Arrowpoint Content Service Switch', 'CloudFront', 'DoubleClick Bid Manager', 'Drift', 'ElementUI', 'Facebook Reseller', 'Fireblade', 'GZIP Module', 'GetResponse', 'GitHub Hosting', 'Google', 'Google Analytics', 'Google Cloud DNS', 'Google Cloud Storage', 'Google Flights Conversion Tracking', 'Google My Business', 'Google Tag Manager', 'IcoMoon', 'Imperva Bot Detection and Mitigation', 'Instagram Follow Button', 'Marketo', 'Microdata for Google Shopping', 'Microsoft Azure Blob Storage', 'Microsoft Clarity', 'Navattic', 'New Relic', 'OneTrust Domain Verification', 'PHP', 'Tailwind CSS', 'UTF-8', 'University or College', 'VWO Engage', 'Vector Internet Services', 'Vimeo', 'Vimeo CDN', 'Visual Website Optimizer', 'YouTube', 'ZoomInfo', 'jsDelivr']"
manipalnatural.us,Herbal & Organic Extract Manufacturers in Europe & India - Manipal Natural,,IND,62,32740,2026-06-06T15:50:55.602396337Z,"['Clare.AI', 'Drift', 'ETranslate', 'GTranslate', 'Google Analytics', 'Google Cloud DNS', 'Google Font API', 'Google My Business', 'Google Tag Manager', 'LiteSpeed', 'QUIC', 'Tailwind CSS', 'Twitter Ads', 'YouTube']"
prenatalultrasounds.com,"Best Prenatal Ultrasounds - HDLive 3D Ultrasound and 4D Ultrasound - Orlando, Florida - 12 Week Gender Determination Scans",Prenatal Ultrasounds Boutique HDLive 3D/4D UltrasoundStudio,USA,82,56372,2026-06-06T15:49:09.627561783Z,"['AWS WAF Challenge', 'Alternate Protocol', 'AnyChat', 'Apture Linking Platform', 'CallRail', 'Cloudflare', 'Contact Form Plugin', 'Content Delivery Network', 'Drift', 'EmbedPress', 'Express', 'Facebook Conversion Tracking', 'Facebook Login', 'Facebook Messenger Platform', 'Facebook Pixel', 'Facebook Reseller', 'Facebook Tag API', 'Flatsome', 'FormSubmit', 'Google Adsense', 'Google Analytics', 'Google Cloud DNS', 'Google Funding Choices', 'Google Maps', 'Google Matched Content', 'Google My Business', 'Google Related Website Sites', 'Google Reseller', 'Google Tag Manager', 'IcoMoon', 'Instagram Follow Button', 'Kitco', 'MailChimp', 'Microdata for Google Shopping', 'MonsterInsights', 'Ntent', 'Oddle', 'PHP', 'QUIC', 'Sign In With Google', 'Site Kit', 'Tailwind CSS', 'Theme In WP', 'TrustIndex', 'UTF-8', 'WP Engine', 'Woo Themes', 'WooCommerce', 'WooCommerce Checkout', 'WooCommerce Pixel Manager by woopt', 'WordPress', 'WordPress Multisite', 'YouTube', 'jQuery', 'shadcn ui']"
stayparkcity.com,Stay Park City – Park City Lodging and Hotels,,,60,44487,2026-06-05T20:24:32.267133234Z,"['AddThis', 'AddThis for Wordpress', 'Alternate Protocol', 'Contento', 'Drift', 'EmbedPress', 'Facebook Reseller', 'Google Analytics', 'Google My Business', 'Google Tag Manager', 'IcoMoon', 'Instagram Follow Button', 'Jetpack', 'LiteSpeed', 'Microdata for Google Shopping', 'PHP', 'PWA', 'QUIC', 'Schema Plugin', 'Tailwind CSS', 'Theme In WP', 'Twitter Ads', 'UTF-8', 'VWO Engage', 'Visual Website Optimizer', 'WP Rocket', 'WordPress', 'WordPress Multisite', 'YouTube', 'jQuery']"
360btg.com,360 beyond the game Oshawa/Whitby Youth Basketball & Soccer Leagues/Programs,360,USA,77,49168,2026-06-05T07:53:19.970843601Z,"['AWS WAF Challenge', 'Alternate Protocol', 'Apache', 'Contact Form Plugin', 'Drift', 'Easy Social Icons for WordPress', 'EmbedPress', 'GZIP Module', 'Google Cloud DNS', 'Google Font API', 'LeagueApps', 'Microdata for Google Shopping', 'PHP', 'Theme In WP', 'UTF-8', 'University or College', 'WP Fastest Cache', 'Woo Themes', 'WordPress', 'WordPress Multisite', 'YouTube', 'eLand', 'jQuery']"
datasym.co.uk,Home - Datasym,,USA,65,32795,2026-06-05T03:32:26.598485832Z,"['Alternate Protocol', 'Apple Auto Link Maker', 'Cookie Accept', 'Cookie Notice', 'DAV', 'Download Monitor', 'Drift', 'EmbedPress', 'Essential Grid', 'Fontello', 'GZIP Module', 'Google Analytics', 'Google Cloud DNS', 'Google Font API', 'Google My Business', 'Google Play', 'Instagram Follow Button', 'MaxCDN', 'Microdata for Google Shopping', 'Nginx', 'PHP', 'QUIC', 'Schema Plugin', 'Slider Revolution', 'Tailwind CSS', 'Theme In WP', 'Twitter Ads', 'UTF-8', 'Visual Composer Ultimate Addons', 'WP Google Maps', 'WPBakery', 'Woo Themes', 'WordPress', 'WordPress Multisite', 'eLand', 'jQuery']"
yewusa.com,YEW!® | High-performance wax Built clean – YEW! Your Environment's Wax!,,USA,87,54415,2026-06-05T02:17:07.373253389Z,"['3 Products', 'Alternate Protocol', 'Apture Linking Platform', 'Bold Commerce', 'CDN JS', 'Cloudflare', 'Cloudflare CDN', 'Drift', 'Fireblade', 'Google Analytics', 'Google Related Website Sites', 'Google Tag Manager', 'Instagram Follow Button', 'Klaviyo', 'Microdata for Google Shopping', 'QUIC', 'Schema Plugin', 'Shopify', 'Shopify Collabs', 'Shopify Payments', 'Tailwind CSS', 'Twitter Ads', 'UTF-8', 'University or College', 'YouTube', 'hCaptcha', 'jQuery', 'reCAPTCHA']"
gdprtrainingcourse.co.uk,GDPR Training Course - your one stop shop for all of your GDPR training and consultancy needs,Ensurety,GBR,77,56147,2026-06-04T15:22:04.768622688Z,"['Apache', 'Appointy', 'Bulma', 'DAV', 'Drift', 'Facebook Conversion Tracking', 'Facebook Login', 'Facebook Messenger Platform', 'Facebook Pixel', 'Facebook Reseller', 'Facebook Tag API', 'Fireblade', 'GZIP Module', 'Google Analytics', 'Google Tag Manager', 'HubSpot Conversations', 'Hubspot', 'IcoMoon', 'Instagram Follow Button', 'Microdata for Google Shopping', 'Microsoft Clarity', 'Tailwind CSS', 'Twitter Ads', 'UTF-8', 'YouTube']"
spartasystemsinc.com,Honeywell | Life Sciences,Honeywell | Life Sciences,USA,82,338716,2026-06-04T13:48:52.307656483Z,"['AWS WAF Challenge', 'Alternate Protocol', 'Amazon WAF Blocked', 'Apture Linking Platform', 'Cloudflare', 'Content Delivery Network', 'Corporate Governance and Regulatory Compliance', 'Cvent', 'Drift', 'EmbedPress', 'Express', 'Font Awesome', 'Google Analytics', 'Google Tag Manager', 'Lazy Load for WordPress', 'Lightweight Grid Columns', 'Microdata for Google Shopping', 'OneTrust Domain Verification', 'PHP', 'Salesforce Experience Cloud', 'Salesforce Hosted', 'Tailwind CSS', 'Theme In WP', 'UTF-8', 'WP Engine', 'WP Rocket', 'WPML Multilingual', 'Wistia', 'WordPress', 'WordPress Multisite', 'YouTube', 'shadcn ui']"
createdbytilt.com,TILT! Marketing & Branding,TILT! Digital Marketing & Branding,USA,82,58768,2026-06-04T11:01:39.464397245Z,"['AWS WAF Challenge', 'AdRoll', 'Alternate Protocol', 'CDN JS', 'Cloudflare', 'Cloudflare CDN', 'DAV', 'Drift', 'GZIP Module', 'Google Analytics', 'Google Cloud DNS', 'Google Font API', 'Google Related Website Sites', 'Google Tag Manager', 'HubSpot Conversations', 'Hubspot', 'IcoMoon', 'Instagram Follow Button', 'Microdata for Google Shopping', 'Nginx', 'StackPath', 'Twitter Ads', 'UTF-8']"
mountaindreamers.org,Mountain Dreamers,Mountain Dreamers,USA,77,166885,2026-06-04T09:15:39.158526181Z,"['501c3 Status Nonprofit', 'Accordion Blocks', 'Accordion FAQ', 'Aruba', 'Blackbaud', 'Contento', 'Drift', 'EveryAction', 'Express', 'GZIP Module', 'Google', 'Google Cloud DNS', 'Google Font API', 'Instagram Follow Button', 'Line2', 'Magento Enterprise', 'Microdata for Google Shopping', 'NFOrce Internet', 'QUIC', 'SiteW', 'Squarespace', 'UTF-8', 'Weglot', 'WordPress SEO Structured Data Schema Plugin', 'YouTube', 'eLand']"
gainesvillescene.com,Bemo88 – Situs Judi Bola Terpercaya 2026 Taruhan Mix Parlay Provider Sbobet,BEMO88,IDN,82,181018,2026-06-04T08:57:50.044162934Z,"['AWS WAF Challenge', 'AliExpress', 'Alternate Protocol', 'App Store', 'Apple Auto Link Maker', 'ArvanCloud', 'Cedexis', 'Cloudflare', 'Cloudflare CDN', 'ContentBox', 'DemDex', 'Disqus Comment System for WordPress', 'Drift', 'Express', 'Facebook CDN', 'Fireblade', 'GitHub Hosting', 'Google', 'Google My Business', 'Google Play', 'Google Related Website Sites', 'Google Workspace', 'Instagram Follow Button', 'Lazada', 'Microdata for Google Shopping', 'No-Q', 'Pico CSS', 'ProfitWell', 'QUIC', 'Radix UI', 'Twitter Ads', 'UTF-8', 'Vector Internet Services', 'Vimeo', 'YouTube', 'jsDelivr', 'reCAPTCHA', 'shadcn ui']"
adelaidehomeimprovements.com.au,Adelaide Home Improvements | Home Extensions | House Renovations | AHI,,AUS,77,41259,2026-06-04T03:44:15.100381587Z,"['ADFOX', 'Alternate Protocol', 'CheryFramework', 'Column Shortcodes', 'DAV', 'DoubleClick Bid Manager', 'Drift', 'EmbedPress', 'Facebook Conversion Tracking', 'Facebook Login', 'Facebook Messenger Platform', 'Facebook Pixel', 'Facebook Reseller', 'Facebook Tag API', 'GZIP Module', 'Google', 'Google Analytics', 'Google Cloud DNS', 'Google Flights Conversion Tracking', 'Google Font API', 'Google My Business', 'Google Tag Manager', 'Gravity', 'Instagram Follow Button', 'Kriesi.at', 'Line2', 'Microdata for Google Shopping', 'Nginx', 'PHP', 'Tailwind CSS', 'Thank You', 'Theme In WP', 'UTF-8', 'WP Rocket', 'WordPress', 'WordPress Multisite', 'Yandex Hosting', 'Yandex Metrika', 'YouTube', 'eLand', 'jQuery']"
vektorconsultants.com,Environmental Engineering Consulting Company | vEKtor Consultants,"37 W. 37th Street, 6th Floor",USA,82,33093,2026-06-04T03:24:25.115101418Z,"['Adobe Creative Cloud WebFonts', 'Aruba', 'Better Lead Generation Services', 'Drift', 'Express', 'GZIP Module', 'Google Analytics', 'Google Related Website Sites', 'Google Tag Manager', 'Hotjar', 'Line2', 'Microdata for Google Shopping', 'QUIC', 'SiteW', 'Squarespace', 'UTF-8', 'WordPress SEO Structured Data Schema Plugin', 'eLand']"
relevantlymarketing.com,Relevantly Marketing: Digital & Social Media Advertising Agency,,,67,47400,2026-06-04T02:47:06.084824236Z,"['Adobe Creative Cloud WebFonts', 'Aruba', 'CDN JS', 'Cloudflare', 'Cloudflare CDN', 'Drift', 'Express', 'Facebook Login', 'Facebook Messenger Platform', 'Facebook Pixel', 'Facebook Reseller', 'Facebook Tag API', 'FormSubmit', 'GZIP Module', 'Google', 'Google Analytics', 'Google Cloud DNS', 'Google Font API', 'Google My Business', 'Google Tag Manager', 'Hello Bar', 'Line2', 'Microdata for Google Shopping', 'Newsletter for Wordpress', 'Pico CSS', 'QUIC', 'SiteW', 'Squarespace', 'UTF-8', 'VWO Engage', 'Visual Website Optimizer', 'WordPress SEO Structured Data Schema Plugin', 'eLand']"
tnpoolandspa.com,Knoxville Pool Builders and Installation Services | TN Pool and Spa,TN Pool & Spa,USA,72,34061,2026-06-04T01:26:53.366741374Z,"['Amazon WAF Blocked', 'Autoptimize', 'Drift', 'EmbedPress', 'GZIP Module', 'Google', 'Google Analytics', 'Google Cloud DNS', 'Google Font API', 'Google My Business', 'Google Tag Manager', 'Gravity', 'Gravity Forms', 'Line2', 'Microdata for Google Shopping', 'Modern', 'Nginx', 'QUIC', 'Tailwind CSS', 'UTF-8', 'WPBakery', 'WordPress', 'WordPress Multisite', 'jQuery', 'reCAPTCHA']"
arqa.ca,Home - Arqa Windows & Doors,Arqa Windows & Doors,USA,75,34932,2026-06-03T22:41:19.96983092Z,"['Alternate Protocol', 'Better Lead Generation Services', 'Content Delivery Network', 'DAV', 'Drift', 'Elementor', 'EmbedPress', 'Express', 'Font Awesome', 'Formidable Pro Form', 'GZIP Module', 'Google Analytics', 'Google My Business', 'Google Tag Manager', 'IcoMoon', 'Instagram Follow Button', 'Microdata for Google Shopping', 'NFOrce Internet', 'Nginx', 'No-Q', 'Ntent', 'PHP', 'PWA', 'Parallels Plesk Panel', 'Pico CSS', 'QUIC', 'Tailwind CSS', 'Theme In WP', 'TrustIndex', 'UTF-8', 'WordPress', 'WordPress Multisite', 'jQuery', 'jsDelivr', 'reCAPTCHA']"
magnetics.com,"Industrial Magnetics, Inc. | Strong Magnetic Separation - Industrial…",Industrial Magnetics Inc.,USA,77,265911,2026-06-03T22:23:19.974286295Z,"['AWS WAF Challenge', 'Act-On', 'Adobe Creative Cloud WebFonts', 'Akamai Global Host', 'Alternate Protocol', 'Amazon', 'Amazon CloudFront', 'Amazon Route 53', 'Amazon S3 CDN', 'Apture Linking Platform', 'Aruba', 'Authorize.net', 'Bing Cashback', 'Bing Conversion Tracking', 'CDN JS', 'CloudFront', 'Cloudflare', 'Cloudflare CDN', 'Craft', 'Crowdsignal', 'DoubleClick Bid Manager', 'Drift', 'ElementUI', 'Facebook Reseller', 'Fireblade', 'GZIP Module', 'Google', 'Google Analytics', 'Google Cloud DNS', 'Google Maps', 'Google My Business', 'Google Tag Manager', 'Gravity', 'Idaq', 'Instagram Follow Button', 'Intercom', 'KeyCDN', 'LinkedIn Pixel', 'Microdata for Google Shopping', 'Microsoft Azure Blob Storage', 'Microsoft Clarity', 'Nginx', 'OneTrust Domain Verification', 'Oribi Analytics', 'PHP', 'Pardot', 'Pico CSS', 'SMC', 'Site Search 360', 'Storyblocks', 'Stripe', 'Tealium', 'ThomasNet Web Traxs', 'Twitter Ads', 'Twitter Analytics', 'UTF-8', 'Ubuntu', 'Wistia', 'YouTube', 'eLand', 'jsDelivr', 'reCAPTCHA']"
mybrainsway.com,MyBrainsWay,MyBrainsWay,CAN,65,39100,2026-06-03T20:27:38.749932543Z,"['Amazon', 'Apture Linking Platform', 'Cloudflare', 'Cloudflare CDN', 'Cowlendar', 'Drift', 'Google My Business', 'Microdata for Google Shopping', 'PHP', 'QUIC', 'Shopify', 'Shopify Collabs', 'Storyblocks', 'UTF-8', 'Way', 'Weglot', 'hCaptcha', 'reCAPTCHA']"
pvcomm.in,P.V.Communication Network,,IND,72,47035,2026-06-03T19:59:19.974011074Z,"['AJAX Libraries API', 'Bulma', 'Content Delivery Network', 'Drift', 'Facebook Like', 'Facebook Login', 'Facebook Messenger Platform', 'Facebook Reseller', 'Font Awesome', 'Google Analytics', 'Google Cloud DNS', 'Google Font API', 'Google My Business', 'Google Recommendations AI', 'IcoMoon', 'Netlify', 'Tailwind CSS', 'Twitter Ads', 'UTF-8', 'jQuery', 'reCAPTCHA']"
micropoise.com,Innovating Tire Measurement Systems for Optimal Performance | Micro-Poise,,IND,77,550566,2026-06-03T09:50:19.972821423Z,"['AddThis for Wordpress', 'Akamai Global Host', 'Amazon', 'Azure Edge', 'Baidu Ads', 'Baidu Analytics', 'Baidu Cloud', 'Bing Cashback', 'Bing Conversion Tracking', 'BrightInfo', 'Brightcove', 'CDN JS', 'ChowNow', 'Cisco/Arrowpoint Content Service Switch', 'ClickDimensions', 'Cloudflare', 'Cloudflare CDN', 'Cloudflare Web Analytics', 'Crowdsignal', 'DAV', 'DoubleClick Bid Manager', 'Drift', 'Facebook Reseller', 'Fireblade', 'FormSubmit', 'GZIP Module', 'GoDaddy', 'Google', 'Google Analytics', 'Google Cloud DNS', 'Google Font API', 'Google Maps', 'Google My Business', 'Google Related Website Sites', 'Google Tag Manager', 'IcoMoon', 'K2F', 'KVH', 'LiveAgent', 'MailChimp', 'Microdata for Google Shopping', 'Microsoft Azure', 'Monster', 'OneTrust Domain Verification', 'OptinMonster', 'Pardot', 'Perl', 'SMC', 'Salesforce', 'Salesforce Experience Cloud', 'Salesforce Hosted', 'Salesforce Live Agent', 'Sentry', 'Shopware', 'ThomasNet Web Traxs', 'Twitter Ads', 'Twitter CDN', 'UTF-8', 'Vimeo', 'Visual Studio', 'Wistia', 'YouTube', 'jsDelivr']"
transkreate.com,Transkreate - Transkreate,,ZAF,82,30378,2026-06-03T03:14:18.720305781Z,"['Alternate Protocol', 'Apache', 'Drift', 'EmbedPress', 'Google Analytics', 'Google My Business', 'Google Tag Manager', 'Instagram Follow Button', 'Microdata for Google Shopping', 'PHP', 'Polylang', 'Theme In WP', 'Twitter Ads', 'UTF-8', 'WP Super Cache', 'WordPress', 'WordPress Multisite', 'YooTheme']"
formsio.com,Formsio,,USA,72,34407,2026-06-03T01:43:16.594251779Z,"['Bulma', 'Drift', 'Font Awesome', 'GZIP Module', 'Google Analytics', 'Google Tag Manager', 'IcoMoon', 'Microsoft Azure', 'Microsoft IIS', 'QUIC', 'StatCounter', 'Tailwind CSS', 'Twitter Ads', 'USAePay', 'UTF-8', 'Visual Studio', 'YouTube']"
common-healthcare.com,Common Health | Primary Care for Seniors on Medicare,,USA,72,47268,2026-06-03T01:21:11.01231148Z,"['Adult Content', 'Apture Linking Platform', 'AthenaHealth', 'B12', 'Bing Cashback', 'Bing Conversion Tracking', 'DAV', 'Drift', 'Facebook Conversion Tracking', 'Facebook Login', 'Facebook Messenger Platform', 'Facebook Pixel', 'Facebook Reseller', 'Facebook Tag API', 'GZIP Module', 'GitHub Hosting', 'Google Analytics', 'Google Conversion Tracking', 'Google My Business', 'Google Tag Manager', 'Instagram Follow Button', 'Perl', 'QUIC', 'University or College', 'reCAPTCHA']"
ubellhop.com,Utility Bellhop – Home Utilities Connection Service,,USA,75,48881,2026-06-03T00:41:25.853631012Z,"['AWS WAF Challenge', 'Alternate Protocol', 'Calendly', 'Cloudflare', 'Cloudflare CDN', 'Contact Form 7', 'Contact Form Plugin', 'Content Delivery Network', 'Drift', 'EmbedPress', 'Google', 'Google Analytics', 'Google Cloud DNS', 'Google Maps', 'Google My Business', 'Instagram Follow Button', 'PHP', 'QUIC', 'Tailwind CSS', 'Theme In WP', 'Theme My Login', 'Twitter Ads', 'UTF-8', 'WordPress', 'WordPress Multisite', 'jQuery', 'jsDelivr', 'reCAPTCHA']"
chieflogic.com,"Chief Logic | Modernize, Accelerate, Scale",,USA,72,35316,2026-06-02T21:41:22.612420745Z,"['AJAX Libraries API', 'Amplitude', 'CDN JS', 'Cloudflare', 'Cloudflare CDN', 'Content Delivery Network', 'Drift', 'GZIP Module', 'Google Analytics', 'Google Cloud DNS', 'Tailwind CSS', 'UTF-8', 'WF Cookie Consent', 'Webflow']"
barkingroup.com,Home - Barkin Group Barkin Group,Barkin Group,USA,82,71526,2026-06-02T20:20:05.520742062Z,"['AWS WAF Challenge', 'Alternate Protocol', 'Amazon S3 CDN', 'AutoComplete', 'Basic', 'Content Delivery Network', 'DAV', 'Drift', 'EmbedPress', 'Facebook Conversion Tracking', 'Facebook Login', 'Facebook Messenger Platform', 'Facebook Pixel', 'Facebook Reseller', 'Facebook Tag API', 'GDPR Cookie Compliance', 'GZIP Module', 'Google', 'Google Analytics', 'Google Cloud DNS', 'Google Font API', 'Google Maps', 'Google My Business', 'Google Tag Manager', 'Harbor', 'IDX Boost', 'IcoMoon', 'Instagram Feed for WordPress', 'Instagram Follow Button', 'Microdata for Google Shopping', 'Neighborhoods', 'Nginx', 'Ntent', 'PHP', 'Pico CSS', 'Share Link', 'Sign In With Google', 'SiteW', 'Storyblocks', 'TREM Group', 'Tailwind CSS', 'Theme In WP', 'Twitter Ads', 'UTF-8', 'UserWay', 'Vimeo', 'WordPress', 'WordPress Multisite', 'YouTube', 'jQuery', 'reCAPTCHA']"
letgroup.com,"L.E.T. Group | Website Design, Hosting & Digital Marketing Agency",,USA,82,33290,2026-06-02T13:06:56.570204383Z,"['Adobe Creative Cloud WebFonts', 'Apture Linking Platform', 'Drift', 'GZIP Module', 'Google', 'Google Analytics', 'Google Cloud DNS', 'Google Font API', 'Google My Business', 'Google Tag Manager', 'Instagram Follow Button', 'Microdata for Google Shopping', 'Tailwind CSS', 'Thank You', 'UTF-8', 'UserWay', 'eLand']"
devitechnosolutions.com,"Devi Techno Solutions- Offshore Software Development Company | Web Application Development Services | Custom PHP,CRM, ERP Outsourcing Solutions",Devi Techno Solutions,CAN,82,31328,2026-06-02T07:25:35.414269314Z,"['Alternate Protocol', 'Contact Form Plugin', 'DAV', 'Drift', 'EmbedPress', 'Google Analytics', 'Google My Business', 'Google Tag Manager', 'Gravity', 'LiteSpeed', 'Microdata for Google Shopping', 'PHP', 'QUIC', 'Twitter Ads', 'UTF-8', 'Woo Themes', 'WooCommerce', 'WooCommerce Checkout', 'WordPress', 'WordPress Multisite', 'jQuery', 'reCAPTCHA']"
somethingdifferentlinen.com,Specialty Linens for hospitality and events - Something Different Linen,,USA,77,34412,2026-06-02T06:39:49.079173043Z,"['Alternate Protocol', 'Automattic', 'BatCache', 'Contact Form Plugin', 'Content Delivery Network', 'Drift', 'EmbedPress', 'Fastly', 'Flatsome', 'Google Related Website Sites', 'IcoMoon', 'Jetpack', 'Microdata for Google Shopping', 'Nginx', 'PHP', 'Slider Revolution', 'Tailwind CSS', 'Theme In WP', 'UTF-8', 'Woo Themes', 'WordPress', 'WordPress Multisite', 'WordPress Stats', 'jQuery', 'shadcn ui']"
fundidesign.com,Home | fundi design,fundi design,USA,77,31249,2026-06-02T04:37:57.446686731Z,"['Adult Content', 'Alternate Protocol', 'Apture Linking Platform', 'CDN JS', 'Cloudflare', 'Cloudflare CDN', 'Contact Form Plugin', 'Content Delivery Network', 'Drift', 'EmbedPress', 'Google Analytics', 'Google My Business', 'Google Tag Manager', 'Instagram Follow Button', 'LiteSpeed', 'Microdata for Google Shopping', 'PHP', 'QUIC', 'Theme In WP', 'UTF-8', 'University or College', 'WordPress', 'WordPress Multisite', 'jsDelivr', 'reCAPTCHA']"
nywinetours.net,NY Wine Tours | Full-service private vineyard tours and wine tastings,NY Wine Tours,FRA,77,40794,2026-06-02T03:49:27.807084512Z,"['Amazon', 'Apture Linking Platform', 'Better Lead Generation Services', 'CDN JS', 'Cloudflare', 'Cloudflare CDN', 'Drift', 'Express', 'Fastly', 'Google My Business', 'Google Related Website Sites', 'Instagram Follow Button', 'Microdata for Google Shopping', 'POWr', 'Shopify', 'Shopify Collabs', 'Swell Rewards', 'Tailwind CSS', 'UTF-8', 'Yotpo', 'hCaptcha', 'reCAPTCHA']"
arlovic.com,Law Office | Vladimir Arlović,,RUS,60,78648,2026-06-02T00:11:04.997704781Z,"['AWS WAF Challenge', 'Apache', 'Cedexis', 'Cloudflare', 'Cloudflare CDN', 'DemDex', 'Disqus Comment System for WordPress', 'Drift', 'Express', 'Facebook CDN', 'GitHub Hosting', 'GoDaddy', 'Google', 'Google Cloud CDN', 'Google Cloud DNS', 'Google Font API', 'Google Maps', 'Google My Business', 'Google Workspace', 'Instagram Follow Button', 'Line2', 'LiteSpeed', 'PWA', 'ProfitWell', 'QUIC', 'Twitter Ads', 'Vimeo', 'Wangsu', 'Website Tonight', 'reCAPTCHA']"
ricardomilan.com,Ricardo Milan | Web Developer,,,72,32655,2026-06-01T21:16:38.361087896Z,"['Automattic', 'Content Delivery Network', 'Drift', 'Font Awesome', 'GitHub Hosting', 'Google Analytics', 'Google Cloud DNS', 'Google Font API', 'Google Tag Manager', 'Hotjar', 'Instagram Follow Button', 'Netlify', 'Shopify', 'Twitter Ads', 'UTF-8', 'jQuery']"
quandremyers.com,Quandre Myers Portfolio,,,62,197083,2026-06-01T15:29:49.927312178Z,"['AWS WAF Challenge', 'Apture Linking Platform', 'Automattic', 'CDN JS', 'Cloudflare', 'Cloudflare CDN', 'Content Delivery Network', 'Drift', 'Font Awesome', 'GitHub Hosting', 'Google Analytics', 'Google Cloud DNS', 'Google Font API', 'Google Maps', 'Google My Business', 'Google Tag Manager', 'IcoMoon', 'Netlify', 'Salesforce Hosted', 'Shopify', 'UTF-8', 'jQuery']"
furniturebankatlanta.org,Homepage • The Furniture Bank of Metro Atlanta,The Furniture Bank of Metro Atlanta,USA,75,30565,2026-06-01T07:20:38.65302844Z,"['AJAX Libraries API', 'Alternate Protocol', 'Apache', 'CDN JS', 'Cloudflare', 'Cloudflare CDN', 'Drift', 'EmbedPress', 'Font Awesome', 'GZIP Module', 'Google Cloud DNS', 'Google Font API', 'Google My Business', 'Gravity Forms', 'Instagram Feed for WordPress', 'Instagram Follow Button', 'Microdata for Google Shopping', 'PHP', 'Perl', 'QUIC', 'Thank You', 'Theme In WP', 'Twitter Ads', 'UTF-8', 'Visual Composer Ultimate Addons', 'WPBakery', 'Woo Themes', 'WordPress', 'WordPress Multisite', 'YouTube', 'jQuery', 'vis.js']"
hanapinmarketing.com,Hanapin is now Brainlabs! | Hanapin Marketing,Hanapin Marketing,USA,70,116941,2026-06-01T06:14:52.043656408Z,"['AJAX Libraries API', 'CDN JS', 'Cloudflare', 'Cloudflare CDN', 'Content Delivery Network', 'CrazyEgg', 'Drift', 'EmbedPress', 'Facebook Conversion Tracking', 'Facebook Login', 'Facebook Messenger Platform', 'Facebook Pixel', 'Facebook Reseller', 'Facebook Tag API', 'FreeCSSTemplates', 'Google Analytics', 'Google Cloud DNS', 'Google Font API', 'Google My Business', 'Google Related Website Sites', 'Google Tag Manager', 'Instagram Follow Button', 'LinkedIn Insights', 'Microdata for Google Shopping', 'Nginx', 'PHP', 'PWA', 'Pardot', 'Pardot for WordPress', 'SalesLoft', 'Theme In WP', 'Twitter Ads', 'UTF-8', 'VWO Engage', 'Visual Website Optimizer', 'WP Engine', 'WordPress', 'WordPress Multisite', 'YouTube', 'dc.js', 'jQuery']"
jrmahon.com,J.R. Mahon | Spiritual Direction | Tabletop Ministries,,,72,128869,2026-06-01T04:33:23.334670459Z,"['Adobe Creative Cloud WebFonts', 'Aruba', 'Drift', 'Express', 'Facebook CDN', 'Fireblade', 'FormSubmit', 'GZIP Module', 'Google', 'Google Analytics', 'Google Cloud DNS', 'Google Font API', 'Google Tag Manager', 'Instagram Follow Button', 'Line2', 'Magento Enterprise', 'Microdata for Google Shopping', 'QUIC', 'SiteW', 'Squarespace', 'UTF-8', 'Vector Internet Services', 'WordPress SEO Structured Data Schema Plugin', 'YouTube', 'eLand']"
rbcc.sa,شركة الأبنية السريعة للصناعة,,,55,30102,2026-06-01T03:52:58.139057327Z,"['Apache', 'BootstrapMade', 'Bulma', 'Drift', 'Font Awesome', 'GZIP Module', 'Google Analytics', 'Google Cloud DNS', 'Google Font API', 'Google Tag Manager', 'Instagram Follow Button', 'Tailwind CSS', 'Twitter Ads', 'UTF-8', 'YouTube', 'jQuery']"
snipersolutions.net,"Virtual Medical Scribing, EMR Data Migration, Chart Preparation, Medical Billing & Coding Services",Sniper Solutions,IND,77,45040,2026-06-01T02:31:00.95690435Z,"['AJAX Libraries API', 'AWS WAF Challenge', 'CDN JS', 'Cloudflare', 'Cloudflare CDN', 'Drift', 'Google Analytics', 'Google Cloud DNS', 'Google Tag Manager', 'Instagram Follow Button', 'LiteSpeed', 'Microdata for Google Shopping', 'QUIC', 'Tailwind CSS', 'Twitter Ads', 'UTF-8', 'jQuery']"
discoveryworldtrekking.com,Private Treks in Nepal | Trek to Mount Everest Base Camp,,NPL,77,68580,2026-05-31T18:02:19.721040147Z,"['1Password', 'AWS WAF Challenge', 'Alternate Protocol', 'Bing Cashback', 'Content Delivery Network', 'DoubleClick Bid Manager', 'Drift', 'Elfsight', 'Express', 'Fancybox for WordPress', 'Google', 'Google Analytics', 'Google My Business', 'Google Tag Manager', 'IcoMoon', 'Instagram Follow Button', 'KVH', 'Microsoft Clarity', 'Next.js', 'QUIC', 'Sitelinks Search Box', 'Styled Components', 'UTF-8', 'Vercel', 'WhatsApp Sharing', 'YouTube']"
juanadrago.com,Juana Drago,,USA,72,53787,2026-05-31T16:32:52.415945873Z,"['Alternate Protocol', 'Amazon S3 CDN', 'AutoComplete', 'Basic', 'Content Delivery Network', 'DAV', 'Drift', 'EmbedPress', 'GDPR Cookie Compliance', 'GZIP Module', 'Google Cloud DNS', 'Google Maps', 'Google My Business', 'Harbor', 'IDX Boost', 'IcoMoon', 'Instagram Follow Button', 'Neighborhoods', 'Nginx', 'PHP', 'Share Link', 'SiteW', 'Storyblocks', 'TREM Group', 'Tailwind CSS', 'Theme In WP', 'Twitter Ads', 'UTF-8', 'UserWay', 'WordPress', 'WordPress Multisite', 'YouTube', 'jQuery', 'reCAPTCHA']"
quickbookspanama.net,Quickbooks con Factura Electrónica Panamá,,,72,33389,2026-05-31T15:26:12.019906437Z,"['Alternate Protocol', 'Aruba', 'Drift', 'Express', 'FormSubmit', 'GZIP Module', 'Google', 'Google Cloud DNS', 'Google Font API', 'Line2', 'Microdata for Google Shopping', 'QUIC', 'Squarespace', 'UTF-8', 'WordPress SEO Structured Data Schema Plugin', 'eLand']"
deazly.com,Interior Design Like You’ve Never Seen Before. – Deazly,Deazly,,72,41025,2026-05-31T11:24:14.311385325Z,"['AJAX Libraries API', 'Amazon', 'Apture Linking Platform', 'CDN JS', 'Cloudflare', 'Cloudflare CDN', 'Coming Soon Page', 'Digital Ocean Spaces', 'Drift', 'Express', 'Fancybox for WordPress', 'Google Analytics', 'Google Cloud DNS', 'Google Font API', 'Google My Business', 'Google Related Website Sites', 'Google Tag Manager', 'Hotjar', 'Instagram Follow Button', 'Klaviyo', 'Microdata for Google Shopping', 'No-Q', 'QUIC', 'Shopify', 'Shopify Collabs', 'Tachyons', 'Tailwind CSS', 'UTF-8', 'YouTube', 'hCaptcha', 'jQuery', 'reCAPTCHA']"
workingmobile.com.au,Working Mobile | Car Desks for Mobile Offices Australia – Working Mobile Pty Ltd,,AUS,77,34296,2026-05-31T09:34:42.445549493Z,"['Afterpay', 'Apture Linking Platform', 'Cloudflare', 'Cloudflare CDN', 'Drift', 'Fancybox for WordPress', 'Google Analytics', 'Google Related Website Sites', 'Google Tag Manager', 'Instagram Follow Button', 'MailChimp', 'Microdata for Google Shopping', 'PayPal', 'Placehold IT', 'QUIC', 'Schema Plugin', 'Shopify', 'Shopify Collabs', 'Tailwind CSS', 'Thank You', 'UTF-8', 'hCaptcha', 'reCAPTCHA']"
energise-studios.com,Energise | Online Video Digital Marketing,,GBR,70,49939,2026-05-31T09:16:29.839209619Z,"['AJAX Libraries API', 'AWS WAF Challenge', 'Adult Content', 'Apache', 'Bulma', 'CDN JS', 'Cloudflare', 'Cloudflare CDN', 'Drift', 'ElementUI', 'Font Awesome', 'GZIP Module', 'GitHub Hosting', 'Google', 'Google Analytics', 'Google Cloud CDN', 'Google Cloud DNS', 'Google Font API', 'Google Maps', 'Google My Business', 'Google Tag Manager', 'Say what', 'StackPath', 'Tailwind CSS', 'UTF-8', 'jQuery', 'jsDelivr']"
easysales.com.sg,"CRM Singapore, #1 online CRM software, for small business, SME Singapore",,SGP,57,30063,2026-05-31T05:26:45.376835831Z,"['Drift', 'GZIP Module', 'Google Analytics', 'Google Cloud DNS', 'Google Font API', 'Microsoft Azure', 'Microsoft IIS', 'UTF-8', 'Visual Studio']"
witsmd.com,ImageMoverMD,,USA,72,48773,2026-05-31T03:50:10.81504589Z,"['AWS WAF Challenge', 'Adobe Creative Cloud WebFonts', 'Alternate Protocol', 'Amazon CloudFront', 'Apture Linking Platform', 'Aruba', 'CloudFront', 'Drift', 'Express', 'GZIP Module', 'Google', 'Google Analytics', 'Google Cloud DNS', 'Google Font API', 'Google Tag Manager', 'Line2', 'Microdata for Google Shopping', 'QUIC', 'SiteW', 'Squarespace', 'UTF-8', 'WordPress SEO Structured Data Schema Plugin', 'eLand']"
jumpfirst.org,Jump First™,,GBR,82,113869,2026-05-30T19:31:42.684301368Z,"['Adobe Creative Cloud WebFonts', 'Aruba', 'Drift', 'Express', 'Facebook Conversion Tracking', 'Facebook Login', 'Facebook Messenger Platform', 'Facebook Pixel', 'Facebook Reseller', 'Facebook Tag API', 'FormSubmit', 'GZIP Module', 'Google', 'Google Analytics', 'Google Cloud DNS', 'Google Font API', 'Google Tag Manager', 'Instagram Follow Button', 'Line2', 'Magento Enterprise', 'Microdata for Google Shopping', 'Pinterest Conversion Tracking', 'QUIC', 'SiteW', 'Squarespace', 'UTF-8', 'University or College', 'Vector Internet Services', 'WordPress SEO Structured Data Schema Plugin', 'YouTube', 'eLand']"
ultimacleaningacademy.com,Cleaning Training | Biohazard & Decontamination Cleaning Training,,GBR,82,47539,2026-05-30T18:46:03.631662965Z,"['AWS WAF Challenge', 'Drift', 'Font Awesome', 'GZIP Module', 'Google', 'Google Analytics', 'Google Cloud DNS', 'Google Font API', 'Google Tag Manager', 'Nginx', 'UTF-8', 'Ubuntu', 'YouTube', 'jsDelivr']"
fulcrumdatasystems.com,Crystal Clear Data Centre Solutions,,GBR,77,30564,2026-05-30T17:17:19.969902529Z,"['Amazon CloudFront', 'Better Lead Generation Services', 'CloudFront', 'Content Delivery Network', 'Drift', 'Duda', 'Facebook Conversion Tracking', 'Facebook Login', 'Facebook Messenger Platform', 'Facebook Pixel', 'Facebook Reseller', 'Facebook Tag API', 'FormSubmit', 'GZIP Module', 'Google Analytics', 'Google Tag Manager', 'Nginx', 'Thank You', 'Twitter Ads', 'UTF-8']"
ihionline.com,"IHIonline - India Handicrafts, Inc. Est. 1986",,,57,30624,2026-05-30T15:41:39.726331107Z,"['Drift', 'Express', 'Google Analytics', 'IcoMoon', 'Instagram Follow Button', 'Kinsta', 'Linktree', 'Microsoft Azure', 'Microsoft IIS', 'QUIC', 'TermsFeed', 'UTF-8', 'Visual Studio', 'jQuery']"
beauty-code.co,| beautycode,,JOR,60,30099,2026-05-30T06:56:44.057687416Z,"['Amazon WAF Blocked', 'Apache', 'Backdrop', 'Content Delivery Network', 'Drift', 'Drupal', 'ElementUI', 'Font Awesome', 'GZIP Module', 'Instagram Follow Button', 'PHP', 'Tailwind CSS', 'Twitter Ads', 'UTF-8', 'jQuery', 'jsDelivr']"
distantonedesigns.com,Web and Email Development Services,,,67,36283,2026-05-30T02:39:32.678013746Z,"['Apture Linking Platform', 'Better Lead Generation Services', 'CDN JS', 'Cloudflare', 'Cloudflare CDN', 'Content Delivery Network', 'Drift', 'Facebook Conversion Tracking', 'Facebook Login', 'Facebook Messenger Platform', 'Facebook Pixel', 'Facebook Reseller', 'Facebook Tag API', 'Font Awesome', 'Google Analytics', 'Google Related Website Sites', 'Google Tag Manager', 'Hotjar', 'IcoMoon', 'Instagram Follow Button', 'Klaviyo', 'Netlify', 'Postimage.org', 'QUIC', 'Shopify', 'Tailwind CSS', 'Twitter Ads', 'UTF-8', 'YouTube']"
usgraphicsindia.com,US Graphic | India,,IND,72,35700,2026-05-30T01:57:20.083223468Z,"['Column Shortcodes', 'Drift', 'GZIP Module', 'Google Analytics', 'Google Cloud DNS', 'Google Font API', 'Google My Business', 'Google Tag Manager', 'IcoMoon', 'Line2', 'Nginx', 'QUIC', 'Tailwind CSS', 'UTF-8', 'Vector Internet Services', 'jQuery']"
neighborhoodpark.org,Neighborhood Church Ocala,Neighborhood Church Ocala,GBR,87,107429,2026-05-30T00:36:52.981390488Z,"['Adobe Creative Cloud WebFonts', 'Aruba', 'Drift', 'Express', 'FormSubmit', 'GZIP Module', 'Google Analytics', 'Google Tag Manager', 'Instagram Follow Button', 'Line2', 'Magento Enterprise', 'Microdata for Google Shopping', 'Microsoft Azure Blob Storage', 'QUIC', 'SiteW', 'Squarespace', 'UTF-8', 'WordPress SEO Structured Data Schema Plugin', 'YouTube', 'eLand']"
ranksimply.net,Web Design Barrie | Whitelabel SEO Agency Toronto | RS INC.,Rank Simply,CAN,82,35676,2026-05-29T23:05:37.228382191Z,"['Alternate Protocol', 'Calendly', 'Content Delivery Network', 'CrazyEgg', 'Drift', 'Elementor', 'EmbedPress', 'GZIP Module', 'GeneratePress Company', 'Google', 'Google Analytics', 'Google Cloud CDN', 'Google Cloud DNS', 'Google Font API', 'Google My Business', 'Google Related Website Sites', 'Google Tag Manager', 'Gravity', 'Gravity Forms', 'LiteSpeed', 'Microdata for Google Shopping', 'PHP', 'Sitelinks Search Box', 'Theme In WP', 'Twitter Ads', 'UTF-8', 'W3 Total Cache', 'WordPress', 'WordPress Multisite', 'YouTube', 'jQuery', 'reCAPTCHA']"
nomadesignbuild.com,Home - NOMA DESIGN AND BUILD,,USA,60,30649,2026-05-29T18:45:35.140857984Z,"['Alternate Protocol', 'Better Lead Generation Services', 'CallRail', 'Drift', 'EmbedPress', 'Font Awesome', 'GZIP Module', 'Google Analytics', 'Google Cloud DNS', 'Google Font API', 'Google My Business', 'Google Tag Manager', 'Instagram Follow Button', 'Nginx', 'PHP', 'QUIC', 'Sitelinks Search Box', 'Slider Revolution', 'Theme In WP', 'ThemeFusion', 'Twitter Ads', 'UTF-8', 'WordPress', 'WordPress Multisite', 'Yelp Badge', 'jQuery']"
reckfitness.com,Reck Fitness,Reck Fitness,,52,32670,2026-05-29T17:31:06.039969847Z,"['AWS WAF Challenge', 'Adobe Creative Cloud WebFonts', 'Alternate Protocol', 'Aruba', 'Drift', 'Express', 'Facebook Embedded Posts', 'GZIP Module', 'Google', 'Google Cloud DNS', 'Google Font API', 'Line2', 'Microdata for Google Shopping', 'MindBody', 'No-Q', 'QUIC', 'Squarespace', 'UTF-8', 'University or College', 'WordPress SEO Structured Data Schema Plugin', 'eLand']"
callcast.co,CallCast Podcast,,,62,35087,2026-05-29T16:32:19.969097627Z,"['AJAX Libraries API', 'App Store', 'Bulma', 'CDN JS', 'Cloudflare', 'Cloudflare CDN', 'Coming Soon Page', 'Drift', 'Express', 'Facebook Conversion Tracking', 'Facebook Login', 'Facebook Messenger Platform', 'Facebook Pixel', 'Facebook Reseller', 'Facebook Tag API', 'Google Analytics', 'Google Cloud DNS', 'Google Font API', 'Google Tag Manager', 'Hotjar', 'Medium', 'Product Hunt', 'QUIC', 'Shifter', 'StackPath', 'Tailwind CSS', 'UTF-8', 'YouTube', 'Zendesk Embeddables']"
apexmet.in,APEX METAL INDIA,,IND,60,31156,2026-05-29T13:41:34.633602242Z,"['Apache', 'Bulma', 'Cisco/Arrowpoint Content Service Switch', 'Cloudflare', 'Cloudflare CDN', 'Drift', 'FreeCSSTemplates', 'GZIP Module', 'Google Maps', 'Google My Business', 'IcoMoon', 'Instagram Follow Button', 'PHP', 'Tailwind CSS', 'Twitter Ads', 'UTF-8', 'University or College']"
accountechs.com.au,"AccounTechs | Accounting, Tax Returns & BAS in Sydney",,AUS,77,161708,2026-05-29T09:15:22.625668907Z,"['AWS WAF Challenge', 'Alternate Protocol', 'Cedexis', 'Cloudflare', 'Cloudflare CDN', 'Content Delivery Network', 'DemDex', 'Disqus Comment System for WordPress', 'Drift', 'Facebook CDN', 'Fastly', 'GZIP Module', 'GitHub Hosting', 'Google', 'Google Analytics', 'Google Cloud CDN', 'Google Maps', 'Google My Business', 'Google Tag Manager', 'Google Workspace', 'Instagram Follow Button', 'Microdata for Google Shopping', 'PWA', 'ProfitWell', 'Sitelinks Search Box', 'Tailwind CSS', 'Twitter Ads', 'UTF-8', 'Vimeo', 'reCAPTCHA']"
certainty365.com,Certainty - Custom Software Services Company,,IND,75,32089,2026-05-29T08:57:28.958902052Z,"['Alternate Protocol', 'Contact Form 7', 'Contact Form Plugin', 'Content Delivery Network', 'Drift', 'EmbedPress', 'Google Cloud DNS', 'Google Font API', 'Google My Business', 'Google Related Website Sites', 'LiteSpeed', 'Microdata for Google Shopping', 'PHP', 'QUIC', 'TheGem', 'Theme In WP', 'UTF-8', 'WPBakery', 'WordPress', 'WordPress Multisite', 'jQuery', 'reCAPTCHA']"
locationanalyzer.com,Small Business Location Analyzer,,USA,77,30600,2026-05-29T06:50:51.903068422Z,"['Content Delivery Network', 'Digital Ocean Spaces', 'Drift', 'Google Analytics', 'Google Tag Manager', 'Next.js', 'Notion', 'Ntent', 'Pleroma', 'UTF-8', 'Vercel', 'YouTube']"
aokitchens.co.uk,Kitchens Southampton | Andrew Osborne Kitchens,,GBR,82,34617,2026-05-29T05:05:19.970703197Z,"['Adobe Creative Cloud WebFonts', 'Alternate Protocol', 'CDN JS', 'Cloudflare', 'Cloudflare CDN', 'Content Delivery Network', 'Drift', 'Elementor', 'Elfsight', 'EmbedPress', 'Fonts Plugin', 'Google', 'Google Analytics', 'Google Cloud CDN', 'Google My Business', 'Google Tag Manager', 'Instagram Follow Button', 'Microdata for Google Shopping', 'Microsoft Clarity', 'OoohBoi Steroids for Elementor', 'PHP', 'Sitelinks Search Box', 'Theme In WP', 'UTF-8', 'WordPress', 'WordPress Multisite', 'jQuery', 'reCAPTCHA']"
innercityweightlifting.org,"Personal Training | InnerCity Weightlifting | Cambridge, MA",,USA,72,124842,2026-05-29T04:11:47.002212978Z,"['Adult Content', 'Alternate Protocol', 'Amazon WAF Blocked', 'Apture Linking Platform', 'Content Delivery Network', 'DAV', 'Drift', 'Ecwid Ecommerce Shopping Cart', 'Express', 'Fastly', 'Fastly CDN', 'GZIP Module', 'Google Related Website Sites', 'Instagram Follow Button', 'Microdata for Google Shopping', 'MindBody', 'NFOrce Internet', 'POWr', 'PWA', 'Perl', 'QUIC', 'SMC', 'Sentry', 'Shopify', 'SiteW', 'UTF-8', 'Vector Internet Services', 'WP Booking Calendar', 'Wix', 'Wix Media', 'YouTube', 'iPlayerHD', 'mlcom']"
lushhomegallery.com,American Express,,,50,32594,2026-05-29T03:20:42.048963013Z,"['AJAX Libraries API', 'Alternate Protocol', 'Amazon', 'Amazon S3 CDN', 'Apture Linking Platform', 'Bold Commerce', 'CDN JS', 'Cloudflare', 'Cloudflare CDN', 'Drift', 'ETranslate', 'Express', 'GTranslate', 'Google Analytics', 'Google Cloud DNS', 'Google My Business', 'Google Related Website Sites', 'Google Tag Manager', 'Gtranslate for Wordpress', 'IcoMoon', 'Instagram Follow Button', 'Klaviyo', 'MailMunch', 'Microdata for Google Shopping', 'Perl', 'Receiptful', 'Schema Plugin', 'Shopify', 'Shopify Collabs', 'Storyblocks', 'Tailwind CSS', 'Twitter Ads', 'UTF-8', 'hCaptcha', 'reCAPTCHA']"
mvkarnafuliexpress.com,MV Karnafuly Express | MV Karnaphuli Express | MV Bay One | Bay One Cruise ship | Bay One Cruise BDe | Karnafuly Express Ticket Booking | Cox's bazar To Saintmartin Tour By Bay One Cruise | Sea Cruise In Cox's Bazar,,,67,35480,2026-05-29T01:38:10.494204925Z,"['Disqus Comment System for WordPress', 'Drift', 'Express', 'Facebook CDN', 'GetResponse', 'GitHub Hosting', 'Google', 'Google Adsense', 'Google Cloud DNS', 'Google Font API', 'Google Funding Choices', 'Google Matched Content', 'Google My Business', 'Google Reseller', 'Google Workspace', 'Instagram Follow Button', 'LiteSpeed', 'ProfitWell', 'QUIC', 'Twitter Ads', 'Vimeo', 'reCAPTCHA']"
findaccountingsoftware.com,Business Software Reviews & Comparisons | Software Connect,Software Connect,USA,77,183636,2026-05-29T00:37:56.996833518Z,"['Algolia', 'Alternate Protocol', 'Astro', 'Bing Cashback', 'Bing Conversion Tracking', 'Calendly', 'Cloudflare', 'Cloudflare Web Analytics', 'DAV', 'Drift', 'Google Analytics', 'Google Tag Manager', 'Microdata for Google Shopping', 'Perl', 'QUIC', 'Salesforce Hosted', 'Schema Plugin', 'Svelte', 'Tailwind CSS', 'Twitter Ads', 'Twitter CDN', 'YouTube', 'jsDelivr', 'shadcn ui']"
solutionsdriveninsight.com,Global Recruitment Solutions - Hire Right First Time - Solutions Driven,Solutions Driven,,67,114644,2026-05-28T20:14:20.511375817Z,"['AWS WAF Challenge', 'Alternate Protocol', 'CDN JS', 'Calendly', 'Cloudflare', 'Cloudflare CDN', 'Content Delivery Network', 'CrazyEgg', 'Drift', 'Elementor', 'Elementor Addon Elements', 'EmbedPress', 'Essential Addons for Elementor', 'GDPR Cookie Compliance', 'Gambling Content', 'Google Analytics', 'Google Cloud DNS', 'Google Cloud Storage', 'Google Font API', 'Google Related Website Sites', 'Google Tag Manager', 'Header, Footer and Blocks for Elementor', 'Hello Elementor', 'Instagram Follow Button', 'LinkedIn Insights', 'LinkedIn Pixel', 'LiteSpeed', 'Microdata for Google Shopping', 'Microsoft Clarity', 'NFOrce Internet', 'Nginx', 'PHP', 'Pagekit', 'Pardot', 'Pardot for WordPress', 'Sassy Social Share', 'Smush Image Optimization', 'Theme In WP', 'UTF-8', 'WP Engine', 'WordPress', 'WordPress Multisite', 'WordPress Related Posts', 'dc.js', 'jQuery']"
courageouschurch.tv,Courageous Church Huntsville Alabama,,USA,77,31398,2026-05-28T19:27:37.394689371Z,"['Amazon CloudFront', 'Amazon S3 CDN', 'CloudFront', 'Drift', 'GZIP Module', 'Google Maps', 'Google My Business', 'IcoMoon', 'Instagram Follow Button', 'Nginx', 'No-Q', 'Storyblocks', 'Twitter Ads', 'UTF-8', 'Vimeo', 'YouTube']"
cvrdcanopies.com,CVRD Canopies | Custom Printed Pop Up Tents and Trade Show Displays,,,72,35304,2026-05-28T00:38:37.309413372Z,"['Alternate Protocol', 'Amazon CloudFront', 'Apture Linking Platform', 'CloudFront', 'Cloudflare', 'Cloudflare CDN', 'Drift', 'Express', 'Google My Business', 'IcoMoon', 'Instagram Follow Button', 'Microdata for Google Shopping', 'NFOrce Internet', 'QUIC', 'Share Link', 'Shopify', 'Shopify Collabs', 'Twitter Ads', 'UTF-8', 'hCaptcha', 'reCAPTCHA']"
dallmannconfections.com,Dallmann Chocolates: Buy Artisan Gourmet Chocolates Online,Dallmann Confections,USA,77,100172,2026-05-27T18:49:15.507752984Z,"['Afterpay', 'Amazon WAF Blocked', 'Apture Linking Platform', 'AutoComplete', 'Bing Cashback', 'Bing Conversion Tracking', 'CDN JS', 'Cloudflare', 'Cloudflare CDN', 'Drift', 'ElementUI', 'Facebook Pixel', 'Facebook Tag API', 'Fastly', 'Fireblade', 'Google', 'Google Analytics', 'Google Cloud CDN', 'Google Cloud DNS', 'Google Cloud Storage', 'Google Font API', 'Google My Business', 'Google Related Website Sites', 'Google Tag Manager', 'Gorgias', 'Instagram Follow Button', 'JustUno', 'Klaviyo', 'Lucky Orange', 'Mapp', 'Microdata for Google Shopping', 'Microsoft Ajax Content Delivery Network', 'POWr', 'PWA', 'PageFly', 'Perl', 'QUIC', 'Secomapp', 'Shopify', 'Shopify Collabs', 'Swell Rewards', 'Tabs Responsive', 'Tailwind CSS', 'Tawk', 'Thank You', 'TrackingMore', 'UTF-8', 'Unix', 'Yotpo', 'YouTube', 'accessiBe', 'hCaptcha', 'reCAPTCHA', 'route']"
imyind.com,"One of the best Creative Digital Agency, specializing in creating a brand’s digital footprint.",,IND,77,45508,2026-05-27T18:49:15.503595602Z,"['AWS WAF Challenge', 'CookieConsent', 'Drift', 'Google Cloud DNS', 'Google Font API', 'IcoMoon', 'Instagram Follow Button', 'QUIC', 'Tailwind CSS', 'Twitter Ads', 'jsDelivr']"
worldcastlevacations.com,"Welcome to World Castle Vacations: Celebrating Heritage, Castle Preservation, and Diverse Tourism",,HUN,77,266400,2026-05-27T18:10:40.470226274Z,"['AWS WAF Challenge', 'Cedexis', 'Cloudflare', 'Cloudflare CDN', 'Coming Soon Page', 'Commoninja', 'DAV', 'DemDex', 'Disqus Comment System for WordPress', 'Drift', 'Elfsight', 'Ethy', 'Facebook CDN', 'Financial Services Guide', 'GZIP Module', 'Gambling Content', 'GitHub Hosting', 'Google', 'Google Analytics', 'Google Cloud DNS', 'Google Font API', 'Google My Business', 'Google Tag Manager', 'Google Workspace', 'HMDG', 'Idaq', 'Instagram Follow Button', 'KVH', 'MailChimp', 'No-Q', 'PHP', 'Paessler', 'PageCloud', 'ProfitWell', 'QUIC', 'SMC', 'Subversion', 'Twitter Ads', 'UTF-8', 'Vector Internet Services', 'Vimeo', 'Zope', 'eLand', 'reCAPTCHA']"
stg.egp.vn,EGP Vietnam - Homepage,,,77,101447,2026-05-27T17:42:48.594245421Z,"['AWS WAF Challenge', 'Amazon CloudFront', 'CloudFront', 'Coming Soon Page', 'Content Delivery Network', 'DAV', 'Drift', 'Fastly', 'GitHub Hosting', 'Google Cloud DNS', 'Google Font API', 'Google My Business', 'Google Play', 'Google Tag Manager', 'HubSpot Conversations', 'Hubspot', 'Instagram Follow Button', 'JivoSite', 'QUIC', 'Sitejabber', 'Tailwind CSS', 'Twitter Ads', 'UTF-8', 'Wolters Kluwer', 'YouTube', 'jQuery']"
smartpractice.com.au,"SmartPractice Australia - Healthy Practice, Healthy Patients – Smart Practice Australia",Smart Practice Australia,,62,90307,2026-05-27T16:57:06.149281257Z,"['Adult Content', 'Amazon', 'Amazon CloudFront', 'Amazon S3 CDN', 'Amazon WAF Blocked', 'Apture Linking Platform', 'Bulma', 'CloudFront', 'Cloudflare', 'Cloudflare CDN', 'Drift', 'ECSHOP', 'Google Cloud DNS', 'Google Font API', 'Google My Business', 'Google Related Website Sites', 'Hotjar', 'Instagram Follow Button', 'Microdata for Google Shopping', 'Microsoft Clarity', 'NFOrce Internet', 'POWr', 'QUIC', 'Reputon', 'SMC', 'Shopify', 'Shopify Collabs', 'Storyblocks', 'Subversion', 'Tailwind CSS', 'UTF-8', 'Vimeo', 'WordPress SEO Structured Data Schema Plugin', 'YouTube', 'hCaptcha', 'jQuery', 'reCAPTCHA']"
accokeekchog.org,Accokeek First Church of God,Accokeek First Church of God,,60,30322,2026-05-27T12:38:11.80851038Z,"['Apache', 'Drift', 'FreeCSSTemplates', 'Google', 'Google Analytics', 'Google Cloud DNS', 'Google Font API', 'Google Tag Manager', 'Instagram Follow Button', 'Joomla!', 'Microdata for Google Shopping', 'RokNavMenu', 'Subversion', 'Twitter Ads', 'UTF-8', 'WoWonder', 'Zoom Video Conferencing', 'jQuery']"
drumlikejohn.com,"Production Services with ease, digitally.",,,42,30312,2026-05-27T09:47:20.021674291Z,"['AnyChat', 'Apache', 'Drift', 'Google Related Website Sites', 'IcoMoon', 'Instagram Follow Button', 'MailChimp', 'Twitter Ads']"
tomandjoanneteam.com,The Tom & Joanne Team - Serving the Concord Real Estate Market & Beyond | Discover Your Perfect Home Today,,USA,77,108509,2026-05-27T06:01:59.52700437Z,"['ASP.NET Core', 'Aruba', 'Drift', 'Express', 'FormSubmit', 'GZIP Module', 'Google', 'Google Analytics', 'Google Cloud DNS', 'Google Font API', 'Google Tag Manager', 'Instagram Follow Button', 'Line2', 'Magento Enterprise', 'Microdata for Google Shopping', 'QUIC', 'SiteW', 'Squarespace', 'Twitter Ads', 'UTF-8', 'WordPress SEO Structured Data Schema Plugin', 'YouTube', 'eLand']"
missionmule.com,"Mission Mule - Access Any Device, Anywhere",Mission Mule,,77,32440,2026-05-27T05:52:37.046295685Z,"['Content Delivery Network', 'Drift', 'Fastly', 'GZIP Module', 'GitHub Hosting', 'Google Analytics', 'Google Cloud DNS', 'Google Font API', 'Microdata for Google Shopping', 'UTF-8', 'jQuery']"
goproplumbing.ca,Plumbers Toronto | Plumber Near Me | Best Plumbers In Toronto | GoPro Plumbing,,CAN,82,94496,2026-05-27T00:34:40.501056469Z,"['AWS WAF Challenge', 'Alternate Protocol', 'Amazon', 'Amazon CloudFront', 'CloudFront', 'Content Delivery Network', 'Drift', 'Gatsby JS', 'GitHub Hosting', 'Google Analytics', 'Google Cloud DNS', 'Google Cloud Storage', 'Google My Business', 'Instagram Follow Button', 'Investor Relations', 'Material-UI', 'Netlify', 'ON24', 'QUIC', 'UTF-8', 'Vector Internet Services', 'YouCanBookMe', 'YouTube']"
sharekit.io,ShareKit | Easily edit a link's Facebook/Twitter preview,,,67,51560,2026-05-27T00:24:05.930604411Z,"['Amazon WAF Blocked', 'Apture Linking Platform', 'AutoComplete', 'Bulma', 'Cloudflare', 'Cloudflare CDN', 'Cloudflare Web Analytics', 'Drift', 'Facebook Conversion Tracking', 'Facebook Login', 'Facebook Messenger Platform', 'Facebook Pixel', 'Facebook Reseller', 'Facebook Tag API', 'Fireblade', 'GetResponse', 'GitHub Hosting', 'Google Analytics', 'Google Cloud DNS', 'Google Font API', 'Google My Business', 'Google Tag Manager', 'New Relic', 'PHP', 'QUIC', 'Smallchat', 'Tailwind CSS', 'Twitter Ads', 'UTF-8']"
ominon.com,Ominon Technologies Pvt Ltd – IT consulting and system integrators services for SMEs in India| UAE | Oman|UK,,IND,70,111261,2026-05-26T19:54:50.392561477Z,"['Add to Any', 'Alternate Protocol', 'Angulare', 'Apache', 'Better Lead Generation Services', 'Click to Chat for WhatsApp', 'Consulting', 'Contact Form Plugin', 'DAV', 'Drift', 'EmbedPress', 'Endis', 'Endurance Page Cache', 'Fastly', 'Free Call', 'GZIP Module', 'Google Cloud DNS', 'Google Font API', 'Google Maps', 'Instagram Feed for WordPress', 'MailChimp for WordPress', 'NFOrce Internet', 'PHP', 'Python', 'QUIC', 'Recent Tweets Widget for WordPress', 'Slider Revolution', 'Theme In WP', 'Twitter Ads', 'WPBakery', 'Woo Themes', 'WordPress', 'WordPress Multisite', 'YouTube', 'iAPPS', 'jQuery', 'symfony PHP Framework']"
stn28.com,"Station 28, LLC","Station 28, LLC",USA,82,46760,2026-05-26T16:26:20.682485446Z,"['Adobe Creative Cloud WebFonts', 'Alternate Protocol', 'Aruba', 'Cloudflare', 'Cloudflare CDN', 'Drift', 'Express', 'Fastly', 'Font Awesome', 'GZIP Module', 'Google', 'Google Analytics', 'Google Cloud DNS', 'Google Font API', 'Google Tag Manager', 'HubSpot Conversations', 'Hubspot', 'IcoMoon', 'Instagram Follow Button', 'Line2', 'LinkedIn Insights', 'Microdata for Google Shopping', 'QUIC', 'Squarespace', 'Tailwind CSS', 'UTF-8', 'WordPress SEO Structured Data Schema Plugin', 'eLand']"
levelnyc.com,Level Group | Award-winning Branding Agency,,USA,77,35240,2026-05-26T09:46:03.038048936Z,"['AJAX Libraries API', 'Adobe Creative Cloud WebFonts', 'Alternate Protocol', 'Aruba', 'CDN JS', 'Calendly', 'Clockwork', 'Cloudflare', 'Cloudflare CDN', 'Drift', 'Express', 'FormSubmit', 'GZIP Module', 'Google', 'Google Analytics', 'Google Cloud DNS', 'Google Font API', 'Google Tag Manager', 'Instagram Follow Button', 'Line2', 'Microdata for Google Shopping', 'Newsletter for Wordpress', 'Pico CSS', 'QUIC', 'Rush', 'Squarespace', 'Twitter Ads', 'UTF-8', 'University or College', 'WordPress SEO Structured Data Schema Plugin', 'eLand', 'jQuery']"
atiwaruralbank.com,Atiwa Rural Bank PLC,,GHA,72,34939,2026-05-26T07:57:59.998935817Z,"['Apache', 'Bulma', 'Drift', 'Font Awesome', 'GZIP Module', 'Google', 'Google Cloud DNS', 'Google Font API', 'Google Forms', 'Google My Business', 'Instagram Follow Button', 'PWA', 'QUIC', 'StackPath', 'Tailwind CSS', 'WhatsApp Sharing', 'jsDelivr']"
pregaivf.com,Home,,IND,60,30159,2026-05-26T03:56:19.974259223Z,"['CDN JS', 'Cloudflare', 'Cloudflare CDN', 'Drift', 'Google Cloud DNS', 'Google Font API', 'IcoMoon', 'Instagram Follow Button', 'LiteSpeed', 'QUIC', 'Tailwind CSS', 'Telegram', 'jQuery']"
brian17.com,Brian Thornton Salesforce Architect and Developer,,USA,70,314980,2026-05-25T23:18:35.817908213Z,"['Drift', 'GZIP Module', 'Google', 'Google Analytics', 'Google Cloud CDN', 'Google Cloud DNS', 'Google Font API', 'Google Maps', 'Google My Business', 'Google Tag Manager', 'Microsoft Azure', 'Microsoft IIS', 'Salesforce', 'Salesforce Experience Cloud', 'Salesforce Hosted', 'Tailwind CSS', 'Twitter CDN', 'UTF-8', 'University or College', 'Visual Studio', 'WordPress', 'jQuery']"
theh20method.com,Happiness Hypothesis System - A Dating System for Professionals,,USA,77,31540,2026-05-25T21:09:53.607118789Z,"['Apache', 'Drift', 'GZIP Module', 'Google Analytics', 'Google Cloud DNS', 'Google Font API', 'Google Tag Manager', 'NFOrce Internet', 'Twitter Ads', 'University or College']"
constructingma.org,Home - AGCMA - Associated General Contractors of Mass,,,55,42578,2026-05-25T15:17:37.007672185Z,"['Alternate Protocol', 'Azure Edge', 'Beaver Builder Lite', 'Contento', 'Drift', 'EWWW Image Optimizer', 'EmbedPress', 'Font Awesome', 'GZIP Module', 'Google', 'Google Analytics', 'Google Cloud DNS', 'Google Font API', 'Google Maps', 'Google My Business', 'Google Related Website Sites', 'GrowthZone', 'Lazy Load for WordPress', 'Max Mega Menu Pro', 'Microdata for Google Shopping', 'Microsoft Azure Verified CDN', 'PHP', 'QUIC', 'Schema Plugin', 'Theme In WP', 'Twitter Ads', 'UTF-8', 'University or College', 'Vimeo', 'Woo Themes', 'WordPress', 'WordPress Multisite', 'YouTube', 'jQuery']"
pawarclinic.com,Pawar's Clinic,,IND,60,30000,2026-05-25T15:07:18.093175803Z,"['Better Lead Generation Services', 'Drift', 'Facebook Login', 'Facebook Reseller', 'Fancybox for WordPress', 'Google Analytics', 'Google Tag Manager', 'LiteSpeed', 'PHP', 'QUIC', 'Tailwind CSS', 'UTF-8']"
advancedem.com.au,Solar Power Panel & System Installation - Solar & Electrical Services | Advanced Energy Management,,SYC,77,55868,2026-05-25T14:31:38.910191019Z,"['BLR', 'Better Lead Generation Services', 'Bulma', 'Cloudflare', 'Cloudflare CDN', 'Drift', 'Elfsight', 'Facebook Conversion Tracking', 'Facebook Login', 'Facebook Messenger Platform', 'Facebook Pixel', 'Facebook Reseller', 'Facebook Tag API', 'Fireblade', 'Google Analytics', 'Google Cloud DNS', 'Google Font API', 'Google My Business', 'Google Tag Manager', 'IcoMoon', 'Instagram Follow Button', 'QUIC', 'Tailwind CSS', 'Tumblr', 'UTF-8']"
cmicconstructionsystemspace.com,CMiC: Construction Management Software,,,62,82497,2026-05-25T12:11:19.973160452Z,"['AWS WAF Challenge', 'Alternate Protocol', 'Apture Linking Platform', 'Better Lead Generation Services', 'CallRail', 'Coming Soon Page', 'Content Delivery Network', 'Contentful', 'Corporate Governance and Regulatory Compliance', 'DAV', 'Drift', 'Facebook Conversion Tracking', 'Facebook Login', 'Facebook Messenger Platform', 'Facebook Pixel', 'Facebook Reseller', 'Facebook Tag API', 'Google Analytics', 'Google Tag Manager', 'Hotjar', 'HubSpot Conversations', 'Hubspot', 'InitiativeS', 'Next.js', 'Pleroma', 'SalesLoft', 'Thank You', 'Twitter Ads', 'UTF-8', 'VWO Engage', 'Vercel', 'Visual Website Optimizer', 'YouTube']"
prenatalmassagecenter.com,Prenatal Massage & Movement Center | Best Prenatal Massage NYC,Prenatal Massage & Movement Center,USA,77,135258,2026-05-25T06:44:01.447859459Z,"['Adobe Creative Cloud WebFonts', 'Aruba', 'Contento', 'Drift', 'Express', 'FormSubmit', 'GZIP Module', 'Google', 'Google Cloud DNS', 'Google Font API', 'Google My Business', 'HHVM', 'Instagram Follow Button', 'Line2', 'Magento Enterprise', 'Microdata for Google Shopping', 'Newsletter for Wordpress', 'Pico CSS', 'QUIC', 'ShareThis', 'SiteW', 'Squarespace', 'UTF-8', 'UserWay', 'WordPress SEO Structured Data Schema Plugin', 'eLand', 'uPress']"
vmxconsulting.com,VMX POS,,USA,72,32548,2026-05-25T06:34:03.237872094Z,"['Apache', 'Constant Contact', 'Drift', 'GZIP Module', 'Google Analytics', 'Google Cloud DNS', 'Google Font API', 'Google Tag Manager', 'Inspectlet', 'Kinsta', 'Perl', 'QUIC', 'Tailwind CSS', 'UTF-8', 'Ubuntu', 'jQuery']"
jacksonelitetaxes.com,Tax & Accounting Solutions in Denver | Jackson Elite Tax & Consulting,,,82,32568,2026-05-24T22:51:12.314776432Z,"['B12', 'Calendly', 'CrazyEgg', 'DAV', 'Drift', 'Fancybox for WordPress', 'GZIP Module', 'GitHub Hosting', 'Google Analytics', 'Google My Business', 'Google Related Website Sites', 'Google Tag Manager', 'Instagram Follow Button', 'Microdata for Google Shopping', 'Perl', 'QUIC', 'University or College']"
connectinfosoft.com,AI Digital Marketing and Web Dev Services Agency in India&USA,Connect Infosoft Technologies Pvt.Ltd.,USA,77,42532,2026-05-24T21:24:08.526277409Z,"['Alternate Protocol', 'Apache', 'Bulma', 'CDN JS', 'Calendly', 'Cloudflare', 'Cloudflare CDN', 'Drift', 'Express', 'GZIP Module', 'GetResponse', 'Google Analytics', 'Google Conversion Tracking', 'Google My Business', 'Google Tag Manager', 'IBM Cloud', 'IcoMoon', 'Instagram Follow Button', 'Lazy Load for WordPress', 'Microdata for Google Shopping', 'Microsoft Clarity', 'PHP', 'Shopware', 'Tailwind CSS', 'Twitter Ads', 'UTF-8', 'University or College', 'Visual Studio', 'YouTube', 'eLand', 'jQuery', 'reCAPTCHA']"
leensfoam.com,Leens Foam,,IND,57,30003,2026-05-24T20:51:19.508784306Z,"['Apache', 'Better Lead Generation Services', 'Drift', 'GZIP Module', 'Google Cloud DNS', 'Google Maps', 'Tailwind CSS', 'UTF-8', 'jQuery']"
devivrenyc.com,deVivre,,,62,94373,2026-05-24T19:52:37.865690655Z,"['Adobe Creative Cloud WebFonts', 'Akamai Edge', 'Akamai Global Host', 'Alternate Protocol', 'Aruba', 'Drift', 'Express', 'GZIP Module', 'Google', 'Google Analytics', 'Google Cloud DNS', 'Google Font API', 'Google Related Website Sites', 'Google Tag Manager', 'Instagram Follow Button', 'Line2', 'Microdata for Google Shopping', 'QUIC', 'Squarespace', 'UTF-8', 'WordPress SEO Structured Data Schema Plugin', 'Yelp Badge', 'eLand']"
clickclickphotobooth.com.au,"Photo Booth Hire Brisbane | 360, AI & Print Booths",Click Click Photo Booth,AUS,82,57667,2026-05-24T19:42:09.365651389Z,"['Alternate Protocol', 'Amazon WAF Blocked', 'Apture Linking Platform', 'Better Lead Generation Services', 'Cloudflare', 'Column Shortcodes', 'Content Delivery Network', 'Contento', 'Drift', 'DuracellTomi Google Tag Manager for WordPress', 'EmbedPress', 'Google', 'Google Analytics', 'Google Cloud CDN', 'Google Cloud DNS', 'Google Font API', 'Google Tag Manager', 'Instagram Follow Button', 'Kriesi.at', 'Lazy Load for WordPress', 'Microdata for Google Shopping', 'Sitelinks Search Box', 'UTF-8', 'University or College', 'WP Rocket', 'WordPress', 'WordPress Multisite', 'YouTube', 'eLand']"
cosulichinteriors.com,"Distinctive Design, Timeless, and Always in Style – Cosulich Interiors & Antiques",Cosulich Interiors &amp; Antiques,USA,82,55526,2026-05-24T17:35:52.920331181Z,"['Apture Linking Platform', 'BunnyCDN General', 'Cloudflare', 'Cloudflare CDN', 'Drift', 'Express', 'Google Related Website Sites', 'IcoMoon', 'Instagram Follow Button', 'KVH', 'MailChimp', 'Microdata for Google Shopping', 'POWr', 'QUIC', 'ShareThis', 'Shopify', 'Shopify Collabs', 'UTF-8', 'Webmarked', 'YouTube', 'hCaptcha', 'reCAPTCHA']"
shopfox.io,ShopFox - Brilliant Shopify Apps,,,72,49626,2026-05-24T16:25:29.208728601Z,"['Alternate Protocol', 'Apache', 'Apture Linking Platform', 'Contact Form Plugin', 'Drift', 'EmbedPress', 'Facebook Login', 'Facebook Messenger Platform', 'Facebook Pixel', 'Facebook Reseller', 'Facebook Tag API', 'GZIP Module', 'Google Analytics', 'Google Cloud DNS', 'Google Font API', 'Google My Business', 'Google Tag Manager', 'HubSpot Conversations', 'Hubspot', 'IcoMoon', 'Instagram Follow Button', 'Kitco', 'Line2', 'LinkedIn Insights', 'LinkedIn Pixel', 'Microdata for Google Shopping', 'Nectar Slide Plugin', 'New Relic', 'PHP', 'PWA', 'Pagekit', 'QUIC', 'Salient', 'Smush Image Optimization', 'Theme In WP', 'WPBakery', 'WordPress', 'WordPress Multisite', 'jQuery', 'reCAPTCHA']"
airscapefans.com,AirScape Whole House Fans,,USA,77,35956,2026-05-24T16:25:29.201623856Z,"['Apture Linking Platform', 'Cloudflare', 'Cloudflare CDN', 'DAV', 'Drift', 'Google Cloud DNS', 'Google Font API', 'Google My Business', 'Google Related Website Sites', 'Instagram Follow Button', 'Investor Relations', 'Microdata for Google Shopping', 'NFOrce Internet', 'QUIC', 'Schema Plugin', 'Shopify', 'Shopify Collabs', 'Storyblocks', 'Tailwind CSS', 'Thank You', 'Twitter Ads', 'UTF-8', 'YouTube', 'hCaptcha', 'reCAPTCHA']"
lykdat.com,Find clothes by searching with images - Fashion Image Search | LykDat,,,62,38668,2026-05-24T16:12:28.949627279Z,"['Alternate Protocol', 'Apture Linking Platform', 'ByteDance', 'Canva Websites', 'Drift', 'ElementUI', 'Google', 'Google Analytics', 'Google Cloud', 'Google Cloud DNS', 'Google Cloud Storage', 'Google Font API', 'Google Related Website Sites', 'Hotjar', 'Pleroma', 'QUIC', 'Shopify', 'Styled Components', 'TikTok Conversion Tracking Pixel', 'Twitter Ads', 'UTF-8']"
dms.net,Risk Management Solutions | Digital Matrix Systems,,USA,82,65458,2026-05-24T15:56:48.219188992Z,"['Alternate Protocol', 'Apache', 'BambooHR', 'CheryFramework', 'Clickagy', 'Column Shortcodes', 'Constant Contact', 'Contento', 'Drift', 'EmbedPress', 'GZIP Module', 'Google Analytics', 'Google Cloud DNS', 'Google Font API', 'Google Tag Manager', 'Kriesi.at', 'Leadfeeder', 'LinkedIn Insights', 'LinkedIn Pixel', 'Microdata for Google Shopping', 'PHP', 'QUIC', 'Theme In WP', 'UTF-8', 'Vimeo', 'WP Super Cache', 'WordPress', 'WordPress Multisite', 'YouTube', 'eLand', 'jQuery']"
alhikmahuniversity.edu.ng,"Al-Hikmah University, Ilorin – Learning for Wisdom and Morality – Learning for Wisdom and Morality",,NGA,65,31277,2026-05-24T15:15:07.094261106Z,"['Advanced iFrame', 'Alternate Protocol', 'Apache', 'Contact Form Plugin', 'Drift', 'EmbedPress', 'Everest Forms', 'Facebook Login', 'Facebook Messenger Platform', 'Facebook Reseller', 'FreeCSSTemplates', 'Google Cloud DNS', 'Google Font API', 'Google My Business', 'Google Related Website Sites', 'Instagram Follow Button', 'Kingster Theme', 'Newsletter for Wordpress', 'PHP', 'QUIC', 'TablePress', 'Tailwind CSS', 'The Events Calendar', 'Theme In WP', 'Twitter Ads', 'UTF-8', 'Ultimate Social Media', 'University or College', 'WordPress', 'WordPress Multisite', 'YouTube', 'eLand', 'jQuery']"
dundas.com,Premium Reporting & Data Analytics - Dundas Data Visualization,,USA,77,81947,2026-05-24T14:30:24.576176641Z,"['AWS WAF Challenge', 'Bulma', 'CDN JS', 'Cloudflare', 'Cloudflare CDN', 'Drift', 'Fastly', 'Font Awesome', 'GZIP Module', 'Google Analytics', 'Google Flights Conversion Tracking', 'Google Tag Manager', 'Hotjar', 'IcoMoon', 'LinkedIn Insights', 'LinkedIn Pixel', 'Microsoft Azure', 'Twitter Ads', 'UTF-8', 'Visual Studio', 'YouTube', 'ZoomInfo', 'eLand', 'jQuery']"
frontrowfest.co.uk,Front Row Fest | Home,Front Row Fest,,72,719215,2026-05-24T11:29:23.131848371Z,"['ADFOX', 'AWS WAF Challenge', 'Active Campaign', 'AddThis for Wordpress', 'Adobe Analytics', 'Adobe Marketing Cloud', 'Akamai Global Host', 'Alternate Protocol', 'Amazon Associates Affiliate Shop', 'Amazon CloudFront', 'Amplitude', 'Analytify', 'Automattic', 'BLR', 'Baidu Ads', 'Baidu Analytics', 'Baidu Cloud', 'Bing Cashback', 'Bing Conversion Tracking', 'ByteDance', 'Calendly', 'Clicky', 'CloudFront', 'Cloudflare', 'Cloudflare CDN', 'Cloudflare Web Analytics', 'Content Delivery Network', 'Content Square', 'Convert', 'ConvertKit', 'CrazyEgg', 'Crisp', 'Criteo', 'Criteo Reseller', 'Customer.io', 'Cybot', 'DAV', 'DailyMotion Video', 'Dailymotion Reseller', 'DemDex', 'Disqus Comment System for WordPress', 'DoubleClick Bid Manager', 'Drift', 'Drip', 'ElementUI', 'EmbedPress', 'Facebook Embedded Posts', 'Facebook Pixel', 'Facebook Reseller', 'Freshdesk Support', 'Freshworks Bot', 'FullStory', 'Gambling Content', 'Google', 'Google Adsense', 'Google Analytics', 'Google Cloud DNS', 'Google Flights Conversion Tracking', 'Google Font API', 'Google Funding Choices', 'Google Maps', 'Google Matched Content', 'Google My Business', 'Google Reseller', 'Google Tag Manager', 'Heap', 'Hello Bar', 'Hotjar', 'HubSpot Conversations', 'Hubspot', 'Instagram Follow Button', 'Intercom', 'Jetpack', 'JivoSite', 'Klaviyo', 'Line2', 'LinkedIn Insights', 'LiteSpeed', 'LiveChat', 'LiveChat Monitoring', 'MailChimp', 'Marketo', 'Matomo', 'Mautic', 'Microdata for Google Shopping', 'Microsoft Azure Blob Storage', 'Microsoft Clarity', 'Mixpanel', 'Monster', 'Mouseflow', 'New Relic', 'Olark', 'OneTrust Domain Verification', 'Optimizely Recommendations', 'OptinMonster', 'Outbrain Direct', 'PHP', 'Pardot', 'PayPal', 'PayPal Adaptive Payments', 'Pendo', 'Pinterest Conversion Tracking', 'Plausible Analytics', 'PollDaddy', 'QUIC', 'QUIC.cloud', 'Quantcast Direct', 'RM Education', 'Seflow Italy', 'Segment', 'Segment Consent Manager', 'Sentry', 'ShareThis', 'SiteW', 'SiteWit', 'Stripe', 'Sumo', 'Taboola Direct', 'Taboola Reseller', 'Thank You', 'TikTok Conversion Tracking Pixel', 'Tumblr', 'Twitch', 'Twitter Ads', 'Twitter Analytics', 'Typeform', 'UTF-8', 'Vimeo', 'Vimeo CDN', 'VisitorTracking', 'Visual Website Optimizer', 'Wistia', 'Woo Themes', 'WordPress', 'Yandex Hosting', 'YouTube', 'Zendesk Embeddables', 'Zoho SalesIQ', 'jsDelivr', 'reCAPTCHA']"
urnex.com,Urnex | Coffee & Espresso Equipment Cleaning Products,,KEN,77,490340,2026-05-24T11:22:20.29179411Z,"['Adobe Analytics', 'Adobe Creative Cloud WebFonts', 'Adobe Marketing Cloud', 'Amazon', 'Amazon Associates Affiliate Shop', 'Amazon CloudFront', 'Amazon Route 53', 'Amazon WAF Blocked', 'AppNexus Direct', 'Apture Linking Platform', 'Attentive', 'Authorize.net', 'Bing Cashback', 'Bing Conversion Tracking', 'Bolt', 'Boomtrain', 'Braintree', 'CloudFront', 'Cloudflare', 'Cloudflare CDN', 'Content Delivery Network', 'DemDex', 'Disqus Comment System for WordPress', 'DoubleClick Bid Manager', 'Drift', 'ElementUI', 'Express', 'Extend', 'Facebook Reseller', 'Fastly', 'GetResponse', 'GitHub Hosting', 'Google', 'Google Analytics', 'Google Cloud CDN', 'Google Cloud DNS', 'Google Font API', 'Google Maps', 'Google My Business', 'Google Recommendations AI', 'Google Reseller', 'Google Tag Manager', 'Instagram Follow Button', 'Iubenda', 'Klarna', 'Klaviyo', 'Magento', 'Magento Enterprise', 'Microdata for Google Shopping', 'Microsoft Clarity', 'New Relic', 'PayPal Adaptive Payments', 'Perl', 'RM Education', 'Twitter Ads', 'Twitter CDN', 'UTF-8', 'Vimeo', 'Vimeo CDN', 'Way', 'Weglot', 'Wirecard', 'YouTube', 'accessiBe', 'reCAPTCHA']"
whitememorialcolleges.com,White Memorial,,IND,60,35003,2026-05-24T11:12:37.435411956Z,"['Disqus Comment System for WordPress', 'Drift', 'GetResponse', 'Google Cloud DNS', 'Google Font API', 'Google My Business', 'Instagram Follow Button', 'KVH', 'Nginx', 'ProfitWell', 'QUIC', 'Tailwind CSS', 'Twitter Ads', 'University or College', 'Vimeo', 'reCAPTCHA']"
nexeccourierservices.com,Home - Nexec Courier Services,,CHN,77,33267,2026-05-24T08:06:47.034328404Z,"['Apache', 'Clockwork', 'Drift', 'ETranslate', 'Express', 'GTranslate', 'Google My Business', 'IcoMoon', 'Newsletter for Wordpress', 'Parcel', 'QUIC', 'Tailwind CSS', 'eLand', 'jQuery']"
rkitect.io,RKITECT,,,55,30456,2026-05-24T07:20:38.750781421Z,"['Amazon', 'Amazon CloudFront', 'AutoComplete', 'CloudFront', 'Content Delivery Network', 'Drift', 'ElementUI', 'Financial Services Guide', 'Google Analytics', 'Google Tag Manager', 'IcoMoon', 'Netlify', 'StackPath', 'UTF-8']"
fairfieldtrusts.com,Home | Fairfield Trusts,,,72,31007,2026-05-24T04:07:45.088678632Z,"['Corporate Governance and Regulatory Compliance', 'Drift', 'GTranslate', 'GZIP Module', 'Google Analytics', 'Google Cloud DNS', 'Google Font API', 'Google Tag Manager', 'IcoMoon', 'InitiativeS', 'Investor Relations', 'LiteSpeed', 'QUIC', 'Tailwind CSS', 'TradingView', 'UTF-8', 'shadcn ui']"
massageofwilmington.com,Online Services & Expert Consulting | Native IT – Online Services & Expert Consulting,,USA,65,96638,2026-05-23T20:44:06.828393692Z,"['AWS WAF Challenge', 'Alternate Protocol', 'Apache', 'Drift', 'GZIP Module', 'Google Cloud DNS', 'Google Font API', 'Google Maps', 'Google My Business', 'Jetpack', 'PHP', 'Parcel', 'QUIC', 'SMC', 'Tailwind CSS', 'Twitter Ads', 'UTF-8', 'WPBakery', 'Woo Themes', 'WordPress', 'WordPress Multisite', 'WordPress Stats', 'jQuery', 'reCAPTCHA']"
edutal.in,Edutal - Complete Digital Solutions Partner,,IND,72,34776,2026-05-23T20:44:06.822656874Z,"['Apache', 'CDN JS', 'Cloudflare', 'Cloudflare CDN', 'Disqus Comment System for WordPress', 'Drift', 'Facebook CDN', 'FreeCSSTemplates', 'GZIP Module', 'GitHub Hosting', 'Google', 'Google My Business', 'Google Workspace', 'IcoMoon', 'Instagram Follow Button', 'ProfitWell', 'Tailwind CSS', 'Twitter Ads', 'Vimeo', 'jQuery', 'reCAPTCHA']"
restaurantops.co,"RestaurantOps - Online Ordering For Clover, Websites and More",,,60,30602,2026-05-23T19:31:01.576205183Z,"['AWS WAF Challenge', 'Amazon WAF Blocked', 'Apture Linking Platform', 'CDN JS', 'Cloudflare', 'Cloudflare CDN', 'Drift', 'Font Awesome', 'GitHub Hosting', 'Google Cloud DNS', 'Google Font API', 'Heroku', 'New Relic', 'StackPath', 'Tailwind CSS', 'UTF-8']"
laxmifactoryoutlet.in,Best Textile erp software in India | Vastra app Billing software,,IND,72,31378,2026-05-23T17:05:19.988069535Z,"['AJAX Libraries API', 'App Store', 'Apple Auto Link Maker', 'CDN JS', 'Cloudflare', 'Cloudflare CDN', 'Coming Soon Page', 'Drift', 'Facebook Conversion Tracking', 'Facebook Login', 'Facebook Messenger Platform', 'Facebook Pixel', 'Facebook Reseller', 'Facebook Tag API', 'Fancybox for WordPress', 'Font Awesome', 'Google Analytics', 'Google Cloud DNS', 'Google Font API', 'Google My Business', 'Google Play', 'Google Tag Manager', 'Instagram Follow Button', 'QUIC', 'Twitter Ads', 'UTF-8', 'YouTube', 'jQuery', 'reCAPTCHA']"
calvaryminden.com,Calvary Baptist Church,,GBR,77,32730,2026-05-23T15:48:09.368959098Z,"['Amazon CloudFront', 'Amazon S3 CDN', 'Church Center', 'CloudFront', 'Drift', 'GZIP Module', 'Google Analytics', 'Google Maps', 'Google My Business', 'Google Tag Manager', 'Nginx', 'No-Q', 'Storyblocks', 'Thank You', 'UTF-8', 'Vimeo', 'YouTube']"
nurseplusuk.com,UK's Leading Healthcare & Nursing Recruitment Agency · Nurseplus,Nurseplus,GBR,77,277624,2026-05-23T06:20:27.972271188Z,"['AWS WAF Challenge', 'Amazon', 'Amazon CloudFront', 'Amazon Route 53', 'Amazon WAF Blocked', 'Apture Linking Platform', 'Bulma', 'CDN JS', 'CloudFront', 'Cloudflare', 'Cloudflare CDN', 'Content Delivery Network', 'Cybot', 'DAV', 'Drift', 'Express', 'Font Awesome', 'FreeBSD', 'GZIP Module', 'GetResponse', 'GitHub Hosting', 'Google Analytics', 'Google My Business', 'Google Related Website Sites', 'Google Tag Manager', 'KeyCDN', 'License Buttons', 'M247', 'Microdata for Google Shopping', 'New Relic', 'Nginx', 'Pico CSS', 'Python', 'QUIC', 'Salesforce Hosted', 'Shopware', 'Show.co', 'Tailwind CSS', 'UTF-8', 'University or College', 'Vector Internet Services', 'Volcanic Cloud', 'Waveform Technology', 'Yandex Hosting', 'reCAPTCHA', 'symfony PHP Framework']"
creativeconcern.com,Creative Concern | Work that matters,,GBR,65,34822,2026-05-23T03:10:52.723878129Z,"['Adult Content', 'CDN JS', 'CleanTalk Spam Protect', 'Cloudflare', 'Cloudflare CDN', 'Content Delivery Network', 'Drift', 'Drupal', 'Ecologi', 'GZIP Module', 'Google Analytics', 'Google Tag Manager', 'Imgix', 'Instagram Follow Button', 'Microsoft Clarity', 'Mouseflow', 'Nginx', 'PHP', 'PWA', 'Seflow Italy', 'UTF-8', 'University or College', 'UserWay', 'jQuery', 'jsDelivr']"
revelationwebsites.com,Revelation - The Latest Website Builder for Churches & Ministries,,ZAF,72,72528,2026-05-23T01:32:19.989580436Z,"['AWS WAF Challenge', 'Adobe Dreamweaver', 'Alternate Protocol', 'Amazon CloudFront', 'AnyChat', 'Better Lead Generation Services', 'CloudFront', 'Drift', 'Duda', 'Facebook Conversion Tracking', 'Facebook Login', 'Facebook Messenger Platform', 'Facebook Pixel', 'Facebook Reseller', 'Facebook Tag API', 'FormSubmit', 'GZIP Module', 'GoDaddy', 'Google Analytics', 'Google Tag Manager', 'Instagram Follow Button', 'K2F', 'Nginx', 'OptiMonk', 'PWA', 'QUIC', 'Tailwind CSS', 'Thank You', 'UTF-8', 'University or College']"
marionmusicacademy.com,Music Lessons | Marion Music Academy | Cedar Rapids Iowa,Marion Music Academy,USA,77,117828,2026-05-23T00:23:19.993677122Z,"['Alternate Protocol', 'Amazon WAF Blocked', 'Apture Linking Platform', 'Content Delivery Network', 'Drift', 'Express', 'Fastly', 'Fastly CDN', 'GZIP Module', 'Google Related Website Sites', 'Instagram Follow Button', 'Microdata for Google Shopping', 'NFOrce Internet', 'PWA', 'QUIC', 'SMC', 'Sentry', 'SiteW', 'UTF-8', 'University or College', 'Vector Internet Services', 'Wix', 'Wix Media', 'mlcom']"
worldfutureawards.com,Home - World Future Awards,,USA,70,219088,2026-05-22T21:54:58.229067412Z,"['AWS WAF Challenge', 'Alternate Protocol', 'Apture Linking Platform', 'CDN JS', 'Cloudflare', 'Cloudflare CDN', 'Contact Form Plugin', 'Crypto.com', 'Drift', 'EmbedPress', 'Facebook Conversion Tracking', 'Facebook Login', 'Facebook Messenger Platform', 'Facebook Pixel', 'Facebook Reseller', 'Facebook Tag API', 'Fireblade', 'GZIP Module', 'Google', 'Google Analytics', 'Google Cloud DNS', 'Google Font API', 'Google My Business', 'Google Tag Manager', 'GrubHub', 'Instagram Follow Button', 'Microdata for Google Shopping', 'Nginx', 'PHP', 'Salesforce Hosted', 'Tailwind CSS', 'Theme In WP', 'UTF-8', 'Vector Internet Services', 'WPForms', 'WordPress', 'WordPress Multisite', 'jQuery', 'reCAPTCHA', 'shadcn ui']"
whoops.io,Whoops.io,,,57,30066,2026-05-22T20:41:19.978404614Z,"['Amazon', 'Amazon CloudFront', 'Amazon Route 53', 'Amazon S3 CDN', 'CloudFront', 'Content Delivery Network', 'Drift', 'GZIP Module', 'Gatsby JS', 'GitHub Hosting', 'Google Analytics', 'Tailwind CSS', 'Twitter Ads']"
foxitsoftware.com,PDF Software & Tools Tailored to Your Business | Foxit,Foxit Software,DEU,77,504223,2026-05-22T17:01:04.012537144Z,"['AWS WAF Challenge', 'AdRoll', 'Alternate Protocol', 'Amazon', 'Amazon Associates Affiliate Shop', 'Amazon CloudFront', 'Amazon Route 53', 'Apture Linking Platform', 'Aruba', 'Better Lead Generation Services', 'Bing Cashback', 'Bing Conversion Tracking', 'Bug Bounty', 'Chili Piper', 'Citrix', 'Clickagy', 'CloudFront', 'Cloudflare', 'Cloudflare CDN', 'Cloudflare Web Analytics', 'CookieYes', 'DAV', 'DoubleClick Bid Manager', 'Drift', 'ElementUI', 'Express', 'Facebook Reseller', 'Fastly', 'Financial Industry Regulatory Authority', 'Fireblade', 'Font Awesome', 'Foxit', 'Google', 'Google Analytics', 'Google Cloud DNS', 'Google Font API', 'Google Matched Content', 'Google My Business', 'Google Recommendations AI', 'Google Reseller', 'Google Tag Manager', 'LinkedIn Pixel', 'Microsoft Clarity', 'NFOrce Internet', 'Next.js', 'Oracle Cloud', 'Outbrain Direct', 'Pardot', 'PayPal Adaptive Payments', 'Perl', 'Pleroma', 'ProfitWell', 'Python', 'QUIC', 'SalesLoft', 'Salesforce Hosted', 'Salesforce Marketing Cloud Personalisation', 'Smooch', 'Stripe', 'Swiftype', 'Tailwind CSS', 'Thank You', 'ThreatMetrix', 'Twitter Ads', 'Twitter Analytics', 'UTF-8', 'University or College', 'VWO Engage', 'Visa Checkout', 'Visual Website Optimizer', 'YouTube', 'Zendesk Embeddables', 'ZoomInfo', 'eLand', 'shadcn ui']"
blezgo.com,A flexible solution to teach and train online with marketplaces| BlezGo,,IND,77,57199,2026-05-22T16:20:19.969216148Z,"['AWS WAF Challenge', 'Apache', 'Drift', 'Font Awesome', 'GZIP Module', 'Google Analytics', 'Google Cloud DNS', 'Google Font API', 'Google Maps', 'Google My Business', 'Google Related Website Sites', 'HubSpot Conversations', 'Hubspot', 'Instagram Follow Button', 'Microdata for Google Shopping', 'Tailwind CSS', 'Tawk', 'Twitter Ads', 'UTF-8', 'Ubuntu', 'University or College', 'jQuery', 'reCAPTCHA']"
print-stuff.ca,"Print Stuff - Big or Small, We Print it All.",,CAN,65,53075,2026-05-22T15:47:19.982980028Z,"['Amazon', 'Amazon S3 CDN', 'Amazon WAF Blocked', 'Drift', 'EmbedPress', 'Fastly', 'Font Awesome', 'GZIP Module', 'Google Analytics', 'Google Cloud DNS', 'Google Font API', 'Google Related Website Sites', 'IcoMoon', 'Instagram Follow Button', 'NFOrce Internet', 'Onyx Internet', 'OpenResty', 'PHP', 'QUIC', 'Slider Revolution', 'Storyblocks', 'Tailwind CSS', 'UTF-8', 'Vector Internet Services', 'WordPress']"
kjcargologistics.com.ng,"KJ CARGO NIGERIA - Courier, Logistics, Shipment",,NGA,77,30040,2026-05-22T13:38:52.029198885Z,"['Better Lead Generation Services', 'Bulma', 'Drift', 'Google Cloud DNS', 'Google Font API', 'Instagram Follow Button', 'LiteSpeed', 'Parcel', 'QUIC', 'Twitter Ads', 'UTF-8']"
presivo.io,PRESIVO | Strategic legal services for growing businesses | startup lawyers & business lawyers,,,62,152990,2026-05-22T10:26:19.990405144Z,"['AWS WAF Challenge', 'Alternate Protocol', 'Amazon WAF Blocked', 'Apture Linking Platform', 'Content Delivery Network', 'DC74', 'Drift', 'Express', 'Fastly', 'Fastly CDN', 'Fireblade', 'GZIP Module', 'Google Related Website Sites', 'Kewool Testimonials', 'Microdata for Google Shopping', 'NFOrce Internet', 'POWr', 'PWA', 'QUIC', 'SMC', 'Sentry', 'Share Link', 'SiteW', 'UTF-8', 'Vector Internet Services', 'Wix', 'Wix Media', 'mlcom']"
useclearway.com,Clearway Bin Cleaning & Pressure Washing,,PHL,70,111333,2026-05-22T08:29:19.970005384Z,"['Adobe Creative Cloud WebFonts', 'Aruba', 'DAV', 'Drift', 'Express', 'GZIP Module', 'Instagram Follow Button', 'Line2', 'Magento Enterprise', 'Microdata for Google Shopping', 'QUIC', 'SiteW', 'Squarespace', 'UTF-8', 'Vector Internet Services', 'Way', 'WordPress SEO Structured Data Schema Plugin', 'eLand']"
colliervillemartialarts.com,"Border Martial Arts Academy - Collierville, Tennessee",,,77,102708,2026-05-22T07:43:55.495122663Z,"['Alfright', 'Cloudinary', 'Drift', 'Facebook Conversion Tracking', 'Facebook Login', 'Facebook Messenger Platform', 'Facebook Pixel', 'Facebook Reseller', 'Facebook Tag API', 'GZIP Module', 'Google Analytics', 'Google Cloud DNS', 'Google Font API', 'Google My Business', 'Google Tag Manager', 'IcoMoon', 'Instagram Follow Button', 'Microdata for Google Shopping', 'Microsoft Azure', 'Microsoft Azure Blob Storage', 'Microsoft IIS', 'Mixpanel', 'Optimizely Recommendations', 'UTF-8', 'Way', 'YouTube', 'reCAPTCHA']"
hlwindowcleaning.com,Window Cleaning in Phoenix | Highline Window Cleaning,,USA,77,34939,2026-05-22T06:54:41.300534977Z,"['AJAX Libraries API', 'Amazon', 'Amazon CloudFront', 'CloudFront', 'Cloudflare', 'Content Delivery Network', 'Drift', 'Font Awesome', 'GZIP Module', 'Google', 'Google Analytics', 'Google Cloud DNS', 'Google Conversion Tracking', 'Google Font API', 'Google My Business', 'Google Tag Manager', 'Instagram Follow Button', 'QUIC', 'Tailwind CSS', 'UTF-8', 'WF Cookie Consent']"
salesreliance.com,Home - Sales Reliance,,USA,70,50536,2026-05-22T06:50:20.043270722Z,"['AWS WAF Challenge', 'Alternate Protocol', 'Apache', 'Constant Contact', 'Constant Contact Wordpress Forms', 'Contact Form Plugin', 'DAV', 'Drift', 'EmbedPress', 'GZIP Module', 'Google Analytics', 'Google Analytics Dashboard for WordPress', 'Google Cloud DNS', 'Google Font API', 'Google My Business', 'Google Tag Manager', 'Instagram Feed for WordPress', 'Instagram Follow Button', 'MaxCDN', 'Microdata for Google Shopping', 'PHP', 'Placehold IT', 'Sumo', 'Tailwind CSS', 'Theme In WP', 'UTF-8', 'WordPress', 'WordPress Multisite', 'jQuery', 'reCAPTCHA']"
premierevents.co.uk,Premier Events - UK’s Leading Specialist in Premium Tickets & Hospitality,,GBR,77,84140,2026-05-22T04:41:19.987596136Z,"['Amazon CloudFront', 'CDN JS', 'CloudFront', 'Cloudflare', 'Cloudflare CDN', 'Drift', 'Elfsight', 'Express', 'GZIP Module', 'Google Analytics', 'Google Cloud DNS', 'Google Font API', 'Google Tag Manager', 'Hotjar', 'Instagram Follow Button', 'Nginx', 'Pico CSS', 'SMC', 'Tailwind CSS', 'Trustpilot Reviews for WordPress', 'Twitter Ads', 'UTF-8', 'jsDelivr']"
renedperez.com,Rene D Perez | Email Developer,,,67,182047,2026-05-22T03:38:19.979825068Z,"['Apture Linking Platform', 'Automattic', 'CDN JS', 'Calendly', 'Cloudflare', 'Cloudflare CDN', 'Content Delivery Network', 'Drift', 'Font Awesome', 'GitHub Hosting', 'Google Analytics', 'Google Cloud DNS', 'Google Font API', 'Google Tag Manager', 'Instagram Follow Button', 'Netlify', 'Salesforce Hosted', 'Shopify', 'UTF-8', 'Vimeo', 'YouTube', 'jQuery']"
primatech.id,Reliable and Trusted Infrastructure Provider - Primatech,,IDN,82,37599,2026-05-22T01:30:31.3973981Z,"['Amazon', 'Amazon CloudFront', 'Amazon Route 53', 'Amazon S3 CDN', 'Cisco/Arrowpoint Content Service Switch', 'CloudFront', 'Content Delivery Network', 'Drift', 'GZIP Module', 'Google Analytics', 'Google My Business', 'Google Tag Manager', 'Instagram Follow Button', 'Next.js', 'Tailwind CSS', 'Twitter Ads', 'WordPress SEO Structured Data Schema Plugin', 'YouTube']"
ortech.ca,ORTECH Consulting | Air Compliance & Renewable Energy Experts,ORTECH Consulting Inc.,CAN,70,33773,2026-05-21T22:23:19.973514742Z,"['Adobe Creative Cloud WebFonts', 'Alternate Protocol', 'Aruba', 'Drift', 'Express', 'GZIP Module', 'Google', 'Google Cloud DNS', 'Google Font API', 'Line2', 'Microdata for Google Shopping', 'QUIC', 'SiteW', 'Squarespace', 'Tailwind CSS', 'Twitter Ads', 'UTF-8', 'WordPress SEO Structured Data Schema Plugin', 'eLand']"
amrdigitalhub.com,IVI Antimicrobial Resistance (AMR) Digital Hub - A Centralize Platform for AMR Related Tools,,AUS,72,50940,2026-05-21T21:23:28.779024322Z,"['AAPT', 'Alternate Protocol', 'Apache', 'CDN JS', 'Cloudflare', 'Cloudflare CDN', 'Digital Hub Platform', 'Drift', 'GZIP Module', 'InitiativeS', 'Instagram Follow Button', 'QUIC', 'Tailwind CSS', 'Ubuntu', 'University or College', 'Vercel', 'YouTube', 'jQuery']"
getethos.com,Ethos | Affordable Online Life Insurance & Instant Quotes,Ethos Life Insurance,VEN,77,478290,2026-05-21T20:45:18.310392255Z,"['AdRoll', 'Adobe Marketing Cloud', 'Advertising.com', 'AirPR', 'Amazon', 'Amazon CloudFront', 'Amazon Route 53', 'Amazon S3 CDN', 'AppNexus Direct', 'Bing Cashback', 'Bing Conversion Tracking', 'Bizo', 'BlueKai', 'ByteDance', 'Cisco/Arrowpoint Content Service Switch', 'CloudFront', 'Cloudflare', 'Cloudflare Web Analytics', 'Cloudinary', 'Content Delivery Network', 'Criteo', 'Customer.io', 'Datadog', 'DemDex', 'DoubleClick Bid Manager', 'Drift', 'ElementUI', 'Facebook Reseller', 'Fireblade', 'GZIP Module', 'Google', 'Google Analytics', 'Google Cloud DNS', 'Google My Business', 'Google Tag Manager', 'Greenhouse', 'HackerOne', 'InitiativeS', 'Instagram Follow Button', 'Intercom', 'IponWeb BidSwitch', 'LaunchDarkly', 'LeadsRX', 'Microdata for Google Shopping', 'Netlify', 'Next.js', 'Ntent', 'OpenX Direct', 'Optimizely Recommendations', 'Outbrain Direct', 'Pubmatic', 'QUIC', 'Segment', 'Storyblocks', 'Stripe', 'Taboola Direct', 'Taboola Reseller', 'Tailwind CSS', 'Triple Lift Direct', 'Twitter Ads', 'UTF-8', 'University or College', 'Vimeo', 'Yelp Badge', 'YouTube', 'shadcn ui']"
tomasmihalovics.sk,TomasMihalovics,,SVK,65,159367,2026-05-21T19:59:20.003550691Z,"['AWS WAF Challenge', 'Apache', 'BootstrapMade', 'Cedexis', 'Cloudflare', 'Cloudflare CDN', 'DemDex', 'Disqus Comment System for WordPress', 'Drift', 'Facebook CDN', 'GitHub Hosting', 'Google', 'Google Cloud DNS', 'Google Font API', 'Google My Business', 'Google Workspace', 'Instagram Follow Button', 'PHP', 'ProfitWell', 'Twitter Ads', 'Vimeo', 'YouTube', 'reCAPTCHA']"
secondfamilycare.com,Second Family Care,,USA,57,31628,2026-05-21T16:53:19.971223906Z,"['AWS WAF Challenge', 'Drift', 'GZIP Module', 'Google Analytics', 'Google Tag Manager', 'PageCloud', 'UTF-8', 'Vector Internet Services']"
bydand.com,Welcome to Bydand Home Loans LLC,,,72,88273,2026-05-21T15:14:20.002555098Z,"['Alternate Protocol', 'Apache', 'App Store', 'CDN JS', 'Calendly', 'Call to Visit', 'Cloudflare', 'Cloudflare CDN', 'Content Delivery Network', 'Discord', 'Drift', 'ElementUI', 'Elfsight', 'Facebook Conversion Tracking', 'Facebook Login', 'Facebook Messenger Platform', 'Facebook Pixel', 'Facebook Reseller', 'Facebook Tag API', 'Fancybox for WordPress', 'GZIP Module', 'Google Analytics', 'Google Cloud DNS', 'Google Conversion Tracking', 'Google Font API', 'Google My Business', 'Google Play', 'Google Tag Manager', 'Gravity', 'Gravity Forms', 'Hotjar', 'Instagram Follow Button', 'MailChimp', 'Monster', 'Nationwide Mortgage Licensing System and Registry', 'OptinMonster', 'PHP', 'QUIC', 'Rackspace CDN', 'SimpleNexus', 'Sitelinks Search Box', 'StackPath', 'Tailwind CSS', 'Twitter Ads', 'UTF-8', 'UserWay', 'WordPress', 'WordPress Multisite', 'Yelp Badge', 'jQuery', 'jsDelivr', 'leadPops']"
coughlanhomes.com,Home | Coughlan Homes,Coughlan Homes,,62,48019,2026-05-21T13:38:19.979129526Z,"['AJAX Libraries API', 'Adobe Creative Cloud WebFonts', 'CDN JS', 'Cloudflare', 'Cloudflare CDN', 'Drift', 'ElementUI', 'Facebook Conversion Tracking', 'Facebook Login', 'Facebook Messenger Platform', 'Facebook Pixel', 'Facebook Reseller', 'Facebook Tag API', 'Font Awesome', 'FreeCSSTemplates', 'GZIP Module', 'Google Analytics', 'Google Cloud DNS', 'Google Font API', 'Google Maps', 'Google My Business', 'Google Related Website Sites', 'Google Tag Manager', 'Homes.com CMS', 'Instagram Follow Button', 'Microdata for Google Shopping', 'Nginx', 'Siteimprove', 'Thank You', 'Twitter Ads', 'UTF-8', 'jQuery', 'jsDelivr', 'reCAPTCHA']"
clarityhrco.com,Stress-Free HR Solutions for Small Businesses,,,67,32268,2026-05-21T13:29:20.001108022Z,"['Adult Content', 'Apture Linking Platform', 'B12', 'DAV', 'Drift', 'GZIP Module', 'Google My Business', 'Perl', 'QUIC', 'University or College', 'reCAPTCHA']"
edfdev.com,"EDF Developers - Business Development, Infrastructure Deployment, & Brand Marketing",,USA,70,33576,2026-05-21T13:20:19.974554899Z,"['Drift', 'GZIP Module', 'Google Cloud DNS', 'Google Font API', 'Google Maps', 'Google My Business', 'Mouseflow', 'Nginx', 'QUIC', 'Seflow Italy', 'UTF-8', 'Zendesk Embeddables']"
maxchrono.com,Home - Max Chrono,Max Chrono,BRA,77,36403,2026-05-21T12:08:20.575970553Z,"['Alternate Protocol', 'Amazon WAF Blocked', 'Animate It', 'Apture Linking Platform', 'Bunny Fonts', 'Drift', 'Elementor', 'EmbedPress', 'Express', 'Google', 'Google Analytics', 'Google Cloud DNS', 'Google Font API', 'Google My Business', 'Google Tag Manager', 'IcoMoon', 'Instagram Follow Button', 'Line2', 'LiteSpeed', 'Microdata for Google Shopping', 'NFOrce Internet', 'Nectar Slide Plugin', 'PHP', 'PayPal', 'Pico CSS', 'Post Grid', 'QUIC', 'Salient', 'Sitelinks Search Box', 'Tailwind CSS', 'Twitter Ads', 'UTF-8', 'WP Rocket', 'WPBakery', 'WhatsApp Sharing', 'Woo Themes', 'WooCommerce', 'WooCommerce Checkout', 'WordPress', 'WordPress Multisite', 'reCAPTCHA']"
turnbullroofing.com,Roof Repairs or Replacement in Durham Region | Turnbull Roofing,Turnbull Roofing & Renovations Ltd,CAN,82,33985,2026-05-21T09:56:19.995322231Z,"['Alternate Protocol', 'CDN JS', 'Cloudflare', 'Cloudflare CDN', 'Custom Facebook Feed', 'Drift', 'ElementUI', 'EmbedPress', 'Font Awesome', 'GZIP Module', 'Google', 'Google Analytics', 'Google Cloud DNS', 'Google Font API', 'Google My Business', 'Google Related Website Sites', 'Google Tag Manager', 'Gravity', 'Gravity Forms', 'Microdata for Google Shopping', 'Nginx', 'PHP', 'Parallels Plesk Panel', 'Post Views Counter', 'QUIC', 'UTF-8', 'WP Rocket', 'WordPress', 'WordPress Multisite', 'shadcn ui']"
cater2living.com,Cater 2 Living | Home,,CAN,77,69598,2026-05-21T05:08:20.001144607Z,"['AAPT', 'AWS WAF Challenge', 'Alternate Protocol', 'B12', 'DAV', 'Drift', 'Financial Services Guide', 'GZIP Module', 'Google Analytics', 'Google My Business', 'Google Tag Manager', 'Hexo', 'InitiativeS', 'Instagram Follow Button', 'No-Q', 'Perl', 'QUIC', 'Silicon Valley Web Hosting', 'Subversion', 'University or College', 'reCAPTCHA']"
mystoryabroad.in,Immigration and Visa Consultants at Vadodara: MyStoryAbroad,,IND,77,33657,2026-05-21T03:32:19.9818107Z,"['AJAX Libraries API', 'Appointment', 'AutoComplete', 'CDN JS', 'Cloudflare', 'Cloudflare CDN', 'Drift', 'Express', 'Font Awesome', 'GitHub Hosting', 'Google Analytics', 'Google Cloud DNS', 'Google My Business', 'Google Related Website Sites', 'Google Tag Manager', 'Instagram Follow Button', 'LiteSpeed', 'NFOrce Internet', 'QUIC', 'Slider Revolution', 'Tailwind CSS', 'Twitter Ads', 'UTF-8', 'University or College', 'WhatsApp Sharing', 'eLand', 'jQuery', 'reCAPTCHA']"
infigrityit.com,"Infigrity IT Services | Web, eCommerce, Mobile Apps & SEO",,IND,77,46316,2026-05-21T01:20:19.995561826Z,"['AWS WAF Challenge', 'Alternate Protocol', 'Contact Form Plugin', 'Drift', 'EmbedPress', 'Facebook Conversion Tracking', 'Facebook Login', 'Facebook Messenger Platform', 'Facebook Pixel', 'Facebook Reseller', 'Facebook Tag API', 'GZIP Module', 'Google Analytics', 'Google Related Website Sites', 'Google Tag Manager', 'IcoMoon', 'Instagram Follow Button', 'LiteSpeed', 'Microdata for Google Shopping', 'Nginx', 'PHP', 'QUIC', 'Tawk', 'Theme In WP', 'Twitter Ads', 'UTF-8', 'Woo Themes', 'WordPress', 'WordPress Multisite', 'YouTube', 'jQuery']"
kylemitchell.co,Kyle Mitchell,,USA,67,30040,2026-05-21T01:12:19.467892658Z,"['Alternate Protocol', 'Apache', 'Drift', 'GZIP Module', 'Gambling Content', 'Google Analytics', 'Google Cloud DNS', 'Google Font API', 'Instagram Follow Button', 'Medium', 'PHP', 'Subversion', 'Tailwind CSS', 'Theme In WP', 'Twitter Ads', 'UTF-8', 'WordPress', 'WordPress Multisite', 'eLand', 'jQuery']"
amindustrial.com,AM Industrial Group | Used Industrial Machinery For Sale,AM Industrial Group LLC,USA,77,40872,2026-05-21T00:23:19.983108244Z,"['Algolia', 'Amazon S3 CDN', 'Amazon WAF Blocked', 'Apture Linking Platform', 'Drift', 'EmbedPress', 'GZIP Module', 'Google', 'Google Cloud DNS', 'Google Font API', 'Google My Business', 'Google Related Website Sites', 'Gravity', 'Gravity Forms', 'Microdata for Google Shopping', 'Nginx', 'PHP', 'QUIC', 'Storyblocks', 'Submittable', 'Tailwind CSS', 'Theme In WP', 'Twitter Ads', 'UTF-8', 'WP Fastest Cache', 'WP Search with Algolia', 'WordPress', 'WordPress Multisite', 'YouTube', 'jQuery', 'reCAPTCHA', 'shadcn ui']"
buynowseo.com,BuyNowSeo,,USA,65,32947,2026-05-21T00:08:19.974708953Z,"['Amazon', 'Apache', 'Better Lead Generation Services', 'CDN JS', 'Cloudflare', 'Cloudflare CDN', 'Drift', 'Easy Pie Chart', 'Express', 'GZIP Module', 'Google Cloud DNS', 'Google Font API', 'Google Maps', 'Google My Business', 'IcoMoon', 'Instagram Follow Button', 'Slider Revolution', 'Tailwind CSS', 'Twitter Ads', 'UTF-8']"
vyaktadesigns.com,Vyakta Designs - 2022 New Album Designs NoteBook cover Sivakasi | NoteBook Wrapper cover Manufacturers in india| Notebook Cover Designs | NoteBook Wrapper cover designs | Exercise Book Designs |,,IND,57,30003,2026-05-20T23:30:55.126035823Z,"['Apache', 'Bulma', 'Drift', 'FreeCSSTemplates', 'GZIP Module', 'Google Cloud DNS', 'Google Font API', 'WhatsApp Sharing', 'jQuery']"
craftsmen.com.ng,Craftsmen,,NGA,72,30607,2026-05-20T22:33:00.927085613Z,"['AJAX Libraries API', 'AlmaLinux', 'Apache', 'Bulma', 'CDN JS', 'Cloudflare', 'Cloudflare CDN', 'Drift', 'Font Awesome', 'GZIP Module', 'Google Analytics', 'Google Cloud DNS', 'Google Font API', 'Google Tag Manager', 'IcoMoon', 'PHP', 'Tailwind CSS', 'Twitter Ads', 'UTF-8', 'jQuery']"
signal-sync.com,Agency Engine Agency Management System | Signal Sync,Signal Sync,,72,85397,2026-05-20T20:31:05.324195439Z,"['AWS WAF Challenge', 'Alternate Protocol', 'Amazon Link Enchancer', 'Amazon WAF Blocked', 'Amazon Widgets', 'Anti-spam for WordPress', 'Authorize.net', 'Calendly', 'CleanTalk Spam Protect', 'Content Delivery Network', 'Drift', 'Elementor', 'EmbedPress', 'Fireblade', 'GZIP Module', 'Google Analytics', 'Google Tag Manager', 'HubSpot Conversations', 'HubSpot WordPress Plugin', 'Hubspot', 'IcoMoon', 'Microdata for Google Shopping', 'NFOrce Internet', 'Outseta', 'PHP', 'PandaDoc', 'Piotnet Addons', 'QUIC', 'Sucuri Cloudproxy', 'Theme In WP', 'Twenty Twenty-One', 'UTF-8', 'Vimeo', 'WordPress', 'WordPress Multisite', 'Zoom Video Conferencing', 'jQuery', 'jsDelivr']"
presa-brichete.ro,Presa brichetare paie si presa brichete rumegus | Agro Bio Brichet Energy Solutions SRL,,ROU,77,160480,2026-05-20T20:17:58.161852664Z,"['AWS WAF Challenge', 'CDN JS', 'Cedexis', 'Cloudflare', 'Cloudflare CDN', 'CookieConsent', 'DemDex', 'Disqus Comment System for WordPress', 'Drift', 'Facebook CDN', 'Facebook Login', 'Facebook Reseller', 'GZIP Module', 'GetResponse', 'GitHub Hosting', 'Google', 'Google Analytics', 'Google Cloud DNS', 'Google Font API', 'Google My Business', 'Google Tag Manager', 'Google Workspace', 'Instagram Follow Button', 'Nginx', 'ProfitWell', 'QUIC', 'Tailwind CSS', 'Twitter Ads', 'Vimeo', 'reCAPTCHA']"
aveschoir.org,Sycamore Vocal Boosters Association > Home,,FLK,65,244536,2026-05-20T19:02:19.985784228Z,"['501c3 Status Nonprofit', 'Beautiful.ai', 'DNN Software', 'Drift', 'Express', 'Facebook Conversion Tracking', 'Facebook Login', 'Facebook Messenger Platform', 'Facebook Pixel', 'Facebook Reseller', 'Facebook Tag API', 'Font Awesome', 'FreeCSSTemplates', 'GZIP Module', 'Google Analytics', 'Google Cloud DNS', 'Google Font API', 'HostGator', 'IcoMoon', 'Microsoft Azure', 'NFOrce Internet', 'No-Q', 'Parallels Plesk Panel', 'SMC', 'Salesforce Hosted', 'Subversion', 'UTF-8', 'University or College', 'Visual Studio', 'WoWonder', 'YouTube', 'jQuery']"
2chicevents.com,Sacramento Wedding Planners 2Chic Events and Design,,,62,33640,2026-05-20T18:05:19.996343434Z,"['AJAX Libraries API', 'CDN JS', 'Cloudflare', 'Cloudflare CDN', 'Content Delivery Network', 'Drift', 'Google', 'Google Cloud DNS', 'Google Font API', 'Instagram Follow Button', 'Nginx', 'Subversion', 'UTF-8', 'WP Engine', 'jQuery']"
lawcosports.net,Lawco Sports - LawCo Sports,LawCo Sports,,67,52979,2026-05-20T16:20:29.375694982Z,"['Alternate Protocol', 'Apture Linking Platform', 'Cloudflare', 'Content Delivery Network', 'Drift', 'EmbedPress', 'Event Tickets for Wordpress', 'Facebook Customer Chat SDK', 'Facebook Login', 'Facebook Messenger Platform', 'Facebook Reseller', 'Fireblade', 'Font Awesome', 'Google Analytics', 'Google Cloud DNS', 'Google Font API', 'Google My Business', 'Google Tag Manager', 'Gravity', 'Gravity Forms', 'IcoMoon', 'Instagram Follow Button', 'Microdata for Google Shopping', 'PHP', 'Popup Maker for Wordpress', 'QUIC', 'Site Kit', 'Slider Revolution', 'The Events Calendar', 'Theme In WP', 'UTF-8', 'Vimeo', 'WP Engine', 'WPBakery', 'Woo Themes', 'WooCommerce', 'WooCommerce Checkout', 'WordPress', 'WordPress Multisite', 'WordPress Related Posts', 'YouTube', 'iClassPro', 'jQuery', 'uPress', 'vzaar']"
abigailmiller.com,Abigail Miller | Christian Music that speaks to the heart,,,55,30181,2026-05-20T16:02:19.977954389Z,"['Alternate Protocol', 'Automattic', 'Divi', 'Drift', 'Elegant Themes', 'EmbedPress', 'Express', 'GZIP Module', 'Google Cloud DNS', 'Google Font API', 'Jetpack', 'Lazy Load for WordPress', 'Nginx', 'PHP', 'Theme In WP', 'Twitter Ads', 'UTF-8', 'Woo Themes', 'WooCommerce', 'WooCommerce Checkout', 'WooCommerce Stripe Payment Gateway', 'WordPress', 'WordPress Multisite', 'WordPress Stats', 'YouTube', 'jQuery']"
shopyourlikes.com,ShopYourLikes: Creator Monetization Platform,ShopYourLikes,,67,53888,2026-05-20T15:35:20.019892417Z,"['Add to Any', 'Alternate Protocol', 'ByteDance', 'CDN JS', 'Cloudflare', 'Cloudflare CDN', 'Consent Manager AutoBlocking', 'Content Delivery Network', 'Drift', 'Elementor', 'EmbedPress', 'Fastly', 'Google Analytics', 'Google Tag Manager', 'Hello Elementor', 'HubSpot Conversations', 'HubSpot WordPress Plugin', 'Hubspot', 'Instagram Follow Button', 'Microdata for Google Shopping', 'NFOrce Internet', 'PHP', 'Theme In WP', 'TikTok Conversion Tracking Pixel', 'UTF-8', 'WordPress', 'WordPress Multisite', 'jQuery']"
bodkinco.com,Bodkinco Digital Agency | Your Online Growth Partner,Bodkinco Agency,ESP,77,32806,2026-05-20T14:47:19.999386432Z,"['Alternate Protocol', 'Content Delivery Network', 'Divi', 'Drift', 'Elegant Themes', 'EmbedPress', 'GDPR Cookie Compliance', 'Google', 'Google Analytics', 'Google Cloud CDN', 'Google Cloud DNS', 'Google Font API', 'Google Tag Manager', 'PHP', 'Sitelinks Search Box', 'Theme In WP', 'UTF-8', 'Woo Themes', 'WordPress', 'WordPress Multisite', 'jQuery']"
union.dev,Union Software for Simplified Labor Union Management | Union.dev,Union.dev,CAN,77,126257,2026-05-20T11:11:20.006750066Z,"['AutoComplete', 'CrazyEgg', 'DAV', 'DNN Software', 'Drift', 'Financial Services Guide', 'Fireblade', 'Font Awesome', 'FreeCSSTemplates', 'Google Analytics', 'Google Cloud DNS', 'Google Font API', 'Google Tag Manager', 'Hotjar', 'Instagram Follow Button', 'KVH', 'LinkedIn Insights', 'LinkedIn Pixel', 'Microdata for Google Shopping', 'Perl', 'SMC', 'Tailwind CSS', 'Twitter Ads', 'UTF-8', 'YouTube', 'accessiBe', 'jQuery']"
kticonsultants.com,Home - KTI Consultants,,THA,77,125008,2026-05-20T09:47:19.971805818Z,"['Alternate Protocol', 'Amazon', 'Amazon WAF Blocked', 'Apture Linking Platform', 'Content Delivery Network', 'DC74', 'Drift', 'Fastly', 'Fastly CDN', 'GZIP Module', 'GitHub Hosting', 'Google Analytics', 'Google Tag Manager', 'Heroku', 'Microdata for Google Shopping', 'NFOrce Internet', 'PWA', 'QUIC', 'SMC', 'Sentry', 'SiteW', 'UTF-8', 'Vector Internet Services', 'Wix', 'Wix Media', 'XiSearch', 'mlcom']"
maxgenlogistics.com,Home | Maxgen Logistics Services,,,60,31416,2026-05-20T03:28:55.053523825Z,"['Apache', 'Better Lead Generation Services', 'Cloudflare', 'Drift', 'IcoMoon', 'Parcel', 'QUIC', 'Vector Internet Services', 'Yandex Hosting']"
bidder.bz,Bidder - The Construction APP for Latino Workers in USA,,USA,77,61248,2026-05-20T03:26:20.025712124Z,"['Alternate Protocol', 'App Store', 'Autoptimize', 'Cisco/Arrowpoint Content Service Switch', 'Contento', 'Drift', 'EmbedPress', 'Font Awesome', 'GZIP Module', 'Google Analytics', 'Google Cloud DNS', 'Google Font API', 'Google My Business', 'Google Play', 'Google Tag Manager', 'IcoMoon', 'Jetpack', 'Nginx', 'QUIC', 'Slider Revolution', 'Tailwind CSS', 'Twitter Ads', 'UTF-8', 'University or College', 'Vimeo', 'WPBakery', 'Woo Themes', 'WordPress', 'WordPress Multisite', 'YouTube', 'jQuery', 'jQuery Pin It Button for Images']"
timmhotelbroker.com,Timm Hotel Broker|Hotel brokers that advance the best interests of clients by providing hotel real estate brokerage services,,USA,65,34089,2026-05-20T03:05:37.744948882Z,"['Alternate Protocol', 'Amazon', 'Apache', 'Divi', 'Drift', 'Elegant Themes', 'EmbedPress', 'GZIP Module', 'Google Cloud DNS', 'Google Font API', 'Google My Business', 'Interchange', 'Ninja Forms', 'PHP', 'Pagekit', 'Popup Maker for Wordpress', 'Smush Image Optimization', 'Theme In WP', 'UTF-8', 'University or College', 'WordPress', 'WordPress Multisite', 'eLand', 'jQuery', 'reCAPTCHA']"
mypoolmygym.com.au,My Pool My Gym | Pool Exercise Equipment | Aqua Fitness & Pool Fitness,,,67,54256,2026-05-20T02:22:21.483843195Z,"['AWS WAF Challenge', 'Amazon CloudFront', 'Apture Linking Platform', 'CloudFront', 'Cloudflare', 'Cloudflare CDN', 'Drift', 'Google', 'Google Analytics', 'Google Cloud DNS', 'Google Maps', 'Google Related Website Sites', 'Google Tag Manager', 'Instagram Follow Button', 'Klaviyo', 'Microdata for Google Shopping', 'QUIC', 'Schema Plugin', 'Shopify', 'Shopify Collabs', 'Tailwind CSS', 'UTF-8', 'YouTube', 'hCaptcha', 'reCAPTCHA']"
newyorkquartz.us,Quartz Countertop Services in South Florida - New York Quartz,New York Quartz,USA,82,59461,2026-05-19T21:05:20.011157282Z,"['Alternate Protocol', 'Amazon WAF Blocked', 'CallRail', 'ClickCease', 'DoubleClick Bid Manager', 'Drift', 'DuracellTomi Google Tag Manager for WordPress', 'Elementor', 'ElementsKit Elementor', 'EmbedPress', 'Essential Addons for Elementor', 'Facebook Conversion Tracking', 'Facebook Login', 'Facebook Messenger Platform', 'Facebook Pixel', 'Facebook Reseller', 'Facebook Tag API', 'GZIP Module', 'Google', 'Google Analytics', 'Google Cloud CDN', 'Google My Business', 'Google Tag Manager', 'Gravity', 'Gravity Forms', 'Header, Footer and Blocks for Elementor', 'Instagram Follow Button', 'KVH', 'Lazy Load for WordPress', 'LiteSpeed', 'Make Column Clickable Elementor', 'Microdata for Google Shopping', 'Microsoft Clarity', 'NFOrce Internet', 'NitroPack', 'PHP', 'QUIC', 'Table Addons for Elementor', 'TrustIndex', 'Twitter Ads', 'UTF-8', 'WP Rocket', 'Woo Themes', 'WordPress', 'WordPress Multisite', 'YouTube', 'reCAPTCHA']"
dknzdesign.com,DKNZ Design – Certified Magento Developers – Customised Web Solutions,,SVN,65,53232,2026-05-19T17:32:19.988270373Z,"['AWS WAF Challenge', 'Alternate Protocol', 'Apache', 'Contact Form Plugin', 'Drift', 'EmbedPress', 'Google Analytics', 'Google Cloud DNS', 'Google Font API', 'Google Maps', 'Google Tag Manager', 'Instagram Follow Button', 'PHP', 'QUIC', 'Shopware', 'Smart Slider 3', 'Taboola Direct', 'Tailwind CSS', 'Theme In WP', 'TranslatePress', 'Twitter Ads', 'UTF-8', 'WordPress', 'WordPress Carousel', 'WordPress Multisite', 'eLand', 'jQuery']"
analyticsbar.com,Analytics Bar - Real-time Google Analytics in your menu bar,,,67,33007,2026-05-19T15:50:05.440094242Z,"['Apture Linking Platform', 'CDN JS', 'Cloudflare', 'Cloudflare CDN', 'Drift', 'Font Awesome', 'GZIP Module', 'Google', 'Google Analytics', 'Google Cloud CDN', 'Google Cloud DNS', 'Google Font API', 'Google Tag Manager', 'IcoMoon', 'Nginx', 'Product Hunt', 'Tailwind CSS', 'Twitter Ads', 'UTF-8', 'jQuery']"
laserage.info,"Laserage - Precision Laser Processing, Stent Manufacturing, Orthopedic Components, Implantable Medical Devices",,,62,475470,2026-05-19T14:38:19.986602619Z,"['AddThis for Wordpress', 'Akamai Global Host', 'Amazon', 'Azure Edge', 'Baidu Ads', 'Baidu Analytics', 'Baidu Cloud', 'Bing Cashback', 'Bing Conversion Tracking', 'BrightInfo', 'Brightcove', 'CDN JS', 'ChowNow', 'Cisco/Arrowpoint Content Service Switch', 'ClickDimensions', 'Cloudflare', 'Cloudflare CDN', 'Cloudflare Web Analytics', 'Crowdsignal', 'DAV', 'DoubleClick Bid Manager', 'Drift', 'Express', 'Facebook Reseller', 'Fireblade', 'GZIP Module', 'GoDaddy', 'Google', 'Google Analytics', 'Google Cloud DNS', 'Google Font API', 'Google Maps', 'Google My Business', 'Google Related Website Sites', 'Google Tag Manager', 'IcoMoon', 'KVH', 'LiveAgent', 'MailChimp', 'Microsoft Azure', 'Monster', 'OneTrust Domain Verification', 'OptinMonster', 'Pardot', 'Salesforce', 'Salesforce Experience Cloud', 'Salesforce Hosted', 'Salesforce Live Agent', 'Sentry', 'Shopware', 'ThomasNet Web Traxs', 'Twitter Ads', 'Twitter CDN', 'UTF-8', 'Vimeo', 'Visual Studio', 'Wistia', 'YouTube', 'jsDelivr']"
coventryhome.co.uk,Coventry Home Limited - Serviced Apartments in Coventry & Warwickshire,Coventry Home,GBR,82,32054,2026-05-19T14:29:20.011741586Z,"['Alternate Protocol', 'Book Direct', 'Contact Form Plugin', 'Content Delivery Network', 'Cookie Accept', 'Cookie Notice', 'Drift', 'EmbedPress', 'Font Awesome', 'Google Cloud DNS', 'Google Font API', 'Google My Business', 'IcoMoon', 'Instagram Follow Button', 'LiteSpeed', 'Microdata for Google Shopping', 'PHP', 'Rate my Post', 'Schema Plugin', 'Tailwind CSS', 'Theme In WP', 'Twitter Ads', 'UTF-8', 'WP Responsive Menu', 'WordPress', 'WordPress Multisite', 'jQuery', 'reCAPTCHA']"
fornaxmetals.com,Home - Fornax Metals,,,57,30255,2026-05-19T14:17:19.982930307Z,"['Alternate Protocol', 'Amazon', 'ArvanCloud', 'Drift', 'ElementUI', 'GZIP Module', 'Google', 'Google Analytics', 'Google Cloud DNS', 'Google Font API', 'Microdata for Google Shopping', 'Nginx', 'PHP', 'QUIC', 'Schema Plugin', 'UTF-8', 'jQuery', 'jsDelivr']"
whereabout.studio,Whereabout Studio,,,62,33953,2026-05-19T13:32:20.022589747Z,"['AJAX Libraries API', 'Adobe Creative Cloud WebFonts', 'Alternate Protocol', 'Aruba', 'Drift', 'ElementUI', 'Express', 'GZIP Module', 'Google', 'Google Cloud DNS', 'Google Font API', 'Google My Business', 'Line2', 'Microdata for Google Shopping', 'Privy', 'QUIC', 'Squarespace', 'UTF-8', 'WordPress SEO Structured Data Schema Plugin', 'eLand', 'jQuery']"
alldivisionbuilding.co.uk,Builders Kent | Local Builder & Building Contractors Kent,,,82,31200,2026-05-19T12:46:18.45913329Z,"['Apache', 'Drift', 'Express', 'Google Analytics', 'Google My Business', 'Google Tag Manager', 'Microdata for Google Shopping', 'QUIC', 'Tailwind CSS', 'TermsFeed', 'UTF-8', 'YouTube', 'jQuery', 'jsDelivr', 'reCAPTCHA']"
stag.energy,Stag Solar & Electrical - Premium Solar Systems - Gold Coast,,AUS,72,41659,2026-05-19T10:59:49.613498508Z,"['Apache', 'BLR', 'Better Lead Generation Services', 'Drift', 'Elfsight', 'Facebook Conversion Tracking', 'Facebook Login', 'Facebook Messenger Platform', 'Facebook Pixel', 'Facebook Reseller', 'Facebook Tag API', 'Font Awesome', 'GZIP Module', 'Google Analytics', 'Google My Business', 'Google Tag Manager', 'Instagram Follow Button', 'PHP', 'Tumblr', 'UTF-8', 'jQuery', 'reCAPTCHA']"
tidylaundryservice.ca,Tidy Laundry Service - Servicing Kelowna and West Kelowna.,Tidy Laundry Service,CAN,67,30168,2026-05-19T09:32:53.262401821Z,"['Alternate Protocol', 'Apache', 'Contact Form Plugin', 'Drift', 'EmbedPress', 'Microdata for Google Shopping', 'PHP', 'Slider Revolution', 'Theme In WP', 'Total', 'UTF-8', 'WPBakery', 'WordPress', 'WordPress Multisite', 'jQuery']"
zywavelive.com,Zywave Events,,USA,72,202877,2026-05-19T06:23:19.970542203Z,"['AWS WAF Challenge', 'Alternate Protocol', 'Apture Linking Platform', 'Better Lead Generation Services', 'Bizible', 'Cisco/Arrowpoint Content Service Switch', 'Cloudflare', 'Content Delivery Network', 'CookieYes', 'Cvent', 'Drift', 'ElementUI', 'EmbedPress', 'Font Awesome', 'Google Analytics', 'Google Cloud DNS', 'Google Font API', 'Google Tag Manager', 'Gravity', 'Gravity Forms', 'InitiativeS', 'Jetpack', 'Marketo', 'Microdata for Google Shopping', 'ON24', 'PHP', 'Pagekit', 'QUIC', 'The Events Calendar', 'Theme In WP', 'UTF-8', 'VWO Engage', 'Visual Website Optimizer', 'WP Engine', 'WordPress', 'WordPress Multisite', 'jQuery', 'jsDelivr']"
dazelmart.com,Dazelmart – Your Request Our Service…,,,60,90575,2026-05-19T05:44:19.98265019Z,"['3 Products', 'AWS WAF Challenge', 'Ada Support', 'Alternate Protocol', 'Apture Linking Platform', 'Cedexis', 'Cloudflare', 'Cloudflare CDN', 'DemDex', 'Disqus Comment System for WordPress', 'Drift', 'EmbedPress', 'Facebook CDN', 'Flatsome', 'GZIP Module', 'GitHub Hosting', 'Google', 'Google Maps', 'Google My Business', 'Google Workspace', 'IcoMoon', 'Instagram Follow Button', 'Nginx', 'PHP', 'ProfitWell', 'QUIC', 'Tailwind CSS', 'Twitter Ads', 'UTF-8', 'Vimeo', 'Woo Themes', 'WordPress', 'WordPress Multisite', 'YouTube', 'jQuery', 'reCAPTCHA']"
namsys.com,Cloud-based cash processing and logistics software | NamSys,NamSys Inc.,CAN,77,164868,2026-05-19T05:10:48.002088089Z,"['AWS WAF Challenge', 'Akamai Global Host', 'Alternate Protocol', 'Apture Linking Platform', 'CDN JS', 'Cloudflare', 'Cloudflare CDN', 'Craft', 'DAV', 'DoubleClick Bid Manager', 'Drift', 'ElementUI', 'Facebook Reseller', 'Fancybox for WordPress', 'Google', 'Google Analytics', 'Google Cloud DNS', 'Google Font API', 'Google Maps', 'Google My Business', 'Google Tag Manager', 'IcoMoon', 'Intercom', 'Investor Relations', 'LinkedIn Pixel', 'Microdata for Google Shopping', 'Microsoft Clarity', 'Nginx', 'OneTrust Domain Verification', 'Oribi Analytics', 'Pardot', 'Site Search 360', 'Tealium', 'Twitter Ads', 'Twitter Analytics', 'UTF-8', 'WordPress SEO Structured Data Schema Plugin', 'YouTube', 'jsDelivr']"
renozee.com,Home renovation | Investment property renovation | Renozee™,,JPN,82,63640,2026-05-19T04:29:19.985250828Z,"['AJAX Libraries API', 'AWS WAF Challenge', 'Amazon', 'Amazon CloudFront', 'App Store', 'CloudFront', 'Corporate Governance and Regulatory Compliance', 'DAV', 'Drift', 'Fireblade', 'GZIP Module', 'Google Analytics', 'Google Cloud DNS', 'Google My Business', 'Google Play', 'Google Tag Manager', 'Instagram Follow Button', 'Microdata for Google Shopping', 'Nginx', 'QUIC', 'Twitter Ads', 'UTF-8', 'Ubuntu', 'WordPress', 'YouTube', 'jQuery', 'reCAPTCHA']"
elevatedcompanies.com,the ELEVATED companies – OUR WORK IS LOVE MADE VISIBLE,,USA,60,37564,2026-05-19T04:23:19.986562477Z,"['Alternate Protocol', 'Cloudflare', 'Cloudflare CDN', 'Drift', 'EmbedPress', 'Fireblade', 'Google Cloud DNS', 'Google Font API', 'Instagram Follow Button', 'PHP', 'Slider Revolution', 'ThemeFusion', 'UTF-8', 'WP Fastest Cache', 'WordPress', 'WordPress Multisite', 'YouTube']"
transformityinvesting.com,Transformity Research,,,60,30604,2026-05-19T02:53:20.002104848Z,"['Adobe Creative Cloud WebFonts', 'Alternate Protocol', 'Aruba', 'Drift', 'Express', 'GZIP Module', 'Google', 'Google Analytics', 'Google Cloud DNS', 'Google Font API', 'Google Tag Manager', 'Line2', 'Microdata for Google Shopping', 'QUIC', 'Squarespace', 'Stripe', 'UTF-8', 'WordPress SEO Structured Data Schema Plugin', 'eLand']"
icubes.org,iCubes | Ideate - Create - Promote Your Online Business,,,67,34843,2026-05-19T02:41:20.012009437Z,"['Akismet', 'Alternate Protocol', 'Apture Linking Platform', 'Better Lead Generation Services', 'Column Shortcodes', 'Contact Form Plugin', 'DAV', 'Drift', 'EmbedPress', 'Font Awesome', 'GZIP Module', 'Google Analytics', 'Google Cloud DNS', 'Google Font API', 'Google My Business', 'Google Tag Manager', 'Gravity', 'Instagram Follow Button', 'MailChimp for WordPress', 'Max Mega Menu', 'Max Mega Menu Pro', 'Microdata for Google Shopping', 'Nginx', 'PHP', 'Popup Maker for Wordpress', 'QUIC', 'Robo Gallery', 'Slider Revolution', 'Theme In WP', 'Trustpilot Reviews for WordPress', 'Twitter Ads', 'UTF-8', 'WP Job Openings', 'WPBakery', 'Woo Themes', 'WordPress', 'WordPress Multisite', 'jQuery', 'reCAPTCHA']"
bayonebd.com,MV Bay One Cruise Ship | Inani Cox’s Bazar To Saint Martin Cruise | Chattogram To Saint Martin Cruise | Potegaon Cruise | Potegaon Beach To saint Martin Cruise ship | Bay One Cruise Ticket Booking | Bay One Cruise Ticket Price,,BGD,70,35542,2026-05-19T02:17:19.971119871Z,"['Alternate Protocol', 'Disqus Comment System for WordPress', 'Drift', 'EmbedPress', 'Express', 'Facebook CDN', 'GetResponse', 'GitHub Hosting', 'Google', 'Google Adsense', 'Google Cloud DNS', 'Google Font API', 'Google My Business', 'Google Workspace', 'Instagram Follow Button', 'LiteSpeed', 'Master Slider', 'ProfitWell', 'QUIC', 'Twitter Ads', 'Vimeo', 'WordPress', 'WordPress Multisite', 'YouTube', 'reCAPTCHA']"
allstarplumbingfresno.com,Plumber Fresno CA - 24 Hour Plumbing | All Star Plumbing Fresno,All Star Plumbing,USA,82,31085,2026-05-19T02:12:10.442501289Z,"['Alternate Protocol', 'Amazon WAF Blocked', 'Content Delivery Network', 'Drift', 'Express', 'IcoMoon', 'Microdata for Google Shopping', 'Netlify', 'Next.js', 'PWA', 'Pico CSS', 'Pleroma', 'QUIC', 'Schema Plugin', 'Tailwind CSS', 'Twitter Ads', 'UTF-8', 'Vimeo', 'WordPress SEO Structured Data Schema Plugin', 'Yelp Badge', 'YouTube']"
luxurylifestyleawards.com,Luxury Lifestyle Awards I World’s Most Prestigious Awards,,USA,77,43900,2026-05-19T01:17:20.029159709Z,"['AJAX Libraries API', 'Contact Form Plugin', 'Drag and Drop Multiple File Upload', 'Drift', 'EmbedPress', 'Facebook Conversion Tracking', 'Facebook Login', 'Facebook Messenger Platform', 'Facebook Pixel', 'Facebook Reseller', 'Facebook Tag API', 'GZIP Module', 'GetResponse', 'Google', 'Google Analytics', 'Google Cloud DNS', 'Google Font API', 'Google My Business', 'Google Tag Manager', 'Instagram Follow Button', 'LinkedIn Insights', 'LinkedIn Pixel', 'Microdata for Google Shopping', 'Nginx', 'PHP', 'Post Views Counter', 'RM Education', 'Roistat', 'SG Widget', 'Tailwind CSS', 'Theme In WP', 'UTF-8', 'WordPress', 'WordPress Multisite', 'jQuery', 'reCAPTCHA']"
trafficparrot.com,Traffic Parrot - API and system simulation,,GBR,77,35433,2026-05-19T00:24:47.582214358Z,"['AJAX Libraries API', 'Amazon', 'Amazon CloudFront', 'Amazon Route 53', 'Amazon S3 CDN', 'Bulma', 'CloudFront', 'Content Delivery Network', 'Drift', 'Font Awesome', 'GZIP Module', 'Google Analytics', 'Google Cloud DNS', 'Google Font API', 'Google Related Website Sites', 'Google Tag Manager', 'Help.com', 'IcoMoon', 'Inspectlet', 'QUIC', 'ScoreApp', 'Tailwind CSS', 'YouTube', 'jQuery']"
philadelphiamusicfestival.org,Summer Music Camp - Students From Around the World,Philadelphia International Music Camp &amp; Festival,USA,82,49625,2026-05-18T22:53:45.010935928Z,"['AWS WAF Challenge', 'Alternate Protocol', 'Coming Soon Page', 'Constant Contact', 'Contact Form Plugin', 'Content Delivery Network', 'Drift', 'Elementor', 'EmbedPress', 'Enable jQuery Migrate Helper', 'Facebook Conversion Tracking', 'Facebook Login', 'Facebook Messenger Platform', 'Facebook Pixel', 'Facebook Reseller', 'Facebook Tag API', 'Fomo', 'FreeCSSTemplates', 'GZIP Module', 'Google Analytics', 'Google Cloud DNS', 'Google Font API', 'Google Related Website Sites', 'Google Tag Manager', 'Illdy', 'Instagram Follow Button', 'Microdata for Google Shopping', 'NFOrce Internet', 'OoohBoi Steroids for Elementor', 'PHP', 'Perl', 'Premium Addons for Elementor', 'ShareThis', 'Sucuri Cloudproxy', 'TablePress', 'Theme In WP', 'Twitter Ads', 'UTF-8', 'University or College', 'Vimeo', 'WordPress', 'WordPress Multisite', 'YouTube']"
fireinspector.org,FireInspector.org | Lake Worth Fire Consultant Services,,,67,49488,2026-05-18T22:17:23.690678188Z,"['Adult Content', 'Apture Linking Platform', 'B12', 'DAV', 'Drift', 'Fancybox for WordPress', 'Fireblade', 'GZIP Module', 'GitHub Hosting', 'Google Analytics', 'Google My Business', 'Google Related Website Sites', 'Google Tag Manager', 'Instagram API', 'Instagram Follow Button', 'NFOrce Internet', 'Perl', 'QUIC', 'Twitter Ads', 'reCAPTCHA']"
picturethat.io,PictureThat - Photo walls re-imagined,,,62,33207,2026-05-18T21:33:11.699450302Z,"['Amazon', 'Amazon CloudFront', 'Amazon Route 53', 'Amazon S3 CDN', 'Apple Auto Link Maker', 'CloudFront', 'Content Delivery Network', 'DAV', 'Drift', 'Fancybox for WordPress', 'Formspree', 'Google Analytics', 'Google Cloud DNS', 'Google Font API', 'Google Tag Manager', 'IcoMoon', 'Instagram Follow Button', 'Microdata for Google Shopping', 'Schema Plugin', 'Smart App Banner', 'Tailwind CSS', 'Twitter Ads', 'YouTube', 'jQuery']"
waterlilypond.co.uk,Water Lily Pond | Global Brand & Marketing Communications,Water Lily Pond,GBR,82,61524,2026-05-18T19:50:19.995159078Z,"['AWS WAF Challenge', 'CDN JS', 'Cloudflare', 'Cloudflare CDN', 'Cloudflare Web Analytics', 'Cybot', 'Drift', 'Fireblade', 'Font Awesome', 'Google Analytics', 'Hotjar', 'Instagram Follow Button', 'LiteSpeed', 'Medium', 'Microdata for Google Shopping', 'Tailwind CSS', 'Twitter Ads', 'WhatsApp Sharing', 'jQuery']"
bossdoghosting.com,Portal Home - BossDog Hosting,,,55,31038,2026-05-18T19:26:15.827644701Z,"['Drift', 'Font Awesome', 'Google Analytics', 'Google Cloud DNS', 'Google Font API', 'Google Tag Manager', 'IcoMoon', 'LiteSpeed', 'Oribi Analytics', 'PHP', 'PrestaShop', 'QUIC', 'UTF-8']"
inocongroups.com,Inocongroups – Construction & Real Estates!,,,55,30294,2026-05-18T17:26:33.320449358Z,"['Alternate Protocol', 'Contact Form Plugin', 'Drift', 'EmbedPress', 'Google Cloud DNS', 'Google Font API', 'LiteSpeed', 'Master Slider', 'PHP', 'Point', 'QUIC', 'Slider Revolution', 'Team Members', 'The Events Calendar', 'Theme In WP', 'UPS', 'UTF-8', 'WPBakery', 'Woo Themes', 'WordPress', 'WordPress Multisite', 'jQuery']"
downtownstrengthandconditioning.com,"Downtown Strength and Conditioning - Gym in Downtown Miami, FL",Downtown Strength and Conditioning,USA,82,47248,2026-05-18T17:26:33.310184678Z,"['AWS WAF Challenge', 'Alternate Protocol', 'Apache', 'Apture Linking Platform', 'Drift', 'EmbedPress', 'Font Awesome', 'GZIP Module', 'Google My Business', 'Google Related Website Sites', 'Instagram Follow Button', 'Microdata for Google Shopping', 'PHP', 'Slider Revolution', 'Thank You', 'Theme In WP', 'ThemeFusion', 'UTF-8', 'WP Rocket', 'WP jQuery Lightbox', 'WhatsApp Sharing', 'WordPress', 'WordPress Multisite', 'jQuery', 'reCAPTCHA']"
ministryofcrm.com,CRM Agency & Design Studio - Ministry of CRM,,TUR,82,67120,2026-05-18T14:21:27.330464139Z,"['Adult Content', 'Alternate Protocol', 'Apache', 'Contact Form Plugin', 'CookieYes', 'Drift', 'Elementor', 'EmbedPress', 'Financial Services Guide', 'GZIP Module', 'Google Analytics', 'Google Cloud DNS', 'Google Font API', 'Google My Business', 'Google Tag Manager', 'HHVM', 'Instagram Follow Button', 'K2F', 'Klaviyo', 'LiteSpeed', 'Microdata for Google Shopping', 'PHP', 'Perl', 'RM Education', 'Slider Revolution', 'Subversion', 'Theme In WP', 'UTF-8', 'Ubuntu', 'WordPress', 'WordPress Multisite', 'jQuery', 'reCAPTCHA']"
aruacity.go.ug,Home | Arua City,,,62,30099,2026-05-18T13:12:37.638856068Z,"['Apache', 'Backdrop', 'Content Delivery Network', 'Drift', 'Drupal', 'Font Awesome', 'GZIP Module', 'Google Analytics', 'Google Tag Manager', 'PHP', 'QUIC', 'Tailwind CSS', 'Twitter Ads', 'UTF-8', 'YouTube', 'jQuery']"
dreamersacademytoo.com,Dreamers Academy (Copy),,,72,35101,2026-05-18T12:51:08.960454051Z,"['Adobe Creative Cloud WebFonts', 'Alternate Protocol', 'Amazon WAF Blocked', 'Aruba', 'Drift', 'ETranslate', 'Express', 'Facebook Conversion Tracking', 'Facebook Login', 'Facebook Messenger Platform', 'Facebook Pixel', 'Facebook Reseller', 'Facebook Tag API', 'GTranslate', 'GZIP Module', 'Google My Business', 'Line2', 'Microdata for Google Shopping', 'Oddle', 'QUIC', 'Squarespace', 'UTF-8', 'WordPress SEO Structured Data Schema Plugin', 'eLand']"
moruflifesciences.com,Gynae PCD Franchise - Mourf Lifesciences,,IND,77,160028,2026-05-18T11:53:20.020436216Z,"['AWS WAF Challenge', 'Bulma', 'CDN JS', 'Cedexis', 'Cloudflare', 'Cloudflare CDN', 'DemDex', 'Disqus Comment System for WordPress', 'Drift', 'Facebook CDN', 'GitHub Hosting', 'Google', 'Google Analytics', 'Google Conversion Tracking', 'Google My Business', 'Google Play', 'Google Related Website Sites', 'Google Tag Manager', 'Google Workspace', 'Instagram Follow Button', 'LiteSpeed', 'Microdata for Google Shopping', 'PHP', 'ProfitWell', 'QUIC', 'Tailwind CSS', 'Thank You', 'Twitter Ads', 'UTF-8', 'Vimeo', 'WhatsApp Sharing', 'jQuery', 'reCAPTCHA']"
hazelvan.space,Hazel Van — Web UI Designer/Developer,,,52,30123,2026-05-18T11:14:19.977970883Z,"['AJAX Libraries API', 'Amazon', 'Amazon CloudFront', 'CloudFront', 'Cloudflare', 'Content Delivery Network', 'Drift', 'GZIP Module', 'Google', 'Google Analytics', 'Google Cloud DNS', 'Google Font API', 'Google Tag Manager', 'Tailwind CSS', 'UTF-8', 'WF Cookie Consent']"
kyleehillhomes.org,Welcome to Kylee Hill Homes! - Kylee Hill Homes,,USA,70,217788,2026-05-18T10:23:19.97643934Z,"['AJAX Libraries API', 'Alternate Protocol', 'Apache', 'Apture Linking Platform', 'Beaver Builder Lite', 'Bulma', 'DC74', 'Debian', 'Drift', 'DuracellTomi Google Tag Manager for WordPress', 'EmbedPress', 'Font Awesome', 'GZIP Module', 'Google Cloud DNS', 'Google Font API', 'Google My Business', 'Homes.com CMS', 'Investor Relations', 'MoxiWorks', 'QUIC', 'Salesforce Hosted', 'Sitelinks Search Box', 'Thank You', 'UTF-8', 'Windermere Real Estate', 'WordPress', 'WordPress Multisite', 'YouTube', 'Zendesk Embeddables', 'jQuery', 'jsDelivr', 'reCAPTCHA']"
amcglobalservices.com,AMC-Global Services| best manpower Services provider in Delhi NCR,,IND,72,47558,2026-05-18T08:35:19.983600182Z,"['Beyond Security', 'CDN JS', 'Cloudflare', 'Cloudflare CDN', 'Drift', 'Freepik', 'Google', 'Google Analytics', 'Google Cloud DNS', 'Google Font API', 'Google My Business', 'Google Tag Manager', 'Instagram Follow Button', 'LiteSpeed', 'PHP', 'Perl', 'QUIC', 'UTF-8', 'jQuery', 'jsDelivr']"
brandtjmorris.com,Brandt Morris,,USA,65,50288,2026-05-18T07:50:20.007537527Z,"['AWS WAF Challenge', 'Adobe Creative Cloud WebFonts', 'Aruba', 'Coming Soon Page', 'DAV', 'Drift', 'Express', 'FormSubmit', 'GZIP Module', 'Google', 'Google Cloud DNS', 'Google Font API', 'Instagram Follow Button', 'Investor Relations', 'Line2', 'Microdata for Google Shopping', 'NFOrce Internet', 'Neighborhoods', 'QUIC', 'Squarespace', 'Tailwind CSS', 'UTF-8', 'WordPress SEO Structured Data Schema Plugin', 'YouTube', 'eLand']"
sminternationalvnr.in,SM International,,,35,30600,2026-05-18T07:32:19.970461915Z,"['Bulma', 'Content Delivery Network', 'Drift', 'Fastly', 'GZIP Module', 'UTF-8']"
littlewoodworkers.com.au,Little Woodworkers,Little Woodworkers™,AUS,77,139109,2026-05-18T03:26:20.027394391Z,"['AJAX Libraries API', 'Adobe Creative Cloud WebFonts', 'Aruba', 'Contento', 'Drift', 'Express', 'Facebook Conversion Tracking', 'Facebook Login', 'Facebook Messenger Platform', 'Facebook Pixel', 'Facebook Reseller', 'Facebook Tag API', 'FormSubmit', 'GZIP Module', 'Google', 'Google Analytics', 'Google Cloud DNS', 'Google Font API', 'Google Forms', 'Google My Business', 'Google Tag Manager', 'Instagram Follow Button', 'Line2', 'Magento Enterprise', 'Microdata for Google Shopping', 'QUIC', 'SiteW', 'Squarespace', 'Subversion', 'Tailwind CSS', 'Thank You', 'UTF-8', 'Vector Internet Services', 'Vimeo', 'WordPress SEO Structured Data Schema Plugin', 'eLand', 'jQuery']"
alphasenseaq.com,Alphasense UK - Browse Gas Sensors & Air Quality Monitors,,GBR,72,456298,2026-05-18T03:08:20.010723621Z,"['AddThis for Wordpress', 'Akamai Global Host', 'Amazon', 'Azure Edge', 'Baidu Ads', 'Baidu Analytics', 'Baidu Cloud', 'Bing Cashback', 'Bing Conversion Tracking', 'BrightInfo', 'Brightcove', 'CDN JS', 'ChowNow', 'Cisco/Arrowpoint Content Service Switch', 'ClickDimensions', 'Cloudflare', 'Cloudflare CDN', 'Cloudflare Web Analytics', 'Crowdsignal', 'DoubleClick Bid Manager', 'Drift', 'Facebook Reseller', 'Fireblade', 'FormSubmit', 'GZIP Module', 'GoDaddy', 'Google', 'Google Analytics', 'Google Cloud DNS', 'Google Font API', 'Google Maps', 'Google My Business', 'Google Related Website Sites', 'Google Tag Manager', 'LiveAgent', 'MailChimp', 'Microsoft Azure', 'Microsoft Azure Verified CDN', 'Monster', 'OneTrust Domain Verification', 'OptinMonster', 'PHP', 'Pardot', 'Salesforce', 'Salesforce Experience Cloud', 'Salesforce Hosted', 'Salesforce Live Agent', 'Sentry', 'Shopware', 'ThomasNet Web Traxs', 'Twitter Ads', 'Twitter CDN', 'UTF-8', 'Vimeo', 'Visual Studio', 'Wistia', 'YouTube', 'jQuery', 'jsDelivr', 'reCAPTCHA']"
stockclothing.eu,Agent Cargo - Wholesale Stock Clothing Distributor,,DEU,77,46247,2026-05-18T02:08:20.004913427Z,"['Alternate Protocol', 'Baidu Cloud', 'Cloudflare', 'ContentViews', 'Drift', 'EmbedPress', 'Federal Deposit Insurance Corporation', 'GDPR Consent Management Platform', 'GitHub Hosting', 'Google Analytics', 'Google Cloud DNS', 'Google Font API', 'Google My Business', 'Google Related Website Sites', 'Google Tag Manager', 'LiteSpeed', 'Media.net', 'Microdata for Google Shopping', 'MonsterInsights', 'Nginx', 'Onyx Internet', 'PHP', 'Perl', 'Theme In WP', 'UTF-8', 'WPForms', 'WordPress', 'WordPress Multisite', 'Yandex Hosting', 'eLand', 'jQuery']"
ubertaxi.kz,Explore the Uber Platform | Uber United States,,USA,72,329896,2026-05-17T23:32:19.97284545Z,"['Amazon', 'Amazon Associates Affiliate Shop', 'Amazon CloudFront', 'Amazon Route 53', 'Amazon S3 CDN', 'Amazon WAF Blocked', 'Appier', 'Barchart', 'Bing Cashback', 'ByteDance', 'Cisco/Arrowpoint Content Service Switch', 'CloudFront', 'Cloudflare', 'DAV', 'DC74', 'DoubleClick Bid Manager', 'Drift', 'Financial Services Guide', 'Formstack', 'GoGrid', 'Google', 'Google Analytics', 'Google Cloud DNS', 'Google Flights Conversion Tracking', 'Google Font API', 'Google Maps', 'Google My Business', 'Google Related Website Sites', 'Google Tag Manager', 'Hexo', 'InitiativeS', 'Instagram Follow Button', 'Investor Relations', 'K2F', 'LinkedIn Pixel', 'Marketo', 'Microsoft Clarity', 'Neighborhoods', 'No-Q', 'Ntent', 'QUIC', 'Qualtrics Site Intercept', 'RM Education', 'Reddit Conversion Tracking', 'Storyblocks', 'Subversion', 'Taboola Direct', 'Taboola Reseller', 'Tealium', 'Thank You', 'The Trade Desk Direct', 'Twitter Ads', 'Twitter Analytics', 'UTF-8', 'Yahoo Image CDN', 'Yahoo Web Analytics', 'YouTube', 'eLand']"
nepalayatrekking.com,"Nepalaya Trekking – Agence de trekking basée au Népal, avec guides francophones. Spécialiste des voyages sur mesure en Himalaya : Annapurna, Everest, Langtang, Manaslu et plus.",,NPL,70,30139,2026-05-17T22:58:06.69248277Z,"['Add to Any', 'Alternate Protocol', 'Drift', 'GZIP Module', 'Google Cloud DNS', 'Google Font API', 'Instagram Follow Button', 'Nginx', 'PHP', 'Tailwind CSS', 'UTF-8', 'W3 Total Cache', 'WordPress', 'WordPress Multisite']"
ecompati.co,Ecompati,,GBR,62,35370,2026-05-17T22:29:19.97504113Z,"['Cisco/Arrowpoint Content Service Switch', 'Drift', 'Google Cloud DNS', 'Google Font API', 'No-Q', 'QUIC', 'Tailwind CSS', 'UTF-8', 'University or College']"
mmg.bz,Madison Marketing Group,,,62,114542,2026-05-17T13:53:19.973546062Z,"['AWS WAF Challenge', 'Adobe Creative Cloud WebFonts', 'Amazon', 'Amazon CloudFront', 'Apture Linking Platform', 'Better Lead Generation Services', 'CloudFront', 'Cloudflare', 'Cloudflare CDN', 'Content Delivery Network', 'Drift', 'ElementUI', 'Express', 'Fastly', 'Google', 'Google Analytics', 'Google Cloud CDN', 'Google Cloud DNS', 'Google Font API', 'Google My Business', 'Google Partners Badge', 'Google Tag Manager', 'Hubspot Knowledge Base', 'Line2', 'QUIC', 'SMC', 'Twitter Ads', 'UTF-8', 'Wistia']"
jupitercoverage.com,Jupiter Coverage | Insurance Coverage,Jupiter Coverage Corp,,72,37846,2026-05-17T13:44:19.991232848Z,"['Alternate Protocol', 'Automattic', 'Bunny Fonts', 'Content Delivery Network', 'Drift', 'Elementor', 'EmbedPress', 'Jetpack', 'Jetpack Site Accelerator', 'Microdata for Google Shopping', 'Nginx', 'PHP', 'Prospective', 'QUIC', 'Theme In WP', 'Twenty Sixteen', 'UTF-8', 'WordPress', 'WordPress Multisite', 'WordPress Stats', 'jQuery']"
rehab-base.com,FunnelStudio | Build High-Converting Landing Pages with AI,FunnelStudio,,72,68352,2026-05-17T10:08:19.990279034Z,"['1Password', 'Amazon WAF Blocked', 'Amped', 'Apture Linking Platform', 'Auth0', 'Cloudflare', 'Cloudflare Web Analytics', 'Crisp', 'Drift', 'Express', 'Facebook Embedded Posts', 'Facebook Reseller', 'Framer Sites', 'GZIP Module', 'Google', 'Google Analytics', 'Google Cloud CDN', 'Google My Business', 'Google Recommendations AI', 'Google Tag Manager', 'Lazy Load for WordPress', 'LiveChat', 'LiveChat Monitoring', 'Microdata for Google Shopping', 'Nginx', 'Ntent', 'OneTrust Domain Verification', 'PageFly', 'QUIC', 'UK Cookie Consent', 'UTF-8', 'Ubuntu', 'Yandex Hosting', 'YouTube', 'Zeald', 'jsDelivr', 'reCAPTCHA']"
ecomconsultinginc.com,A Modern Technology Consulting Firm | ECOM Consulting Inc.,,USA,77,45040,2026-05-17T07:41:53.420377882Z,"['AWS WAF Challenge', 'CDN JS', 'Cloudflare', 'Cloudflare CDN', 'Drift', 'Google Analytics', 'Google Cloud DNS', 'Google Font API', 'Google Tag Manager', 'Nginx', 'QUIC', 'Tailwind CSS', 'UTF-8']"
skylock.io,Skylock – Drone defense strategies & consulting,,CAN,70,55467,2026-05-17T06:50:28.755996882Z,"['Alternate Protocol', 'Apture Linking Platform', 'Contento', 'Drift', 'EmbedPress', 'GZIP Module', 'Google Analytics', 'Google Analytics Dashboard for WordPress', 'Google Cloud DNS', 'Google Font API', 'Google My Business', 'Impreza', 'Investor Relations', 'Material Design Icons', 'Nginx', 'PHP', 'Theme In WP', 'UTF-8', 'Visual Composer Ultimate Addons', 'WP Super Cache', 'WPBakery', 'Woo Themes', 'WooCommerce Checkout', 'WordPress', 'WordPress Multisite', 'jQuery']"
bitklog.com,Bitklog - mobile apps development,,,47,30102,2026-05-17T05:44:19.96934506Z,"['Drift', 'Font Awesome', 'Google Analytics', 'Google Cloud DNS', 'Google Font API', 'Google Tag Manager', 'LiteSpeed', 'PWA', 'QUIC', 'UTF-8', 'University or College']"
njbl.org,National Junior Basketball,NJB National Headquarters,,70,37648,2026-05-17T04:44:16.33653374Z,"['34SP.com', 'AJAX Libraries API', 'Adobe Creative Cloud WebFonts', 'Alternate Protocol', 'Aruba', 'Drift', 'Express', 'Facebook Login', 'Facebook Messenger Platform', 'Facebook Reseller', 'FormSubmit', 'GZIP Module', 'Google', 'Google Analytics', 'Google Cloud DNS', 'Google Font API', 'Google Tag Manager', 'Instagram Follow Button', 'Line2', 'Microdata for Google Shopping', 'Newsletter for Wordpress', 'Pico CSS', 'QUIC', 'SportNgin', 'Squarespace', 'Storepoint', 'Twitter Ads', 'UTF-8', 'WordPress SEO Structured Data Schema Plugin', 'Yelp Badge', 'YouTube', 'eLand', 'jQuery']"
diablovalleypaving.com,Landing - DIABLO VALLEY PAVING,DIABLO VALLEY PAVING,USA,70,42545,2026-05-17T01:43:24.121372772Z,"['Alternate Protocol', 'Content Delivery Network', 'Divi', 'Drift', 'Elegant Themes', 'Elfsight', 'EmbedPress', 'Ethy', 'GZIP Module', 'Google', 'Google Analytics', 'Google Cloud CDN', 'Google Cloud DNS', 'Google Font API', 'Google My Business', 'Google Tag Manager', 'Instagram Follow Button', 'Microdata for Google Shopping', 'Nginx', 'PHP', 'QUIC', 'RM Education', 'Shortcodes Ultimate', 'Sitelinks Search Box', 'Typeform', 'UTF-8', 'Woo Themes', 'WordPress', 'WordPress Multisite', 'YouTube', 'jQuery']"
accbuilding.com.au,ACC Building - Home Upgrade - North Brisbane,,AUS,77,41600,2026-05-17T01:38:19.994448888Z,"['Apache', 'BLR', 'Drift', 'Elfsight', 'Facebook Conversion Tracking', 'Facebook Login', 'Facebook Messenger Platform', 'Facebook Pixel', 'Facebook Reseller', 'Facebook Tag API', 'Google Analytics', 'Google Cloud DNS', 'Google Font API', 'Google My Business', 'Google Tag Manager', 'Instagram Follow Button', 'Tailwind CSS', 'Tumblr', 'UTF-8', 'reCAPTCHA']"
amogus.com,Salesforce CRM Implementation By Amogus Is All That A Business Needs,,IND,77,195508,2026-05-17T01:17:19.985992303Z,"['AWS WAF Challenge', 'Angular', 'CDN JS', 'Cloudflare', 'Cloudflare CDN', 'Drift', 'Google Analytics', 'Google Cloud DNS', 'Google Font API', 'Google Tag Manager', 'IcoMoon', 'LiteSpeed', 'QUIC', 'Salesforce Hosted', 'Twitter Ads', 'jQuery']"
theexperienceaccelerator.com,Home - The Experience Accelerator,,,75,69382,2026-05-17T00:44:31.129661916Z,"['About Cookies', 'Add to Any', 'Alternate Protocol', 'Amazon WAF Blocked', 'Aruba', 'Borlabs Cookie', 'CDN JS', 'Calendly', 'Cloudflare', 'Cloudflare CDN', 'Contact Form Plugin', 'Content Delivery Network', 'Content ad', 'Drift', 'EmbedPress', 'Flatsome', 'GoDaddy', 'Google Cloud DNS', 'Google Font API', 'Google My Business', 'Google Related Website Sites', 'HubSpot WordPress Plugin', 'Hubspot', 'IcoMoon', 'Instagram Follow Button', 'Microdata for Google Shopping', 'PHP', 'Pagekit', 'Popup Maker for Wordpress', 'Smush Image Optimization', 'Storyblocks', 'Sucuri Cloudproxy', 'Tailwind CSS', 'Theme In WP', 'Twitter Ads', 'UTF-8', 'Vimeo', 'Vimeo CDN', 'Wangsu', 'Website Tonight', 'Woo Themes', 'WooCommerce', 'WooCommerce Checkout', 'WordPress', 'WordPress Multisite', 'eLand', 'jQuery', 'reCAPTCHA']"
nidhifoundationindia.org,Child Health Care NGO in Noida | Support Child Health Care,,IND,77,56110,2026-05-17T00:11:19.977693671Z,"['Alternate Protocol', 'Automattic', 'Coming Soon Page', 'Contact Form Plugin', 'Contento', 'Custom Twitter Feeds', 'Ditty News Ticker', 'Drift', 'Easy Twitter Feed Widget Plugin', 'EmbedPress', 'Express', 'Font Awesome', 'Google Analytics', 'Google Cloud DNS', 'Google Font API', 'Google Tag Manager', 'Instagram Follow Button', 'Jetpack', 'Jupiter', 'Microdata for Google Shopping', 'PHP', 'Perl', 'Pleroma', 'QUIC', 'Team Members', 'Theme In WP', 'Twitter Ads', 'UTF-8', 'WPBakery', 'WordPress', 'WordPress Multisite', 'WordPress Stats', 'YouTube', 'jQuery']"
cortellislabs.com,Cortellis Labs - Cortellis Labs,,,70,116133,2026-05-17T00:09:04.788206198Z,"['Alternate Protocol', 'CDN JS', 'Cleverbridge Affiliate', 'Cloudflare', 'Cloudflare CDN', 'Content Delivery Network', 'DoubleClick Bid Manager', 'Drift', 'Eloqua', 'EmbedPress', 'Facebook Reseller', 'Fastly', 'GZIP Module', 'GatedContent.com', 'Google', 'Google Analytics', 'Google Cloud DNS', 'Google Font API', 'Google My Business', 'Google Tag Manager', 'Microdata for Google Shopping', 'New Relic', 'Nginx', 'Ntent', 'OneTrust Domain Verification', 'Oribi Analytics', 'PHP', 'PWA', 'Pantheon', 'Pico CSS', 'Quantcast Direct', 'Subversion', 'Tailwind CSS', 'Theme In WP', 'Twitter Ads', 'Twitter Analytics', 'UTF-8', 'UpSellit', 'Visual Website Optimizer', 'WordPress', 'WordPress Multisite', 'YouTube', 'jQuery', 'reCAPTCHA']"
transportsoft.eu,TransportSoft,,BGR,60,30318,2026-05-16T23:14:19.987444062Z,"['Animate It', 'Bulma', 'Drift', 'Express', 'Font Awesome', 'FreeCSSTemplates', 'Google Cloud DNS', 'Google Font API', 'Google My Business', 'Heroku', 'IcoMoon', 'Tailwind CSS', 'UTF-8', 'reCAPTCHA']"
melondxb.com,"Marketing, Advertising, Branding, Digital Marketing, Retail Fit-out",,,62,31858,2026-05-16T21:52:18.856501027Z,"['Alternate Protocol', 'Apache', 'CDN JS', 'Cloudflare', 'Cloudflare CDN', 'Drift', 'Express', 'Facebook Conversion Tracking', 'Facebook Login', 'Facebook Messenger Platform', 'Facebook Pixel', 'Facebook Reseller', 'Facebook Tag API', 'Google Analytics', 'Google Cloud DNS', 'Google Font API', 'Google My Business', 'Google Tag Manager', 'IcoMoon', 'Tailwind CSS', 'Zoho SalesIQ', 'jQuery', 'reCAPTCHA']"
petenginemarketing.com,Pet Engine Marketing – Marketing for Pet Businesses,,,72,155792,2026-05-16T21:14:19.993695162Z,"['AWS WAF Challenge', 'Active Campaign', 'Adobe Creative Cloud WebFonts', 'Alibaba Cloud CDN', 'Aruba', 'ArvanCloud', 'Contento', 'Drift', 'Express', 'Font Awesome', 'Free Call', 'GZIP Module', 'Google', 'Google Analytics', 'Google Cloud DNS', 'Google Font API', 'Google Tag Manager', 'Instagram Follow Button', 'Line2', 'Magento Enterprise', 'Microdata for Google Shopping', 'Microsoft Clarity', 'PHP', 'QUIC', 'SiteW', 'Squarespace', 'UTF-8', 'Vector Internet Services', 'WordPress SEO Structured Data Schema Plugin', 'eLand', 'jsDelivr']"
everybodyfights.com,"Everybody Fights – Best Boston Gym | Running, Yoga, Cycle, Sauna",,USA,60,34497,2026-05-16T19:05:19.999588038Z,"['AWS WAF Challenge', 'Alternate Protocol', 'App Store', 'CDN JS', 'Cloudflare', 'Cloudflare CDN', 'Coming Soon Page', 'Contact Form Plugin', 'Drift', 'EmbedPress', 'Facebook Conversion Tracking', 'Facebook Login', 'Facebook Messenger Platform', 'Facebook Pixel', 'Facebook Reseller', 'Facebook Tag API', 'FormSubmit', 'Google', 'Google Analytics', 'Google Cloud DNS', 'Google Font API', 'Google My Business', 'Google Play', 'Google Tag Manager', 'IcoMoon', 'Instagram API', 'Instagram Follow Button', 'Intercom', 'LiveChat Monitoring', 'Nginx', 'PHP', 'Site Kit', 'Smart App Banner', 'Theme In WP', 'UTF-8', 'UserWay', 'WonderPush', 'WordPress', 'WordPress Multisite', 'YouTube', 'Zingfit', 'jQuery', 'reCAPTCHA']"
casesrealty.com,Home,,USA,67,30958,2026-05-16T18:29:19.96948856Z,"['Apache', 'Drift', 'Harbor', 'IcoMoon', 'Instagram Follow Button', 'PHP', 'QUIC', 'UTF-8', 'UserWay', 'YouTube']"
codeawesome.com,CodeAwesome,,,45,30102,2026-05-16T15:59:19.980842824Z,"['AJAX Libraries API', 'Apache', 'CDN JS', 'Cloudflare', 'Cloudflare CDN', 'Drift', 'Font Awesome', 'GZIP Module', 'Google Cloud DNS', 'Google Font API', 'jQuery', 'jsDelivr']"
rwandacars.com,Car Rental - Rwanda Cars,,RWA,77,56520,2026-05-16T13:20:19.979023594Z,"['AWS WAF Challenge', 'Add to Any', 'Advanced Popups', 'Alternate Protocol', 'Animate It', 'Apache', 'Automattic', 'Cloudflare', 'Cloudflare CDN', 'Drift', 'Elementor', 'EmbedPress', 'Fontello', 'GZIP Module', 'Google', 'Google Analytics', 'Google Cloud DNS', 'Google Font API', 'Google My Business', 'Google No Site Links Search', 'Google Related Website Sites', 'Google Tag Manager', 'IcoMoon', 'Instagram Feed for WordPress', 'Instagram Follow Button', 'Jetpack', 'MailChimp for WordPress', 'Microdata for Google Shopping', 'NFOrce Internet', 'PHP', 'Popup Maker for Wordpress', 'QUIC', 'Site Kit', 'Slider Revolution', 'TI WooCommerce Wishlist', 'Theme In WP', 'UTF-8', 'Vector Internet Services', 'Woo Themes', 'WooCommerce', 'WooCommerce Checkout', 'WordPress', 'WordPress Multisite', 'WordPress Stats', 'eLand', 'jQuery']"
hidrogeno.com.py,Hidrogeno.com.py,,,52,76460,2026-05-16T11:26:19.97147025Z,"['AWS WAF Challenge', 'Cedexis', 'Cloudflare', 'Cloudflare CDN', 'DemDex', 'Disqus Comment System for WordPress', 'Drift', 'Facebook CDN', 'GitHub Hosting', 'Google', 'Google Maps', 'Google My Business', 'Google Workspace', 'Instagram Follow Button', 'Nginx', 'PHP', 'PWA', 'Pico CSS', 'ProfitWell', 'QUIC', 'Tailwind CSS', 'Twitter Ads', 'UTF-8', 'Vector Internet Services', 'Vimeo', 'reCAPTCHA']"
floodgatechurch.com,"Floodgate Church - Charismatic Church in Hartland, MI",,,67,34668,2026-05-16T11:16:03.105019957Z,"['Amazon', 'Amazon CloudFront', 'Apple Auto Link Maker', 'Church Center', 'CloudFront', 'Cloudflare', 'Content Delivery Network', 'Drift', 'GZIP Module', 'Google My Business', 'Google Play', 'IcoMoon', 'Instagram Follow Button', 'QUIC', 'Tailwind CSS', 'To Top', 'UTF-8', 'WF Cookie Consent', 'YouTube', 'jsDelivr']"
goubiq.com,Ubiq,,,57,31909,2026-05-16T11:00:52.039785802Z,"['All in One SEO Pack', 'Alternate Protocol', 'Cisco/Arrowpoint Content Service Switch', 'Drift', 'Font Awesome', 'GZIP Module', 'Google', 'Google Analytics', 'Google Cloud DNS', 'Google Font API', 'LinkedIn Insights', 'LinkedIn Pixel', 'Nginx', 'PHP', 'Theme In WP', 'Twenty Seventeen', 'Twitter Ads', 'UTF-8', 'Ubuntu', 'Whois Visiting', 'WordPress', 'WordPress Multisite', 'jQuery']"
rostrio.com,Rostrio - Online Passport Photos,,,62,46240,2026-05-16T11:00:52.03122387Z,"['Apture Linking Platform', 'Aruba', 'DAV', 'Drift', 'Express', 'Fireblade', 'GZIP Module', 'Hotjar', 'Next.js', 'Nginx', 'Perl', 'Pleroma', 'QUIC', 'Thank You', 'UTF-8', 'Ubuntu', 'eLand']"
dolphinconsulting.org,Dolphin Consulting • Consulting and Technology,Dolphin Consulting,USA,77,46312,2026-05-16T08:13:30.102619934Z,"['AWS WAF Challenge', 'Alternate Protocol', 'Apache', 'Automattic', 'Bulma', 'ContentViews', 'DAV', 'Drift', 'EmbedPress', 'Enable jQuery Migrate Helper', 'GZIP Module', 'Google Cloud DNS', 'Google Font API', 'IcoMoon', 'Instagram Follow Button', 'Jetpack', 'Jetpack Site Accelerator', 'Microdata for Google Shopping', 'PHP', 'Schema Plugin', 'Sitelinks Search Box', 'The Post Grid', 'Theme In WP', 'Twitter Ads', 'UTF-8', 'Woo Themes', 'WordPress', 'WordPress Multisite', 'WordPress Stats', 'YouTube', 'jQuery']"
grecloud.com,GRE Cloud - Best Vocabulary App with Mnemonics,,,67,38846,2026-05-16T05:24:54.260647377Z,"['Coming Soon Page', 'Drift', 'Font Awesome', 'Google Analytics', 'Google Cloud DNS', 'Google Font API', 'Google My Business', 'Google Play', 'Google Tag Manager', 'IcoMoon', 'Prospective', 'Tailwind CSS', 'UTF-8', 'jQuery', 'reCAPTCHA']"
bergmancommercial.com,NAI Bergman – Cincinnati Commercial Real Estate Services,,USA,70,218617,2026-05-16T04:14:40.638693091Z,"['AWS WAF Challenge', 'Alternate Protocol', 'Amazon WAF Blocked', 'Automattic', 'Contact Form Plugin', 'Content Delivery Network', 'DAV', 'Drift', 'EmbedPress', 'FreeBSD', 'Google', 'Google Analytics', 'Google Cloud CDN', 'Google Tag Manager', 'Gravity', 'Gravity Forms', 'IcoMoon', 'Inspectlet', 'Instagram Follow Button', 'Jetpack', 'Jetpack Site Accelerator', 'KeyCDN', 'LayerSlider Responsive', 'Nginx', 'PHP', 'Pico CSS', 'Python', 'QUIC', 'Salesforce Hosted', 'ShareThis', 'Shopware', 'The Events Calendar', 'Theme In WP', 'ThemeFusion', 'Twitter Ads', 'UTF-8', 'University or College', 'Vector Internet Services', 'WP Engine', 'WP jQuery Lightbox', 'Woo Themes', 'WordPress', 'WordPress Multisite', 'WordPress Related Posts', 'WordPress Stats', 'Yandex Hosting', 'YouTube', 'bbPress', 'jQuery', 'symfony PHP Framework']"
eduforscuola.com,EduForScuola,,,60,30078,2026-05-16T02:48:03.701259187Z,"['Alternate Protocol', 'Aruba', 'Azion', 'Content Delivery Network', 'Drift', 'Elementor', 'EmbedPress', 'GZIP Module', 'Google', 'Google Cloud CDN', 'Google Cloud DNS', 'Google Font API', 'Instagram Follow Button', 'Microdata for Google Shopping', 'Schema Plugin', 'Table Addons for Elementor', 'Twitter Ads', 'UTF-8', 'Vello', 'WordPress', 'WordPress Multisite', 'jQuery']"
cookee.io,Cookee App Development Company in Perinthalmanna | Mobile App Development Company India,,IND,77,33120,2026-05-16T01:50:19.989256162Z,"['Apache', 'App Store', 'Better Lead Generation Services', 'Bulma', 'CDN JS', 'Cloudflare', 'Cloudflare CDN', 'Drift', 'ElementUI', 'GZIP Module', 'Google Analytics', 'Google My Business', 'Google Play', 'Google Related Website Sites', 'Google Tag Manager', 'Instagram Follow Button', 'QUIC', 'StackPath', 'Tailwind CSS', 'Twitter Ads', 'UTF-8', 'jsDelivr']"
alpha-group.site,Alpha Group LTD,,,50,75416,2026-05-16T00:41:19.979123687Z,"['AWS WAF Challenge', 'Cedexis', 'Cloudflare', 'Cloudflare CDN', 'Coming Soon Page', 'Contact Form 7', 'DemDex', 'Disqus Comment System for WordPress', 'Drift', 'Facebook CDN', 'GZIP Module', 'GitHub Hosting', 'Google', 'Google My Business', 'Google Workspace', 'IcoMoon', 'Instagram Follow Button', 'Nginx', 'PHP', 'ProfitWell', 'Tailwind CSS', 'Twitter Ads', 'UTF-8', 'Vimeo', 'Woo Themes', 'YouTube', 'jQuery', 'reCAPTCHA']"
gcadcsn.in,"Government College Of Art and Design, Aurangabad, Maharashtra, India.",,IND,65,159348,2026-05-15T23:47:10.891581039Z,"['AWS WAF Challenge', 'Apache', 'AutoComplete', 'Cedexis', 'Cloudflare', 'Cloudflare CDN', 'DemDex', 'Disqus Comment System for WordPress', 'Drift', 'Facebook CDN', 'GZIP Module', 'GitHub Hosting', 'Google', 'Google Cloud DNS', 'Google Font API', 'Google My Business', 'Google Workspace', 'Instagram Follow Button', 'ProfitWell', 'Tailwind CSS', 'Twitter Ads', 'University or College', 'Vimeo', 'reCAPTCHA']"
crossroadsmasoncounty.info,"Welcome to CrossRoads Church of Mason County, Michigan",,,62,31068,2026-05-15T23:07:27.615532162Z,"['Amazon CloudFront', 'Amazon S3 CDN', 'CloudFront', 'Drift', 'GZIP Module', 'Google Maps', 'Google My Business', 'IcoMoon', 'Instagram Follow Button', 'Nginx', 'Storyblocks', 'UTF-8', 'Vimeo', 'YouTube']"
evolvemanufacturing.com,Home - Evolve Manufacturing,,USA,77,30346,2026-05-15T17:54:08.840598473Z,"['Alternate Protocol', 'Apache', 'Autoptimize', 'Better Lead Generation Services', 'Divi', 'Drift', 'Elegant Themes', 'EmbedPress', 'GZIP Module', 'Google Analytics', 'Google Cloud DNS', 'Google Font API', 'Google Tag Manager', 'Instagram Follow Button', 'Microdata for Google Shopping', 'UTF-8', 'WP Fastest Cache', 'Woo Themes', 'WordPress', 'WordPress Multisite']"
thebrandinkco.com,the Ink Collab – theinkcollab,,,57,47304,2026-05-15T17:50:19.989186666Z,"['Apture Linking Platform', 'Cloudflare', 'Cloudflare CDN', 'DC74', 'Drift', 'Express', 'Fastly', 'IcoMoon', 'Instagram Follow Button', 'Microdata for Google Shopping', 'SMC', 'Schema Plugin', 'Shopify', 'Shopify Collabs', 'UTF-8', 'hCaptcha', 'jQuery', 'jsDelivr', 'reCAPTCHA']"
homeleaf.in,HomeLeaf– Affordable PG in Kukas Jaipur | Hotel & Rooms in Kukas,,IND,77,33348,2026-05-15T16:35:19.992961825Z,"['Alternate Protocol', 'CDN JS', 'Cloudflare', 'Cloudflare CDN', 'Content Delivery Network', 'Drift', 'Google My Business', 'Google Related Website Sites', 'MaxCDN', 'Neighborhoods', 'Netlify', 'UTF-8', 'University or College', 'jQuery']"
gtamortgagebrokers.com,"Steve Bourne, Advent Mortgage Services – Etobicoke",,CAN,72,34228,2026-05-15T16:26:19.993461808Z,"['Apache', 'CDN JS', 'Cloudflare', 'Cloudflare CDN', 'Drift', 'GZIP Module', 'Google Analytics', 'Google Cloud DNS', 'Google Font API', 'Google My Business', 'Google Tag Manager', 'PHP', 'QUIC', 'ReviewsOnMyWebsite', 'Twitter Ads', 'UTF-8', 'reCAPTCHA']"
diydecksolutions.com,Modular Deck Kits | DIY Deck Solutions,,,72,55501,2026-05-15T16:23:19.971076343Z,"['Alternate Protocol', 'CallRail', 'Cloudflare', 'Cloudflare CDN', 'Content Delivery Network', 'Drift', 'DuracellTomi Google Tag Manager for WordPress', 'Elementor', 'EmbedPress', 'Google', 'Google Cloud CDN', 'Google Cloud DNS', 'Google Font API', 'Google Related Website Sites', 'Hello Elementor', 'HubSpot Conversations', 'HubSpot WordPress Plugin', 'Hubspot', 'Jetpack', 'Microdata for Google Shopping', 'UTF-8', 'Wistia', 'Woo Themes', 'WooCommerce', 'WooCommerce Checkout', 'WooCommerce Payments', 'WordPress', 'WordPress Multisite', 'WordPress Stats', 'jQuery']"
b360student.com,B360,,IND,60,30063,2026-05-15T10:36:01.113770717Z,"['Apache', 'CDN JS', 'Cloudflare', 'Cloudflare CDN', 'Drift', 'GZIP Module', 'Google', 'Google Cloud DNS', 'Google Font API', 'Google My Business', 'Tailwind CSS', 'Thank You', 'YouTube', 'htmlcodex.com', 'jsDelivr']"
bowoodpark.com,Bowood Park Hotel & Golf Club | Affordable Cornwall Golf Breaks | Bowood Park Hotel & Golf Club,,,62,52960,2026-05-15T10:08:19.969155729Z,"['AWS WAF Challenge', 'Adobe Creative Cloud WebFonts', 'Drift', 'GZIP Module', 'Google Analytics', 'Google Tag Manager', 'Nginx', 'RM Education', 'Twitter Ads', 'UTF-8', 'YouTube']"
adherence.in,Adherence,,IND,67,30040,2026-05-15T07:41:20.00489519Z,"['Apache', 'Drift', 'GZIP Module', 'Google Cloud DNS', 'Google Font API', 'Google My Business', 'PHP', 'QUIC', 'Tailwind CSS', 'Twitter Ads', 'UTF-8', 'jQuery']"
alwayselegantbridalchico.com,"Always Elegant Bridal | Chico, CA Bridal Boutique",,CUB,82,32748,2026-05-15T06:50:19.978357594Z,"['Adobe Creative Cloud WebFonts', 'Amazon CloudFront', 'CloudFront', 'Drift', 'GZIP Module', 'Google Analytics', 'Google My Business', 'Google Related Website Sites', 'Google Tag Manager', 'IcoMoon', 'Instagram Follow Button', 'Nginx', 'UTF-8', 'reCAPTCHA']"
orthodonticscourse.in,HOME || School Of Rational Orthodontic,,IND,72,44440,2026-05-15T06:38:20.002718444Z,"['Apache', 'Bulma', 'CDN JS', 'Cloudflare', 'Cloudflare CDN', 'DAV', 'Drift', 'GZIP Module', 'Google', 'Google Cloud DNS', 'Google Font API', 'Google My Business', 'Instagram Follow Button', 'QUIC', 'RE Digital', 'Tailwind CSS', 'Vector Internet Services', 'WhatsApp Sharing', 'jsDelivr']"
whatscrm.co,WhatsCRM | Home,,NGA,72,32997,2026-05-15T05:38:26.12610924Z,"['Amazon', 'Amazon CloudFront', 'Amazon Route 53', 'Amazon S3 CDN', 'CloudFront', 'Coming Soon Page', 'Content Delivery Network', 'Drift', 'Express', 'Google Analytics', 'Google Cloud DNS', 'Google Font API', 'Google My Business', 'Google Tag Manager', 'IcoMoon', 'Tailwind CSS', 'Twitter Ads', 'jQuery']"
316roofingtx.com,Keller TX Roofer — 4.9★ • A+ BBB • Free Estimate | 3:16,,USA,77,268071,2026-05-15T02:05:19.989202715Z,"['AWS WAF Challenge', 'Alternate Protocol', 'Amazon WAF Blocked', 'Apture Linking Platform', 'Aruba', 'Bing Cashback', 'Bing Conversion Tracking', 'BunnyCDN', 'BunnyCDN General', 'Call to Visit', 'Content Delivery Network', 'Contento', 'CoolText', 'DAV', 'DC74', 'Dockvine', 'Drift', 'Express', 'Fastly', 'Fastly CDN', 'Fireblade', 'FormSubmit', 'GZIP Module', 'Google Analytics', 'Google Customer Reviews', 'Google Maps', 'Google My Business', 'Google Related Website Sites', 'Google Tag Manager', 'HubSpot Conversations', 'Hubspot', 'InitiativeS', 'Instagram Follow Button', 'Intercom', 'K2F', 'KVH', 'Line2', 'Microdata for Google Shopping', 'Microsoft Azure', 'NFOrce Internet', 'No-Q', 'On The Map', 'POWr', 'PWA', 'Perl', 'Pico CSS', 'QUIC', 'SMC', 'Sentry', 'SiteW', 'Subversion', 'Tawk', 'Twitter Ads', 'UTF-8', 'Vector Internet Services', 'Vine Embed', 'VocalReferences', 'WP Booking Calendar', 'WhatsApp Sharing', 'Wix', 'Wix Media', 'Yandex Hosting', 'Yelp Badge', 'YouTube', 'eLand', 'mlcom']"
springboardpr.com,"Springboard | Public Relations, Marketing, Social Media and Design",,,67,31005,2026-05-15T01:42:03.800003462Z,"['Alternate Protocol', 'Apache', 'Apture Linking Platform', 'Drift', 'Easy Social Icons for WordPress', 'EmbedPress', 'GZIP Module', 'Google Cloud DNS', 'Google Font API', 'IcoMoon', 'InitiativeS', 'Instagram Feed for WordPress', 'Instagram Follow Button', 'Line2', 'Microdata for Google Shopping', 'Nectar Slide Plugin', 'PHP', 'Post Grid', 'QUIC', 'Salient', 'Theme In WP', 'Twitter Ads', 'UTF-8', 'WPBakery', 'WordPress', 'WordPress Multisite', 'jQuery']"
lowcostwebsites.online,Home Page - Low Cost Websites,,,72,30938,2026-05-15T01:19:29.449211226Z,"['Ajax Search Lite', 'Alternate Protocol', 'Bulma', 'Collapse-O-Matic', 'Contact Form 7', 'Contact Form Plugin', 'Content Delivery Network', 'Drift', 'EmbedPress', 'Google Analytics', 'Google Cloud DNS', 'Google Font API', 'Google Related Website Sites', 'Google Tag Manager', 'Instagram Follow Button', 'LiteSpeed', 'PHP', 'QUIC', 'Sassy Social Share', 'Sitelinks Search Box', 'Tailwind CSS', 'Theme In WP', 'Twitter Ads', 'UTF-8', 'WP Show Posts', 'WPBakery', 'WordPress', 'WordPress Multisite', 'jQuery']"
stevenmdev.com,Home - StevenMDev,,USA,72,42085,2026-05-15T00:51:17.657122016Z,"['Alternate Protocol', 'Apache', 'Apture Linking Platform', 'Drift', 'Elementor', 'EmbedPress', 'Express', 'FormSubmit', 'GZIP Module', 'Gambling Content', 'Google', 'Google Analytics', 'Google Cloud CDN', 'Google Cloud DNS', 'Google Font API', 'Google My Business', 'Google Tag Manager', 'Instagram Follow Button', 'Lazy Load for WordPress', 'Metform Elemento', 'Microdata for Google Shopping', 'Microsoft Clarity', 'MonsterInsights', 'NFOrce Internet', 'Netlify', 'PHP', 'Shopify', 'Table Addons for Elementor', 'Theme In WP', 'UTF-8', 'Vector Internet Services', 'WP Rocket', 'WordPress', 'WordPress Multisite', 'jQuery', 'reCAPTCHA']"
trespasserproductions.com,Trespasser Productions,Trespasser Productions,USA,72,31453,2026-05-14T22:23:19.995109186Z,"['Adobe Creative Cloud WebFonts', 'Alternate Protocol', 'Aruba', 'DAV', 'Drift', 'Express', 'GZIP Module', 'Google Analytics', 'Google My Business', 'Google Tag Manager', 'Line2', 'Microdata for Google Shopping', 'QUIC', 'Squarespace', 'UTF-8', 'Vimeo', 'WordPress SEO Structured Data Schema Plugin', 'eLand']"
usaclassiccustoms.com,USA Classic Customs – Restoration of custom cars and trucks in Phoenix,,USA,80,38054,2026-05-14T22:10:33.91173818Z,"['Alternate Protocol', 'Astra Theme', 'Contact Form Plugin', 'Content Delivery Network', 'Drift', 'Elementor', 'EmbedPress', 'Essential Addons for Elementor', 'Fastly', 'GZIP Module', 'Google', 'Google Analytics', 'Google Cloud DNS', 'Google Font API', 'Google My Business', 'Instagram Follow Button', 'JetElements', 'NFOrce Internet', 'PHP', 'Theme In WP', 'UTF-8', 'Woo Themes', 'WordPress', 'WordPress Multisite', 'WordPress Related Posts', 'jQuery', 'reCAPTCHA']"
codecrunch.co,"Web & Mobile Application Development Company INDIA, USA and Netherlands- CodeCrunch Your tech partner.",CodeCrunch Techlabs Pvt. Ltd.,,72,30986,2026-05-14T21:11:19.997313241Z,"['Alternate Protocol', 'CDN JS', 'Cloudflare', 'Cloudflare CDN', 'Drift', 'Google Analytics', 'Google My Business', 'Google Tag Manager', 'IcoMoon', 'Instagram Follow Button', 'LiteSpeed', 'Microdata for Google Shopping', 'No-Q', 'PHP', 'QUIC', 'Schema Plugin', 'Slider Revolution', 'Twitter Ads', 'UTF-8', 'WordPress SEO Structured Data Schema Plugin', 'jQuery']"
northerngritting.co.uk,Gritting & Snow Clearance Service in Northern England,,,77,34359,2026-05-14T19:34:45.244421582Z,"['Apache', 'BunnyCDN', 'BunnyCDN General', 'Coming Soon Page', 'Drift', 'GZIP Module', 'Google Analytics', 'Google Related Website Sites', 'Google Tag Manager', 'PHP', 'PWA', 'Tailwind CSS', 'UTF-8', 'jQuery']"
accto.net,Who We Are? ACCTO Drafting and BIM Services,"ACCTO Drafting and BIM Services, Inc.",PHL,72,30420,2026-05-14T18:59:20.004399188Z,"['CDN JS', 'Cloudflare', 'Cloudflare CDN', 'Drift', 'LiteSpeed', 'Microdata for Google Shopping', 'PHP', 'PWA', 'QUIC', 'Secure Privacy', 'UTF-8', 'jQuery', 'jsDelivr']"
crosscollab.co,CrossCollab by @aellagirl | Grow your OnlyFans income with SFS,,,67,55527,2026-05-14T18:32:20.00602553Z,"['Adult Content', 'Amazon', 'Amazon CloudFront', 'Amplitude', 'Baidu Cloud', 'CDN JS', 'CloudFront', 'Cloudflare', 'Cloudflare CDN', 'Drift', 'Font Awesome', 'GZIP Module', 'Google', 'Google Analytics', 'Google Cloud DNS', 'Google Font API', 'Google Tag Manager', 'Hotjar', 'Nginx', 'OnlyFans', 'Poptin', 'RM Education', 'Tailwind CSS', 'Testimonial', 'Twitter Ads', 'Typeform', 'UTF-8', 'Vimeo', 'Yandex Hosting']"
silopostedit.com,SILO POST - Remote Video Editing No Matter Where You Are,,USA,77,108989,2026-05-14T18:26:20.00011592Z,"['Apture Linking Platform', 'Aruba', 'Drift', 'Express', 'Facebook Login', 'Facebook Messenger Platform', 'Facebook Pixel', 'Facebook Reseller', 'Facebook Tag API', 'FormSubmit', 'GZIP Module', 'Google', 'Google Analytics', 'Google Cloud DNS', 'Google Font API', 'Google Tag Manager', 'Line2', 'Magento Enterprise', 'MailChimp', 'Microdata for Google Shopping', 'QUIC', 'SiteW', 'Squarespace', 'UTF-8', 'University or College', 'Vimeo', 'WordPress SEO Structured Data Schema Plugin', 'YouTube', 'eLand']"
blackcoders.in,Website Development & Digital Marketing Services - BlackCoders,Black Coders,IND,77,32089,2026-05-14T17:59:19.9847273Z,"['DAV', 'Drift', 'Font Awesome', 'GetButton.io', 'Google Analytics', 'Google Cloud DNS', 'Google Font API', 'Google My Business', 'Google Related Website Sites', 'Google Tag Manager', 'Instagram Follow Button', 'LiteSpeed', 'Microdata for Google Shopping', 'PHP', 'QUIC', 'Tailwind CSS', 'UTF-8', 'jQuery', 'reCAPTCHA']"
prospabilling.com,"Best Billing Outsourcing Company, Dental Billing Solutions",Prospa Billing,USA,82,50577,2026-05-14T16:23:19.975784583Z,"['AWS WAF Challenge', 'Agoda', 'Alternate Protocol', 'Calendly', 'Content Delivery Network', 'Divi', 'Drift', 'Elegant Themes', 'EmbedPress', 'Font Awesome', 'Google', 'Google Analytics', 'Google Cloud CDN', 'Google Cloud DNS', 'Google Font API', 'Google Related Website Sites', 'Google Tag Manager', 'Line2', 'LiteSpeed', 'Microdata for Google Shopping', 'Ntent', 'PHP', 'QUIC', 'QUIC.cloud', 'Thank You', 'TrustIndex', 'UTF-8', 'Vimeo', 'Vimeo CDN', 'Woo Themes', 'WordPress', 'WordPress Multisite', 'eLand']"
silkyagarwal.com,Silky Agarwal | Home,,IND,72,35527,2026-05-14T12:33:54.557813513Z,"['AJAX Libraries API', 'ArtiBot', 'AutoComplete', 'CDN JS', 'Cloudflare', 'Cloudflare CDN', 'Drift', 'Fastly', 'Font Awesome', 'GZIP Module', 'Google Analytics', 'Google Cloud DNS', 'Google Tag Manager', 'Nginx', 'Smart App Banner', 'StackPath', 'UTF-8', 'jQuery', 'jsDelivr']"
cigcabot.com,Insurance Agency in Cabot AR | Cabot Insurance Group,Cabot Insurance Group,USA,77,64617,2026-05-14T10:35:19.975250331Z,"['Adobe Creative Cloud WebFonts', 'Alternate Protocol', 'Better Lead Generation Services', 'Calendly', 'Cloudflare', 'Content Delivery Network', 'DAV', 'Divi', 'Drift', 'Elegant Themes', 'EmbedPress', 'Facebook Login', 'Facebook Messenger Platform', 'Facebook Reseller', 'Fireblade', 'Font Awesome', 'GoDaddy', 'Google', 'Google Analytics', 'Google Cloud CDN', 'Google Cloud DNS', 'Google Font API', 'Google Related Website Sites', 'Google Tag Manager', 'Instagram Follow Button', 'Microdata for Google Shopping', 'PHP', 'Theme In WP', 'UTF-8', 'Wangsu', 'Woo Themes', 'WordPress', 'WordPress Multisite', 'jQuery']"
procedureflow.com,Procedureflow,Procedureflow,CAN,87,197490,2026-05-14T10:02:09.198914047Z,"['501c3 Status Nonprofit', 'Amazon', 'Amazon CloudFront', 'Amazon Route 53', 'Amazon S3 CDN', 'Barchart', 'CDN JS', 'CloudFront', 'Cloudflare', 'Cloudflare CDN', 'Content Delivery Network', 'Drift', 'GZIP Module', 'Google Analytics', 'Google Cloud DNS', 'Google Font API', 'Google Tag Manager', 'Microdata for Google Shopping', 'PWA', 'QUIC', 'Salesforce Hosted', 'Tailwind CSS', 'UTF-8', 'Visual Website Optimizer', 'YouTube']"
fortay.co,Fortay | All-In-One Employee Experience Platform,Fortay,,72,36179,2026-05-14T09:14:01.735485498Z,"['AJAX Libraries API', 'CDN JS', 'Cloudflare', 'Cloudflare CDN', 'Drift', 'Facebook Conversion Tracking', 'Facebook Login', 'Facebook Messenger Platform', 'Facebook Pixel', 'Facebook Reseller', 'Facebook Tag API', 'Font Awesome', 'GZIP Module', 'Google Analytics', 'Google Cloud DNS', 'Google Font API', 'Google Tag Manager', 'Hotjar', 'Medium', 'Microdata for Google Shopping', 'Nginx', 'PHP', 'Tailwind CSS', 'Twitter Ads', 'UTF-8', 'University or College', 'Vector Internet Services', 'Yahoo Finance Widget', 'YouTube', 'jQuery', 'jsDelivr']"
